geometry,time_bin_id,day_mid,elapsed_day,trajectory_quadrature_weight_s,integration_interval_from_previous_s,altitude_km,prompt_occupancy_cps,delayed_occupancy_cps,accidental_live_factor,T_atm_511_vertical,T_atm_511_slant45,prompt_final_cps_noacc,delayed_final_cps_noacc,background_final_cps_noacc,background_mc_counting_sigma_cps,signal_final_cps_noacc_at_reference_flux,prompt_componentwise_upper95_proxy_cps_noacc,delayed_conditional_mixture_upper95_proxy_cps_noacc,background_componentwise_upper95_proxy_cps_noacc,signal_lower95_cps_noacc_at_reference_flux,cumulative_source_counts,cumulative_background_counts,cumulative_source_lower95_counts,cumulative_background_upper95_proxy_counts,counting_Z,counting_Z_conditional_endpoint_proxy,prompt_p_cps,delayed_p_cps,prompt_n_cps,delayed_n_cps,prompt_alpha_cps,delayed_alpha_cps,prompt_gamma_cps,delayed_gamma_cps,prompt_eminus_cps,delayed_eminus_cps,prompt_eplus_cps,delayed_eplus_cps,prompt_muminus_cps,delayed_muminus_cps,prompt_muplus_cps,delayed_muplus_cps
Mass_model_511,0,0.0,0.0,10800.0,0.0,38.75,6578.551410438431,0.0,0.9934430398864613,0.7390423888027,0.6520342542373311,0.11762631198560303,0.0,0.11762631198560303,0.04468462031043645,0.000985664533308472,0.7616084850771723,0.0,0.7616084850771723,0.0009798787157995737,0.0,0.0,0.0,0.0,0.0,0.0,0.0,0.0,0.0,0.0,0.0,0.0,0.09666654776801507,0.0,0.0,0.0,0.020959764217587953,0.0,0.0,0.0,0.0,0.0
Mass_model_511,1,0.25,0.25,21600.0,21600.0,39.52254248593737,6323.407104896321,197.882606427379,0.9934999277516313,0.7634373037471879,0.6826789626589138,0.11295086871063867,0.0795348084866017,0.19248567719724036,0.0435165213546959,0.0010319894035563766,0.7396951007534097,0.10306436530300267,0.8427594660564124,0.0010259316606242533,21.64841605604104,3327.367111253563,21.521340585204598,17214.078066380327,0.37529758185605533,0.16403156799276408,0.0,0.04504409689417316,0.0,0.01763414893997298,0.0,0.014487165520458012,0.09263659229230975,0.0014457092497748415,0.0,0.00022497088370407428,0.02031427641832892,0.0006983711913600306,0.0,3.4580715861564066e-07,0.0,0.0
Mass_model_511,2,0.5,0.5,21600.0,21600.0,40.219463130731185,6115.610640265675,214.46754683819185,0.9936899145503828,0.7837771116149006,0.7085421765182374,0.1091724739182664,0.08405717325929564,0.19322964717756203,0.04212841296552698,0.0010710862032303832,0.7183017874228118,0.10897646653410888,0.8272782539569207,0.0010647989634050966,44.21619277692931,7466.411577450031,43.95664521921526,35134.94494850756,0.5117117411703956,0.23450650862378503,0.0,0.04698177445125319,0.0,0.019172391305905378,0.0,0.01544781687211091,0.08942395010854932,0.0014646826345181248,0.0,0.00022603570544747921,0.01974852380971707,0.0007641582990294375,0.0,3.139910311045859e-07,0.0,0.0
Mass_model_511,3,0.75,0.75,21600.0,21600.0,40.77254248593737,5965.473733224301,223.52077753687703,0.9938301178666393,0.7988362482971733,0.7278710495576816,0.10647741984491385,0.0863632380050691,0.19284065784998294,0.04112716442832371,0.0011003051967111582,0.6987870708658106,0.11199423301172184,0.8107813038775324,0.001093846442381331,67.52090798881817,11609.952594830442,67.12456254018251,52715.58386033715,0.6266471237132312,0.29235596406091224,0.0,0.0478421373418638,0.0,0.019961956250269964,0.0,0.016082366296615757,0.08718332986832121,0.0014767578613957611,0.0,0.00022481280205467142,0.019294089976592644,0.0007749264143144318,0.0,2.810385547203708e-07,0.0,0.0
Mass_model_511,4,1.0,1.0,21600.0,21600.0,41.127641290737884,5878.647198194524,230.7450298264915,0.9939092321614749,0.808017462949973,0.7397298852634182,0.10490327228923398,0.08827509444251115,0.19317836673174513,0.040553728170347504,0.0011182319140354633,0.6885598369961727,0.11448649269895425,0.803046329695127,0.0011116679304806138,91.3342326258752,15753.400846216564,90.79810376617606,70038.0714894649,0.727690026011932,0.3430912871109767,0.0,0.04869984530934083,0.0,0.02051828058664046,0.0,0.01656892840995959,0.0858651192724738,0.0014895284760237358,0.0,0.00022427702215551223,0.01903815301676018,0.0007739714952010719,0.0,2.6314318996293536e-07,0.0,0.0
Mass_model_511,5,1.25,1.25,21600.0,21600.0,41.25,5856.6424128067365,237.64819893614614,0.9939242419106498,0.8110949791979928,0.7437174703023954,0.10448470848829303,0.09017647803654025,0.19466118652483327,0.040419561193452566,0.0011242598506368442,0.686707787468075,0.11695697947991646,0.8036647669479915,0.0011176604832978043,115.4058141682475,19916.587377679098,114.72838593817612,87284.99168537062,0.8177493851083096,0.38833013727074894,0.0,0.04972830017730603,0.0,0.021003654406478445,0.0,0.016936706084245644,0.08550623652594815,0.0015081657030952631,0.0,0.00022520181509843033,0.01897847196234488,0.0007741920876317259,0.0,2.5776268469088507e-07,0.0,0.0
Mass_model_511,6,1.5,1.5,21600.0,21600.0,41.127641290737884,5899.28103026572,244.86596120072088,0.9938746896814863,0.808017462949973,0.7397298852634182,0.1052227142884084,0.09224652375478094,0.19746923804318933,0.04072392302491858,0.0011182319140354633,0.6928040218591409,0.11964098477030351,0.8124450066294444,0.0011116679304806138,139.47697854438184,24125.759396900816,138.65825339268997,104632.49625470152,0.8979704278340133,0.4286594792508529,0.0,0.051015938582793366,0.0,0.02149616048005964,0.0,0.017190853373233787,0.08611045998524897,0.0015358312328444506,0.0,0.0002279282237389637,0.019112254303159434,0.0007795477914541562,0.0,2.6407065657696227e-07,0.0,0.0
Mass_model_511,7,1.75,1.75,21600.0,21600.0,40.77254248593737,6007.8663098052875,252.9981156125284,0.9937586939475312,0.7988362482971733,0.7278710495576816,0.10713584308371213,0.09470612072728435,0.20184196381099648,0.04147595498606774,0.0011003051967111582,0.707447678123618,0.12282514444115927,0.8302728225647773,0.001093846442381331,163.2890372636198,28411.651744343115,162.33053613175926,122264.13739258904,0.9687434679282595,0.4642486814492788,0.0,0.05270188417456463,0.0,0.022051919693294092,0.0,0.017352797441174895,0.08768911627420425,0.0015748671116421597,0.0,0.0002327423229215234,0.01944672680950787,0.0007916269449439142,0.0,2.8303874313994415e-07,0.0,0.0
Mass_model_511,8,2.0,2.0,21600.0,21600.0,40.21946313073118,6179.04876974438,262.4348863590937,0.9935792182256147,0.7837771116149004,0.708542176518237,0.1101629532442773,0.09770492348079941,0.20786787672507673,0.04265542073266489,0.0010710862032303828,0.7311265630759937,0.12670242479803323,0.8578289878740268,0.001064798963405096,186.59162321862047,32808.49815928959,185.49633669450432,140380.18581447372,1.0301464434480694,0.4950880351723642,0.0,0.054901932394701,0.0,0.022697040004313305,0.0,0.01742894819373037,0.09018506545110033,0.0016260484475933772,0.0,0.00023968082262683772,0.01997788779317696,0.0008109563685055197,0.0,3.1724932900336866e-07,0.0,0.0
Mass_model_511,9,2.25,2.25,21600.0,21600.0,39.522542485937365,6406.0003018783655,271.60780715619035,0.9933446375724715,0.7634373037471877,0.6826789626589136,0.11424687793865443,0.10047054058620751,0.21471741852486192,0.0442162365410414,0.0010319894035563761,0.7561484829298144,0.13028715062528615,0.8864356335551006,0.001025931660624253,209.1563886497525,37342.57142563619,207.92864771492788,159095.04290798694,1.0823532471495694,0.5212979355764802,0.0,0.05691721064330677,0.0,0.02340801181876455,0.0,0.01737144373653538,0.09363356666930835,0.001690989754361461,0.0,0.00024730973045309344,0.020613311269346075,0.0008352245285347786,0.0,3.5037425147960286e-07,0.0,0.0
Mass_model_511,10,2.5,2.5,21600.0,21600.0,38.75,6677.33980217361,280.0413213857885,0.993066765421133,0.7390423888027,0.6520342542373311,0.11918358928412448,0.10285006443235255,0.22203365371647704,0.046080109775237396,0.000985664533308472,0.7809330437128023,0.1333835530335199,0.9143165967463222,0.0009798787157995737,230.7990684130755,42027.42392247227,229.44428567925888,178410.98879921285,1.1258166471914144,0.5432083610106514,0.0,0.058599623517240074,0.0,0.0241694021272881,0.0,0.01719449946100166,0.09786663375856064,0.0017681637214709658,0.0,0.0002551993520264847,0.021316955525563838,0.0008627964996431982,0.0,3.7975368205396215e-07,0.0,0.0
Mass_model_511,11,2.75,2.75,21600.0,21600.0,37.97745751406263,6972.869084217261,288.6156264998691,0.9927648161697336,0.7126370627291281,0.6193334023908916,0.12456000330478326,0.10531111669832559,0.22987112000310883,0.04811022041769215,0.0009362314403926538,0.8088481980276714,0.13658675560794561,0.945434953635617,0.0009307357934690268,251.408582309,46873.4077095098,249.9328224249265,198353.96621829376,1.1612262243166818,0.5611808585273439,0.0,0.060361287326481404,0.0,0.024971235211195278,0.0,0.016969382938580458,0.10247460903623083,0.0018520612095968452,0.0,0.00026358739519402786,0.02208539426855242,0.000893147119819776,0.0,4.1549745781410605e-07,0.0,0.0
Mass_model_511,12,3.0,3.0,21600.0,21600.0,37.280536869268815,7261.00225426055,297.17095134148013,0.992470317959925,0.6870515445807625,0.58812289446444,0.12979941767028702,0.10777459541109921,0.23757401308138623,0.05009176696641006,0.000889051264612427,0.8371856431548819,0.13979191228013235,0.9769775554350142,0.0008838325637266026,270.9761802599321,51884.53336765057,269.38555923699676,218962.69667500485,1.1896306884212724,0.5756907409056579,0.0,0.06214469571907162,0.0,0.025762385451649977,0.0,0.016736136908207484,0.1069615485909118,0.00193530774234961,0.0,0.00027172563156459473,0.022837869079375215,0.0009238892058142881,0.0,4.547524416302639e-07,0.0,0.0
Mass_model_511,13,3.25,3.25,21600.0,21600.0,36.727457514062635,7503.44245653849,305.1325723875678,0.992221832694593,0.6655438918795834,0.5622559937833749,0.1342070710784401,0.11000977986778536,0.24421685094622547,0.05176269570302003,0.0008499488916584772,0.8619581038474569,0.14269894128398308,1.0046570451314398,0.0008449597203807812,289.61368451303946,57048.03980305535,287.9136619698244,240200.50657503208,1.2125473745234583,0.5874559594368663,0.0,0.06377455074681776,0.0,0.026467994500881765,0.0,0.016527975199737116,0.11073333800229018,0.002008633589804262,0.0,0.0002786497695084206,0.023473733076149913,0.0009514842457655724,0.0,4.918152704725605e-07,0.0,0.0
Mass_model_511,14,3.5,3.5,21600.0,21600.0,36.372358709262116,7662.9240261774285,311.7234852455064,0.9920570656336659,0.6511747745022454,0.5451657636924687,0.13711123325866448,0.11170623494374086,0.24881746820240536,0.052867524560863265,0.0008241140009955766,0.8785957200875507,0.14490546597682208,1.0235011860643728,0.0008192764796532152,307.55146893021623,62330.950726139,305.74615219851756,261932.42034402213,1.2318729816406326,0.5974015872731138,0.0,0.06501147594978351,0.0,0.027005048775282516,0.0,0.01637110105999812,0.11321942021422111,0.002062654384582158,0.0,0.0002834079644247519,0.02389181304444336,0.0009720280432082179,0.0,5.187664616069166e-07,0.0,0.0
Mass_model_511,15,3.75,3.75,21600.0,21600.0,36.25,7712.417794987058,316.20517689523905,0.9920035203418253,0.6461225723909806,0.539193661275189,0.13802689697100762,0.11257380941234289,0.2506007063833505,0.05322033951638317,0.0008150861171018328,0.8833448431430349,0.14603590745331524,1.0293807505963501,0.000810301589132912,325.11374221353447,67681.68015754865,323.205335531021,283926.84619020164,1.249682710691339,0.6065621303103506,0.0,0.06562814764005814,0.0,0.02730206625104037,0.0,0.016285526739360633,0.11401106624460902,0.0020900665203867656,0.0,0.0002852855812201132,0.024015830726398606,0.0009821884146425323,0.0,5.282656343305902e-07,0.0,0.0
Mass_model_511,16,4.0,4.0,21600.0,21600.0,36.372358709262116,7642.6698957935705,318.1737693329781,0.9920707599314339,0.6511747745022454,0.5451657636924687,0.13678792165090795,0.11246563489247019,0.24925355654337814,0.05275675790807906,0.0008241140009955766,0.874826682587541,0.14589991987708215,1.020726602464623,0.0008192764796532152,342.67613738200794,73037.1187979794,340.6646400332179,305891.69551137404,1.2679789582623935,0.6159468153044496,0.0,0.06551116081178465,0.0,0.02732020018866271,0.0,0.016282089644955436,0.11296849981370072,0.0020874863865784294,0.0,0.00028398793543252086,0.023819421837207238,0.0009801925889246278,0.0,5.173361318142478e-07,0.0,0.0
Mass_model_511,17,4.25,4.25,21600.0,21600.0,36.727457514062635,7464.767771182462,317.7377099941765,0.992247699806209,0.6655438918795834,0.5622559937833749,0.13359116809577146,0.11144661756692527,0.24503778566269674,0.05155172048365956,0.0008499488916584772,0.8547017476942302,0.14458065580232365,0.999282403496554,0.0008449597203807812,360.6142811301467,78333.60451798562,358.49748748361253,327536.7172825424,1.2884538460896957,0.6264063048105304,0.0,0.06471693941729319,0.0,0.027065329968617345,0.0,0.01636149244002968,0.11025590015596233,0.002056262431868096,0.0,0.00027971663302580983,0.023335267939809126,0.0009663875074723186,0.0,4.891686188327719e-07,0.0,0.0
Mass_model_511,18,4.5,4.5,21600.0,21600.0,37.280536869268815,7207.076379370455,315.4655048165342,0.9925056816188423,0.6870515445807625,0.58812289446444,0.12894361267127472,0.1097625955936684,0.2387062082649431,0.04979882193670548,0.000889051264612427,0.8269391419861665,0.1423953034127769,0.9693344453989434,0.0008838325637266026,379.2523623822022,83518.20334699031,377.02616382842393,348635.657878897,1.312313882581659,0.6385362938834287,0.0,0.0634431564745694,0.0,0.02658565386399758,0.0,0.01651500705721079,0.10629928130621834,0.0020020933478853515,0.0,0.0002731191068075048,0.022644331365056378,0.0009431145126414385,0.0,4.512305563168609e-07,0.0,0.0
Mass_model_511,19,4.75,4.75,21600.0,21600.0,37.977457514062635,6906.568811469566,312.091686121852,0.9928073314521402,0.7126370627291283,0.6193334023908919,0.12351202375239448,0.10771098926399413,0.2312230130163886,0.04775132423615707,0.0009362314403926541,0.796053570759716,0.1397286598912274,0.9357822306509433,0.0009307357934690273,398.8207297710318,88556.15678799903,396.47966556181717,369059.7690386431,1.3401960808313715,0.6526383132701834,0.0,0.061923806663985004,0.0,0.025952422966483785,0.0,0.016722032980525537,0.10166525529956968,0.0019333652302696124,0.0,0.00026508602795639104,0.021846768452824787,0.0009138639952796173,0.0,4.1139949417920375e-07,0.0,0.0
Mass_model_511,20,5.0,5.0,21600.0,21600.0,38.75,6602.978082525517,308.44790042178823,0.9931124029926076,0.7390423888027,0.6520342542373311,0.11801290401512986,0.10561915227263559,0.22363205628776545,0.04568072282196788,0.000985664533308472,0.7663420733191435,0.13700528285304264,0.9033473561721861,0.0009798787157995737,419.4311593717368,93433.99483835488,416.96911263710916,388782.4798055103,1.372170985598415,0.6687295935726459,0.0,0.060398685626941756,0.0,0.025253980097507244,0.0,0.01696712026449448,0.096964361350291,0.001859666599891994,0.0,0.0002566745255899798,0.021048542664838854,0.0008826497469006424,0.0,3.754113094767182e-07,0.0,0.0
Mass_model_511,21,5.25,5.25,21600.0,21600.0,39.52254248593737,6327.716130077739,305.1307629127962,0.993389101881531,0.7634373037471879,0.6826789626589138,0.11301878323366832,0.10370492152464657,0.21672370475831487,0.043802241766016506,0.0010319894035563766,0.7405447522125701,0.13450917858973085,0.875053930802301,0.0010259316606242533,441.07482053139864,98157.72837886502,438.4857262370157,407859.5404275723,1.4078293548884748,0.6865942275528965,0.0,0.059021990315516394,0.0,0.024567527685204094,0.0,0.01722405027774501,0.09268881401632174,0.0017892926501461683,0.0,0.00024877074041462744,0.02032996921734657,0.0008529438095613908,0.0,3.4604605889688904e-07,0.0,0.0
Mass_model_511,22,5.5,5.5,21600.0,21600.0,40.219463130731185,6101.13972527774,301.4030162093686,0.9936179098624551,0.7837771116149006,0.7085421765182374,0.108945486598082,0.10156514602820374,0.21051063262628572,0.04225473783112785,0.0010710862032303832,0.7154070393146262,0.13172997781786244,0.8471370171324887,0.0010647989634050966,463.6405291132919,102741.87587204376,460.91897487193734,426338.33557564963,1.44646406020808,0.7059068473584807,0.0,0.057409576975907387,0.0,0.023931103511256786,0.0,0.017427498657114345,0.08924961066085475,0.001729488039293435,0.0,0.0002412125015966771,0.019695875937227242,0.0008259530972806345,0.0,3.1324575448439144e-07,0.0,0.0
Mass_model_511,23,5.75,5.75,21600.0,21600.0,40.77254248593737,5934.244363847231,297.37472049474695,0.993787757184463,0.7988362482971733,0.7278710495576816,0.10599015140373763,0.09927222664391114,0.20526237804764877,0.04111181179262393,0.0011003051967111582,0.6924724584932751,0.12876291721203664,0.8212353757053117,0.001093846442381331,486.9439080097901,107203.94310161314,484.08556372164014,444243.26865995827,1.4872143152551591,0.7262927407636272,0.0,0.05561441512216341,0.0,0.023381452335704662,0.0,0.017554726025931777,0.08680921232218268,0.001683932022618019,0.0,0.00023438252764780852,0.01918093908155495,0.0008030390576504191,0.0,2.795521950457417e-07,0.0,0.0
Mass_model_511,24,6.0,6.0,21600.0,21600.0,41.127641290737884,5832.728396329941,294.8520148096567,0.9938911549227537,0.808017462949973,0.7397298852634182,0.10418934775525668,0.09768042746512486,0.20186977522038152,0.04041208103734097,0.0011182319140354633,0.6792040013218293,0.12670115389088804,0.8059051552127174,0.0011116679304806138,510.75651094522806,111573.88038301586,507.7583874823787,461708.1178702034,1.5290885730822437,0.7472627792880403,0.0,0.05438114540392955,0.0,0.02297758168269876,0.0,0.017651543276258043,0.0853170744542955,0.0016529280461458978,0.0,0.00022987222804164348,0.01887227330096119,0.0007870957701092224,0.0,2.610579417368764e-07,0.0,0.0
Mass_model_511,25,6.25,6.25,21600.0,21600.0,41.25,5799.242197970337,294.18170424281266,0.9939251033546354,0.8110949791979928,0.7437174703023954,0.1035937809040893,0.09686787985775659,0.2004616607618459,0.04017493597478646,0.0011242598506368442,0.6749690790450574,0.1256466285513198,0.8006157075963772,0.0011176604832978043,534.8278846301699,115892.58936105059,531.6884630170645,478952.84566844394,1.5710362610128707,0.7682646628205664,0.0,0.05375827500208345,0.0,0.02274658116308722,0.0,0.01771793227931792,0.08482231486458737,0.0016378204289389613,0.0,0.00022793200567994566,0.018771466039501927,0.0007790837848581536,0.0,2.551937909471149e-07,0.0,0.0
Mass_model_511,26,6.5,6.5,21600.0,21600.0,41.127641290737884,5832.728396329941,295.37648529272064,0.9938906336563162,0.808017462949973,0.7397298852634182,0.10418934775525668,0.09681944255706776,0.20100879031232444,0.040394659978156465,0.0011182319140354633,0.6792040013218293,0.12558054889646314,0.8047845502182924,0.0011116679304806138,558.8992520198268,120202.05537439653,555.6185322934183,496185.5403345721,1.6120465610417407,0.7887777853149027,0.0,0.05373678727169608,0.0,0.022695711165190716,0.0,0.017739897020451985,0.0853170744542955,0.0016390752213197757,0.0,0.00022857171861758564,0.01887227330096119,0.0007791391202247142,0.0,2.6103956692046623e-07,0.0,0.0
Mass_model_511,27,6.75,6.75,21600.0,21600.0,40.772542485937365,5932.9605291541375,298.581196280743,0.9937878340628007,0.7988362482971731,0.7278710495576813,0.10597007966565603,0.09759543471934522,0.20356551438500126,0.041070691880445855,0.0011003051967111578,0.6922140425470054,0.1265803555262987,0.8187943980733041,0.0010938464423813307,582.7118495735477,124544.53757892574,579.2913507040304,513612.1583047269,1.6511689280661832,0.8083126885826817,0.0,0.054367154443454566,0.0,0.02283196434852972,0.0,0.017719830813172688,0.08679380500301685,0.001656999403737486,0.0,0.00023182596863176785,0.01917627466263917,0.0007873802898203654,0.0,2.794519986389114e-07,0.0,0.0
Mass_model_511,28,7.0,7.0,21600.0,21600.0,40.219463130731185,6098.4271019315875,304.0574007546728,0.9936179677295724,0.7837771116149006,0.7085421765182374,0.10890289397314633,0.09931078166519831,0.20821367563834464,0.04219406831884858,0.0010710862032303832,0.714865665529302,0.12879281883916602,0.843658484368468,0.0010647989634050966,606.0152300530052,128963.74401234147,602.4579411274005,531453.5654178072,1.6875230838977187,0.8264071590956449,0.0,0.0557482426295418,0.0,0.023159192591594383,0.0,0.01767000596721312,0.08921690053277741,0.0016913973573343608,0.0,0.00023768922893938063,0.01968599344036892,0.0008039408344571834,0.0,3.130561180850568e-07,0.0,0.0
Mass_model_511,29,7.25,7.25,21600.0,21600.0,39.522542485937365,6323.407104896321,310.15211998697384,0.9933883942590438,0.7634373037471877,0.6826789626589136,0.11295086871063861,0.10116191477340211,0.21411278348404073,0.04372702611593518,0.0010319894035563761,0.7396951007534094,0.13119101424147292,0.8708861149948823,0.001025931660624253,628.5809314174935,133495.22964924315,624.8911825872832,549850.3112087825,1.720395622213356,0.8427177841556733,0.0,0.05716882825465978,0.0,0.023637387294175142,0.0,0.01754106836275212,0.09263659229230975,0.0017432050681145791,0.0,0.00024464116689104426,0.020314276418328857,0.0008264388656142852,0.0,3.4576119515648096e-07,0.0,0.0
Mass_model_511,30,7.5,7.5,21600.0,21600.0,38.75,6596.9122282323815,316.29768866705825,0.9931106313472539,0.7390423888027,0.6520342542373311,0.11791699544465098,0.10295517972634566,0.22087217517099664,0.04559345388559477,0.000985664533308472,0.7651638817280413,0.1335260138709436,0.8986898955989848,0.0009798787157995737,650.2245658308808,138161.34437191504,646.4077695979149,568832.6790175609,1.749323370006956,0.8570660627851844,0.0,0.05845966324207215,0.0,0.024238115423774003,0.0,0.01734131434889344,0.0968904711544096,0.0018103286878139203,0.0,0.0002521992364805236,0.021026524290241384,0.0008531837797630097,0.0,3.750075486092017e-07,0.0,0.0
Mass_model_511,31,7.75,7.75,21600.0,21600.0,37.97745751406263,6898.594424409543,323.2618775940228,0.9928041586391597,0.7126370627291281,0.6193334023908916,0.12338550042058523,0.10510617148291468,0.2284916719034999,0.04765424121636783,0.0009362314403926538,0.7945284840994049,0.1363255968690942,0.9308540809684991,0.0009307357934690268,670.834944490845,142980.2826359573,666.8971660314866,588452.545374136,1.7740979814788675,0.8693669961718774,0.0,0.06000145260109261,0.0,0.024940659648131976,0.0,0.017132772338688054,0.10156757091231224,0.0018867608578746616,0.0,0.00026057414980535043,0.021817929508272996,0.0008835410403655275,0.0,4.1084695649054005e-07,0.0,0.0
Mass_model_511,32,8.0,8.0,21600.0,21600.0,37.280536869268815,7197.131512122259,330.80241293573016,0.9925003300020705,0.6870515445807625,0.58812289446444,0.12878530355275652,0.10749828082588347,0.23628358437864,0.04969597522741769,0.000889051264612427,0.8250635336745359,0.1394363316650796,0.9644998653396155,0.0008838325637266026,690.4032284135062,147962.96002549818,686.350584788655,608771.9055370654,1.7948423490303165,0.8796678245531264,0.0,0.06171567333844236,0.0,0.025686034695841277,0.0,0.016947223907968777,0.10617679947143974,0.0019648347643543922,0.0,0.00026898988896670057,0.022608504081316778,0.0009150737140985341,0.0,4.505162114185425e-07,0.0,0.0
Mass_model_511,33,8.25,8.25,21600.0,21600.0,36.72745751406263,7454.867062370122,338.30711421529617,0.9922371138741988,0.6655438918795831,0.5622559937833744,0.1334331471628425,0.1098827485043989,0.24331589566724138,0.05146052872926453,0.0008499488916584765,0.8528542617191301,0.14253471628671915,0.9953889780058494,0.0008449597203807806,709.041161107643,153103.09687899984,704.8791134475778,629777.1314077019,1.812088731745035,0.8882213311711734,0.0,0.06341747785780008,0.0,0.026395050263482763,0.0,0.016813842465525954,0.11013342128839834,0.002035151385272169,0.0,0.00027647715064409243,0.023299725874444146,0.0009442609497960237,0.0,4.884318778158397e-07,0.0,0.0
Mass_model_511,34,8.5,8.5,21600.0,21600.0,36.372358709262116,7633.255123704906,344.88309050070404,0.9920536026633504,0.6511747745022454,0.5451657636924687,0.13663743897336883,0.1118967948721771,0.24853423384554593,0.05268404176132912,0.0008241140009955766,0.8730804250998822,0.14515067534436266,1.0182311004442448,0.0008192764796532152,726.9790549756847,158373.3493958007,722.711712484663,651353.3899648915,1.8267572841718551,0.8954817806893323,0.0,0.06483579724459586,0.0,0.02697459288376666,0.0,0.016748910114603336,0.11285171920364317,0.002087916867222984,0.0,0.00028200831469245264,0.02378571976972565,0.0009670528169835711,0.0,5.166303122426e-07,0.0,0.0
Mass_model_511,35,8.75,8.75,21600.0,21600.0,36.25,7703.811088409037,349.6783454933945,0.9919788530306585,0.6461225723909806,0.539193661275189,0.1378893440697702,0.11320258752730764,0.2510919315970778,0.05317089974719967,0.0008150861171018328,0.8817493075127668,0.14684688011525757,1.0285961876280243,0.000810301589132912,744.5410802924588,163726.23081433246,740.1706493061776,673282.6333430165,1.8400496135658364,0.902055281010181,0.0,0.06571313354198546,0.0,0.027342662850692298,0.0,0.016766170498157373,0.11390426952707083,0.0021153849014314456,0.0,0.0002847938200969785,0.02398507454269936,0.0009799142771296735,0.0,5.27637814398656e-07,0.0,0.0
Mass_model_511,36,9.0,9.0,21600.0,21600.0,36.372358709262116,7655.285112033044,352.1637426727771,0.992024525362985,0.6511747745022454,0.5451657636924687,0.13698936331386868,0.1136014308091705,0.2505907941230392,0.05284342505172867,0.0008241140009955766,0.8771722336999637,0.14736586202616378,1.0245380957261274,0.0008192764796532152,762.1028468087212,169101.06789337302,757.6293288463306,695279.1292563073,1.8532773107622031,0.9086093088768233,0.0,0.06590200447937915,0.0,0.027448671108450597,0.0,0.016871341779421754,0.11312483475759055,0.002113635884248872,0.0,0.0002844515418892282,0.023864528556278117,0.0009808077727669002,0.0,5.182430139744587e-07,0.0,0.0
Mass_model_511,37,9.25,9.25,21600.0,21600.0,36.727457514062635,7496.774987902401,352.3213668822702,0.9921816273649785,0.6655438918795834,0.5622559937833749,0.13410104609393175,0.11310698312153,0.24720802921546176,0.051763328790492294,0.0008499488916584772,0.8607025730472302,0.1467243922050081,1.0074269652522383,0.0008449597203807812,780.0399725407235,174434.83665928224,775.4611642563091,717051.0376511221,1.8676704473966788,0.9157670612441073,0.0,0.06542488487938497,0.0,0.027286714565304154,0.0,0.01706050885475878,0.11065114183048765,0.002083487262033886,0.0,0.0002810966240630104,0.023449904263444097,0.0009697995386997664,0.0,4.9139728543455e-07,0.0,0.0
Mass_model_511,38,9.5,9.5,21600.0,21600.0,37.28053686926882,7255.210198309482,350.6091309172117,0.9924230317229736,0.6870515445807628,0.5881228944644403,0.12970771118370486,0.11192101155194918,0.24162872273565406,0.050114729185786015,0.0008890512646124275,0.8360788500201192,0.14518256752553266,0.9812614175456518,0.000883832563726603,798.6766537002985,179673.62694165047,793.9884487271356,738363.5087840088,1.8842079085426882,0.9240151070223718,0.0,0.06445081293891146,0.0,0.026894900195276537,0.0,0.017320311898517727,0.10689056962022106,0.0020302272623246203,0.0,0.0002753065610363485,0.02281714156348379,0.0009489982724016809,0.0,4.5442348083279944e-07,0.0,0.0
Mass_model_511,39,9.75,9.75,21600.0,21600.0,37.977457514062635,6967.836055072985,347.73449713994285,0.9927111231012741,0.7126370627291283,0.6193334023908919,0.12448069771807596,0.11033266684624926,0.23481336456432522,0.04815257233958011,0.0009362314403926541,0.8078696196541483,0.14311436514272455,0.9509839847968728,0.0009307357934690273,818.2432547137328,184780.94422463514,813.4401944536974,759076.5999375434,1.9035042150244603,0.9336472589891803,0.0,0.06320829414677948,0.0,0.026341212746319183,0.0,0.017630760919246175,0.10241334588966002,0.001962170851694107,0.0,0.0002679683654963236,0.022067351828415946,0.0009218445803729414,0.0,4.1523634106925036e-07,0.0,0.0
Mass_model_511,40,10.0,10.0,21600.0,21600.0,38.75,6672.997957199969,344.40241902844906,0.9930071640846537,0.7390423888027,0.6520342542373311,0.11911549440474734,0.10861488353840915,0.22773037794315648,0.04613954224084292,0.000985664533308472,0.7800734844436189,0.14087407855568856,0.9209475629993075,0.0009798787157995737,838.8515912361842,189740.7333694726,833.9275607370344,779149.0469375027,1.9257718994752846,0.9447525119773583,0.0,0.061904302333195715,0.0,0.025705011534473982,0.0,0.01796434288150214,0.09781413360782165,0.0018885941481932922,0.0,0.00026006469691401755,0.02130136079692568,0.0008921884000824065,0.0,3.7954404758787473e-07,0.0,0.0
Mass_model_511,41,10.25,10.25,21600.0,21600.0,39.52254248593737,6402.372532198132,341.15090003581946,0.9932791630975468,0.7634373037471879,0.6826789626589138,0.11419020900702952,0.10696362951434328,0.2211538385213728,0.044292470105412686,0.0010319894035563766,0.7554182539161292,0.13871749244527226,0.8941357463614015,0.0010259316606242533,860.4929067879186,194555.43165080406,855.4418424976527,798617.4934208803,1.950857801304235,0.9572405325472997,0.0,0.06068131827150935,0.0,0.0250603807284249,0.0,0.018287866763228567,0.0935899540417984,0.0018177719791563232,0.0,0.0002524735463280473,0.02060025496523112,0.0008634680092196084,0.0,3.5021647650640166e-07,0.0,0.0
Mass_model_511,42,10.5,10.5,21600.0,21600.0,40.219463130731185,6176.278802952177,337.1841711658575,0.9935077036449096,0.7837771116149006,0.7085421765182374,0.11011986220010574,0.10495135936955251,0.21507122156965824,0.042748919799365535,0.0010710862032303832,0.7305619356242711,0.13610293978729784,0.8666648754115689,0.0010647989634050966,883.0561152128041,199235.5297339283,877.8726056514038,817508.4714901263,1.978358111431967,0.9709242897511172,0.0,0.05913974219715616,0.0,0.024443719531254373,0.0,0.018528788767139853,0.09015194030564412,0.0017568940552136348,0.0,0.00024504680574105077,0.019967921894461612,0.0008368508586527483,0.0,3.171543946790065e-07,0.0,0.0
Mass_model_511,43,10.75,10.75,21600.0,21600.0,40.77254248593737,6007.8663098052875,332.7102035292038,0.9936794825242473,0.7988362482971733,0.7278710495576816,0.10713584308371213,0.1026960549929012,0.20983189807661334,0.041595978012235156,0.0011003051967111582,0.707447678123618,0.13318450414271377,0.8406321822663317,0.001093846442381331,906.3569326135737,203795.07986141226,901.0366480412713,835829.1290564552,2.007716617393305,0.9855614419020255,0.0,0.05736155162144767,0.0,0.023899542665420877,0.0,0.01867254606495991,0.08768911627420425,0.001709976564547785,0.0,0.0002382567576819451,0.01944672680950787,0.0008138982400438999,0.0,2.8307879911120225e-07,0.0,0.0
Mass_model_511,44,11.0,11.0,21600.0,21600.0,41.127641290737884,5902.191145546902,329.48387849453013,0.993787701592276,0.808017462949973,0.7397298852634182,0.10526769873552717,0.10102828133864307,0.20629598007417024,0.04086969179717336,0.0011182319140354633,0.6934046299894707,0.1310247263886386,0.8244293563781093,0.0011116679304806138,930.1669994931514,208261.0965070739,924.7069506327118,853699.0974927879,2.0382471897333643,1.000810172289888,0.0,0.05608089001889947,0.0,0.023483501920792137,0.0,0.018755235373879523,0.08614501537448546,0.0016772362175244743,0.0,0.00023362074716342366,0.019122683361041715,0.0007975328369201701,0.0,2.6422346388264373e-07,0.0,0.0
Mass_model_511,45,11.25,11.25,21600.0,21600.0,41.25,5861.018294168429,327.772229547443,0.9938303205951293,0.8110949791979928,0.7437174703023954,0.10455235727346056,0.09999394902422462,0.20454630629768517,0.040583686819130584,0.0011242598506368442,0.6876106522289808,0.12968396017145403,0.8172946124004348,0.0011176604832978043,954.2359729292118,212670.72278081405,948.634640007896,871319.9446489061,2.0691974336487107,1.0162724477462153,0.0,0.05532838861779021,0.0,0.02321786116223353,0.0,0.018767629814604076,0.0855581914393765,0.0016598395313823166,0.0,0.00023134073931841125,0.018994165834084063,0.000788631198045854,0.0,2.579608502256595e-07,0.0,0.0
Mass_model_511,46,11.5,11.5,21600.0,21600.0,41.127641290737884,5884.748018622583,327.669924504179,0.9938068392267245,0.808017462949973,0.7397298852634182,0.10499781033232604,0.09961806934245587,0.2046158796747819,0.04074124133282689,0.0011182319140354633,0.6898121081462529,0.1291951650439074,0.8190072731901603,0.0011116679304806138,978.3051774886592,217062.35898424938,972.5625591497806,888882.7663671685,2.099820119891501,1.0315619236757059,0.0,0.05511852510395019,0.0,0.023115216893693207,0.0,0.01870665686421144,0.08593771941840872,0.0016584639074464528,0.0,0.00023149525050369693,0.019060090913917315,0.0007874479180057088,0.0,2.634046451806768e-07,0.0,0.0
Mass_model_511,47,11.75,11.75,21600.0,21600.0,40.772542485937365,5972.446088088357,329.3027915468563,0.9937180654962472,0.7988362482971731,0.7278710495576813,0.10658595144089175,0.09995196109648344,0.2065379125373752,0.04133710119855637,0.0011003051967111578,0.7002044242667909,0.12962416867524715,0.829828592942038,0.0010938464423813307,1002.1159339845053,221475.12143201078,996.2335473094654,906579.1138574507,2.1293913884020323,1.0463050162581642,0.0,0.05549486104489951,0.0,0.023180879042905677,0.0,0.018574494564727352,0.08726668093291712,0.001673282042155697,0.0,0.00023410225378016534,0.019319270507974627,0.0007940608141263785,0.0,2.813338886637268e-07,0.0,0.0
Mass_model_511,48,12.0,12.0,21600.0,21600.0,40.219463130731185,6123.261987851373,332.9947171928499,0.9935645401396176,0.7837771116149006,0.7085421765182374,0.10929233446182444,0.10114034136654908,0.21043267582837352,0.042366113676159875,0.0010710862032303832,0.7198369293828364,0.13115610155429394,0.8509930309371303,0.0010647989634050966,1025.417867347438,225949.76554864162,1019.3986991108359,924616.5412234332,2.1572224584423467,1.0601400600466908,0.0,0.05657215108628543,0.0,0.02342185992706195,0.0,0.0183939943129203,0.08951602261979752,0.001704170962508874,0.0,0.00023920275886875515,0.01977631184202692,0.0008086479810852585,0.0,3.143378185117305e-07,0.0,0.0
Mass_model_511,49,12.25,12.25,21600.0,21600.0,39.522542485937365,6331.509327192696,337.1330277767497,0.993353543696119,0.7634373037471877,0.6826789626589136,0.11307854067556093,0.10239646987700177,0.21547501055256268,0.04379015632077346,0.0010319894035563761,0.7412934812535782,0.13278576329633615,0.8740792445499144,0.001025931660624253,1047.9825622494923,230519.47569772284,1041.830940016185,943125.4323399247,2.1827311419974387,1.0727845808001264,0.0,0.05764584519913359,0.0,0.023800187234235912,0.0,0.018123904769495314,0.09273476552588972,0.0017520441763029906,0.0,0.0002453083886283979,0.020343775149671214,0.0008288338996197866,0.0,3.462095857795377e-07,0.0,0.0
Mass_model_511,50,12.5,12.5,21600.0,21600.0,38.75,6586.90328872956,341.22252201345714,0.9930958183249767,0.7390423888027,0.6520342542373311,0.1177586067252278,0.10355860659184181,0.2213172133170696,0.04553815049313266,0.000985664533308472,0.7632237201907123,0.13430531065891158,0.8975290308496239,0.0009798787157995737,1069.6256505491904,235204.86199301458,1063.3469841187964,962129.1343979194,2.205508123119026,1.0840724827284443,0.0,0.058565162705053735,0.0,0.024291003147019444,0.0,0.017782175332394203,0.09676845410387196,0.0018149130257496852,0.0,0.0002519618394273031,0.02099015262135584,0.0008530161176106381,0.0,3.744245868062376e-07,0.0,0.0
Mass_model_511,51,12.75,12.75,21600.0,21600.0,37.97745751406263,6869.862538957609,346.10682265856025,0.9928100032352614,0.7126370627291281,0.6193334023908916,0.12292879515563035,0.10507364339544359,0.22800243855107394,0.04747622101444459,0.0009362314403926538,0.7890577241147649,0.13628288818456735,0.9253406122993323,0.0009307357934690268,1090.235930618373,240023.3068419144,1083.8362825403112,981677.3476293681,2.225326724221469,1.0939042270498165,0.0,0.05972902888405222,0.0,0.024878081409647874,0.0,0.01743913815415044,0.10121501563012134,0.0018869020891090047,0.0,0.00025940825498874776,0.021713779525509017,0.0008806755328913072,0.0,4.090706040055615e-07,0.0,0.0
Mass_model_511,52,13.0,13.0,21600.0,21600.0,37.280536869268815,7149.998674002016,351.61561445022147,0.9925264525938542,0.6870515445807625,0.58812289446444,0.1280329833307957,0.10685321213520786,0.2348861954660036,0.04939699459212246,0.000889051264612427,0.8162324698611704,0.13860160340377053,0.954834073264941,0.0008838325637266026,1109.8045244601874,244985.8405742449,1103.2900093974179,1001834.3109412834,2.2422085222368544,1.1022795108936343,0.0,0.06107533456836919,0.0,0.025507947516456405,0.0,0.017132533839277948,0.10559484603654937,0.0019605213032789855,0.0,0.0002669197837426005,0.022438137294246346,0.0009095076958058677,0.0,4.4742827687327876e-07,0.0,0.0
Mass_model_511,53,13.25,13.25,21600.0,21600.0,36.72745751406263,7390.333479562323,357.1754582413674,0.9922824256535107,0.6655438918795831,0.5622559937833744,0.1323996972562536,0.10866177733114908,0.24106147458740268,0.051046843854510526,0.0008499488916584765,0.8409113549088749,0.14095517815468145,0.9818665330635563,0.0008449597203807806,1128.4431239141388,250087.02430675577,1121.8192009022976,1022591.7703323001,2.256493542427762,1.1093580072750264,0.0,0.062427450425857935,0.0,0.026105558932028334,0.0,0.016892098111812723,0.10933257207718865,0.0020265264249760577,0.0,0.00027355888567838607,0.02306712517906498,0.0009361005619327943,0.0,4.839888628416986e-07,0.0,0.0
Mass_model_511,54,13.5,13.5,21600.0,21600.0,36.372358709262116,7554.644716247663,362.0089855493333,0.9921146004705844,0.6511747745022454,0.5451657636924687,0.13537612606465546,0.11018384905431537,0.24555997511897082,0.05217709556776519,0.0008241140009955766,0.8586383102240743,0.14293474361640998,1.0015730538404843,0.0008192764796532152,1146.3819766260913,255301.53108124857,1139.652753154912,1043845.7832089933,2.2688335719581274,1.115460955909136,0.0,0.06354467151421006,0.0,0.02658788688821548,0.0,0.016740132600793243,0.11187308371815326,0.0020755888574925624,0.0,0.00027839101309983915,0.023503042346502204,0.0009566671495095298,0.0,5.110309946666224e-07,0.0,0.0
Mass_model_511,55,13.75,13.75,21600.0,21600.0,36.25,7616.1330510234975,365.35646516753866,0.9920502779977132,0.6461225723909806,0.539193661275189,0.13648223063501283,0.11111631276398971,0.24759854339900256,0.05260336546493003,0.0008150861171018328,0.8656631523782173,0.14414798279708924,1.0098111351753065,0.000810301589132912,1163.9451735986424,260585.47255775792,1157.1128547546239,1065396.7368183054,2.28011852774829,1.1210372333935623,0.0,0.06419267359187561,0.0,0.026881493553172077,0.0,0.016692663971195548,0.11281200493075075,0.00210035191856146,0.0,0.00028069299746444397,0.023670225704262093,0.0009679154210641145,0.0,5.213106564685974e-07,0.0,0.0
Mass_model_511,56,14.0,14.0,21600.0,21600.0,36.372358709262116,7564.592754556285,366.75803182391036,0.992100019385535,0.6511747745022454,0.5451657636924687,0.13553621671476593,0.1112861499675306,0.2468223666822965,0.05225493810228288,0.0008241140009955766,0.8604524191826144,0.14437071335671697,1.0048231325393313,0.0008192764796532152,1181.5082407932491,265882.9014864338,1174.5728273381833,1086982.3562580948,2.2913506244150703,1.1265972900889876,0.0,0.06424136109328907,0.0,0.026942110114290495,0.0,0.016756897190100414,0.11199727741135694,0.002097161941372025,0.0,0.0002801261048709104,0.02353893930340898,0.0009679817608452066,0.0,5.117627624751031e-07,0.0,0.0
Mass_model_511,57,14.25,14.25,21600.0,21600.0,36.72745751406263,7409.1420613203745,366.23071305103247,0.9922547772433704,0.6655438918795831,0.5622559937833744,0.13270151637055538,0.11071895605408445,0.24342047242463982,0.05119362530317125,0.0008499488916584765,0.8443745538722005,0.1436351768923649,0.9880097307645654,0.0008449597203807806,1199.446709930113,271136.10358168854,1192.4059982672823,1108336.574443617,2.303495043985698,1.1326306753621387,0.0,0.06372097321723186,0.0,0.0267666427201974,0.0,0.016930160852104983,0.10956643263167179,0.002066888239879955,0.0,0.0002768159845245478,0.02313508373888358,0.0009569897143293014,0.0,4.853258164176074e-07,0.0,0.0
Mass_model_511,58,14.5,14.5,21600.0,21600.0,37.280536869268815,7175.793194953592,364.23008344687867,0.9924883313874164,0.6870515445807625,0.58812289446444,0.1284451214624811,0.10961388397645172,0.23805900543893282,0.0495973999118692,0.000889051264612427,0.8210536101277541,0.14219806124734213,0.9632516713750963,0.0008838325637266026,1218.084689556487,276296.4074282864,1210.9345735829515,1129249.4073725245,2.3173405727293916,1.1395299478910281,0.0,0.06279820660164406,0.0,0.026392152972080418,0.0,0.01720011556520767,0.1059136315952293,0.002014661399943285,0.0,0.00027131752272426977,0.022531489867251793,0.0009369807436850424,0.0,4.4917116696089205e-07,0.0,0.0
Mass_model_511,59,14.75,14.75,21600.0,21600.0,37.97745751406263,6900.400797031379,361.4322310704299,0.9927644703725494,0.7126370627291281,0.6193334023908916,0.12341416960260375,0.10824644599218738,0.23166061559479112,0.04771202200196198,0.0009362314403926538,0.7948736932555576,0.14041561823546722,0.9352893114910248,0.0009307357934690268,1237.6524569714536,281331.9637332977,1230.387478864308,1149602.4182260889,2.333399870902173,1.1475406229425258,0.0,0.0616920385132625,0.0,0.02588259914964653,0.0,0.01754716066472818,0.1015897048725357,0.0019485216879438654,0.0,0.00026447223595063254,0.02182446473006805,0.0009112427256895412,0.0,4.1101496612719464e-07,0.0,0.0
Mass_model_511,60,15.0,15.0,21600.0,21600.0,38.75,6619.922510387844,358.49523548241024,0.9930458748703934,0.7390423888027,0.6520342542373311,0.11828048769464458,0.1068703506407057,0.22515083833535027,0.045791173763238505,0.000985664533308472,0.7696427587287292,0.13861714681616963,0.9082599055448989,0.0009798787157995737,1258.2617449873098,286230.51476075815,1250.8757910558156,1169371.4483312625,2.3518684552485447,1.1567458352712414,0.0,0.06059685755659354,0.0,0.025311760167748425,0.0,0.017943247832961348,0.09717053668307434,0.001877456230660174,0.0,0.00025720832860292756,0.021109951011570247,0.0008834441206001694,0.0,3.7640353911544877e-07,0.0,0.0
Mass_model_511,61,15.25,15.25,21600.0,21600.0,39.52254248593737,6366.908395444616,356.0324148889639,0.9932996075974024,0.7634373037471879,0.6826789626589138,0.11363498357175378,0.10571602175328824,0.21935100532504204,0.0440573296212042,0.0010319894035563766,0.7483165811203625,0.13710269647145443,0.8854192775918169,0.0010259316606242533,1279.9037004860866,290998.3516512364,1272.3907090070088,1188610.8963650912,2.3726409964832764,1.1670800238947987,0.0,0.05967558806190792,0.0,0.024756495628713567,0.0,0.018366242411804776,0.09316274398924226,0.0018098486734577026,0.0,0.00025044014124038863,0.02047223958251152,0.000857058612728326,0.0,3.4822343556873545e-07,0.0,0.0
Mass_model_511,62,15.5,15.5,21600.0,21600.0,40.219463130731185,6159.185263628096,353.1153982265729,0.9935088584117684,0.7837771116149006,0.7085421765182374,0.10985362707211258,0.1042952876447759,0.21414891471688846,0.04263259817023529,0.0010710862032303832,0.727087087982914,0.13525227496254386,0.8623393629454579,0.0010647989634050966,1302.4671501328824,295649.26485334075,1294.8217119667056,1207362.1632690649,2.3954018296067248,1.178395817378812,0.0,0.05849206167204417,0.0,0.024242575785210524,0.0,0.01873096223347992,0.08994730444694773,0.001752452147983395,0.0,0.0002439035043926667,0.01990632262516484,0.0008330160448309714,0.0,3.162568342469325e-07,0.0,0.0
Mass_model_511,63,15.75,15.75,21600.0,21600.0,40.77254248593737,6007.197473344184,349.73150230205255,0.9936632335508151,0.7988362482971733,0.7278710495576816,0.1071254822046695,0.10263209610526143,0.20975757830993091,0.041586294945362874,0.0011003051967111582,0.7073102333932823,0.1330986624877316,0.8404088958810139,0.001093846442381331,1325.7677878003212,300198.08701635065,1317.985575678271,1225633.8756129832,2.419711020904502,1.190502410948623,0.0,0.057070683648253975,0.0,0.023800186423431655,0.0,0.01900170321134315,0.087681154953242,0.0017087702684024002,0.0,0.00023795307958469,0.019444327251427508,0.0008125164284635497,0.0,2.8304578201539766e-07,0.0,0.0
Mass_model_511,64,16.0,16.0,21600.0,21600.0,41.127641290737884,5917.122608432113,347.6362089678038,0.9937548238691772,0.808017462949973,0.7397298852634182,0.10549824179762647,0.10156361186943387,0.20706185366706034,0.040961193739464136,0.0011182319140354633,0.6964942296350934,0.13171288023505542,0.8282071098701489,0.0011116679304806138,1349.5772645274083,304671.4157983693,1341.655291581396,1243541.552514071,2.4450170839534766,1.2031251270619006,0.0,0.0561502960122149,0.0,0.02348569091276,0.0,0.019215576015453494,0.08632213346268593,0.0016791588376887116,0.0,0.00023414564874738294,0.019176108334940548,0.0007984795314135942,0.0,2.6491115579361504e-07,0.0,0.0
Mass_model_511,65,16.25,16.25,21600.0,21600.0,41.25,5890.422431388466,347.0386778121176,0.9937819514686399,0.8110949791979928,0.7437174703023954,0.10500592728210179,0.10111027027112605,0.20611619755322785,0.04076935084184112,0.0011242598506368442,0.693707348391501,0.13112248044859554,0.8248298288400966,0.0011176604832978043,1373.6452536040983,309105.9311462798,1365.582002375366,1261283.0992354,2.470705150946743,1.2159381823407607,0.0,0.05574715459727148,0.0,0.023318520145156514,0.0,0.019355186713843335,0.0859066264754344,0.0016647376322971475,0.0,0.00023265171762144738,0.019099300806667392,0.0007917601714066547,0.0,2.592935294784367e-07,0.0,0.0
Mass_model_511,66,16.5,16.5,21600.0,21600.0,41.127641290737884,5927.215289395927,347.9665641901991,0.9937444659806682,0.808017462949973,0.7397298852634182,0.10565381994994034,0.10126949943719978,0.20692331938714012,0.041012493262466754,0.0011182319140354633,0.6985901928052977,0.13132489145516496,0.8299150842604626,0.0011116679304806138,1397.7131175895563,313538.9365202961,1389.5085888123851,1279042.8840422414,2.4961593164775304,1.2286231175122069,0.0,0.055860302125473986,0.0,0.02330802852256282,0.0,0.019408669279424383,0.08644168086154644,0.0016661334534202607,0.0,0.00023351679540523757,0.019212139088393903,0.0007925839012412565,0.0,2.653596718332857e-07,0.0,0.0
Mass_model_511,67,16.75,16.75,21600.0,21600.0,40.77254248593737,6027.123803486178,350.54012836446833,0.993642630200791,0.7988362482971733,0.7278710495576816,0.10743378282252397,0.10209260721408449,0.20952639003660845,0.04168908566921343,0.0011003051967111582,0.7114163030320619,0.13238595500464445,0.8438022580367064,0.001093846442381331,1421.5222243897017,318008.22769390646,1413.1779369600272,1297005.0273486783,2.520777279203968,1.2408692393844478,0.0,0.05653424947251609,0.0,0.02346009598829675,0.0,0.019376517033754998,0.08791808569092603,0.0016836123373589096,0.0,0.00023676700431831695,0.01951569713159794,0.0008010814043714315,0.0,2.8397346799268333e-07,0.0,0.0
Mass_model_511,68,17.0,17.0,21600.0,21600.0,40.219463130731185,6188.4293537729,355.0030851885065,0.9934779291968779,0.7837771116149006,0.7085421765182374,0.11030877504494921,0.10369015702409193,0.21399893206904114,0.0427886732855897,0.0010710862032303832,0.733041903467064,0.13444675921396668,0.8674886626810306,0.0010647989634050966,1444.8222594405934,322552.8414409937,1436.341201592384,1315367.9296893468,2.5439817291668696,1.2523738589656301,0.0,0.057864143183858054,0.0,0.023777005882902685,0.0,0.01927202598944506,0.09029717085993892,0.0017169097640855088,0.0,0.00024239197393674603,0.02001160418501028,0.0008173624857852839,0.0,3.1774407860714047e-07,0.0,0.0
Mass_model_511,69,17.25,17.25,21600.0,21600.0,39.52254248593737,6404.310957576781,359.64945790314897,0.9932588636753622,0.7634373037471879,0.6826789626589138,0.1142204918558195,0.10523747732503368,0.2194579691808532,0.04426450361183955,0.0010319894035563766,0.7558083490420497,0.1364532548500613,0.8922616038921111,0.0010259316606242533,1467.3848971957568,327203.1247619277,1458.7713974262251,1334247.1676287865,2.565283239213448,1.2629003819838704,0.0,0.059119919802636874,0.0,0.02421559286007823,0.0,0.019047137396489996,0.0936132596172073,0.001766706527816789,0.0,0.00024888652986887846,0.02060723223861221,0.0008388839288986713,0.0,3.50279244246581e-07,0.0,0.0
Mass_model_511,70,17.5,17.5,21600.0,21600.0,38.75,6663.781501741284,363.9256188453753,0.9929969294664105,0.7390423888027,0.6520342542373311,0.11897084185289576,0.10655217745433458,0.22552301930723034,0.0460405690223331,0.000985664533308472,0.7782520748712766,0.1381708887223156,0.9164229635935921,0.0009798787157995737,1489.025877551252,331975.88494085055,1480.285345958195,1353646.6885346055,2.5843359960821477,1.2723095214847613,0.0,0.06013708171787115,0.0,0.02474673195672069,0.0,0.018717456229859153,0.09770261606607072,0.001830847217614928,0.0,0.00025576960789552465,0.021268225786825034,0.0008639117772213506,0.0,3.7894715178603813e-07,0.0,0.0
Mass_model_511,71,17.75,17.75,21600.0,21600.0,37.977457514062635,6947.061186762027,368.66739202094385,0.9927109662265526,0.7126370627291283,0.6193334023908919,0.12415291226750248,0.10808315389868783,0.2322360661661903,0.04798238706963162,0.0009362314403926541,0.8038431665045477,0.14017012161932896,0.9440132881238766,0.0009307357934690273,1509.6341035381738,336884.3440584423,1500.772602354842,1373595.7738837167,2.60094569059179,1.2805172101929432,0.0,0.061317158086130315,0.0,0.025351342189267777,0.0,0.018355723141182632,0.10216016057005209,0.0019033815730525477,0.0,0.0002632534050812494,0.021992751697450394,0.0008918816309780328,0.0,4.1387299529292845e-07,0.0,0.0
Mass_model_511,72,18.0,18.0,21600.0,21600.0,37.280536869268815,7223.167780895857,373.6950602757756,0.9924319203878084,0.6870515445807625,0.58812289446444,0.129199448535849,0.10974108505652917,0.23894053359237816,0.04987864377084519,0.000889051264612427,0.8299831645094347,0.1423326243552605,0.9723157888646952,0.0008838325637266026,1529.2007883121707,341935.2394827214,1520.224431350295,1394138.3412283824,2.6151257841935527,1.2875223365937132,0.0,0.06259688185289371,0.0,0.025973049726790418,0.0,0.018003033732286348,0.10649723544601786,0.0019766644244550865,0.0,0.00027058716485326643,0.022702213089831138,0.0009204159183143348,0.0,4.5223693601302015e-07,0.0,0.0
Mass_model_511,73,18.25,18.25,21600.0,21600.0,36.727457514062635,7454.71230663485,378.43633984894547,0.9921974505143243,0.6655438918795834,0.5622559937833749,0.13343067604663747,0.11129354761450319,0.24472422366114066,0.05147282131976961,0.0008499488916584772,0.8528254165457725,0.14435597573211517,0.9971813922778876,0.0008449597203807812,1547.8377000662929,347118.6666875197,1538.7519450620864,1415245.4082837785,2.627159472499127,1.2934592103643394,0.0,0.06380053545839118,0.0,0.026535066475936103,0.0,0.01769327263260944,0.11013150602761648,0.002041320479453172,0.0,0.0002768230635588669,0.02329917001902099,0.0009460410820952501,0.0,4.884224591835298e-07,0.0,0.0
Mass_model_511,74,18.5,18.5,21600.0,21600.0,36.372358709262116,7605.568647258004,382.13372341865005,0.9920441145528399,0.6511747745022454,0.5451657636924687,0.13619418685341683,0.11243510496731401,0.24862929182073085,0.0525166320496315,0.0008241140009955766,0.8679658706089992,0.14584421080946589,1.0138100814184652,0.0008192764796532152,1565.775145398309,352404.89923319995,1556.5840981960373,1436792.9760081493,2.6375969151685883,1.2986002775245415,0.0,0.06469265955514068,0.0,0.026954878100318776,0.0,0.017453059758551225,0.1125077671429264,0.002087990641625322,0.0,0.0002810380406650497,0.023686419710490424,0.0009649642210350105,0.0,5.146499779403266e-07,0.0,0.0
Mass_model_511,75,18.75,18.75,21600.0,21600.0,36.25,7650.15198592921,384.09350240125764,0.9919979428013954,0.6461225723909806,0.539193661275189,0.13702944307219847,0.1128912771014914,0.24992072017368988,0.05283345643452305,0.0008150861171018328,0.871868651152385,0.1464420010999628,1.0183106522523477,0.000810301589132912,1583.3372543127248,357746.2775452649,1574.0431181244783,1458564.7650926453,2.6471946024976534,1.3033281212665195,0.0,0.06505628193029056,0.0,0.027164015308953376,0.0,0.01730436209094513,0.11323672868791157,0.002109517583013696,0.0,0.00028256230581329047,0.0237927143842869,0.0009740141279364638,0.0,5.237545388813811e-07,0.0,0.0
Mass_model_511,76,19.0,19.0,21600.0,21600.0,36.372358709262116,7579.323271451441,383.9018092479224,0.99206839740149,0.6511747745022454,0.5451657636924687,0.1357730196609457,0.11250685432359422,0.24827987398453993,0.05235966374220552,0.0008241140009955766,0.863145801977118,0.1459482746101866,1.0090940765873047,0.0008192764796532152,1600.8995793549648,363083.97728050454,1591.5023529120801,1480286.2911806325,2.656810313232128,1.3080803641577294,0.0,0.06477282556663523,0.0,0.02712280731464578,0.0,0.017255676111739445,0.11218099184487666,0.0021024670102516027,0.0,0.0002810983241908007,0.02359202781606904,0.000971467187250401,0.0,5.128088809501408e-07,0.0,0.0
Mass_model_511,77,19.25,19.25,21600.0,21600.0,36.72745751406263,7404.173013707612,381.66068927922834,0.9922443973912689,0.6655438918795831,0.5622559937833744,0.13262182766473182,0.11134229497465481,0.24396412263938663,0.05117006365036191,0.0008499488916584765,0.843458209715709,0.1444404396798306,0.9878986493955395,0.0008449597203807806,1618.837671761222,368358.50990638294,1609.3351493219684,1501684.6254097892,2.667275946453254,1.313279392651339,0.0,0.06389509887618577,0.0,0.026836209002860188,0.0,0.01730786122648629,0.10950468473476326,0.0020681125864290975,0.0,0.00027684676117537823,0.02311714292996856,0.0009576815357632275,0.0,4.849857548612436e-07,0.0,0.0
Mass_model_511,78,19.5,19.5,21600.0,21600.0,37.280536869268815,7152.505421117862,377.9181246264126,0.9924978590557936,0.6870515445807625,0.58812289446444,0.1280730791930283,0.10963344450429868,0.23770652369732698,0.04945440191750678,0.000889051264612427,0.8166997429829372,0.1422227515423202,0.9589224945252575,0.0008838325637266026,1637.475647588608,373520.8586032142,1627.8637208609493,1522549.851976784,2.6792757930624296,1.3192657380151307,0.0,0.06261285575646533,0.0,0.02635000037180108,0.0,0.017452778594361014,0.10562585758636135,0.0020119764299510764,0.0,0.00027043779381187094,0.022447221606666935,0.0009349479089733067,0.0,4.476489350145379e-07,0.0,0.0
Mass_model_511,79,19.75,19.75,21600.0,21600.0,37.97745751406263,6862.863410695287,373.52202398196636,0.9927897341606078,0.7126370627291281,0.6193334023908916,0.12281734288014509,0.10772677330171339,0.2305441161818585,0.04747576904806922,0.0009362314403926538,0.7877307413073362,0.13974324825194084,0.9274739895592771,0.0009307357934690268,1657.043761935628,378540.7531180467,1647.31697103788,1542773.0159029877,2.6932561313649797,1.3262523167992444,0.0,0.06118752481813346,0.0,0.02574196955889616,0.0,0.017684484721344894,0.1011289917178435,0.0019426423416392842,0.0,0.0002628384013871282,0.021688351162301597,0.0009069047652616091,0.0,4.0869505086550895e-07,0.0,0.0
Mass_model_511,80,20.0,20.0,10800.0,21600.0,38.75,6571.114910708766,369.12385294338435,0.9930837890749502,0.7390423888027,0.6520342542373311,0.11750841872026004,0.10586733392058358,0.2233757526408436,0.045480849421243336,0.000985664533308472,0.7601731224961291,0.13732020058806835,0.8974933230841975,0.0009798787157995737,1677.65370900463,383408.4499609211,1667.8059384139137,1562343.401338316,2.7093897363936916,1.3343116168588667,0.0,0.05980677457651578,0.0,0.025086045811229068,0.0,0.017972995863042168,0.0965757415949882,0.0018689703466748383,0.0,0.00025495065827707813,0.020932677125271835,0.000877223110153344,0.0,3.735546913099594e-07,0.0,0.0
S3d_O8,0,0.0,0.0,10800.0,0.0,38.75,20113.6551067598,0.0,0.9800872750525049,0.7390423888027,0.6520342542373311,0.03220615446855874,0.0,0.03220615446855874,0.022773190220659316,0.0009807703641961667,0.6308480533276806,0.0,0.6308480533276806,0.0009749560953346493,0.0,0.0,0.0,0.0,0.0,0.0,0.0,0.0,0.0,0.0,0.0,0.0,0.03220615446855874,0.0,0.0,0.0,0.0,0.0,0.0,0.0,0.0,0.0
S3d_O8,1,0.25,0.25,21600.0,21600.0,39.52254248593737,19336.313830298597,756.0044558789344,0.9801081872219465,0.7634373037471879,0.6826789626589138,0.03086350417692471,0.03878809430437302,0.06965159848129773,0.023230257128097304,0.0010268652152626587,0.6139935202180785,0.07100154397147872,0.6849950641895572,0.0010207776838036813,21.250939230176026,1078.1741962543542,21.12495798241955,13928.278537910646,0.6471927782300464,0.17899756875862421,0.0,0.016645962914196698,0.0,0.015435010396166208,0.0,0.002931863523038195,0.03086350417692471,0.0005318138133570616,0.0,0.00030371326157452435,0.0,0.002938039267760676,0.0,1.691128279657886e-06,0.0,0.0
S3d_O8,2,0.5,0.5,21600.0,21600.0,40.219463130731185,18702.91207507549,829.0746641602886,0.9806575266503956,0.7837771116149006,0.7085421765182374,0.029793156131904003,0.04260214535307447,0.07239530148497847,0.02267461629142186,0.0010657678856534373,0.5966924720243921,0.07809134942200056,0.6747838214463927,0.001059449728766388,43.408136106687365,2582.194067830185,43.1508010736203,28325.770460917644,0.8542336961246456,0.25638817844242195,0.0,0.017914223396554976,0.0,0.017228215019835336,0.0,0.003450912487715057,0.029793156131904003,0.0005691467264816441,0.0,0.00029897134821149337,0.0,0.0031391396833054586,0.0,1.536690970506904e-06,0.0,0.0
S3d_O8,3,0.75,0.75,21600.0,21600.0,40.77254248593737,18244.91346834878,866.2132907224642,0.9810703330183568,0.7988362482971733,0.7278710495576816,0.029046654232039504,0.0441650348319831,0.0732116890640226,0.022225997341859732,0.0010948417966131782,0.5801024161551394,0.08103459048359697,0.6611370066387363,0.0010883512818110177,66.29625323781487,4124.658853265639,65.9032313288058,42477.59081659882,1.0322739495159172,0.31976194038346806,0.0,0.018115843700601268,0.0,0.018146475302685493,0.0,0.0038361764222662213,0.029046654232039504,0.0005877357124756378,0.0,0.0002941464125246017,0.0,0.003183281032929277,0.0,1.3762485006058143e-06,0.0,0.0
S3d_O8,4,1.0,1.0,21600.0,21600.0,41.127641290737884,17980.04025324345,893.6185353038641,0.9813033334632564,0.808017462949973,0.7397298852634182,0.02860746927041413,0.04514037516932376,0.07374784443973789,0.02196761168585262,0.0011126795015166762,0.5715851861612865,0.08289279125002949,0.654477977411316,0.0011060832400321447,89.68897666495363,5681.962928223111,89.15727643900748,56418.914717805885,1.1898435779598229,0.37535692220135874,0.0,0.018171315459287147,0.0,0.018754193530988228,0.0,0.004125633043864993,0.02860746927041413,0.0006003493874666636,0.0,0.00029180081369180343,0.0,0.0031957967226592834,0.0,1.2862113656488566e-06,0.0,0.0
S3d_O8,5,1.25,1.25,21600.0,21600.0,41.25,17913.080938426578,918.2138703950167,0.9813449062583682,0.8110949791979928,0.7437174703023954,0.028487901193994938,0.046010179924800367,0.0744980811187953,0.02192992032606595,0.0011186775073047544,0.5701841711979666,0.08453984295712356,0.6547240141550902,0.0011120456880387506,113.33757010145551,7253.117962800198,112.66567469276724,70294.23088765383,1.330796123003535,0.42494407674373097,0.0,0.018300642267103283,0.0,0.019249514495804254,0.0,0.004339763367881347,0.028487901193994938,0.0006121924947669524,0.0,0.000292267860846439,0.0,0.0032145417770064995,0.0,1.2576613915853915e-06,0.0,0.0
S3d_O8,6,1.5,1.5,21600.0,21600.0,41.127641290737884,18043.53126858992,942.9721383905927,0.9811926049107026,0.808017462949973,0.7397298852634182,0.028689208828467098,0.04696048371234523,0.07564969254081233,0.022119476649263753,0.0011126795015166762,0.5754694641378779,0.08630968655888047,0.6617791506967584,0.0011060832400321447,136.98483291973827,8844.33846102127,136.17275021656835,84246.13404612767,1.456598328691852,0.4691537784923708,0.0,0.018567560617697744,0.0,0.019725795110842412,0.0,0.004492229706751377,0.028689208828467098,0.000625770718371607,0.0,0.0002956361051048575,0.0,0.0032522052046422495,0.0,1.2862489349710484e-06,0.0,0.0
S3d_O8,7,1.75,1.75,21600.0,21600.0,40.77254248593737,18375.331673434997,970.545376037089,0.9808400535029261,0.7988362482971733,0.7278710495576816,0.029215165837057803,0.048124128399638644,0.07733929423669644,0.022545034861973193,0.0010948417966131782,0.5880208208795916,0.08844748162393642,0.6764683025035281,0.0010883512818110177,160.3735028365632,10465.249941944854,159.42276584674877,98424.80620562573,1.5676814249146414,0.5081571671271662,0.0,0.019021680868432263,0.0,0.020244926105950623,0.0,0.004596423231287086,0.029215165837057803,0.0006426306570738194,0.0,0.00030207244779801364,0.0,0.003315018711251769,0.0,1.3763778450660146e-06,0.0,0.0
S3d_O8,8,2.0,2.0,21600.0,21600.0,40.21946313073118,18898.0088844175,1002.6973028059919,0.9802960058024838,0.7837771116149004,0.708542176518237,0.030046735046808614,0.049580422173588205,0.07962715722039682,0.023199244567696967,0.0010657678856534369,0.6083999713697351,0.09110406666124272,0.6995040380309778,0.0010594497287663876,183.25473586465128,12127.539088019315,182.16835280969767,112996.4709875125,1.6640595559054094,0.5419266284593317,0.0,0.019699886408358153,0.0,0.02083772727639112,0.0,0.004660799187418306,0.030046735046808614,0.0006635170877078954,0.0,0.0003114777081811467,0.0,0.003405474165976643,0.0,1.5403395549505275e-06,0.0,0.0
S3d_O8,9,2.25,2.25,21600.0,21600.0,39.522542485937365,19590.290572594295,1032.993122245508,0.9795879218114761,0.7634373037471877,0.6826789626589136,0.0311956636625812,0.05105118170524819,0.08224684536782939,0.024057625861215393,0.0010268652152626582,0.6289841278380254,0.09372160544534981,0.7227057332833752,0.0010207776838036808,205.40200171172853,13840.702053483934,204.1843237452612,128048.15906373848,1.7459251127241633,0.570605201870899,0.0,0.020353990752263657,0.0,0.021488985127357325,0.0,0.004681598532947433,0.0311956636625812,0.0006892998080995612,0.0,0.00032178238518167454,0.0,0.003513823063004819,0.0,1.7020363937236736e-06,0.0,0.0
S3d_O8,10,2.5,2.5,21600.0,21600.0,38.75,20417.45951831515,1059.5132048273988,0.9787520152032841,0.7390423888027,0.6520342542373311,0.03260598414779605,0.05244038099317554,0.08504636514097158,0.025074203157212115,0.0009807703641961667,0.6484141826114332,0.09611616762897554,0.7445303502404088,0.0009749560953346493,226.63302762389816,15609.821083530045,225.28948646114597,143564.13445442045,1.8139455143546348,0.5945904733835219,0.0,0.020901683570839404,0.0,0.022186883504807485,0.0,0.0046636496326480075,0.03260598414779605,0.000719711880767379,0.0,0.00033240133769241485,0.0,0.0036342051026073824,0.0,1.8459638134687899e-06,0.0,0.0
S3d_O8,11,2.75,2.75,21600.0,21600.0,37.97745751406263,21317.946442707045,1086.1725605732076,0.9778449894509605,0.7126370627291281,0.6193334023908916,0.034141211866242104,0.05388365876757709,0.0880248706338192,0.026177650896956572,0.0009315827238743077,0.6705106081879237,0.09858086870617133,0.7690914768940951,0.0009260600524916043,246.838471891347,17438.412067138972,245.37514745441968,159556.37299453234,1.8692155328249453,0.6142900712174045,0.0,0.02147443779806687,0.0,0.02292302013204267,0.0,0.004622321519825803,0.034141211866242104,0.0007529579523683233,0.0,0.0003436715870976928,0.0,0.003765230733963344,0.0,2.019044212394637e-06,0.0,0.0
S3d_O8,12,3.0,3.0,21600.0,21600.0,37.280536869268815,22195.468258719575,1112.7688136960728,0.9769613016664273,0.6870515445807625,0.58812289446444,0.03563611441242526,0.05532562391754355,0.09096173832996882,0.027257372074571556,0.000884636814166577,0.6931915408786731,0.10103917171572431,0.7942307125943974,0.0008793924506844318,266.0106257598608,19327.772458490967,264.4336436704234,176058.6101079604,1.9134101911264845,0.6302140407669308,0.0,0.022063841543352593,0.0,0.023653269488581326,0.0,0.004568611399912204,0.03563611441242526,0.0007863838205679341,0.0,0.0003545512624586362,0.0,0.003896756629458592,0.0,2.20977321227249e-06,0.0,0.0
S3d_O8,13,3.25,3.25,21600.0,21600.0,36.727457514062635,22933.46405705972,1137.4299282051838,0.9762164994265145,0.6655438918795834,0.5622559937833749,0.03689275215537277,0.05662779480253568,0.09352054695790846,0.028173049024791636,0.0008457285981691392,0.7132178647290572,0.10325772426465114,0.8164755889937084,0.0008407148929909045,284.2612233262905,21273.526370459975,282.5760468164176,193046.89791922702,1.9489373459069426,0.6431376456601121,0.0,0.022607428679793064,0.0,0.024311339629096932,0.0,0.004512233217088091,0.03689275215537277,0.0008165164512246739,0.0,0.0003637409122797644,0.0,0.004014145041060959,0.0,2.390871992201326e-06,0.0,0.0
S3d_O8,14,3.5,3.5,21600.0,21600.0,36.372358709262116,23418.660110562665,1157.4261052437616,0.9757234469892944,0.6511747745022454,0.5451657636924687,0.037721034012827045,0.05761184903243907,0.09533288304526612,0.02878552896563028,0.0008200219867733009,0.7267369822656693,0.10492560248485135,0.8316625847505207,0.000815160677258343,301.8190953502896,23264.126536966185,300.02983108214994,210419.01787224502,1.9788065414337983,0.6540665555606278,0.0,0.023014442225530223,0.0,0.024822323021963494,0.0,0.004461447429482371,0.037721034012827045,0.0008396938475462828,0.0,0.00036998438687189245,0.0,0.0041014339796866224,0.0,2.5241413581823293e-06,0.0,0.0
S3d_O8,15,3.75,3.75,21600.0,21600.0,36.25,23568.98969391774,1170.0797976241872,0.9755644333443265,0.6461225723909806,0.539193661275189,0.03798478476143431,0.05811274435171853,0.09609752911315284,0.028991984139461517,0.0008110389294803012,0.7305099712203361,0.10575138911466957,0.8362613603350056,0.0008062308739299885,319.00551781285066,25281.219433513492,317.1143678387263,227993.85273196106,2.0063153042329307,0.6641319148472162,0.0,0.023196431242218745,0.0,0.0251202562710677,0.0,0.004423031914989758,0.03798478476143431,0.0008528947117288812,0.0,0.00037236477360591704,0.0,0.004145191750926785,0.0,2.573687180741445e-06,0.0,0.0
S3d_O8,16,4.0,4.0,21600.0,21600.0,36.372358709262116,23356.39287204171,1173.9012568787027,0.9757681284251759,0.6511747745022454,0.5451657636924687,0.03763743548401782,0.05804126852469889,0.09567870400871671,0.02875494133249247,0.0008200219867733009,0.7233329295399177,0.10557859899056898,0.8289115285304867,0.000815160677258343,336.19233598481776,27302.002697452073,334.19929795883763,245540.09747419105,2.0346539515025843,0.6744415554040003,0.0,0.02310631079712081,0.0,0.025167220755279267,0.0,0.004401634800357769,0.03763743548401782,0.0008544809456440796,0.0,0.0003705397625995452,0.0,0.0041385572753553,0.0,2.5241883421153673e-06,0.0,0.0
S3d_O8,17,4.25,4.25,21600.0,21600.0,36.727457514062635,22814.556559575198,1169.2886211020107,0.9763014816045532,0.6655438918795834,0.5622559937833749,0.036733685369778314,0.05742110083384323,0.09415478620362155,0.028113009562802084,0.0008457285981691392,0.706656920360598,0.10445426843400372,0.8111111887946018,0.0008407148929909045,353.7513799342926,29303.06651933614,351.6542472025583,262827.8141410478,2.0665294900098616,0.6859306441243408,0.0,0.022761539549445625,0.0,0.024964898942303422,0.0,0.004399446715189069,0.036733685369778314,0.0008445886471417359,0.0,0.00036483082255083795,0.0,0.004083406099951772,0.0,2.390057260771828e-06,0.0,0.0
S3d_O8,18,4.5,4.5,21600.0,21600.0,37.280536869268815,22029.654410395335,1158.341926540491,0.9770787792745304,0.6870515445807625,0.58812289446444,0.035415468460306465,0.0563784621622071,0.09179393062251356,0.027170341643003082,0.000884636814166577,0.6839114671164648,0.10260888405855642,0.7865203511750212,0.0008793924506844318,372.0038761069752,31264.490795976828,369.79853769936005,279679.93326068996,2.1038839726636325,0.6992533180421089,0.0,0.022235728487203975,0.0,0.02455343405489727,0.0,0.004416211591598057,0.035415468460306465,0.0008250739664382392,0.0,0.00035614248061522876,0.0,0.003989664673697772,0.0,2.2069077565527197e-06,0.0,0.0
S3d_O8,19,4.75,4.75,21600.0,21600.0,37.977457514062635,21114.069776278357,1143.7380474873328,0.9779880695716049,0.7126370627291283,0.6193334023908919,0.03387156148496265,0.05508246510684471,0.08895402659180736,0.02606456125846045,0.0009315827238743081,0.6588994291683605,0.10034457472689591,0.7592440038952565,0.0009260600524916046,391.17859190813226,33172.698282962505,388.8595806601856,295998.99162157316,2.1477547080984314,0.7147393415531188,0.0,0.021620216646545544,0.0,0.02399518818959919,0.0,0.0044487114040026735,0.03387156148496265,0.0007989628519530884,0.0,0.0003456798061831537,0.0,0.003871693138884337,0.0,2.0130696767195824e-06,0.0,0.0
S3d_O8,20,5.0,5.0,21600.0,21600.0,38.75,20188.790497775877,1128.4834456021747,0.9789083331873676,0.7390423888027,0.6520342542373311,0.03230537628267205,0.05372411092957728,0.08602948721224933,0.024943471183945454,0.0009807703641961667,0.6351449729361927,0.09799862156261799,0.7331435944988106,0.0009749560953346493,411.3871314881399,35021.776636696246,408.9483186161779,311769.28070080973,2.198272948402436,0.7324057857899132,0.0,0.021008778562119485,0.0,0.02336902757235953,0.0,0.004493843960597319,0.03230537628267205,0.0007698958855583309,0.0,0.0003348497566110907,0.0,0.003745878288101358,0.0,1.8369042301682112e-06,0.0,0.0
S3d_O8,21,5.25,5.25,21600.0,21600.0,39.52254248593737,19349.567518824042,1114.655563690784,0.9797437480587262,0.7634373037471879,0.6826789626589138,0.030880902759464156,0.05244945653770582,0.08333035929716998,0.02392434806623712,0.0010268652152626587,0.614766489484641,0.09582088091652187,0.7105873704011628,0.0010207776838036813,432.6215413059799,36813.03634584565,430.05684517703577,327039.1189037306,2.254796336068766,0.7520141504185935,0.0,0.020463841235292445,0.0,0.022745667655815843,0.0,0.004546084450289992,0.030880902759464156,0.0007412021627525923,0.0,0.00032480241207944106,0.0,0.003626166108704527,0.0,1.6925127709828408e-06,0.0,0.0
S3d_O8,22,5.5,5.5,21600.0,21600.0,40.219463130731185,18658.396254214153,1098.8420537052762,0.9804366568807412,0.7837771116149006,0.7085421765182374,0.02973507188960863,0.051159452006065656,0.08089452389567428,0.023080574276456746,0.0010657678856534373,0.5940538722080874,0.09357792554939567,0.6876317977574831,0.001059449728766388,454.7721542237735,38551.34338106739,452.0761433409858,341839.1468129599,2.316189597371156,0.773215749306905,0.0,0.019855617310834982,0.0,0.02216239765039887,0.0,0.004591974814484886,0.02973507188960863,0.0007158711957128193,0.0,0.0003152406104777307,0.0,0.003516817184293761,0.0,1.5332398626047292e-06,0.0,0.0
S3d_O8,23,5.75,5.75,21600.0,21600.0,40.77254248593737,18148.811204420348,1081.2150139916823,0.9809536912206464,0.7988362482971733,0.7278710495576816,0.028922010415139664,0.04989335667070889,0.07881536708584855,0.0224479273902713,0.0010948417966131782,0.5743372949156546,0.09132429988461874,0.6656615948002733,0.0010883512818110177,477.656349872495,40242.90614489627,474.8246753613612,356172.50310335896,2.3810630065600726,0.7956152259586464,0.0,0.019187515695572272,0.0,0.02165401478257785,0.0,0.0046244730794495845,0.028922010415139664,0.0006956474419809791,0.0,0.0003066635967472957,0.0,0.0034236729350262075,0.0,1.3691393547113164e-06,0.0,0.0
S3d_O8,24,6.0,6.0,21600.0,21600.0,41.127641290737884,17838.708773946873,1069.1398071419019,0.9812697834794017,0.808017462949973,0.7397298852634182,0.02842487853476169,0.04898368449112134,0.07740856302588303,0.022049767823401345,0.0011126795015166762,0.5630340147929475,0.08970999252521719,0.6527440073181646,0.0011060832400321447,501.04729092493125,41898.253563690705,498.076948663254,370142.3157312776,2.447827209249144,0.8186760281494675,0.0,0.018717386644978858,0.0,0.021273853497151655,0.0,0.00464966449157701,0.02842487853476169,0.0006809851465145549,0.0,0.0003012295271938027,0.0,0.003359289027569945,0.0,1.2761561355080607e-06,0.0,0.0
S3d_O8,25,6.25,6.25,21600.0,21600.0,41.25,17736.40667698873,1064.0203919075364,0.9813751986252377,0.8110949791979928,0.7437174703023954,0.028260040706796836,0.04850160387986149,0.07676164458665832,0.021903079148618807,0.0011186775073047544,0.5594493896022082,0.08886544016134623,0.6483148297635545,0.0011120456880387506,524.6958471771427,43532.19267098593,521.5853099531618,383931.3028393198,2.514793652876537,0.8417799747197362,0.0,0.01848577199144737,0.0,0.02104849659334585,0.0,0.00466722896815689,0.028260040706796836,0.0006725361534141952,0.0,0.00029919383552408206,0.0,0.003327131111070034,0.0,1.2452269030695779e-06,0.0,0.0
S3d_O8,26,6.5,6.5,21600.0,21600.0,41.127641290737884,17838.708773946873,1065.8730087866888,0.9812729890951525,0.808017462949973,0.7397298852634182,0.02842487853476169,0.04845188863451343,0.07687676716927512,0.022006464558944974,0.0011126795015166762,0.5630340147929475,0.08879439669960601,0.6518284114925534,0.0011060832400321447,548.3444419510419,45160.49861959008,545.0937095363904,397710.6092916959,2.580323048038696,0.8643459115213508,0.0,0.018490932706361582,0.0,0.02098652933603928,0.0,0.004674252957450969,0.02842487853476169,0.0006706211099688547,0.0,0.000300520649282166,0.0,0.0033277603182615047,0.0,1.2715571490687178e-06,0.0,0.0
S3d_O8,27,6.75,6.75,21600.0,21600.0,40.772542485937365,18144.859982874106,1075.2539818214177,0.9809634147307087,0.7988362482971731,0.7278710495576813,0.028916877196746557,0.04885542766813954,0.0777723048648861,0.022360520083037964,0.0010948417966131778,0.5741015180881169,0.08953568182436836,0.6636371999124853,0.0010883512818110172,571.7355364987823,46799.17053292023,568.3461354236262,411649.3639085978,2.642871873152574,0.8858275578528213,0.0,0.018745677163299664,0.0,0.021095178061347173,0.0,0.004670601060322895,0.028916877196746557,0.000675452945582642,0.0,0.0003052329851560823,0.0,0.003361926458014084,0.0,1.3589944169953087e-06,0.0,0.0
S3d_O8,28,7.0,7.0,21600.0,21600.0,40.219463130731185,18650.051126694754,1093.244738841691,0.9804503266576348,0.7837771116149006,0.7085421765182374,0.029724173937195213,0.04975039577137913,0.07947456970857435,0.02296206162432077,0.0010657678856534373,0.5935605674152715,0.09116638713344581,0.6847269545487173,0.001059449728766388,594.6200044642598,48464.66719162185,591.094938146391,425930.68537289,2.701014393110581,0.9057071071803324,0.0,0.019281304336757288,0.0,0.021378532316047992,0.0,0.00465828349125663,0.029724173937195213,0.0006870380072349509,0.0,0.0003133096552958192,0.0,0.0034304079559466295,0.0,1.5200088398152203e-06,0.0,0.0
S3d_O8,29,7.25,7.25,21600.0,21600.0,39.522542485937365,19336.3138302986,1112.986619848123,0.9797583685235811,0.7634373037471877,0.6826789626589136,0.03086350417692471,0.0508330782300014,0.08169658240692611,0.023790095713786676,0.0010268652152626582,0.6139935202180783,0.09308287638833986,0.7070763966064182,0.0010207776838036808,616.7709368682582,50170.67599536871,613.1145539025463,440663.0170294975,2.7535877732376175,0.9236093560262144,0.0,0.019849197783659366,0.0,0.02180276446410017,0.0,0.004628229250340813,0.03086350417692471,0.0007057364693309434,0.0,0.0003226506520694124,0.0,0.0035228199862992462,0.0,1.6796242014427884e-06,0.0,0.0
S3d_O8,30,7.5,7.5,21600.0,21600.0,38.75,20170.133125198125,1132.1367931594627,0.9789230208626784,0.7390423888027,0.6520342542373311,0.0322807584689897,0.05198461400390751,0.08426537247289721,0.02479880858887655,0.0009807703641961667,0.634075104322985,0.09505901898657566,0.7291341233095606,0.0009749560953346493,638.0056644057195,51926.0240066658,634.2233962994986,455853.5431394383,2.799832172437469,0.9393546544386842,0.0,0.02036374362952911,0.0,0.022342186956132867,0.0,0.0045806209640652665,0.0322807584689897,0.0007308812656661539,0.0,0.00033266011293635024,0.0,0.0036326982258937535,0.0,1.8228496840071375e-06,0.0,0.0
S3d_O8,31,7.75,7.75,21600.0,21600.0,37.97745751406263,21089.543452138885,1154.1159391241656,0.9780019066676819,0.7126370627291281,0.6193334023908916,0.03383901621943056,0.05331649553110711,0.08715551175053766,0.025914216663925488,0.0009315827238743077,0.6575172616686432,0.09734192157819557,0.7548591832468388,0.0009260600524916043,658.2144987785994,53737.48175882004,654.3124273007522,471535.3580495593,2.8394144561730315,0.9528576761685384,0.0,0.020948609300275,0.0,0.022977484961660202,0.0,0.004526492392965304,0.03383901621943056,0.0007603452960776602,0.0,0.00034368058376040104,0.0,0.003757886642420634,0.0,1.9963539479121545e-06,0.0,0.0
S3d_O8,32,8.0,8.0,21600.0,21600.0,37.280536869268815,21999.070988061216,1178.356873815326,0.9770891055618065,0.6870515445807625,0.58812289446444,0.03537466149055785,0.05475602847233166,0.0901306899628895,0.027025205704766644,0.000884636814166577,0.6822146697296992,0.09982171912890672,0.7820363888586059,0.0008793924506844318,677.3894524542226,55609.164655427856,673.3737067258605,487760.985976386,2.8725344403221373,0.9641678024434628,0.0,0.02159016268745332,0.0,0.023656707114645098,0.0,0.0044732402552065155,0.03537466149055785,0.0007912456974212894,0.0,0.00035466066282066914,0.0,0.003887823011200093,0.0,2.189043584673479e-06,0.0,0.0
S3d_O8,33,8.25,8.25,21600.0,21600.0,36.72745751406263,22784.11321731129,1202.8130623114541,0.9762984735277218,0.6655438918795831,0.5622559937833744,0.036692879388609254,0.05615629531921376,0.09284917470782302,0.027992748596366395,0.0008457285981691386,0.7049878808780843,0.10224865166542194,0.8072365325435062,0.0008407148929909039,695.6420198096758,57539.278261398555,691.5180679834424,504524.9947025965,2.900037424108556,0.9735588041782808,0.0,0.0222245005366025,0.0,0.024309179513049933,0.0,0.0044281840674214755,0.036692879388609254,0.0008199669670591572,0.0,0.00036431362075193483,0.0,0.004007776395416662,0.0,2.3742189121017715e-06,0.0,0.0
S3d_O8,34,8.5,8.5,21600.0,21600.0,36.372358709262116,23327.447397711396,1224.2881499370112,0.9757472067964484,0.6511747745022454,0.5451657636924687,0.0375985279771989,0.05731663062440961,0.09491515860160851,0.02867265672260637,0.0008200219867733009,0.721756565208,0.10426929688141544,0.8260258620894154,0.000815160677258343,713.2008509968593,59518.504712374706,708.9728057261834,521741.23390206933,2.923383872666279,0.9815264257861461,0.0,0.022751715925346326,0.0,0.0248509919016367,0.0,0.004396499577731791,0.0375985279771989,0.0008426331550172469,0.0,0.00037129129312324594,0.0,0.004100985275683491,0.0,2.5134958708127097e-06,0.0,0.0
S3d_O8,35,8.75,8.75,21600.0,21600.0,36.25,23542.530564872584,1239.6560105849296,0.9755223707576035,0.6461225723909806,0.539193661275189,0.037949203563375764,0.05804929546729478,0.09599849903067054,0.02895640701012069,0.0008110389294803012,0.7290697100788495,0.10554975914243193,0.8346194692212814,0.0008062308739299885,730.3871154464451,61530.13306229342,726.0571854065278,539239.2037245515,2.94448384701605,0.9887354336741079,0.0,0.02307368103960307,0.0,0.025206733877806694,0.0,0.004382664502631228,0.037949203563375764,0.0008560039767970027,0.0,0.0003745845484177428,0.0,0.004153057175169065,0.0,2.5703468699617283e-06,0.0,0.0
S3d_O8,36,9.0,9.0,21600.0,21600.0,36.372358709262116,23395.176389483666,1246.9415054505594,0.9756590204588448,0.6511747745022454,0.5451657636924687,0.03768952121034202,0.05823975384074168,0.0959292750510837,0.028798994517392665,0.0008200219867733009,0.7254510693283133,0.10588661919005696,0.8313376885183702,0.000815160677258343,747.5725988968846,63552.356877940394,743.1407887176974,556792.3581685234,2.965429092968279,0.9959200277192399,0.0,0.02313198029737208,0.0,0.025327937353255385,0.0,0.0043894341813804005,0.03768952121034202,0.0008581971411775174,0.0,0.0003737398088398028,0.0,0.004155936733430794,0.0,2.528325285693029e-06,0.0,0.0
S3d_O8,37,9.25,9.25,21600.0,21600.0,36.727457514062635,22912.96594147035,1246.0555287863756,0.9761304717123712,0.6655438918795834,0.5622559937833749,0.03686536706025021,0.0578862355091278,0.09475160256937801,0.02823152241227376,0.0008457285981691392,0.7120820342450874,0.10527992723477064,0.8173619614798581,0.0008407148929909045,765.1291145783722,65562.06611958554,760.5932246816792,574169.0617127133,2.9881914051290375,1.0037661796244528,0.0,0.022932506189333547,0.0,0.025205621795326247,0.0,0.004417358800394864,0.03686536706025021,0.0008491096115260824,0.0,0.0003689678439175595,0.0,0.004110270590866691,0.0,2.400677762807535e-06,0.0,0.0
S3d_O8,38,9.5,9.5,21600.0,21600.0,37.28053686926882,22177.66060220236,1238.6687042234446,0.9768557054439573,0.6870515445807628,0.5881228944644403,0.03561246652443436,0.05709308562526066,0.09270555214969502,0.027352629147349112,0.0008846368141665774,0.6921882911984936,0.10391970921410794,0.7961080004126015,0.0008793924506844323,783.3779175044397,67539.00475938291,778.7338438264188,591184.8349539278,3.014352216968362,1.0128086622042087,0.0,0.022539059352277506,0.0,0.02487066936618844,0.0,0.0044646632426820305,0.03561246652443436,0.0008304045614904159,0.0,0.00036108446186072476,0.0,0.0040249823452068265,0.0,2.2222955547175784e-06,0.0,0.0
S3d_O8,39,9.75,9.75,21600.0,21600.0,37.977457514062635,21302.47216481041,1227.3504769191065,0.9777220785032857,0.7126370627291283,0.6193334023908919,0.03412080097532641,0.05602369376675833,0.09014449474208475,0.026300502283815346,0.0009315827238743081,0.6696215657527702,0.10209785766634334,0.7717194234191136,0.0009260600524916046,802.5478258799237,69468.92383071603,797.7901078612758,607732.7003731525,3.044918248826577,1.0233692057090544,0.0,0.022041359456000383,0.0,0.024382063247446007,0.0,0.0045276770973540735,0.03412080097532641,0.0008050404966085385,0.0,0.00035129600681066734,0.0,0.003914225806410724,0.0,2.031656127938257e-06,0.0,0.0
S3d_O8,40,10.0,10.0,21600.0,21600.0,38.75,20404.110762585875,1214.60313844266,0.9786132955711652,0.7390423888027,0.6520342542373311,0.03258849280251309,0.05484700019913985,0.08743549300165293,0.025217769779046044,0.0009807703641961667,0.647631482602604,0.10010945936191591,0.7477409419645199,0.0009749560953346493,822.7505641661215,71344.90325690387,817.8730789150786,623784.4849114221,3.080255289783963,1.0355441722498302,0.0,0.021522762106152324,0.0,0.023810642510363803,0.0,0.0046006876108881985,0.03258849280251309,0.0007765240062529408,0.0,0.0003409093774974903,0.0,0.003793617590260501,0.0,1.8569977245924104e-06,0.0,0.0
S3d_O8,41,10.25,10.25,21600.0,21600.0,39.52254248593737,19579.13797944058,1202.2524573141632,0.979433054599837,0.7634373037471879,0.6826789626589138,0.03118113335141569,0.053699848516821136,0.08488098186823682,0.02422184563759055,0.0010268652152626587,0.6283178358577183,0.09818603476007676,0.7265038706177951,0.0010207776838036813,843.9784032158385,73166.87163019655,838.9750736610831,639372.2451437956,3.120140065452995,1.0492335475832788,0.0,0.021041692981621955,0.0,0.023223994328634368,0.0,0.004676270724484499,0.03118113335141569,0.0007481503511415584,0.0,0.0003310675385439379,0.0,0.0036769597546004486,0.0,1.7128377943785704e-06,0.0,0.0
S3d_O8,42,10.5,10.5,21600.0,21600.0,40.219463130731185,18889.492048798846,1186.631675438267,0.9801240597732169,0.7837771116149006,0.7085421765182374,0.03003569882408225,0.052474535834961825,0.08251023465904407,0.023384612359601806,0.0010657678856534373,0.6078839364179609,0.09607633638083993,0.7039602727988008,0.001059449728766388,866.1219724139821,74938.13108976399,860.9873698624359,654508.7724450576,3.1639355431472267,1.0642386931326762,0.0,0.020463563735699037,0.0,0.022657714828329113,0.0,0.004739034005700311,0.03003569882408225,0.0007228752518249132,0.0,0.0003214941259756781,0.0,0.0035683015432946305,0.0,1.552344138141033e-06,0.0,0.0
S3d_O8,43,10.75,10.75,21600.0,21600.0,40.77254248593737,18375.331673434997,1168.2897311407546,0.9806461170946333,0.7988362482971733,0.7278710495576816,0.029215165837057803,0.05122939569349001,0.08044456153054781,0.02274886992143505,0.0010948417966131782,0.5880208208795916,0.09387073547822639,0.6818915563578181,0.0010883512818110177,888.9989331322594,76663.51655095429,883.7287098429684,669182.3296862362,3.210752811855133,1.0803058601802162,0.0,0.019802346125594728,0.0,0.022153090057884597,0.0,0.00478287160339953,0.029215165837057803,0.0007025491394916987,0.0,0.000312811132808229,0.0,0.0034743412309581737,0.0,1.3864033530503296e-06,0.0,0.0
S3d_O8,44,11.0,11.0,21600.0,21600.0,41.127641290737884,18052.484917530168,1154.3939962523862,0.9809763979173628,0.808017462949973,0.7397298852634182,0.02870072156197386,0.0502903601488037,0.07899108171077755,0.02233677176058852,0.0011126795015166762,0.5760193959980345,0.09220598818164057,0.6682253841796751,0.0011060832400321447,912.3827117423116,78352.3777150282,906.97386316335,683483.7721700637,3.259499789430077,1.0970607264473093,0.0,0.019314034015819322,0.0,0.02176079681360643,0.0,0.004811910517787317,0.02870072156197386,0.0006876025931775702,0.0,0.0003070695474560707,0.0,0.0034076550051022124,0.0,1.2916558547699057e-06,0.0,0.0
S3d_O8,45,11.25,11.25,21600.0,21600.0,41.25,17926.54622281265,1146.0280862364948,0.9811081564124262,0.8110949791979928,0.7437174703023954,0.02850521088391259,0.049715973447548883,0.07822118433146147,0.022162011790186148,0.0011186775073047544,0.5710108340712744,0.09118785542268204,0.6621986894939564,0.0011120456880387506,936.0245160697698,80018.08146559377,930.4755125557191,697579.9523206785,3.308972490274666,1.1140583876609385,0.0,0.01903338373134479,0.0,0.02150322627717043,0.0,0.0048237160953313075,0.02850521088391259,0.0006786242636453761,0.0,0.0003044585253774591,0.0,0.0033713057637423083,0.0,1.2587909372173073e-06,0.0,0.0
S3d_O8,46,11.5,11.5,21600.0,21600.0,41.127641290737884,17998.813812743196,1143.5382399090468,0.9810396992874607,0.808017462949973,0.7397298852634182,0.028631657281348703,0.04952567911110151,0.07815733639245022,0.022228142953909583,0.0011126795015166762,0.5727309352951895,0.09084846029613351,0.663579395591323,0.0011060832400321447,959.6670810859068,81675.00549642244,953.9779181272012,711627.3639949085,3.3579638118433404,1.1308682273138428,0.0,0.01896672278644608,0.0,0.02139332980845562,0.0,0.004816912097221984,0.028631657281348703,0.0006760013367952295,0.0,0.00030503809156561033,0.0,0.003366391828558132,0.0,1.283162058849039e-06,0.0,0.0
S3d_O8,47,11.75,11.75,21600.0,21600.0,40.772542485937365,18266.366453573144,1147.4246479504395,0.9807734429424004,0.7988362482971731,0.7278710495576813,0.02907442409993565,0.04973743396424388,0.07881185806417954,0.022533606945259393,0.0010948417966131778,0.5813974050076153,0.09122144170698987,0.6726188467146051,0.0010883512818110172,983.053125922565,83337.90338985683,977.2253242393916,725782.7558689811,3.4053025480039776,1.14707387911307,0.0,0.019125597612546945,0.0,0.02143700423213384,0.0,0.004791328447415847,0.02907442409993565,0.0006799061771665881,0.0,0.0003088049141664488,0.0,0.003393424322109612,0.0,1.3682587046002893e-06,0.0,0.0
S3d_O8,48,12.0,12.0,21600.0,21600.0,40.219463130731185,18726.447585454007,1159.0374056074193,0.9803109271938454,0.7837771116149006,0.7085421765182374,0.02982383170259557,0.050400069607908084,0.08022390131050365,0.023077682109610653,0.0010657678856534373,0.5980923709771833,0.09240534912294074,0.690497720100124,0.001059449728766388,1005.9337430775638,85022.06558997191,999.9702989803116,740217.9188217868,3.4498765171041215,1.1622707377138033,0.0,0.019547029604625437,0.0,0.021641015421031584,0.0,0.004750945589280003,0.02982383170259557,0.0006903682869618753,0.0,0.0003158006528283682,0.0,0.003453383684464079,0.0,1.5263687167305245e-06,0.0,0.0
S3d_O8,49,12.25,12.25,21600.0,21600.0,39.522542485937365,19361.234336055866,1171.7031706709872,0.9796764278441644,0.7634373037471877,0.6826789626589136,0.03089621231017617,0.05121664285820406,0.08211285516838024,0.02383959376998011,0.0010268652152626582,0.6154477492047514,0.09381054106206911,0.7092582902668205,0.0010207776838036808,1028.0821622189062,86740.22026362103,1021.9874163731035,755032.7765769825,3.4907404910292605,1.1761498183926542,0.0,0.019985450155376703,0.0,0.021973375681267802,0.0,0.004688538512202392,0.03089621231017617,0.0007077432088145893,0.0,0.0003239658482889197,0.0,0.0035358874875865394,0.0,1.6819646671165788e-06,0.0,0.0
S3d_O8,50,12.5,12.5,21600.0,21600.0,38.75,20139.346244307973,1183.3920666804397,0.9789029840869929,0.7390423888027,0.6520342542373311,0.0322401063502563,0.05208100673590259,0.08432111308615889,0.024776751348598858,0.0009807703641961667,0.6323138462106247,0.09523636084337708,0.7275502070540018,0.0009749560953346493,1049.3157687864682,88500.47141643366,1043.0951444455657,770228.8593044283,3.527226976267163,1.1885406238067746,0.0,0.02036207457439048,0.0,0.02241156333505252,0.0,0.004606558732624439,0.0322401063502563,0.0007314017210948657,0.0,0.000332735850508506,0.0,0.00363485232352791,0.0,1.8201987038792022e-06,0.0,0.0
S3d_O8,51,12.75,12.75,21600.0,21600.0,37.97745751406263,21001.16673137358,1197.8453987835803,0.9780455727489492,0.7126370627291281,0.6193334023908916,0.033721556248643196,0.05311839372924644,0.08683994997788963,0.0258185128126562,0.0009315827238743077,0.6525624647880877,0.09695695479634106,0.7495194195844287,0.0009260600524916043,1069.5248302519324,90309.20808905375,1063.184401193138,785837.723667168,3.5589743226798394,1.1993395615337812,0.0,0.0208075696609363,0.0,0.02294027619253673,0.0,0.004518199321179826,0.033721556248643196,0.0007592679548154782,0.0,0.0003424973032575426,0.0,0.003748595381652311,0.0,1.9879148682623314e-06,0.0,0.0
S3d_O8,52,13.0,13.0,21600.0,21600.0,37.280536869268815,21854.105796555978,1214.788944100859,0.9771951578471316,0.6870515445807625,0.58812289446444,0.035180773504999846,0.05426979596617189,0.08945056947117173,0.026857257414971077,0.000884636814166577,0.674233521955396,0.09888867298377356,0.7731221949391696,0.0008793924506844318,1088.7012364878412,92170.52428230288,1082.2471245673664,801914.1221527602,3.5860198337185483,1.2085441201217026,0.0,0.021314598177466865,0.0,0.02351250932933042,0.0,0.0044326273065995805,0.035180773504999846,0.0007885282177953732,0.0,0.0003522615372442635,0.0,0.003867097165671734,0.0,2.1742320636474837e-06,0.0,0.0
S3d_O8,53,13.25,13.25,21600.0,21600.0,36.72745751406263,22585.652730521157,1232.3262567504578,0.9764634304454708,0.6655438918795831,0.5622559937833744,0.03642606243902562,0.05539666402713873,0.09182272646616435,0.02775636418263559,0.0008457285981691386,0.6942122692969165,0.10079711919756114,0.7950093884944777,0.0008407148929909039,1106.9563237699117,94082.90401888745,1100.393990812767,818457.4418412395,3.6089023294341627,1.216326472953332,0.0,0.021822522140781793,0.0,0.024061429093425443,0.0,0.004357884861436758,0.03642606243902562,0.0008156312426290492,0.0,0.00036078128166937724,0.0,0.003976062598157463,0.0,2.3528090388439177e-06,0.0,0.0
S3d_O8,54,13.5,13.5,21600.0,21600.0,36.372358709262116,23085.723426383618,1247.7021335042705,0.9759602454106041,0.6511747745022454,0.5451657636924687,0.0372724784146373,0.05632083683963569,0.093593315254273,0.028379791269325466,0.0008200219867733009,0.7087388043546025,0.10237067376068218,0.8111094781152847,0.000815160677258343,1124.518548372504,96037.75682443293,1117.8521018538434,835390.8504016923,3.628654503402065,1.2230367037586194,0.0,0.022242047983964765,0.0,0.024512031306374894,0.0,0.004300705545906492,0.0372724784146373,0.0008368730471797025,0.0,0.00036683284732799817,0.0,0.004059859697052352,0.0,2.4864118294976086e-06,0.0,0.0
S3d_O8,55,13.75,13.75,21600.0,21600.0,36.25,23272.940614032024,1258.1414907039248,0.9757673595437921,0.6461225723909806,0.539193661275189,0.03758529647119281,0.05687328143875519,0.094458577909948,0.028625252641144266,0.0008110389294803012,0.714572363308264,0.10330976128024666,0.8178821245885106,0.0008062308739299885,1141.7088454534276,98019.6967068732,1134.9404902590088,852559.3218952882,3.646688677325901,1.2291667014439207,0.0,0.02248380440093485,0.0,0.024796723107742055,0.0,0.004266466713799052,0.03758529647119281,0.0008491705915962986,0.0,0.00036949225297734547,0.0,0.004105084736725785,0.0,2.5396349797986125e-06,0.0,0.0
S3d_O8,56,14.0,14.0,21600.0,21600.0,36.372358709262116,23116.316855803132,1261.933245096901,0.9759164994210118,0.6511747745022454,0.5451657636924687,0.03731385572002052,0.056953408962030286,0.09426726468205081,0.028451753620672607,0.0008200219867733009,0.7103720938870465,0.10343654569167741,0.8138086395787238,0.000815160677258343,1158.8987551094795,100008.69572888229,1152.028493536061,869755.8590618199,3.66460031528925,1.2352775234528774,0.0,0.02249587946579877,0.0,0.02487295796041547,0.0,0.004258577144754833,0.03731385572002052,0.0008507576247146051,0.0,0.00036835966152946235,0.0,0.0041043803443098215,0.0,2.4967605073218018e-06,0.0,0.0
S3d_O8,57,14.25,14.25,21600.0,21600.0,36.72745751406263,22643.499783936822,1259.1255954584983,0.9763807798371301,0.6655438918795831,0.5622559937833744,0.03650397718115401,0.056565913431285766,0.09306989061243978,0.02789077058417084,0.0008457285981691386,0.6973345115559563,0.10276312722723743,0.8000976387831937,0.0008407148929909039,1176.4598373673823,101983.67694728983,1169.4854690045725,886770.2788023818,3.6839334198225813,1.2419075451661958,0.0,0.022287005349555546,0.0,0.02473459436230264,0.0,0.00427811230855577,0.03650397718115401,0.0008415698188801858,0.0,0.00036365536778745164,0.0,0.004058605222395753,0.0,2.3710018084133187e-06,0.0,0.0
S3d_O8,58,14.5,14.5,21600.0,21600.0,37.280536869268815,21933.44486016568,1251.388291032641,0.9770818699610776,0.6870515445807625,0.58812289446444,0.035286982500585685,0.05581348540833698,0.09110046790892266,0.027037961548224517,0.000884636814166577,0.6785890243180718,0.10147694487184093,0.7800659691899127,0.0008793924506844318,1194.7130873683814,103926.42704076438,1187.6305088607949,903438.8721439785,3.705959107055605,1.2494876247360749,0.0,0.02191990487241594,0.0,0.02441189101975163,0.0,0.004323715753949179,0.035286982500585685,0.0008232279816452034,0.0,0.0003561610840330969,0.0,0.003976388159343476,0.0,2.1965371984533618e-06,0.0,0.0
S3d_O8,59,14.75,14.75,21600.0,21600.0,37.97745751406263,21095.09928400983,1241.1798279066923,0.9779113285990103,0.7126370627291281,0.6193334023908916,0.033846390536176295,0.054851650554563626,0.08869804109073992,0.026026868579211323,0.0009315827238743077,0.6578300857049838,0.09985606002569183,0.7576861457306756,0.0009260600524916043,1213.8870606001033,105824.54253602069,1206.6908136543354,919672.764502036,3.731514058910914,1.2582859400289401,0.0,0.021480357450590303,0.0,0.02396044673408921,0.0,0.0043919661918546,0.033846390536176295,0.0007985969964077556,0.0,0.00034701996824557677,0.0,0.00387125232869782,0.0,2.010884678367215e-06,0.0,0.0
S3d_O8,60,15.0,15.0,21600.0,21600.0,38.75,20240.90487556157,1230.8298648976456,0.9787571419028178,0.7390423888027,0.6520342542373311,0.032374067208008096,0.05383834945354089,0.086212416661549,0.02499551340033686,0.0009807703641961667,0.638143469088271,0.09817596622899868,0.7363194353172697,0.0009749560953346493,1234.0932266155596,107672.63678356266,1226.7771921169015,935458.3444339248,3.7609303824039912,1.2683919190095387,0.0,0.021046520202540192,0.0,0.023446192043750626,0.0,0.004477172969960137,0.032374067208008096,0.0007710761938940531,0.0,0.00033746560345497133,0.0,0.0037580809533635517,0.0,1.8414865773632632e-06,0.0,0.0
S3d_O8,61,15.25,15.25,21600.0,21600.0,39.52254248593737,19470.09867348414,1222.4722519218992,0.9795200512285872,0.7634373037471879,0.6826789626589138,0.03103880083555753,0.052921304433865266,0.0839601052694228,0.024064744865729435,0.0010268652152626587,0.6218427144548052,0.09669041627892284,0.718533130733728,0.0010207776838036813,1255.3235541368113,109472.1503351055,1247.8816605821162,950842.89599662,3.7940570180300988,1.2797319687781745,0.0,0.020683137500429244,0.0,0.022938837429577648,0.0,0.004574042104595499,0.03103880083555753,0.0007439866034869478,0.0,0.0003286942702103243,0.0,0.003650903617031401,0.0,1.7029085341961492e-06,0.0,0.0
S3d_O8,62,15.5,15.5,21600.0,21600.0,40.219463130731185,18836.930530683534,1211.9246887840661,0.980150786655215,0.7837771116149006,0.7085421765182374,0.029967520801517527,0.05196799422005439,0.08193551502157191,0.023298340840175746,0.0010657678856534373,0.6047093442752645,0.0951014226122762,0.6998107668875406,0.001059449728766388,1277.4683957743707,111227.68780918051,1269.8952216795237,965852.0629697838,3.830396306817593,1.2921489623655444,0.0,0.020243290595103124,0.0,0.022464868944437468,0.0,0.004665179193422223,0.029967520801517527,0.0007201327690813563,0.0,0.00032026953761380724,0.0,0.0035527054150911157,0.0,1.54776530529348e-06,0.0,0.0
S3d_O8,63,15.75,15.75,21600.0,21600.0,40.77254248593737,18373.274378591566,1198.8384673153234,0.9806181774713434,0.7988362482971733,0.7278710495576816,0.02921251338345721,0.05099671778780612,0.08020923117126333,0.02272848605904464,0.0010948417966131782,0.5878950527869666,0.09342229064258291,0.6813173434295495,0.0010883512818110177,1300.3453337606477,112944.49673676262,1292.6365390628173,980475.6112186795,3.869244431626905,1.305443350243232,0.0,0.019719590870283184,0.0,0.022052878606295637,0.0,0.0047403609927053935,0.02921251338345721,0.000701171708430401,0.0,0.00031265692774723724,0.0,0.0034686726001153445,0.0,1.3860822289229467e-06,0.0,0.0
S3d_O8,64,16.0,16.0,21600.0,21600.0,41.127641290737884,18098.421570358354,1190.3510662563974,0.9808960653975363,0.808017462949973,0.7397298852634182,0.0287597315570494,0.05033254810421046,0.07909227966125985,0.022379945124397876,0.0011126795015166762,0.5788493074938673,0.09228761430077088,0.6711369217946382,0.0011060832400321447,1323.7278166534927,114631.84484567703,1315.8804043473497,994801.0307839481,3.909723585955697,1.319314410991878,0.0,0.019367603342200466,0.0,0.0217534539158393,0.0,0.004803180101878392,0.0287597315570494,0.0006875575524385323,0.0,0.0003079695750229673,0.0,0.003411488741800885,0.0,1.2948750299193215e-06,0.0,0.0
S3d_O8,65,16.25,16.25,21600.0,21600.0,41.25,18017.014332110273,1187.2960106700316,0.9809789176281285,0.8110949791979928,0.7437174703023954,0.0286212981224935,0.0500243872977644,0.0786456854202579,0.02226499011237438,0.0011186775073047544,0.5765967085911938,0.09178368453801292,0.6683803931292067,0.0011120456880387506,1347.3670942035637,116302.9403507306,1339.3795419417434,1008992.0433018571,3.950850436834478,1.3333979723290608,0.0,0.019217261690118052,0.0,0.021586313469117047,0.0,0.004849231419589217,0.0286212981224935,0.0006798577378533171,0.0,0.0003063550413060849,0.0,0.003384102771151345,0.0,1.2651686293351866e-06,0.0,0.0
S3d_O8,66,16.5,16.5,21600.0,21600.0,41.127641290737884,18129.468360909905,1189.7314652023058,0.9808662199411361,0.808017462949973,0.7397298852634182,0.028799560868045956,0.0500808457689394,0.07888040663698535,0.022385681172391286,0.0011126795015166762,0.5807700484479152,0.0919207496900047,0.67269079813792,0.0011060832400321447,1371.0060131026173,117971.76591569796,1362.8783230112986,1023199.3002555815,3.991630380146667,1.3473392660087444,0.0,0.019269459254804593,0.0,0.021561418804245704,0.0,0.0048749307655913164,0.028799560868045956,0.0006784367062738266,0.0,0.00030783057644949484,0.0,0.003387477083515924,0.0,1.2925780585389892e-06,0.0,0.0
S3d_O8,67,16.75,16.75,21600.0,21600.0,40.77254248593737,18434.561561809336,1198.118291394671,0.980558786161628,0.7988362482971733,0.7278710495576816,0.02929145101092389,0.0505196919729638,0.0798111429838877,0.022742034489779205,0.0010948417966131782,0.5916537053194242,0.09273121729009785,0.684384922609522,0.0010883512818110177,1394.3874350842918,119652.57686843441,1386.1211336740255,1037573.0130124539,4.031089425238592,1.3607923258787262,0.0,0.019535951948911064,0.0,0.021684945225904622,0.0,0.0048791596450644716,0.02929145101092389,0.0006834942771389717,0.0,0.0003124068882561299,0.0,0.003422352987133492,0.0,1.381000555055586e-06,0.0,0.0
S3d_O8,68,17.0,17.0,21600.0,21600.0,40.219463130731185,18926.85010015635,1213.4793331539645,0.9800611322331548,0.7837771116149006,0.7085421765182374,0.030084084928408618,0.05137652080938941,0.08146060573779804,0.023330170992495323,0.0010657678856534373,0.6101508829550142,0.09428752321780895,0.7044384061728232,0.001059449728766388,1417.2626388617343,121360.01249099938,1408.8607271293383,1052276.9144024285,4.068295894226425,1.3734189702050206,0.0,0.02004735197055551,0.0,0.021959540384087234,0.0,0.004863639920864687,0.030084084928408618,0.0006950117426546105,0.0,0.0003200557499482006,0.0,0.0034893782081458304,0.0,1.5428331333381551e-06,0.0,0.0
S3d_O8,69,17.25,17.25,21600.0,21600.0,39.52254248593737,19585.097176930587,1228.7613625039126,0.9794012547830949,0.7634373037471879,0.6826789626589138,0.031188898012292986,0.05233790804482208,0.08352680605711507,0.02412411092724171,0.0010268652152626587,0.6286737639183129,0.0959680086519324,0.7246417725702453,0.0010207776838036813,1439.4051310808863,123105.75291824256,1430.871952736319,1067398.0782456992,4.102455436556027,1.3849610594855262,0.0,0.02054897917594496,0.0,0.022348557078301017,0.0,0.004819268333966381,0.031188898012292986,0.00071325873180633,0.0,0.00032869738792317245,0.0,0.003577445654378397,0.0,1.701682501819389e-06,0.0,0.0
S3d_O8,70,17.5,17.5,21600.0,21600.0,38.75,20375.774098262566,1241.7040128851265,0.9786145049323204,0.7390423888027,0.6520342542373311,0.0325513387791357,0.053286836737460264,0.08583817551659596,0.025078304812745734,0.0009807703641961667,0.645973353239578,0.09755146944184276,0.7435248226814208,0.0009749560953346493,1460.6326302759865,124896.48733505912,1451.9736096424556,1082921.3420115288,4.133004578458167,1.3952764577401615,0.0,0.02095677769831796,0.0,0.022825537765543275,0.0,0.004747463350351233,0.0325513387791357,0.0007375377705103663,0.0,0.00033773628844615915,0.0,0.00367994170068855,0.0,1.8421636027211022e-06,0.0,0.0
S3d_O8,71,17.75,17.75,21600.0,21600.0,37.977457514062635,21238.59436296976,1256.0355790123824,0.9777564877883052,0.7126370627291283,0.6193334023908919,0.0340364478490305,0.05434640732276839,0.08838285517179889,0.02612212558618354,0.0009315827238743081,0.6659652194517487,0.09930911512236998,0.7652743345741186,0.0009260600524916046,1480.8357275671556,126737.01678692136,1472.0569375729522,1098860.8041271956,4.159634234055876,1.4042785659193644,0.0,0.02140225330307325,0.0,0.023372463315169074,0.0,0.0046614094223979925,0.0340364478490305,0.0007657368826610358,0.0,0.0003475155673192279,0.0,0.0037950175560837927,0.0,2.0112760640118505e-06,0.0,0.0
S3d_O8,72,18.0,18.0,21600.0,21600.0,37.280536869268815,22079.137371360703,1271.4699072068754,0.976919908491598,0.6870515445807625,0.58812289446444,0.035481420351123685,0.055455047675927564,0.09093646802705124,0.027146311670122436,0.000884636814166577,0.6866665470734605,0.10115381056877945,0.78782035764224,0.0008793924506844318,1500.0065955385696,128629.76599255315,1491.114155514998,1115254.0089696404,4.182369789536484,1.4119652115508372,0.0,0.02187821961753454,0.0,0.023939627609063624,0.0,0.004570671948406086,0.035481420351123685,0.0007949816578954611,0.0,0.0003570172217997426,0.0,0.0039123319467102265,0.0,2.1976745178843646e-06,0.0,0.0
S3d_O8,73,18.25,18.25,21600.0,21600.0,36.727457514062635,22783.63735474251,1286.139364147299,0.9762175901209934,0.6655438918795834,0.5622559937833749,0.03669224128591486,0.05647368229759534,0.0931659235835102,0.02801301887881927,0.0008457285981691392,0.7049618263176685,0.1028514995883955,0.8078133259060639,0.0008407148929909045,1518.2568075936556,130571.47487434992,1509.2561754350627,1132082.989845417,4.201661702984374,1.4184819997813456,0.0,0.022324806361261565,0.0,0.024458502447594302,0.0,0.004484020375054194,0.03669224128591486,0.0008216666132601975,0.0,0.00036498169738223747,0.0,0.004017330309416559,0.0,2.3744936262876247e-06,0.0,0.0
S3d_O8,74,18.5,18.5,21600.0,21600.0,36.372358709262116,23242.320168017806,1297.3844041747022,0.9757589460577618,0.6511747745022454,0.5451657636924687,0.03748393432041695,0.05722757859413584,0.09471151291455279,0.02858656715208326,0.0008200219867733009,0.7171424880854572,0.10409795753852177,0.821240445623979,0.000815160677258343,1535.815003968095,132551.82572411973,1526.710282128399,1149254.2801770465,4.218383397919468,1.4241264926032133,0.0,0.022654969192636737,0.0,0.02485437716128016,0.0,0.004409094492968606,0.03748393432041695,0.0008420686244855061,0.0,0.0003702023067435866,0.0,0.004094362609622931,0.0,2.5042063983075867e-06,0.0,0.0
S3d_O8,75,18.75,18.75,21600.0,21600.0,36.25,23377.55065199305,1302.6972107505815,0.9756218193210453,0.6461225723909806,0.539193661275189,0.03772680063416774,0.05756042754697545,0.09528722818114319,0.028768899921172614,0.0008110389294803012,0.7201599013474379,0.10461795965297138,0.8247778610004093,0.0008062308739299885,1553.002243475256,134553.92869744136,1543.7956310859167,1166599.12325789,4.233737152048342,1.429318400529393,0.0,0.022785868472594468,0.0,0.025063876851064964,0.0,0.004352585269035267,0.03772680063416774,0.0008531686885460331,0.0,0.00037182848208141644,0.0,0.0041305480162720405,0.0,2.551767381257814e-06,0.0,0.0
S3d_O8,76,19.0,19.0,21600.0,21600.0,36.372358709262116,23161.6161031904,1300.5479481147008,0.9758346098481666,0.6511747745022454,0.5451657636924687,0.037375063403140014,0.057381830769809745,0.09475689417294976,0.02852283770739053,0.0008200219867733009,0.7127980312386735,0.10425244275317211,0.8170504739918456,0.000815160677258343,1570.1901530789116,136556.58733977712,1560.881646167418,1183900.4792621196,4.2490899225510175,1.4345390531507054,0.0,0.022670413230593045,0.0,0.025048563931018716,0.0,0.004318462010320309,0.037375063403140014,0.0008532811384284875,0.0,0.00036951452161779365,0.0,0.004119093818180978,0.0,2.502119650414241e-06,0.0,0.0
S3d_O8,77,19.25,19.25,21600.0,21600.0,36.72745751406263,22628.217525991517,1291.3109358487973,0.9763642761317929,0.6655438918795831,0.5622559937833744,0.036483404787168064,0.05671416517449741,0.09319756996166548,0.02788680308058345,0.0008457285981691386,0.696508185569426,0.10304603919831161,0.7995542247677375,0.0008407148929909039,1587.7503593606318,138537.97515549345,1578.3377508527678,1200942.4722361213,4.265773596716597,1.4402531774174299,0.0,0.022325735283438043,0.0,0.024809431662153027,0.0,0.004308716209958272,0.036483404787168064,0.0008424906914309604,0.0,0.00036358092569446716,0.0,0.004061840801071117,0.0,2.3696007515265873e-06,0.0,0.0
S3d_O8,78,19.5,19.5,21600.0,21600.0,37.280536869268815,21861.81644337212,1277.0128895565492,0.9771268204917979,0.6870515445807625,0.58812289446444,0.0351911055462966,0.0556791198292804,0.090870225375577,0.02696285707015707,0.000884636814166577,0.6746554905813361,0.10122113618551422,0.7758766267668503,0.0008793924506844318,1606.0038880798088,140479.66948867336,1596.4830677748523,1217561.361503762,4.284891742370281,1.4468346064681505,0.0,0.021823344445371422,0.0,0.024384606729731122,0.0,0.0043230630494073535,0.0351911055462966,0.0008225716507404654,0.0,0.000354908084317858,0.0,0.003968436534813869,0.0,2.189334898312614e-06,0.0,0.0
S3d_O8,79,19.75,19.75,21600.0,21600.0,37.97745751406263,20979.63621883398,1260.7893184365455,0.9780050693881664,0.7126370627291281,0.6193334023908916,0.0336928958747002,0.05446475268301675,0.08815764855771696,0.02589416393093114,0.0009315827238743077,0.6513614135095563,0.09911696695085369,0.75047838046041,0.0009260600524916043,1625.1792339072258,142369.78139388206,1615.5447370269737,1233676.0579409634,4.307173391830548,1.4545157242768842,0.0,0.021264489562835446,0.0,0.023842027912362937,0.0,0.004360957478580637,0.0336928958747002,0.0007965983048577679,0.0,0.0003448061528272805,0.0,0.00385387354937264,0.0,1.999722180047791e-06,0.0,0.0
S3d_O8,80,20.0,20.0,10800.0,21600.0,38.75,20090.77879421268,1244.9599386478533,0.9788902580179503,0.7390423888027,0.6520342542373311,0.03217590080063816,0.053228777166733,0.08540467796737117,0.024815461013956545,0.0009807703641961667,0.6295458746510801,0.09700843979607783,0.726554314447158,0.0009749560953346493,1645.3877530659986,144203.8420859011,1635.6334546827939,1249284.0948305726,4.332911759363791,1.4633741512431864,0.0,0.02072616048188415,0.0,0.023248463942408815,0.0,0.004416969360191136,0.03217590080063816,0.0007679548269329134,0.0,0.0003344641203508875,0.0,0.0037329367393620807,0.0,1.8276956030234845e-06,0.0,0.0
