selection_id,lo_keV,hi_keV,reference_flux_ph_cm2_s,plane_rate_at_reference_flux_s-1,plane_rate_per_flux_cps_per_ph_cm2_s,science_final_cps_at_reference_flux,science_final_response_cps_per_ph_cm2_s,background_final_cps_day15,low_stat_final_background_events
broad_480_550,480.0,550.0,0.0001,0.0014843489008928919,14.843489008928918,0.001183280768712488,11.83280768712488,0.13307164745029706,790
w2_510p58_511p42,510.58,511.42,0.0001,0.0014843489008928919,14.843489008928918,0.0011811656293957314,11.811656293957313,0.07295764410312272,247
