stream,events,rate_hz,fraction
prompt,87,0.05908272463250492,0.9458522708297603
delayed,39,0.003382341482601921,0.05414772917023968
