primary,events,rate_hz,fraction
Cu64,29,0.002515074435780916,0.7435897435897435
Cu62,9,0.0007805403421389055,0.23076923076923087
Cu61,1,8.672670468210059e-05,0.025641025641025647
