signal_retention,net_copper_suppression,net_nb_plus_mu_suppression,delayed_residual_counts,candidate_gate_counts,required_prompt_suppression_raw,required_prompt_suppression_clipped,feasible_with_prompt_zero,no_prompt_reduction_needed
1.0,0.0,0.0,88804.86265187593,27073.008579395755,2.114313922443226,1.0,0,0
1.0,0.0,0.05,87424.6055543669,27073.008579395755,2.0893990754260026,1.0,0,0
1.0,0.0,0.1,86044.34845685789,27073.008579395755,2.0644842284087797,1.0,0,0
1.0,0.0,0.15,84664.09135934887,27073.008579395755,2.0395693813915567,1.0,0,0
1.0,0.0,0.2,83283.83426183985,27073.008579395755,2.014654534374334,1.0,0,0
1.0,0.0,0.25,81903.57716433083,27073.008579395755,1.9897396873571107,1.0,0,0
1.0,0.0,0.3,80523.3200668218,27073.008579395755,1.9648248403398876,1.0,0,0
1.0,0.0,0.35,79143.0629693128,27073.008579395755,1.9399099933226651,1.0,0,0
1.0,0.0,0.4,77762.80587180376,27073.008579395755,1.9149951463054418,1.0,0,0
1.0,0.0,0.45,76382.54877429476,27073.008579395755,1.8900802992882189,1.0,0,0
1.0,0.0,0.5,75002.29167678574,27073.008579395755,1.865165452270996,1.0,0,0
1.0,0.0,0.55,73622.03457927672,27073.008579395755,1.840250605253773,1.0,0,0
1.0,0.0,0.6,72241.7774817677,27073.008579395755,1.8153357582365501,1.0,0,0
1.0,0.0,0.65,70861.52038425868,27073.008579395755,1.790420911219327,1.0,0,0
1.0,0.0,0.7,69481.26328674966,27073.008579395755,1.7655060642021039,1.0,0,0
1.0,0.0,0.75,68101.00618924064,27073.008579395755,1.740591217184881,1.0,0,0
1.0,0.0,0.8,66720.74909173162,27073.008579395755,1.715676370167658,1.0,0,0
1.0,0.0,0.85,65340.4919942226,27073.008579395755,1.690761523150435,1.0,0,0
1.0,0.0,0.9,63960.23489671358,27073.008579395755,1.6658466761332118,1.0,0,0
1.0,0.0,0.95,62579.97779920456,27073.008579395755,1.640931829115989,1.0,0,0
1.0,0.0,1.0,61199.720701695536,27073.008579395755,1.616016982098766,1.0,0,0
1.0,0.05,0.0,85841.04693854679,27073.008579395755,2.0608144583085344,1.0,0,0
1.0,0.05,0.05,84460.78984103777,27073.008579395755,2.0358996112913115,1.0,0,0
1.0,0.05,0.1,83080.53274352875,27073.008579395755,2.010984764274088,1.0,0,0
1.0,0.05,0.15,81700.27564601973,27073.008579395755,1.9860699172568652,1.0,0,0
1.0,0.05,0.2,80320.0185485107,27073.008579395755,1.9611550702396423,1.0,0,0
1.0,0.05,0.25,78939.76145100169,27073.008579395755,1.9362402232224194,1.0,0,0
1.0,0.05,0.3,77559.50435349267,27073.008579395755,1.9113253762051963,1.0,0,0
1.0,0.05,0.35,76179.24725598365,27073.008579395755,1.8864105291879731,1.0,0,0
1.0,0.05,0.4,74798.99015847463,27073.008579395755,1.8614956821707502,1.0,0,0
1.0,0.05,0.45,73418.7330609656,27073.008579395755,1.8365808351535273,1.0,0,0
1.0,0.05,0.5,72038.47596345659,27073.008579395755,1.8116659881363044,1.0,0,0
1.0,0.05,0.55,70658.21886594757,27073.008579395755,1.7867511411190813,1.0,0,0
1.0,0.05,0.6,69277.96176843856,27073.008579395755,1.7618362941018586,1.0,0,0
1.0,0.05,0.65,67897.70467092954,27073.008579395755,1.7369214470846355,1.0,0,0
1.0,0.05,0.7,66517.44757342052,27073.008579395755,1.7120066000674126,1.0,0,0
1.0,0.05,0.75,65137.1904759115,27073.008579395755,1.6870917530501894,1.0,0,0
1.0,0.05,0.8,63756.93337840247,27073.008579395755,1.6621769060329665,1.0,0,0
1.0,0.05,0.85,62376.67628089346,27073.008579395755,1.6372620590157436,1.0,0,0
1.0,0.05,0.9,60996.41918338444,27073.008579395755,1.6123472119985205,1.0,0,0
1.0,0.05,0.95,59616.16208587542,27073.008579395755,1.5874323649812974,1.0,0,0
1.0,0.05,1.0,58235.9049883664,27073.008579395755,1.5625175179640745,1.0,0,0
1.0,0.1,0.0,82877.23122521765,27073.008579395755,2.007314994173843,1.0,0,0
1.0,0.1,0.05,81496.97412770863,27073.008579395755,1.98240014715662,1.0,0,0
1.0,0.1,0.1,80116.71703019961,27073.008579395755,1.9574853001393968,1.0,0,0
1.0,0.1,0.15,78736.45993269059,27073.008579395755,1.9325704531221737,1.0,0,0
1.0,0.1,0.2,77356.20283518157,27073.008579395755,1.9076556061049508,1.0,0,0
1.0,0.1,0.25,75975.94573767255,27073.008579395755,1.8827407590877279,1.0,0,0
1.0,0.1,0.3,74595.68864016353,27073.008579395755,1.857825912070505,1.0,0,0
1.0,0.1,0.35,73215.43154265452,27073.008579395755,1.832911065053282,1.0,0,0
1.0,0.1,0.4,71835.17444514549,27073.008579395755,1.8079962180360587,1.0,0,0
1.0,0.1,0.45,70454.91734763648,27073.008579395755,1.7830813710188362,1.0,0,0
1.0,0.1,0.5,69074.66025012746,27073.008579395755,1.758166524001613,1.0,0,0
1.0,0.1,0.55,67694.40315261844,27073.008579395755,1.73325167698439,1.0,0,0
1.0,0.1,0.6,66314.14605510942,27073.008579395755,1.708336829967167,1.0,0,0
1.0,0.1,0.65,64933.88895760039,27073.008579395755,1.683421982949944,1.0,0,0
1.0,0.1,0.7,63553.63186009138,27073.008579395755,1.658507135932721,1.0,0,0
1.0,0.1,0.75,62173.37476258236,27073.008579395755,1.633592288915498,1.0,0,0
1.0,0.1,0.8,60793.11766507333,27073.008579395755,1.608677441898275,1.0,0,0
1.0,0.1,0.85,59412.86056756432,27073.008579395755,1.583762594881052,1.0,0,0
1.0,0.1,0.9,58032.6034700553,27073.008579395755,1.5588477478638292,1.0,0,0
1.0,0.1,0.95,56652.34637254628,27073.008579395755,1.533932900846606,1.0,0,0
1.0,0.1,1.0,55272.08927503726,27073.008579395755,1.509018053829383,1.0,0,0
1.0,0.15,0.0,79913.41551188851,27073.008579395755,1.9538155300391513,1.0,0,0
1.0,0.15,0.05,78533.15841437949,27073.008579395755,1.9289006830219284,1.0,0,0
1.0,0.15,0.1,77152.90131687047,27073.008579395755,1.9039858360047055,1.0,0,0
1.0,0.15,0.15,75772.64421936145,27073.008579395755,1.8790709889874824,1.0,0,0
1.0,0.15,0.2,74392.38712185243,27073.008579395755,1.8541561419702592,1.0,0,0
1.0,0.15,0.25,73012.13002434341,27073.008579395755,1.8292412949530363,1.0,0,0
1.0,0.15,0.3,71631.87292683439,27073.008579395755,1.8043264479358134,1.0,0,0
1.0,0.15,0.35,70251.61582932537,27073.008579395755,1.7794116009185905,1.0,0,0
1.0,0.15,0.4,68871.35873181635,27073.008579395755,1.7544967539013674,1.0,0,0
1.0,0.15,0.45,67491.10163430733,27073.008579395755,1.7295819068841443,1.0,0,0
1.0,0.15,0.5,66110.84453679831,27073.008579395755,1.7046670598669214,1.0,0,0
1.0,0.15,0.55,64730.587439289295,27073.008579395755,1.6797522128496984,1.0,0,0
1.0,0.15,0.6,63350.330341780274,27073.008579395755,1.6548373658324755,1.0,0,0
1.0,0.15,0.65,61970.073244271254,27073.008579395755,1.6299225188152526,1.0,0,0
1.0,0.15,0.7,60589.81614676224,27073.008579395755,1.6050076717980297,1.0,0,0
1.0,0.15,0.75,59209.55904925322,27073.008579395755,1.5800928247808066,1.0,0,0
1.0,0.15,0.8,57829.30195174419,27073.008579395755,1.5551779777635835,1.0,0,0
1.0,0.15,0.85,56449.04485423518,27073.008579395755,1.5302631307463606,1.0,0,0
1.0,0.15,0.9,55068.78775672616,27073.008579395755,1.5053482837291376,1.0,0,0
1.0,0.15,0.95,53688.53065921714,27073.008579395755,1.4804334367119145,1.0,0,0
1.0,0.15,1.0,52308.27356170812,27073.008579395755,1.4555185896946916,1.0,0,0
1.0,0.2,0.0,76949.59979855939,27073.008579395755,1.9003160659044602,1.0,0,0
1.0,0.2,0.05,75569.34270105037,27073.008579395755,1.8754012188872373,1.0,0,0
1.0,0.2,0.1,74189.08560354135,27073.008579395755,1.8504863718700142,1.0,0,0
1.0,0.2,0.15,72808.82850603233,27073.008579395755,1.825571524852791,1.0,0,0
1.0,0.2,0.2,71428.5714085233,27073.008579395755,1.8006566778355682,1.0,0,0
1.0,0.2,0.25,70048.31431101428,27073.008579395755,1.7757418308183452,1.0,0,0
1.0,0.2,0.3,68668.05721350526,27073.008579395755,1.7508269838011221,1.0,0,0
1.0,0.2,0.35,67287.80011599624,27073.008579395755,1.7259121367838992,1.0,0,0
1.0,0.2,0.4,65907.54301848722,27073.008579395755,1.700997289766676,1.0,0,0
1.0,0.2,0.45,64527.285920978204,27073.008579395755,1.6760824427494532,1.0,0,0
1.0,0.2,0.5,63147.02882346918,27073.008579395755,1.6511675957322303,1.0,0,0
1.0,0.2,0.55,61766.77172596016,27073.008579395755,1.6262527487150071,1.0,0,0
1.0,0.2,0.6,60386.51462845114,27073.008579395755,1.601337901697784,1.0,0,0
1.0,0.2,0.65,59006.25753094212,27073.008579395755,1.576423054680561,1.0,0,0
1.0,0.2,0.7,57626.0004334331,27073.008579395755,1.5515082076633382,1.0,0,0
1.0,0.2,0.75,56245.74333592408,27073.008579395755,1.5265933606461153,1.0,0,0
1.0,0.2,0.8,54865.48623841506,27073.008579395755,1.5016785136288922,1.0,0,0
1.0,0.2,0.85,53485.22914090605,27073.008579395755,1.4767636666116692,1.0,0,0
1.0,0.2,0.9,52104.97204339703,27073.008579395755,1.4518488195944463,1.0,0,0
1.0,0.2,0.95,50724.71494588801,27073.008579395755,1.4269339725772232,1.0,0,0
1.0,0.2,1.0,49344.45784837899,27073.008579395755,1.4020191255600003,1.0,0,0
1.0,0.25,0.0,73985.78408523023,27073.008579395755,1.8468166017697685,1.0,0,0
1.0,0.25,0.05,72605.52698772121,27073.008579395755,1.8219017547525453,1.0,0,0
1.0,0.25,0.1,71225.2698902122,27073.008579395755,1.7969869077353227,1.0,0,0
1.0,0.25,0.15,69845.01279270317,27073.008579395755,1.7720720607180995,1.0,0,0
1.0,0.25,0.2,68464.75569519417,27073.008579395755,1.7471572137008766,1.0,0,0
1.0,0.25,0.25,67084.49859768515,27073.008579395755,1.7222423666836537,1.0,0,0
1.0,0.25,0.3,65704.24150017613,27073.008579395755,1.6973275196664308,1.0,0,0
1.0,0.25,0.35,64323.984402667105,27073.008579395755,1.6724126726492077,1.0,0,0
1.0,0.25,0.4,62943.727305158085,27073.008579395755,1.6474978256319845,1.0,0,0
1.0,0.25,0.45,61563.470207649065,27073.008579395755,1.6225829786147616,1.0,0,0
1.0,0.25,0.5,60183.213110140045,27073.008579395755,1.5976681315975387,1.0,0,0
1.0,0.25,0.55,58802.956012631024,27073.008579395755,1.5727532845803158,1.0,0,0
1.0,0.25,0.6,57422.698915122004,27073.008579395755,1.5478384375630927,1.0,0,0
1.0,0.25,0.65,56042.441817612984,27073.008579395755,1.5229235905458696,1.0,0,0
1.0,0.25,0.7,54662.18472010396,27073.008579395755,1.4980087435286467,1.0,0,0
1.0,0.25,0.75,53281.92762259494,27073.008579395755,1.4730938965114238,1.0,0,0
1.0,0.25,0.8,51901.67052508592,27073.008579395755,1.4481790494942006,1.0,0,0
1.0,0.25,0.85,50521.41342757691,27073.008579395755,1.423264202476978,1.0,0,0
1.0,0.25,0.9,49141.15633006789,27073.008579395755,1.3983493554597548,1.0,0,0
1.0,0.25,0.95,47760.89923255887,27073.008579395755,1.3734345084425317,1.0,0,0
1.0,0.25,1.0,46380.64213504985,27073.008579395755,1.3485196614253088,1.0,0,0
1.0,0.3,0.0,71021.96837190111,27073.008579395755,1.7933171376350772,1.0,0,0
1.0,0.3,0.05,69641.71127439209,27073.008579395755,1.7684022906178543,1.0,0,0
1.0,0.3,0.1,68261.45417688307,27073.008579395755,1.7434874436006313,1.0,0,0
1.0,0.3,0.15,66881.19707937405,27073.008579395755,1.7185725965834082,1.0,0,0
1.0,0.3,0.2,65500.93998186503,27073.008579395755,1.693657749566185,1.0,0,0
1.0,0.3,0.25,64120.68288435601,27073.008579395755,1.6687429025489622,1.0,0,0
1.0,0.3,0.3,62740.42578684699,27073.008579395755,1.6438280555317393,1.0,0,0
1.0,0.3,0.35,61360.16868933797,27073.008579395755,1.6189132085145164,1.0,0,0
1.0,0.3,0.4,59979.911591828946,27073.008579395755,1.5939983614972932,1.0,0,0
1.0,0.3,0.45,58599.654494319926,27073.008579395755,1.56908351448007,1.0,0,0
1.0,0.3,0.5,57219.397396810906,27073.008579395755,1.5441686674628472,1.0,0,0
1.0,0.3,0.55,55839.140299301886,27073.008579395755,1.5192538204456243,1.0,0,0
1.0,0.3,0.6,54458.883201792865,27073.008579395755,1.4943389734284012,1.0,0,0
1.0,0.3,0.65,53078.626104283845,27073.008579395755,1.4694241264111783,1.0,0,0
1.0,0.3,0.7,51698.369006774825,27073.008579395755,1.4445092793939551,1.0,0,0
1.0,0.3,0.75,50318.111909265805,27073.008579395755,1.4195944323767322,1.0,0,0
1.0,0.3,0.8,48937.854811756784,27073.008579395755,1.3946795853595093,1.0,0,0
1.0,0.3,0.85,47557.59771424777,27073.008579395755,1.3697647383422864,1.0,0,0
1.0,0.3,0.9,46177.34061673875,27073.008579395755,1.3448498913250633,1.0,0,0
1.0,0.3,0.95,44797.08351922973,27073.008579395755,1.3199350443078404,1.0,0,0
1.0,0.3,1.0,43416.82642172071,27073.008579395755,1.2950201972906172,1.0,0,0
1.0,0.35,0.0,68058.15265857195,27073.008579395755,1.7398176735003856,1.0,0,0
1.0,0.35,0.05,66677.89556106293,27073.008579395755,1.7149028264831625,1.0,0,0
1.0,0.35,0.1,65297.63846355393,27073.008579395755,1.6899879794659398,1.0,0,0
1.0,0.35,0.15,63917.3813660449,27073.008579395755,1.6650731324487167,1.0,0,0
1.0,0.35,0.2,62537.12426853589,27073.008579395755,1.6401582854314938,1.0,0,0
1.0,0.35,0.25,61156.86717102687,27073.008579395755,1.6152434384142706,1.0,0,0
1.0,0.35,0.3,59776.61007351785,27073.008579395755,1.5903285913970477,1.0,0,0
1.0,0.35,0.35,58396.35297600883,27073.008579395755,1.5654137443798248,1.0,0,0
1.0,0.35,0.4,57016.09587849981,27073.008579395755,1.540498897362602,1.0,0,0
1.0,0.35,0.45,55635.83878099079,27073.008579395755,1.5155840503453788,1.0,0,0
1.0,0.35,0.5,54255.58168348177,27073.008579395755,1.4906692033281557,1.0,0,0
1.0,0.35,0.55,52875.32458597275,27073.008579395755,1.4657543563109328,1.0,0,0
1.0,0.35,0.6,51495.06748846373,27073.008579395755,1.4408395092937099,1.0,0,0
1.0,0.35,0.65,50114.810390954706,27073.008579395755,1.4159246622764867,1.0,0,0
1.0,0.35,0.7,48734.553293445686,27073.008579395755,1.3910098152592638,1.0,0,0
1.0,0.35,0.75,47354.296195936666,27073.008579395755,1.3660949682420407,1.0,0,0
1.0,0.35,0.8,45974.039098427646,27073.008579395755,1.3411801212248178,1.0,0,0
1.0,0.35,0.85,44593.78200091863,27073.008579395755,1.3162652742075949,1.0,0,0
1.0,0.35,0.9,43213.52490340961,27073.008579395755,1.291350427190372,1.0,0,0
1.0,0.35,0.95,41833.26780590059,27073.008579395755,1.2664355801731488,1.0,0,0
1.0,0.35,1.0,40453.01070839157,27073.008579395755,1.241520733155926,1.0,0,0
1.0,0.4,0.0,65094.33694524282,27073.008579395755,1.686318209365694,1.0,0,0
1.0,0.4,0.05,63714.0798477338,27073.008579395755,1.6614033623484712,1.0,0,0
1.0,0.4,0.1,62333.82275022479,27073.008579395755,1.6364885153312483,1.0,0,0
1.0,0.4,0.15,60953.56565271576,27073.008579395755,1.6115736683140252,1.0,0,0
1.0,0.4,0.2,59573.30855520675,27073.008579395755,1.5866588212968025,1.0,0,0
1.0,0.4,0.25,58193.05145769773,27073.008579395755,1.5617439742795793,1.0,0,0
1.0,0.4,0.3,56812.79436018871,27073.008579395755,1.5368291272623562,1.0,0,0
1.0,0.4,0.35,55432.53726267969,27073.008579395755,1.5119142802451333,1.0,0,0
1.0,0.4,0.4,54052.28016517067,27073.008579395755,1.4869994332279104,1.0,0,0
1.0,0.4,0.45,52672.02306766165,27073.008579395755,1.4620845862106873,1.0,0,0
1.0,0.4,0.5,51291.76597015263,27073.008579395755,1.4371697391934644,1.0,0,0
1.0,0.4,0.55,49911.50887264361,27073.008579395755,1.4122548921762412,1.0,0,0
1.0,0.4,0.6,48531.25177513459,27073.008579395755,1.3873400451590183,1.0,0,0
1.0,0.4,0.65,47150.99467762557,27073.008579395755,1.3624251981417954,1.0,0,0
1.0,0.4,0.7,45770.73758011655,27073.008579395755,1.3375103511245723,1.0,0,0
1.0,0.4,0.75,44390.48048260753,27073.008579395755,1.3125955041073494,1.0,0,0
1.0,0.4,0.8,43010.22338509851,27073.008579395755,1.2876806570901262,1.0,0,0
1.0,0.4,0.85,41629.966287589494,27073.008579395755,1.2627658100729033,1.0,0,0
1.0,0.4,0.9,40249.70919008047,27073.008579395755,1.2378509630556804,1.0,0,0
1.0,0.4,0.95,38869.45209257145,27073.008579395755,1.2129361160384575,1.0,0,0
1.0,0.4,1.0,37489.19499506243,27073.008579395755,1.1880212690212344,1.0,0,0
1.0,0.45,0.0,62130.52123191369,27073.008579395755,1.632818745231003,1.0,0,0
1.0,0.45,0.05,60750.26413440467,27073.008579395755,1.6079038982137799,1.0,0,0
1.0,0.45,0.1,59370.00703689565,27073.008579395755,1.5829890511965568,1.0,0,0
1.0,0.45,0.15,57989.74993938663,27073.008579395755,1.5580742041793338,1.0,0,0
1.0,0.45,0.2,56609.49284187761,27073.008579395755,1.533159357162111,1.0,0,0
1.0,0.45,0.25,55229.23574436859,27073.008579395755,1.508244510144888,1.0,0,0
1.0,0.45,0.3,53848.97864685957,27073.008579395755,1.483329663127665,1.0,0,0
1.0,0.45,0.35,52468.72154935056,27073.008579395755,1.458414816110442,1.0,0,0
1.0,0.45,0.4,51088.46445184153,27073.008579395755,1.4334999690932189,1.0,0,0
1.0,0.45,0.45,49708.20735433252,27073.008579395755,1.408585122075996,1.0,0,0
1.0,0.45,0.5,48327.9502568235,27073.008579395755,1.383670275058773,1.0,0,0
1.0,0.45,0.55,46947.693159314476,27073.008579395755,1.35875542804155,1.0,0,0
1.0,0.45,0.6,45567.436061805456,27073.008579395755,1.333840581024327,1.0,0,0
1.0,0.45,0.65,44187.178964296436,27073.008579395755,1.3089257340071039,1.0,0,0
1.0,0.45,0.7,42806.92186678742,27073.008579395755,1.284010886989881,1.0,0,0
1.0,0.45,0.75,41426.6647692784,27073.008579395755,1.259096039972658,1.0,0,0
1.0,0.45,0.8,40046.407671769375,27073.008579395755,1.234181192955435,1.0,0,0
1.0,0.45,0.85,38666.15057426036,27073.008579395755,1.209266345938212,1.0,0,0
1.0,0.45,0.9,37285.89347675134,27073.008579395755,1.1843514989209891,1.0,0,0
1.0,0.45,0.95,35905.63637924232,27073.008579395755,1.159436651903766,1.0,0,0
1.0,0.45,1.0,34525.3792817333,27073.008579395755,1.134521804886543,1.0,0,0
1.0,0.5,0.0,59166.70551858455,27073.008579395755,1.5793192810963115,1.0,0,0
1.0,0.5,0.05,57786.44842107553,27073.008579395755,1.5544044340790886,1.0,0,0
1.0,0.5,0.1,56406.19132356651,27073.008579395755,1.5294895870618654,1.0,0,0
1.0,0.5,0.15,55025.93422605749,27073.008579395755,1.5045747400446423,1.0,0,0
1.0,0.5,0.2,53645.67712854847,27073.008579395755,1.4796598930274194,1.0,0,0
1.0,0.5,0.25,52265.42003103945,27073.008579395755,1.4547450460101965,1.0,0,0
1.0,0.5,0.3,50885.16293353043,27073.008579395755,1.4298301989929734,1.0,0,0
1.0,0.5,0.35,49504.90583602141,27073.008579395755,1.4049153519757505,1.0,0,0
1.0,0.5,0.4,48124.64873851239,27073.008579395755,1.3800005049585273,1.0,0,0
1.0,0.5,0.45,46744.39164100337,27073.008579395755,1.3550856579413044,1.0,0,0
1.0,0.5,0.5,45364.13454349435,27073.008579395755,1.3301708109240815,1.0,0,0
1.0,0.5,0.55,43983.87744598533,27073.008579395755,1.3052559639068584,1.0,0,0
1.0,0.5,0.6,42603.62034847632,27073.008579395755,1.2803411168896355,1.0,0,0
1.0,0.5,0.65,41223.3632509673,27073.008579395755,1.2554262698724126,1.0,0,0
1.0,0.5,0.7,39843.10615345828,27073.008579395755,1.2305114228551894,1.0,0,0
1.0,0.5,0.75,38462.84905594926,27073.008579395755,1.2055965758379665,1.0,0,0
1.0,0.5,0.8,37082.591958440236,27073.008579395755,1.1806817288207436,1.0,0,0
1.0,0.5,0.85,35702.334860931216,27073.008579395755,1.1557668818035205,1.0,0,0
1.0,0.5,0.9,34322.077763422196,27073.008579395755,1.1308520347862976,1.0,0,0
1.0,0.5,0.95,32941.82066591318,27073.008579395755,1.1059371877690747,1.0,0,0
1.0,0.5,1.0,31561.56356840416,27073.008579395755,1.0810223407518516,1.0,0,0
1.0,0.55,0.0,56202.889805255414,27073.008579395755,1.52581981696162,1.0,0,0
1.0,0.55,0.05,54822.632707746394,27073.008579395755,1.500904969944397,1.0,0,0
1.0,0.55,0.1,53442.37561023737,27073.008579395755,1.475990122927174,1.0,0,0
1.0,0.55,0.15,52062.11851272835,27073.008579395755,1.451075275909951,1.0,0,0
1.0,0.55,0.2,50681.86141521933,27073.008579395755,1.4261604288927279,1.0,0,0
1.0,0.55,0.25,49301.60431771031,27073.008579395755,1.401245581875505,1.0,0,0
1.0,0.55,0.3,47921.34722020129,27073.008579395755,1.376330734858282,1.0,0,0
1.0,0.55,0.35,46541.09012269227,27073.008579395755,1.351415887841059,1.0,0,0
1.0,0.55,0.4,45160.83302518325,27073.008579395755,1.326501040823836,1.0,0,0
1.0,0.55,0.45,43780.57592767423,27073.008579395755,1.301586193806613,1.0,0,0
1.0,0.55,0.5,42400.31883016521,27073.008579395755,1.27667134678939,1.0,0,0
1.0,0.55,0.55,41020.06173265619,27073.008579395755,1.251756499772167,1.0,0,0
1.0,0.55,0.6,39639.80463514718,27073.008579395755,1.2268416527549442,1.0,0,0
1.0,0.55,0.65,38259.54753763816,27073.008579395755,1.201926805737721,1.0,0,0
1.0,0.55,0.7,36879.29044012914,27073.008579395755,1.1770119587204981,1.0,0,0
1.0,0.55,0.75,35499.03334262012,27073.008579395755,1.152097111703275,1.0,0,0
1.0,0.55,0.8,34118.7762451111,27073.008579395755,1.127182264686052,1.0,0,0
1.0,0.55,0.85,32738.519147602077,27073.008579395755,1.102267417668829,1.0,0,0
1.0,0.55,0.9,31358.262050093057,27073.008579395755,1.077352570651606,1.0,0,0
1.0,0.55,0.95,29978.00495258404,27073.008579395755,1.0524377236343831,1.0,0,0
1.0,0.55,1.0,28597.74785507502,27073.008579395755,1.02752287661716,1.0,0,0
1.0,0.6,0.0,53239.074091926275,27073.008579395755,1.4723203528269284,1.0,0,0
1.0,0.6,0.05,51858.816994417255,27073.008579395755,1.4474055058097055,1.0,0,0
1.0,0.6,0.1,50478.559896908235,27073.008579395755,1.4224906587924826,1.0,0,0
1.0,0.6,0.15,49098.302799399215,27073.008579395755,1.3975758117752595,1.0,0,0
1.0,0.6,0.2,47718.045701890194,27073.008579395755,1.3726609647580366,1.0,0,0
1.0,0.6,0.25,46337.788604381174,27073.008579395755,1.3477461177408134,1.0,0,0
1.0,0.6,0.3,44957.531506872154,27073.008579395755,1.3228312707235905,1.0,0,0
1.0,0.6,0.35,43577.27440936314,27073.008579395755,1.2979164237063676,1.0,0,0
1.0,0.6,0.4,42197.01731185411,27073.008579395755,1.2730015766891445,1.0,0,0
1.0,0.6,0.45,40816.7602143451,27073.008579395755,1.2480867296719216,1.0,0,0
1.0,0.6,0.5,39436.50311683608,27073.008579395755,1.2231718826546987,1.0,0,0
1.0,0.6,0.55,38056.24601932706,27073.008579395755,1.1982570356374755,1.0,0,0
1.0,0.6,0.6,36675.98892181804,27073.008579395755,1.1733421886202526,1.0,0,0
1.0,0.6,0.65,35295.73182430902,27073.008579395755,1.1484273416030297,1.0,0,0
1.0,0.6,0.7,33915.47472680001,27073.008579395755,1.1235124945858068,1.0,0,0
1.0,0.6,0.75,32535.217629290983,27073.008579395755,1.0985976475685837,1.0,0,0
1.0,0.6,0.8,31154.960531781962,27073.008579395755,1.0736828005513606,1.0,0,0
1.0,0.6,0.85,29774.703434272946,27073.008579395755,1.0487679535341377,1.0,0,0
1.0,0.6,0.9,28394.446336763922,27073.008579395755,1.0238531065169147,1.0,0,0
1.0,0.6,0.95,27014.189239254905,27073.008579395755,0.9989382594996917,0.9989382594996917,1,0
1.0,0.6,1.0,25633.932141745885,27073.008579395755,0.9740234124824687,0.9740234124824687,1,0
1.0,0.65,0.0,50275.25837859714,27073.008579395755,1.418820888692237,1.0,0,0
1.0,0.65,0.05,48895.001281088116,27073.008579395755,1.393906041675014,1.0,0,0
1.0,0.65,0.1,47514.744183579096,27073.008579395755,1.368991194657791,1.0,0,0
1.0,0.65,0.15,46134.487086070076,27073.008579395755,1.3440763476405682,1.0,0,0
1.0,0.65,0.2,44754.229988561056,27073.008579395755,1.319161500623345,1.0,0,0
1.0,0.65,0.25,43373.972891052035,27073.008579395755,1.294246653606122,1.0,0,0
1.0,0.65,0.3,41993.715793543015,27073.008579395755,1.269331806588899,1.0,0,0
1.0,0.65,0.35,40613.458696034,27073.008579395755,1.244416959571676,1.0,0,0
1.0,0.65,0.4,39233.201598524975,27073.008579395755,1.219502112554453,1.0,0,0
1.0,0.65,0.45,37852.94450101596,27073.008579395755,1.1945872655372303,1.0,0,0
1.0,0.65,0.5,36472.68740350694,27073.008579395755,1.1696724185200071,1.0,0,0
1.0,0.65,0.55,35092.43030599792,27073.008579395755,1.1447575715027842,1.0,0,0
1.0,0.65,0.6,33712.1732084889,27073.008579395755,1.119842724485561,1.0,0,0
1.0,0.65,0.65,32331.91611097988,27073.008579395755,1.0949278774683382,1.0,0,0
1.0,0.65,0.7,30951.659013470864,27073.008579395755,1.0700130304511153,1.0,0,0
1.0,0.65,0.75,29571.401915961844,27073.008579395755,1.0450981834338922,1.0,0,0
1.0,0.65,0.8,28191.144818452824,27073.008579395755,1.0201833364166693,1.0,0,0
1.0,0.65,0.85,26810.887720943807,27073.008579395755,0.9952684893994462,0.9952684893994462,1,0
1.0,0.65,0.9,25430.630623434783,27073.008579395755,0.9703536423822232,0.9703536423822232,1,0
1.0,0.65,0.95,24050.373525925766,27073.008579395755,0.9454387953650003,0.9454387953650003,1,0
1.0,0.65,1.0,22670.116428416746,27073.008579395755,0.9205239483477773,0.9205239483477773,1,0
1.0,0.7,0.0,47311.442665268,27073.008579395755,1.3653214245575456,1.0,0,0
1.0,0.7,0.05,45931.18556775898,27073.008579395755,1.3404065775403227,1.0,0,0
1.0,0.7,0.1,44550.928470249964,27073.008579395755,1.3154917305230998,1.0,0,0
1.0,0.7,0.15,43170.67137274094,27073.008579395755,1.2905768835058766,1.0,0,0
1.0,0.7,0.2,41790.414275231924,27073.008579395755,1.2656620364886537,1.0,0,0
1.0,0.7,0.25,40410.157177722904,27073.008579395755,1.2407471894714308,1.0,0,0
1.0,0.7,0.3,39029.90008021388,27073.008579395755,1.2158323424542077,1.0,0,0
1.0,0.7,0.35,37649.64298270487,27073.008579395755,1.1909174954369848,1.0,0,0
1.0,0.7,0.4,36269.38588519584,27073.008579395755,1.1660026484197616,1.0,0,0
1.0,0.7,0.45,34889.12878768683,27073.008579395755,1.1410878014025387,1.0,0,0
1.0,0.7,0.5,33508.87169017781,27073.008579395755,1.1161729543853158,1.0,0,0
1.0,0.7,0.55,32128.614592668786,27073.008579395755,1.0912581073680927,1.0,0,0
1.0,0.7,0.6,30748.35749515977,27073.008579395755,1.0663432603508698,1.0,0,0
1.0,0.7,0.65,29368.10039765075,27073.008579395755,1.0414284133336469,1.0,0,0
1.0,0.7,0.7,27987.84330014173,27073.008579395755,1.0165135663164238,1.0,0,0
1.0,0.7,0.75,26607.58620263271,27073.008579395755,0.9915987192992008,0.9915987192992008,1,0
1.0,0.7,0.8,25227.32910512369,27073.008579395755,0.9666838722819778,0.9666838722819778,1,0
1.0,0.7,0.85,23847.072007614668,27073.008579395755,0.9417690252647548,0.9417690252647548,1,0
1.0,0.7,0.9,22466.814910105648,27073.008579395755,0.9168541782475318,0.9168541782475318,1,0
1.0,0.7,0.95,21086.55781259663,27073.008579395755,0.8919393312303089,0.8919393312303089,1,0
1.0,0.7,1.0,19706.30071508761,27073.008579395755,0.8670244842130859,0.8670244842130859,1,0
1.0,0.75,0.0,44347.62695193886,27073.008579395755,1.3118219604228543,1.0,0,0
1.0,0.75,0.05,42967.36985442984,27073.008579395755,1.2869071134056311,1.0,0,0
1.0,0.75,0.1,41587.11275692082,27073.008579395755,1.261992266388408,1.0,0,0
1.0,0.75,0.15,40206.8556594118,27073.008579395755,1.237077419371185,1.0,0,0
1.0,0.75,0.2,38826.59856190278,27073.008579395755,1.2121625723539622,1.0,0,0
1.0,0.75,0.25,37446.34146439376,27073.008579395755,1.187247725336739,1.0,0,0
1.0,0.75,0.3,36066.08436688474,27073.008579395755,1.1623328783195161,1.0,0,0
1.0,0.75,0.35,34685.827269375724,27073.008579395755,1.1374180313022932,1.0,0,0
1.0,0.75,0.4,33305.5701718667,27073.008579395755,1.1125031842850701,1.0,0,0
1.0,0.75,0.45,31925.313074357684,27073.008579395755,1.0875883372678472,1.0,0,0
1.0,0.75,0.5,30545.055976848664,27073.008579395755,1.0626734902506243,1.0,0,0
1.0,0.75,0.55,29164.798879339643,27073.008579395755,1.0377586432334012,1.0,0,0
1.0,0.75,0.6,27784.541781830623,27073.008579395755,1.0128437962161783,1.0,0,0
1.0,0.75,0.65,26404.284684321603,27073.008579395755,0.9879289491989552,0.9879289491989552,1,0
1.0,0.75,0.7,25024.027586812586,27073.008579395755,0.9630141021817323,0.9630141021817323,1,0
1.0,0.75,0.75,23643.770489303566,27073.008579395755,0.9380992551645093,0.9380992551645093,1,0
1.0,0.75,0.8,22263.513391794546,27073.008579395755,0.9131844081472863,0.9131844081472863,1,0
1.0,0.75,0.85,20883.25629428553,27073.008579395755,0.8882695611300634,0.8882695611300634,1,0
1.0,0.75,0.9,19502.999196776505,27073.008579395755,0.8633547141128403,0.8633547141128403,1,0
1.0,0.75,0.95,18122.74209926749,27073.008579395755,0.8384398670956174,0.8384398670956174,1,0
1.0,0.75,1.0,16742.48500175847,27073.008579395755,0.8135250200783943,0.8135250200783943,1,0
1.0,0.8,0.0,41383.81123860972,27073.008579395755,1.2583224962881627,1.0,0,0
1.0,0.8,0.05,40003.5541411007,27073.008579395755,1.2334076492709396,1.0,0,0
1.0,0.8,0.1,38623.29704359168,27073.008579395755,1.2084928022537167,1.0,0,0
1.0,0.8,0.15,37243.03994608266,27073.008579395755,1.1835779552364936,1.0,0,0
1.0,0.8,0.2,35862.78284857364,27073.008579395755,1.1586631082192707,1.0,0,0
1.0,0.8,0.25,34482.52575106462,27073.008579395755,1.1337482612020477,1.0,0,0
1.0,0.8,0.3,33102.2686535556,27073.008579395755,1.1088334141848246,1.0,0,0
1.0,0.8,0.35,31722.011556046586,27073.008579395755,1.0839185671676017,1.0,0,0
1.0,0.8,0.4,30341.75445853756,27073.008579395755,1.0590037201503788,1.0,0,0
1.0,0.8,0.45,28961.497361028545,27073.008579395755,1.0340888731331557,1.0,0,0
1.0,0.8,0.5,27581.240263519525,27073.008579395755,1.0091740261159328,1.0,0,0
1.0,0.8,0.55,26200.983166010505,27073.008579395755,0.9842591790987097,0.9842591790987097,1,0
1.0,0.8,0.6,24820.726068501484,27073.008579395755,0.9593443320814867,0.9593443320814867,1,0
1.0,0.8,0.65,23440.468970992464,27073.008579395755,0.9344294850642638,0.9344294850642638,1,0
1.0,0.8,0.7,22060.211873483448,27073.008579395755,0.9095146380470408,0.9095146380470408,1,0
1.0,0.8,0.75,20679.954775974427,27073.008579395755,0.8845997910298178,0.8845997910298178,1,0
1.0,0.8,0.8,19299.697678465407,27073.008579395755,0.8596849440125949,0.8596849440125949,1,0
1.0,0.8,0.85,17919.44058095639,27073.008579395755,0.8347700969953719,0.8347700969953719,1,0
1.0,0.8,0.9,16539.183483447367,27073.008579395755,0.8098552499781488,0.8098552499781488,1,0
1.0,0.8,0.95,15158.92638593835,27073.008579395755,0.7849404029609259,0.7849404029609259,1,0
1.0,0.8,1.0,13778.66928842933,27073.008579395755,0.7600255559437029,0.7600255559437029,1,0
1.0,0.85,0.0,38419.99552528059,27073.008579395755,1.2048230321534714,1.0,0,0
1.0,0.85,0.05,37039.73842777157,27073.008579395755,1.1799081851362483,1.0,0,0
1.0,0.85,0.1,35659.48133026255,27073.008579395755,1.1549933381190254,1.0,0,0
1.0,0.85,0.15,34279.22423275353,27073.008579395755,1.1300784911018023,1.0,0,0
1.0,0.85,0.2,32898.96713524451,27073.008579395755,1.1051636440845793,1.0,0,0
1.0,0.85,0.25,31518.710037735487,27073.008579395755,1.0802487970673564,1.0,0,0
1.0,0.85,0.3,30138.452940226467,27073.008579395755,1.0553339500501333,1.0,0,0
1.0,0.85,0.35,28758.195842717454,27073.008579395755,1.0304191030329104,1.0,0,0
1.0,0.85,0.4,27377.938745208427,27073.008579395755,1.0055042560156873,1.0,0,0
1.0,0.85,0.45,25997.681647699414,27073.008579395755,0.9805894089984645,0.9805894089984645,1,0
1.0,0.85,0.5,24617.424550190393,27073.008579395755,0.9556745619812415,0.9556745619812415,1,0
1.0,0.85,0.55,23237.167452681373,27073.008579395755,0.9307597149640184,0.9307597149640184,1,0
1.0,0.85,0.6,21856.910355172353,27073.008579395755,0.9058448679467954,0.9058448679467954,1,0
1.0,0.85,0.65,20476.653257663333,27073.008579395755,0.8809300209295724,0.8809300209295724,1,0
1.0,0.85,0.7,19096.396160154312,27073.008579395755,0.8560151739123494,0.8560151739123494,1,0
1.0,0.85,0.75,17716.139062645292,27073.008579395755,0.8311003268951265,0.8311003268951265,1,0
1.0,0.85,0.8,16335.881965136272,27073.008579395755,0.8061854798779035,0.8061854798779035,1,0
1.0,0.85,0.85,14955.624867627255,27073.008579395755,0.7812706328606804,0.7812706328606804,1,0
1.0,0.85,0.9,13575.367770118235,27073.008579395755,0.7563557858434575,0.7563557858434575,1,0
1.0,0.85,0.95,12195.110672609217,27073.008579395755,0.7314409388262345,0.7314409388262345,1,0
1.0,0.85,1.0,10814.853575100196,27073.008579395755,0.7065260918090115,0.7065260918090115,1,0
1.0,0.9,0.0,35456.17981195144,27073.008579395755,1.1513235680187797,1.0,0,0
1.0,0.9,0.05,34075.92271444242,27073.008579395755,1.1264087210015568,1.0,0,0
1.0,0.9,0.1,32695.66561693341,27073.008579395755,1.1014938739843338,1.0,0,0
1.0,0.9,0.15,31315.408519424385,27073.008579395755,1.0765790269671107,1.0,0,0
1.0,0.9,0.2,29935.15142191537,27073.008579395755,1.0516641799498878,1.0,0,0
1.0,0.9,0.25,28554.89432440635,27073.008579395755,1.026749332932665,1.0,0,0
1.0,0.9,0.3,27174.63722689733,27073.008579395755,1.0018344859154418,1.0,0,0
1.0,0.9,0.35,25794.38012938831,27073.008579395755,0.976919638898219,0.976919638898219,1,0
1.0,0.9,0.4,24414.123031879288,27073.008579395755,0.9520047918809958,0.9520047918809958,1,0
1.0,0.9,0.45,23033.86593437027,27073.008579395755,0.9270899448637729,0.9270899448637729,1,0
1.0,0.9,0.5,21653.60883686125,27073.008579395755,0.9021750978465499,0.9021750978465499,1,0
1.0,0.9,0.55,20273.35173935223,27073.008579395755,0.8772602508293269,0.8772602508293269,1,0
1.0,0.9,0.6,18893.094641843214,27073.008579395755,0.852345403812104,0.852345403812104,1,0
1.0,0.9,0.65,17512.837544334194,27073.008579395755,0.827430556794881,0.827430556794881,1,0
1.0,0.9,0.7,16132.580446825174,27073.008579395755,0.802515709777658,0.802515709777658,1,0
1.0,0.9,0.75,14752.323349316153,27073.008579395755,0.7776008627604349,0.7776008627604349,1,0
1.0,0.9,0.8,13372.066251807133,27073.008579395755,0.752686015743212,0.752686015743212,1,0
1.0,0.9,0.85,11991.809154298115,27073.008579395755,0.727771168725989,0.727771168725989,1,0
1.0,0.9,0.9,10611.552056789094,27073.008579395755,0.702856321708766,0.702856321708766,1,0
1.0,0.9,0.95,9231.294959280076,27073.008579395755,0.6779414746915431,0.6779414746915431,1,0
1.0,0.9,1.0,7851.037861771056,27073.008579395755,0.65302662767432,0.65302662767432,1,0
1.0,0.95,0.0,32492.36409862231,27073.008579395755,1.0978241038840884,1.0,0,0
1.0,0.95,0.05,31112.10700111329,27073.008579395755,1.0729092568668654,1.0,0,0
1.0,0.95,0.1,29731.849903604278,27073.008579395755,1.0479944098496425,1.0,0,0
1.0,0.95,0.15,28351.59280609525,27073.008579395755,1.0230795628324194,1.0,0,0
1.0,0.95,0.2,26971.335708586237,27073.008579395755,0.9981647158151965,0.9981647158151965,1,0
1.0,0.95,0.25,25591.078611077217,27073.008579395755,0.9732498687979736,0.9732498687979736,1,0
1.0,0.95,0.3,24210.821513568197,27073.008579395755,0.9483350217807506,0.9483350217807506,1,0
1.0,0.95,0.35,22830.564416059176,27073.008579395755,0.9234201747635276,0.9234201747635276,1,0
1.0,0.95,0.4,21450.307318550156,27073.008579395755,0.8985053277463045,0.8985053277463045,1,0
1.0,0.95,0.45,20070.050221041136,27073.008579395755,0.8735904807290815,0.8735904807290815,1,0
1.0,0.95,0.5,18689.793123532116,27073.008579395755,0.8486756337118585,0.8486756337118585,1,0
1.0,0.95,0.55,17309.536026023095,27073.008579395755,0.8237607866946355,0.8237607866946355,1,0
1.0,0.95,0.6,15929.278928514079,27073.008579395755,0.7988459396774126,0.7988459396774126,1,0
1.0,0.95,0.65,14549.021831005059,27073.008579395755,0.7739310926601896,0.7739310926601896,1,0
1.0,0.95,0.7,13168.76473349604,27073.008579395755,0.7490162456429666,0.7490162456429666,1,0
1.0,0.95,0.75,11788.50763598702,27073.008579395755,0.7241013986257436,0.7241013986257436,1,0
1.0,0.95,0.8,10408.250538477998,27073.008579395755,0.6991865516085206,0.6991865516085206,1,0
1.0,0.95,0.85,9027.993440968981,27073.008579395755,0.6742717045912976,0.6742717045912976,1,0
1.0,0.95,0.9,7647.736343459961,27073.008579395755,0.6493568575740747,0.6493568575740747,1,0
1.0,0.95,0.95,6267.479245950943,27073.008579395755,0.6244420105568517,0.6244420105568517,1,0
1.0,0.95,1.0,4887.222148441922,27073.008579395755,0.5995271635396286,0.5995271635396286,1,0
1.0,1.0,0.0,29528.548385293172,27073.008579395755,1.044324639749397,1.0,0,0
1.0,1.0,0.05,28148.29128778415,27073.008579395755,1.019409792732174,1.0,0,0
1.0,1.0,0.1,26768.034190275135,27073.008579395755,0.994494945714951,0.994494945714951,1,0
1.0,1.0,0.15,25387.77709276611,27073.008579395755,0.969580098697728,0.969580098697728,1,0
1.0,1.0,0.2,24007.519995257095,27073.008579395755,0.944665251680505,0.944665251680505,1,0
1.0,1.0,0.25,22627.262897748074,27073.008579395755,0.9197504046632821,0.9197504046632821,1,0
1.0,1.0,0.3,21247.005800239054,27073.008579395755,0.894835557646059,0.894835557646059,1,0
1.0,1.0,0.35,19866.748702730038,27073.008579395755,0.869920710628836,0.869920710628836,1,0
1.0,1.0,0.4,18486.491605221014,27073.008579395755,0.845005863611613,0.845005863611613,1,0
1.0,1.0,0.45,17106.234507711997,27073.008579395755,0.8200910165943901,0.8200910165943901,1,0
1.0,1.0,0.5,15725.977410202977,27073.008579395755,0.7951761695771671,0.7951761695771671,1,0
1.0,1.0,0.55,14345.720312693957,27073.008579395755,0.7702613225599441,0.7702613225599441,1,0
1.0,1.0,0.6,12965.463215184938,27073.008579395755,0.745346475542721,0.745346475542721,1,0
1.0,1.0,0.65,11585.206117675918,27073.008579395755,0.7204316285254981,0.7204316285254981,1,0
1.0,1.0,0.7,10204.9490201669,27073.008579395755,0.6955167815082751,0.6955167815082751,1,0
1.0,1.0,0.75,8824.69192265788,27073.008579395755,0.6706019344910521,0.6706019344910521,1,0
1.0,1.0,0.8,7444.434825148858,27073.008579395755,0.6456870874738292,0.6456870874738292,1,0
1.0,1.0,0.85,6064.177727639841,27073.008579395755,0.6207722404566062,0.6207722404566062,1,0
1.0,1.0,0.9,4683.92063013082,27073.008579395755,0.5958573934393832,0.5958573934393832,1,0
1.0,1.0,0.95,3303.6635326218025,27073.008579395755,0.5709425464221602,0.5709425464221602,1,0
1.0,1.0,1.0,1923.4064351127818,27073.008579395755,0.5460276994049371,0.5460276994049371,1,0
0.95,0.0,0.0,88804.86265187593,24433.39024290467,2.161961340562807,1.0,0,0
0.95,0.0,0.05,87424.6055543669,24433.39024290467,2.1370464935455837,1.0,0,0
0.95,0.0,0.1,86044.34845685789,24433.39024290467,2.1121316465283613,1.0,0,0
0.95,0.0,0.15,84664.09135934887,24433.39024290467,2.087216799511138,1.0,0,0
0.95,0.0,0.2,83283.83426183985,24433.39024290467,2.062301952493915,1.0,0,0
0.95,0.0,0.25,81903.57716433083,24433.39024290467,2.037387105476692,1.0,0,0
0.95,0.0,0.3,80523.3200668218,24433.39024290467,2.0124722584594688,1.0,0,0
0.95,0.0,0.35,79143.0629693128,24433.39024290467,1.9875574114422463,1.0,0,0
0.95,0.0,0.4,77762.80587180376,24433.39024290467,1.962642564425023,1.0,0,0
0.95,0.0,0.45,76382.54877429476,24433.39024290467,1.9377277174078003,1.0,0,0
0.95,0.0,0.5,75002.29167678574,24433.39024290467,1.9128128703905773,1.0,0,0
0.95,0.0,0.55,73622.03457927672,24433.39024290467,1.8878980233733542,1.0,0,0
0.95,0.0,0.6,72241.7774817677,24433.39024290467,1.8629831763561313,1.0,0,0
0.95,0.0,0.65,70861.52038425868,24433.39024290467,1.8380683293389084,1.0,0,0
0.95,0.0,0.7,69481.26328674966,24433.39024290467,1.8131534823216853,1.0,0,0
0.95,0.0,0.75,68101.00618924064,24433.39024290467,1.7882386353044621,1.0,0,0
0.95,0.0,0.8,66720.74909173162,24433.39024290467,1.7633237882872392,1.0,0,0
0.95,0.0,0.85,65340.4919942226,24433.39024290467,1.7384089412700163,1.0,0,0
0.95,0.0,0.9,63960.23489671358,24433.39024290467,1.7134940942527934,1.0,0,0
0.95,0.0,0.95,62579.97779920456,24433.39024290467,1.6885792472355703,1.0,0,0
0.95,0.0,1.0,61199.720701695536,24433.39024290467,1.6636644002183472,1.0,0,0
0.95,0.05,0.0,85841.04693854679,24433.39024290467,2.1084618764281156,1.0,0,0
0.95,0.05,0.05,84460.78984103777,24433.39024290467,2.0835470294108926,1.0,0,0
0.95,0.05,0.1,83080.53274352875,24433.39024290467,2.0586321823936693,1.0,0,0
0.95,0.05,0.15,81700.27564601973,24433.39024290467,2.033717335376447,1.0,0,0
0.95,0.05,0.2,80320.0185485107,24433.39024290467,2.0088024883592235,1.0,0,0
0.95,0.05,0.25,78939.76145100169,24433.39024290467,1.9838876413420006,1.0,0,0
0.95,0.05,0.3,77559.50435349267,24433.39024290467,1.9589727943247777,1.0,0,0
0.95,0.05,0.35,76179.24725598365,24433.39024290467,1.9340579473075545,1.0,0,0
0.95,0.05,0.4,74798.99015847463,24433.39024290467,1.9091431002903316,1.0,0,0
0.95,0.05,0.45,73418.7330609656,24433.39024290467,1.8842282532731085,1.0,0,0
0.95,0.05,0.5,72038.47596345659,24433.39024290467,1.8593134062558856,1.0,0,0
0.95,0.05,0.55,70658.21886594757,24433.39024290467,1.8343985592386627,1.0,0,0
0.95,0.05,0.6,69277.96176843856,24433.39024290467,1.8094837122214398,1.0,0,0
0.95,0.05,0.65,67897.70467092954,24433.39024290467,1.7845688652042169,1.0,0,0
0.95,0.05,0.7,66517.44757342052,24433.39024290467,1.759654018186994,1.0,0,0
0.95,0.05,0.75,65137.1904759115,24433.39024290467,1.7347391711697708,1.0,0,0
0.95,0.05,0.8,63756.93337840247,24433.39024290467,1.7098243241525477,1.0,0,0
0.95,0.05,0.85,62376.67628089346,24433.39024290467,1.6849094771353248,1.0,0,0
0.95,0.05,0.9,60996.41918338444,24433.39024290467,1.6599946301181019,1.0,0,0
0.95,0.05,0.95,59616.16208587542,24433.39024290467,1.635079783100879,1.0,0,0
0.95,0.05,1.0,58235.9049883664,24433.39024290467,1.6101649360836559,1.0,0,0
0.95,0.1,0.0,82877.23122521765,24433.39024290467,2.054962412293424,1.0,0,0
0.95,0.1,0.05,81496.97412770863,24433.39024290467,2.030047565276201,1.0,0,0
0.95,0.1,0.1,80116.71703019961,24433.39024290467,2.005132718258978,1.0,0,0
0.95,0.1,0.15,78736.45993269059,24433.39024290467,1.9802178712417553,1.0,0,0
0.95,0.1,0.2,77356.20283518157,24433.39024290467,1.9553030242245322,1.0,0,0
0.95,0.1,0.25,75975.94573767255,24433.39024290467,1.930388177207309,1.0,0,0
0.95,0.1,0.3,74595.68864016353,24433.39024290467,1.9054733301900861,1.0,0,0
0.95,0.1,0.35,73215.43154265452,24433.39024290467,1.8805584831728632,1.0,0,0
0.95,0.1,0.4,71835.17444514549,24433.39024290467,1.85564363615564,1.0,0,0
0.95,0.1,0.45,70454.91734763648,24433.39024290467,1.8307287891384174,1.0,0,0
0.95,0.1,0.5,69074.66025012746,24433.39024290467,1.8058139421211945,1.0,0,0
0.95,0.1,0.55,67694.40315261844,24433.39024290467,1.7808990951039714,1.0,0,0
0.95,0.1,0.6,66314.14605510942,24433.39024290467,1.7559842480867482,1.0,0,0
0.95,0.1,0.65,64933.88895760039,24433.39024290467,1.7310694010695253,1.0,0,0
0.95,0.1,0.7,63553.63186009138,24433.39024290467,1.7061545540523024,1.0,0,0
0.95,0.1,0.75,62173.37476258236,24433.39024290467,1.6812397070350795,1.0,0,0
0.95,0.1,0.8,60793.11766507333,24433.39024290467,1.6563248600178564,1.0,0,0
0.95,0.1,0.85,59412.86056756432,24433.39024290467,1.6314100130006333,1.0,0,0
0.95,0.1,0.9,58032.6034700553,24433.39024290467,1.6064951659834104,1.0,0,0
0.95,0.1,0.95,56652.34637254628,24433.39024290467,1.5815803189661874,1.0,0,0
0.95,0.1,1.0,55272.08927503726,24433.39024290467,1.5566654719489645,1.0,0,0
0.95,0.15,0.0,79913.41551188851,24433.39024290467,2.001462948158733,1.0,0,0
0.95,0.15,0.05,78533.15841437949,24433.39024290467,1.9765481011415096,1.0,0,0
0.95,0.15,0.1,77152.90131687047,24433.39024290467,1.9516332541242867,1.0,0,0
0.95,0.15,0.15,75772.64421936145,24433.39024290467,1.9267184071070638,1.0,0,0
0.95,0.15,0.2,74392.38712185243,24433.39024290467,1.9018035600898406,1.0,0,0
0.95,0.15,0.25,73012.13002434341,24433.39024290467,1.8768887130726175,1.0,0,0
0.95,0.15,0.3,71631.87292683439,24433.39024290467,1.8519738660553946,1.0,0,0
0.95,0.15,0.35,70251.61582932537,24433.39024290467,1.8270590190381717,1.0,0,0
0.95,0.15,0.4,68871.35873181635,24433.39024290467,1.8021441720209488,1.0,0,0
0.95,0.15,0.45,67491.10163430733,24433.39024290467,1.7772293250037257,1.0,0,0
0.95,0.15,0.5,66110.84453679831,24433.39024290467,1.7523144779865025,1.0,0,0
0.95,0.15,0.55,64730.587439289295,24433.39024290467,1.72739963096928,1.0,0,0
0.95,0.15,0.6,63350.330341780274,24433.39024290467,1.702484783952057,1.0,0,0
0.95,0.15,0.65,61970.073244271254,24433.39024290467,1.6775699369348338,1.0,0,0
0.95,0.15,0.7,60589.81614676224,24433.39024290467,1.652655089917611,1.0,0,0
0.95,0.15,0.75,59209.55904925322,24433.39024290467,1.627740242900388,1.0,0,0
0.95,0.15,0.8,57829.30195174419,24433.39024290467,1.6028253958831649,1.0,0,0
0.95,0.15,0.85,56449.04485423518,24433.39024290467,1.577910548865942,1.0,0,0
0.95,0.15,0.9,55068.78775672616,24433.39024290467,1.5529957018487188,1.0,0,0
0.95,0.15,0.95,53688.53065921714,24433.39024290467,1.528080854831496,1.0,0,0
0.95,0.15,1.0,52308.27356170812,24433.39024290467,1.503166007814273,1.0,0,0
0.95,0.2,0.0,76949.59979855939,24433.39024290467,1.9479634840240414,1.0,0,0
0.95,0.2,0.05,75569.34270105037,24433.39024290467,1.9230486370068185,1.0,0,0
0.95,0.2,0.1,74189.08560354135,24433.39024290467,1.8981337899895956,1.0,0,0
0.95,0.2,0.15,72808.82850603233,24433.39024290467,1.8732189429723725,1.0,0,0
0.95,0.2,0.2,71428.5714085233,24433.39024290467,1.8483040959551493,1.0,0,0
0.95,0.2,0.25,70048.31431101428,24433.39024290467,1.8233892489379264,1.0,0,0
0.95,0.2,0.3,68668.05721350526,24433.39024290467,1.7984744019207035,1.0,0,0
0.95,0.2,0.35,67287.80011599624,24433.39024290467,1.7735595549034806,1.0,0,0
0.95,0.2,0.4,65907.54301848722,24433.39024290467,1.7486447078862575,1.0,0,0
0.95,0.2,0.45,64527.285920978204,24433.39024290467,1.7237298608690343,1.0,0,0
0.95,0.2,0.5,63147.02882346918,24433.39024290467,1.6988150138518114,1.0,0,0
0.95,0.2,0.55,61766.77172596016,24433.39024290467,1.6739001668345885,1.0,0,0
0.95,0.2,0.6,60386.51462845114,24433.39024290467,1.6489853198173656,1.0,0,0
0.95,0.2,0.65,59006.25753094212,24433.39024290467,1.6240704728001425,1.0,0,0
0.95,0.2,0.7,57626.0004334331,24433.39024290467,1.5991556257829194,1.0,0,0
0.95,0.2,0.75,56245.74333592408,24433.39024290467,1.5742407787656965,1.0,0,0
0.95,0.2,0.8,54865.48623841506,24433.39024290467,1.5493259317484736,1.0,0,0
0.95,0.2,0.85,53485.22914090605,24433.39024290467,1.5244110847312506,1.0,0,0
0.95,0.2,0.9,52104.97204339703,24433.39024290467,1.4994962377140277,1.0,0,0
0.95,0.2,0.95,50724.71494588801,24433.39024290467,1.4745813906968046,1.0,0,0
0.95,0.2,1.0,49344.45784837899,24433.39024290467,1.4496665436795817,1.0,0,0
0.95,0.25,0.0,73985.78408523023,24433.39024290467,1.8944640198893499,1.0,0,0
0.95,0.25,0.05,72605.52698772121,24433.39024290467,1.8695491728721267,1.0,0,0
0.95,0.25,0.1,71225.2698902122,24433.39024290467,1.844634325854904,1.0,0,0
0.95,0.25,0.15,69845.01279270317,24433.39024290467,1.8197194788376807,1.0,0,0
0.95,0.25,0.2,68464.75569519417,24433.39024290467,1.794804631820458,1.0,0,0
0.95,0.25,0.25,67084.49859768515,24433.39024290467,1.7698897848032349,1.0,0,0
0.95,0.25,0.3,65704.24150017613,24433.39024290467,1.744974937786012,1.0,0,0
0.95,0.25,0.35,64323.984402667105,24433.39024290467,1.720060090768789,1.0,0,0
0.95,0.25,0.4,62943.727305158085,24433.39024290467,1.6951452437515662,1.0,0,0
0.95,0.25,0.45,61563.470207649065,24433.39024290467,1.670230396734343,1.0,0,0
0.95,0.25,0.5,60183.213110140045,24433.39024290467,1.64531554971712,1.0,0,0
0.95,0.25,0.55,58802.956012631024,24433.39024290467,1.620400702699897,1.0,0,0
0.95,0.25,0.6,57422.698915122004,24433.39024290467,1.595485855682674,1.0,0,0
0.95,0.25,0.65,56042.441817612984,24433.39024290467,1.5705710086654512,1.0,0,0
0.95,0.25,0.7,54662.18472010396,24433.39024290467,1.545656161648228,1.0,0,0
0.95,0.25,0.75,53281.92762259494,24433.39024290467,1.520741314631005,1.0,0,0
0.95,0.25,0.8,51901.67052508592,24433.39024290467,1.495826467613782,1.0,0,0
0.95,0.25,0.85,50521.41342757691,24433.39024290467,1.470911620596559,1.0,0,0
0.95,0.25,0.9,49141.15633006789,24433.39024290467,1.4459967735793362,1.0,0,0
0.95,0.25,0.95,47760.89923255887,24433.39024290467,1.4210819265621133,1.0,0,0
0.95,0.25,1.0,46380.64213504985,24433.39024290467,1.3961670795448902,1.0,0,0
0.95,0.3,0.0,71021.96837190111,24433.39024290467,1.8409645557546586,1.0,0,0
0.95,0.3,0.05,69641.71127439209,24433.39024290467,1.8160497087374354,1.0,0,0
0.95,0.3,0.1,68261.45417688307,24433.39024290467,1.7911348617202125,1.0,0,0
0.95,0.3,0.15,66881.19707937405,24433.39024290467,1.7662200147029896,1.0,0,0
0.95,0.3,0.2,65500.93998186503,24433.39024290467,1.7413051676857667,1.0,0,0
0.95,0.3,0.25,64120.68288435601,24433.39024290467,1.7163903206685436,1.0,0,0
0.95,0.3,0.3,62740.42578684699,24433.39024290467,1.6914754736513204,1.0,0,0
0.95,0.3,0.35,61360.16868933797,24433.39024290467,1.6665606266340975,1.0,0,0
0.95,0.3,0.4,59979.911591828946,24433.39024290467,1.6416457796168746,1.0,0,0
0.95,0.3,0.45,58599.654494319926,24433.39024290467,1.6167309325996515,1.0,0,0
0.95,0.3,0.5,57219.397396810906,24433.39024290467,1.5918160855824286,1.0,0,0
0.95,0.3,0.55,55839.140299301886,24433.39024290467,1.5669012385652055,1.0,0,0
0.95,0.3,0.6,54458.883201792865,24433.39024290467,1.5419863915479826,1.0,0,0
0.95,0.3,0.65,53078.626104283845,24433.39024290467,1.5170715445307597,1.0,0,0
0.95,0.3,0.7,51698.369006774825,24433.39024290467,1.4921566975135365,1.0,0,0
0.95,0.3,0.75,50318.111909265805,24433.39024290467,1.4672418504963136,1.0,0,0
0.95,0.3,0.8,48937.854811756784,24433.39024290467,1.4423270034790905,1.0,0,0
0.95,0.3,0.85,47557.59771424777,24433.39024290467,1.4174121564618678,1.0,0,0
0.95,0.3,0.9,46177.34061673875,24433.39024290467,1.3924973094446447,1.0,0,0
0.95,0.3,0.95,44797.08351922973,24433.39024290467,1.3675824624274218,1.0,0,0
0.95,0.3,1.0,43416.82642172071,24433.39024290467,1.3426676154101989,1.0,0,0
0.95,0.35,0.0,68058.15265857195,24433.39024290467,1.7874650916199668,1.0,0,0
0.95,0.35,0.05,66677.89556106293,24433.39024290467,1.762550244602744,1.0,0,0
0.95,0.35,0.1,65297.63846355393,24433.39024290467,1.737635397585521,1.0,0,0
0.95,0.35,0.15,63917.3813660449,24433.39024290467,1.712720550568298,1.0,0,0
0.95,0.35,0.2,62537.12426853589,24433.39024290467,1.6878057035510752,1.0,0,0
0.95,0.35,0.25,61156.86717102687,24433.39024290467,1.662890856533852,1.0,0,0
0.95,0.35,0.3,59776.61007351785,24433.39024290467,1.6379760095166291,1.0,0,0
0.95,0.35,0.35,58396.35297600883,24433.39024290467,1.613061162499406,1.0,0,0
0.95,0.35,0.4,57016.09587849981,24433.39024290467,1.588146315482183,1.0,0,0
0.95,0.35,0.45,55635.83878099079,24433.39024290467,1.5632314684649602,1.0,0,0
0.95,0.35,0.5,54255.58168348177,24433.39024290467,1.5383166214477373,1.0,0,0
0.95,0.35,0.55,52875.32458597275,24433.39024290467,1.5134017744305142,1.0,0,0
0.95,0.35,0.6,51495.06748846373,24433.39024290467,1.488486927413291,1.0,0,0
0.95,0.35,0.65,50114.810390954706,24433.39024290467,1.4635720803960681,1.0,0,0
0.95,0.35,0.7,48734.553293445686,24433.39024290467,1.4386572333788452,1.0,0,0
0.95,0.35,0.75,47354.296195936666,24433.39024290467,1.413742386361622,1.0,0,0
0.95,0.35,0.8,45974.039098427646,24433.39024290467,1.3888275393443992,1.0,0,0
0.95,0.35,0.85,44593.78200091863,24433.39024290467,1.3639126923271763,1.0,0,0
0.95,0.35,0.9,43213.52490340961,24433.39024290467,1.3389978453099531,1.0,0,0
0.95,0.35,0.95,41833.26780590059,24433.39024290467,1.3140829982927302,1.0,0,0
0.95,0.35,1.0,40453.01070839157,24433.39024290467,1.2891681512755073,1.0,0,0
0.95,0.4,0.0,65094.33694524282,24433.39024290467,1.7339656274852757,1.0,0,0
0.95,0.4,0.05,63714.0798477338,24433.39024290467,1.7090507804680528,1.0,0,0
0.95,0.4,0.1,62333.82275022479,24433.39024290467,1.6841359334508297,1.0,0,0
0.95,0.4,0.15,60953.56565271576,24433.39024290467,1.6592210864336066,1.0,0,0
0.95,0.4,0.2,59573.30855520675,24433.39024290467,1.6343062394163836,1.0,0,0
0.95,0.4,0.25,58193.05145769773,24433.39024290467,1.6093913923991607,1.0,0,0
0.95,0.4,0.3,56812.79436018871,24433.39024290467,1.5844765453819378,1.0,0,0
0.95,0.4,0.35,55432.53726267969,24433.39024290467,1.5595616983647147,1.0,0,0
0.95,0.4,0.4,54052.28016517067,24433.39024290467,1.5346468513474916,1.0,0,0
0.95,0.4,0.45,52672.02306766165,24433.39024290467,1.5097320043302687,1.0,0,0
0.95,0.4,0.5,51291.76597015263,24433.39024290467,1.4848171573130458,1.0,0,0
0.95,0.4,0.55,49911.50887264361,24433.39024290467,1.4599023102958226,1.0,0,0
0.95,0.4,0.6,48531.25177513459,24433.39024290467,1.4349874632785997,1.0,0,0
0.95,0.4,0.65,47150.99467762557,24433.39024290467,1.4100726162613766,1.0,0,0
0.95,0.4,0.7,45770.73758011655,24433.39024290467,1.3851577692441537,1.0,0,0
0.95,0.4,0.75,44390.48048260753,24433.39024290467,1.3602429222269308,1.0,0,0
0.95,0.4,0.8,43010.22338509851,24433.39024290467,1.3353280752097076,1.0,0,0
0.95,0.4,0.85,41629.966287589494,24433.39024290467,1.3104132281924847,1.0,0,0
0.95,0.4,0.9,40249.70919008047,24433.39024290467,1.2854983811752618,1.0,0,0
0.95,0.4,0.95,38869.45209257145,24433.39024290467,1.2605835341580387,1.0,0,0
0.95,0.4,1.0,37489.19499506243,24433.39024290467,1.2356686871408158,1.0,0,0
0.95,0.45,0.0,62130.52123191369,24433.39024290467,1.6804661633505842,1.0,0,0
0.95,0.45,0.05,60750.26413440467,24433.39024290467,1.6555513163333613,1.0,0,0
0.95,0.45,0.1,59370.00703689565,24433.39024290467,1.6306364693161381,1.0,0,0
0.95,0.45,0.15,57989.74993938663,24433.39024290467,1.6057216222989152,1.0,0,0
0.95,0.45,0.2,56609.49284187761,24433.39024290467,1.5808067752816921,1.0,0,0
0.95,0.45,0.25,55229.23574436859,24433.39024290467,1.5558919282644692,1.0,0,0
0.95,0.45,0.3,53848.97864685957,24433.39024290467,1.5309770812472463,1.0,0,0
0.95,0.45,0.35,52468.72154935056,24433.39024290467,1.5060622342300234,1.0,0,0
0.95,0.45,0.4,51088.46445184153,24433.39024290467,1.4811473872128003,1.0,0,0
0.95,0.45,0.45,49708.20735433252,24433.39024290467,1.4562325401955774,1.0,0,0
0.95,0.45,0.5,48327.9502568235,24433.39024290467,1.4313176931783544,1.0,0,0
0.95,0.45,0.55,46947.693159314476,24433.39024290467,1.4064028461611313,1.0,0,0
0.95,0.45,0.6,45567.436061805456,24433.39024290467,1.3814879991439084,1.0,0,0
0.95,0.45,0.65,44187.178964296436,24433.39024290467,1.3565731521266855,1.0,0,0
0.95,0.45,0.7,42806.92186678742,24433.39024290467,1.3316583051094626,1.0,0,0
0.95,0.45,0.75,41426.6647692784,24433.39024290467,1.3067434580922395,1.0,0,0
0.95,0.45,0.8,40046.407671769375,24433.39024290467,1.2818286110750163,1.0,0,0
0.95,0.45,0.85,38666.15057426036,24433.39024290467,1.2569137640577934,1.0,0,0
0.95,0.45,0.9,37285.89347675134,24433.39024290467,1.2319989170405705,1.0,0,0
0.95,0.45,0.95,35905.63637924232,24433.39024290467,1.2070840700233474,1.0,0,0
0.95,0.45,1.0,34525.3792817333,24433.39024290467,1.1821692230061245,1.0,0,0
0.95,0.5,0.0,59166.70551858455,24433.39024290467,1.6269666992158927,1.0,0,0
0.95,0.5,0.05,57786.44842107553,24433.39024290467,1.6020518521986697,1.0,0,0
0.95,0.5,0.1,56406.19132356651,24433.39024290467,1.5771370051814468,1.0,0,0
0.95,0.5,0.15,55025.93422605749,24433.39024290467,1.552222158164224,1.0,0,0
0.95,0.5,0.2,53645.67712854847,24433.39024290467,1.5273073111470008,1.0,0,0
0.95,0.5,0.25,52265.42003103945,24433.39024290467,1.5023924641297777,1.0,0,0
0.95,0.5,0.3,50885.16293353043,24433.39024290467,1.4774776171125548,1.0,0,0
0.95,0.5,0.35,49504.90583602141,24433.39024290467,1.4525627700953319,1.0,0,0
0.95,0.5,0.4,48124.64873851239,24433.39024290467,1.4276479230781087,1.0,0,0
0.95,0.5,0.45,46744.39164100337,24433.39024290467,1.4027330760608858,1.0,0,0
0.95,0.5,0.5,45364.13454349435,24433.39024290467,1.3778182290436627,1.0,0,0
0.95,0.5,0.55,43983.87744598533,24433.39024290467,1.3529033820264398,1.0,0,0
0.95,0.5,0.6,42603.62034847632,24433.39024290467,1.3279885350092169,1.0,0,0
0.95,0.5,0.65,41223.3632509673,24433.39024290467,1.303073687991994,1.0,0,0
0.95,0.5,0.7,39843.10615345828,24433.39024290467,1.2781588409747708,1.0,0,0
0.95,0.5,0.75,38462.84905594926,24433.39024290467,1.253243993957548,1.0,0,0
0.95,0.5,0.8,37082.591958440236,24433.39024290467,1.2283291469403248,1.0,0,0
0.95,0.5,0.85,35702.334860931216,24433.39024290467,1.203414299923102,1.0,0,0
0.95,0.5,0.9,34322.077763422196,24433.39024290467,1.178499452905879,1.0,0,0
0.95,0.5,0.95,32941.82066591318,24433.39024290467,1.153584605888656,1.0,0,0
0.95,0.5,1.0,31561.56356840416,24433.39024290467,1.128669758871433,1.0,0,0
0.95,0.55,0.0,56202.889805255414,24433.39024290467,1.5734672350812013,1.0,0,0
0.95,0.55,0.05,54822.632707746394,24433.39024290467,1.5485523880639782,1.0,0,0
0.95,0.55,0.1,53442.37561023737,24433.39024290467,1.5236375410467553,1.0,0,0
0.95,0.55,0.15,52062.11851272835,24433.39024290467,1.4987226940295324,1.0,0,0
0.95,0.55,0.2,50681.86141521933,24433.39024290467,1.4738078470123093,1.0,0,0
0.95,0.55,0.25,49301.60431771031,24433.39024290467,1.4488929999950864,1.0,0,0
0.95,0.55,0.3,47921.34722020129,24433.39024290467,1.4239781529778632,1.0,0,0
0.95,0.55,0.35,46541.09012269227,24433.39024290467,1.3990633059606403,1.0,0,0
0.95,0.55,0.4,45160.83302518325,24433.39024290467,1.3741484589434174,1.0,0,0
0.95,0.55,0.45,43780.57592767423,24433.39024290467,1.3492336119261943,1.0,0,0
0.95,0.55,0.5,42400.31883016521,24433.39024290467,1.3243187649089714,1.0,0,0
0.95,0.55,0.55,41020.06173265619,24433.39024290467,1.2994039178917483,1.0,0,0
0.95,0.55,0.6,39639.80463514718,24433.39024290467,1.2744890708745253,1.0,0,0
0.95,0.55,0.65,38259.54753763816,24433.39024290467,1.2495742238573024,1.0,0,0
0.95,0.55,0.7,36879.29044012914,24433.39024290467,1.2246593768400795,1.0,0,0
0.95,0.55,0.75,35499.03334262012,24433.39024290467,1.1997445298228564,1.0,0,0
0.95,0.55,0.8,34118.7762451111,24433.39024290467,1.1748296828056335,1.0,0,0
0.95,0.55,0.85,32738.519147602077,24433.39024290467,1.1499148357884104,1.0,0,0
0.95,0.55,0.9,31358.262050093057,24433.39024290467,1.1249999887711875,1.0,0,0
0.95,0.55,0.95,29978.00495258404,24433.39024290467,1.1000851417539645,1.0,0,0
0.95,0.55,1.0,28597.74785507502,24433.39024290467,1.0751702947367414,1.0,0,0
0.95,0.6,0.0,53239.074091926275,24433.39024290467,1.51996777094651,1.0,0,0
0.95,0.6,0.05,51858.816994417255,24433.39024290467,1.495052923929287,1.0,0,0
0.95,0.6,0.1,50478.559896908235,24433.39024290467,1.4701380769120638,1.0,0,0
0.95,0.6,0.15,49098.302799399215,24433.39024290467,1.4452232298948409,1.0,0,0
0.95,0.6,0.2,47718.045701890194,24433.39024290467,1.420308382877618,1.0,0,0
0.95,0.6,0.25,46337.788604381174,24433.39024290467,1.3953935358603948,1.0,0,0
0.95,0.6,0.3,44957.531506872154,24433.39024290467,1.370478688843172,1.0,0,0
0.95,0.6,0.35,43577.27440936314,24433.39024290467,1.345563841825949,1.0,0,0
0.95,0.6,0.4,42197.01731185411,24433.39024290467,1.3206489948087259,1.0,0,0
0.95,0.6,0.45,40816.7602143451,24433.39024290467,1.295734147791503,1.0,0,0
0.95,0.6,0.5,39436.50311683608,24433.39024290467,1.27081930077428,1.0,0,0
0.95,0.6,0.55,38056.24601932706,24433.39024290467,1.245904453757057,1.0,0,0
0.95,0.6,0.6,36675.98892181804,24433.39024290467,1.220989606739834,1.0,0,0
0.95,0.6,0.65,35295.73182430902,24433.39024290467,1.196074759722611,1.0,0,0
0.95,0.6,0.7,33915.47472680001,24433.39024290467,1.171159912705388,1.0,0,0
0.95,0.6,0.75,32535.217629290983,24433.39024290467,1.146245065688165,1.0,0,0
0.95,0.6,0.8,31154.960531781962,24433.39024290467,1.121330218670942,1.0,0,0
0.95,0.6,0.85,29774.703434272946,24433.39024290467,1.096415371653719,1.0,0,0
0.95,0.6,0.9,28394.446336763922,24433.39024290467,1.0715005246364961,1.0,0,0
0.95,0.6,0.95,27014.189239254905,24433.39024290467,1.046585677619273,1.0,0,0
0.95,0.6,1.0,25633.932141745885,24433.39024290467,1.02167083060205,1.0,0,0
0.95,0.65,0.0,50275.25837859714,24433.39024290467,1.4664683068118185,1.0,0,0
0.95,0.65,0.05,48895.001281088116,24433.39024290467,1.4415534597945954,1.0,0,0
0.95,0.65,0.1,47514.744183579096,24433.39024290467,1.4166386127773725,1.0,0,0
0.95,0.65,0.15,46134.487086070076,24433.39024290467,1.3917237657601493,1.0,0,0
0.95,0.65,0.2,44754.229988561056,24433.39024290467,1.3668089187429264,1.0,0,0
0.95,0.65,0.25,43373.972891052035,24433.39024290467,1.3418940717257035,1.0,0,0
0.95,0.65,0.3,41993.715793543015,24433.39024290467,1.3169792247084804,1.0,0,0
0.95,0.65,0.35,40613.458696034,24433.39024290467,1.2920643776912575,1.0,0,0
0.95,0.65,0.4,39233.201598524975,24433.39024290467,1.2671495306740344,1.0,0,0
0.95,0.65,0.45,37852.94450101596,24433.39024290467,1.2422346836568114,1.0,0,0
0.95,0.65,0.5,36472.68740350694,24433.39024290467,1.2173198366395885,1.0,0,0
0.95,0.65,0.55,35092.43030599792,24433.39024290467,1.1924049896223656,1.0,0,0
0.95,0.65,0.6,33712.1732084889,24433.39024290467,1.1674901426051425,1.0,0,0
0.95,0.65,0.65,32331.91611097988,24433.39024290467,1.1425752955879196,1.0,0,0
0.95,0.65,0.7,30951.659013470864,24433.39024290467,1.1176604485706967,1.0,0,0
0.95,0.65,0.75,29571.401915961844,24433.39024290467,1.0927456015534736,1.0,0,0
0.95,0.65,0.8,28191.144818452824,24433.39024290467,1.0678307545362506,1.0,0,0
0.95,0.65,0.85,26810.887720943807,24433.39024290467,1.0429159075190277,1.0,0,0
0.95,0.65,0.9,25430.630623434783,24433.39024290467,1.0180010605018046,1.0,0,0
0.95,0.65,0.95,24050.373525925766,24433.39024290467,0.9930862134845816,0.9930862134845816,1,0
0.95,0.65,1.0,22670.116428416746,24433.39024290467,0.9681713664673587,0.9681713664673587,1,0
0.95,0.7,0.0,47311.442665268,24433.39024290467,1.412968842677127,1.0,0,0
0.95,0.7,0.05,45931.18556775898,24433.39024290467,1.388053995659904,1.0,0,0
0.95,0.7,0.1,44550.928470249964,24433.39024290467,1.3631391486426812,1.0,0,0
0.95,0.7,0.15,43170.67137274094,24433.39024290467,1.338224301625458,1.0,0,0
0.95,0.7,0.2,41790.414275231924,24433.39024290467,1.3133094546082351,1.0,0,0
0.95,0.7,0.25,40410.157177722904,24433.39024290467,1.288394607591012,1.0,0,0
0.95,0.7,0.3,39029.90008021388,24433.39024290467,1.263479760573789,1.0,0,0
0.95,0.7,0.35,37649.64298270487,24433.39024290467,1.2385649135565662,1.0,0,0
0.95,0.7,0.4,36269.38588519584,24433.39024290467,1.213650066539343,1.0,0,0
0.95,0.7,0.45,34889.12878768683,24433.39024290467,1.1887352195221201,1.0,0,0
0.95,0.7,0.5,33508.87169017781,24433.39024290467,1.1638203725048972,1.0,0,0
0.95,0.7,0.55,32128.614592668786,24433.39024290467,1.138905525487674,1.0,0,0
0.95,0.7,0.6,30748.35749515977,24433.39024290467,1.1139906784704512,1.0,0,0
0.95,0.7,0.65,29368.10039765075,24433.39024290467,1.0890758314532283,1.0,0,0
0.95,0.7,0.7,27987.84330014173,24433.39024290467,1.0641609844360052,1.0,0,0
0.95,0.7,0.75,26607.58620263271,24433.39024290467,1.0392461374187822,1.0,0,0
0.95,0.7,0.8,25227.32910512369,24433.39024290467,1.0143312904015591,1.0,0,0
0.95,0.7,0.85,23847.072007614668,24433.39024290467,0.9894164433843362,0.9894164433843362,1,0
0.95,0.7,0.9,22466.814910105648,24433.39024290467,0.9645015963671132,0.9645015963671132,1,0
0.95,0.7,0.95,21086.55781259663,24433.39024290467,0.9395867493498903,0.9395867493498903,1,0
0.95,0.7,1.0,19706.30071508761,24433.39024290467,0.9146719023326673,0.9146719023326673,1,0
0.95,0.75,0.0,44347.62695193886,24433.39024290467,1.3594693785424354,1.0,0,0
0.95,0.75,0.05,42967.36985442984,24433.39024290467,1.3345545315252125,1.0,0,0
0.95,0.75,0.1,41587.11275692082,24433.39024290467,1.3096396845079896,1.0,0,0
0.95,0.75,0.15,40206.8556594118,24433.39024290467,1.2847248374907665,1.0,0,0
0.95,0.75,0.2,38826.59856190278,24433.39024290467,1.2598099904735436,1.0,0,0
0.95,0.75,0.25,37446.34146439376,24433.39024290467,1.2348951434563205,1.0,0,0
0.95,0.75,0.3,36066.08436688474,24433.39024290467,1.2099802964390975,1.0,0,0
0.95,0.75,0.35,34685.827269375724,24433.39024290467,1.1850654494218746,1.0,0,0
0.95,0.75,0.4,33305.5701718667,24433.39024290467,1.1601506024046515,1.0,0,0
0.95,0.75,0.45,31925.313074357684,24433.39024290467,1.1352357553874286,1.0,0,0
0.95,0.75,0.5,30545.055976848664,24433.39024290467,1.1103209083702057,1.0,0,0
0.95,0.75,0.55,29164.798879339643,24433.39024290467,1.0854060613529826,1.0,0,0
0.95,0.75,0.6,27784.541781830623,24433.39024290467,1.0604912143357597,1.0,0,0
0.95,0.75,0.65,26404.284684321603,24433.39024290467,1.0355763673185365,1.0,0,0
0.95,0.75,0.7,25024.027586812586,24433.39024290467,1.0106615203013136,1.0,0,0
0.95,0.75,0.75,23643.770489303566,24433.39024290467,0.9857466732840907,0.9857466732840907,1,0
0.95,0.75,0.8,22263.513391794546,24433.39024290467,0.9608318262668677,0.9608318262668677,1,0
0.95,0.75,0.85,20883.25629428553,24433.39024290467,0.9359169792496447,0.9359169792496447,1,0
0.95,0.75,0.9,19502.999196776505,24433.39024290467,0.9110021322324217,0.9110021322324217,1,0
0.95,0.75,0.95,18122.74209926749,24433.39024290467,0.8860872852151987,0.8860872852151987,1,0
0.95,0.75,1.0,16742.48500175847,24433.39024290467,0.8611724381979757,0.8611724381979757,1,0
0.95,0.8,0.0,41383.81123860972,24433.39024290467,1.3059699144077441,1.0,0,0
0.95,0.8,0.05,40003.5541411007,24433.39024290467,1.281055067390521,1.0,0,0
0.95,0.8,0.1,38623.29704359168,24433.39024290467,1.256140220373298,1.0,0,0
0.95,0.8,0.15,37243.03994608266,24433.39024290467,1.231225373356075,1.0,0,0
0.95,0.8,0.2,35862.78284857364,24433.39024290467,1.206310526338852,1.0,0,0
0.95,0.8,0.25,34482.52575106462,24433.39024290467,1.181395679321629,1.0,0,0
0.95,0.8,0.3,33102.2686535556,24433.39024290467,1.156480832304406,1.0,0,0
0.95,0.8,0.35,31722.011556046586,24433.39024290467,1.131565985287183,1.0,0,0
0.95,0.8,0.4,30341.75445853756,24433.39024290467,1.1066511382699602,1.0,0,0
0.95,0.8,0.45,28961.497361028545,24433.39024290467,1.081736291252737,1.0,0,0
0.95,0.8,0.5,27581.240263519525,24433.39024290467,1.0568214442355142,1.0,0,0
0.95,0.8,0.55,26200.983166010505,24433.39024290467,1.0319065972182913,1.0,0,0
0.95,0.8,0.6,24820.726068501484,24433.39024290467,1.0069917502010681,1.0,0,0
0.95,0.8,0.65,23440.468970992464,24433.39024290467,0.9820769031838451,0.9820769031838451,1,0
0.95,0.8,0.7,22060.211873483448,24433.39024290467,0.9571620561666222,0.9571620561666222,1,0
0.95,0.8,0.75,20679.954775974427,24433.39024290467,0.9322472091493992,0.9322472091493992,1,0
0.95,0.8,0.8,19299.697678465407,24433.39024290467,0.9073323621321762,0.9073323621321762,1,0
0.95,0.8,0.85,17919.44058095639,24433.39024290467,0.8824175151149533,0.8824175151149533,1,0
0.95,0.8,0.9,16539.183483447367,24433.39024290467,0.8575026680977302,0.8575026680977302,1,0
0.95,0.8,0.95,15158.92638593835,24433.39024290467,0.8325878210805073,0.8325878210805073,1,0
0.95,0.8,1.0,13778.66928842933,24433.39024290467,0.8076729740632842,0.8076729740632842,1,0
0.95,0.85,0.0,38419.99552528059,24433.39024290467,1.2524704502730528,1.0,0,0
0.95,0.85,0.05,37039.73842777157,24433.39024290467,1.2275556032558297,1.0,0,0
0.95,0.85,0.1,35659.48133026255,24433.39024290467,1.2026407562386068,1.0,0,0
0.95,0.85,0.15,34279.22423275353,24433.39024290467,1.1777259092213836,1.0,0,0
0.95,0.85,0.2,32898.96713524451,24433.39024290467,1.1528110622041607,1.0,0,0
0.95,0.85,0.25,31518.710037735487,24433.39024290467,1.1278962151869378,1.0,0,0
0.95,0.85,0.3,30138.452940226467,24433.39024290467,1.1029813681697147,1.0,0,0
0.95,0.85,0.35,28758.195842717454,24433.39024290467,1.0780665211524918,1.0,0,0
0.95,0.85,0.4,27377.938745208427,24433.39024290467,1.0531516741352687,1.0,0,0
0.95,0.85,0.45,25997.681647699414,24433.39024290467,1.0282368271180458,1.0,0,0
0.95,0.85,0.5,24617.424550190393,24433.39024290467,1.0033219801008229,1.0,0,0
0.95,0.85,0.55,23237.167452681373,24433.39024290467,0.9784071330835998,0.9784071330835998,1,0
0.95,0.85,0.6,21856.910355172353,24433.39024290467,0.9534922860663768,0.9534922860663768,1,0
0.95,0.85,0.65,20476.653257663333,24433.39024290467,0.9285774390491538,0.9285774390491538,1,0
0.95,0.85,0.7,19096.396160154312,24433.39024290467,0.9036625920319308,0.9036625920319308,1,0
0.95,0.85,0.75,17716.139062645292,24433.39024290467,0.8787477450147079,0.8787477450147079,1,0
0.95,0.85,0.8,16335.881965136272,24433.39024290467,0.8538328979974849,0.8538328979974849,1,0
0.95,0.85,0.85,14955.624867627255,24433.39024290467,0.8289180509802618,0.8289180509802618,1,0
0.95,0.85,0.9,13575.367770118235,24433.39024290467,0.8040032039630389,0.8040032039630389,1,0
0.95,0.85,0.95,12195.110672609217,24433.39024290467,0.7790883569458159,0.7790883569458159,1,0
0.95,0.85,1.0,10814.853575100196,24433.39024290467,0.7541735099285929,0.7541735099285929,1,0
0.95,0.9,0.0,35456.17981195144,24433.39024290467,1.198970986138361,1.0,0,0
0.95,0.9,0.05,34075.92271444242,24433.39024290467,1.1740561391211382,1.0,0,0
0.95,0.9,0.1,32695.66561693341,24433.39024290467,1.1491412921039152,1.0,0,0
0.95,0.9,0.15,31315.408519424385,24433.39024290467,1.1242264450866921,1.0,0,0
0.95,0.9,0.2,29935.15142191537,24433.39024290467,1.0993115980694692,1.0,0,0
0.95,0.9,0.25,28554.89432440635,24433.39024290467,1.0743967510522463,1.0,0,0
0.95,0.9,0.3,27174.63722689733,24433.39024290467,1.0494819040350232,1.0,0,0
0.95,0.9,0.35,25794.38012938831,24433.39024290467,1.0245670570178003,1.0,0,0
0.95,0.9,0.4,24414.123031879288,24433.39024290467,0.9996522100005772,0.9996522100005772,1,0
0.95,0.9,0.45,23033.86593437027,24433.39024290467,0.9747373629833543,0.9747373629833543,1,0
0.95,0.9,0.5,21653.60883686125,24433.39024290467,0.9498225159661313,0.9498225159661313,1,0
0.95,0.9,0.55,20273.35173935223,24433.39024290467,0.9249076689489083,0.9249076689489083,1,0
0.95,0.9,0.6,18893.094641843214,24433.39024290467,0.8999928219316854,0.8999928219316854,1,0
0.95,0.9,0.65,17512.837544334194,24433.39024290467,0.8750779749144624,0.8750779749144624,1,0
0.95,0.9,0.7,16132.580446825174,24433.39024290467,0.8501631278972394,0.8501631278972394,1,0
0.95,0.9,0.75,14752.323349316153,24433.39024290467,0.8252482808800163,0.8252482808800163,1,0
0.95,0.9,0.8,13372.066251807133,24433.39024290467,0.8003334338627933,0.8003334338627933,1,0
0.95,0.9,0.85,11991.809154298115,24433.39024290467,0.7754185868455704,0.7754185868455704,1,0
0.95,0.9,0.9,10611.552056789094,24433.39024290467,0.7505037398283474,0.7505037398283474,1,0
0.95,0.9,0.95,9231.294959280076,24433.39024290467,0.7255888928111245,0.7255888928111245,1,0
0.95,0.9,1.0,7851.037861771056,24433.39024290467,0.7006740457939014,0.7006740457939014,1,0
0.95,0.95,0.0,32492.36409862231,24433.39024290467,1.1454715220036698,1.0,0,0
0.95,0.95,0.05,31112.10700111329,24433.39024290467,1.1205566749864468,1.0,0,0
0.95,0.95,0.1,29731.849903604278,24433.39024290467,1.095641827969224,1.0,0,0
0.95,0.95,0.15,28351.59280609525,24433.39024290467,1.0707269809520008,1.0,0,0
0.95,0.95,0.2,26971.335708586237,24433.39024290467,1.045812133934778,1.0,0,0
0.95,0.95,0.25,25591.078611077217,24433.39024290467,1.020897286917555,1.0,0,0
0.95,0.95,0.3,24210.821513568197,24433.39024290467,0.995982439900332,0.995982439900332,1,0
0.95,0.95,0.35,22830.564416059176,24433.39024290467,0.971067592883109,0.971067592883109,1,0
0.95,0.95,0.4,21450.307318550156,24433.39024290467,0.9461527458658859,0.9461527458658859,1,0
0.95,0.95,0.45,20070.050221041136,24433.39024290467,0.9212378988486629,0.9212378988486629,1,0
0.95,0.95,0.5,18689.793123532116,24433.39024290467,0.8963230518314399,0.8963230518314399,1,0
0.95,0.95,0.55,17309.536026023095,24433.39024290467,0.8714082048142169,0.8714082048142169,1,0
0.95,0.95,0.6,15929.278928514079,24433.39024290467,0.846493357796994,0.846493357796994,1,0
0.95,0.95,0.65,14549.021831005059,24433.39024290467,0.821578510779771,0.821578510779771,1,0
0.95,0.95,0.7,13168.76473349604,24433.39024290467,0.7966636637625479,0.7966636637625479,1,0
0.95,0.95,0.75,11788.50763598702,24433.39024290467,0.771748816745325,0.771748816745325,1,0
0.95,0.95,0.8,10408.250538477998,24433.39024290467,0.7468339697281019,0.7468339697281019,1,0
0.95,0.95,0.85,9027.993440968981,24433.39024290467,0.721919122710879,0.721919122710879,1,0
0.95,0.95,0.9,7647.736343459961,24433.39024290467,0.6970042756936561,0.6970042756936561,1,0
0.95,0.95,0.95,6267.479245950943,24433.39024290467,0.6720894286764331,0.6720894286764331,1,0
0.95,0.95,1.0,4887.222148441922,24433.39024290467,0.64717458165921,0.64717458165921,1,0
0.95,1.0,0.0,29528.548385293172,24433.39024290467,1.0919720578689784,1.0,0,0
0.95,1.0,0.05,28148.29128778415,24433.39024290467,1.0670572108517553,1.0,0,0
0.95,1.0,0.1,26768.034190275135,24433.39024290467,1.0421423638345324,1.0,0,0
0.95,1.0,0.15,25387.77709276611,24433.39024290467,1.0172275168173093,1.0,0,0
0.95,1.0,0.2,24007.519995257095,24433.39024290467,0.9923126698000864,0.9923126698000864,1,0
0.95,1.0,0.25,22627.262897748074,24433.39024290467,0.9673978227828635,0.9673978227828635,1,0
0.95,1.0,0.3,21247.005800239054,24433.39024290467,0.9424829757656404,0.9424829757656404,1,0
0.95,1.0,0.35,19866.748702730038,24433.39024290467,0.9175681287484174,0.9175681287484174,1,0
0.95,1.0,0.4,18486.491605221014,24433.39024290467,0.8926532817311944,0.8926532817311944,1,0
0.95,1.0,0.45,17106.234507711997,24433.39024290467,0.8677384347139715,0.8677384347139715,1,0
0.95,1.0,0.5,15725.977410202977,24433.39024290467,0.8428235876967485,0.8428235876967485,1,0
0.95,1.0,0.55,14345.720312693957,24433.39024290467,0.8179087406795255,0.8179087406795255,1,0
0.95,1.0,0.6,12965.463215184938,24433.39024290467,0.7929938936623024,0.7929938936623024,1,0
0.95,1.0,0.65,11585.206117675918,24433.39024290467,0.7680790466450795,0.7680790466450795,1,0
0.95,1.0,0.7,10204.9490201669,24433.39024290467,0.7431641996278565,0.7431641996278565,1,0
0.95,1.0,0.75,8824.69192265788,24433.39024290467,0.7182493526106335,0.7182493526106335,1,0
0.95,1.0,0.8,7444.434825148858,24433.39024290467,0.6933345055934106,0.6933345055934106,1,0
0.95,1.0,0.85,6064.177727639841,24433.39024290467,0.6684196585761875,0.6684196585761875,1,0
0.95,1.0,0.9,4683.92063013082,24433.39024290467,0.6435048115589646,0.6435048115589646,1,0
0.95,1.0,0.95,3303.6635326218025,24433.39024290467,0.6185899645417416,0.6185899645417416,1,0
0.95,1.0,1.0,1923.4064351127818,24433.39024290467,0.5936751175245185,0.5936751175245185,1,0
0.9,0.0,0.0,88804.86265187593,21929.136949310563,2.207165301342923,1.0,0,0
0.9,0.0,0.05,87424.6055543669,21929.136949310563,2.1822504543256995,1.0,0,0
0.9,0.0,0.1,86044.34845685789,21929.136949310563,2.157335607308477,1.0,0,0
0.9,0.0,0.15,84664.09135934887,21929.136949310563,2.1324207602912537,1.0,0,0
0.9,0.0,0.2,83283.83426183985,21929.136949310563,2.107505913274031,1.0,0,0
0.9,0.0,0.25,81903.57716433083,21929.136949310563,2.082591066256808,1.0,0,0
0.9,0.0,0.3,80523.3200668218,21929.136949310563,2.0576762192395845,1.0,0,0
0.9,0.0,0.35,79143.0629693128,21929.136949310563,2.032761372222362,1.0,0,0
0.9,0.0,0.4,77762.80587180376,21929.136949310563,2.0078465252051387,1.0,0,0
0.9,0.0,0.45,76382.54877429476,21929.136949310563,1.982931678187916,1.0,0,0
0.9,0.0,0.5,75002.29167678574,21929.136949310563,1.958016831170693,1.0,0,0
0.9,0.0,0.55,73622.03457927672,21929.136949310563,1.93310198415347,1.0,0,0
0.9,0.0,0.6,72241.7774817677,21929.136949310563,1.908187137136247,1.0,0,0
0.9,0.0,0.65,70861.52038425868,21929.136949310563,1.8832722901190242,1.0,0,0
0.9,0.0,0.7,69481.26328674966,21929.136949310563,1.858357443101801,1.0,0,0
0.9,0.0,0.75,68101.00618924064,21929.136949310563,1.833442596084578,1.0,0,0
0.9,0.0,0.8,66720.74909173162,21929.136949310563,1.808527749067355,1.0,0,0
0.9,0.0,0.85,65340.4919942226,21929.136949310563,1.7836129020501321,1.0,0,0
0.9,0.0,0.9,63960.23489671358,21929.136949310563,1.758698055032909,1.0,0,0
0.9,0.0,0.95,62579.97779920456,21929.136949310563,1.733783208015686,1.0,0,0
0.9,0.0,1.0,61199.720701695536,21929.136949310563,1.708868360998463,1.0,0,0
0.9,0.05,0.0,85841.04693854679,21929.136949310563,2.1536658372082313,1.0,0,0
0.9,0.05,0.05,84460.78984103777,21929.136949310563,2.1287509901910084,1.0,0,0
0.9,0.05,0.1,83080.53274352875,21929.136949310563,2.103836143173785,1.0,0,0
0.9,0.05,0.15,81700.27564601973,21929.136949310563,2.0789212961565626,1.0,0,0
0.9,0.05,0.2,80320.0185485107,21929.136949310563,2.0540064491393393,1.0,0,0
0.9,0.05,0.25,78939.76145100169,21929.136949310563,2.0290916021221164,1.0,0,0
0.9,0.05,0.3,77559.50435349267,21929.136949310563,2.0041767551048935,1.0,0,0
0.9,0.05,0.35,76179.24725598365,21929.136949310563,1.9792619080876703,1.0,0,0
0.9,0.05,0.4,74798.99015847463,21929.136949310563,1.9543470610704472,1.0,0,0
0.9,0.05,0.45,73418.7330609656,21929.136949310563,1.9294322140532243,1.0,0,0
0.9,0.05,0.5,72038.47596345659,21929.136949310563,1.9045173670360014,1.0,0,0
0.9,0.05,0.55,70658.21886594757,21929.136949310563,1.8796025200187785,1.0,0,0
0.9,0.05,0.6,69277.96176843856,21929.136949310563,1.8546876730015556,1.0,0,0
0.9,0.05,0.65,67897.70467092954,21929.136949310563,1.8297728259843327,1.0,0,0
0.9,0.05,0.7,66517.44757342052,21929.136949310563,1.8048579789671095,1.0,0,0
0.9,0.05,0.75,65137.1904759115,21929.136949310563,1.7799431319498866,1.0,0,0
0.9,0.05,0.8,63756.93337840247,21929.136949310563,1.7550282849326633,1.0,0,0
0.9,0.05,0.85,62376.67628089346,21929.136949310563,1.7301134379154406,1.0,0,0
0.9,0.05,0.9,60996.41918338444,21929.136949310563,1.7051985908982177,1.0,0,0
0.9,0.05,0.95,59616.16208587542,21929.136949310563,1.6802837438809946,1.0,0,0
0.9,0.05,1.0,58235.9049883664,21929.136949310563,1.6553688968637714,1.0,0,0
0.9,0.1,0.0,82877.23122521765,21929.136949310563,2.10016637307354,1.0,0,0
0.9,0.1,0.05,81496.97412770863,21929.136949310563,2.075251526056317,1.0,0,0
0.9,0.1,0.1,80116.71703019961,21929.136949310563,2.050336679039094,1.0,0,0
0.9,0.1,0.15,78736.45993269059,21929.136949310563,2.0254218320218706,1.0,0,0
0.9,0.1,0.2,77356.20283518157,21929.136949310563,2.000506985004648,1.0,0,0
0.9,0.1,0.25,75975.94573767255,21929.136949310563,1.9755921379874248,1.0,0,0
0.9,0.1,0.3,74595.68864016353,21929.136949310563,1.950677290970202,1.0,0,0
0.9,0.1,0.35,73215.43154265452,21929.136949310563,1.925762443952979,1.0,0,0
0.9,0.1,0.4,71835.17444514549,21929.136949310563,1.900847596935756,1.0,0,0
0.9,0.1,0.45,70454.91734763648,21929.136949310563,1.8759327499185332,1.0,0,0
0.9,0.1,0.5,69074.66025012746,21929.136949310563,1.8510179029013103,1.0,0,0
0.9,0.1,0.55,67694.40315261844,21929.136949310563,1.8261030558840872,1.0,0,0
0.9,0.1,0.6,66314.14605510942,21929.136949310563,1.801188208866864,1.0,0,0
0.9,0.1,0.65,64933.88895760039,21929.136949310563,1.776273361849641,1.0,0,0
0.9,0.1,0.7,63553.63186009138,21929.136949310563,1.7513585148324182,1.0,0,0
0.9,0.1,0.75,62173.37476258236,21929.136949310563,1.726443667815195,1.0,0,0
0.9,0.1,0.8,60793.11766507333,21929.136949310563,1.701528820797972,1.0,0,0
0.9,0.1,0.85,59412.86056756432,21929.136949310563,1.676613973780749,1.0,0,0
0.9,0.1,0.9,58032.6034700553,21929.136949310563,1.6516991267635261,1.0,0,0
0.9,0.1,0.95,56652.34637254628,21929.136949310563,1.6267842797463032,1.0,0,0
0.9,0.1,1.0,55272.08927503726,21929.136949310563,1.6018694327290801,1.0,0,0
0.9,0.15,0.0,79913.41551188851,21929.136949310563,2.0466669089388487,1.0,0,0
0.9,0.15,0.05,78533.15841437949,21929.136949310563,2.0217520619216254,1.0,0,0
0.9,0.15,0.1,77152.90131687047,21929.136949310563,1.9968372149044025,1.0,0,0
0.9,0.15,0.15,75772.64421936145,21929.136949310563,1.9719223678871796,1.0,0,0
0.9,0.15,0.2,74392.38712185243,21929.136949310563,1.9470075208699564,1.0,0,0
0.9,0.15,0.25,73012.13002434341,21929.136949310563,1.9220926738527333,1.0,0,0
0.9,0.15,0.3,71631.87292683439,21929.136949310563,1.8971778268355104,1.0,0,0
0.9,0.15,0.35,70251.61582932537,21929.136949310563,1.8722629798182875,1.0,0,0
0.9,0.15,0.4,68871.35873181635,21929.136949310563,1.8473481328010646,1.0,0,0
0.9,0.15,0.45,67491.10163430733,21929.136949310563,1.8224332857838415,1.0,0,0
0.9,0.15,0.5,66110.84453679831,21929.136949310563,1.7975184387666183,1.0,0,0
0.9,0.15,0.55,64730.587439289295,21929.136949310563,1.7726035917493954,1.0,0,0
0.9,0.15,0.6,63350.330341780274,21929.136949310563,1.7476887447321725,1.0,0,0
0.9,0.15,0.65,61970.073244271254,21929.136949310563,1.7227738977149494,1.0,0,0
0.9,0.15,0.7,60589.81614676224,21929.136949310563,1.6978590506977267,1.0,0,0
0.9,0.15,0.75,59209.55904925322,21929.136949310563,1.6729442036805038,1.0,0,0
0.9,0.15,0.8,57829.30195174419,21929.136949310563,1.6480293566632804,1.0,0,0
0.9,0.15,0.85,56449.04485423518,21929.136949310563,1.6231145096460575,1.0,0,0
0.9,0.15,0.9,55068.78775672616,21929.136949310563,1.5981996626288346,1.0,0,0
0.9,0.15,0.95,53688.53065921714,21929.136949310563,1.5732848156116117,1.0,0,0
0.9,0.15,1.0,52308.27356170812,21929.136949310563,1.5483699685943886,1.0,0,0
0.9,0.2,0.0,76949.59979855939,21929.136949310563,1.9931674448041572,1.0,0,0
0.9,0.2,0.05,75569.34270105037,21929.136949310563,1.9682525977869343,1.0,0,0
0.9,0.2,0.1,74189.08560354135,21929.136949310563,1.9433377507697114,1.0,0,0
0.9,0.2,0.15,72808.82850603233,21929.136949310563,1.9184229037524883,1.0,0,0
0.9,0.2,0.2,71428.5714085233,21929.136949310563,1.8935080567352651,1.0,0,0
0.9,0.2,0.25,70048.31431101428,21929.136949310563,1.8685932097180422,1.0,0,0
0.9,0.2,0.3,68668.05721350526,21929.136949310563,1.8436783627008193,1.0,0,0
0.9,0.2,0.35,67287.80011599624,21929.136949310563,1.8187635156835962,1.0,0,0
0.9,0.2,0.4,65907.54301848722,21929.136949310563,1.7938486686663733,1.0,0,0
0.9,0.2,0.45,64527.285920978204,21929.136949310563,1.7689338216491501,1.0,0,0
0.9,0.2,0.5,63147.02882346918,21929.136949310563,1.7440189746319272,1.0,0,0
0.9,0.2,0.55,61766.77172596016,21929.136949310563,1.7191041276147043,1.0,0,0
0.9,0.2,0.6,60386.51462845114,21929.136949310563,1.6941892805974812,1.0,0,0
0.9,0.2,0.65,59006.25753094212,21929.136949310563,1.669274433580258,1.0,0,0
0.9,0.2,0.7,57626.0004334331,21929.136949310563,1.6443595865630352,1.0,0,0
0.9,0.2,0.75,56245.74333592408,21929.136949310563,1.6194447395458123,1.0,0,0
0.9,0.2,0.8,54865.48623841506,21929.136949310563,1.5945298925285893,1.0,0,0
0.9,0.2,0.85,53485.22914090605,21929.136949310563,1.5696150455113662,1.0,0,0
0.9,0.2,0.9,52104.97204339703,21929.136949310563,1.5447001984941433,1.0,0,0
0.9,0.2,0.95,50724.71494588801,21929.136949310563,1.5197853514769202,1.0,0,0
0.9,0.2,1.0,49344.45784837899,21929.136949310563,1.4948705044596973,1.0,0,0
0.9,0.25,0.0,73985.78408523023,21929.136949310563,1.9396679806694657,1.0,0,0
0.9,0.25,0.05,72605.52698772121,21929.136949310563,1.9147531336522425,1.0,0,0
0.9,0.25,0.1,71225.2698902122,21929.136949310563,1.8898382866350198,1.0,0,0
0.9,0.25,0.15,69845.01279270317,21929.136949310563,1.8649234396177965,1.0,0,0
0.9,0.25,0.2,68464.75569519417,21929.136949310563,1.8400085926005738,1.0,0,0
0.9,0.25,0.25,67084.49859768515,21929.136949310563,1.8150937455833507,1.0,0,0
0.9,0.25,0.3,65704.24150017613,21929.136949310563,1.7901788985661278,1.0,0,0
0.9,0.25,0.35,64323.984402667105,21929.136949310563,1.7652640515489049,1.0,0,0
0.9,0.25,0.4,62943.727305158085,21929.136949310563,1.7403492045316817,1.0,0,0
0.9,0.25,0.45,61563.470207649065,21929.136949310563,1.7154343575144586,1.0,0,0
0.9,0.25,0.5,60183.213110140045,21929.136949310563,1.6905195104972357,1.0,0,0
0.9,0.25,0.55,58802.956012631024,21929.136949310563,1.6656046634800128,1.0,0,0
0.9,0.25,0.6,57422.698915122004,21929.136949310563,1.6406898164627899,1.0,0,0
0.9,0.25,0.65,56042.441817612984,21929.136949310563,1.6157749694455668,1.0,0,0
0.9,0.25,0.7,54662.18472010396,21929.136949310563,1.5908601224283436,1.0,0,0
0.9,0.25,0.75,53281.92762259494,21929.136949310563,1.5659452754111207,1.0,0,0
0.9,0.25,0.8,51901.67052508592,21929.136949310563,1.5410304283938978,1.0,0,0
0.9,0.25,0.85,50521.41342757691,21929.136949310563,1.516115581376675,1.0,0,0
0.9,0.25,0.9,49141.15633006789,21929.136949310563,1.4912007343594518,1.0,0,0
0.9,0.25,0.95,47760.89923255887,21929.136949310563,1.4662858873422289,1.0,0,0
0.9,0.25,1.0,46380.64213504985,21929.136949310563,1.4413710403250057,1.0,0,0
0.9,0.3,0.0,71021.96837190111,21929.136949310563,1.8861685165347744,1.0,0,0
0.9,0.3,0.05,69641.71127439209,21929.136949310563,1.8612536695175512,1.0,0,0
0.9,0.3,0.1,68261.45417688307,21929.136949310563,1.8363388225003283,1.0,0,0
0.9,0.3,0.15,66881.19707937405,21929.136949310563,1.8114239754831054,1.0,0,0
0.9,0.3,0.2,65500.93998186503,21929.136949310563,1.7865091284658823,1.0,0,0
0.9,0.3,0.25,64120.68288435601,21929.136949310563,1.7615942814486591,1.0,0,0
0.9,0.3,0.3,62740.42578684699,21929.136949310563,1.7366794344314362,1.0,0,0
0.9,0.3,0.35,61360.16868933797,21929.136949310563,1.7117645874142133,1.0,0,0
0.9,0.3,0.4,59979.911591828946,21929.136949310563,1.6868497403969904,1.0,0,0
0.9,0.3,0.45,58599.654494319926,21929.136949310563,1.6619348933797673,1.0,0,0
0.9,0.3,0.5,57219.397396810906,21929.136949310563,1.6370200463625442,1.0,0,0
0.9,0.3,0.55,55839.140299301886,21929.136949310563,1.6121051993453213,1.0,0,0
0.9,0.3,0.6,54458.883201792865,21929.136949310563,1.5871903523280984,1.0,0,0
0.9,0.3,0.65,53078.626104283845,21929.136949310563,1.5622755053108752,1.0,0,0
0.9,0.3,0.7,51698.369006774825,21929.136949310563,1.537360658293652,1.0,0,0
0.9,0.3,0.75,50318.111909265805,21929.136949310563,1.5124458112764292,1.0,0,0
0.9,0.3,0.8,48937.854811756784,21929.136949310563,1.4875309642592063,1.0,0,0
0.9,0.3,0.85,47557.59771424777,21929.136949310563,1.4626161172419834,1.0,0,0
0.9,0.3,0.9,46177.34061673875,21929.136949310563,1.4377012702247605,1.0,0,0
0.9,0.3,0.95,44797.08351922973,21929.136949310563,1.4127864232075373,1.0,0,0
0.9,0.3,1.0,43416.82642172071,21929.136949310563,1.3878715761903142,1.0,0,0
0.9,0.35,0.0,68058.15265857195,21929.136949310563,1.8326690524000826,1.0,0,0
0.9,0.35,0.05,66677.89556106293,21929.136949310563,1.8077542053828597,1.0,0,0
0.9,0.35,0.1,65297.63846355393,21929.136949310563,1.7828393583656368,1.0,0,0
0.9,0.35,0.15,63917.3813660449,21929.136949310563,1.7579245113484134,1.0,0,0
0.9,0.35,0.2,62537.12426853589,21929.136949310563,1.733009664331191,1.0,0,0
0.9,0.35,0.25,61156.86717102687,21929.136949310563,1.7080948173139678,1.0,0,0
0.9,0.35,0.3,59776.61007351785,21929.136949310563,1.6831799702967447,1.0,0,0
0.9,0.35,0.35,58396.35297600883,21929.136949310563,1.6582651232795218,1.0,0,0
0.9,0.35,0.4,57016.09587849981,21929.136949310563,1.633350276262299,1.0,0,0
0.9,0.35,0.45,55635.83878099079,21929.136949310563,1.608435429245076,1.0,0,0
0.9,0.35,0.5,54255.58168348177,21929.136949310563,1.5835205822278526,1.0,0,0
0.9,0.35,0.55,52875.32458597275,21929.136949310563,1.5586057352106297,1.0,0,0
0.9,0.35,0.6,51495.06748846373,21929.136949310563,1.5336908881934068,1.0,0,0
0.9,0.35,0.65,50114.810390954706,21929.136949310563,1.508776041176184,1.0,0,0
0.9,0.35,0.7,48734.553293445686,21929.136949310563,1.4838611941589608,1.0,0,0
0.9,0.35,0.75,47354.296195936666,21929.136949310563,1.4589463471417377,1.0,0,0
0.9,0.35,0.8,45974.039098427646,21929.136949310563,1.4340315001245147,1.0,0,0
0.9,0.35,0.85,44593.78200091863,21929.136949310563,1.4091166531072918,1.0,0,0
0.9,0.35,0.9,43213.52490340961,21929.136949310563,1.384201806090069,1.0,0,0
0.9,0.35,0.95,41833.26780590059,21929.136949310563,1.359286959072846,1.0,0,0
0.9,0.35,1.0,40453.01070839157,21929.136949310563,1.334372112055623,1.0,0,0
0.9,0.4,0.0,65094.33694524282,21929.136949310563,1.779169588265391,1.0,0,0
0.9,0.4,0.05,63714.0798477338,21929.136949310563,1.7542547412481682,1.0,0,0
0.9,0.4,0.1,62333.82275022479,21929.136949310563,1.7293398942309453,1.0,0,0
0.9,0.4,0.15,60953.56565271576,21929.136949310563,1.7044250472137221,1.0,0,0
0.9,0.4,0.2,59573.30855520675,21929.136949310563,1.6795102001964994,1.0,0,0
0.9,0.4,0.25,58193.05145769773,21929.136949310563,1.6545953531792765,1.0,0,0
0.9,0.4,0.3,56812.79436018871,21929.136949310563,1.6296805061620534,1.0,0,0
0.9,0.4,0.35,55432.53726267969,21929.136949310563,1.6047656591448303,1.0,0,0
0.9,0.4,0.4,54052.28016517067,21929.136949310563,1.5798508121276074,1.0,0,0
0.9,0.4,0.45,52672.02306766165,21929.136949310563,1.5549359651103845,1.0,0,0
0.9,0.4,0.5,51291.76597015263,21929.136949310563,1.5300211180931613,1.0,0,0
0.9,0.4,0.55,49911.50887264361,21929.136949310563,1.5051062710759382,1.0,0,0
0.9,0.4,0.6,48531.25177513459,21929.136949310563,1.4801914240587153,1.0,0,0
0.9,0.4,0.65,47150.99467762557,21929.136949310563,1.4552765770414924,1.0,0,0
0.9,0.4,0.7,45770.73758011655,21929.136949310563,1.4303617300242693,1.0,0,0
0.9,0.4,0.75,44390.48048260753,21929.136949310563,1.4054468830070463,1.0,0,0
0.9,0.4,0.8,43010.22338509851,21929.136949310563,1.3805320359898232,1.0,0,0
0.9,0.4,0.85,41629.966287589494,21929.136949310563,1.3556171889726003,1.0,0,0
0.9,0.4,0.9,40249.70919008047,21929.136949310563,1.3307023419553774,1.0,0,0
0.9,0.4,0.95,38869.45209257145,21929.136949310563,1.3057874949381545,1.0,0,0
0.9,0.4,1.0,37489.19499506243,21929.136949310563,1.2808726479209314,1.0,0,0
0.9,0.45,0.0,62130.52123191369,21929.136949310563,1.7256701241307,1.0,0,0
0.9,0.45,0.05,60750.26413440467,21929.136949310563,1.700755277113477,1.0,0,0
0.9,0.45,0.1,59370.00703689565,21929.136949310563,1.675840430096254,1.0,0,0
0.9,0.45,0.15,57989.74993938663,21929.136949310563,1.6509255830790308,1.0,0,0
0.9,0.45,0.2,56609.49284187761,21929.136949310563,1.626010736061808,1.0,0,0
0.9,0.45,0.25,55229.23574436859,21929.136949310563,1.601095889044585,1.0,0,0
0.9,0.45,0.3,53848.97864685957,21929.136949310563,1.5761810420273619,1.0,0,0
0.9,0.45,0.35,52468.72154935056,21929.136949310563,1.551266195010139,1.0,0,0
0.9,0.45,0.4,51088.46445184153,21929.136949310563,1.5263513479929158,1.0,0,0
0.9,0.45,0.45,49708.20735433252,21929.136949310563,1.501436500975693,1.0,0,0
0.9,0.45,0.5,48327.9502568235,21929.136949310563,1.47652165395847,1.0,0,0
0.9,0.45,0.55,46947.693159314476,21929.136949310563,1.451606806941247,1.0,0,0
0.9,0.45,0.6,45567.436061805456,21929.136949310563,1.426691959924024,1.0,0,0
0.9,0.45,0.65,44187.178964296436,21929.136949310563,1.4017771129068008,1.0,0,0
0.9,0.45,0.7,42806.92186678742,21929.136949310563,1.3768622658895782,1.0,0,0
0.9,0.45,0.75,41426.6647692784,21929.136949310563,1.351947418872355,1.0,0,0
0.9,0.45,0.8,40046.407671769375,21929.136949310563,1.327032571855132,1.0,0,0
0.9,0.45,0.85,38666.15057426036,21929.136949310563,1.3021177248379092,1.0,0,0
0.9,0.45,0.9,37285.89347675134,21929.136949310563,1.277202877820686,1.0,0,0
0.9,0.45,0.95,35905.63637924232,21929.136949310563,1.2522880308034632,1.0,0,0
0.9,0.45,1.0,34525.3792817333,21929.136949310563,1.22737318378624,1.0,0,0
0.9,0.5,0.0,59166.70551858455,21929.136949310563,1.6721706599960084,1.0,0,0
0.9,0.5,0.05,57786.44842107553,21929.136949310563,1.6472558129787855,1.0,0,0
0.9,0.5,0.1,56406.19132356651,21929.136949310563,1.6223409659615626,1.0,0,0
0.9,0.5,0.15,55025.93422605749,21929.136949310563,1.5974261189443395,1.0,0,0
0.9,0.5,0.2,53645.67712854847,21929.136949310563,1.5725112719271164,1.0,0,0
0.9,0.5,0.25,52265.42003103945,21929.136949310563,1.5475964249098935,1.0,0,0
0.9,0.5,0.3,50885.16293353043,21929.136949310563,1.5226815778926706,1.0,0,0
0.9,0.5,0.35,49504.90583602141,21929.136949310563,1.4977667308754474,1.0,0,0
0.9,0.5,0.4,48124.64873851239,21929.136949310563,1.4728518838582243,1.0,0,0
0.9,0.5,0.45,46744.39164100337,21929.136949310563,1.4479370368410014,1.0,0,0
0.9,0.5,0.5,45364.13454349435,21929.136949310563,1.4230221898237785,1.0,0,0
0.9,0.5,0.55,43983.87744598533,21929.136949310563,1.3981073428065554,1.0,0,0
0.9,0.5,0.6,42603.62034847632,21929.136949310563,1.3731924957893324,1.0,0,0
0.9,0.5,0.65,41223.3632509673,21929.136949310563,1.3482776487721095,1.0,0,0
0.9,0.5,0.7,39843.10615345828,21929.136949310563,1.3233628017548864,1.0,0,0
0.9,0.5,0.75,38462.84905594926,21929.136949310563,1.2984479547376635,1.0,0,0
0.9,0.5,0.8,37082.591958440236,21929.136949310563,1.2735331077204406,1.0,0,0
0.9,0.5,0.85,35702.334860931216,21929.136949310563,1.2486182607032175,1.0,0,0
0.9,0.5,0.9,34322.077763422196,21929.136949310563,1.2237034136859946,1.0,0,0
0.9,0.5,0.95,32941.82066591318,21929.136949310563,1.1987885666687716,1.0,0,0
0.9,0.5,1.0,31561.56356840416,21929.136949310563,1.1738737196515485,1.0,0,0
0.9,0.55,0.0,56202.889805255414,21929.136949310563,1.618671195861317,1.0,0,0
0.9,0.55,0.05,54822.632707746394,21929.136949310563,1.593756348844094,1.0,0,0
0.9,0.55,0.1,53442.37561023737,21929.136949310563,1.568841501826871,1.0,0,0
0.9,0.55,0.15,52062.11851272835,21929.136949310563,1.543926654809648,1.0,0,0
0.9,0.55,0.2,50681.86141521933,21929.136949310563,1.5190118077924248,1.0,0,0
0.9,0.55,0.25,49301.60431771031,21929.136949310563,1.494096960775202,1.0,0,0
0.9,0.55,0.3,47921.34722020129,21929.136949310563,1.469182113757979,1.0,0,0
0.9,0.55,0.35,46541.09012269227,21929.136949310563,1.444267266740756,1.0,0,0
0.9,0.55,0.4,45160.83302518325,21929.136949310563,1.419352419723533,1.0,0,0
0.9,0.55,0.45,43780.57592767423,21929.136949310563,1.3944375727063099,1.0,0,0
0.9,0.55,0.5,42400.31883016521,21929.136949310563,1.369522725689087,1.0,0,0
0.9,0.55,0.55,41020.06173265619,21929.136949310563,1.344607878671864,1.0,0,0
0.9,0.55,0.6,39639.80463514718,21929.136949310563,1.3196930316546411,1.0,0,0
0.9,0.55,0.65,38259.54753763816,21929.136949310563,1.294778184637418,1.0,0,0
0.9,0.55,0.7,36879.29044012914,21929.136949310563,1.269863337620195,1.0,0,0
0.9,0.55,0.75,35499.03334262012,21929.136949310563,1.244948490602972,1.0,0,0
0.9,0.55,0.8,34118.7762451111,21929.136949310563,1.220033643585749,1.0,0,0
0.9,0.55,0.85,32738.519147602077,21929.136949310563,1.1951187965685262,1.0,0,0
0.9,0.55,0.9,31358.262050093057,21929.136949310563,1.170203949551303,1.0,0,0
0.9,0.55,0.95,29978.00495258404,21929.136949310563,1.1452891025340801,1.0,0,0
0.9,0.55,1.0,28597.74785507502,21929.136949310563,1.1203742555168572,1.0,0,0
0.9,0.6,0.0,53239.074091926275,21929.136949310563,1.5651717317266254,1.0,0,0
0.9,0.6,0.05,51858.816994417255,21929.136949310563,1.5402568847094025,1.0,0,0
0.9,0.6,0.1,50478.559896908235,21929.136949310563,1.5153420376921796,1.0,0,0
0.9,0.6,0.15,49098.302799399215,21929.136949310563,1.4904271906749564,1.0,0,0
0.9,0.6,0.2,47718.045701890194,21929.136949310563,1.4655123436577335,1.0,0,0
0.9,0.6,0.25,46337.788604381174,21929.136949310563,1.4405974966405104,1.0,0,0
0.9,0.6,0.3,44957.531506872154,21929.136949310563,1.4156826496232875,1.0,0,0
0.9,0.6,0.35,43577.27440936314,21929.136949310563,1.3907678026060646,1.0,0,0
0.9,0.6,0.4,42197.01731185411,21929.136949310563,1.3658529555888415,1.0,0,0
0.9,0.6,0.45,40816.7602143451,21929.136949310563,1.3409381085716185,1.0,0,0
0.9,0.6,0.5,39436.50311683608,21929.136949310563,1.3160232615543956,1.0,0,0
0.9,0.6,0.55,38056.24601932706,21929.136949310563,1.2911084145371725,1.0,0,0
0.9,0.6,0.6,36675.98892181804,21929.136949310563,1.2661935675199496,1.0,0,0
0.9,0.6,0.65,35295.73182430902,21929.136949310563,1.2412787205027267,1.0,0,0
0.9,0.6,0.7,33915.47472680001,21929.136949310563,1.2163638734855038,1.0,0,0
0.9,0.6,0.75,32535.217629290983,21929.136949310563,1.1914490264682807,1.0,0,0
0.9,0.6,0.8,31154.960531781962,21929.136949310563,1.1665341794510578,1.0,0,0
0.9,0.6,0.85,29774.703434272946,21929.136949310563,1.1416193324338346,1.0,0,0
0.9,0.6,0.9,28394.446336763922,21929.136949310563,1.1167044854166117,1.0,0,0
0.9,0.6,0.95,27014.189239254905,21929.136949310563,1.0917896383993888,1.0,0,0
0.9,0.6,1.0,25633.932141745885,21929.136949310563,1.0668747913821657,1.0,0,0
0.9,0.65,0.0,50275.25837859714,21929.136949310563,1.511672267591934,1.0,0,0
0.9,0.65,0.05,48895.001281088116,21929.136949310563,1.486757420574711,1.0,0,0
0.9,0.65,0.1,47514.744183579096,21929.136949310563,1.461842573557488,1.0,0,0
0.9,0.65,0.15,46134.487086070076,21929.136949310563,1.4369277265402651,1.0,0,0
0.9,0.65,0.2,44754.229988561056,21929.136949310563,1.412012879523042,1.0,0,0
0.9,0.65,0.25,43373.972891052035,21929.136949310563,1.387098032505819,1.0,0,0
0.9,0.65,0.3,41993.715793543015,21929.136949310563,1.362183185488596,1.0,0,0
0.9,0.65,0.35,40613.458696034,21929.136949310563,1.337268338471373,1.0,0,0
0.9,0.65,0.4,39233.201598524975,21929.136949310563,1.3123534914541501,1.0,0,0
0.9,0.65,0.45,37852.94450101596,21929.136949310563,1.2874386444369272,1.0,0,0
0.9,0.65,0.5,36472.68740350694,21929.136949310563,1.262523797419704,1.0,0,0
0.9,0.65,0.55,35092.43030599792,21929.136949310563,1.2376089504024812,1.0,0,0
0.9,0.65,0.6,33712.1732084889,21929.136949310563,1.212694103385258,1.0,0,0
0.9,0.65,0.65,32331.91611097988,21929.136949310563,1.1877792563680352,1.0,0,0
0.9,0.65,0.7,30951.659013470864,21929.136949310563,1.1628644093508123,1.0,0,0
0.9,0.65,0.75,29571.401915961844,21929.136949310563,1.1379495623335891,1.0,0,0
0.9,0.65,0.8,28191.144818452824,21929.136949310563,1.1130347153163662,1.0,0,0
0.9,0.65,0.85,26810.887720943807,21929.136949310563,1.0881198682991433,1.0,0,0
0.9,0.65,0.9,25430.630623434783,21929.136949310563,1.0632050212819202,1.0,0,0
0.9,0.65,0.95,24050.373525925766,21929.136949310563,1.0382901742646973,1.0,0,0
0.9,0.65,1.0,22670.116428416746,21929.136949310563,1.0133753272474744,1.0,0,0
0.9,0.7,0.0,47311.442665268,21929.136949310563,1.4581728034572425,1.0,0,0
0.9,0.7,0.05,45931.18556775898,21929.136949310563,1.4332579564400196,1.0,0,0
0.9,0.7,0.1,44550.928470249964,21929.136949310563,1.4083431094227967,1.0,0,0
0.9,0.7,0.15,43170.67137274094,21929.136949310563,1.3834282624055736,1.0,0,0
0.9,0.7,0.2,41790.414275231924,21929.136949310563,1.3585134153883507,1.0,0,0
0.9,0.7,0.25,40410.157177722904,21929.136949310563,1.3335985683711278,1.0,0,0
0.9,0.7,0.3,39029.90008021388,21929.136949310563,1.3086837213539046,1.0,0,0
0.9,0.7,0.35,37649.64298270487,21929.136949310563,1.283768874336682,1.0,0,0
0.9,0.7,0.4,36269.38588519584,21929.136949310563,1.2588540273194586,1.0,0,0
0.9,0.7,0.45,34889.12878768683,21929.136949310563,1.233939180302236,1.0,0,0
0.9,0.7,0.5,33508.87169017781,21929.136949310563,1.2090243332850128,1.0,0,0
0.9,0.7,0.55,32128.614592668786,21929.136949310563,1.1841094862677897,1.0,0,0
0.9,0.7,0.6,30748.35749515977,21929.136949310563,1.1591946392505668,1.0,0,0
0.9,0.7,0.65,29368.10039765075,21929.136949310563,1.1342797922333439,1.0,0,0
0.9,0.7,0.7,27987.84330014173,21929.136949310563,1.1093649452161207,1.0,0,0
0.9,0.7,0.75,26607.58620263271,21929.136949310563,1.0844500981988978,1.0,0,0
0.9,0.7,0.8,25227.32910512369,21929.136949310563,1.059535251181675,1.0,0,0
0.9,0.7,0.85,23847.072007614668,21929.136949310563,1.0346204041644518,1.0,0,0
0.9,0.7,0.9,22466.814910105648,21929.136949310563,1.0097055571472289,1.0,0,0
0.9,0.7,0.95,21086.55781259663,21929.136949310563,0.9847907101300059,0.9847907101300059,1,0
0.9,0.7,1.0,19706.30071508761,21929.136949310563,0.9598758631127828,0.9598758631127828,1,0
0.9,0.75,0.0,44347.62695193886,21929.136949310563,1.4046733393225512,1.0,0,0
0.9,0.75,0.05,42967.36985442984,21929.136949310563,1.379758492305328,1.0,0,0
0.9,0.75,0.1,41587.11275692082,21929.136949310563,1.3548436452881052,1.0,0,0
0.9,0.75,0.15,40206.8556594118,21929.136949310563,1.329928798270882,1.0,0,0
0.9,0.75,0.2,38826.59856190278,21929.136949310563,1.3050139512536592,1.0,0,0
0.9,0.75,0.25,37446.34146439376,21929.136949310563,1.2800991042364362,1.0,0,0
0.9,0.75,0.3,36066.08436688474,21929.136949310563,1.2551842572192131,1.0,0,0
0.9,0.75,0.35,34685.827269375724,21929.136949310563,1.2302694102019902,1.0,0,0
0.9,0.75,0.4,33305.5701718667,21929.136949310563,1.205354563184767,1.0,0,0
0.9,0.75,0.45,31925.313074357684,21929.136949310563,1.1804397161675442,1.0,0,0
0.9,0.75,0.5,30545.055976848664,21929.136949310563,1.1555248691503213,1.0,0,0
0.9,0.75,0.55,29164.798879339643,21929.136949310563,1.1306100221330984,1.0,0,0
0.9,0.75,0.6,27784.541781830623,21929.136949310563,1.1056951751158752,1.0,0,0
0.9,0.75,0.65,26404.284684321603,21929.136949310563,1.0807803280986523,1.0,0,0
0.9,0.75,0.7,25024.027586812586,21929.136949310563,1.0558654810814292,1.0,0,0
0.9,0.75,0.75,23643.770489303566,21929.136949310563,1.0309506340642063,1.0,0,0
0.9,0.75,0.8,22263.513391794546,21929.136949310563,1.0060357870469834,1.0,0,0
0.9,0.75,0.85,20883.25629428553,21929.136949310563,0.9811209400297604,0.9811209400297604,1,0
0.9,0.75,0.9,19502.999196776505,21929.136949310563,0.9562060930125373,0.9562060930125373,1,0
0.9,0.75,0.95,18122.74209926749,21929.136949310563,0.9312912459953143,0.9312912459953143,1,0
0.9,0.75,1.0,16742.48500175847,21929.136949310563,0.9063763989780913,0.9063763989780913,1,0
0.9,0.8,0.0,41383.81123860972,21929.136949310563,1.3511738751878597,1.0,0,0
0.9,0.8,0.05,40003.5541411007,21929.136949310563,1.3262590281706368,1.0,0,0
0.9,0.8,0.1,38623.29704359168,21929.136949310563,1.3013441811534137,1.0,0,0
0.9,0.8,0.15,37243.03994608266,21929.136949310563,1.2764293341361905,1.0,0,0
0.9,0.8,0.2,35862.78284857364,21929.136949310563,1.2515144871189676,1.0,0,0
0.9,0.8,0.25,34482.52575106462,21929.136949310563,1.2265996401017447,1.0,0,0
0.9,0.8,0.3,33102.2686535556,21929.136949310563,1.2016847930845216,1.0,0,0
0.9,0.8,0.35,31722.011556046586,21929.136949310563,1.176769946067299,1.0,0,0
0.9,0.8,0.4,30341.75445853756,21929.136949310563,1.1518550990500758,1.0,0,0
0.9,0.8,0.45,28961.497361028545,21929.136949310563,1.1269402520328529,1.0,0,0
0.9,0.8,0.5,27581.240263519525,21929.136949310563,1.1020254050156297,1.0,0,0
0.9,0.8,0.55,26200.983166010505,21929.136949310563,1.0771105579984068,1.0,0,0
0.9,0.8,0.6,24820.726068501484,21929.136949310563,1.0521957109811837,1.0,0,0
0.9,0.8,0.65,23440.468970992464,21929.136949310563,1.0272808639639608,1.0,0,0
0.9,0.8,0.7,22060.211873483448,21929.136949310563,1.0023660169467379,1.0,0,0
0.9,0.8,0.75,20679.954775974427,21929.136949310563,0.9774511699295149,0.9774511699295149,1,0
0.9,0.8,0.8,19299.697678465407,21929.136949310563,0.9525363229122918,0.9525363229122918,1,0
0.9,0.8,0.85,17919.44058095639,21929.136949310563,0.9276214758950689,0.9276214758950689,1,0
0.9,0.8,0.9,16539.183483447367,21929.136949310563,0.9027066288778458,0.9027066288778458,1,0
0.9,0.8,0.95,15158.92638593835,21929.136949310563,0.8777917818606229,0.8777917818606229,1,0
0.9,0.8,1.0,13778.66928842933,21929.136949310563,0.8528769348433999,0.8528769348433999,1,0
0.9,0.85,0.0,38419.99552528059,21929.136949310563,1.2976744110531684,1.0,0,0
0.9,0.85,0.05,37039.73842777157,21929.136949310563,1.2727595640359453,1.0,0,0
0.9,0.85,0.1,35659.48133026255,21929.136949310563,1.2478447170187223,1.0,0,0
0.9,0.85,0.15,34279.22423275353,21929.136949310563,1.2229298700014994,1.0,0,0
0.9,0.85,0.2,32898.96713524451,21929.136949310563,1.1980150229842763,1.0,0,0
0.9,0.85,0.25,31518.710037735487,21929.136949310563,1.1731001759670534,1.0,0,0
0.9,0.85,0.3,30138.452940226467,21929.136949310563,1.1481853289498303,1.0,0,0
0.9,0.85,0.35,28758.195842717454,21929.136949310563,1.1232704819326074,1.0,0,0
0.9,0.85,0.4,27377.938745208427,21929.136949310563,1.0983556349153842,1.0,0,0
0.9,0.85,0.45,25997.681647699414,21929.136949310563,1.0734407878981616,1.0,0,0
0.9,0.85,0.5,24617.424550190393,21929.136949310563,1.0485259408809384,1.0,0,0
0.9,0.85,0.55,23237.167452681373,21929.136949310563,1.0236110938637155,1.0,0,0
0.9,0.85,0.6,21856.910355172353,21929.136949310563,0.9986962468464925,0.9986962468464925,1,0
0.9,0.85,0.65,20476.653257663333,21929.136949310563,0.9737813998292695,0.9737813998292695,1,0
0.9,0.85,0.7,19096.396160154312,21929.136949310563,0.9488665528120465,0.9488665528120465,1,0
0.9,0.85,0.75,17716.139062645292,21929.136949310563,0.9239517057948234,0.9239517057948234,1,0
0.9,0.85,0.8,16335.881965136272,21929.136949310563,0.8990368587776004,0.8990368587776004,1,0
0.9,0.85,0.85,14955.624867627255,21929.136949310563,0.8741220117603775,0.8741220117603775,1,0
0.9,0.85,0.9,13575.367770118235,21929.136949310563,0.8492071647431545,0.8492071647431545,1,0
0.9,0.85,0.95,12195.110672609217,21929.136949310563,0.8242923177259316,0.8242923177259316,1,0
0.9,0.85,1.0,10814.853575100196,21929.136949310563,0.7993774707087085,0.7993774707087085,1,0
0.9,0.9,0.0,35456.17981195144,21929.136949310563,1.2441749469184769,1.0,0,0
0.9,0.9,0.05,34075.92271444242,21929.136949310563,1.2192600999012537,1.0,0,0
0.9,0.9,0.1,32695.66561693341,21929.136949310563,1.1943452528840308,1.0,0,0
0.9,0.9,0.15,31315.408519424385,21929.136949310563,1.169430405866808,1.0,0,0
0.9,0.9,0.2,29935.15142191537,21929.136949310563,1.144515558849585,1.0,0,0
0.9,0.9,0.25,28554.89432440635,21929.136949310563,1.1196007118323619,1.0,0,0
0.9,0.9,0.3,27174.63722689733,21929.136949310563,1.094685864815139,1.0,0,0
0.9,0.9,0.35,25794.38012938831,21929.136949310563,1.0697710177979158,1.0,0,0
0.9,0.9,0.4,24414.123031879288,21929.136949310563,1.044856170780693,1.0,0,0
0.9,0.9,0.45,23033.86593437027,21929.136949310563,1.01994132376347,1.0,0,0
0.9,0.9,0.5,21653.60883686125,21929.136949310563,0.9950264767462469,0.9950264767462469,1,0
0.9,0.9,0.55,20273.35173935223,21929.136949310563,0.970111629729024,0.970111629729024,1,0
0.9,0.9,0.6,18893.094641843214,21929.136949310563,0.945196782711801,0.945196782711801,1,0
0.9,0.9,0.65,17512.837544334194,21929.136949310563,0.920281935694578,0.920281935694578,1,0
0.9,0.9,0.7,16132.580446825174,21929.136949310563,0.895367088677355,0.895367088677355,1,0
0.9,0.9,0.75,14752.323349316153,21929.136949310563,0.870452241660132,0.870452241660132,1,0
0.9,0.9,0.8,13372.066251807133,21929.136949310563,0.845537394642909,0.845537394642909,1,0
0.9,0.9,0.85,11991.809154298115,21929.136949310563,0.820622547625686,0.820622547625686,1,0
0.9,0.9,0.9,10611.552056789094,21929.136949310563,0.795707700608463,0.795707700608463,1,0
0.9,0.9,0.95,9231.294959280076,21929.136949310563,0.7707928535912401,0.7707928535912401,1,0
0.9,0.9,1.0,7851.037861771056,21929.136949310563,0.745878006574017,0.745878006574017,1,0
0.9,0.95,0.0,32492.36409862231,21929.136949310563,1.1906754827837855,1.0,0,0
0.9,0.95,0.05,31112.10700111329,21929.136949310563,1.1657606357665624,1.0,0,0
0.9,0.95,0.1,29731.849903604278,21929.136949310563,1.1408457887493395,1.0,0,0
0.9,0.95,0.15,28351.59280609525,21929.136949310563,1.1159309417321164,1.0,0,0
0.9,0.95,0.2,26971.335708586237,21929.136949310563,1.0910160947148935,1.0,0,0
0.9,0.95,0.25,25591.078611077217,21929.136949310563,1.0661012476976706,1.0,0,0
0.9,0.95,0.3,24210.821513568197,21929.136949310563,1.0411864006804477,1.0,0,0
0.9,0.95,0.35,22830.564416059176,21929.136949310563,1.0162715536632245,1.0,0,0
0.9,0.95,0.4,21450.307318550156,21929.136949310563,0.9913567066460015,0.9913567066460015,1,0
0.9,0.95,0.45,20070.050221041136,21929.136949310563,0.9664418596287785,0.9664418596287785,1,0
0.9,0.95,0.5,18689.793123532116,21929.136949310563,0.9415270126115556,0.9415270126115556,1,0
0.9,0.95,0.55,17309.536026023095,21929.136949310563,0.9166121655943326,0.9166121655943326,1,0
0.9,0.95,0.6,15929.278928514079,21929.136949310563,0.8916973185771095,0.8916973185771095,1,0
0.9,0.95,0.65,14549.021831005059,21929.136949310563,0.8667824715598866,0.8667824715598866,1,0
0.9,0.95,0.7,13168.76473349604,21929.136949310563,0.8418676245426636,0.8418676245426636,1,0
0.9,0.95,0.75,11788.50763598702,21929.136949310563,0.8169527775254406,0.8169527775254406,1,0
0.9,0.95,0.8,10408.250538477998,21929.136949310563,0.7920379305082176,0.7920379305082176,1,0
0.9,0.95,0.85,9027.993440968981,21929.136949310563,0.7671230834909947,0.7671230834909947,1,0
0.9,0.95,0.9,7647.736343459961,21929.136949310563,0.7422082364737717,0.7422082364737717,1,0
0.9,0.95,0.95,6267.479245950943,21929.136949310563,0.7172933894565487,0.7172933894565487,1,0
0.9,0.95,1.0,4887.222148441922,21929.136949310563,0.6923785424393257,0.6923785424393257,1,0
0.9,1.0,0.0,29528.548385293172,21929.136949310563,1.137176018649094,1.0,0,0
0.9,1.0,0.05,28148.29128778415,21929.136949310563,1.1122611716318709,1.0,0,0
0.9,1.0,0.1,26768.034190275135,21929.136949310563,1.087346324614648,1.0,0,0
0.9,1.0,0.15,25387.77709276611,21929.136949310563,1.062431477597425,1.0,0,0
0.9,1.0,0.2,24007.519995257095,21929.136949310563,1.037516630580202,1.0,0,0
0.9,1.0,0.25,22627.262897748074,21929.136949310563,1.012601783562979,1.0,0,0
0.9,1.0,0.3,21247.005800239054,21929.136949310563,0.987686936545756,0.987686936545756,1,0
0.9,1.0,0.35,19866.748702730038,21929.136949310563,0.9627720895285331,0.9627720895285331,1,0
0.9,1.0,0.4,18486.491605221014,21929.136949310563,0.93785724251131,0.93785724251131,1,0
0.9,1.0,0.45,17106.234507711997,21929.136949310563,0.9129423954940871,0.9129423954940871,1,0
0.9,1.0,0.5,15725.977410202977,21929.136949310563,0.888027548476864,0.888027548476864,1,0
0.9,1.0,0.55,14345.720312693957,21929.136949310563,0.8631127014596411,0.8631127014596411,1,0
0.9,1.0,0.6,12965.463215184938,21929.136949310563,0.8381978544424181,0.8381978544424181,1,0
0.9,1.0,0.65,11585.206117675918,21929.136949310563,0.8132830074251951,0.8132830074251951,1,0
0.9,1.0,0.7,10204.9490201669,21929.136949310563,0.7883681604079722,0.7883681604079722,1,0
0.9,1.0,0.75,8824.69192265788,21929.136949310563,0.7634533133907491,0.7634533133907491,1,0
0.9,1.0,0.8,7444.434825148858,21929.136949310563,0.7385384663735262,0.7385384663735262,1,0
0.9,1.0,0.85,6064.177727639841,21929.136949310563,0.7136236193563031,0.7136236193563031,1,0
0.9,1.0,0.9,4683.92063013082,21929.136949310563,0.6887087723390801,0.6887087723390801,1,0
0.9,1.0,0.95,3303.6635326218025,21929.136949310563,0.6637939253218572,0.6637939253218572,1,0
0.9,1.0,1.0,1923.4064351127818,21929.136949310563,0.6388790783046342,0.6388790783046342,1,0
