window,stream,raw_events,active_veto_pass_events,side_compton_fov_pass_events,raw_rate_s-1,active_veto_pass_rate_s-1,side_compton_fov_pass_rate_s-1
broad_480_550,prompt,1,0,0,0.05438980082454938,0.0,0.0
broad_480_550,delayed,34,15,13,0.011291631345024105,0.004981602063981223,0.004317388455450392
broad_480_550,science,0,0,0,0.0,0.0,0.0
w2_510p58_511p42,prompt,1,0,0,0.05438980082454938,0.0,0.0
w2_510p58_511p42,delayed,26,10,8,0.008634776910900786,0.003321068042654148,0.002656854434123318
w2_510p58_511p42,science,0,0,0,0.0,0.0,0.0
