tag,files,tt_files,tt_line_count,tt_sum_s,tt_mean_s,tt_min_s,tt_max_s,rate_hz_per_event,rate_times_tt_sum,expected_files_from_normalization,warnings
alpha,1,1,1,18.1616,18.1616,18.1616,18.1616,0.05506122808563122,1.0,1,
eminus,1,1,1,18.3642,18.3642,18.3642,18.3642,0.05445377419108918,1.0,1,
eplus,1,1,1,18.3432,18.3432,18.3432,18.3432,0.05451611496358324,1.0,1,
gamma,12,12,12,18.40767,1.5339725,1.52432,1.54606,0.054325180753457665,1.0,12,
muminus,1,1,1,18.5947,18.5947,18.5947,18.5947,0.05377876491688492,1.0,1,
muplus,1,1,1,18.4413,18.4413,18.4413,18.4413,0.05422611204199271,1.0,1,
n,1,1,1,18.3858,18.3858,18.3858,18.3858,0.05438980082454938,1.0,1,
p,1,1,1,18.6394,18.6394,18.6394,18.6394,0.05364979559427879,1.0,1,
