{
  "Ag-108": 142.92000000000002,
  "Ag-110": 24.56,
  "Al-25": 7.1666,
  "Al-26": 717.0,
  "Al-28": 134.70000000000002,
  "Be-7": 4598208.0,
  "Bi-201": 6180.0,
  "Bi-202": 6192.0,
  "Bi-203": 42336.0,
  "Bi-204": 40392.0,
  "Bi-205": 1288224.0,
  "Bi-206": 539395.2000000001,
  "Bi-207": 985228272.0,
  "Bi-208": 368.0,
  "Bi-210": 433036.8,
  "C-11": 1220.412,
  "C-14": 5.7,
  "Co-60": 166352732.64,
  "Cr-49": 2538.0,
  "Cu-61": 12034.8,
  "Cu-62": 580.32,
  "Cu-64": 45721.44,
  "Cu-66": 307.2,
  "Ga-66": 33494.4,
  "Ga-72": 50490.0,
  "Ge-68": 23418720.0,
  "Ge-71": 987552.0,
  "Ge-75": 4966.8,
  "Ge-77": 40359.6,
  "Hg-189": 456.0,
  "Hg-193": 13680.0,
  "Mg-27": 566.1,
  "Mn-52": 483062.4,
  "N-16": 7.13,
  "Na-22": 82109719.44,
  "Na-24": 53841.6,
  "Na-25": 59.1,
  "Nb-94": 20.4,
  "Ne-24": 202.79999999999998,
  "Ni-59": 81.0,
  "Ni-63": 3193629120.0,
  "O-15": 122.266,
  "Pb-196": 2220.0,
  "Pb-199": 5400.0,
  "Pb-200": 77400.0,
  "Pb-202": 52.5,
  "Pb-204": "inf",
  "Pb-205": 17.0,
  "Po-201": 936.0,
  "Po-208": 91453924.8,
  "Si-27": 4.117,
  "Ta-182": 9913536.0,
  "Ti-44": 1865054160.0,
  "Tl-192": 576.0,
  "W-183": "inf",
  "W-185": 6488639.999999999,
  "W-187": 85712.40000000001,
  "Zn-65": 21076416.0
}