tag,events,rate_hz,fraction
eplus,80,0.05433774850180646,0.9196892804078983
n,6,0.004071655711650771,0.0689144878977147
muplus,1,0.0006733204190476959,0.011396231694387063
