geometry,particle,source_file,local_id,tes_total_keV,tes_hit_count,legacy_active_keV,s1_plastic_keV,s2b_plastic_keV,plastic_skin_keV,active_total_keV,nonplastic_active_veto,plastic_skin_veto,active_veto,side_compton_class,compton_fov_veto,final_pass,plastic_hit_volumes,legacy_hit_volumes
S1,eplus,runs/geometry_optimization_20260704/step02_instant_geo_opt_s1_bpe_w5_fullstat_v1/Background_eplus_fullsphere20_rep01_part01.inc1.id1.sim.gz,12403,510.99896,2,0.0,0.0,0.0,0.0,0.0,False,False,False,keep,False,True,,
S1,eplus,runs/geometry_optimization_20260704/step02_instant_geo_opt_s1_bpe_w5_fullstat_v1/Background_eplus_fullsphere20_rep01_part01.inc1.id1.sim.gz,34023,510.9989,1,0.0,10.45103344,0.0,10.45103344,10.45103344,False,False,False,single,False,True,GeoOpt_S1_PlasticFullWrap_TopCap_5mm:10.5,
S1,eplus,runs/geometry_optimization_20260704/step02_instant_geo_opt_s1_bpe_w5_fullstat_v1/Background_eplus_fullsphere20_rep01_part01.inc1.id1.sim.gz,71105,510.998946,2,0.0,13.46821886,0.0,13.46821886,13.46821886,False,False,False,veto,True,False,GeoOpt_S1_PlasticFullWrap_SideShell_5mm:13.5,
S1,eplus,runs/geometry_optimization_20260704/step02_instant_geo_opt_s1_bpe_w5_fullstat_v1/Background_eplus_fullsphere20_rep01_part01.inc1.id1.sim.gz,88910,510.99890000000005,2,0.0,165.2687181,0.0,165.2687181,165.2687181,False,True,True,keep,False,False,GeoOpt_S1_PlasticFullWrap_SideShell_5mm:165,
S1,eplus,runs/geometry_optimization_20260704/step02_instant_geo_opt_s1_bpe_w5_fullstat_v1/Background_eplus_fullsphere20_rep01_part01.inc1.id1.sim.gz,125566,510.99894,1,0.0,116.95875600000002,0.0,116.95875600000002,116.95875600000002,False,True,True,single,False,False,GeoOpt_S1_PlasticFullWrap_SideShell_5mm:117,
S1,eplus,runs/geometry_optimization_20260704/step02_instant_geo_opt_s1_bpe_w5_fullstat_v1/Background_eplus_fullsphere20_rep01_part01.inc1.id1.sim.gz,130016,510.99890500000004,2,0.0,563.0638482300001,0.0,563.0638482300001,563.0638482300001,False,True,True,keep,False,False,GeoOpt_S1_PlasticFullWrap_SideShell_5mm:563,
S1,eplus,runs/geometry_optimization_20260704/step02_instant_geo_opt_s1_bpe_w5_fullstat_v1/Background_eplus_fullsphere20_rep01_part01.inc1.id1.sim.gz,211256,510.998959,1,0.0,0.0,0.0,0.0,0.0,False,False,False,single,False,True,,
S1,eplus,runs/geometry_optimization_20260704/step02_instant_geo_opt_s1_bpe_w5_fullstat_v1/Background_eplus_fullsphere20_rep02_part01.inc1.id1.sim.gz,36753,510.99888,1,0.0,0.0,0.0,0.0,0.0,False,False,False,single,False,True,,
S1,eplus,runs/geometry_optimization_20260704/step02_instant_geo_opt_s1_bpe_w5_fullstat_v1/Background_eplus_fullsphere20_rep02_part01.inc1.id1.sim.gz,90474,510.9989,1,0.0,0.0,0.0,0.0,0.0,False,False,False,single,False,True,,
S1,eplus,runs/geometry_optimization_20260704/step02_instant_geo_opt_s1_bpe_w5_fullstat_v1/Background_eplus_fullsphere20_rep02_part01.inc1.id1.sim.gz,130729,510.99894000000006,2,0.0,168.2195281,0.0,168.2195281,168.2195281,False,True,True,veto,True,False,GeoOpt_S1_PlasticFullWrap_SideShell_5mm:168,
S1,eplus,runs/geometry_optimization_20260704/step02_instant_geo_opt_s1_bpe_w5_fullstat_v1/Background_eplus_fullsphere20_rep02_part01.inc1.id1.sim.gz,156993,510.99893000000003,2,0.0,148.23406487,0.0,148.23406487,148.23406487,False,True,True,keep,False,False,GeoOpt_S1_PlasticFullWrap_SideShell_5mm:148,
S1,eplus,runs/geometry_optimization_20260704/step02_instant_geo_opt_s1_bpe_w5_fullstat_v1/Background_eplus_fullsphere20_rep02_part01.inc1.id1.sim.gz,192957,510.998868,2,0.0,0.0,0.0,0.0,0.0,False,False,False,keep,False,True,,
S1,eplus,runs/geometry_optimization_20260704/step02_instant_geo_opt_s1_bpe_w5_fullstat_v1/Background_eplus_fullsphere20_rep02_part01.inc1.id1.sim.gz,231354,510.99894000000006,3,0.0,0.0,0.0,0.0,0.0,False,False,False,veto,True,False,,
S1,eplus,runs/geometry_optimization_20260704/step02_instant_geo_opt_s1_bpe_w5_fullstat_v1/Background_eplus_fullsphere20_rep03_part01.inc1.id1.sim.gz,28520,510.99890000000005,1,0.0,1439.4885858599994,0.0,1439.4885858599994,1439.4885858599994,False,True,True,single,False,False,GeoOpt_S1_PlasticFullWrap_SideShell_5mm:1.44e+03,
S1,eplus,runs/geometry_optimization_20260704/step02_instant_geo_opt_s1_bpe_w5_fullstat_v1/Background_eplus_fullsphere20_rep03_part01.inc1.id1.sim.gz,71755,510.99890600000003,2,0.0,279.82020102999996,0.0,279.82020102999996,279.82020102999996,False,True,True,keep,False,False,GeoOpt_S1_PlasticFullWrap_SideShell_5mm:280,
S1,eplus,runs/geometry_optimization_20260704/step02_instant_geo_opt_s1_bpe_w5_fullstat_v1/Background_eplus_fullsphere20_rep03_part01.inc1.id1.sim.gz,80084,510.99890000000005,1,0.0,57.4583928,0.0,57.4583928,57.4583928,False,True,True,single,False,False,GeoOpt_S1_PlasticFullWrap_TopCap_5mm:57.5,
S1,eplus,runs/geometry_optimization_20260704/step02_instant_geo_opt_s1_bpe_w5_fullstat_v1/Background_eplus_fullsphere20_rep03_part01.inc1.id1.sim.gz,136894,510.99892000000006,2,0.0,0.0,0.0,0.0,0.0,False,False,False,keep,False,True,,
S1,eplus,runs/geometry_optimization_20260704/step02_instant_geo_opt_s1_bpe_w5_fullstat_v1/Background_eplus_fullsphere20_rep03_part01.inc1.id1.sim.gz,183364,510.99894,1,0.0,0.0,0.0,0.0,0.0,False,False,False,single,False,True,,
S1,eplus,runs/geometry_optimization_20260704/step02_instant_geo_opt_s1_bpe_w5_fullstat_v1/Background_eplus_fullsphere20_rep03_part01.inc1.id1.sim.gz,231882,510.99898200000007,1,0.0,0.0,0.0,0.0,0.0,False,False,False,single,False,True,,
S1,eplus,runs/geometry_optimization_20260704/step02_instant_geo_opt_s1_bpe_w5_fullstat_v1/Background_eplus_fullsphere20_rep03_part01.inc1.id1.sim.gz,235828,510.99887,1,0.0,129.565724726,0.0,129.565724726,129.565724726,False,True,True,single,False,False,GeoOpt_S1_PlasticFullWrap_SideShell_5mm:130,
S1,eplus,runs/geometry_optimization_20260704/step02_instant_geo_opt_s1_bpe_w5_fullstat_v1/Background_eplus_fullsphere20_rep04_part01.inc1.id1.sim.gz,2392,510.998897,1,0.0,80.21698774000001,0.0,80.21698774000001,80.21698774000001,False,True,True,single,False,False,GeoOpt_S1_PlasticFullWrap_SideShell_5mm:80.2,
S1,eplus,runs/geometry_optimization_20260704/step02_instant_geo_opt_s1_bpe_w5_fullstat_v1/Background_eplus_fullsphere20_rep04_part01.inc1.id1.sim.gz,10024,510.99892,3,48552.473045253966,789.0177221500003,0.0,789.0177221500003,49341.490767403964,True,True,True,veto,True,False,GeoOpt_S1_PlasticFullWrap_SideShell_5mm:789,CsI_Side_Segment_02:4.64e+04; CsI_Side_Segment_05:866; CsI_Side_Segment_00:823; CsI_Bottom_Quadrant_00:251; CsI_Side_Segment_03_below_side_port:180
S1,eplus,runs/geometry_optimization_20260704/step02_instant_geo_opt_s1_bpe_w5_fullstat_v1/Background_eplus_fullsphere20_rep04_part01.inc1.id1.sim.gz,64214,510.999,1,0.0,0.0,0.0,0.0,0.0,False,False,False,single,False,True,,
S1,eplus,runs/geometry_optimization_20260704/step02_instant_geo_opt_s1_bpe_w5_fullstat_v1/Background_eplus_fullsphere20_rep04_part01.inc1.id1.sim.gz,235494,510.99889999999994,1,0.0,0.0,0.0,0.0,0.0,False,False,False,single,False,True,,
S1,eplus,runs/geometry_optimization_20260704/step02_instant_geo_opt_s1_bpe_w5_fullstat_v1/Background_eplus_fullsphere20_rep04_part01.inc1.id1.sim.gz,238305,510.999,1,0.0,0.0,0.0,0.0,0.0,False,False,False,single,False,True,,
S1,eplus,runs/geometry_optimization_20260704/step02_instant_geo_opt_s1_bpe_w5_fullstat_v1/Background_eplus_fullsphere20_rep05_part01.inc1.id1.sim.gz,30107,510.9989,1,0.0,380.52368003999993,0.0,380.52368003999993,380.52368003999993,False,True,True,single,False,False,GeoOpt_S1_PlasticFullWrap_SideShell_5mm:381,
S1,eplus,runs/geometry_optimization_20260704/step02_instant_geo_opt_s1_bpe_w5_fullstat_v1/Background_eplus_fullsphere20_rep05_part01.inc1.id1.sim.gz,31391,510.99893099999997,1,79556.46358971,1054.2684250000002,0.0,1054.2684250000002,80610.73201471,True,True,True,single,False,False,GeoOpt_S1_PlasticFullWrap_SideShell_5mm:1.05e+03,CsI_Side_Segment_05:3.68e+04; CsI_Side_Segment_01:3.58e+04; CsI_Side_Segment_06:3.09e+03; CsI_Bottom_Quadrant_01:2.08e+03; CsI_Side_Segment_02:1.46e+03; CsI_Bottom_Quadrant_02:355
S1,eplus,runs/geometry_optimization_20260704/step02_instant_geo_opt_s1_bpe_w5_fullstat_v1/Background_eplus_fullsphere20_rep05_part01.inc1.id1.sim.gz,31997,510.99893299999997,1,0.0,0.0,0.0,0.0,0.0,False,False,False,single,False,True,,
S1,eplus,runs/geometry_optimization_20260704/step02_instant_geo_opt_s1_bpe_w5_fullstat_v1/Background_eplus_fullsphere20_rep05_part01.inc1.id1.sim.gz,40978,510.99888,2,0.0,183.89296027999998,0.0,183.89296027999998,183.89296027999998,False,True,True,keep,False,False,GeoOpt_S1_PlasticFullWrap_SideShell_5mm:184,
S1,eplus,runs/geometry_optimization_20260704/step02_instant_geo_opt_s1_bpe_w5_fullstat_v1/Background_eplus_fullsphere20_rep05_part01.inc1.id1.sim.gz,55140,510.9989,1,0.0,0.0,0.0,0.0,0.0,False,False,False,single,False,True,,
S1,eplus,runs/geometry_optimization_20260704/step02_instant_geo_opt_s1_bpe_w5_fullstat_v1/Background_eplus_fullsphere20_rep05_part01.inc1.id1.sim.gz,67424,510.9989,1,0.0,4.26576295,0.0,4.26576295,4.26576295,False,False,False,single,False,True,GeoOpt_S1_PlasticFullWrap_SideShell_5mm:4.27,
S1,eplus,runs/geometry_optimization_20260704/step02_instant_geo_opt_s1_bpe_w5_fullstat_v1/Background_eplus_fullsphere20_rep05_part01.inc1.id1.sim.gz,81816,510.99894,2,0.0,0.0,0.0,0.0,0.0,False,False,False,veto,True,False,,
S1,eplus,runs/geometry_optimization_20260704/step02_instant_geo_opt_s1_bpe_w5_fullstat_v1/Background_eplus_fullsphere20_rep05_part01.inc1.id1.sim.gz,113054,510.9989532108,2,0.0,0.0,0.0,0.0,0.0,False,False,False,keep,False,True,,
S1,eplus,runs/geometry_optimization_20260704/step02_instant_geo_opt_s1_bpe_w5_fullstat_v1/Background_eplus_fullsphere20_rep05_part01.inc1.id1.sim.gz,143314,510.99892,1,0.0,0.0,0.0,0.0,0.0,False,False,False,single,False,True,,
S1,eplus,runs/geometry_optimization_20260704/step02_instant_geo_opt_s1_bpe_w5_fullstat_v1/Background_eplus_fullsphere20_rep05_part01.inc1.id1.sim.gz,201276,510.99893,2,0.0,0.0,0.0,0.0,0.0,False,False,False,veto,True,False,,
S1,eplus,runs/geometry_optimization_20260704/step02_instant_geo_opt_s1_bpe_w5_fullstat_v1/Background_eplus_fullsphere20_rep06_part01.inc1.id1.sim.gz,19036,510.99888400000003,2,0.0,3.5523303000000004,0.0,3.5523303000000004,3.5523303000000004,False,False,False,keep,False,True,GeoOpt_S1_PlasticFullWrap_SideShell_5mm:3.55,
S1,eplus,runs/geometry_optimization_20260704/step02_instant_geo_opt_s1_bpe_w5_fullstat_v1/Background_eplus_fullsphere20_rep06_part01.inc1.id1.sim.gz,25293,510.99889999999994,1,0.0,156.10666461,0.0,156.10666461,156.10666461,False,True,True,single,False,False,GeoOpt_S1_PlasticFullWrap_SideShell_5mm:156,
S1,eplus,runs/geometry_optimization_20260704/step02_instant_geo_opt_s1_bpe_w5_fullstat_v1/Background_eplus_fullsphere20_rep06_part01.inc1.id1.sim.gz,36215,510.99895300000003,3,0.0,33.88231068,0.0,33.88231068,33.88231068,False,False,False,keep,False,True,GeoOpt_S1_PlasticFullWrap_TopCap_5mm:33.9,
S1,eplus,runs/geometry_optimization_20260704/step02_instant_geo_opt_s1_bpe_w5_fullstat_v1/Background_eplus_fullsphere20_rep06_part01.inc1.id1.sim.gz,70159,510.99886000000004,1,0.0,8.178310250000001,0.0,8.178310250000001,8.178310250000001,False,False,False,single,False,True,GeoOpt_S1_PlasticFullWrap_TopCap_5mm:8.18,
S1,eplus,runs/geometry_optimization_20260704/step02_instant_geo_opt_s1_bpe_w5_fullstat_v1/Background_eplus_fullsphere20_rep06_part01.inc1.id1.sim.gz,120181,510.99892,1,0.0,15.958251559999999,0.0,15.958251559999999,15.958251559999999,False,False,False,single,False,True,GeoOpt_S1_PlasticFullWrap_SideShell_5mm:16,
S1,eplus,runs/geometry_optimization_20260704/step02_instant_geo_opt_s1_bpe_w5_fullstat_v1/Background_eplus_fullsphere20_rep06_part01.inc1.id1.sim.gz,128882,510.99896,1,0.0,11.933693819999998,0.0,11.933693819999998,11.933693819999998,False,False,False,single,False,True,GeoOpt_S1_PlasticFullWrap_SideShell_5mm:11.9,
S1,eplus,runs/geometry_optimization_20260704/step02_instant_geo_opt_s1_bpe_w5_fullstat_v1/Background_eplus_fullsphere20_rep06_part01.inc1.id1.sim.gz,131723,510.9988953999999,1,0.0,14.582484999999998,0.0,14.582484999999998,14.582484999999998,False,False,False,single,False,True,GeoOpt_S1_PlasticFullWrap_SideShell_5mm:14.6,
S1,eplus,runs/geometry_optimization_20260704/step02_instant_geo_opt_s1_bpe_w5_fullstat_v1/Background_eplus_fullsphere20_rep06_part01.inc1.id1.sim.gz,144727,510.998917,2,724.411976,894.260884652,0.0,894.260884652,1618.672860652,True,True,True,keep,False,False,GeoOpt_S1_PlasticFullWrap_SideShell_5mm:894,CsI_TopAnnulus_Segment_05:498; CsI_Side_Segment_06:199; CsI_Side_Segment_05:27.6
S1,eplus,runs/geometry_optimization_20260704/step02_instant_geo_opt_s1_bpe_w5_fullstat_v1/Background_eplus_fullsphere20_rep06_part01.inc1.id1.sim.gz,156362,510.99889500000006,2,0.0,45.621403169999994,0.0,45.621403169999994,45.621403169999994,False,False,False,keep,False,True,GeoOpt_S1_PlasticFullWrap_TopCap_5mm:45.6,
S1,eplus,runs/geometry_optimization_20260704/step02_instant_geo_opt_s1_bpe_w5_fullstat_v1/Background_eplus_fullsphere20_rep06_part01.inc1.id1.sim.gz,163455,510.99890000000005,2,0.0,0.0,0.0,0.0,0.0,False,False,False,keep,False,True,,
S1,eplus,runs/geometry_optimization_20260704/step02_instant_geo_opt_s1_bpe_w5_fullstat_v1/Background_eplus_fullsphere20_rep06_part01.inc1.id1.sim.gz,177789,510.99886000000004,2,0.0,70.0206271,0.0,70.0206271,70.0206271,False,True,True,keep,False,False,GeoOpt_S1_PlasticFullWrap_SideShell_5mm:70,
S1,eplus,runs/geometry_optimization_20260704/step02_instant_geo_opt_s1_bpe_w5_fullstat_v1/Background_eplus_fullsphere20_rep07_part01.inc1.id1.sim.gz,61301,510.99893199999997,1,0.0,2232.7753136000006,0.0,2232.7753136000006,2232.7753136000006,False,True,True,single,False,False,GeoOpt_S1_PlasticFullWrap_SideShell_5mm:2.23e+03,
S1,eplus,runs/geometry_optimization_20260704/step02_instant_geo_opt_s1_bpe_w5_fullstat_v1/Background_eplus_fullsphere20_rep07_part01.inc1.id1.sim.gz,106227,510.99890000000005,2,0.0,13.14675642,0.0,13.14675642,13.14675642,False,False,False,keep,False,True,GeoOpt_S1_PlasticFullWrap_SideShell_5mm:13.1,
S1,eplus,runs/geometry_optimization_20260704/step02_instant_geo_opt_s1_bpe_w5_fullstat_v1/Background_eplus_fullsphere20_rep07_part01.inc1.id1.sim.gz,168995,510.99891799999995,1,0.0,123.53333450000001,0.0,123.53333450000001,123.53333450000001,False,True,True,single,False,False,GeoOpt_S1_PlasticFullWrap_SideShell_5mm:124,
S1,eplus,runs/geometry_optimization_20260704/step02_instant_geo_opt_s1_bpe_w5_fullstat_v1/Background_eplus_fullsphere20_rep07_part01.inc1.id1.sim.gz,197516,510.99891,1,0.0,14.504205980000002,0.0,14.504205980000002,14.504205980000002,False,False,False,single,False,True,GeoOpt_S1_PlasticFullWrap_SideShell_5mm:14.5,
S1,eplus,runs/geometry_optimization_20260704/step02_instant_geo_opt_s1_bpe_w5_fullstat_v1/Background_eplus_fullsphere20_rep07_part01.inc1.id1.sim.gz,202853,510.998843,1,0.0,6.002913899999999,0.0,6.002913899999999,6.002913899999999,False,False,False,single,False,True,GeoOpt_S1_PlasticFullWrap_SideShell_5mm:6,
S1,eplus,runs/geometry_optimization_20260704/step02_instant_geo_opt_s1_bpe_w5_fullstat_v1/Background_eplus_fullsphere20_rep07_part01.inc1.id1.sim.gz,209358,510.99888699999997,1,0.0,114.59603899999999,0.0,114.59603899999999,114.59603899999999,False,True,True,single,False,False,GeoOpt_S1_PlasticFullWrap_BottomCap_5mm:115,
S1,eplus,runs/geometry_optimization_20260704/step02_instant_geo_opt_s1_bpe_w5_fullstat_v1/Background_eplus_fullsphere20_rep08_part01.inc1.id1.sim.gz,9911,510.99888,2,0.0,1.23070945,0.0,1.23070945,1.23070945,False,False,False,keep,False,True,GeoOpt_S1_PlasticFullWrap_SideShell_5mm:1.23,
S1,eplus,runs/geometry_optimization_20260704/step02_instant_geo_opt_s1_bpe_w5_fullstat_v1/Background_eplus_fullsphere20_rep08_part01.inc1.id1.sim.gz,41264,510.99886,1,0.0,0.0,0.0,0.0,0.0,False,False,False,single,False,True,,
S1,eplus,runs/geometry_optimization_20260704/step02_instant_geo_opt_s1_bpe_w5_fullstat_v1/Background_eplus_fullsphere20_rep08_part01.inc1.id1.sim.gz,51896,510.998865,2,0.0,28.90073623,0.0,28.90073623,28.90073623,False,False,False,keep,False,True,GeoOpt_S1_PlasticFullWrap_SideShell_5mm:28.9,
S1,eplus,runs/geometry_optimization_20260704/step02_instant_geo_opt_s1_bpe_w5_fullstat_v1/Background_eplus_fullsphere20_rep08_part01.inc1.id1.sim.gz,69124,510.99893399999996,2,0.0,1.90121827,0.0,1.90121827,1.90121827,False,False,False,keep,False,True,GeoOpt_S1_PlasticFullWrap_SideShell_5mm:1.9,
S1,eplus,runs/geometry_optimization_20260704/step02_instant_geo_opt_s1_bpe_w5_fullstat_v1/Background_eplus_fullsphere20_rep08_part01.inc1.id1.sim.gz,80763,510.99888999999996,1,0.0,48.59154108,0.0,48.59154108,48.59154108,False,False,False,single,False,True,GeoOpt_S1_PlasticFullWrap_TopCap_5mm:48.6,
S1,eplus,runs/geometry_optimization_20260704/step02_instant_geo_opt_s1_bpe_w5_fullstat_v1/Background_eplus_fullsphere20_rep08_part01.inc1.id1.sim.gz,154485,510.9989,1,0.0,10.26199435,0.0,10.26199435,10.26199435,False,False,False,single,False,True,GeoOpt_S1_PlasticFullWrap_SideShell_5mm:10.3,
S1,eplus,runs/geometry_optimization_20260704/step02_instant_geo_opt_s1_bpe_w5_fullstat_v1/Background_eplus_fullsphere20_rep08_part01.inc1.id1.sim.gz,164289,510.99887,2,0.0,3.9369272199999994,0.0,3.9369272199999994,3.9369272199999994,False,False,False,veto,True,False,GeoOpt_S1_PlasticFullWrap_TopCap_5mm:3.94,
S1,eplus,runs/geometry_optimization_20260704/step02_instant_geo_opt_s1_bpe_w5_fullstat_v1/Background_eplus_fullsphere20_rep08_part01.inc1.id1.sim.gz,182558,510.99884099999997,1,0.0,0.0,0.0,0.0,0.0,False,False,False,single,False,True,,
S1,eplus,runs/geometry_optimization_20260704/step02_instant_geo_opt_s1_bpe_w5_fullstat_v1/Background_eplus_fullsphere20_rep08_part01.inc1.id1.sim.gz,213474,510.99894,1,0.0,763.4998199000003,0.0,763.4998199000003,763.4998199000003,False,True,True,single,False,False,GeoOpt_S1_PlasticFullWrap_SideShell_5mm:763,
S1,eplus,runs/geometry_optimization_20260704/step02_instant_geo_opt_s1_bpe_w5_fullstat_v1/Background_eplus_fullsphere20_rep08_part01.inc1.id1.sim.gz,230901,510.99886000000004,1,0.0,1376.16149314,0.0,1376.16149314,1376.16149314,False,True,True,single,False,False,GeoOpt_S1_PlasticFullWrap_SideShell_5mm:1.38e+03,
S1,n,runs/geometry_optimization_20260704/step02_instant_geo_opt_s1_bpe_w5_fullstat_v1/Background_n_fullsphere20_rep01_part01.inc1.id1.sim.gz,121496,510.998874,1,3488.9510524150005,0.7304412,0.0,0.7304412,3489.6814936150004,True,False,True,single,False,False,GeoOpt_S1_PlasticFullWrap_SideShell_5mm:0.73,CsI_Side_Segment_06:2.12e+03; CsI_Side_Segment_07:859; CsI_Bottom_Quadrant_02:511; CsI_Bottom_Quadrant_03:0.0369
S1,n,runs/geometry_optimization_20260704/step02_instant_geo_opt_s1_bpe_w5_fullstat_v1/Background_n_fullsphere20_rep01_part01.inc1.id1.sim.gz,167319,510.99888,2,266.2318574,0.0,0.0,0.0,266.2318574,True,False,True,keep,False,False,,CsI_Side_Segment_07:264; CsI_Bottom_Quadrant_00:2.22
S1,n,runs/geometry_optimization_20260704/step02_instant_geo_opt_s1_bpe_w5_fullstat_v1/Background_n_fullsphere20_rep01_part01.inc1.id1.sim.gz,457587,510.99890000000005,1,3862.339604950002,20.41795,0.0,20.41795,3882.757554950002,True,False,True,single,False,False,GeoOpt_S1_PlasticFullWrap_SideShell_5mm:20.4,CsI_Side_Segment_07:3.86e+03; CsI_TopAnnulus_Segment_07:0.161
S1,n,runs/geometry_optimization_20260704/step02_instant_geo_opt_s1_bpe_w5_fullstat_v1/Background_n_fullsphere20_rep01_part01.inc1.id1.sim.gz,506085,510.9989002489,2,673.0792726433001,95.760747,0.0,95.760747,768.8400196433001,True,True,True,keep,False,False,GeoOpt_S1_PlasticFullWrap_TopCap_5mm:95.8,CsI_Bottom_Quadrant_02:574; CsI_Bottom_Quadrant_01:98.9
S1,n,runs/geometry_optimization_20260704/step02_instant_geo_opt_s1_bpe_w5_fullstat_v1/Background_n_fullsphere20_rep01_part01.inc1.id1.sim.gz,620364,510.999,1,220.38625000000002,0.0,0.0,0.0,220.38625000000002,True,False,True,single,False,False,,CsI_TopAnnulus_Segment_05:220
S1,n,runs/geometry_optimization_20260704/step02_instant_geo_opt_s1_bpe_w5_fullstat_v1/Background_n_fullsphere20_rep01_part01.inc1.id1.sim.gz,737005,510.99891,1,0.0,0.0020770475,0.0,0.0020770475,0.0020770475,False,False,False,single,False,True,GeoOpt_S1_PlasticFullWrap_SideShell_5mm:0.00208,
S1,n,runs/geometry_optimization_20260704/step02_instant_geo_opt_s1_bpe_w5_fullstat_v1/Background_n_fullsphere20_rep01_part01.inc1.id1.sim.gz,745151,510.99894000000006,2,0.0,0.0,0.0,0.0,0.0,False,False,False,keep,False,True,,
S1,n,runs/geometry_optimization_20260704/step02_instant_geo_opt_s1_bpe_w5_fullstat_v1/Background_n_fullsphere20_rep01_part01.inc1.id1.sim.gz,875954,510.99892,1,1247.58978435045,3.6454891099999998,0.0,3.6454891099999998,1251.23527346045,True,False,True,single,False,False,GeoOpt_S1_PlasticFullWrap_SideShell_5mm:3.65,CsI_Side_Segment_05:1.25e+03
S1,n,runs/geometry_optimization_20260704/step02_instant_geo_opt_s1_bpe_w5_fullstat_v1/Background_n_fullsphere20_rep02_part01.inc1.id1.sim.gz,10145,510.998922,2,0.0,0.0,0.0,0.0,0.0,False,False,False,keep,False,True,,
S1,n,runs/geometry_optimization_20260704/step02_instant_geo_opt_s1_bpe_w5_fullstat_v1/Background_n_fullsphere20_rep02_part01.inc1.id1.sim.gz,272055,510.9988400000001,1,287.95718519499997,0.0,0.0,0.0,287.95718519499997,True,False,True,single,False,False,,CsI_Bottom_Quadrant_00:188; CsI_Bottom_Quadrant_01:99.8
S1,n,runs/geometry_optimization_20260704/step02_instant_geo_opt_s1_bpe_w5_fullstat_v1/Background_n_fullsphere20_rep02_part01.inc1.id1.sim.gz,296032,510.99895999999995,1,1013.8509832399997,312.124218,0.0,312.124218,1325.9752012399997,True,True,True,single,False,False,GeoOpt_S1_PlasticFullWrap_SideShell_5mm:312,CsI_Bottom_Quadrant_03:511; CsI_Side_Segment_06:357; CsI_TopAnnulus_Segment_05:146
S1,n,runs/geometry_optimization_20260704/step02_instant_geo_opt_s1_bpe_w5_fullstat_v1/Background_n_fullsphere20_rep02_part01.inc1.id1.sim.gz,804987,510.99889999999994,2,176.952012,0.17521899000000002,0.0,0.17521899000000002,177.12723099,True,False,True,keep,False,False,GeoOpt_S1_PlasticFullWrap_TopCap_5mm:0.138; GeoOpt_S1_PlasticFullWrap_SideShell_5mm:0.0374,CsI_Side_Segment_06:169; CsI_Bottom_Quadrant_02:8.01
S1,n,runs/geometry_optimization_20260704/step02_instant_geo_opt_s1_bpe_w5_fullstat_v1/Background_n_fullsphere20_rep03_part01.inc1.id1.sim.gz,305203,510.9989,1,3179.637698269501,0.9826515,0.0,0.9826515,3180.620349769501,True,False,True,single,False,False,GeoOpt_S1_PlasticFullWrap_SideShell_5mm:0.983,CsI_Side_Segment_03_below_side_port:3.18e+03
S1,n,runs/geometry_optimization_20260704/step02_instant_geo_opt_s1_bpe_w5_fullstat_v1/Background_n_fullsphere20_rep03_part01.inc1.id1.sim.gz,314403,510.99887,2,409.88338,0.0,0.0,0.0,409.88338,True,False,True,keep,False,False,,CsI_TopAnnulus_Segment_02:410
S1,n,runs/geometry_optimization_20260704/step02_instant_geo_opt_s1_bpe_w5_fullstat_v1/Background_n_fullsphere20_rep03_part01.inc1.id1.sim.gz,457664,510.9989,1,5479.820774827998,0.0,0.0,0.0,5479.820774827998,True,False,True,single,False,False,,CsI_Side_Segment_01:5.48e+03
S1,n,runs/geometry_optimization_20260704/step02_instant_geo_opt_s1_bpe_w5_fullstat_v1/Background_n_fullsphere20_rep03_part01.inc1.id1.sim.gz,556865,510.99885000000006,1,3647.502873140001,75.75524,0.0,75.75524,3723.258113140001,True,True,True,single,False,False,GeoOpt_S1_PlasticFullWrap_TopCap_5mm:75.8,CsI_Side_Segment_05:2.71e+03; CsI_Side_Segment_04_below_side_port:428; CsI_Bottom_Quadrant_01:340; CsI_TopAnnulus_Segment_02:173
S1,n,runs/geometry_optimization_20260704/step02_instant_geo_opt_s1_bpe_w5_fullstat_v1/Background_n_fullsphere20_rep03_part01.inc1.id1.sim.gz,681084,510.9989,1,661.0358240539998,0.0,0.0,0.0,661.0358240539998,True,False,True,single,False,False,,CsI_Side_Segment_07:661; CsI_Side_Segment_01:0.00505
S1,n,runs/geometry_optimization_20260704/step02_instant_geo_opt_s1_bpe_w5_fullstat_v1/Background_n_fullsphere20_rep03_part01.inc1.id1.sim.gz,714779,510.99894,1,510.9989648,0.0,0.0,0.0,510.9989648,True,False,True,single,False,False,,CsI_Side_Segment_01:359; CsI_Bottom_Quadrant_00:152
S1,n,runs/geometry_optimization_20260704/step02_instant_geo_opt_s1_bpe_w5_fullstat_v1/Background_n_fullsphere20_rep04_part01.inc1.id1.sim.gz,191496,510.9989268,2,0.0,0.0,0.0,0.0,0.0,False,False,False,keep,False,True,,
S1,n,runs/geometry_optimization_20260704/step02_instant_geo_opt_s1_bpe_w5_fullstat_v1/Background_n_fullsphere20_rep04_part01.inc1.id1.sim.gz,192808,510.9989,1,1288.4950045157,0.3068776,0.0,0.3068776,1288.8018821157,True,False,True,single,False,False,GeoOpt_S1_PlasticFullWrap_SideShell_5mm:0.307,CsI_Bottom_Quadrant_00:1.29e+03; CsI_TopAnnulus_Segment_02:0.00144; CsI_Side_Segment_01:0.000955
S1,n,runs/geometry_optimization_20260704/step02_instant_geo_opt_s1_bpe_w5_fullstat_v1/Background_n_fullsphere20_rep04_part01.inc1.id1.sim.gz,264586,510.998868,1,8134.2222759999995,0.0,0.0,0.0,8134.2222759999995,True,False,True,single,False,False,,CsI_Side_Segment_03_below_side_port:6.85e+03; CsI_Side_Segment_04_below_side_port:722; CsI_TopAnnulus_Segment_07:562
S1,n,runs/geometry_optimization_20260704/step02_instant_geo_opt_s1_bpe_w5_fullstat_v1/Background_n_fullsphere20_rep04_part01.inc1.id1.sim.gz,299408,510.9989,1,2551.1108052000004,943.1116384000002,0.0,943.1116384000002,3494.2224436000006,True,True,True,single,False,False,GeoOpt_S1_PlasticFullWrap_SideShell_5mm:942; GeoOpt_S1_PlasticFullWrap_BottomCap_5mm:1.42,CsI_Side_Segment_04_above_side_port:1.73e+03; CsI_Side_Segment_04_rectcut_window_band:826
S1,n,runs/geometry_optimization_20260704/step02_instant_geo_opt_s1_bpe_w5_fullstat_v1/Background_n_fullsphere20_rep04_part01.inc1.id1.sim.gz,533867,510.99889999999994,1,3363.1043069999987,0.0,0.0,0.0,3363.1043069999987,True,False,True,single,False,False,,CsI_Side_Segment_05:3.36e+03
S1,n,runs/geometry_optimization_20260704/step02_instant_geo_opt_s1_bpe_w5_fullstat_v1/Background_n_fullsphere20_rep04_part01.inc1.id1.sim.gz,752100,510.99889,1,4674.527130237,0.0,0.0,0.0,4674.527130237,True,False,True,single,False,False,,CsI_Side_Segment_04_below_side_port:4.67e+03; CsI_Bottom_Quadrant_02:0.00152
S1,n,runs/geometry_optimization_20260704/step02_instant_geo_opt_s1_bpe_w5_fullstat_v1/Background_n_fullsphere20_rep04_part01.inc1.id1.sim.gz,773525,510.99892099999994,4,4187.12679767,0.5991804000000001,0.0,0.5991804000000001,4187.72597807,True,False,True,keep,False,False,GeoOpt_S1_PlasticFullWrap_SideShell_5mm:0.599,CsI_Side_Segment_01:3.84e+03; CsI_TopAnnulus_Segment_01:349
S1,n,runs/geometry_optimization_20260704/step02_instant_geo_opt_s1_bpe_w5_fullstat_v1/Background_n_fullsphere20_rep04_part01.inc1.id1.sim.gz,912165,510.99886000000004,1,1737.892373,0.0,0.0,0.0,1737.892373,True,False,True,single,False,False,,CsI_Side_Segment_02:1.74e+03
S1,n,runs/geometry_optimization_20260704/step02_instant_geo_opt_s1_bpe_w5_fullstat_v1/Background_n_fullsphere20_rep05_part01.inc1.id1.sim.gz,259704,510.9989,1,1221.9662791,0.0,0.0,0.0,1221.9662791,True,False,True,single,False,False,,CsI_Side_Segment_00:819; CsI_Bottom_Quadrant_01:403
S1,n,runs/geometry_optimization_20260704/step02_instant_geo_opt_s1_bpe_w5_fullstat_v1/Background_n_fullsphere20_rep05_part01.inc1.id1.sim.gz,365643,510.99898999999994,2,9524.920378096904,0.0,0.0,0.0,9524.920378096904,True,False,True,keep,False,False,,CsI_Side_Segment_05:8.02e+03; CsI_Bottom_Quadrant_03:1.16e+03; CsI_Side_Segment_06:339; CsI_TopAnnulus_Segment_01:0.000104
S1,n,runs/geometry_optimization_20260704/step02_instant_geo_opt_s1_bpe_w5_fullstat_v1/Background_n_fullsphere20_rep05_part01.inc1.id1.sim.gz,545609,510.99895000000004,1,2544.2453912901997,0.0,0.0,0.0,2544.2453912901997,True,False,True,single,False,False,,CsI_Side_Segment_04_above_side_port:1.85e+03; CsI_Side_Segment_04_rectcut_window_band:522; CsI_Side_Segment_04_below_side_port:172
S1,n,runs/geometry_optimization_20260704/step02_instant_geo_opt_s1_bpe_w5_fullstat_v1/Background_n_fullsphere20_rep05_part01.inc1.id1.sim.gz,591731,510.998882,2,3602.2832849500014,0.0,0.0,0.0,3602.2832849500014,True,False,True,keep,False,False,,CsI_Side_Segment_06:3.41e+03; CsI_Side_Segment_07:197
S1,n,runs/geometry_optimization_20260704/step02_instant_geo_opt_s1_bpe_w5_fullstat_v1/Background_n_fullsphere20_rep05_part01.inc1.id1.sim.gz,610192,510.9988701,1,0.137549,0.0,0.0,0.0,0.137549,False,False,False,single,False,True,,CsI_Side_Segment_07:0.138
S1,n,runs/geometry_optimization_20260704/step02_instant_geo_opt_s1_bpe_w5_fullstat_v1/Background_n_fullsphere20_rep05_part01.inc1.id1.sim.gz,736476,510.99895000000004,2,1729.6813677159998,0.0,0.0,0.0,1729.6813677159998,True,False,True,keep,False,False,,CsI_Side_Segment_01:939; CsI_Side_Segment_02:574; CsI_TopAnnulus_Segment_03:217
S1,n,runs/geometry_optimization_20260704/step02_instant_geo_opt_s1_bpe_w5_fullstat_v1/Background_n_fullsphere20_rep05_part01.inc1.id1.sim.gz,795568,510.99891,1,6401.66093952,0.0,0.0,0.0,6401.66093952,True,False,True,single,False,False,,CsI_Bottom_Quadrant_03:3.5e+03; CsI_Bottom_Quadrant_00:2.9e+03
S1,n,runs/geometry_optimization_20260704/step02_instant_geo_opt_s1_bpe_w5_fullstat_v1/Background_n_fullsphere20_rep05_part01.inc1.id1.sim.gz,813973,510.99890000000005,1,0.0,2.108466,0.0,2.108466,2.108466,False,False,False,single,False,True,GeoOpt_S1_PlasticFullWrap_SideShell_5mm:2.11,
S1,n,runs/geometry_optimization_20260704/step02_instant_geo_opt_s1_bpe_w5_fullstat_v1/Background_n_fullsphere20_rep05_part01.inc1.id1.sim.gz,841723,510.99892,1,2002.7457635999997,0.0,0.0,0.0,2002.7457635999997,True,False,True,single,False,False,,CsI_Side_Segment_05:1.34e+03; CsI_Side_Segment_06:332; CsI_Bottom_Quadrant_02:331; CsI_Side_Segment_04_below_side_port:0.108
S1,n,runs/geometry_optimization_20260704/step02_instant_geo_opt_s1_bpe_w5_fullstat_v1/Background_n_fullsphere20_rep05_part01.inc1.id1.sim.gz,894429,510.99890544929997,2,3488.58100151,0.0,0.0,0.0,3488.58100151,True,False,True,keep,False,False,,CsI_Bottom_Quadrant_00:2.77e+03; CsI_Bottom_Quadrant_01:511; CsI_Bottom_Quadrant_03:208
S1,n,runs/geometry_optimization_20260704/step02_instant_geo_opt_s1_bpe_w5_fullstat_v1/Background_n_fullsphere20_rep06_part01.inc1.id1.sim.gz,79531,510.99899999999997,1,708.0275248999999,92.07477,0.0,92.07477,800.1022948999998,True,True,True,single,False,False,GeoOpt_S1_PlasticFullWrap_SideShell_5mm:92.1,CsI_Side_Segment_07:507; CsI_Side_Segment_05:201
S1,n,runs/geometry_optimization_20260704/step02_instant_geo_opt_s1_bpe_w5_fullstat_v1/Background_n_fullsphere20_rep06_part01.inc1.id1.sim.gz,118972,510.99898,2,113.6213,0.0,0.0,0.0,113.6213,True,False,True,keep,False,False,,CsI_TopAnnulus_Segment_00:114
S1,n,runs/geometry_optimization_20260704/step02_instant_geo_opt_s1_bpe_w5_fullstat_v1/Background_n_fullsphere20_rep06_part01.inc1.id1.sim.gz,158363,510.99889999999994,2,514.60466,17.492158,0.0,17.492158,532.096818,True,False,True,keep,False,False,GeoOpt_S1_PlasticFullWrap_TopCap_5mm:17.5,CsI_TopAnnulus_Segment_03:515
S1,n,runs/geometry_optimization_20260704/step02_instant_geo_opt_s1_bpe_w5_fullstat_v1/Background_n_fullsphere20_rep06_part01.inc1.id1.sim.gz,164833,510.99892,2,2807.4503156,0.045419163000000005,0.0,0.045419163000000005,2807.495734763,True,False,True,keep,False,False,GeoOpt_S1_PlasticFullWrap_BottomCap_5mm:0.0454,CsI_Bottom_Quadrant_01:2.81e+03
S1,n,runs/geometry_optimization_20260704/step02_instant_geo_opt_s1_bpe_w5_fullstat_v1/Background_n_fullsphere20_rep06_part01.inc1.id1.sim.gz,180531,510.998864,2,5648.1196199,6.9554058e-05,0.0,6.9554058e-05,5648.119689454058,True,False,True,keep,False,False,GeoOpt_S1_PlasticFullWrap_SideShell_5mm:6.96e-05,CsI_Side_Segment_02:5.47e+03; CsI_Bottom_Quadrant_01:177
S1,n,runs/geometry_optimization_20260704/step02_instant_geo_opt_s1_bpe_w5_fullstat_v1/Background_n_fullsphere20_rep06_part01.inc1.id1.sim.gz,251935,510.998876,1,0.0,11.679722987000002,0.0,11.679722987000002,11.679722987000002,False,False,False,single,False,True,GeoOpt_S1_PlasticFullWrap_SideShell_5mm:11.7,
S1,n,runs/geometry_optimization_20260704/step02_instant_geo_opt_s1_bpe_w5_fullstat_v1/Background_n_fullsphere20_rep06_part01.inc1.id1.sim.gz,399655,510.9988900000001,2,2806.0705782729992,0.1483567,0.0,0.1483567,2806.2189349729993,True,False,True,keep,False,False,GeoOpt_S1_PlasticFullWrap_BottomCap_5mm:0.148,CsI_TopAnnulus_Segment_07:2.81e+03
S1,n,runs/geometry_optimization_20260704/step02_instant_geo_opt_s1_bpe_w5_fullstat_v1/Background_n_fullsphere20_rep06_part01.inc1.id1.sim.gz,634987,510.998891,1,0.0,0.0,0.0,0.0,0.0,False,False,False,single,False,True,,
S1,n,runs/geometry_optimization_20260704/step02_instant_geo_opt_s1_bpe_w5_fullstat_v1/Background_n_fullsphere20_rep07_part01.inc1.id1.sim.gz,107826,510.998895,1,511.1065260000001,3.485248,0.0,3.485248,514.5917740000001,True,False,True,single,False,False,GeoOpt_S1_PlasticFullWrap_SideShell_5mm:3.49,CsI_Bottom_Quadrant_03:511; CsI_Bottom_Quadrant_02:0.108
S1,n,runs/geometry_optimization_20260704/step02_instant_geo_opt_s1_bpe_w5_fullstat_v1/Background_n_fullsphere20_rep07_part01.inc1.id1.sim.gz,243793,510.9989,1,3894.0159938399997,0.0,0.0,0.0,3894.0159938399997,True,False,True,single,False,False,,CsI_Side_Segment_04_rectcut_window_band:3.17e+03; CsI_TopAnnulus_Segment_03:382; CsI_Side_Segment_03_above_side_port:344
S1,n,runs/geometry_optimization_20260704/step02_instant_geo_opt_s1_bpe_w5_fullstat_v1/Background_n_fullsphere20_rep07_part01.inc1.id1.sim.gz,252059,510.9989,1,58.116,0.0,0.0,0.0,58.116,True,False,True,single,False,False,,CsI_Bottom_Quadrant_01:58.1
S1,n,runs/geometry_optimization_20260704/step02_instant_geo_opt_s1_bpe_w5_fullstat_v1/Background_n_fullsphere20_rep07_part01.inc1.id1.sim.gz,329030,510.99887,2,0.01107629,0.0,0.0,0.0,0.01107629,False,False,False,keep,False,True,,CsI_Side_Segment_04_above_side_port:0.0111
S1,n,runs/geometry_optimization_20260704/step02_instant_geo_opt_s1_bpe_w5_fullstat_v1/Background_n_fullsphere20_rep07_part01.inc1.id1.sim.gz,361381,510.99890999999997,1,0.0023371828,0.0,0.0,0.0,0.0023371828,False,False,False,single,False,True,,CsI_Side_Segment_06:0.00234
S1,n,runs/geometry_optimization_20260704/step02_instant_geo_opt_s1_bpe_w5_fullstat_v1/Background_n_fullsphere20_rep07_part01.inc1.id1.sim.gz,602847,510.99890000000005,1,3575.78592693284,0.0,0.0,0.0,3575.78592693284,True,False,True,single,False,False,,CsI_Side_Segment_01:3.58e+03
S1,n,runs/geometry_optimization_20260704/step02_instant_geo_opt_s1_bpe_w5_fullstat_v1/Background_n_fullsphere20_rep07_part01.inc1.id1.sim.gz,668801,510.998915,2,851.2784851,0.0,0.0,0.0,851.2784851,True,False,True,keep,False,False,,CsI_Bottom_Quadrant_03:458; CsI_Side_Segment_06:393
S1,n,runs/geometry_optimization_20260704/step02_instant_geo_opt_s1_bpe_w5_fullstat_v1/Background_n_fullsphere20_rep07_part01.inc1.id1.sim.gz,928441,510.998873,1,0.0,0.0,0.0,0.0,0.0,False,False,False,single,False,True,,
S1,n,runs/geometry_optimization_20260704/step02_instant_geo_opt_s1_bpe_w5_fullstat_v1/Background_n_fullsphere20_rep08_part01.inc1.id1.sim.gz,137864,510.998912394,2,2991.6503130399988,41.07524,0.0,41.07524,3032.725553039999,True,False,True,keep,False,False,GeoOpt_S1_PlasticFullWrap_SideShell_5mm:41.1,CsI_Side_Segment_05:2.72e+03; CsI_Bottom_Quadrant_02:267
S1,n,runs/geometry_optimization_20260704/step02_instant_geo_opt_s1_bpe_w5_fullstat_v1/Background_n_fullsphere20_rep08_part01.inc1.id1.sim.gz,357387,510.99891,1,0.0,0.0,0.0,0.0,0.0,False,False,False,single,False,True,,
S1,n,runs/geometry_optimization_20260704/step02_instant_geo_opt_s1_bpe_w5_fullstat_v1/Background_n_fullsphere20_rep08_part01.inc1.id1.sim.gz,370386,510.99897999999996,3,6380.742776600004,0.5666873,0.0,0.5666873,6381.309463900004,True,False,True,veto,True,False,GeoOpt_S1_PlasticFullWrap_TopCap_5mm:0.567,CsI_TopAnnulus_Segment_04:5.97e+03; CsI_Side_Segment_04_above_side_port:217; CsI_TopAnnulus_Segment_05:198
S1,n,runs/geometry_optimization_20260704/step02_instant_geo_opt_s1_bpe_w5_fullstat_v1/Background_n_fullsphere20_rep08_part01.inc1.id1.sim.gz,585146,510.99895559999993,2,306.2558,2.91099689e-05,0.0,2.91099689e-05,306.25582910996894,True,False,True,veto,True,False,GeoOpt_S1_PlasticFullWrap_SideShell_5mm:2.91e-05,CsI_Bottom_Quadrant_02:306
S1,n,runs/geometry_optimization_20260704/step02_instant_geo_opt_s1_bpe_w5_fullstat_v1/Background_n_fullsphere20_rep08_part01.inc1.id1.sim.gz,745296,510.99894280000007,4,334.3414946,0.0,0.0,0.0,334.3414946,True,False,True,veto,True,False,,CsI_Side_Segment_00:334
S1,n,runs/geometry_optimization_20260704/step02_instant_geo_opt_s1_bpe_w5_fullstat_v1/Background_n_fullsphere20_rep08_part01.inc1.id1.sim.gz,748880,510.998966,2,6024.268905000001,0.0,0.0,0.0,6024.268905000001,True,False,True,keep,False,False,,CsI_Side_Segment_05:4.86e+03; CsI_Side_Segment_06:831; CsI_Side_Segment_07:331
S1,n,runs/geometry_optimization_20260704/step02_instant_geo_opt_s1_bpe_w5_fullstat_v1/Background_n_fullsphere20_rep08_part01.inc1.id1.sim.gz,821539,510.9989,1,0.0,0.0,0.0,0.0,0.0,False,False,False,single,False,True,,
S1,n,runs/geometry_optimization_20260704/step02_instant_geo_opt_s1_bpe_w5_fullstat_v1/Background_n_fullsphere20_rep08_part01.inc1.id1.sim.gz,887540,510.9989,1,6448.246202439591,3.730032,0.0,3.730032,6451.976234439591,True,False,True,single,False,False,GeoOpt_S1_PlasticFullWrap_SideShell_5mm:3.73,CsI_Bottom_Quadrant_01:3.31e+03; CsI_Bottom_Quadrant_03:3.14e+03
S1,atm511,runs/geometry_optimization_20260704/p2_atm511_sidecar_s1_nominal_geo_opt_s1_bpe_w5_20260708/Atm511SidecarS1Nominal3M_GeoOptS1BpeW5.inc1.id1.sim.gz,11882,510.99996799999997,4,0.0,0.0,0.0,0.0,0.0,False,False,False,keep,False,True,,
S1,atm511,runs/geometry_optimization_20260704/p2_atm511_sidecar_s1_nominal_geo_opt_s1_bpe_w5_20260708/Atm511SidecarS1Nominal3M_GeoOptS1BpeW5.inc1.id1.sim.gz,12552,510.99997400000007,2,0.0,0.0,0.0,0.0,0.0,False,False,False,keep,False,True,,
S1,atm511,runs/geometry_optimization_20260704/p2_atm511_sidecar_s1_nominal_geo_opt_s1_bpe_w5_20260708/Atm511SidecarS1Nominal3M_GeoOptS1BpeW5.inc1.id1.sim.gz,18572,511.0,1,0.0,0.0,0.0,0.0,0.0,False,False,False,single,False,True,,
S1,atm511,runs/geometry_optimization_20260704/p2_atm511_sidecar_s1_nominal_geo_opt_s1_bpe_w5_20260708/Atm511SidecarS1Nominal3M_GeoOptS1BpeW5.inc1.id1.sim.gz,35249,510.99989,1,0.0,0.0,0.0,0.0,0.0,False,False,False,single,False,True,,
S1,atm511,runs/geometry_optimization_20260704/p2_atm511_sidecar_s1_nominal_geo_opt_s1_bpe_w5_20260708/Atm511SidecarS1Nominal3M_GeoOptS1BpeW5.inc1.id1.sim.gz,69816,510.99999,2,0.0,0.0,0.0,0.0,0.0,False,False,False,keep,False,True,,
S1,atm511,runs/geometry_optimization_20260704/p2_atm511_sidecar_s1_nominal_geo_opt_s1_bpe_w5_20260708/Atm511SidecarS1Nominal3M_GeoOptS1BpeW5.inc1.id1.sim.gz,124466,511.00000000000006,1,0.0,0.0,0.0,0.0,0.0,False,False,False,single,False,True,,
S1,atm511,runs/geometry_optimization_20260704/p2_atm511_sidecar_s1_nominal_geo_opt_s1_bpe_w5_20260708/Atm511SidecarS1Nominal3M_GeoOptS1BpeW5.inc1.id1.sim.gz,145895,510.99992,2,0.0,0.0,0.0,0.0,0.0,False,False,False,keep,False,True,,
S1,atm511,runs/geometry_optimization_20260704/p2_atm511_sidecar_s1_nominal_geo_opt_s1_bpe_w5_20260708/Atm511SidecarS1Nominal3M_GeoOptS1BpeW5.inc1.id1.sim.gz,152242,511.00007999999997,2,0.0,0.0,0.0,0.0,0.0,False,False,False,keep,False,True,,
S1,atm511,runs/geometry_optimization_20260704/p2_atm511_sidecar_s1_nominal_geo_opt_s1_bpe_w5_20260708/Atm511SidecarS1Nominal3M_GeoOptS1BpeW5.inc1.id1.sim.gz,171045,511.000009,1,0.0,0.0,0.0,0.0,0.0,False,False,False,single,False,True,,
S1,atm511,runs/geometry_optimization_20260704/p2_atm511_sidecar_s1_nominal_geo_opt_s1_bpe_w5_20260708/Atm511SidecarS1Nominal3M_GeoOptS1BpeW5.inc1.id1.sim.gz,189319,510.99999399999996,1,0.0,0.0,0.0,0.0,0.0,False,False,False,single,False,True,,
S1,atm511,runs/geometry_optimization_20260704/p2_atm511_sidecar_s1_nominal_geo_opt_s1_bpe_w5_20260708/Atm511SidecarS1Nominal3M_GeoOptS1BpeW5.inc1.id1.sim.gz,207921,510.99997700000006,1,0.0,0.0,0.0,0.0,0.0,False,False,False,single,False,True,,
S1,atm511,runs/geometry_optimization_20260704/p2_atm511_sidecar_s1_nominal_geo_opt_s1_bpe_w5_20260708/Atm511SidecarS1Nominal3M_GeoOptS1BpeW5.inc1.id1.sim.gz,281785,511.00002000000006,1,0.0,0.0,0.0,0.0,0.0,False,False,False,single,False,True,,
S1,atm511,runs/geometry_optimization_20260704/p2_atm511_sidecar_s1_nominal_geo_opt_s1_bpe_w5_20260708/Atm511SidecarS1Nominal3M_GeoOptS1BpeW5.inc1.id1.sim.gz,288013,511.0,1,0.0,0.0,0.0,0.0,0.0,False,False,False,single,False,True,,
S1,atm511,runs/geometry_optimization_20260704/p2_atm511_sidecar_s1_nominal_geo_opt_s1_bpe_w5_20260708/Atm511SidecarS1Nominal3M_GeoOptS1BpeW5.inc1.id1.sim.gz,298696,511.000036,1,0.0,0.0,0.0,0.0,0.0,False,False,False,single,False,True,,
S1,atm511,runs/geometry_optimization_20260704/p2_atm511_sidecar_s1_nominal_geo_opt_s1_bpe_w5_20260708/Atm511SidecarS1Nominal3M_GeoOptS1BpeW5.inc1.id1.sim.gz,355515,511.00000000000006,1,0.0,0.0,0.0,0.0,0.0,False,False,False,single,False,True,,
S1,atm511,runs/geometry_optimization_20260704/p2_atm511_sidecar_s1_nominal_geo_opt_s1_bpe_w5_20260708/Atm511SidecarS1Nominal3M_GeoOptS1BpeW5.inc1.id1.sim.gz,373400,510.99996,1,0.0,0.0,0.0,0.0,0.0,False,False,False,single,False,True,,
S1,atm511,runs/geometry_optimization_20260704/p2_atm511_sidecar_s1_nominal_geo_opt_s1_bpe_w5_20260708/Atm511SidecarS1Nominal3M_GeoOptS1BpeW5.inc1.id1.sim.gz,403396,511.00005,1,0.0,0.0,0.0,0.0,0.0,False,False,False,single,False,True,,
S1,atm511,runs/geometry_optimization_20260704/p2_atm511_sidecar_s1_nominal_geo_opt_s1_bpe_w5_20260708/Atm511SidecarS1Nominal3M_GeoOptS1BpeW5.inc1.id1.sim.gz,417235,510.99999,1,0.0,0.0,0.0,0.0,0.0,False,False,False,single,False,True,,
S1,atm511,runs/geometry_optimization_20260704/p2_atm511_sidecar_s1_nominal_geo_opt_s1_bpe_w5_20260708/Atm511SidecarS1Nominal3M_GeoOptS1BpeW5.inc1.id1.sim.gz,423986,511.00003,1,0.0,0.0,0.0,0.0,0.0,False,False,False,single,False,True,,
S1,atm511,runs/geometry_optimization_20260704/p2_atm511_sidecar_s1_nominal_geo_opt_s1_bpe_w5_20260708/Atm511SidecarS1Nominal3M_GeoOptS1BpeW5.inc1.id1.sim.gz,426808,511.0000100000001,2,0.0,0.0,0.0,0.0,0.0,False,False,False,veto,True,False,,
S1,atm511,runs/geometry_optimization_20260704/p2_atm511_sidecar_s1_nominal_geo_opt_s1_bpe_w5_20260708/Atm511SidecarS1Nominal3M_GeoOptS1BpeW5.inc1.id1.sim.gz,427785,511.00007999999997,1,0.0,0.0,0.0,0.0,0.0,False,False,False,single,False,True,,
S1,atm511,runs/geometry_optimization_20260704/p2_atm511_sidecar_s1_nominal_geo_opt_s1_bpe_w5_20260708/Atm511SidecarS1Nominal3M_GeoOptS1BpeW5.inc1.id1.sim.gz,430218,511.00001572,3,0.0,0.0,0.0,0.0,0.0,False,False,False,keep,False,True,,
S1,atm511,runs/geometry_optimization_20260704/p2_atm511_sidecar_s1_nominal_geo_opt_s1_bpe_w5_20260708/Atm511SidecarS1Nominal3M_GeoOptS1BpeW5.inc1.id1.sim.gz,438572,511.0,1,0.0,0.0,0.0,0.0,0.0,False,False,False,single,False,True,,
S1,atm511,runs/geometry_optimization_20260704/p2_atm511_sidecar_s1_nominal_geo_opt_s1_bpe_w5_20260708/Atm511SidecarS1Nominal3M_GeoOptS1BpeW5.inc1.id1.sim.gz,446860,510.99999999999994,1,0.0,0.0,0.0,0.0,0.0,False,False,False,single,False,True,,
S1,atm511,runs/geometry_optimization_20260704/p2_atm511_sidecar_s1_nominal_geo_opt_s1_bpe_w5_20260708/Atm511SidecarS1Nominal3M_GeoOptS1BpeW5.inc1.id1.sim.gz,461477,511.00005000000004,1,0.0,0.0,0.0,0.0,0.0,False,False,False,single,False,True,,
S1,atm511,runs/geometry_optimization_20260704/p2_atm511_sidecar_s1_nominal_geo_opt_s1_bpe_w5_20260708/Atm511SidecarS1Nominal3M_GeoOptS1BpeW5.inc1.id1.sim.gz,479583,511.0000000000001,1,0.0,0.0,0.0,0.0,0.0,False,False,False,single,False,True,,
S1,atm511,runs/geometry_optimization_20260704/p2_atm511_sidecar_s1_nominal_geo_opt_s1_bpe_w5_20260708/Atm511SidecarS1Nominal3M_GeoOptS1BpeW5.inc1.id1.sim.gz,480447,511.0000100000001,1,0.0,0.0,0.0,0.0,0.0,False,False,False,single,False,True,,
S1,atm511,runs/geometry_optimization_20260704/p2_atm511_sidecar_s1_nominal_geo_opt_s1_bpe_w5_20260708/Atm511SidecarS1Nominal3M_GeoOptS1BpeW5.inc1.id1.sim.gz,516512,511.00007000000005,1,0.0,0.0,0.0,0.0,0.0,False,False,False,single,False,True,,
S1,atm511,runs/geometry_optimization_20260704/p2_atm511_sidecar_s1_nominal_geo_opt_s1_bpe_w5_20260708/Atm511SidecarS1Nominal3M_GeoOptS1BpeW5.inc1.id1.sim.gz,544766,510.999972,1,0.0,0.0,0.0,0.0,0.0,False,False,False,single,False,True,,
S1,atm511,runs/geometry_optimization_20260704/p2_atm511_sidecar_s1_nominal_geo_opt_s1_bpe_w5_20260708/Atm511SidecarS1Nominal3M_GeoOptS1BpeW5.inc1.id1.sim.gz,545112,511.00001000000003,1,0.0,0.0,0.0,0.0,0.0,False,False,False,single,False,True,,
S1,atm511,runs/geometry_optimization_20260704/p2_atm511_sidecar_s1_nominal_geo_opt_s1_bpe_w5_20260708/Atm511SidecarS1Nominal3M_GeoOptS1BpeW5.inc1.id1.sim.gz,611443,511.0000300000001,1,0.0,0.0,0.0,0.0,0.0,False,False,False,single,False,True,,
S1,atm511,runs/geometry_optimization_20260704/p2_atm511_sidecar_s1_nominal_geo_opt_s1_bpe_w5_20260708/Atm511SidecarS1Nominal3M_GeoOptS1BpeW5.inc1.id1.sim.gz,649803,511.0001,2,0.0,0.0,0.0,0.0,0.0,False,False,False,veto,True,False,,
S1,atm511,runs/geometry_optimization_20260704/p2_atm511_sidecar_s1_nominal_geo_opt_s1_bpe_w5_20260708/Atm511SidecarS1Nominal3M_GeoOptS1BpeW5.inc1.id1.sim.gz,673641,510.9999956933001,2,0.0,0.0,0.0,0.0,0.0,False,False,False,keep,False,True,,
S1,atm511,runs/geometry_optimization_20260704/p2_atm511_sidecar_s1_nominal_geo_opt_s1_bpe_w5_20260708/Atm511SidecarS1Nominal3M_GeoOptS1BpeW5.inc1.id1.sim.gz,699374,510.99998,1,0.0,0.0,0.0,0.0,0.0,False,False,False,single,False,True,,
S1,atm511,runs/geometry_optimization_20260704/p2_atm511_sidecar_s1_nominal_geo_opt_s1_bpe_w5_20260708/Atm511SidecarS1Nominal3M_GeoOptS1BpeW5.inc1.id1.sim.gz,731662,511.0,2,0.0,0.0,0.0,0.0,0.0,False,False,False,keep,False,True,,
S1,atm511,runs/geometry_optimization_20260704/p2_atm511_sidecar_s1_nominal_geo_opt_s1_bpe_w5_20260708/Atm511SidecarS1Nominal3M_GeoOptS1BpeW5.inc1.id1.sim.gz,768726,511.00000000000006,1,0.0,0.0,0.0,0.0,0.0,False,False,False,single,False,True,,
S1,atm511,runs/geometry_optimization_20260704/p2_atm511_sidecar_s1_nominal_geo_opt_s1_bpe_w5_20260708/Atm511SidecarS1Nominal3M_GeoOptS1BpeW5.inc1.id1.sim.gz,794820,510.99997699999994,1,0.0,0.0,0.0,0.0,0.0,False,False,False,single,False,True,,
S1,atm511,runs/geometry_optimization_20260704/p2_atm511_sidecar_s1_nominal_geo_opt_s1_bpe_w5_20260708/Atm511SidecarS1Nominal3M_GeoOptS1BpeW5.inc1.id1.sim.gz,795958,510.99998000000005,1,0.0,0.0,0.0,0.0,0.0,False,False,False,single,False,True,,
S1,atm511,runs/geometry_optimization_20260704/p2_atm511_sidecar_s1_nominal_geo_opt_s1_bpe_w5_20260708/Atm511SidecarS1Nominal3M_GeoOptS1BpeW5.inc1.id1.sim.gz,811824,510.99996,2,0.0,0.0,0.0,0.0,0.0,False,False,False,keep,False,True,,
S1,atm511,runs/geometry_optimization_20260704/p2_atm511_sidecar_s1_nominal_geo_opt_s1_bpe_w5_20260708/Atm511SidecarS1Nominal3M_GeoOptS1BpeW5.inc1.id1.sim.gz,816609,511.00002,2,0.0,0.0,0.0,0.0,0.0,False,False,False,keep,False,True,,
S1,atm511,runs/geometry_optimization_20260704/p2_atm511_sidecar_s1_nominal_geo_opt_s1_bpe_w5_20260708/Atm511SidecarS1Nominal3M_GeoOptS1BpeW5.inc1.id1.sim.gz,822472,510.99998000000005,1,0.0,0.0,0.0,0.0,0.0,False,False,False,single,False,True,,
S1,atm511,runs/geometry_optimization_20260704/p2_atm511_sidecar_s1_nominal_geo_opt_s1_bpe_w5_20260708/Atm511SidecarS1Nominal3M_GeoOptS1BpeW5.inc1.id1.sim.gz,830875,510.99997,1,0.0,0.0,0.0,0.0,0.0,False,False,False,single,False,True,,
S1,atm511,runs/geometry_optimization_20260704/p2_atm511_sidecar_s1_nominal_geo_opt_s1_bpe_w5_20260708/Atm511SidecarS1Nominal3M_GeoOptS1BpeW5.inc1.id1.sim.gz,861508,510.99998999999997,1,0.0,0.0,0.0,0.0,0.0,False,False,False,single,False,True,,
S1,atm511,runs/geometry_optimization_20260704/p2_atm511_sidecar_s1_nominal_geo_opt_s1_bpe_w5_20260708/Atm511SidecarS1Nominal3M_GeoOptS1BpeW5.inc1.id1.sim.gz,863029,510.999999,2,0.0,0.0,0.0,0.0,0.0,False,False,False,keep,False,True,,
S1,atm511,runs/geometry_optimization_20260704/p2_atm511_sidecar_s1_nominal_geo_opt_s1_bpe_w5_20260708/Atm511SidecarS1Nominal3M_GeoOptS1BpeW5.inc1.id1.sim.gz,868864,510.9999700000001,1,0.0,0.0,0.0,0.0,0.0,False,False,False,single,False,True,,
S1,atm511,runs/geometry_optimization_20260704/p2_atm511_sidecar_s1_nominal_geo_opt_s1_bpe_w5_20260708/Atm511SidecarS1Nominal3M_GeoOptS1BpeW5.inc1.id1.sim.gz,873473,510.99996000000004,1,0.0,0.0,0.0,0.0,0.0,False,False,False,single,False,True,,
S1,atm511,runs/geometry_optimization_20260704/p2_atm511_sidecar_s1_nominal_geo_opt_s1_bpe_w5_20260708/Atm511SidecarS1Nominal3M_GeoOptS1BpeW5.inc1.id1.sim.gz,912785,511.00001000000003,1,0.0,0.0,0.0,0.0,0.0,False,False,False,single,False,True,,
S1,atm511,runs/geometry_optimization_20260704/p2_atm511_sidecar_s1_nominal_geo_opt_s1_bpe_w5_20260708/Atm511SidecarS1Nominal3M_GeoOptS1BpeW5.inc1.id1.sim.gz,930145,510.99997,2,0.0,0.0,0.0,0.0,0.0,False,False,False,keep,False,True,,
S1,atm511,runs/geometry_optimization_20260704/p2_atm511_sidecar_s1_nominal_geo_opt_s1_bpe_w5_20260708/Atm511SidecarS1Nominal3M_GeoOptS1BpeW5.inc1.id1.sim.gz,940993,510.99999399999996,1,0.0,0.0,0.0,0.0,0.0,False,False,False,single,False,True,,
S1,atm511,runs/geometry_optimization_20260704/p2_atm511_sidecar_s1_nominal_geo_opt_s1_bpe_w5_20260708/Atm511SidecarS1Nominal3M_GeoOptS1BpeW5.inc1.id1.sim.gz,1001845,510.999995,1,0.0,0.0,0.0,0.0,0.0,False,False,False,single,False,True,,
S1,atm511,runs/geometry_optimization_20260704/p2_atm511_sidecar_s1_nominal_geo_opt_s1_bpe_w5_20260708/Atm511SidecarS1Nominal3M_GeoOptS1BpeW5.inc1.id1.sim.gz,1007666,511.00000000000006,1,0.0,0.0,0.0,0.0,0.0,False,False,False,single,False,True,,
S1,atm511,runs/geometry_optimization_20260704/p2_atm511_sidecar_s1_nominal_geo_opt_s1_bpe_w5_20260708/Atm511SidecarS1Nominal3M_GeoOptS1BpeW5.inc1.id1.sim.gz,1010831,510.9999400000001,2,0.0,0.0,0.0,0.0,0.0,False,False,False,keep,False,True,,
S1,atm511,runs/geometry_optimization_20260704/p2_atm511_sidecar_s1_nominal_geo_opt_s1_bpe_w5_20260708/Atm511SidecarS1Nominal3M_GeoOptS1BpeW5.inc1.id1.sim.gz,1061416,511.00000000000006,1,0.0,0.0,0.0,0.0,0.0,False,False,False,single,False,True,,
S1,atm511,runs/geometry_optimization_20260704/p2_atm511_sidecar_s1_nominal_geo_opt_s1_bpe_w5_20260708/Atm511SidecarS1Nominal3M_GeoOptS1BpeW5.inc1.id1.sim.gz,1136352,511.0,1,0.0,0.0,0.0,0.0,0.0,False,False,False,single,False,True,,
S1,atm511,runs/geometry_optimization_20260704/p2_atm511_sidecar_s1_nominal_geo_opt_s1_bpe_w5_20260708/Atm511SidecarS1Nominal3M_GeoOptS1BpeW5.inc1.id1.sim.gz,1161529,510.999978,1,0.0,0.0,0.0,0.0,0.0,False,False,False,single,False,True,,
S1,atm511,runs/geometry_optimization_20260704/p2_atm511_sidecar_s1_nominal_geo_opt_s1_bpe_w5_20260708/Atm511SidecarS1Nominal3M_GeoOptS1BpeW5.inc1.id1.sim.gz,1179235,510.99999697699997,2,0.0,0.0,0.0,0.0,0.0,False,False,False,keep,False,True,,
S1,atm511,runs/geometry_optimization_20260704/p2_atm511_sidecar_s1_nominal_geo_opt_s1_bpe_w5_20260708/Atm511SidecarS1Nominal3M_GeoOptS1BpeW5.inc1.id1.sim.gz,1186812,510.9999700000001,1,0.0,0.0,0.0,0.0,0.0,False,False,False,single,False,True,,
S1,atm511,runs/geometry_optimization_20260704/p2_atm511_sidecar_s1_nominal_geo_opt_s1_bpe_w5_20260708/Atm511SidecarS1Nominal3M_GeoOptS1BpeW5.inc1.id1.sim.gz,1250347,511.000032,1,0.0,0.0,0.0,0.0,0.0,False,False,False,single,False,True,,
S1,atm511,runs/geometry_optimization_20260704/p2_atm511_sidecar_s1_nominal_geo_opt_s1_bpe_w5_20260708/Atm511SidecarS1Nominal3M_GeoOptS1BpeW5.inc1.id1.sim.gz,1263755,511.0000049,1,0.0,0.0,0.0,0.0,0.0,False,False,False,single,False,True,,
S1,atm511,runs/geometry_optimization_20260704/p2_atm511_sidecar_s1_nominal_geo_opt_s1_bpe_w5_20260708/Atm511SidecarS1Nominal3M_GeoOptS1BpeW5.inc1.id1.sim.gz,1265679,510.99995000000007,1,0.0,0.0,0.0,0.0,0.0,False,False,False,single,False,True,,
S1,atm511,runs/geometry_optimization_20260704/p2_atm511_sidecar_s1_nominal_geo_opt_s1_bpe_w5_20260708/Atm511SidecarS1Nominal3M_GeoOptS1BpeW5.inc1.id1.sim.gz,1286765,511.00002830000005,2,0.0,0.0,0.0,0.0,0.0,False,False,False,keep,False,True,,
S1,atm511,runs/geometry_optimization_20260704/p2_atm511_sidecar_s1_nominal_geo_opt_s1_bpe_w5_20260708/Atm511SidecarS1Nominal3M_GeoOptS1BpeW5.inc1.id1.sim.gz,1300469,511.0000265400001,1,0.0,0.0,0.0,0.0,0.0,False,False,False,single,False,True,,
S1,atm511,runs/geometry_optimization_20260704/p2_atm511_sidecar_s1_nominal_geo_opt_s1_bpe_w5_20260708/Atm511SidecarS1Nominal3M_GeoOptS1BpeW5.inc1.id1.sim.gz,1353472,510.99999,2,0.0,0.0,0.0,0.0,0.0,False,False,False,veto,True,False,,
S1,atm511,runs/geometry_optimization_20260704/p2_atm511_sidecar_s1_nominal_geo_opt_s1_bpe_w5_20260708/Atm511SidecarS1Nominal3M_GeoOptS1BpeW5.inc1.id1.sim.gz,1405553,510.9999859999999,2,0.0,0.0,0.0,0.0,0.0,False,False,False,keep,False,True,,
S1,atm511,runs/geometry_optimization_20260704/p2_atm511_sidecar_s1_nominal_geo_opt_s1_bpe_w5_20260708/Atm511SidecarS1Nominal3M_GeoOptS1BpeW5.inc1.id1.sim.gz,1415502,510.99991600000004,1,0.0,0.0,0.0,0.0,0.0,False,False,False,single,False,True,,
S1,atm511,runs/geometry_optimization_20260704/p2_atm511_sidecar_s1_nominal_geo_opt_s1_bpe_w5_20260708/Atm511SidecarS1Nominal3M_GeoOptS1BpeW5.inc1.id1.sim.gz,1462904,511.000028,2,0.0,0.0,0.0,0.0,0.0,False,False,False,keep,False,True,,
S1,atm511,runs/geometry_optimization_20260704/p2_atm511_sidecar_s1_nominal_geo_opt_s1_bpe_w5_20260708/Atm511SidecarS1Nominal3M_GeoOptS1BpeW5.inc1.id1.sim.gz,1479046,511.00003,2,0.0,0.0,0.0,0.0,0.0,False,False,False,keep,False,True,,
S1,atm511,runs/geometry_optimization_20260704/p2_atm511_sidecar_s1_nominal_geo_opt_s1_bpe_w5_20260708/Atm511SidecarS1Nominal3M_GeoOptS1BpeW5.inc1.id1.sim.gz,1524649,511.000011,1,0.0,0.0,0.0,0.0,0.0,False,False,False,single,False,True,,
S1,atm511,runs/geometry_optimization_20260704/p2_atm511_sidecar_s1_nominal_geo_opt_s1_bpe_w5_20260708/Atm511SidecarS1Nominal3M_GeoOptS1BpeW5.inc1.id1.sim.gz,1527851,510.99998,1,0.0,0.0,0.0,0.0,0.0,False,False,False,single,False,True,,
S1,atm511,runs/geometry_optimization_20260704/p2_atm511_sidecar_s1_nominal_geo_opt_s1_bpe_w5_20260708/Atm511SidecarS1Nominal3M_GeoOptS1BpeW5.inc1.id1.sim.gz,1545992,511.0,2,0.0,0.0,0.0,0.0,0.0,False,False,False,keep,False,True,,
S1,atm511,runs/geometry_optimization_20260704/p2_atm511_sidecar_s1_nominal_geo_opt_s1_bpe_w5_20260708/Atm511SidecarS1Nominal3M_GeoOptS1BpeW5.inc1.id1.sim.gz,1633187,510.99995000000007,1,0.0,0.0,0.0,0.0,0.0,False,False,False,single,False,True,,
S1,atm511,runs/geometry_optimization_20260704/p2_atm511_sidecar_s1_nominal_geo_opt_s1_bpe_w5_20260708/Atm511SidecarS1Nominal3M_GeoOptS1BpeW5.inc1.id1.sim.gz,1698567,511.00002,3,0.0,0.0,0.0,0.0,0.0,False,False,False,keep,False,True,,
S1,atm511,runs/geometry_optimization_20260704/p2_atm511_sidecar_s1_nominal_geo_opt_s1_bpe_w5_20260708/Atm511SidecarS1Nominal3M_GeoOptS1BpeW5.inc1.id1.sim.gz,1718264,511.00000000000006,3,0.0,0.0,0.0,0.0,0.0,False,False,False,keep,False,True,,
S1,atm511,runs/geometry_optimization_20260704/p2_atm511_sidecar_s1_nominal_geo_opt_s1_bpe_w5_20260708/Atm511SidecarS1Nominal3M_GeoOptS1BpeW5.inc1.id1.sim.gz,1725543,511.0000427914599,2,0.0,0.0,0.0,0.0,0.0,False,False,False,keep,False,True,,
S1,atm511,runs/geometry_optimization_20260704/p2_atm511_sidecar_s1_nominal_geo_opt_s1_bpe_w5_20260708/Atm511SidecarS1Nominal3M_GeoOptS1BpeW5.inc1.id1.sim.gz,1732885,510.99999506441,2,0.0,0.0,0.0,0.0,0.0,False,False,False,keep,False,True,,
S1,atm511,runs/geometry_optimization_20260704/p2_atm511_sidecar_s1_nominal_geo_opt_s1_bpe_w5_20260708/Atm511SidecarS1Nominal3M_GeoOptS1BpeW5.inc1.id1.sim.gz,1768296,511.00001,2,0.0,0.0,0.0,0.0,0.0,False,False,False,keep,False,True,,
S1,atm511,runs/geometry_optimization_20260704/p2_atm511_sidecar_s1_nominal_geo_opt_s1_bpe_w5_20260708/Atm511SidecarS1Nominal3M_GeoOptS1BpeW5.inc1.id1.sim.gz,1897913,511.00004000000007,1,0.0,0.0,0.0,0.0,0.0,False,False,False,single,False,True,,
S1,atm511,runs/geometry_optimization_20260704/p2_atm511_sidecar_s1_nominal_geo_opt_s1_bpe_w5_20260708/Atm511SidecarS1Nominal3M_GeoOptS1BpeW5.inc1.id1.sim.gz,1900617,510.99988,2,0.0,0.0,0.0,0.0,0.0,False,False,False,veto,True,False,,
S1,atm511,runs/geometry_optimization_20260704/p2_atm511_sidecar_s1_nominal_geo_opt_s1_bpe_w5_20260708/Atm511SidecarS1Nominal3M_GeoOptS1BpeW5.inc1.id1.sim.gz,1905261,511.0,1,0.0,0.0,0.0,0.0,0.0,False,False,False,single,False,True,,
S1,atm511,runs/geometry_optimization_20260704/p2_atm511_sidecar_s1_nominal_geo_opt_s1_bpe_w5_20260708/Atm511SidecarS1Nominal3M_GeoOptS1BpeW5.inc1.id1.sim.gz,1909129,511.00003000000004,2,0.0,0.0,0.0,0.0,0.0,False,False,False,keep,False,True,,
S1,atm511,runs/geometry_optimization_20260704/p2_atm511_sidecar_s1_nominal_geo_opt_s1_bpe_w5_20260708/Atm511SidecarS1Nominal3M_GeoOptS1BpeW5.inc1.id1.sim.gz,1941588,510.99998000000005,2,0.0,0.0,0.0,0.0,0.0,False,False,False,keep,False,True,,
S1,atm511,runs/geometry_optimization_20260704/p2_atm511_sidecar_s1_nominal_geo_opt_s1_bpe_w5_20260708/Atm511SidecarS1Nominal3M_GeoOptS1BpeW5.inc1.id1.sim.gz,1954566,511.000006,1,0.0,0.0,0.0,0.0,0.0,False,False,False,single,False,True,,
S1,atm511,runs/geometry_optimization_20260704/p2_atm511_sidecar_s1_nominal_geo_opt_s1_bpe_w5_20260708/Atm511SidecarS1Nominal3M_GeoOptS1BpeW5.inc1.id1.sim.gz,1971714,511.00004200000006,2,0.0,0.0,0.0,0.0,0.0,False,False,False,keep,False,True,,
S1,atm511,runs/geometry_optimization_20260704/p2_atm511_sidecar_s1_nominal_geo_opt_s1_bpe_w5_20260708/Atm511SidecarS1Nominal3M_GeoOptS1BpeW5.inc1.id1.sim.gz,2068514,510.9999880000001,1,0.0,0.0,0.0,0.0,0.0,False,False,False,single,False,True,,
S1,atm511,runs/geometry_optimization_20260704/p2_atm511_sidecar_s1_nominal_geo_opt_s1_bpe_w5_20260708/Atm511SidecarS1Nominal3M_GeoOptS1BpeW5.inc1.id1.sim.gz,2100989,510.999998,1,0.0,0.0,0.0,0.0,0.0,False,False,False,single,False,True,,
S1,atm511,runs/geometry_optimization_20260704/p2_atm511_sidecar_s1_nominal_geo_opt_s1_bpe_w5_20260708/Atm511SidecarS1Nominal3M_GeoOptS1BpeW5.inc1.id1.sim.gz,2105090,510.99998,1,0.0,0.0,0.0,0.0,0.0,False,False,False,single,False,True,,
S1,atm511,runs/geometry_optimization_20260704/p2_atm511_sidecar_s1_nominal_geo_opt_s1_bpe_w5_20260708/Atm511SidecarS1Nominal3M_GeoOptS1BpeW5.inc1.id1.sim.gz,2111188,510.99999,1,0.0,0.0,0.0,0.0,0.0,False,False,False,single,False,True,,
S1,atm511,runs/geometry_optimization_20260704/p2_atm511_sidecar_s1_nominal_geo_opt_s1_bpe_w5_20260708/Atm511SidecarS1Nominal3M_GeoOptS1BpeW5.inc1.id1.sim.gz,2242496,511.00002,1,0.0,0.0,0.0,0.0,0.0,False,False,False,single,False,True,,
S1,atm511,runs/geometry_optimization_20260704/p2_atm511_sidecar_s1_nominal_geo_opt_s1_bpe_w5_20260708/Atm511SidecarS1Nominal3M_GeoOptS1BpeW5.inc1.id1.sim.gz,2250264,510.9999640000001,2,0.0,0.0,0.0,0.0,0.0,False,False,False,keep,False,True,,
S1,atm511,runs/geometry_optimization_20260704/p2_atm511_sidecar_s1_nominal_geo_opt_s1_bpe_w5_20260708/Atm511SidecarS1Nominal3M_GeoOptS1BpeW5.inc1.id1.sim.gz,2267968,511.00003000000004,1,0.0,0.0,0.0,0.0,0.0,False,False,False,single,False,True,,
S1,atm511,runs/geometry_optimization_20260704/p2_atm511_sidecar_s1_nominal_geo_opt_s1_bpe_w5_20260708/Atm511SidecarS1Nominal3M_GeoOptS1BpeW5.inc1.id1.sim.gz,2275072,511.0,1,0.0,0.0,0.0,0.0,0.0,False,False,False,single,False,True,,
S1,atm511,runs/geometry_optimization_20260704/p2_atm511_sidecar_s1_nominal_geo_opt_s1_bpe_w5_20260708/Atm511SidecarS1Nominal3M_GeoOptS1BpeW5.inc1.id1.sim.gz,2293914,511.0000059999999,2,0.0,0.0,0.0,0.0,0.0,False,False,False,veto,True,False,,
S1,atm511,runs/geometry_optimization_20260704/p2_atm511_sidecar_s1_nominal_geo_opt_s1_bpe_w5_20260708/Atm511SidecarS1Nominal3M_GeoOptS1BpeW5.inc1.id1.sim.gz,2336934,510.9999133,4,0.0,0.0,0.0,0.0,0.0,False,False,False,veto,True,False,,
S1,atm511,runs/geometry_optimization_20260704/p2_atm511_sidecar_s1_nominal_geo_opt_s1_bpe_w5_20260708/Atm511SidecarS1Nominal3M_GeoOptS1BpeW5.inc1.id1.sim.gz,2361639,511.00000000000006,1,0.0,0.0,0.0,0.0,0.0,False,False,False,single,False,True,,
S1,atm511,runs/geometry_optimization_20260704/p2_atm511_sidecar_s1_nominal_geo_opt_s1_bpe_w5_20260708/Atm511SidecarS1Nominal3M_GeoOptS1BpeW5.inc1.id1.sim.gz,2374073,511.00001299999997,1,0.0,0.0,0.0,0.0,0.0,False,False,False,single,False,True,,
S1,atm511,runs/geometry_optimization_20260704/p2_atm511_sidecar_s1_nominal_geo_opt_s1_bpe_w5_20260708/Atm511SidecarS1Nominal3M_GeoOptS1BpeW5.inc1.id1.sim.gz,2443221,511.0000546,3,0.0,0.0,0.0,0.0,0.0,False,False,False,keep,False,True,,
S1,atm511,runs/geometry_optimization_20260704/p2_atm511_sidecar_s1_nominal_geo_opt_s1_bpe_w5_20260708/Atm511SidecarS1Nominal3M_GeoOptS1BpeW5.inc1.id1.sim.gz,2551379,510.9999882,2,0.0,0.0,0.0,0.0,0.0,False,False,False,keep,False,True,,
S1,atm511,runs/geometry_optimization_20260704/p2_atm511_sidecar_s1_nominal_geo_opt_s1_bpe_w5_20260708/Atm511SidecarS1Nominal3M_GeoOptS1BpeW5.inc1.id1.sim.gz,2565320,510.99999903,2,0.0,0.0,0.0,0.0,0.0,False,False,False,keep,False,True,,
S1,atm511,runs/geometry_optimization_20260704/p2_atm511_sidecar_s1_nominal_geo_opt_s1_bpe_w5_20260708/Atm511SidecarS1Nominal3M_GeoOptS1BpeW5.inc1.id1.sim.gz,2581987,511.00000891,2,0.0,0.0,0.0,0.0,0.0,False,False,False,keep,False,True,,
S1,atm511,runs/geometry_optimization_20260704/p2_atm511_sidecar_s1_nominal_geo_opt_s1_bpe_w5_20260708/Atm511SidecarS1Nominal3M_GeoOptS1BpeW5.inc1.id1.sim.gz,2683590,510.9999869999999,1,0.0,0.0,0.0,0.0,0.0,False,False,False,single,False,True,,
S1,atm511,runs/geometry_optimization_20260704/p2_atm511_sidecar_s1_nominal_geo_opt_s1_bpe_w5_20260708/Atm511SidecarS1Nominal3M_GeoOptS1BpeW5.inc1.id1.sim.gz,2715391,511.00000000000006,1,0.0,0.0,0.0,0.0,0.0,False,False,False,single,False,True,,
S1,atm511,runs/geometry_optimization_20260704/p2_atm511_sidecar_s1_nominal_geo_opt_s1_bpe_w5_20260708/Atm511SidecarS1Nominal3M_GeoOptS1BpeW5.inc1.id1.sim.gz,2725078,510.999989,1,0.0,0.0,0.0,0.0,0.0,False,False,False,single,False,True,,
S1,atm511,runs/geometry_optimization_20260704/p2_atm511_sidecar_s1_nominal_geo_opt_s1_bpe_w5_20260708/Atm511SidecarS1Nominal3M_GeoOptS1BpeW5.inc1.id1.sim.gz,2750843,510.99998600000004,1,0.0,0.0,0.0,0.0,0.0,False,False,False,single,False,True,,
S1,atm511,runs/geometry_optimization_20260704/p2_atm511_sidecar_s1_nominal_geo_opt_s1_bpe_w5_20260708/Atm511SidecarS1Nominal3M_GeoOptS1BpeW5.inc1.id1.sim.gz,2773521,510.99995,3,0.0,0.0,0.0,0.0,0.0,False,False,False,keep,False,True,,
S1,atm511,runs/geometry_optimization_20260704/p2_atm511_sidecar_s1_nominal_geo_opt_s1_bpe_w5_20260708/Atm511SidecarS1Nominal3M_GeoOptS1BpeW5.inc1.id1.sim.gz,2773815,510.99997,1,0.0,0.0,0.0,0.0,0.0,False,False,False,single,False,True,,
S1,atm511,runs/geometry_optimization_20260704/p2_atm511_sidecar_s1_nominal_geo_opt_s1_bpe_w5_20260708/Atm511SidecarS1Nominal3M_GeoOptS1BpeW5.inc1.id1.sim.gz,2777097,511.0,1,0.0,0.0,0.0,0.0,0.0,False,False,False,single,False,True,,
S1,atm511,runs/geometry_optimization_20260704/p2_atm511_sidecar_s1_nominal_geo_opt_s1_bpe_w5_20260708/Atm511SidecarS1Nominal3M_GeoOptS1BpeW5.inc1.id1.sim.gz,2777134,510.9999801000001,1,0.0,0.0,0.0,0.0,0.0,False,False,False,single,False,True,,
S1,atm511,runs/geometry_optimization_20260704/p2_atm511_sidecar_s1_nominal_geo_opt_s1_bpe_w5_20260708/Atm511SidecarS1Nominal3M_GeoOptS1BpeW5.inc1.id1.sim.gz,2788583,511.00000000000006,1,0.0,0.0,0.0,0.0,0.0,False,False,False,single,False,True,,
S1,atm511,runs/geometry_optimization_20260704/p2_atm511_sidecar_s1_nominal_geo_opt_s1_bpe_w5_20260708/Atm511SidecarS1Nominal3M_GeoOptS1BpeW5.inc1.id1.sim.gz,2789775,510.9999473,2,0.0,0.0,0.0,0.0,0.0,False,False,False,veto,True,False,,
S1,atm511,runs/geometry_optimization_20260704/p2_atm511_sidecar_s1_nominal_geo_opt_s1_bpe_w5_20260708/Atm511SidecarS1Nominal3M_GeoOptS1BpeW5.inc1.id1.sim.gz,2794956,510.99993900000004,1,0.0,0.0,0.0,0.0,0.0,False,False,False,single,False,True,,
S1,atm511,runs/geometry_optimization_20260704/p2_atm511_sidecar_s1_nominal_geo_opt_s1_bpe_w5_20260708/Atm511SidecarS1Nominal3M_GeoOptS1BpeW5.inc1.id1.sim.gz,2877853,510.99998000000005,1,0.0,0.0,0.0,0.0,0.0,False,False,False,single,False,True,,
S1,atm511,runs/geometry_optimization_20260704/p2_atm511_sidecar_s1_nominal_geo_opt_s1_bpe_w5_20260708/Atm511SidecarS1Nominal3M_GeoOptS1BpeW5.inc1.id1.sim.gz,2890235,511.00004598,3,0.0,0.0,0.0,0.0,0.0,False,False,False,keep,False,True,,
S1,atm511,runs/geometry_optimization_20260704/p2_atm511_sidecar_s1_nominal_geo_opt_s1_bpe_w5_20260708/Atm511SidecarS1Nominal3M_GeoOptS1BpeW5.inc1.id1.sim.gz,2901569,510.999982,2,0.0,0.0,0.0,0.0,0.0,False,False,False,keep,False,True,,
S1,atm511,runs/geometry_optimization_20260704/p2_atm511_sidecar_s1_nominal_geo_opt_s1_bpe_w5_20260708/Atm511SidecarS1Nominal3M_GeoOptS1BpeW5.inc1.id1.sim.gz,2906242,511.00001700000007,2,0.0,0.0,0.0,0.0,0.0,False,False,False,keep,False,True,,
S2b,eplus,runs/geometry_optimization_20260704/s2b_cryo_shell_45deg_eqstats_prompt_eplus_n_20260708/Background_eplus_fullsphere20_rep01_part01.inc1.id1.sim.gz,21698,510.999,1,0.0,0.0,19.8805822,19.8805822,19.8805822,False,False,False,single,False,True,GeoOpt_S2B_CryoShell_Plastic_SideSkin_10mm:19.9,
S2b,eplus,runs/geometry_optimization_20260704/s2b_cryo_shell_45deg_eqstats_prompt_eplus_n_20260708/Background_eplus_fullsphere20_rep01_part01.inc1.id1.sim.gz,53428,510.99890000000005,3,278776.7666620135,0.0,3272.9793109999987,3272.9793109999987,282049.74597301346,True,True,True,keep,False,False,GeoOpt_S2B_CryoShell_Plastic_SideSkin_10mm:3.03e+03; GeoOpt_S2B_CryoShell_Plastic_BottomCap_10mm:241,CsI_Side_Segment_02:2.09e+05; CsI_Side_Segment_00:5.03e+04; CsI_TopAnnulus_Segment_00:5.91e+03; CsI_Bottom_Quadrant_00:5.89e+03; CsI_Side_Segment_01:4.72e+03; CsI_TopAnnulus_Segment_01:2.07e+03
S2b,eplus,runs/geometry_optimization_20260704/s2b_cryo_shell_45deg_eqstats_prompt_eplus_n_20260708/Background_eplus_fullsphere20_rep01_part01.inc1.id1.sim.gz,69240,510.998959,1,0.0,0.0,153.96470711,153.96470711,153.96470711,False,True,True,single,False,False,GeoOpt_S2B_CryoShell_Plastic_SideSkin_10mm:154,
S2b,eplus,runs/geometry_optimization_20260704/s2b_cryo_shell_45deg_eqstats_prompt_eplus_n_20260708/Background_eplus_fullsphere20_rep01_part01.inc1.id1.sim.gz,91447,510.99893000000003,1,0.0,0.0,125.19998624999998,125.19998624999998,125.19998624999998,False,True,True,single,False,False,GeoOpt_S2B_CryoShell_Plastic_SideSkin_10mm:125,
S2b,eplus,runs/geometry_optimization_20260704/s2b_cryo_shell_45deg_eqstats_prompt_eplus_n_20260708/Background_eplus_fullsphere20_rep01_part01.inc1.id1.sim.gz,170079,510.99890800000003,3,0.0,0.0,765.4558280099999,765.4558280099999,765.4558280099999,False,True,True,keep,False,False,GeoOpt_S2B_CryoShell_Plastic_SideSkin_10mm:765,
S2b,eplus,runs/geometry_optimization_20260704/s2b_cryo_shell_45deg_eqstats_prompt_eplus_n_20260708/Background_eplus_fullsphere20_rep01_part01.inc1.id1.sim.gz,181122,510.99887,1,0.0,0.0,61.319305560000004,61.319305560000004,61.319305560000004,False,True,True,single,False,False,GeoOpt_S2B_CryoShell_Plastic_TopCap_10mm:61.3,
S2b,eplus,runs/geometry_optimization_20260704/s2b_cryo_shell_45deg_eqstats_prompt_eplus_n_20260708/Background_eplus_fullsphere20_rep02_part01.inc1.id1.sim.gz,65575,510.99884,1,0.0,0.0,22.99612943,22.99612943,22.99612943,False,False,False,single,False,True,GeoOpt_S2B_CryoShell_Plastic_SideSkin_10mm:23,
S2b,eplus,runs/geometry_optimization_20260704/s2b_cryo_shell_45deg_eqstats_prompt_eplus_n_20260708/Background_eplus_fullsphere20_rep02_part01.inc1.id1.sim.gz,89264,510.99886000000004,1,0.0,0.0,2768.398838139999,2768.398838139999,2768.398838139999,False,True,True,single,False,False,GeoOpt_S2B_CryoShell_Plastic_SideSkin_10mm:2.77e+03,
S2b,eplus,runs/geometry_optimization_20260704/s2b_cryo_shell_45deg_eqstats_prompt_eplus_n_20260708/Background_eplus_fullsphere20_rep02_part01.inc1.id1.sim.gz,101740,510.99894900000004,1,0.0,0.0,14.46889201,14.46889201,14.46889201,False,False,False,single,False,True,GeoOpt_S2B_CryoShell_Plastic_SideSkin_10mm:14.5,
S2b,eplus,runs/geometry_optimization_20260704/s2b_cryo_shell_45deg_eqstats_prompt_eplus_n_20260708/Background_eplus_fullsphere20_rep02_part01.inc1.id1.sim.gz,131303,510.99893,1,0.0,0.0,55.75582198,55.75582198,55.75582198,False,True,True,single,False,False,GeoOpt_S2B_CryoShell_Plastic_SideSkin_10mm:55.8,
S2b,eplus,runs/geometry_optimization_20260704/s2b_cryo_shell_45deg_eqstats_prompt_eplus_n_20260708/Background_eplus_fullsphere20_rep02_part01.inc1.id1.sim.gz,134175,510.99887,1,0.0,0.0,0.0,0.0,0.0,False,False,False,single,False,True,,
S2b,eplus,runs/geometry_optimization_20260704/s2b_cryo_shell_45deg_eqstats_prompt_eplus_n_20260708/Background_eplus_fullsphere20_rep02_part01.inc1.id1.sim.gz,141050,510.998962,2,0.0,0.0,0.0,0.0,0.0,False,False,False,keep,False,True,,
S2b,eplus,runs/geometry_optimization_20260704/s2b_cryo_shell_45deg_eqstats_prompt_eplus_n_20260708/Background_eplus_fullsphere20_rep02_part01.inc1.id1.sim.gz,163237,510.99886000000004,1,0.0,0.0,14.36701188,14.36701188,14.36701188,False,False,False,single,False,True,GeoOpt_S2B_CryoShell_Plastic_SideSkin_10mm:14.4,
S2b,eplus,runs/geometry_optimization_20260704/s2b_cryo_shell_45deg_eqstats_prompt_eplus_n_20260708/Background_eplus_fullsphere20_rep02_part01.inc1.id1.sim.gz,221703,510.99888899999996,2,0.0,0.0,138.03372027999998,138.03372027999998,138.03372027999998,False,True,True,keep,False,False,GeoOpt_S2B_CryoShell_Plastic_SideSkin_10mm:138,
S2b,eplus,runs/geometry_optimization_20260704/s2b_cryo_shell_45deg_eqstats_prompt_eplus_n_20260708/Background_eplus_fullsphere20_rep03_part01.inc1.id1.sim.gz,34725,510.998822,1,0.0,0.0,474.77241712,474.77241712,474.77241712,False,True,True,single,False,False,GeoOpt_S2B_CryoShell_Plastic_SideSkin_10mm:475,
S2b,eplus,runs/geometry_optimization_20260704/s2b_cryo_shell_45deg_eqstats_prompt_eplus_n_20260708/Background_eplus_fullsphere20_rep03_part01.inc1.id1.sim.gz,52617,510.99890000000005,1,0.0,0.0,1.9094091,1.9094091,1.9094091,False,False,False,single,False,True,GeoOpt_S2B_CryoShell_Plastic_SideSkin_10mm:1.91,
S2b,eplus,runs/geometry_optimization_20260704/s2b_cryo_shell_45deg_eqstats_prompt_eplus_n_20260708/Background_eplus_fullsphere20_rep03_part01.inc1.id1.sim.gz,58569,510.998929,2,0.0,0.0,0.0,0.0,0.0,False,False,False,keep,False,True,,
S2b,eplus,runs/geometry_optimization_20260704/s2b_cryo_shell_45deg_eqstats_prompt_eplus_n_20260708/Background_eplus_fullsphere20_rep03_part01.inc1.id1.sim.gz,121067,510.99885,1,0.0,0.0,23.00716791,23.00716791,23.00716791,False,False,False,single,False,True,GeoOpt_S2B_CryoShell_Plastic_SideSkin_10mm:23,
S2b,eplus,runs/geometry_optimization_20260704/s2b_cryo_shell_45deg_eqstats_prompt_eplus_n_20260708/Background_eplus_fullsphere20_rep03_part01.inc1.id1.sim.gz,133419,510.9989321,1,0.0,0.0,23.011677889999998,23.011677889999998,23.011677889999998,False,False,False,single,False,True,GeoOpt_S2B_CryoShell_Plastic_SideSkin_10mm:23,
S2b,eplus,runs/geometry_optimization_20260704/s2b_cryo_shell_45deg_eqstats_prompt_eplus_n_20260708/Background_eplus_fullsphere20_rep03_part01.inc1.id1.sim.gz,134659,510.99895,1,0.0,0.0,0.0,0.0,0.0,False,False,False,single,False,True,,
S2b,eplus,runs/geometry_optimization_20260704/s2b_cryo_shell_45deg_eqstats_prompt_eplus_n_20260708/Background_eplus_fullsphere20_rep03_part01.inc1.id1.sim.gz,196637,510.998889,1,0.0,0.0,0.0,0.0,0.0,False,False,False,single,False,True,,
S2b,eplus,runs/geometry_optimization_20260704/s2b_cryo_shell_45deg_eqstats_prompt_eplus_n_20260708/Background_eplus_fullsphere20_rep04_part01.inc1.id1.sim.gz,85941,510.998871,1,0.0,0.0,6.324038099999999,6.324038099999999,6.324038099999999,False,False,False,single,False,True,GeoOpt_S2B_CryoShell_Plastic_BottomCap_10mm:6.32,
S2b,eplus,runs/geometry_optimization_20260704/s2b_cryo_shell_45deg_eqstats_prompt_eplus_n_20260708/Background_eplus_fullsphere20_rep04_part01.inc1.id1.sim.gz,106820,510.99884000000003,1,0.0,0.0,43.45310307,43.45310307,43.45310307,False,False,False,single,False,True,GeoOpt_S2B_CryoShell_Plastic_SideSkin_10mm:43.5,
S2b,eplus,runs/geometry_optimization_20260704/s2b_cryo_shell_45deg_eqstats_prompt_eplus_n_20260708/Background_eplus_fullsphere20_rep04_part01.inc1.id1.sim.gz,136012,510.99899999999997,3,0.0,0.0,185.08603159999998,185.08603159999998,185.08603159999998,False,True,True,keep,False,False,GeoOpt_S2B_CryoShell_Plastic_SideSkin_10mm:185,
S2b,eplus,runs/geometry_optimization_20260704/s2b_cryo_shell_45deg_eqstats_prompt_eplus_n_20260708/Background_eplus_fullsphere20_rep04_part01.inc1.id1.sim.gz,141796,510.99891,4,0.0,0.0,506.43079769,506.43079769,506.43079769,False,True,True,keep,False,False,GeoOpt_S2B_CryoShell_Plastic_SideSkin_10mm:506,
S2b,eplus,runs/geometry_optimization_20260704/s2b_cryo_shell_45deg_eqstats_prompt_eplus_n_20260708/Background_eplus_fullsphere20_rep04_part01.inc1.id1.sim.gz,182736,510.99888,1,0.0,0.0,33.23930861,33.23930861,33.23930861,False,False,False,single,False,True,GeoOpt_S2B_CryoShell_Plastic_SideSkin_10mm:33.2,
S2b,eplus,runs/geometry_optimization_20260704/s2b_cryo_shell_45deg_eqstats_prompt_eplus_n_20260708/Background_eplus_fullsphere20_rep04_part01.inc1.id1.sim.gz,190976,510.99895,2,0.0,0.0,0.0,0.0,0.0,False,False,False,veto,True,False,,
S2b,eplus,runs/geometry_optimization_20260704/s2b_cryo_shell_45deg_eqstats_prompt_eplus_n_20260708/Background_eplus_fullsphere20_rep04_part01.inc1.id1.sim.gz,196554,510.9989,2,0.0,0.0,43.45693426,43.45693426,43.45693426,False,False,False,keep,False,True,GeoOpt_S2B_CryoShell_Plastic_SideSkin_10mm:43.5,
S2b,eplus,runs/geometry_optimization_20260704/s2b_cryo_shell_45deg_eqstats_prompt_eplus_n_20260708/Background_eplus_fullsphere20_rep04_part01.inc1.id1.sim.gz,200063,510.99890000000005,2,0.0,0.0,227.15802582999996,227.15802582999996,227.15802582999996,False,True,True,keep,False,False,GeoOpt_S2B_CryoShell_Plastic_SideSkin_10mm:227,
S2b,eplus,runs/geometry_optimization_20260704/s2b_cryo_shell_45deg_eqstats_prompt_eplus_n_20260708/Background_eplus_fullsphere20_rep05_part01.inc1.id1.sim.gz,4082,510.998972,1,0.0,0.0,21.136227909999995,21.136227909999995,21.136227909999995,False,False,False,single,False,True,GeoOpt_S2B_CryoShell_Plastic_SideSkin_10mm:21.1,
S2b,eplus,runs/geometry_optimization_20260704/s2b_cryo_shell_45deg_eqstats_prompt_eplus_n_20260708/Background_eplus_fullsphere20_rep05_part01.inc1.id1.sim.gz,40204,510.99892000000006,2,0.0,0.0,64.43927977999999,64.43927977999999,64.43927977999999,False,True,True,keep,False,False,GeoOpt_S2B_CryoShell_Plastic_BottomCap_10mm:64.4,
S2b,eplus,runs/geometry_optimization_20260704/s2b_cryo_shell_45deg_eqstats_prompt_eplus_n_20260708/Background_eplus_fullsphere20_rep05_part01.inc1.id1.sim.gz,52258,510.998957,2,0.0,0.0,129.94985899,129.94985899,129.94985899,False,True,True,veto,True,False,GeoOpt_S2B_CryoShell_Plastic_SideSkin_10mm:130,
S2b,eplus,runs/geometry_optimization_20260704/s2b_cryo_shell_45deg_eqstats_prompt_eplus_n_20260708/Background_eplus_fullsphere20_rep05_part01.inc1.id1.sim.gz,216984,510.9989,1,0.0,0.0,0.0,0.0,0.0,False,False,False,single,False,True,,
S2b,eplus,runs/geometry_optimization_20260704/s2b_cryo_shell_45deg_eqstats_prompt_eplus_n_20260708/Background_eplus_fullsphere20_rep06_part01.inc1.id1.sim.gz,13621,510.99898999999994,3,0.0,0.0,51.02681626,51.02681626,51.02681626,False,True,True,veto,True,False,GeoOpt_S2B_CryoShell_Plastic_SideSkin_10mm:51,
S2b,eplus,runs/geometry_optimization_20260704/s2b_cryo_shell_45deg_eqstats_prompt_eplus_n_20260708/Background_eplus_fullsphere20_rep06_part01.inc1.id1.sim.gz,54714,510.99890000000005,2,0.0,0.0,25.24522459,25.24522459,25.24522459,False,False,False,keep,False,True,GeoOpt_S2B_CryoShell_Plastic_SideSkin_10mm:25.2,
S2b,eplus,runs/geometry_optimization_20260704/s2b_cryo_shell_45deg_eqstats_prompt_eplus_n_20260708/Background_eplus_fullsphere20_rep06_part01.inc1.id1.sim.gz,92237,510.99899,1,0.0,0.0,87.26755949999999,87.26755949999999,87.26755949999999,False,True,True,single,False,False,GeoOpt_S2B_CryoShell_Plastic_SideSkin_10mm:87.3,
S2b,eplus,runs/geometry_optimization_20260704/s2b_cryo_shell_45deg_eqstats_prompt_eplus_n_20260708/Background_eplus_fullsphere20_rep06_part01.inc1.id1.sim.gz,140660,510.9989,1,0.0,0.0,0.0,0.0,0.0,False,False,False,single,False,True,,
S2b,eplus,runs/geometry_optimization_20260704/s2b_cryo_shell_45deg_eqstats_prompt_eplus_n_20260708/Background_eplus_fullsphere20_rep06_part01.inc1.id1.sim.gz,164322,510.99891999999994,1,0.0,0.0,3.4211995665000003,3.4211995665000003,3.4211995665000003,False,False,False,single,False,True,GeoOpt_S2B_CryoShell_Plastic_SideSkin_10mm:3.42,
S2b,eplus,runs/geometry_optimization_20260704/s2b_cryo_shell_45deg_eqstats_prompt_eplus_n_20260708/Background_eplus_fullsphere20_rep06_part01.inc1.id1.sim.gz,179367,510.99892,2,0.0,0.0,237.93112208999997,237.93112208999997,237.93112208999997,False,True,True,keep,False,False,GeoOpt_S2B_CryoShell_Plastic_SideSkin_10mm:238,
S2b,eplus,runs/geometry_optimization_20260704/s2b_cryo_shell_45deg_eqstats_prompt_eplus_n_20260708/Background_eplus_fullsphere20_rep07_part01.inc1.id1.sim.gz,42641,510.998965912,2,0.0,0.0,3.4407491400000003,3.4407491400000003,3.4407491400000003,False,False,False,keep,False,True,GeoOpt_S2B_CryoShell_Plastic_SideSkin_10mm:3.44,
S2b,eplus,runs/geometry_optimization_20260704/s2b_cryo_shell_45deg_eqstats_prompt_eplus_n_20260708/Background_eplus_fullsphere20_rep07_part01.inc1.id1.sim.gz,49233,510.99892,1,0.0,0.0,31.324486630000003,31.324486630000003,31.324486630000003,False,False,False,single,False,True,GeoOpt_S2B_CryoShell_Plastic_SideSkin_10mm:31.3,
S2b,eplus,runs/geometry_optimization_20260704/s2b_cryo_shell_45deg_eqstats_prompt_eplus_n_20260708/Background_eplus_fullsphere20_rep07_part01.inc1.id1.sim.gz,141844,510.99893,2,0.0,0.0,26.744481280000002,26.744481280000002,26.744481280000002,False,False,False,keep,False,True,GeoOpt_S2B_CryoShell_Plastic_SideSkin_10mm:26.7,
S2b,eplus,runs/geometry_optimization_20260704/s2b_cryo_shell_45deg_eqstats_prompt_eplus_n_20260708/Background_eplus_fullsphere20_rep07_part01.inc1.id1.sim.gz,180328,510.9989,1,0.0,0.0,1022.7131562800002,1022.7131562800002,1022.7131562800002,False,True,True,single,False,False,GeoOpt_S2B_CryoShell_Plastic_SideSkin_10mm:1.02e+03,
S2b,eplus,runs/geometry_optimization_20260704/s2b_cryo_shell_45deg_eqstats_prompt_eplus_n_20260708/Background_eplus_fullsphere20_rep07_part01.inc1.id1.sim.gz,217889,510.9989,1,0.0,0.0,11.14626616,11.14626616,11.14626616,False,False,False,single,False,True,GeoOpt_S2B_CryoShell_Plastic_SideSkin_10mm:11.1,
S2b,eplus,runs/geometry_optimization_20260704/s2b_cryo_shell_45deg_eqstats_prompt_eplus_n_20260708/Background_eplus_fullsphere20_rep08_part01.inc1.id1.sim.gz,23295,510.99887,1,23082.13082781996,0.0,2784.8221637999995,2784.8221637999995,25866.95299161996,True,True,True,single,False,False,GeoOpt_S2B_CryoShell_Plastic_SideSkin_10mm:2.67e+03; GeoOpt_S2B_CryoShell_Plastic_BottomCap_10mm:118,CsI_TopAnnulus_Segment_01:2.21e+04; CsI_Side_Segment_02:511; CsI_TopAnnulus_Segment_00:196; CsI_Side_Segment_04_below_side_port:184; CsI_Bottom_Quadrant_01:124
S2b,eplus,runs/geometry_optimization_20260704/s2b_cryo_shell_45deg_eqstats_prompt_eplus_n_20260708/Background_eplus_fullsphere20_rep08_part01.inc1.id1.sim.gz,28583,510.99895999999995,1,0.0,0.0,3375.4603673000006,3375.4603673000006,3375.4603673000006,False,True,True,single,False,False,GeoOpt_S2B_CryoShell_Plastic_SideSkin_10mm:3.38e+03,
S2b,eplus,runs/geometry_optimization_20260704/s2b_cryo_shell_45deg_eqstats_prompt_eplus_n_20260708/Background_eplus_fullsphere20_rep08_part01.inc1.id1.sim.gz,68287,510.99893999999995,1,1916.4176230000003,0.0,2493.195575819999,2493.195575819999,4409.6131988199995,True,True,True,single,False,False,GeoOpt_S2B_CryoShell_Plastic_SideSkin_10mm:2.49e+03,CsI_Bottom_Quadrant_03:1.33e+03; CsI_Bottom_Quadrant_00:314; CsI_TopAnnulus_Segment_01:232; CsI_Side_Segment_06:44.6
S2b,eplus,runs/geometry_optimization_20260704/s2b_cryo_shell_45deg_eqstats_prompt_eplus_n_20260708/Background_eplus_fullsphere20_rep08_part01.inc1.id1.sim.gz,87565,510.998903,2,0.0,0.0,9.0731132,9.0731132,9.0731132,False,False,False,keep,False,True,GeoOpt_S2B_CryoShell_Plastic_SideSkin_10mm:9.07,
S2b,eplus,runs/geometry_optimization_20260704/s2b_cryo_shell_45deg_eqstats_prompt_eplus_n_20260708/Background_eplus_fullsphere20_rep08_part01.inc1.id1.sim.gz,155182,510.99896,1,0.0,0.0,0.0,0.0,0.0,False,False,False,single,False,True,,
S2b,eplus,runs/geometry_optimization_20260704/s2b_cryo_shell_45deg_eqstats_prompt_eplus_n_20260708/Background_eplus_fullsphere20_rep08_part01.inc1.id1.sim.gz,169232,510.99890700000003,4,120445.43943345959,0.0,17987.355528800013,17987.355528800013,138432.7949622596,True,True,True,keep,False,False,GeoOpt_S2B_CryoShell_Plastic_SideSkin_10mm:1.8e+04; GeoOpt_S2B_CryoShell_Plastic_BottomCap_10mm:10,CsI_Side_Segment_02:1.15e+05; CsI_Bottom_Quadrant_02:1.64e+03; CsI_Side_Segment_01:1.03e+03; CsI_Side_Segment_03_rectcut_window_band:892; CsI_Bottom_Quadrant_01:770; CsI_TopAnnulus_Segment_04:511
S2b,eplus,runs/geometry_optimization_20260704/s2b_cryo_shell_45deg_eqstats_prompt_eplus_n_20260708/Background_eplus_fullsphere20_rep08_part01.inc1.id1.sim.gz,201299,510.999,1,0.0,0.0,118.03226372,118.03226372,118.03226372,False,True,True,single,False,False,GeoOpt_S2B_CryoShell_Plastic_SideSkin_10mm:118,
S2b,eplus,runs/geometry_optimization_20260704/s2b_cryo_shell_45deg_eqstats_prompt_eplus_n_20260708/Background_eplus_fullsphere20_rep08_part01.inc1.id1.sim.gz,226245,510.9989089,3,0.0,0.0,167.99187005000002,167.99187005000002,167.99187005000002,False,True,True,keep,False,False,GeoOpt_S2B_CryoShell_Plastic_SideSkin_10mm:168,
S2b,n,runs/geometry_optimization_20260704/s2b_cryo_shell_45deg_eqstats_prompt_eplus_n_20260708/Background_n_fullsphere20_rep01_part01.inc1.id1.sim.gz,310359,510.99895000000004,2,6380.756992981111,0.0,0.0,0.0,6380.756992981111,True,False,True,veto,True,False,,CsI_Side_Segment_00:5.98e+03; CsI_TopAnnulus_Segment_00:212; CsI_Side_Segment_01:191; CsI_Side_Segment_04_below_side_port:0.193; CsI_Side_Segment_02:0.00385; CsI_Bottom_Quadrant_01:0.00311
S2b,n,runs/geometry_optimization_20260704/s2b_cryo_shell_45deg_eqstats_prompt_eplus_n_20260708/Background_n_fullsphere20_rep01_part01.inc1.id1.sim.gz,316906,510.9989,1,136.4223,0.0,0.15265,0.15265,136.57495,True,False,True,single,False,False,GeoOpt_S2B_CryoShell_Plastic_SideSkin_10mm:0.153,CsI_TopAnnulus_Segment_00:136
S2b,n,runs/geometry_optimization_20260704/s2b_cryo_shell_45deg_eqstats_prompt_eplus_n_20260708/Background_n_fullsphere20_rep01_part01.inc1.id1.sim.gz,621471,510.9989,1,510.99885,0.0,0.0,0.0,510.99885,True,False,True,single,False,False,,CsI_TopAnnulus_Segment_06:511
S2b,n,runs/geometry_optimization_20260704/s2b_cryo_shell_45deg_eqstats_prompt_eplus_n_20260708/Background_n_fullsphere20_rep01_part01.inc1.id1.sim.gz,809769,511.065152,3,1481.10827,0.0,871.3132630000002,871.3132630000002,2352.421533,True,True,True,veto,True,False,GeoOpt_S2B_CryoShell_Plastic_SideSkin_10mm:871,CsI_Bottom_Quadrant_00:1.48e+03
S2b,n,runs/geometry_optimization_20260704/s2b_cryo_shell_45deg_eqstats_prompt_eplus_n_20260708/Background_n_fullsphere20_rep01_part01.inc1.id1.sim.gz,825457,510.99893999999995,1,5804.198280052,0.0,0.0,0.0,5804.198280052,True,False,True,single,False,False,,CsI_Side_Segment_01:4.03e+03; CsI_TopAnnulus_Segment_00:1.78e+03
S2b,n,runs/geometry_optimization_20260704/s2b_cryo_shell_45deg_eqstats_prompt_eplus_n_20260708/Background_n_fullsphere20_rep02_part01.inc1.id1.sim.gz,349039,510.9989500000001,2,3731.519985,0.0,776.7749151,776.7749151,4508.2949001,True,True,True,veto,True,False,GeoOpt_S2B_CryoShell_Plastic_SideSkin_10mm:777,CsI_Bottom_Quadrant_01:3.73e+03
S2b,n,runs/geometry_optimization_20260704/s2b_cryo_shell_45deg_eqstats_prompt_eplus_n_20260708/Background_n_fullsphere20_rep02_part01.inc1.id1.sim.gz,397625,510.9989,1,541.9726168,0.0,217.7328225,217.7328225,759.7054393,True,True,True,single,False,False,GeoOpt_S2B_CryoShell_Plastic_SideSkin_10mm:218,CsI_Bottom_Quadrant_02:542
S2b,n,runs/geometry_optimization_20260704/s2b_cryo_shell_45deg_eqstats_prompt_eplus_n_20260708/Background_n_fullsphere20_rep02_part01.inc1.id1.sim.gz,457825,510.998868,1,644.885772,0.0,0.0,0.0,644.885772,True,False,True,single,False,False,,CsI_Side_Segment_07:511; CsI_Side_Segment_00:134
S2b,n,runs/geometry_optimization_20260704/s2b_cryo_shell_45deg_eqstats_prompt_eplus_n_20260708/Background_n_fullsphere20_rep02_part01.inc1.id1.sim.gz,518429,510.99891,3,1752.6611350000003,0.0,0.0,0.0,1752.6611350000003,True,False,True,keep,False,False,,CsI_Bottom_Quadrant_03:1.21e+03; CsI_Side_Segment_00:541
S2b,n,runs/geometry_optimization_20260704/s2b_cryo_shell_45deg_eqstats_prompt_eplus_n_20260708/Background_n_fullsphere20_rep02_part01.inc1.id1.sim.gz,523090,510.99894,1,511.05898804,0.0,39.93523,39.93523,550.99421804,True,False,True,single,False,False,GeoOpt_S2B_CryoShell_Plastic_BottomCap_10mm:39.9,CsI_Bottom_Quadrant_03:511
S2b,n,runs/geometry_optimization_20260704/s2b_cryo_shell_45deg_eqstats_prompt_eplus_n_20260708/Background_n_fullsphere20_rep02_part01.inc1.id1.sim.gz,890328,510.99891,2,511.02694057,0.0,26.616175,26.616175,537.64311557,True,False,True,veto,True,False,GeoOpt_S2B_CryoShell_Plastic_SideSkin_10mm:26.6,CsI_Side_Segment_02:511; CsI_Bottom_Quadrant_03:0.028
S2b,n,runs/geometry_optimization_20260704/s2b_cryo_shell_45deg_eqstats_prompt_eplus_n_20260708/Background_n_fullsphere20_rep03_part01.inc1.id1.sim.gz,109430,510.99886000000004,2,511.1933133,0.0,1.75596243,1.75596243,512.94927573,True,False,True,keep,False,False,GeoOpt_S2B_CryoShell_Plastic_SideSkin_10mm:1.76,CsI_Bottom_Quadrant_00:511; CsI_Side_Segment_07:0.194
S2b,n,runs/geometry_optimization_20260704/s2b_cryo_shell_45deg_eqstats_prompt_eplus_n_20260708/Background_n_fullsphere20_rep03_part01.inc1.id1.sim.gz,155864,510.99892000000006,3,2183.3198021400003,0.0,0.0,0.0,2183.3198021400003,True,False,True,keep,False,False,,CsI_Side_Segment_01:1.29e+03; CsI_Side_Segment_00:890
S2b,n,runs/geometry_optimization_20260704/s2b_cryo_shell_45deg_eqstats_prompt_eplus_n_20260708/Background_n_fullsphere20_rep03_part01.inc1.id1.sim.gz,630269,511.11163200000004,1,5.899441899999999,0.0,0.0,0.0,5.899441899999999,False,False,False,single,False,True,,CsI_Side_Segment_06:5.9
S2b,n,runs/geometry_optimization_20260704/s2b_cryo_shell_45deg_eqstats_prompt_eplus_n_20260708/Background_n_fullsphere20_rep04_part01.inc1.id1.sim.gz,256951,510.99897,1,676.520945,0.0,7474.100198,7474.100198,8150.621143,True,True,True,single,False,False,GeoOpt_S2B_CryoShell_Plastic_SideSkin_10mm:7.47e+03,CsI_Bottom_Quadrant_03:671; CsI_Bottom_Quadrant_02:5.74
S2b,n,runs/geometry_optimization_20260704/s2b_cryo_shell_45deg_eqstats_prompt_eplus_n_20260708/Background_n_fullsphere20_rep04_part01.inc1.id1.sim.gz,534536,510.998909,2,286.58198357000003,0.0,1.0336,1.0336,287.61558357,True,False,True,veto,True,False,GeoOpt_S2B_CryoShell_Plastic_SideSkin_10mm:1.03,CsI_Side_Segment_04_below_side_port:287
S2b,n,runs/geometry_optimization_20260704/s2b_cryo_shell_45deg_eqstats_prompt_eplus_n_20260708/Background_n_fullsphere20_rep04_part01.inc1.id1.sim.gz,592118,510.99892,2,7892.333999700001,0.0,1.0168624,1.0168624,7893.350862100001,True,False,True,keep,False,False,GeoOpt_S2B_CryoShell_Plastic_TopCap_10mm:1.02,CsI_Bottom_Quadrant_00:7.41e+03; CsI_Side_Segment_02:487
S2b,n,runs/geometry_optimization_20260704/s2b_cryo_shell_45deg_eqstats_prompt_eplus_n_20260708/Background_n_fullsphere20_rep04_part01.inc1.id1.sim.gz,610465,510.99889,2,334104.6677959005,0.0,7876.724065220002,7876.724065220002,341981.3918611205,True,True,True,keep,False,False,GeoOpt_S2B_CryoShell_Plastic_SideSkin_10mm:7.88e+03,CsI_Side_Segment_02:1.78e+05; CsI_Side_Segment_00:1.41e+05; CsI_Side_Segment_01:1.43e+04; CsI_Side_Segment_03_rectcut_window_band:1.59e+03; CsI_TopAnnulus_Segment_00:11.5
S2b,n,runs/geometry_optimization_20260704/s2b_cryo_shell_45deg_eqstats_prompt_eplus_n_20260708/Background_n_fullsphere20_rep04_part01.inc1.id1.sim.gz,740214,510.999,1,2222.1549228,0.0,23.36188,23.36188,2245.5168028,True,False,True,single,False,False,GeoOpt_S2B_CryoShell_Plastic_SideSkin_10mm:23.4,CsI_Side_Segment_06:1.85e+03; CsI_Bottom_Quadrant_03:372
S2b,n,runs/geometry_optimization_20260704/s2b_cryo_shell_45deg_eqstats_prompt_eplus_n_20260708/Background_n_fullsphere20_rep04_part01.inc1.id1.sim.gz,850388,510.99889999999994,1,0.0,0.0,100.494688,100.494688,100.494688,False,True,True,single,False,False,GeoOpt_S2B_CryoShell_Plastic_BottomCap_10mm:100,
S2b,n,runs/geometry_optimization_20260704/s2b_cryo_shell_45deg_eqstats_prompt_eplus_n_20260708/Background_n_fullsphere20_rep04_part01.inc1.id1.sim.gz,943920,510.99891999999994,1,0.0,0.0,0.0,0.0,0.0,False,False,False,single,False,True,,
S2b,n,runs/geometry_optimization_20260704/s2b_cryo_shell_45deg_eqstats_prompt_eplus_n_20260708/Background_n_fullsphere20_rep05_part01.inc1.id1.sim.gz,32386,510.99889,1,5635.538638999999,0.0,1.97269414,1.97269414,5637.51133314,True,False,True,single,False,False,GeoOpt_S2B_CryoShell_Plastic_SideSkin_10mm:1.97,CsI_Bottom_Quadrant_01:4.4e+03; CsI_Bottom_Quadrant_03:1.23e+03
S2b,n,runs/geometry_optimization_20260704/s2b_cryo_shell_45deg_eqstats_prompt_eplus_n_20260708/Background_n_fullsphere20_rep05_part01.inc1.id1.sim.gz,241517,510.9988279,3,3866.804132549,0.0,78.7707877,78.7707877,3945.5749202489997,True,True,True,veto,True,False,GeoOpt_S2B_CryoShell_Plastic_BottomCap_10mm:78.3; GeoOpt_S2B_CryoShell_Plastic_SideSkin_10mm:0.498,CsI_Side_Segment_02:3.87e+03; CsI_TopAnnulus_Segment_07:0.00372
S2b,n,runs/geometry_optimization_20260704/s2b_cryo_shell_45deg_eqstats_prompt_eplus_n_20260708/Background_n_fullsphere20_rep05_part01.inc1.id1.sim.gz,870274,510.99896,2,5065.7807938,0.0,585.757,585.757,5651.537793799999,True,True,True,keep,False,False,GeoOpt_S2B_CryoShell_Plastic_SideSkin_10mm:586,CsI_Bottom_Quadrant_02:4.58e+03; CsI_Side_Segment_04_below_side_port:295; CsI_Bottom_Quadrant_01:195
S2b,n,runs/geometry_optimization_20260704/s2b_cryo_shell_45deg_eqstats_prompt_eplus_n_20260708/Background_n_fullsphere20_rep06_part01.inc1.id1.sim.gz,193923,510.99893,1,0.0158593,0.0,1324.0130057299996,1324.0130057299996,1324.0288650299997,False,True,True,single,False,False,GeoOpt_S2B_CryoShell_Plastic_SideSkin_10mm:1.32e+03,CsI_Side_Segment_03_above_side_port:0.0159
S2b,n,runs/geometry_optimization_20260704/s2b_cryo_shell_45deg_eqstats_prompt_eplus_n_20260708/Background_n_fullsphere20_rep06_part01.inc1.id1.sim.gz,223986,510.99892900000003,1,5235.516132000001,0.0,0.03940126,0.03940126,5235.555533260001,True,False,True,single,False,False,GeoOpt_S2B_CryoShell_Plastic_SideSkin_10mm:0.0394,CsI_Side_Segment_04_below_side_port:4.25e+03; CsI_Bottom_Quadrant_02:981
S2b,n,runs/geometry_optimization_20260704/s2b_cryo_shell_45deg_eqstats_prompt_eplus_n_20260708/Background_n_fullsphere20_rep06_part01.inc1.id1.sim.gz,288292,510.99895600000013,1,1723.163969,0.0,0.0,0.0,1723.163969,True,False,True,single,False,False,,CsI_Bottom_Quadrant_01:987; CsI_Side_Segment_06:736
S2b,n,runs/geometry_optimization_20260704/s2b_cryo_shell_45deg_eqstats_prompt_eplus_n_20260708/Background_n_fullsphere20_rep06_part01.inc1.id1.sim.gz,362967,510.99885,1,0.0,0.0,0.0,0.0,0.0,False,False,False,single,False,True,,
S2b,n,runs/geometry_optimization_20260704/s2b_cryo_shell_45deg_eqstats_prompt_eplus_n_20260708/Background_n_fullsphere20_rep06_part01.inc1.id1.sim.gz,481480,510.99890000000005,1,510.99884,0.0,3.364171,3.364171,514.363011,True,False,True,single,False,False,GeoOpt_S2B_CryoShell_Plastic_SideSkin_10mm:3.36,CsI_Bottom_Quadrant_02:511
S2b,n,runs/geometry_optimization_20260704/s2b_cryo_shell_45deg_eqstats_prompt_eplus_n_20260708/Background_n_fullsphere20_rep06_part01.inc1.id1.sim.gz,538306,510.99896,1,3841.910940616585,0.0,2.0718174,2.0718174,3843.9827580165847,True,False,True,single,False,False,GeoOpt_S2B_CryoShell_Plastic_TopCap_10mm:2.07,CsI_Bottom_Quadrant_00:3.18e+03; CsI_TopAnnulus_Segment_06:541; CsI_Bottom_Quadrant_03:116
S2b,n,runs/geometry_optimization_20260704/s2b_cryo_shell_45deg_eqstats_prompt_eplus_n_20260708/Background_n_fullsphere20_rep06_part01.inc1.id1.sim.gz,901613,510.999,3,6315.176888404601,0.0,0.0,0.0,6315.176888404601,True,False,True,veto,True,False,,CsI_Bottom_Quadrant_00:6.32e+03
S2b,n,runs/geometry_optimization_20260704/s2b_cryo_shell_45deg_eqstats_prompt_eplus_n_20260708/Background_n_fullsphere20_rep07_part01.inc1.id1.sim.gz,18534,510.998861,1,6315.522199054999,0.0,11.45274,11.45274,6326.974939054999,True,False,True,single,False,False,GeoOpt_S2B_CryoShell_Plastic_SideSkin_10mm:11.5,CsI_Side_Segment_03_below_side_port:6.32e+03
S2b,n,runs/geometry_optimization_20260704/s2b_cryo_shell_45deg_eqstats_prompt_eplus_n_20260708/Background_n_fullsphere20_rep07_part01.inc1.id1.sim.gz,125827,510.99890000000005,2,1676.78828691379,0.0,37.89698,37.89698,1714.68526691379,True,False,True,keep,False,False,GeoOpt_S2B_CryoShell_Plastic_SideSkin_10mm:37.9,CsI_Side_Segment_05:1.21e+03; CsI_TopAnnulus_Segment_01:278; CsI_Side_Segment_01:190; CsI_Bottom_Quadrant_01:6.79e-05
S2b,n,runs/geometry_optimization_20260704/s2b_cryo_shell_45deg_eqstats_prompt_eplus_n_20260708/Background_n_fullsphere20_rep07_part01.inc1.id1.sim.gz,551243,510.99899999999997,1,4614.531590774302,0.0,0.0,0.0,4614.531590774302,True,False,True,single,False,False,,CsI_Side_Segment_01:4.61e+03; CsI_Bottom_Quadrant_01:7.52e-05
S2b,n,runs/geometry_optimization_20260704/s2b_cryo_shell_45deg_eqstats_prompt_eplus_n_20260708/Background_n_fullsphere20_rep07_part01.inc1.id1.sim.gz,605579,510.999,1,45.330440076,0.0,1.2421653799999999,1.2421653799999999,46.572605456000005,False,False,False,single,False,True,GeoOpt_S2B_CryoShell_Plastic_SideSkin_10mm:1.24,CsI_Side_Segment_00:45.2; CsI_Bottom_Quadrant_00:0.174
S2b,n,runs/geometry_optimization_20260704/s2b_cryo_shell_45deg_eqstats_prompt_eplus_n_20260708/Background_n_fullsphere20_rep07_part01.inc1.id1.sim.gz,847273,510.9988669,1,0.07912968,0.0,89.3991285,89.3991285,89.47825818,False,True,True,single,False,False,GeoOpt_S2B_CryoShell_Plastic_SideSkin_10mm:89.4,CsI_TopAnnulus_Segment_04:0.0791
S2b,n,runs/geometry_optimization_20260704/s2b_cryo_shell_45deg_eqstats_prompt_eplus_n_20260708/Background_n_fullsphere20_rep07_part01.inc1.id1.sim.gz,849775,510.99886,1,0.0,0.0,0.0,0.0,0.0,False,False,False,single,False,True,,
S2b,n,runs/geometry_optimization_20260704/s2b_cryo_shell_45deg_eqstats_prompt_eplus_n_20260708/Background_n_fullsphere20_rep08_part01.inc1.id1.sim.gz,30525,510.998888,1,2668.4090917696008,0.0,1405.8795905999998,1405.8795905999998,4074.288682369601,True,True,True,single,False,False,GeoOpt_S2B_CryoShell_Plastic_BottomCap_10mm:1.41e+03,CsI_Bottom_Quadrant_00:1.63e+03; CsI_Bottom_Quadrant_01:1.04e+03
S2b,n,runs/geometry_optimization_20260704/s2b_cryo_shell_45deg_eqstats_prompt_eplus_n_20260708/Background_n_fullsphere20_rep08_part01.inc1.id1.sim.gz,60500,510.99882,2,3919.923422900001,0.0,49.46349,49.46349,3969.386912900001,True,False,True,keep,False,False,GeoOpt_S2B_CryoShell_Plastic_SideSkin_10mm:49.5,CsI_Bottom_Quadrant_01:3.78e+03; CsI_Side_Segment_02:143
S2b,n,runs/geometry_optimization_20260704/s2b_cryo_shell_45deg_eqstats_prompt_eplus_n_20260708/Background_n_fullsphere20_rep08_part01.inc1.id1.sim.gz,444641,510.99895300000003,2,535.2215344000001,0.0,0.0,0.0,535.2215344000001,True,False,True,keep,False,False,,CsI_Bottom_Quadrant_02:535
S2b,n,runs/geometry_optimization_20260704/s2b_cryo_shell_45deg_eqstats_prompt_eplus_n_20260708/Background_n_fullsphere20_rep08_part01.inc1.id1.sim.gz,632006,510.998914,1,1362.74231,0.0,0.0,0.0,1362.74231,True,False,True,single,False,False,,CsI_Bottom_Quadrant_01:1.36e+03
S2b,n,runs/geometry_optimization_20260704/s2b_cryo_shell_45deg_eqstats_prompt_eplus_n_20260708/Background_n_fullsphere20_rep08_part01.inc1.id1.sim.gz,702049,510.999,1,1034.5016205754,0.0,1.3864554900000001,1.3864554900000001,1035.8880760654,True,False,True,single,False,False,GeoOpt_S2B_CryoShell_Plastic_SideSkin_10mm:1.39,CsI_Bottom_Quadrant_03:524; CsI_Bottom_Quadrant_02:511
S2b,atm511,runs/geometry_optimization_20260704/s2b_cryo_shell_45deg_atm511_sidecar_3m_20260708/Atm511SidecarS2bCryoShell3M.inc1.id1.sim.gz,28588,511.00002800000004,1,0.0,0.0,0.0,0.0,0.0,False,False,False,single,False,True,,
S2b,atm511,runs/geometry_optimization_20260704/s2b_cryo_shell_45deg_atm511_sidecar_3m_20260708/Atm511SidecarS2bCryoShell3M.inc1.id1.sim.gz,40810,510.9999900000001,1,0.0,0.0,0.0,0.0,0.0,False,False,False,single,False,True,,
S2b,atm511,runs/geometry_optimization_20260704/s2b_cryo_shell_45deg_atm511_sidecar_3m_20260708/Atm511SidecarS2bCryoShell3M.inc1.id1.sim.gz,55530,510.99997,2,0.0,0.0,0.0,0.0,0.0,False,False,False,keep,False,True,,
S2b,atm511,runs/geometry_optimization_20260704/s2b_cryo_shell_45deg_atm511_sidecar_3m_20260708/Atm511SidecarS2bCryoShell3M.inc1.id1.sim.gz,58922,511.00008999999994,1,0.0,0.0,0.0,0.0,0.0,False,False,False,single,False,True,,
S2b,atm511,runs/geometry_optimization_20260704/s2b_cryo_shell_45deg_atm511_sidecar_3m_20260708/Atm511SidecarS2bCryoShell3M.inc1.id1.sim.gz,94393,510.999965,1,0.0,0.0,0.0,0.0,0.0,False,False,False,single,False,True,,
S2b,atm511,runs/geometry_optimization_20260704/s2b_cryo_shell_45deg_atm511_sidecar_3m_20260708/Atm511SidecarS2bCryoShell3M.inc1.id1.sim.gz,98092,510.99998790159987,2,0.0,0.0,0.0,0.0,0.0,False,False,False,keep,False,True,,
S2b,atm511,runs/geometry_optimization_20260704/s2b_cryo_shell_45deg_atm511_sidecar_3m_20260708/Atm511SidecarS2bCryoShell3M.inc1.id1.sim.gz,163637,510.999995,2,0.0,0.0,0.0,0.0,0.0,False,False,False,veto,True,False,,
S2b,atm511,runs/geometry_optimization_20260704/s2b_cryo_shell_45deg_atm511_sidecar_3m_20260708/Atm511SidecarS2bCryoShell3M.inc1.id1.sim.gz,180602,511.00000000000006,1,0.0,0.0,0.0,0.0,0.0,False,False,False,single,False,True,,
S2b,atm511,runs/geometry_optimization_20260704/s2b_cryo_shell_45deg_atm511_sidecar_3m_20260708/Atm511SidecarS2bCryoShell3M.inc1.id1.sim.gz,207834,511.00005,1,0.0,0.0,0.0,0.0,0.0,False,False,False,single,False,True,,
S2b,atm511,runs/geometry_optimization_20260704/s2b_cryo_shell_45deg_atm511_sidecar_3m_20260708/Atm511SidecarS2bCryoShell3M.inc1.id1.sim.gz,259057,510.99998480000005,2,0.0,0.0,0.0,0.0,0.0,False,False,False,keep,False,True,,
S2b,atm511,runs/geometry_optimization_20260704/s2b_cryo_shell_45deg_atm511_sidecar_3m_20260708/Atm511SidecarS2bCryoShell3M.inc1.id1.sim.gz,305483,510.99998999999997,2,0.0,0.0,0.0,0.0,0.0,False,False,False,keep,False,True,,
S2b,atm511,runs/geometry_optimization_20260704/s2b_cryo_shell_45deg_atm511_sidecar_3m_20260708/Atm511SidecarS2bCryoShell3M.inc1.id1.sim.gz,319100,511.0,1,0.0,0.0,0.0,0.0,0.0,False,False,False,single,False,True,,
S2b,atm511,runs/geometry_optimization_20260704/s2b_cryo_shell_45deg_atm511_sidecar_3m_20260708/Atm511SidecarS2bCryoShell3M.inc1.id1.sim.gz,324274,510.99995000000007,1,0.0,0.0,0.0,0.0,0.0,False,False,False,single,False,True,,
S2b,atm511,runs/geometry_optimization_20260704/s2b_cryo_shell_45deg_atm511_sidecar_3m_20260708/Atm511SidecarS2bCryoShell3M.inc1.id1.sim.gz,332681,511.00002000000006,2,0.0,0.0,0.0,0.0,0.0,False,False,False,keep,False,True,,
S2b,atm511,runs/geometry_optimization_20260704/s2b_cryo_shell_45deg_atm511_sidecar_3m_20260708/Atm511SidecarS2bCryoShell3M.inc1.id1.sim.gz,337983,510.99997500000006,1,0.0,0.0,0.0,0.0,0.0,False,False,False,single,False,True,,
S2b,atm511,runs/geometry_optimization_20260704/s2b_cryo_shell_45deg_atm511_sidecar_3m_20260708/Atm511SidecarS2bCryoShell3M.inc1.id1.sim.gz,346160,510.9999600000001,2,0.0,0.0,0.0,0.0,0.0,False,False,False,keep,False,True,,
S2b,atm511,runs/geometry_optimization_20260704/s2b_cryo_shell_45deg_atm511_sidecar_3m_20260708/Atm511SidecarS2bCryoShell3M.inc1.id1.sim.gz,363567,510.99995,1,0.0,0.0,0.0,0.0,0.0,False,False,False,single,False,True,,
S2b,atm511,runs/geometry_optimization_20260704/s2b_cryo_shell_45deg_atm511_sidecar_3m_20260708/Atm511SidecarS2bCryoShell3M.inc1.id1.sim.gz,369804,511.0000302827,2,0.0,0.0,0.0,0.0,0.0,False,False,False,keep,False,True,,
S2b,atm511,runs/geometry_optimization_20260704/s2b_cryo_shell_45deg_atm511_sidecar_3m_20260708/Atm511SidecarS2bCryoShell3M.inc1.id1.sim.gz,373996,511.00009099999994,1,0.0,0.0,0.0,0.0,0.0,False,False,False,single,False,True,,
S2b,atm511,runs/geometry_optimization_20260704/s2b_cryo_shell_45deg_atm511_sidecar_3m_20260708/Atm511SidecarS2bCryoShell3M.inc1.id1.sim.gz,415785,510.99999900000006,2,0.0,0.0,0.0,0.0,0.0,False,False,False,keep,False,True,,
S2b,atm511,runs/geometry_optimization_20260704/s2b_cryo_shell_45deg_atm511_sidecar_3m_20260708/Atm511SidecarS2bCryoShell3M.inc1.id1.sim.gz,417049,510.999999,1,0.0,0.0,0.0,0.0,0.0,False,False,False,single,False,True,,
S2b,atm511,runs/geometry_optimization_20260704/s2b_cryo_shell_45deg_atm511_sidecar_3m_20260708/Atm511SidecarS2bCryoShell3M.inc1.id1.sim.gz,418983,511.00002000000006,2,0.0,0.0,0.0,0.0,0.0,False,False,False,keep,False,True,,
S2b,atm511,runs/geometry_optimization_20260704/s2b_cryo_shell_45deg_atm511_sidecar_3m_20260708/Atm511SidecarS2bCryoShell3M.inc1.id1.sim.gz,428976,511.0000600000001,1,0.0,0.0,0.0,0.0,0.0,False,False,False,single,False,True,,
S2b,atm511,runs/geometry_optimization_20260704/s2b_cryo_shell_45deg_atm511_sidecar_3m_20260708/Atm511SidecarS2bCryoShell3M.inc1.id1.sim.gz,452896,510.99998000000005,1,0.0,0.0,0.0,0.0,0.0,False,False,False,single,False,True,,
S2b,atm511,runs/geometry_optimization_20260704/s2b_cryo_shell_45deg_atm511_sidecar_3m_20260708/Atm511SidecarS2bCryoShell3M.inc1.id1.sim.gz,464896,510.9999276000001,2,0.0,0.0,0.0,0.0,0.0,False,False,False,keep,False,True,,
S2b,atm511,runs/geometry_optimization_20260704/s2b_cryo_shell_45deg_atm511_sidecar_3m_20260708/Atm511SidecarS2bCryoShell3M.inc1.id1.sim.gz,496475,510.99997,1,0.0,0.0,0.0,0.0,0.0,False,False,False,single,False,True,,
S2b,atm511,runs/geometry_optimization_20260704/s2b_cryo_shell_45deg_atm511_sidecar_3m_20260708/Atm511SidecarS2bCryoShell3M.inc1.id1.sim.gz,515963,511.0000616,2,0.0,0.0,0.0,0.0,0.0,False,False,False,keep,False,True,,
S2b,atm511,runs/geometry_optimization_20260704/s2b_cryo_shell_45deg_atm511_sidecar_3m_20260708/Atm511SidecarS2bCryoShell3M.inc1.id1.sim.gz,523330,511.0,1,0.0,0.0,0.0,0.0,0.0,False,False,False,single,False,True,,
S2b,atm511,runs/geometry_optimization_20260704/s2b_cryo_shell_45deg_atm511_sidecar_3m_20260708/Atm511SidecarS2bCryoShell3M.inc1.id1.sim.gz,540155,511.000045,1,0.0,0.0,0.0,0.0,0.0,False,False,False,single,False,True,,
S2b,atm511,runs/geometry_optimization_20260704/s2b_cryo_shell_45deg_atm511_sidecar_3m_20260708/Atm511SidecarS2bCryoShell3M.inc1.id1.sim.gz,611463,511.00004999999993,1,0.0,0.0,0.0,0.0,0.0,False,False,False,single,False,True,,
S2b,atm511,runs/geometry_optimization_20260704/s2b_cryo_shell_45deg_atm511_sidecar_3m_20260708/Atm511SidecarS2bCryoShell3M.inc1.id1.sim.gz,634147,511.0,1,0.0,0.0,0.0,0.0,0.0,False,False,False,single,False,True,,
S2b,atm511,runs/geometry_optimization_20260704/s2b_cryo_shell_45deg_atm511_sidecar_3m_20260708/Atm511SidecarS2bCryoShell3M.inc1.id1.sim.gz,636569,511.00000000000006,1,0.0,0.0,0.0,0.0,0.0,False,False,False,single,False,True,,
S2b,atm511,runs/geometry_optimization_20260704/s2b_cryo_shell_45deg_atm511_sidecar_3m_20260708/Atm511SidecarS2bCryoShell3M.inc1.id1.sim.gz,681654,511.00005300000004,2,0.0,0.0,0.0,0.0,0.0,False,False,False,keep,False,True,,
S2b,atm511,runs/geometry_optimization_20260704/s2b_cryo_shell_45deg_atm511_sidecar_3m_20260708/Atm511SidecarS2bCryoShell3M.inc1.id1.sim.gz,693670,510.99999,1,0.0,0.0,0.0,0.0,0.0,False,False,False,single,False,True,,
S2b,atm511,runs/geometry_optimization_20260704/s2b_cryo_shell_45deg_atm511_sidecar_3m_20260708/Atm511SidecarS2bCryoShell3M.inc1.id1.sim.gz,712878,511.000025,2,0.0,0.0,0.0,0.0,0.0,False,False,False,veto,True,False,,
S2b,atm511,runs/geometry_optimization_20260704/s2b_cryo_shell_45deg_atm511_sidecar_3m_20260708/Atm511SidecarS2bCryoShell3M.inc1.id1.sim.gz,726752,510.99998,2,0.0,0.0,0.0,0.0,0.0,False,False,False,keep,False,True,,
S2b,atm511,runs/geometry_optimization_20260704/s2b_cryo_shell_45deg_atm511_sidecar_3m_20260708/Atm511SidecarS2bCryoShell3M.inc1.id1.sim.gz,727210,510.99998000000005,1,0.0,0.0,0.0,0.0,0.0,False,False,False,single,False,True,,
S2b,atm511,runs/geometry_optimization_20260704/s2b_cryo_shell_45deg_atm511_sidecar_3m_20260708/Atm511SidecarS2bCryoShell3M.inc1.id1.sim.gz,900603,511.00000528499993,3,0.0,0.0,0.0,0.0,0.0,False,False,False,keep,False,True,,
S2b,atm511,runs/geometry_optimization_20260704/s2b_cryo_shell_45deg_atm511_sidecar_3m_20260708/Atm511SidecarS2bCryoShell3M.inc1.id1.sim.gz,927549,510.99998300000004,1,0.0,0.0,0.0,0.0,0.0,False,False,False,single,False,True,,
S2b,atm511,runs/geometry_optimization_20260704/s2b_cryo_shell_45deg_atm511_sidecar_3m_20260708/Atm511SidecarS2bCryoShell3M.inc1.id1.sim.gz,956237,510.99996000000004,1,0.0,0.0,0.0,0.0,0.0,False,False,False,single,False,True,,
S2b,atm511,runs/geometry_optimization_20260704/s2b_cryo_shell_45deg_atm511_sidecar_3m_20260708/Atm511SidecarS2bCryoShell3M.inc1.id1.sim.gz,973326,510.99999999999994,1,0.0,0.0,0.0,0.0,0.0,False,False,False,single,False,True,,
S2b,atm511,runs/geometry_optimization_20260704/s2b_cryo_shell_45deg_atm511_sidecar_3m_20260708/Atm511SidecarS2bCryoShell3M.inc1.id1.sim.gz,974203,511.00001000000003,2,0.0,0.0,0.0,0.0,0.0,False,False,False,keep,False,True,,
S2b,atm511,runs/geometry_optimization_20260704/s2b_cryo_shell_45deg_atm511_sidecar_3m_20260708/Atm511SidecarS2bCryoShell3M.inc1.id1.sim.gz,1007140,510.99998000000005,1,0.0,0.0,0.0,0.0,0.0,False,False,False,single,False,True,,
S2b,atm511,runs/geometry_optimization_20260704/s2b_cryo_shell_45deg_atm511_sidecar_3m_20260708/Atm511SidecarS2bCryoShell3M.inc1.id1.sim.gz,1020122,511.00005999999996,1,0.0,0.0,0.0,0.0,0.0,False,False,False,single,False,True,,
S2b,atm511,runs/geometry_optimization_20260704/s2b_cryo_shell_45deg_atm511_sidecar_3m_20260708/Atm511SidecarS2bCryoShell3M.inc1.id1.sim.gz,1071331,511.00000000000006,1,0.0,0.0,0.0,0.0,0.0,False,False,False,single,False,True,,
S2b,atm511,runs/geometry_optimization_20260704/s2b_cryo_shell_45deg_atm511_sidecar_3m_20260708/Atm511SidecarS2bCryoShell3M.inc1.id1.sim.gz,1100153,511.00000000000006,1,0.0,0.0,0.0,0.0,0.0,False,False,False,single,False,True,,
S2b,atm511,runs/geometry_optimization_20260704/s2b_cryo_shell_45deg_atm511_sidecar_3m_20260708/Atm511SidecarS2bCryoShell3M.inc1.id1.sim.gz,1139308,511.0000529999999,1,0.0,0.0,0.0,0.0,0.0,False,False,False,single,False,True,,
S2b,atm511,runs/geometry_optimization_20260704/s2b_cryo_shell_45deg_atm511_sidecar_3m_20260708/Atm511SidecarS2bCryoShell3M.inc1.id1.sim.gz,1148149,511.0,2,0.0,0.0,0.0,0.0,0.0,False,False,False,keep,False,True,,
S2b,atm511,runs/geometry_optimization_20260704/s2b_cryo_shell_45deg_atm511_sidecar_3m_20260708/Atm511SidecarS2bCryoShell3M.inc1.id1.sim.gz,1151214,510.999944,2,0.0,0.0,0.0,0.0,0.0,False,False,False,veto,True,False,,
S2b,atm511,runs/geometry_optimization_20260704/s2b_cryo_shell_45deg_atm511_sidecar_3m_20260708/Atm511SidecarS2bCryoShell3M.inc1.id1.sim.gz,1153974,511.0,2,0.0,0.0,0.0,0.0,0.0,False,False,False,keep,False,True,,
S2b,atm511,runs/geometry_optimization_20260704/s2b_cryo_shell_45deg_atm511_sidecar_3m_20260708/Atm511SidecarS2bCryoShell3M.inc1.id1.sim.gz,1182235,511.00003000000004,2,0.0,0.0,0.0,0.0,0.0,False,False,False,keep,False,True,,
S2b,atm511,runs/geometry_optimization_20260704/s2b_cryo_shell_45deg_atm511_sidecar_3m_20260708/Atm511SidecarS2bCryoShell3M.inc1.id1.sim.gz,1187082,511.000013,1,0.0,0.0,0.0,0.0,0.0,False,False,False,single,False,True,,
S2b,atm511,runs/geometry_optimization_20260704/s2b_cryo_shell_45deg_atm511_sidecar_3m_20260708/Atm511SidecarS2bCryoShell3M.inc1.id1.sim.gz,1209734,510.9999700000001,1,0.0,0.0,0.0,0.0,0.0,False,False,False,single,False,True,,
S2b,atm511,runs/geometry_optimization_20260704/s2b_cryo_shell_45deg_atm511_sidecar_3m_20260708/Atm511SidecarS2bCryoShell3M.inc1.id1.sim.gz,1220004,511.00003000000004,1,0.0,0.0,0.0,0.0,0.0,False,False,False,single,False,True,,
S2b,atm511,runs/geometry_optimization_20260704/s2b_cryo_shell_45deg_atm511_sidecar_3m_20260708/Atm511SidecarS2bCryoShell3M.inc1.id1.sim.gz,1244906,510.9999980000001,1,0.0,0.0,0.0,0.0,0.0,False,False,False,single,False,True,,
S2b,atm511,runs/geometry_optimization_20260704/s2b_cryo_shell_45deg_atm511_sidecar_3m_20260708/Atm511SidecarS2bCryoShell3M.inc1.id1.sim.gz,1263157,510.99995,1,0.0,0.0,0.0,0.0,0.0,False,False,False,single,False,True,,
S2b,atm511,runs/geometry_optimization_20260704/s2b_cryo_shell_45deg_atm511_sidecar_3m_20260708/Atm511SidecarS2bCryoShell3M.inc1.id1.sim.gz,1305679,511.00007199999993,1,0.0,0.0,0.0,0.0,0.0,False,False,False,single,False,True,,
S2b,atm511,runs/geometry_optimization_20260704/s2b_cryo_shell_45deg_atm511_sidecar_3m_20260708/Atm511SidecarS2bCryoShell3M.inc1.id1.sim.gz,1374279,511.0,1,0.0,0.0,0.0,0.0,0.0,False,False,False,single,False,True,,
S2b,atm511,runs/geometry_optimization_20260704/s2b_cryo_shell_45deg_atm511_sidecar_3m_20260708/Atm511SidecarS2bCryoShell3M.inc1.id1.sim.gz,1411859,510.999975,1,0.0,0.0,0.0,0.0,0.0,False,False,False,single,False,True,,
S2b,atm511,runs/geometry_optimization_20260704/s2b_cryo_shell_45deg_atm511_sidecar_3m_20260708/Atm511SidecarS2bCryoShell3M.inc1.id1.sim.gz,1442013,511.00003300000003,1,0.0,0.0,0.0,0.0,0.0,False,False,False,single,False,True,,
S2b,atm511,runs/geometry_optimization_20260704/s2b_cryo_shell_45deg_atm511_sidecar_3m_20260708/Atm511SidecarS2bCryoShell3M.inc1.id1.sim.gz,1444259,511.00002000000006,4,0.0,0.0,0.0,0.0,0.0,False,False,False,veto,True,False,,
S2b,atm511,runs/geometry_optimization_20260704/s2b_cryo_shell_45deg_atm511_sidecar_3m_20260708/Atm511SidecarS2bCryoShell3M.inc1.id1.sim.gz,1466286,511.00001100000003,2,0.0,0.0,0.0,0.0,0.0,False,False,False,keep,False,True,,
S2b,atm511,runs/geometry_optimization_20260704/s2b_cryo_shell_45deg_atm511_sidecar_3m_20260708/Atm511SidecarS2bCryoShell3M.inc1.id1.sim.gz,1475221,511.00003000000004,1,0.0,0.0,0.0,0.0,0.0,False,False,False,single,False,True,,
S2b,atm511,runs/geometry_optimization_20260704/s2b_cryo_shell_45deg_atm511_sidecar_3m_20260708/Atm511SidecarS2bCryoShell3M.inc1.id1.sim.gz,1498267,510.99996300000004,1,0.0,0.0,0.0,0.0,0.0,False,False,False,single,False,True,,
S2b,atm511,runs/geometry_optimization_20260704/s2b_cryo_shell_45deg_atm511_sidecar_3m_20260708/Atm511SidecarS2bCryoShell3M.inc1.id1.sim.gz,1563958,510.99997,1,0.0,0.0,0.0,0.0,0.0,False,False,False,single,False,True,,
S2b,atm511,runs/geometry_optimization_20260704/s2b_cryo_shell_45deg_atm511_sidecar_3m_20260708/Atm511SidecarS2bCryoShell3M.inc1.id1.sim.gz,1565445,510.999973,2,0.0,0.0,0.0,0.0,0.0,False,False,False,keep,False,True,,
S2b,atm511,runs/geometry_optimization_20260704/s2b_cryo_shell_45deg_atm511_sidecar_3m_20260708/Atm511SidecarS2bCryoShell3M.inc1.id1.sim.gz,1569151,511.0,1,0.0,0.0,0.0,0.0,0.0,False,False,False,single,False,True,,
S2b,atm511,runs/geometry_optimization_20260704/s2b_cryo_shell_45deg_atm511_sidecar_3m_20260708/Atm511SidecarS2bCryoShell3M.inc1.id1.sim.gz,1590039,510.99993000000006,1,0.0,0.0,0.0,0.0,0.0,False,False,False,single,False,True,,
S2b,atm511,runs/geometry_optimization_20260704/s2b_cryo_shell_45deg_atm511_sidecar_3m_20260708/Atm511SidecarS2bCryoShell3M.inc1.id1.sim.gz,1607099,511.00002,1,0.0,0.0,0.0,0.0,0.0,False,False,False,single,False,True,,
S2b,atm511,runs/geometry_optimization_20260704/s2b_cryo_shell_45deg_atm511_sidecar_3m_20260708/Atm511SidecarS2bCryoShell3M.inc1.id1.sim.gz,1637630,510.99996999999996,1,0.0,0.0,0.0,0.0,0.0,False,False,False,single,False,True,,
S2b,atm511,runs/geometry_optimization_20260704/s2b_cryo_shell_45deg_atm511_sidecar_3m_20260708/Atm511SidecarS2bCryoShell3M.inc1.id1.sim.gz,1659048,511.00004,1,0.0,0.0,0.0,0.0,0.0,False,False,False,single,False,True,,
S2b,atm511,runs/geometry_optimization_20260704/s2b_cryo_shell_45deg_atm511_sidecar_3m_20260708/Atm511SidecarS2bCryoShell3M.inc1.id1.sim.gz,1679799,511.0,3,0.0,0.0,0.0,0.0,0.0,False,False,False,keep,False,True,,
S2b,atm511,runs/geometry_optimization_20260704/s2b_cryo_shell_45deg_atm511_sidecar_3m_20260708/Atm511SidecarS2bCryoShell3M.inc1.id1.sim.gz,1695977,511.00000000000006,2,0.0,0.0,0.0,0.0,0.0,False,False,False,keep,False,True,,
S2b,atm511,runs/geometry_optimization_20260704/s2b_cryo_shell_45deg_atm511_sidecar_3m_20260708/Atm511SidecarS2bCryoShell3M.inc1.id1.sim.gz,1740016,511.00001799999995,1,0.0,0.0,0.0,0.0,0.0,False,False,False,single,False,True,,
S2b,atm511,runs/geometry_optimization_20260704/s2b_cryo_shell_45deg_atm511_sidecar_3m_20260708/Atm511SidecarS2bCryoShell3M.inc1.id1.sim.gz,1747292,511.00006,2,0.0,0.0,0.0,0.0,0.0,False,False,False,veto,True,False,,
S2b,atm511,runs/geometry_optimization_20260704/s2b_cryo_shell_45deg_atm511_sidecar_3m_20260708/Atm511SidecarS2bCryoShell3M.inc1.id1.sim.gz,1773997,510.99998,2,0.0,0.0,0.0,0.0,0.0,False,False,False,keep,False,True,,
S2b,atm511,runs/geometry_optimization_20260704/s2b_cryo_shell_45deg_atm511_sidecar_3m_20260708/Atm511SidecarS2bCryoShell3M.inc1.id1.sim.gz,1795019,510.99999,2,0.0,0.0,0.0,0.0,0.0,False,False,False,keep,False,True,,
S2b,atm511,runs/geometry_optimization_20260704/s2b_cryo_shell_45deg_atm511_sidecar_3m_20260708/Atm511SidecarS2bCryoShell3M.inc1.id1.sim.gz,1819358,510.99999,1,0.0,0.0,0.0,0.0,0.0,False,False,False,single,False,True,,
S2b,atm511,runs/geometry_optimization_20260704/s2b_cryo_shell_45deg_atm511_sidecar_3m_20260708/Atm511SidecarS2bCryoShell3M.inc1.id1.sim.gz,1871080,511.00001000000003,1,0.0,0.0,0.0,0.0,0.0,False,False,False,single,False,True,,
S2b,atm511,runs/geometry_optimization_20260704/s2b_cryo_shell_45deg_atm511_sidecar_3m_20260708/Atm511SidecarS2bCryoShell3M.inc1.id1.sim.gz,1910963,510.999969,1,0.0,0.0,0.0,0.0,0.0,False,False,False,single,False,True,,
S2b,atm511,runs/geometry_optimization_20260704/s2b_cryo_shell_45deg_atm511_sidecar_3m_20260708/Atm511SidecarS2bCryoShell3M.inc1.id1.sim.gz,2144797,511.00001000000003,1,0.0,0.0,0.0,0.0,0.0,False,False,False,single,False,True,,
S2b,atm511,runs/geometry_optimization_20260704/s2b_cryo_shell_45deg_atm511_sidecar_3m_20260708/Atm511SidecarS2bCryoShell3M.inc1.id1.sim.gz,2155371,510.9999930000001,1,0.0,0.0,0.0,0.0,0.0,False,False,False,single,False,True,,
S2b,atm511,runs/geometry_optimization_20260704/s2b_cryo_shell_45deg_atm511_sidecar_3m_20260708/Atm511SidecarS2bCryoShell3M.inc1.id1.sim.gz,2167031,510.99991,1,0.0,0.0,0.0,0.0,0.0,False,False,False,single,False,True,,
S2b,atm511,runs/geometry_optimization_20260704/s2b_cryo_shell_45deg_atm511_sidecar_3m_20260708/Atm511SidecarS2bCryoShell3M.inc1.id1.sim.gz,2186849,510.99993000000006,1,0.0,0.0,0.0,0.0,0.0,False,False,False,single,False,True,,
S2b,atm511,runs/geometry_optimization_20260704/s2b_cryo_shell_45deg_atm511_sidecar_3m_20260708/Atm511SidecarS2bCryoShell3M.inc1.id1.sim.gz,2218572,510.99999990000003,3,0.0,0.0,0.0,0.0,0.0,False,False,False,keep,False,True,,
S2b,atm511,runs/geometry_optimization_20260704/s2b_cryo_shell_45deg_atm511_sidecar_3m_20260708/Atm511SidecarS2bCryoShell3M.inc1.id1.sim.gz,2218766,511.00001000000003,1,0.0,0.0,0.0,0.0,0.0,False,False,False,single,False,True,,
S2b,atm511,runs/geometry_optimization_20260704/s2b_cryo_shell_45deg_atm511_sidecar_3m_20260708/Atm511SidecarS2bCryoShell3M.inc1.id1.sim.gz,2219099,511.000039,2,0.0,0.0,0.0,0.0,0.0,False,False,False,veto,True,False,,
S2b,atm511,runs/geometry_optimization_20260704/s2b_cryo_shell_45deg_atm511_sidecar_3m_20260708/Atm511SidecarS2bCryoShell3M.inc1.id1.sim.gz,2241392,511.00002000000006,1,0.0,0.0,0.0,0.0,0.0,False,False,False,single,False,True,,
S2b,atm511,runs/geometry_optimization_20260704/s2b_cryo_shell_45deg_atm511_sidecar_3m_20260708/Atm511SidecarS2bCryoShell3M.inc1.id1.sim.gz,2320467,511.0,2,0.0,0.0,0.0,0.0,0.0,False,False,False,keep,False,True,,
S2b,atm511,runs/geometry_optimization_20260704/s2b_cryo_shell_45deg_atm511_sidecar_3m_20260708/Atm511SidecarS2bCryoShell3M.inc1.id1.sim.gz,2389741,511.0,1,0.0,0.0,0.0,0.0,0.0,False,False,False,single,False,True,,
S2b,atm511,runs/geometry_optimization_20260704/s2b_cryo_shell_45deg_atm511_sidecar_3m_20260708/Atm511SidecarS2bCryoShell3M.inc1.id1.sim.gz,2390283,511.000021,2,0.0,0.0,0.0,0.0,0.0,False,False,False,keep,False,True,,
S2b,atm511,runs/geometry_optimization_20260704/s2b_cryo_shell_45deg_atm511_sidecar_3m_20260708/Atm511SidecarS2bCryoShell3M.inc1.id1.sim.gz,2446912,510.99999,1,0.0,0.0,0.0,0.0,0.0,False,False,False,single,False,True,,
S2b,atm511,runs/geometry_optimization_20260704/s2b_cryo_shell_45deg_atm511_sidecar_3m_20260708/Atm511SidecarS2bCryoShell3M.inc1.id1.sim.gz,2473470,510.99998300000004,2,0.0,0.0,0.0,0.0,0.0,False,False,False,veto,True,False,,
S2b,atm511,runs/geometry_optimization_20260704/s2b_cryo_shell_45deg_atm511_sidecar_3m_20260708/Atm511SidecarS2bCryoShell3M.inc1.id1.sim.gz,2498053,510.99998300000004,1,0.0,0.0,0.0,0.0,0.0,False,False,False,single,False,True,,
S2b,atm511,runs/geometry_optimization_20260704/s2b_cryo_shell_45deg_atm511_sidecar_3m_20260708/Atm511SidecarS2bCryoShell3M.inc1.id1.sim.gz,2504049,510.99992999999995,1,0.0,0.0,0.0,0.0,0.0,False,False,False,single,False,True,,
S2b,atm511,runs/geometry_optimization_20260704/s2b_cryo_shell_45deg_atm511_sidecar_3m_20260708/Atm511SidecarS2bCryoShell3M.inc1.id1.sim.gz,2550458,511.000037,2,0.0,0.0,0.0,0.0,0.0,False,False,False,keep,False,True,,
S2b,atm511,runs/geometry_optimization_20260704/s2b_cryo_shell_45deg_atm511_sidecar_3m_20260708/Atm511SidecarS2bCryoShell3M.inc1.id1.sim.gz,2558841,511.00000800000004,1,0.0,0.0,0.0,0.0,0.0,False,False,False,single,False,True,,
S2b,atm511,runs/geometry_optimization_20260704/s2b_cryo_shell_45deg_atm511_sidecar_3m_20260708/Atm511SidecarS2bCryoShell3M.inc1.id1.sim.gz,2617916,511.0,1,0.0,0.0,0.0,0.0,0.0,False,False,False,single,False,True,,
S2b,atm511,runs/geometry_optimization_20260704/s2b_cryo_shell_45deg_atm511_sidecar_3m_20260708/Atm511SidecarS2bCryoShell3M.inc1.id1.sim.gz,2620919,510.999911,2,0.0,0.0,0.0,0.0,0.0,False,False,False,keep,False,True,,
S2b,atm511,runs/geometry_optimization_20260704/s2b_cryo_shell_45deg_atm511_sidecar_3m_20260708/Atm511SidecarS2bCryoShell3M.inc1.id1.sim.gz,2628851,511.0000100000001,2,0.0,0.0,0.0,0.0,0.0,False,False,False,keep,False,True,,
S2b,atm511,runs/geometry_optimization_20260704/s2b_cryo_shell_45deg_atm511_sidecar_3m_20260708/Atm511SidecarS2bCryoShell3M.inc1.id1.sim.gz,2644910,511.00003,2,0.0,0.0,0.0,0.0,0.0,False,False,False,veto,True,False,,
S2b,atm511,runs/geometry_optimization_20260704/s2b_cryo_shell_45deg_atm511_sidecar_3m_20260708/Atm511SidecarS2bCryoShell3M.inc1.id1.sim.gz,2771111,511.00002000000006,1,0.0,0.0,0.0,0.0,0.0,False,False,False,single,False,True,,
S2b,atm511,runs/geometry_optimization_20260704/s2b_cryo_shell_45deg_atm511_sidecar_3m_20260708/Atm511SidecarS2bCryoShell3M.inc1.id1.sim.gz,2785578,511.00002400000005,1,0.0,0.0,0.0,0.0,0.0,False,False,False,single,False,True,,
S2b,atm511,runs/geometry_optimization_20260704/s2b_cryo_shell_45deg_atm511_sidecar_3m_20260708/Atm511SidecarS2bCryoShell3M.inc1.id1.sim.gz,2800563,511.00000000000006,1,0.0,0.0,0.0,0.0,0.0,False,False,False,single,False,True,,
S2b,atm511,runs/geometry_optimization_20260704/s2b_cryo_shell_45deg_atm511_sidecar_3m_20260708/Atm511SidecarS2bCryoShell3M.inc1.id1.sim.gz,2804298,510.9999700000001,2,0.0,0.0,0.0,0.0,0.0,False,False,False,keep,False,True,,
S2b,atm511,runs/geometry_optimization_20260704/s2b_cryo_shell_45deg_atm511_sidecar_3m_20260708/Atm511SidecarS2bCryoShell3M.inc1.id1.sim.gz,2853385,511.00004,1,0.0,0.0,0.0,0.0,0.0,False,False,False,single,False,True,,
S2b,atm511,runs/geometry_optimization_20260704/s2b_cryo_shell_45deg_atm511_sidecar_3m_20260708/Atm511SidecarS2bCryoShell3M.inc1.id1.sim.gz,2860629,511.00000000000006,1,0.0,0.0,0.0,0.0,0.0,False,False,False,single,False,True,,
S2b,atm511,runs/geometry_optimization_20260704/s2b_cryo_shell_45deg_atm511_sidecar_3m_20260708/Atm511SidecarS2bCryoShell3M.inc1.id1.sim.gz,2881285,510.99997999999994,1,0.0,0.0,0.0,0.0,0.0,False,False,False,single,False,True,,
S2b,atm511,runs/geometry_optimization_20260704/s2b_cryo_shell_45deg_atm511_sidecar_3m_20260708/Atm511SidecarS2bCryoShell3M.inc1.id1.sim.gz,2914766,511.0000000000001,1,0.0,0.0,0.0,0.0,0.0,False,False,False,single,False,True,,
S2b,atm511,runs/geometry_optimization_20260704/s2b_cryo_shell_45deg_atm511_sidecar_3m_20260708/Atm511SidecarS2bCryoShell3M.inc1.id1.sim.gz,2924783,511.00003300000003,3,0.0,0.0,0.0,0.0,0.0,False,False,False,keep,False,True,,
S2b,atm511,runs/geometry_optimization_20260704/s2b_cryo_shell_45deg_atm511_sidecar_3m_20260708/Atm511SidecarS2bCryoShell3M.inc1.id1.sim.gz,2931091,510.99998099999993,2,0.0,0.0,0.0,0.0,0.0,False,False,False,keep,False,True,,
S2b,atm511,runs/geometry_optimization_20260704/s2b_cryo_shell_45deg_atm511_sidecar_3m_20260708/Atm511SidecarS2bCryoShell3M.inc1.id1.sim.gz,2935250,511.00001000000003,1,0.0,0.0,0.0,0.0,0.0,False,False,False,single,False,True,,
S2b,atm511,runs/geometry_optimization_20260704/s2b_cryo_shell_45deg_atm511_sidecar_3m_20260708/Atm511SidecarS2bCryoShell3M.inc1.id1.sim.gz,2942591,511.00002100000006,1,0.0,0.0,0.0,0.0,0.0,False,False,False,single,False,True,,
S2b,atm511,runs/geometry_optimization_20260704/s2b_cryo_shell_45deg_atm511_sidecar_3m_20260708/Atm511SidecarS2bCryoShell3M.inc1.id1.sim.gz,2948184,510.99996000000004,1,0.0,0.0,0.0,0.0,0.0,False,False,False,single,False,True,,
S2b,atm511,runs/geometry_optimization_20260704/s2b_cryo_shell_45deg_atm511_sidecar_3m_20260708/Atm511SidecarS2bCryoShell3M.inc1.id1.sim.gz,2949981,511.00000000000006,1,0.0,0.0,0.0,0.0,0.0,False,False,False,single,False,True,,
S2b,atm511,runs/geometry_optimization_20260704/s2b_cryo_shell_45deg_atm511_sidecar_3m_20260708/Atm511SidecarS2bCryoShell3M.inc1.id1.sim.gz,2984400,511.000005,1,0.0,0.0,0.0,0.0,0.0,False,False,False,single,False,True,,
