event_id,E_keV,x_mm,y_mm,z_mm,ux,uy,uz,weight,source_tag
1,511.0,2.276518546096017,3.67273861340993,12000.0,-0.0005992874166084154,-0.0018289458108162987,0.9999981479041915,1.0,cam511_channel_baseline
2,511.0,-7.418700750346271,-2.5775996578079297,12000.0,0.0016638647019434013,0.000723399283776815,0.9999983541225106,1.0,cam511_channel_baseline
4,511.0,2.8241239730896788,7.129176947677612,12000.0,-0.0013543551432212133,-0.0015411831434431358,0.9999978952361173,1.0,cam511_channel_baseline
7,511.0,-15.005832583949804,8.934026703844042,12000.0,-0.002673348535034836,-0.0022245370694019785,0.9999939523029313,1.0,cam511_channel_baseline
8,511.0,-13.041893588244463,-1.9479905167373364,12000.0,-0.0008467313753092229,0.002678729160974752,0.9999960537202436,1.0,cam511_channel_baseline
9,511.0,4.0944817494607495,-4.188688416777766,12000.0,-0.0008551219772070601,0.0028396627780503457,0.9999956025311866,1.0,cam511_channel_baseline
10,511.0,-8.606272892495317,-5.35674605761285,12000.0,0.002441746463625707,0.0006928048352894122,0.9999967789426462,1.0,cam511_channel_baseline
11,511.0,15.761148097612908,-1.6606365979196407,12000.0,-0.0022338888635398332,-0.001085841995348874,0.9999969153390956,1.0,cam511_channel_baseline
12,511.0,4.093625865962479,6.187867235924599,12000.0,0.00015090492105816771,-0.000925530622386022,0.9999995603102892,1.0,cam511_channel_baseline
13,511.0,18.867835815097614,-0.6399118425817418,12000.0,0.0017709124183907235,0.0007554440163508422,0.9999981465850548,1.0,cam511_channel_baseline
14,511.0,-6.148965730528704,-12.796160842042543,12000.0,-0.0009797469045602053,0.0022312977830619557,0.9999970306986947,1.0,cam511_channel_baseline
15,511.0,-5.27533424822926,10.232206809325353,12000.0,-0.0028478994968211065,-0.0001276256160577988,0.9999959365818234,1.0,cam511_channel_baseline
16,511.0,1.5354303006042715,-12.89892377216167,12000.0,-0.0021973126496950125,-0.0003600550522796731,0.9999975210856668,1.0,cam511_channel_baseline
17,511.0,5.946186645022543,-1.239893346981899,12000.0,-0.001955658103148256,-0.00145179573520773,0.9999970338408644,1.0,cam511_channel_baseline
18,511.0,-0.6800815373735172,-0.08423618538853354,12000.0,0.00030471773471758525,-0.0014798452188316043,0.9999988586019638,1.0,cam511_channel_baseline
19,511.0,-11.71652383542676,-9.38680663079999,12000.0,-0.0007648080819328938,-0.0007874633879251203,0.9999993974848238,1.0,cam511_channel_baseline
20,511.0,5.248648303567903,-20.20308427738728,12000.0,0.001597899087234973,-0.0016458950885088533,0.999997368870471,1.0,cam511_channel_baseline
22,511.0,-4.320124067817195,-9.170989105383915,12000.0,0.0013414787140803542,-0.002087910641520096,0.9999969205272647,1.0,cam511_channel_baseline
23,511.0,-1.425277948676562,2.7988289439437737,12000.0,0.001481127596846219,-0.0007368343634060388,0.9999986316671452,1.0,cam511_channel_baseline
24,511.0,1.3449868436385353,4.3130013467677815,12000.0,-0.0007489539462736363,-0.0020352470468927245,0.9999976484159572,1.0,cam511_channel_baseline
25,511.0,-12.526522336757482,-3.0706021533107846,12000.0,0.0006698490347141697,-0.0033598061938822366,0.9999941314850854,1.0,cam511_channel_baseline
26,511.0,-7.151918240515898,3.538527094873743,12000.0,-0.0015156904360543386,0.0032257331332844674,0.9999936486439575,1.0,cam511_channel_baseline
27,511.0,7.354591247356636,3.3460138613439714,12000.0,0.0030218953622788924,0.0014881590945576644,0.9999943267493715,1.0,cam511_channel_baseline
28,511.0,-3.332667078609688,-7.822599271520222,12000.0,-0.003356865338426041,-0.0013468008560974028,0.999993458769883,1.0,cam511_channel_baseline
29,511.0,-6.534061424623928,0.8085389589988723,12000.0,-0.0003183523203411261,-0.0024356777790234853,0.9999969830582276,1.0,cam511_channel_baseline
31,511.0,-4.329194654064771,-3.248597970239334,12000.0,-0.0030745190409297066,0.0009263561268834612,0.9999948445852074,1.0,cam511_channel_baseline
32,511.0,10.978190065640153,-7.831756685878904,12000.0,-6.639096196831396e-05,-0.002801866906913326,0.9999960725593257,1.0,cam511_channel_baseline
33,511.0,0.513410296923537,-2.355141035576557,12000.0,-0.003026198802576308,-0.0017717526227356089,0.9999938514878235,1.0,cam511_channel_baseline
35,511.0,-14.79125092860884,-1.3041222799541148,12000.0,-0.003665991277112571,-0.0003210656941304294,0.9999932286894627,1.0,cam511_channel_baseline
36,511.0,3.8546814639742193,2.786406902121375,12000.0,0.0012455181768473412,-0.0017530820307135252,0.999997687691259,1.0,cam511_channel_baseline
37,511.0,6.790782840976771,-0.9565878004808913,12000.0,0.0021075794577819222,0.0006439572113415274,0.9999975717110213,1.0,cam511_channel_baseline
38,511.0,-11.687093720035527,-3.754735819002667,12000.0,-0.0038828586892004336,-0.0022047784083061763,0.9999900311305957,1.0,cam511_channel_baseline
39,511.0,5.987881312046117,8.418506035210406,12000.0,0.002873318111004814,0.0010621528746833728,0.9999953079261442,1.0,cam511_channel_baseline
40,511.0,-1.6079026286823546,0.9565603297905346,12000.0,-0.0007029391580516247,0.002898599219096398,0.9999955519896612,1.0,cam511_channel_baseline
41,511.0,4.969564914112598,-11.237913639017918,12000.0,-0.0016476744702674066,0.0013143129121102625,0.9999977788727379,1.0,cam511_channel_baseline
42,511.0,-5.827728523515192,13.890795909049327,12000.0,-4.682348653640204e-06,0.0010665687731489773,0.999999431204402,1.0,cam511_channel_baseline
43,511.0,15.950478987694646,13.16596023257107,12000.0,0.0025469866440709825,0.001627501799153308,0.9999954320380313,1.0,cam511_channel_baseline
45,511.0,5.513384111173347,2.138592380600247,12000.0,-0.0009746273396376796,-0.0008156755295458495,0.9999991923871636,1.0,cam511_channel_baseline
46,511.0,-5.306842376251471,-3.28135858486701,12000.0,-0.0003883439272784085,0.0014930839158404502,0.9999988099439991,1.0,cam511_channel_baseline
48,511.0,7.341194092441105,11.470586124232302,12000.0,-0.0019194043608212563,0.002130376518199999,0.9999958886829438,1.0,cam511_channel_baseline
49,511.0,3.066432650731355,-14.007465061904206,12000.0,-0.003186085141229906,-0.0014806476583734073,0.9999938282529471,1.0,cam511_channel_baseline
50,511.0,2.110917152669199,23.455899524529197,12000.0,-0.0018427000980247629,3.1544686492342297e-06,0.9999983022217578,1.0,cam511_channel_baseline
51,511.0,-5.594386329442475,-9.215588783870233,12000.0,0.0007533327547674595,-0.002064636240800347,0.9999975848805605,1.0,cam511_channel_baseline
54,511.0,4.867218895266729,4.079744257523401,12000.0,0.0013483902284205165,0.002515256972257554,0.9999959276547857,1.0,cam511_channel_baseline
55,511.0,-2.9701859783253646,-21.991009349283487,12000.0,0.0016429403274692536,-0.0009975822842022753,0.9999981527866272,1.0,cam511_channel_baseline
56,511.0,3.507876792870849,-11.280987836737701,12000.0,0.0023952920807441113,5.4587773094731716e-05,0.9999971297938925,1.0,cam511_channel_baseline
57,511.0,16.677942735004198,-6.628370314038335,12000.0,0.0018864730183384508,0.0020965712370875217,0.9999960227963904,1.0,cam511_channel_baseline
58,511.0,8.314802511690488,1.4847775444133675,12000.0,-0.00024207063659352384,-0.0028566324266937086,0.9999958905180489,1.0,cam511_channel_baseline
59,511.0,12.470514795533695,8.167037747797966,12000.0,0.0026522545435411593,0.0013337890378215575,0.9999955932666098,1.0,cam511_channel_baseline
60,511.0,-13.640753350450968,-5.747075168457477,12000.0,0.00061228609920129,0.00020988091889715736,0.9999997905278444,1.0,cam511_channel_baseline
61,511.0,-5.544621821468145,-4.556274044941426,12000.0,0.0011090182707120097,-0.003307241394350884,0.9999939160979104,1.0,cam511_channel_baseline
62,511.0,-3.5119902197547637,-7.739983816730096,12000.0,-0.0007898452838188949,-0.0025871795761691473,0.999996341316441,1.0,cam511_channel_baseline
64,511.0,-12.17551006329068,-18.74639188508477,12000.0,0.002716844086308412,-0.0015135734357136397,0.9999951639151388,1.0,cam511_channel_baseline
65,511.0,-11.539760457935902,6.156659726759279,12000.0,-0.0036841703597233514,0.0020810970992237647,0.9999910479217422,1.0,cam511_channel_baseline
66,511.0,-3.4228307209056266,7.9485287865433385,12000.0,-0.0018319637687869753,0.0034750725533701887,0.99999228385998,1.0,cam511_channel_baseline
67,511.0,-8.609155492168037,-10.730549449519815,12000.0,-0.0026790913729024166,-0.00218628416374499,0.9999940212976131,1.0,cam511_channel_baseline
68,511.0,0.796960572658951,1.181013698911763,12000.0,0.0013718088389519285,0.0013347658057200906,0.999998168268699,1.0,cam511_channel_baseline
70,511.0,6.102690095119099,1.5346770705785928,12000.0,0.0019684644802703734,0.001629924122965156,0.999996734242139,1.0,cam511_channel_baseline
71,511.0,-3.54916266733183,2.8557538468330956,12000.0,0.002508722313056326,-0.0005235519137387844,0.9999967160974828,1.0,cam511_channel_baseline
72,511.0,-16.395616468347576,-7.439156127051201,12000.0,0.0009424188398083804,-0.0029568801810353784,0.9999951843415673,1.0,cam511_channel_baseline
73,511.0,14.03541325132946,0.9845928479731996,12000.0,-0.0010859926844479079,-0.0023902329778583936,0.9999965536971619,1.0,cam511_channel_baseline
74,511.0,-9.74335213984709,-0.5032028907241459,12000.0,-0.0025938801242888576,0.0002220951301637964,0.9999966112240851,1.0,cam511_channel_baseline
76,511.0,-3.379321685992827,-12.31266137813317,12000.0,-0.0007417826068717267,-0.0021026700577667368,0.9999975142655068,1.0,cam511_channel_baseline
77,511.0,11.319122402458147,4.82678172215902,12000.0,0.0003152060575912051,0.003598765610302637,0.9999934747443222,1.0,cam511_channel_baseline
78,511.0,-6.673505620184392,-9.486492765188652,12000.0,-0.0004900789127385625,-0.0008989883047845223,0.9999994758212063,1.0,cam511_channel_baseline
79,511.0,-0.6932094768752135,1.6021294501738803,12000.0,-0.003665267108201887,0.0007136682935814404,0.9999930282229933,1.0,cam511_channel_baseline
80,511.0,0.3449241302957465,3.823341893093897,12000.0,0.0012362977142040068,-0.00017558997299276554,0.9999992203677577,1.0,cam511_channel_baseline
81,511.0,3.5151868446226464,4.301167585070824,12000.0,0.0017500045286199181,0.003098653411531729,0.9999936678955448,1.0,cam511_channel_baseline
83,511.0,2.297513193292022,21.787182909264295,12000.0,-0.002905381249427385,0.0037083243509478344,0.9999889034835854,1.0,cam511_channel_baseline
84,511.0,-7.953271549749409,7.659260868775842,12000.0,-0.002822548360626347,-0.0019515292634972794,0.9999941123598107,1.0,cam511_channel_baseline
85,511.0,-9.707679234851323,-1.0212311820780653,12000.0,-0.001373981744951617,8.050805145294997e-05,0.9999990528458605,1.0,cam511_channel_baseline
86,511.0,15.063133022743099,2.136836270887952,12000.0,0.001272195497868911,0.0013916340880282263,0.9999982224350102,1.0,cam511_channel_baseline
87,511.0,1.3143503500234952,5.379453726261796,12000.0,-0.0019285256526074797,0.0013588050800401518,0.9999972172149089,1.0,cam511_channel_baseline
88,511.0,-10.474283204183557,1.826670416295076,12000.0,-0.0028223189472848333,-0.0007761402851718963,0.9999957160518327,1.0,cam511_channel_baseline
89,511.0,10.86537780349989,14.32510208910227,12000.0,-0.0009854717499403235,-0.0008713560336310167,0.999999134791672,1.0,cam511_channel_baseline
90,511.0,-15.946896861614526,-11.59721005652723,12000.0,-0.0007683276790844616,0.0002996839444146133,0.9999996599309976,1.0,cam511_channel_baseline
91,511.0,-5.7569674104515,6.244482264909298,12000.0,7.723230352100966e-05,0.0023328386314517865,0.9999972759458352,1.0,cam511_channel_baseline
93,511.0,-5.839791502583345,-9.497801413992297,12000.0,-0.000992886405291483,0.00066873468477714,0.9999992834849971,1.0,cam511_channel_baseline
95,511.0,6.8579950265895055,7.522428912530027,12000.0,-0.001249028887164347,-0.0011058570255784506,0.9999986085025708,1.0,cam511_channel_baseline
96,511.0,-6.073516724602233,3.0061356858665444,12000.0,-0.00034076504017933467,0.003612775916630208,0.9999934158430062,1.0,cam511_channel_baseline
97,511.0,-13.852394183908954,-5.305701033185996,12000.0,0.000442914371848081,0.0025164376624361136,0.9999967356788472,1.0,cam511_channel_baseline
98,511.0,-2.5536776946715083,6.480929235741208,12000.0,2.8047032204337163e-05,-0.0023275074157692076,0.9999972909576273,1.0,cam511_channel_baseline
99,511.0,-9.212160428886879,2.9353636886268157,12000.0,8.253295302716883e-05,0.0036958460637045365,0.9999931669317471,1.0,cam511_channel_baseline
100,511.0,-5.879291571855514,8.063370616041574,12000.0,0.0007105040598246175,0.0004783625009908139,0.999999633176582,1.0,cam511_channel_baseline
101,511.0,14.071060421902004,-4.963978663150919,12000.0,-0.002029694163132977,0.0015351419942499327,0.9999967618350879,1.0,cam511_channel_baseline
102,511.0,8.117401032071522,8.866900048134276,12000.0,-0.0004604880670389852,0.003921696580404056,0.9999922040929475,1.0,cam511_channel_baseline
103,511.0,17.396010061756993,-6.019676338568076,12000.0,-0.0012855692591264333,-0.002541357916878764,0.9999959443975851,1.0,cam511_channel_baseline
104,511.0,0.7371971361487771,-1.137476543624786,12000.0,-0.0008522366281606802,0.0015909406530535632,0.9999983712989577,1.0,cam511_channel_baseline
105,511.0,11.958465518984305,1.8989863379968936,12000.0,0.0005345306937521284,-0.0027299995380168363,0.9999961306822441,1.0,cam511_channel_baseline
106,511.0,-3.6357348956024764,3.262684297170618,12000.0,0.0008080715157431034,-0.00013902967343098414,0.9999996638455311,1.0,cam511_channel_baseline
107,511.0,-6.820874603872718,-7.602265374574451,12000.0,0.0015400132986052792,-0.0010417582596652663,0.9999982715478904,1.0,cam511_channel_baseline
108,511.0,-3.1188157540505,-7.242271534518571,12000.0,0.002673424252689542,-0.0024439642821527767,0.9999934398991588,1.0,cam511_channel_baseline
109,511.0,-11.819304837815423,17.663595921503514,12000.0,0.0018113933764077807,-0.0008357774713179953,0.9999980101630475,1.0,cam511_channel_baseline
110,511.0,-2.5892574320588517,-2.0989825406791267,12000.0,-0.0013614929952398317,0.0021508034027541076,0.9999967601855251,1.0,cam511_channel_baseline
111,511.0,-4.77047177353132,9.594996864912167,12000.0,-0.0017371090652216746,-0.0002265263197069039,0.9999984655677837,1.0,cam511_channel_baseline
112,511.0,4.221626899412363,0.6573188827229376,12000.0,0.0001608208144628478,-0.002959648163220461,0.99999560730006,1.0,cam511_channel_baseline
113,511.0,-1.127718225366246,0.7377085238366391,12000.0,-0.001961112184902797,0.0014318303488769246,0.9999970519460796,1.0,cam511_channel_baseline
114,511.0,-5.1534818869042995,4.2722396532900255,12000.0,0.0020990733400103757,-0.0010173788207538147,0.9999972794120234,1.0,cam511_channel_baseline
115,511.0,16.68433105035656,-7.45316049185147,12000.0,0.0004358523223513896,-0.0028182591155796436,0.9999959337158879,1.0,cam511_channel_baseline
116,511.0,-10.22406687780175,2.5194959382835957,12000.0,-0.0031159226513068233,4.426440841788533e-05,0.9999951445215587,1.0,cam511_channel_baseline
117,511.0,-4.080547153269573,1.7834161702712499,12000.0,-0.0014863612579346737,0.0029607287882271937,0.9999945123925699,1.0,cam511_channel_baseline
118,511.0,10.108363566949555,-3.943450981557638,12000.0,0.0004535147700455,-0.0009900074351601952,0.9999994071046401,1.0,cam511_channel_baseline
119,511.0,4.3845609068536,-7.470128455522974,12000.0,0.000623551365125697,-0.0011874345945188391,0.9999991005909848,1.0,cam511_channel_baseline
120,511.0,12.858714495856681,7.042563852564576,12000.0,0.0013160340001772486,-0.0021753337279799725,0.9999967679836181,1.0,cam511_channel_baseline
121,511.0,5.62685598710896,3.5212678645540167,12000.0,0.0007747663623385133,0.002897780087153789,0.999995501293706,1.0,cam511_channel_baseline
122,511.0,14.624185776447064,-3.2072779015408455,12000.0,0.0007798617396365508,0.0018087274179358903,0.9999980601585159,1.0,cam511_channel_baseline
123,511.0,-2.060811774924972,3.305649676470948,12000.0,0.002883740961248304,0.0008900782974982681,0.9999954458889764,1.0,cam511_channel_baseline
125,511.0,0.374861127746632,7.8210391447216345,12000.0,0.0025801225154053736,-0.0006053548167736973,0.9999964882505095,1.0,cam511_channel_baseline
127,511.0,-13.101568094914452,5.402868679574513,12000.0,-0.0007387665267749193,-1.877168838068857e-05,0.999999726935784,1.0,cam511_channel_baseline
128,511.0,6.919712953927807,8.711089090192834,12000.0,0.0024291739196593645,0.003916923682017904,0.9999893783550591,1.0,cam511_channel_baseline
129,511.0,-11.563684947536867,-23.873911035252036,12000.0,-0.001966213639709961,-0.004785937172327331,0.9999866143150645,1.0,cam511_channel_baseline
131,511.0,15.829539019334247,-7.310074266965327,12000.0,0.0004686358084650954,0.0014098323852953548,0.9999988963759532,1.0,cam511_channel_baseline
132,511.0,1.8701741522619812,16.262412657716425,12000.0,0.00013156167652696133,0.0011744586866496544,0.9999993016689155,1.0,cam511_channel_baseline
134,511.0,-20.334018010329757,-2.128816344920539,12000.0,0.0019050292065044333,-0.0009464793205310586,0.9999977375177498,1.0,cam511_channel_baseline
135,511.0,2.854271398962209,3.20301109885213,12000.0,0.0015251248713689216,-0.0023751260638117575,0.9999960163772192,1.0,cam511_channel_baseline
136,511.0,7.447551717774338,-1.1549623820361012,12000.0,0.0021160986085064382,-0.002881462722170824,0.9999936096292116,1.0,cam511_channel_baseline
137,511.0,-8.143097345957813,4.053342772443818,12000.0,0.0010887085211027418,-0.0021252504946898585,0.9999971490079814,1.0,cam511_channel_baseline
138,511.0,17.351493152978687,14.659412582268331,12000.0,0.0022521031669321973,0.002218524852302361,0.9999950030769179,1.0,cam511_channel_baseline
139,511.0,1.9067567920314472,-9.780114288496305,12000.0,0.0007399184924048249,-0.0044949327407748,0.9999896239963094,1.0,cam511_channel_baseline
140,511.0,-0.9347525148893867,9.648010776741133,12000.0,-0.0003331951322946072,0.0036150292001741907,0.9999934102507305,1.0,cam511_channel_baseline
142,511.0,-1.5919864442194889,-6.0521747249501034,12000.0,-0.0031342126495676873,-0.0010012315455860982,0.99999458710858,1.0,cam511_channel_baseline
143,511.0,13.535193201737142,-0.3282359375583643,12000.0,0.001909609660774508,0.0004965590087704203,0.9999980534081525,1.0,cam511_channel_baseline
144,511.0,7.905038712556461,-6.3407239255891,12000.0,-0.0018024456998811179,-0.0010306910204334295,0.9999978444304364,1.0,cam511_channel_baseline
145,511.0,-12.656026907718772,-8.267632450139219,12000.0,-0.0034085637920087163,-0.0022289051870214697,0.999991706802883,1.0,cam511_channel_baseline
146,511.0,-5.28668991289484,-1.9013874303427678,12000.0,-0.0014903321858514749,0.0017021991038458828,0.9999974407108183,1.0,cam511_channel_baseline
147,511.0,12.765400225298713,-11.040460772050874,12000.0,-0.0009744504304646331,-0.003290766158247856,0.9999941106348829,1.0,cam511_channel_baseline
152,511.0,7.591628429580717,-4.183173934565167,12000.0,-0.002371769691878901,0.001233521224958751,0.9999964265605733,1.0,cam511_channel_baseline
153,511.0,7.623857918529033,0.4683553718990151,12000.0,0.0041831330483822525,0.0010017953752649489,0.999990748859171,1.0,cam511_channel_baseline
154,511.0,-0.18194650581152386,4.021245001608457,12000.0,-0.00197603575498866,0.0001870060043406182,0.9999980301537845,1.0,cam511_channel_baseline
155,511.0,-8.063948883805685,-24.752856473842275,12000.0,-0.001883885644438544,-0.0006047403592221692,0.9999980426300726,1.0,cam511_channel_baseline
156,511.0,2.8658399820582985,6.6015442949120535,12000.0,0.0003253214417553624,0.0008968379029537633,0.9999995449237642,1.0,cam511_channel_baseline
157,511.0,0.8795836732258987,-3.4148411800245753,12000.0,-0.002487062414311214,0.0022358959959501478,0.999994407629184,1.0,cam511_channel_baseline
159,511.0,6.75936422036411,-8.311806888159738,12000.0,0.003042743630568733,-0.0020441640128122415,0.9999932815297748,1.0,cam511_channel_baseline
160,511.0,5.218793849409786,1.9517483696299172,12000.0,-0.0024452027735673747,0.0023564979432409033,0.999994233933796,1.0,cam511_channel_baseline
162,511.0,-10.010851200427922,7.262713103236978,12000.0,0.001608853034702018,0.0024032443510735384,0.9999958179955063,1.0,cam511_channel_baseline
163,511.0,-1.464489678940199,-2.9019027859442854,12000.0,-0.0022486328150849843,0.002448415531814507,0.9999944744406574,1.0,cam511_channel_baseline
164,511.0,2.596056512943328,7.702064383517379,12000.0,0.002280900104198624,5.0606470692252735e-05,0.9999973974634634,1.0,cam511_channel_baseline
166,511.0,4.137420640106558,0.3107960731318161,12000.0,0.0007816587133245152,0.0024223283569855965,0.9999967606622467,1.0,cam511_channel_baseline
167,511.0,-5.4333300017602495,4.139960322334298,12000.0,0.000462543130861375,0.0007421577213111484,0.9999996176278112,1.0,cam511_channel_baseline
168,511.0,-6.802784147704214,-3.6494189621064312,12000.0,0.0002803215138454648,-0.0011545937760348807,0.9999992941662815,1.0,cam511_channel_baseline
169,511.0,10.186431939165448,0.22900810450313047,12000.0,0.001317450715625141,-0.0008465424217799321,0.9999987738440184,1.0,cam511_channel_baseline
170,511.0,-3.590228263681107,-0.769818655506615,12000.0,-0.0006437438263845143,0.0003305867995256767,0.9999997381530927,1.0,cam511_channel_baseline
173,511.0,-10.70396073022764,-8.447044041729734,12000.0,-0.004389907833114118,-0.0006231183230850364,0.9999901701680733,1.0,cam511_channel_baseline
174,511.0,0.4704509139055514,6.6389777319217265,12000.0,-0.0006830695967635134,0.0013889750515116265,0.9999988020813986,1.0,cam511_channel_baseline
175,511.0,-14.032400779554065,-0.17503715043578474,12000.0,0.0012707660220522522,-0.0019419838315135585,0.9999973069226312,1.0,cam511_channel_baseline
176,511.0,3.5330945713092943,1.2074232018879345,12000.0,-0.0016391105447672379,0.0029416378386252122,0.9999943300256499,1.0,cam511_channel_baseline
177,511.0,0.020473118494626682,-0.5019735338379756,12000.0,3.619600171565875e-05,0.0012291247715070098,0.9999992439707869,1.0,cam511_channel_baseline
178,511.0,0.790054582067728,-12.204168075015621,12000.0,1.3410978278560131e-05,-0.00412452653911306,0.9999914940143111,1.0,cam511_channel_baseline
179,511.0,7.819159017225848,-5.170907686461522,12000.0,-0.0003598386484448154,-0.0005634433355391112,0.9999997765238524,1.0,cam511_channel_baseline
181,511.0,-6.79201938990195,2.5034638651391354,12000.0,-0.0017142189059108919,0.0008543500280477477,0.999998165768104,1.0,cam511_channel_baseline
183,511.0,3.6338547980146867,-0.43653480664151567,12000.0,-0.002485864022145387,0.0015186648057985295,0.9999957570596343,1.0,cam511_channel_baseline
184,511.0,-1.1213848107675175,6.588293603996979,12000.0,-0.002124892581385538,0.0033155411916869736,0.9999922459789995,1.0,cam511_channel_baseline
185,511.0,2.8450012961914175,-11.68298714713995,12000.0,-0.0002820523803432099,0.00031148541151936027,0.9999999117116427,1.0,cam511_channel_baseline
186,511.0,0.3983139118463916,-1.6225072355425694,12000.0,-0.0016037860137059073,-0.001133329599079133,0.9999980717153619,1.0,cam511_channel_baseline
187,511.0,-5.699755343347682,9.671261449930329,12000.0,0.0007132788495398072,-0.0016617569033153343,0.9999983648973019,1.0,cam511_channel_baseline
189,511.0,13.466744144601902,-6.0821811621237325,12000.0,0.0011050277358870013,-0.0027560107863405193,0.9999955916494074,1.0,cam511_channel_baseline
190,511.0,-2.562746772471093,-9.803069869084421,12000.0,0.0014422674007738576,0.0010510416319922048,0.9999984075868483,1.0,cam511_channel_baseline
192,511.0,7.325502139004124,-11.55111240663207,12000.0,0.0011041561284556678,-0.00237923052614803,0.9999965600447571,1.0,cam511_channel_baseline
193,511.0,-21.322233142376632,8.401185530458799,12000.0,-0.0011138877361569202,-0.001234315141492289,0.9999986178591662,1.0,cam511_channel_baseline
194,511.0,16.537822722252773,-8.357623902932207,12000.0,-0.0016205569380190433,0.0005887350012930752,0.9999985135920497,1.0,cam511_channel_baseline
196,511.0,8.18415121951621,-7.838022085893653,12000.0,0.003895110230164799,-0.0003584463711136523,0.9999923497869841,1.0,cam511_channel_baseline
197,511.0,-2.085855878799671,-6.7053129174870065,12000.0,-0.002026840829984803,-0.0016117995427295984,0.9999966470036207,1.0,cam511_channel_baseline
198,511.0,5.447612574842517,-7.7954802950833,12000.0,0.000932073401593354,-0.001926581262959001,0.9999977097592829,1.0,cam511_channel_baseline
199,511.0,-17.193583692288787,-5.10967154320434,12000.0,-0.0020697428845292657,0.0007595608365545621,0.9999975696129103,1.0,cam511_channel_baseline
200,511.0,-3.9095429691365666,-11.022894996084121,12000.0,0.001485939370891098,-0.002473084245972328,0.9999958379105878,1.0,cam511_channel_baseline
201,511.0,-8.026503571018786,3.3312077572226726,12000.0,-0.004314633251417585,9.785908328904034e-05,0.9999906871383881,1.0,cam511_channel_baseline
202,511.0,-4.622381791456389,-5.600289286589638,12000.0,-0.0006934054146080011,0.00025037717981593274,0.9999997282500624,1.0,cam511_channel_baseline
203,511.0,-6.5898154264816515,-0.47698917959920695,12000.0,-0.0018317534656361295,0.002040199533485049,0.9999962411254877,1.0,cam511_channel_baseline
204,511.0,9.798618045138431,6.701070291011072,12000.0,0.0036333470349259587,0.0013614582223962718,0.9999924725820851,1.0,cam511_channel_baseline
206,511.0,4.195746294188505,-2.4689982122347645,12000.0,-0.0004082102131714617,0.00304675488725191,0.9999952753133782,1.0,cam511_channel_baseline
207,511.0,-13.404437003923755,-18.156132941570437,12000.0,-0.0043161966942789455,-0.0010400926766680446,0.9999901442780925,1.0,cam511_channel_baseline
209,511.0,11.387616383007783,-4.367511903463251,12000.0,0.0012950542933320912,0.0013193286533922167,0.9999982911016806,1.0,cam511_channel_baseline
210,511.0,-12.34718938308467,-5.207098652372628,12000.0,-0.0014052372524975547,0.00035070662626287776,0.9999989511560132,1.0,cam511_channel_baseline
211,511.0,-10.643747020704856,-0.7863276858177768,12000.0,0.002630222052385916,0.0011111052338144858,0.999995923680249,1.0,cam511_channel_baseline
212,511.0,23.138835073758617,7.461675882483017,12000.0,0.0007511861717690195,-0.0024098359114293998,0.999996814200033,1.0,cam511_channel_baseline
213,511.0,-1.317914416670241,8.406526372562219,12000.0,0.00043556469691486397,0.0008443231037225175,0.999999548700844,1.0,cam511_channel_baseline
214,511.0,-20.998585248316086,0.10616414011693368,12000.0,-0.001618274342230184,-0.0018730957720669203,0.9999969363454979,1.0,cam511_channel_baseline
215,511.0,12.651408375362124,-7.4137162015108045,12000.0,0.0002530644227191518,-0.002134328108093622,0.9999976902982951,1.0,cam511_channel_baseline
216,511.0,-4.890314914228827,-9.095266966031941,12000.0,-0.0024240003192660107,-0.003517143141898958,0.9999908769216705,1.0,cam511_channel_baseline
218,511.0,5.000324178295466,0.3958946690613345,12000.0,0.0029318478414189133,0.001542462544216196,0.999994512523711,1.0,cam511_channel_baseline
219,511.0,4.689165839815371,11.848874733829739,12000.0,-0.0018735965198036907,-0.0002930443278665352,0.9999982018789348,1.0,cam511_channel_baseline
220,511.0,8.7863574469153,8.74072702947125,12000.0,0.002041143132278679,0.0027238883429886113,0.9999942070667253,1.0,cam511_channel_baseline
221,511.0,9.516974917118688,-10.31211534149241,12000.0,-3.370846321197548e-05,-0.00416463703633836,0.9999913272934396,1.0,cam511_channel_baseline
222,511.0,14.513632978904406,-4.61007490545195,12000.0,0.0003789377719875045,0.0027929971660031866,0.9999960277786085,1.0,cam511_channel_baseline
224,511.0,7.244751695085107,0.7729442031190581,12000.0,0.0013561019060006816,0.0005418934967111573,0.9999989336689609,1.0,cam511_channel_baseline
226,511.0,4.773410893152436,-5.124112513560062,12000.0,0.000767327902935672,0.0011461804640315128,0.9999990487386642,1.0,cam511_channel_baseline
227,511.0,13.44766177272365,9.94606541190592,12000.0,-0.0024099472411896567,-0.0002620499050238037,0.9999970617377543,1.0,cam511_channel_baseline
228,511.0,1.4998671134247012,7.844094337654866,12000.0,0.0035052552053405424,0.0009146333474847945,0.9999934382943646,1.0,cam511_channel_baseline
229,511.0,-6.503958483693273,-7.2977386136383995,12000.0,0.0005908047185791778,-0.001504090271047234,0.9999986943302681,1.0,cam511_channel_baseline
231,511.0,8.673477287486618,14.207672304781134,12000.0,0.003134221563188805,-0.0016365475536771644,0.9999937491641122,1.0,cam511_channel_baseline
233,511.0,-10.269186497051644,10.633407291904215,12000.0,0.001547376692796556,-0.0005645574130292851,0.999998643449229,1.0,cam511_channel_baseline
234,511.0,6.952771740586096,5.592481126286738,12000.0,-0.001152361874420512,0.0026193846478572333,0.9999959054347057,1.0,cam511_channel_baseline
235,511.0,6.46011635455588,-15.096053221425654,12000.0,0.0030900469685846022,-0.0028449685731253673,0.9999911788428686,1.0,cam511_channel_baseline
236,511.0,-10.660951120865686,-8.550651690834401,12000.0,-0.0029225424034220854,-0.0029467204068308536,0.9999913877552867,1.0,cam511_channel_baseline
237,511.0,9.978895773728798,-16.303803798001912,12000.0,0.003796915684507381,-0.00011317742400815413,0.9999927852850516,1.0,cam511_channel_baseline
238,511.0,4.474109949569775,11.86162900756429,12000.0,0.0015798202602770731,-0.002464307914261575,0.9999957156680468,1.0,cam511_channel_baseline
239,511.0,-8.358542700787075,-2.4355814214435423,12000.0,-0.0009515626771958236,-0.003876530071219136,0.9999920334898066,1.0,cam511_channel_baseline
240,511.0,14.121849272385388,-1.9582798679199354,12000.0,0.003089666828560602,-0.0021772317895883916,0.9999928567847987,1.0,cam511_channel_baseline
241,511.0,1.8030924223252456,5.813102683981316,12000.0,0.0033883119815286637,-0.0012635892557986746,0.9999934613206771,1.0,cam511_channel_baseline
242,511.0,7.872002230411595,-3.8716694679147547,12000.0,0.00010321191277656744,-0.0035661918067210743,0.9999936357913978,1.0,cam511_channel_baseline
244,511.0,-3.4420728448480853,4.256307328653636,12000.0,-0.00364365048301471,0.0009020013603698485,0.9999929550775363,1.0,cam511_channel_baseline
245,511.0,-2.907063855496719,7.439751882906372,12000.0,-0.00045582015347608206,0.00235315615061549,0.9999971274379335,1.0,cam511_channel_baseline
246,511.0,-0.7207336526743905,6.605767521232851,12000.0,-0.0036314656839107695,0.0006231185989493108,0.9999932120670612,1.0,cam511_channel_baseline
247,511.0,5.969138484545292,4.614868366872714,12000.0,-0.0022923314194242986,0.002185144974706115,0.9999949851664771,1.0,cam511_channel_baseline
250,511.0,7.693890896340091,-4.465737603499379,12000.0,0.0009485895725455971,-0.0018890934864375776,0.9999977657493151,1.0,cam511_channel_baseline
251,511.0,-0.4601887546668924,19.836541242019297,12000.0,-0.0008626528900415251,-0.0008807572594152855,0.9999992400480319,1.0,cam511_channel_baseline
252,511.0,-0.4309581899207779,-3.5026761008955387,12000.0,0.0006482769079321754,0.003128487215502312,0.9999948961393718,1.0,cam511_channel_baseline
253,511.0,-3.3119115886803754,7.567368216905732,12000.0,-0.0019314855895077724,0.002162685806811434,0.9999957960679227,1.0,cam511_channel_baseline
255,511.0,-5.15722086939701,-1.4709191118528986,12000.0,-0.0018875667188611104,-0.003145708509176957,0.9999932707822874,1.0,cam511_channel_baseline
256,511.0,-10.844770349248048,11.81996754463837,12000.0,-0.0021782601533122383,-0.0005409552741666946,0.9999974812718758,1.0,cam511_channel_baseline
257,511.0,-5.7985765497065005,-0.5484820375254144,12000.0,0.0011214170240485385,-0.0007669711614180706,0.999999077089122,1.0,cam511_channel_baseline
259,511.0,6.90424056470711,9.281675211575408,12000.0,0.001270277567715187,-0.001650055328694639,0.9999978318538062,1.0,cam511_channel_baseline
260,511.0,-0.642361713773405,1.0328180710692998,12000.0,-0.002461856323880161,-0.0010207260300938762,0.9999964486846001,1.0,cam511_channel_baseline
261,511.0,-4.136089850100635,-9.815585730146092,12000.0,-0.0010626914938243971,-0.0032275274127802414,0.9999942268601297,1.0,cam511_channel_baseline
263,511.0,-9.237351890910078,2.901759433147564,12000.0,-0.00287711573545756,0.001962459094903507,0.9999939354612835,1.0,cam511_channel_baseline
264,511.0,5.994084191874305,-6.241115636510657,12000.0,0.00259052122523991,0.0003149941068532487,0.99999659498345,1.0,cam511_channel_baseline
265,511.0,-1.370415039422204,8.975248206081131,12000.0,-0.00033669904957598056,0.002731615320914205,0.9999962124485716,1.0,cam511_channel_baseline
266,511.0,5.9358725145809865,2.831858066300745,12000.0,0.002338609078549216,0.0005118561161646959,0.9999971344513413,1.0,cam511_channel_baseline
267,511.0,-7.187833461949618,17.937747816084325,12000.0,-0.00025931890757639053,0.00044153737312088693,0.9999998688992175,1.0,cam511_channel_baseline
269,511.0,-3.3055597242157506,21.101992927918058,12000.0,0.00017717963117255605,0.0016703654184920251,0.9999985892423784,1.0,cam511_channel_baseline
270,511.0,-3.0281728832549963,5.243900972066937,12000.0,-0.0029745082960560888,0.0006944612100334691,0.9999953350011311,1.0,cam511_channel_baseline
271,511.0,6.153693646439719,-7.351325420992794,12000.0,0.00026197075968411167,0.001235940150921344,0.9999992019113138,1.0,cam511_channel_baseline
272,511.0,-1.6247352228546068,-2.8803278871953157,12000.0,-0.002972867584630247,0.0018064119193409228,0.9999939494488463,1.0,cam511_channel_baseline
273,511.0,2.558261535841453,2.530727656186953,12000.0,-0.0013389591172654782,-0.0013881901518964608,0.9999981400565625,1.0,cam511_channel_baseline
275,511.0,-10.159963857753908,2.770262260368719,12000.0,-0.0023496801244276867,0.0030175366246823687,0.9999926867112738,1.0,cam511_channel_baseline
276,511.0,-2.3401699247704415,-0.25762508304640475,12000.0,0.002103730366958458,-0.000577073853173974,0.999997620649325,1.0,cam511_channel_baseline
279,511.0,0.4010828825507832,-4.216982752679826,12000.0,0.0037433948213742535,-0.0004345188435466325,0.9999928990690813,1.0,cam511_channel_baseline
280,511.0,3.4446035853588617,-8.132866873571281,12000.0,-0.002841178738964682,-0.0006027346931419062,0.9999957821982365,1.0,cam511_channel_baseline
282,511.0,1.6887994024084514,-3.6590271115276924,12000.0,-0.000705929402953558,-0.0030176791659798333,0.9999951976265331,1.0,cam511_channel_baseline
283,511.0,16.37335991210815,1.885435568826159,12000.0,-0.001776793522944315,-0.0015257841014158294,0.9999972574900657,1.0,cam511_channel_baseline
284,511.0,-14.393067842124893,-25.005487857531534,12000.0,0.0007959940649165555,-0.0014153899766625039,0.9999986815314622,1.0,cam511_channel_baseline
285,511.0,12.113994819532243,2.8402282673124284,12000.0,-7.355920404513266e-05,0.0019907826094491686,0.999998015684854,1.0,cam511_channel_baseline
286,511.0,4.89225275682086,5.432576133165094,12000.0,0.0008351620078616042,0.002356692101089845,0.9999968742484955,1.0,cam511_channel_baseline
287,511.0,6.121431648046979,5.173975275668743,12000.0,0.0003421718900256619,-0.0022645872728290174,0.9999973772780013,1.0,cam511_channel_baseline
288,511.0,-7.263885257195339,-0.9300494837662658,12000.0,0.00029838617625887467,0.000164671344709474,0.9999999419245174,1.0,cam511_channel_baseline
289,511.0,-1.2548347673426616,-5.135664733131475,12000.0,-0.000842687836737283,-0.0005311826634308106,0.9999995038609709,1.0,cam511_channel_baseline
290,511.0,2.205021196411745,-4.962714426064753,12000.0,-0.00225487989475481,-0.0018568653929712956,0.9999957337746861,1.0,cam511_channel_baseline
291,511.0,0.6854136076430875,-3.3032207214971314,12000.0,-0.002039900336538991,0.0011868192674602267,0.999997215129444,1.0,cam511_channel_baseline
293,511.0,-7.692004218581649,14.069357341471031,12000.0,0.0005376341365590703,-0.000923415126650579,0.9999994291268566,1.0,cam511_channel_baseline
294,511.0,-4.70970701491288,-9.575844290773558,12000.0,-0.0019704410961530116,0.0015649480476514063,0.999996834144736,1.0,cam511_channel_baseline
295,511.0,0.9633639058593867,7.245926782747733,12000.0,0.0018048535951195178,0.0005013345826374423,0.9999982455820292,1.0,cam511_channel_baseline
297,511.0,16.275011070080502,-3.9444688936030214,12000.0,0.0026588209026174457,-0.0018042059462363147,0.9999948377428313,1.0,cam511_channel_baseline
298,511.0,-1.5734247250419826,-17.546037034132752,12000.0,0.003169973059011158,-0.0010429786310698957,0.9999944317176872,1.0,cam511_channel_baseline
299,511.0,6.087809815481876,-9.706874072322709,12000.0,-0.002494937567585958,0.00022268781120892903,0.9999968628434153,1.0,cam511_channel_baseline
300,511.0,3.599150784268867,-5.3832495762697326,12000.0,-0.0009041813572710095,0.002056930981940828,0.9999974757423185,1.0,cam511_channel_baseline
301,511.0,-2.7800933187303465,-6.343119054975921,12000.0,0.00019408321336053427,0.003149589546078903,0.9999950211963045,1.0,cam511_channel_baseline
302,511.0,5.854073865907728,-1.9718763121490739,12000.0,-0.00030112159022831995,-0.0010254709701589529,0.9999994288673755,1.0,cam511_channel_baseline
303,511.0,-2.4101453066634195,-6.723914329784853,12000.0,0.002366673783291737,-0.0015819898898684762,0.9999959480733869,1.0,cam511_channel_baseline
304,511.0,8.811359495914134,2.6621296244618557,12000.0,0.00026659447304785847,0.0008688686367939044,0.9999995869972542,1.0,cam511_channel_baseline
305,511.0,-0.8034267200363302,-2.438364646150748,12000.0,0.0011090878658687935,0.0015582883272617142,0.9999981708291246,1.0,cam511_channel_baseline
306,511.0,5.722555711795149,-12.531364723234354,12000.0,0.0026344048464831825,0.0018037988564003765,0.999994903097406,1.0,cam511_channel_baseline
307,511.0,-14.999407257223773,7.703527580073939,12000.0,-0.003023247502377952,-0.00048132339043688803,0.9999953141401879,1.0,cam511_channel_baseline
309,511.0,-10.309908128119,0.865724923313284,12000.0,0.0005708332790240464,0.0013169296532466548,0.9999989699222975,1.0,cam511_channel_baseline
310,511.0,5.628657130929921,-13.936607676181533,12000.0,-0.0012056588784969539,-0.002809864352783667,0.9999953255135683,1.0,cam511_channel_baseline
312,511.0,-9.041106186298729,6.450303626085365,12000.0,0.00236019812899797,0.0024911597929380192,0.9999941117765034,1.0,cam511_channel_baseline
313,511.0,-8.091379155796568,15.81118169142757,12000.0,-0.003719648130407361,0.001462078116055604,0.9999920132407902,1.0,cam511_channel_baseline
314,511.0,4.419628649838191,1.8387773893404564,12000.0,0.0014760016444907338,-0.002748945965467588,0.9999951323457652,1.0,cam511_channel_baseline
315,511.0,-5.216310192234989,5.385559804248273,12000.0,-0.0008514665764983121,0.0010564895343835954,0.9999990794168426,1.0,cam511_channel_baseline
316,511.0,5.118355439611932,9.58933430320227,12000.0,-0.0023783351176355923,-0.0005897871996706749,0.9999969978320571,1.0,cam511_channel_baseline
317,511.0,-1.260618085344995,13.45850184787311,12000.0,-0.002085208117805018,9.502097123129982e-05,0.9999978214366871,1.0,cam511_channel_baseline
319,511.0,10.753264998133206,8.654196025370778,12000.0,0.0029999209615322667,-0.0003719028743039083,0.9999954310708008,1.0,cam511_channel_baseline
321,511.0,2.0137700478003273,14.022428781416721,12000.0,0.0013019471073670002,0.002883856397094567,0.999994994140476,1.0,cam511_channel_baseline
322,511.0,-3.1283959965292536,15.879854983155026,12000.0,0.0027459896509258574,0.0032600211301853934,0.9999909158602731,1.0,cam511_channel_baseline
323,511.0,-7.182879547329107,-6.054545123638795,12000.0,0.00011981846180264763,-0.0025383618568227606,0.9999967711760973,1.0,cam511_channel_baseline
324,511.0,6.319075419522883,-5.669843399337683,12000.0,0.0004289811676960133,0.002946216216073879,0.9999955678827611,1.0,cam511_channel_baseline
325,511.0,11.03099949073038,12.24271122310753,12000.0,-0.0014030357461211182,0.0013080637815069665,0.999998160228227,1.0,cam511_channel_baseline
328,511.0,8.69710815165009,-2.2957799094314373,12000.0,0.0018465236650235884,-0.0006419124368166853,0.9999980891475633,1.0,cam511_channel_baseline
329,511.0,11.106635349188778,6.079306014811514,12000.0,0.0006937883197389557,0.002867109884857635,0.9999956491598729,1.0,cam511_channel_baseline
330,511.0,2.7971350274375757,-1.263625947978281,12000.0,0.003401606991100812,0.0016532509924976515,0.9999928478899406,1.0,cam511_channel_baseline
331,511.0,-14.083967059340242,10.071300268256199,12000.0,-0.0020182514860711534,-0.001645487813580851,0.9999966095096494,1.0,cam511_channel_baseline
332,511.0,12.529766880445292,10.24862808675448,12000.0,0.002031584553965862,0.0006333967812896433,0.9999977357337954,1.0,cam511_channel_baseline
333,511.0,-2.7873152501603387,0.9552611351167203,12000.0,0.0015703708441913405,-0.0023455865952367485,0.9999960160715321,1.0,cam511_channel_baseline
334,511.0,8.546766887553764,-11.870768641618895,12000.0,-0.0013925145840496173,-0.0014440456872128343,0.9999979878155688,1.0,cam511_channel_baseline
336,511.0,-13.547988648431758,5.489426001755349,12000.0,-0.002204537382970889,0.001965467632186629,0.9999956384664455,1.0,cam511_channel_baseline
339,511.0,-22.41444198391393,-12.049773885653403,12000.0,-0.0011502067259564117,-0.003890151777515186,0.9999917718379664,1.0,cam511_channel_baseline
340,511.0,-4.234402777589613,1.345945513720828,12000.0,-0.001316058158946375,-0.0024373701026098597,0.9999961636015935,1.0,cam511_channel_baseline
341,511.0,1.9300848922268232,6.128157872415864,12000.0,0.003837881861883912,0.00040109136472474174,0.9999925548665506,1.0,cam511_channel_baseline
342,511.0,-2.2816314050888735,-7.127467013417566,12000.0,-0.0015742223220514013,0.002740615112933233,0.9999950054139688,1.0,cam511_channel_baseline
343,511.0,-5.062615321496986,18.71557149359527,12000.0,-0.00031194126016974283,0.004037734431518362,0.9999917996630326,1.0,cam511_channel_baseline
344,511.0,13.614660269509644,-3.5185109142805087,12000.0,-0.0004909237525168683,0.0026118614042741134,0.9999964685807016,1.0,cam511_channel_baseline
345,511.0,10.067439854710779,-4.204282914154656,12000.0,0.0016664020625992916,-0.003481361730840585,0.999992551584593,1.0,cam511_channel_baseline
346,511.0,-13.342656434865312,-2.4939562378391793,12000.0,-0.0025508285381775388,-0.0030409052405577274,0.9999921230535203,1.0,cam511_channel_baseline
348,511.0,1.9897324428319947,-0.631340161420457,12000.0,-0.0005329226529876837,0.0010317652644957788,0.9999993257267152,1.0,cam511_channel_baseline
349,511.0,9.674417694879494,2.2711625946113903,12000.0,0.0022069730299788164,0.0031473828503675817,0.9999926115983248,1.0,cam511_channel_baseline
350,511.0,-6.062367692598457,-5.231193326978184,12000.0,0.00030651899654953303,-0.0029722098711676558,0.9999955359973296,1.0,cam511_channel_baseline
351,511.0,-2.4507482291934624,-3.7789568457016505,12000.0,-0.0005752974911446927,-0.0040189208325632705,0.999991758620109,1.0,cam511_channel_baseline
353,511.0,2.7723181392178953,1.0566726421311345,12000.0,0.00047992606068665734,-0.0011785240748914832,0.9999991903756628,1.0,cam511_channel_baseline
354,511.0,-0.09005972550339753,-5.010133576667163,12000.0,-0.0002789101064433059,0.0011894027820239942,0.9999992537648088,1.0,cam511_channel_baseline
355,511.0,4.300756895836293,8.34521274859623,12000.0,0.0017245799814507273,0.003350804087347867,0.9999928989427155,1.0,cam511_channel_baseline
356,511.0,4.531833307309368,-2.9042398336327477,12000.0,0.0012138515588660539,-0.0019311057384506052,0.9999973986941266,1.0,cam511_channel_baseline
357,511.0,3.1555467724727775,-17.922190693667186,12000.0,-0.00020662329710459013,0.0008178691180522269,0.9999996441983962,1.0,cam511_channel_baseline
358,511.0,4.997123830609205,-27.511164017070616,12000.0,-0.0022158878701456644,-0.0009559459114548117,0.9999970879999408,1.0,cam511_channel_baseline
360,511.0,9.778878438740731,-1.7157151018185102,12000.0,0.002928901818418663,-0.001762977472366062,0.9999941567052131,1.0,cam511_channel_baseline
361,511.0,6.019979055893708,-12.038185076813987,12000.0,0.003052981114700495,-0.0008841478800865634,0.9999949487816623,1.0,cam511_channel_baseline
363,511.0,-6.303175106378072,-8.756611925641371,12000.0,-0.0006892454262444769,-0.003560844947865702,0.9999934226403691,1.0,cam511_channel_baseline
364,511.0,-9.674264083860574,5.278308106768612,12000.0,-0.0005137567638616432,-0.0011921233411056596,0.9999991574476087,1.0,cam511_channel_baseline
365,511.0,-5.531579965723622,1.050098033438234,12000.0,0.0006216908274558864,0.002036982693679677,0.9999977320984387,1.0,cam511_channel_baseline
366,511.0,-10.770263412604098,5.156248513826295,12000.0,-0.0014662475029533822,-0.002246760558462364,0.9999964010861504,1.0,cam511_channel_baseline
367,511.0,-1.705562798019575,-5.543524689049844,12000.0,-0.0005163557235249607,-0.003126001644178323,0.9999949807326473,1.0,cam511_channel_baseline
368,511.0,-9.001135065080462,-3.6459585694858747,12000.0,-0.0016286276942200537,0.000659056073729515,0.9999984566072716,1.0,cam511_channel_baseline
369,511.0,-4.030932165319323,-11.984987854780382,12000.0,0.000718184600713401,-0.0034653939168791397,0.9999937376083313,1.0,cam511_channel_baseline
371,511.0,1.0937743628241285,-8.713322393717762,12000.0,-0.0017655051389211956,-0.003957724764574685,0.9999906096590568,1.0,cam511_channel_baseline
372,511.0,1.4425627268881176,0.6318573021479174,12000.0,-0.0020069433617409937,0.0018955313926503974,0.9999961895622814,1.0,cam511_channel_baseline
373,511.0,-8.857724407293283,-0.3011104383814206,12000.0,-0.0035168141170884718,0.0009637601281935966,0.9999933515703399,1.0,cam511_channel_baseline
375,511.0,-3.1425120891684486,9.036890498188571,12000.0,-0.002414186830773879,0.002172802400615659,0.9999947253019258,1.0,cam511_channel_baseline
376,511.0,-2.069861063397506,2.103897382631033,12000.0,-0.00046676945555274767,-0.002860085564724293,0.9999958010096032,1.0,cam511_channel_baseline
379,511.0,5.4717125127603765,-3.9257732627213624,12000.0,0.000614937134315377,-3.348667770363047e-05,0.9999998103654636,1.0,cam511_channel_baseline
380,511.0,-8.45246084410812,-1.7846656236300025,12000.0,6.052934323017186e-05,0.00031860141996154574,0.9999999474146655,1.0,cam511_channel_baseline
381,511.0,-3.3413118743594326,-1.8126930188799444,12000.0,-0.00011535064534690196,0.000813153949992192,0.9999996627373843,1.0,cam511_channel_baseline
382,511.0,0.18014458787959522,-6.448911471226249,12000.0,0.002216523258527699,0.0007105939572157766,0.9999972910367668,1.0,cam511_channel_baseline
383,511.0,-7.021464897793791,2.221773606231377,12000.0,0.0021423181119833994,-0.001991966139515617,0.9999957212628493,1.0,cam511_channel_baseline
384,511.0,-8.398138980170604,1.6825118481136674,12000.0,0.00017299532902534173,0.0008779068690493047,0.9999995996759926,1.0,cam511_channel_baseline
385,511.0,10.94453568194864,-10.128740790825676,12000.0,0.0009308167497033921,-0.0028708605331927892,0.9999954458596186,1.0,cam511_channel_baseline
386,511.0,-2.035401030452491,-11.572577925459152,12000.0,0.0015511665191384595,0.0002013719541018237,0.9999987766651347,1.0,cam511_channel_baseline
387,511.0,-0.8410891831176155,10.841106381880945,12000.0,-0.00065523838457367,0.00016471679483008936,0.9999997717654923,1.0,cam511_channel_baseline
388,511.0,1.405206585642565,0.37863012458611817,12000.0,0.0008725747723555762,0.00045405952768927345,0.999999516221489,1.0,cam511_channel_baseline
389,511.0,9.796445667175183,1.910317707004886,12000.0,0.0026389687809666566,0.0003425796418354144,0.9999964592352125,1.0,cam511_channel_baseline
390,511.0,5.4602110693375465,3.191407240503189,12000.0,0.002151899106420284,0.0016200476736911015,0.9999963723813056,1.0,cam511_channel_baseline
391,511.0,-7.748311870038523,-1.88910796757823,12000.0,0.0011583596005825456,0.00283669558591131,0.999995305669576,1.0,cam511_channel_baseline
392,511.0,-9.579807418288924,-14.496929153131,12000.0,0.0004272353645493747,-0.002026167543646443,0.999997856055216,1.0,cam511_channel_baseline
393,511.0,-5.04926591676198,-6.730638092781493,12000.0,-0.002377990617966294,-0.00041696086911547725,0.9999970856478805,1.0,cam511_channel_baseline
394,511.0,1.6321801166337293,0.7467000552405804,12000.0,0.0011024357126276686,0.0023815915205803707,0.9999965563227349,1.0,cam511_channel_baseline
395,511.0,6.679016738860459,-2.401580868469876,12000.0,0.0014648890640604803,-0.002214519840721031,0.9999964749947395,1.0,cam511_channel_baseline
396,511.0,-8.709365221990117,5.3950214948887725,12000.0,0.00089696762266324,-0.000300828006712807,0.9999995524756969,1.0,cam511_channel_baseline
397,511.0,0.20032136384159233,-9.037506942151191,12000.0,-3.391939349224813e-05,0.0005077009617207552,0.9999998705445957,1.0,cam511_channel_baseline
399,511.0,-0.8788072147685874,-2.2336206290082403,12000.0,-0.0023197970094031646,-0.0024460983694141692,0.9999943175561561,1.0,cam511_channel_baseline
400,511.0,6.612554887064276,1.1375828088166307,12000.0,0.0020623694859148475,-0.0012077960151276267,0.9999971439263661,1.0,cam511_channel_baseline
401,511.0,-0.8267806316975056,-9.346306687651975,12000.0,-0.003060637998971046,-0.0008675067742021926,0.999994939950716,1.0,cam511_channel_baseline
402,511.0,6.531632944232013,9.847775783813471,12000.0,0.0004527035569846514,-0.002409236109062756,0.999996995315916,1.0,cam511_channel_baseline
403,511.0,-8.491835103406748,15.196540038149811,12000.0,-0.003785909057630103,-1.0085516582288779e-05,0.9999928333697645,1.0,cam511_channel_baseline
405,511.0,-12.081659785312704,3.9833924002178587,12000.0,-0.0042940481467357225,-0.0012888147156540717,0.99998995000307,1.0,cam511_channel_baseline
407,511.0,1.693418042415054,10.286024806749097,12000.0,-0.0027910075987388682,-0.0011405744687457084,0.9999954546729026,1.0,cam511_channel_baseline
408,511.0,-0.26963182388312085,0.8033850347416157,12000.0,0.0020300417416104664,-0.00032019917086240855,0.9999978881992793,1.0,cam511_channel_baseline
409,511.0,-1.849411292439516,0.4475535810516563,12000.0,0.0005592986760197461,0.001135540657532348,0.9999991988658822,1.0,cam511_channel_baseline
410,511.0,-14.1857298159691,9.403035505115065,12000.0,-0.0038478707898837693,-0.001103253109777546,0.9999919883293865,1.0,cam511_channel_baseline
411,511.0,10.709658990219058,-4.445693562139869,12000.0,0.0015882019213782446,-0.001311502626918425,0.9999978787855086,1.0,cam511_channel_baseline
413,511.0,1.236764520080735,-2.688073004511349,12000.0,0.001407563056293969,-0.0004840289399101311,0.9999988922405004,1.0,cam511_channel_baseline
414,511.0,-5.774191534153423,-12.198964999442472,12000.0,-0.002996008078661182,0.0010939654183823747,0.9999949135746922,1.0,cam511_channel_baseline
415,511.0,-6.728522820029039,-8.897860898760712,12000.0,-0.0027696932304501136,0.0016621893341963701,0.9999947829494044,1.0,cam511_channel_baseline
416,511.0,-7.615216662080374,-1.295881181245321,12000.0,-0.0022965018620208443,-0.0019633972839103514,0.9999954355647346,1.0,cam511_channel_baseline
417,511.0,-7.236492050582745,6.913938321149823,12000.0,-0.0030324719764878785,0.002662830477387616,0.9999918566906236,1.0,cam511_channel_baseline
419,511.0,-10.174915728941537,-13.416845123909358,12000.0,0.0017475999769943856,0.0006554710319642754,0.9999982581245062,1.0,cam511_channel_baseline
420,511.0,-12.808100474276458,3.731100311399475,12000.0,-0.002743076000683074,0.002878160299266957,0.9999920958324351,1.0,cam511_channel_baseline
421,511.0,0.4452962918313824,6.408249769984368,12000.0,-0.003123825291319861,-0.0012890465739341633,0.9999942900209379,1.0,cam511_channel_baseline
424,511.0,4.6742159724441565,-3.2244289002504547,12000.0,0.0018257008622973561,0.001704654740718124,0.9999968804794224,1.0,cam511_channel_baseline
425,511.0,8.49912535198915,2.3401667494101517,12000.0,-0.0014240126385276454,0.0017514879664671224,0.9999974522357087,1.0,cam511_channel_baseline
426,511.0,-7.957088478878539,-9.064994856790522,12000.0,-0.002194778840960375,-0.001085897264719435,0.9999970018819906,1.0,cam511_channel_baseline
427,511.0,2.3225365300125342,-1.6140490747601044,12000.0,0.0008791627419791156,-0.0035364773425728096,0.9999933601783957,1.0,cam511_channel_baseline
428,511.0,11.877344486892389,10.658465463333627,12000.0,-0.0009029562820410995,-0.0013009957927714799,0.9999987460391637,1.0,cam511_channel_baseline
429,511.0,0.7171382992927859,-5.604119808842326,12000.0,-0.001778869585553333,0.00038003125837144297,0.9999983455982515,1.0,cam511_channel_baseline
430,511.0,-9.7922097082925,-3.516893327509323,12000.0,0.0008857739199593629,0.0022664926297516668,0.9999970392034778,1.0,cam511_channel_baseline
433,511.0,-5.610294499992189,-0.4313050601814398,12000.0,-0.0009733891096980534,-0.0013164664277660304,0.9999986597139947,1.0,cam511_channel_baseline
435,511.0,-2.7725595703683887,-1.176632145634023,12000.0,0.0010259571720660028,0.0020760037805544864,0.9999973188064977,1.0,cam511_channel_baseline
436,511.0,3.8209779333202496,8.144023257871366,12000.0,0.0029000855049352244,0.0017083098830921813,0.9999943355746608,1.0,cam511_channel_baseline
437,511.0,-3.5506654291479114,6.598807694420844,12000.0,-0.0038503596805218687,0.000705856645671444,0.9999923382190118,1.0,cam511_channel_baseline
438,511.0,-1.194774834064321,-6.718264774467243,12000.0,0.0002778578333976982,-0.004148557858019012,0.999991356094003,1.0,cam511_channel_baseline
441,511.0,-11.58084869122557,6.161165965506416,12000.0,-0.0006417722750838235,-0.00019393520682750456,0.9999997752587161,1.0,cam511_channel_baseline
442,511.0,2.081988648536184,7.24090648240194,12000.0,0.00233312097375756,0.0015035510205220852,0.9999961479330061,1.0,cam511_channel_baseline
443,511.0,-5.775577872571766,14.915254252117219,12000.0,-4.123230028352548e-05,0.003085321541926489,0.9999952395341091,1.0,cam511_channel_baseline
444,511.0,-14.349351465347189,-0.02643054118352669,12000.0,-0.002294166637112887,0.0019281618563796476,0.999995509485566,1.0,cam511_channel_baseline
447,511.0,-5.8016415655683105,-15.025956154419756,12000.0,-0.0012638337161885547,-0.0013115945506566784,0.9999983412206604,1.0,cam511_channel_baseline
449,511.0,-9.806708624458405,-14.331222815301883,12000.0,0.0009571542961104758,0.00040772501224660716,0.9999994588078376,1.0,cam511_channel_baseline
450,511.0,-0.21445456525550138,3.1385690432410924,12000.0,-0.0019518304500823508,0.0018598966237784414,0.999996365564617,1.0,cam511_channel_baseline
451,511.0,6.68750813624232,10.859891042525199,12000.0,0.0022948903639742712,0.0020984095825718166,0.9999951650660323,1.0,cam511_channel_baseline
452,511.0,-1.5815443222220351,-6.152577970982719,12000.0,0.0014434258507729017,-0.001925981945361111,0.999997103553485,1.0,cam511_channel_baseline
453,511.0,1.0268665470095384,-2.7144799818477994,12000.0,-0.0012526427170098282,0.0008043523587928894,0.9999988919511392,1.0,cam511_channel_baseline
454,511.0,-5.031175722996714,1.1485710445715156,12000.0,0.0012033531882235798,0.0022063077997873408,0.9999968420685122,1.0,cam511_channel_baseline
455,511.0,-10.314913141245738,6.856357020679324,12000.0,-0.002914166675547809,0.002421328938180512,0.999992822373621,1.0,cam511_channel_baseline
456,511.0,4.921426429474777,8.202637320200314,12000.0,0.0017227566446798822,0.0024782877486005717,0.9999954450893156,1.0,cam511_channel_baseline
457,511.0,-8.204043996011729,12.69001498008587,12000.0,-0.0015004771552155458,0.0006083572750527446,0.9999986892340074,1.0,cam511_channel_baseline
458,511.0,-10.554306667618972,-4.973583586312658,12000.0,-0.0003857760965104653,-0.0011267055953014691,0.999999290855401,1.0,cam511_channel_baseline
459,511.0,-3.3176398480570337,-0.1265804560537267,12000.0,-0.0030539460853833723,0.0006190252196970115,0.9999951450987575,1.0,cam511_channel_baseline
461,511.0,5.449536679587853,-2.6533855030335607,12000.0,0.0007670843241308191,-0.002953784138687533,0.9999953433596087,1.0,cam511_channel_baseline
462,511.0,1.6643320632815672,-13.146962796933991,12000.0,0.0012615017870750095,-0.0018723631006175411,0.9999974514315828,1.0,cam511_channel_baseline
463,511.0,4.72668131816809,1.9879014437455493,12000.0,-0.0006266382376959036,0.0017971196797394611,0.9999981888410477,1.0,cam511_channel_baseline
464,511.0,4.46780259446178,7.08776488359102,12000.0,-3.8683462606830205e-05,0.0034092160842017012,0.99999418785775,1.0,cam511_channel_baseline
465,511.0,8.68023103788816,12.354710090012766,12000.0,0.00298246506793277,0.0035624126090122985,0.9999892070010165,1.0,cam511_channel_baseline
466,511.0,-7.21846507894008,-9.448481149824552,12000.0,-0.0021241898333655756,-0.0010845784440874568,0.9999971557495303,1.0,cam511_channel_baseline
467,511.0,-0.3589349846883753,0.05916816668603554,12000.0,-0.0011076126261620335,-0.002377216349204322,0.9999965610124364,1.0,cam511_channel_baseline
468,511.0,22.81745961069402,-3.8935512788720237,12000.0,0.0033363093657333416,-0.0016050417342721099,0.9999931464169379,1.0,cam511_channel_baseline
474,511.0,0.6536061677503932,9.508012706799331,12000.0,-0.0006705478615123221,-0.0027884037541665773,0.9999958875765786,1.0,cam511_channel_baseline
476,511.0,-1.0527540942710572,7.206324454368568,12000.0,-0.0013355595978432934,-0.0008299698974694418,0.9999987637145008,1.0,cam511_channel_baseline
477,511.0,2.269508039704606,-5.805819661595927,12000.0,-0.0027346529773172104,-0.0016442242589083276,0.9999949090868814,1.0,cam511_channel_baseline
479,511.0,-4.00543970770769,3.6187799656573323,12000.0,-0.002341855288331376,0.001362325211852276,0.999996329885178,1.0,cam511_channel_baseline
480,511.0,11.989533910839063,-13.291018552065923,12000.0,0.001477278873303896,-0.0022516495615687135,0.9999963738541167,1.0,cam511_channel_baseline
481,511.0,-1.0692092638092785,4.4286823703155855,12000.0,0.0033280034473386583,-1.3575067620539976e-05,0.9999944620890517,1.0,cam511_channel_baseline
482,511.0,3.7599365307460717,9.51167995042299,12000.0,0.0010504809835043193,-0.001079431782895674,0.9999988656577213,1.0,cam511_channel_baseline
483,511.0,11.667646313536217,-7.854325298361185,12000.0,-0.0007070727623686551,-0.002699703711196718,0.9999961058164079,1.0,cam511_channel_baseline
484,511.0,1.1465393806449355,16.249607136786732,12000.0,4.3668955063979456e-05,-0.0014054206382832107,0.9999990114424374,1.0,cam511_channel_baseline
485,511.0,1.6607730657496382,6.583384843374723,12000.0,-0.0005454381052484539,-0.0013046550827643432,0.9999990001856943,1.0,cam511_channel_baseline
486,511.0,14.520704591304748,-8.586482358293273,12000.0,0.00353374928436217,-0.0028129734523215304,0.9999897998461544,1.0,cam511_channel_baseline
487,511.0,-7.266906166969535,-4.601187874806205,12000.0,0.0028783318450073684,0.0009624044710278559,0.9999953944811066,1.0,cam511_channel_baseline
489,511.0,2.939316360235585,-9.675026797237537,12000.0,-0.00012747189472018448,0.0011390745301561305,0.9999993431298496,1.0,cam511_channel_baseline
491,511.0,-2.045753602583957,-10.896153426574005,12000.0,0.0010901676954004826,0.0007956911570530952,0.9999990892045745,1.0,cam511_channel_baseline
492,511.0,0.6295101326430498,8.851708740799307,12000.0,0.00036471859357429826,-0.0015792453036317137,0.9999986864814465,1.0,cam511_channel_baseline
493,511.0,5.251609680600197,0.33684986393929,12000.0,-0.0009446810542487393,-0.001987045659617084,0.999997579610697,1.0,cam511_channel_baseline
496,511.0,-5.548374285667136,-3.6184024158099835,12000.0,-0.0031417277754945505,0.0011006477548865421,0.999994459045201,1.0,cam511_channel_baseline
498,511.0,7.6177572336836,-5.553428686961142,12000.0,-3.806021545819371e-05,0.00013209607946259772,0.9999999905510228,1.0,cam511_channel_baseline
499,511.0,-15.354310715870485,-16.90934443411729,12000.0,0.00020983035030532215,-0.004808192142511019,0.9999884185627076,1.0,cam511_channel_baseline
500,511.0,-8.030053603035471,8.34223922530006,12000.0,6.620499775845036e-05,0.0024419773043936844,0.99999701617742,1.0,cam511_channel_baseline
502,511.0,0.5645554940525103,10.363548174236245,12000.0,0.0005764385940320286,0.0013291373946663007,0.999998950555616,1.0,cam511_channel_baseline
503,511.0,3.90601791020166,-9.901821244995142,12000.0,0.0012636656048876285,0.001381432137837488,0.9999982473957081,1.0,cam511_channel_baseline
504,511.0,-0.9092088639923915,-0.18949209679533544,12000.0,0.002094730558621543,0.0018885617260341072,0.9999960227113375,1.0,cam511_channel_baseline
505,511.0,4.58036987357835,12.03735921276351,12000.0,0.0009350116362174439,-0.00033465086081971323,0.9999995068808991,1.0,cam511_channel_baseline
506,511.0,3.159250581422989,6.335302764525469,12000.0,-0.0010528159691875186,-0.0015906943536419743,0.9999981806333491,1.0,cam511_channel_baseline
507,511.0,13.077372028728538,1.0941623501957685,12000.0,0.0018255945430687764,0.0016007274102561872,0.9999970524338171,1.0,cam511_channel_baseline
508,511.0,-8.801992845635967,-6.078864642742454,12000.0,-0.0006206701443992096,-0.002090920535631666,0.999997621407114,1.0,cam511_channel_baseline
509,511.0,10.071701068240401,11.20788586202498,12000.0,-0.0010396095451070055,0.0009889301630603337,0.9999989706140334,1.0,cam511_channel_baseline
510,511.0,-8.810677973557622,1.4735108543697992,12000.0,0.0018867782366170276,-0.0004582483985701928,0.999998115036369,1.0,cam511_channel_baseline
511,511.0,-0.6626962610184196,-2.8419761250722746,12000.0,-0.00028747363166496334,0.0005119368763795845,0.999999827639758,1.0,cam511_channel_baseline
512,511.0,-2.1904121079150443,-6.071684709031337,12000.0,0.0012318353966306495,-0.002661773462557282,0.9999956987625446,1.0,cam511_channel_baseline
513,511.0,7.411226708996461,-9.120855537411275,12000.0,0.001694260895335578,0.002268317276648752,0.9999959921003438,1.0,cam511_channel_baseline
514,511.0,-14.663348302632317,-7.399327942265746,12000.0,-0.0027430133569994364,0.0005956911098543636,0.9999960605071527,1.0,cam511_channel_baseline
515,511.0,2.213838976410341,-1.3270054723850575,12000.0,-0.00254365537368518,0.0015474168833389669,0.9999955676493417,1.0,cam511_channel_baseline
516,511.0,9.844363404078608,-0.5201817850285413,12000.0,-0.0003951322017684053,-0.0032268385988514755,0.999994715677638,1.0,cam511_channel_baseline
518,511.0,4.912693816555849,-1.9940113256047125,12000.0,0.0019408331165293104,0.001953992596520805,0.9999962075326819,1.0,cam511_channel_baseline
519,511.0,8.646797308923766,-4.893403445396609,12000.0,0.002676708664532787,0.0014743146127827724,0.9999953308026732,1.0,cam511_channel_baseline
520,511.0,-3.052553225490773,-9.230003255861053,12000.0,0.0003882985549619488,2.162742828769517e-05,0.9999999243782405,1.0,cam511_channel_baseline
521,511.0,-4.3213556027299855,-14.884404914340301,12000.0,-0.001921533250943949,0.0007938419469935938,0.9999978387601288,1.0,cam511_channel_baseline
523,511.0,1.3186564057581172,-13.84454622709456,12000.0,0.0029940402712121585,-0.0033805950750764907,0.999989803597913,1.0,cam511_channel_baseline
526,511.0,-5.682395429446834,-6.861765592551256,12000.0,0.0013388195227714205,-0.0018880577395840137,0.9999973213965413,1.0,cam511_channel_baseline
527,511.0,-5.271327047934619,5.789704321871813,12000.0,0.0031511990956288134,0.001177451178666157,0.999994341760483,1.0,cam511_channel_baseline
528,511.0,-5.277829125320001,-17.52647344767126,12000.0,0.0005849714739262914,-0.0004233725060722237,0.9999997392820139,1.0,cam511_channel_baseline
529,511.0,-0.9737765979276596,-12.795012055398393,12000.0,0.00021596104753918407,-0.002767442052998457,0.999996147305233,1.0,cam511_channel_baseline
530,511.0,19.718030848880794,9.711079084688054,12000.0,0.0014326230484612487,0.0016574138903439162,0.9999976002823193,1.0,cam511_channel_baseline
531,511.0,5.050437674070506,17.878013032237167,12000.0,-0.0007770792510821813,0.0019058794910783437,0.9999978818833583,1.0,cam511_channel_baseline
532,511.0,-3.6882901731680775,-8.15748860772296,12000.0,-0.0034003543243350644,0.0001472484176167725,0.9999942079374122,1.0,cam511_channel_baseline
534,511.0,3.236565598428028,3.0686867692525537,12000.0,-0.003071469982338762,0.0016453667800139168,0.9999939294017273,1.0,cam511_channel_baseline
536,511.0,9.065587726079873,9.369082026538376,12000.0,0.0006591365868929392,0.0008447974693281921,0.999999425927933,1.0,cam511_channel_baseline
537,511.0,-7.900497253859721,-8.258744671046543,12000.0,-0.00011833823319803954,-0.004279952007148816,0.9999908339614314,1.0,cam511_channel_baseline
539,511.0,14.76439679232317,7.814101013755071,12000.0,0.0026178172723854117,0.001318307055435606,0.9999957045403924,1.0,cam511_channel_baseline
540,511.0,14.29878896799921,7.894183448250266,12000.0,0.0006197841177233944,-0.0018641066858305242,0.9999980704850941,1.0,cam511_channel_baseline
542,511.0,3.057597411644588,6.692336941871187,12000.0,0.00015101847561531422,0.0007472687301781358,0.9999997093913902,1.0,cam511_channel_baseline
543,511.0,-10.878465573353866,-11.905980749002442,12000.0,8.843733462208625e-05,-0.0006218942485956054,0.9999998027131712,1.0,cam511_channel_baseline
544,511.0,6.4032824223955895,9.076631319279008,12000.0,0.0024435432170209583,-0.0021183608491381653,0.9999947708082575,1.0,cam511_channel_baseline
545,511.0,-7.775352603221473,9.350568367982305,12000.0,0.00013266689513595858,0.0029798546274297823,0.9999955514230523,1.0,cam511_channel_baseline
546,511.0,-2.1807590086864064,-3.6776131290625127,12000.0,-0.00030341808987778497,-0.0017544199022512742,0.9999984149728786,1.0,cam511_channel_baseline
547,511.0,11.602979607384865,5.324769325929271,12000.0,0.003265915203844886,-0.00025413924667125294,0.9999946345911684,1.0,cam511_channel_baseline
548,511.0,6.467572423236363,-12.185086342575975,12000.0,0.0004711258799479416,-0.004148061370906183,0.9999912857756654,1.0,cam511_channel_baseline
549,511.0,8.821395150423589,-9.54820686006181,12000.0,0.0008872176832209322,-0.0011303054686658673,0.9999989676266322,1.0,cam511_channel_baseline
550,511.0,3.366138486701562,4.165304036823845,12000.0,-0.002955331354575511,7.595336613980077e-05,0.9999956301142875,1.0,cam511_channel_baseline
551,511.0,8.789923876086984,-10.353161158642509,12000.0,0.002723397968447613,0.0007388375451107661,0.999996018603368,1.0,cam511_channel_baseline
552,511.0,-5.64194145844566,6.262988101011034,12000.0,-0.00274282848617164,-0.002378780654576334,0.9999934091255265,1.0,cam511_channel_baseline
553,511.0,1.4756518385705137,0.4956889053368565,12000.0,-0.000855561550717948,0.0007098691354794778,0.9999993820499308,1.0,cam511_channel_baseline
554,511.0,2.4891951147651703,6.3326735117250115,12000.0,-0.0020636049408104024,0.002971426291776241,0.9999934560588088,1.0,cam511_channel_baseline
555,511.0,-0.8426871977689425,-13.644133418195455,12000.0,0.0017931615225567007,0.0004742263245494014,0.9999982798390941,1.0,cam511_channel_baseline
556,511.0,13.610767723772291,-5.25289101285925,12000.0,-0.002221525820627753,0.0009055346692210183,0.9999971224108554,1.0,cam511_channel_baseline
557,511.0,11.610492426992113,-4.190049192970483,12000.0,-0.0013369564152593554,-0.0007068750874882128,0.9999988564369233,1.0,cam511_channel_baseline
558,511.0,-1.325935465138533,6.885410299418957,12000.0,-0.003287365535068773,-0.0006142752077289547,0.9999944079312684,1.0,cam511_channel_baseline
559,511.0,0.9140779822752363,-0.0676352441300818,12000.0,-0.0011675088837966338,0.0021361667682472333,0.9999970368528821,1.0,cam511_channel_baseline
560,511.0,-13.743524684095945,11.477823467986523,12000.0,0.0006740604068050206,0.0026395110342573797,0.9999962893051494,1.0,cam511_channel_baseline
561,511.0,-5.479936741719168,4.16306136527651,12000.0,-0.0019996830438569553,-0.001838533442784971,0.9999963105244457,1.0,cam511_channel_baseline
562,511.0,12.638393784158366,-2.1915860980428463,12000.0,0.0004346207072378527,0.0008274883307696719,0.9999995631838563,1.0,cam511_channel_baseline
563,511.0,13.2025936637311,-11.592550369815637,12000.0,-0.0012296386171197927,0.00029315937349883866,0.9999992010229073,1.0,cam511_channel_baseline
564,511.0,6.4720844072892545,-5.857824585564701,12000.0,-7.745078527423457e-05,-0.003023716826638017,0.9999954255585013,1.0,cam511_channel_baseline
565,511.0,16.850057982981802,0.1725465849769353,12000.0,0.0009785456834171607,-0.0023020074417734056,0.9999968716001484,1.0,cam511_channel_baseline
566,511.0,-9.930015707246717,4.923527776427092,12000.0,-0.0011664020725406737,-0.0010578369707015351,0.9999987602428058,1.0,cam511_channel_baseline
567,511.0,11.240226835687135,2.8766044105372313,12000.0,0.004162025889714235,-0.00012632807072664306,0.999991330753278,1.0,cam511_channel_baseline
569,511.0,7.566461092884496,-10.524402262149259,12000.0,-1.92078194577846e-05,-0.0033931680591797976,0.9999942430042194,1.0,cam511_channel_baseline
571,511.0,-1.551884964032161,-1.732771372757379,12000.0,-0.0021412834450531353,0.0020401895192255232,0.999995626256402,1.0,cam511_channel_baseline
572,511.0,-3.8582154461684315,-6.307481758043694,12000.0,-0.0004831572652484011,-0.0025183973634182732,0.9999967121114834,1.0,cam511_channel_baseline
573,511.0,-9.732389796650416,4.453731093421176,12000.0,-0.0012726367506056258,0.00021234639633731746,0.9999991676520081,1.0,cam511_channel_baseline
575,511.0,3.60004718864564,-3.5887461542725525,12000.0,0.0029171377707900644,-0.0028264150339873096,0.9999917508086164,1.0,cam511_channel_baseline
576,511.0,10.286067914171714,0.205498917999467,12000.0,-0.0005762179422884566,0.0032711255112197204,0.9999944838401723,1.0,cam511_channel_baseline
577,511.0,-11.517520320958557,7.7016863081305305,12000.0,-0.0015970460242786173,-0.0008942469562232912,0.9999983248817857,1.0,cam511_channel_baseline
578,511.0,-6.2964436226752145,4.556409764491351,12000.0,-0.0015817264618858582,0.003323480134638451,0.9999932262876557,1.0,cam511_channel_baseline
579,511.0,-16.984492196820746,-7.78053138015953,12000.0,0.0008702181837551959,-0.00029669558566587905,0.9999995773459317,1.0,cam511_channel_baseline
580,511.0,-10.033084532103274,-4.702515574232256,12000.0,0.001243004905353541,0.00044822489281784873,0.9999991270162443,1.0,cam511_channel_baseline
581,511.0,-3.9791235624889576,5.422945719115806,12000.0,0.0026024264964284545,-0.0004961241780097813,0.9999964906124074,1.0,cam511_channel_baseline
582,511.0,18.73990930090663,-7.173476932190912,12000.0,0.00011264416126071702,0.00013272765591628214,0.999999984847331,1.0,cam511_channel_baseline
583,511.0,-7.3097125480246055,4.807479795334363,12000.0,3.873682083403667e-05,-0.0014469743263159191,0.9999989523818301,1.0,cam511_channel_baseline
585,511.0,-9.797870355108072,9.347019968128967,12000.0,0.0010728739345609035,0.0021032036653434636,0.9999972127340468,1.0,cam511_channel_baseline
587,511.0,7.425117821906995,11.588112333937307,12000.0,0.0014636124180333497,-0.00048387892108910986,0.999998811849234,1.0,cam511_channel_baseline
588,511.0,2.1267344254035163,5.0787331967082965,12000.0,0.0021228779548435363,-0.001799742835048356,0.9999961271499588,1.0,cam511_channel_baseline
590,511.0,-16.608572932252656,6.4324865752671805,12000.0,0.0014291973590422897,0.0020694289253388306,0.999996837424415,1.0,cam511_channel_baseline
594,511.0,-9.208273334211153,3.3456618634409496,12000.0,-0.002528249693542168,0.002144654051910859,0.9999945041911403,1.0,cam511_channel_baseline
595,511.0,1.2636419807828818,-1.7980884022188766,12000.0,-0.0027484570502461477,-0.0006553787297629257,0.9999960082233147,1.0,cam511_channel_baseline
596,511.0,13.808428296579391,-11.766726886890238,12000.0,-0.002013969887158585,0.0005921502044770194,0.9999977966392872,1.0,cam511_channel_baseline
597,511.0,-4.103655487909789,3.1560029250023116,12000.0,-0.000714746358990833,0.002556433120381713,0.9999964768874655,1.0,cam511_channel_baseline
598,511.0,-1.7249812948364824,3.3421623629682373,12000.0,-0.002200610205058748,0.0005846645400712838,0.9999974077376905,1.0,cam511_channel_baseline
600,511.0,-7.162727409125367,0.35782034810876323,12000.0,0.0005310569612334814,-0.0031113476332255336,0.9999950187347981,1.0,cam511_channel_baseline
601,511.0,6.687096172691699,11.543689272647779,12000.0,-0.0015375451245280584,-0.0019857208866687925,0.9999968464288027,1.0,cam511_channel_baseline
603,511.0,9.752399256430472,-7.108344908239577,12000.0,-0.0009160904198540574,0.0014588771976441412,0.9999985162267316,1.0,cam511_channel_baseline
604,511.0,-14.831397152254198,-8.679081451970143,12000.0,0.0019052345809672567,-0.00015376168887874548,0.9999981732175988,1.0,cam511_channel_baseline
605,511.0,3.2403920651723586,-3.8866101779687563,12000.0,-0.0028698589104957013,0.0005382850545478642,0.9999957370704308,1.0,cam511_channel_baseline
606,511.0,2.329552119078475,14.496726229399654,12000.0,-0.00022469342902996743,0.0011053241811795334,0.9999993638854564,1.0,cam511_channel_baseline
607,511.0,4.068915512009618,5.587178082381215,12000.0,-0.0015412171936510053,0.002370354608475631,0.9999960030263081,1.0,cam511_channel_baseline
609,511.0,7.698791233303389,-13.6420188437247,12000.0,0.0032087902427258208,-5.0933084785379714e-05,0.9999948505222409,1.0,cam511_channel_baseline
610,511.0,1.7037421030334459,2.814475304551052,12000.0,0.002645664429419509,0.0002657650473244503,0.9999964649080848,1.0,cam511_channel_baseline
611,511.0,1.7883305166328887,0.46462459124174704,12000.0,0.0033210476995202036,-0.001186600172768055,0.9999937812917675,1.0,cam511_channel_baseline
613,511.0,4.767240469945993,7.65679647955546,12000.0,0.0024406798946938367,0.001861588083885412,0.999995288774631,1.0,cam511_channel_baseline
615,511.0,5.741346522238809,14.54332100579185,12000.0,-0.0010124999080929652,-0.0006096492339215726,0.99999930158563,1.0,cam511_channel_baseline
616,511.0,-12.080296450636018,1.7667771450155443,12000.0,-0.0017100442348630905,0.003021658544122472,0.9999939726460143,1.0,cam511_channel_baseline
617,511.0,-6.859374827812554,-9.084128624574562,12000.0,0.001151402028088264,-0.00038186463366694925,0.9999992642261148,1.0,cam511_channel_baseline
618,511.0,-3.9606433695697314,4.604906428488792,12000.0,-0.0032420819973389813,-0.0003816981031321107,0.9999946715912443,1.0,cam511_channel_baseline
619,511.0,-17.6489989887457,0.683993191408031,12000.0,0.002215517152238868,0.0006054157260855221,0.9999973624742952,1.0,cam511_channel_baseline
620,511.0,2.185723556441284,4.134534986552529,12000.0,0.0016975846193566886,0.00020432734514906785,0.9999985382273298,1.0,cam511_channel_baseline
623,511.0,-1.0310447640763398,-4.747318157260957,12000.0,0.000816918205788973,-0.0022868517183821826,0.9999970514725847,1.0,cam511_channel_baseline
624,511.0,10.539034509354755,-12.573507145978034,12000.0,-0.0007069007292411903,0.0008493826910181497,0.9999993894200152,1.0,cam511_channel_baseline
625,511.0,-17.912485709415417,-3.1608891169036593,12000.0,-0.0010650799289771027,-0.002948981254485371,0.9999950845450719,1.0,cam511_channel_baseline
626,511.0,0.21315787955254156,2.79610100185012,12000.0,-0.0004312210147751168,0.0021636311884304584,0.9999975663712971,1.0,cam511_channel_baseline
627,511.0,-2.596362981908712,-2.4847282221891267,12000.0,-0.0010674590029965659,0.0019844653628364344,0.9999974612110276,1.0,cam511_channel_baseline
628,511.0,-2.84429338901168,15.159326497660015,12000.0,0.0018410021615280978,0.0015611011444032566,0.9999970868328859,1.0,cam511_channel_baseline
629,511.0,0.6527764329149938,5.218078969727683,12000.0,-0.00021781349869971366,0.001596654573366165,0.9999987016248837,1.0,cam511_channel_baseline
630,511.0,3.671669229700297,-9.870852316604859,12000.0,0.0031087890643557983,0.000424742951793667,0.9999950774998737,1.0,cam511_channel_baseline
631,511.0,3.568209477123209,-6.254066997385119,12000.0,0.0023073784448474324,-0.0035255945249180183,0.9999911230545789,1.0,cam511_channel_baseline
632,511.0,-13.559997627586535,-10.126192491002458,12000.0,-0.0017683869381194838,0.002371751358791649,0.9999956237919889,1.0,cam511_channel_baseline
635,511.0,-3.9919179522784183,3.094706368857501,12000.0,-0.0023882571229964754,-0.0028199563464828925,0.9999931720137485,1.0,cam511_channel_baseline
636,511.0,-7.208048372746813,4.694893640717344,12000.0,-0.0016121866792153917,0.0016018737602535007,0.999997417423949,1.0,cam511_channel_baseline
637,511.0,5.912326872292949,4.484105319404201,12000.0,0.001417603714936165,0.003373399407784628,0.9999933052656618,1.0,cam511_channel_baseline
638,511.0,10.60984596391076,-3.0261439309950577,12000.0,-3.074000202427044e-06,-0.002108319526205783,0.9999977774871933,1.0,cam511_channel_baseline
640,511.0,-7.772884852694801,-16.574093918445705,12000.0,0.0015623344520928348,-0.002038025129063323,0.9999967027768808,1.0,cam511_channel_baseline
641,511.0,6.823875710951028,-8.151676593601662,12000.0,0.0013324656150518644,0.002087182866430999,0.9999969340968335,1.0,cam511_channel_baseline
642,511.0,4.175800432627936,14.550670266108442,12000.0,0.0007349202190132844,0.0005589619226320567,0.9999995737268296,1.0,cam511_channel_baseline
644,511.0,-0.08528224545348047,-6.716535611796214,12000.0,-0.0013747836664316933,-0.0021625922005388772,0.9999967165770319,1.0,cam511_channel_baseline
645,511.0,16.209087533475426,11.512664246162345,12000.0,-7.281989564108596e-05,0.002885105693321138,0.9999958354225287,1.0,cam511_channel_baseline
646,511.0,-12.353286056994884,3.8216090824504683,12000.0,-0.001124063808043443,-6.154645433075074e-05,0.999999366346094,1.0,cam511_channel_baseline
647,511.0,2.4637095754774507,10.616096220743499,12000.0,-0.0010204127937146264,-0.0003832259068640329,0.9999994059476409,1.0,cam511_channel_baseline
650,511.0,-1.102097339404724,-3.0200031469021558,12000.0,-0.0031363584591494933,-0.00011453582257382963,0.9999950750564531,1.0,cam511_channel_baseline
651,511.0,7.97071563153176,2.1361288475828357,12000.0,0.0025730296288171296,0.003230385527988464,0.9999914720275718,1.0,cam511_channel_baseline
652,511.0,-5.2843675909800965,-2.360556589889756,12000.0,-0.000337046045652111,-0.0030883764113440746,0.999995174153908,1.0,cam511_channel_baseline
653,511.0,-7.266619945307722,10.120072408604758,12000.0,0.0015248454010229858,0.0036074632269942133,0.9999923304983737,1.0,cam511_channel_baseline
654,511.0,5.611154963115311,2.2641978576135893,12000.0,0.003199850122359627,-0.0010501300994001865,0.9999943290769047,1.0,cam511_channel_baseline
655,511.0,-3.2192855963224685,-11.367741569752836,12000.0,0.00018014023329371103,0.00012449755571756216,0.9999999760249272,1.0,cam511_channel_baseline
656,511.0,9.461314253347366,12.038903227900075,12000.0,0.002961124544561337,0.0010904649460944634,0.9999950213014228,1.0,cam511_channel_baseline
657,511.0,2.483754904968886,-2.864018275147679,12000.0,0.0004759987972184524,-0.0015842614631113258,0.9999986317694447,1.0,cam511_channel_baseline
659,511.0,3.647371346625855,-6.647195248390316,12000.0,0.0009684198544125633,-0.004226918870057661,0.9999905976157234,1.0,cam511_channel_baseline
661,511.0,-12.12183086612739,-5.309675796062424,12000.0,0.001410401065775029,0.0005526167135031412,0.9999988526911427,1.0,cam511_channel_baseline
663,511.0,19.753410318472508,6.58134041276408,12000.0,0.003120172551865193,0.0017890909569750009,0.9999935318174784,1.0,cam511_channel_baseline
664,511.0,2.8777465950911267,-7.401781659753599,12000.0,0.002394806366650294,-0.001095772610108916,0.9999965320864134,1.0,cam511_channel_baseline
666,511.0,4.606788865620859,5.892299620438774,12000.0,-0.0004051587708683276,0.0008592910544647277,0.9999995487325252,1.0,cam511_channel_baseline
667,511.0,-5.3180287250500164,8.070545844973827,12000.0,-0.0032689283753932494,0.0018936514802739186,0.9999928640702131,1.0,cam511_channel_baseline
668,511.0,4.758390335312863,1.8519753497908158,12000.0,0.003166477536364056,0.0019347512568677705,0.9999931150550916,1.0,cam511_channel_baseline
669,511.0,-9.13895128422753,-2.8595137443176912,12000.0,-0.0009843414973776696,-0.0015886524326831778,0.9999982536261074,1.0,cam511_channel_baseline
670,511.0,-16.69874656333177,-15.02670895261247,12000.0,-0.0028329485961297372,-0.003647836417063167,0.999989333788979,1.0,cam511_channel_baseline
671,511.0,21.73410881712487,8.700586486238947,12000.0,0.003403899416294117,0.0010534611758160868,0.9999936518240078,1.0,cam511_channel_baseline
672,511.0,7.129940016719782,3.3470677597040486,12000.0,-0.0005863650887305495,0.003371597768192157,0.9999941442350913,1.0,cam511_channel_baseline
673,511.0,12.822524594245886,-3.357008971785124,12000.0,0.004755890903459198,-0.0007917708495760889,0.9999883772327738,1.0,cam511_channel_baseline
674,511.0,0.1600515140236911,2.4431832103476623,12000.0,-0.0013458329962158608,0.001041610955013993,0.9999985518890339,1.0,cam511_channel_baseline
675,511.0,-6.779264631852993,6.346435201144318,12000.0,0.0013405607507927643,-0.0004272897025963617,0.9999990101597019,1.0,cam511_channel_baseline
676,511.0,11.149776187852288,-3.38832092100164,12000.0,-0.0004074907211030358,0.0008254953890991423,0.9999995762542475,1.0,cam511_channel_baseline
677,511.0,-16.07564012007537,-5.278253852918785,12000.0,-0.0028243497012711235,-0.0011099864748726266,0.9999953954787945,1.0,cam511_channel_baseline
678,511.0,-7.877016598982317,-0.7054774640946446,12000.0,-0.003644695490828957,0.0015407938629327196,0.9999921710438793,1.0,cam511_channel_baseline
679,511.0,-5.015657150370331,-4.295777822275384,12000.0,-0.001883459205743548,-0.0004435743735999794,0.9999981279098453,1.0,cam511_channel_baseline
680,511.0,0.6972065228239701,16.4932208843465,12000.0,-0.0012300023433031667,0.0011951099702336332,0.999998529402116,1.0,cam511_channel_baseline
681,511.0,-2.8103014539494575,-4.847334749471461,12000.0,0.0007435386019836207,-0.00048022457006402134,0.9999996082672782,1.0,cam511_channel_baseline
682,511.0,2.470845099470478,15.421619502714972,12000.0,0.00015779078243769988,-0.0015926393280945195,0.9999987193001997,1.0,cam511_channel_baseline
683,511.0,2.303781588636347,-3.229501933347288,12000.0,-0.0024845304967939237,-0.000541396217357732,0.9999967669939469,1.0,cam511_channel_baseline
684,511.0,-0.15806822179758734,-2.108099946256456,12000.0,0.0016542728187450625,0.0028343392022287675,0.9999946149368646,1.0,cam511_channel_baseline
685,511.0,0.4561598819896614,-11.621456093609424,12000.0,-0.0011812719818919857,0.0011042256448072448,0.9999986926402604,1.0,cam511_channel_baseline
686,511.0,9.517925769372434,-12.599420817416787,12000.0,-0.00037422960267787984,0.0009474657574601701,0.9999994811302868,1.0,cam511_channel_baseline
687,511.0,4.901798482243301,0.618291660684397,12000.0,0.0025855304005036237,0.001484176345785732,0.9999955561166873,1.0,cam511_channel_baseline
688,511.0,1.606331679714636,-12.646232034113687,12000.0,0.0009149742719736996,-0.004323590038293904,0.99999023464795,1.0,cam511_channel_baseline
689,511.0,-7.904300104365258,2.7308004111541164,12000.0,5.2706381003576595e-05,-0.0003087627656897337,0.9999999509437947,1.0,cam511_channel_baseline
690,511.0,-3.877111560701052,-4.184694758836569,12000.0,-0.0007463631839736951,0.0018759869370135916,0.9999979618054278,1.0,cam511_channel_baseline
691,511.0,-13.04381964624311,6.504751666009246,12000.0,0.0009492276879604194,0.00011438687023779013,0.9999995429411157,1.0,cam511_channel_baseline
692,511.0,-16.130981793761134,2.5393602249339673,12000.0,-0.0015277941227777017,-0.002045309414141981,0.9999967412719498,1.0,cam511_channel_baseline
695,511.0,4.906851319678958,-7.2640447281366765,12000.0,-0.0024103722009414697,-0.0013968846644399307,0.9999961194020142,1.0,cam511_channel_baseline
696,511.0,2.8017551269553387,-8.506726884524673,12000.0,0.0027823239071685505,-0.0033056830188147334,0.9999906655231611,1.0,cam511_channel_baseline
697,511.0,9.157970052994868,7.2900996396479245,12000.0,0.001970424273378207,0.001753782166015232,0.9999965208320962,1.0,cam511_channel_baseline
698,511.0,16.39867015957926,1.6859432132457124,12000.0,-0.0006466772896084048,-0.001721123800570578,0.9999983097692446,1.0,cam511_channel_baseline
699,511.0,0.26542896063529164,12.168935670213871,12000.0,-0.0029848860765932152,-0.0006922534424925723,0.9999953056091219,1.0,cam511_channel_baseline
701,511.0,-0.9098806655364098,-19.244847476261537,12000.0,0.0002920519234956979,0.0012092355543828362,0.9999992262272247,1.0,cam511_channel_baseline
702,511.0,-4.389463544868278,9.953666203440106,12000.0,-0.002869571491976413,0.0023704422762263685,0.9999930732574439,1.0,cam511_channel_baseline
703,511.0,-17.108612727986586,-11.029242779098091,12000.0,-0.0005314803449709414,-0.0007900722966897559,0.9999995466571017,1.0,cam511_channel_baseline
704,511.0,-4.279480209058601,6.3456534335025045,12000.0,-8.8812364002958e-05,8.956999139753573e-05,0.9999999920447903,1.0,cam511_channel_baseline
705,511.0,-12.729356102253995,1.2155995233401908,12000.0,-0.0012254320779490403,-0.00010893660856191058,0.9999992432242324,1.0,cam511_channel_baseline
706,511.0,0.9954396728861877,-7.008076085637043,12000.0,0.0006021723740783125,0.0015945613038554681,0.9999985473802849,1.0,cam511_channel_baseline
707,511.0,-15.71747619728084,-0.25024349487726083,12000.0,-0.003665253789535424,-0.0011827491760281288,0.99999258348202,1.0,cam511_channel_baseline
708,511.0,-11.45356681252987,8.05889902653839,12000.0,-0.0006878996342180689,0.004272890258953496,0.9999906345576083,1.0,cam511_channel_baseline
709,511.0,-6.882778679589531,12.037603393931503,12000.0,-0.0038279238591211635,0.002413195072222861,0.9999897616918246,1.0,cam511_channel_baseline
710,511.0,4.892930873423963,6.745157423964399,12000.0,-0.0010124911806213529,0.0028053537431271835,0.999995552416102,1.0,cam511_channel_baseline
711,511.0,4.62330486366938,-0.8376879713888682,12000.0,0.000998928563118839,0.0026389803347359234,0.999996018954335,1.0,cam511_channel_baseline
712,511.0,11.878507642555741,-14.330183223543209,12000.0,0.0002896805887731168,-0.0034432330312158025,0.9999940300979047,1.0,cam511_channel_baseline
713,511.0,6.034760879534558,1.4889950459872499,12000.0,0.003925403175450948,0.0014264132822310802,0.9999912782394947,1.0,cam511_channel_baseline
715,511.0,-9.206639747697588,-5.270356790342619,12000.0,-0.0009317660014272161,0.0003130881717756879,0.9999995168938409,1.0,cam511_channel_baseline
716,511.0,-3.3862622879503457,2.672367111853932,12000.0,-0.001733592721814689,-0.0025598592424973714,0.9999952208770467,1.0,cam511_channel_baseline
717,511.0,2.347306073935832,-2.594727134637168,12000.0,0.003005402905020828,0.0007318767296137881,0.9999952159434718,1.0,cam511_channel_baseline
718,511.0,1.2419535360230702,2.850873143525064,12000.0,-0.0006284465437445248,-0.0019437566199213845,0.9999979134303952,1.0,cam511_channel_baseline
719,511.0,-3.8269693029903067,-16.507480441032804,12000.0,0.0019345043269682614,-0.003906727790009778,0.9999904975403435,1.0,cam511_channel_baseline
720,511.0,2.9263592239114016,-6.093060830401295,12000.0,-0.0004670020043517797,0.0015844247601993853,0.999998635752723,1.0,cam511_channel_baseline
722,511.0,-10.849866327056327,-9.940596660105005,12000.0,0.0015535301281901363,0.0005145121303824824,0.9999986609098077,1.0,cam511_channel_baseline
723,511.0,-9.808835033753066,5.78569563431991,12000.0,-0.0028951530835756266,0.00033236562722426053,0.9999957538018411,1.0,cam511_channel_baseline
725,511.0,-6.442909851620246,-14.615554088783773,12000.0,-0.00100030435879355,0.0011950337248630143,0.9999987856420558,1.0,cam511_channel_baseline
727,511.0,-7.080347445510331,-8.46132986193375,12000.0,0.002400138885174222,-0.0007773059557586292,0.9999968175593276,1.0,cam511_channel_baseline
728,511.0,-6.039120185283908,2.1557123190617173,12000.0,-0.00050366054903606,-0.002890763684956873,0.9999956948964176,1.0,cam511_channel_baseline
731,511.0,9.05845502848778,7.491388893091569,12000.0,-0.0020351427370328898,-0.0009395186299453057,0.9999974877462362,1.0,cam511_channel_baseline
733,511.0,-4.8860939950834394,12.401135801351218,12000.0,0.0016070657446390175,0.003426505291612256,0.9999928381749437,1.0,cam511_channel_baseline
734,511.0,5.156915541371158,-9.94496878987109,12000.0,0.0012213834254785772,0.001779867514964738,0.9999976701443645,1.0,cam511_channel_baseline
737,511.0,-7.767376339481288,-16.73490696937911,12000.0,0.001482961244655624,-0.004029749203862606,0.9999907809311548,1.0,cam511_channel_baseline
738,511.0,22.493236865097423,-13.374476081782108,12000.0,-0.0006060031189131027,0.0012963096616892932,0.9999989761702164,1.0,cam511_channel_baseline
739,511.0,-15.521075574669533,2.5911348642803627,12000.0,-0.000982070712695959,-0.0012302882833629479,0.9999987609631599,1.0,cam511_channel_baseline
740,511.0,-9.877094970121213,8.216700298130487,12000.0,0.0015703402988106968,0.003274865904694235,0.9999934046205765,1.0,cam511_channel_baseline
743,511.0,10.687467070732032,-1.9053551549801544,12000.0,-0.0015807686950375826,9.915409629005372e-05,0.9999987456686122,1.0,cam511_channel_baseline
744,511.0,12.67251595817949,12.054808526919333,12000.0,0.002035924998147863,0.004159250582066053,0.9999892777645155,1.0,cam511_channel_baseline
745,511.0,3.7561199025184324,-4.550851835442332,12000.0,0.001106174044083081,-0.0007151573207137065,0.999999132464119,1.0,cam511_channel_baseline
746,511.0,-0.1997892695237027,-4.6273574339238595,12000.0,-0.001262859348598021,0.001390445525136902,0.9999982359221976,1.0,cam511_channel_baseline
748,511.0,-3.3473432308709796,-3.599695209535875,12000.0,0.0005515501241983016,-0.0024607971070817183,0.9999968201299733,1.0,cam511_channel_baseline
750,511.0,-2.474229862879872,2.375858323090794,12000.0,-0.0015163482316203488,0.000890275798189856,0.9999984540473268,1.0,cam511_channel_baseline
751,511.0,-3.885933274930265,7.331819289160357,12000.0,-0.0011112083818382245,-0.0013490746557416383,0.9999984726055862,1.0,cam511_channel_baseline
752,511.0,0.49047768709612727,5.801815466023049,12000.0,-0.003102166708656168,0.0011033006165467876,0.9999945796300405,1.0,cam511_channel_baseline
753,511.0,4.265881127648129,7.71925896391054,12000.0,0.0006610080998003158,0.002200079668962809,0.9999973613553897,1.0,cam511_channel_baseline
754,511.0,8.373862603842609,-13.053588333646045,12000.0,0.0030351882249109383,-0.0013059615382852493,0.9999945410335498,1.0,cam511_channel_baseline
756,511.0,-9.538093988729448,0.4798966990926517,12000.0,-0.002353868642859675,0.0022485805316201984,0.999994701579966,1.0,cam511_channel_baseline
758,511.0,-17.449525172735807,-5.130985539323275,12000.0,-0.0026009734380510463,0.0016668512105034031,0.9999952282607235,1.0,cam511_channel_baseline
760,511.0,-3.4072295761601707,-2.8447734721145963,12000.0,-0.0020131942961752677,-0.0015897319805444202,0.9999967098950656,1.0,cam511_channel_baseline
761,511.0,1.3541852231994742,-11.292763553786552,12000.0,0.0002322782535166162,-0.000921049765374082,0.9999995488569696,1.0,cam511_channel_baseline
762,511.0,-3.2703247103917144,-11.933114083466434,12000.0,-6.723560051834777e-05,-0.00034359575777716863,0.9999999387106628,1.0,cam511_channel_baseline
763,511.0,-8.202534689596382,4.458435709396738,12000.0,-9.299122888585919e-05,-0.002940160561853097,0.9999956733948911,1.0,cam511_channel_baseline
764,511.0,-5.32637789300897,2.9607740155841444,12000.0,-0.0024483446118485656,-0.0006422300897885394,0.9999967965694557,1.0,cam511_channel_baseline
765,511.0,2.75751976914702,10.653812621884516,12000.0,0.0019284697666649801,-0.0013674201542256137,0.9999972055793361,1.0,cam511_channel_baseline
766,511.0,7.4053439660536045,-7.138907965705857,12000.0,-0.0020402712304684713,0.00044108382002874596,0.9999978213668117,1.0,cam511_channel_baseline
767,511.0,-2.9801276898712827,1.0186595280996265,12000.0,-0.0029699612456404925,-0.000500324895298013,0.9999954644923138,1.0,cam511_channel_baseline
768,511.0,3.4495881481651716,-0.04159359443087181,12000.0,0.002725277608935896,-0.00020356484738644616,0.9999962657046811,1.0,cam511_channel_baseline
769,511.0,-16.550867328145266,6.994246274841783,12000.0,-0.0003580576926601917,-0.0019495438598702566,0.9999980355347841,1.0,cam511_channel_baseline
770,511.0,-10.367843219172698,-7.633593155935669,12000.0,-0.0026043487411025303,-0.003675418758681961,0.9999898542808238,1.0,cam511_channel_baseline
771,511.0,-9.28553491992021,1.16745741785214,12000.0,-0.0005205494255770693,-0.0028048274178463337,0.9999959309774473,1.0,cam511_channel_baseline
773,511.0,-3.9275724735026842,-10.094161138766536,12000.0,0.0015284744139253679,-0.0033326247838733726,0.9999932786664197,1.0,cam511_channel_baseline
774,511.0,9.583797845403256,1.3783012130305166,12000.0,0.00014140118956278093,-0.0006379679185803824,0.9999997865012965,1.0,cam511_channel_baseline
775,511.0,-5.813339158301709,-5.456470056023998,12000.0,-1.8115217161534806e-06,0.0006981826575613282,0.9999997562688179,1.0,cam511_channel_baseline
777,511.0,6.1311544717603494,-4.780145664119637,12000.0,0.00026658120919017793,-0.000528526044910197,0.9999998247973241,1.0,cam511_channel_baseline
778,511.0,1.305020453953336,14.3644489739183,12000.0,7.12820630118311e-05,0.0013085160134573934,0.9999991413519863,1.0,cam511_channel_baseline
780,511.0,2.473286958932018,-12.767146356075369,12000.0,-0.00042450600177838533,0.0018373511159207824,0.9999982219661848,1.0,cam511_channel_baseline
781,511.0,-0.21542310942544596,10.88046440734225,12000.0,-0.001828925792999659,0.0029378223648263073,0.9999940120971708,1.0,cam511_channel_baseline
783,511.0,1.0462888238443109,3.480083584281699,12000.0,0.0011479681844634966,-0.001160284690991653,0.9999986679533546,1.0,cam511_channel_baseline
784,511.0,1.672376161699361,-0.30629733093780237,12000.0,0.00325357381579815,-0.0006600391779224549,0.9999944892876704,1.0,cam511_channel_baseline
785,511.0,-6.073833935023169,1.2787636398848163,12000.0,-0.0030305417845345743,0.00191670467822226,0.9999935710091683,1.0,cam511_channel_baseline
788,511.0,0.2740568942074478,12.544533384037493,12000.0,-0.0019612075278182374,-0.0014492563053726823,0.9999970266561767,1.0,cam511_channel_baseline
789,511.0,1.1542883019491434,-2.5345901924206484,12000.0,0.0006705251888834036,-0.0031345279331262904,0.9999948625521071,1.0,cam511_channel_baseline
790,511.0,9.667184176805636,-12.145643579267967,12000.0,0.002299112269866905,-0.002947638256755902,0.9999930127313279,1.0,cam511_channel_baseline
791,511.0,-17.867638541349926,-4.180976862450848,12000.0,-0.0033166947038935288,0.0011060077153455753,0.9999938881229099,1.0,cam511_channel_baseline
792,511.0,-11.183458647696797,-17.77976371056985,12000.0,-0.00040307731822669695,-0.0023421801494937335,0.9999971758564236,1.0,cam511_channel_baseline
793,511.0,-17.828259230517826,9.406807895989797,12000.0,0.000621619691051508,0.003583883445951875,0.9999933846623215,1.0,cam511_channel_baseline
794,511.0,13.6093376319274,8.329747325578548,12000.0,0.0011426170175319538,-0.001220860094429776,0.9999986019625132,1.0,cam511_channel_baseline
797,511.0,-1.963780132480144,14.172180769543136,12000.0,-0.0023671418924076358,0.0028012326008868983,0.9999932748449746,1.0,cam511_channel_baseline
798,511.0,2.2681039917317265,-1.3017578734052295,12000.0,-0.002771932728484968,0.0011814544352110154,0.9999954602668786,1.0,cam511_channel_baseline
799,511.0,14.998472893695133,-7.867093717627642,12000.0,0.0004047534318702348,-0.004225232567743591,0.9999909917516296,1.0,cam511_channel_baseline
800,511.0,-2.9550678970923836,-4.31755651222078,12000.0,-0.00047774638764180253,0.0024766426367166185,0.9999968189947601,1.0,cam511_channel_baseline
801,511.0,1.455226078296866,-2.769033848933735,12000.0,-0.0002735905604415138,0.0011288408884429786,0.9999993254329994,1.0,cam511_channel_baseline
802,511.0,8.160057630792425,10.149497917289503,12000.0,0.0008841526703895669,0.002387930547156025,0.9999967580256234,1.0,cam511_channel_baseline
803,511.0,-17.04911357424015,-19.059117018687274,12000.0,-0.0014229362494897013,-0.0043572749361953335,0.9999894946485988,1.0,cam511_channel_baseline
804,511.0,-4.766219808383819,-11.583162814374115,12000.0,-0.0007742152289309352,-0.0031567407650222204,0.9999947177753098,1.0,cam511_channel_baseline
805,511.0,9.913507306646366,-16.075550734708468,12000.0,-0.00016056283273938095,0.0008939886335062032,0.9999995875018648,1.0,cam511_channel_baseline
806,511.0,-1.004039838571718,-1.8858598050126822,12000.0,0.003531875636139813,0.0005579155712669297,0.9999936072719197,1.0,cam511_channel_baseline
808,511.0,-22.666747257049117,-13.159979492988304,12000.0,0.0014021488693728953,-0.002621939107139605,0.9999955796971637,1.0,cam511_channel_baseline
809,511.0,8.113460735705821,7.615898228180077,12000.0,0.0038905754262680823,-0.0007081811541675501,0.9999921809205837,1.0,cam511_channel_baseline
810,511.0,7.384031314217297,2.9296552118567933,12000.0,-0.0008016166773155113,-0.0005867963038400039,0.9999995065402785,1.0,cam511_channel_baseline
811,511.0,-3.148491292633266,-6.377881937438451,12000.0,-0.0014721597802797707,0.0019405440135993137,0.9999970335128562,1.0,cam511_channel_baseline
812,511.0,9.199197860910685,4.818057618498352,12000.0,0.001637313947286746,-0.0015663180769997823,0.9999974329220648,1.0,cam511_channel_baseline
813,511.0,-10.065820050097415,-3.318969349056429,12000.0,0.0022222513673891275,-0.0020543549083545036,0.9999954206018998,1.0,cam511_channel_baseline
814,511.0,1.5047916162127941,-1.528455395350022,12000.0,-0.0007116338175699525,-0.0002389698374142027,0.9999997182353235,1.0,cam511_channel_baseline
815,511.0,7.59608394211517,10.138947354337486,12000.0,-0.0011488878634077955,-0.0013878177567018574,0.9999983770079587,1.0,cam511_channel_baseline
816,511.0,-4.937104284422301,-6.90926016882828,12000.0,0.00021159841888332968,-0.0007308373394115329,0.9999997105514044,1.0,cam511_channel_baseline
817,511.0,5.375953356356208,14.945393780261588,12000.0,0.003828751465375821,0.002357058643715002,0.9999898924173016,1.0,cam511_channel_baseline
818,511.0,-7.434220012835531,-3.6711651664536826,12000.0,0.00039091099222566573,-0.00176390314195626,0.9999983679158191,1.0,cam511_channel_baseline
819,511.0,-9.722199898283506,-10.773715668110148,12000.0,-0.0024155113680975693,-0.001285659786519907,0.9999962561848639,1.0,cam511_channel_baseline
820,511.0,5.7863758066996756,-6.264648222864773,12000.0,0.001412121804351765,-0.001236443997012291,0.9999982385575746,1.0,cam511_channel_baseline
821,511.0,14.458477157266858,0.43180252178061834,12000.0,0.0012466001346680094,0.002712748916590874,0.9999955434807797,1.0,cam511_channel_baseline
822,511.0,10.477314190817593,-12.687211997900251,12000.0,0.0016124385829474313,-0.0006314029010048673,0.9999985006849724,1.0,cam511_channel_baseline
823,511.0,-4.0696645004616325,15.500783495632273,12000.0,0.0025575824684837645,0.0004085099169592265,0.9999966459401575,1.0,cam511_channel_baseline
824,511.0,3.0970729632529346,9.202142885422955,12000.0,-0.0001875041904525464,0.0030099753478079684,0.9999954524349519,1.0,cam511_channel_baseline
825,511.0,8.92509205485137,28.118181611773313,12000.0,-0.002037902955223399,0.004604599873423922,0.9999873222254123,1.0,cam511_channel_baseline
826,511.0,0.05794761767632445,2.280365925267314,12000.0,0.001320051610283592,-0.0017595412353647764,0.9999975807362672,1.0,cam511_channel_baseline
828,511.0,-22.221508423895227,-3.2481755313072527,12000.0,-0.004506224536132201,0.00046651883122356407,0.9999897380976518,1.0,cam511_channel_baseline
829,511.0,4.599671722269126,8.537395471437934,12000.0,0.00013264693532441977,0.00023528184140277772,0.9999999635236221,1.0,cam511_channel_baseline
830,511.0,5.263401342633147,-1.7725903054540375,12000.0,-0.002499522793777376,0.00012201952391885124,0.9999968687436172,1.0,cam511_channel_baseline
833,511.0,5.532299172646231,9.971739603851287,12000.0,0.003110925240438823,0.0032533084921585187,0.9999898690126832,1.0,cam511_channel_baseline
834,511.0,-11.325186054874555,6.385453837192348,12000.0,0.0017303930161730182,0.001863846460563665,0.9999967659029608,1.0,cam511_channel_baseline
835,511.0,6.246019900216222,16.795300567306125,12000.0,-0.0017394841814246953,0.0002861784587089423,0.999998446147129,1.0,cam511_channel_baseline
836,511.0,-4.126469993597125,-1.9861107237949567,12000.0,0.0018695071946386603,0.0002353357564504078,0.9999982247783897,1.0,cam511_channel_baseline
837,511.0,15.215226414427505,9.035570647661897,12000.0,-0.0013998097822978148,0.0011664713819371098,0.9999983399371664,1.0,cam511_channel_baseline
839,511.0,2.39580428589345,10.743702427327095,12000.0,0.0011883428641141724,-0.002089764711125905,0.9999971103581697,1.0,cam511_channel_baseline
841,511.0,0.9824750927755185,-18.721417366936265,12000.0,0.0019403466249041646,0.0002467749359555651,0.9999980870767234,1.0,cam511_channel_baseline
842,511.0,5.339643598139124,12.497425022609812,12000.0,-0.0029552298035189118,0.00031563045350860487,0.9999955834873598,1.0,cam511_channel_baseline
843,511.0,4.517088233721839,11.31965380576691,12000.0,4.397148819470258e-05,0.0001774326064651298,0.9999999832920891,1.0,cam511_channel_baseline
845,511.0,-11.938258551872394,7.755805428212067,12000.0,-0.002944829400657629,-0.0013220360556516124,0.9999947900866627,1.0,cam511_channel_baseline
846,511.0,-6.101719024981953,4.344055923248677,12000.0,0.002655268743502996,0.0008546136995591437,0.9999961095840946,1.0,cam511_channel_baseline
847,511.0,-8.17529621629827,1.0123945146447781,12000.0,-0.0025730821890136515,0.0017464675978986351,0.9999951645377981,1.0,cam511_channel_baseline
848,511.0,19.719020735343495,1.5917667876342616,12000.0,0.0023803907388149723,-0.0021931357980148995,0.9999947619339323,1.0,cam511_channel_baseline
850,511.0,1.7470270232338199,5.139898284799181,12000.0,-0.00024453887827708434,-0.0021601962395446555,0.9999976368736797,1.0,cam511_channel_baseline
852,511.0,-9.004653570858748,12.365765105575843,12000.0,0.00034459152172554113,-0.0007206978849608436,0.99999968092557,1.0,cam511_channel_baseline
853,511.0,8.873734913812868,0.7101915445540682,12000.0,0.0004467555776146479,0.0022039943638400283,0.9999974714059521,1.0,cam511_channel_baseline
854,511.0,-1.8231856328360931,5.12819659903991,12000.0,0.000755086265861105,0.002759175168656057,0.9999959083901893,1.0,cam511_channel_baseline
856,511.0,-5.501100820919646,-11.141596331100038,12000.0,0.0019472364480552465,-0.0028419210909525344,0.9999940658597571,1.0,cam511_channel_baseline
857,511.0,5.9820520055143165,0.5185288609578245,12000.0,-0.0027991681484093385,0.0005852139402727735,0.999995911082801,1.0,cam511_channel_baseline
858,511.0,-8.89558786744228,-11.78564849244727,12000.0,0.0007417206488439027,-0.000909230096145885,0.9999993115753187,1.0,cam511_channel_baseline
859,511.0,11.842546670960425,-3.402991551823754,12000.0,0.0009052255013166831,-0.0034057508846205503,0.9999937906945741,1.0,cam511_channel_baseline
862,511.0,-16.516903391757467,1.7131448580491586,12000.0,0.00036513840659251767,0.001853346065041818,0.9999982158895621,1.0,cam511_channel_baseline
863,511.0,4.3807047000421555,-15.19479394798925,12000.0,0.002039898813556581,-0.000269963754598822,0.99999788296396,1.0,cam511_channel_baseline
864,511.0,0.9667310909569701,17.417250851797302,12000.0,0.00010909196537640184,0.004505811817364632,0.9999898428278208,1.0,cam511_channel_baseline
865,511.0,-7.6377134412150465,2.788807465332497,12000.0,-0.0005383667877524322,-0.0026384754723236177,0.999996374297619,1.0,cam511_channel_baseline
866,511.0,14.751161906440924,5.562047252877202,12000.0,0.00226704342058023,0.0005507992390029453,0.9999972785634607,1.0,cam511_channel_baseline
870,511.0,-6.1159141070506005,-5.692182451570517,12000.0,-0.0021882509824014086,0.00032611640272587526,0.9999975525998701,1.0,cam511_channel_baseline
873,511.0,-1.0518732548963405,14.448090619439858,12000.0,0.0012747337461505102,0.0015862580489372077,0.9999979294174955,1.0,cam511_channel_baseline
874,511.0,-10.89793595930253,1.8387531905171173,12000.0,-0.0006461317721468876,0.003262083394207079,0.9999944706475443,1.0,cam511_channel_baseline
875,511.0,0.5322084263311155,7.664556046389074,12000.0,0.0024724537274501465,0.0014371667155809638,0.9999959107538376,1.0,cam511_channel_baseline
876,511.0,5.5240626401097455,1.4468142301277103,12000.0,-0.00013522496520036655,-0.002580961610346516,0.99999666017011,1.0,cam511_channel_baseline
877,511.0,-11.362362068158316,1.2767203787228465,12000.0,-0.0027857460609015576,-0.0003779486345126394,0.9999960483790493,1.0,cam511_channel_baseline
878,511.0,-3.6710354698849086,-2.3357002811628678,12000.0,-0.00294047575785854,0.001270608863760718,0.9999948695645557,1.0,cam511_channel_baseline
880,511.0,14.601149223462222,-3.944610776755708,12000.0,-0.0014475368296947093,0.0013682626641262899,0.9999980162452367,1.0,cam511_channel_baseline
881,511.0,-13.903970292886163,-3.6803457433284406,12000.0,-0.00011861386767948239,-0.0012986580679290145,0.9999991497086249,1.0,cam511_channel_baseline
882,511.0,3.1450922995569592,-1.1264324590067647,12000.0,0.0029962290978845455,-0.0014511488136364364,0.999994458373802,1.0,cam511_channel_baseline
883,511.0,5.527139597461679,-14.84204854647479,12000.0,0.0009873284050229039,-0.0024907953029870045,0.9999964105542476,1.0,cam511_channel_baseline
884,511.0,4.248435394547927,10.63602550826974,12000.0,-0.0011999034963320737,0.00023178972608296284,0.9999992532522823,1.0,cam511_channel_baseline
885,511.0,-2.7137651160286858,-3.0370318980431135,12000.0,0.003342038516918972,-0.0010291071401722504,0.9999938858398313,1.0,cam511_channel_baseline
886,511.0,-8.359707741769336,-5.378287511992514,12000.0,-0.00317050207935211,-0.0032056942509294008,0.9999898356688105,1.0,cam511_channel_baseline
887,511.0,-1.3702413371726498,2.405679095863568,12000.0,1.8022761458208568e-05,-0.0002617545376039816,0.9999999655798705,1.0,cam511_channel_baseline
888,511.0,13.000333383414029,24.69924408218063,12000.0,-0.0016250010694006827,0.00032149832998713525,0.9999986280042329,1.0,cam511_channel_baseline
889,511.0,-15.602317105112364,-10.832554729599442,12000.0,0.0014781213183805582,-0.001537136797497091,0.9999977261813319,1.0,cam511_channel_baseline
890,511.0,-0.5616507101355869,12.334265073780248,12000.0,0.00032541466666641646,-0.0006505775761597831,0.9999997354270209,1.0,cam511_channel_baseline
891,511.0,9.906400354860054,9.642170605341478,12000.0,-0.0013702257468928055,0.00019683000302429847,0.9999990418692172,1.0,cam511_channel_baseline
892,511.0,-5.237905534456426,0.9802047544047618,12000.0,4.882621126998941e-06,0.003236127379880284,0.9999947637141613,1.0,cam511_channel_baseline
894,511.0,-10.384012875878264,3.0482337823671175,12000.0,0.00027435549354116475,0.003454677585974121,0.9999939949478898,1.0,cam511_channel_baseline
895,511.0,2.2509369096149494,2.365656604459794,12000.0,0.0019583295236751197,-0.001799115772570078,0.9999964640577053,1.0,cam511_channel_baseline
896,511.0,11.734031372838377,-6.363133779532059,12000.0,-0.0010094225845348013,-5.200109202182777e-05,0.9999994891808356,1.0,cam511_channel_baseline
897,511.0,3.725913567500019,0.713263844038307,12000.0,0.0036013819432370356,0.00014372309692186838,0.9999935046747905,1.0,cam511_channel_baseline
898,511.0,2.0161303261285424,3.3345755174808898,12000.0,0.0005914732528628325,0.00010112737890625653,0.9999998199663059,1.0,cam511_channel_baseline
899,511.0,4.3135016145101055,-10.582517624864046,12000.0,0.0014384549522435206,-0.004352449420647525,0.9999894934605019,1.0,cam511_channel_baseline
901,511.0,-1.3998346143761002,-3.4109168471356814,12000.0,0.0005530425411842514,-0.0006921460059214974,0.9999996075388501,1.0,cam511_channel_baseline
902,511.0,-2.905594558812173,-8.603507744952552,12000.0,0.0020543515998993917,0.00019219827717677676,0.9999978713473975,1.0,cam511_channel_baseline
903,511.0,2.673467114310156,3.40641738258527,12000.0,0.00347505914917842,0.00020899796179423499,0.9999939401235198,1.0,cam511_channel_baseline
904,511.0,16.169533910134785,-1.045297478156411,12000.0,-0.0017411773587913866,-0.0004013717573497663,0.9999984035997846,1.0,cam511_channel_baseline
905,511.0,1.5247391643261898,6.266670111336662,12000.0,-0.0021381937170268832,-0.0008715304220966092,0.9999973342776228,1.0,cam511_channel_baseline
906,511.0,-2.95977819393019,-3.370187750243987,12000.0,-0.0021893157991930453,0.00155849487964721,0.9999963889885011,1.0,cam511_channel_baseline
908,511.0,-4.824139792845401,5.234079111963997,12000.0,-0.0029221221664207267,0.0019919535422893717,0.9999937466420127,1.0,cam511_channel_baseline
909,511.0,-6.392583912222614,-10.04545360830868,12000.0,0.0009686399945189654,0.0020386491110096997,0.9999974528199376,1.0,cam511_channel_baseline
910,511.0,9.248098733592833,3.187133791370993,12000.0,-0.0018143380633790127,0.0007638282572818979,0.9999980623700153,1.0,cam511_channel_baseline
913,511.0,-7.903041633754359,-7.188077798335597,12000.0,-0.0029667165855092876,0.00021390005731047903,0.9999955764099492,1.0,cam511_channel_baseline
914,511.0,-12.68003776412933,-12.499342087540963,12000.0,-0.003760711735694794,-0.0020600445898002655,0.9999908065895052,1.0,cam511_channel_baseline
915,511.0,-0.20416445782315853,-5.706878426613615,12000.0,0.0019163107522297933,0.00242290238727154,0.9999952286371784,1.0,cam511_channel_baseline
916,511.0,-4.016554547441373,2.7010065207147496,12000.0,-0.0001352331987945711,0.0006950561100765318,0.9999997493044616,1.0,cam511_channel_baseline
917,511.0,10.23539635133104,-3.0272049565079904,12000.0,0.002396063635850779,0.00036080722499004134,0.9999970643442906,1.0,cam511_channel_baseline
918,511.0,0.17860524339575296,-0.5569863868736903,12000.0,0.001098752088341105,-0.0018189076682038202,0.9999977421568225,1.0,cam511_channel_baseline
919,511.0,-0.13010754723181933,6.894009560882847,12000.0,-0.002986082771111085,-0.0007148706026314745,0.9999952861237424,1.0,cam511_channel_baseline
920,511.0,3.3893067924463,1.4049530850752947,12000.0,0.0013815287253654547,-0.0006288122013721675,0.9999988479861347,1.0,cam511_channel_baseline
921,511.0,-15.490755755652222,-4.429123127431397,12000.0,-0.003130730101170253,-0.001261487540611848,0.9999943035728847,1.0,cam511_channel_baseline
922,511.0,4.942341065185091,-0.7031623467434827,12000.0,0.0008932842083723119,0.0004767809855475733,0.999999487361476,1.0,cam511_channel_baseline
924,511.0,-19.37424845107714,-2.7876004633362212,12000.0,-0.002024825562875978,-0.00033673816499350855,0.999997893342205,1.0,cam511_channel_baseline
925,511.0,-18.448110535975403,-7.105010034293792,12000.0,-0.0009445606637921146,-0.0019049437576146898,0.9999977394946614,1.0,cam511_channel_baseline
926,511.0,-5.193561992961843,5.1704007521634,12000.0,0.0007594474702325853,-0.0011739146092760177,0.9999990225815373,1.0,cam511_channel_baseline
927,511.0,3.728712275547478,-0.40217384041628096,12000.0,-0.0005643020932550112,-0.0026746693117933942,0.9999962638466305,1.0,cam511_channel_baseline
928,511.0,-12.905163621279446,-0.4489901635350384,12000.0,0.00012337850978099685,0.0011656947320918595,0.9999993129665314,1.0,cam511_channel_baseline
929,511.0,-2.3490525318270734,-11.293607150149567,12000.0,-0.000909224856223023,-0.002232371755838662,0.9999970949090325,1.0,cam511_channel_baseline
930,511.0,9.140580951697208,19.88062473655852,12000.0,0.002831815180517112,-0.001456539144820551,0.9999949296453972,1.0,cam511_channel_baseline
931,511.0,5.845889223030627,-14.882810856524921,12000.0,0.002361376937557876,0.0012721995369179865,0.9999964026971783,1.0,cam511_channel_baseline
933,511.0,2.8055776028063883,4.3577088398235615,12000.0,-0.002775446210872362,0.0016236994683837727,0.9999948302358203,1.0,cam511_channel_baseline
935,511.0,22.560928627311796,-5.986642597249468,12000.0,0.003480267589821106,0.000851585751156621,0.9999935812490056,1.0,cam511_channel_baseline
936,511.0,-9.087381899589897,-0.5918769671870766,12000.0,0.0018125496617013106,-0.000834891942704367,0.9999980088076015,1.0,cam511_channel_baseline
937,511.0,-8.557120557734804,5.360908023803996,12000.0,-0.001497818871686311,-0.0009781855532648733,0.9999983998445453,1.0,cam511_channel_baseline
938,511.0,1.6294779882226895,-6.99746882821754,12000.0,-0.001478737116676448,-0.0033665669863668984,0.9999932397587825,1.0,cam511_channel_baseline
939,511.0,-3.5120630546637477,3.8473732043933375,12000.0,-0.0021125793098766615,0.0016097556098517557,0.9999964728415476,1.0,cam511_channel_baseline
941,511.0,4.159323986129259,-16.300871148882603,12000.0,0.002579871052401559,0.00038168204277680423,0.9999965992863031,1.0,cam511_channel_baseline
942,511.0,-8.764413880860014,4.970388493033995,12000.0,-0.0033856274038561148,-0.0007916530312512489,0.9999939553880115,1.0,cam511_channel_baseline
943,511.0,-20.74319290125432,-20.425329977945495,12000.0,-0.004551220693605489,-7.658051518397036e-05,0.9999896402091488,1.0,cam511_channel_baseline
944,511.0,-6.067629789208856,-2.1986128797455446,12000.0,-0.00040809098367253726,0.0002861907579183752,0.9999998757782919,1.0,cam511_channel_baseline
945,511.0,9.620989021072157,-6.832858741007164,12000.0,-0.00033579408499247144,0.0013871769977059631,0.9999989814906359,1.0,cam511_channel_baseline
946,511.0,-17.666402041972802,-6.073851300516239,12000.0,0.000941819550668813,0.0021151958062933735,0.9999973194577249,1.0,cam511_channel_baseline
947,511.0,16.83650934180051,-13.550999338283262,12000.0,0.001122049374101965,-0.001363928600728311,0.9999984403507708,1.0,cam511_channel_baseline
948,511.0,0.797437703350202,5.735991877018961,12000.0,0.0004179864738869303,-0.0010398413370391753,0.9999993720084535,1.0,cam511_channel_baseline
949,511.0,-13.42972969139617,-9.69588292510092,12000.0,-0.0016822142839479385,0.0006959765175000908,0.9999983428845219,1.0,cam511_channel_baseline
950,511.0,6.630361423326025,5.990746486908235,12000.0,0.0021328893607311314,-0.00026901289117276276,0.9999976892048497,1.0,cam511_channel_baseline
952,511.0,-5.504659312093303,-10.665965504097809,12000.0,0.003282862615514716,-0.0010930370982196297,0.9999940140235588,1.0,cam511_channel_baseline
953,511.0,-1.972400292889559,-13.807904558238361,12000.0,0.0019770293708480206,0.0007385534181906968,0.9999977729443776,1.0,cam511_channel_baseline
954,511.0,-0.3956412499352721,2.3930974759576666,12000.0,0.001646450249145962,-0.002184408366884188,0.9999962587738334,1.0,cam511_channel_baseline
955,511.0,10.943604937409134,-1.353672320056114,12000.0,-0.0010018892214758972,0.0018959076155164612,0.9999977008735076,1.0,cam511_channel_baseline
956,511.0,-15.314536038563189,20.6158414113474,12000.0,-0.000733539222009565,0.0021471846136684285,0.999997425755909,1.0,cam511_channel_baseline
957,511.0,4.139161956225207,1.960298460657574,12000.0,0.003017554317255406,-0.0020569310573127094,0.9999933316780507,1.0,cam511_channel_baseline
958,511.0,13.12185840666938,-14.41647052247465,12000.0,6.506719689781197e-05,0.0002377861052237434,0.9999999696120135,1.0,cam511_channel_baseline
959,511.0,-2.14427513684777,-4.3206560324972605,12000.0,0.0013649095062442517,-0.003760904259012112,0.9999919962785673,1.0,cam511_channel_baseline
960,511.0,-6.150462593353671,3.396737417393567,12000.0,0.0018456276571566525,0.0026107391411666443,0.9999948888367819,1.0,cam511_channel_baseline
961,511.0,12.222750449856465,0.747517915607445,12000.0,0.0006796946457109895,-0.002519289260004395,0.9999965955926116,1.0,cam511_channel_baseline
962,511.0,-1.5033215938949793,-8.521637228911512,12000.0,0.000593560480668099,-0.0026172475580607444,0.9999963988441036,1.0,cam511_channel_baseline
963,511.0,2.050094150343755,-8.398591702852071,12000.0,-0.0019520833268004806,-0.003722716731997557,0.9999911653363835,1.0,cam511_channel_baseline
964,511.0,5.251429206022874,-5.309971507042407,12000.0,8.780472654400165e-05,0.0009658273406410347,0.9999995297338283,1.0,cam511_channel_baseline
965,511.0,-4.15896708918115,15.637879683072995,12000.0,0.0021101421399022345,-0.0008517690932230754,0.9999974108914288,1.0,cam511_channel_baseline
967,511.0,6.523769020013623,13.379858795170746,12000.0,0.002460947074844666,0.00022889427903466413,0.9999969456687874,1.0,cam511_channel_baseline
968,511.0,-8.489522209384567,9.358375682854852,12000.0,-0.0016366003563645984,0.003902723463836593,0.9999910451043241,1.0,cam511_channel_baseline
969,511.0,7.706681826567387,0.0608332096182373,12000.0,0.000580392212392124,0.0011824598871696375,0.9999991324663712,1.0,cam511_channel_baseline
970,511.0,6.264470816849901,5.33719450369753,12000.0,0.002851682528738376,-0.002274949754787628,0.999993346233048,1.0,cam511_channel_baseline
971,511.0,2.4178679666329055,-8.087506748771313,12000.0,-0.0009575322531060836,-0.0007577926640186159,0.9999992544408535,1.0,cam511_channel_baseline
972,511.0,-17.492819722305317,1.8814274602890577,12000.0,0.0021766344376643538,0.0001636003207483745,0.9999976177458925,1.0,cam511_channel_baseline
973,511.0,-11.30792146602288,-0.1787191630496576,12000.0,0.0012953740577565194,-0.0014992039796933004,0.9999980371948125,1.0,cam511_channel_baseline
974,511.0,-3.385764627185825,1.3033747442924186,12000.0,-0.0023036526124442544,0.0015631223744381406,0.9999961249090337,1.0,cam511_channel_baseline
976,511.0,11.312155862669634,1.8210837284547916,12000.0,0.00051927909200425,-0.002795326804544872,0.9999959582404724,1.0,cam511_channel_baseline
977,511.0,1.0644582792726232,3.025573624344087,12000.0,-0.0011691573696784043,0.002795501007265124,0.9999954091120435,1.0,cam511_channel_baseline
979,511.0,3.1865505437418933,-2.636689331143991,12000.0,-0.0012786384847122312,-0.0032464908983558106,0.9999939126717083,1.0,cam511_channel_baseline
981,511.0,-3.3343959105383427,4.1488274206175975,12000.0,-0.001859885020225251,-0.002234341487512258,0.9999957742639859,1.0,cam511_channel_baseline
982,511.0,3.0112201925571616,-2.947923110814786,12000.0,0.0032393024134029164,-0.0014695272117405094,0.9999936736848132,1.0,cam511_channel_baseline
983,511.0,6.3473060143071,1.369161391175112,12000.0,-0.002982035979884598,0.0009604568906630992,0.9999950924799461,1.0,cam511_channel_baseline
984,511.0,-3.534991261809898,-1.311418892781853,12000.0,-0.0008737592671746151,-0.0011761216952152914,0.9999989266406746,1.0,cam511_channel_baseline
985,511.0,11.051144141677122,1.5013401247743343,12000.0,0.004483526854568858,-0.0006185450707767995,0.9999897576420169,1.0,cam511_channel_baseline
986,511.0,-1.6137333463025074,-0.47001400617280126,12000.0,-0.002219746715888157,0.002602175366928591,0.9999941506868314,1.0,cam511_channel_baseline
987,511.0,5.624618643979173,-10.620095348803998,12000.0,-0.0018790749321661519,-0.0007187780408233262,0.9999979762157158,1.0,cam511_channel_baseline
988,511.0,2.3187607350205197,-13.265702900676393,12000.0,0.0032438219859270687,-0.0015467640610318534,0.9999935425490822,1.0,cam511_channel_baseline
989,511.0,-0.0809068914733459,3.4451935614855533,12000.0,-0.0027028860003556984,0.00026565621675294526,0.9999963119102208,1.0,cam511_channel_baseline
991,511.0,-1.2492010900714814,1.5906822432497596,12000.0,-0.002140009295622299,-0.0026990399203871496,0.9999940677542656,1.0,cam511_channel_baseline
993,511.0,-4.045634667570341,-9.604578530571343,12000.0,-0.001003730767566016,0.0007094686725477706,0.9999992445890892,1.0,cam511_channel_baseline
994,511.0,0.621915919912285,-0.7823796538466644,12000.0,0.0019011755241039304,-0.00011934512835771042,0.9999981856425376,1.0,cam511_channel_baseline
995,511.0,-6.781469186226456,12.391636226398752,12000.0,0.00017118318762389064,0.0012087728559037644,0.9999992547819719,1.0,cam511_channel_baseline
996,511.0,3.224660697824213,-0.8448009340703367,12000.0,0.0013486923698925548,0.0021051438958027266,0.9999968746941509,1.0,cam511_channel_baseline
997,511.0,-0.22081663547319524,0.6931668845867345,12000.0,-0.000802923746325154,-0.0027856111007682613,0.9999957978332973,1.0,cam511_channel_baseline
998,511.0,12.766623666951324,0.028313201186906216,12000.0,0.0023557894569641584,0.0034583284602545963,0.9999912450718234,1.0,cam511_channel_baseline
999,511.0,-3.1711920318132227,-8.06053816980017,12000.0,-0.0014225615348536526,-0.0034887578537422855,0.9999929024184709,1.0,cam511_channel_baseline
