0 0 1 0 0.000000000000e+00 -12.2332355663 0.08519249266 6.29296210083 0.702184012818 -0.0022529918939 -0.711991949513 0 0 0 511
1 0 1 0 1.000000000000e-09 -13.2214986766 -0.8128973453 5.30469899045 0.701869928361 -0.000463212336377 -0.712304983204 0 0 0 511
2 0 1 0 2.000000000000e-09 -13.5417460261 0.3211591586 4.984451641 0.707756719903 0.00750828870329 -0.706416343974 0 0 0 511
3 0 1 0 3.000000000000e-09 -13.001650417 -0.4830292071 5.52454725007 0.709098219973 0.00718842126904 -0.705073074958 0 0 0 511
4 0 1 0 4.000000000000e-09 -13.3212283516 0.02299395209 5.20496931549 0.711085831822 0.00467736420279 -0.703089654345 0 0 0 511
5 0 1 0 5.000000000000e-09 -13.0373360969 0.4788607589 5.48886157022 0.704589761474 -0.00642614756709 -0.709585775402 0 0 0 511
6 0 1 0 6.000000000000e-09 -12.9998305812 -0.3032748326 5.52636708593 0.701698523617 -0.000479683084222 -0.712473825385 0 0 0 511
7 0 1 0 7.000000000000e-09 -13.1335806572 0.832609194 5.39261700984 0.706426423735 0.00740373086811 -0.707747760589 0 0 0 511
8 0 1 0 8.000000000000e-09 -13.3599732979 0.909084004 5.16622436921 0.70774777015 0.00739971302777 -0.706426456254 0 0 0 511
9 0 1 0 9.000000000000e-09 -13.2900525815 0.6157583579 5.23614508559 0.711064894156 0.0046527550212 -0.703110992781 0 0 0 511
10 0 1 0 1.000000000000e-08 -13.4030692567 -0.4612986427 5.12312841035 0.712396511051 -0.000472144820977 -0.701777021655 0 0 0 511
11 0 1 0 1.100000000000e-08 -13.0743982035 0.4235653455 5.45179946363 0.711920589508 -0.00221936059596 -0.7022564693 0 0 0 511
12 0 1 0 1.200000000000e-08 -12.5450952777 0.1154649878 5.98110238938 0.711575062753 -0.00402931779586 -0.702598530219 0 0 0 511
13 0 1 0 1.300000000000e-08 -13.6825805627 -0.9080928352 4.84361710441 0.70191114372 -0.00237776459305 -0.712260551033 0 0 0 511
14 0 1 0 1.400000000000e-08 -12.9082883131 -0.1027141249 5.61790935402 0.710216278545 0.00609083142681 -0.703957200022 0 0 0 511
15 0 1 0 1.500000000000e-08 -12.8191853321 0.2303801675 5.70701233501 0.711139466206 0.0047413820259 -0.703034977011 0 0 0 511
16 0 1 0 1.600000000000e-08 -12.8878007679 0.07792607314 5.63839689915 0.712256947317 -0.000460116345513 -0.701918677121 0 0 0 511
17 0 1 0 1.700000000000e-08 -12.7228120341 0.3532673116 5.80338563302 0.708423322461 -0.00736248782585 -0.705749381839 0 0 0 511
18 0 1 0 1.800000000000e-08 -13.4924908984 0.7260721521 5.0337067687 0.705766149121 -0.00727092806127 -0.708407563737 0 0 0 511
19 0 1 0 1.900000000000e-08 -13.0021124674 -0.8668288246 5.52408519969 0.70642720869 0.007383919326 -0.707747184069 0 0 0 511
20 0 1 0 2.000000000000e-08 -13.3709520779 -0.04790706678 5.15524558919 0.71121933455 0.00483523563396 -0.702953539474 0 0 0 511
21 0 1 0 2.100000000000e-08 -12.6256978649 -0.2883582322 5.90049980216 0.712189192341 -0.00234483305307 -0.70198365798 0 0 0 511
22 0 1 0 2.200000000000e-08 -12.6380793418 0.1929003204 5.8881183253 0.707087062119 -0.00750880801003 -0.707086631458 0 0 0 511
23 0 1 0 2.300000000000e-08 -12.6638788642 -0.4547085592 5.86231880289 0.705803695034 -0.00707419697783 -0.708372147824 0 0 0 511
24 0 1 0 2.400000000000e-08 -13.3160386817 -0.03897636933 5.21015898535 0.703470969944 -0.00544683358305 -0.710703121176 0 0 0 511
25 0 1 0 2.500000000000e-08 -12.6488222938 -0.4232194885 5.87737537332 0.702555573623 -0.00406675266899 -0.711617261942 0 0 0 511
26 0 1 0 2.600000000000e-08 -12.5420855362 0.1624434265 5.98411213084 0.702078223772 -0.00230191791499 -0.7120961093 0 0 0 511
27 0 1 0 2.700000000000e-08 -13.3830172247 0.6131729346 5.14318044235 0.701983349587 0.00137722904899 -0.712192024768 0 0 0 511
28 0 1 0 2.800000000000e-08 -13.1915633454 -0.7226120924 5.33463432167 0.706425777202 0.0074005442422 -0.707748439242 0 0 0 511
29 0 1 0 2.900000000000e-08 -12.8974110015 -0.08454375389 5.62878666562 0.712070374 -0.00229054172897 -0.702104362534 0 0 0 511
30 0 1 0 3.000000000000e-08 -13.4416181982 -0.1276851015 5.08457946884 0.702552188695 -0.00406918721187 -0.711620589834 0 0 0 511
31 0 1 0 3.100000000000e-08 -12.9633448221 -0.4012459914 5.56285284499 0.702285285989 0.00319557202291 -0.711888450112 0 0 0 511
32 0 1 0 3.200000000000e-08 -13.1688884241 -0.8163029701 5.35730924302 0.706422130418 0.00744217541712 -0.707751642655 0 0 0 511
33 0 1 0 3.300000000000e-08 -12.6995739186 -0.6528607514 5.82662374852 0.71066674224 -0.00538922620821 -0.703508164639 0 0 0 511
34 0 1 0 3.400000000000e-08 -12.5226752008 0.1056930545 6.00352246633 0.706426066446 0.00740112596106 -0.707748144456 0 0 0 511
35 0 1 0 3.500000000000e-08 -12.4017617034 -0.4578692352 6.12443596374 0.707767382417 0.00763476934612 -0.706404305397 0 0 0 511
36 0 1 0 3.600000000000e-08 -13.4213708346 -0.6784214494 5.10482683251 0.712277793128 -0.000461261296077 -0.701897522901 0 0 0 511
37 0 1 0 3.700000000000e-08 -13.538638569 -0.372904305 4.98755909805 0.712103726937 -0.002306087992 -0.70207048367 0 0 0 511
38 0 1 0 3.800000000000e-08 -12.5832854965 -0.3640465801 5.94291217063 0.708376645778 -0.0070993956138 -0.705798927669 0 0 0 511
39 0 1 0 3.900000000000e-08 -13.4484787335 -0.6075358606 5.07771893359 0.705747625484 -0.0073738980708 -0.708424953507 0 0 0 511
40 0 1 0 4.000000000000e-08 -13.265396619 -0.3414090339 5.26080104812 0.702689805263 -0.00394703019814 -0.711485388839 0 0 0 511
41 0 1 0 4.100000000000e-08 -12.8909442165 -0.6572871536 5.63525345064 0.711126246735 0.00472550062884 -0.703048455548 0 0 0 511
42 0 1 0 4.200000000000e-08 -13.2454342026 -0.5973018366 5.28076346444 0.711531746727 -0.00398962362616 -0.70264262346 0 0 0 511
43 0 1 0 4.300000000000e-08 -12.7877610718 -0.1943153458 5.73843659531 0.710708043782 -0.00545326083794 -0.703465946902 0 0 0 511
44 0 1 0 4.400000000000e-08 -12.7600435511 0.5051697747 5.76615411594 0.702597538657 -0.00402918890614 -0.711576042535 0 0 0 511
45 0 1 0 4.500000000000e-08 -12.6796545974 -0.8422914726 5.84654306965 0.703063331153 0.0047080073939 -0.711111655828 0 0 0 511
46 0 1 0 4.600000000000e-08 -12.4956240636 0.944711874 6.03057360346 0.711194795132 0.00480631020489 -0.702978564936 0 0 0 511
47 0 1 0 4.700000000000e-08 -13.5590512682 -0.2104685404 4.96714639889 0.711948311051 -0.00223314088789 -0.702228321469 0 0 0 511
48 0 1 0 4.800000000000e-08 -12.5915036548 -0.6454290477 5.93469401228 0.702545632764 -0.0040754209581 -0.711627026488 0 0 0 511
49 0 1 0 4.900000000000e-08 -12.4368479905 0.5316266571 6.08934967661 0.701853150333 0.00141269117004 -0.712320264819 0 0 0 511
50 0 1 0 5.000000000000e-08 -13.3334295967 0.09014708713 5.19276807039 0.707761449921 0.00755767349192 -0.706411078322 0 0 0 511
51 0 1 0 5.100000000000e-08 -13.5105951787 -0.006662616997 5.01560248835 0.711865619785 0.0031793245011 -0.702308501489 0 0 0 511
52 0 1 0 5.200000000000e-08 -13.2552328123 0.4383877774 5.27096485484 0.710678174067 -0.00540653124579 -0.70349648352 0 0 0 511
53 0 1 0 5.300000000000e-08 -13.3350926446 0.06510106799 5.19110502248 0.708384605522 -0.00714474976325 -0.705790481099 0 0 0 511
54 0 1 0 5.400000000000e-08 -13.5181611089 0.5719571221 5.00803655822 0.707085803171 -0.00756099481777 -0.707087334289 0 0 0 511
55 0 1 0 5.500000000000e-08 -12.7230823713 -0.1090712309 5.80311529578 0.705756196473 -0.00732866196624 -0.708416884224 0 0 0 511
56 0 1 0 5.600000000000e-08 -12.99563597 0.352934754 5.53056169709 0.704580602498 -0.00645027823312 -0.709594650836 0 0 0 511
57 0 1 0 5.700000000000e-08 -12.211418354 0.7302237822 6.31477931311 0.702085657753 0.00135012891002 -0.712091220511 0 0 0 511
58 0 1 0 5.800000000000e-08 -13.3731664191 0.2873314801 5.15303124796 0.702964748537 0.00482277013816 -0.711208340223 0 0 0 511
59 0 1 0 5.900000000000e-08 -12.3887743087 0.3169723724 6.13742335835 0.708989366177 0.00679241206591 -0.705186458879 0 0 0 511
60 0 1 0 6.000000000000e-08 -13.0091133478 -0.2665053735 5.51708431933 0.711186945253 0.00479705534595 -0.702986569688 0 0 0 511
61 0 1 0 6.100000000000e-08 -12.7139463939 -0.4943148377 5.81225127321 0.711672480221 -0.00411709418213 -0.702499345503 0 0 0 511
62 0 1 0 6.200000000000e-08 -12.6782006398 -0.01913983806 5.84799702728 0.708413958056 -0.00731030369766 -0.705759324055 0 0 0 511
63 0 1 0 6.300000000000e-08 -12.8897406293 -0.7623810523 5.63645703774 0.702099107188 -0.00229275469003 -0.712075548633 0 0 0 511
64 0 1 0 6.400000000000e-08 -12.363924891 0.5933149818 6.1622727761 0.710202371756 0.0060660789432 -0.703971443908 0 0 0 511
65 0 1 0 6.500000000000e-08 -13.0261860611 0.8665277367 5.50001160599 0.711869095999 0.00318113676289 -0.702304969746 0 0 0 511
66 0 1 0 6.600000000000e-08 -12.8779422669 0.3771494153 5.64825540017 0.712398141587 0.00143329031106 -0.701774061605 0 0 0 511
67 0 1 0 6.700000000000e-08 -13.4326927295 0.1588662428 5.09350493762 0.710651789256 -0.00536856711995 -0.70352342741 0 0 0 511
68 0 1 0 6.800000000000e-08 -13.5701480876 0.591372096 4.95604957948 0.705787252093 -0.00716197977124 -0.708387648699 0 0 0 511
69 0 1 0 6.900000000000e-08 -12.6231122774 -0.648589156 5.90308538966 0.702051436199 -0.00231441806593 -0.71212247851 0 0 0 511
70 0 1 0 7.000000000000e-08 -12.2095825747 -0.7378559786 6.31661509243 0.701959265438 -0.000457291441392 -0.712216947672 0 0 0 511
71 0 1 0 7.100000000000e-08 -13.4044514484 -0.5386173556 5.12174621869 0.704585893002 -0.00643557766505 -0.709589531154 0 0 0 511
72 0 1 0 7.200000000000e-08 -12.5639815101 0.3518788408 5.96221615698 0.703449743984 -0.00547686780014 -0.710723899702 0 0 0 511
73 0 1 0 7.300000000000e-08 -13.2592908552 0.03231279851 5.26690681187 0.701868283546 0.00140785741402 -0.712305363232 0 0 0 511
74 0 1 0 7.400000000000e-08 -13.5039734899 0.7697869379 5.02222417722 0.706433157772 0.00732806378411 -0.707741826573 0 0 0 511
75 0 1 0 7.500000000000e-08 -13.1525934059 0.1696551507 5.37360426119 0.709002799827 0.00684169709386 -0.705172476078 0 0 0 511
76 0 1 0 7.600000000000e-08 -12.3791301275 0.3269058243 6.14706753958 0.7119717393 0.00325161903508 -0.702200590581 0 0 0 511
77 0 1 0 7.700000000000e-08 -12.75166778 0.3845052334 5.77452988705 0.712370787198 -0.000469159664418 -0.701803135813 0 0 0 511
78 0 1 0 7.800000000000e-08 -12.4128245204 0.8057996503 6.11337314669 0.710733542635 -0.00549311151579 -0.703439874545 0 0 0 511
79 0 1 0 7.900000000000e-08 -13.5050338188 0.08410596372 5.02116384833 0.707087752577 -0.00724584621408 -0.707088684585 0 0 0 511
80 0 1 0 8.000000000000e-08 -13.0317119792 0.7002627417 5.4944856879 0.703063452135 0.00470788950399 -0.711111536996 0 0 0 511
81 0 1 0 8.100000000000e-08 -12.767107267 -0.2785551728 5.75909040006 0.710161803015 0.0059837489779 -0.704013073946 0 0 0 511
82 0 1 0 8.200000000000e-08 -12.5249091365 0.08115065235 6.00128853061 0.702898126302 0.0048990778459 -0.711273662578 0 0 0 511
83 0 1 0 8.300000000000e-08 -13.0173093944 -0.7843206978 5.50888827274 0.712435479828 -0.000476090595419 -0.701737458328 0 0 0 511
84 0 1 0 8.400000000000e-08 -12.7311840511 0.7326945934 5.79501361601 0.709577887046 -0.00640785572099 -0.704597872265 0 0 0 511
85 0 1 0 8.500000000000e-08 -13.0695533047 0.7325759813 5.45664436236 0.708356679487 -0.0069861389802 -0.705820096404 0 0 0 511
86 0 1 0 8.600000000000e-08 -13.1733314284 -0.2558303139 5.35286623867 0.704570396226 -0.00647523563096 -0.709604557542 0 0 0 511
87 0 1 0 8.700000000000e-08 -13.4316355099 -0.545275653 5.09456215715 0.702255880719 0.00321501236615 -0.711917369988 0 0 0 511
88 0 1 0 8.800000000000e-08 -13.48221541 -0.3653322899 5.04398225706 0.710098101677 0.00585906585571 -0.704078374431 0 0 0 511
89 0 1 0 8.900000000000e-08 -12.4089311123 0.7965771985 6.11726655476 0.711881758338 0.00319073479994 -0.702292091197 0 0 0 511
90 0 1 0 9.000000000000e-08 -13.4714847617 -0.5085716568 5.05471290539 0.711499086344 -0.00396018613287 -0.702675862014 0 0 0 511
91 0 1 0 9.100000000000e-08 -12.9778009556 0.5039533862 5.54839671144 0.708406267765 -0.00726762548214 -0.705767483958 0 0 0 511
92 0 1 0 9.200000000000e-08 -13.0998382572 0.4694611207 5.42635940991 0.701917467215 -0.000460704879519 -0.71225813928 0 0 0 511
93 0 1 0 9.300000000000e-08 -12.1978496728 -0.6940737045 6.32834799433 0.702053099034 0.00135843237004 -0.71212330449 0 0 0 511
94 0 1 0 9.400000000000e-08 -13.3544642038 -0.6262014703 5.17173346325 0.706427011511 0.00739587862131 -0.707747256008 0 0 0 511
95 0 1 0 9.500000000000e-08 -13.3605741332 0.6103756824 5.16562353386 0.712234743256 -0.000457742367587 -0.701941209056 0 0 0 511
96 0 1 0 9.600000000000e-08 -13.3064372952 -0.6255302123 5.21976037184 0.707088018001 -0.00730047630776 -0.707087857232 0 0 0 511
97 0 1 0 9.700000000000e-08 -12.5893778049 0.7470571918 5.93681986221 0.705756719117 -0.00732689490733 -0.708416381821 0 0 0 511
98 0 1 0 9.800000000000e-08 -12.6003986061 0.2508261138 5.92579906095 0.702212631316 -0.00224097873405 -0.711963762023 0 0 0 511
99 0 1 0 9.900000000000e-08 -12.4123492254 -0.04635546704 6.11384844167 0.708937300321 0.00660285700518 -0.705240601847 0 0 0 511
100 0 1 0 1.000000000000e-07 -12.3454866511 -0.2841511034 6.18071101597 0.712010364526 0.00327674035691 -0.702161308945 0 0 0 511
101 0 1 0 1.010000000000e-07 -12.7281298205 0.754760051 5.79806784659 0.712009541729 -0.00226214689694 -0.702166144996 0 0 0 511
102 0 1 0 1.020000000000e-07 -12.3420288913 0.04264186704 6.18416877577 0.711503298151 -0.00396375116416 -0.702671577194 0 0 0 511
103 0 1 0 1.030000000000e-07 -12.9277274409 0.8917352329 5.59847022618 0.708385285824 -0.00714648052183 -0.705789780773 0 0 0 511
104 0 1 0 1.040000000000e-07 -13.0761350175 0.3251432059 5.45006264964 0.701971624922 0.00138073825302 -0.712203574384 0 0 0 511
105 0 1 0 1.050000000000e-07 -12.4510793921 -0.5376326886 6.07511827498 0.705145443543 0.00693431658268 -0.709028785526 0 0 0 511
106 0 1 0 1.060000000000e-07 -12.9944589397 -0.239737144 5.53173872736 0.709000627106 0.00683299497088 -0.70517474497 0 0 0 511
107 0 1 0 1.070000000000e-07 -13.5517063754 0.2226116928 4.97449129168 0.702652994428 -0.00398054854096 -0.711521556001 0 0 0 511
108 0 1 0 1.080000000000e-07 -13.1808665874 -0.8476341605 5.34533107971 0.702271305771 0.00320520472003 -0.711902198166 0 0 0 511
109 0 1 0 1.090000000000e-07 -13.0231314475 0.06977649974 5.5030662196 0.712137703187 0.001362061844 -0.702038486472 0 0 0 511
110 0 1 0 1.100000000000e-07 -12.4644697743 0.5905406135 6.06172789279 0.702635764761 -0.00399534193907 -0.71153848759 0 0 0 511
111 0 1 0 1.110000000000e-07 -13.2947017991 -0.1057228443 5.23149586798 0.703976986038 0.00605350635524 -0.710196985483 0 0 0 511
112 0 1 0 1.120000000000e-07 -13.1066586684 -0.4779760718 5.41953899865 0.707743374884 0.00734421201104 -0.706431438894 0 0 0 511
113 0 1 0 1.130000000000e-07 -13.2024484543 -0.4188344976 5.32374921279 0.707086237807 -0.00760368128598 -0.707086441911 0 0 0 511
114 0 1 0 1.140000000000e-07 -12.5248289416 0.6172351475 6.0013687255 0.70198136622 0.00137837059503 -0.712193977491 0 0 0 511
115 0 1 0 1.150000000000e-07 -13.3266261294 0.2661546137 5.19957153767 0.70230008082 0.0031853638361 -0.711873900306 0 0 0 511
116 0 1 0 1.160000000000e-07 -13.1003521714 0.7281181919 5.42584549573 0.704052509443 0.00591023311514 -0.710123322453 0 0 0 511
117 0 1 0 1.170000000000e-07 -12.9661068723 0.0965123451 5.56009079475 0.705129052865 0.00699320477333 -0.709044507695 0 0 0 511
118 0 1 0 1.180000000000e-07 -12.3848619207 0.3391860026 6.14133574637 0.707721418553 0.00708734829327 -0.706456058941 0 0 0 511
119 0 1 0 1.190000000000e-07 -12.9119897444 -0.03319033413 5.61420792267 0.712076821715 0.00134536078197 -0.702100270603 0 0 0 511
120 0 1 0 1.200000000000e-07 -13.156589904 -0.5590484496 5.3696077631 0.71233045738 -0.000467405975507 -0.701844071729 0 0 0 511
121 0 1 0 1.210000000000e-07 -13.4365375326 -0.1791568986 5.08966013444 0.711896921712 -0.00220900485001 -0.702280494642 0 0 0 511
122 0 1 0 1.220000000000e-07 -12.6931296233 0.01280143686 5.83306804374 0.705798948055 -0.00709611465979 -0.70837665834 0 0 0 511
123 0 1 0 1.230000000000e-07 -12.5276685201 -0.03882359971 5.99852914695 0.70196915145 0.00138144588602 -0.712206010941 0 0 0 511
124 0 1 0 1.240000000000e-07 -13.0135612308 -0.7766129658 5.51263643634 0.706430553591 0.00734854175074 -0.707744213602 0 0 0 511
125 0 1 0 1.250000000000e-07 -12.8020515587 -0.1961960442 5.7241461084 0.710117346618 0.00589559416206 -0.704058659489 0 0 0 511
126 0 1 0 1.260000000000e-07 -12.7219079234 0.4081672604 5.80428974371 0.703497472109 -0.0054052412458 -0.710677205279 0 0 0 511
127 0 1 0 1.270000000000e-07 -12.8959930426 -0.8178115639 5.6302046245 0.70218242524 -0.00225395579607 -0.711993512167 0 0 0 511
128 0 1 0 1.280000000000e-07 -12.8700688993 0.8689333277 5.65612876781 0.701806737108 -0.000469686756879 -0.712367238961 0 0 0 511
129 0 1 0 1.290000000000e-07 -13.345671549 -0.7322248481 5.18052611807 0.703078143333 0.00469095573195 -0.711097123677 0 0 0 511
130 0 1 0 1.300000000000e-07 -12.3631052955 -0.7208035768 6.16309237162 0.706434138841 0.00731223317082 -0.707741011052 0 0 0 511
131 0 1 0 1.310000000000e-07 -13.0440859737 0.5934369204 5.48211169336 0.709044711611 0.00699230645032 -0.705128856725 0 0 0 511
132 0 1 0 1.320000000000e-07 -13.3252605215 0.4709953682 5.20093714563 0.711114833567 0.00471123627977 -0.703060095393 0 0 0 511
133 0 1 0 1.330000000000e-07 -12.5385018028 -0.04578557811 5.98769586426 0.71181306072 0.00314563648005 -0.702361923484 0 0 0 511
134 0 1 0 1.340000000000e-07 -13.4237369799 0.3364473132 5.10246068719 0.707087631938 -0.00737544601621 -0.70708746528 0 0 0 511
135 0 1 0 1.350000000000e-07 -12.965012646 -0.8528808254 5.56118502107 0.702147092745 -0.00227021663302 -0.712028304399 0 0 0 511
136 0 1 0 1.360000000000e-07 -13.084241442 0.7083982067 5.44195622505 0.701728233485 -0.000477157993301 -0.712444565317 0 0 0 511
137 0 1 0 1.370000000000e-07 -12.4604126125 0.6481168852 6.06578505456 0.702977738506 0.00480744482701 -0.711195604345 0 0 0 511
138 0 1 0 1.380000000000e-07 -12.8598409179 -0.7187780991 5.66635674916 0.70774911659 0.00740853945979 -0.706425014781 0 0 0 511
139 0 1 0 1.390000000000e-07 -12.79929983 0.3740682231 5.72689783706 0.709028504897 0.00693330252698 -0.705145735689 0 0 0 511
140 0 1 0 1.400000000000e-07 -13.3105707558 -0.5041991151 5.21562691127 0.712259668125 0.00139597102207 -0.70191467888 0 0 0 511
141 0 1 0 1.410000000000e-07 -12.9081782139 -0.7197783152 5.61801945322 0.701908023933 -0.000461244562983 -0.712267444989 0 0 0 511
142 0 1 0 1.420000000000e-07 -12.3393413735 -0.5535310953 6.18685629356 0.702304016615 0.00318280026385 -0.711870028888 0 0 0 511
143 0 1 0 1.430000000000e-07 -12.635816544 0.7148542263 5.89038112308 0.70640729274 0.00759643903609 -0.707764813252 0 0 0 511
144 0 1 0 1.440000000000e-07 -13.1994213039 0.8413492187 5.32677636322 0.707740876616 0.00731222933385 -0.706434273566 0 0 0 511
145 0 1 0 1.450000000000e-07 -12.941645579 0.7535488583 5.58455208809 0.710121244978 0.00590582747516 -0.704054641794 0 0 0 511
146 0 1 0 1.460000000000e-07 -12.8702742122 -0.5280363494 5.65592345485 0.711098986938 0.0046942689141 -0.703076236702 0 0 0 511
147 0 1 0 1.470000000000e-07 -12.7399125304 0.2195546761 5.78628513671 0.711468441159 -0.00393078806108 -0.702707055707 0 0 0 511
148 0 1 0 1.480000000000e-07 -12.501306705 0.1350614953 6.02489096209 0.708381934333 -0.0071257226119 -0.705793354451 0 0 0 511
149 0 1 0 1.490000000000e-07 -12.3263260763 -0.34963047 6.19987159081 0.704548460428 -0.00653115592206 -0.70962582458 0 0 0 511
150 0 1 0 1.500000000000e-07 -12.9889811339 0.3296528705 5.53721653321 0.703377089354 -0.0055873692379 -0.710794943339 0 0 0 511
151 0 1 0 1.510000000000e-07 -13.5753150743 0.3237609551 4.95088259283 0.701900880277 0.00139851829402 -0.712273261054 0 0 0 511
152 0 1 0 1.520000000000e-07 -13.1180780531 0.6947335385 5.40811961403 0.707753074958 0.00746002543282 -0.706420507141 0 0 0 511
153 0 1 0 1.530000000000e-07 -13.4702773156 0.2823930939 5.05592035145 0.712281529402 0.00140163044894 -0.701892483437 0 0 0 511
154 0 1 0 1.540000000000e-07 -12.9959710305 0.5659230704 5.53022663663 0.711981325036 -0.00224816543303 -0.702194801 0 0 0 511
155 0 1 0 1.550000000000e-07 -12.5972073118 0.2890101895 5.92899035527 0.702285607572 0.00319392095593 -0.711888140276 0 0 0 511
156 0 1 0 1.560000000000e-07 -12.5139390677 -0.4454435046 6.01225859942 0.709032978666 0.00694854951724 -0.705141087176 0 0 0 511
157 0 1 0 1.570000000000e-07 -13.5524254109 -0.504954912 4.97377225615 0.710147448188 0.00595669354776 -0.704027783283 0 0 0 511
158 0 1 0 1.580000000000e-07 -12.5814738787 -0.4225401295 5.94472378839 0.711667847753 0.00304750937915 -0.702509492577 0 0 0 511
159 0 1 0 1.590000000000e-07 -12.5373842995 0.1765614032 5.98881336761 0.712345917167 0.00141836967106 -0.701827103013 0 0 0 511
160 0 1 0 1.600000000000e-07 -12.9221153262 0.695194273 5.60408234092 0.712048514063 -0.00227943505592 -0.702126568217 0 0 0 511
161 0 1 0 1.610000000000e-07 -13.0470841468 0.2458484171 5.47911352031 0.702055136527 0.00135812158202 -0.712121296397 0 0 0 511
162 0 1 0 1.620000000000e-07 -12.8653553786 0.6409855373 5.66084228846 0.702343296285 0.00315648977606 -0.71183139207 0 0 0 511
163 0 1 0 1.630000000000e-07 -13.2650262159 -0.3918078963 5.26117145123 0.702941762207 0.00484844407294 -0.711230884829 0 0 0 511
164 0 1 0 1.640000000000e-07 -12.3778531929 -0.8316999023 6.14834447423 0.707744647422 0.00736548697407 -0.706429942491 0 0 0 511
165 0 1 0 1.650000000000e-07 -12.5627305923 -0.6302846575 5.96346707484 0.703570378204 -0.00529782947117 -0.710605837238 0 0 0 511
166 0 1 0 1.660000000000e-07 -12.3154571914 0.8988328365 6.21074047569 0.70223217818 -0.00223120313192 -0.71194451305 0 0 0 511
167 0 1 0 1.670000000000e-07 -13.414901336 0.8498860627 5.11129633107 0.706428866627 0.00736519639324 -0.70774572431 0 0 0 511
168 0 1 0 1.680000000000e-07 -12.9398248932 -0.6078812055 5.58637277391 0.711417983487 -0.00388505319203 -0.702758393143 0 0 0 511
169 0 1 0 1.690000000000e-07 -13.0759545591 -0.5531308334 5.45024310795 0.708416679616 -0.0073230810913 -0.705756459782 0 0 0 511
170 0 1 0 1.700000000000e-07 -13.4435084275 -0.4339912123 5.08268923962 0.704465008563 -0.00674221708397 -0.70970669591 0 0 0 511
171 0 1 0 1.710000000000e-07 -13.5557013527 0.812395833 4.97049631444 0.701926123998 0.00139277694598 -0.71224839531 0 0 0 511
172 0 1 0 1.720000000000e-07 -12.3147587066 -0.1392647239 6.21143896051 0.703174874573 0.00457843886521 -0.7110022037 0 0 0 511
173 0 1 0 1.730000000000e-07 -12.541899876 0.1740270903 5.98429779113 0.712060886949 -0.00228491521195 -0.702114002453 0 0 0 511
174 0 1 0 1.740000000000e-07 -13.3179033722 0.1094998774 5.20829429484 0.70579766132 -0.00710417601517 -0.708377859591 0 0 0 511
175 0 1 0 1.750000000000e-07 -13.1587207257 -0.6524105638 5.36747694143 0.70774540234 0.00736533619919 -0.706429187738 0 0 0 511
176 0 1 0 1.760000000000e-07 -12.5241992632 -0.7621760554 6.00199840387 0.709042208084 0.00698204394784 -0.705131475838 0 0 0 511
177 0 1 0 1.770000000000e-07 -13.1259986766 0.6120479051 5.40019899044 0.711652212983 -0.00409817668284 -0.702519987405 0 0 0 511
178 0 1 0 1.780000000000e-07 -12.6442989639 0.5214087048 5.88189870322 0.708426871773 -0.00738240561924 -0.705745610994 0 0 0 511
179 0 1 0 1.790000000000e-07 -12.6806845894 -0.1156023334 5.84551307769 0.703041608681 0.00473319285478 -0.711132964606 0 0 0 511
180 0 1 0 1.800000000000e-07 -13.4559344072 0.8865965653 5.07026325993 0.706426575445 0.00739595752788 -0.707747690436 0 0 0 511
181 0 1 0 1.810000000000e-07 -13.0533449268 0.8211487739 5.4728527403 0.707750961876 0.00742720984595 -0.706422969981 0 0 0 511
182 0 1 0 1.820000000000e-07 -13.0205795285 0.228243759 5.50561813863 0.71189176896 0.00319700399888 -0.702281915225 0 0 0 511
183 0 1 0 1.830000000000e-07 -12.9826867985 -0.3211419529 5.54351086855 0.702228774651 -0.00223311457296 -0.711947864139 0 0 0 511
184 0 1 0 1.840000000000e-07 -12.5750295209 -0.3774505758 5.95116814619 0.701781224505 -0.00047140931259 -0.712392371313 0 0 0 511
185 0 1 0 1.850000000000e-07 -12.3233515751 0.3351605853 6.20284609199 0.710161307663 0.00598364526979 -0.704013574505 0 0 0 511
186 0 1 0 1.860000000000e-07 -13.4244057761 -0.01491387432 5.10179189096 0.711891241807 0.00319716549414 -0.702282448856 0 0 0 511
187 0 1 0 1.870000000000e-07 -12.993500693 -0.1220073363 5.53269697411 0.712238078773 -0.000457863562808 -0.70193782453 0 0 0 511
188 0 1 0 1.880000000000e-07 -13.2510401152 -0.167363718 5.27515755186 0.71060313585 -0.00529327091293 -0.703573140905 0 0 0 511
189 0 1 0 1.890000000000e-07 -12.4530062546 0.5320764696 6.07319141247 0.709658398769 -0.00661443231082 -0.704514873046 0 0 0 511
190 0 1 0 1.900000000000e-07 -12.7934934859 -0.1526591306 5.73270418118 0.708377028161 -0.00709742510099 -0.705798563707 0 0 0 511
191 0 1 0 1.910000000000e-07 -12.8673049683 -0.6868229475 5.65889269883 0.703481771962 -0.00543081128613 -0.710692551534 0 0 0 511
192 0 1 0 1.920000000000e-07 -13.0417624513 0.151364967 5.48443521577 0.701742285096 -0.000476198242208 -0.712430725435 0 0 0 511
193 0 1 0 1.930000000000e-07 -12.8174377163 -0.4935852543 5.70875995083 0.702358945528 0.00314658089999 -0.711815994949 0 0 0 511
194 0 1 0 1.940000000000e-07 -13.4268102022 0.1648857202 5.09938746493 0.709589236865 -0.00643383102977 -0.704586205332 0 0 0 511
195 0 1 0 1.950000000000e-07 -12.6426352147 -0.8431005127 5.88356245243 0.702608933676 -0.0040179160512 -0.711564854858 0 0 0 511
196 0 1 0 1.960000000000e-07 -12.4478640224 -0.007798959487 6.07833364473 0.702201679342 0.00325044923989 -0.711970670821 0 0 0 511
197 0 1 0 1.970000000000e-07 -13.3451465491 -0.5660245349 5.18105111798 0.702975014496 0.00480983026316 -0.71119828074 0 0 0 511
198 0 1 0 1.980000000000e-07 -13.414178132 0.4028079983 5.11201953506 0.706429339426 0.00736145143604 -0.707745291352 0 0 0 511
199 0 1 0 1.990000000000e-07 -12.3263110881 0.1176790998 6.199886579 0.711910298254 0.0032105795701 -0.702263069953 0 0 0 511
200 0 1 0 2.000000000000e-07 -13.4346440253 -0.8895115617 5.09155364174 0.712173507424 -0.0023371051291 -0.701999596342 0 0 0 511
201 0 1 0 2.010000000000e-07 -13.1852460805 0.3964218317 5.34095158657 0.705758101551 -0.00731685974166 -0.708415108293 0 0 0 511
202 0 1 0 2.020000000000e-07 -12.7132802392 -0.4201233797 5.81291742791 0.703442815106 -0.00548685349185 -0.710730680578 0 0 0 511
203 0 1 0 2.030000000000e-07 -12.881531216 -0.8887181743 5.6446664511 0.702568534447 -0.00405454688294 -0.711604535578 0 0 0 511
204 0 1 0 2.040000000000e-07 -13.0405320419 -0.7204312856 5.4856656252 0.702057259307 -0.00231054909689 -0.712116750272 0 0 0 511
205 0 1 0 2.050000000000e-07 -13.0693783285 0.5334584301 5.45681933862 0.705217541433 0.0066824312298 -0.708959494166 0 0 0 511
206 0 1 0 2.060000000000e-07 -12.9393285721 0.6855723667 5.58686909496 0.712155485921 -0.000451326767113 -0.702021623724 0 0 0 511
207 0 1 0 2.070000000000e-07 -13.0179530868 -0.8284944908 5.50824458028 0.705160629819 0.00688414558034 -0.70901417101 0 0 0 511
208 0 1 0 2.080000000000e-07 -13.5553112225 0.6855237123 4.97088644455 0.710158872051 0.00597767257185 -0.704016082116 0 0 0 511
209 0 1 0 2.090000000000e-07 -12.6715698546 0.08432350658 5.85462781244 0.711529891858 -0.00398705937408 -0.702644516345 0 0 0 511
210 0 1 0 2.100000000000e-07 -13.2912356044 -0.3429047063 5.23496206264 0.709669550316 -0.00664495531481 -0.70450335267 0 0 0 511
211 0 1 0 2.110000000000e-07 -12.8193140657 -0.1634601887 5.70688360134 0.702084629219 -0.00229896926702 -0.712089803434 0 0 0 511
212 0 1 0 2.120000000000e-07 -12.9189362262 -0.4678563148 5.60726144093 0.706404075501 0.00762596054365 -0.707767706837 0 0 0 511
213 0 1 0 2.130000000000e-07 -12.4579789247 -0.572217492 6.06821874237 0.711855177603 0.00317346130616 -0.70231911213 0 0 0 511
214 0 1 0 2.140000000000e-07 -12.908562288 -0.5373984699 5.61763537908 0.71221515006 0.00138349909504 -0.701959874889 0 0 0 511
215 0 1 0 2.150000000000e-07 -12.5864537261 -0.3620906815 5.93974394101 0.712309725199 -0.00046406343519 -0.70186511527 0 0 0 511
216 0 1 0 2.160000000000e-07 -12.599237915 0.8137646237 5.92695975213 0.712199110697 -0.0023491111789 -0.701973580984 0 0 0 511
217 0 1 0 2.170000000000e-07 -13.3884844243 0.4537746338 5.13771324276 0.711550765503 -0.00400600751708 -0.702623270334 0 0 0 511
218 0 1 0 2.180000000000e-07 -13.4085127608 0.05406222055 5.11768490627 0.710716498344 -0.00546640159074 -0.703457303207 0 0 0 511
219 0 1 0 2.190000000000e-07 -12.4591602513 0.6047647499 6.06703741584 0.708411866741 -0.00729848734591 -0.705761545526 0 0 0 511
220 0 1 0 2.200000000000e-07 -13.2094813984 0.2529726595 5.31671626871 0.705727623851 -0.00748151931265 -0.708443750627 0 0 0 511
221 0 1 0 2.210000000000e-07 -13.3597879626 -0.8407637877 5.16640970451 0.70643627735 0.00729508963572 -0.707739053403 0 0 0 511
222 0 1 0 2.220000000000e-07 -13.2683485418 0.4597314679 5.25784912529 0.707754266741 0.00746820087303 -0.706419226724 0 0 0 511
223 0 1 0 2.230000000000e-07 -13.1833950894 -0.1556958316 5.34280257765 0.710132455984 0.00592547467877 -0.704043168924 0 0 0 511
224 0 1 0 2.240000000000e-07 -12.4585699114 -0.06881171777 6.06762775567 0.712263039922 0.00139607041894 -0.701911257174 0 0 0 511
225 0 1 0 2.250000000000e-07 -12.8868261717 -0.6437403093 5.63937149543 0.704569870458 -0.006475910659 -0.70960507342 0 0 0 511
226 0 1 0 2.260000000000e-07 -12.5341420356 0.1887171479 5.99205563153 0.701906799079 0.00139699727905 -0.71226743138 0 0 0 511
227 0 1 0 2.270000000000e-07 -13.1307934502 0.6981977348 5.39540421688 0.703999003205 0.00601120223102 -0.710175519808 0 0 0 511
228 0 1 0 2.280000000000e-07 -12.7448449473 0.2892041938 5.7813527198 0.706427695506 0.00738138595721 -0.707746724587 0 0 0 511
229 0 1 0 2.290000000000e-07 -13.2536655268 0.2902960594 5.27253214026 0.711876406654 0.00318622755499 -0.702297536378 0 0 0 511
230 0 1 0 2.300000000000e-07 -13.3030924084 -0.695821124 5.22310525873 0.709659579661 -0.00661804462191 -0.704513649606 0 0 0 511
231 0 1 0 2.310000000000e-07 -12.7546908697 1.036809076 5.77150679739 0.703913098381 0.00617773635393 -0.710259238237 0 0 0 511
232 0 1 0 2.320000000000e-07 -13.2295456876 -0.4880214499 5.29665197951 0.705180342162 0.00681390475115 -0.708995243799 0 0 0 511
233 0 1 0 2.330000000000e-07 -13.4627754594 -0.7370476325 5.06342220766 0.711794151796 0.00313180553691 -0.702381148141 0 0 0 511
234 0 1 0 2.340000000000e-07 -13.3283686278 0.6921981557 5.19782903932 0.710587566238 -0.00526977335083 -0.703589042124 0 0 0 511
235 0 1 0 2.350000000000e-07 -13.0063482082 0.1272469998 5.51984945887 0.709595889884 -0.00645177990874 -0.704579340881 0 0 0 511
236 0 1 0 2.360000000000e-07 -13.3808762272 -0.740629985 5.14532143985 0.707087878841 -0.00737066438888 -0.707087268237 0 0 0 511
237 0 1 0 2.370000000000e-07 -13.5001979021 -0.3422797753 5.02599976497 0.702056117993 -0.00231184340595 -0.71211787126 0 0 0 511
238 0 1 0 2.380000000000e-07 -13.3208036411 -0.6236980562 5.20539402602 0.70196046337 0.00138334628804 -0.71221457035 0 0 0 511
239 0 1 0 2.390000000000e-07 -13.0529941291 -0.5155124216 5.47320353802 0.706437647297 0.00728162954969 -0.707737824588 0 0 0 511
240 0 1 0 2.400000000000e-07 -12.8754463041 -0.5608010897 5.65075136301 0.705808648317 -0.00704506225675 -0.708367502825 0 0 0 511
241 0 1 0 2.410000000000e-07 -13.2589614514 -0.0504787255 5.26723621565 0.704549615218 -0.00652659441817 -0.709624720019 0 0 0 511
242 0 1 0 2.420000000000e-07 -13.3308933702 -0.5907879124 5.19530429688 0.704008333504 0.00599364646212 -0.710166418919 0 0 0 511
243 0 1 0 2.430000000000e-07 -13.4107559471 0.9858512199 5.11544172003 0.707764448769 0.00759729187516 -0.706407648752 0 0 0 511
244 0 1 0 2.440000000000e-07 -12.4970601776 0.8666366683 6.02913748953 0.712019060084 0.00328350114206 -0.702152459725 0 0 0 511
245 0 1 0 2.450000000000e-07 -12.5511054651 0.2160439162 5.975092202 0.712213006031 0.00138300458394 -0.70196205121 0 0 0 511
246 0 1 0 2.460000000000e-07 -12.6488319577 0.354513123 5.87736570936 0.711592498949 -0.0040439167061 -0.70258078694 0 0 0 511
247 0 1 0 2.470000000000e-07 -12.4993364548 -0.513997208 6.02686121232 0.708380751474 -0.0071225674148 -0.705794573494 0 0 0 511
248 0 1 0 2.480000000000e-07 -13.0377875762 -0.541393647 5.48841009089 0.707085835732 -0.00769917748995 -0.707085810615 0 0 0 511
249 0 1 0 2.490000000000e-07 -13.2759313719 -0.02403504626 5.25026629517 0.70270571953 -0.00393270866492 -0.711469750266 0 0 0 511
250 0 1 0 2.500000000000e-07 -13.4750583367 -0.5117170265 5.05113933034 0.703986354133 0.00603621549722 -0.710187846487 0 0 0 511
251 0 1 0 2.510000000000e-07 -13.3833570498 -0.4818144888 5.14284061729 0.712284029678 0.00140224715101 -0.701889944912 0 0 0 511
252 0 1 0 2.520000000000e-07 -12.4624306893 0.01768067998 6.06376697782 0.711550696448 -0.0040065192669 -0.702623337349 0 0 0 511
253 0 1 0 2.530000000000e-07 -13.3678355272 0.575548928 5.15836213992 0.7106833937 -0.00541589000475 -0.703491138575 0 0 0 511
254 0 1 0 2.540000000000e-07 -12.9578854709 -0.9844059731 5.5683121962 0.704464132624 -0.0067422414927 -0.709707565147 0 0 0 511
255 0 1 0 2.550000000000e-07 -12.3196467166 0.4549797346 6.20655095046 0.702640378487 -0.00399222610892 -0.71153394905 0 0 0 511
256 0 1 0 2.560000000000e-07 -12.6646296119 0.3234555493 5.86156805517 0.703016186406 0.00476290039715 -0.711157898382 0 0 0 511
257 0 1 0 2.570000000000e-07 -12.9429115848 0.02512553085 5.58328608229 0.711838516402 0.00316297027699 -0.702336046481 0 0 0 511
258 0 1 0 2.580000000000e-07 -13.1546500201 0.6858041547 5.37154764699 0.712133541854 0.00136127788098 -0.702042709164 0 0 0 511
259 0 1 0 2.590000000000e-07 -12.7444586579 0.01088453808 5.78173900919 0.712274041868 -0.000460497161709 -0.701901330119 0 0 0 511
260 0 1 0 2.600000000000e-07 -12.6668781596 0.5529375091 5.85931950744 0.711520716518 -0.00397816894104 -0.702653857983 0 0 0 511
261 0 1 0 2.610000000000e-07 -13.3701202521 0.3811752808 5.15607741497 0.709618756438 -0.00651297832775 -0.704555747706 0 0 0 511
262 0 1 0 2.620000000000e-07 -12.7903671034 -0.1008778271 5.73583056373 0.702383965982 0.00313026126005 -0.711791378001 0 0 0 511
263 0 1 0 2.630000000000e-07 -13.0826110913 0.1767448257 5.44358657584 0.703176897599 0.00457585101986 -0.711000219599 0 0 0 511
264 0 1 0 2.640000000000e-07 -12.503101224 0.6671116001 6.02309644309 0.705121226761 0.00702073111486 -0.709052018476 0 0 0 511
265 0 1 0 2.650000000000e-07 -12.6586299642 0.2922477936 5.86756770291 0.711093845452 0.00468702203885 -0.703081485167 0 0 0 511
266 0 1 0 2.660000000000e-07 -12.5283462401 0.3830803405 5.99785142703 0.712233199901 -0.000458112331701 -0.701942774799 0 0 0 511
267 0 1 0 2.670000000000e-07 -12.4520532855 0.2618209216 6.07414438155 0.711447760343 -0.00391283598983 -0.702728093944 0 0 0 511
268 0 1 0 2.680000000000e-07 -12.7083215927 -0.09985786435 5.81787607438 0.705779222226 -0.00720519724325 -0.708395210746 0 0 0 511
269 0 1 0 2.690000000000e-07 -13.1950113242 0.4847436374 5.33118634285 0.705128118952 0.00699610148495 -0.709045407874 0 0 0 511
270 0 1 0 2.700000000000e-07 -12.6723743981 0.4793556162 5.85382326903 0.706422123863 0.00743865338592 -0.707751686224 0 0 0 511
271 0 1 0 2.710000000000e-07 -13.4068643188 0.662936796 5.11933334832 0.709047544019 0.00700354021987 -0.705125897089 0 0 0 511
272 0 1 0 2.720000000000e-07 -12.4119374706 0.01417152637 6.11426019652 0.711139151188 0.00473982126295 -0.703035306185 0 0 0 511
273 0 1 0 2.730000000000e-07 -13.3410386194 0.1344824923 5.18515904769 0.705812629726 -0.00702562177433 -0.708363728856 0 0 0 511
274 0 1 0 2.740000000000e-07 -13.1875307077 0.7181957791 5.33866695942 0.702192785515 -0.0022491383521 -0.711983309739 0 0 0 511
275 0 1 0 2.750000000000e-07 -13.0767190824 1.337395979 5.44947858467 0.703748406159 0.00649211649518 -0.710419617728 0 0 0 511
276 0 1 0 2.760000000000e-07 -12.95410323 -0.9803846695 5.57209443713 0.705193306413 0.00676745647974 -0.708982793954 0 0 0 511
277 0 1 0 2.770000000000e-07 -13.5069976611 0.7969317537 5.01920000604 0.707757192099 0.00751238111729 -0.706415827372 0 0 0 511
278 0 1 0 2.780000000000e-07 -12.6766714445 0.03479101164 5.84952622256 0.70960730647 -0.00648221650505 -0.704567563455 0 0 0 511
279 0 1 0 2.790000000000e-07 -13.1269052891 0.7381321228 5.39929237801 0.705140382671 0.0069544265167 -0.709033621684 0 0 0 511
280 0 1 0 2.800000000000e-07 -13.1008705526 -0.5116318877 5.42532711447 0.707735264577 0.00724396454596 -0.706440599238 0 0 0 511
281 0 1 0 2.810000000000e-07 -12.9217411172 -0.6145928918 5.60445654992 0.709007778811 0.00685928152926 -0.705167299187 0 0 0 511
282 0 1 0 2.820000000000e-07 -13.3025079202 -0.7889289648 5.2236897469 0.70965022795 -0.00659396577831 -0.704523295276 0 0 0 511
283 0 1 0 2.830000000000e-07 -12.759261625 -0.5513627989 5.76693604205 0.702379585563 0.00313228636088 -0.711795691591 0 0 0 511
284 0 1 0 2.840000000000e-07 -12.7913038782 -0.3878546572 5.73489378888 0.703975469733 0.00605655718573 -0.710198462494 0 0 0 511
285 0 1 0 2.850000000000e-07 -13.2553356662 0.4843558434 5.27086200085 0.707757213276 0.0075118559327 -0.70641581174 0 0 0 511
286 0 1 0 2.860000000000e-07 -13.5003757976 0.5811102115 5.02582186949 0.709035555475 0.00695944931974 -0.705138388642 0 0 0 511
287 0 1 0 2.870000000000e-07 -12.81678503 0.574612732 5.70941263712 0.712294406824 -0.000463821861419 -0.701880661421 0 0 0 511
288 0 1 0 2.880000000000e-07 -12.8545366467 -0.4135343914 5.67166102038 0.708398491096 -0.00722319709419 -0.705775745713 0 0 0 511
289 0 1 0 2.890000000000e-07 -13.4954043441 0.460431484 5.03079332294 0.705794840658 -0.00712158900812 -0.708380495123 0 0 0 511
290 0 1 0 2.900000000000e-07 -13.4401501915 0.09072095851 5.08604747555 0.704535866016 -0.00656171467497 -0.709638046752 0 0 0 511
291 0 1 0 2.910000000000e-07 -13.2689529387 0.9025193598 5.25724472839 0.711497555257 -0.00395785396981 -0.702677425463 0 0 0 511
292 0 1 0 2.920000000000e-07 -12.8837656807 0.2196831757 5.64243198643 0.702656712524 -0.00397743536083 -0.711517901639 0 0 0 511
293 0 1 0 2.930000000000e-07 -12.8504205583 0.6640385363 5.67577710882 0.709049320247 0.0070132735059 -0.705124014236 0 0 0 511
294 0 1 0 2.940000000000e-07 -13.1440685655 -0.6072957392 5.38212910158 0.711150219977 0.00475343308381 -0.703024017726 0 0 0 511
295 0 1 0 2.950000000000e-07 -13.4337827648 0.0891584511 5.09241490226 0.712279976187 0.00140066003597 -0.701894061575 0 0 0 511
296 0 1 0 2.960000000000e-07 -12.4848138958 0.4048252719 6.04138377125 0.704513272905 -0.00661971199373 -0.709659938079 0 0 0 511
297 0 1 0 2.970000000000e-07 -12.7960200747 0.1575352284 5.73017759234 0.702038113894 -0.00231973006111 -0.712135594878 0 0 0 511
298 0 1 0 2.980000000000e-07 -13.263400241 -0.386729532 5.26279742609 0.702941780511 0.00484872227899 -0.711230864843 0 0 0 511
299 0 1 0 2.990000000000e-07 -13.0013439634 -0.77423807 5.52485370373 0.706418104015 0.00748293611164 -0.707755231691 0 0 0 511
300 0 1 0 3.000000000000e-07 -13.2770400101 0.5115504342 5.24915765703 0.7077492392 0.00740883644205 -0.706424888827 0 0 0 511
301 0 1 0 3.010000000000e-07 -13.3227406763 -0.1729135205 5.20345699079 0.711706264436 0.00307318437104 -0.702470461087 0 0 0 511
302 0 1 0 3.020000000000e-07 -12.4728928231 -0.5564030037 6.05330484403 0.71222273279 0.00138590967696 -0.701952176542 0 0 0 511
303 0 1 0 3.030000000000e-07 -12.6906631802 -0.5152756636 5.83553448685 0.712244871578 -0.000459522308009 -0.701930930897 0 0 0 511
304 0 1 0 3.040000000000e-07 -12.8986738425 -0.7299146038 5.62752382458 0.709584863706 -0.00642307025616 -0.704590707693 0 0 0 511
305 0 1 0 3.050000000000e-07 -13.1664774845 -0.6824654861 5.35972018256 0.707087063684 -0.00753815169723 -0.707086317673 0 0 0 511
306 0 1 0 3.060000000000e-07 -13.3581123991 -0.545248046 5.168085268 0.703401575142 -0.0055484944331 -0.710771016782 0 0 0 511
307 0 1 0 3.070000000000e-07 -12.7550366561 0.08050195794 5.771161011 0.702445443158 0.00308890966099 -0.711730888766 0 0 0 511
308 0 1 0 3.080000000000e-07 -13.2585498297 0.6309449491 5.26764783743 0.705205310969 0.00672636789088 -0.708971244378 0 0 0 511
309 0 1 0 3.090000000000e-07 -12.7845607976 0.6600592319 5.74163686945 0.712360615343 0.00142319673706 -0.70181217446 0 0 0 511
310 0 1 0 3.100000000000e-07 -12.5866553567 0.8310973097 5.93954231036 0.705796037325 -0.00711059405304 -0.708379413273 0 0 0 511
311 0 1 0 3.110000000000e-07 -13.173936128 0.6728927377 5.35226153913 0.703492893102 -0.00541226085276 -0.710681684573 0 0 0 511
312 0 1 0 3.120000000000e-07 -12.5766575096 0.7725245736 5.94954015749 0.702075085454 -0.00230347352402 -0.712099198423 0 0 0 511
313 0 1 0 3.130000000000e-07 -12.76634039 -0.211048606 5.75985727709 0.70906550553 0.00707198388374 -0.705107152078 0 0 0 511
314 0 1 0 3.140000000000e-07 -13.134230609 0.6371057885 5.39196705808 0.712230844503 0.00138758266206 -0.701943942742 0 0 0 511
315 0 1 0 3.150000000000e-07 -12.9959511731 0.6301885129 5.530246494 0.712116734505 -0.00231173450589 -0.702057271397 0 0 0 511
316 0 1 0 3.160000000000e-07 -13.558815314 -0.4855914373 4.96738235307 0.711447837358 -0.00391264108119 -0.702728017058 0 0 0 511
317 0 1 0 3.170000000000e-07 -13.4300450764 -0.9352678778 5.09615259071 0.705766370265 -0.00727120426112 -0.708407340582 0 0 0 511
318 0 1 0 3.180000000000e-07 -13.2462959716 -0.5139870805 5.27990169545 0.703001389247 0.00477882341998 -0.711172419012 0 0 0 511
319 0 1 0 3.190000000000e-07 -13.5453979696 0.08137834259 4.98079969745 0.706425137435 0.00740390993492 -0.707749042611 0 0 0 511
320 0 1 0 3.200000000000e-07 -13.0853564172 -0.9694148925 5.44084124988 0.708985084921 0.0067766997799 -0.705190914363 0 0 0 511
321 0 1 0 3.210000000000e-07 -13.4098409816 0.09912070534 5.11635668552 0.711900888124 0.00320359265104 -0.702272641132 0 0 0 511
322 0 1 0 3.220000000000e-07 -12.4623900503 0.3220997308 6.0638076168 0.709629755877 -0.00653984123594 -0.704544420211 0 0 0 511
323 0 1 0 3.230000000000e-07 -13.1399532728 0.9669337231 5.38624439432 0.702928934845 0.00486330472287 -0.711243461007 0 0 0 511
324 0 1 0 3.240000000000e-07 -13.225089261 -0.4399958881 5.30110840609 0.707743207474 0.00733748131687 -0.706431676556 0 0 0 511
325 0 1 0 3.250000000000e-07 -12.7980470409 0.3117502534 5.72815062614 0.710239028894 0.00613859068176 -0.703933831791 0 0 0 511
326 0 1 0 3.260000000000e-07 -12.3526652479 -0.502598131 6.17353241914 0.710634854227 -0.00534050956716 -0.703540747161 0 0 0 511
327 0 1 0 3.270000000000e-07 -12.9613056281 -0.4967452096 5.56489203897 0.701971963537 0.00138025761602 -0.712203241566 0 0 0 511
328 0 1 0 3.280000000000e-07 -12.8271120794 -0.5280399906 5.69908558766 0.709709395972 -0.00674950473624 -0.704462218615 0 0 0 511
329 0 1 0 3.290000000000e-07 -12.5524381741 0.3738460273 5.97375949296 0.70210990149 -0.00228785377796 -0.712064921166 0 0 0 511
330 0 1 0 3.300000000000e-07 -12.5802140049 -0.4653783065 5.94598366218 0.702315617199 0.00317547632793 -0.711858616713 0 0 0 511
331 0 1 0 3.310000000000e-07 -12.8270483623 -0.3960128485 5.69914930477 0.712302768502 0.00140698878803 -0.701870918593 0 0 0 511
332 0 1 0 3.320000000000e-07 -13.2044993228 -0.1854242281 5.32169834432 0.702718549615 -0.00392067911108 -0.711457144389 0 0 0 511
333 0 1 0 3.330000000000e-07 -12.5710550691 -0.2170177982 5.95514259796 0.711550971398 -0.00400613664919 -0.702623061087 0 0 0 511
334 0 1 0 3.340000000000e-07 -12.7151352565 0.4265824647 5.81106241062 0.709584674697 -0.00642311060208 -0.704590897674 0 0 0 511
335 0 1 0 3.350000000000e-07 -13.398130431 0.3106657461 5.12806723613 0.708393772921 -0.00719846245496 -0.705780734099 0 0 0 511
336 0 1 0 3.360000000000e-07 -13.253598145 -0.3377243614 5.27259952209 0.703510775062 -0.00538625571627 -0.710664180624 0 0 0 511
337 0 1 0 3.370000000000e-07 -12.3685232485 -0.8626990588 6.15767441863 0.702051310032 -0.00231357405011 -0.712122605635 0 0 0 511
338 0 1 0 3.380000000000e-07 -13.3814220195 -0.6315234556 5.1447756476 0.702278093227 0.00319950365208 -0.711895528115 0 0 0 511
339 0 1 0 3.390000000000e-07 -13.3546838467 0.3600770357 5.17151382039 0.706408047611 0.00759366672078 -0.707764089578 0 0 0 511
340 0 1 0 3.400000000000e-07 -12.3577369025 0.6379074311 6.16846076456 0.711632429891 -0.00407947318691 -0.702540135954 0 0 0 511
341 0 1 0 3.410000000000e-07 -12.6361069672 -0.7623960813 5.8900906999 0.704569893617 -0.00647602318294 -0.709605049399 0 0 0 511
342 0 1 0 3.420000000000e-07 -13.2090875334 -0.5382903332 5.31711013369 0.70257159853 -0.00405208937595 -0.711601524387 0 0 0 511
343 0 1 0 3.430000000000e-07 -13.1129970976 -0.1275417881 5.41320056948 0.701874742358 0.00140566519393 -0.71229900333 0 0 0 511
344 0 1 0 3.440000000000e-07 -13.5546902823 -0.7173724571 4.97150738478 0.70295896668 0.00482823608095 -0.71121401793 0 0 0 511
345 0 1 0 3.450000000000e-07 -13.1294111465 0.8683573048 5.39678652055 0.712318929035 -0.000465305584882 -0.701855773525 0 0 0 511
346 0 1 0 3.460000000000e-07 -13.6061412998 0.7156243127 4.92005636732 0.712043139792 -0.00227744488201 -0.70213202485 0 0 0 511
347 0 1 0 3.470000000000e-07 -12.3819773144 0.4260752267 6.1442203527 0.711606560934 -0.00405555628517 -0.70256647721 0 0 0 511
348 0 1 0 3.480000000000e-07 -13.4477269332 -0.4259114834 5.0784707339 0.70708660911 -0.00747927827805 -0.707087397437 0 0 0 511
349 0 1 0 3.490000000000e-07 -13.3180072181 0.4947692244 5.208190449 0.705823357146 -0.00696978763282 -0.708353591483 0 0 0 511
350 0 1 0 3.500000000000e-07 -13.4567628582 -0.1986712563 5.06943480889 0.702771197827 -0.00387386614399 -0.711405395443 0 0 0 511
351 0 1 0 3.510000000000e-07 -12.2450263017 -0.4375107953 6.28117136537 0.702037961817 0.00136244833802 -0.712138219662 0 0 0 511
352 0 1 0 3.520000000000e-07 -12.9955092507 0.471367808 5.53068841643 0.702274392134 0.00320203044008 -0.711899167828 0 0 0 511
353 0 1 0 3.530000000000e-07 -13.4903001107 -0.4864192032 5.03589755634 0.705143593215 0.00694310092098 -0.709030539749 0 0 0 511
354 0 1 0 3.540000000000e-07 -12.5089330344 -0.8119820803 6.01726463266 0.710098906501 0.00586176347804 -0.704077540271 0 0 0 511
355 0 1 0 3.550000000000e-07 -12.9776703395 -0.9088285446 5.54852732759 0.711046850698 0.00463126008195 -0.703129381794 0 0 0 511
356 0 1 0 3.560000000000e-07 -13.7653641062 0.06621657557 4.76083356088 0.711601829618 0.00300349451301 -0.702576554623 0 0 0 511
357 0 1 0 3.570000000000e-07 -12.8561459513 0.2991537952 5.67005171577 0.712410764595 -0.000473592735918 -0.701762551152 0 0 0 511
358 0 1 0 3.580000000000e-07 -12.6267227429 0.2211519721 5.89947492414 0.710638111058 -0.00534512608304 -0.703537422416 0 0 0 511
359 0 1 0 3.590000000000e-07 -12.7113006921 0.4295912134 5.81489697497 0.705806638714 -0.00705772127816 -0.70836937915 0 0 0 511
360 0 1 0 3.600000000000e-07 -13.3770361812 -0.8358537367 5.14916148589 0.712089402859 -0.002299204183 -0.702085034733 0 0 0 511
361 0 1 0 3.610000000000e-07 -13.1639394683 0.4121674793 5.36225819881 0.708388202992 -0.00716596511189 -0.705786655304 0 0 0 511
362 0 1 0 3.620000000000e-07 -13.4535118967 0.2576264296 5.07268577036 0.707086578387 -0.00748335003933 -0.707087385079 0 0 0 511
363 0 1 0 3.630000000000e-07 -12.96561584 0.3776912582 5.56058182704 0.705785798378 -0.00716714466215 -0.708389044837 0 0 0 511
364 0 1 0 3.640000000000e-07 -13.4834947454 -0.1529198106 5.04270292164 0.704556822856 -0.00650969636886 -0.709617719072 0 0 0 511
365 0 1 0 3.650000000000e-07 -13.0863230919 -0.4192575348 5.43987457516 0.702553640081 -0.00406938840012 -0.711619155789 0 0 0 511
366 0 1 0 3.660000000000e-07 -13.1313474129 0.7467530481 5.39485025423 0.70300367752 0.00477721861203 -0.711170167805 0 0 0 511
367 0 1 0 3.670000000000e-07 -12.7589392155 -0.3865981444 5.76725845163 0.711750082291 0.00310205661685 -0.70242593745 0 0 0 511
368 0 1 0 3.680000000000e-07 -13.0582336712 0.8899277511 5.46796399585 0.704598719023 -0.00640464395802 -0.709577075226 0 0 0 511
369 0 1 0 3.690000000000e-07 -13.4981150951 -0.1531063044 5.02808257203 0.702604871818 -0.00402412681486 -0.711568830473 0 0 0 511
370 0 1 0 3.700000000000e-07 -12.8701188381 -0.0716422159 5.65607882897 0.709035451903 0.00696008989698 -0.705138486465 0 0 0 511
371 0 1 0 3.710000000000e-07 -12.8647724845 -0.1626508702 5.6614251826 0.711112649252 0.00470971808516 -0.703062314898 0 0 0 511
372 0 1 0 3.720000000000e-07 -13.6337864789 -0.6682855231 4.89241118816 0.711994497606 -0.00225485967409 -0.702181423128 0 0 0 511
373 0 1 0 3.730000000000e-07 -12.8051610224 -0.5325288895 5.72103664472 0.701865820105 -0.000464017716303 -0.712309030728 0 0 0 511
374 0 1 0 3.740000000000e-07 -13.6651673193 -0.7549250188 4.86103034782 0.701725830137 0.00144603608507 -0.712445624801 0 0 0 511
375 0 1 0 3.750000000000e-07 -12.6738960008 0.8151200882 5.85230166624 0.702407133294 0.00311528002093 -0.711768581864 0 0 0 511
376 0 1 0 3.760000000000e-07 -13.3706164519 0.7162167119 5.15558121523 0.703026536466 0.0047502258868 -0.71114775144 0 0 0 511
377 0 1 0 3.770000000000e-07 -12.4991966706 0.8126744198 6.02700099644 0.705143539773 0.00694475277066 -0.709030576721 0 0 0 511
378 0 1 0 3.780000000000e-07 -13.4019858081 0.1847583277 5.12421185902 0.709590817933 -0.00643954825895 -0.704584560804 0 0 0 511
379 0 1 0 3.790000000000e-07 -12.459732704 0.9275240989 6.06646496305 0.708373399015 -0.00708010179091 -0.70580238008 0 0 0 511
380 0 1 0 3.800000000000e-07 -12.4747067391 -0.532708423 6.05149092796 0.707088007359 -0.00727750778792 -0.707088104644 0 0 0 511
381 0 1 0 3.810000000000e-07 -12.6628372247 0.2591249325 5.86336044238 0.703474226191 -0.00544108504482 -0.710699942084 0 0 0 511
382 0 1 0 3.820000000000e-07 -13.6069155097 0.4583004572 4.91928215738 0.702009727472 -0.00233242538607 -0.712163536224 0 0 0 511
383 0 1 0 3.830000000000e-07 -13.7001220816 0.262155879 4.82607558546 0.701635828969 -0.000484871336478 -0.712535562907 0 0 0 511
384 0 1 0 3.840000000000e-07 -12.710494519 -0.8878972841 5.81570314804 0.701884981386 0.00140335018105 -0.712288918567 0 0 0 511
385 0 1 0 3.850000000000e-07 -13.514419835 0.320219569 5.01177783206 0.703991351558 0.00602476480814 -0.710182989898 0 0 0 511
386 0 1 0 3.860000000000e-07 -12.3842040129 -0.7143887451 6.14199365414 0.707729501697 0.0071713160633 -0.70644711384 0 0 0 511
387 0 1 0 3.870000000000e-07 -13.158591489 -0.408828198 5.36760617807 0.712340064875 0.00141734302599 -0.701833045042 0 0 0 511
388 0 1 0 3.880000000000e-07 -12.7308072151 0.01675261755 5.79539045202 0.70963686558 -0.00656049689175 -0.70453706708 0 0 0 511
389 0 1 0 3.890000000000e-07 -12.9729670516 -0.516242556 5.55323061551 0.702090016232 -0.00229545754103 -0.7120845034 0 0 0 511
390 0 1 0 3.900000000000e-07 -13.3108730679 0.5585271332 5.21532459922 0.701788770781 -0.000471552474217 -0.712384937266 0 0 0 511
391 0 1 0 3.910000000000e-07 -12.6163443399 -0.8632876462 5.90985332716 0.701923686295 0.00139304690303 -0.712250797148 0 0 0 511
392 0 1 0 3.920000000000e-07 -12.842861862 0.5415391455 5.6833358051 0.702210751615 0.00324416739689 -0.711961751567 0 0 0 511
393 0 1 0 3.930000000000e-07 -12.4126660857 0.3695438423 6.11353158139 0.707757009552 0.00750851923013 -0.706416051325 0 0 0 511
394 0 1 0 3.940000000000e-07 -13.5337794373 0.5754364319 4.99241822978 0.709036400518 0.00696424164802 -0.705137491613 0 0 0 511
395 0 1 0 3.950000000000e-07 -13.2050194687 0.3168495992 5.32117819834 0.711165708511 0.00477206801576 -0.703008223569 0 0 0 511
396 0 1 0 3.960000000000e-07 -13.0915725074 0.827818078 5.43462515973 0.70346566404 -0.00545324626917 -0.710708323872 0 0 0 511
397 0 1 0 3.970000000000e-07 -12.6054036407 0.6378645602 5.92079402643 0.711061868536 0.00464851051295 -0.703114080689 0 0 0 511
398 0 1 0 3.980000000000e-07 -12.3242647954 -0.3312953934 6.20193287171 0.711510518718 -0.00397029211201 -0.70266422887 0 0 0 511
399 0 1 0 3.990000000000e-07 -12.4506690662 -0.009846253951 6.07552860084 0.707088517927 -0.00722410663701 -0.707088141677 0 0 0 511
400 0 1 0 4.000000000000e-07 -12.5791474992 -0.9369614885 5.94705016786 0.705772203434 -0.00724045073095 -0.708401844106 0 0 0 511
401 0 1 0 4.010000000000e-07 -12.9454999864 -0.9888619521 5.58069768069 0.703166384749 0.00458791989187 -0.711010538846 0 0 0 511
402 0 1 0 4.020000000000e-07 -12.5745167019 -0.1564373892 5.9516809652 0.707742099237 0.00733195098127 -0.706432844269 0 0 0 511
403 0 1 0 4.030000000000e-07 -13.1266766552 -0.09586034479 5.39952101187 0.710209685822 0.00607793662688 -0.703963962751 0 0 0 511
404 0 1 0 4.040000000000e-07 -13.2878524108 0.6357875636 5.23834525633 0.712291002301 -0.00046272854658 -0.701884117162 0 0 0 511
405 0 1 0 4.050000000000e-07 -13.2047753369 -0.04960814045 5.32142233014 0.712087565737 -0.00229769197502 -0.702086902979 0 0 0 511
406 0 1 0 4.060000000000e-07 -12.550396141 0.679766465 5.97580152613 0.710748507872 -0.00551449131115 -0.703424586536 0 0 0 511
407 0 1 0 4.070000000000e-07 -12.6007947109 -0.7509451042 5.92540295614 0.705760756474 -0.00730597190234 -0.70841257569 0 0 0 511
408 0 1 0 4.080000000000e-07 -13.0840461365 0.1190235174 5.44215153063 0.701749231305 -0.000474607823305 -0.712423884432 0 0 0 511
409 0 1 0 4.090000000000e-07 -13.3535581285 0.5106387174 5.17263953863 0.703047421154 0.00472722348781 -0.711127257927 0 0 0 511
410 0 1 0 4.100000000000e-07 -13.1729213612 0.6156144101 5.35327630588 0.705178754242 0.00681970651023 -0.708996767389 0 0 0 511
411 0 1 0 4.110000000000e-07 -13.508285757 0.9302268737 5.01791191013 0.710239872206 0.00613818423615 -0.703932984469 0 0 0 511
412 0 1 0 4.120000000000e-07 -12.3567302667 -0.04735706453 6.16946740043 0.711891975536 0.00319742318205 -0.702281703914 0 0 0 511
413 0 1 0 4.130000000000e-07 -13.4138060543 -0.2549678386 5.11239161274 0.711476476067 -0.00393959527817 -0.702698871205 0 0 0 511
414 0 1 0 4.140000000000e-07 -12.6145100528 -0.2551721822 5.91168761426 0.709619407368 -0.00651432915114 -0.704555079608 0 0 0 511
415 0 1 0 4.150000000000e-07 -13.2677914164 0.2744313071 5.25840625069 0.708422009345 -0.00735623068824 -0.705750765175 0 0 0 511
416 0 1 0 4.160000000000e-07 -13.0714409483 0.5263705749 5.45475671882 0.702147795174 -0.00227083406502 -0.712027609749 0 0 0 511
417 0 1 0 4.170000000000e-07 -13.2927005641 -0.4022709924 5.233497103 0.701811032284 -0.000469194095396 -0.712363007758 0 0 0 511
418 0 1 0 4.180000000000e-07 -13.1178280299 0.5127217174 5.40836963723 0.703011626255 0.00476856336681 -0.711162368348 0 0 0 511
419 0 1 0 4.190000000000e-07 -13.3373193365 0.9993817267 5.18887833057 0.705114928329 0.00704177773782 -0.709058073231 0 0 0 511
420 0 1 0 4.200000000000e-07 -13.5142322157 0.8217399496 5.01196545139 0.707747877937 0.00739283566131 -0.706426420271 0 0 0 511
421 0 1 0 4.210000000000e-07 -12.7049733624 -0.8135532825 5.82122430468 0.712005587427 -0.00226046556296 -0.702170160124 0 0 0 511
422 0 1 0 4.220000000000e-07 -12.5867514127 0.8136557849 5.93944625436 0.711610493395 -0.00406113323787 -0.702562461911 0 0 0 511
423 0 1 0 4.230000000000e-07 -13.0982715979 -0.3458613253 5.42792606919 0.707085683093 -0.00765755022625 -0.707086415292 0 0 0 511
424 0 1 0 4.240000000000e-07 -13.479608387 -0.2981095855 5.04658928007 0.701868755615 0.001408217068 -0.712304897369 0 0 0 511
425 0 1 0 4.250000000000e-07 -13.1119292967 0.1907768995 5.41426837044 0.702306013209 0.00318179686098 -0.711868063604 0 0 0 511
426 0 1 0 4.260000000000e-07 -13.3429276911 -0.6287357057 5.183269976 0.702959054693 0.00482863966587 -0.711213928199 0 0 0 511
427 0 1 0 4.270000000000e-07 -12.4601841453 0.1443797937 6.06601352175 0.707740416145 0.00730715171424 -0.706434787428 0 0 0 511
428 0 1 0 4.280000000000e-07 -13.3475801861 0.1133912446 5.17861748095 0.712059858414 -0.00228451824599 -0.702115046849 0 0 0 511
429 0 1 0 4.290000000000e-07 -13.4345784903 -0.3951386676 5.09161917675 0.711639995128 -0.00408785671311 -0.702532423993 0 0 0 511
430 0 1 0 4.300000000000e-07 -12.9809935022 -0.158781492 5.54520416492 0.709650341194 -0.00659215553629 -0.704523198148 0 0 0 511
431 0 1 0 4.310000000000e-07 -12.9609379782 -0.5768743805 5.56525968893 0.707087407743 -0.0074425707989 -0.707086986128 0 0 0 511
432 0 1 0 4.320000000000e-07 -12.600209295 -0.6313220908 5.92598837211 0.704480856414 -0.0067021235803 -0.709691344519 0 0 0 511
433 0 1 0 4.330000000000e-07 -13.1277600567 -0.3259724127 5.39843761036 0.702173824102 -0.0022577480909 -0.712001982665 0 0 0 511
434 0 1 0 4.340000000000e-07 -12.9487839115 -0.4360655236 5.57741375563 0.701844489091 0.00141361348995 -0.712328796856 0 0 0 511
435 0 1 0 4.350000000000e-07 -13.5415898214 0.2545003804 4.9846078457 0.704017573453 0.00597595246119 -0.710157408087 0 0 0 511
436 0 1 0 4.360000000000e-07 -13.1469707014 -0.03729541288 5.37922696572 0.706425680085 0.00740304240018 -0.707748510052 0 0 0 511
437 0 1 0 4.370000000000e-07 -12.4085458624 0.4115904634 6.11765180471 0.712006302239 0.00327361659284 -0.70216544276 0 0 0 511
438 0 1 0 4.380000000000e-07 -12.7467226373 -0.2730345739 5.77947502977 0.712125717705 0.00136023515597 -0.702050647705 0 0 0 511
439 0 1 0 4.390000000000e-07 -12.471020688 -0.8477418227 6.05517697909 0.704529616157 -0.00657776218321 -0.709644103056 0 0 0 511
440 0 1 0 4.400000000000e-07 -12.6456139591 -0.516819871 5.88058370798 0.702046977872 0.00135976311398 -0.712129336501 0 0 0 511
441 0 1 0 4.410000000000e-07 -13.3062390868 -0.4994962259 5.21995858024 0.702295625878 0.00318861905214 -0.711878280735 0 0 0 511
442 0 1 0 4.420000000000e-07 -13.1244530404 -0.4328388947 5.40174462666 0.711815248697 0.00314674127397 -0.702359701109 0 0 0 511
443 0 1 0 4.430000000000e-07 -12.354796427 0.7686305955 6.1714012401 0.701805954361 -0.000469522836312 -0.712368010211 0 0 0 511
444 0 1 0 4.440000000000e-07 -13.3590511603 -0.7180264927 5.16714650674 0.70305799545 0.00471398646719 -0.711116891492 0 0 0 511
445 0 1 0 4.450000000000e-07 -13.4014449335 -0.3385101585 5.12475273362 0.703910633183 0.00618049179774 -0.710261657429 0 0 0 511
446 0 1 0 4.460000000000e-07 -13.0917672798 0.9477053824 5.43443038731 0.705100679805 0.00709280407118 -0.709071733655 0 0 0 511
447 0 1 0 4.470000000000e-07 -13.5250508085 -0.102500017 5.00114685856 0.711985208267 -0.00225007005003 -0.702190857526 0 0 0 511
448 0 1 0 4.480000000000e-07 -13.153827236 0.3601520181 5.37237043113 0.709491763519 -0.00618183103503 -0.704686612945 0 0 0 511
449 0 1 0 4.490000000000e-07 -13.2421744219 -0.5090599131 5.28402324523 0.70510871695 0.00706484096491 -0.709064020595 0 0 0 511
450 0 1 0 4.500000000000e-07 -12.7598617405 0.5544544538 5.7663359266 0.710200176205 0.00606018791528 -0.703973709624 0 0 0 511
451 0 1 0 4.510000000000e-07 -13.0983625433 0.3978963432 5.4278351238 0.711193568619 0.00480416772885 -0.702979820427 0 0 0 511
452 0 1 0 4.520000000000e-07 -12.4482146111 0.3247770112 6.07798305595 0.711851285741 0.00317070948996 -0.702323069242 0 0 0 511
453 0 1 0 4.530000000000e-07 -12.9839610718 -0.2332818984 5.5422365953 0.712315353026 -0.000465343676813 -0.7018594028 0 0 0 511
454 0 1 0 4.540000000000e-07 -12.307937926 -0.772857654 6.21825974108 0.712145909925 -0.00232508228003 -0.702027632626 0 0 0 511
455 0 1 0 4.550000000000e-07 -12.8664327002 0.4716600848 5.65976496688 0.708347026866 -0.00692886392284 -0.705830348154 0 0 0 511
456 0 1 0 4.560000000000e-07 -13.2737472313 0.1318539257 5.2524504358 0.703520179851 -0.00537187967324 -0.710654979192 0 0 0 511
457 0 1 0 4.570000000000e-07 -12.4723996087 -0.05038283787 6.05379805836 0.705175119557 0.00683185084205 -0.709000265566 0 0 0 511
458 0 1 0 4.580000000000e-07 -13.2206380491 -0.6776019757 5.30555961803 0.708941143379 0.00661550695827 -0.705236620074 0 0 0 511
459 0 1 0 4.590000000000e-07 -12.2302556178 -0.559910048 6.29594204928 0.71254104331 -0.000485023534524 -0.70163026328 0 0 0 511
460 0 1 0 4.600000000000e-07 -12.8984201326 -0.1919172293 5.62777753454 0.710605692773 -0.00529727722797 -0.703570528272 0 0 0 511
461 0 1 0 4.610000000000e-07 -13.3992446358 0.2706114585 5.12695303129 0.703436121366 -0.00549705087087 -0.710737226821 0 0 0 511
462 0 1 0 4.620000000000e-07 -12.8457450213 0.1751721564 5.68045264579 0.701939043106 0.00138826700305 -0.712235672007 0 0 0 511
463 0 1 0 4.630000000000e-07 -12.8841660812 -0.7154235484 5.64203158584 0.711139265214 0.00474034675178 -0.703035187302 0 0 0 511
464 0 1 0 4.640000000000e-07 -12.6577233092 -0.2198277088 5.86847435784 0.709617847596 -0.00650952749319 -0.704556694968 0 0 0 511
465 0 1 0 4.650000000000e-07 -13.0681832845 -0.8933629231 5.4580143826 0.702382341067 0.00313060901015 -0.711792979907 0 0 0 511
466 0 1 0 4.660000000000e-07 -13.4071048207 0.1169332859 5.11909284638 0.702982007959 0.00480333512202 -0.711191411969 0 0 0 511
467 0 1 0 4.670000000000e-07 -13.1414509708 -0.1997926498 5.38474669633 0.710132396329 0.00592570147386 -0.704043227186 0 0 0 511
468 0 1 0 4.680000000000e-07 -13.0121719158 -0.4844633248 5.51402575126 0.709632823707 -0.0065488359003 -0.704541246675 0 0 0 511
469 0 1 0 4.690000000000e-07 -13.1205294839 0.1515485264 5.40566818315 0.708374154866 -0.00708263734866 -0.705801596036 0 0 0 511
470 0 1 0 4.700000000000e-07 -12.7986617733 -0.3434993809 5.72753589381 0.707088154768 -0.00735468263267 -0.707087158722 0 0 0 511
471 0 1 0 4.710000000000e-07 -12.728533932 0.4209910857 5.79766373513 0.703416831284 -0.00552707126281 -0.710756085411 0 0 0 511
472 0 1 0 4.720000000000e-07 -13.0918140318 0.8541533826 5.43438363531 0.702646163973 -0.00398625832316 -0.711528269289 0 0 0 511
473 0 1 0 4.730000000000e-07 -12.4136477925 0.209186437 6.11254987457 0.702371393869 0.00313873501395 -0.711803746419 0 0 0 511
474 0 1 0 4.740000000000e-07 -12.622117105 0.3364950782 5.90408056205 0.707756581878 0.00749996094483 -0.706416570725 0 0 0 511
475 0 1 0 4.750000000000e-07 -12.8643006299 -0.7164686306 5.66189703722 0.711091256624 0.00468433299797 -0.703084121409 0 0 0 511
476 0 1 0 4.760000000000e-07 -12.5625682655 0.6822646443 5.96362940159 0.712118504555 0.00135646868296 -0.702057971583 0 0 0 511
477 0 1 0 4.770000000000e-07 -12.8423109714 -0.6588949824 5.68388669573 0.707086400477 -0.00750361778373 -0.707087348197 0 0 0 511
478 0 1 0 4.780000000000e-07 -12.7922132225 -0.8849973562 5.73398444461 0.705195909916 0.00675953174668 -0.708980279957 0 0 0 511
479 0 1 0 4.790000000000e-07 -13.4376159491 -0.5123151361 5.08858171797 0.706438111741 0.00727772612164 -0.707737401147 0 0 0 511
480 0 1 0 4.800000000000e-07 -13.4672148234 -0.7486614678 5.05898284365 0.711097451257 0.00469131114186 -0.703077809645 0 0 0 511
481 0 1 0 4.810000000000e-07 -13.199601851 0.7140591285 5.32659581609 0.702269031011 0.00320651487291 -0.711904436245 0 0 0 511
482 0 1 0 4.820000000000e-07 -13.023729401 -0.5852215796 5.50246826607 0.704018193623 0.00597455578519 -0.71015680503 0 0 0 511
483 0 1 0 4.830000000000e-07 -13.4949568453 0.2159957198 5.03124082183 0.705172824178 0.00684095688472 -0.70900246075 0 0 0 511
484 0 1 0 4.840000000000e-07 -12.968752349 0.1442382848 5.55744531813 0.710246768421 0.00615247930026 -0.703925901602 0 0 0 511
485 0 1 0 4.850000000000e-07 -13.2183679091 0.8209205612 5.30782975798 0.712148206431 -0.00232496719093 -0.702025303393 0 0 0 511
486 0 1 0 4.860000000000e-07 -12.4885771091 -0.03332574918 6.03762055794 0.708403331519 -0.00725223337522 -0.7057705895 0 0 0 511
487 0 1 0 4.870000000000e-07 -13.3057671148 -0.5384089076 5.22043055231 0.707087830407 -0.00735818278705 -0.707087446669 0 0 0 511
488 0 1 0 4.880000000000e-07 -13.3850672286 0.1391156019 5.14113043846 0.702089883458 -0.00229639976911 -0.712084631273 0 0 0 511
489 0 1 0 4.890000000000e-07 -12.7165206924 -0.5057388284 5.80967697468 0.701956834344 -0.000456883509001 -0.712219344005 0 0 0 511
490 0 1 0 4.900000000000e-07 -13.0915892881 0.8510222405 5.43460837895 0.711932767246 0.00322578215998 -0.702240221898 0 0 0 511
491 0 1 0 4.910000000000e-07 -12.7528369773 -0.4498444458 5.77336068981 0.712245695647 0.00139187672302 -0.701928865137 0 0 0 511
492 0 1 0 4.920000000000e-07 -13.1709639819 0.7744423155 5.35523368521 0.710639888849 -0.00534863940719 -0.703535599976 0 0 0 511
493 0 1 0 4.930000000000e-07 -13.0275275248 0.3699112343 5.49867014233 0.702744587382 -0.0038986687231 -0.711431546453 0 0 0 511
494 0 1 0 4.940000000000e-07 -12.8947668552 -0.6408916774 5.6314308119 0.702054305363 -0.00231292199597 -0.712119654773 0 0 0 511
495 0 1 0 4.950000000000e-07 -13.4091446722 -0.6901005306 5.11705299485 0.701747013602 -0.000475493483796 -0.712426068309 0 0 0 511
496 0 1 0 4.960000000000e-07 -13.4368529042 -0.6766533386 5.08934476284 0.701837247391 0.001415784812 -0.712335927585 0 0 0 511
497 0 1 0 4.970000000000e-07 -12.6913590132 -0.09840549769 5.8348386539 0.702367205342 0.00314131958487 -0.711807868017 0 0 0 511
498 0 1 0 4.980000000000e-07 -13.1461766965 0.4008106579 5.38002097062 0.703050173364 0.00472308836497 -0.711124564453 0 0 0 511
499 0 1 0 4.990000000000e-07 -13.4435589952 -0.3682573788 5.08263867187 0.711091082006 0.00468385744119 -0.703084301184 0 0 0 511
500 0 1 0 5.000000000000e-07 -13.3444630184 -0.5555550383 5.18173464869 0.701805149276 -0.000469987281585 -0.712368803052 0 0 0 511
501 0 1 0 5.010000000000e-07 -13.3494589001 0.808603524 5.17673876696 0.707751141366 0.00743723994727 -0.706422684628 0 0 0 511
502 0 1 0 5.020000000000e-07 -13.0852942996 -0.4689972227 5.44090336744 0.709033812386 0.00695342892779 -0.705140200754 0 0 0 511
503 0 1 0 5.030000000000e-07 -13.2509632784 -0.6831424563 5.2752343887 0.712321795805 0.00141278370607 -0.701851596324 0 0 0 511
504 0 1 0 5.040000000000e-07 -13.4804014965 0.274603257 5.04579617058 0.708364448355 -0.00702995800784 -0.705811864449 0 0 0 511
505 0 1 0 5.050000000000e-07 -13.0032586966 0.4689356364 5.52293897047 0.703549384216 -0.00532750481726 -0.710626400904 0 0 0 511
506 0 1 0 5.060000000000e-07 -12.5577018679 0.3448601063 5.9684957992 0.701784582416 -0.000471810314722 -0.712389063138 0 0 0 511
507 0 1 0 5.070000000000e-07 -12.6238721514 0.7798758206 5.90232551567 0.707747693068 0.00739243368272 -0.706426609693 0 0 0 511
508 0 1 0 5.080000000000e-07 -13.5747467053 0.4637506667 4.9514509618 0.710156547357 0.00597309108305 -0.704018465972 0 0 0 511
509 0 1 0 5.090000000000e-07 -13.3888882656 -0.6970657746 5.13730940149 0.711757132807 0.00310703971615 -0.702418771249 0 0 0 511
510 0 1 0 5.100000000000e-07 -13.3248677083 0.6968738834 5.20132995879 0.704496993709 -0.00666048261883 -0.709675717372 0 0 0 511
511 0 1 0 5.110000000000e-07 -12.8748652839 0.6755726386 5.6513323832 0.702068170815 -0.00230710345006 -0.712106003909 0 0 0 511
512 0 1 0 5.120000000000e-07 -13.554874478 -0.7403641345 4.97132318912 0.708988012589 0.00678685618981 -0.705187873256 0 0 0 511
513 0 1 0 5.130000000000e-07 -13.2356938614 0.3629768905 5.29050380569 0.710138370702 0.00593970487878 -0.704037083088 0 0 0 511
514 0 1 0 5.140000000000e-07 -12.6262069156 -0.3378456708 5.89999075147 0.711583491127 -0.00403433682194 -0.702589965258 0 0 0 511
515 0 1 0 5.150000000000e-07 -13.3362429341 -0.8160908311 5.18995473299 0.707087160162 -0.00746563354677 -0.707086990582 0 0 0 511
516 0 1 0 5.160000000000e-07 -12.5136182069 -0.4360266049 6.01257946023 0.705176697017 0.00682738604223 -0.708998739621 0 0 0 511
517 0 1 0 5.170000000000e-07 -12.3196666302 -0.3112591738 6.20653103685 0.707749303401 0.00741441821309 -0.706424765944 0 0 0 511
518 0 1 0 5.180000000000e-07 -13.3585407056 0.1591513552 5.16765696147 0.710179593565 0.00601960991809 -0.703994821842 0 0 0 511
519 0 1 0 5.190000000000e-07 -12.5238111556 -0.6196723883 6.00238651152 0.707087980491 -0.00730444588285 -0.707087853746 0 0 0 511
520 0 1 0 5.200000000000e-07 -12.675401657 0.5530300366 5.85079601013 0.70266039112 -0.00397278586802 -0.711514294814 0 0 0 511
521 0 1 0 5.210000000000e-07 -12.4279413438 -0.79542485 6.09825632327 0.712306777858 -0.000464321832383 -0.701868106287 0 0 0 511
522 0 1 0 5.220000000000e-07 -13.0272192717 0.4185146502 5.49897839535 0.710554903696 -0.00521961902682 -0.703622401868 0 0 0 511
523 0 1 0 5.230000000000e-07 -12.6729762922 -0.434063902 5.85322137493 0.703978217886 0.00605080315674 -0.710195787458 0 0 0 511
524 0 1 0 5.240000000000e-07 -13.4879483453 -0.1180638559 5.0382493218 0.711139442367 0.00474134728819 -0.703035001359 0 0 0 511
525 0 1 0 5.250000000000e-07 -13.1762116969 0.4002928114 5.34998597016 0.711900889864 0.00320355412006 -0.702272639544 0 0 0 511
526 0 1 0 5.260000000000e-07 -12.7261385939 -0.02872657215 5.80005907321 0.704479448787 -0.00670449308607 -0.709692719428 0 0 0 511
527 0 1 0 5.270000000000e-07 -13.2833679247 0.2253618472 5.24282974239 0.708997731554 0.00682352047468 -0.705177747962 0 0 0 511
528 0 1 0 5.280000000000e-07 -13.5019462181 0.1612880422 5.02425144904 0.710189712956 0.00603929117173 -0.703984444838 0 0 0 511
529 0 1 0 5.290000000000e-07 -12.5308671602 0.1654399768 5.99533050692 0.711454579855 -0.00391837030888 -0.702721158908 0 0 0 511
530 0 1 0 5.300000000000e-07 -13.5721254308 0.1564816614 4.95407223626 0.707087938698 -0.00731194874433 -0.707087817993 0 0 0 511
531 0 1 0 5.310000000000e-07 -13.1080077517 -0.8919215071 5.41818991542 0.704547193488 -0.00653410404804 -0.709627055313 0 0 0 511
532 0 1 0 5.320000000000e-07 -12.4064323416 -0.448350169 6.11976532546 0.702098620266 -0.00229255663009 -0.712076029371 0 0 0 511
533 0 1 0 5.330000000000e-07 -12.4296744086 -0.6042862463 6.0965232585 0.70175955418 -0.000473665446209 -0.712413716711 0 0 0 511
534 0 1 0 5.340000000000e-07 -12.6114318056 -0.2506880253 5.9147658615 0.710185598014 0.00603013573188 -0.703988674509 0 0 0 511
535 0 1 0 5.350000000000e-07 -12.8739777093 -1.05693258 5.65221995775 0.710997273105 0.00457365850113 -0.703179891127 0 0 0 511
536 0 1 0 5.360000000000e-07 -12.7566200843 0.5699653881 5.76957758276 0.712085025287 -0.00229668111407 -0.702089482913 0 0 0 511
537 0 1 0 5.370000000000e-07 -12.8601978936 0.546964364 5.66599977344 0.708389459297 -0.00717270789784 -0.705785325873 0 0 0 511
538 0 1 0 5.380000000000e-07 -12.6798084043 0.275594358 5.84638926275 0.705806322164 -0.00706382450298 -0.70836963372 0 0 0 511
539 0 1 0 5.390000000000e-07 -12.4973856181 -0.662299536 6.028812049 0.704069091152 0.00587686833297 -0.710107159028 0 0 0 511
540 0 1 0 5.400000000000e-07 -13.5378493732 0.5148942126 4.98834829385 0.709014485136 0.00688074446705 -0.705160347171 0 0 0 511
541 0 1 0 5.410000000000e-07 -13.1714215824 -0.387336542 5.35477608473 0.712198518398 0.00137889335395 -0.701976758194 0 0 0 511
542 0 1 0 5.420000000000e-07 -12.9436669271 -0.1432415683 5.58253073999 0.7121376323 -0.00232090303596 -0.702036043285 0 0 0 511
543 0 1 0 5.430000000000e-07 -12.3335573153 0.06101195351 6.19264035179 0.708366454026 -0.00703864564314 -0.705809764936 0 0 0 511
544 0 1 0 5.440000000000e-07 -12.7509297359 -0.2564156105 5.77526793117 0.702349555879 0.00315291801891 -0.711825231686 0 0 0 511
545 0 1 0 5.450000000000e-07 -13.4173090157 0.7101180208 5.10888865143 0.70642052531 0.00745838517118 -0.70775307411 0 0 0 511
546 0 1 0 5.460000000000e-07 -12.6237343442 0.4484122002 5.90246332293 0.70903296508 0.00695109787919 -0.70514107572 0 0 0 511
547 0 1 0 5.470000000000e-07 -13.1521947223 0.482953408 5.37400294482 0.71174044448 0.003096228791 -0.702435728775 0 0 0 511
548 0 1 0 5.480000000000e-07 -12.6933064717 -0.592367327 5.83289119541 0.710660738162 -0.00538095264891 -0.703514293091 0 0 0 511
549 0 1 0 5.490000000000e-07 -13.3291899556 -0.7004591132 5.19700771153 0.707087055399 -0.00750222054936 -0.707086708102 0 0 0 511
550 0 1 0 5.500000000000e-07 -12.3403519763 -0.166756867 6.18584569075 0.705768132813 -0.00726370281682 -0.708405661558 0 0 0 511
551 0 1 0 5.510000000000e-07 -12.7509468765 -0.232718507 5.77525079062 0.704512947928 -0.00661810739983 -0.709660275664 0 0 0 511
552 0 1 0 5.520000000000e-07 -12.8458022008 0.3190581361 5.68039546624 0.705793506756 -0.00712516594028 -0.708381788185 0 0 0 511
553 0 1 0 5.530000000000e-07 -13.1502173212 -0.8426117467 5.37598034588 0.704565704999 -0.00648703701814 -0.709609107671 0 0 0 511
554 0 1 0 5.540000000000e-07 -12.4943602852 0.4532770458 6.03183738189 0.703455126813 -0.00546870228508 -0.710718634803 0 0 0 511
555 0 1 0 5.550000000000e-07 -13.2460770082 0.4768230073 5.28012065884 0.702643823225 -0.00398841389213 -0.711530568731 0 0 0 511
556 0 1 0 5.560000000000e-07 -13.1658140966 -0.06141030194 5.36038357048 0.702301207062 0.00318491649686 -0.711872791211 0 0 0 511
557 0 1 0 5.570000000000e-07 -12.7578903872 0.6512726387 5.76830727985 0.706426335052 0.00739811233231 -0.707747907859 0 0 0 511
558 0 1 0 5.580000000000e-07 -12.954910813 0.5284496415 5.57128685407 0.712092556805 -0.00229897970208 -0.702081836566 0 0 0 511
559 0 1 0 5.590000000000e-07 -12.2981745488 0.4602265677 6.22802311825 0.710702691374 -0.0054445676092 -0.703471421707 0 0 0 511
560 0 1 0 5.600000000000e-07 -12.5594848132 -0.2087362218 5.96671285392 0.702186752704 -0.00225168464691 -0.711989251494 0 0 0 511
561 0 1 0 5.610000000000e-07 -13.6138460603 0.2202130466 4.91235160681 0.701727738584 -0.000476410502496 -0.712445053274 0 0 0 511
562 0 1 0 5.620000000000e-07 -13.0130314388 -0.3764858012 5.51316622824 0.70308552395 0.0046823321469 -0.711089883051 0 0 0 511
563 0 1 0 5.630000000000e-07 -13.3911277742 0.1370216279 5.13506989285 0.709023656348 0.00691627236606 -0.705150778143 0 0 0 511
564 0 1 0 5.640000000000e-07 -13.4009619807 -0.3788837986 5.12523568635 0.711782800545 0.00312477733813 -0.702392682632 0 0 0 511
565 0 1 0 5.650000000000e-07 -13.4412403986 -0.8455767969 5.0849572685 0.712202190746 -0.000455447184995 -0.701974238889 0 0 0 511
566 0 1 0 5.660000000000e-07 -12.7034363421 -0.07334277008 5.82276132502 0.708407467781 -0.00727175918727 -0.705766236873 0 0 0 511
567 0 1 0 5.670000000000e-07 -12.7653527375 0.2787552865 5.76084492955 0.707087959118 -0.00735047331404 -0.707087398143 0 0 0 511
568 0 1 0 5.680000000000e-07 -13.190714153 -0.8293460074 5.33548351406 0.704522338996 -0.0065993325449 -0.709651127432 0 0 0 511
569 0 1 0 5.690000000000e-07 -12.8440432562 -0.7802999134 5.68215441091 0.705160885042 0.00688089535427 -0.709013948724 0 0 0 511
570 0 1 0 5.700000000000e-07 -12.4331440315 0.7171771484 6.09305363558 0.707735215538 0.00725647903628 -0.70644051993 0 0 0 511
571 0 1 0 5.710000000000e-07 -13.4910060775 0.3298159959 5.03519158956 0.712316372128 0.001410274904 -0.701857105915 0 0 0 511
572 0 1 0 5.720000000000e-07 -12.506001935 -0.3166353462 6.02019573212 0.712154189947 -0.00232891411194 -0.702019220463 0 0 0 511
573 0 1 0 5.730000000000e-07 -12.8780151079 -0.8303143934 5.64818255919 0.71070026483 -0.00544146590321 -0.703473897185 0 0 0 511
574 0 1 0 5.740000000000e-07 -12.5081569229 -0.1369918753 6.01804074416 0.709693479017 -0.00670705605689 -0.70447865918 0 0 0 511
575 0 1 0 5.750000000000e-07 -13.0487405998 -0.8186878877 5.47745706731 0.707086210964 -0.00756528769301 -0.707086880578 0 0 0 511
576 0 1 0 5.760000000000e-07 -12.3611270515 0.6413568422 6.16507061562 0.705827254572 -0.00694515589184 -0.708349949893 0 0 0 511
577 0 1 0 5.770000000000e-07 -12.3893631187 -0.4030109097 6.13683454841 0.702591298348 -0.004034385823 -0.711582174605 0 0 0 511
578 0 1 0 5.780000000000e-07 -12.3642470631 0.5167603356 6.16195060404 0.702312657033 0.00317795187899 -0.711861526136 0 0 0 511
579 0 1 0 5.790000000000e-07 -12.763121776 -0.1174249179 5.76307589104 0.709064709852 0.00706626778031 -0.705108009529 0 0 0 511
580 0 1 0 5.800000000000e-07 -12.2602636635 0.4836025697 6.26593400358 0.712444289082 -0.000476329397892 -0.701728514502 0 0 0 511
581 0 1 0 5.810000000000e-07 -13.0569024091 -0.8003943342 5.46929525801 0.709611494021 -0.00649342421222 -0.704563242723 0 0 0 511
582 0 1 0 5.820000000000e-07 -13.1944516657 -0.05511492605 5.33174600139 0.704544616819 -0.00653976346896 -0.709629561395 0 0 0 511
583 0 1 0 5.830000000000e-07 -12.3429130306 -0.1548908991 6.18328463646 0.704579749312 -0.0064525806477 -0.709595477059 0 0 0 511
584 0 1 0 5.840000000000e-07 -12.5878967328 0.2947683747 5.93830093427 0.702465925231 0.00307589626896 -0.711710729687 0 0 0 511
585 0 1 0 5.850000000000e-07 -13.5264050182 0.1369708464 4.99979264888 0.707738701982 0.00729123291281 -0.706436669235 0 0 0 511
586 0 1 0 5.860000000000e-07 -13.3407504191 -0.7879256116 5.18544724801 0.71218543393 0.00137488967395 -0.701990040795 0 0 0 511
587 0 1 0 5.870000000000e-07 -13.0330510535 -0.7281609261 5.49314661363 0.709674054502 -0.00665619649872 -0.704498709307 0 0 0 511
588 0 1 0 5.880000000000e-07 -13.2550582439 -0.533622226 5.27113942324 0.705785597066 -0.00717320404321 -0.708389184077 0 0 0 511
589 0 1 0 5.890000000000e-07 -12.4066690106 0.727210265 6.11952865653 0.709002723614 0.00684085198479 -0.705172560904 0 0 0 511
590 0 1 0 5.900000000000e-07 -12.5517314726 0.01360122234 5.9744661945 0.711163251931 0.00476978504079 -0.703010724139 0 0 0 511
591 0 1 0 5.910000000000e-07 -12.779928306 0.4448739556 5.74626936109 0.712238316372 -0.000458326725017 -0.701937583142 0 0 0 511
592 0 1 0 5.920000000000e-07 -12.6349517112 -0.1513267316 5.89124595589 0.712203773964 -0.00235122074902 -0.701968842694 0 0 0 511
593 0 1 0 5.930000000000e-07 -12.8446842985 -0.63463424 5.68151336854 0.710684034292 -0.00541711096486 -0.703490482033 0 0 0 511
594 0 1 0 5.940000000000e-07 -12.5578223459 -0.1829817612 5.96837532122 0.70837231723 -0.007072396222 -0.705803543058 0 0 0 511
595 0 1 0 5.950000000000e-07 -12.9362473318 -0.7611580548 5.58995033533 0.712043623709 -0.00227720454106 -0.702131534881 0 0 0 511
596 0 1 0 5.960000000000e-07 -12.7722162757 0.3860433059 5.75398139143 0.711381880476 -0.00385302523812 -0.702795115469 0 0 0 511
597 0 1 0 5.970000000000e-07 -13.312101571 -0.118814053 5.21409609608 0.704607426957 -0.00637965707097 -0.709568653376 0 0 0 511
598 0 1 0 5.980000000000e-07 -12.9748089346 -0.4273598252 5.55138873245 0.701862179936 -0.00046474578181 -0.712312617035 0 0 0 511
599 0 1 0 5.990000000000e-07 -13.3831645924 0.7248729995 5.14303307465 0.703998728685 0.00601167051107 -0.710175787976 0 0 0 511
600 0 1 0 6.000000000000e-07 -13.3086201702 -0.3316304883 5.21757749694 0.70643090125 0.00735218634768 -0.707743828737 0 0 0 511
601 0 1 0 6.010000000000e-07 -13.5538578508 -0.82605564 4.97233981627 0.710103876216 0.00586908454902 -0.70407246703 0 0 0 511
602 0 1 0 6.020000000000e-07 -13.366497059 -0.7138727816 5.15970060813 0.712475957885 -0.000479962828476 -0.701696358172 0 0 0 511
603 0 1 0 6.030000000000e-07 -12.414103015 0.70501734 6.11209465209 0.708403425366 -0.00725263784032 -0.705770491147 0 0 0 511
604 0 1 0 6.040000000000e-07 -13.000203093 0.4374760362 5.52599457409 0.707086810218 -0.00741126539396 -0.70708791247 0 0 0 511
605 0 1 0 6.050000000000e-07 -13.309501506 0.09923189312 5.21669616109 0.705754731174 -0.00733780555808 -0.708418249366 0 0 0 511
606 0 1 0 6.060000000000e-07 -12.3267981918 -0.4986656391 6.19939947527 0.703510052197 -0.00538786844178 -0.710664883987 0 0 0 511
607 0 1 0 6.070000000000e-07 -12.7171062507 -0.3281135383 5.80909141637 0.70207323283 -0.00230362473804 -0.712101024473 0 0 0 511
608 0 1 0 6.080000000000e-07 -12.9311465504 0.1241529189 5.59505111667 0.702314437035 0.0031760017101 -0.71185977871 0 0 0 511
609 0 1 0 6.090000000000e-07 -13.2340269946 -0.3995179039 5.29217067247 0.705132038822 0.00698295323928 -0.70904163925 0 0 0 511
610 0 1 0 6.100000000000e-07 -13.1157885141 0.3719585159 5.41040915296 0.70901050388 0.00686924410873 -0.705164462287 0 0 0 511
611 0 1 0 6.110000000000e-07 -13.1839692707 -0.1944962644 5.34222839641 0.712281363536 -0.000461844263914 -0.701893899289 0 0 0 511
612 0 1 0 6.120000000000e-07 -12.7678127111 -0.1366513771 5.75838495597 0.71062107283 -0.00532133284924 -0.703554812553 0 0 0 511
613 0 1 0 6.130000000000e-07 -12.7627867378 -0.2800774559 5.76341092927 0.709652429325 -0.00659987660186 -0.704521022527 0 0 0 511
614 0 1 0 6.140000000000e-07 -13.1012570451 0.1086815829 5.424940622 0.706442702438 0.00721811507173 -0.707733429327 0 0 0 511
615 0 1 0 6.150000000000e-07 -13.048223233 0.6233497098 5.47797443407 0.712221117558 -0.000456905952679 -0.701955034843 0 0 0 511
616 0 1 0 6.160000000000e-07 -12.4138161027 0.5895522288 6.11238156442 0.711509989467 -0.00396985215189 -0.70266476727 0 0 0 511
617 0 1 0 6.170000000000e-07 -13.2372955806 0.04527847059 5.28890208651 0.70579990049 -0.00709325351288 -0.708375738026 0 0 0 511
618 0 1 0 6.180000000000e-07 -12.6701128019 0.4922474474 5.85608486522 0.701817038902 -0.000468738346492 -0.712357090364 0 0 0 511
619 0 1 0 6.190000000000e-07 -12.305320018 0.3888840074 6.22087764909 0.702368161191 0.00314123299497 -0.711806925226 0 0 0 511
620 0 1 0 6.200000000000e-07 -13.202726217 -0.1868105696 5.32347145007 0.706423160341 0.00742962734803 -0.7077507465 0 0 0 511
621 0 1 0 6.210000000000e-07 -13.310224001 -0.9645501148 5.21597366611 0.708407466024 -0.00727113412996 -0.705766245076 0 0 0 511
622 0 1 0 6.220000000000e-07 -12.7421155245 -0.4471320836 5.78408214257 0.707087464751 -0.00732798528967 -0.707088125924 0 0 0 511
623 0 1 0 6.230000000000e-07 -13.4246936911 0.02555863524 5.10150397596 0.705761278633 -0.00730122999598 -0.708412104374 0 0 0 511
624 0 1 0 6.240000000000e-07 -12.3697655689 -0.2715367782 6.1564320982 0.701919516287 0.00139343913302 -0.712254905903 0 0 0 511
625 0 1 0 6.250000000000e-07 -12.3151095236 -0.2785807548 6.21108814348 0.707755741681 0.00748612152703 -0.70641755931 0 0 0 511
626 0 1 0 6.260000000000e-07 -12.7257026176 0.1458909967 5.80049504951 0.708959858532 0.00668573464976 -0.705217143824 0 0 0 511
627 0 1 0 6.270000000000e-07 -13.3807019109 0.08806419756 5.14549575616 0.711124596087 0.00472370370106 -0.703050137233 0 0 0 511
628 0 1 0 6.280000000000e-07 -12.6712163151 0.5468797788 5.85498135197 0.708413419434 -0.00730779419773 -0.705759890693 0 0 0 511
629 0 1 0 6.290000000000e-07 -13.5541942236 0.3634362927 4.97200344353 0.705758171171 -0.00731658478634 -0.708415041774 0 0 0 511
630 0 1 0 6.300000000000e-07 -12.4533646723 -0.2881940185 6.07283299482 0.704556888109 -0.00650894646081 -0.709617661163 0 0 0 511
631 0 1 0 6.310000000000e-07 -12.4590145125 -0.7061315709 6.06718315457 0.701698661831 -0.00047940083508 -0.71247368945 0 0 0 511
632 0 1 0 6.320000000000e-07 -12.6265883392 0.8887794498 5.89960932789 0.712209285441 0.00138177227997 -0.701965828539 0 0 0 511
633 0 1 0 6.330000000000e-07 -13.3768637195 -0.8852544382 5.14933394754 0.712073613813 -0.00228979745194 -0.702101079147 0 0 0 511
634 0 1 0 6.340000000000e-07 -12.5598320216 -0.1108138724 5.96636564547 0.708407574046 -0.00727366719866 -0.705766110549 0 0 0 511
635 0 1 0 6.350000000000e-07 -13.3953105384 -0.568617004 5.13088712869 0.704579477939 -0.00645139857498 -0.709595757261 0 0 0 511
636 0 1 0 6.360000000000e-07 -13.6074875317 0.2799619373 4.91871013542 0.702561942464 -0.00405998935905 -0.711611012765 0 0 0 511
637 0 1 0 6.370000000000e-07 -12.9590879095 0.4136245232 5.56710975763 0.701889853395 0.00140157864199 -0.712284121175 0 0 0 511
638 0 1 0 6.380000000000e-07 -13.5117417887 0.2580106499 5.01445587836 0.703036802768 0.00473884690118 -0.711137678149 0 0 0 511
639 0 1 0 6.390000000000e-07 -13.4434059149 -0.7290679368 5.08279175214 0.703151685086 0.0046056888108 -0.711024961159 0 0 0 511
640 0 1 0 6.400000000000e-07 -13.5290940671 -0.7363318793 4.9971036 0.710199576773 0.00605990092725 -0.703974316827 0 0 0 511
641 0 1 0 6.410000000000e-07 -12.5018554332 0.3574650476 6.02434223393 0.711743480209 0.00309770750814 -0.7024326463 0 0 0 511
642 0 1 0 6.420000000000e-07 -12.5694579473 -0.6914430959 5.95673971982 0.712375912966 0.00142736174605 -0.701796638111 0 0 0 511
643 0 1 0 6.430000000000e-07 -13.3897789276 -0.1158418647 5.13641873948 0.710724535012 -0.00547830286188 -0.70344909093 0 0 0 511
644 0 1 0 6.440000000000e-07 -12.4420848379 -0.5665610845 6.08411282923 0.709618210367 -0.00651197091913 -0.704556307012 0 0 0 511
645 0 1 0 6.450000000000e-07 -12.8646518318 0.6588120277 5.66154583532 0.707087485442 -0.00731765630596 -0.707088212204 0 0 0 511
646 0 1 0 6.460000000000e-07 -12.7306181192 -0.613184165 5.79557954793 0.704566938118 -0.00648377923882 -0.709607913089 0 0 0 511
647 0 1 0 6.470000000000e-07 -12.4188717384 -0.6879514401 6.1073259287 0.702805584569 -0.00384414577818 -0.71137158563 0 0 0 511
648 0 1 0 6.480000000000e-07 -12.9685027623 0.6423307166 5.55769490478 0.702966147278 0.00482058952824 -0.711206972476 0 0 0 511
649 0 1 0 6.490000000000e-07 -12.8644957106 -0.0217926936 5.6617019565 0.705193628564 0.00676542158008 -0.708982492946 0 0 0 511
650 0 1 0 6.500000000000e-07 -13.3832804983 0.4292017236 5.14291716874 0.70643472854 0.0073117776478 -0.707740427149 0 0 0 511
651 0 1 0 6.510000000000e-07 -12.6462261448 -0.8099231232 5.8799715223 0.707734925781 0.00723952663601 -0.706440984147 0 0 0 511
652 0 1 0 6.520000000000e-07 -12.8827229172 0.7061070138 5.64347474993 0.711231785698 0.00484988440824 -0.702940840778 0 0 0 511
653 0 1 0 6.530000000000e-07 -13.6732200995 -0.2548554142 4.85297756761 0.711979412072 -0.00224856779389 -0.702196739332 0 0 0 511
654 0 1 0 6.540000000000e-07 -12.6703874565 0.2327155949 5.85581021059 0.711494810467 -0.00395603208584 -0.702680214955 0 0 0 511
655 0 1 0 6.550000000000e-07 -12.4036718342 -0.6971784155 6.12252583285 0.708378046798 -0.00710619310487 -0.705797453122 0 0 0 511
656 0 1 0 6.560000000000e-07 -13.3530894176 -0.464002802 5.17310824945 0.707088156259 -0.00717839096814 -0.707088968929 0 0 0 511
657 0 1 0 6.570000000000e-07 -13.1407899444 0.8168229882 5.38540772266 0.70576918172 -0.00726153927815 -0.708404638735 0 0 0 511
658 0 1 0 6.580000000000e-07 -13.4295980206 -0.3631472863 5.09659964652 0.702628521555 -0.00400057617195 -0.711545610687 0 0 0 511
659 0 1 0 6.590000000000e-07 -12.3114143509 -0.06456743999 6.21478331621 0.702165148514 -0.00226213093692 -0.712010524484 0 0 0 511
660 0 1 0 6.600000000000e-07 -12.3728508083 0.8563302564 6.1533468588 0.710217437133 0.00609307826221 -0.703956011686 0 0 0 511
661 0 1 0 6.610000000000e-07 -12.7258160563 -0.3341351024 5.80038161078 0.712050092349 -0.00228089671908 -0.702124962878 0 0 0 511
662 0 1 0 6.620000000000e-07 -12.4331232965 -0.8379422019 6.09307437056 0.702005705665 -0.00233384447496 -0.712167496018 0 0 0 511
663 0 1 0 6.630000000000e-07 -12.5603366339 0.3234029602 5.96586103321 0.705175169889 0.0068300534433 -0.709000232822 0 0 0 511
664 0 1 0 6.640000000000e-07 -12.8280794205 -0.2990060072 5.69811824664 0.711051889318 0.00463765267923 -0.703124244267 0 0 0 511
665 0 1 0 6.650000000000e-07 -13.0481830621 0.8488206418 5.47801460502 0.712282712158 -0.000462754202096 -0.701892530106 0 0 0 511
666 0 1 0 6.660000000000e-07 -12.914251891 0.6002783622 5.6119457761 0.708433266059 -0.00741827470767 -0.705738816235 0 0 0 511
667 0 1 0 6.670000000000e-07 -13.0121296859 0.04301036677 5.51406798123 0.711937754424 0.0032281600389 -0.702235154922 0 0 0 511
668 0 1 0 6.680000000000e-07 -13.1783661551 0.3104394683 5.34783151196 0.709687277579 -0.0066931916043 -0.704485038329 0 0 0 511
669 0 1 0 6.690000000000e-07 -12.9552290275 0.1176115004 5.57096863954 0.708392152905 -0.00719104637193 -0.705782435709 0 0 0 511
670 0 1 0 6.700000000000e-07 -13.543568545 0.1500719043 4.98262912207 0.7070879673 -0.00731809481989 -0.707087725808 0 0 0 511
671 0 1 0 6.710000000000e-07 -13.1605077768 0.5814658891 5.36568989026 0.705819093249 -0.00699125384104 -0.708357628586 0 0 0 511
672 0 1 0 6.720000000000e-07 -12.2545199912 0.1559926249 6.27167767591 0.701987153816 -0.000454671300411 -0.712189461556 0 0 0 511
673 0 1 0 6.730000000000e-07 -13.5776787159 -0.8651735984 4.94851895117 0.708997897554 0.00682079854725 -0.705177607395 0 0 0 511
674 0 1 0 6.740000000000e-07 -12.9020233029 0.4442847077 5.62417436415 0.709568201257 -0.00637862975214 -0.704607891559 0 0 0 511
675 0 1 0 6.750000000000e-07 -13.5091275224 -0.4816729646 5.01707014469 0.705744270627 -0.00739269038904 -0.708428099814 0 0 0 511
676 0 1 0 6.760000000000e-07 -12.3723842402 0.0229153765 6.15381342687 0.704551820368 -0.00652100807092 -0.70962258199 0 0 0 511
677 0 1 0 6.770000000000e-07 -13.310527262 0.3066268369 5.21567040506 0.701845424805 -0.000466289294107 -0.712329124951 0 0 0 511
678 0 1 0 6.780000000000e-07 -13.1633905844 0.02684515599 5.36280708267 0.702007969878 0.00137049544004 -0.712167769539 0 0 0 511
679 0 1 0 6.790000000000e-07 -13.2453092926 -0.5137074192 5.2808883745 0.704026652287 0.00595861830629 -0.710148553289 0 0 0 511
680 0 1 0 6.800000000000e-07 -12.79307898 -0.6946886711 5.73311868711 0.705137677836 0.00696194223096 -0.709036237901 0 0 0 511
681 0 1 0 6.810000000000e-07 -13.0358916632 0.2824503968 5.4903060039 0.706434503962 0.00730946715468 -0.707740675178 0 0 0 511
682 0 1 0 6.820000000000e-07 -12.9458673488 -0.5186029593 5.58033031828 0.709041437908 0.00697950748267 -0.705132275395 0 0 0 511
683 0 1 0 6.830000000000e-07 -12.3868510265 0.2954792552 6.13934664057 0.708410332408 -0.00729109435694 -0.705763162032 0 0 0 511
684 0 1 0 6.840000000000e-07 -12.7318770333 -0.9048709021 5.79432063376 0.707086038899 -0.00765584155812 -0.707086077988 0 0 0 511
685 0 1 0 6.850000000000e-07 -12.4135160668 -0.5444577111 6.11268160029 0.701823181226 -0.000468673731718 -0.712351038912 0 0 0 511
686 0 1 0 6.860000000000e-07 -12.8392418309 0.03416206993 5.68695583615 0.70223694614 0.00322724094992 -0.71193599178 0 0 0 511
687 0 1 0 6.870000000000e-07 -13.2460141018 -0.7195638883 5.28018356532 0.707734428704 0.00723657506721 -0.706441512376 0 0 0 511
688 0 1 0 6.880000000000e-07 -13.4840097303 -0.6297012272 5.04218793676 0.710219591654 0.00609911404712 -0.703953785726 0 0 0 511
689 0 1 0 6.890000000000e-07 -13.3978286886 0.5280922466 5.12836897847 0.711222361398 0.00483811750897 -0.702950457192 0 0 0 511
690 0 1 0 6.900000000000e-07 -12.6178621216 0.6977550411 5.9083355455 0.71206225226 0.00134133626699 -0.702115054477 0 0 0 511
691 0 1 0 6.910000000000e-07 -12.8425798532 -0.8413559156 5.68361781393 0.712034230586 -0.00227342873389 -0.702141072717 0 0 0 511
692 0 1 0 6.920000000000e-07 -12.3270774696 0.02341631841 6.19912019751 0.710679964896 -0.00540968821684 -0.703494650136 0 0 0 511
693 0 1 0 6.930000000000e-07 -12.8230750618 0.7332166228 5.70312260531 0.707086909358 -0.00739329153434 -0.707088001492 0 0 0 511
694 0 1 0 6.940000000000e-07 -12.9656074425 -0.9759573238 5.56059022457 0.703105766306 0.00465950771305 -0.711070017914 0 0 0 511
695 0 1 0 6.950000000000e-07 -12.4422507075 0.09880400485 6.08394695958 0.70412445844 0.00577034221277 -0.71005313194 0 0 0 511
696 0 1 0 6.960000000000e-07 -12.739332527 -0.4614214541 5.78686514006 0.705102593199 0.00708425696112 -0.709069916417 0 0 0 511
697 0 1 0 6.970000000000e-07 -12.5264597164 -0.7275289293 5.99973795073 0.709006212157 0.00685549375209 -0.705168911203 0 0 0 511
698 0 1 0 6.980000000000e-07 -13.3464948348 -0.1659310693 5.1797028323 0.710145689462 0.00595233705912 -0.704029594138 0 0 0 511
699 0 1 0 6.990000000000e-07 -12.5445894143 0.2558319382 5.98160825279 0.710676293715 -0.00540401984687 -0.703498402358 0 0 0 511
700 0 1 0 7.000000000000e-07 -12.4582307346 0.8583203902 6.06796693252 0.709586420042 -0.0064274577652 -0.704589100312 0 0 0 511
701 0 1 0 7.010000000000e-07 -13.2532091949 -0.3694929933 5.27298847218 0.70268012656 -0.00395508516103 -0.711494903031 0 0 0 511
702 0 1 0 7.020000000000e-07 -12.4958162642 0.09327657388 6.03038140293 0.701968869954 -0.00235182944391 -0.712203745086 0 0 0 511
703 0 1 0 7.030000000000e-07 -12.668623296 0.03803610619 5.85757437109 0.706439633662 0.00725364482626 -0.707736129237 0 0 0 511
704 0 1 0 7.040000000000e-07 -12.9214809883 0.6203854141 5.60471667882 0.707762823448 0.00757487531537 -0.706409517921 0 0 0 511
705 0 1 0 7.050000000000e-07 -13.55009606 0.5479269933 4.97610160709 0.709038949367 0.00697157371899 -0.705134856208 0 0 0 511
706 0 1 0 7.060000000000e-07 -13.0396807014 -0.8000358535 5.48651696571 0.709661090805 -0.00662198113516 -0.704512090431 0 0 0 511
707 0 1 0 7.070000000000e-07 -12.4259444632 0.591033596 6.10025320392 0.702107209607 -0.00228887977508 -0.712067572108 0 0 0 511
708 0 1 0 7.080000000000e-07 -12.9628704156 0.2223535099 5.5633272515 0.707762432694 0.00756341634198 -0.706410032205 0 0 0 511
709 0 1 0 7.090000000000e-07 -13.2270580156 0.8147538025 5.29913965146 0.712310994335 0.00140975645896 -0.701862564849 0 0 0 511
710 0 1 0 7.100000000000e-07 -12.3242901959 -0.2871350158 6.20190747116 0.712116571528 -0.00231196454592 -0.702057435952 0 0 0 511
711 0 1 0 7.110000000000e-07 -13.001214922 0.3936889199 5.52498274507 0.708437610396 -0.00744497561393 -0.705734174116 0 0 0 511
712 0 1 0 7.120000000000e-07 -12.8830987993 -0.425343387 5.64309886782 0.704580271005 -0.00644929956069 -0.709594988882 0 0 0 511
713 0 1 0 7.130000000000e-07 -13.2405268597 -0.08084028043 5.28567080743 0.701856328101 0.00141137517497 -0.712317136341 0 0 0 511
714 0 1 0 7.140000000000e-07 -12.6382428551 -0.8469283969 5.88795481195 0.705152690157 0.00691169463769 -0.709021799412 0 0 0 511
715 0 1 0 7.150000000000e-07 -12.9832601727 0.3478741288 5.54293749437 0.707734765536 0.00724267823476 -0.706441112382 0 0 0 511
716 0 1 0 7.160000000000e-07 -12.6573766534 -0.4509940756 5.86882101369 0.708991598244 0.00679854793373 -0.705184155639 0 0 0 511
717 0 1 0 7.170000000000e-07 -12.8108137815 0.6047550019 5.71538388561 0.712304638081 -0.000464740600984 -0.701870277604 0 0 0 511
718 0 1 0 7.180000000000e-07 -13.0417498896 -0.4599860186 5.48444777752 0.711665889649 -0.00411080827388 -0.702506058882 0 0 0 511
719 0 1 0 7.190000000000e-07 -13.1181982685 0.1039724841 5.4079993986 0.705793748687 -0.00712487613618 -0.708381550052 0 0 0 511
720 0 1 0 7.200000000000e-07 -13.0251371115 0.8831317473 5.50106055555 0.704586384894 -0.00643290648792 -0.709589066951 0 0 0 511
721 0 1 0 7.210000000000e-07 -12.6253374226 0.1595156051 5.90086024447 0.702690803248 -0.0039461205591 -0.711484408236 0 0 0 511
722 0 1 0 7.220000000000e-07 -12.7201487839 -0.1750061682 5.80604888318 0.701889777819 0.00140273364301 -0.712284193375 0 0 0 511
723 0 1 0 7.230000000000e-07 -13.1542194638 -0.429530872 5.37197820324 0.709045332449 0.0069954034579 -0.705128201721 0 0 0 511
724 0 1 0 7.240000000000e-07 -12.6693260703 0.4141408826 5.85687159675 0.71019813027 0.00605461017684 -0.703975821642 0 0 0 511
725 0 1 0 7.250000000000e-07 -12.7782159544 0.4004037696 5.74798171272 0.712280210276 -0.000462349480182 -0.701895069282 0 0 0 511
726 0 1 0 7.260000000000e-07 -13.1914085989 0.699260673 5.33478906824 0.705798404222 -0.0071042457613 -0.708377118694 0 0 0 511
727 0 1 0 7.270000000000e-07 -12.5366798601 -0.3371332848 5.98951780698 0.701815912236 -0.000468866645816 -0.712358200273 0 0 0 511
728 0 1 0 7.280000000000e-07 -13.375352986 -0.4078716678 5.15084468111 0.703996651974 0.00601574096078 -0.71017781215 0 0 0 511
729 0 1 0 7.290000000000e-07 -13.412489123 -0.6194549148 5.11370854411 0.705114543707 0.00704249981393 -0.709058448543 0 0 0 511
730 0 1 0 7.300000000000e-07 -13.2021075712 0.4930841717 5.32409009589 0.711871602554 0.003183734359 -0.702302417277 0 0 0 511
731 0 1 0 7.310000000000e-07 -13.4004551194 -0.519564803 5.12574254771 0.705746523036 -0.00737769062603 -0.7084260123 0 0 0 511
732 0 1 0 7.320000000000e-07 -12.5164646475 -0.9158125534 6.00973301963 0.704504510212 -0.00664326899795 -0.709668416986 0 0 0 511
733 0 1 0 7.330000000000e-07 -12.9646549913 -0.4835838914 5.5615426758 0.703986228992 0.00603606354086 -0.710187971827 0 0 0 511
734 0 1 0 7.340000000000e-07 -12.6653983181 -0.3214459672 5.860799349 0.706417458625 0.00749110276501 -0.707755789471 0 0 0 511
735 0 1 0 7.350000000000e-07 -12.7097135731 -0.3505495071 5.81648409396 0.707745107195 0.0073653573487 -0.706429483213 0 0 0 511
736 0 1 0 7.360000000000e-07 -12.9541651617 -1.031561582 5.57203250539 0.71009567797 0.00585307388122 -0.70408086869 0 0 0 511
737 0 1 0 7.370000000000e-07 -12.8933799061 0.8546981357 5.63281776094 0.711134147435 0.00473356083687 -0.703040409759 0 0 0 511
738 0 1 0 7.380000000000e-07 -13.1137987162 0.251828802 5.41239895087 0.712043976044 -0.00227806393108 -0.702131174784 0 0 0 511
739 0 1 0 7.390000000000e-07 -13.0199311457 -0.3389759553 5.5062665214 0.703550425643 -0.0053271087029 -0.710625372816 0 0 0 511
740 0 1 0 7.400000000000e-07 -12.7757646468 -0.8024238141 5.75043302028 0.702686677966 -0.00394992558211 -0.711488461394 0 0 0 511
741 0 1 0 7.410000000000e-07 -12.4884318475 -0.5446465122 6.03776581959 0.701961451596 0.00138263407195 -0.712213597733 0 0 0 511
742 0 1 0 7.420000000000e-07 -13.2984723288 -0.930514072 5.22772533831 0.702434027172 0.00309679369909 -0.711742121375 0 0 0 511
743 0 1 0 7.430000000000e-07 -12.4354422009 -0.8407007312 6.0907554662 0.704075884406 0.0058636407851 -0.710100532823 0 0 0 511
744 0 1 0 7.440000000000e-07 -13.0063745839 0.5677579347 5.51982308318 0.711303044067 0.00493306297381 -0.702868155767 0 0 0 511
745 0 1 0 7.450000000000e-07 -12.7659403194 0.3961092115 5.76025734772 0.707088547541 -0.00719263127795 -0.707088432935 0 0 0 511
746 0 1 0 7.460000000000e-07 -12.9011110638 0.08569015648 5.62508660329 0.705774685458 -0.00722717321081 -0.70839950687 0 0 0 511
747 0 1 0 7.470000000000e-07 -13.7953690157 -0.1077838256 4.73082865135 0.701708288975 0.00145170551795 -0.712462890075 0 0 0 511
748 0 1 0 7.480000000000e-07 -13.0316532966 -0.2558677935 5.49454437048 0.702338260515 0.00315975772593 -0.711836346183 0 0 0 511
749 0 1 0 7.490000000000e-07 -12.4275509935 0.517720851 6.09864667358 0.705183512465 0.0068010110111 -0.708992214342 0 0 0 511
750 0 1 0 7.500000000000e-07 -12.5325068335 -0.4396492655 5.99369083357 0.711717885616 0.00307974778803 -0.702458658177 0 0 0 511
751 0 1 0 7.510000000000e-07 -12.6286804149 -0.08885495146 5.89751725221 0.712261549415 0.00139565017698 -0.701912770496 0 0 0 511
752 0 1 0 7.520000000000e-07 -12.8621194856 0.1059126103 5.66407818149 0.702736399912 -0.00390559288806 -0.711439595878 0 0 0 511
753 0 1 0 7.530000000000e-07 -12.5828157533 -0.07981768853 5.94338191383 0.701759334996 -0.000473587299218 -0.712413932669 0 0 0 511
754 0 1 0 7.540000000000e-07 -13.4863891335 0.6058016212 5.03980853354 0.711442515777 -0.00390806666104 -0.702733430086 0 0 0 511
755 0 1 0 7.550000000000e-07 -12.8496878305 0.8199881199 5.67650983655 0.703553382713 -0.0053231094169 -0.710622475143 0 0 0 511
756 0 1 0 7.560000000000e-07 -13.2293235817 -0.4359313337 5.29687408536 0.701882153416 -0.00046318331818 -0.712292937055 0 0 0 511
757 0 1 0 7.570000000000e-07 -13.4801038676 -0.6923185053 5.04609379946 0.711109951353 0.00470536008102 -0.703065072858 0 0 0 511
758 0 1 0 7.580000000000e-07 -12.9199129072 -0.7201242092 5.60628475986 0.712385738529 -0.000471405270877 -0.701787957518 0 0 0 511
759 0 1 0 7.590000000000e-07 -13.474273544 -0.4185644824 5.05192412312 0.702532454694 -0.00408575966209 -0.711639976863 0 0 0 511
760 0 1 0 7.600000000000e-07 -13.2982187158 0.01703294207 5.22797895128 0.702058076046 0.00135740533294 -0.712118399782 0 0 0 511
761 0 1 0 7.610000000000e-07 -13.017177707 -0.2917279691 5.50901996006 0.702287111549 0.0031935712471 -0.711886658152 0 0 0 511
762 0 1 0 7.620000000000e-07 -12.5398344151 0.8390162079 5.98636325195 0.707750975891 0.00743543795478 -0.706422869383 0 0 0 511
763 0 1 0 7.630000000000e-07 -13.3497200212 0.1063224296 5.17647764593 0.707089336033 -0.00712248946536 -0.70708835446 0 0 0 511
764 0 1 0 7.640000000000e-07 -13.4204683866 -0.04208862579 5.10572928051 0.704591517259 -0.00642073028918 -0.709584081015 0 0 0 511
765 0 1 0 7.650000000000e-07 -12.7256413329 -0.6160780905 5.80055633418 0.701941528388 0.00138752298895 -0.712233224095 0 0 0 511
766 0 1 0 7.660000000000e-07 -13.3430840363 0.8225984833 5.1831136308 0.702307774905 0.00318050000006 -0.711866331363 0 0 0 511
767 0 1 0 7.670000000000e-07 -12.6120335173 0.9481525589 5.91416414977 0.705097490013 0.00710488501872 -0.709074784621 0 0 0 511
768 0 1 0 7.680000000000e-07 -12.6266309564 0.4361139962 5.8995667107 0.709040890341 0.00697747919395 -0.705132846071 0 0 0 511
769 0 1 0 7.690000000000e-07 -12.7473585876 0.1863047277 5.7788390795 0.703441590062 -0.00549015338983 -0.710731867575 0 0 0 511
770 0 1 0 7.700000000000e-07 -13.5771391574 0.1361222157 4.9490585097 0.706423070386 0.00743260977032 -0.707750804972 0 0 0 511
771 0 1 0 7.710000000000e-07 -13.4885619361 -0.3254205343 5.03763573102 0.709006552187 0.00685700684602 -0.705168554611 0 0 0 511
772 0 1 0 7.720000000000e-07 -12.6307693207 0.2541650024 5.89542834635 0.711808737409 0.00314140570407 -0.702366323878 0 0 0 511
773 0 1 0 7.730000000000e-07 -12.5451556011 0.1279110246 5.98104206596 0.712310735466 -0.00240048124111 -0.701860138368 0 0 0 511
774 0 1 0 7.740000000000e-07 -13.3413322391 0.2929166531 5.18486542796 0.709620372776 -0.00651698469532 -0.704554082702 0 0 0 511
775 0 1 0 7.750000000000e-07 -13.3941857779 0.8891694617 5.13201188922 0.707087378113 -0.00735096043419 -0.707087974084 0 0 0 511
776 0 1 0 7.760000000000e-07 -12.5998528583 0.007767903734 5.9263448088 0.705798849977 -0.00709762117433 -0.708376740968 0 0 0 511
777 0 1 0 7.770000000000e-07 -13.2176707971 -0.1570956705 5.30852686995 0.701816302643 -0.000468868283209 -0.712357815643 0 0 0 511
778 0 1 0 7.780000000000e-07 -12.4613480724 -0.6261683929 6.06484959472 0.703070789165 0.00469962403811 -0.711104337602 0 0 0 511
779 0 1 0 7.790000000000e-07 -13.4819268477 -0.3096951827 5.04427081942 0.711086650375 0.00467854679804 -0.703088818613 0 0 0 511
780 0 1 0 7.800000000000e-07 -12.5261787242 -0.126537582 6.00001894287 0.709621453037 -0.00651915707229 -0.704552974574 0 0 0 511
781 0 1 0 7.810000000000e-07 -13.6453428629 0.8493302912 4.88085480415 0.70167436744 -0.000481659536501 -0.712497614088 0 0 0 511
782 0 1 0 7.820000000000e-07 -13.2481203081 -0.954682649 5.27807735903 0.704138781693 0.00574363110979 -0.710039144567 0 0 0 511
783 0 1 0 7.830000000000e-07 -12.6945320831 -0.8468432132 5.83166558399 0.705206556146 0.00672344188988 -0.708970033568 0 0 0 511
784 0 1 0 7.840000000000e-07 -13.0098699775 0.7114842728 5.51632768962 0.707755146066 0.007484960581 -0.706418168355 0 0 0 511
785 0 1 0 7.850000000000e-07 -12.4771852777 -0.4133680744 6.04901238936 0.709031415232 0.00694539796392 -0.705142690284 0 0 0 511
786 0 1 0 7.860000000000e-07 -13.0223302073 -0.1029588613 5.50386745983 0.711739222027 0.00309560152801 -0.702436970182 0 0 0 511
787 0 1 0 7.870000000000e-07 -13.1208327507 -0.7490066795 5.40536491644 0.71242928571 -0.000475266643785 -0.701743747378 0 0 0 511
788 0 1 0 7.880000000000e-07 -12.603628014 0.5318993416 5.92256965309 0.712037887158 -0.00227485692408 -0.702137359979 0 0 0 511
789 0 1 0 7.890000000000e-07 -12.4003309948 0.01055989832 6.12586667233 0.711596155717 -0.004047930817 -0.702577060133 0 0 0 511
790 0 1 0 7.900000000000e-07 -12.6409327538 0.5161311899 5.88526491334 0.70176100935 -0.000473528171686 -0.712412283391 0 0 0 511
791 0 1 0 7.910000000000e-07 -12.448465783 0.3456859614 6.07773188406 0.703146235231 0.00461176083311 -0.711030311269 0 0 0 511
792 0 1 0 7.920000000000e-07 -13.1004145523 -0.01519385101 5.42578311477 0.705148122251 0.00692621622004 -0.709026200655 0 0 0 511
793 0 1 0 7.930000000000e-07 -13.1952183063 -0.8141227097 5.33097936075 0.712313617699 0.00141055627902 -0.701859900814 0 0 0 511
794 0 1 0 7.940000000000e-07 -13.0600573657 -0.1593317869 5.46614030142 0.710681304203 -0.00541324783918 -0.703493269765 0 0 0 511
795 0 1 0 7.950000000000e-07 -12.8047712063 -0.4660335198 5.72142646074 0.701857587437 0.00141089727204 -0.712315896443 0 0 0 511
796 0 1 0 7.960000000000e-07 -12.4581422886 -0.7594249456 6.0680553785 0.702283385011 0.00319614902002 -0.711890322851 0 0 0 511
797 0 1 0 7.970000000000e-07 -12.9018576617 -0.560335495 5.62434000541 0.709025683988 0.00692480089831 -0.705148655659 0 0 0 511
798 0 1 0 7.980000000000e-07 -13.1468295641 0.3282439594 5.37936810296 0.712292234488 -0.000462577933103 -0.701882866802 0 0 0 511
799 0 1 0 7.990000000000e-07 -13.2926491175 0.4072805749 5.23354854954 0.711928319787 -0.00222455382395 -0.702248616122 0 0 0 511
800 0 1 0 8.000000000000e-07 -12.9818749188 -0.7751391414 5.54432274829 0.711669650146 -0.00411351540391 -0.702502233485 0 0 0 511
801 0 1 0 8.010000000000e-07 -12.7192307077 0.1734521746 5.80696695937 0.710731144544 -0.00548759469692 -0.70344234055 0 0 0 511
802 0 1 0 8.020000000000e-07 -12.9946566814 0.06834241381 5.53154098568 0.709672595235 -0.00665382103102 -0.70450020173 0 0 0 511
803 0 1 0 8.030000000000e-07 -12.8570940609 0.3477137836 5.66910360621 0.705813519851 -0.00702153319685 -0.708362882474 0 0 0 511
804 0 1 0 8.040000000000e-07 -13.4854095354 -0.1854982142 5.0407881317 0.702010251874 -0.00233244581893 -0.712163019231 0 0 0 511
805 0 1 0 8.050000000000e-07 -13.3397220414 -0.5588439396 5.18647562571 0.712102409499 -0.00230474117409 -0.702071824355 0 0 0 511
806 0 1 0 8.060000000000e-07 -12.366278288 0.3673587523 6.15991937907 0.711598730763 -0.00404974037318 -0.702574441592 0 0 0 511
807 0 1 0 8.070000000000e-07 -12.7433680673 0.5676470539 5.78282959978 0.710724330857 -0.00547807036974 -0.703449299007 0 0 0 511
808 0 1 0 8.080000000000e-07 -13.3407432167 -0.5750657117 5.18545445038 0.70454523144 -0.00653940769117 -0.709628954456 0 0 0 511
809 0 1 0 8.090000000000e-07 -13.2049353416 0.5883573353 5.32126232552 0.702053584221 0.00135881012196 -0.712122825443 0 0 0 511
810 0 1 0 8.100000000000e-07 -13.5575196826 0.4248080797 4.96867798447 0.702296227688 0.00318805440987 -0.711877689554 0 0 0 511
811 0 1 0 8.110000000000e-07 -13.5608230642 -0.6002370725 4.96537460291 0.702972126128 0.00481399663489 -0.71120110751 0 0 0 511
812 0 1 0 8.120000000000e-07 -13.0123430507 -0.8042509532 5.51385461642 0.712453536308 -0.000476611708805 -0.70171912575 0 0 0 511
813 0 1 0 8.130000000000e-07 -13.2522150421 0.200690234 5.273982625 0.701960191802 -0.000456546608579 -0.712216035126 0 0 0 511
814 0 1 0 8.140000000000e-07 -13.3570979558 0.05577347577 5.16909971124 0.70228960865 0.00319238368801 -0.711884200041 0 0 0 511
815 0 1 0 8.150000000000e-07 -13.4294806769 0.3123921127 5.09671699019 0.706437380212 0.00728108663471 -0.707738096768 0 0 0 511
816 0 1 0 8.160000000000e-07 -13.0890145276 -0.2051939711 5.43718313944 0.712341120167 -0.00046712431709 -0.70183324965 0 0 0 511
817 0 1 0 8.170000000000e-07 -13.0510914886 -0.4974102272 5.47510617845 0.710722597836 -0.00547483004578 -0.703451075173 0 0 0 511
818 0 1 0 8.180000000000e-07 -13.1997593049 -0.4933149439 5.32643836215 0.708406682556 -0.00726687999636 -0.705767075292 0 0 0 511
819 0 1 0 8.190000000000e-07 -12.7638106051 -0.5044528173 5.76238706198 0.705789439441 -0.00715043000207 -0.708385586051 0 0 0 511
820 0 1 0 8.200000000000e-07 -13.0145030389 -0.4342790712 5.51169462816 0.703390033726 -0.0055659590851 -0.710782301801 0 0 0 511
821 0 1 0 8.210000000000e-07 -13.5506465165 0.3856202117 4.97555115063 0.701721888791 -0.000477399246684 -0.712450814359 0 0 0 511
822 0 1 0 8.220000000000e-07 -12.9411437176 -0.207254645 5.58505394948 0.703992405562 0.0060234538389 -0.710181956202 0 0 0 511
823 0 1 0 8.230000000000e-07 -13.45755756 -0.5819458612 5.06864010714 0.711182803053 0.00479199135081 -0.70299079472 0 0 0 511
824 0 1 0 8.240000000000e-07 -13.3761648359 -0.02793685034 5.15003283124 0.707740985918 0.00731459253827 -0.706434139596 0 0 0 511
825 0 1 0 8.250000000000e-07 -13.0122989564 0.3612501977 5.51389871068 0.7090173868 0.00689526821179 -0.705157287768 0 0 0 511
826 0 1 0 8.260000000000e-07 -12.9904860313 -0.04976931393 5.53571163575 0.711016256134 0.00459471033894 -0.703160559296 0 0 0 511
827 0 1 0 8.270000000000e-07 -13.3620595971 0.9442877008 5.16413807003 0.711911390073 0.00321006731994 -0.702261965475 0 0 0 511
828 0 1 0 8.280000000000e-07 -13.5839562534 0.05919643111 4.94224141372 0.712206479599 0.00138103016494 -0.701968676775 0 0 0 511
829 0 1 0 8.290000000000e-07 -12.8017368505 -0.3710385281 5.72446081659 0.70838179005 -0.00712583264682 -0.705793498152 0 0 0 511
830 0 1 0 8.300000000000e-07 -12.8883121982 -0.901785651 5.63788546889 0.704511435429 -0.00662385288308 -0.709661723586 0 0 0 511
831 0 1 0 8.310000000000e-07 -12.3415429334 -0.5444785727 6.1846547337 0.704520958401 -0.0065985352998 -0.70965250546 0 0 0 511
832 0 1 0 8.320000000000e-07 -12.4162385163 -0.2745728138 6.1099591508 0.702020061534 -0.00232764760992 -0.712153364986 0 0 0 511
833 0 1 0 8.330000000000e-07 -13.452381224 0.44236201 5.07381644308 0.704088231367 0.00583938414888 -0.710088490291 0 0 0 511
834 0 1 0 8.340000000000e-07 -13.4941421665 -0.2065319964 5.03205550063 0.709010700311 0.00686850102915 -0.705164272024 0 0 0 511
835 0 1 0 8.350000000000e-07 -12.8806538411 0.1784394774 5.64554382595 0.710645894591 -0.00535914133202 -0.703529453616 0 0 0 511
836 0 1 0 8.360000000000e-07 -13.2090858489 0.2995102702 5.31711181816 0.70969695936 -0.006715911394 -0.704475068692 0 0 0 511
837 0 1 0 8.370000000000e-07 -12.9541020854 0.1058163332 5.57209558169 0.704493895406 -0.00666936235406 -0.709678709657 0 0 0 511
838 0 1 0 8.380000000000e-07 -12.8525270831 -0.2703668129 5.67367058398 0.70267428003 -0.0039605210829 -0.711500646843 0 0 0 511
839 0 1 0 8.390000000000e-07 -13.3718242243 -0.2956778491 5.15437344277 0.701977669911 -0.00234731496409 -0.712195086376 0 0 0 511
840 0 1 0 8.400000000000e-07 -13.3067029362 -0.03243106008 5.21949473092 0.702025800837 -0.00045047592671 -0.712151368762 0 0 0 511
841 0 1 0 8.410000000000e-07 -13.0185621957 0.185810494 5.50763547136 0.702014345369 0.00136842295003 -0.71216148893 0 0 0 511
842 0 1 0 8.420000000000e-07 -12.4377488847 -0.2011666756 6.08844878241 0.712014795114 -0.00226285205091 -0.702160815654 0 0 0 511
843 0 1 0 8.430000000000e-07 -13.5308448939 0.8580242052 4.9953527732 0.70837824247 -0.00711082387098 -0.705797210096 0 0 0 511
844 0 1 0 8.440000000000e-07 -12.5282102496 0.2498071458 5.99798741752 0.705128281724 0.00699639485088 -0.709045243107 0 0 0 511
845 0 1 0 8.450000000000e-07 -13.2838022585 -0.9243552315 5.24239540863 0.710091080335 0.00584565539582 -0.704085567202 0 0 0 511
846 0 1 0 8.460000000000e-07 -12.4869458409 0.5949560234 6.0392518262 0.71184117351 0.00316393754296 -0.702333349056 0 0 0 511
847 0 1 0 8.470000000000e-07 -13.4251097282 -0.1183602562 5.10108793894 0.711983767627 -0.00225001988208 -0.702192318419 0 0 0 511
848 0 1 0 8.480000000000e-07 -13.2513152911 0.5036953518 5.27488237596 0.705780896278 -0.00719222415217 -0.708393674704 0 0 0 511
849 0 1 0 8.490000000000e-07 -12.4280016563 0.4312243927 6.09819601081 0.709092618101 0.00716759780091 -0.705078920758 0 0 0 511
850 0 1 0 8.500000000000e-07 -12.2618102006 -0.004402302212 6.26438746644 0.711191752158 0.00480187173183 -0.702981673794 0 0 0 511
851 0 1 0 8.510000000000e-07 -13.4915493411 0.6605461802 5.03464832599 0.711712931921 0.00307812223498 -0.702463684257 0 0 0 511
852 0 1 0 8.520000000000e-07 -13.4539602398 -0.6835554595 5.07223742725 0.712060660735 -0.00228570020709 -0.702114229317 0 0 0 511
853 0 1 0 8.530000000000e-07 -12.9313001948 -0.3955000448 5.59489747229 0.709621898626 -0.00651977454224 -0.704552520066 0 0 0 511
854 0 1 0 8.540000000000e-07 -13.0648974323 -0.223858944 5.46130023477 0.702639957938 -0.00399189667888 -0.71153436619 0 0 0 511
855 0 1 0 8.550000000000e-07 -12.8415706084 0.2234681103 5.68462705867 0.702181655417 -0.00225454036605 -0.71199426953 0 0 0 511
856 0 1 0 8.560000000000e-07 -12.4952025935 0.4322678767 6.03099507361 0.702219237254 0.00324018893596 -0.711953400165 0 0 0 511
857 0 1 0 8.570000000000e-07 -12.3642164308 0.3198404384 6.16198123633 0.703962755398 0.00608074849471 -0.710210858485 0 0 0 511
858 0 1 0 8.580000000000e-07 -13.1503983414 -0.6398718106 5.3757993257 0.711257747772 0.00488127098806 -0.702914354262 0 0 0 511
859 0 1 0 8.590000000000e-07 -12.6496323636 0.0556985517 5.87656530344 0.712264525254 0.00139649064896 -0.701909749098 0 0 0 511
860 0 1 0 8.600000000000e-07 -12.3127910683 -0.5013406282 6.21340659883 0.712169349903 -0.00233539954511 -0.702003819767 0 0 0 511
861 0 1 0 8.610000000000e-07 -13.1497818253 0.6629763346 5.37641584178 0.702341698487 0.0031580797189 -0.711832961515 0 0 0 511
862 0 1 0 8.620000000000e-07 -13.0545258244 0.7626207888 5.4716718427 0.703959307733 0.00608746675298 -0.71021421825 0 0 0 511
863 0 1 0 8.630000000000e-07 -12.7127465549 -0.05312217657 5.81345111222 0.705127421054 0.00699867529204 -0.709046076515 0 0 0 511
864 0 1 0 8.640000000000e-07 -12.8344989419 0.7505345859 5.69169872519 0.70905588764 0.0070350233529 -0.705117193557 0 0 0 511
865 0 1 0 8.650000000000e-07 -13.3200982402 0.7788732188 5.20609942691 0.711815019392 0.00314632207501 -0.702359935378 0 0 0 511
866 0 1 0 8.660000000000e-07 -13.0852370549 -0.7939913569 5.44096061219 0.71204837901 0.00133890302695 -0.702129128642 0 0 0 511
867 0 1 0 8.670000000000e-07 -12.4577828644 0.6486960386 6.06841480264 0.712337469667 -0.000468046383389 -0.701836954172 0 0 0 511
868 0 1 0 8.680000000000e-07 -12.8934578587 0.9483948648 5.63273980834 0.711935450429 -0.00222736829304 -0.702241378198 0 0 0 511
869 0 1 0 8.690000000000e-07 -12.5630721021 0.5518842803 5.96312556503 0.710789936872 -0.00557874136009 -0.703382217067 0 0 0 511
870 0 1 0 8.700000000000e-07 -12.3386856596 -0.7355021159 6.18751200746 0.702102135589 -0.00229104184101 -0.712072568162 0 0 0 511
871 0 1 0 8.710000000000e-07 -12.9423585191 0.2383719444 5.58383914796 0.702340680591 0.00315745053214 -0.711833968629 0 0 0 511
872 0 1 0 8.720000000000e-07 -13.1336641448 0.1048719708 5.39253352224 0.704048640968 0.00591509712492 -0.710127117337 0 0 0 511
873 0 1 0 8.730000000000e-07 -13.5140147604 0.3168180997 5.01218290666 0.710227694447 0.00611354527523 -0.703945485534 0 0 0 511
874 0 1 0 8.740000000000e-07 -13.2571912358 -0.3477921904 5.26900643132 0.711868169654 0.00318229549392 -0.702305903456 0 0 0 511
875 0 1 0 8.750000000000e-07 -13.4765205624 0.04878492273 5.04967710465 0.712332915485 0.00141545485603 -0.701840305201 0 0 0 511
876 0 1 0 8.760000000000e-07 -12.909110748 0.8319705992 5.6170869191 0.712110526758 -0.00230858386609 -0.702063578404 0 0 0 511
877 0 1 0 8.770000000000e-07 -13.4131583187 0.006036207613 5.11303934843 0.710656207522 -0.00537351861392 -0.703518926546 0 0 0 511
878 0 1 0 8.780000000000e-07 -13.133477942 -0.1393062846 5.39271972509 0.70236272656 -0.00217139029894 -0.711815906962 0 0 0 511
879 0 1 0 8.790000000000e-07 -13.4297087714 0.242451515 5.09648889571 0.703062635905 0.00470959138099 -0.711112332718 0 0 0 511
880 0 1 0 8.800000000000e-07 -13.4412676724 0.5444987621 5.08492999468 0.706442559325 0.00722578009479 -0.707733493962 0 0 0 511
881 0 1 0 8.810000000000e-07 -12.3644024126 -0.6429709657 6.16179525444 0.709005011801 0.00684654275616 -0.705170205053 0 0 0 511
882 0 1 0 8.820000000000e-07 -13.051539092 -0.1966047272 5.47465857505 0.711072145097 0.00466133951292 -0.703103602879 0 0 0 511
883 0 1 0 8.830000000000e-07 -12.8181334501 -0.01575568294 5.70806421702 0.712221923115 0.00138470410904 -0.701953000442 0 0 0 511
884 0 1 0 8.840000000000e-07 -12.6452065972 -0.7617206839 5.88099106987 0.712322349185 -0.000465710484803 -0.701852302102 0 0 0 511
885 0 1 0 8.850000000000e-07 -12.5204194799 0.207455655 6.00577818717 0.710705796254 -0.00545063154475 -0.703468237937 0 0 0 511
886 0 1 0 8.860000000000e-07 -13.6309478345 -1.020517283 4.89524983262 0.702501758966 -0.00411408059319 -0.711670115285 0 0 0 511
887 0 1 0 8.870000000000e-07 -13.5339770391 -0.4432609741 4.99222062802 0.70225489902 0.00321560662309 -0.711918335679 0 0 0 511
888 0 1 0 8.880000000000e-07 -13.2256127122 -0.1300565161 5.30058495488 0.703030049674 0.00474630683809 -0.711144304502 0 0 0 511
889 0 1 0 8.890000000000e-07 -12.6019948691 0.394211671 5.92420279801 0.712234412787 0.00138866483506 -0.701940320007 0 0 0 511
890 0 1 0 8.900000000000e-07 -13.4669560469 0.3444127997 5.05924162019 0.71208996881 -0.002299247594 -0.702084460574 0 0 0 511
891 0 1 0 8.910000000000e-07 -12.9833209201 -0.4995453046 5.54287674697 0.71151370246 -0.00397252015618 -0.702660992439 0 0 0 511
892 0 1 0 8.920000000000e-07 -12.383353483 -0.9755194273 6.1428441841 0.71075218771 -0.00551943136814 -0.70342082962 0 0 0 511
893 0 1 0 8.930000000000e-07 -12.965665445 -0.3440933131 5.56053222207 0.707086658933 -0.00753190848381 -0.707086788954 0 0 0 511
894 0 1 0 8.940000000000e-07 -12.4040635768 -0.8169831211 6.12213409025 0.702586748659 -0.00403838034504 -0.711586644122 0 0 0 511
895 0 1 0 8.950000000000e-07 -13.2182280065 -0.4749704678 5.30796966054 0.701795307307 -0.000470878015281 -0.712378498353 0 0 0 511
896 0 1 0 8.960000000000e-07 -13.0355400879 0.4847884219 5.49065757916 0.708976812059 0.00674752659997 -0.705199511377 0 0 0 511
897 0 1 0 8.970000000000e-07 -13.2852147825 -0.6005064402 5.24098288455 0.710316172058 0.00628786277292 -0.70385467143 0 0 0 511
898 0 1 0 8.980000000000e-07 -12.6056336157 0.1171702742 5.92056405141 0.711089475842 0.00468160489991 -0.703085940637 0 0 0 511
899 0 1 0 8.990000000000e-07 -12.4511351154 0.7846157944 6.07506255171 0.711924100394 0.00321881015408 -0.702249040255 0 0 0 511
900 0 1 0 9.000000000000e-07 -13.5200697974 0.148648098 5.0061278697 0.71238236715 -0.000471287568798 -0.701791379872 0 0 0 511
901 0 1 0 9.010000000000e-07 -12.9564236935 -0.07637847466 5.56977397359 0.701722182565 0.00144800662199 -0.712449213469 0 0 0 511
902 0 1 0 9.020000000000e-07 -13.3049496053 0.2942586307 5.22124806179 0.702263017251 0.0032094495481 -0.711910355337 0 0 0 511
903 0 1 0 9.030000000000e-07 -12.9331084534 -0.3715903881 5.59308921373 0.703139110913 0.00462056435801 -0.711037299366 0 0 0 511
904 0 1 0 9.040000000000e-07 -13.4573177858 -0.5993221006 5.06887988132 0.712096719748 -0.00230267316696 -0.702077602136 0 0 0 511
905 0 1 0 9.050000000000e-07 -12.9589341721 0.7277563815 5.56726349497 0.705792969392 -0.00713400990807 -0.708382234573 0 0 0 511
906 0 1 0 9.060000000000e-07 -13.3443299388 0.6103912492 5.18186772831 0.704625340444 -0.00633652175572 -0.709551251211 0 0 0 511
907 0 1 0 9.070000000000e-07 -12.4322009358 -0.446941634 6.09399673133 0.703003405222 0.00477640292785 -0.711170442455 0 0 0 511
908 0 1 0 9.080000000000e-07 -12.7061028416 0.5892057439 5.82009482549 0.70517586587 0.00683012802994 -0.708999539877 0 0 0 511
909 0 1 0 9.090000000000e-07 -12.391163341 -0.07453718778 6.1350343261 0.709009822099 0.0068683612698 -0.705165156386 0 0 0 511
910 0 1 0 9.100000000000e-07 -13.3707184962 0.6822904149 5.15547917089 0.711029904424 0.00461122607614 -0.703146650144 0 0 0 511
911 0 1 0 9.110000000000e-07 -13.4004357029 0.1168738202 5.12576196415 0.70708756295 -0.00735205468086 -0.70708777787 0 0 0 511
912 0 1 0 9.120000000000e-07 -12.8360418534 -0.9073685455 5.69015581373 0.702623522727 -0.00400506671801 -0.711550521573 0 0 0 511
913 0 1 0 9.130000000000e-07 -13.523485458 -0.4913863644 5.00271220913 0.707741143222 0.00732113963781 -0.706433914181 0 0 0 511
914 0 1 0 9.140000000000e-07 -12.5450505771 0.1104176972 5.98114708998 0.712274332212 0.00139913233894 -0.701899792065 0 0 0 511
915 0 1 0 9.150000000000e-07 -13.3750756218 0.03631074425 5.1511220453 0.712280458495 -0.00238655587591 -0.70189091232 0 0 0 511
916 0 1 0 9.160000000000e-07 -12.9251701978 -0.3300568215 5.60102746925 0.711563882332 -0.00401799248602 -0.70260991816 0 0 0 511
917 0 1 0 9.170000000000e-07 -12.6299877128 -0.5897359151 5.89620995425 0.703079552387 0.00468931145396 -0.711095741355 0 0 0 511
918 0 1 0 9.180000000000e-07 -13.5214467453 -0.2032006026 5.00475092179 0.71175024287 0.00310248881298 -0.702425772832 0 0 0 511
919 0 1 0 9.190000000000e-07 -13.1058611781 -0.8307157021 5.42033648895 0.710685807378 -0.00541895006319 -0.703488676648 0 0 0 511
920 0 1 0 9.200000000000e-07 -12.8977969788 0.1660935062 5.62840068825 0.704543067615 -0.00654457307692 -0.709631055154 0 0 0 511
921 0 1 0 9.210000000000e-07 -12.8391957252 -0.6849714917 5.68700194185 0.703151713435 0.00460546457002 -0.711024934577 0 0 0 511
922 0 1 0 9.220000000000e-07 -12.3675447489 -1.07251243 6.15865291822 0.704122938638 0.00577393205328 -0.710054609866 0 0 0 511
923 0 1 0 9.230000000000e-07 -12.6764006899 -0.483387078 5.84979697721 0.706427535241 0.00738423569298 -0.707746854826 0 0 0 511
924 0 1 0 9.240000000000e-07 -12.4726128375 0.770631818 6.0535848296 0.711241242801 0.00486182323485 -0.70293118953 0 0 0 511
925 0 1 0 9.250000000000e-07 -13.0142028951 0.5228246929 5.51199477201 0.7121749086 0.00137205944395 -0.702000724369 0 0 0 511
926 0 1 0 9.260000000000e-07 -12.4357415885 0.5013150874 6.0904560786 0.712303405287 -0.000464369270998 -0.701871528969 0 0 0 511
927 0 1 0 9.270000000000e-07 -12.5104032868 -0.1470350468 6.01579438025 0.702631647842 -0.00399854217286 -0.711542534998 0 0 0 511
928 0 1 0 9.280000000000e-07 -13.5401796466 0.3372219859 4.98601802048 0.70401200777 0.00598758239104 -0.710162827648 0 0 0 511
929 0 1 0 9.290000000000e-07 -13.2481624548 0.4484344772 5.27803521229 0.705170018426 0.00684951484007 -0.709005168712 0 0 0 511
930 0 1 0 9.300000000000e-07 -12.6358886169 -0.5750565355 5.89030905016 0.711143092833 0.00474575527118 -0.70303127905 0 0 0 511
931 0 1 0 9.310000000000e-07 -12.7110191319 -0.6016964052 5.8151785352 0.711895413771 0.00320127757705 -0.702278201053 0 0 0 511
932 0 1 0 9.320000000000e-07 -12.88717333 -0.2647313714 5.63902433708 0.712255367386 0.00139367220897 -0.701919047546 0 0 0 511
933 0 1 0 9.330000000000e-07 -13.0594703924 0.2638017831 5.46672727472 0.712207381364 -0.000455106459118 -0.701968972824 0 0 0 511
934 0 1 0 9.340000000000e-07 -12.7691528002 -0.1307075482 5.75704486686 0.712219221096 -0.00235911181796 -0.701953143517 0 0 0 511
935 0 1 0 9.350000000000e-07 -12.8766939427 -0.4912703623 5.64950372439 0.711444399663 -0.00390966845599 -0.702731513938 0 0 0 511
936 0 1 0 9.360000000000e-07 -13.5535161012 0.724754504 4.97268156586 0.708399972751 -0.00722932345283 -0.705774195823 0 0 0 511
937 0 1 0 9.370000000000e-07 -12.9331206139 -0.03587952153 5.59307705318 0.707088658311 -0.00724654395868 -0.707087771701 0 0 0 511
938 0 1 0 9.380000000000e-07 -12.3785447419 0.3318975981 6.14765292521 0.7018143006 -0.000469087593683 -0.71235978791 0 0 0 511
939 0 1 0 9.390000000000e-07 -12.8388594725 -0.1409779178 5.6873381946 0.702085140071 0.00134978472205 -0.712091731571 0 0 0 511
940 0 1 0 9.400000000000e-07 -13.0837979884 0.4971005388 5.44239967872 0.706447063904 0.00717199563406 -0.707729544657 0 0 0 511
941 0 1 0 9.410000000000e-07 -13.4195160484 -0.3226093066 5.10668161871 0.709029165685 0.00693450898524 -0.705145059398 0 0 0 511
942 0 1 0 9.420000000000e-07 -12.3223583421 -0.9111569664 6.203839325 0.710765914618 -0.00554237251509 -0.703406778986 0 0 0 511
943 0 1 0 9.430000000000e-07 -12.7004814742 0.7850240967 5.82571619287 0.707087367058 -0.00754025280192 -0.707085991895 0 0 0 511
944 0 1 0 9.440000000000e-07 -13.2144062204 -0.5243320638 5.31179144669 0.702391334846 0.00312478782011 -0.711784130502 0 0 0 511
945 0 1 0 9.450000000000e-07 -13.3213894754 -0.1195655561 5.20480819166 0.706423555672 0.00741735746623 -0.707750480608 0 0 0 511
946 0 1 0 9.460000000000e-07 -12.9051947884 -0.02137646057 5.62100287869 0.707749684672 0.00742031549716 -0.706424322037 0 0 0 511
947 0 1 0 9.470000000000e-07 -13.2693307959 -0.3602320539 5.25686687117 0.711845795732 0.003165576008 -0.702328656846 0 0 0 511
948 0 1 0 9.480000000000e-07 -12.5595471373 0.1141413115 5.96665052974 0.712316617944 -0.000465106655106 -0.701858119193 0 0 0 511
949 0 1 0 9.490000000000e-07 -13.0507685086 0.1218453593 5.47542915845 0.712019238565 -0.00226580568103 -0.702156300291 0 0 0 511
950 0 1 0 9.500000000000e-07 -13.3410913543 -0.4226259109 5.18510631279 0.710679337257 -0.00540850926907 -0.703495293249 0 0 0 511
951 0 1 0 9.510000000000e-07 -13.2458871872 0.08142113254 5.28031047989 0.707087530016 -0.00742058899563 -0.707087094886 0 0 0 511
952 0 1 0 9.520000000000e-07 -12.8655987934 0.6803442281 5.66059887367 0.704561068302 -0.00649918627594 -0.709613600215 0 0 0 511
953 0 1 0 9.530000000000e-07 -13.5283682377 -0.6193775883 4.99782942934 0.703459607887 -0.0054642888959 -0.710714233443 0 0 0 511
954 0 1 0 9.540000000000e-07 -12.8770397623 -0.8450410451 5.64915790475 0.702658391548 -0.00397411981516 -0.711516262048 0 0 0 511
955 0 1 0 9.550000000000e-07 -13.3383171244 -0.2321700475 5.18788054266 0.703077055218 0.0046920178618 -0.711098192512 0 0 0 511
956 0 1 0 9.560000000000e-07 -12.8337204068 0.2980686315 5.69247726029 0.703973453893 0.00605938326309 -0.710200436559 0 0 0 511
957 0 1 0 9.570000000000e-07 -13.0946246469 0.7080768806 5.43157302021 0.706433858553 0.00731573079864 -0.707741254677 0 0 0 511
958 0 1 0 9.580000000000e-07 -12.6660196033 -0.4894121298 5.86017806377 0.711254431324 0.00487743856824 -0.702917736662 0 0 0 511
959 0 1 0 9.590000000000e-07 -12.8183549846 -0.3943399215 5.70784268244 0.710773217871 -0.00555174506583 -0.703399325337 0 0 0 511
960 0 1 0 9.600000000000e-07 -12.94226714 -0.7909278399 5.58393052713 0.708391762887 -0.00718551147679 -0.705782883541 0 0 0 511
961 0 1 0 9.610000000000e-07 -12.3372754037 0.5000541007 6.18892226342 0.70708707589 -0.00748955197209 -0.707086821912 0 0 0 511
962 0 1 0 9.620000000000e-07 -12.5252171402 -0.4566350434 6.00098052691 0.702093715636 -0.00229422941503 -0.712080859858 0 0 0 511
963 0 1 0 9.630000000000e-07 -12.2849499448 -0.7328036829 6.2412477223 0.701876530782 -0.000463600967511 -0.712298477193 0 0 0 511
964 0 1 0 9.640000000000e-07 -13.1121873051 0.1290615368 5.41401036195 0.705097006869 0.00710643074893 -0.709075249566 0 0 0 511
965 0 1 0 9.650000000000e-07 -12.6724374708 -0.8418673104 5.85376019631 0.707740084275 0.00730385457283 -0.706435154008 0 0 0 511
966 0 1 0 9.660000000000e-07 -12.394344684 -0.3146377474 6.13185298312 0.709025262652 0.0069232016899 -0.705149095015 0 0 0 511
967 0 1 0 9.670000000000e-07 -13.4942331271 -0.5064544669 5.03196454004 0.710118872463 0.00589958124004 -0.704057087113 0 0 0 511
968 0 1 0 9.680000000000e-07 -13.2609084809 0.9019803925 5.26528918617 0.710193444874 0.00604827814714 -0.70398060285 0 0 0 511
969 0 1 0 9.690000000000e-07 -12.6656213306 -0.3043073216 5.8605763365 0.712033696526 -0.00227272136298 -0.702141616591 0 0 0 511
970 0 1 0 9.700000000000e-07 -13.1709727088 0.3611945768 5.35522495824 0.708410685197 -0.00728964445334 -0.705762822897 0 0 0 511
971 0 1 0 9.710000000000e-07 -13.1306912157 -0.7686549508 5.39550645137 0.703456964797 -0.00546779674711 -0.710716822565 0 0 0 511
972 0 1 0 9.720000000000e-07 -12.3159833716 -0.6154324722 6.21021429547 0.702686800073 -0.00394835666681 -0.711488349506 0 0 0 511
973 0 1 0 9.730000000000e-07 -13.1451838915 0.7737543373 5.38101377562 0.7018416127 -0.000466970651206 -0.712332880486 0 0 0 511
974 0 1 0 9.740000000000e-07 -12.8839685611 0.8709457272 5.642229106 0.701857434132 0.00141060998605 -0.712316048066 0 0 0 511
975 0 1 0 9.750000000000e-07 -12.743259849 0.2225481346 5.78293781809 0.702967439239 0.00481931564018 -0.711205704115 0 0 0 511
976 0 1 0 9.760000000000e-07 -13.1353219575 -0.3596101125 5.39087570961 0.705141786773 0.00694797988998 -0.70903228849 0 0 0 511
977 0 1 0 9.770000000000e-07 -13.4823619735 -0.3882511855 5.04383569362 0.706430959454 0.00734848979885 -0.707743809032 0 0 0 511
978 0 1 0 9.780000000000e-07 -12.4682491061 0.3506252881 6.05794856098 0.710141722405 0.00594485616881 -0.704033658844 0 0 0 511
979 0 1 0 9.790000000000e-07 -13.3508776868 0.7295836382 5.17531998026 0.705775049853 -0.00723019300329 -0.708399113011 0 0 0 511
980 0 1 0 9.800000000000e-07 -13.0538964528 -0.6278819306 5.47230121426 0.704572604065 -0.00646941615999 -0.70960241844 0 0 0 511
981 0 1 0 9.810000000000e-07 -12.4901122727 0.3065355226 6.0360853944 0.702707673436 -0.00393104668696 -0.711467829607 0 0 0 511
982 0 1 0 9.820000000000e-07 -12.708760782 -0.5721127713 5.81743688506 0.70183822152 -0.000467069066418 -0.71233622164 0 0 0 511
983 0 1 0 9.830000000000e-07 -13.0918415423 -0.4726642185 5.43435612476 0.705166753437 0.00686078149889 -0.709008307091 0 0 0 511
984 0 1 0 9.840000000000e-07 -12.7294619026 0.1169301246 5.79673576454 0.710161538566 0.00598314034184 -0.704013345877 0 0 0 511
985 0 1 0 9.850000000000e-07 -13.4846664277 -0.07382184638 5.04153123934 0.712291871126 0.00140323659005 -0.701881985276 0 0 0 511
986 0 1 0 9.860000000000e-07 -12.6161116016 -0.8509233208 5.91008606548 0.70708715705 -0.00742499024085 -0.707087421649 0 0 0 511
987 0 1 0 9.870000000000e-07 -12.9664676093 0.6626753555 5.5597300578 0.705796993327 -0.00710974290007 -0.708378469299 0 0 0 511
988 0 1 0 9.880000000000e-07 -13.5373972146 -0.4902801109 4.9888004525 0.701830886906 -0.000468322282286 -0.712343447263 0 0 0 511
989 0 1 0 9.890000000000e-07 -13.580250154 -0.1787566599 4.94594751309 0.701786736049 0.001429797254 -0.712385662956 0 0 0 511
990 0 1 0 9.900000000000e-07 -12.6529894213 0.8753531102 5.87320824583 0.705116794784 0.00703447929525 -0.709056289596 0 0 0 511
991 0 1 0 9.910000000000e-07 -13.4272024895 0.004886331244 5.09899517757 0.710170433339 0.00600171898927 -0.704004215172 0 0 0 511
992 0 1 0 9.920000000000e-07 -13.2563106081 0.544330404 5.26988705899 0.711056722144 0.00464384920689 -0.703119316018 0 0 0 511
993 0 1 0 9.930000000000e-07 -13.4762724448 0.1737176298 5.04992522227 0.712100410834 -0.00230352251989 -0.702073855569 0 0 0 511
994 0 1 0 9.940000000000e-07 -13.177783389 -0.3602938463 5.34841427804 0.709679815601 -0.00667238697 -0.704492752681 0 0 0 511
995 0 1 0 9.950000000000e-07 -12.7855324259 -0.270656314 5.74066524124 0.707086993573 -0.00752925056493 -0.707086482622 0 0 0 511
996 0 1 0 9.960000000000e-07 -13.0796240251 -0.1623911973 5.44657364194 0.704588533723 -0.00642860545072 -0.709586972244 0 0 0 511
997 0 1 0 9.970000000000e-07 -13.4739531559 -0.13311355 5.05224451115 0.711812122966 0.00314512226889 -0.702362876158 0 0 0 511
998 0 1 0 9.980000000000e-07 -12.7690725753 -0.9153525116 5.7571250918 0.707733841038 0.00723114343813 -0.706442156736 0 0 0 511
999 0 1 0 9.990000000000e-07 -13.4605539968 0.6281557465 5.06564367031 0.709076016503 0.00710774039797 -0.705096222403 0 0 0 511
