event_id,E_keV,x_mm,y_mm,z_mm,ux,uy,uz,weight,source_tag,particle_name,pdg_encoding,track_id,parent_id
0,451,85.0790944,0.7932485143,10000,0,0,1,1.0,geant4_laue_bfull_focal_primary_or_transmitted,gamma,22,1,0
3,451,82.82905394,6.689262197,10000,0,0,1,1.0,geant4_laue_bfull_focal_primary_or_transmitted,gamma,22,1,0
5,451,23.5976232,-12.33732054,10000,-0.005914642711,-0.002465059938,0.99997947,1.0,geant4_laue_bfull_focal_primary_or_transmitted,gamma,22,1,0
10,451,80.27179596,21.97499274,10000,0,0,1,1.0,geant4_laue_bfull_focal_primary_or_transmitted,gamma,22,1,0
12,451,79.57957802,26.13109637,10000,0,0,1,1.0,geant4_laue_bfull_focal_primary_or_transmitted,gamma,22,1,0
13,451,78.91467387,30.01998348,10000,0,0,1,1.0,geant4_laue_bfull_focal_primary_or_transmitted,gamma,22,1,0
14,451,78.12963243,31.50113632,10000,0,0,1,1.0,geant4_laue_bfull_focal_primary_or_transmitted,gamma,22,1,0
16,451,76.25031405,34.70458569,10000,0,0,1,1.0,geant4_laue_bfull_focal_primary_or_transmitted,gamma,22,1,0
17,451,75.67954302,37.10137112,10000,0,0,1,1.0,geant4_laue_bfull_focal_primary_or_transmitted,gamma,22,1,0
25,451,65.94455649,53.48084012,10000,0,0,1,1.0,geant4_laue_bfull_focal_primary_or_transmitted,gamma,22,1,0
31,451,55.59365319,62.92768953,10000,0,0,1,1.0,geant4_laue_bfull_focal_primary_or_transmitted,gamma,22,1,0
33,451,52.47167227,67.22468996,10000,0,0,1,1.0,geant4_laue_bfull_focal_primary_or_transmitted,gamma,22,1,0
34,451,50.06458937,66.72681566,10000,0,0,1,1.0,geant4_laue_bfull_focal_primary_or_transmitted,gamma,22,1,0
38,451,41.99062396,73.19701973,10000,0,0,1,1.0,geant4_laue_bfull_focal_primary_or_transmitted,gamma,22,1,0
49,451,19.97026147,82.55768488,10000,0,0,1,1.0,geant4_laue_bfull_focal_primary_or_transmitted,gamma,22,1,0
52,451,12.57218277,82.94594956,10000,0,0,1,1.0,geant4_laue_bfull_focal_primary_or_transmitted,gamma,22,1,0
56,451,3.623118038,84.57450946,10000,0,0,1,1.0,geant4_laue_bfull_focal_primary_or_transmitted,gamma,22,1,0
60,451,-5.982993247,84.20892193,10000,0,0,1,1.0,geant4_laue_bfull_focal_primary_or_transmitted,gamma,22,1,0
61,451,-8.788929768,84.06646731,10000,0,0,1,1.0,geant4_laue_bfull_focal_primary_or_transmitted,gamma,22,1,0
66,451,-20.2539105,80.68295398,10000,0,0,1,1.0,geant4_laue_bfull_focal_primary_or_transmitted,gamma,22,1,0
72,451,-33.14440665,77.84751406,10000,0,0,1,1.0,geant4_laue_bfull_focal_primary_or_transmitted,gamma,22,1,0
74,451,-36.48768971,75.43756484,10000,0,0,1,1.0,geant4_laue_bfull_focal_primary_or_transmitted,gamma,22,1,0
79,451,-46.35863236,69.87224412,10000,0,0,1,1.0,geant4_laue_bfull_focal_primary_or_transmitted,gamma,22,1,0
80,451,-50.13447449,68.78335678,10000,0,0,1,1.0,geant4_laue_bfull_focal_primary_or_transmitted,gamma,22,1,0
81,451,-50.99952534,66.73341194,10000,0,0,1,1.0,geant4_laue_bfull_focal_primary_or_transmitted,gamma,22,1,0
87,451,-62.08177467,58.4739732,10000,0,0,1,1.0,geant4_laue_bfull_focal_primary_or_transmitted,gamma,22,1,0
89,451,-64.03709177,53.36099401,10000,0,0,1,1.0,geant4_laue_bfull_focal_primary_or_transmitted,gamma,22,1,0
91,451,-67.0350023,50.57409436,10000,0,0,1,1.0,geant4_laue_bfull_focal_primary_or_transmitted,gamma,22,1,0
94,451,-70.60331848,45.90998518,10000,0,0,1,1.0,geant4_laue_bfull_focal_primary_or_transmitted,gamma,22,1,0
101,451,-78.39975404,31.16977678,10000,0,0,1,1.0,geant4_laue_bfull_focal_primary_or_transmitted,gamma,22,1,0
103,451,-80.07229793,25.97882593,10000,0,0,1,1.0,geant4_laue_bfull_focal_primary_or_transmitted,gamma,22,1,0
104,451,-81.40990063,24.7673909,10000,0,0,1,1.0,geant4_laue_bfull_focal_primary_or_transmitted,gamma,22,1,0
105,451,-81.05011794,20.84377018,10000,0,0,1,1.0,geant4_laue_bfull_focal_primary_or_transmitted,gamma,22,1,0
111,451,-82.90270059,7.287934163,10000,0,0,1,1.0,geant4_laue_bfull_focal_primary_or_transmitted,gamma,22,1,0
112,451,-84.11201067,4.837146998,10000,0,0,1,1.0,geant4_laue_bfull_focal_primary_or_transmitted,gamma,22,1,0
115,451,-83.46279413,-1.594730488,10000,0,0,1,1.0,geant4_laue_bfull_focal_primary_or_transmitted,gamma,22,1,0
116,451,-84.74738449,-2.85620278,10000,0,0,1,1.0,geant4_laue_bfull_focal_primary_or_transmitted,gamma,22,1,0
118,451,-82.80158472,-7.385540081,10000,0,0,1,1.0,geant4_laue_bfull_focal_primary_or_transmitted,gamma,22,1,0
120,451,-82.76053656,-12.66103011,10000,0,0,1,1.0,geant4_laue_bfull_focal_primary_or_transmitted,gamma,22,1,0
123,451,-82.07068392,-19.23833166,10000,0,0,1,1.0,geant4_laue_bfull_focal_primary_or_transmitted,gamma,22,1,0
126,451,-80.06826183,-25.91464042,10000,0,0,1,1.0,geant4_laue_bfull_focal_primary_or_transmitted,gamma,22,1,0
129,451,-76.57941217,-32.29154618,10000,0,0,1,1.0,geant4_laue_bfull_focal_primary_or_transmitted,gamma,22,1,0
130,451,-76.0249003,-35.00702771,10000,0,0,1,1.0,geant4_laue_bfull_focal_primary_or_transmitted,gamma,22,1,0
132,451,-74.94423494,-38.77441591,10000,0,0,1,1.0,geant4_laue_bfull_focal_primary_or_transmitted,gamma,22,1,0
133,451,-72.6157064,-40.01238116,10000,0,0,1,1.0,geant4_laue_bfull_focal_primary_or_transmitted,gamma,22,1,0
135,451,-72.08826052,-44.19729593,10000,0,0,1,1.0,geant4_laue_bfull_focal_primary_or_transmitted,gamma,22,1,0
138,451,-66.49102052,-49.89045274,10000,0,0,1,1.0,geant4_laue_bfull_focal_primary_or_transmitted,gamma,22,1,0
142,451,-62.37295158,-57.87788364,10000,0,0,1,1.0,geant4_laue_bfull_focal_primary_or_transmitted,gamma,22,1,0
148,451,-51.08185043,-66.34236308,10000,0,0,1,1.0,geant4_laue_bfull_focal_primary_or_transmitted,gamma,22,1,0
150,451,-46.5526092,-70.58097598,10000,0,0,1,1.0,geant4_laue_bfull_focal_primary_or_transmitted,gamma,22,1,0
151,451,-45.46324574,-70.9397074,10000,0,0,1,1.0,geant4_laue_bfull_focal_primary_or_transmitted,gamma,22,1,0
152,451,-43.09362328,-72.6135855,10000,0,0,1,1.0,geant4_laue_bfull_focal_primary_or_transmitted,gamma,22,1,0
155,451,-37.38501511,-74.65489201,10000,0,0,1,1.0,geant4_laue_bfull_focal_primary_or_transmitted,gamma,22,1,0
162,451,-21.83320864,-81.87515174,10000,0,0,1,1.0,geant4_laue_bfull_focal_primary_or_transmitted,gamma,22,1,0
163,451,-19.31463781,-81.36554137,10000,0,0,1,1.0,geant4_laue_bfull_focal_primary_or_transmitted,gamma,22,1,0
168,451,-9.358241933,-83.82870838,10000,0,0,1,1.0,geant4_laue_bfull_focal_primary_or_transmitted,gamma,22,1,0
169,451,-6.780490592,-84.77448522,10000,0,0,1,1.0,geant4_laue_bfull_focal_primary_or_transmitted,gamma,22,1,0
170,451,-4.727028644,-84.93967695,10000,0,0,1,1.0,geant4_laue_bfull_focal_primary_or_transmitted,gamma,22,1,0
171,451,-2.376347565,-83.46638366,10000,0,0,1,1.0,geant4_laue_bfull_focal_primary_or_transmitted,gamma,22,1,0
176,451,9.11468845,-84.59033522,10000,0,0,1,1.0,geant4_laue_bfull_focal_primary_or_transmitted,gamma,22,1,0
177,451,12.13267116,-82.61208403,10000,0,0,1,1.0,geant4_laue_bfull_focal_primary_or_transmitted,gamma,22,1,0
180,451,19.50287889,-82.84390001,10000,0,0,1,1.0,geant4_laue_bfull_focal_primary_or_transmitted,gamma,22,1,0
181,451,20.13386753,-81.35228254,10000,0,0,1,1.0,geant4_laue_bfull_focal_primary_or_transmitted,gamma,22,1,0
183,451,25.58131426,-80.87086736,10000,0,0,1,1.0,geant4_laue_bfull_focal_primary_or_transmitted,gamma,22,1,0
186,451,32.57220859,-78.39976506,10000,0,0,1,1.0,geant4_laue_bfull_focal_primary_or_transmitted,gamma,22,1,0
192,451,44.34320969,-72.20444687,10000,0,0,1,1.0,geant4_laue_bfull_focal_primary_or_transmitted,gamma,22,1,0
195,451,50.98331572,-68.52576781,10000,0,0,1,1.0,geant4_laue_bfull_focal_primary_or_transmitted,gamma,22,1,0
202,451,62.47434869,-56.81839943,10000,0,0,1,1.0,geant4_laue_bfull_focal_primary_or_transmitted,gamma,22,1,0
210,451,72.57464149,-41.26669348,10000,0,0,1,1.0,geant4_laue_bfull_focal_primary_or_transmitted,gamma,22,1,0
215,451,79.10423507,-31.41037294,10000,0,0,1,1.0,geant4_laue_bfull_focal_primary_or_transmitted,gamma,22,1,0
217,451,78.63813429,-26.93887532,10000,0,0,1,1.0,geant4_laue_bfull_focal_primary_or_transmitted,gamma,22,1,0
224,451,84.27324087,-10.74332454,10000,0,0,1,1.0,geant4_laue_bfull_focal_primary_or_transmitted,gamma,22,1,0
227,451,83.03379342,-4.94647286,10000,0,0,1,1.0,geant4_laue_bfull_focal_primary_or_transmitted,gamma,22,1,0
229,471,80.43246502,-0.4093964606,10000,0,0,1,1.0,geant4_laue_bfull_focal_primary_or_transmitted,gamma,22,1,0
232,471,79.63855325,7.050612608,10000,0,0,1,1.0,geant4_laue_bfull_focal_primary_or_transmitted,gamma,22,1,0
233,471,80.68533162,8.711634183,10000,0,0,1,1.0,geant4_laue_bfull_focal_primary_or_transmitted,gamma,22,1,0
235,471,80.01852853,12.72046734,10000,0,0,1,1.0,geant4_laue_bfull_focal_primary_or_transmitted,gamma,22,1,0
239,471,77.94147922,22.64209274,10000,0,0,1,1.0,geant4_laue_bfull_focal_primary_or_transmitted,gamma,22,1,0
242,471,74.41947864,28.27758923,10000,0,0,1,1.0,geant4_laue_bfull_focal_primary_or_transmitted,gamma,22,1,0
243,471,75.09413098,30.93812497,10000,0,0,1,1.0,geant4_laue_bfull_focal_primary_or_transmitted,gamma,22,1,0
250,471,67.52491647,44.87248692,10000,0,0,1,1.0,geant4_laue_bfull_focal_primary_or_transmitted,gamma,22,1,0
254,471,61.79642258,51.95451651,10000,0,0,1,1.0,geant4_laue_bfull_focal_primary_or_transmitted,gamma,22,1,0
255,471,58.70571707,55.52361928,10000,0,0,1,1.0,geant4_laue_bfull_focal_primary_or_transmitted,gamma,22,1,0
267,471,37.62050493,71.05779739,10000,0,0,1,1.0,geant4_laue_bfull_focal_primary_or_transmitted,gamma,22,1,0
270,471,32.19188636,73.92625327,10000,0,0,1,1.0,geant4_laue_bfull_focal_primary_or_transmitted,gamma,22,1,0
272,471,27.53129107,76.79023956,10000,0,0,1,1.0,geant4_laue_bfull_focal_primary_or_transmitted,gamma,22,1,0
273,471,23.84137313,76.28109003,10000,0,0,1,1.0,geant4_laue_bfull_focal_primary_or_transmitted,gamma,22,1,0
275,471,20.62384693,76.83902689,10000,0,0,1,1.0,geant4_laue_bfull_focal_primary_or_transmitted,gamma,22,1,0
276,471,18.86191655,78.9809473,10000,0,0,1,1.0,geant4_laue_bfull_focal_primary_or_transmitted,gamma,22,1,0
278,471,12.9841632,80.47140521,10000,0,0,1,1.0,geant4_laue_bfull_focal_primary_or_transmitted,gamma,22,1,0
281,471,5.882153202,79.95748406,10000,0,0,1,1.0,geant4_laue_bfull_focal_primary_or_transmitted,gamma,22,1,0
282,471,4.293270083,79.49724245,10000,0,0,1,1.0,geant4_laue_bfull_focal_primary_or_transmitted,gamma,22,1,0
283,471,2.394686854,81.35407897,10000,0,0,1,1.0,geant4_laue_bfull_focal_primary_or_transmitted,gamma,22,1,0
287,471,-6.857928468,79.36488681,10000,0,0,1,1.0,geant4_laue_bfull_focal_primary_or_transmitted,gamma,22,1,0
291,471,-15.5880292,79.05163654,10000,0,0,1,1.0,geant4_laue_bfull_focal_primary_or_transmitted,gamma,22,1,0
296,471,-26.2471071,76.77419752,10000,0,0,1,1.0,geant4_laue_bfull_focal_primary_or_transmitted,gamma,22,1,0
298,471,-31.04365444,74.13036939,10000,0,0,1,1.0,geant4_laue_bfull_focal_primary_or_transmitted,gamma,22,1,0
299,471,-33.3980994,74.37214815,10000,0,0,1,1.0,geant4_laue_bfull_focal_primary_or_transmitted,gamma,22,1,0
305,471,-45.7130279,65.77731331,10000,0,0,1,1.0,geant4_laue_bfull_focal_primary_or_transmitted,gamma,22,1,0
306,471,-47.06128299,64.84895657,10000,0,0,1,1.0,geant4_laue_bfull_focal_primary_or_transmitted,gamma,22,1,0
310,471,-54.79249143,59.62504063,10000,0,0,1,1.0,geant4_laue_bfull_focal_primary_or_transmitted,gamma,22,1,0
314,471,-60.01972662,53.04700059,10000,0,0,1,1.0,geant4_laue_bfull_focal_primary_or_transmitted,gamma,22,1,0
315,471,-61.82014377,50.87555168,10000,0,0,1,1.0,geant4_laue_bfull_focal_primary_or_transmitted,gamma,22,1,0
318,471,-65.94024089,46.3426986,10000,0,0,1,1.0,geant4_laue_bfull_focal_primary_or_transmitted,gamma,22,1,0
322,471,-71.38790358,37.41170568,10000,0,0,1,1.0,geant4_laue_bfull_focal_primary_or_transmitted,gamma,22,1,0
323,471,-73.1626633,36.56974122,10000,0,0,1,1.0,geant4_laue_bfull_focal_primary_or_transmitted,gamma,22,1,0
326,471,-74.88920708,29.26501006,10000,0,0,1,1.0,geant4_laue_bfull_focal_primary_or_transmitted,gamma,22,1,0
327,471,-75.76425388,27.5138805,10000,0,0,1,1.0,geant4_laue_bfull_focal_primary_or_transmitted,gamma,22,1,0
333,471,-80.42587158,14.47682431,10000,0,0,1,1.0,geant4_laue_bfull_focal_primary_or_transmitted,gamma,22,1,0
337,471,-79.4216794,5.681573474,10000,0,0,1,1.0,geant4_laue_bfull_focal_primary_or_transmitted,gamma,22,1,0
338,471,-80.17677302,1.849221979,10000,0,0,1,1.0,geant4_laue_bfull_focal_primary_or_transmitted,gamma,22,1,0
339,471,-79.49887396,-0.9161510569,10000,0,0,1,1.0,geant4_laue_bfull_focal_primary_or_transmitted,gamma,22,1,0
341,471,-80.93684064,-5.36401938,10000,0,0,1,1.0,geant4_laue_bfull_focal_primary_or_transmitted,gamma,22,1,0
342,471,-80.85759825,-5.987268007,10000,0,0,1,1.0,geant4_laue_bfull_focal_primary_or_transmitted,gamma,22,1,0
344,471,-79.40617929,-12.11808341,10000,0,0,1,1.0,geant4_laue_bfull_focal_primary_or_transmitted,gamma,22,1,0
350,471,-77.65162488,-25.0406961,10000,0,0,1,1.0,geant4_laue_bfull_focal_primary_or_transmitted,gamma,22,1,0
351,471,-75.17369003,-26.96233788,10000,0,0,1,1.0,geant4_laue_bfull_focal_primary_or_transmitted,gamma,22,1,0
355,471,-71.98438982,-34.899416,10000,0,0,1,1.0,geant4_laue_bfull_focal_primary_or_transmitted,gamma,22,1,0
361,471,-66.1632951,-48.28965911,10000,0,0,1,1.0,geant4_laue_bfull_focal_primary_or_transmitted,gamma,22,1,0
368,471,-55.52013085,-59.13125204,10000,0,0,1,1.0,geant4_laue_bfull_focal_primary_or_transmitted,gamma,22,1,0
370,471,-52.02624024,-61.6162007,10000,0,0,1,1.0,geant4_laue_bfull_focal_primary_or_transmitted,gamma,22,1,0
372,471,-47.3817027,-65.23083932,10000,0,0,1,1.0,geant4_laue_bfull_focal_primary_or_transmitted,gamma,22,1,0
376,471,-38.54502438,-70.52845636,10000,0,0,1,1.0,geant4_laue_bfull_focal_primary_or_transmitted,gamma,22,1,0
377,471,-37.6353511,-70.76541942,10000,0,0,1,1.0,geant4_laue_bfull_focal_primary_or_transmitted,gamma,22,1,0
378,471,-35.5380196,-71.60742173,10000,0,0,1,1.0,geant4_laue_bfull_focal_primary_or_transmitted,gamma,22,1,0
383,471,-24.46805072,-77.29250783,10000,0,0,1,1.0,geant4_laue_bfull_focal_primary_or_transmitted,gamma,22,1,0
386,471,-18.25473933,-77.43174061,10000,0,0,1,1.0,geant4_laue_bfull_focal_primary_or_transmitted,gamma,22,1,0
388,471,-14.82725432,-79.23866145,10000,0,0,1,1.0,geant4_laue_bfull_focal_primary_or_transmitted,gamma,22,1,0
389,471,-11.86456682,-80.85626018,10000,0,0,1,1.0,geant4_laue_bfull_focal_primary_or_transmitted,gamma,22,1,0
392,471,-5.439492725,-79.4421301,10000,0,0,1,1.0,geant4_laue_bfull_focal_primary_or_transmitted,gamma,22,1,0
393,471,-1.762846318,-81.27135861,10000,0,0,1,1.0,geant4_laue_bfull_focal_primary_or_transmitted,gamma,22,1,0
394,471,-0.695613896,-80.44865354,10000,0,0,1,1.0,geant4_laue_bfull_focal_primary_or_transmitted,gamma,22,1,0
398,471,8.504840241,-79.81740902,10000,0,0,1,1.0,geant4_laue_bfull_focal_primary_or_transmitted,gamma,22,1,0
408,471,30.61439472,-73.40604482,10000,0,0,1,1.0,geant4_laue_bfull_focal_primary_or_transmitted,gamma,22,1,0
409,471,33.60827202,-73.07591108,10000,0,0,1,1.0,geant4_laue_bfull_focal_primary_or_transmitted,gamma,22,1,0
410,471,35.83388313,-71.78258766,10000,0,0,1,1.0,geant4_laue_bfull_focal_primary_or_transmitted,gamma,22,1,0
414,471,42.82302929,-68.86520564,10000,0,0,1,1.0,geant4_laue_bfull_focal_primary_or_transmitted,gamma,22,1,0
421,471,56.86544721,-56.9882373,10000,0,0,1,1.0,geant4_laue_bfull_focal_primary_or_transmitted,gamma,22,1,0
422,471,58.43901937,-56.54206624,10000,0,0,1,1.0,geant4_laue_bfull_focal_primary_or_transmitted,gamma,22,1,0
428,471,66.76757641,-44.63965824,10000,0,0,1,1.0,geant4_laue_bfull_focal_primary_or_transmitted,gamma,22,1,0
432,471,70.9750046,-38.69133521,10000,0,0,1,1.0,geant4_laue_bfull_focal_primary_or_transmitted,gamma,22,1,0
438,471,76.46584506,-25.93889845,10000,0,0,1,1.0,geant4_laue_bfull_focal_primary_or_transmitted,gamma,22,1,0
444,471,79.08384359,-11.62634603,10000,0,0,1,1.0,geant4_laue_bfull_focal_primary_or_transmitted,gamma,22,1,0
451,491,77.25985828,5.529200294,10000,0,0,1,1.0,geant4_laue_bfull_focal_primary_or_transmitted,gamma,22,1,0
458,491,75.240748,21.36944359,10000,0,0,1,1.0,geant4_laue_bfull_focal_primary_or_transmitted,gamma,22,1,0
459,491,74.35031469,22.85409715,10000,0,0,1,1.0,geant4_laue_bfull_focal_primary_or_transmitted,gamma,22,1,0
460,491,72.45552649,25.78083005,10000,0,0,1,1.0,geant4_laue_bfull_focal_primary_or_transmitted,gamma,22,1,0
461,491,72.24313011,26.39320797,10000,0,0,1,1.0,geant4_laue_bfull_focal_primary_or_transmitted,gamma,22,1,0
463,491,70.96983418,31.73673069,10000,0,0,1,1.0,geant4_laue_bfull_focal_primary_or_transmitted,gamma,22,1,0
464,491,69.29952154,33.97634569,10000,0,0,1,1.0,geant4_laue_bfull_focal_primary_or_transmitted,gamma,22,1,0
466,491,67.09690337,37.22832176,10000,0,0,1,1.0,geant4_laue_bfull_focal_primary_or_transmitted,gamma,22,1,0
469,491,63.31797697,42.94952874,10000,0,0,1,1.0,geant4_laue_bfull_focal_primary_or_transmitted,gamma,22,1,0
470,491,63.20039627,44.51277305,10000,0,0,1,1.0,geant4_laue_bfull_focal_primary_or_transmitted,gamma,22,1,0
471,491,60.24896187,46.01129195,10000,0,0,1,1.0,geant4_laue_bfull_focal_primary_or_transmitted,gamma,22,1,0
474,491,57.3051272,51.74584547,10000,0,0,1,1.0,geant4_laue_bfull_focal_primary_or_transmitted,gamma,22,1,0
475,491,56.1838012,54.99046014,10000,0,0,1,1.0,geant4_laue_bfull_focal_primary_or_transmitted,gamma,22,1,0
477,491,51.40637458,57.05542979,10000,0,0,1,1.0,geant4_laue_bfull_focal_primary_or_transmitted,gamma,22,1,0
478,491,50.26351466,58.09399845,10000,0,0,1,1.0,geant4_laue_bfull_focal_primary_or_transmitted,gamma,22,1,0
479,491,48.92779581,60.88720717,10000,0,0,1,1.0,geant4_laue_bfull_focal_primary_or_transmitted,gamma,22,1,0
489,491,28.24350974,72.3669502,10000,0,0,1,1.0,geant4_laue_bfull_focal_primary_or_transmitted,gamma,22,1,0
491,491,23.84375562,73.47605699,10000,0,0,1,1.0,geant4_laue_bfull_focal_primary_or_transmitted,gamma,22,1,0
493,491,19.78352424,75.75278265,10000,0,0,1,1.0,geant4_laue_bfull_focal_primary_or_transmitted,gamma,22,1,0
495,491,14.86374809,74.97492278,10000,0,0,1,1.0,geant4_laue_bfull_focal_primary_or_transmitted,gamma,22,1,0
496,491,13.66820029,75.32287987,10000,0,0,1,1.0,geant4_laue_bfull_focal_primary_or_transmitted,gamma,22,1,0
504,491,-4.151600844,76.65237755,10000,0,0,1,1.0,geant4_laue_bfull_focal_primary_or_transmitted,gamma,22,1,0
507,491,-12.1535483,75.70407946,10000,0,0,1,1.0,geant4_laue_bfull_focal_primary_or_transmitted,gamma,22,1,0
508,491,-13.75764525,75.82060917,10000,0,0,1,1.0,geant4_laue_bfull_focal_primary_or_transmitted,gamma,22,1,0
509,491,-17.0527191,75.60201046,10000,0,0,1,1.0,geant4_laue_bfull_focal_primary_or_transmitted,gamma,22,1,0
511,491,-21.14673887,74.79001786,10000,0,0,1,1.0,geant4_laue_bfull_focal_primary_or_transmitted,gamma,22,1,0
514,491,-26.82859885,72.41403161,10000,0,0,1,1.0,geant4_laue_bfull_focal_primary_or_transmitted,gamma,22,1,0
515,491,-29.14554059,71.47639013,10000,0,0,1,1.0,geant4_laue_bfull_focal_primary_or_transmitted,gamma,22,1,0
516,491,-31.55741295,69.67284423,10000,0,0,1,1.0,geant4_laue_bfull_focal_primary_or_transmitted,gamma,22,1,0
521,491,-41.57467468,65.17059594,10000,0,0,1,1.0,geant4_laue_bfull_focal_primary_or_transmitted,gamma,22,1,0
523,491,-45.25989001,62.67284902,10000,0,0,1,1.0,geant4_laue_bfull_focal_primary_or_transmitted,gamma,22,1,0
524,491,-48.56278054,61.87766047,10000,0,0,1,1.0,geant4_laue_bfull_focal_primary_or_transmitted,gamma,22,1,0
528,491,-54.74313902,54.3001887,10000,0,0,1,1.0,geant4_laue_bfull_focal_primary_or_transmitted,gamma,22,1,0
529,491,-57.07729681,53.04052629,10000,0,0,1,1.0,geant4_laue_bfull_focal_primary_or_transmitted,gamma,22,1,0
531,491,-59.47787601,49.22381389,10000,0,0,1,1.0,geant4_laue_bfull_focal_primary_or_transmitted,gamma,22,1,0
532,491,-60.76920645,48.61524986,10000,0,0,1,1.0,geant4_laue_bfull_focal_primary_or_transmitted,gamma,22,1,0
533,491,-61.446882,45.89651016,10000,0,0,1,1.0,geant4_laue_bfull_focal_primary_or_transmitted,gamma,22,1,0
534,491,-64.2134546,44.83976707,10000,0,0,1,1.0,geant4_laue_bfull_focal_primary_or_transmitted,gamma,22,1,0
536,491,-66.53242872,40.83164863,10000,0,0,1,1.0,geant4_laue_bfull_focal_primary_or_transmitted,gamma,22,1,0
537,491,-66.97716912,38.75685756,10000,0,0,1,1.0,geant4_laue_bfull_focal_primary_or_transmitted,gamma,22,1,0
538,491,-69.23113541,36.86768723,10000,0,0,1,1.0,geant4_laue_bfull_focal_primary_or_transmitted,gamma,22,1,0
540,491,-70.561675,32.34448414,10000,0,0,1,1.0,geant4_laue_bfull_focal_primary_or_transmitted,gamma,22,1,0
543,491,-73.58223937,26.66880585,10000,0,0,1,1.0,geant4_laue_bfull_focal_primary_or_transmitted,gamma,22,1,0
544,491,-74.31230333,23.73181527,10000,0,0,1,1.0,geant4_laue_bfull_focal_primary_or_transmitted,gamma,22,1,0
545,491,-73.88593006,21.30198893,10000,0,0,1,1.0,geant4_laue_bfull_focal_primary_or_transmitted,gamma,22,1,0
546,491,-75.68049727,19.99840484,10000,0,0,1,1.0,geant4_laue_bfull_focal_primary_or_transmitted,gamma,22,1,0
549,491,-75.21202108,11.83186399,10000,0,0,1,1.0,geant4_laue_bfull_focal_primary_or_transmitted,gamma,22,1,0
553,491,-76.64036966,3.637812239,10000,0,0,1,1.0,geant4_laue_bfull_focal_primary_or_transmitted,gamma,22,1,0
559,491,-76.53028197,-9.933349431,10000,0,0,1,1.0,geant4_laue_bfull_focal_primary_or_transmitted,gamma,22,1,0
561,491,-75.76412699,-15.3429611,10000,0,0,1,1.0,geant4_laue_bfull_focal_primary_or_transmitted,gamma,22,1,0
562,491,-75.28755465,-16.95490222,10000,0,0,1,1.0,geant4_laue_bfull_focal_primary_or_transmitted,gamma,22,1,0
564,491,-74.92222423,-20.95201657,10000,0,0,1,1.0,geant4_laue_bfull_focal_primary_or_transmitted,gamma,22,1,0
568,491,-70.19224624,-30.57695992,10000,0,0,1,1.0,geant4_laue_bfull_focal_primary_or_transmitted,gamma,22,1,0
571,491,-69.0012274,-35.49657537,10000,0,0,1,1.0,geant4_laue_bfull_focal_primary_or_transmitted,gamma,22,1,0
576,491,-61.36698727,-46.86523396,10000,0,0,1,1.0,geant4_laue_bfull_focal_primary_or_transmitted,gamma,22,1,0
578,491,-59.11413413,-48.73281915,10000,0,0,1,1.0,geant4_laue_bfull_focal_primary_or_transmitted,gamma,22,1,0
579,491,-58.10783045,-51.71759713,10000,0,0,1,1.0,geant4_laue_bfull_focal_primary_or_transmitted,gamma,22,1,0
584,491,-49.17314586,-60.06498873,10000,0,0,1,1.0,geant4_laue_bfull_focal_primary_or_transmitted,gamma,22,1,0
589,491,-39.5983022,-66.68874818,10000,0,0,1,1.0,geant4_laue_bfull_focal_primary_or_transmitted,gamma,22,1,0
595,491,-26.72591134,-71.29757294,10000,0,0,1,1.0,geant4_laue_bfull_focal_primary_or_transmitted,gamma,22,1,0
596,491,-26.02256071,-72.49728019,10000,0,0,1,1.0,geant4_laue_bfull_focal_primary_or_transmitted,gamma,22,1,0
597,491,-24.04420097,-73.81030431,10000,0,0,1,1.0,geant4_laue_bfull_focal_primary_or_transmitted,gamma,22,1,0
598,491,-20.32037673,-73.65153584,10000,0,0,1,1.0,geant4_laue_bfull_focal_primary_or_transmitted,gamma,22,1,0
602,491,-10.95463982,-75.51938674,10000,0,0,1,1.0,geant4_laue_bfull_focal_primary_or_transmitted,gamma,22,1,0
604,491,-8.289692106,-76.31283515,10000,0,0,1,1.0,geant4_laue_bfull_focal_primary_or_transmitted,gamma,22,1,0
605,491,-4.331785223,-77.74318471,10000,0,0,1,1.0,geant4_laue_bfull_focal_primary_or_transmitted,gamma,22,1,0
607,491,-1.583255181,-77.7787062,10000,0,0,1,1.0,geant4_laue_bfull_focal_primary_or_transmitted,gamma,22,1,0
608,491,2.124123535,-77.42066546,10000,0,0,1,1.0,geant4_laue_bfull_focal_primary_or_transmitted,gamma,22,1,0
609,491,4.967937506,-76.91840938,10000,0,0,1,1.0,geant4_laue_bfull_focal_primary_or_transmitted,gamma,22,1,0
614,491,14.46175034,-76.8223955,10000,0,0,1,1.0,geant4_laue_bfull_focal_primary_or_transmitted,gamma,22,1,0
615,491,17.29003895,-74.82324184,10000,0,0,1,1.0,geant4_laue_bfull_focal_primary_or_transmitted,gamma,22,1,0
619,491,25.94955402,-72.75620338,10000,0,0,1,1.0,geant4_laue_bfull_focal_primary_or_transmitted,gamma,22,1,0
628,491,43.72556608,-62.4622742,10000,0,0,1,1.0,geant4_laue_bfull_focal_primary_or_transmitted,gamma,22,1,0
631,491,49.47649931,-59.8135299,10000,0,0,1,1.0,geant4_laue_bfull_focal_primary_or_transmitted,gamma,22,1,0
632,491,52.3406626,-57.87177934,10000,0,0,1,1.0,geant4_laue_bfull_focal_primary_or_transmitted,gamma,22,1,0
635,491,56.91296543,-53.27473089,10000,0,0,1,1.0,geant4_laue_bfull_focal_primary_or_transmitted,gamma,22,1,0
636,491,58.84073521,-50.32523558,10000,0,0,1,1.0,geant4_laue_bfull_focal_primary_or_transmitted,gamma,22,1,0
638,491,60.59943834,-46.0555292,10000,0,0,1,1.0,geant4_laue_bfull_focal_primary_or_transmitted,gamma,22,1,0
639,491,62.60655665,-45.06088528,10000,0,0,1,1.0,geant4_laue_bfull_focal_primary_or_transmitted,gamma,22,1,0
646,491,70.76209517,-30.81216398,10000,0,0,1,1.0,geant4_laue_bfull_focal_primary_or_transmitted,gamma,22,1,0
647,491,70.49598638,-29.27096376,10000,0,0,1,1.0,geant4_laue_bfull_focal_primary_or_transmitted,gamma,22,1,0
648,491,73.26069812,-26.70692105,10000,0,0,1,1.0,geant4_laue_bfull_focal_primary_or_transmitted,gamma,22,1,0
651,491,73.63670574,-19.63781829,10000,0,0,1,1.0,geant4_laue_bfull_focal_primary_or_transmitted,gamma,22,1,0
652,491,75.56979454,-18.21779049,10000,0,0,1,1.0,geant4_laue_bfull_focal_primary_or_transmitted,gamma,22,1,0
653,491,75.39967076,-15.2378712,10000,0,0,1,1.0,geant4_laue_bfull_focal_primary_or_transmitted,gamma,22,1,0
654,491,75.82091849,-13.54578395,10000,0,0,1,1.0,geant4_laue_bfull_focal_primary_or_transmitted,gamma,22,1,0
665,511,72.59517424,10.94916978,10000,0,0,1,1.0,geant4_laue_bfull_focal_primary_or_transmitted,gamma,22,1,0
666,511,73.93383701,13.29068123,10000,0,0,1,1.0,geant4_laue_bfull_focal_primary_or_transmitted,gamma,22,1,0
675,511,65.33305437,32.65267904,10000,0,0,1,1.0,geant4_laue_bfull_focal_primary_or_transmitted,gamma,22,1,0
676,511,65.06349175,34.38710898,10000,0,0,1,1.0,geant4_laue_bfull_focal_primary_or_transmitted,gamma,22,1,0
677,511,63.48385222,36.51198064,10000,0,0,1,1.0,geant4_laue_bfull_focal_primary_or_transmitted,gamma,22,1,0
679,511,61.33769944,42.29707926,10000,0,0,1,1.0,geant4_laue_bfull_focal_primary_or_transmitted,gamma,22,1,0
680,511,61.11823172,42.53736821,10000,0,0,1,1.0,geant4_laue_bfull_focal_primary_or_transmitted,gamma,22,1,0
681,511,59.75648203,45.3929681,10000,0,0,1,1.0,geant4_laue_bfull_focal_primary_or_transmitted,gamma,22,1,0
682,511,58.5619587,47.73617124,10000,0,0,1,1.0,geant4_laue_bfull_focal_primary_or_transmitted,gamma,22,1,0
683,511,56.6828524,48.2741302,10000,0,0,1,1.0,geant4_laue_bfull_focal_primary_or_transmitted,gamma,22,1,0
684,511,55.34987927,49.66494782,10000,0,0,1,1.0,geant4_laue_bfull_focal_primary_or_transmitted,gamma,22,1,0
686,511,50.30826031,53.9080998,10000,0,0,1,1.0,geant4_laue_bfull_focal_primary_or_transmitted,gamma,22,1,0
691,511,42.87326964,61.83254528,10000,0,0,1,1.0,geant4_laue_bfull_focal_primary_or_transmitted,gamma,22,1,0
692,511,40.88142659,62.60181845,10000,0,0,1,1.0,geant4_laue_bfull_focal_primary_or_transmitted,gamma,22,1,0
693,511,37.70697254,64.03928442,10000,0,0,1,1.0,geant4_laue_bfull_focal_primary_or_transmitted,gamma,22,1,0
697,511,29.53751522,67.0455029,10000,0,0,1,1.0,geant4_laue_bfull_focal_primary_or_transmitted,gamma,22,1,0
698,511,28.53592064,68.50882169,10000,0,0,1,1.0,geant4_laue_bfull_focal_primary_or_transmitted,gamma,22,1,0
699,511,26.79337616,69.07122118,10000,0,0,1,1.0,geant4_laue_bfull_focal_primary_or_transmitted,gamma,22,1,0
702,511,18.89501063,70.64479436,10000,0,0,1,1.0,geant4_laue_bfull_focal_primary_or_transmitted,gamma,22,1,0
705,511,12.75314627,74.2522999,10000,0,0,1,1.0,geant4_laue_bfull_focal_primary_or_transmitted,gamma,22,1,0
706,511,11.23575118,74.32581103,10000,0,0,1,1.0,geant4_laue_bfull_focal_primary_or_transmitted,gamma,22,1,0
707,511,7.727966585,72.76738461,10000,0,0,1,1.0,geant4_laue_bfull_focal_primary_or_transmitted,gamma,22,1,0
709,511,3.857468179,73.26465074,10000,0,0,1,1.0,geant4_laue_bfull_focal_primary_or_transmitted,gamma,22,1,0
711,511,-0.09880138854,74.34586135,10000,0,0,1,1.0,geant4_laue_bfull_focal_primary_or_transmitted,gamma,22,1,0
713,511,-4.684867403,74.07406682,10000,0,0,1,1.0,geant4_laue_bfull_focal_primary_or_transmitted,gamma,22,1,0
714,511,-7.914944869,73.17667246,10000,0,0,1,1.0,geant4_laue_bfull_focal_primary_or_transmitted,gamma,22,1,0
717,511,-15.31348824,72.80019723,10000,0,0,1,1.0,geant4_laue_bfull_focal_primary_or_transmitted,gamma,22,1,0
718,511,-16.47560833,72.88424668,10000,0,0,1,1.0,geant4_laue_bfull_focal_primary_or_transmitted,gamma,22,1,0
719,511,-19.66920348,71.48016974,10000,0,0,1,1.0,geant4_laue_bfull_focal_primary_or_transmitted,gamma,22,1,0
722,511,-25.1766124,68.91541817,10000,0,0,1,1.0,geant4_laue_bfull_focal_primary_or_transmitted,gamma,22,1,0
723,511,-27.91321947,68.58902875,10000,0,0,1,1.0,geant4_laue_bfull_focal_primary_or_transmitted,gamma,22,1,0
728,511,-38.23347332,63.14791293,10000,0,0,1,1.0,geant4_laue_bfull_focal_primary_or_transmitted,gamma,22,1,0
732,511,-45.56313873,58.4519677,10000,0,0,1,1.0,geant4_laue_bfull_focal_primary_or_transmitted,gamma,22,1,0
735,511,-51.67882853,54.63757976,10000,0,0,1,1.0,geant4_laue_bfull_focal_primary_or_transmitted,gamma,22,1,0
736,511,-53.46834032,52.364785,10000,0,0,1,1.0,geant4_laue_bfull_focal_primary_or_transmitted,gamma,22,1,0
738,511,-55.27201114,48.27439128,10000,0,0,1,1.0,geant4_laue_bfull_focal_primary_or_transmitted,gamma,22,1,0
740,511,-59.35106757,45.36470564,10000,0,0,1,1.0,geant4_laue_bfull_focal_primary_or_transmitted,gamma,22,1,0
746,511,-66.97456803,34.3781797,10000,0,0,1,1.0,geant4_laue_bfull_focal_primary_or_transmitted,gamma,22,1,0
751,511,-71.18243199,21.93104891,10000,0,0,1,1.0,geant4_laue_bfull_focal_primary_or_transmitted,gamma,22,1,0
753,511,-71.96224349,19.18013883,10000,0,0,1,1.0,geant4_laue_bfull_focal_primary_or_transmitted,gamma,22,1,0
755,511,-74.06585267,14.27814841,10000,0,0,1,1.0,geant4_laue_bfull_focal_primary_or_transmitted,gamma,22,1,0
757,511,-73.53283815,8.54639856,10000,0,0,1,1.0,geant4_laue_bfull_focal_primary_or_transmitted,gamma,22,1,0
763,511,-73.7793974,-4.577526213,10000,0,0,1,1.0,geant4_laue_bfull_focal_primary_or_transmitted,gamma,22,1,0
764,511,-73.74667365,-7.747457708,10000,0,0,1,1.0,geant4_laue_bfull_focal_primary_or_transmitted,gamma,22,1,0
768,511,-72.32742465,-15.0788446,10000,0,0,1,1.0,geant4_laue_bfull_focal_primary_or_transmitted,gamma,22,1,0
774,511,-67.95729695,-28.84686216,10000,0,0,1,1.0,geant4_laue_bfull_focal_primary_or_transmitted,gamma,22,1,0
775,511,-67.2780173,-31.03959018,10000,0,0,1,1.0,geant4_laue_bfull_focal_primary_or_transmitted,gamma,22,1,0
777,511,-66.36031656,-35.15721414,10000,0,0,1,1.0,geant4_laue_bfull_focal_primary_or_transmitted,gamma,22,1,0
779,511,-61.89625713,-39.75480545,10000,0,0,1,1.0,geant4_laue_bfull_focal_primary_or_transmitted,gamma,22,1,0
780,511,-61.37036119,-42.16195171,10000,0,0,1,1.0,geant4_laue_bfull_focal_primary_or_transmitted,gamma,22,1,0
782,511,-58.60492234,-44.21683468,10000,0,0,1,1.0,geant4_laue_bfull_focal_primary_or_transmitted,gamma,22,1,0
789,511,-47.6505215,-56.67789329,10000,0,0,1,1.0,geant4_laue_bfull_focal_primary_or_transmitted,gamma,22,1,0
790,511,-46.86281713,-58.95648609,10000,0,0,1,1.0,geant4_laue_bfull_focal_primary_or_transmitted,gamma,22,1,0
791,511,-45.29697845,-59.1554603,10000,0,0,1,1.0,geant4_laue_bfull_focal_primary_or_transmitted,gamma,22,1,0
792,511,-42.49397907,-61.63435118,10000,0,0,1,1.0,geant4_laue_bfull_focal_primary_or_transmitted,gamma,22,1,0
794,511,-37.54574075,-63.60317905,10000,0,0,1,1.0,geant4_laue_bfull_focal_primary_or_transmitted,gamma,22,1,0
806,511,-13.6189337,-72.97098364,10000,0,0,1,1.0,geant4_laue_bfull_focal_primary_or_transmitted,gamma,22,1,0
808,511,-7.453132278,-73.51731556,10000,0,0,1,1.0,geant4_laue_bfull_focal_primary_or_transmitted,gamma,22,1,0
812,511,0.9204463055,-74.55527527,10000,0,0,1,1.0,geant4_laue_bfull_focal_primary_or_transmitted,gamma,22,1,0
815,511,7.389688333,-73.87639989,10000,0,0,1,1.0,geant4_laue_bfull_focal_primary_or_transmitted,gamma,22,1,0
817,511,12.33062786,-74.07741052,10000,0,0,1,1.0,geant4_laue_bfull_focal_primary_or_transmitted,gamma,22,1,0
818,511,15.095121,-72.22350743,10000,0,0,1,1.0,geant4_laue_bfull_focal_primary_or_transmitted,gamma,22,1,0
819,511,17.52447593,-72.03138635,10000,0,0,1,1.0,geant4_laue_bfull_focal_primary_or_transmitted,gamma,22,1,0
822,511,23.94221539,-70.26685614,10000,0,0,1,1.0,geant4_laue_bfull_focal_primary_or_transmitted,gamma,22,1,0
824,511,28.43219917,-68.41141082,10000,0,0,1,1.0,geant4_laue_bfull_focal_primary_or_transmitted,gamma,22,1,0
826,511,31.75080689,-66.48809299,10000,0,0,1,1.0,geant4_laue_bfull_focal_primary_or_transmitted,gamma,22,1,0
828,511,36.1554186,-65.73591247,10000,0,0,1,1.0,geant4_laue_bfull_focal_primary_or_transmitted,gamma,22,1,0
829,511,38.97220828,-62.75261459,10000,0,0,1,1.0,geant4_laue_bfull_focal_primary_or_transmitted,gamma,22,1,0
832,511,44.11132335,-59.72128194,10000,0,0,1,1.0,geant4_laue_bfull_focal_primary_or_transmitted,gamma,22,1,0
835,511,49.40728538,-54.99458204,10000,0,0,1,1.0,geant4_laue_bfull_focal_primary_or_transmitted,gamma,22,1,0
836,511,50.80757685,-54.58299129,10000,0,0,1,1.0,geant4_laue_bfull_focal_primary_or_transmitted,gamma,22,1,0
839,511,55.21828261,-48.72624459,10000,0,0,1,1.0,geant4_laue_bfull_focal_primary_or_transmitted,gamma,22,1,0
848,511,67.38820838,-30.29569832,10000,0,0,1,1.0,geant4_laue_bfull_focal_primary_or_transmitted,gamma,22,1,0
853,511,72.18520872,-21.54666031,10000,0,0,1,1.0,geant4_laue_bfull_focal_primary_or_transmitted,gamma,22,1,0
854,511,72.85829809,-17.5224995,10000,0,0,1,1.0,geant4_laue_bfull_focal_primary_or_transmitted,gamma,22,1,0
857,511,73.63955205,-11.65974641,10000,0,0,1,1.0,geant4_laue_bfull_focal_primary_or_transmitted,gamma,22,1,0
863,531,70.49123055,1.360934534,10000,0,0,1,1.0,geant4_laue_bfull_focal_primary_or_transmitted,gamma,22,1,0
870,531,69.45614751,18.49707485,10000,0,0,1,1.0,geant4_laue_bfull_focal_primary_or_transmitted,gamma,22,1,0
872,531,68.27913031,23.60364047,10000,0,0,1,1.0,geant4_laue_bfull_focal_primary_or_transmitted,gamma,22,1,0
875,531,65.04530388,28.446591,10000,0,0,1,1.0,geant4_laue_bfull_focal_primary_or_transmitted,gamma,22,1,0
877,531,63.86798351,33.2446622,10000,0,0,1,1.0,geant4_laue_bfull_focal_primary_or_transmitted,gamma,22,1,0
878,531,62.44726486,35.26883272,10000,0,0,1,1.0,geant4_laue_bfull_focal_primary_or_transmitted,gamma,22,1,0
879,531,60.42015039,38.07123308,10000,0,0,1,1.0,geant4_laue_bfull_focal_primary_or_transmitted,gamma,22,1,0
880,531,59.81475626,38.44405772,10000,0,0,1,1.0,geant4_laue_bfull_focal_primary_or_transmitted,gamma,22,1,0
885,531,52.39346269,49.22483467,10000,0,0,1,1.0,geant4_laue_bfull_focal_primary_or_transmitted,gamma,22,1,0
886,531,50.80825729,50.36950637,10000,0,0,1,1.0,geant4_laue_bfull_focal_primary_or_transmitted,gamma,22,1,0
888,531,47.89964951,54.01671029,10000,0,0,1,1.0,geant4_laue_bfull_focal_primary_or_transmitted,gamma,22,1,0
891,531,42.23615531,58.58787458,10000,0,0,1,1.0,geant4_laue_bfull_focal_primary_or_transmitted,gamma,22,1,0
894,531,36.53012624,61.64391745,10000,0,0,1,1.0,geant4_laue_bfull_focal_primary_or_transmitted,gamma,22,1,0
895,531,34.21423369,63.17751112,10000,0,0,1,1.0,geant4_laue_bfull_focal_primary_or_transmitted,gamma,22,1,0
896,531,32.46555719,64.19505458,10000,0,0,1,1.0,geant4_laue_bfull_focal_primary_or_transmitted,gamma,22,1,0
903,531,18.75348371,70.15418563,10000,0,0,1,1.0,geant4_laue_bfull_focal_primary_or_transmitted,gamma,22,1,0
904,531,16.30567605,70.32709624,10000,0,0,1,1.0,geant4_laue_bfull_focal_primary_or_transmitted,gamma,22,1,0
905,531,14.13080058,69.61952747,10000,0,0,1,1.0,geant4_laue_bfull_focal_primary_or_transmitted,gamma,22,1,0
906,531,11.17396397,70.58338951,10000,0,0,1,1.0,geant4_laue_bfull_focal_primary_or_transmitted,gamma,22,1,0
907,531,9.036582228,70.89624959,10000,0,0,1,1.0,geant4_laue_bfull_focal_primary_or_transmitted,gamma,22,1,0
910,531,1.81790838,72.26650583,10000,0,0,1,1.0,geant4_laue_bfull_focal_primary_or_transmitted,gamma,22,1,0
911,531,-0.08719148593,70.85880369,10000,0,0,1,1.0,geant4_laue_bfull_focal_primary_or_transmitted,gamma,22,1,0
914,531,-7.200682218,70.40550407,10000,0,0,1,1.0,geant4_laue_bfull_focal_primary_or_transmitted,gamma,22,1,0
917,531,-15.18500797,70.84069068,10000,0,0,1,1.0,geant4_laue_bfull_focal_primary_or_transmitted,gamma,22,1,0
918,531,-16.60084,68.94808033,10000,0,0,1,1.0,geant4_laue_bfull_focal_primary_or_transmitted,gamma,22,1,0
920,531,-20.86114387,68.80599684,10000,0,0,1,1.0,geant4_laue_bfull_focal_primary_or_transmitted,gamma,22,1,0
923,531,-27.42248766,66.05270839,10000,0,0,1,1.0,geant4_laue_bfull_focal_primary_or_transmitted,gamma,22,1,0
924,531,-29.07798925,63.98808572,10000,0,0,1,1.0,geant4_laue_bfull_focal_primary_or_transmitted,gamma,22,1,0
925,531,-31.31906348,64.25426438,10000,0,0,1,1.0,geant4_laue_bfull_focal_primary_or_transmitted,gamma,22,1,0
927,531,-36.27276025,61.40325613,10000,0,0,1,1.0,geant4_laue_bfull_focal_primary_or_transmitted,gamma,22,1,0
930,531,-41.27238858,58.9833869,10000,0,0,1,1.0,geant4_laue_bfull_focal_primary_or_transmitted,gamma,22,1,0
935,531,-49.55678031,49.71732378,10000,0,0,1,1.0,geant4_laue_bfull_focal_primary_or_transmitted,gamma,22,1,0
939,531,-55.83893123,43.61438391,10000,0,0,1,1.0,geant4_laue_bfull_focal_primary_or_transmitted,gamma,22,1,0
941,531,-59.24194823,39.71147568,10000,0,0,1,1.0,geant4_laue_bfull_focal_primary_or_transmitted,gamma,22,1,0
942,531,-59.76102659,37.21869225,10000,0,0,1,1.0,geant4_laue_bfull_focal_primary_or_transmitted,gamma,22,1,0
946,531,-64.51042105,30.94025053,10000,0,0,1,1.0,geant4_laue_bfull_focal_primary_or_transmitted,gamma,22,1,0
952,531,-69.53543654,16.16221478,10000,0,0,1,1.0,geant4_laue_bfull_focal_primary_or_transmitted,gamma,22,1,0
959,531,-72.20963447,1.340866201,10000,0,0,1,1.0,geant4_laue_bfull_focal_primary_or_transmitted,gamma,22,1,0
961,531,-70.39067431,-3.176856243,10000,0,0,1,1.0,geant4_laue_bfull_focal_primary_or_transmitted,gamma,22,1,0
969,531,-68.70995711,-20.93132457,10000,0,0,1,1.0,geant4_laue_bfull_focal_primary_or_transmitted,gamma,22,1,0
972,531,-66.53782511,-28.08031202,10000,0,0,1,1.0,geant4_laue_bfull_focal_primary_or_transmitted,gamma,22,1,0
973,531,-65.29419993,-30.16891717,10000,0,0,1,1.0,geant4_laue_bfull_focal_primary_or_transmitted,gamma,22,1,0
976,531,-61.27573544,-36.75097456,10000,0,0,1,1.0,geant4_laue_bfull_focal_primary_or_transmitted,gamma,22,1,0
977,531,-61.3616766,-38.37870882,10000,0,0,1,1.0,geant4_laue_bfull_focal_primary_or_transmitted,gamma,22,1,0
980,531,-57.12845297,-44.16462374,10000,0,0,1,1.0,geant4_laue_bfull_focal_primary_or_transmitted,gamma,22,1,0
981,531,-55.72835114,-45.38164721,10000,0,0,1,1.0,geant4_laue_bfull_focal_primary_or_transmitted,gamma,22,1,0
983,531,-51.26639907,-49.48008913,10000,0,0,1,1.0,geant4_laue_bfull_focal_primary_or_transmitted,gamma,22,1,0
985,531,-47.73698176,-51.63258342,10000,0,0,1,1.0,geant4_laue_bfull_focal_primary_or_transmitted,gamma,22,1,0
987,531,-46.07102742,-55.53533751,10000,0,0,1,1.0,geant4_laue_bfull_focal_primary_or_transmitted,gamma,22,1,0
988,531,-44.26758247,-57.2914513,10000,0,0,1,1.0,geant4_laue_bfull_focal_primary_or_transmitted,gamma,22,1,0
990,531,-40.01350058,-59.51487803,10000,0,0,1,1.0,geant4_laue_bfull_focal_primary_or_transmitted,gamma,22,1,0
992,531,-36.74641432,-62.33908772,10000,0,0,1,1.0,geant4_laue_bfull_focal_primary_or_transmitted,gamma,22,1,0
995,531,-28.5331296,-65.95445378,10000,0,0,1,1.0,geant4_laue_bfull_focal_primary_or_transmitted,gamma,22,1,0
997,531,-25.9208008,-67.52229495,10000,0,0,1,1.0,geant4_laue_bfull_focal_primary_or_transmitted,gamma,22,1,0
998,531,-22.56429824,-67.88456114,10000,0,0,1,1.0,geant4_laue_bfull_focal_primary_or_transmitted,gamma,22,1,0
999,531,-21.34073592,-69.07807285,10000,0,0,1,1.0,geant4_laue_bfull_focal_primary_or_transmitted,gamma,22,1,0
1000,531,-18.46456332,-68.05214895,10000,0,0,1,1.0,geant4_laue_bfull_focal_primary_or_transmitted,gamma,22,1,0
1003,531,-11.96547742,-70.79835288,10000,0,0,1,1.0,geant4_laue_bfull_focal_primary_or_transmitted,gamma,22,1,0
1005,531,-6.541533965,-71.70333803,10000,0,0,1,1.0,geant4_laue_bfull_focal_primary_or_transmitted,gamma,22,1,0
1008,531,0.4285881316,-70.51894101,10000,0,0,1,1.0,geant4_laue_bfull_focal_primary_or_transmitted,gamma,22,1,0
1010,531,4.645601112,-71.15185086,10000,0,0,1,1.0,geant4_laue_bfull_focal_primary_or_transmitted,gamma,22,1,0
1012,531,9.39880452,-71.95916385,10000,0,0,1,1.0,geant4_laue_bfull_focal_primary_or_transmitted,gamma,22,1,0
1013,531,11.4016179,-69.90720348,10000,0,0,1,1.0,geant4_laue_bfull_focal_primary_or_transmitted,gamma,22,1,0
1014,531,12.88799429,-69.43578498,10000,0,0,1,1.0,geant4_laue_bfull_focal_primary_or_transmitted,gamma,22,1,0
1015,531,15.20951013,-68.99052267,10000,0,0,1,1.0,geant4_laue_bfull_focal_primary_or_transmitted,gamma,22,1,0
1018,531,21.48099173,-67.23457428,10000,0,0,1,1.0,geant4_laue_bfull_focal_primary_or_transmitted,gamma,22,1,0
1019,531,24.95609298,-66.49347002,10000,0,0,1,1.0,geant4_laue_bfull_focal_primary_or_transmitted,gamma,22,1,0
1020,531,25.36177864,-65.47549199,10000,0,0,1,1.0,geant4_laue_bfull_focal_primary_or_transmitted,gamma,22,1,0
1022,531,31.13356163,-64.62462505,10000,0,0,1,1.0,geant4_laue_bfull_focal_primary_or_transmitted,gamma,22,1,0
1026,531,38.17475574,-59.35615443,10000,0,0,1,1.0,geant4_laue_bfull_focal_primary_or_transmitted,gamma,22,1,0
1030,531,45.91165216,-54.81356692,10000,0,0,1,1.0,geant4_laue_bfull_focal_primary_or_transmitted,gamma,22,1,0
1032,531,49.31088101,-50.56064154,10000,0,0,1,1.0,geant4_laue_bfull_focal_primary_or_transmitted,gamma,22,1,0
1033,531,51.45069543,-49.43510239,10000,0,0,1,1.0,geant4_laue_bfull_focal_primary_or_transmitted,gamma,22,1,0
1035,531,54.50799743,-46.35253059,10000,0,0,1,1.0,geant4_laue_bfull_focal_primary_or_transmitted,gamma,22,1,0
1039,531,58.98464152,-38.1535109,10000,0,0,1,1.0,geant4_laue_bfull_focal_primary_or_transmitted,gamma,22,1,0
1040,531,59.9646475,-36.50388222,10000,0,0,1,1.0,geant4_laue_bfull_focal_primary_or_transmitted,gamma,22,1,0
1043,531,63.68492446,-31.86543044,10000,0,0,1,1.0,geant4_laue_bfull_focal_primary_or_transmitted,gamma,22,1,0
1044,531,65.28739078,-28.57207094,10000,0,0,1,1.0,geant4_laue_bfull_focal_primary_or_transmitted,gamma,22,1,0
1047,531,67.55571633,-22.3758717,10000,0,0,1,1.0,geant4_laue_bfull_focal_primary_or_transmitted,gamma,22,1,0
1049,531,69.6472046,-17.50895666,10000,0,0,1,1.0,geant4_laue_bfull_focal_primary_or_transmitted,gamma,22,1,0
1050,531,70.70869354,-15.65823008,10000,0,0,1,1.0,geant4_laue_bfull_focal_primary_or_transmitted,gamma,22,1,0
1051,531,70.22922436,-14.40118907,10000,0,0,1,1.0,geant4_laue_bfull_focal_primary_or_transmitted,gamma,22,1,0
1053,531,70.55247182,-9.595888047,10000,0,0,1,1.0,geant4_laue_bfull_focal_primary_or_transmitted,gamma,22,1,0
1056,531,71.42449539,-1.450637392,10000,0,0,1,1.0,geant4_laue_bfull_focal_primary_or_transmitted,gamma,22,1,0
1058,551,69.4216837,1.248215412,10000,0,0,1,1.0,geant4_laue_bfull_focal_primary_or_transmitted,gamma,22,1,0
1063,551,67.29708628,12.85370056,10000,0,0,1,1.0,geant4_laue_bfull_focal_primary_or_transmitted,gamma,22,1,0
1066,551,65.7937357,19.93033258,10000,0,0,1,1.0,geant4_laue_bfull_focal_primary_or_transmitted,gamma,22,1,0
1068,551,64.64434723,25.62188395,10000,0,0,1,1.0,geant4_laue_bfull_focal_primary_or_transmitted,gamma,22,1,0
1069,551,63.81310112,27.89529607,10000,0,0,1,1.0,geant4_laue_bfull_focal_primary_or_transmitted,gamma,22,1,0
1071,551,61.69673549,31.26062877,10000,0,0,1,1.0,geant4_laue_bfull_focal_primary_or_transmitted,gamma,22,1,0
1075,551,55.92352846,39.39001875,10000,0,0,1,1.0,geant4_laue_bfull_focal_primary_or_transmitted,gamma,22,1,0
1079,551,51.11414103,46.93312377,10000,0,0,1,1.0,geant4_laue_bfull_focal_primary_or_transmitted,gamma,22,1,0
1084,551,43.13284958,53.25932039,10000,0,0,1,1.0,geant4_laue_bfull_focal_primary_or_transmitted,gamma,22,1,0
1085,551,40.47155789,54.71336097,10000,0,0,1,1.0,geant4_laue_bfull_focal_primary_or_transmitted,gamma,22,1,0
1087,551,36.94926294,58.99796825,10000,0,0,1,1.0,geant4_laue_bfull_focal_primary_or_transmitted,gamma,22,1,0
1089,551,32.53234175,60.01729495,10000,0,0,1,1.0,geant4_laue_bfull_focal_primary_or_transmitted,gamma,22,1,0
1091,551,29.90937382,63.05248084,10000,0,0,1,1.0,geant4_laue_bfull_focal_primary_or_transmitted,gamma,22,1,0
1099,551,10.38825047,68.22695845,10000,0,0,1,1.0,geant4_laue_bfull_focal_primary_or_transmitted,gamma,22,1,0
1100,551,9.740712606,67.87989291,10000,0,0,1,1.0,geant4_laue_bfull_focal_primary_or_transmitted,gamma,22,1,0
1101,551,6.232939275,69.32291012,10000,0,0,1,1.0,geant4_laue_bfull_focal_primary_or_transmitted,gamma,22,1,0
1102,551,4.330236801,69.52931871,10000,0,0,1,1.0,geant4_laue_bfull_focal_primary_or_transmitted,gamma,22,1,0
1107,551,-7.642050051,69.54910612,10000,0,0,1,1.0,geant4_laue_bfull_focal_primary_or_transmitted,gamma,22,1,0
1108,551,18.3571949,35.65611354,10000,0.002788685818,-0.003295683986,0.9999906808,1.0,geant4_laue_bfull_focal_primary_or_transmitted,gamma,22,1,0
1109,551,-11.62928847,67.72157173,10000,0,0,1,1.0,geant4_laue_bfull_focal_primary_or_transmitted,gamma,22,1,0
1110,551,-13.7077681,68.39892684,10000,0,0,1,1.0,geant4_laue_bfull_focal_primary_or_transmitted,gamma,22,1,0
1111,551,-14.88587446,67.6777169,10000,0,0,1,1.0,geant4_laue_bfull_focal_primary_or_transmitted,gamma,22,1,0
1113,551,-19.60770949,64.75173991,10000,0,0,1,1.0,geant4_laue_bfull_focal_primary_or_transmitted,gamma,22,1,0
1117,551,-28.98007675,62.82610251,10000,0,0,1,1.0,geant4_laue_bfull_focal_primary_or_transmitted,gamma,22,1,0
1122,551,-39.06407079,55.81062117,10000,0,0,1,1.0,geant4_laue_bfull_focal_primary_or_transmitted,gamma,22,1,0
1124,551,-42.74082253,54.5035172,10000,0,0,1,1.0,geant4_laue_bfull_focal_primary_or_transmitted,gamma,22,1,0
1125,551,-44.40841645,51.66656459,10000,0,0,1,1.0,geant4_laue_bfull_focal_primary_or_transmitted,gamma,22,1,0
1128,551,-50.5754802,48.74284206,10000,0,0,1,1.0,geant4_laue_bfull_focal_primary_or_transmitted,gamma,22,1,0
1129,551,-51.25756293,46.19908258,10000,0,0,1,1.0,geant4_laue_bfull_focal_primary_or_transmitted,gamma,22,1,0
1130,551,-52.83574504,44.49810014,10000,0,0,1,1.0,geant4_laue_bfull_focal_primary_or_transmitted,gamma,22,1,0
1131,551,-53.36077954,41.80300233,10000,0,0,1,1.0,geant4_laue_bfull_focal_primary_or_transmitted,gamma,22,1,0
1132,551,-54.47906201,40.98745958,10000,0,0,1,1.0,geant4_laue_bfull_focal_primary_or_transmitted,gamma,22,1,0
1133,551,-55.96462613,39.25083746,10000,0,0,1,1.0,geant4_laue_bfull_focal_primary_or_transmitted,gamma,22,1,0
1135,551,-58.49700962,35.16584433,10000,0,0,1,1.0,geant4_laue_bfull_focal_primary_or_transmitted,gamma,22,1,0
1136,551,-60.36380412,33.13557623,10000,0,0,1,1.0,geant4_laue_bfull_focal_primary_or_transmitted,gamma,22,1,0
1137,551,-61.93650369,31.95379749,10000,0,0,1,1.0,geant4_laue_bfull_focal_primary_or_transmitted,gamma,22,1,0
1139,551,-64.21863747,25.98893985,10000,0,0,1,1.0,geant4_laue_bfull_focal_primary_or_transmitted,gamma,22,1,0
1140,551,-63.20055637,25.60333753,10000,0,0,1,1.0,geant4_laue_bfull_focal_primary_or_transmitted,gamma,22,1,0
1142,551,-66.66509996,21.3430067,10000,0,0,1,1.0,geant4_laue_bfull_focal_primary_or_transmitted,gamma,22,1,0
1144,551,-67.49089733,15.35914804,10000,0,0,1,1.0,geant4_laue_bfull_focal_primary_or_transmitted,gamma,22,1,0
1145,551,-68.06511564,13.49221459,10000,0,0,1,1.0,geant4_laue_bfull_focal_primary_or_transmitted,gamma,22,1,0
1147,551,-67.39187211,8.266426982,10000,0,0,1,1.0,geant4_laue_bfull_focal_primary_or_transmitted,gamma,22,1,0
1148,551,-68.46558113,6.885183032,10000,0,0,1,1.0,geant4_laue_bfull_focal_primary_or_transmitted,gamma,22,1,0
1152,551,-69.5764341,-1.91638252,10000,0,0,1,1.0,geant4_laue_bfull_focal_primary_or_transmitted,gamma,22,1,0
1153,551,-68.70848734,-4.732323216,10000,0,0,1,1.0,geant4_laue_bfull_focal_primary_or_transmitted,gamma,22,1,0
1154,551,-68.90141945,-6.994950892,10000,0,0,1,1.0,geant4_laue_bfull_focal_primary_or_transmitted,gamma,22,1,0
1158,551,-67.26295476,-15.17699756,10000,0,0,1,1.0,geant4_laue_bfull_focal_primary_or_transmitted,gamma,22,1,0
1160,551,-66.35479303,-21.10160887,10000,0,0,1,1.0,geant4_laue_bfull_focal_primary_or_transmitted,gamma,22,1,0
1161,551,-64.25748903,-21.94080488,10000,0,0,1,1.0,geant4_laue_bfull_focal_primary_or_transmitted,gamma,22,1,0
1163,551,-62.47838589,-26.55787206,10000,0,0,1,1.0,geant4_laue_bfull_focal_primary_or_transmitted,gamma,22,1,0
1168,551,-58.86139866,-37.47056556,10000,0,0,1,1.0,geant4_laue_bfull_focal_primary_or_transmitted,gamma,22,1,0
1169,551,-57.26773455,-37.93005339,10000,0,0,1,1.0,geant4_laue_bfull_focal_primary_or_transmitted,gamma,22,1,0
1170,551,-55.69006464,-41.92446654,10000,0,0,1,1.0,geant4_laue_bfull_focal_primary_or_transmitted,gamma,22,1,0
1173,551,-51.93643526,-46.86799619,10000,0,0,1,1.0,geant4_laue_bfull_focal_primary_or_transmitted,gamma,22,1,0
1174,551,-48.7633075,-47.37418981,10000,0,0,1,1.0,geant4_laue_bfull_focal_primary_or_transmitted,gamma,22,1,0
1176,551,-46.35556391,-52.07106369,10000,0,0,1,1.0,geant4_laue_bfull_focal_primary_or_transmitted,gamma,22,1,0
1177,551,-43.75818463,-51.6696602,10000,0,0,1,1.0,geant4_laue_bfull_focal_primary_or_transmitted,gamma,22,1,0
1183,551,-32.19132826,-60.37370764,10000,0,0,1,1.0,geant4_laue_bfull_focal_primary_or_transmitted,gamma,22,1,0
1184,551,-31.42880323,-61.84706025,10000,0,0,1,1.0,geant4_laue_bfull_focal_primary_or_transmitted,gamma,22,1,0
1186,551,-26.9093649,-62.52923285,10000,0,0,1,1.0,geant4_laue_bfull_focal_primary_or_transmitted,gamma,22,1,0
1187,551,-25.07956645,-64.04908681,10000,0,0,1,1.0,geant4_laue_bfull_focal_primary_or_transmitted,gamma,22,1,0
1194,551,-9.454382333,-67.66823902,10000,0,0,1,1.0,geant4_laue_bfull_focal_primary_or_transmitted,gamma,22,1,0
1197,551,-3.200260488,-68.51988395,10000,0,0,1,1.0,geant4_laue_bfull_focal_primary_or_transmitted,gamma,22,1,0
1201,551,6.063795683,-67.98165725,10000,0,0,1,1.0,geant4_laue_bfull_focal_primary_or_transmitted,gamma,22,1,0
1202,551,8.391367441,-68.00657467,10000,0,0,1,1.0,geant4_laue_bfull_focal_primary_or_transmitted,gamma,22,1,0
1204,551,13.16413374,-66.87095054,10000,0,0,1,1.0,geant4_laue_bfull_focal_primary_or_transmitted,gamma,22,1,0
1206,551,17.44154584,-66.25253667,10000,0,0,1,1.0,geant4_laue_bfull_focal_primary_or_transmitted,gamma,22,1,0
1208,551,23.57916326,-65.06906786,10000,0,0,1,1.0,geant4_laue_bfull_focal_primary_or_transmitted,gamma,22,1,0
1212,551,30.90044707,-60.92999428,10000,0,0,1,1.0,geant4_laue_bfull_focal_primary_or_transmitted,gamma,22,1,0
1213,551,33.9351253,-59.42457234,10000,0,0,1,1.0,geant4_laue_bfull_focal_primary_or_transmitted,gamma,22,1,0
1216,551,39.64544282,-57.35621478,10000,0,0,1,1.0,geant4_laue_bfull_focal_primary_or_transmitted,gamma,22,1,0
1218,551,41.67518156,-53.62669115,10000,0,0,1,1.0,geant4_laue_bfull_focal_primary_or_transmitted,gamma,22,1,0
1220,551,47.24834905,-50.78486852,10000,0,0,1,1.0,geant4_laue_bfull_focal_primary_or_transmitted,gamma,22,1,0
1222,551,49.32805638,-48.26851402,10000,0,0,1,1.0,geant4_laue_bfull_focal_primary_or_transmitted,gamma,22,1,0
1225,551,54.45156941,-43.28488959,10000,0,0,1,1.0,geant4_laue_bfull_focal_primary_or_transmitted,gamma,22,1,0
1228,551,58.1444285,-36.4913925,10000,0,0,1,1.0,geant4_laue_bfull_focal_primary_or_transmitted,gamma,22,1,0
1230,551,61.11895158,-32.97840761,10000,0,0,1,1.0,geant4_laue_bfull_focal_primary_or_transmitted,gamma,22,1,0
1232,551,61.4048057,-28.24319581,10000,0,0,1,1.0,geant4_laue_bfull_focal_primary_or_transmitted,gamma,22,1,0
1234,551,63.99909974,-25.28799581,10000,0,0,1,1.0,geant4_laue_bfull_focal_primary_or_transmitted,gamma,22,1,0
1240,551,67.03407339,-12.46864112,10000,0,0,1,1.0,geant4_laue_bfull_focal_primary_or_transmitted,gamma,22,1,0
1243,551,68.636985,-4.20417574,10000,0,0,1,1.0,geant4_laue_bfull_focal_primary_or_transmitted,gamma,22,1,0
1244,551,68.94764137,-2.44368546,10000,0,0,1,1.0,geant4_laue_bfull_focal_primary_or_transmitted,gamma,22,1,0
1245,451,83.81011598,-0.8991556469,10000,0,0,1,1.0,geant4_laue_bfull_focal_primary_or_transmitted,gamma,22,1,0
1246,451,83.7251143,2.328535276,10000,0,0,1,1.0,geant4_laue_bfull_focal_primary_or_transmitted,gamma,22,1,0
1249,451,83.87877405,9.540246557,10000,0,0,1,1.0,geant4_laue_bfull_focal_primary_or_transmitted,gamma,22,1,0
1252,451,82.06123299,15.90873652,10000,0,0,1,1.0,geant4_laue_bfull_focal_primary_or_transmitted,gamma,22,1,0
1253,451,82.60774459,18.66411277,10000,0,0,1,1.0,geant4_laue_bfull_focal_primary_or_transmitted,gamma,22,1,0
1254,451,82.1591833,21.47077899,10000,0,0,1,1.0,geant4_laue_bfull_focal_primary_or_transmitted,gamma,22,1,0
1255,451,82.08043035,21.78936082,10000,0,0,1,1.0,geant4_laue_bfull_focal_primary_or_transmitted,gamma,22,1,0
1256,451,80.35694281,25.20026617,10000,0,0,1,1.0,geant4_laue_bfull_focal_primary_or_transmitted,gamma,22,1,0
1257,451,80.55274965,28.29094451,10000,0,0,1,1.0,geant4_laue_bfull_focal_primary_or_transmitted,gamma,22,1,0
1259,451,78.86480233,31.91724927,10000,0,0,1,1.0,geant4_laue_bfull_focal_primary_or_transmitted,gamma,22,1,0
1261,451,75.87106353,36.02538675,10000,0,0,1,1.0,geant4_laue_bfull_focal_primary_or_transmitted,gamma,22,1,0
1264,451,71.98693987,41.25221938,10000,0,0,1,1.0,geant4_laue_bfull_focal_primary_or_transmitted,gamma,22,1,0
1266,451,69.88997729,45.39986223,10000,0,0,1,1.0,geant4_laue_bfull_focal_primary_or_transmitted,gamma,22,1,0
1269,451,65.589118,51.65654333,10000,0,0,1,1.0,geant4_laue_bfull_focal_primary_or_transmitted,gamma,22,1,0
1270,451,65.28796453,54.09900769,10000,0,0,1,1.0,geant4_laue_bfull_focal_primary_or_transmitted,gamma,22,1,0
1272,451,62.30500878,57.0885388,10000,0,0,1,1.0,geant4_laue_bfull_focal_primary_or_transmitted,gamma,22,1,0
1273,451,59.6320732,57.58363401,10000,0,0,1,1.0,geant4_laue_bfull_focal_primary_or_transmitted,gamma,22,1,0
1274,451,57.98565929,59.0428407,10000,0,0,1,1.0,geant4_laue_bfull_focal_primary_or_transmitted,gamma,22,1,0
1277,451,53.63618286,65.36734916,10000,0,0,1,1.0,geant4_laue_bfull_focal_primary_or_transmitted,gamma,22,1,0
1279,451,49.75410756,68.08106947,10000,0,0,1,1.0,geant4_laue_bfull_focal_primary_or_transmitted,gamma,22,1,0
1280,451,49.2132955,68.26591635,10000,0,0,1,1.0,geant4_laue_bfull_focal_primary_or_transmitted,gamma,22,1,0
1282,451,44.52909402,71.15460076,10000,0,0,1,1.0,geant4_laue_bfull_focal_primary_or_transmitted,gamma,22,1,0
1285,451,37.62125956,75.90986044,10000,0,0,1,1.0,geant4_laue_bfull_focal_primary_or_transmitted,gamma,22,1,0
1286,451,35.99612792,75.95688259,10000,0,0,1,1.0,geant4_laue_bfull_focal_primary_or_transmitted,gamma,22,1,0
1288,451,32.03300677,78.33208504,10000,0,0,1,1.0,geant4_laue_bfull_focal_primary_or_transmitted,gamma,22,1,0
1289,451,28.96142221,79.48199662,10000,0,0,1,1.0,geant4_laue_bfull_focal_primary_or_transmitted,gamma,22,1,0
1293,451,21.13529276,81.86213867,10000,0,0,1,1.0,geant4_laue_bfull_focal_primary_or_transmitted,gamma,22,1,0
1294,451,19.53212022,82.70890055,10000,0,0,1,1.0,geant4_laue_bfull_focal_primary_or_transmitted,gamma,22,1,0
1295,451,15.79005791,82.02919743,10000,0,0,1,1.0,geant4_laue_bfull_focal_primary_or_transmitted,gamma,22,1,0
1297,451,11.75812465,83.61924918,10000,0,0,1,1.0,geant4_laue_bfull_focal_primary_or_transmitted,gamma,22,1,0
1306,451,-8.674729467,84.35665424,10000,0,0,1,1.0,geant4_laue_bfull_focal_primary_or_transmitted,gamma,22,1,0
1309,451,-16.07515871,82.60405817,10000,0,0,1,1.0,geant4_laue_bfull_focal_primary_or_transmitted,gamma,22,1,0
1312,451,-22.09679367,80.11067768,10000,0,0,1,1.0,geant4_laue_bfull_focal_primary_or_transmitted,gamma,22,1,0
1313,451,-23.73344383,80.12161429,10000,0,0,1,1.0,geant4_laue_bfull_focal_primary_or_transmitted,gamma,22,1,0
1314,451,-26.50086915,79.66725532,10000,0,0,1,1.0,geant4_laue_bfull_focal_primary_or_transmitted,gamma,22,1,0
1324,451,-47.20167383,68.54653317,10000,0,0,1,1.0,geant4_laue_bfull_focal_primary_or_transmitted,gamma,22,1,0
1327,451,-53.50532717,65.64586092,10000,0,0,1,1.0,geant4_laue_bfull_focal_primary_or_transmitted,gamma,22,1,0
1328,451,-54.36517868,64.20140704,10000,0,0,1,1.0,geant4_laue_bfull_focal_primary_or_transmitted,gamma,22,1,0
1329,451,-57.07572188,62.68237848,10000,0,0,1,1.0,geant4_laue_bfull_focal_primary_or_transmitted,gamma,22,1,0
1335,451,-66.05925257,53.2783544,10000,0,0,1,1.0,geant4_laue_bfull_focal_primary_or_transmitted,gamma,22,1,0
1337,451,-69.37378837,49.64572025,10000,0,0,1,1.0,geant4_laue_bfull_focal_primary_or_transmitted,gamma,22,1,0
1338,451,-69.10097057,46.96407459,10000,0,0,1,1.0,geant4_laue_bfull_focal_primary_or_transmitted,gamma,22,1,0
1344,451,-75.70822744,35.42759823,10000,0,0,1,1.0,geant4_laue_bfull_focal_primary_or_transmitted,gamma,22,1,0
1346,451,-78.67524018,30.37269209,10000,0,0,1,1.0,geant4_laue_bfull_focal_primary_or_transmitted,gamma,22,1,0
1350,451,-80.2381302,21.56425125,10000,0,0,1,1.0,geant4_laue_bfull_focal_primary_or_transmitted,gamma,22,1,0
1356,451,-84.48898024,8.330890315,10000,0,0,1,1.0,geant4_laue_bfull_focal_primary_or_transmitted,gamma,22,1,0
1360,451,-84.24557337,-0.2222140996,10000,0,0,1,1.0,geant4_laue_bfull_focal_primary_or_transmitted,gamma,22,1,0
1363,451,-84.03645263,-7.159306007,10000,0,0,1,1.0,geant4_laue_bfull_focal_primary_or_transmitted,gamma,22,1,0
1365,451,-82.19804384,-12.47964506,10000,0,0,1,1.0,geant4_laue_bfull_focal_primary_or_transmitted,gamma,22,1,0
1368,451,-82.268563,-19.39447807,10000,0,0,1,1.0,geant4_laue_bfull_focal_primary_or_transmitted,gamma,22,1,0
1369,451,-81.03250089,-21.32042232,10000,0,0,1,1.0,geant4_laue_bfull_focal_primary_or_transmitted,gamma,22,1,0
1372,451,-79.39608843,-28.703469,10000,0,0,1,1.0,geant4_laue_bfull_focal_primary_or_transmitted,gamma,22,1,0
1377,451,-75.53086434,-39.89932106,10000,0,0,1,1.0,geant4_laue_bfull_focal_primary_or_transmitted,gamma,22,1,0
1380,451,-71.03183942,-44.07735364,10000,0,0,1,1.0,geant4_laue_bfull_focal_primary_or_transmitted,gamma,22,1,0
1384,451,-66.26539937,-51.50470464,10000,0,0,1,1.0,geant4_laue_bfull_focal_primary_or_transmitted,gamma,22,1,0
1388,451,-59.10835779,-60.31357,10000,0,0,1,1.0,geant4_laue_bfull_focal_primary_or_transmitted,gamma,22,1,0
1391,451,-54.52716899,-63.37847239,10000,0,0,1,1.0,geant4_laue_bfull_focal_primary_or_transmitted,gamma,22,1,0
1392,451,-53.26548685,-64.89800222,10000,0,0,1,1.0,geant4_laue_bfull_focal_primary_or_transmitted,gamma,22,1,0
1393,451,-50.39009546,-66.06488665,10000,0,0,1,1.0,geant4_laue_bfull_focal_primary_or_transmitted,gamma,22,1,0
1394,451,-49.01098879,-68.54306476,10000,0,0,1,1.0,geant4_laue_bfull_focal_primary_or_transmitted,gamma,22,1,0
1395,451,-46.73245254,-68.63155101,10000,0,0,1,1.0,geant4_laue_bfull_focal_primary_or_transmitted,gamma,22,1,0
1397,451,-43.95379669,-71.73519675,10000,0,0,1,1.0,geant4_laue_bfull_focal_primary_or_transmitted,gamma,22,1,0
1399,451,-40.00493164,-74.81394972,10000,0,0,1,1.0,geant4_laue_bfull_focal_primary_or_transmitted,gamma,22,1,0
1400,451,-37.83232088,-75.72225111,10000,0,0,1,1.0,geant4_laue_bfull_focal_primary_or_transmitted,gamma,22,1,0
1401,451,-35.6460026,-76.87117113,10000,0,0,1,1.0,geant4_laue_bfull_focal_primary_or_transmitted,gamma,22,1,0
1402,451,-33.94750019,-78.38123352,10000,0,0,1,1.0,geant4_laue_bfull_focal_primary_or_transmitted,gamma,22,1,0
1403,451,-30.28440556,-77.3960156,10000,0,0,1,1.0,geant4_laue_bfull_focal_primary_or_transmitted,gamma,22,1,0
1407,451,-22.05490367,-82.0879308,10000,0,0,1,1.0,geant4_laue_bfull_focal_primary_or_transmitted,gamma,22,1,0
1409,451,-16.67679618,-81.2843906,10000,0,0,1,1.0,geant4_laue_bfull_focal_primary_or_transmitted,gamma,22,1,0
1410,451,-15.31964013,-83.47849149,10000,0,0,1,1.0,geant4_laue_bfull_focal_primary_or_transmitted,gamma,22,1,0
1412,451,-11.87088131,-83.01654645,10000,0,0,1,1.0,geant4_laue_bfull_focal_primary_or_transmitted,gamma,22,1,0
1413,451,-7.850027914,-84.39664879,10000,0,0,1,1.0,geant4_laue_bfull_focal_primary_or_transmitted,gamma,22,1,0
1415,451,-4.335673192,-84.68598576,10000,0,0,1,1.0,geant4_laue_bfull_focal_primary_or_transmitted,gamma,22,1,0
1417,451,1.310916383,-85.23773236,10000,0,0,1,1.0,geant4_laue_bfull_focal_primary_or_transmitted,gamma,22,1,0
1418,451,3.720790012,-84.2241646,10000,0,0,1,1.0,geant4_laue_bfull_focal_primary_or_transmitted,gamma,22,1,0
1424,451,17.04634643,-82.74712469,10000,0,0,1,1.0,geant4_laue_bfull_focal_primary_or_transmitted,gamma,22,1,0
1427,451,24.15115563,-81.84120411,10000,0,0,1,1.0,geant4_laue_bfull_focal_primary_or_transmitted,gamma,22,1,0
1429,451,27.85332618,-78.81025323,10000,0,0,1,1.0,geant4_laue_bfull_focal_primary_or_transmitted,gamma,22,1,0
1430,451,29.02111789,-77.696338,10000,0,0,1,1.0,geant4_laue_bfull_focal_primary_or_transmitted,gamma,22,1,0
1431,451,32.12238992,-76.86023639,10000,0,0,1,1.0,geant4_laue_bfull_focal_primary_or_transmitted,gamma,22,1,0
1436,451,42.57051782,-72.75539864,10000,0,0,1,1.0,geant4_laue_bfull_focal_primary_or_transmitted,gamma,22,1,0
1437,451,44.45318945,-71.87562392,10000,0,0,1,1.0,geant4_laue_bfull_focal_primary_or_transmitted,gamma,22,1,0
1441,451,51.3661108,-65.88282129,10000,0,0,1,1.0,geant4_laue_bfull_focal_primary_or_transmitted,gamma,22,1,0
1447,451,63.16889457,-56.1409074,10000,0,0,1,1.0,geant4_laue_bfull_focal_primary_or_transmitted,gamma,22,1,0
1448,451,63.7688741,-53.99015246,10000,0,0,1,1.0,geant4_laue_bfull_focal_primary_or_transmitted,gamma,22,1,0
1449,451,65.35371719,-54.1518088,10000,0,0,1,1.0,geant4_laue_bfull_focal_primary_or_transmitted,gamma,22,1,0
1450,451,65.83308382,-51.20092569,10000,0,0,1,1.0,geant4_laue_bfull_focal_primary_or_transmitted,gamma,22,1,0
1453,451,70.73236933,-45.46604753,10000,0,0,1,1.0,geant4_laue_bfull_focal_primary_or_transmitted,gamma,22,1,0
1457,451,74.499176,-37.84258706,10000,0,0,1,1.0,geant4_laue_bfull_focal_primary_or_transmitted,gamma,22,1,0
1458,451,76.46455585,-36.11336718,10000,0,0,1,1.0,geant4_laue_bfull_focal_primary_or_transmitted,gamma,22,1,0
1459,451,77.98805651,-33.27420386,10000,0,0,1,1.0,geant4_laue_bfull_focal_primary_or_transmitted,gamma,22,1,0
1460,451,78.08375772,-31.48428438,10000,0,0,1,1.0,geant4_laue_bfull_focal_primary_or_transmitted,gamma,22,1,0
1461,451,78.19628689,-29.86529503,10000,0,0,1,1.0,geant4_laue_bfull_focal_primary_or_transmitted,gamma,22,1,0
1464,451,80.2338814,-23.69576331,10000,0,0,1,1.0,geant4_laue_bfull_focal_primary_or_transmitted,gamma,22,1,0
1465,451,81.63203459,-19.749052,10000,0,0,1,1.0,geant4_laue_bfull_focal_primary_or_transmitted,gamma,22,1,0
1467,451,82.66073198,-16.86960327,10000,0,0,1,1.0,geant4_laue_bfull_focal_primary_or_transmitted,gamma,22,1,0
1468,451,82.39993379,-14.01482731,10000,0,0,1,1.0,geant4_laue_bfull_focal_primary_or_transmitted,gamma,22,1,0
1472,451,84.4868749,-3.763730579,10000,0,0,1,1.0,geant4_laue_bfull_focal_primary_or_transmitted,gamma,22,1,0
1474,471,79.49005141,1.058611325,10000,0,0,1,1.0,geant4_laue_bfull_focal_primary_or_transmitted,gamma,22,1,0
1475,471,80.00193769,2.234883345,10000,0,0,1,1.0,geant4_laue_bfull_focal_primary_or_transmitted,gamma,22,1,0
1481,471,79.41525599,15.71872521,10000,0,0,1,1.0,geant4_laue_bfull_focal_primary_or_transmitted,gamma,22,1,0
1484,471,77.32396027,21.66680274,10000,0,0,1,1.0,geant4_laue_bfull_focal_primary_or_transmitted,gamma,22,1,0
1485,471,77.28300376,24.73352617,10000,0,0,1,1.0,geant4_laue_bfull_focal_primary_or_transmitted,gamma,22,1,0
1486,471,75.69602161,26.62965115,10000,0,0,1,1.0,geant4_laue_bfull_focal_primary_or_transmitted,gamma,22,1,0
1492,471,70.22569416,38.91355327,10000,0,0,1,1.0,geant4_laue_bfull_focal_primary_or_transmitted,gamma,22,1,0
1493,471,69.57480925,42.27843965,10000,0,0,1,1.0,geant4_laue_bfull_focal_primary_or_transmitted,gamma,22,1,0
1494,471,66.74734494,44.17619182,10000,0,0,1,1.0,geant4_laue_bfull_focal_primary_or_transmitted,gamma,22,1,0
1495,471,66.14756527,46.07544513,10000,0,0,1,1.0,geant4_laue_bfull_focal_primary_or_transmitted,gamma,22,1,0
1496,471,66.1937512,48.12811342,10000,0,0,1,1.0,geant4_laue_bfull_focal_primary_or_transmitted,gamma,22,1,0
1497,471,63.55511911,49.20946225,10000,0,0,1,1.0,geant4_laue_bfull_focal_primary_or_transmitted,gamma,22,1,0
1498,471,63.19920293,51.69924803,10000,0,0,1,1.0,geant4_laue_bfull_focal_primary_or_transmitted,gamma,22,1,0
1500,471,60.41506337,54.66475723,10000,0,0,1,1.0,geant4_laue_bfull_focal_primary_or_transmitted,gamma,22,1,0
1501,471,58.02639463,56.93501915,10000,0,0,1,1.0,geant4_laue_bfull_focal_primary_or_transmitted,gamma,22,1,0
1504,471,52.66186317,60.08507853,10000,0,0,1,1.0,geant4_laue_bfull_focal_primary_or_transmitted,gamma,22,1,0
1505,471,50.39187145,61.85029073,10000,0,0,1,1.0,geant4_laue_bfull_focal_primary_or_transmitted,gamma,22,1,0
1506,471,49.22445857,63.85371331,10000,0,0,1,1.0,geant4_laue_bfull_focal_primary_or_transmitted,gamma,22,1,0
1514,471,34.35147205,73.68912713,10000,0,0,1,1.0,geant4_laue_bfull_focal_primary_or_transmitted,gamma,22,1,0
1516,471,28.70024313,75.3359268,10000,0,0,1,1.0,geant4_laue_bfull_focal_primary_or_transmitted,gamma,22,1,0
1518,471,24.3984882,75.58966386,10000,0,0,1,1.0,geant4_laue_bfull_focal_primary_or_transmitted,gamma,22,1,0
1520,471,21.37933981,78.10726642,10000,0,0,1,1.0,geant4_laue_bfull_focal_primary_or_transmitted,gamma,22,1,0
1521,471,17.8085934,77.69665453,10000,0,0,1,1.0,geant4_laue_bfull_focal_primary_or_transmitted,gamma,22,1,0
1523,471,13.64179028,78.51369203,10000,0,0,1,1.0,geant4_laue_bfull_focal_primary_or_transmitted,gamma,22,1,0
1524,471,10.82204642,78.91701437,10000,0,0,1,1.0,geant4_laue_bfull_focal_primary_or_transmitted,gamma,22,1,0
1525,471,8.611813127,80.89767839,10000,0,0,1,1.0,geant4_laue_bfull_focal_primary_or_transmitted,gamma,22,1,0
1529,471,0.9930903849,80.93016656,10000,0,0,1,1.0,geant4_laue_bfull_focal_primary_or_transmitted,gamma,22,1,0
1532,471,-6.20700815,79.76322138,10000,0,0,1,1.0,geant4_laue_bfull_focal_primary_or_transmitted,gamma,22,1,0
1537,471,-19.32816076,77.51454674,10000,0,0,1,1.0,geant4_laue_bfull_focal_primary_or_transmitted,gamma,22,1,0
1539,471,-22.79214469,78.4115172,10000,0,0,1,1.0,geant4_laue_bfull_focal_primary_or_transmitted,gamma,22,1,0
1540,471,-25.9471601,76.74903696,10000,0,0,1,1.0,geant4_laue_bfull_focal_primary_or_transmitted,gamma,22,1,0
1541,471,-28.11171668,75.07587482,10000,0,0,1,1.0,geant4_laue_bfull_focal_primary_or_transmitted,gamma,22,1,0
1542,471,-29.22565118,74.50516666,10000,0,0,1,1.0,geant4_laue_bfull_focal_primary_or_transmitted,gamma,22,1,0
1545,471,-36.44131079,73.05881003,10000,0,0,1,1.0,geant4_laue_bfull_focal_primary_or_transmitted,gamma,22,1,0
1548,471,-41.38222117,68.12887916,10000,0,0,1,1.0,geant4_laue_bfull_focal_primary_or_transmitted,gamma,22,1,0
1551,471,-46.61964993,64.11693058,10000,0,0,1,1.0,geant4_laue_bfull_focal_primary_or_transmitted,gamma,22,1,0
1552,471,-50.10519666,64.36798672,10000,0,0,1,1.0,geant4_laue_bfull_focal_primary_or_transmitted,gamma,22,1,0
1555,471,-53.80045155,58.80750568,10000,0,0,1,1.0,geant4_laue_bfull_focal_primary_or_transmitted,gamma,22,1,0
1558,471,-59.26894739,54.6275932,10000,0,0,1,1.0,geant4_laue_bfull_focal_primary_or_transmitted,gamma,22,1,0
1562,471,-65.14008495,46.32559562,10000,0,0,1,1.0,geant4_laue_bfull_focal_primary_or_transmitted,gamma,22,1,0
1564,471,-68.02433159,44.03727235,10000,0,0,1,1.0,geant4_laue_bfull_focal_primary_or_transmitted,gamma,22,1,0
1566,471,-70.61714712,39.24317166,10000,0,0,1,1.0,geant4_laue_bfull_focal_primary_or_transmitted,gamma,22,1,0
1568,471,-73.26171734,35.00251068,10000,0,0,1,1.0,geant4_laue_bfull_focal_primary_or_transmitted,gamma,22,1,0
1569,471,-72.26278939,32.93513822,10000,0,0,1,1.0,geant4_laue_bfull_focal_primary_or_transmitted,gamma,22,1,0
1572,471,-76.72348505,26.38957824,10000,0,0,1,1.0,geant4_laue_bfull_focal_primary_or_transmitted,gamma,22,1,0
1574,471,-77.07306409,21.72602996,10000,0,0,1,1.0,geant4_laue_bfull_focal_primary_or_transmitted,gamma,22,1,0
1576,471,-78.65905491,18.39963089,10000,0,0,1,1.0,geant4_laue_bfull_focal_primary_or_transmitted,gamma,22,1,0
1586,471,-79.394696,-3.965573827,10000,0,0,1,1.0,geant4_laue_bfull_focal_primary_or_transmitted,gamma,22,1,0
1589,471,-79.56427747,-12.04433516,10000,0,0,1,1.0,geant4_laue_bfull_focal_primary_or_transmitted,gamma,22,1,0
1594,471,-77.02800355,-23.38142239,10000,0,0,1,1.0,geant4_laue_bfull_focal_primary_or_transmitted,gamma,22,1,0
1599,471,-73.83053751,-33.38793139,10000,0,0,1,1.0,geant4_laue_bfull_focal_primary_or_transmitted,gamma,22,1,0
1600,471,-73.11169886,-36.41131733,10000,0,0,1,1.0,geant4_laue_bfull_focal_primary_or_transmitted,gamma,22,1,0
1602,471,-71.12856703,-38.58849512,10000,0,0,1,1.0,geant4_laue_bfull_focal_primary_or_transmitted,gamma,22,1,0
1603,471,-69.64247984,-40.70778376,10000,0,0,1,1.0,geant4_laue_bfull_focal_primary_or_transmitted,gamma,22,1,0
1605,471,-65.46206852,-44.7224119,10000,0,0,1,1.0,geant4_laue_bfull_focal_primary_or_transmitted,gamma,22,1,0
1606,471,-66.29174112,-46.8919796,10000,0,0,1,1.0,geant4_laue_bfull_focal_primary_or_transmitted,gamma,22,1,0
1607,471,-64.2887897,-49.51079099,10000,0,0,1,1.0,geant4_laue_bfull_focal_primary_or_transmitted,gamma,22,1,0
1609,471,-61.69143575,-53.6691418,10000,0,0,1,1.0,geant4_laue_bfull_focal_primary_or_transmitted,gamma,22,1,0
1611,471,-57.08230737,-55.29019018,10000,0,0,1,1.0,geant4_laue_bfull_focal_primary_or_transmitted,gamma,22,1,0
1612,471,-56.02776027,-58.71837601,10000,0,0,1,1.0,geant4_laue_bfull_focal_primary_or_transmitted,gamma,22,1,0
1614,471,-53.85096168,-61.51982213,10000,0,0,1,1.0,geant4_laue_bfull_focal_primary_or_transmitted,gamma,22,1,0
1617,471,-47.88577509,-65.12630783,10000,0,0,1,1.0,geant4_laue_bfull_focal_primary_or_transmitted,gamma,22,1,0
1622,471,-37.64215521,-72.16088958,10000,0,0,1,1.0,geant4_laue_bfull_focal_primary_or_transmitted,gamma,22,1,0
1626,471,-28.31747107,-74.03431583,10000,0,0,1,1.0,geant4_laue_bfull_focal_primary_or_transmitted,gamma,22,1,0
1627,471,-26.2108207,-75.33455607,10000,0,0,1,1.0,geant4_laue_bfull_focal_primary_or_transmitted,gamma,22,1,0
1633,471,-12.64680977,-78.41950141,10000,0,0,1,1.0,geant4_laue_bfull_focal_primary_or_transmitted,gamma,22,1,0
1636,471,-6.5791572,-80.65133067,10000,0,0,1,1.0,geant4_laue_bfull_focal_primary_or_transmitted,gamma,22,1,0
1640,471,1.956134612,-81.07973533,10000,0,0,1,1.0,geant4_laue_bfull_focal_primary_or_transmitted,gamma,22,1,0
1641,471,4.640428758,-80.16399063,10000,0,0,1,1.0,geant4_laue_bfull_focal_primary_or_transmitted,gamma,22,1,0
1643,471,8.763068201,-79.8920158,10000,0,0,1,1.0,geant4_laue_bfull_focal_primary_or_transmitted,gamma,22,1,0
1645,471,13.93064785,-80.4341214,10000,0,0,1,1.0,geant4_laue_bfull_focal_primary_or_transmitted,gamma,22,1,0
1649,471,22.86814601,-77.36616956,10000,0,0,1,1.0,geant4_laue_bfull_focal_primary_or_transmitted,gamma,22,1,0
1650,471,24.40928464,-77.65645428,10000,0,0,1,1.0,geant4_laue_bfull_focal_primary_or_transmitted,gamma,22,1,0
1651,471,26.4658307,-76.47302199,10000,0,0,1,1.0,geant4_laue_bfull_focal_primary_or_transmitted,gamma,22,1,0
1652,471,28.92911799,-74.27203937,10000,0,0,1,1.0,geant4_laue_bfull_focal_primary_or_transmitted,gamma,22,1,0
1653,471,30.97488758,-74.9317449,10000,0,0,1,1.0,geant4_laue_bfull_focal_primary_or_transmitted,gamma,22,1,0
1661,471,47.80804964,-65.77622301,10000,0,0,1,1.0,geant4_laue_bfull_focal_primary_or_transmitted,gamma,22,1,0
1666,471,55.16026383,-58.02163201,10000,0,0,1,1.0,geant4_laue_bfull_focal_primary_or_transmitted,gamma,22,1,0
1668,471,60.26299672,-54.31569286,10000,0,0,1,1.0,geant4_laue_bfull_focal_primary_or_transmitted,gamma,22,1,0
1671,471,64.03782266,-48.69364238,10000,0,0,1,1.0,geant4_laue_bfull_focal_primary_or_transmitted,gamma,22,1,0
1673,471,65.78900109,-44.96709876,10000,0,0,1,1.0,geant4_laue_bfull_focal_primary_or_transmitted,gamma,22,1,0
1674,471,68.61065626,-44.31244333,10000,0,0,1,1.0,geant4_laue_bfull_focal_primary_or_transmitted,gamma,22,1,0
1675,471,69.72251965,-40.60406517,10000,0,0,1,1.0,geant4_laue_bfull_focal_primary_or_transmitted,gamma,22,1,0
1676,471,70.20433858,-40.13593158,10000,0,0,1,1.0,geant4_laue_bfull_focal_primary_or_transmitted,gamma,22,1,0
1679,471,73.65159473,-33.06545808,10000,0,0,1,1.0,geant4_laue_bfull_focal_primary_or_transmitted,gamma,22,1,0
1680,471,75.19994787,-32.11559829,10000,0,0,1,1.0,geant4_laue_bfull_focal_primary_or_transmitted,gamma,22,1,0
1681,471,75.62294457,-29.37326199,10000,0,0,1,1.0,geant4_laue_bfull_focal_primary_or_transmitted,gamma,22,1,0
1684,471,78.04572009,-23.19883807,10000,0,0,1,1.0,geant4_laue_bfull_focal_primary_or_transmitted,gamma,22,1,0
1687,471,79.97030296,-15.27561562,10000,0,0,1,1.0,geant4_laue_bfull_focal_primary_or_transmitted,gamma,22,1,0
1689,471,79.32214329,-10.51517957,10000,0,0,1,1.0,geant4_laue_bfull_focal_primary_or_transmitted,gamma,22,1,0
1690,471,80.83161029,-9.551774985,10000,0,0,1,1.0,geant4_laue_bfull_focal_primary_or_transmitted,gamma,22,1,0
1691,471,80.76058991,-6.198840444,10000,0,0,1,1.0,geant4_laue_bfull_focal_primary_or_transmitted,gamma,22,1,0
1693,471,80.392841,-1.927160925,10000,0,0,1,1.0,geant4_laue_bfull_focal_primary_or_transmitted,gamma,22,1,0
1695,491,76.99759389,2.432316789,10000,0,0,1,1.0,geant4_laue_bfull_focal_primary_or_transmitted,gamma,22,1,0
1697,491,76.38388579,5.991094879,10000,0,0,1,1.0,geant4_laue_bfull_focal_primary_or_transmitted,gamma,22,1,0
1699,491,75.45155776,10.66413518,10000,0,0,1,1.0,geant4_laue_bfull_focal_primary_or_transmitted,gamma,22,1,0
1700,491,75.38049989,14.6985208,10000,0,0,1,1.0,geant4_laue_bfull_focal_primary_or_transmitted,gamma,22,1,0
1702,491,74.72527202,17.90444713,10000,0,0,1,1.0,geant4_laue_bfull_focal_primary_or_transmitted,gamma,22,1,0
1703,491,74.95519862,19.48298269,10000,0,0,1,1.0,geant4_laue_bfull_focal_primary_or_transmitted,gamma,22,1,0
1706,491,73.15819941,26.43585126,10000,0,0,1,1.0,geant4_laue_bfull_focal_primary_or_transmitted,gamma,22,1,0
1709,491,69.60426298,32.37131866,10000,0,0,1,1.0,geant4_laue_bfull_focal_primary_or_transmitted,gamma,22,1,0
1714,491,64.23147268,42.34348994,10000,0,0,1,1.0,geant4_laue_bfull_focal_primary_or_transmitted,gamma,22,1,0
1716,491,61.45131625,47.13878637,10000,0,0,1,1.0,geant4_laue_bfull_focal_primary_or_transmitted,gamma,22,1,0
1721,491,52.55127172,56.1487296,10000,0,0,1,1.0,geant4_laue_bfull_focal_primary_or_transmitted,gamma,22,1,0
1725,491,46.13347456,62.28728439,10000,0,0,1,1.0,geant4_laue_bfull_focal_primary_or_transmitted,gamma,22,1,0
1728,491,40.65106865,64.62824278,10000,0,0,1,1.0,geant4_laue_bfull_focal_primary_or_transmitted,gamma,22,1,0
1729,491,38.26489933,66.86853122,10000,0,0,1,1.0,geant4_laue_bfull_focal_primary_or_transmitted,gamma,22,1,0
1730,491,36.87186776,67.15008638,10000,0,0,1,1.0,geant4_laue_bfull_focal_primary_or_transmitted,gamma,22,1,0
1734,491,29.04003099,71.21901418,10000,0,0,1,1.0,geant4_laue_bfull_focal_primary_or_transmitted,gamma,22,1,0
1738,491,19.17512464,75.46271694,10000,0,0,1,1.0,geant4_laue_bfull_focal_primary_or_transmitted,gamma,22,1,0
1742,491,11.97762037,76.31083315,10000,0,0,1,1.0,geant4_laue_bfull_focal_primary_or_transmitted,gamma,22,1,0
1743,491,9.471383832,77.53060472,10000,0,0,1,1.0,geant4_laue_bfull_focal_primary_or_transmitted,gamma,22,1,0
1745,491,5.019316798,77.52844526,10000,0,0,1,1.0,geant4_laue_bfull_focal_primary_or_transmitted,gamma,22,1,0
1753,491,-13.81956065,75.17842852,10000,0,0,1,1.0,geant4_laue_bfull_focal_primary_or_transmitted,gamma,22,1,0
1759,491,-28.41653146,71.96958595,10000,0,0,1,1.0,geant4_laue_bfull_focal_primary_or_transmitted,gamma,22,1,0
1760,491,-29.42234422,70.99196365,10000,0,0,1,1.0,geant4_laue_bfull_focal_primary_or_transmitted,gamma,22,1,0
1761,491,-30.86935725,69.66718047,10000,0,0,1,1.0,geant4_laue_bfull_focal_primary_or_transmitted,gamma,22,1,0
1766,491,-42.83853628,65.35844602,10000,0,0,1,1.0,geant4_laue_bfull_focal_primary_or_transmitted,gamma,22,1,0
1772,491,-53.4538053,57.29576978,10000,0,0,1,1.0,geant4_laue_bfull_focal_primary_or_transmitted,gamma,22,1,0
1774,491,-56.3164051,53.93743521,10000,0,0,1,1.0,geant4_laue_bfull_focal_primary_or_transmitted,gamma,22,1,0
1777,491,-60.52535365,47.68546813,10000,0,0,1,1.0,geant4_laue_bfull_focal_primary_or_transmitted,gamma,22,1,0
1779,491,-63.43043219,45.19361116,10000,0,0,1,1.0,geant4_laue_bfull_focal_primary_or_transmitted,gamma,22,1,0
1781,491,-64.82939346,40.38603119,10000,0,0,1,1.0,geant4_laue_bfull_focal_primary_or_transmitted,gamma,22,1,0
1782,491,-66.71987453,38.54728635,10000,0,0,1,1.0,geant4_laue_bfull_focal_primary_or_transmitted,gamma,22,1,0
1783,491,-67.21496452,36.32468073,10000,0,0,1,1.0,geant4_laue_bfull_focal_primary_or_transmitted,gamma,22,1,0
1784,491,-70.16913106,34.19380235,10000,0,0,1,1.0,geant4_laue_bfull_focal_primary_or_transmitted,gamma,22,1,0
1785,491,-70.96186237,31.40341572,10000,0,0,1,1.0,geant4_laue_bfull_focal_primary_or_transmitted,gamma,22,1,0
1789,491,-73.11996754,24.67353564,10000,0,0,1,1.0,geant4_laue_bfull_focal_primary_or_transmitted,gamma,22,1,0
1794,491,-76.64942213,11.73784331,10000,0,0,1,1.0,geant4_laue_bfull_focal_primary_or_transmitted,gamma,22,1,0
1797,491,-76.90335652,5.529324541,10000,0,0,1,1.0,geant4_laue_bfull_focal_primary_or_transmitted,gamma,22,1,0
1798,491,-78.17941946,3.124122429,10000,0,0,1,1.0,geant4_laue_bfull_focal_primary_or_transmitted,gamma,22,1,0
1802,491,-77.92594505,-6.081990672,10000,0,0,1,1.0,geant4_laue_bfull_focal_primary_or_transmitted,gamma,22,1,0
1803,491,-76.15479916,-8.611261371,10000,0,0,1,1.0,geant4_laue_bfull_focal_primary_or_transmitted,gamma,22,1,0
1807,491,-75.93640137,-16.06456873,10000,0,0,1,1.0,geant4_laue_bfull_focal_primary_or_transmitted,gamma,22,1,0
1815,491,-69.16406846,-35.17799945,10000,0,0,1,1.0,geant4_laue_bfull_focal_primary_or_transmitted,gamma,22,1,0
1816,491,-67.89809759,-35.98151768,10000,0,0,1,1.0,geant4_laue_bfull_focal_primary_or_transmitted,gamma,22,1,0
1817,491,-66.91152008,-38.73761379,10000,0,0,1,1.0,geant4_laue_bfull_focal_primary_or_transmitted,gamma,22,1,0
1819,491,-65.61099449,-41.71386545,10000,0,0,1,1.0,geant4_laue_bfull_focal_primary_or_transmitted,gamma,22,1,0
1823,491,-59.02020364,-48.93604728,10000,0,0,1,1.0,geant4_laue_bfull_focal_primary_or_transmitted,gamma,22,1,0
1824,491,-57.58229996,-51.92763857,10000,0,0,1,1.0,geant4_laue_bfull_focal_primary_or_transmitted,gamma,22,1,0
1829,491,-49.58487772,-59.01499597,10000,0,0,1,1.0,geant4_laue_bfull_focal_primary_or_transmitted,gamma,22,1,0
1832,491,-44.46764942,-62.6662651,10000,0,0,1,1.0,geant4_laue_bfull_focal_primary_or_transmitted,gamma,22,1,0
1835,491,-37.8027836,-67.22672467,10000,0,0,1,1.0,geant4_laue_bfull_focal_primary_or_transmitted,gamma,22,1,0
1836,491,-35.54793029,-68.42375814,10000,0,0,1,1.0,geant4_laue_bfull_focal_primary_or_transmitted,gamma,22,1,0
1837,491,-34.63816397,-69.37941811,10000,0,0,1,1.0,geant4_laue_bfull_focal_primary_or_transmitted,gamma,22,1,0
1841,491,-25.08467396,-73.78045087,10000,0,0,1,1.0,geant4_laue_bfull_focal_primary_or_transmitted,gamma,22,1,0
1843,491,-21.59899924,-73.82446079,10000,0,0,1,1.0,geant4_laue_bfull_focal_primary_or_transmitted,gamma,22,1,0
1845,491,-16.93109242,-74.92237945,10000,0,0,1,1.0,geant4_laue_bfull_focal_primary_or_transmitted,gamma,22,1,0
1847,491,-12.39153654,-75.33611289,10000,0,0,1,1.0,geant4_laue_bfull_focal_primary_or_transmitted,gamma,22,1,0
1851,491,-3.947360657,-77.04778641,10000,0,0,1,1.0,geant4_laue_bfull_focal_primary_or_transmitted,gamma,22,1,0
1853,491,2.08785649,-77.24553899,10000,0,0,1,1.0,geant4_laue_bfull_focal_primary_or_transmitted,gamma,22,1,0
1854,491,3.262033253,-76.51553378,10000,0,0,1,1.0,geant4_laue_bfull_focal_primary_or_transmitted,gamma,22,1,0
1856,491,7.81078504,-77.15927041,10000,0,0,1,1.0,geant4_laue_bfull_focal_primary_or_transmitted,gamma,22,1,0
1857,491,9.913708157,-76.48183237,10000,0,0,1,1.0,geant4_laue_bfull_focal_primary_or_transmitted,gamma,22,1,0
1862,491,21.80741892,-74.90434486,10000,0,0,1,1.0,geant4_laue_bfull_focal_primary_or_transmitted,gamma,22,1,0
1864,491,26.61693571,-73.23396522,10000,0,0,1,1.0,geant4_laue_bfull_focal_primary_or_transmitted,gamma,22,1,0
1866,491,30.63374871,-70.1547075,10000,0,0,1,1.0,geant4_laue_bfull_focal_primary_or_transmitted,gamma,22,1,0
1873,491,45.2357268,-62.56973331,10000,0,0,1,1.0,geant4_laue_bfull_focal_primary_or_transmitted,gamma,22,1,0
1874,491,46.69615356,-60.60831579,10000,0,0,1,1.0,geant4_laue_bfull_focal_primary_or_transmitted,gamma,22,1,0
1875,491,47.39274008,-60.79495804,10000,0,0,1,1.0,geant4_laue_bfull_focal_primary_or_transmitted,gamma,22,1,0
1877,491,50.99330271,-57.24953859,10000,0,0,1,1.0,geant4_laue_bfull_focal_primary_or_transmitted,gamma,22,1,0
1878,491,54.57612069,-55.11722444,10000,0,0,1,1.0,geant4_laue_bfull_focal_primary_or_transmitted,gamma,22,1,0
1879,491,56.0202821,-55.03815452,10000,0,0,1,1.0,geant4_laue_bfull_focal_primary_or_transmitted,gamma,22,1,0
1881,491,58.96094848,-50.96986245,10000,0,0,1,1.0,geant4_laue_bfull_focal_primary_or_transmitted,gamma,22,1,0
1883,491,62.37254647,-47.07679863,10000,0,0,1,1.0,geant4_laue_bfull_focal_primary_or_transmitted,gamma,22,1,0
1884,491,63.73202084,-44.83782244,10000,0,0,1,1.0,geant4_laue_bfull_focal_primary_or_transmitted,gamma,22,1,0
1887,491,66.23990792,-39.38310536,10000,0,0,1,1.0,geant4_laue_bfull_focal_primary_or_transmitted,gamma,22,1,0
1891,491,70.25413078,-31.47411272,10000,0,0,1,1.0,geant4_laue_bfull_focal_primary_or_transmitted,gamma,22,1,0
1892,491,70.677609,-28.3709417,10000,0,0,1,1.0,geant4_laue_bfull_focal_primary_or_transmitted,gamma,22,1,0
1893,491,71.65537497,-27.63563431,10000,0,0,1,1.0,geant4_laue_bfull_focal_primary_or_transmitted,gamma,22,1,0
1896,491,74.35985051,-21.44154752,10000,0,0,1,1.0,geant4_laue_bfull_focal_primary_or_transmitted,gamma,22,1,0
1903,491,77.96404024,-4.702875992,10000,0,0,1,1.0,geant4_laue_bfull_focal_primary_or_transmitted,gamma,22,1,0
1906,511,73.60023987,1.406974195,10000,0,0,1,1.0,geant4_laue_bfull_focal_primary_or_transmitted,gamma,22,1,0
1911,511,71.96820636,14.26108313,10000,0,0,1,1.0,geant4_laue_bfull_focal_primary_or_transmitted,gamma,22,1,0
1915,511,70.37610925,22.89146984,10000,0,0,1,1.0,geant4_laue_bfull_focal_primary_or_transmitted,gamma,22,1,0
1917,511,68.36021347,26.6725635,10000,0,0,1,1.0,geant4_laue_bfull_focal_primary_or_transmitted,gamma,22,1,0
1919,511,67.92942377,30.93372431,10000,0,0,1,1.0,geant4_laue_bfull_focal_primary_or_transmitted,gamma,22,1,0
1920,511,66.02786203,33.77866852,10000,0,0,1,1.0,geant4_laue_bfull_focal_primary_or_transmitted,gamma,22,1,0
1921,511,66.17957194,36.27680846,10000,0,0,1,1.0,geant4_laue_bfull_focal_primary_or_transmitted,gamma,22,1,0
1922,511,63.4423455,37.21305786,10000,0,0,1,1.0,geant4_laue_bfull_focal_primary_or_transmitted,gamma,22,1,0
1924,511,62.02770855,40.76544626,10000,0,0,1,1.0,geant4_laue_bfull_focal_primary_or_transmitted,gamma,22,1,0
1925,511,60.50163975,43.97567438,10000,0,0,1,1.0,geant4_laue_bfull_focal_primary_or_transmitted,gamma,22,1,0
1927,511,56.97632214,46.51505688,10000,0,0,1,1.0,geant4_laue_bfull_focal_primary_or_transmitted,gamma,22,1,0
1929,511,55.08882784,49.76429443,10000,0,0,1,1.0,geant4_laue_bfull_focal_primary_or_transmitted,gamma,22,1,0
1931,511,51.77528835,52.98149011,10000,0,0,1,1.0,geant4_laue_bfull_focal_primary_or_transmitted,gamma,22,1,0
1934,511,45.64814392,58.91263825,10000,0,0,1,1.0,geant4_laue_bfull_focal_primary_or_transmitted,gamma,22,1,0
1935,511,43.92900152,58.67059238,10000,0,0,1,1.0,geant4_laue_bfull_focal_primary_or_transmitted,gamma,22,1,0
1939,511,35.73932776,65.68541147,10000,0,0,1,1.0,geant4_laue_bfull_focal_primary_or_transmitted,gamma,22,1,0
1945,511,23.7548415,70.67335498,10000,0,0,1,1.0,geant4_laue_bfull_focal_primary_or_transmitted,gamma,22,1,0
1948,511,17.67984412,71.33997887,10000,0,0,1,1.0,geant4_laue_bfull_focal_primary_or_transmitted,gamma,22,1,0
1950,511,12.7107776,73.1030976,10000,0,0,1,1.0,geant4_laue_bfull_focal_primary_or_transmitted,gamma,22,1,0
1952,511,8.969862497,73.83223327,10000,0,0,1,1.0,geant4_laue_bfull_focal_primary_or_transmitted,gamma,22,1,0
1954,511,3.581722239,74.92472504,10000,0,0,1,1.0,geant4_laue_bfull_focal_primary_or_transmitted,gamma,22,1,0
1956,511,-0.08675385692,73.58386141,10000,0,0,1,1.0,geant4_laue_bfull_focal_primary_or_transmitted,gamma,22,1,0
1957,511,-4.183654167,74.42145583,10000,0,0,1,1.0,geant4_laue_bfull_focal_primary_or_transmitted,gamma,22,1,0
1958,511,-6.659486633,73.35846658,10000,0,0,1,1.0,geant4_laue_bfull_focal_primary_or_transmitted,gamma,22,1,0
1960,511,-9.95101125,73.18297561,10000,0,0,1,1.0,geant4_laue_bfull_focal_primary_or_transmitted,gamma,22,1,0
1967,511,-25.88109569,68.59120637,10000,0,0,1,1.0,geant4_laue_bfull_focal_primary_or_transmitted,gamma,22,1,0
1968,511,-27.93305822,69.53918167,10000,0,0,1,1.0,geant4_laue_bfull_focal_primary_or_transmitted,gamma,22,1,0
1970,511,-32.90217809,67.43938924,10000,0,0,1,1.0,geant4_laue_bfull_focal_primary_or_transmitted,gamma,22,1,0
1971,511,-34.09247907,66.40969281,10000,0,0,1,1.0,geant4_laue_bfull_focal_primary_or_transmitted,gamma,22,1,0
1973,511,-39.41015052,63.44874762,10000,0,0,1,1.0,geant4_laue_bfull_focal_primary_or_transmitted,gamma,22,1,0
1979,511,-50.24600844,55.01188912,10000,0,0,1,1.0,geant4_laue_bfull_focal_primary_or_transmitted,gamma,22,1,0
1982,511,-54.48059206,51.36722395,10000,0,0,1,1.0,geant4_laue_bfull_focal_primary_or_transmitted,gamma,22,1,0
1983,511,-56.01109782,49.34533542,10000,0,0,1,1.0,geant4_laue_bfull_focal_primary_or_transmitted,gamma,22,1,0
1985,511,-58.72832645,45.88869738,10000,0,0,1,1.0,geant4_laue_bfull_focal_primary_or_transmitted,gamma,22,1,0
1989,511,-63.03948186,36.91745196,10000,0,0,1,1.0,geant4_laue_bfull_focal_primary_or_transmitted,gamma,22,1,0
1991,511,-66.24130429,32.46270791,10000,0,0,1,1.0,geant4_laue_bfull_focal_primary_or_transmitted,gamma,22,1,0
2001,511,-73.5467566,10.47613554,10000,0,0,1,1.0,geant4_laue_bfull_focal_primary_or_transmitted,gamma,22,1,0
2003,511,-73.78437278,6.263271813,10000,0,0,1,1.0,geant4_laue_bfull_focal_primary_or_transmitted,gamma,22,1,0
2005,511,-73.89220425,1.688070309,10000,0,0,1,1.0,geant4_laue_bfull_focal_primary_or_transmitted,gamma,22,1,0
2011,511,-74.36303965,-10.74889573,10000,0,0,1,1.0,geant4_laue_bfull_focal_primary_or_transmitted,gamma,22,1,0
2012,511,-72.87196131,-14.41412627,10000,0,0,1,1.0,geant4_laue_bfull_focal_primary_or_transmitted,gamma,22,1,0
2013,511,-72.84782018,-15.46943746,10000,0,0,1,1.0,geant4_laue_bfull_focal_primary_or_transmitted,gamma,22,1,0
2017,511,-70.58781029,-25.04353574,10000,0,0,1,1.0,geant4_laue_bfull_focal_primary_or_transmitted,gamma,22,1,0
2022,511,-65.37067152,-35.90801574,10000,0,0,1,1.0,geant4_laue_bfull_focal_primary_or_transmitted,gamma,22,1,0
2024,511,-63.28878955,-39.32862351,10000,0,0,1,1.0,geant4_laue_bfull_focal_primary_or_transmitted,gamma,22,1,0
2026,511,-61.3215196,-43.3705998,10000,0,0,1,1.0,geant4_laue_bfull_focal_primary_or_transmitted,gamma,22,1,0
2033,511,-49.47759956,-54.25768351,10000,0,0,1,1.0,geant4_laue_bfull_focal_primary_or_transmitted,gamma,22,1,0
2035,511,-46.90414838,-58.96650652,10000,0,0,1,1.0,geant4_laue_bfull_focal_primary_or_transmitted,gamma,22,1,0
2038,511,-39.65422855,-62.04548653,10000,0,0,1,1.0,geant4_laue_bfull_focal_primary_or_transmitted,gamma,22,1,0
2040,511,-35.78481525,-63.7254822,10000,0,0,1,1.0,geant4_laue_bfull_focal_primary_or_transmitted,gamma,22,1,0
2042,511,-32.69881648,-66.70817361,10000,0,0,1,1.0,geant4_laue_bfull_focal_primary_or_transmitted,gamma,22,1,0
2044,511,-28.6975106,-68.06042481,10000,0,0,1,1.0,geant4_laue_bfull_focal_primary_or_transmitted,gamma,22,1,0
2045,511,-25.30133786,-70.24156801,10000,0,0,1,1.0,geant4_laue_bfull_focal_primary_or_transmitted,gamma,22,1,0
2049,511,-16.94607855,-73.26600389,10000,0,0,1,1.0,geant4_laue_bfull_focal_primary_or_transmitted,gamma,22,1,0
2051,511,-11.87589283,-74.10246733,10000,0,0,1,1.0,geant4_laue_bfull_focal_primary_or_transmitted,gamma,22,1,0
2052,511,-9.300211888,-72.85418099,10000,0,0,1,1.0,geant4_laue_bfull_focal_primary_or_transmitted,gamma,22,1,0
2053,511,-8.64507496,-74.91365035,10000,0,0,1,1.0,geant4_laue_bfull_focal_primary_or_transmitted,gamma,22,1,0
2057,511,0.1658955712,-75.32615642,10000,0,0,1,1.0,geant4_laue_bfull_focal_primary_or_transmitted,gamma,22,1,0
2058,511,2.57443206,-73.980601,10000,0,0,1,1.0,geant4_laue_bfull_focal_primary_or_transmitted,gamma,22,1,0
2059,511,6.495498242,-74.54516125,10000,0,0,1,1.0,geant4_laue_bfull_focal_primary_or_transmitted,gamma,22,1,0
2061,511,11.03437909,-72.75336834,10000,0,0,1,1.0,geant4_laue_bfull_focal_primary_or_transmitted,gamma,22,1,0
2062,511,12.94412911,-73.16254656,10000,0,0,1,1.0,geant4_laue_bfull_focal_primary_or_transmitted,gamma,22,1,0
2063,511,15.24181751,-72.81755587,10000,0,0,1,1.0,geant4_laue_bfull_focal_primary_or_transmitted,gamma,22,1,0
2064,511,17.61749936,-71.24235598,10000,0,0,1,1.0,geant4_laue_bfull_focal_primary_or_transmitted,gamma,22,1,0
2065,511,20.40161846,-70.82102353,10000,0,0,1,1.0,geant4_laue_bfull_focal_primary_or_transmitted,gamma,22,1,0
2066,511,22.01531251,-71.95825452,10000,0,0,1,1.0,geant4_laue_bfull_focal_primary_or_transmitted,gamma,22,1,0
2069,511,28.74652341,-69.20644679,10000,0,0,1,1.0,geant4_laue_bfull_focal_primary_or_transmitted,gamma,22,1,0
2073,511,36.55196571,-64.24934515,10000,0,0,1,1.0,geant4_laue_bfull_focal_primary_or_transmitted,gamma,22,1,0
2080,511,50.29742223,-55.32272566,10000,0,0,1,1.0,geant4_laue_bfull_focal_primary_or_transmitted,gamma,22,1,0
2084,511,57.03962228,-48.87568239,10000,0,0,1,1.0,geant4_laue_bfull_focal_primary_or_transmitted,gamma,22,1,0
2090,511,64.19625248,-37.59140337,10000,0,0,1,1.0,geant4_laue_bfull_focal_primary_or_transmitted,gamma,22,1,0
2091,511,64.53132928,-35.74055394,10000,0,0,1,1.0,geant4_laue_bfull_focal_primary_or_transmitted,gamma,22,1,0
2094,511,68.32514935,-28.19128071,10000,0,0,1,1.0,geant4_laue_bfull_focal_primary_or_transmitted,gamma,22,1,0
2097,511,71.02487019,-22.01896483,10000,0,0,1,1.0,geant4_laue_bfull_focal_primary_or_transmitted,gamma,22,1,0
2100,511,71.6833236,-15.25443663,10000,0,0,1,1.0,geant4_laue_bfull_focal_primary_or_transmitted,gamma,22,1,0
2103,511,73.6061653,-9.262366275,10000,0,0,1,1.0,geant4_laue_bfull_focal_primary_or_transmitted,gamma,22,1,0
2105,511,75.16514726,-3.704456045,10000,0,0,1,1.0,geant4_laue_bfull_focal_primary_or_transmitted,gamma,22,1,0
2106,511,73.63894395,-2.564302528,10000,0,0,1,1.0,geant4_laue_bfull_focal_primary_or_transmitted,gamma,22,1,0
2107,531,71.43071618,-0.03674389971,10000,0,0,1,1.0,geant4_laue_bfull_focal_primary_or_transmitted,gamma,22,1,0
2108,531,72.36409849,1.440744781,10000,0,0,1,1.0,geant4_laue_bfull_focal_primary_or_transmitted,gamma,22,1,0
2111,531,71.15767196,8.774464292,10000,0,0,1,1.0,geant4_laue_bfull_focal_primary_or_transmitted,gamma,22,1,0
2120,531,65.34008708,29.75803345,10000,0,0,1,1.0,geant4_laue_bfull_focal_primary_or_transmitted,gamma,22,1,0
2124,531,61.79344157,37.75378576,10000,0,0,1,1.0,geant4_laue_bfull_focal_primary_or_transmitted,gamma,22,1,0
2129,531,53.5627381,46.69562883,10000,0,0,1,1.0,geant4_laue_bfull_focal_primary_or_transmitted,gamma,22,1,0
2132,531,49.32355177,51.15158168,10000,0,0,1,1.0,geant4_laue_bfull_focal_primary_or_transmitted,gamma,22,1,0
2135,531,44.26363103,56.73406855,10000,0,0,1,1.0,geant4_laue_bfull_focal_primary_or_transmitted,gamma,22,1,0
2137,531,39.83447071,59.60145357,10000,0,0,1,1.0,geant4_laue_bfull_focal_primary_or_transmitted,gamma,22,1,0
2142,531,31.08114898,64.75031499,10000,0,0,1,1.0,geant4_laue_bfull_focal_primary_or_transmitted,gamma,22,1,0
2143,531,29.04110997,65.63616673,10000,0,0,1,1.0,geant4_laue_bfull_focal_primary_or_transmitted,gamma,22,1,0
2144,531,27.16758149,65.42184069,10000,0,0,1,1.0,geant4_laue_bfull_focal_primary_or_transmitted,gamma,22,1,0
2145,531,23.88402087,66.35617989,10000,0,0,1,1.0,geant4_laue_bfull_focal_primary_or_transmitted,gamma,22,1,0
2146,531,22.39900043,67.6773113,10000,0,0,1,1.0,geant4_laue_bfull_focal_primary_or_transmitted,gamma,22,1,0
2147,531,19.36042394,67.83901374,10000,0,0,1,1.0,geant4_laue_bfull_focal_primary_or_transmitted,gamma,22,1,0
2150,531,14.24571681,69.4039934,10000,0,0,1,1.0,geant4_laue_bfull_focal_primary_or_transmitted,gamma,22,1,0
2152,531,7.921959455,71.71205784,10000,0,0,1,1.0,geant4_laue_bfull_focal_primary_or_transmitted,gamma,22,1,0
2154,531,4.706863958,71.301158,10000,0,0,1,1.0,geant4_laue_bfull_focal_primary_or_transmitted,gamma,22,1,0
2158,531,-6.276859813,71.55468945,10000,0,0,1,1.0,geant4_laue_bfull_focal_primary_or_transmitted,gamma,22,1,0
2159,531,-7.248716992,70.40490854,10000,0,0,1,1.0,geant4_laue_bfull_focal_primary_or_transmitted,gamma,22,1,0
2162,531,-15.33385187,70.5609237,10000,0,0,1,1.0,geant4_laue_bfull_focal_primary_or_transmitted,gamma,22,1,0
2166,531,-22.98375791,67.34010332,10000,0,0,1,1.0,geant4_laue_bfull_focal_primary_or_transmitted,gamma,22,1,0
2169,531,-28.71515444,65.91531827,10000,0,0,1,1.0,geant4_laue_bfull_focal_primary_or_transmitted,gamma,22,1,0
2171,531,-34.26123137,63.67523382,10000,0,0,1,1.0,geant4_laue_bfull_focal_primary_or_transmitted,gamma,22,1,0
2172,531,-35.72120793,61.40564598,10000,0,0,1,1.0,geant4_laue_bfull_focal_primary_or_transmitted,gamma,22,1,0
2175,531,-40.82741219,57.66941923,10000,0,0,1,1.0,geant4_laue_bfull_focal_primary_or_transmitted,gamma,22,1,0
2177,531,-46.15545897,56.31843824,10000,0,0,1,1.0,geant4_laue_bfull_focal_primary_or_transmitted,gamma,22,1,0
2180,531,-49.44337772,50.15668231,10000,0,0,1,1.0,geant4_laue_bfull_focal_primary_or_transmitted,gamma,22,1,0
2181,531,-51.64884702,48.55690991,10000,0,0,1,1.0,geant4_laue_bfull_focal_primary_or_transmitted,gamma,22,1,0
2184,531,-56.73638586,44.41419659,10000,0,0,1,1.0,geant4_laue_bfull_focal_primary_or_transmitted,gamma,22,1,0
2186,531,-60.13888753,39.90259655,10000,0,0,1,1.0,geant4_laue_bfull_focal_primary_or_transmitted,gamma,22,1,0
2192,531,-64.70734807,27.23897994,10000,0,0,1,1.0,geant4_laue_bfull_focal_primary_or_transmitted,gamma,22,1,0
2194,531,-68.05015828,23.23426485,10000,0,0,1,1.0,geant4_laue_bfull_focal_primary_or_transmitted,gamma,22,1,0
2197,531,-70.44321382,16.53862872,10000,0,0,1,1.0,geant4_laue_bfull_focal_primary_or_transmitted,gamma,22,1,0
2198,531,-69.69099963,13.93920639,10000,0,0,1,1.0,geant4_laue_bfull_focal_primary_or_transmitted,gamma,22,1,0
2199,531,-70.50248715,12.70026515,10000,0,0,1,1.0,geant4_laue_bfull_focal_primary_or_transmitted,gamma,22,1,0
2205,531,-70.52601845,-2.238663028,10000,0,0,1,1.0,geant4_laue_bfull_focal_primary_or_transmitted,gamma,22,1,0
2209,531,-71.18385972,-10.42080059,10000,0,0,1,1.0,geant4_laue_bfull_focal_primary_or_transmitted,gamma,22,1,0
2217,531,-65.01923208,-28.74578292,10000,0,0,1,1.0,geant4_laue_bfull_focal_primary_or_transmitted,gamma,22,1,0
2221,531,-60.90524706,-35.58722143,10000,0,0,1,1.0,geant4_laue_bfull_focal_primary_or_transmitted,gamma,22,1,0
2227,531,-53.35506657,-47.3099932,10000,0,0,1,1.0,geant4_laue_bfull_focal_primary_or_transmitted,gamma,22,1,0
2228,531,-52.84448744,-49.07085209,10000,0,0,1,1.0,geant4_laue_bfull_focal_primary_or_transmitted,gamma,22,1,0
2231,531,-46.9310492,-54.20658048,10000,0,0,1,1.0,geant4_laue_bfull_focal_primary_or_transmitted,gamma,22,1,0
2234,531,-42.63447569,-58.19969204,10000,0,0,1,1.0,geant4_laue_bfull_focal_primary_or_transmitted,gamma,22,1,0
2243,531,-23.90100629,-67.10449618,10000,0,0,1,1.0,geant4_laue_bfull_focal_primary_or_transmitted,gamma,22,1,0
2244,531,-21.37325972,-68.86955982,10000,0,0,1,1.0,geant4_laue_bfull_focal_primary_or_transmitted,gamma,22,1,0
2248,531,-12.66619192,-70.22442727,10000,0,0,1,1.0,geant4_laue_bfull_focal_primary_or_transmitted,gamma,22,1,0
2254,531,1.480404884,-72.15524917,10000,0,0,1,1.0,geant4_laue_bfull_focal_primary_or_transmitted,gamma,22,1,0
2255,531,3.184764146,-71.56134437,10000,0,0,1,1.0,geant4_laue_bfull_focal_primary_or_transmitted,gamma,22,1,0
2257,531,8.78730646,-71.13221307,10000,0,0,1,1.0,geant4_laue_bfull_focal_primary_or_transmitted,gamma,22,1,0
2258,531,11.41207021,-70.76235698,10000,0,0,1,1.0,geant4_laue_bfull_focal_primary_or_transmitted,gamma,22,1,0
2261,531,17.2318191,-70.10380688,10000,0,0,1,1.0,geant4_laue_bfull_focal_primary_or_transmitted,gamma,22,1,0
2262,531,19.66444065,-68.85531307,10000,0,0,1,1.0,geant4_laue_bfull_focal_primary_or_transmitted,gamma,22,1,0
2266,531,28.86818721,-66.17643102,10000,0,0,1,1.0,geant4_laue_bfull_focal_primary_or_transmitted,gamma,22,1,0
2268,531,31.76484224,-62.84268533,10000,0,0,1,1.0,geant4_laue_bfull_focal_primary_or_transmitted,gamma,22,1,0
2272,531,40.89476805,-58.59144461,10000,0,0,1,1.0,geant4_laue_bfull_focal_primary_or_transmitted,gamma,22,1,0
2273,531,42.61756513,-58.49640182,10000,0,0,1,1.0,geant4_laue_bfull_focal_primary_or_transmitted,gamma,22,1,0
2276,531,47.18763898,-53.20071763,10000,0,0,1,1.0,geant4_laue_bfull_focal_primary_or_transmitted,gamma,22,1,0
2277,531,49.19547234,-51.16564405,10000,0,0,1,1.0,geant4_laue_bfull_focal_primary_or_transmitted,gamma,22,1,0
2279,531,53.04463088,-47.78778382,10000,0,0,1,1.0,geant4_laue_bfull_focal_primary_or_transmitted,gamma,22,1,0
2280,531,55.30078058,-45.64459689,10000,0,0,1,1.0,geant4_laue_bfull_focal_primary_or_transmitted,gamma,22,1,0
2282,531,57.2176057,-41.9931981,10000,0,0,1,1.0,geant4_laue_bfull_focal_primary_or_transmitted,gamma,22,1,0
2285,531,61.07213931,-38.31088909,10000,0,0,1,1.0,geant4_laue_bfull_focal_primary_or_transmitted,gamma,22,1,0
2289,531,64.2209536,-29.85678898,10000,0,0,1,1.0,geant4_laue_bfull_focal_primary_or_transmitted,gamma,22,1,0
2292,531,67.63733372,-21.67007553,10000,0,0,1,1.0,geant4_laue_bfull_focal_primary_or_transmitted,gamma,22,1,0
2294,531,69.11702265,-18.49258305,10000,0,0,1,1.0,geant4_laue_bfull_focal_primary_or_transmitted,gamma,22,1,0
2297,531,70.39926776,-11.51560792,10000,0,0,1,1.0,geant4_laue_bfull_focal_primary_or_transmitted,gamma,22,1,0
2298,531,70.89416597,-9.316865579,10000,0,0,1,1.0,geant4_laue_bfull_focal_primary_or_transmitted,gamma,22,1,0
2301,531,71.86757237,-3.222820494,10000,0,0,1,1.0,geant4_laue_bfull_focal_primary_or_transmitted,gamma,22,1,0
2304,551,69.2280497,4.480689993,10000,0,0,1,1.0,geant4_laue_bfull_focal_primary_or_transmitted,gamma,22,1,0
2307,551,67.11400762,12.31640442,10000,0,0,1,1.0,geant4_laue_bfull_focal_primary_or_transmitted,gamma,22,1,0
2308,551,67.79911442,13.10171344,10000,0,0,1,1.0,geant4_laue_bfull_focal_primary_or_transmitted,gamma,22,1,0
2309,551,67.58379433,15.87583962,10000,0,0,1,1.0,geant4_laue_bfull_focal_primary_or_transmitted,gamma,22,1,0
2310,551,67.39767009,17.74960872,10000,0,0,1,1.0,geant4_laue_bfull_focal_primary_or_transmitted,gamma,22,1,0
2311,551,65.82221908,19.66388751,10000,0,0,1,1.0,geant4_laue_bfull_focal_primary_or_transmitted,gamma,22,1,0
2312,551,64.03023029,23.31049162,10000,0,0,1,1.0,geant4_laue_bfull_focal_primary_or_transmitted,gamma,22,1,0
2314,551,63.8914707,27.15664671,10000,0,0,1,1.0,geant4_laue_bfull_focal_primary_or_transmitted,gamma,22,1,0
2318,551,60.18254283,34.50678515,10000,0,0,1,1.0,geant4_laue_bfull_focal_primary_or_transmitted,gamma,22,1,0
2319,551,58.29062003,36.73743288,10000,0,0,1,1.0,geant4_laue_bfull_focal_primary_or_transmitted,gamma,22,1,0
2323,551,51.51032637,43.74369195,10000,0,0,1,1.0,geant4_laue_bfull_focal_primary_or_transmitted,gamma,22,1,0
2326,551,47.07769487,49.3771583,10000,0,0,1,1.0,geant4_laue_bfull_focal_primary_or_transmitted,gamma,22,1,0
2334,551,32.88893625,61.23231694,10000,0,0,1,1.0,geant4_laue_bfull_focal_primary_or_transmitted,gamma,22,1,0
2336,551,29.69743347,63.48247379,10000,0,0,1,1.0,geant4_laue_bfull_focal_primary_or_transmitted,gamma,22,1,0
2337,551,25.8411323,63.1797531,10000,0,0,1,1.0,geant4_laue_bfull_focal_primary_or_transmitted,gamma,22,1,0
2338,551,25.50513881,64.86331911,10000,0,0,1,1.0,geant4_laue_bfull_focal_primary_or_transmitted,gamma,22,1,0
2344,551,12.54216048,68.24595223,10000,0,0,1,1.0,geant4_laue_bfull_focal_primary_or_transmitted,gamma,22,1,0
2345,551,10.25239785,68.68294751,10000,0,0,1,1.0,geant4_laue_bfull_focal_primary_or_transmitted,gamma,22,1,0
2346,551,7.219226992,68.57473123,10000,0,0,1,1.0,geant4_laue_bfull_focal_primary_or_transmitted,gamma,22,1,0
2347,551,4.374218613,68.28795685,10000,0,0,1,1.0,geant4_laue_bfull_focal_primary_or_transmitted,gamma,22,1,0
2350,551,-3.330800924,69.22204418,10000,0,0,1,1.0,geant4_laue_bfull_focal_primary_or_transmitted,gamma,22,1,0
2352,551,-7.82542659,68.85280266,10000,0,0,1,1.0,geant4_laue_bfull_focal_primary_or_transmitted,gamma,22,1,0
2353,551,-8.779327062,68.28938405,10000,0,0,1,1.0,geant4_laue_bfull_focal_primary_or_transmitted,gamma,22,1,0
2354,551,-11.33246646,68.92808042,10000,0,0,1,1.0,geant4_laue_bfull_focal_primary_or_transmitted,gamma,22,1,0
2363,551,-31.54054622,61.23908057,10000,0,0,1,1.0,geant4_laue_bfull_focal_primary_or_transmitted,gamma,22,1,0
2364,551,-32.78941219,60.55805712,10000,0,0,1,1.0,geant4_laue_bfull_focal_primary_or_transmitted,gamma,22,1,0
2369,551,-43.13229174,54.5756675,10000,0,0,1,1.0,geant4_laue_bfull_focal_primary_or_transmitted,gamma,22,1,0
2370,551,-45.34224538,52.39946162,10000,0,0,1,1.0,geant4_laue_bfull_focal_primary_or_transmitted,gamma,22,1,0
2371,551,-46.7847653,51.98550006,10000,0,0,1,1.0,geant4_laue_bfull_focal_primary_or_transmitted,gamma,22,1,0
2372,551,-46.97720417,49.44848523,10000,0,0,1,1.0,geant4_laue_bfull_focal_primary_or_transmitted,gamma,22,1,0
2373,551,-49.45712251,46.98100116,10000,0,0,1,1.0,geant4_laue_bfull_focal_primary_or_transmitted,gamma,22,1,0
2374,551,-51.61493069,46.78654166,10000,0,0,1,1.0,geant4_laue_bfull_focal_primary_or_transmitted,gamma,22,1,0
2377,551,-55.4898388,40.57842739,10000,0,0,1,1.0,geant4_laue_bfull_focal_primary_or_transmitted,gamma,22,1,0
2378,551,-56.34994157,39.73391036,10000,0,0,1,1.0,geant4_laue_bfull_focal_primary_or_transmitted,gamma,22,1,0
2379,551,-57.14115152,38.11413777,10000,0,0,1,1.0,geant4_laue_bfull_focal_primary_or_transmitted,gamma,22,1,0
2381,551,-59.68974435,33.10704926,10000,0,0,1,1.0,geant4_laue_bfull_focal_primary_or_transmitted,gamma,22,1,0
2384,551,-63.43830365,26.97595625,10000,0,0,1,1.0,geant4_laue_bfull_focal_primary_or_transmitted,gamma,22,1,0
2385,551,-65.23711099,23.79454098,10000,0,0,1,1.0,geant4_laue_bfull_focal_primary_or_transmitted,gamma,22,1,0
2388,551,-66.61164835,19.01701059,10000,0,0,1,1.0,geant4_laue_bfull_focal_primary_or_transmitted,gamma,22,1,0
2389,551,-66.39424481,15.05291135,10000,0,0,1,1.0,geant4_laue_bfull_focal_primary_or_transmitted,gamma,22,1,0
2391,551,-67.40068742,11.50512923,10000,0,0,1,1.0,geant4_laue_bfull_focal_primary_or_transmitted,gamma,22,1,0
2392,551,-68.55232987,9.102441603,10000,0,0,1,1.0,geant4_laue_bfull_focal_primary_or_transmitted,gamma,22,1,0
2393,551,-69.13975577,7.17395058,10000,0,0,1,1.0,geant4_laue_bfull_focal_primary_or_transmitted,gamma,22,1,0
2394,551,-69.82461714,5.404878542,10000,0,0,1,1.0,geant4_laue_bfull_focal_primary_or_transmitted,gamma,22,1,0
2395,551,-68.76192628,2.990043786,10000,0,0,1,1.0,geant4_laue_bfull_focal_primary_or_transmitted,gamma,22,1,0
2396,551,-68.32829393,1.021742556,10000,0,0,1,1.0,geant4_laue_bfull_focal_primary_or_transmitted,gamma,22,1,0
2398,551,-68.80676072,-4.853587265,10000,0,0,1,1.0,geant4_laue_bfull_focal_primary_or_transmitted,gamma,22,1,0
2399,551,-67.85873145,-6.154531808,10000,0,0,1,1.0,geant4_laue_bfull_focal_primary_or_transmitted,gamma,22,1,0
2404,551,-66.16995966,-19.01240597,10000,0,0,1,1.0,geant4_laue_bfull_focal_primary_or_transmitted,gamma,22,1,0
2407,551,-64.14375956,-25.01176767,10000,0,0,1,1.0,geant4_laue_bfull_focal_primary_or_transmitted,gamma,22,1,0
2410,551,-61.15652559,-32.04404205,10000,0,0,1,1.0,geant4_laue_bfull_focal_primary_or_transmitted,gamma,22,1,0
2411,551,-60.70701309,-32.70152731,10000,0,0,1,1.0,geant4_laue_bfull_focal_primary_or_transmitted,gamma,22,1,0
2413,551,-58.95550405,-36.14833256,10000,0,0,1,1.0,geant4_laue_bfull_focal_primary_or_transmitted,gamma,22,1,0
2414,551,-57.35690331,-39.09898422,10000,0,0,1,1.0,geant4_laue_bfull_focal_primary_or_transmitted,gamma,22,1,0
2419,551,-50.122915,-47.52953303,10000,0,0,1,1.0,geant4_laue_bfull_focal_primary_or_transmitted,gamma,22,1,0
2420,551,-47.10674431,-48.60151608,10000,0,0,1,1.0,geant4_laue_bfull_focal_primary_or_transmitted,gamma,22,1,0
2422,551,-43.46045647,-52.64714273,10000,0,0,1,1.0,geant4_laue_bfull_focal_primary_or_transmitted,gamma,22,1,0
2425,551,-39.48941788,-57.39269231,10000,0,0,1,1.0,geant4_laue_bfull_focal_primary_or_transmitted,gamma,22,1,0
2427,551,-35.44166382,-58.58641278,10000,0,0,1,1.0,geant4_laue_bfull_focal_primary_or_transmitted,gamma,22,1,0
2431,551,-26.43418281,-62.90650816,10000,0,0,1,1.0,geant4_laue_bfull_focal_primary_or_transmitted,gamma,22,1,0
2436,551,-15.08726013,-66.88360003,10000,0,0,1,1.0,geant4_laue_bfull_focal_primary_or_transmitted,gamma,22,1,0
2440,551,-6.769944428,-68.16575081,10000,0,0,1,1.0,geant4_laue_bfull_focal_primary_or_transmitted,gamma,22,1,0
2441,551,-3.688133737,-68.537969,10000,0,0,1,1.0,geant4_laue_bfull_focal_primary_or_transmitted,gamma,22,1,0
2446,551,6.156885804,-69.27367972,10000,0,0,1,1.0,geant4_laue_bfull_focal_primary_or_transmitted,gamma,22,1,0
2450,551,16.01014742,-67.35059822,10000,0,0,1,1.0,geant4_laue_bfull_focal_primary_or_transmitted,gamma,22,1,0
2453,551,23.05863182,-65.16131137,10000,0,0,1,1.0,geant4_laue_bfull_focal_primary_or_transmitted,gamma,22,1,0
2454,551,25.4374431,-63.52567396,10000,0,0,1,1.0,geant4_laue_bfull_focal_primary_or_transmitted,gamma,22,1,0
2457,551,32.07851064,-62.15922032,10000,0,0,1,1.0,geant4_laue_bfull_focal_primary_or_transmitted,gamma,22,1,0
2459,551,35.72844235,-58.91858316,10000,0,0,1,1.0,geant4_laue_bfull_focal_primary_or_transmitted,gamma,22,1,0
2467,551,50.20101241,-48.42035434,10000,0,0,1,1.0,geant4_laue_bfull_focal_primary_or_transmitted,gamma,22,1,0
2468,551,50.70006812,-46.49631901,10000,0,0,1,1.0,geant4_laue_bfull_focal_primary_or_transmitted,gamma,22,1,0
2474,551,59.05834745,-34.4389495,10000,0,0,1,1.0,geant4_laue_bfull_focal_primary_or_transmitted,gamma,22,1,0
2479,551,65.3022086,-24.5021402,10000,0,0,1,1.0,geant4_laue_bfull_focal_primary_or_transmitted,gamma,22,1,0
2480,551,64.97250315,-21.64213568,10000,0,0,1,1.0,geant4_laue_bfull_focal_primary_or_transmitted,gamma,22,1,0
2488,551,67.72383896,-5.603997065,10000,0,0,1,1.0,geant4_laue_bfull_focal_primary_or_transmitted,gamma,22,1,0
2494,451,83.47194339,8.952954553,10000,0,0,1,1.0,geant4_laue_bfull_focal_primary_or_transmitted,gamma,22,1,0
2496,451,84.07732068,13.91074698,10000,0,0,1,1.0,geant4_laue_bfull_focal_primary_or_transmitted,gamma,22,1,0
2499,451,81.22106301,21.297816,10000,0,0,1,1.0,geant4_laue_bfull_focal_primary_or_transmitted,gamma,22,1,0
2504,451,78.56312427,30.77770766,10000,0,0,1,1.0,geant4_laue_bfull_focal_primary_or_transmitted,gamma,22,1,0
2506,451,76.11238571,36.22225274,10000,0,0,1,1.0,geant4_laue_bfull_focal_primary_or_transmitted,gamma,22,1,0
2507,451,74.08383302,36.85543587,10000,0,0,1,1.0,geant4_laue_bfull_focal_primary_or_transmitted,gamma,22,1,0
2512,451,68.84121973,48.72163477,10000,0,0,1,1.0,geant4_laue_bfull_focal_primary_or_transmitted,gamma,22,1,0
2515,451,64.77718764,52.94121331,10000,0,0,1,1.0,geant4_laue_bfull_focal_primary_or_transmitted,gamma,22,1,0
2520,451,56.40780802,62.78777756,10000,0,0,1,1.0,geant4_laue_bfull_focal_primary_or_transmitted,gamma,22,1,0
2523,451,51.28822901,66.59608752,10000,0,0,1,1.0,geant4_laue_bfull_focal_primary_or_transmitted,gamma,22,1,0
2526,451,46.80091511,70.01783923,10000,0,0,1,1.0,geant4_laue_bfull_focal_primary_or_transmitted,gamma,22,1,0
2529,451,39.84030149,73.70902359,10000,0,0,1,1.0,geant4_laue_bfull_focal_primary_or_transmitted,gamma,22,1,0
2530,451,38.28407533,74.03067803,10000,0,0,1,1.0,geant4_laue_bfull_focal_primary_or_transmitted,gamma,22,1,0
2532,451,33.54930669,77.34500214,10000,0,0,1,1.0,geant4_laue_bfull_focal_primary_or_transmitted,gamma,22,1,0
2536,451,25.71366953,80.17249574,10000,0,0,1,1.0,geant4_laue_bfull_focal_primary_or_transmitted,gamma,22,1,0
2537,451,23.28253374,80.01043903,10000,0,0,1,1.0,geant4_laue_bfull_focal_primary_or_transmitted,gamma,22,1,0
2538,451,21.3856457,81.40634272,10000,0,0,1,1.0,geant4_laue_bfull_focal_primary_or_transmitted,gamma,22,1,0
2540,451,16.36750342,82.38881573,10000,0,0,1,1.0,geant4_laue_bfull_focal_primary_or_transmitted,gamma,22,1,0
2548,451,-0.7830642402,84.8851512,10000,0,0,1,1.0,geant4_laue_bfull_focal_primary_or_transmitted,gamma,22,1,0
2550,451,-6.264575019,84.75628488,10000,0,0,1,1.0,geant4_laue_bfull_focal_primary_or_transmitted,gamma,22,1,0
2551,451,-9.349535568,83.37368397,10000,0,0,1,1.0,geant4_laue_bfull_focal_primary_or_transmitted,gamma,22,1,0
2560,451,-29.59870039,80.05802191,10000,0,0,1,1.0,geant4_laue_bfull_focal_primary_or_transmitted,gamma,22,1,0
2565,451,-39.13062608,74.60150152,10000,0,0,1,1.0,geant4_laue_bfull_focal_primary_or_transmitted,gamma,22,1,0
2566,451,-41.98647231,74.04637806,10000,0,0,1,1.0,geant4_laue_bfull_focal_primary_or_transmitted,gamma,22,1,0
2569,451,-46.80502139,69.66141141,10000,0,0,1,1.0,geant4_laue_bfull_focal_primary_or_transmitted,gamma,22,1,0
2572,451,-52.87131391,64.79385493,10000,0,0,1,1.0,geant4_laue_bfull_focal_primary_or_transmitted,gamma,22,1,0
2574,451,-56.9698232,62.15819624,10000,0,0,1,1.0,geant4_laue_bfull_focal_primary_or_transmitted,gamma,22,1,0
2576,451,-59.13260124,58.61201026,10000,0,0,1,1.0,geant4_laue_bfull_focal_primary_or_transmitted,gamma,22,1,0
2578,451,-63.65292987,55.58938362,10000,0,0,1,1.0,geant4_laue_bfull_focal_primary_or_transmitted,gamma,22,1,0
2579,451,-63.88918015,55.09658777,10000,0,0,1,1.0,geant4_laue_bfull_focal_primary_or_transmitted,gamma,22,1,0
2581,451,-66.99233033,50.56747348,10000,0,0,1,1.0,geant4_laue_bfull_focal_primary_or_transmitted,gamma,22,1,0
2582,451,-69.02159987,48.51800828,10000,0,0,1,1.0,geant4_laue_bfull_focal_primary_or_transmitted,gamma,22,1,0
2584,451,-70.82874963,45.62427305,10000,0,0,1,1.0,geant4_laue_bfull_focal_primary_or_transmitted,gamma,22,1,0
2586,451,-73.44879352,40.50826178,10000,0,0,1,1.0,geant4_laue_bfull_focal_primary_or_transmitted,gamma,22,1,0
2588,451,-75.38336803,36.12734239,10000,0,0,1,1.0,geant4_laue_bfull_focal_primary_or_transmitted,gamma,22,1,0
2592,451,-78.48368855,27.44944059,10000,0,0,1,1.0,geant4_laue_bfull_focal_primary_or_transmitted,gamma,22,1,0
2595,451,-81.99273381,21.79021181,10000,0,0,1,1.0,geant4_laue_bfull_focal_primary_or_transmitted,gamma,22,1,0
2606,451,-83.02515504,-3.185231283,10000,0,0,1,1.0,geant4_laue_bfull_focal_primary_or_transmitted,gamma,22,1,0
2608,451,-82.94106116,-6.975643809,10000,0,0,1,1.0,geant4_laue_bfull_focal_primary_or_transmitted,gamma,22,1,0
2609,451,-83.51128708,-11.31564772,10000,0,0,1,1.0,geant4_laue_bfull_focal_primary_or_transmitted,gamma,22,1,0
2612,451,-83.16517176,-17.26706378,10000,0,0,1,1.0,geant4_laue_bfull_focal_primary_or_transmitted,gamma,22,1,0
2615,451,-81.40830867,-23.84642673,10000,0,0,1,1.0,geant4_laue_bfull_focal_primary_or_transmitted,gamma,22,1,0
2616,451,-81.06340087,-26.91091076,10000,0,0,1,1.0,geant4_laue_bfull_focal_primary_or_transmitted,gamma,22,1,0
2617,451,-80.13367375,-28.44823498,10000,0,0,1,1.0,geant4_laue_bfull_focal_primary_or_transmitted,gamma,22,1,0
2620,451,-77.13342466,-35.09079477,10000,0,0,1,1.0,geant4_laue_bfull_focal_primary_or_transmitted,gamma,22,1,0
2622,451,-74.61318811,-39.23180749,10000,0,0,1,1.0,geant4_laue_bfull_focal_primary_or_transmitted,gamma,22,1,0
2625,451,-70.63111863,-44.76188373,10000,0,0,1,1.0,geant4_laue_bfull_focal_primary_or_transmitted,gamma,22,1,0
2628,451,-66.89183671,-51.42537436,10000,0,0,1,1.0,geant4_laue_bfull_focal_primary_or_transmitted,gamma,22,1,0
2634,451,-57.6640194,-61.92437399,10000,0,0,1,1.0,geant4_laue_bfull_focal_primary_or_transmitted,gamma,22,1,0
2637,451,-52.50517437,-64.43298792,10000,0,0,1,1.0,geant4_laue_bfull_focal_primary_or_transmitted,gamma,22,1,0
2638,451,-50.07187647,-66.22636605,10000,0,0,1,1.0,geant4_laue_bfull_focal_primary_or_transmitted,gamma,22,1,0
2641,451,-45.64177699,-71.46835941,10000,0,0,1,1.0,geant4_laue_bfull_focal_primary_or_transmitted,gamma,22,1,0
2642,451,-44.23238138,-71.12117039,10000,0,0,1,1.0,geant4_laue_bfull_focal_primary_or_transmitted,gamma,22,1,0
2643,451,-42.12058236,-72.28790048,10000,0,0,1,1.0,geant4_laue_bfull_focal_primary_or_transmitted,gamma,22,1,0
2644,451,-38.46979064,-73.90433462,10000,0,0,1,1.0,geant4_laue_bfull_focal_primary_or_transmitted,gamma,22,1,0
2648,451,-30.25213666,-77.8559176,10000,0,0,1,1.0,geant4_laue_bfull_focal_primary_or_transmitted,gamma,22,1,0
2651,451,-25.00672905,-80.52619865,10000,0,0,1,1.0,geant4_laue_bfull_focal_primary_or_transmitted,gamma,22,1,0
2652,451,-21.35247049,-80.99284257,10000,0,0,1,1.0,geant4_laue_bfull_focal_primary_or_transmitted,gamma,22,1,0
2653,451,-19.1775371,-82.27919395,10000,0,0,1,1.0,geant4_laue_bfull_focal_primary_or_transmitted,gamma,22,1,0
2654,451,-17.30632804,-82.45328393,10000,0,0,1,1.0,geant4_laue_bfull_focal_primary_or_transmitted,gamma,22,1,0
2657,451,-10.26677606,-83.35919281,10000,0,0,1,1.0,geant4_laue_bfull_focal_primary_or_transmitted,gamma,22,1,0
2658,451,-7.560001749,-82.87664369,10000,0,0,1,1.0,geant4_laue_bfull_focal_primary_or_transmitted,gamma,22,1,0
2659,451,-7.268503164,-84.02623803,10000,0,0,1,1.0,geant4_laue_bfull_focal_primary_or_transmitted,gamma,22,1,0
2661,451,-0.7569607378,-83.85303085,10000,0,0,1,1.0,geant4_laue_bfull_focal_primary_or_transmitted,gamma,22,1,0
2662,451,1.638638057,-84.20859446,10000,0,0,1,1.0,geant4_laue_bfull_focal_primary_or_transmitted,gamma,22,1,0
2663,451,3.35567381,-84.60833231,10000,0,0,1,1.0,geant4_laue_bfull_focal_primary_or_transmitted,gamma,22,1,0
2664,451,5.526258652,-83.58963972,10000,0,0,1,1.0,geant4_laue_bfull_focal_primary_or_transmitted,gamma,22,1,0
2665,451,7.192954612,-83.7429386,10000,0,0,1,1.0,geant4_laue_bfull_focal_primary_or_transmitted,gamma,22,1,0
2668,451,14.92556836,-83.11226576,10000,0,0,1,1.0,geant4_laue_bfull_focal_primary_or_transmitted,gamma,22,1,0
2673,451,25.01391854,-80.61802131,10000,0,0,1,1.0,geant4_laue_bfull_focal_primary_or_transmitted,gamma,22,1,0
2674,451,27.07409839,-80.20343446,10000,0,0,1,1.0,geant4_laue_bfull_focal_primary_or_transmitted,gamma,22,1,0
2675,451,31.01731553,-79.58928738,10000,0,0,1,1.0,geant4_laue_bfull_focal_primary_or_transmitted,gamma,22,1,0
2686,451,51.68001844,-65.28226629,10000,0,0,1,1.0,geant4_laue_bfull_focal_primary_or_transmitted,gamma,22,1,0
2691,451,61.33466928,-57.59675048,10000,0,0,1,1.0,geant4_laue_bfull_focal_primary_or_transmitted,gamma,22,1,0
2692,451,61.31696552,-56.87050689,10000,0,0,1,1.0,geant4_laue_bfull_focal_primary_or_transmitted,gamma,22,1,0
2697,451,69.04027676,-48.74022262,10000,0,0,1,1.0,geant4_laue_bfull_focal_primary_or_transmitted,gamma,22,1,0
2708,451,79.50441179,-25.48840096,10000,0,0,1,1.0,geant4_laue_bfull_focal_primary_or_transmitted,gamma,22,1,0
2709,451,79.99664524,-23.60777232,10000,0,0,1,1.0,geant4_laue_bfull_focal_primary_or_transmitted,gamma,22,1,0
2713,451,82.95231798,-14.68104884,10000,0,0,1,1.0,geant4_laue_bfull_focal_primary_or_transmitted,gamma,22,1,0
2718,451,84.66350487,-1.632885592,10000,0,0,1,1.0,geant4_laue_bfull_focal_primary_or_transmitted,gamma,22,1,0
2720,471,80.52450486,2.68918371,10000,0,0,1,1.0,geant4_laue_bfull_focal_primary_or_transmitted,gamma,22,1,0
2721,471,80.2277314,4.658968096,10000,0,0,1,1.0,geant4_laue_bfull_focal_primary_or_transmitted,gamma,22,1,0
2723,471,79.08639267,10.04453481,10000,0,0,1,1.0,geant4_laue_bfull_focal_primary_or_transmitted,gamma,22,1,0
2725,471,78.49810556,12.80304678,10000,0,0,1,1.0,geant4_laue_bfull_focal_primary_or_transmitted,gamma,22,1,0
2727,471,78.99827073,18.13796941,10000,0,0,1,1.0,geant4_laue_bfull_focal_primary_or_transmitted,gamma,22,1,0
2731,471,75.80400051,27.89018898,10000,0,0,1,1.0,geant4_laue_bfull_focal_primary_or_transmitted,gamma,22,1,0
2736,471,70.33232055,36.71985909,10000,0,0,1,1.0,geant4_laue_bfull_focal_primary_or_transmitted,gamma,22,1,0
2738,471,69.94485573,41.96471982,10000,0,0,1,1.0,geant4_laue_bfull_focal_primary_or_transmitted,gamma,22,1,0
2742,471,64.38616636,48.66612067,10000,0,0,1,1.0,geant4_laue_bfull_focal_primary_or_transmitted,gamma,22,1,0
2743,471,62.13272383,50.95182147,10000,0,0,1,1.0,geant4_laue_bfull_focal_primary_or_transmitted,gamma,22,1,0
2745,471,59.12730184,53.99091984,10000,0,0,1,1.0,geant4_laue_bfull_focal_primary_or_transmitted,gamma,22,1,0
2748,471,54.24600439,58.49800785,10000,0,0,1,1.0,geant4_laue_bfull_focal_primary_or_transmitted,gamma,22,1,0
2751,471,49.85271391,63.89717724,10000,0,0,1,1.0,geant4_laue_bfull_focal_primary_or_transmitted,gamma,22,1,0
2756,471,39.59368774,69.89074791,10000,0,0,1,1.0,geant4_laue_bfull_focal_primary_or_transmitted,gamma,22,1,0
2768,471,13.42185827,78.76189832,10000,0,0,1,1.0,geant4_laue_bfull_focal_primary_or_transmitted,gamma,22,1,0
2770,471,9.783779186,79.85327657,10000,0,0,1,1.0,geant4_laue_bfull_focal_primary_or_transmitted,gamma,22,1,0
2772,471,4.812486824,79.987333,10000,0,0,1,1.0,geant4_laue_bfull_focal_primary_or_transmitted,gamma,22,1,0
2778,471,-8.901578782,80.99471282,10000,0,0,1,1.0,geant4_laue_bfull_focal_primary_or_transmitted,gamma,22,1,0
2782,471,-17.73441739,78.83503714,10000,0,0,1,1.0,geant4_laue_bfull_focal_primary_or_transmitted,gamma,22,1,0
2784,471,-23.36141337,76.93875562,10000,0,0,1,1.0,geant4_laue_bfull_focal_primary_or_transmitted,gamma,22,1,0
2789,471,-33.97180494,73.05348121,10000,0,0,1,1.0,geant4_laue_bfull_focal_primary_or_transmitted,gamma,22,1,0
2791,471,-38.02322861,71.53141593,10000,0,0,1,1.0,geant4_laue_bfull_focal_primary_or_transmitted,gamma,22,1,0
2796,471,-47.6343881,66.0607764,10000,0,0,1,1.0,geant4_laue_bfull_focal_primary_or_transmitted,gamma,22,1,0
2797,471,-48.36288681,63.59318956,10000,0,0,1,1.0,geant4_laue_bfull_focal_primary_or_transmitted,gamma,22,1,0
2801,471,-55.95952519,58.84623043,10000,0,0,1,1.0,geant4_laue_bfull_focal_primary_or_transmitted,gamma,22,1,0
2802,471,-58.34329911,55.3221558,10000,0,0,1,1.0,geant4_laue_bfull_focal_primary_or_transmitted,gamma,22,1,0
2803,471,-59.50235949,55.23840326,10000,0,0,1,1.0,geant4_laue_bfull_focal_primary_or_transmitted,gamma,22,1,0
2804,471,-61.57073312,53.34796632,10000,0,0,1,1.0,geant4_laue_bfull_focal_primary_or_transmitted,gamma,22,1,0
2806,471,-63.30389023,49.99514121,10000,0,0,1,1.0,geant4_laue_bfull_focal_primary_or_transmitted,gamma,22,1,0
2810,471,-68.75457136,42.62936931,10000,0,0,1,1.0,geant4_laue_bfull_focal_primary_or_transmitted,gamma,22,1,0
2811,471,-69.80456093,38.78285778,10000,0,0,1,1.0,geant4_laue_bfull_focal_primary_or_transmitted,gamma,22,1,0
2813,471,-72.41544367,36.43232507,10000,0,0,1,1.0,geant4_laue_bfull_focal_primary_or_transmitted,gamma,22,1,0
2816,471,-75.11877528,28.85107038,10000,0,0,1,1.0,geant4_laue_bfull_focal_primary_or_transmitted,gamma,22,1,0
2819,471,-77.05764411,23.63597074,10000,0,0,1,1.0,geant4_laue_bfull_focal_primary_or_transmitted,gamma,22,1,0
2823,471,-80.34052711,14.50543544,10000,0,0,1,1.0,geant4_laue_bfull_focal_primary_or_transmitted,gamma,22,1,0
2824,471,-79.5564665,12.10388301,10000,0,0,1,1.0,geant4_laue_bfull_focal_primary_or_transmitted,gamma,22,1,0
2830,471,-80.67202759,-2.838381241,10000,0,0,1,1.0,geant4_laue_bfull_focal_primary_or_transmitted,gamma,22,1,0
2831,471,-79.94575659,-4.710470406,10000,0,0,1,1.0,geant4_laue_bfull_focal_primary_or_transmitted,gamma,22,1,0
2838,471,-78.9167939,-21.32194277,10000,0,0,1,1.0,geant4_laue_bfull_focal_primary_or_transmitted,gamma,22,1,0
2839,471,-78.24477649,-23.56356558,10000,0,0,1,1.0,geant4_laue_bfull_focal_primary_or_transmitted,gamma,22,1,0
2842,471,-75.80470133,-29.4758343,10000,0,0,1,1.0,geant4_laue_bfull_focal_primary_or_transmitted,gamma,22,1,0
2843,471,-73.27748344,-32.19459625,10000,0,0,1,1.0,geant4_laue_bfull_focal_primary_or_transmitted,gamma,22,1,0
2845,471,-71.70971501,-34.9733109,10000,0,0,1,1.0,geant4_laue_bfull_focal_primary_or_transmitted,gamma,22,1,0
2846,471,-71.56283688,-37.05233279,10000,0,0,1,1.0,geant4_laue_bfull_focal_primary_or_transmitted,gamma,22,1,0
2847,471,-70.53292627,-39.71903372,10000,0,0,1,1.0,geant4_laue_bfull_focal_primary_or_transmitted,gamma,22,1,0
2853,471,-62.31656239,-51.34454987,10000,0,0,1,1.0,geant4_laue_bfull_focal_primary_or_transmitted,gamma,22,1,0
2855,471,-59.68040946,-54.53024225,10000,0,0,1,1.0,geant4_laue_bfull_focal_primary_or_transmitted,gamma,22,1,0
2856,471,-58.24810427,-56.3917134,10000,0,0,1,1.0,geant4_laue_bfull_focal_primary_or_transmitted,gamma,22,1,0
2858,471,-55.43640173,-58.27194981,10000,0,0,1,1.0,geant4_laue_bfull_focal_primary_or_transmitted,gamma,22,1,0
2859,471,-52.57325911,-60.56737274,10000,0,0,1,1.0,geant4_laue_bfull_focal_primary_or_transmitted,gamma,22,1,0
2860,471,-51.24227926,-61.78422594,10000,0,0,1,1.0,geant4_laue_bfull_focal_primary_or_transmitted,gamma,22,1,0
2865,471,-42.44837396,-68.86372625,10000,0,0,1,1.0,geant4_laue_bfull_focal_primary_or_transmitted,gamma,22,1,0
2868,471,-36.43550773,-72.54379655,10000,0,0,1,1.0,geant4_laue_bfull_focal_primary_or_transmitted,gamma,22,1,0
2870,471,-31.89178549,-73.33048972,10000,0,0,1,1.0,geant4_laue_bfull_focal_primary_or_transmitted,gamma,22,1,0
2872,471,-26.15408757,-75.10956267,10000,0,0,1,1.0,geant4_laue_bfull_focal_primary_or_transmitted,gamma,22,1,0
2874,471,-22.55609527,-77.74034018,10000,0,0,1,1.0,geant4_laue_bfull_focal_primary_or_transmitted,gamma,22,1,0
2876,471,-18.91344933,-78.27598016,10000,0,0,1,1.0,geant4_laue_bfull_focal_primary_or_transmitted,gamma,22,1,0
2878,471,-13.85990656,-79.1726049,10000,0,0,1,1.0,geant4_laue_bfull_focal_primary_or_transmitted,gamma,22,1,0
2879,471,-11.27087513,-79.31125226,10000,0,0,1,1.0,geant4_laue_bfull_focal_primary_or_transmitted,gamma,22,1,0
2885,471,2.720354458,-80.450855,10000,0,0,1,1.0,geant4_laue_bfull_focal_primary_or_transmitted,gamma,22,1,0
2889,471,11.45025006,-79.05022979,10000,0,0,1,1.0,geant4_laue_bfull_focal_primary_or_transmitted,gamma,22,1,0
2891,471,16.3754607,-78.82854948,10000,0,0,1,1.0,geant4_laue_bfull_focal_primary_or_transmitted,gamma,22,1,0
2892,471,17.32097595,-77.83894623,10000,0,0,1,1.0,geant4_laue_bfull_focal_primary_or_transmitted,gamma,22,1,0
2896,471,26.38359941,-75.05392533,10000,0,0,1,1.0,geant4_laue_bfull_focal_primary_or_transmitted,gamma,22,1,0
2897,471,30.28267448,-75.332323,10000,0,0,1,1.0,geant4_laue_bfull_focal_primary_or_transmitted,gamma,22,1,0
2899,471,33.1258119,-73.54027707,10000,0,0,1,1.0,geant4_laue_bfull_focal_primary_or_transmitted,gamma,22,1,0
2900,471,36.04189741,-73.31816287,10000,0,0,1,1.0,geant4_laue_bfull_focal_primary_or_transmitted,gamma,22,1,0
2901,471,36.51634121,-70.83644782,10000,0,0,1,1.0,geant4_laue_bfull_focal_primary_or_transmitted,gamma,22,1,0
2903,471,40.77153211,-68.7021467,10000,0,0,1,1.0,geant4_laue_bfull_focal_primary_or_transmitted,gamma,22,1,0
2906,471,48.34133654,-64.28924264,10000,0,0,1,1.0,geant4_laue_bfull_focal_primary_or_transmitted,gamma,22,1,0
2910,471,54.83388127,-58.30327999,10000,0,0,1,1.0,geant4_laue_bfull_focal_primary_or_transmitted,gamma,22,1,0
2914,471,60.87701992,-53.60800016,10000,0,0,1,1.0,geant4_laue_bfull_focal_primary_or_transmitted,gamma,22,1,0
2920,471,68.07045033,-41.91927734,10000,0,0,1,1.0,geant4_laue_bfull_focal_primary_or_transmitted,gamma,22,1,0
2921,471,70.503319,-40.13369103,10000,0,0,1,1.0,geant4_laue_bfull_focal_primary_or_transmitted,gamma,22,1,0
2923,471,72.36151634,-35.71013126,10000,0,0,1,1.0,geant4_laue_bfull_focal_primary_or_transmitted,gamma,22,1,0
2925,471,73.86963065,-31.58947338,10000,0,0,1,1.0,geant4_laue_bfull_focal_primary_or_transmitted,gamma,22,1,0
2928,471,77.68514112,-24.01746541,10000,0,0,1,1.0,geant4_laue_bfull_focal_primary_or_transmitted,gamma,22,1,0
2932,471,78.51978925,-15.92392359,10000,0,0,1,1.0,geant4_laue_bfull_focal_primary_or_transmitted,gamma,22,1,0
2933,471,79.70437257,-13.66518497,10000,0,0,1,1.0,geant4_laue_bfull_focal_primary_or_transmitted,gamma,22,1,0
2938,471,80.16741887,-1.335415098,10000,0,0,1,1.0,geant4_laue_bfull_focal_primary_or_transmitted,gamma,22,1,0
2940,491,76.28307495,2.736566437,10000,0,0,1,1.0,geant4_laue_bfull_focal_primary_or_transmitted,gamma,22,1,0
2943,491,76.80779069,9.105725562,10000,0,0,1,1.0,geant4_laue_bfull_focal_primary_or_transmitted,gamma,22,1,0
2944,491,75.50576221,11.78748138,10000,0,0,1,1.0,geant4_laue_bfull_focal_primary_or_transmitted,gamma,22,1,0
2945,491,76.31734033,13.44605895,10000,0,0,1,1.0,geant4_laue_bfull_focal_primary_or_transmitted,gamma,22,1,0
2946,491,74.98070996,16.71890252,10000,0,0,1,1.0,geant4_laue_bfull_focal_primary_or_transmitted,gamma,22,1,0
2947,491,74.03096859,18.93704115,10000,0,0,1,1.0,geant4_laue_bfull_focal_primary_or_transmitted,gamma,22,1,0
2950,491,73.99885401,25.86814839,10000,0,0,1,1.0,geant4_laue_bfull_focal_primary_or_transmitted,gamma,22,1,0
2953,491,70.29123699,31.80769986,10000,0,0,1,1.0,geant4_laue_bfull_focal_primary_or_transmitted,gamma,22,1,0
2958,491,64.7044028,40.79366534,10000,0,0,1,1.0,geant4_laue_bfull_focal_primary_or_transmitted,gamma,22,1,0
2959,491,63.20296086,44.20304065,10000,0,0,1,1.0,geant4_laue_bfull_focal_primary_or_transmitted,gamma,22,1,0
2965,491,54.40290303,53.17013853,10000,0,0,1,1.0,geant4_laue_bfull_focal_primary_or_transmitted,gamma,22,1,0
2967,491,52.32458584,57.90801635,10000,0,0,1,1.0,geant4_laue_bfull_focal_primary_or_transmitted,gamma,22,1,0
2971,491,45.37426727,63.6355806,10000,0,0,1,1.0,geant4_laue_bfull_focal_primary_or_transmitted,gamma,22,1,0
2972,491,42.69861435,64.30163615,10000,0,0,1,1.0,geant4_laue_bfull_focal_primary_or_transmitted,gamma,22,1,0
2976,491,34.89316327,68.9811788,10000,0,0,1,1.0,geant4_laue_bfull_focal_primary_or_transmitted,gamma,22,1,0
2977,491,33.45572475,70.9329816,10000,0,0,1,1.0,geant4_laue_bfull_focal_primary_or_transmitted,gamma,22,1,0
2979,491,27.6032063,72.50836579,10000,0,0,1,1.0,geant4_laue_bfull_focal_primary_or_transmitted,gamma,22,1,0
2982,491,22.98718318,74.86217363,10000,0,0,1,1.0,geant4_laue_bfull_focal_primary_or_transmitted,gamma,22,1,0
2987,491,11.89619615,77.08606366,10000,0,0,1,1.0,geant4_laue_bfull_focal_primary_or_transmitted,gamma,22,1,0
2988,491,8.907996975,76.95678836,10000,0,0,1,1.0,geant4_laue_bfull_focal_primary_or_transmitted,gamma,22,1,0
2991,491,1.199314594,77.81667343,10000,0,0,1,1.0,geant4_laue_bfull_focal_primary_or_transmitted,gamma,22,1,0
2992,491,-0.4779383328,78.27729176,10000,0,0,1,1.0,geant4_laue_bfull_focal_primary_or_transmitted,gamma,22,1,0
2993,491,-1.831767635,76.52747772,10000,0,0,1,1.0,geant4_laue_bfull_focal_primary_or_transmitted,gamma,22,1,0
2997,491,-11.12405522,75.54470795,10000,0,0,1,1.0,geant4_laue_bfull_focal_primary_or_transmitted,gamma,22,1,0
2998,491,-14.46429334,76.56065619,10000,0,0,1,1.0,geant4_laue_bfull_focal_primary_or_transmitted,gamma,22,1,0
2999,491,-15.66008866,74.53835621,10000,0,0,1,1.0,geant4_laue_bfull_focal_primary_or_transmitted,gamma,22,1,0
3001,491,-21.68866975,73.95106028,10000,0,0,1,1.0,geant4_laue_bfull_focal_primary_or_transmitted,gamma,22,1,0
3011,491,-41.30110838,65.71745749,10000,0,0,1,1.0,geant4_laue_bfull_focal_primary_or_transmitted,gamma,22,1,0
3013,491,-45.50642371,63.26058046,10000,0,0,1,1.0,geant4_laue_bfull_focal_primary_or_transmitted,gamma,22,1,0
3014,491,-46.59415155,60.73534798,10000,0,0,1,1.0,geant4_laue_bfull_focal_primary_or_transmitted,gamma,22,1,0
3015,491,-48.53003012,60.42176142,10000,0,0,1,1.0,geant4_laue_bfull_focal_primary_or_transmitted,gamma,22,1,0
3016,491,-50.95586626,57.74012847,10000,0,0,1,1.0,geant4_laue_bfull_focal_primary_or_transmitted,gamma,22,1,0
3022,491,-59.54059978,47.16002423,10000,0,0,1,1.0,geant4_laue_bfull_focal_primary_or_transmitted,gamma,22,1,0
3023,491,-61.9407145,46.06307174,10000,0,0,1,1.0,geant4_laue_bfull_focal_primary_or_transmitted,gamma,22,1,0
3027,491,-67.88985331,39.45902731,10000,0,0,1,1.0,geant4_laue_bfull_focal_primary_or_transmitted,gamma,22,1,0
3031,491,-71.40661016,30.00529433,10000,0,0,1,1.0,geant4_laue_bfull_focal_primary_or_transmitted,gamma,22,1,0
3035,491,-74.15692474,22.22524347,10000,0,0,1,1.0,geant4_laue_bfull_focal_primary_or_transmitted,gamma,22,1,0
3038,491,-76.6511935,14.57634515,10000,0,0,1,1.0,geant4_laue_bfull_focal_primary_or_transmitted,gamma,22,1,0
3040,491,-75.70874955,10.98176237,10000,0,0,1,1.0,geant4_laue_bfull_focal_primary_or_transmitted,gamma,22,1,0
3041,491,-77.58967268,8.784036523,10000,0,0,1,1.0,geant4_laue_bfull_focal_primary_or_transmitted,gamma,22,1,0
3042,491,-77.93787964,6.291542277,10000,0,0,1,1.0,geant4_laue_bfull_focal_primary_or_transmitted,gamma,22,1,0
3044,491,-78.29215877,2.192485479,10000,0,0,1,1.0,geant4_laue_bfull_focal_primary_or_transmitted,gamma,22,1,0
3045,491,-76.98937568,-0.8945731618,10000,0,0,1,1.0,geant4_laue_bfull_focal_primary_or_transmitted,gamma,22,1,0
3048,491,-77.93994068,-7.686757449,10000,0,0,1,1.0,geant4_laue_bfull_focal_primary_or_transmitted,gamma,22,1,0
3052,491,-74.40331988,-17.96567463,10000,0,0,1,1.0,geant4_laue_bfull_focal_primary_or_transmitted,gamma,22,1,0
3055,491,-73.27991638,-24.19025012,10000,0,0,1,1.0,geant4_laue_bfull_focal_primary_or_transmitted,gamma,22,1,0
3057,491,-72.41383783,-28.72710881,10000,0,0,1,1.0,geant4_laue_bfull_focal_primary_or_transmitted,gamma,22,1,0
3058,491,-71.61478732,-30.40270795,10000,0,0,1,1.0,geant4_laue_bfull_focal_primary_or_transmitted,gamma,22,1,0
3059,491,-71.28364468,-31.35138966,10000,0,0,1,1.0,geant4_laue_bfull_focal_primary_or_transmitted,gamma,22,1,0
3061,491,-68.68384318,-36.59581406,10000,0,0,1,1.0,geant4_laue_bfull_focal_primary_or_transmitted,gamma,22,1,0
3062,491,-66.79119571,-38.05826276,10000,0,0,1,1.0,geant4_laue_bfull_focal_primary_or_transmitted,gamma,22,1,0
3064,491,-63.6093725,-41.991889,10000,0,0,1,1.0,geant4_laue_bfull_focal_primary_or_transmitted,gamma,22,1,0
3069,491,-57.32201928,-52.10680598,10000,0,0,1,1.0,geant4_laue_bfull_focal_primary_or_transmitted,gamma,22,1,0
3074,491,-49.87421556,-59.62938348,10000,0,0,1,1.0,geant4_laue_bfull_focal_primary_or_transmitted,gamma,22,1,0
3075,491,-47.50633347,-60.05736159,10000,0,0,1,1.0,geant4_laue_bfull_focal_primary_or_transmitted,gamma,22,1,0
3077,491,-43.01115194,-63.84820417,10000,0,0,1,1.0,geant4_laue_bfull_focal_primary_or_transmitted,gamma,22,1,0
3080,491,-37.74327014,-66.37950516,10000,0,0,1,1.0,geant4_laue_bfull_focal_primary_or_transmitted,gamma,22,1,0
3083,491,-31.7524703,-70.47740344,10000,0,0,1,1.0,geant4_laue_bfull_focal_primary_or_transmitted,gamma,22,1,0
3084,491,-29.85600157,-71.93517319,10000,0,0,1,1.0,geant4_laue_bfull_focal_primary_or_transmitted,gamma,22,1,0
3087,491,-23.36794351,-72.73353771,10000,0,0,1,1.0,geant4_laue_bfull_focal_primary_or_transmitted,gamma,22,1,0
3088,491,-21.77839068,-73.39440472,10000,0,0,1,1.0,geant4_laue_bfull_focal_primary_or_transmitted,gamma,22,1,0
3092,491,-13.04194741,-76.61320795,10000,0,0,1,1.0,geant4_laue_bfull_focal_primary_or_transmitted,gamma,22,1,0
3096,491,-3.50127676,-76.41616894,10000,0,0,1,1.0,geant4_laue_bfull_focal_primary_or_transmitted,gamma,22,1,0
3107,491,23.144655,-74.86911964,10000,0,0,1,1.0,geant4_laue_bfull_focal_primary_or_transmitted,gamma,22,1,0
3112,491,32.26518002,-70.35778235,10000,0,0,1,1.0,geant4_laue_bfull_focal_primary_or_transmitted,gamma,22,1,0
3113,491,33.9911675,-69.61795761,10000,0,0,1,1.0,geant4_laue_bfull_focal_primary_or_transmitted,gamma,22,1,0
3114,491,36.81774844,-68.02089786,10000,0,0,1,1.0,geant4_laue_bfull_focal_primary_or_transmitted,gamma,22,1,0
3115,491,39.78700551,-66.50719285,10000,0,0,1,1.0,geant4_laue_bfull_focal_primary_or_transmitted,gamma,22,1,0
3116,491,41.51894742,-66.24110257,10000,0,0,1,1.0,geant4_laue_bfull_focal_primary_or_transmitted,gamma,22,1,0
3117,491,42.04698207,-63.2475215,10000,0,0,1,1.0,geant4_laue_bfull_focal_primary_or_transmitted,gamma,22,1,0
3121,491,50.37776837,-57.88808345,10000,0,0,1,1.0,geant4_laue_bfull_focal_primary_or_transmitted,gamma,22,1,0
3122,491,51.78570913,-56.71066466,10000,0,0,1,1.0,geant4_laue_bfull_focal_primary_or_transmitted,gamma,22,1,0
3123,491,53.17282866,-56.35468261,10000,0,0,1,1.0,geant4_laue_bfull_focal_primary_or_transmitted,gamma,22,1,0
3126,491,59.25478514,-50.92716511,10000,0,0,1,1.0,geant4_laue_bfull_focal_primary_or_transmitted,gamma,22,1,0
3127,491,60.71773099,-49.60146963,10000,0,0,1,1.0,geant4_laue_bfull_focal_primary_or_transmitted,gamma,22,1,0
3129,491,62.40258029,-45.66598781,10000,0,0,1,1.0,geant4_laue_bfull_focal_primary_or_transmitted,gamma,22,1,0
3131,491,64.67237279,-41.72308441,10000,0,0,1,1.0,geant4_laue_bfull_focal_primary_or_transmitted,gamma,22,1,0
3134,491,68.00075468,-36.09043683,10000,0,0,1,1.0,geant4_laue_bfull_focal_primary_or_transmitted,gamma,22,1,0
3138,491,73.31589339,-26.21820222,10000,0,0,1,1.0,geant4_laue_bfull_focal_primary_or_transmitted,gamma,22,1,0
3141,491,73.53411345,-20.07043346,10000,0,0,1,1.0,geant4_laue_bfull_focal_primary_or_transmitted,gamma,22,1,0
3145,491,77.00983244,-10.83884822,10000,0,0,1,1.0,geant4_laue_bfull_focal_primary_or_transmitted,gamma,22,1,0
3146,491,75.69400037,-9.898947339,10000,0,0,1,1.0,geant4_laue_bfull_focal_primary_or_transmitted,gamma,22,1,0
3156,511,73.46765715,14.19949393,10000,0,0,1,1.0,geant4_laue_bfull_focal_primary_or_transmitted,gamma,22,1,0
3160,511,71.69660245,23.38713836,10000,0,0,1,1.0,geant4_laue_bfull_focal_primary_or_transmitted,gamma,22,1,0
3162,511,68.7461796,26.99286836,10000,0,0,1,1.0,geant4_laue_bfull_focal_primary_or_transmitted,gamma,22,1,0
3164,511,68.38287222,30.81468931,10000,0,0,1,1.0,geant4_laue_bfull_focal_primary_or_transmitted,gamma,22,1,0
3166,511,64.4146988,34.8254778,10000,0,0,1,1.0,geant4_laue_bfull_focal_primary_or_transmitted,gamma,22,1,0
3169,511,62.62393933,40.65465089,10000,0,0,1,1.0,geant4_laue_bfull_focal_primary_or_transmitted,gamma,22,1,0
3172,511,58.30149423,47.1538052,10000,0,0,1,1.0,geant4_laue_bfull_focal_primary_or_transmitted,gamma,22,1,0
3174,511,54.14423197,51.32435328,10000,0,0,1,1.0,geant4_laue_bfull_focal_primary_or_transmitted,gamma,22,1,0
3175,511,51.85494642,52.06250241,10000,0,0,1,1.0,geant4_laue_bfull_focal_primary_or_transmitted,gamma,22,1,0
3180,511,43.66479264,59.55373744,10000,0,0,1,1.0,geant4_laue_bfull_focal_primary_or_transmitted,gamma,22,1,0
3181,511,41.29321078,62.07574926,10000,0,0,1,1.0,geant4_laue_bfull_focal_primary_or_transmitted,gamma,22,1,0
3183,511,39.37911529,63.73898441,10000,0,0,1,1.0,geant4_laue_bfull_focal_primary_or_transmitted,gamma,22,1,0
3185,511,35.19910403,66.88932632,10000,0,0,1,1.0,geant4_laue_bfull_focal_primary_or_transmitted,gamma,22,1,0
3186,511,31.47442918,66.93217609,10000,0,0,1,1.0,geant4_laue_bfull_focal_primary_or_transmitted,gamma,22,1,0
3187,511,30.85273361,67.12168585,10000,0,0,1,1.0,geant4_laue_bfull_focal_primary_or_transmitted,gamma,22,1,0
3190,511,23.84755413,69.8363473,10000,0,0,1,1.0,geant4_laue_bfull_focal_primary_or_transmitted,gamma,22,1,0
3193,511,16.31126669,71.24241948,10000,0,0,1,1.0,geant4_laue_bfull_focal_primary_or_transmitted,gamma,22,1,0
3196,511,9.420955794,72.72834883,10000,0,0,1,1.0,geant4_laue_bfull_focal_primary_or_transmitted,gamma,22,1,0
3200,511,0.4959575763,73.85464136,10000,0,0,1,1.0,geant4_laue_bfull_focal_primary_or_transmitted,gamma,22,1,0
3201,511,-0.9317286549,75.31965872,10000,0,0,1,1.0,geant4_laue_bfull_focal_primary_or_transmitted,gamma,22,1,0
3202,511,-3.649605488,74.35116129,10000,0,0,1,1.0,geant4_laue_bfull_focal_primary_or_transmitted,gamma,22,1,0
3203,511,-6.835694345,73.1271978,10000,0,0,1,1.0,geant4_laue_bfull_focal_primary_or_transmitted,gamma,22,1,0
3206,511,-12.22044978,73.8121711,10000,0,0,1,1.0,geant4_laue_bfull_focal_primary_or_transmitted,gamma,22,1,0
3209,511,-20.46101107,72.38922637,10000,0,0,1,1.0,geant4_laue_bfull_focal_primary_or_transmitted,gamma,22,1,0
3210,511,-22.55104409,71.00267706,10000,0,0,1,1.0,geant4_laue_bfull_focal_primary_or_transmitted,gamma,22,1,0
3214,511,-29.45714915,67.30085325,10000,0,0,1,1.0,geant4_laue_bfull_focal_primary_or_transmitted,gamma,22,1,0
3215,511,-32.14995445,66.64043816,10000,0,0,1,1.0,geant4_laue_bfull_focal_primary_or_transmitted,gamma,22,1,0
3216,511,-33.84969326,65.29701524,10000,0,0,1,1.0,geant4_laue_bfull_focal_primary_or_transmitted,gamma,22,1,0
3224,511,-48.59971426,56.3083106,10000,0,0,1,1.0,geant4_laue_bfull_focal_primary_or_transmitted,gamma,22,1,0
3231,511,-59.85593847,42.76492163,10000,0,0,1,1.0,geant4_laue_bfull_focal_primary_or_transmitted,gamma,22,1,0
3232,511,-62.1558688,42.05996971,10000,0,0,1,1.0,geant4_laue_bfull_focal_primary_or_transmitted,gamma,22,1,0
3233,511,-62.58495952,38.55482906,10000,0,0,1,1.0,geant4_laue_bfull_focal_primary_or_transmitted,gamma,22,1,0
3234,511,-63.40390601,36.60271067,10000,0,0,1,1.0,geant4_laue_bfull_focal_primary_or_transmitted,gamma,22,1,0
3235,511,-65.28697338,34.3894907,10000,0,0,1,1.0,geant4_laue_bfull_focal_primary_or_transmitted,gamma,22,1,0
3236,511,-66.69567676,33.40654882,10000,0,0,1,1.0,geant4_laue_bfull_focal_primary_or_transmitted,gamma,22,1,0
3238,511,-68.61324181,29.5299433,10000,0,0,1,1.0,geant4_laue_bfull_focal_primary_or_transmitted,gamma,22,1,0
3241,511,-69.82037137,23.04072932,10000,0,0,1,1.0,geant4_laue_bfull_focal_primary_or_transmitted,gamma,22,1,0
3242,511,-70.98221836,21.04926224,10000,0,0,1,1.0,geant4_laue_bfull_focal_primary_or_transmitted,gamma,22,1,0
3244,511,-72.99813467,15.22115038,10000,0,0,1,1.0,geant4_laue_bfull_focal_primary_or_transmitted,gamma,22,1,0
3245,511,-72.59961456,13.3080158,10000,0,0,1,1.0,geant4_laue_bfull_focal_primary_or_transmitted,gamma,22,1,0
3246,511,-72.96080298,11.63627302,10000,0,0,1,1.0,geant4_laue_bfull_focal_primary_or_transmitted,gamma,22,1,0
3250,511,-75.00515264,2.014834145,10000,0,0,1,1.0,geant4_laue_bfull_focal_primary_or_transmitted,gamma,22,1,0
3254,511,-73.39735201,-7.080762227,10000,0,0,1,1.0,geant4_laue_bfull_focal_primary_or_transmitted,gamma,22,1,0
3256,511,-73.14735548,-10.66778857,10000,0,0,1,1.0,geant4_laue_bfull_focal_primary_or_transmitted,gamma,22,1,0
3258,511,-72.32947885,-16.69074754,10000,0,0,1,1.0,geant4_laue_bfull_focal_primary_or_transmitted,gamma,22,1,0
3259,511,-72.86740861,-17.32367512,10000,0,0,1,1.0,geant4_laue_bfull_focal_primary_or_transmitted,gamma,22,1,0
3260,511,-72.10420693,-20.47236906,10000,0,0,1,1.0,geant4_laue_bfull_focal_primary_or_transmitted,gamma,22,1,0
3262,511,-71.04694261,-24.03595607,10000,0,0,1,1.0,geant4_laue_bfull_focal_primary_or_transmitted,gamma,22,1,0
3263,511,-69.57669879,-26.77702293,10000,0,0,1,1.0,geant4_laue_bfull_focal_primary_or_transmitted,gamma,22,1,0
3266,511,-65.50327323,-32.86055558,10000,0,0,1,1.0,geant4_laue_bfull_focal_primary_or_transmitted,gamma,22,1,0
3268,511,-64.12428664,-37.64861612,10000,0,0,1,1.0,geant4_laue_bfull_focal_primary_or_transmitted,gamma,22,1,0
3272,511,-58.33707294,-45.75742165,10000,0,0,1,1.0,geant4_laue_bfull_focal_primary_or_transmitted,gamma,22,1,0
3274,511,-57.00628286,-48.35436558,10000,0,0,1,1.0,geant4_laue_bfull_focal_primary_or_transmitted,gamma,22,1,0
3277,511,-52.19365507,-53.75647855,10000,0,0,1,1.0,geant4_laue_bfull_focal_primary_or_transmitted,gamma,22,1,0
3278,511,-49.08858951,-54.22542979,10000,0,0,1,1.0,geant4_laue_bfull_focal_primary_or_transmitted,gamma,22,1,0
3279,511,-47.92962248,-56.55515562,10000,0,0,1,1.0,geant4_laue_bfull_focal_primary_or_transmitted,gamma,22,1,0
3280,511,-46.23107569,-58.38011004,10000,0,0,1,1.0,geant4_laue_bfull_focal_primary_or_transmitted,gamma,22,1,0
3282,511,-41.71664342,-62.11222723,10000,0,0,1,1.0,geant4_laue_bfull_focal_primary_or_transmitted,gamma,22,1,0
3285,511,-37.56864014,-64.59057715,10000,0,0,1,1.0,geant4_laue_bfull_focal_primary_or_transmitted,gamma,22,1,0
3287,511,-32.32775001,-65.87522639,10000,0,0,1,1.0,geant4_laue_bfull_focal_primary_or_transmitted,gamma,22,1,0
3288,511,-29.47458806,-66.86448803,10000,0,0,1,1.0,geant4_laue_bfull_focal_primary_or_transmitted,gamma,22,1,0
3289,511,-27.58992868,-68.85666736,10000,0,0,1,1.0,geant4_laue_bfull_focal_primary_or_transmitted,gamma,22,1,0
3290,511,-26.47601028,-69.30785273,10000,0,0,1,1.0,geant4_laue_bfull_focal_primary_or_transmitted,gamma,22,1,0
3291,511,-22.75543315,-69.61919814,10000,0,0,1,1.0,geant4_laue_bfull_focal_primary_or_transmitted,gamma,22,1,0
3292,511,-22.19242207,-70.49967604,10000,0,0,1,1.0,geant4_laue_bfull_focal_primary_or_transmitted,gamma,22,1,0
3294,511,-17.27734498,-71.33377563,10000,0,0,1,1.0,geant4_laue_bfull_focal_primary_or_transmitted,gamma,22,1,0
3295,511,-13.84082223,-72.39310085,10000,0,0,1,1.0,geant4_laue_bfull_focal_primary_or_transmitted,gamma,22,1,0
3297,511,-9.346917837,-73.65883332,10000,0,0,1,1.0,geant4_laue_bfull_focal_primary_or_transmitted,gamma,22,1,0
3298,511,-7.619415986,-74.04461651,10000,0,0,1,1.0,geant4_laue_bfull_focal_primary_or_transmitted,gamma,22,1,0
3300,511,-3.000728912,-75.21323571,10000,0,0,1,1.0,geant4_laue_bfull_focal_primary_or_transmitted,gamma,22,1,0
3307,511,12.66671954,-72.58061654,10000,0,0,1,1.0,geant4_laue_bfull_focal_primary_or_transmitted,gamma,22,1,0
3313,511,26.32845837,-68.89349856,10000,0,0,1,1.0,geant4_laue_bfull_focal_primary_or_transmitted,gamma,22,1,0
3317,511,35.38091955,-66.7517534,10000,0,0,1,1.0,geant4_laue_bfull_focal_primary_or_transmitted,gamma,22,1,0
3319,511,38.06382713,-63.57127106,10000,0,0,1,1.0,geant4_laue_bfull_focal_primary_or_transmitted,gamma,22,1,0
3322,511,43.40133026,-59.42784991,10000,0,0,1,1.0,geant4_laue_bfull_focal_primary_or_transmitted,gamma,22,1,0
3326,511,51.1330029,-53.47607082,10000,0,0,1,1.0,geant4_laue_bfull_focal_primary_or_transmitted,gamma,22,1,0
3327,511,53.37229086,-52.73473891,10000,0,0,1,1.0,geant4_laue_bfull_focal_primary_or_transmitted,gamma,22,1,0
3329,511,55.08800184,-49.81671639,10000,0,0,1,1.0,geant4_laue_bfull_focal_primary_or_transmitted,gamma,22,1,0
3332,511,61.02354034,-43.97248747,10000,0,0,1,1.0,geant4_laue_bfull_focal_primary_or_transmitted,gamma,22,1,0
3333,511,61.01536051,-41.24113376,10000,0,0,1,1.0,geant4_laue_bfull_focal_primary_or_transmitted,gamma,22,1,0
3334,511,62.43659037,-39.43371453,10000,0,0,1,1.0,geant4_laue_bfull_focal_primary_or_transmitted,gamma,22,1,0
3342,511,71.45422482,-21.76443208,10000,0,0,1,1.0,geant4_laue_bfull_focal_primary_or_transmitted,gamma,22,1,0
3345,511,71.57324198,-16.15205252,10000,0,0,1,1.0,geant4_laue_bfull_focal_primary_or_transmitted,gamma,22,1,0
3346,511,73.08977823,-13.56529211,10000,0,0,1,1.0,geant4_laue_bfull_focal_primary_or_transmitted,gamma,22,1,0
3352,531,71.66688539,-0.8048744038,10000,0,0,1,1.0,geant4_laue_bfull_focal_primary_or_transmitted,gamma,22,1,0
3356,531,71.2512502,8.695781526,10000,0,0,1,1.0,geant4_laue_bfull_focal_primary_or_transmitted,gamma,22,1,0
3357,531,71.34042639,10.91499403,10000,0,0,1,1.0,geant4_laue_bfull_focal_primary_or_transmitted,gamma,22,1,0
3358,531,70.05758929,14.66041721,10000,0,0,1,1.0,geant4_laue_bfull_focal_primary_or_transmitted,gamma,22,1,0
3364,531,65.90104752,27.019513,10000,0,0,1,1.0,geant4_laue_bfull_focal_primary_or_transmitted,gamma,22,1,0
3365,531,66.20308816,28.73649855,10000,0,0,1,1.0,geant4_laue_bfull_focal_primary_or_transmitted,gamma,22,1,0
3366,531,64.86395237,31.60202916,10000,0,0,1,1.0,geant4_laue_bfull_focal_primary_or_transmitted,gamma,22,1,0
3369,531,62.01642177,37.02905512,10000,0,0,1,1.0,geant4_laue_bfull_focal_primary_or_transmitted,gamma,22,1,0
3372,531,57.01601189,43.33570185,10000,0,0,1,1.0,geant4_laue_bfull_focal_primary_or_transmitted,gamma,22,1,0
3375,531,52.26801477,48.54664845,10000,0,0,1,1.0,geant4_laue_bfull_focal_primary_or_transmitted,gamma,22,1,0
3377,531,50.51389783,52.55767402,10000,0,0,1,1.0,geant4_laue_bfull_focal_primary_or_transmitted,gamma,22,1,0
3379,531,47.06135265,55.37947617,10000,0,0,1,1.0,geant4_laue_bfull_focal_primary_or_transmitted,gamma,22,1,0
3380,531,44.99392317,55.36174974,10000,0,0,1,1.0,geant4_laue_bfull_focal_primary_or_transmitted,gamma,22,1,0
3381,531,42.97521165,56.50170157,10000,0,0,1,1.0,geant4_laue_bfull_focal_primary_or_transmitted,gamma,22,1,0
3384,531,37.35433837,61.68144885,10000,0,0,1,1.0,geant4_laue_bfull_focal_primary_or_transmitted,gamma,22,1,0
3385,531,35.80846157,63.47110126,10000,0,0,1,1.0,geant4_laue_bfull_focal_primary_or_transmitted,gamma,22,1,0
3387,531,29.67539316,64.53207865,10000,0,0,1,1.0,geant4_laue_bfull_focal_primary_or_transmitted,gamma,22,1,0
3389,531,25.81489411,66.46618458,10000,0,0,1,1.0,geant4_laue_bfull_focal_primary_or_transmitted,gamma,22,1,0
3390,531,24.17103052,66.30465227,10000,0,0,1,1.0,geant4_laue_bfull_focal_primary_or_transmitted,gamma,22,1,0
3392,531,19.28097249,69.02306987,10000,0,0,1,1.0,geant4_laue_bfull_focal_primary_or_transmitted,gamma,22,1,0
3393,531,18.63401803,68.87253892,10000,0,0,1,1.0,geant4_laue_bfull_focal_primary_or_transmitted,gamma,22,1,0
3396,531,11.22423335,71.20890219,10000,0,0,1,1.0,geant4_laue_bfull_focal_primary_or_transmitted,gamma,22,1,0
3397,531,7.960139026,69.87509056,10000,0,0,1,1.0,geant4_laue_bfull_focal_primary_or_transmitted,gamma,22,1,0
3399,531,3.518439164,71.24240064,10000,0,0,1,1.0,geant4_laue_bfull_focal_primary_or_transmitted,gamma,22,1,0
3403,531,-4.080647044,71.48265198,10000,0,0,1,1.0,geant4_laue_bfull_focal_primary_or_transmitted,gamma,22,1,0
3405,531,-10.29402457,70.07147582,10000,0,0,1,1.0,geant4_laue_bfull_focal_primary_or_transmitted,gamma,22,1,0
3406,531,-12.29602692,69.70573212,10000,0,0,1,1.0,geant4_laue_bfull_focal_primary_or_transmitted,gamma,22,1,0
3407,531,-13.7675546,70.55395619,10000,0,0,1,1.0,geant4_laue_bfull_focal_primary_or_transmitted,gamma,22,1,0
3412,531,-25.48269035,66.53070295,10000,0,0,1,1.0,geant4_laue_bfull_focal_primary_or_transmitted,gamma,22,1,0
3413,531,-26.53481879,66.49495952,10000,0,0,1,1.0,geant4_laue_bfull_focal_primary_or_transmitted,gamma,22,1,0
3414,531,-29.69152998,66.04980411,10000,0,0,1,1.0,geant4_laue_bfull_focal_primary_or_transmitted,gamma,22,1,0
3420,531,-42.49316057,58.87822233,10000,0,0,1,1.0,geant4_laue_bfull_focal_primary_or_transmitted,gamma,22,1,0
3421,531,-43.06602411,56.60242583,10000,0,0,1,1.0,geant4_laue_bfull_focal_primary_or_transmitted,gamma,22,1,0
3423,531,-46.03364122,53.08690917,10000,0,0,1,1.0,geant4_laue_bfull_focal_primary_or_transmitted,gamma,22,1,0
3424,531,-47.79308954,51.3975752,10000,0,0,1,1.0,geant4_laue_bfull_focal_primary_or_transmitted,gamma,22,1,0
3428,531,-54.02379834,46.47195224,10000,0,0,1,1.0,geant4_laue_bfull_focal_primary_or_transmitted,gamma,22,1,0
3431,531,-59.40603448,40.84888732,10000,0,0,1,1.0,geant4_laue_bfull_focal_primary_or_transmitted,gamma,22,1,0
3432,531,-60.08599629,38.46755651,10000,0,0,1,1.0,geant4_laue_bfull_focal_primary_or_transmitted,gamma,22,1,0
3438,531,-66.75762057,26.74579607,10000,0,0,1,1.0,geant4_laue_bfull_focal_primary_or_transmitted,gamma,22,1,0
3439,531,-67.3508681,23.57878714,10000,0,0,1,1.0,geant4_laue_bfull_focal_primary_or_transmitted,gamma,22,1,0
3442,531,-68.36365087,17.49948154,10000,0,0,1,1.0,geant4_laue_bfull_focal_primary_or_transmitted,gamma,22,1,0
3447,531,-72.12643486,4.709692329,10000,0,0,1,1.0,geant4_laue_bfull_focal_primary_or_transmitted,gamma,22,1,0
3453,531,-71.9314355,-8.550533873,10000,0,0,1,1.0,geant4_laue_bfull_focal_primary_or_transmitted,gamma,22,1,0
3454,531,-70.98242825,-10.43425317,10000,0,0,1,1.0,geant4_laue_bfull_focal_primary_or_transmitted,gamma,22,1,0
3455,531,-70.68161679,-13.41682898,10000,0,0,1,1.0,geant4_laue_bfull_focal_primary_or_transmitted,gamma,22,1,0
3460,531,-67.48261296,-24.62649642,10000,0,0,1,1.0,geant4_laue_bfull_focal_primary_or_transmitted,gamma,22,1,0
3462,531,-64.72173386,-27.23703976,10000,0,0,1,1.0,geant4_laue_bfull_focal_primary_or_transmitted,gamma,22,1,0
3464,531,-63.71450653,-31.94825294,10000,0,0,1,1.0,geant4_laue_bfull_focal_primary_or_transmitted,gamma,22,1,0
3465,531,-62.71349921,-34.07560606,10000,0,0,1,1.0,geant4_laue_bfull_focal_primary_or_transmitted,gamma,22,1,0
3470,531,-57.00691502,-43.58823741,10000,0,0,1,1.0,geant4_laue_bfull_focal_primary_or_transmitted,gamma,22,1,0
3471,531,-54.44762236,-45.42953483,10000,0,0,1,1.0,geant4_laue_bfull_focal_primary_or_transmitted,gamma,22,1,0
3472,531,-53.16382371,-46.69024473,10000,0,0,1,1.0,geant4_laue_bfull_focal_primary_or_transmitted,gamma,22,1,0
3477,531,-44.47255689,-55.7823422,10000,0,0,1,1.0,geant4_laue_bfull_focal_primary_or_transmitted,gamma,22,1,0
3478,531,-42.9347784,-56.83395828,10000,0,0,1,1.0,geant4_laue_bfull_focal_primary_or_transmitted,gamma,22,1,0
3481,531,-38.15036384,-61.73364928,10000,0,0,1,1.0,geant4_laue_bfull_focal_primary_or_transmitted,gamma,22,1,0
3482,531,-35.42368114,-61.45319095,10000,0,0,1,1.0,geant4_laue_bfull_focal_primary_or_transmitted,gamma,22,1,0
3487,531,-25.38393809,-66.43698112,10000,0,0,1,1.0,geant4_laue_bfull_focal_primary_or_transmitted,gamma,22,1,0
3489,531,-21.95184485,-68.53545112,10000,0,0,1,1.0,geant4_laue_bfull_focal_primary_or_transmitted,gamma,22,1,0
3492,531,-14.53798637,-69.66929286,10000,0,0,1,1.0,geant4_laue_bfull_focal_primary_or_transmitted,gamma,22,1,0
3493,531,-12.70730964,-69.86848468,10000,0,0,1,1.0,geant4_laue_bfull_focal_primary_or_transmitted,gamma,22,1,0
3498,531,-1.6130969,-70.78977212,10000,0,0,1,1.0,geant4_laue_bfull_focal_primary_or_transmitted,gamma,22,1,0
3499,531,2.642505394,-71.41473845,10000,0,0,1,1.0,geant4_laue_bfull_focal_primary_or_transmitted,gamma,22,1,0
3501,531,5.656807461,-72.14456726,10000,0,0,1,1.0,geant4_laue_bfull_focal_primary_or_transmitted,gamma,22,1,0
3502,531,7.976832994,-70.65194922,10000,0,0,1,1.0,geant4_laue_bfull_focal_primary_or_transmitted,gamma,22,1,0
3503,531,11.34345942,-70.51447299,10000,0,0,1,1.0,geant4_laue_bfull_focal_primary_or_transmitted,gamma,22,1,0
3505,531,14.3302066,-70.25584914,10000,0,0,1,1.0,geant4_laue_bfull_focal_primary_or_transmitted,gamma,22,1,0
3511,531,28.32215076,-65.02535211,10000,0,0,1,1.0,geant4_laue_bfull_focal_primary_or_transmitted,gamma,22,1,0
3513,531,33.40463211,-64.52444003,10000,0,0,1,1.0,geant4_laue_bfull_focal_primary_or_transmitted,gamma,22,1,0
3515,531,35.64248787,-60.91241654,10000,0,0,1,1.0,geant4_laue_bfull_focal_primary_or_transmitted,gamma,22,1,0
3518,531,42.15741688,-58.34176848,10000,0,0,1,1.0,geant4_laue_bfull_focal_primary_or_transmitted,gamma,22,1,0
3520,531,46.36243419,-53.74314067,10000,0,0,1,1.0,geant4_laue_bfull_focal_primary_or_transmitted,gamma,22,1,0
3521,531,47.51377281,-52.44683746,10000,0,0,1,1.0,geant4_laue_bfull_focal_primary_or_transmitted,gamma,22,1,0
3522,531,49.38784389,-52.29820282,10000,0,0,1,1.0,geant4_laue_bfull_focal_primary_or_transmitted,gamma,22,1,0
3523,531,50.35993498,-49.40134765,10000,0,0,1,1.0,geant4_laue_bfull_focal_primary_or_transmitted,gamma,22,1,0
3524,531,51.7941514,-48.25200431,10000,0,0,1,1.0,geant4_laue_bfull_focal_primary_or_transmitted,gamma,22,1,0
3529,531,60.0069732,-38.19642878,10000,0,0,1,1.0,geant4_laue_bfull_focal_primary_or_transmitted,gamma,22,1,0
3530,531,61.55206082,-37.59500433,10000,0,0,1,1.0,geant4_laue_bfull_focal_primary_or_transmitted,gamma,22,1,0
3536,531,67.50588139,-24.65588886,10000,0,0,1,1.0,geant4_laue_bfull_focal_primary_or_transmitted,gamma,22,1,0
3538,531,69.48507422,-21.40840181,10000,0,0,1,1.0,geant4_laue_bfull_focal_primary_or_transmitted,gamma,22,1,0
3543,531,71.69026805,-9.906987384,10000,0,0,1,1.0,geant4_laue_bfull_focal_primary_or_transmitted,gamma,22,1,0
3544,531,70.74755506,-7.811675361,10000,0,0,1,1.0,geant4_laue_bfull_focal_primary_or_transmitted,gamma,22,1,0
3546,531,72.08976263,-1.315977382,10000,0,0,1,1.0,geant4_laue_bfull_focal_primary_or_transmitted,gamma,22,1,0
3548,551,68.06807467,3.393218095,10000,0,0,1,1.0,geant4_laue_bfull_focal_primary_or_transmitted,gamma,22,1,0
3553,551,66.61921409,14.22291618,10000,0,0,1,1.0,geant4_laue_bfull_focal_primary_or_transmitted,gamma,22,1,0
3554,551,67.34971436,16.3859668,10000,0,0,1,1.0,geant4_laue_bfull_focal_primary_or_transmitted,gamma,22,1,0
3556,551,66.76407142,19.8186226,10000,0,0,1,1.0,geant4_laue_bfull_focal_primary_or_transmitted,gamma,22,1,0
3557,551,65.82443804,22.23758356,10000,0,0,1,1.0,geant4_laue_bfull_focal_primary_or_transmitted,gamma,22,1,0
3558,551,64.09213064,24.53807662,10000,0,0,1,1.0,geant4_laue_bfull_focal_primary_or_transmitted,gamma,22,1,0
3564,551,57.18164848,36.98556929,10000,0,0,1,1.0,geant4_laue_bfull_focal_primary_or_transmitted,gamma,22,1,0
3570,551,48.60649721,48.79989759,10000,0,0,1,1.0,geant4_laue_bfull_focal_primary_or_transmitted,gamma,22,1,0
3572,551,47.18201351,51.34905714,10000,0,0,1,1.0,geant4_laue_bfull_focal_primary_or_transmitted,gamma,22,1,0
3574,551,43.24758405,53.55721341,10000,0,0,1,1.0,geant4_laue_bfull_focal_primary_or_transmitted,gamma,22,1,0
3575,551,41.06854415,55.7729416,10000,0,0,1,1.0,geant4_laue_bfull_focal_primary_or_transmitted,gamma,22,1,0
3577,551,37.48187823,58.0845825,10000,0,0,1,1.0,geant4_laue_bfull_focal_primary_or_transmitted,gamma,22,1,0
3582,551,25.85050606,62.44864878,10000,0,0,1,1.0,geant4_laue_bfull_focal_primary_or_transmitted,gamma,22,1,0
3592,551,3.750366873,68.00077331,10000,0,0,1,1.0,geant4_laue_bfull_focal_primary_or_transmitted,gamma,22,1,0
3599,551,-10.93930136,68.33354703,10000,0,0,1,1.0,geant4_laue_bfull_focal_primary_or_transmitted,gamma,22,1,0
3605,551,-25.45863802,64.87295053,10000,0,0,1,1.0,geant4_laue_bfull_focal_primary_or_transmitted,gamma,22,1,0
3606,551,-25.99785987,64.12652052,10000,0,0,1,1.0,geant4_laue_bfull_focal_primary_or_transmitted,gamma,22,1,0
3607,551,-28.91343997,62.5077306,10000,0,0,1,1.0,geant4_laue_bfull_focal_primary_or_transmitted,gamma,22,1,0
3610,551,-34.79885096,59.20881398,10000,0,0,1,1.0,geant4_laue_bfull_focal_primary_or_transmitted,gamma,22,1,0
3611,551,-36.31723618,58.29586357,10000,0,0,1,1.0,geant4_laue_bfull_focal_primary_or_transmitted,gamma,22,1,0
3615,551,-43.86090498,52.72232283,10000,0,0,1,1.0,geant4_laue_bfull_focal_primary_or_transmitted,gamma,22,1,0
3617,551,-47.81403795,49.20349141,10000,0,0,1,1.0,geant4_laue_bfull_focal_primary_or_transmitted,gamma,22,1,0
3619,551,-50.48834777,45.18725114,10000,0,0,1,1.0,geant4_laue_bfull_focal_primary_or_transmitted,gamma,22,1,0
3620,551,-52.82600596,43.63264832,10000,0,0,1,1.0,geant4_laue_bfull_focal_primary_or_transmitted,gamma,22,1,0
3621,551,-55.02208243,41.77237109,10000,0,0,1,1.0,geant4_laue_bfull_focal_primary_or_transmitted,gamma,22,1,0
3627,551,-61.99995916,32.06816243,10000,0,0,1,1.0,geant4_laue_bfull_focal_primary_or_transmitted,gamma,22,1,0
3628,551,-62.11801716,30.03944177,10000,0,0,1,1.0,geant4_laue_bfull_focal_primary_or_transmitted,gamma,22,1,0
3629,551,-63.11541971,26.20052365,10000,0,0,1,1.0,geant4_laue_bfull_focal_primary_or_transmitted,gamma,22,1,0
3630,551,-63.99370281,23.72621825,10000,0,0,1,1.0,geant4_laue_bfull_focal_primary_or_transmitted,gamma,22,1,0
3632,551,-66.79428314,20.79586245,10000,0,0,1,1.0,geant4_laue_bfull_focal_primary_or_transmitted,gamma,22,1,0
3634,551,-66.70180597,16.73509266,10000,0,0,1,1.0,geant4_laue_bfull_focal_primary_or_transmitted,gamma,22,1,0
3636,551,-68.78378906,10.85917999,10000,0,0,1,1.0,geant4_laue_bfull_focal_primary_or_transmitted,gamma,22,1,0
3637,551,-67.7473216,9.466885552,10000,0,0,1,1.0,geant4_laue_bfull_focal_primary_or_transmitted,gamma,22,1,0
3639,551,-68.58092543,5.447760981,10000,0,0,1,1.0,geant4_laue_bfull_focal_primary_or_transmitted,gamma,22,1,0
3640,551,-69.38249134,2.229484799,10000,0,0,1,1.0,geant4_laue_bfull_focal_primary_or_transmitted,gamma,22,1,0
3641,551,-68.26973887,-0.7225614036,10000,0,0,1,1.0,geant4_laue_bfull_focal_primary_or_transmitted,gamma,22,1,0
3647,551,-67.32670808,-13.3729779,10000,0,0,1,1.0,geant4_laue_bfull_focal_primary_or_transmitted,gamma,22,1,0
3648,551,-66.02429645,-14.95177317,10000,0,0,1,1.0,geant4_laue_bfull_focal_primary_or_transmitted,gamma,22,1,0
3649,551,-65.66279499,-17.28501585,10000,0,0,1,1.0,geant4_laue_bfull_focal_primary_or_transmitted,gamma,22,1,0
3650,551,-66.88651669,-20.65685886,10000,0,0,1,1.0,geant4_laue_bfull_focal_primary_or_transmitted,gamma,22,1,0
3653,551,-62.96449745,-27.3861775,10000,0,0,1,1.0,geant4_laue_bfull_focal_primary_or_transmitted,gamma,22,1,0
3655,551,-60.72566302,-30.18926251,10000,0,0,1,1.0,geant4_laue_bfull_focal_primary_or_transmitted,gamma,22,1,0
3657,551,-59.79760417,-35.76558383,10000,0,0,1,1.0,geant4_laue_bfull_focal_primary_or_transmitted,gamma,22,1,0
3659,551,-57.48035672,-39.48237182,10000,0,0,1,1.0,geant4_laue_bfull_focal_primary_or_transmitted,gamma,22,1,0
3661,551,-53.56805843,-43.33713108,10000,0,0,1,1.0,geant4_laue_bfull_focal_primary_or_transmitted,gamma,22,1,0
3662,551,-51.9834022,-44.50175612,10000,0,0,1,1.0,geant4_laue_bfull_focal_primary_or_transmitted,gamma,22,1,0
3663,551,-50.21169347,-45.41424657,10000,0,0,1,1.0,geant4_laue_bfull_focal_primary_or_transmitted,gamma,22,1,0
3670,551,-39.25351127,-56.43089534,10000,0,0,1,1.0,geant4_laue_bfull_focal_primary_or_transmitted,gamma,22,1,0
3672,551,-34.24804344,-58.45091384,10000,0,0,1,1.0,geant4_laue_bfull_focal_primary_or_transmitted,gamma,22,1,0
3673,551,-34.08490704,-60.42419179,10000,0,0,1,1.0,geant4_laue_bfull_focal_primary_or_transmitted,gamma,22,1,0
3674,551,-30.96831574,-62.49429761,10000,0,0,1,1.0,geant4_laue_bfull_focal_primary_or_transmitted,gamma,22,1,0
3675,551,-28.57033457,-63.35150573,10000,0,0,1,1.0,geant4_laue_bfull_focal_primary_or_transmitted,gamma,22,1,0
3676,551,-25.94362388,-62.45679945,10000,0,0,1,1.0,geant4_laue_bfull_focal_primary_or_transmitted,gamma,22,1,0
3677,551,-24.0072957,-63.57876832,10000,0,0,1,1.0,geant4_laue_bfull_focal_primary_or_transmitted,gamma,22,1,0
3678,551,-22.11001672,-64.80431118,10000,0,0,1,1.0,geant4_laue_bfull_focal_primary_or_transmitted,gamma,22,1,0
3682,551,-12.7370707,-68.335074,10000,0,0,1,1.0,geant4_laue_bfull_focal_primary_or_transmitted,gamma,22,1,0
3683,551,-10.90955774,-68.87792989,10000,0,0,1,1.0,geant4_laue_bfull_focal_primary_or_transmitted,gamma,22,1,0
3687,551,-2.978938002,-68.74185939,10000,0,0,1,1.0,geant4_laue_bfull_focal_primary_or_transmitted,gamma,22,1,0
3689,551,2.828000729,-68.09198293,10000,0,0,1,1.0,geant4_laue_bfull_focal_primary_or_transmitted,gamma,22,1,0
3690,551,4.350107051,-69.64267518,10000,0,0,1,1.0,geant4_laue_bfull_focal_primary_or_transmitted,gamma,22,1,0
3693,551,11.48820454,-67.03978903,10000,0,0,1,1.0,geant4_laue_bfull_focal_primary_or_transmitted,gamma,22,1,0
3694,551,13.44649001,-68.19876359,10000,0,0,1,1.0,geant4_laue_bfull_focal_primary_or_transmitted,gamma,22,1,0
3697,551,19.99948864,-64.87319375,10000,0,0,1,1.0,geant4_laue_bfull_focal_primary_or_transmitted,gamma,22,1,0
3698,551,21.72248732,-65.32672437,10000,0,0,1,1.0,geant4_laue_bfull_focal_primary_or_transmitted,gamma,22,1,0
3701,551,28.27210413,-62.28902114,10000,0,0,1,1.0,geant4_laue_bfull_focal_primary_or_transmitted,gamma,22,1,0
3703,551,32.27366943,-60.44109142,10000,0,0,1,1.0,geant4_laue_bfull_focal_primary_or_transmitted,gamma,22,1,0
3704,551,35.06162163,-59.93070317,10000,0,0,1,1.0,geant4_laue_bfull_focal_primary_or_transmitted,gamma,22,1,0
3705,551,37.71001258,-59.07199744,10000,0,0,1,1.0,geant4_laue_bfull_focal_primary_or_transmitted,gamma,22,1,0
3706,551,39.04755002,-55.70126375,10000,0,0,1,1.0,geant4_laue_bfull_focal_primary_or_transmitted,gamma,22,1,0
3707,551,40.06140645,-54.90675262,10000,0,0,1,1.0,geant4_laue_bfull_focal_primary_or_transmitted,gamma,22,1,0
3708,551,42.22298879,-53.67441205,10000,0,0,1,1.0,geant4_laue_bfull_focal_primary_or_transmitted,gamma,22,1,0
3711,551,48.73128719,-48.72488538,10000,0,0,1,1.0,geant4_laue_bfull_focal_primary_or_transmitted,gamma,22,1,0
3713,551,51.75602762,-45.17792238,10000,0,0,1,1.0,geant4_laue_bfull_focal_primary_or_transmitted,gamma,22,1,0
3715,551,54.50908409,-42.48628602,10000,0,0,1,1.0,geant4_laue_bfull_focal_primary_or_transmitted,gamma,22,1,0
3716,551,55.44799633,-39.98048713,10000,0,0,1,1.0,geant4_laue_bfull_focal_primary_or_transmitted,gamma,22,1,0
3720,551,59.97655496,-34.12975001,10000,0,0,1,1.0,geant4_laue_bfull_focal_primary_or_transmitted,gamma,22,1,0
3722,551,62.92106885,-28.62387076,10000,0,0,1,1.0,geant4_laue_bfull_focal_primary_or_transmitted,gamma,22,1,0
3723,551,63.86754787,-27.06949094,10000,0,0,1,1.0,geant4_laue_bfull_focal_primary_or_transmitted,gamma,22,1,0
3727,551,65.84512297,-17.79391422,10000,0,0,1,1.0,geant4_laue_bfull_focal_primary_or_transmitted,gamma,22,1,0
3728,551,67.30901265,-15.10927593,10000,0,0,1,1.0,geant4_laue_bfull_focal_primary_or_transmitted,gamma,22,1,0
3731,551,68.77712313,-8.246828437,10000,0,0,1,1.0,geant4_laue_bfull_focal_primary_or_transmitted,gamma,22,1,0
3732,551,67.93002322,-6.777644646,10000,0,0,1,1.0,geant4_laue_bfull_focal_primary_or_transmitted,gamma,22,1,0
3735,451,-46.60550594,82.40419792,10000,-0.01297034721,0.008197381258,0.9998822796,1.0,geant4_laue_bfull_focal_primary_or_transmitted,gamma,22,1,0
3736,451,83.99477875,1.633452213,10000,0,0,1,1.0,geant4_laue_bfull_focal_primary_or_transmitted,gamma,22,1,0
3740,451,83.61858447,11.0050123,10000,0,0,1,1.0,geant4_laue_bfull_focal_primary_or_transmitted,gamma,22,1,0
3744,451,81.84289776,20.73820386,10000,0,0,1,1.0,geant4_laue_bfull_focal_primary_or_transmitted,gamma,22,1,0
3746,451,79.75966509,24.08518212,10000,0,0,1,1.0,geant4_laue_bfull_focal_primary_or_transmitted,gamma,22,1,0
3748,451,78.30174857,28.51097303,10000,0,0,1,1.0,geant4_laue_bfull_focal_primary_or_transmitted,gamma,22,1,0
3750,451,77.16371788,34.55980026,10000,0,0,1,1.0,geant4_laue_bfull_focal_primary_or_transmitted,gamma,22,1,0
3751,451,75.46068087,36.83438965,10000,0,0,1,1.0,geant4_laue_bfull_focal_primary_or_transmitted,gamma,22,1,0
3753,451,74.21411446,39.2604528,10000,0,0,1,1.0,geant4_laue_bfull_focal_primary_or_transmitted,gamma,22,1,0
3754,451,72.45185699,41.81495794,10000,0,0,1,1.0,geant4_laue_bfull_focal_primary_or_transmitted,gamma,22,1,0
3755,451,71.29980263,43.38909531,10000,0,0,1,1.0,geant4_laue_bfull_focal_primary_or_transmitted,gamma,22,1,0
3758,451,67.51986595,49.90822297,10000,0,0,1,1.0,geant4_laue_bfull_focal_primary_or_transmitted,gamma,22,1,0
3762,451,62.29657368,57.13478893,10000,0,0,1,1.0,geant4_laue_bfull_focal_primary_or_transmitted,gamma,22,1,0
3767,451,54.43731437,65.3275792,10000,0,0,1,1.0,geant4_laue_bfull_focal_primary_or_transmitted,gamma,22,1,0
3775,451,38.40655395,75.84561696,10000,0,0,1,1.0,geant4_laue_bfull_focal_primary_or_transmitted,gamma,22,1,0
3777,451,34.35802122,77.23758947,10000,0,0,1,1.0,geant4_laue_bfull_focal_primary_or_transmitted,gamma,22,1,0
3779,451,28.95947915,79.60479884,10000,0,0,1,1.0,geant4_laue_bfull_focal_primary_or_transmitted,gamma,22,1,0
3780,451,27.40993133,80.32348597,10000,0,0,1,1.0,geant4_laue_bfull_focal_primary_or_transmitted,gamma,22,1,0
3784,451,18.69345812,81.61371632,10000,0,0,1,1.0,geant4_laue_bfull_focal_primary_or_transmitted,gamma,22,1,0
3789,451,8.039251543,83.57068695,10000,0,0,1,1.0,geant4_laue_bfull_focal_primary_or_transmitted,gamma,22,1,0
3790,451,6.176394673,83.19114453,10000,0,0,1,1.0,geant4_laue_bfull_focal_primary_or_transmitted,gamma,22,1,0
3793,451,-1.373164364,84.32651196,10000,0,0,1,1.0,geant4_laue_bfull_focal_primary_or_transmitted,gamma,22,1,0
3797,451,-10.36119482,84.14160697,10000,0,0,1,1.0,geant4_laue_bfull_focal_primary_or_transmitted,gamma,22,1,0
3800,451,-17.43814153,81.68323019,10000,0,0,1,1.0,geant4_laue_bfull_focal_primary_or_transmitted,gamma,22,1,0
3802,451,-21.52339483,81.19932836,10000,0,0,1,1.0,geant4_laue_bfull_focal_primary_or_transmitted,gamma,22,1,0
3804,451,-25.85651084,80.3246628,10000,0,0,1,1.0,geant4_laue_bfull_focal_primary_or_transmitted,gamma,22,1,0
3806,451,-29.96383249,77.19214513,10000,0,0,1,1.0,geant4_laue_bfull_focal_primary_or_transmitted,gamma,22,1,0
3807,451,-32.88643428,77.71967296,10000,0,0,1,1.0,geant4_laue_bfull_focal_primary_or_transmitted,gamma,22,1,0
3809,451,-37.75465378,76.25768244,10000,0,0,1,1.0,geant4_laue_bfull_focal_primary_or_transmitted,gamma,22,1,0
3810,451,-39.92834498,75.19016357,10000,0,0,1,1.0,geant4_laue_bfull_focal_primary_or_transmitted,gamma,22,1,0
3815,451,-49.52832444,68.5933271,10000,0,0,1,1.0,geant4_laue_bfull_focal_primary_or_transmitted,gamma,22,1,0
3817,451,-53.35373618,65.56191338,10000,0,0,1,1.0,geant4_laue_bfull_focal_primary_or_transmitted,gamma,22,1,0
3819,451,-56.24216408,62.01087007,10000,0,0,1,1.0,geant4_laue_bfull_focal_primary_or_transmitted,gamma,22,1,0
3821,451,-59.97633078,59.73756721,10000,0,0,1,1.0,geant4_laue_bfull_focal_primary_or_transmitted,gamma,22,1,0
3824,451,-63.96770919,54.47537557,10000,0,0,1,1.0,geant4_laue_bfull_focal_primary_or_transmitted,gamma,22,1,0
3827,451,-68.00432214,49.57886367,10000,0,0,1,1.0,geant4_laue_bfull_focal_primary_or_transmitted,gamma,22,1,0
3828,451,-68.90527062,47.89010376,10000,0,0,1,1.0,geant4_laue_bfull_focal_primary_or_transmitted,gamma,22,1,0
3831,451,-72.74693322,41.65504709,10000,0,0,1,1.0,geant4_laue_bfull_focal_primary_or_transmitted,gamma,22,1,0
3832,451,-73.74961093,39.46713471,10000,0,0,1,1.0,geant4_laue_bfull_focal_primary_or_transmitted,gamma,22,1,0
3833,451,-76.06344604,37.3988174,10000,0,0,1,1.0,geant4_laue_bfull_focal_primary_or_transmitted,gamma,22,1,0
3834,451,-75.75331916,33.68065997,10000,0,0,1,1.0,geant4_laue_bfull_focal_primary_or_transmitted,gamma,22,1,0
3844,451,-82.24848578,13.63053658,10000,0,0,1,1.0,geant4_laue_bfull_focal_primary_or_transmitted,gamma,22,1,0
3848,451,-83.33170855,2.423568032,10000,0,0,1,1.0,geant4_laue_bfull_focal_primary_or_transmitted,gamma,22,1,0
3851,451,-84.20680926,-3.543513855,10000,0,0,1,1.0,geant4_laue_bfull_focal_primary_or_transmitted,gamma,22,1,0
3853,451,-83.06169709,-7.089513962,10000,0,0,1,1.0,geant4_laue_bfull_focal_primary_or_transmitted,gamma,22,1,0
3855,451,-83.96828385,-13.59797231,10000,0,0,1,1.0,geant4_laue_bfull_focal_primary_or_transmitted,gamma,22,1,0
3856,451,-82.68382426,-14.6968468,10000,0,0,1,1.0,geant4_laue_bfull_focal_primary_or_transmitted,gamma,22,1,0
3861,451,-79.67622826,-25.48113361,10000,0,0,1,1.0,geant4_laue_bfull_focal_primary_or_transmitted,gamma,22,1,0
3862,451,-80.32708221,-29.07275102,10000,0,0,1,1.0,geant4_laue_bfull_focal_primary_or_transmitted,gamma,22,1,0
3867,451,-74.42433034,-38.4863282,10000,0,0,1,1.0,geant4_laue_bfull_focal_primary_or_transmitted,gamma,22,1,0
3890,451,-36.97121122,-76.20668663,10000,0,0,1,1.0,geant4_laue_bfull_focal_primary_or_transmitted,gamma,22,1,0
3891,451,-35.30810707,-77.02255152,10000,0,0,1,1.0,geant4_laue_bfull_focal_primary_or_transmitted,gamma,22,1,0
3894,451,-28.59614974,-78.05919122,10000,0,0,1,1.0,geant4_laue_bfull_focal_primary_or_transmitted,gamma,22,1,0
3895,451,-26.23469057,-79.56014953,10000,0,0,1,1.0,geant4_laue_bfull_focal_primary_or_transmitted,gamma,22,1,0
3897,451,-21.457361,-80.44243098,10000,0,0,1,1.0,geant4_laue_bfull_focal_primary_or_transmitted,gamma,22,1,0
3900,451,-16.47698574,-83.40615802,10000,0,0,1,1.0,geant4_laue_bfull_focal_primary_or_transmitted,gamma,22,1,0
3903,451,-8.671653843,-84.56944026,10000,0,0,1,1.0,geant4_laue_bfull_focal_primary_or_transmitted,gamma,22,1,0
3906,451,-2.764796722,-84.64233378,10000,0,0,1,1.0,geant4_laue_bfull_focal_primary_or_transmitted,gamma,22,1,0
3909,451,5.028117535,-83.28371715,10000,0,0,1,1.0,geant4_laue_bfull_focal_primary_or_transmitted,gamma,22,1,0
3911,451,9.769218372,-83.72147428,10000,0,0,1,1.0,geant4_laue_bfull_focal_primary_or_transmitted,gamma,22,1,0
3915,451,19.53748619,-81.83428759,10000,0,0,1,1.0,geant4_laue_bfull_focal_primary_or_transmitted,gamma,22,1,0
3917,451,23.30110259,-80.86886396,10000,0,0,1,1.0,geant4_laue_bfull_focal_primary_or_transmitted,gamma,22,1,0
3920,451,30.0615951,-78.48707315,10000,0,0,1,1.0,geant4_laue_bfull_focal_primary_or_transmitted,gamma,22,1,0
3923,451,35.2549958,-76.91559791,10000,0,0,1,1.0,geant4_laue_bfull_focal_primary_or_transmitted,gamma,22,1,0
3926,451,42.39491207,-71.76914446,10000,0,0,1,1.0,geant4_laue_bfull_focal_primary_or_transmitted,gamma,22,1,0
3930,451,49.75551523,-67.00466506,10000,0,0,1,1.0,geant4_laue_bfull_focal_primary_or_transmitted,gamma,22,1,0
3934,451,57.09062939,-62.21242179,10000,0,0,1,1.0,geant4_laue_bfull_focal_primary_or_transmitted,gamma,22,1,0
3935,451,59.90838807,-59.37458473,10000,0,0,1,1.0,geant4_laue_bfull_focal_primary_or_transmitted,gamma,22,1,0
3938,451,63.84461034,-55.59386112,10000,0,0,1,1.0,geant4_laue_bfull_focal_primary_or_transmitted,gamma,22,1,0
3942,451,68.37583037,-48.65063346,10000,0,0,1,1.0,geant4_laue_bfull_focal_primary_or_transmitted,gamma,22,1,0
3943,451,69.52877975,-45.82836509,10000,0,0,1,1.0,geant4_laue_bfull_focal_primary_or_transmitted,gamma,22,1,0
3946,451,73.58062333,-39.82223758,10000,0,0,1,1.0,geant4_laue_bfull_focal_primary_or_transmitted,gamma,22,1,0
3947,451,74.09691373,-37.40645309,10000,0,0,1,1.0,geant4_laue_bfull_focal_primary_or_transmitted,gamma,22,1,0
3954,451,80.93052722,-22.25001523,10000,0,0,1,1.0,geant4_laue_bfull_focal_primary_or_transmitted,gamma,22,1,0
3955,451,82.28080501,-20.54047673,10000,0,0,1,1.0,geant4_laue_bfull_focal_primary_or_transmitted,gamma,22,1,0
3956,451,81.1057481,-18.42758008,10000,0,0,1,1.0,geant4_laue_bfull_focal_primary_or_transmitted,gamma,22,1,0
3963,451,85.15668816,-2.59575559,10000,0,0,1,1.0,geant4_laue_bfull_focal_primary_or_transmitted,gamma,22,1,0
3964,471,81.43717425,0.15848909,10000,0,0,1,1.0,geant4_laue_bfull_focal_primary_or_transmitted,gamma,22,1,0
3967,471,80.8635794,6.804914866,10000,0,0,1,1.0,geant4_laue_bfull_focal_primary_or_transmitted,gamma,22,1,0
3971,471,78.87613,15.54225614,10000,0,0,1,1.0,geant4_laue_bfull_focal_primary_or_transmitted,gamma,22,1,0
3975,471,76.74973157,25.10202165,10000,0,0,1,1.0,geant4_laue_bfull_focal_primary_or_transmitted,gamma,22,1,0
3976,471,75.00492106,26.60935473,10000,0,0,1,1.0,geant4_laue_bfull_focal_primary_or_transmitted,gamma,22,1,0
3978,471,73.37855234,30.57232906,10000,0,0,1,1.0,geant4_laue_bfull_focal_primary_or_transmitted,gamma,22,1,0
3983,471,69.51039377,40.52759388,10000,0,0,1,1.0,geant4_laue_bfull_focal_primary_or_transmitted,gamma,22,1,0
3994,471,53.82618171,61.88369447,10000,0,0,1,1.0,geant4_laue_bfull_focal_primary_or_transmitted,gamma,22,1,0
3995,471,51.49114558,61.45229562,10000,0,0,1,1.0,geant4_laue_bfull_focal_primary_or_transmitted,gamma,22,1,0
3997,471,48.25195979,65.05402148,10000,0,0,1,1.0,geant4_laue_bfull_focal_primary_or_transmitted,gamma,22,1,0
3998,471,45.41695392,66.60810679,10000,0,0,1,1.0,geant4_laue_bfull_focal_primary_or_transmitted,gamma,22,1,0
3999,471,44.39765211,68.6086922,10000,0,0,1,1.0,geant4_laue_bfull_focal_primary_or_transmitted,gamma,22,1,0
