event_index,event_key,source_family,stream,local_id,source_file_basename,tes_total_keV,init_energy_keV,init_x_cm,init_y_cm,init_z_cm,dir_x,dir_y,dir_z,theta_local_deg,phi_local_deg,entry_class,entry_surface_proxy,entry_region_proxy,entry_phi_deg_local,xz_init_quadrant,first_hit_volume,first_hit_category,tes_x_cm,tes_y_cm,tes_z_cm,path_length_init_to_tes_cm,plastic_skin_keV,active_other_keV,side_compton_class,side_compton_fov_pass,computed_veto_layer,final_pass_flag
1,eplus::Background_eplus_fullsphere20_rep01_part01.inc1.id1.sim.gz::12403,eplus,prompt,12403,Background_eplus_fullsphere20_rep01_part01.inc1.id1.sim.gz,510.99896,142.273,54.06556,-36.13443,-5.90792,-0.88203,0.36438,0.29876,114.3577437538264,156.42295739258745,top,top,top_phi05_225deg,229.59167688584725,right_lower,Vacuum_Jacket_Al_266mmClass_side_port_side_wall_above_side_port,outer_mechanics,-1.239972005526078,-0.5379712016048115,-5.4247586372654455,65.7726629710441,0.0,0.0,keep,True,final_pass,True
2,eplus::Background_eplus_fullsphere20_rep01_part01.inc1.id1.sim.gz::34023,eplus,prompt,34023,Background_eplus_fullsphere20_rep01_part01.inc1.id1.sim.gz,510.9989,10.451,64.65843,16.06134,-3.6973,-0.99989,0.00284,-0.01421,135.81397005697005,179.76653723639228,top,top,top_phi01_045deg,49.32953729471958,right_lower,GeoOpt_S1_PlasticFullWrap_TopCap_5mm,geoopt_plastic_active,-5.208798422066858,-1.3667209707016983,-0.8879701621669636,72.0628840022206,10.45103344,0.0,single,True,final_pass,True
3,eplus::Background_eplus_fullsphere20_rep01_part01.inc1.id1.sim.gz::71105,eplus,prompt,71105,Background_eplus_fullsphere20_rep01_part01.inc1.id1.sim.gz,510.998946,13.468,0.65591,-67.77909,-3.85815,-0.24154,0.93213,-0.26981,111.19714337672853,88.77145691299302,side_wall,side,side_phi06_270deg,278.35387206925384,right_lower,GeoOpt_S1_PlasticFullWrap_SideShell_5mm,geoopt_plastic_active,-5.792322098795267,0.1363424220874717,-3.202457062232193,68.22401037397098,13.46821886,0.0,veto,False,compton_fov_veto,False
4,eplus::Background_eplus_fullsphere20_rep01_part01.inc1.id1.sim.gz::88910,eplus,prompt,88910,Background_eplus_fullsphere20_rep01_part01.inc1.id1.sim.gz,510.99890000000005,165.269,-58.68781,13.93605,-5.26549,0.95985,0.19029,0.20611,34.46655006642085,19.648285054861972,side_wall,side,side_phi03_135deg,131.87767010936255,left_lower,GeoOpt_S1_PlasticFullWrap_SideShell_5mm,geoopt_plastic_active,-5.287654230082883,1.4270428580585983,-2.072448228238456,54.93857853716973,165.2687181,0.0,keep,True,plastic_skin_veto,False
5,eplus::Background_eplus_fullsphere20_rep01_part01.inc1.id1.sim.gz::125566,eplus,prompt,125566,Background_eplus_fullsphere20_rep01_part01.inc1.id1.sim.gz,510.99894,116.959,-27.19745,-51.92485,3.9516,0.42008,0.90034,-0.11368,77.48722725354446,67.25641798466273,side_wall,side,side_phi05_225deg,246.76655292475238,left_upper,GeoOpt_S1_PlasticFullWrap_SideShell_5mm,geoopt_plastic_active,-4.656664277133628,-0.018764357147424998,-2.0980333815352723,56.91157010501738,116.95875600000002,0.0,single,True,plastic_skin_veto,False
6,eplus::Background_eplus_fullsphere20_rep01_part01.inc1.id1.sim.gz::130016,eplus,prompt,130016,Background_eplus_fullsphere20_rep01_part01.inc1.id1.sim.gz,510.99890500000004,563.064,-37.46092,-36.74401,36.59293,0.43552,0.82884,-0.35119,86.58138580151456,56.13189060206396,side_window,side,side_neg_x_window_axis_pm15deg,180.599024297157,left_upper,GeoOpt_S1_PlasticFullWrap_SideShell_5mm,geoopt_plastic_active,-1.672501463532011,1.1362182244594927,-4.167752720971203,66.16007744522541,563.0638482300001,0.0,keep,True,plastic_skin_veto,False
7,eplus::Background_eplus_fullsphere20_rep01_part01.inc1.id1.sim.gz::211256,eplus,prompt,211256,Background_eplus_fullsphere20_rep01_part01.inc1.id1.sim.gz,510.998959,121.248,1.64539,52.20651,34.28196,0.11326,-0.84335,-0.5253,106.93910957169473,298.1646237815541,top,top,top_phi00_000deg,12.414202989186135,right_upper,Vacuum_Jacket_Al_266mmClass_side_port_side_wall_above_side_port,outer_mechanics,-2.555734129096525,0.18707813987712762,-6.855378488820089,66.45262487623647,0.0,0.0,single,True,final_pass,True
8,eplus::Background_eplus_fullsphere20_rep02_part01.inc1.id1.sim.gz::36753,eplus,prompt,36753,Background_eplus_fullsphere20_rep02_part01.inc1.id1.sim.gz,510.99888,89.022,63.07589,-3.63192,-8.84427,-0.98771,0.06388,0.14268,126.69274872258234,175.43067389869523,top,top,top_phi00_000deg,357.9349139912734,right_lower,Vacuum_Jacket_Al_266mmClass_side_port_side_wall_above_side_port,outer_mechanics,-2.165922245858347,-0.6619038864766709,-3.066344431786739,65.56446815699974,0.0,0.0,single,True,final_pass,True
9,eplus::Background_eplus_fullsphere20_rep02_part01.inc1.id1.sim.gz::90474,eplus,prompt,90474,Background_eplus_fullsphere20_rep02_part01.inc1.id1.sim.gz,510.9989,1228.66,45.60996,-71.68236,7.59206,-0.51347,0.57023,0.64124,84.81643434139049,145.07030095638774,envelope_miss,miss_current_outer_envelope,phi06_270deg,,right_upper,Vacuum_Jacket_Al_266mmClass_side_port_side_wall_above_side_port,outer_mechanics,-4.92528310557244,0.27189257966962355,-0.7226851435301916,88.31964813584834,0.0,0.0,single,True,final_pass,True
10,eplus::Background_eplus_fullsphere20_rep02_part01.inc1.id1.sim.gz::130729,eplus,prompt,130729,Background_eplus_fullsphere20_rep02_part01.inc1.id1.sim.gz,510.99894000000006,168.22,-50.22272,10.84363,36.62634,0.83524,0.1996,-0.51239,76.80368011484765,11.830242669254709,side_wall,side,side_phi03_135deg,135.5600867175841,left_upper,GeoOpt_S1_PlasticFullWrap_SideShell_5mm,geoopt_plastic_active,-4.161361606802726,-1.337836716044714,-4.402519165867584,62.876101603337865,168.2195281,0.0,veto,False,plastic_skin_veto,False
11,eplus::Background_eplus_fullsphere20_rep02_part01.inc1.id1.sim.gz::156993,eplus,prompt,156993,Background_eplus_fullsphere20_rep02_part01.inc1.id1.sim.gz,510.99893000000003,148.234,30.16901,53.12517,40.2641,-0.61486,-0.35955,-0.7019,158.6058955077283,279.7135575086142,side_wall,side,side_phi02_090deg,95.75216983529693,right_upper,GeoOpt_S1_PlasticFullWrap_SideShell_5mm,geoopt_plastic_active,-2.2757470745112323,1.1489054372908767,-4.945740378005547,76.14541356195735,148.23406487,0.0,keep,True,plastic_skin_veto,False
12,eplus::Background_eplus_fullsphere20_rep02_part01.inc1.id1.sim.gz::192957,eplus,prompt,192957,Background_eplus_fullsphere20_rep02_part01.inc1.id1.sim.gz,510.998868,44.81,-15.3215,55.5256,18.48458,0.41001,-0.90427,-0.11911,78.12967270884198,292.4774679149748,envelope_miss,miss_current_outer_envelope,phi03_135deg,,left_upper,Vacuum_Jacket_Al_266mmClass_side_port_side_wall_above_side_port,outer_mechanics,-4.090964650547377,-0.5422369138636249,-3.166331176780368,61.14318617163932,0.0,0.0,keep,True,final_pass,True
13,eplus::Background_eplus_fullsphere20_rep02_part01.inc1.id1.sim.gz::231354,eplus,prompt,231354,Background_eplus_fullsphere20_rep02_part01.inc1.id1.sim.gz,510.99894000000006,365.181,65.77783,27.57023,0.87293,-0.82478,-0.27821,0.49227,103.59875217988333,196.63270343425836,envelope_miss,miss_current_outer_envelope,phi01_045deg,,right_upper,TP_L1_00360,tes,-5.251202228003643,0.9994481623546498,-2.65611776182933,75.9182721406105,0.0,0.0,veto,False,compton_fov_veto,False
14,eplus::Background_eplus_fullsphere20_rep03_part01.inc1.id1.sim.gz::28520,eplus,prompt,28520,Background_eplus_fullsphere20_rep03_part01.inc1.id1.sim.gz,510.99890000000005,1439.489,48.90007,15.62975,-46.73031,-0.79473,-0.51189,0.32614,109.35037641150807,212.85668044139638,side_wall,side,side_phi07_315deg,335.2536519621229,right_lower,GeoOpt_S1_PlasticFullWrap_SideShell_5mm,geoopt_plastic_active,-1.882351394860341,0.6305100730296874,-4.32357923033983,67.83923890848448,1439.4885858599994,0.0,single,True,plastic_skin_veto,False
15,eplus::Background_eplus_fullsphere20_rep03_part01.inc1.id1.sim.gz::71755,eplus,prompt,71755,Background_eplus_fullsphere20_rep03_part01.inc1.id1.sim.gz,510.99890600000003,279.82,-15.67733,-54.60262,-25.8746,-0.09723,0.826,0.55522,71.10420340742594,119.18498793252438,side_wall,side,side_phi06_270deg,252.40741047152272,left_lower,GeoOpt_S1_PlasticFullWrap_SideShell_5mm,geoopt_plastic_active,-1.213471662304142,0.3013146372288715,-5.452383810803439,60.338314119142545,279.82020102999996,0.0,keep,True,plastic_skin_veto,False
16,eplus::Background_eplus_fullsphere20_rep03_part01.inc1.id1.sim.gz::80084,eplus,prompt,80084,Background_eplus_fullsphere20_rep03_part01.inc1.id1.sim.gz,510.99890000000005,57.458,68.44518,0.9178,4.86164,-0.93262,-0.34983,-0.08849,136.2229033953679,210.3740490159797,top,top,top_phi06_270deg,292.4925054440556,right_upper,GeoOpt_S1_PlasticFullWrap_TopCap_5mm,geoopt_plastic_active,-4.044241263476105,0.5894592769259972,-4.933863893664154,73.14899793759939,57.4583928,0.0,single,True,plastic_skin_veto,False
17,eplus::Background_eplus_fullsphere20_rep03_part01.inc1.id1.sim.gz::136894,eplus,prompt,136894,Background_eplus_fullsphere20_rep03_part01.inc1.id1.sim.gz,510.99892000000006,0.449,-46.91764,-31.19892,45.57509,0.4817,-0.02415,-0.876,106.1893750823825,358.55901530757876,envelope_miss,miss_current_outer_envelope,phi05_225deg,,left_upper,TP_L2_00019,tes,-3.8588794464810405,-1.2992103417734815,-2.848427515730014,71.36446277138037,0.0,0.0,keep,True,final_pass,True
18,eplus::Background_eplus_fullsphere20_rep03_part01.inc1.id1.sim.gz::183364,eplus,prompt,183364,Background_eplus_fullsphere20_rep03_part01.inc1.id1.sim.gz,510.99894,20.113,61.40093,14.19736,-10.94499,-0.95971,-0.08952,0.26633,119.36006821288724,185.8954449521219,top,top,top_phi02_090deg,79.49222116766131,right_lower,Vacuum_Jacket_Al_266mmClass_side_port_side_wall_above_side_port,outer_mechanics,-2.9006105589843885,-0.08827590580514316,-5.595919830596654,66.08615636552896,0.0,0.0,single,True,final_pass,True
19,eplus::Background_eplus_fullsphere20_rep03_part01.inc1.id1.sim.gz::231882,eplus,prompt,231882,Background_eplus_fullsphere20_rep03_part01.inc1.id1.sim.gz,510.99898200000007,31.35,46.68125,43.96283,-6.19237,-0.48777,-0.83402,0.25786,99.35614987354694,237.7002713390542,envelope_miss,miss_current_outer_envelope,phi01_045deg,,right_lower,Vacuum_Jacket_Al_266mmClass_side_port_side_wall_above_side_port,outer_mechanics,-2.186794305220991,0.3272848575939949,-4.722066870032297,65.53097241294368,0.0,0.0,single,True,final_pass,True
20,eplus::Background_eplus_fullsphere20_rep03_part01.inc1.id1.sim.gz::235828,eplus,prompt,235828,Background_eplus_fullsphere20_rep03_part01.inc1.id1.sim.gz,510.99887,129.566,-55.48752,23.28927,-10.84068,0.98843,0.06073,0.13897,37.13699180844649,5.773307051715723,side_wall,side,side_phi03_135deg,114.98103958413681,left_lower,GeoOpt_S1_PlasticFullWrap_SideShell_5mm,geoopt_plastic_active,-3.834270640315213,0.7367171397787475,-2.850085152408576,56.925613004562415,129.565724726,0.0,single,True,plastic_skin_veto,False
21,eplus::Background_eplus_fullsphere20_rep04_part01.inc1.id1.sim.gz::2392,eplus,prompt,2392,Background_eplus_fullsphere20_rep04_part01.inc1.id1.sim.gz,510.998897,80.217,-55.4356,16.1038,12.0147,0.87627,-0.48067,0.03342,49.96579158746626,321.11334975782927,side_window,side,side_neg_x_window_axis_pm15deg,179.71468135254543,left_upper,GeoOpt_S1_PlasticFullWrap_SideShell_5mm,geoopt_plastic_active,-5.073324921328204,0.2467783029224531,-0.8703515923523136,54.34913470092211,80.21698774000001,0.0,single,True,plastic_skin_veto,False
22,eplus::Background_eplus_fullsphere20_rep04_part01.inc1.id1.sim.gz::10024,eplus,prompt,10024,Background_eplus_fullsphere20_rep04_part01.inc1.id1.sim.gz,510.99892,95895.346,-32.16132,48.00657,2.70299,0.52939,-0.84727,-0.04335,69.89862233136525,295.54742956905403,side_wall,side,side_phi03_135deg,118.71001560122033,left_upper,GeoOpt_S1_PlasticFullWrap_SideShell_5mm,geoopt_plastic_active,-5.929698264626097,-0.5636450633101182,-3.1299459887872363,55.50844001062566,789.0177221500003,48552.473045253966,veto,False,plastic_skin_veto,False
23,eplus::Background_eplus_fullsphere20_rep04_part01.inc1.id1.sim.gz::64214,eplus,prompt,64214,Background_eplus_fullsphere20_rep04_part01.inc1.id1.sim.gz,510.999,41.207,14.47161,77.62503,25.57908,-0.34151,-0.84232,0.41698,86.94094431592063,237.5137238451018,envelope_miss,miss_current_outer_envelope,phi02_090deg,,right_upper,TP_L3_00081,tes,-3.3785294883757113,-0.7755371101318006,-4.396498121071665,85.81265458332601,0.0,0.0,single,True,final_pass,True
24,eplus::Background_eplus_fullsphere20_rep04_part01.inc1.id1.sim.gz::235494,eplus,prompt,235494,Background_eplus_fullsphere20_rep04_part01.inc1.id1.sim.gz,510.99889999999994,78.458,-63.69264,8.4259,6.93738,0.92633,0.315,0.20661,36.76381028320487,31.755814952485082,envelope_miss,miss_current_outer_envelope,phi04_180deg,,left_upper,TP_L2_00163,tes,-4.427419066041434,-0.10389611809387458,-3.5570107836876956,60.7886179484936,0.0,0.0,single,True,final_pass,True
25,eplus::Background_eplus_fullsphere20_rep04_part01.inc1.id1.sim.gz::238305,eplus,prompt,238305,Background_eplus_fullsphere20_rep04_part01.inc1.id1.sim.gz,510.999,59.098,43.8147,-11.74901,-41.52982,-0.45714,0.30662,0.83487,74.50850401322965,161.4471470642834,envelope_miss,miss_current_outer_envelope,phi00_000deg,,right_lower,Vacuum_Jacket_Al_266mmClass_side_port_side_wall_above_side_port,outer_mechanics,-3.0318894497605666,-1.2250291869166083,-4.065841704831125,60.90079461656843,0.0,0.0,single,True,final_pass,True
26,eplus::Background_eplus_fullsphere20_rep05_part01.inc1.id1.sim.gz::30107,eplus,prompt,30107,Background_eplus_fullsphere20_rep05_part01.inc1.id1.sim.gz,510.9989,380.524,-39.14891,-46.76609,12.5776,0.51208,0.72567,-0.45954,87.87089204665693,46.566378120144996,side_wall,side,side_phi05_225deg,238.12799966384372,left_upper,GeoOpt_S1_PlasticFullWrap_SideShell_5mm,geoopt_plastic_active,-5.624683886018934,0.44876692543064184,-3.254443901892353,60.03140898847588,380.52368003999993,0.0,single,True,plastic_skin_veto,False
27,eplus::Background_eplus_fullsphere20_rep05_part01.inc1.id1.sim.gz::31391,eplus,prompt,31391,Background_eplus_fullsphere20_rep05_part01.inc1.id1.sim.gz,510.99893099999997,201479.525,15.71057,59.89891,-5.19193,-0.32733,-0.94456,-0.02588,104.46308287841265,257.283170843158,side_wall,side,side_phi02_090deg,74.75224236857808,right_lower,GeoOpt_S1_PlasticFullWrap_SideShell_5mm,geoopt_plastic_active,-1.9516869449553411,-0.5223703441822997,-6.208625701900771,62.95808215765595,1054.2684250000002,79556.46358971,single,True,plastic_skin_veto,False
28,eplus::Background_eplus_fullsphere20_rep05_part01.inc1.id1.sim.gz::31997,eplus,prompt,31997,Background_eplus_fullsphere20_rep05_part01.inc1.id1.sim.gz,510.99893299999997,629.605,57.45726,-24.69386,26.95075,-0.67146,0.46389,-0.57789,152.0576771927726,98.11726932510435,top,top,top_phi00_000deg,8.379413202828507,right_upper,Vacuum_Jacket_Al_266mmClass_side_port_side_wall_above_side_port,outer_mechanics,-2.480845766490716,-0.6912045697520491,-3.42604518326261,71.35442296160852,0.0,0.0,single,True,final_pass,True
29,eplus::Background_eplus_fullsphere20_rep05_part01.inc1.id1.sim.gz::40978,eplus,prompt,40978,Background_eplus_fullsphere20_rep05_part01.inc1.id1.sim.gz,510.99888,183.893,-50.46629,15.57909,30.83227,0.7648,-0.52716,-0.37037,73.80511162463058,326.70530667681163,side_window,side,side_neg_x_window_axis_pm15deg,188.33728821360995,left_upper,GeoOpt_S1_PlasticFullWrap_SideShell_5mm,geoopt_plastic_active,-5.341539875915501,-0.8494922422095329,-1.128516836712284,57.68564191782794,183.89296027999998,0.0,keep,True,plastic_skin_veto,False
30,eplus::Background_eplus_fullsphere20_rep05_part01.inc1.id1.sim.gz::55140,eplus,prompt,55140,Background_eplus_fullsphere20_rep05_part01.inc1.id1.sim.gz,510.9989,118.797,-47.80923,1.97362,40.23165,0.87704,0.2516,-0.40927,70.68492309143389,15.462387050890017,envelope_miss,miss_current_outer_envelope,phi04_180deg,,left_upper,Vacuum_Jacket_Al_266mmClass_side_port_side_wall_above_side_port,outer_mechanics,-0.836734856376779,0.4967108612556388,-4.918207455284503,65.16982575436522,0.0,0.0,single,True,final_pass,True
31,eplus::Background_eplus_fullsphere20_rep05_part01.inc1.id1.sim.gz::67424,eplus,prompt,67424,Background_eplus_fullsphere20_rep05_part01.inc1.id1.sim.gz,510.9989,4.266,-0.68884,-54.51178,38.12343,-0.27932,0.79482,-0.53874,125.34201768588736,77.00417582258784,side_wall,side,side_phi05_225deg,225.73234911218265,left_upper,GeoOpt_S1_PlasticFullWrap_SideShell_5mm,geoopt_plastic_active,-5.924672678861637,-0.8891578276765958,-1.6161752125277569,66.94800799817982,4.26576295,0.0,single,True,final_pass,True
32,eplus::Background_eplus_fullsphere20_rep05_part01.inc1.id1.sim.gz::81816,eplus,prompt,81816,Background_eplus_fullsphere20_rep05_part01.inc1.id1.sim.gz,510.99894,172.683,-64.78826,-8.01617,33.27407,0.88736,-0.45486,-0.07544,54.96231305581762,326.25218925717735,envelope_miss,miss_current_outer_envelope,phi04_180deg,,left_upper,TP_L1_00007,tes,-4.898857514865334,-1.2387966524681637,-2.2269693634641983,69.94996151110108,0.0,0.0,veto,False,compton_fov_veto,False
33,eplus::Background_eplus_fullsphere20_rep05_part01.inc1.id1.sim.gz::113054,eplus,prompt,113054,Background_eplus_fullsphere20_rep05_part01.inc1.id1.sim.gz,510.9989532108,1.264,-48.93887,25.6585,47.93623,0.59751,-0.78011,-0.1855,73.06209921791039,305.3646710544395,envelope_miss,miss_current_outer_envelope,phi04_180deg,,left_upper,TP_L0_00237,tes,-5.162348105622446,0.3895394927656757,-0.8408071488092655,70.24317466701946,0.0,0.0,keep,True,final_pass,True
34,eplus::Background_eplus_fullsphere20_rep05_part01.inc1.id1.sim.gz::143314,eplus,prompt,143314,Background_eplus_fullsphere20_rep05_part01.inc1.id1.sim.gz,510.99892,233.085,-13.37255,1.18751,80.24261,-0.06825,-0.59775,-0.79878,127.8124638721426,310.8328719158656,envelope_miss,miss_current_outer_envelope,phi04_180deg,,left_upper,TP_L0_00046,tes,-5.766152844711375,-1.1261506752583743,-1.6047932729165064,82.23264391908874,0.0,0.0,single,True,final_pass,True
35,eplus::Background_eplus_fullsphere20_rep05_part01.inc1.id1.sim.gz::201276,eplus,prompt,201276,Background_eplus_fullsphere20_rep05_part01.inc1.id1.sim.gz,510.99893,0.41,56.27275,21.05929,-23.7107,-0.7251,-0.58953,0.35592,105.13239687521401,217.6406955766612,top,top,top_phi07_315deg,310.77106176979447,right_lower,TP_L4_00113,tes,-3.0604303632039502,-0.6541398546492299,-4.237421486557203,66.1143547508964,0.0,0.0,veto,False,compton_fov_veto,False
36,eplus::Background_eplus_fullsphere20_rep06_part01.inc1.id1.sim.gz::19036,eplus,prompt,19036,Background_eplus_fullsphere20_rep06_part01.inc1.id1.sim.gz,510.99888400000003,3.552,38.61802,12.83633,-46.44608,-0.50868,-0.47658,0.71702,81.52843760330069,208.80544241019055,side_wall,side,side_phi00_000deg,349.33831538396356,right_lower,GeoOpt_S1_PlasticFullWrap_SideShell_5mm,geoopt_plastic_active,-2.947493354069172,-0.270380627093469,-3.8279154876220427,60.95724493654368,3.5523303000000004,0.0,keep,True,final_pass,True
37,eplus::Background_eplus_fullsphere20_rep06_part01.inc1.id1.sim.gz::25293,eplus,prompt,25293,Background_eplus_fullsphere20_rep06_part01.inc1.id1.sim.gz,510.99889999999994,156.107,45.8748,-40.16594,-20.47679,-0.83667,0.51376,0.1898,117.22000459381012,144.7079911028141,side_wall,side,side_phi07_315deg,312.96600550929327,right_lower,GeoOpt_S1_PlasticFullWrap_SideShell_5mm,geoopt_plastic_active,-1.5265804876572142,-0.1740670685787386,-4.217137407844127,64.11409420023179,156.10666461,0.0,single,True,plastic_skin_veto,False
38,eplus::Background_eplus_fullsphere20_rep06_part01.inc1.id1.sim.gz::36215,eplus,prompt,36215,Background_eplus_fullsphere20_rep06_part01.inc1.id1.sim.gz,510.99895300000003,33.882,62.48022,22.5837,-10.20892,-0.97288,-0.00818,0.23118,121.63185537491337,180.55046466017222,top,top,top_phi02_090deg,80.01249982607035,right_lower,GeoOpt_S1_PlasticFullWrap_TopCap_5mm,geoopt_plastic_active,-3.0488996447325225,-0.5261892006325529,-2.2263844701410416,69.94178560606417,33.88231068,0.0,keep,True,final_pass,True
39,eplus::Background_eplus_fullsphere20_rep06_part01.inc1.id1.sim.gz::70159,eplus,prompt,70159,Background_eplus_fullsphere20_rep06_part01.inc1.id1.sim.gz,510.99886000000004,8.178,53.04056,37.32952,23.5485,-0.80843,-0.29619,-0.50864,158.63964898733957,234.4086554542161,top,top,top_phi01_045deg,65.49812601020432,right_upper,GeoOpt_S1_PlasticFullWrap_TopCap_5mm,geoopt_plastic_active,-4.479004513599698,0.6597312956737046,-3.6270767409441964,73.42809868610954,8.178310250000001,0.0,single,True,final_pass,True
40,eplus::Background_eplus_fullsphere20_rep06_part01.inc1.id1.sim.gz::120181,eplus,prompt,120181,Background_eplus_fullsphere20_rep06_part01.inc1.id1.sim.gz,510.99892,15.958,-44.3232,36.60712,3.96739,0.77442,-0.60368,0.18932,47.041551859437774,304.4245376823644,side_wall,side,side_phi03_135deg,139.95833935508577,left_upper,GeoOpt_S1_PlasticFullWrap_SideShell_5mm,geoopt_plastic_active,-2.0968865962665437,1.3565738849517723,-6.318872076943176,55.95953656522739,15.958251559999999,0.0,single,True,final_pass,True
41,eplus::Background_eplus_fullsphere20_rep06_part01.inc1.id1.sim.gz::128882,eplus,prompt,128882,Background_eplus_fullsphere20_rep06_part01.inc1.id1.sim.gz,510.99896,11.934,-28.78895,-55.57706,24.09401,0.45745,0.56283,-0.68845,99.4009048523466,34.78450759119331,side_wall,side,side_phi06_270deg,275.4090562430125,left_upper,GeoOpt_S1_PlasticFullWrap_SideShell_5mm,geoopt_plastic_active,-1.7681043274673591,-0.29858376744701987,-4.51523485432667,67.85517612228685,11.933693819999998,0.0,single,True,final_pass,True
42,eplus::Background_eplus_fullsphere20_rep06_part01.inc1.id1.sim.gz::131723,eplus,prompt,131723,Background_eplus_fullsphere20_rep06_part01.inc1.id1.sim.gz,510.9988953999999,14.582,9.38887,-62.33677,-8.84127,-0.35885,0.93338,0.00435,104.5171953258521,105.38433669363641,side_wall,side,side_phi06_270deg,276.91581245853797,right_lower,GeoOpt_S1_PlasticFullWrap_SideShell_5mm,geoopt_plastic_active,-5.897715858300012,-0.24155873293129793,-1.8494538006465213,64.33024532263666,14.582484999999998,0.0,single,True,final_pass,True
43,eplus::Background_eplus_fullsphere20_rep06_part01.inc1.id1.sim.gz::144727,eplus,prompt,144727,Background_eplus_fullsphere20_rep06_part01.inc1.id1.sim.gz,510.998917,7309.667,-7.65293,-61.23633,9.40027,-0.07393,0.97941,-0.18788,100.66852757806053,85.29694018087591,side_wall,side,side_phi06_270deg,250.77284695382122,left_upper,GeoOpt_S1_PlasticFullWrap_SideShell_5mm,geoopt_plastic_active,-6.02388862829178,0.8210379791101333,-1.689293829787152,63.0614709804675,894.260884652,724.411976,keep,True,plastic_skin_veto,False
44,eplus::Background_eplus_fullsphere20_rep06_part01.inc1.id1.sim.gz::156362,eplus,prompt,156362,Background_eplus_fullsphere20_rep06_part01.inc1.id1.sim.gz,510.99889500000006,225.291,50.9296,44.76676,-0.10272,-0.8993,-0.38635,0.20491,119.40693002127557,206.3269681906483,top,top,top_phi02_090deg,111.36899164330453,right_lower,GeoOpt_S1_PlasticFullWrap_TopCap_5mm,geoopt_plastic_active,-1.3774327749404858,-0.6169755336793318,-3.904733639258317,69.35534901089282,45.621403169999994,0.0,keep,True,final_pass,True
45,eplus::Background_eplus_fullsphere20_rep06_part01.inc1.id1.sim.gz::163455,eplus,prompt,163455,Background_eplus_fullsphere20_rep06_part01.inc1.id1.sim.gz,510.99890000000005,0.861,49.03178,-43.50991,-31.31691,-0.69407,0.71744,-0.05951,122.19909597863428,122.02270489211686,side_wall,side,side_phi00_000deg,6.127332137258569,right_lower,TP_L5_00006,tes,-1.3555127939148204,-1.5013810330967445,-5.679285105062456,70.43354024409373,0.0,0.0,keep,True,final_pass,True
46,eplus::Background_eplus_fullsphere20_rep06_part01.inc1.id1.sim.gz::177789,eplus,prompt,177789,Background_eplus_fullsphere20_rep06_part01.inc1.id1.sim.gz,510.99886000000004,70.021,-23.52179,54.87891,7.72614,0.26476,-0.96206,0.06591,76.47799278987424,278.3150915994104,side_wall,side,side_phi03_135deg,128.26040960311602,left_upper,GeoOpt_S1_PlasticFullWrap_SideShell_5mm,geoopt_plastic_active,-5.861339079250235,0.22277183049029503,-3.1616567635023882,58.46134692847984,70.0206271,0.0,keep,True,plastic_skin_veto,False
47,eplus::Background_eplus_fullsphere20_rep07_part01.inc1.id1.sim.gz::61301,eplus,prompt,61301,Background_eplus_fullsphere20_rep07_part01.inc1.id1.sim.gz,510.99893199999997,2232.775,69.05237,-11.66529,-20.95716,-0.96157,0.20928,-0.17772,143.66823400954098,159.31443249961572,side_wall,side,side_phi00_000deg,3.812581217548663,right_lower,GeoOpt_S1_PlasticFullWrap_SideShell_5mm,geoopt_plastic_active,-2.3354998768749686,-0.9899889452179225,-4.836172064684441,73.95996396820684,2232.7753136000006,0.0,single,True,plastic_skin_veto,False
48,eplus::Background_eplus_fullsphere20_rep07_part01.inc1.id1.sim.gz::106227,eplus,prompt,106227,Background_eplus_fullsphere20_rep07_part01.inc1.id1.sim.gz,510.99890000000005,13.147,-9.02853,44.43771,-37.16229,-0.04396,-0.66355,0.74684,60.19755780334112,229.8788348005883,side_wall,side,side_phi02_090deg,78.63835026234918,left_lower,GeoOpt_S1_PlasticFullWrap_SideShell_5mm,geoopt_plastic_active,-4.427185884937326,0.5704784687279562,-5.150340070498782,54.500195487469064,13.14675642,0.0,keep,True,final_pass,True
49,eplus::Background_eplus_fullsphere20_rep07_part01.inc1.id1.sim.gz::168995,eplus,prompt,168995,Background_eplus_fullsphere20_rep07_part01.inc1.id1.sim.gz,510.99891799999995,123.533,-29.15577,50.60919,10.00014,0.41619,-0.90927,0.00373,72.72679811999117,287.7839239495576,side_wall,side,side_phi03_135deg,130.79619629056785,left_upper,GeoOpt_S1_PlasticFullWrap_SideShell_5mm,geoopt_plastic_active,-5.539959349085162,0.3575215034166656,-2.792972190256227,56.97894715509274,123.53333450000001,0.0,single,True,plastic_skin_veto,False
50,eplus::Background_eplus_fullsphere20_rep07_part01.inc1.id1.sim.gz::197516,eplus,prompt,197516,Background_eplus_fullsphere20_rep07_part01.inc1.id1.sim.gz,510.99891,14.504,43.08702,-32.69326,-32.31655,-0.81443,0.38228,0.43654,105.49821739586395,156.62768476023894,side_wall,side,side_phi07_315deg,318.1141994931429,right_lower,GeoOpt_S1_PlasticFullWrap_SideShell_5mm,geoopt_plastic_active,-5.430000682933179,-1.0900546888911562,-3.002793399821753,64.89961639253931,14.504205980000002,0.0,single,True,final_pass,True
51,eplus::Background_eplus_fullsphere20_rep07_part01.inc1.id1.sim.gz::202853,eplus,prompt,202853,Background_eplus_fullsphere20_rep07_part01.inc1.id1.sim.gz,510.998843,6.003,12.92977,-59.59861,-7.79313,-0.23543,0.97186,0.00744,99.27735179761329,100.02114753056549,side_wall,side,side_phi06_270deg,288.3862270765634,right_lower,GeoOpt_S1_PlasticFullWrap_SideShell_5mm,geoopt_plastic_active,-5.363950662707957,-1.1777327309189483,-1.0288303445188582,61.59070438307522,6.002913899999999,0.0,single,True,final_pass,True
52,eplus::Background_eplus_fullsphere20_rep07_part01.inc1.id1.sim.gz::209358,eplus,prompt,209358,Background_eplus_fullsphere20_rep07_part01.inc1.id1.sim.gz,510.99888699999997,114.596,37.22303,7.81014,-57.023,-0.84904,0.03035,0.52746,103.14351357276068,178.21400838304316,side_wall,side,side_phi00_000deg,18.96097014337739,right_lower,GeoOpt_S1_PlasticFullWrap_BottomCap_5mm,geoopt_plastic_active,-1.408231993906615,0.6119963285948621,-3.9811470939212246,66.01231578475445,114.59603899999999,0.0,single,True,plastic_skin_veto,False
53,eplus::Background_eplus_fullsphere20_rep08_part01.inc1.id1.sim.gz::9911,eplus,prompt,9911,Background_eplus_fullsphere20_rep08_part01.inc1.id1.sim.gz,510.99888,1.231,-61.0021,1.50095,-0.59952,0.91605,0.38437,0.11453,43.220113257274505,34.14465048524635,side_wall,side,side_phi03_135deg,149.48610907913206,left_lower,GeoOpt_S1_PlasticFullWrap_SideShell_5mm,geoopt_plastic_active,-5.5269524036825475,0.028336496419205433,-2.274185863368448,55.519952243477896,1.23070945,0.0,keep,True,final_pass,True
54,eplus::Background_eplus_fullsphere20_rep08_part01.inc1.id1.sim.gz::41264,eplus,prompt,41264,Background_eplus_fullsphere20_rep08_part01.inc1.id1.sim.gz,510.99886,17.71,37.74993,18.8252,-45.26736,-0.2737,-0.24602,0.92982,62.357952873247335,196.12401879624798,envelope_miss,miss_current_outer_envelope,phi00_000deg,,right_lower,Vacuum_Jacket_Al_266mmClass_side_port_side_wall_above_side_port,outer_mechanics,-0.533237041029755,0.03611906396012313,-4.645315613546926,58.89635753802953,0.0,0.0,single,True,final_pass,True
55,eplus::Background_eplus_fullsphere20_rep08_part01.inc1.id1.sim.gz::51896,eplus,prompt,51896,Background_eplus_fullsphere20_rep08_part01.inc1.id1.sim.gz,510.998865,28.901,-42.20939,-34.62776,19.87169,0.75334,0.57492,-0.31928,72.12582287184638,37.16259214057976,side_wall,side,side_phi05_225deg,219.37669296288377,left_upper,GeoOpt_S1_PlasticFullWrap_SideShell_5mm,geoopt_plastic_active,-6.338278635426549,0.3304937497085027,-2.2288026557974545,54.7471269692538,28.90073623,0.0,keep,True,final_pass,True
56,eplus::Background_eplus_fullsphere20_rep08_part01.inc1.id1.sim.gz::69124,eplus,prompt,69124,Background_eplus_fullsphere20_rep08_part01.inc1.id1.sim.gz,510.99893399999996,1.901,-56.14024,0.38491,20.86587,0.84771,0.06209,-0.52682,76.88520907549625,3.655235191177163,side_window,side,side_neg_x_window_axis_pm15deg,175.71199890755992,left_upper,GeoOpt_S1_PlasticFullWrap_SideShell_5mm,geoopt_plastic_active,-3.9662956940867553,-1.016418327598116,-4.7233109197409675,58.12822348619903,1.90121827,0.0,keep,True,final_pass,True
57,eplus::Background_eplus_fullsphere20_rep08_part01.inc1.id1.sim.gz::80763,eplus,prompt,80763,Background_eplus_fullsphere20_rep08_part01.inc1.id1.sim.gz,510.99888999999996,48.592,63.23848,-13.7068,-18.48038,-0.91708,-0.16303,0.36386,113.02818706332978,190.2035420701306,top,top,top_phi06_270deg,275.623458176816,right_lower,GeoOpt_S1_PlasticFullWrap_TopCap_5mm,geoopt_plastic_active,-5.289591005931715,-0.7223319245886602,-2.7359143386324183,71.5023155286413,48.59154108,0.0,single,True,final_pass,True
58,eplus::Background_eplus_fullsphere20_rep08_part01.inc1.id1.sim.gz::154485,eplus,prompt,154485,Background_eplus_fullsphere20_rep08_part01.inc1.id1.sim.gz,510.9989,10.262,52.67865,-3.13462,-35.03062,-0.91506,0.07311,0.39664,111.50471042305445,175.49304878698376,side_wall,side,side_phi00_000deg,359.0863355018087,right_lower,GeoOpt_S1_PlasticFullWrap_SideShell_5mm,geoopt_plastic_active,-3.2126171443841467,0.2147024146566421,-5.641061292889632,63.23604877473705,10.26199435,0.0,single,True,final_pass,True
59,eplus::Background_eplus_fullsphere20_rep08_part01.inc1.id1.sim.gz::164289,eplus,prompt,164289,Background_eplus_fullsphere20_rep08_part01.inc1.id1.sim.gz,510.99887,3.937,26.86972,1.18917,64.28188,-0.62111,-0.15675,-0.76789,169.16412281450394,303.5098027293647,top,top,top_phi04_180deg,201.03849874224056,right_upper,GeoOpt_S1_PlasticFullWrap_TopCap_5mm,geoopt_plastic_active,-4.9916782268930255,1.5322033055071336,-1.788367770210666,73.35219157760984,3.9369272199999994,0.0,veto,False,compton_fov_veto,False
60,eplus::Background_eplus_fullsphere20_rep08_part01.inc1.id1.sim.gz::182558,eplus,prompt,182558,Background_eplus_fullsphere20_rep08_part01.inc1.id1.sim.gz,510.99884099999997,449.892,37.2518,-33.31379,45.39836,-0.72721,0.40872,-0.55146,154.71021002812205,106.91224077514298,top,top,top_phi05_225deg,219.1716682706403,right_upper,TP_L0_00360,tes,-5.87280897593177,1.4087350970535741,-1.4367551819170954,72.51836775980256,0.0,0.0,single,True,final_pass,True
61,eplus::Background_eplus_fullsphere20_rep08_part01.inc1.id1.sim.gz::213474,eplus,prompt,213474,Background_eplus_fullsphere20_rep08_part01.inc1.id1.sim.gz,510.99894,804.187,30.61721,-61.08945,-17.76728,-0.69852,0.71144,-0.07692,123.2518749432295,121.70835187575813,side_wall,side,side_phi07_315deg,295.53109934075405,right_lower,GeoOpt_S1_PlasticFullWrap_SideShell_5mm,geoopt_plastic_active,-2.7358795508727276,-0.022984283397707635,-5.457518769834786,70.66167305724638,763.4998199000003,0.0,single,True,plastic_skin_veto,False
62,eplus::Background_eplus_fullsphere20_rep08_part01.inc1.id1.sim.gz::230901,eplus,prompt,230901,Background_eplus_fullsphere20_rep08_part01.inc1.id1.sim.gz,510.99886000000004,1376.161,46.13261,30.60791,-31.93325,-0.64275,-0.69017,0.33247,102.67386840896744,225.02430623516867,side_wall,side,side_phi00_000deg,6.399687773593559,right_lower,GeoOpt_S1_PlasticFullWrap_SideShell_5mm,geoopt_plastic_active,-1.988930161061768,-1.373338013667271,-6.420248012729069,63.161666558022894,1376.16149314,0.0,single,True,plastic_skin_veto,False
63,gamma::Background_gamma_fullsphere20_rep01_part12.inc1.id1.sim.gz::528434,gamma,prompt,528434,Background_gamma_fullsphere20_rep01_part12.inc1.id1.sim.gz,510.93292,1903.964,4.42579,63.06536,-1.45905,-0.26507,-0.92645,0.26725,89.91167868136132,247.88859983944187,side_wall,side,side_phi03_135deg,113.34024143430025,right_lower,CsI_TopAnnulus_Segment_02,csi_active,-5.9586163202833164,-0.9324185957506339,-3.4461810586258563,64.86524685576718,0.0,1161.49799772,single,True,non_plastic_active_veto,False
64,muminus::Background_muminus_fullsphere20_rep03_part01.inc1.id1.sim.gz::7838,muminus,prompt,7838,Background_muminus_fullsphere20_rep03_part01.inc1.id1.sim.gz,510.998862,1680.164,18.20161,-52.92219,-25.11215,-0.25264,0.68742,0.6809,72.37259060454305,133.839068853114,side_wall,side,side_phi06_270deg,282.370754450458,right_lower,GeoOpt_S1_PlasticFullWrap_SideShell_5mm,geoopt_plastic_active,-2.6205991195926073,0.41283044676130887,-3.6095958116963476,61.16002481439513,4670.935241745001,0.0,single,True,plastic_skin_veto,False
65,muplus::Background_muplus_fullsphere20_rep01_part01.inc1.id1.sim.gz::4293,muplus,prompt,4293,Background_muplus_fullsphere20_rep01_part01.inc1.id1.sim.gz,510.99899999999997,556.224,-38.13563,-30.77989,46.74763,0.34133,0.80067,-0.49237,96.1309423110723,53.63663777724051,envelope_miss,miss_current_outer_envelope,phi05_225deg,,left_upper,GeoOpt_S1_PlasticFullWrap_SideShell_5mm,geoopt_plastic_active,-5.7506847392075136,1.239108404361163,-1.426552238150936,66.29293154385003,977.86595243,1063.4464799999998,keep,True,plastic_skin_veto,False
66,muplus::Background_muplus_fullsphere20_rep01_part01.inc1.id1.sim.gz::8447,muplus,prompt,8447,Background_muplus_fullsphere20_rep01_part01.inc1.id1.sim.gz,510.998917,2149.973,-35.07655,39.3334,31.24418,0.44337,-0.69152,-0.57027,95.14822022806845,316.02644699336196,side_wall,side,side_phi03_135deg,144.7973918446583,left_upper,GeoOpt_S1_PlasticFullWrap_SideShell_5mm,geoopt_plastic_active,-3.7817197973060304,1.233784238186497,-4.759302991198541,61.05078137182846,2889.0241930300003,24507.025266769968,single,True,plastic_skin_veto,False
67,muplus::Background_muplus_fullsphere20_rep02_part01.inc1.id1.sim.gz::9490,muplus,prompt,9490,Background_muplus_fullsphere20_rep02_part01.inc1.id1.sim.gz,510.998869,770.151,-10.50368,51.04364,48.38613,-0.28477,-0.66723,-0.68827,133.4752615256811,293.1522806688805,side_wall,side,side_phi03_135deg,153.92009874736576,left_upper,GeoOpt_S1_PlasticFullWrap_SideShell_5mm,geoopt_plastic_active,-4.0021331963323545,0.6531591136552947,-4.709561592875931,73.48893209540569,1945.2858157499995,24729.406702737946,single,True,plastic_skin_veto,False
68,muplus::Background_muplus_fullsphere20_rep04_part01.inc1.id1.sim.gz::4675,muplus,prompt,4675,Background_muplus_fullsphere20_rep04_part01.inc1.id1.sim.gz,510.99890500000004,3425.736,35.69302,-61.00087,-8.53631,-0.58977,0.74729,-0.30615,129.30967104626333,105.02245069165099,side_wall,side,side_phi07_315deg,316.0828061545361,right_lower,GeoOpt_S1_PlasticFullWrap_SideShell_5mm,geoopt_plastic_active,-3.477273158729381,-0.14660572766339316,-4.844884380705112,72.46502583571589,4212.097776237,2411.48476826935,veto,False,plastic_skin_veto,False
69,muplus::Background_muplus_fullsphere20_rep05_part01.inc1.id1.sim.gz::4435,muplus,prompt,4435,Background_muplus_fullsphere20_rep05_part01.inc1.id1.sim.gz,510.9989,14036.603,-2.21256,5.42137,87.38372,-0.1825,0.6013,-0.7779,132.77386837935543,55.0014971537945,envelope_miss,miss_current_outer_envelope,phi04_180deg,,left_upper,GeoOpt_S1_PlasticFullWrap_TopCap_5mm,geoopt_plastic_active,-4.692612064557282,0.3652806717373755,-2.3364075527514827,89.89669618857125,2997.908733671999,1147.2905899999998,keep,True,plastic_skin_veto,False
70,muplus::Background_muplus_fullsphere20_rep07_part01.inc1.id1.sim.gz::1383,muplus,prompt,1383,Background_muplus_fullsphere20_rep07_part01.inc1.id1.sim.gz,510.99889999999994,615.955,38.15046,-48.25701,27.6449,-0.34007,0.71058,-0.61598,132.53406683194623,74.64711503579512,top,top,top_phi00_000deg,338.2112579394134,right_upper,Vacuum_Jacket_Al_266mmClass_side_port_side_wall_above_side_port,outer_mechanics,-5.948827625661816,-0.5659589502990124,-1.7060725174310551,71.27877038105404,1.46917,4091.6810864000017,single,True,non_plastic_active_veto,False
71,muplus::Background_muplus_fullsphere20_rep07_part01.inc1.id1.sim.gz::2373,muplus,prompt,2373,Background_muplus_fullsphere20_rep07_part01.inc1.id1.sim.gz,510.998943,1492.262,-20.23382,28.34115,54.74951,0.5116,-0.62482,-0.5898,93.1698320438007,321.2606971523479,envelope_miss,miss_current_outer_envelope,phi03_135deg,,left_upper,Vacuum_Jacket_Al_266mmClass_side_port_side_wall_above_side_port,outer_mechanics,-1.7284920964753603,0.5001703524283089,-3.957442613210776,67.55792768937813,0.0,547.3798799999998,keep,True,non_plastic_active_veto,False
72,muplus::Background_muplus_fullsphere20_rep08_part01.inc1.id1.sim.gz::1858,muplus,prompt,1858,Background_muplus_fullsphere20_rep08_part01.inc1.id1.sim.gz,510.99892,358.74,38.72152,-48.27644,33.88336,-0.55881,0.40651,-0.72283,154.99288996202966,74.07624541079662,side_wall,side,side_phi06_270deg,290.4213008870109,right_upper,GeoOpt_S1_PlasticFullWrap_SideShell_5mm,geoopt_plastic_active,-1.7774745998861623,-0.6512356716531627,-6.054480223416411,74.18463272558228,3979.6615324420013,11158.743845329996,keep,True,plastic_skin_veto,False
73,n::Background_n_fullsphere20_rep01_part01.inc1.id1.sim.gz::121496,n,prompt,121496,Background_n_fullsphere20_rep01_part01.inc1.id1.sim.gz,510.998874,1.287,-11.22642,-37.72194,-42.65044,0.45864,0.66997,0.58376,42.51561412171598,97.52269383790312,side_wall,side,side_phi07_315deg,315.2974099528881,left_lower,MuMetal_MagShield_Outer_Cylinder_2mm,outer_mechanics,-6.176303023723758,-0.3140511268098806,-2.1414120283214246,55.369984455779395,0.7304412,3488.9510524150005,single,True,non_plastic_active_veto,False
74,n::Background_n_fullsphere20_rep01_part01.inc1.id1.sim.gz::167319,n,prompt,167319,Background_n_fullsphere20_rep01_part01.inc1.id1.sim.gz,510.99888,374.36,30.07172,58.18795,-15.04729,-0.73052,-0.67481,0.10474,116.26309240758793,228.8064171277889,side_wall,side,side_phi02_090deg,79.67702600673444,right_lower,Outer_Al_Mechanical_Shell_detector_bay_side_wall_below_side_port,outer_mechanics,-2.013043481223481,-0.6409655212615339,-4.370587539828894,67.85473693469604,0.0,266.2318574,keep,True,non_plastic_active_veto,False
75,n::Background_n_fullsphere20_rep01_part01.inc1.id1.sim.gz::457587,n,prompt,457587,Background_n_fullsphere20_rep01_part01.inc1.id1.sim.gz,510.99890000000005,39.166,45.25001,24.76627,-35.08197,-0.6197,-0.60614,0.49857,94.91349513745675,217.4720190536553,side_wall,side,side_phi00_000deg,5.187944725103808,right_lower,CsI_TopAnnulus_Segment_07,csi_active,-1.6926364897272772,-0.7874963095290811,-6.02634816005866,60.83449837524104,20.41795,3862.339604950002,single,True,non_plastic_active_veto,False
76,n::Background_n_fullsphere20_rep01_part01.inc1.id1.sim.gz::506085,n,prompt,506085,Background_n_fullsphere20_rep01_part01.inc1.id1.sim.gz,510.9989002489,107.802,33.74533,4.65292,-50.79446,-0.60384,-0.29365,0.74104,84.43267191249814,197.16009951463028,side_wall,side,side_phi00_000deg,348.94308467725074,right_lower,Shield_4K_Al_side_window_bottom_cap,window_or_side_port,-5.311382299637477,1.4323778940509715,-1.0551881637323404,63.322932890975395,95.760747,673.0792726433001,keep,True,plastic_skin_veto,False
77,n::Background_n_fullsphere20_rep01_part01.inc1.id1.sim.gz::620364,n,prompt,620364,Background_n_fullsphere20_rep01_part01.inc1.id1.sim.gz,510.999,0.58,44.92282,38.38009,-20.03188,-0.57985,-0.7517,0.3142,100.82692292921789,229.9357574684037,top,top,top_phi00_000deg,354.38622311791244,right_lower,ColdPlate_CP_100mK_intercept,other,-1.8646649303879264,1.037422865692692,-5.9905933890453795,61.48740736529656,0.0,220.38625000000002,single,True,non_plastic_active_veto,False
78,n::Background_n_fullsphere20_rep01_part01.inc1.id1.sim.gz::737005,n,prompt,737005,Background_n_fullsphere20_rep01_part01.inc1.id1.sim.gz,510.99891,11.383,-5.94772,28.8705,-50.22419,0.3666,-0.60308,0.70845,40.52044135448122,248.15826942073775,side_wall,side,side_phi01_045deg,27.115823725746274,left_lower,GeoOpt_S1_PlasticFullWrap_SideShell_5mm,geoopt_plastic_active,-4.97185183788461,1.5921888982128594,-2.58273729073436,54.90689020045579,0.0020770475,0.0,single,True,final_pass,True
79,n::Background_n_fullsphere20_rep01_part01.inc1.id1.sim.gz::745151,n,prompt,745151,Background_n_fullsphere20_rep01_part01.inc1.id1.sim.gz,510.99894000000006,28883.468,42.51448,45.20788,-6.18447,-0.65571,-0.73737,0.16227,110.42093411717266,231.88906561159394,top,top,top_phi01_045deg,57.311053531877164,right_lower,ColdPlate_CP_100mK_intercept,other,-4.510965324204449,-1.1423280356852323,-3.585359620421756,66.07941939557485,0.0,0.0,keep,True,final_pass,True
80,n::Background_n_fullsphere20_rep01_part01.inc1.id1.sim.gz::875954,n,prompt,875954,Background_n_fullsphere20_rep01_part01.inc1.id1.sim.gz,510.99892,3.694,-8.55558,-64.66189,14.13652,-0.10139,0.87879,-0.46631,113.66730235623831,73.63628075230802,side_wall,side,side_phi06_270deg,259.4408478366459,left_upper,GeoOpt_S1_PlasticFullWrap_SideShell_5mm,geoopt_plastic_active,-3.119923548404486,-1.256233124991184,-3.862940474629692,66.13474323068687,3.6454891099999998,1247.58978435045,single,True,non_plastic_active_veto,False
81,n::Background_n_fullsphere20_rep02_part01.inc1.id1.sim.gz::10145,n,prompt,10145,Background_n_fullsphere20_rep02_part01.inc1.id1.sim.gz,510.998922,0.0,-0.40666,-51.26889,47.87556,0.47642,0.77765,-0.41023,87.31738844976576,51.12357912764623,envelope_miss,miss_current_outer_envelope,phi05_225deg,,left_upper,G10_Support_Ring_60K_Top,g10_passive,-5.307702909349603,-0.08216450911418294,-2.8839846298147744,72.25394424600461,0.0,0.0,keep,True,final_pass,True
82,n::Background_n_fullsphere20_rep02_part01.inc1.id1.sim.gz::272055,n,prompt,272055,Background_n_fullsphere20_rep02_part01.inc1.id1.sim.gz,510.9988400000001,189.653,-13.23673,39.65654,-41.03185,0.11825,-0.82391,0.55424,61.60652897045375,249.48510470611293,bottom,bottom,bottom_phi01_045deg,54.37108058656015,left_lower,CsI_Bottom_Quadrant_00,csi_active,-2.3310728266551046,0.9392212688875771,-6.733694601128173,52.86139982893225,0.0,287.95718519499997,single,True,non_plastic_active_veto,False
83,n::Background_n_fullsphere20_rep02_part01.inc1.id1.sim.gz::296032,n,prompt,296032,Background_n_fullsphere20_rep02_part01.inc1.id1.sim.gz,510.99895999999995,0.036,48.6144,4.35429,49.1759,-0.64746,-0.36764,-0.66756,158.41293526957568,272.21393422084907,top,top,top_phi06_270deg,271.5575088686222,right_upper,CsI_Side_Segment_06,csi_active,-3.7396291101211054,0.7955957262547539,-2.7849015397193377,73.84804374963154,312.124218,1013.8509832399997,single,True,plastic_skin_veto,False
84,n::Background_n_fullsphere20_rep02_part01.inc1.id1.sim.gz::804987,n,prompt,804987,Background_n_fullsphere20_rep02_part01.inc1.id1.sim.gz,510.99889999999994,0.628,7.47393,22.86954,-52.85176,0.19179,-0.38434,0.90305,39.270265253327025,217.38675480226306,side_wall,side,side_phi00_000deg,21.302505243534544,right_lower,GeoOpt_S1_PlasticFullWrap_SideShell_5mm,geoopt_plastic_active,-3.1888043612671186,-0.20050330407709296,-4.0315234881662185,55.03940674809574,0.17521899000000002,176.952012,keep,True,non_plastic_active_veto,False
85,n::Background_n_fullsphere20_rep03_part01.inc1.id1.sim.gz::305203,n,prompt,305203,Background_n_fullsphere20_rep03_part01.inc1.id1.sim.gz,510.9989,1.951,-46.18475,32.94576,-10.1405,0.9379,-0.32649,0.11727,41.74493581837809,330.635765071102,side_wall,side,side_phi03_135deg,115.10192565233977,left_lower,Outer_Al_Mechanical_Shell_detector_bay_bottom_cap,outer_mechanics,-2.1096904475156406,-0.13637493126495967,-4.6020127844345655,55.38694220484144,0.9826515,3179.637698269501,single,True,non_plastic_active_veto,False
86,n::Background_n_fullsphere20_rep03_part01.inc1.id1.sim.gz::314403,n,prompt,314403,Background_n_fullsphere20_rep03_part01.inc1.id1.sim.gz,510.99887,0.0,52.75632,39.55554,0.1627,-0.86892,-0.42972,0.24561,116.15145741101729,208.6021545170244,top,top,top_phi03_135deg,146.44598412245435,right_upper,Shield_60K_Al_side_window_side_wall_above_side_port,window_or_side_port,-5.6855308069761685,-1.2920552322837036,-1.3165626516404625,71.31734838030566,0.0,409.88338,keep,True,non_plastic_active_veto,False
87,n::Background_n_fullsphere20_rep03_part01.inc1.id1.sim.gz::457664,n,prompt,457664,Background_n_fullsphere20_rep03_part01.inc1.id1.sim.gz,510.9989,0.157,-12.73835,53.55512,-17.83233,0.37395,-0.88666,0.27203,62.82075422296453,274.6468244330574,side_wall,side,side_phi02_090deg,78.1365263770651,left_lower,CsI_Side_Segment_01,csi_active,-5.831103157339086,0.42094394041184824,-3.2912659793727537,55.51930535704441,0.0,5479.820774827998,single,True,non_plastic_active_veto,False
88,n::Background_n_fullsphere20_rep03_part01.inc1.id1.sim.gz::556865,n,prompt,556865,Background_n_fullsphere20_rep03_part01.inc1.id1.sim.gz,510.99885000000006,116.244,-7.26214,-53.16297,-37.74259,0.5433,0.44099,0.71439,27.211944245725736,105.34081121709046,envelope_miss,miss_current_outer_envelope,phi06_270deg,,left_lower,ColdPlate_4K,other,-5.082687605357134,0.12668377352181906,-0.9382234913746282,64.80045220632005,75.75524,3647.502873140001,single,True,plastic_skin_veto,False
89,n::Background_n_fullsphere20_rep03_part01.inc1.id1.sim.gz::681084,n,prompt,681084,Background_n_fullsphere20_rep03_part01.inc1.id1.sim.gz,510.9989,56.234,-30.5931,51.44161,-5.17106,0.7016,-0.706,-0.09651,64.66786917942218,308.6374831973313,side_wall,side,side_phi02_090deg,88.24888444849398,left_lower,CsI_Side_Segment_01,csi_active,-3.2766188784373114,-0.5658026001848927,-5.813887564270882,58.74839856121993,0.0,661.0358240539998,single,True,non_plastic_active_veto,False
90,n::Background_n_fullsphere20_rep03_part01.inc1.id1.sim.gz::714779,n,prompt,714779,Background_n_fullsphere20_rep03_part01.inc1.id1.sim.gz,510.99894,18.446,-13.72853,57.32434,-18.00477,-0.07595,-0.93683,0.34143,79.18004950161291,252.51386023335692,side_wall,side,side_phi02_090deg,103.44427275403041,left_lower,Cu_50mK_StillLike_Can_bottom_cap_2mm,other,-4.5476563323863255,0.7985819199366245,-3.7537150533455903,59.01306918741895,0.0,510.9989648,single,True,non_plastic_active_veto,False
91,n::Background_n_fullsphere20_rep04_part01.inc1.id1.sim.gz::191496,n,prompt,191496,Background_n_fullsphere20_rep04_part01.inc1.id1.sim.gz,510.9989268,1.635,64.70867,8.72619,1.49153,-0.9474,-0.30785,0.08749,127.44866413148209,202.8158985943407,top,top,top_phi06_270deg,257.9321438905076,right_upper,G10_Support_Ring_Still_4K,g10_passive,-0.428729471601296,0.321062394304296,-4.697315476613213,65.96839234303341,0.0,0.0,keep,True,final_pass,True
92,n::Background_n_fullsphere20_rep04_part01.inc1.id1.sim.gz::192808,n,prompt,192808,Background_n_fullsphere20_rep04_part01.inc1.id1.sim.gz,510.9989,0.749,53.30601,26.95113,-31.56293,-0.88804,-0.00274,0.45977,107.62771647001306,180.16472454712775,side_wall,side,side_phi02_090deg,73.86413395870403,right_lower,GeoOpt_S1_PlasticFullWrap_SideShell_5mm,geoopt_plastic_active,-2.1632545108451313,-1.2121355006198644,-6.51809917315634,67.06155664893059,0.3068776,1288.4950045157,single,True,non_plastic_active_veto,False
93,n::Background_n_fullsphere20_rep04_part01.inc1.id1.sim.gz::264586,n,prompt,264586,Background_n_fullsphere20_rep04_part01.inc1.id1.sim.gz,510.998868,0.0,47.79147,-30.74047,32.58918,-0.69275,0.50914,-0.51077,148.32191200552896,104.18382414954556,top,top,top_phi00_000deg,337.97781534027365,right_upper,G10_Support_Ring_4K_60K,g10_passive,-3.650098362733763,-0.8398484685659499,-4.64908996525413,70.19238472647169,0.0,8134.2222759999995,single,True,non_plastic_active_veto,False
94,n::Background_n_fullsphere20_rep04_part01.inc1.id1.sim.gz::299408,n,prompt,299408,Background_n_fullsphere20_rep04_part01.inc1.id1.sim.gz,510.9989,2.206,-33.86019,-37.6643,-39.5984,0.16553,0.86051,0.48179,62.75962694182918,104.56779157595079,bottom,bottom,bottom_phi03_135deg,122.07795821315925,left_lower,Outer_Al_Mechanical_Shell_detector_bay_side_wall_below_side_port,outer_mechanics,-5.486957593950789,0.9141664629220728,-1.1295268515118133,61.42631840760897,943.1116384000002,2551.1108052000004,single,True,plastic_skin_veto,False
95,n::Background_n_fullsphere20_rep04_part01.inc1.id1.sim.gz::533867,n,prompt,533867,Background_n_fullsphere20_rep04_part01.inc1.id1.sim.gz,510.99889999999994,0.0,-27.19056,46.08781,27.69979,0.62242,-0.72277,-0.30031,76.83433565183184,312.0736220151578,envelope_miss,miss_current_outer_envelope,phi03_135deg,,left_upper,ColdPlate_Still_0p7K,other,-4.052877843269721,-0.7163736933583617,-3.2413743278964007,60.690523121434666,0.0,3363.1043069999987,single,True,non_plastic_active_veto,False
96,n::Background_n_fullsphere20_rep04_part01.inc1.id1.sim.gz::752100,n,prompt,752100,Background_n_fullsphere20_rep04_part01.inc1.id1.sim.gz,510.99889,0.098,-53.56949,9.87636,-11.65711,0.91591,-0.33872,0.21534,36.87781585013144,325.63720360723585,bottom,bottom,bottom_phi04_180deg,178.76050191684172,left_lower,CsI_Bottom_Quadrant_02,csi_active,-4.918656182080023,-0.7403137129315585,-2.180294863914773,50.68951979481807,0.0,4674.527130237,single,True,non_plastic_active_veto,False
97,n::Background_n_fullsphere20_rep04_part01.inc1.id1.sim.gz::773525,n,prompt,773525,Background_n_fullsphere20_rep04_part01.inc1.id1.sim.gz,510.99892099999994,3.332,-50.76374,32.4332,9.84538,0.98439,-0.17539,0.01485,45.04369550249382,345.64972191805947,side_wall,side,side_phi03_135deg,117.44863143832995,left_upper,GeoOpt_S1_PlasticFullWrap_SideShell_5mm,geoopt_plastic_active,-5.385012528183456,-0.20700445856856464,-1.1172130953245614,56.963060850275724,0.5991804000000001,4187.12679767,keep,True,non_plastic_active_veto,False
98,n::Background_n_fullsphere20_rep04_part01.inc1.id1.sim.gz::912165,n,prompt,912165,Background_n_fullsphere20_rep04_part01.inc1.id1.sim.gz,510.99886000000004,10045.786,-23.16021,-50.44049,36.51343,0.7151,0.66913,-0.20223,68.73673126892547,45.890366959777204,envelope_miss,miss_current_outer_envelope,phi05_225deg,,left_upper,Plate_300K_Top_Service_Lid,other,-2.707919747209064,-0.9380751803634865,-5.2551556628952945,67.92201408850003,0.0,1737.892373,single,True,non_plastic_active_veto,False
99,n::Background_n_fullsphere20_rep05_part01.inc1.id1.sim.gz::259704,n,prompt,259704,Background_n_fullsphere20_rep05_part01.inc1.id1.sim.gz,510.9989,550.368,-57.11014,-14.0233,-9.81684,0.93456,0.32381,-0.14747,56.182050164927446,22.93904230328651,bottom,bottom,bottom_phi04_180deg,194.91000982516638,left_lower,CsI_Bottom_Quadrant_01,csi_active,-3.8843029428304052,-0.0012640197312996173,-1.3280032297721187,55.69261686417591,0.0,1221.9662791,single,True,non_plastic_active_veto,False
100,n::Background_n_fullsphere20_rep05_part01.inc1.id1.sim.gz::365643,n,prompt,365643,Background_n_fullsphere20_rep05_part01.inc1.id1.sim.gz,510.99898999999994,0.617,-1.21883,60.89165,5.88242,-0.05156,-0.98666,-0.15441,98.37450803815474,274.21560334059393,side_wall,side,side_phi02_090deg,95.30741933293504,left_upper,Outer_Al_Mechanical_Shell_detector_bay_side_wall_above_side_port,outer_mechanics,-4.0997850744132975,0.013798510193112517,-4.968860706144078,61.904466697640686,0.0,9524.920378096904,keep,True,non_plastic_active_veto,False
101,n::Background_n_fullsphere20_rep05_part01.inc1.id1.sim.gz::545609,n,prompt,545609,Background_n_fullsphere20_rep05_part01.inc1.id1.sim.gz,510.99895000000004,0.167,4.19544,-51.56951,46.6816,-0.42998,0.68059,-0.59322,136.34531039044083,80.37422688865998,side_wall,side,side_phi05_225deg,211.5622081301798,right_upper,CsI_Side_Segment_04_rectcut_window_band,csi_active,-3.152872151152639,-1.3412521330354927,-3.8620107762999902,71.63471344346377,0.0,2544.2453912901997,single,True,non_plastic_active_veto,False
102,n::Background_n_fullsphere20_rep05_part01.inc1.id1.sim.gz::591731,n,prompt,591731,Background_n_fullsphere20_rep05_part01.inc1.id1.sim.gz,510.998882,332.481,42.08502,-49.23079,-13.37221,-0.79312,0.60895,0.01138,123.55771632707572,133.05090540015803,side_wall,side,side_phi07_315deg,302.8280268231445,right_lower,ActiveShield_Flex_Kapton_detector_bay_above_side_port,passive_shield_or_collimator,-3.7556208630525454,-0.026278229981407435,-2.9965109962278236,68.04486360540477,0.0,3602.2832849500014,keep,True,non_plastic_active_veto,False
103,n::Background_n_fullsphere20_rep05_part01.inc1.id1.sim.gz::610192,n,prompt,610192,Background_n_fullsphere20_rep05_part01.inc1.id1.sim.gz,510.9988701,41.776,45.39339,24.5078,-40.646,-0.64312,-0.66016,0.38805,100.39084391916282,222.15726161922802,side_wall,side,side_phi00_000deg,347.82801655360464,right_lower,CsI_Side_Segment_07,csi_active,-2.5151409299367624,-1.407672998189085,-5.091813075518064,65.04567075867214,0.0,0.137549,single,True,final_pass,True
104,n::Background_n_fullsphere20_rep05_part01.inc1.id1.sim.gz::736476,n,prompt,736476,Background_n_fullsphere20_rep05_part01.inc1.id1.sim.gz,510.99895000000004,1.191,19.631,51.84134,-22.06943,-0.29287,-0.81933,0.49288,81.86950959132291,235.85777531950575,side_wall,side,side_phi01_045deg,65.53800411845565,right_lower,CsI_Side_Segment_01,csi_active,-4.9486090261370785,1.3674044672328778,-2.2061983621780428,59.55101442579682,0.0,1729.6813677159998,keep,True,non_plastic_active_veto,False
105,n::Background_n_fullsphere20_rep05_part01.inc1.id1.sim.gz::795568,n,prompt,795568,Background_n_fullsphere20_rep05_part01.inc1.id1.sim.gz,510.99891,1.873,50.46184,42.38474,6.12922,-0.58912,-0.78416,0.19499,106.18223440527117,234.73733254635377,envelope_miss,miss_current_outer_envelope,phi01_045deg,,right_upper,ColdPlate_4K,other,-4.727676057868734,-1.1310225425663238,-2.1940218797654185,70.77273929806483,0.0,6401.66093952,single,True,non_plastic_active_veto,False
106,n::Background_n_fullsphere20_rep05_part01.inc1.id1.sim.gz::813973,n,prompt,813973,Background_n_fullsphere20_rep05_part01.inc1.id1.sim.gz,510.99890000000005,2775.03,40.38741,-49.52939,-1.04494,-0.70754,0.70462,-0.05385,122.57366358043376,123.26475602695739,top,top,top_phi07_315deg,297.3981703611101,right_lower,Nb_MagShield_Inner_Cylinder_2mm,passive_shield_or_collimator,-4.284856561219799,0.9336208859582867,-3.53350809992272,67.44123248118301,2.108466,0.0,single,True,final_pass,True
107,n::Background_n_fullsphere20_rep05_part01.inc1.id1.sim.gz::841723,n,prompt,841723,Background_n_fullsphere20_rep05_part01.inc1.id1.sim.gz,510.99892,0.235,-60.39616,4.81298,-14.63702,0.81417,-0.52772,0.24216,41.674246623735115,307.468439272407,bottom,bottom,bottom_phi05_225deg,224.279731034039,left_lower,CsI_Side_Segment_04_below_side_port,csi_active,-6.135104041837192,-1.4863575940435256,-1.8781003962737535,56.095756321427345,0.0,2002.7457635999997,single,True,non_plastic_active_veto,False
108,n::Background_n_fullsphere20_rep05_part01.inc1.id1.sim.gz::894429,n,prompt,894429,Background_n_fullsphere20_rep05_part01.inc1.id1.sim.gz,510.99890544929997,0.0,-43.49247,-7.59978,-32.74428,0.86849,0.20872,0.44962,21.243989008317154,35.17207574401585,bottom,bottom,bottom_phi00_000deg,338.1896392431825,left_lower,CsI_Bottom_Quadrant_03,csi_active,-1.2124361272289537,0.37236603893396075,-5.367196449265386,50.996677151483716,0.0,3488.58100151,keep,True,non_plastic_active_veto,False
109,n::Background_n_fullsphere20_rep06_part01.inc1.id1.sim.gz::79531,n,prompt,79531,Background_n_fullsphere20_rep06_part01.inc1.id1.sim.gz,510.99899999999997,117.053,55.8023,30.44984,-28.06734,-0.78166,-0.62306,0.02823,122.19194535624105,227.41267496329,side_wall,side,side_phi00_000deg,351.67980954381227,right_lower,CsI_Side_Segment_07,csi_active,-2.5579107772390945,-0.06325788828964832,-6.790613396899015,69.20738717541087,92.07477,708.0275248999999,single,True,plastic_skin_veto,False
110,n::Background_n_fullsphere20_rep06_part01.inc1.id1.sim.gz::118972,n,prompt,118972,Background_n_fullsphere20_rep06_part01.inc1.id1.sim.gz,510.99898,0.555,-36.17446,-0.44933,56.88719,0.87351,0.14087,-0.46597,73.25124663603061,8.459563009049056,envelope_miss,miss_current_outer_envelope,phi04_180deg,,left_upper,DR_MXC_Sinter_HEX_AgProxy,other,-4.103259890991582,-1.0265074886890344,-1.4717032785244892,66.59320862505216,0.0,113.6213,keep,True,non_plastic_active_veto,False
111,n::Background_n_fullsphere20_rep06_part01.inc1.id1.sim.gz::158363,n,prompt,158363,Background_n_fullsphere20_rep06_part01.inc1.id1.sim.gz,510.99889999999994,23.704,50.64849,3.60773,-36.61864,-0.71205,-0.30287,0.63345,93.18605360377003,197.65821427932235,top,top,top_phi00_000deg,340.27971079728565,right_lower,MuMetal_MagShield_Outer_Back_ColdFingerCap_2mm,outer_mechanics,-3.074166474092606,1.2938742096247176,-5.570366261541856,62.09245565598326,17.492158,514.60466,keep,True,non_plastic_active_veto,False
112,n::Background_n_fullsphere20_rep06_part01.inc1.id1.sim.gz::164833,n,prompt,164833,Background_n_fullsphere20_rep06_part01.inc1.id1.sim.gz,510.99892,0.056,-42.7525,28.69194,-24.57957,0.54632,-0.5676,0.61592,34.73151750169648,265.04447500134813,bottom,bottom,bottom_phi03_135deg,139.71993266163116,left_lower,Still_Shield_Al_side_window_bottom_cap,window_or_side_port,-2.757560867808761,0.5045469849271227,-5.373623164363204,52.56417672737934,0.045419163000000005,2807.4503156,keep,True,non_plastic_active_veto,False
113,n::Background_n_fullsphere20_rep06_part01.inc1.id1.sim.gz::180531,n,prompt,180531,Background_n_fullsphere20_rep06_part01.inc1.id1.sim.gz,510.998864,0.0,-47.35727,34.70804,17.29504,0.86883,-0.28025,-0.40815,70.98890478369107,342.7573450288039,side_wall,side,side_phi03_135deg,118.13716350681467,left_upper,GeoOpt_S1_PlasticFullWrap_SideShell_5mm,geoopt_plastic_active,-1.8612175992836533,-0.9750262796836864,-6.012389509465183,62.34106410310715,6.9554058e-05,5648.1196199,keep,True,non_plastic_active_veto,False
114,n::Background_n_fullsphere20_rep06_part01.inc1.id1.sim.gz::251935,n,prompt,251935,Background_n_fullsphere20_rep06_part01.inc1.id1.sim.gz,510.998876,27.819,-42.45693,-5.64216,-48.4389,0.64018,-0.46056,0.61486,27.44572460175091,272.2262118619291,bottom,bottom,bottom_phi06_270deg,280.69158327427124,left_lower,GeoOpt_S1_PlasticFullWrap_SideShell_5mm,geoopt_plastic_active,-5.377069720417846,0.374125565970854,-1.018133902912307,60.49661798480429,11.679722987000002,0.0,single,True,final_pass,True
115,n::Background_n_fullsphere20_rep06_part01.inc1.id1.sim.gz::399655,n,prompt,399655,Background_n_fullsphere20_rep06_part01.inc1.id1.sim.gz,510.9988900000001,1.168,22.2071,16.26036,-59.02429,-0.54887,-0.51252,0.66035,85.47877604619771,210.9386907481106,side_wall,side,side_phi00_000deg,356.9822164881973,right_lower,GeoOpt_S1_PlasticFullWrap_BottomCap_5mm,geoopt_plastic_active,-3.4175943400579007,0.2814572646698841,-6.008982439175493,61.0128931326433,0.1483567,2806.0705782729992,keep,True,non_plastic_active_veto,False
116,n::Background_n_fullsphere20_rep06_part01.inc1.id1.sim.gz::634987,n,prompt,634987,Background_n_fullsphere20_rep06_part01.inc1.id1.sim.gz,510.998891,1.031,31.81048,-52.00385,-11.36772,-0.35569,0.84537,0.39855,88.26330086952977,122.24706565185517,envelope_miss,miss_current_outer_envelope,phi07_315deg,,right_lower,NbTi_Bundle_Still_4K,other,-2.2203145355449942,0.15268321263685286,-6.2895781526541175,62.483489484047986,0.0,0.0,single,True,final_pass,True
117,n::Background_n_fullsphere20_rep07_part01.inc1.id1.sim.gz::107826,n,prompt,107826,Background_n_fullsphere20_rep07_part01.inc1.id1.sim.gz,510.998895,26.445,-19.27162,-60.24986,-7.88637,-0.04578,0.95127,0.30495,79.44027242584282,104.61219869718907,side_wall,side,side_phi05_225deg,229.12441150303826,left_lower,CsI_Bottom_Quadrant_02,csi_active,-4.8820104603823085,-0.5510411445049962,-4.200665713732753,61.519056003239115,3.485248,511.1065260000001,single,True,non_plastic_active_veto,False
118,n::Background_n_fullsphere20_rep07_part01.inc1.id1.sim.gz::243793,n,prompt,243793,Background_n_fullsphere20_rep07_part01.inc1.id1.sim.gz,510.9989,12.063,63.26945,19.53351,10.48338,-0.99408,-0.09597,0.05102,131.82374384621053,187.39931446115122,top,top,top_phi03_135deg,132.2577960940133,right_upper,CsI_Side_Segment_03_above_side_port,csi_active,-6.382714809410353,1.368663880702287,-2.084538115683028,73.07077571052288,0.0,3894.0159938399997,single,True,non_plastic_active_veto,False
119,n::Background_n_fullsphere20_rep07_part01.inc1.id1.sim.gz::252059,n,prompt,252059,Background_n_fullsphere20_rep07_part01.inc1.id1.sim.gz,510.9989,27.357,-47.5411,4.77911,-32.4217,0.89186,0.21765,0.39651,24.354358592059025,31.856241452223262,bottom,bottom,bottom_phi02_090deg,81.12782271185945,left_lower,Passive_W_Bottom_Plate_detector_bay,other,-6.589600605421068,-0.1735883268445196,-2.3636431753402993,51.03960524392208,0.0,58.116,single,True,non_plastic_active_veto,False
120,n::Background_n_fullsphere20_rep07_part01.inc1.id1.sim.gz::329030,n,prompt,329030,Background_n_fullsphere20_rep07_part01.inc1.id1.sim.gz,510.99887,0.525,34.65676,52.5204,1.89734,-0.58756,-0.79845,0.13137,108.81865361611032,237.51574796442316,top,top,top_phi03_135deg,125.56885907972746,right_upper,Shield_60K_Al_side_window_side_wall_above_side_port,window_or_side_port,-3.437582503740879,-0.5360454101778679,-4.165289045522273,65.59665236350948,0.0,0.01107629,keep,True,final_pass,True
121,n::Background_n_fullsphere20_rep07_part01.inc1.id1.sim.gz::361381,n,prompt,361381,Background_n_fullsphere20_rep07_part01.inc1.id1.sim.gz,510.99890999999997,15.082,-10.00281,-31.59404,-44.44335,0.22416,0.54609,0.80718,43.17502546396819,127.05009431383442,bottom,bottom,bottom_phi07_315deg,307.9359907762586,left_lower,CsI_Side_Segment_06,csi_active,-3.4837132132965416,-0.8878760099046963,-2.4924530800460225,52.395084524119596,0.0,0.0023371828,single,True,final_pass,True
122,n::Background_n_fullsphere20_rep07_part01.inc1.id1.sim.gz::602847,n,prompt,602847,Background_n_fullsphere20_rep07_part01.inc1.id1.sim.gz,510.99890000000005,0.015,-12.95444,56.31798,-13.66505,0.21302,-0.97382,0.07933,78.06961578343555,275.54458723840514,side_wall,side,side_phi02_090deg,83.24870574518162,left_lower,ActiveShield_Flex_Kapton_detector_bay_below_side_port,passive_shield_or_collimator,-2.054995642972617,1.2721055330285445,-6.354715729786111,56.58875480400483,0.0,3575.78592693284,single,True,non_plastic_active_veto,False
123,n::Background_n_fullsphere20_rep07_part01.inc1.id1.sim.gz::668801,n,prompt,668801,Background_n_fullsphere20_rep07_part01.inc1.id1.sim.gz,510.998915,0.021,35.67774,-49.81339,-28.69434,-0.67334,0.73597,0.07049,115.23156689627821,125.55181952402098,side_wall,side,side_phi07_315deg,322.36361749152917,right_lower,CsI_Bottom_Quadrant_03,csi_active,-5.640385619784288,-0.1938243383256328,-3.0478405132312947,69.47684317173828,0.0,851.2784851,keep,True,non_plastic_active_veto,False
124,n::Background_n_fullsphere20_rep07_part01.inc1.id1.sim.gz::928441,n,prompt,928441,Background_n_fullsphere20_rep07_part01.inc1.id1.sim.gz,510.998873,0.0,-11.0468,45.83202,45.69039,0.54826,-0.64788,-0.52883,89.21278314619052,319.6134149452179,envelope_miss,miss_current_outer_envelope,phi03_135deg,,left_upper,Vacuum_Jacket_Al_266mmClass_side_port_side_wall_above_side_port,outer_mechanics,-4.7395885632977155,0.46719926732927214,-2.1994435007328326,66.26600960479311,0.0,0.0,single,True,final_pass,True
125,n::Background_n_fullsphere20_rep08_part01.inc1.id1.sim.gz::137864,n,prompt,137864,Background_n_fullsphere20_rep08_part01.inc1.id1.sim.gz,510.998912394,51.949,-40.6185,-39.04288,-6.61988,0.65352,0.6993,0.28964,48.17061110956641,69.79929905924571,side_wall,side,side_phi05_225deg,230.80657648428104,left_lower,CsI_Side_Segment_05,csi_active,-5.64625761576538,-1.1699984205559109,-1.3224492536928956,51.8215753236446,41.07524,2991.6503130399988,keep,True,non_plastic_active_veto,False
126,n::Background_n_fullsphere20_rep08_part01.inc1.id1.sim.gz::357387,n,prompt,357387,Background_n_fullsphere20_rep08_part01.inc1.id1.sim.gz,510.99891,0.001,55.04151,20.47059,-23.59173,-0.86234,-0.13033,0.48927,105.29566988971007,187.76533244593165,top,top,top_phi02_090deg,77.56306276795665,right_lower,ColdPlate_CP_100mK_intercept,other,-3.078172621268057,1.3296392630769014,-5.599059930065976,63.78095075612894,0.0,0.0,single,True,final_pass,True
127,n::Background_n_fullsphere20_rep08_part01.inc1.id1.sim.gz::370386,n,prompt,370386,Background_n_fullsphere20_rep08_part01.inc1.id1.sim.gz,510.99897999999996,4.173,56.87048,-33.01415,-8.54426,-0.9094,0.2406,0.33928,113.77425789452232,164.75723790232018,top,top,top_phi05_225deg,235.7453396978903,right_lower,CsI_TopAnnulus_Segment_04,csi_active,-4.518969297210926,0.37680669163294617,-3.133257944844665,70.09207813325436,0.5666873,6380.742776600004,veto,False,non_plastic_active_veto,False
128,n::Background_n_fullsphere20_rep08_part01.inc1.id1.sim.gz::585146,n,prompt,585146,Background_n_fullsphere20_rep08_part01.inc1.id1.sim.gz,510.99895559999993,0.0,7.10254,-50.22456,-31.33658,0.11154,0.69093,0.71427,54.27229738993553,121.66801828807532,side_wall,side,side_phi07_315deg,295.01119194117376,right_lower,GeoOpt_S1_PlasticFullWrap_SideShell_5mm,geoopt_plastic_active,-5.819650041586634,0.11009128852686548,-3.4615924972309924,58.97096780694724,2.91099689e-05,306.2558,veto,False,non_plastic_active_veto,False
129,n::Background_n_fullsphere20_rep08_part01.inc1.id1.sim.gz::745296,n,prompt,745296,Background_n_fullsphere20_rep08_part01.inc1.id1.sim.gz,510.99894280000007,1.076,23.20765,37.28393,-41.18614,-0.34224,-0.75915,0.55368,81.4014238897099,230.15498274505666,side_wall,side,side_phi01_045deg,26.775495945017994,right_lower,CsI_Side_Segment_00,csi_active,-2.4647673988598933,0.2235101333691363,-6.72151558693886,56.74819884124624,0.0,334.3414946,veto,False,non_plastic_active_veto,False
130,n::Background_n_fullsphere20_rep08_part01.inc1.id1.sim.gz::748880,n,prompt,748880,Background_n_fullsphere20_rep08_part01.inc1.id1.sim.gz,510.998966,6.622,27.60636,12.85398,-50.30934,-0.52147,-0.14594,0.84069,76.95455294467665,188.61574886296893,side_wall,side,side_phi00_000deg,17.80463915473385,right_lower,ColdPlate_MXC_50mK_SD_anchor,other,-2.6333066435052004,-0.5482322819751682,-6.166693081781892,55.16003997195721,0.0,6024.268905000001,keep,True,non_plastic_active_veto,False
131,n::Background_n_fullsphere20_rep08_part01.inc1.id1.sim.gz::821539,n,prompt,821539,Background_n_fullsphere20_rep08_part01.inc1.id1.sim.gz,510.9989,0.547,51.95579,-36.4594,-13.57523,-0.89606,0.33447,0.29191,115.289835021981,158.2891200000182,top,top,top_phi06_270deg,290.9060934802841,right_lower,ColdPlate_CP_100mK_intercept,other,-3.684850991643426,-0.3551758259138131,-2.8263833229071533,67.19325589716031,0.0,0.0,single,True,final_pass,True
132,n::Background_n_fullsphere20_rep08_part01.inc1.id1.sim.gz::887540,n,prompt,887540,Background_n_fullsphere20_rep08_part01.inc1.id1.sim.gz,510.9989,10.936,-36.40783,51.9398,3.31397,0.2406,-0.96298,0.1216,75.16043157087718,274.99385165706485,side_wall,side,side_phi03_135deg,152.22353713123505,left_upper,CsI_Bottom_Quadrant_01,csi_active,-3.140992555996696,1.0541088114718056,-5.772941393807501,61.47038311202318,3.730032,6448.246202439591,single,True,non_plastic_active_veto,False
133,p::Background_p_fullsphere20_rep08_part01.inc1.id1.sim.gz::215891,p,prompt,215891,Background_p_fullsphere20_rep08_part01.inc1.id1.sim.gz,510.998912,141846.916,62.86741,23.51224,-0.05953,-0.96827,-0.18111,-0.17219,143.7484105937436,197.83489306577877,top,top,top_phi01_045deg,38.975794654865474,right_lower,GeoOpt_S1_PlasticFullWrap_TopCap_5mm,geoopt_plastic_active,-3.27160913931958,0.6362111415426627,-5.720543211327699,70.2120332964591,3511.5587740000014,68935.70926850001,keep,True,plastic_skin_veto,False
134,activation::DelayedDecayGeoOptS1BpeW5FullstatV1.inc1.id1.sim.gz::11555,activation,delayed,11555,DelayedDecayGeoOptS1BpeW5FullstatV1.inc1.id1.sim.gz,510.998946,2000.0,-2.93582,0.63,2.82411,-0.4423,-0.62715,-0.64113,140.0052166249785,282.635618219364,bottom,bottom,bottom_phi06_270deg,270.7495487192017,left_upper,ColdPlate_MXC_50mK_SD_anchor,other,-5.66745684097905,0.1799158089800416,-1.2243888048103877,4.90456503500068,0.0,0.0,single,True,final_pass,True
135,activation::DelayedDecayGeoOptS1BpeW5FullstatV1.inc1.id1.sim.gz::15164,activation,delayed,15164,DelayedDecayGeoOptS1BpeW5FullstatV1.inc1.id1.sim.gz,510.9989,2000.0,6.93191,-1.33261,0.19519,0.64288,0.76591,-0.00938,63.38764010416801,58.944392015299684,top,top,top_phi01_045deg,23.202809586224056,right_upper,ColdPlate_CP_100mK_intercept,other,-2.294126574538908,-1.5660732704251221,-4.894993404252006,10.539650044583537,0.0,0.0,single,True,final_pass,True
136,activation::DelayedDecayGeoOptS1BpeW5FullstatV1.inc1.id1.sim.gz::15495,activation,delayed,15495,DelayedDecayGeoOptS1BpeW5FullstatV1.inc1.id1.sim.gz,510.9989,2000.0,-8.5342,6.32084,8.67781,-0.38603,-0.89279,0.23218,96.24547341955059,243.91205109702838,side_wall,side,side_phi05_225deg,214.47868528851194,left_upper,ColdPlate_MXC_50mK_SD_anchor,other,-4.569230109019999,0.5566865736099236,-0.5172910030512199,11.554061338579432,0.0,0.0,single,True,final_pass,True
137,activation::DelayedDecayGeoOptS1BpeW5FullstatV1.inc1.id1.sim.gz::96906,activation,delayed,96906,DelayedDecayGeoOptS1BpeW5FullstatV1.inc1.id1.sim.gz,510.99892,2000.0,9.42656,5.23501,-2.11243,-0.82876,-0.08972,0.55236,101.27071241457834,185.24901848523822,side_window,side,side_neg_x_window_axis_pm15deg,176.0366982380218,right_lower,ColdPlate_CP_100mK_intercept,other,-3.8351278356422944,0.96137971986995,-4.5285893487581745,14.141220103649431,0.0,194.16745,veto,False,non_plastic_active_veto,False
138,activation::DelayedDecayGeoOptS1BpeW5FullstatV1.inc1.id1.sim.gz::114227,activation,delayed,114227,DelayedDecayGeoOptS1BpeW5FullstatV1.inc1.id1.sim.gz,510.99890200000004,2000.0,0.18765,0.02242,-0.25931,0.25578,-0.96363,0.07736,76.3749732752378,277.45894976007924,side_wall,side,side_phi06_270deg,278.1084894838932,right_lower,ColdPlate_MXC_50mK_SD_anchor,other,-4.9333983868551945,-0.5318535195583509,-2.4842227571552256,5.61093508177985,0.0,130.90938999999997,keep,True,non_plastic_active_veto,False
139,activation::DelayedDecayGeoOptS1BpeW5FullstatV1.inc1.id1.sim.gz::117236,activation,delayed,117236,DelayedDecayGeoOptS1BpeW5FullstatV1.inc1.id1.sim.gz,510.99887700000005,2000.0,19.10341,7.55957,-8.65185,-0.76319,-0.10293,-0.63793,172.19558023709052,229.2877073700229,bottom,bottom,bottom_phi00_000deg,14.438873230268115,right_lower,GeoOpt_S1_PlasticFullWrap_TopCap_5mm,geoopt_plastic_active,-2.8868990842743143,0.6100107169426695,-5.542887254365994,23.27091999050287,2512.5414969800004,0.0,single,True,plastic_skin_veto,False
140,activation::DelayedDecayGeoOptS1BpeW5FullstatV1.inc1.id1.sim.gz::129251,activation,delayed,129251,DelayedDecayGeoOptS1BpeW5FullstatV1.inc1.id1.sim.gz,510.99893,2000.0,-8.46564,-13.16607,-5.44118,0.73805,0.07031,-0.67108,87.28575976699913,4.036308946547753,side_wall,side,side_phi07_315deg,336.304328227226,left_lower,Cu_50mK_StillLike_Can_bottom_cap_2mm,other,-0.880098025510621,1.4054202919521104,-5.2538289575197545,16.42875152859502,0.0,0.0,veto,False,compton_fov_veto,False
141,activation::DelayedDecayGeoOptS1BpeW5FullstatV1.inc1.id1.sim.gz::207005,activation,delayed,207005,DelayedDecayGeoOptS1BpeW5FullstatV1.inc1.id1.sim.gz,510.99884599999996,2000.0,-1.38896,1.3645,1.6685,0.43782,0.74509,0.50315,48.28970684400271,93.54777454942993,top,top,top_phi02_090deg,105.36120383607496,left_upper,ColdPlate_MXC_50mK_SD_anchor,other,-2.40910853324505,-0.9971976897548207,-3.312755538956975,5.606355835305571,0.0,187.77356999999998,keep,True,non_plastic_active_veto,False
142,activation::DelayedDecayGeoOptS1BpeW5FullstatV1.inc1.id1.sim.gz::251391,activation,delayed,251391,DelayedDecayGeoOptS1BpeW5FullstatV1.inc1.id1.sim.gz,510.99888999999996,2000.0,1.4958,0.5423,-1.89057,-0.83786,-0.49816,-0.22322,138.6161018165224,228.89716258022196,bottom,bottom,bottom_phi05_225deg,233.35632900098966,right_lower,ColdPlate_MXC_50mK_SD_anchor,other,-3.7474919912786895,1.2773981621597066,-4.7369353505277285,6.011179245580909,0.0,0.0,single,True,final_pass,True
143,activation::DelayedDecayGeoOptS1BpeW5FullstatV1.inc1.id1.sim.gz::254504,activation,delayed,254504,DelayedDecayGeoOptS1BpeW5FullstatV1.inc1.id1.sim.gz,510.9989,2000.0,-10.89593,-5.63766,-3.00144,-0.48443,-0.31604,0.81575,76.45090856894566,198.970848388949,side_wall,side,side_phi05_225deg,206.2121080195808,left_lower,Cu_50mK_StillLike_Can_bottom_cap_2mm,other,-4.649454500861548,-0.4993242485443903,-3.8696921196806877,8.13479023696087,0.0,0.0,single,True,final_pass,True
144,activation::DelayedDecayGeoOptS1BpeW5FullstatV1.inc1.id1.sim.gz::268065,activation,delayed,268065,DelayedDecayGeoOptS1BpeW5FullstatV1.inc1.id1.sim.gz,510.998886,2000.0,-14.58625,-5.62058,5.49971,0.38709,-0.30271,-0.87094,110.0068302960028,341.20701044267,side_wall,side,side_phi07_315deg,320.4313411388787,left_upper,Cu_50mK_StillLike_Can_side_wall_rectcut_window_band,window_or_side_port,-5.385760563603374,-0.11508946481235108,-1.275011122453496,12.682912843243237,0.0,456.893376,single,True,non_plastic_active_veto,False
145,activation::DelayedDecayGeoOptS1BpeW5FullstatV1.inc1.id1.sim.gz::312666,activation,delayed,312666,DelayedDecayGeoOptS1BpeW5FullstatV1.inc1.id1.sim.gz,510.99890000000005,2000.0,-6.52782,0.46758,-7.46004,-0.76118,0.1416,-0.63289,170.31878762734448,122.64527959850689,bottom,bottom,bottom_phi02_090deg,103.88561521157956,left_lower,Cu_50mK_StillLike_Can_bottom_cap_2mm,other,-2.5330128385442707,0.4556480102916072,-6.834865133902048,4.043447816257429,0.0,510.9989079999999,single,True,non_plastic_active_veto,False
146,activation::DelayedDecayGeoOptS1BpeW5FullstatV1.inc1.id1.sim.gz::351355,activation,delayed,351355,DelayedDecayGeoOptS1BpeW5FullstatV1.inc1.id1.sim.gz,510.99895,2000.0,7.97934,0.84698,-8.3052,0.58844,0.32529,-0.74022,96.16111451549284,19.097680125999386,side_wall,side,side_phi00_000deg,12.992905096469679,right_lower,ColdPlate_MXC_50mK_SD_anchor,other,-2.5356386489725273,0.43751826800539617,-3.826826043813984,11.436269854710552,0.0,0.0,veto,False,compton_fov_veto,False
147,activation::DelayedDecayGeoOptS1BpeW5FullstatV1.inc1.id1.sim.gz::400295,activation,delayed,400295,DelayedDecayGeoOptS1BpeW5FullstatV1.inc1.id1.sim.gz,510.998865,2000.0,-0.43968,-4.19602,0.06219,0.62029,0.14548,0.77076,10.383536263557454,126.18027129029237,top,top,top_phi06_270deg,248.0419253169636,left_upper,ColdPlate_MXC_50mK_SD_anchor,other,-5.36434624518437,0.2961128017024109,-0.9480180045835482,6.741818370967416,0.0,0.0,single,True,final_pass,True
148,activation::DelayedDecayGeoOptS1BpeW5FullstatV1.inc1.id1.sim.gz::433569,activation,delayed,433569,DelayedDecayGeoOptS1BpeW5FullstatV1.inc1.id1.sim.gz,510.998893,2000.0,-17.0641,3.47585,3.25224,-0.29952,0.13739,-0.94415,151.57057672965558,16.7734031343196,bottom,bottom,bottom_phi03_135deg,141.92429604354376,left_upper,Cu_50mK_StillLike_Can_bottom_cap_2mm,other,-5.197878848562946,0.12204840598984781,-1.142798198621716,13.090895703279479,0.0,0.0,single,True,final_pass,True
149,activation::DelayedDecayGeoOptS1BpeW5FullstatV1.inc1.id1.sim.gz::450836,activation,delayed,450836,DelayedDecayGeoOptS1BpeW5FullstatV1.inc1.id1.sim.gz,510.99893499999996,2000.0,-0.43968,-4.19602,0.06219,-0.25482,0.94481,-0.2059,109.01279029529107,92.09679350563898,side_wall,side,side_phi02_090deg,93.14041710781238,left_upper,ColdPlate_MXC_50mK_SD_anchor,other,-2.1328859243835354,-1.1692469513229888,-4.563055121132114,5.781106625994842,0.0,0.0,keep,True,final_pass,True
150,activation::DelayedDecayGeoOptS1BpeW5FullstatV1.inc1.id1.sim.gz::470343,activation,delayed,470343,DelayedDecayGeoOptS1BpeW5FullstatV1.inc1.id1.sim.gz,510.99893999999995,2000.0,17.81178,-15.98072,-7.02307,0.55575,-0.46515,-0.68904,95.40817292878756,332.1453499730239,side_wall,side,side_phi07_315deg,319.886123342612,right_lower,GeoOpt_S1_PlasticFullWrap_TopCap_5mm,geoopt_plastic_active,-0.7963019547809983,-0.4539100180918066,-5.106753480365323,24.310796187158388,2246.5821960100006,0.0,single,True,plastic_skin_veto,False
151,activation::DelayedDecayGeoOptS1BpeW5FullstatV1.inc1.id1.sim.gz::504073,activation,delayed,504073,DelayedDecayGeoOptS1BpeW5FullstatV1.inc1.id1.sim.gz,510.99881,2000.0,-3.65382,-1.73548,10.86352,-0.19341,-0.70666,-0.6806,128.1717482783988,295.9891420474147,side_wall,side,side_phi06_270deg,275.01273283477906,left_upper,ColdPlate_CP_100mK_intercept,other,-5.870906261221879,-0.3308319901307676,-1.4363574714396496,12.576783902642083,0.0,0.0,single,True,final_pass,True
152,activation::DelayedDecayGeoOptS1BpeW5FullstatV1.inc1.id1.sim.gz::525488,activation,delayed,525488,DelayedDecayGeoOptS1BpeW5FullstatV1.inc1.id1.sim.gz,510.9989,2000.0,-3.42558,-1.86133,10.09294,-0.57231,-0.78224,-0.24607,125.35812994404277,253.5689462795888,side_wall,side,side_phi05_225deg,235.52449947991096,left_upper,ColdPlate_CP_100mK_intercept,other,-2.1497727033700076,1.033769494699695,-4.616890653319997,15.046208930880143,0.0,0.0,single,True,final_pass,True
153,activation::DelayedDecayGeoOptS1BpeW5FullstatV1.inc1.id1.sim.gz::533430,activation,delayed,533430,DelayedDecayGeoOptS1BpeW5FullstatV1.inc1.id1.sim.gz,510.99889,2000.0,6.51992,6.65534,-6.57984,0.76646,0.42403,0.48243,27.981624602442942,64.65567556318223,top,top,top_phi01_045deg,43.25778764380769,right_lower,ColdPlate_MXC_50mK_SD_anchor,other,-0.715260224255225,0.19017574664872366,-4.9417344521989275,9.840201801081202,0.0,235.05742,single,True,non_plastic_active_veto,False
154,activation::DelayedDecayGeoOptS1BpeW5FullstatV1.inc1.id1.sim.gz::571424,activation,delayed,571424,DelayedDecayGeoOptS1BpeW5FullstatV1.inc1.id1.sim.gz,510.998822,2000.0,4.01067,5.71999,-3.93676,-0.13967,-0.95359,-0.26677,106.70208380834505,275.3840680296012,side_wall,side,side_phi06_270deg,288.079635028471,right_lower,ColdPlate_MXC_50mK_SD_anchor,other,-4.171946230275322,1.5767348838735402,-3.2101488436879406,9.200529066404298,0.0,0.0,single,True,final_pass,True
155,activation::DelayedDecayGeoOptS1BpeW5FullstatV1.inc1.id1.sim.gz::572560,activation,delayed,572560,DelayedDecayGeoOptS1BpeW5FullstatV1.inc1.id1.sim.gz,510.99889,2000.0,-6.44439,-3.09336,6.74219,-0.81697,-0.05215,0.57432,99.87964963441942,183.03436616816518,side_window,side,side_neg_x_window_axis_pm15deg,188.37211266779317,left_upper,ColdPlate_MXC_50mK_SD_anchor,other,-5.569385308501843,-1.029063478008103,-1.3164961401820265,8.364769909974424,0.0,0.0,single,True,final_pass,True
156,activation::DelayedDecayGeoOptS1BpeW5FullstatV1.inc1.id1.sim.gz::615007,activation,delayed,615007,DelayedDecayGeoOptS1BpeW5FullstatV1.inc1.id1.sim.gz,510.99882899999994,2000.0,3.66391,4.35105,-3.50037,0.35249,-0.91968,0.17302,68.1861448542661,277.8564948385153,top,top,top_phi07_315deg,297.96534067346306,right_lower,ColdPlate_MXC_50mK_SD_anchor,other,-4.0214431891304985,0.34593780341890196,-3.0439168938656866,8.678359682968933,0.0,0.0,veto,False,compton_fov_veto,False
157,activation::DelayedDecayGeoOptS1BpeW5FullstatV1.inc1.id1.sim.gz::636280,activation,delayed,636280,DelayedDecayGeoOptS1BpeW5FullstatV1.inc1.id1.sim.gz,510.9988900000001,2000.0,9.62233,10.42158,-2.77972,0.73725,-0.65846,-0.1513,65.5229033880733,313.65729415986976,top,top,top_phi01_045deg,24.136653689075445,right_lower,ColdPlate_CP_100mK_intercept,other,-4.262880245565288,1.4067280260268273,-3.4820887822006226,16.569850378998876,0.0,0.0,keep,True,final_pass,True
158,activation::DelayedDecayGeoOptS1BpeW5FullstatV1.inc1.id1.sim.gz::647478,activation,delayed,647478,DelayedDecayGeoOptS1BpeW5FullstatV1.inc1.id1.sim.gz,510.998869,2000.0,3.51001,-3.69103,-3.6993,-0.21744,-0.97271,-0.08101,102.18302599980655,264.33609129654,side_wall,side,side_phi06_270deg,275.57378608443474,right_lower,ColdPlate_MXC_50mK_SD_anchor,other,-4.3409423466462,-0.8128112613019322,-2.0025801250404607,8.532318219053066,0.0,0.0,single,True,final_pass,True
159,activation::DelayedDecayGeoOptS1BpeW5FullstatV1.inc1.id1.sim.gz::668251,activation,delayed,668251,DelayedDecayGeoOptS1BpeW5FullstatV1.inc1.id1.sim.gz,510.99889999999994,2000.0,-3.0384,-6.03341,3.29448,0.69231,0.62726,0.35671,42.11735229177957,69.27736451761139,top,top,top_phi04_180deg,171.09361419861355,left_upper,ColdPlate_MXC_50mK_SD_anchor,other,-3.5447097823729172,-1.4929383892894879,-2.8690232738557753,7.67209258613486,0.0,0.0,single,True,final_pass,True
160,activation::DelayedDecayGeoOptS1BpeW5FullstatV1.inc1.id1.sim.gz::703229,activation,delayed,703229,DelayedDecayGeoOptS1BpeW5FullstatV1.inc1.id1.sim.gz,510.9989,2000.0,-6.17621,4.99752,6.09838,-0.88342,0.46836,0.01441,127.91436203046847,143.58248678949747,side_wall,side,side_phi03_135deg,145.90599723030724,left_upper,ColdPlate_MXC_50mK_SD_anchor,other,-5.519644094415468,-0.4596653427414032,-1.1144550179399604,9.068458504587678,0.0,0.0,single,True,final_pass,True
161,activation::DelayedDecayGeoOptS1BpeW5FullstatV1.inc1.id1.sim.gz::708132,activation,delayed,708132,DelayedDecayGeoOptS1BpeW5FullstatV1.inc1.id1.sim.gz,510.99898999999994,2000.0,-7.63546,-8.73485,7.52796,-0.85296,0.31166,-0.41871,154.05450065594948,134.57413514881694,bottom,bottom,bottom_phi04_180deg,181.77608068554926,left_upper,ColdPlate_MXC_50mK_SD_anchor,other,-3.7410544196003794,0.16957616708129464,-3.0063418780069413,14.332714894486331,0.0,0.0,keep,True,final_pass,True
162,activation::DelayedDecayGeoOptS1BpeW5FullstatV1.inc1.id1.sim.gz::709836,activation,delayed,709836,DelayedDecayGeoOptS1BpeW5FullstatV1.inc1.id1.sim.gz,510.99897,2000.0,-2.85747,-3.4663,2.46519,0.28536,-0.14327,-0.94765,117.92467793557726,350.6682682207777,side_wall,side,side_phi00_000deg,342.36168379966347,left_upper,ColdPlate_MXC_50mK_SD_anchor,other,-3.2634907110681652,-1.072681004355821,-5.864638577437701,8.67642258327836,0.0,152.82072,single,True,non_plastic_active_veto,False
163,activation::DelayedDecayGeoOptS1BpeW5FullstatV1.inc1.id1.sim.gz::771454,activation,delayed,771454,DelayedDecayGeoOptS1BpeW5FullstatV1.inc1.id1.sim.gz,510.99897,2000.0,5.74893,17.64014,10.56415,0.3704,0.21026,-0.90476,112.20058989493177,13.12614775261198,top,top,top_phi02_090deg,73.79472611337565,right_upper,Shield_4K_Al_side_window_side_wall_above_side_port,window_or_side_port,-2.1754143318838,-0.14130493800897487,-6.550084458894448,25.920494561017044,0.0,1267.9703419,single,True,non_plastic_active_veto,False
164,activation::DelayedDecayGeoOptS1BpeW5FullstatV1.inc1.id1.sim.gz::781207,activation,delayed,781207,DelayedDecayGeoOptS1BpeW5FullstatV1.inc1.id1.sim.gz,510.99894,2000.0,0.63011,-6.04198,-14.38325,0.99316,0.04503,-0.10777,51.23978533120819,3.3105198894651573,side_wall,side,side_phi00_000deg,349.53195660448137,right_lower,Cu_50mK_StillLike_Can_bottom_cap_2mm,other,-1.6396434132421096,1.2702693184429696,-5.734008329978727,11.551196999377433,0.0,20.94519,single,True,final_pass,True
165,activation::DelayedDecayGeoOptS1BpeW5FullstatV1.inc1.id1.sim.gz::782565,activation,delayed,782565,DelayedDecayGeoOptS1BpeW5FullstatV1.inc1.id1.sim.gz,510.99894,2000.0,-3.42437,2.11089,3.6312,0.04516,-0.99108,0.12539,83.07344378406033,266.7238630546909,side_wall,side,side_phi06_270deg,256.1880411499981,left_upper,ColdPlate_MXC_50mK_SD_anchor,other,-4.738487369965074,0.7774944127871225,-0.5522482450631933,4.583239844603924,0.0,0.0,single,True,final_pass,True
166,activation::DelayedDecayGeoOptS1BpeW5FullstatV1.inc1.id1.sim.gz::868540,activation,delayed,868540,DelayedDecayGeoOptS1BpeW5FullstatV1.inc1.id1.sim.gz,510.998909,2000.0,-7.07221,-1.88121,7.33312,-0.83423,0.55099,-0.02181,127.25115758184837,136.19504940523208,side_wall,side,side_phi03_135deg,153.73565939720345,left_upper,ColdPlate_MXC_50mK_SD_anchor,other,-5.0567741713326,1.2891663534374842,-2.6155512373443774,10.634346580334643,0.0,0.0,keep,True,final_pass,True
167,activation::DelayedDecayGeoOptS1BpeW5FullstatV1.inc1.id1.sim.gz::904439,activation,delayed,904439,DelayedDecayGeoOptS1BpeW5FullstatV1.inc1.id1.sim.gz,510.99889999999994,2000.0,0.89956,9.15314,-14.62245,0.44853,-0.65812,0.60473,41.86086834245034,260.4730237400512,top,top,top_phi07_315deg,323.4388810018096,right_lower,Cu_50mK_StillLike_Can_bottom_cap_2mm,other,-4.466229401551646,-0.0623827506776541,-3.477219051171833,15.425100595223963,0.0,5.475289,single,True,final_pass,True
168,activation::DelayedDecayGeoOptS1BpeW5FullstatV1.inc1.id1.sim.gz::905843,activation,delayed,905843,DelayedDecayGeoOptS1BpeW5FullstatV1.inc1.id1.sim.gz,510.998853,2000.0,-6.17621,4.99752,6.09838,-0.02312,-0.99972,0.00514,90.72846518113407,268.85489955720413,side_wall,side,side_phi06_270deg,250.5177014068961,left_upper,ColdPlate_MXC_50mK_SD_anchor,other,-6.0127113349639885,-0.7528127832924185,-1.9125195252488818,9.862432262667706,0.0,0.0,single,True,final_pass,True
169,activation::DelayedDecayGeoOptS1BpeW5FullstatV1.inc1.id1.sim.gz::915159,activation,delayed,915159,DelayedDecayGeoOptS1BpeW5FullstatV1.inc1.id1.sim.gz,510.9989,2000.0,-8.02438,9.47643,-5.76028,0.49875,0.01132,0.86667,15.094114422987687,177.50852344938983,top,top,top_phi03_135deg,123.06366090475376,left_lower,Cu_50mK_StillLike_Can_bottom_cap_2mm,other,-5.363207281877905,0.02833238894548305,-2.9369346110975973,10.213700009728496,0.0,0.0,single,True,final_pass,True
170,activation::DelayedDecayGeoOptS1BpeW5FullstatV1.inc1.id1.sim.gz::938337,activation,delayed,938337,DelayedDecayGeoOptS1BpeW5FullstatV1.inc1.id1.sim.gz,510.99886,2000.0,6.20523,3.78061,22.12378,0.72089,-0.60213,0.34316,41.201616442169986,293.9213246671899,envelope_miss,miss_current_outer_envelope,phi04_180deg,,right_upper,ColdPlate_4K,other,-4.715053998685477,1.255455021162963,-3.837369641177203,28.277381437655905,0.0,0.0,keep,True,final_pass,True
171,activation::DelayedDecayGeoOptS1BpeW5FullstatV1.inc1.id1.sim.gz::942128,activation,delayed,942128,DelayedDecayGeoOptS1BpeW5FullstatV1.inc1.id1.sim.gz,510.99892,2000.0,14.18149,-3.02603,13.91497,-0.1509,-0.73439,0.66175,68.82466200584139,231.9582643417847,envelope_miss,miss_current_outer_envelope,phi06_270deg,,right_upper,ColdPlate_4K,other,-1.0856697325112155,0.3771813332378041,-5.153283771542937,24.66305568198417,0.0,0.0,single,True,final_pass,True
172,activation::DelayedDecayGeoOptS1BpeW5FullstatV1.inc1.id1.sim.gz::965379,activation,delayed,965379,DelayedDecayGeoOptS1BpeW5FullstatV1.inc1.id1.sim.gz,510.99887,2000.0,-3.43226,-10.58142,-10.46727,-0.03007,-0.01816,0.99938,46.732328842861854,181.42908527037824,top,top,top_phi05_225deg,218.99792767580655,left_lower,Cu_50mK_StillLike_Can_bottom_cap_2mm,other,-3.6686866254137707,-0.3713454507079125,-4.4875511598046,11.83463380333732,0.0,510.99896,keep,True,non_plastic_active_veto,False
173,activation::DelayedDecayGeoOptS1BpeW5FullstatV1.inc1.id1.sim.gz::965527,activation,delayed,965527,DelayedDecayGeoOptS1BpeW5FullstatV1.inc1.id1.sim.gz,510.99895,2000.0,-5.22349,-4.22584,5.17697,0.30603,-0.89296,0.33009,63.26871630970494,268.9085126363289,top,top,top_phi06_270deg,248.6648427308578,left_upper,ColdPlate_MXC_50mK_SD_anchor,other,-3.5572166723279177,1.0263722576992576,-3.636609525267948,10.39429576501747,0.0,0.0,veto,False,compton_fov_veto,False
174,activation::DelayedDecayGeoOptS1BpeW5FullstatV1.inc1.id1.sim.gz::971541,activation,delayed,971541,DelayedDecayGeoOptS1BpeW5FullstatV1.inc1.id1.sim.gz,510.99892099999994,2000.0,-5.14617,2.45885,-8.73867,-0.22603,-0.82829,-0.51269,121.49019439342045,283.7511719270186,bottom,bottom,bottom_phi06_270deg,292.13262236961134,left_lower,Cu_50mK_StillLike_Can_bottom_cap_2mm,other,-3.2614538305904253,-0.8193887838127134,-6.0101348720563905,4.663036404248847,0.0,0.0,single,True,final_pass,True
175,activation::DelayedDecayGeoOptS1BpeW5FullstatV1.inc1.id1.sim.gz::979019,activation,delayed,979019,DelayedDecayGeoOptS1BpeW5FullstatV1.inc1.id1.sim.gz,510.99890099999993,2000.0,-12.1975,11.35723,2.09384,0.17868,-0.72079,-0.66973,110.31763196759657,309.7707506993246,side_wall,side,side_phi07_315deg,308.74024343852494,left_upper,Cu_50mK_StillLike_Can_side_wall_below_side_port,aluminium_passive,-5.876775995094855,0.0034277302315752723,-3.348622892340154,14.08832070410389,0.0,510.99892,keep,True,non_plastic_active_veto,False
176,atm511::Atm511LowerUnit3M_GeoOptS1BpeW5.inc1.id1.sim.gz::7202,atm511,atm511_replay,7202,Atm511LowerUnit3M_GeoOptS1BpeW5.inc1.id1.sim.gz,511.00001199999997,511.0,27.29072,6.52308,-51.70771,-0.53469,-0.09836,0.83931,77.56113011749646,185.78085705143414,side_wall,side,side_phi00_000deg,7.5543045329968095,right_lower,TP_L5_00344,tes,-1.810289055690531,1.1689680135367102,-6.024179198008066,54.429038479101564,0.0,0.0,single,True,final_pass,True
177,atm511::Atm511LowerUnit3M_GeoOptS1BpeW5.inc1.id1.sim.gz::34030,atm511,atm511_replay,34030,Atm511LowerUnit3M_GeoOptS1BpeW5.inc1.id1.sim.gz,511.0000060000001,511.0,-3.08846,-37.01568,-42.92491,0.02673,0.69464,0.71886,58.18272431531406,125.1666764697668,side_wall,side,side_phi07_315deg,308.6761289866076,left_lower,TP_L4_00281,tes,-1.632198035290373,0.6089482815231769,-3.979981622414235,54.17047903210695,0.0,0.0,single,True,final_pass,True
178,atm511::Atm511LowerUnit3M_GeoOptS1BpeW5.inc1.id1.sim.gz::65112,atm511,atm511_replay,65112,Atm511LowerUnit3M_GeoOptS1BpeW5.inc1.id1.sim.gz,511.0000468600001,511.0,23.60793,56.60048,-7.369,-0.4153,-0.90792,0.05664,104.6912843067517,249.81876367865038,side_wall,side,side_phi02_090deg,67.69776546373686,right_lower,TP_L3_00050,tes,-2.8641774617149673,-1.21309820706899,-3.8675120380549206,63.68235796919829,0.0,0.0,keep,True,final_pass,True
179,atm511::Atm511LowerUnit3M_GeoOptS1BpeW5.inc1.id1.sim.gz::81356,atm511,atm511_replay,81356,Atm511LowerUnit3M_GeoOptS1BpeW5.inc1.id1.sim.gz,511.00000000000006,511.0,48.20101,39.9243,-9.05973,-0.79513,-0.59792,0.10131,119.38028221103455,223.32789032307613,top,top,top_phi01_045deg,46.70205536454926,right_lower,TP_L2_00337,tes,-3.4793321539674755,1.119859306826419,-2.494609032450724,64.95955046011116,0.0,0.0,keep,True,final_pass,True
180,atm511::Atm511LowerUnit3M_GeoOptS1BpeW5.inc1.id1.sim.gz::122783,atm511,atm511_replay,122783,Atm511LowerUnit3M_GeoOptS1BpeW5.inc1.id1.sim.gz,510.9999991,511.0,-30.94496,47.21953,-10.18981,0.52626,-0.84428,0.10118,63.66184864754283,289.59652878105624,side_wall,side,side_phi02_090deg,105.46285047354905,left_lower,TP_L4_00315,tes,-2.796974367637744,0.5672509842897899,-4.567745028336484,54.77546756591816,0.0,0.0,veto,False,compton_fov_veto,False
181,atm511::Atm511LowerUnit3M_GeoOptS1BpeW5.inc1.id1.sim.gz::158032,atm511,atm511_replay,158032,Atm511LowerUnit3M_GeoOptS1BpeW5.inc1.id1.sim.gz,511.00000508300013,511.0,12.73085,2.73082,-55.4333,-0.26624,-0.06548,0.96168,60.54430520982838,184.31275638620883,side_wall,side,side_phi00_000deg,2.4610246470344737,right_lower,TP_L5_00107,tes,-1.0943404383312245,-0.6708334382392448,-5.488367928612117,51.934606731788776,0.0,0.0,keep,True,final_pass,True
182,atm511::Atm511LowerUnit3M_GeoOptS1BpeW5.inc1.id1.sim.gz::159462,atm511,atm511_replay,159462,Atm511LowerUnit3M_GeoOptS1BpeW5.inc1.id1.sim.gz,510.999939,511.0,-39.93674,-40.32047,-5.27819,0.65632,0.75283,0.04987,60.04281285136144,60.333417401691335,side_wall,side,side_phi05_225deg,237.58423510464934,left_lower,TP_L1_00100,tes,-5.190033968672227,-0.8388604508493703,-1.9459385995860072,52.69947791026637,0.0,0.0,keep,True,final_pass,True
183,atm511::Atm511LowerUnit3M_GeoOptS1BpeW5.inc1.id1.sim.gz::166788,atm511,atm511_replay,166788,Atm511LowerUnit3M_GeoOptS1BpeW5.inc1.id1.sim.gz,511.0000600000001,511.0,49.36095,12.00589,-35.03619,-0.84518,-0.16383,0.50875,103.76218157316026,189.7106536229829,side_wall,side,side_phi00_000deg,13.343585330136602,right_lower,TP_L0_00344,tes,-5.976743176926203,1.2240852600481495,-1.6093430805260964,65.54282336436243,0.0,0.0,keep,True,final_pass,True
184,atm511::Atm511LowerUnit3M_GeoOptS1BpeW5.inc1.id1.sim.gz::193047,atm511,atm511_replay,193047,Atm511LowerUnit3M_GeoOptS1BpeW5.inc1.id1.sim.gz,510.99998999999997,511.0,58.03068,-25.77541,-9.50426,-0.91131,0.40896,0.04766,127.63948639067809,148.90573501783777,top,top,top_phi07_315deg,336.399143340343,right_lower,TP_L5_00341,tes,-2.181061600646548,1.2450785384669578,-6.355731961669804,66.0717326566256,0.0,0.0,single,True,final_pass,True
185,atm511::Atm511LowerUnit3M_GeoOptS1BpeW5.inc1.id1.sim.gz::199527,atm511,atm511_replay,199527,Atm511LowerUnit3M_GeoOptS1BpeW5.inc1.id1.sim.gz,510.99996000000004,511.0,-18.39047,55.77609,-5.23693,0.26046,-0.96526,0.02077,78.52970465467753,279.95883613815954,side_wall,side,side_phi02_090deg,98.96250115162613,left_lower,TP_L3_00084,tes,-3.142497599227992,-0.7290771614069322,-4.020225434878508,58.53900364946463,0.0,0.0,single,True,final_pass,True
186,atm511::Atm511LowerUnit3M_GeoOptS1BpeW5.inc1.id1.sim.gz::222777,atm511,atm511_replay,222777,Atm511LowerUnit3M_GeoOptS1BpeW5.inc1.id1.sim.gz,511.00006,511.0,-51.51078,-21.6868,-2.21815,0.90577,0.42355,0.01349,49.45716764429971,33.873576609065466,bottom,bottom,bottom_phi05_225deg,210.51309177030555,left_lower,TP_L0_00145,tes,-5.804065943981963,-0.19252761679882777,-1.5300910707603048,50.513175312703794,0.0,0.0,keep,True,final_pass,True
187,atm511::Atm511LowerUnit3M_GeoOptS1BpeW5.inc1.id1.sim.gz::224078,atm511,atm511_replay,224078,Atm511LowerUnit3M_GeoOptS1BpeW5.inc1.id1.sim.gz,511.0,511.0,-5.71503,56.83423,-15.71517,0.00854,-0.97459,0.22385,80.54203725691193,261.12120750392796,side_wall,side,side_phi02_090deg,84.79070341528016,left_lower,TP_L1_00249,tes,-5.220949384588689,0.4684641653469471,-2.768414515131702,57.83564775608927,0.0,0.0,single,True,final_pass,True
188,atm511::Atm511LowerUnit3M_GeoOptS1BpeW5.inc1.id1.sim.gz::267042,atm511,atm511_replay,267042,Atm511LowerUnit3M_GeoOptS1BpeW5.inc1.id1.sim.gz,511.00005,511.0,42.35761,-31.18426,-32.04492,-0.74577,0.49131,0.44994,102.07447460565318,149.83948042926284,side_wall,side,side_phi07_315deg,328.751487690645,right_lower,TP_L3_00061,tes,-3.6230908132738935,-0.892484706524882,-4.3039577640157765,61.65531188379878,0.0,0.0,single,True,final_pass,True
189,atm511::Atm511LowerUnit3M_GeoOptS1BpeW5.inc1.id1.sim.gz::306285,atm511,atm511_replay,306285,Atm511LowerUnit3M_GeoOptS1BpeW5.inc1.id1.sim.gz,510.999919,511.0,50.77638,-3.29236,-35.32447,-0.86677,0.07369,0.49323,105.31545128048539,175.61813082423103,side_wall,side,side_phi00_000deg,358.4304500832449,right_lower,TP_L4_00345,tes,-2.479324720268091,1.2356289505549587,-5.021886575464168,61.440372161874855,0.0,0.0,single,True,final_pass,True
190,atm511::Atm511LowerUnit3M_GeoOptS1BpeW5.inc1.id1.sim.gz::333280,atm511,atm511_replay,333280,Atm511LowerUnit3M_GeoOptS1BpeW5.inc1.id1.sim.gz,511.00001399999996,511.0,36.03448,34.91623,-34.32934,-0.65517,-0.54612,0.52203,95.40203777070559,213.26783882869745,side_wall,side,side_phi01_045deg,37.174495111209055,right_lower,TP_L1_00350,tes,-4.446876561979942,1.1739452937687747,-2.0751453574350665,61.78685198596047,0.0,0.0,single,True,final_pass,True
191,atm511::Atm511LowerUnit3M_GeoOptS1BpeW5.inc1.id1.sim.gz::403741,atm511,atm511_replay,403741,Atm511LowerUnit3M_GeoOptS1BpeW5.inc1.id1.sim.gz,510.99998054599996,511.0,12.80633,-59.38815,-8.02643,-0.24382,0.96927,0.0327,98.58544998043371,101.40511515815922,side_wall,side,side_phi06_270deg,286.9511309727243,right_lower,TP_L5_00003,tes,-1.787867785895822,-1.5068415099641062,-6.076790365289122,59.72468146618937,0.0,0.0,keep,True,final_pass,True
192,atm511::Atm511LowerUnit3M_GeoOptS1BpeW5.inc1.id1.sim.gz::418178,atm511,atm511_replay,418178,Atm511LowerUnit3M_GeoOptS1BpeW5.inc1.id1.sim.gz,511.00000000000006,511.0,-1.54338,45.95187,-35.22157,-0.0421,-0.82791,0.55928,68.54925717818766,242.81358234510924,side_wall,side,side_phi01_045deg,62.42669101649264,left_lower,TP_L3_00268,tes,-3.8483760238227,0.6294513468326809,-4.601838592506849,54.74488643434955,0.0,0.0,single,True,final_pass,True
193,atm511::Atm511LowerUnit3M_GeoOptS1BpeW5.inc1.id1.sim.gz::467979,atm511,atm511_replay,467979,Atm511LowerUnit3M_GeoOptS1BpeW5.inc1.id1.sim.gz,511.00003000000004,511.0,-39.38074,-41.04781,-4.36861,0.65424,0.75562,0.03176,60.98260130015576,59.778567161154854,side_wall,side,side_phi05_225deg,238.27653406611222,left_lower,TP_L1_00014,tes,-5.0849326896211915,-1.4424339584525658,-2.703337465929072,52.41718556996114,0.0,0.0,single,True,final_pass,True
194,atm511::Atm511LowerUnit3M_GeoOptS1BpeW5.inc1.id1.sim.gz::491436,atm511,atm511_replay,491436,Atm511LowerUnit3M_GeoOptS1BpeW5.inc1.id1.sim.gz,511.00004000000007,511.0,35.94845,-51.03787,-5.31474,-0.62848,0.77458,0.07101,113.21547141449894,122.5605849526557,top,top,top_phi07_315deg,296.28743049614127,right_lower,TP_L0_00091,tes,-4.824566752891193,-0.7842721621201458,-0.7075062364681615,64.87749682081405,0.0,0.0,single,True,final_pass,True
195,atm511::Atm511LowerUnit3M_GeoOptS1BpeW5.inc1.id1.sim.gz::529862,atm511,atm511_replay,529862,Atm511LowerUnit3M_GeoOptS1BpeW5.inc1.id1.sim.gz,511.0,511.0,-20.31094,11.89556,-49.13171,0.34756,-0.26534,0.89933,28.15365704522602,214.2188139957105,bottom,bottom,bottom_phi01_045deg,24.89614286627806,left_lower,TP_L3_00019,tes,-2.835511584127006,-1.4811330526279842,-3.8605530210998045,50.336906634702444,0.0,0.0,keep,True,final_pass,True
196,atm511::Atm511LowerUnit3M_GeoOptS1BpeW5.inc1.id1.sim.gz::594548,atm511,atm511_replay,594548,Atm511LowerUnit3M_GeoOptS1BpeW5.inc1.id1.sim.gz,510.999949,511.0,57.84595,22.82075,-13.76093,-0.9299,-0.33678,0.14788,123.57105783828685,203.84098497127698,top,top,top_phi01_045deg,24.997993815660372,right_lower,TP_L4_00352,tes,-1.8191564924865657,1.2127520371100977,-4.2737285478306495,64.16258645128063,0.0,0.0,single,True,final_pass,True
197,atm511::Atm511LowerUnit3M_GeoOptS1BpeW5.inc1.id1.sim.gz::630564,atm511,atm511_replay,630564,Atm511LowerUnit3M_GeoOptS1BpeW5.inc1.id1.sim.gz,511.00000470000003,511.0,16.16046,-53.48082,-22.61369,-0.34765,0.87408,0.3393,90.33829567610191,119.06196696318128,side_wall,side,side_phi07_315deg,294.9241932195325,right_lower,TP_L1_00066,tes,-4.751865956214634,-0.9047655380029024,-2.2087359635060917,60.14922301178363,0.0,0.0,single,True,final_pass,True
198,atm511::Atm511LowerUnit3M_GeoOptS1BpeW5.inc1.id1.sim.gz::637290,atm511,atm511_replay,637290,Atm511LowerUnit3M_GeoOptS1BpeW5.inc1.id1.sim.gz,510.99997,511.0,60.03109,-3.93707,-20.51375,-0.96988,0.06277,0.23535,121.29147330472934,175.78753480030915,top,top,top_phi00_000deg,356.40690398774177,right_lower,TP_L4_00207,tes,-2.6472352277309725,0.11679411182833532,-5.3161166594159095,64.62177904348673,0.0,0.0,single,True,final_pass,True
199,atm511::Atm511LowerUnit3M_GeoOptS1BpeW5.inc1.id1.sim.gz::652556,atm511,atm511_replay,652556,Atm511LowerUnit3M_GeoOptS1BpeW5.inc1.id1.sim.gz,511.00005799999997,511.0,-10.58776,44.96682,-33.67873,0.10834,-0.8159,0.56795,61.43145190206375,248.28137259904435,side_wall,side,side_phi02_090deg,71.3040653170394,left_lower,TP_L1_00107,tes,-4.547634841468288,-0.6134389029666282,-1.9668980435797758,55.854126075200845,0.0,0.0,single,True,final_pass,True
200,atm511::Atm511LowerUnit3M_GeoOptS1BpeW5.inc1.id1.sim.gz::655108,atm511,atm511_replay,655108,Atm511LowerUnit3M_GeoOptS1BpeW5.inc1.id1.sim.gz,511.00000000000006,511.0,22.0929,-36.64113,-40.97812,-0.44924,0.59784,0.6639,81.26943535519753,142.78190616034217,side_wall,side,side_phi07_315deg,318.2517176246823,right_lower,TP_L1_00021,tes,-4.348586392006066,-1.4534163358804304,-1.902648949581996,58.857623408856426,0.0,0.0,single,True,final_pass,True
201,atm511::Atm511LowerUnit3M_GeoOptS1BpeW5.inc1.id1.sim.gz::695792,atm511,atm511_replay,695792,Atm511LowerUnit3M_GeoOptS1BpeW5.inc1.id1.sim.gz,511.00000200000005,511.0,53.5545,32.0891,-12.04847,-0.87364,-0.47094,0.12234,122.08993417118529,213.77056356213768,top,top,top_phi01_045deg,36.097726216695506,right_lower,TP_L1_00177,tes,-5.97148266294858,-0.11362112153490794,-3.5926550767325005,68.20453552101618,0.0,0.0,veto,False,compton_fov_veto,False
202,atm511::Atm511LowerUnit3M_GeoOptS1BpeW5.inc1.id1.sim.gz::777136,atm511,atm511_replay,777136,Atm511LowerUnit3M_GeoOptS1BpeW5.inc1.id1.sim.gz,511.00000000000006,511.0,-29.60323,-50.16481,-4.13567,0.43494,0.90046,0.0,72.08842422331189,71.14257446362018,side_wall,side,side_phi06_270deg,249.44251191503565,left_lower,TP_L2_00243,tes,-5.000473074860861,0.7253254289834637,-3.0855986196362033,56.534981933327074,0.0,0.0,veto,False,compton_fov_veto,False
203,atm511::Atm511LowerUnit3M_GeoOptS1BpeW5.inc1.id1.sim.gz::808429,atm511,atm511_replay,808429,Atm511LowerUnit3M_GeoOptS1BpeW5.inc1.id1.sim.gz,511.0,511.0,37.40459,-22.19033,-41.97488,-0.67652,0.38172,0.62977,91.8943858455432,157.5467922158862,side_wall,side,side_phi00_000deg,339.4558794812094,right_lower,TP_L4_00210,tes,-2.4234764651301175,-0.4969360173536106,-4.516805371258317,58.82164206930577,0.0,0.0,veto,False,compton_fov_veto,False
204,atm511::Atm511LowerUnit3M_GeoOptS1BpeW5.inc1.id1.sim.gz::811705,atm511,atm511_replay,811705,Atm511LowerUnit3M_GeoOptS1BpeW5.inc1.id1.sim.gz,511.00003000000004,511.0,13.36693,-2.89377,-55.46644,-0.29215,0.05163,0.95498,62.0506638738755,176.6493231517464,side_wall,side,side_phi00_000deg,356.558844505369,right_lower,TP_L4_00168,tes,-2.075531747272245,-0.3015069555609869,-4.600839267494955,53.22122499892452,0.0,0.0,veto,False,compton_fov_veto,False
205,atm511::Atm511LowerUnit3M_GeoOptS1BpeW5.inc1.id1.sim.gz::827641,atm511,atm511_replay,827641,Atm511LowerUnit3M_GeoOptS1BpeW5.inc1.id1.sim.gz,511.00000000000006,511.0,50.21535,-27.33559,-25.57334,-0.84731,0.41974,0.32541,111.65627779672693,153.15258966338345,side_wall,side,side_phi07_315deg,332.7690981567292,right_lower,TP_L4_00043,tes,-2.774826408617221,-1.0921221103671235,-5.218991504433659,62.537811805095394,0.0,0.0,single,True,final_pass,True
206,atm511::Atm511LowerUnit3M_GeoOptS1BpeW5.inc1.id1.sim.gz::839686,atm511,atm511_replay,839686,Atm511LowerUnit3M_GeoOptS1BpeW5.inc1.id1.sim.gz,510.999971,511.0,-13.30239,50.10163,-25.94909,0.1203,-0.89899,0.42113,67.48980890568767,256.68752398780157,side_wall,side,side_phi02_090deg,82.51795766419973,left_lower,TP_L0_00117,tes,-6.534654884388514,-0.36217326972694486,-2.2500907881139605,56.16084261018312,0.0,0.0,keep,True,final_pass,True
207,atm511::Atm511LowerUnit3M_GeoOptS1BpeW5.inc1.id1.sim.gz::852781,atm511,atm511_replay,852781,Atm511LowerUnit3M_GeoOptS1BpeW5.inc1.id1.sim.gz,510.99997900000005,511.0,35.08982,33.60915,-36.33933,-0.63474,-0.55822,0.53431,94.07228936231886,214.03057887751214,side_wall,side,side_phi01_045deg,33.18268244275762,right_lower,TP_L3_00188,tes,-3.1792597126086437,-0.046171212318865666,-4.125204922928191,60.29057109064055,0.0,0.0,single,True,final_pass,True
208,atm511::Atm511LowerUnit3M_GeoOptS1BpeW5.inc1.id1.sim.gz::891127,atm511,atm511_replay,891127,Atm511LowerUnit3M_GeoOptS1BpeW5.inc1.id1.sim.gz,511.00000000000006,511.0,-5.70016,55.45792,-19.28609,-0.00756,-0.9517,0.30694,77.7783920278922,256.84760875620674,side_wall,side,side_phi02_090deg,83.56658902592746,left_lower,TP_L0_00357,tes,-6.129781931487475,1.4546504625301366,-1.8690273799082189,56.74409014208294,0.0,0.0,single,True,final_pass,True
209,atm511::Atm511LowerUnit3M_GeoOptS1BpeW5.inc1.id1.sim.gz::896773,atm511,atm511_replay,896773,Atm511LowerUnit3M_GeoOptS1BpeW5.inc1.id1.sim.gz,511.00004099999995,511.0,1.86247,-58.12577,-13.97781,-0.11802,0.96989,0.21306,86.14664205260549,103.57029671690165,side_wall,side,side_phi06_270deg,277.91274805623993,right_lower,TP_L0_00214,tes,-5.174033553340101,-0.009652827004846166,-1.302111122962642,59.89715184833746,0.0,0.0,veto,False,compton_fov_veto,False
210,atm511::Atm511LowerUnit3M_GeoOptS1BpeW5.inc1.id1.sim.gz::899011,atm511,atm511_replay,899011,Atm511LowerUnit3M_GeoOptS1BpeW5.inc1.id1.sim.gz,510.99997999999994,511.0,9.90722,-57.32957,-15.367,-0.22737,0.94809,0.22232,90.20459752763965,108.5408803939414,side_wall,side,side_phi06_270deg,285.8995312699328,right_lower,TP_L1_00337,tes,-4.121994479491076,1.1513289722154394,-1.6559013348409721,61.6832929577836,0.0,0.0,keep,True,final_pass,True
211,atm511::Atm511LowerUnit3M_GeoOptS1BpeW5.inc1.id1.sim.gz::944481,atm511,atm511_replay,944481,Atm511LowerUnit3M_GeoOptS1BpeW5.inc1.id1.sim.gz,511.0000311933801,511.0,-46.31785,-23.15499,-18.10228,0.83458,0.45024,0.31741,35.45370657795353,50.915768979294405,bottom,bottom,bottom_phi05_225deg,227.50850176574153,left_lower,TP_L1_00083,tes,-4.894892201125402,-0.8078938051091075,-2.359147306979393,49.62963195653487,0.0,0.0,keep,True,final_pass,True
212,atm511::Atm511LowerUnit3M_GeoOptS1BpeW5.inc1.id1.sim.gz::972805,atm511,atm511_replay,972805,Atm511LowerUnit3M_GeoOptS1BpeW5.inc1.id1.sim.gz,510.99996600000003,511.0,8.22492,-0.8585,-56.19087,-0.22212,0.01844,0.97485,57.8418629545501,178.75190805335905,side_wall,side,side_phi00_000deg,359.0267438759713,right_lower,TP_L2_00211,tes,-3.851698923925924,0.14402414988393872,-3.1916728617652543,54.36694470542092,0.0,0.0,single,True,final_pass,True
213,atm511::Atm511LowerUnit3M_GeoOptS1BpeW5.inc1.id1.sim.gz::989444,atm511,atm511_replay,989444,Atm511LowerUnit3M_GeoOptS1BpeW5.inc1.id1.sim.gz,511.00005000000004,511.0,6.14462,25.5842,-51.26337,-0.23599,-0.39963,0.88578,62.647052181998454,206.73955369384373,side_wall,side,side_phi01_045deg,36.19567592098014,right_lower,TP_L2_00264,tes,-4.970769538726738,0.5589298319812962,-4.322322429783773,54.34407031654204,0.0,0.0,single,True,final_pass,True
214,atm511::Atm511LowerUnit3M_GeoOptS1BpeW5.inc1.id1.sim.gz::989983,atm511,atm511_replay,989983,Atm511LowerUnit3M_GeoOptS1BpeW5.inc1.id1.sim.gz,511.000041,511.0,7.3804,28.52858,-49.14983,-0.17028,-0.55513,0.81415,62.91680753926685,218.57198522173948,side_wall,side,side_phi01_045deg,33.18639637121312,right_lower,TP_L5_00063,tes,-1.6410531191615914,-0.8855850864253987,-6.01159827432617,52.98572223279258,0.0,0.0,single,True,final_pass,True
215,atm511::Atm511LowerUnit3M_GeoOptS1BpeW5.inc1.id1.sim.gz::1015338,atm511,atm511_replay,1015338,Atm511LowerUnit3M_GeoOptS1BpeW5.inc1.id1.sim.gz,510.99999,511.0,-51.79252,-4.00384,-16.37653,0.95876,0.05688,0.27847,28.972414946208513,6.7435910719963115,bottom,bottom,bottom_phi04_180deg,191.7934657336954,left_lower,TP_L1_00025,tes,-5.517774088749572,-1.246294858394322,-2.942745680446686,48.26409354274727,0.0,0.0,single,True,final_pass,True
216,atm511::Atm511LowerUnit3M_GeoOptS1BpeW5.inc1.id1.sim.gz::1038677,atm511,atm511_replay,1038677,Atm511LowerUnit3M_GeoOptS1BpeW5.inc1.id1.sim.gz,511.0,511.0,12.00057,16.27456,-53.57222,-0.27331,-0.30039,0.91382,63.06951890499389,199.68979785536888,side_wall,side,side_phi00_000deg,19.07510868881707,right_lower,TP_L2_00131,tes,-3.2626019116890412,-0.5005591995691585,-2.538513929409589,55.84629080131413,0.0,0.0,single,True,final_pass,True
217,atm511::Atm511LowerUnit3M_GeoOptS1BpeW5.inc1.id1.sim.gz::1085570,atm511,atm511_replay,1085570,Atm511LowerUnit3M_GeoOptS1BpeW5.inc1.id1.sim.gz,511.00006,511.0,-32.26265,-45.61024,-12.42966,0.55222,0.82436,0.1244,61.41613596900917,69.84843722295975,side_wall,side,side_phi06_270deg,255.08707792502122,left_lower,TP_L5_00276,tes,-1.2744275833168786,0.647573344857341,-5.448478384691228,56.11409912615019,0.0,0.0,single,True,final_pass,True
218,atm511::Atm511LowerUnit3M_GeoOptS1BpeW5.inc1.id1.sim.gz::1119362,atm511,atm511_replay,1119362,Atm511LowerUnit3M_GeoOptS1BpeW5.inc1.id1.sim.gz,511.0,511.0,-23.94971,-50.4274,-14.68784,0.37226,0.90948,0.18513,66.78806491275799,81.72207797452394,side_wall,side,side_phi06_270deg,263.32283375267264,left_lower,TP_L3_00025,tes,-3.8205719950949115,-1.2493149128111547,-4.676144380593542,54.073101435361956,0.0,0.0,single,True,final_pass,True
219,atm511::Atm511LowerUnit3M_GeoOptS1BpeW5.inc1.id1.sim.gz::1137143,atm511,atm511_replay,1137143,Atm511LowerUnit3M_GeoOptS1BpeW5.inc1.id1.sim.gz,510.99998974399983,511.0,16.2813,-1.47282,-55.14563,-0.35036,0.0343,0.93599,65.53723958383665,177.84043206533653,side_wall,side,side_phi00_000deg,358.72648482753783,right_lower,TP_L3_00255,tes,-2.947449375006321,0.37629598754708604,-3.857487788378012,54.80545195490837,0.0,0.0,keep,True,final_pass,True
220,atm511::Atm511LowerUnit3M_GeoOptS1BpeW5.inc1.id1.sim.gz::1154625,atm511,atm511_replay,1154625,Atm511LowerUnit3M_GeoOptS1BpeW5.inc1.id1.sim.gz,511.00000000000006,511.0,35.81329,-34.38697,-34.73025,-0.63384,0.56496,0.52827,94.28106546630269,145.49069129167808,side_wall,side,side_phi07_315deg,325.33464149206355,right_lower,TP_L3_00113,tes,-2.124634691253424,-0.5591973207287085,-3.091955910634637,59.87141210297984,0.0,0.0,single,True,final_pass,True
221,atm511::Atm511LowerUnit3M_GeoOptS1BpeW5.inc1.id1.sim.gz::1166080,atm511,atm511_replay,1166080,Atm511LowerUnit3M_GeoOptS1BpeW5.inc1.id1.sim.gz,511.0,511.0,-42.47263,-27.99461,-21.4041,0.76411,0.55074,0.33589,38.9388498232116,61.19797175639373,bottom,bottom,bottom_phi05_225deg,242.93324580258192,left_lower,TP_L3_00185,tes,-3.6172386142583166,0.01063422680554403,-4.326414085100391,50.8496066862877,0.0,0.0,single,True,final_pass,True
222,atm511::Atm511LowerUnit3M_GeoOptS1BpeW5.inc1.id1.sim.gz::1187885,atm511,atm511_replay,1187885,Atm511LowerUnit3M_GeoOptS1BpeW5.inc1.id1.sim.gz,511.000032,511.0,-13.64541,48.05686,-28.365,0.17315,-0.87773,0.44677,64.00129173909254,257.5690505831577,side_wall,side,side_phi02_090deg,77.93982593813918,left_lower,TP_L2_00017,tes,-3.9053676399025474,-1.3255414180219425,-3.2296066259271545,56.26080336305671,0.0,0.0,single,True,final_pass,True
223,atm511::Atm511LowerUnit3M_GeoOptS1BpeW5.inc1.id1.sim.gz::1229389,atm511,atm511_replay,1229389,Atm511LowerUnit3M_GeoOptS1BpeW5.inc1.id1.sim.gz,511.00002499999994,511.0,43.94448,24.59906,-35.33413,-0.76862,-0.40598,0.49436,101.18235494252487,204.4462332917012,side_wall,side,side_phi01_045deg,22.791976296818106,right_lower,TP_L5_00250,tes,-2.4585150704780885,0.29113333468346403,-5.251387830139832,60.40765370990255,0.0,0.0,veto,False,compton_fov_veto,False
224,atm511::Atm511LowerUnit3M_GeoOptS1BpeW5.inc1.id1.sim.gz::1285282,atm511,atm511_replay,1285282,Atm511LowerUnit3M_GeoOptS1BpeW5.inc1.id1.sim.gz,511.0,511.0,57.82398,-27.34728,-4.1802,-0.90481,0.42566,0.01183,129.1556924293359,146.70636652053017,top,top,top_phi07_315deg,331.45931818907536,right_lower,TP_L3_00337,tes,-2.4831082837387477,1.0262252505819962,-3.388448363569863,66.65303870133194,0.0,0.0,single,True,final_pass,True
225,atm511::Atm511LowerUnit3M_GeoOptS1BpeW5.inc1.id1.sim.gz::1349548,atm511,atm511_replay,1349548,Atm511LowerUnit3M_GeoOptS1BpeW5.inc1.id1.sim.gz,511.00002,511.0,40.13319,39.01877,-26.5245,-0.71781,-0.5962,0.35958,104.67325632334699,218.04636125788696,side_wall,side,side_phi01_045deg,41.49659587971737,right_lower,TP_L1_00263,tes,-5.651451604189604,0.2477994593464987,-3.7497852020999924,64.17249564738773,0.0,0.0,veto,False,compton_fov_veto,False
226,atm511::Atm511LowerUnit3M_GeoOptS1BpeW5.inc1.id1.sim.gz::1416700,atm511,atm511_replay,1416700,Atm511LowerUnit3M_GeoOptS1BpeW5.inc1.id1.sim.gz,511.0000000000001,511.0,-25.45605,-5.18491,-47.33661,0.45361,0.07957,0.88764,18.484794472520004,165.4652138065582,bottom,bottom,bottom_phi07_315deg,336.19542196099724,left_lower,TP_L3_00013,tes,-3.287398999101624,-0.983667484656771,-4.225464656835166,48.65871328623316,0.0,0.0,veto,False,compton_fov_veto,False
227,atm511::Atm511LowerUnit3M_GeoOptS1BpeW5.inc1.id1.sim.gz::1418892,atm511,atm511_replay,1418892,Atm511LowerUnit3M_GeoOptS1BpeW5.inc1.id1.sim.gz,511.0,511.0,42.1365,-40.37347,-21.42406,-0.71191,0.64697,0.27317,108.0733816268095,137.11370736838927,side_wall,side,side_phi07_315deg,319.1772912900829,right_lower,TP_L4_00149,tes,-1.9506152748818006,-0.3034496743581605,-4.5033531043708415,61.932144997617016,0.0,0.0,single,True,final_pass,True
228,atm511::Atm511LowerUnit3M_GeoOptS1BpeW5.inc1.id1.sim.gz::1453945,atm511,atm511_replay,1453945,Atm511LowerUnit3M_GeoOptS1BpeW5.inc1.id1.sim.gz,511.00000758491,511.0,55.11624,-28.32345,-14.78193,-0.88636,0.44341,0.13327,122.17541152719691,148.4083217954046,top,top,top_phi07_315deg,332.6444703072939,right_lower,TP_L5_00227,tes,-1.9807107213860438,0.23357141523960556,-6.198083283197889,64.41465421973787,0.0,0.0,keep,True,final_pass,True
229,atm511::Atm511LowerUnit3M_GeoOptS1BpeW5.inc1.id1.sim.gz::1522790,atm511,atm511_replay,1522790,Atm511LowerUnit3M_GeoOptS1BpeW5.inc1.id1.sim.gz,510.99997999999994,511.0,23.19348,-1.60603,-53.69551,-0.48296,0.01602,0.8755,73.88496933103839,179.0445388628668,side_wall,side,side_phi00_000deg,357.60850504012257,right_lower,TP_L4_00075,tes,-3.2065165663992397,-0.7244662421339508,-5.817040459874735,54.68166803298686,0.0,0.0,keep,True,final_pass,True
230,atm511::Atm511LowerUnit3M_GeoOptS1BpeW5.inc1.id1.sim.gz::1527566,atm511,atm511_replay,1527566,Atm511LowerUnit3M_GeoOptS1BpeW5.inc1.id1.sim.gz,510.99996,511.0,30.81731,52.16999,-12.85205,-0.52624,-0.83946,0.13556,106.03668283120982,240.86219129182075,side_wall,side,side_phi01_045deg,57.63832619981919,right_lower,TP_L4_00193,tes,-1.9742787820895915,-0.12736220163215178,-4.352120467639097,62.31011269617737,0.0,0.0,keep,True,final_pass,True
231,atm511::Atm511LowerUnit3M_GeoOptS1BpeW5.inc1.id1.sim.gz::1599198,atm511,atm511_replay,1599198,Atm511LowerUnit3M_GeoOptS1BpeW5.inc1.id1.sim.gz,511.00004,511.0,16.15034,55.09805,-19.17885,-0.33541,-0.90378,0.26585,92.81931563348807,244.80682886583423,side_wall,side,side_phi01_045deg,66.54949119105068,right_lower,TP_L2_00313,tes,-3.9587773482401096,0.9074561142071202,-3.239542067553458,59.958807556401396,0.0,0.0,single,True,final_pass,True
232,atm511::Atm511LowerUnit3M_GeoOptS1BpeW5.inc1.id1.sim.gz::1618395,atm511,atm511_replay,1618395,Atm511LowerUnit3M_GeoOptS1BpeW5.inc1.id1.sim.gz,510.99998,511.0,42.46275,-9.37495,-42.46787,-0.75806,0.14761,0.63527,94.98098554573119,171.4791856856264,side_wall,side,side_phi00_000deg,350.7127608253456,right_lower,TP_L5_00084,tes,-1.3327843096742,-0.8417682516228651,-5.771160951631896,57.77120797768788,0.0,0.0,keep,True,final_pass,True
233,atm511::Atm511LowerUnit3M_GeoOptS1BpeW5.inc1.id1.sim.gz::1693093,atm511,atm511_replay,1693093,Atm511LowerUnit3M_GeoOptS1BpeW5.inc1.id1.sim.gz,511.00004,511.0,19.18013,13.62203,-53.186,-0.40888,-0.2604,0.87465,70.77076151406538,196.0088640150597,side_wall,side,side_phi00_000deg,13.917044529861908,right_lower,TP_L1_00008,tes,-4.713985882589676,-1.5958682686894505,-2.072089187816032,58.43924263748378,0.0,0.0,single,True,final_pass,True
234,atm511::Atm511LowerUnit3M_GeoOptS1BpeW5.inc1.id1.sim.gz::1724688,atm511,atm511_replay,1724688,Atm511LowerUnit3M_GeoOptS1BpeW5.inc1.id1.sim.gz,511.00004000000007,511.0,15.59508,22.06287,-51.64055,-0.37404,-0.38684,0.84288,70.63892202173058,204.20661334421396,side_wall,side,side_phi01_045deg,25.498571789484135,right_lower,TP_L1_00158,tes,-5.885685003917845,-0.15284871103655098,-3.2345569690744838,57.429100500629914,0.0,0.0,single,True,final_pass,True
235,atm511::Atm511LowerUnit3M_GeoOptS1BpeW5.inc1.id1.sim.gz::1726831,atm511,atm511_replay,1726831,Atm511LowerUnit3M_GeoOptS1BpeW5.inc1.id1.sim.gz,510.99994000000004,511.0,8.84868,-36.38506,-44.2722,-0.23578,0.63573,0.73502,69.32809394664469,137.19722530378957,side_wall,side,side_phi07_315deg,314.78761234397047,right_lower,TP_L2_00028,tes,-4.2140192590486025,-1.1699668083961419,-3.5572854898961044,55.39351193046675,0.0,0.0,single,True,final_pass,True
236,atm511::Atm511LowerUnit3M_GeoOptS1BpeW5.inc1.id1.sim.gz::1727274,atm511,atm511_replay,1727274,Atm511LowerUnit3M_GeoOptS1BpeW5.inc1.id1.sim.gz,511.00001700000007,511.0,26.51977,12.29337,-50.89334,-0.50868,-0.2241,0.83127,76.81434106912879,193.30706652927273,side_wall,side,side_phi00_000deg,12.000772584401954,right_lower,TP_L3_00110,tes,-2.59678536697224,-0.5471903819944349,-3.30213583318997,57.25012228291396,0.0,0.0,single,True,final_pass,True
237,atm511::Atm511LowerUnit3M_GeoOptS1BpeW5.inc1.id1.sim.gz::1739437,atm511,atm511_replay,1739437,Atm511LowerUnit3M_GeoOptS1BpeW5.inc1.id1.sim.gz,511.00004,511.0,31.18732,52.56245,-11.27378,-0.54651,-0.8296,0.11445,107.78892830081972,240.6045229616266,side_wall,side,side_phi01_045deg,59.86630868750067,right_lower,TP_L3_00274,tes,-3.1074548455116755,0.5330628656337992,-4.041231622920108,62.733551336656305,0.0,0.0,keep,True,final_pass,True
238,atm511::Atm511LowerUnit3M_GeoOptS1BpeW5.inc1.id1.sim.gz::1774864,atm511,atm511_replay,1774864,Atm511LowerUnit3M_GeoOptS1BpeW5.inc1.id1.sim.gz,511.00000000000006,511.0,-11.21235,-45.61267,-32.89366,0.13171,0.84412,0.51972,62.57212076972464,108.00572721682909,side_wall,side,side_phi06_270deg,288.9930475156125,left_lower,TP_L3_00115,tes,-4.046349264695696,-0.5576985059164776,-4.99486160984227,53.47564842510774,0.0,0.0,keep,True,final_pass,True
239,atm511::Atm511LowerUnit3M_GeoOptS1BpeW5.inc1.id1.sim.gz::1779821,atm511,atm511_replay,1779821,Atm511LowerUnit3M_GeoOptS1BpeW5.inc1.id1.sim.gz,510.999998,511.0,2.91435,31.83306,-47.04098,-0.08076,-0.5981,0.79734,59.5557744266,223.9279904674857,side_wall,side,side_phi01_045deg,40.68272873594982,right_lower,TP_L4_00153,tes,-1.4349771602266659,-0.3490164672990786,-4.089256734031067,53.84657114441129,0.0,0.0,keep,True,final_pass,True
240,atm511::Atm511LowerUnit3M_GeoOptS1BpeW5.inc1.id1.sim.gz::1812653,atm511,atm511_replay,1812653,Atm511LowerUnit3M_GeoOptS1BpeW5.inc1.id1.sim.gz,510.99992,511.0,11.26959,23.57893,-51.40947,-0.29135,-0.38978,0.87361,65.68717165093919,205.32243128030308,side_wall,side,side_phi01_045deg,30.168219457641335,right_lower,TP_L0_00349,tes,-5.425689868954187,1.2433378621028748,-1.345408937203004,57.30638058848827,0.0,0.0,single,True,final_pass,True
241,atm511::Atm511LowerUnit3M_GeoOptS1BpeW5.inc1.id1.sim.gz::1812732,atm511,atm511_replay,1812732,Atm511LowerUnit3M_GeoOptS1BpeW5.inc1.id1.sim.gz,511.00000000000006,511.0,-12.2252,43.48886,-34.21519,0.17084,-0.79029,0.58843,57.528063228612226,249.5125065083352,side_wall,side,side_phi02_090deg,70.85871109728635,left_lower,TP_L2_00262,tes,-2.9379858130046963,0.5095815578999804,-2.212074595327397,54.384465781723776,0.0,0.0,single,True,final_pass,True
242,atm511::Atm511LowerUnit3M_GeoOptS1BpeW5.inc1.id1.sim.gz::1813869,atm511,atm511_replay,1813869,Atm511LowerUnit3M_GeoOptS1BpeW5.inc1.id1.sim.gz,510.99999,511.0,59.77779,0.21809,-20.18488,-0.95942,-0.00958,0.28181,118.62949264038645,180.6253650834169,top,top,top_phi00_000deg,359.4445736873851,right_lower,TP_L0_00128,tes,-5.3735070193291,-0.4326525008261213,-1.0477879910694714,67.90687196198553,0.0,0.0,single,True,final_pass,True
243,atm511::Atm511LowerUnit3M_GeoOptS1BpeW5.inc1.id1.sim.gz::1860199,atm511,atm511_replay,1860199,Atm511LowerUnit3M_GeoOptS1BpeW5.inc1.id1.sim.gz,511.00001699999996,511.0,63.63724,9.48554,-4.11423,-0.98676,-0.16175,0.01181,133.58219756207285,192.90250689286276,top,top,top_phi00_000deg,6.373514578635635,right_lower,TP_L2_00005,tes,-4.076709375542188,-1.6355240248221967,-3.308933081506752,68.62583703099452,0.0,0.0,keep,True,final_pass,True
244,atm511::Atm511LowerUnit3M_GeoOptS1BpeW5.inc1.id1.sim.gz::1868221,atm511,atm511_replay,1868221,Atm511LowerUnit3M_GeoOptS1BpeW5.inc1.id1.sim.gz,510.9999210000001,511.0,-0.57229,-58.85377,-10.02574,-0.01304,0.99415,0.10724,86.180740296323,94.88982082394948,side_wall,side,side_phi06_270deg,278.26705116338513,left_lower,TP_L4_00134,tes,-1.364401984524792,-0.4158899988647111,-3.8424824064688887,58.769430275365735,0.0,0.0,keep,True,final_pass,True
245,atm511::Atm511LowerUnit3M_GeoOptS1BpeW5.inc1.id1.sim.gz::1877041,atm511,atm511_replay,1877041,Atm511LowerUnit3M_GeoOptS1BpeW5.inc1.id1.sim.gz,510.999975,511.0,3.11974,-24.35791,-50.8673,-0.08964,0.45619,0.88536,55.760249951937176,146.5076967218783,side_wall,side,side_phi07_315deg,328.05256320066644,right_lower,TP_L4_00152,tes,-1.5901854038297107,-0.3793203832960074,-4.326128737198616,52.5664986453288,0.0,0.0,single,True,final_pass,True
246,atm511::Atm511LowerUnit3M_GeoOptS1BpeW5.inc1.id1.sim.gz::1920734,atm511,atm511_replay,1920734,Atm511LowerUnit3M_GeoOptS1BpeW5.inc1.id1.sim.gz,511.0000000000001,511.0,2.80192,-0.29474,-55.85486,-0.08257,0.00765,0.99656,49.737844332277156,179.4256048692207,bottom,bottom,bottom_phi00_000deg,359.7025469282725,right_lower,TP_L5_00212,tes,-1.3762603872593344,0.0665767318567366,-5.493430798247162,50.535742721091594,0.0,0.0,keep,True,final_pass,True
247,atm511::Atm511LowerUnit3M_GeoOptS1BpeW5.inc1.id1.sim.gz::1925716,atm511,atm511_replay,1925716,Atm511LowerUnit3M_GeoOptS1BpeW5.inc1.id1.sim.gz,511.00000000000006,511.0,-8.93691,-46.00963,-33.00401,0.13238,0.85019,0.50957,63.00420309863525,107.41719358493818,side_wall,side,side_phi06_270deg,292.4876320007329,left_lower,TP_L5_00026,tes,-1.8189758105382,0.35641534562679067,-4.667981579737691,54.80333616443567,0.0,0.0,keep,True,final_pass,True
248,atm511::Atm511LowerUnit3M_GeoOptS1BpeW5.inc1.id1.sim.gz::1958400,atm511,atm511_replay,1958400,Atm511LowerUnit3M_GeoOptS1BpeW5.inc1.id1.sim.gz,510.99999,511.0,5.49822,-36.15597,-44.64624,-0.17408,0.65338,0.73674,66.55543055865351,134.58785166571457,side_wall,side,side_phi07_315deg,314.32163541091876,right_lower,TP_L3_00057,tes,-3.5567027282859827,-0.7159897410869048,-5.240191399889283,53.76635093291777,0.0,0.0,keep,True,final_pass,True
249,atm511::Atm511LowerUnit3M_GeoOptS1BpeW5.inc1.id1.sim.gz::1977850,atm511,atm511_replay,1977850,Atm511LowerUnit3M_GeoOptS1BpeW5.inc1.id1.sim.gz,511.00002,511.0,41.2665,26.41817,-36.84243,-0.74345,-0.41207,0.52676,98.81376793520612,204.64501006117715,side_wall,side,side_phi01_045deg,26.659017172416327,right_lower,TP_L2_00285,tes,-4.909118779287837,0.8150967950519455,-4.154127638108977,62.09855262798368,0.0,0.0,single,True,final_pass,True
250,atm511::Atm511LowerUnit3M_GeoOptS1BpeW5.inc1.id1.sim.gz::2001878,atm511,atm511_replay,2001878,Atm511LowerUnit3M_GeoOptS1BpeW5.inc1.id1.sim.gz,510.9999600000001,511.0,49.90236,-10.22635,-35.67997,-0.86434,0.17067,0.47307,106.06148171378571,169.76988452578232,side_wall,side,side_phi00_000deg,351.174616170147,right_lower,TP_L5_00200,tes,-2.7359085020700977,0.16746057023150449,-6.87101425676315,60.89970886696964,0.0,0.0,single,True,final_pass,True
251,atm511::Atm511LowerUnit3M_GeoOptS1BpeW5.inc1.id1.sim.gz::2003037,atm511,atm511_replay,2003037,Atm511LowerUnit3M_GeoOptS1BpeW5.inc1.id1.sim.gz,511.00001000000003,511.0,-13.99083,-56.70587,-9.57651,0.13281,0.9826,0.12983,79.29719061168568,89.8771298260528,side_wall,side,side_phi06_270deg,263.70480655952485,left_lower,TP_L0_00040,tes,-6.463504607734176,-1.0469897189350152,-2.2090501330251637,56.646721410814756,0.0,0.0,single,True,final_pass,True
252,atm511::Atm511LowerUnit3M_GeoOptS1BpeW5.inc1.id1.sim.gz::2036817,atm511,atm511_replay,2036817,Atm511LowerUnit3M_GeoOptS1BpeW5.inc1.id1.sim.gz,510.9999808999999,511.0,53.8383,-32.51724,-10.4655,-0.8758,0.47388,0.09171,123.67185867957727,145.2907210712264,top,top,top_phi07_315deg,323.04499460118944,right_lower,TP_L3_00002,tes,-3.547408120920931,-1.3319043421608308,-4.396444213992466,65.59327781690207,0.0,0.0,keep,True,final_pass,True
253,atm511::Atm511LowerUnit3M_GeoOptS1BpeW5.inc1.id1.sim.gz::2147393,atm511,atm511_replay,2147393,Atm511LowerUnit3M_GeoOptS1BpeW5.inc1.id1.sim.gz,510.99994,511.0,-32.9604,47.44068,-4.74914,0.50327,-0.86394,0.018,68.37106200531915,291.66187266300346,side_wall,side,side_phi03_135deg,113.77322928856564,left_lower,TP_L2_00001,tes,-4.24280492751373,-0.152532871188157,-4.538671998383719,55.586495436654594,0.0,0.0,keep,True,final_pass,True
254,atm511::Atm511LowerUnit3M_GeoOptS1BpeW5.inc1.id1.sim.gz::2190911,atm511,atm511_replay,2190911,Atm511LowerUnit3M_GeoOptS1BpeW5.inc1.id1.sim.gz,511.000017,511.0,48.86522,-40.04262,-5.15027,-0.79371,0.60595,0.05348,121.5618554024845,134.67210129176704,top,top,top_phi07_315deg,311.4420785750311,right_lower,TP_L1_00239,tes,-4.2266415490785665,0.28789846113570405,-1.6371547926612633,66.76554845540153,0.0,0.0,veto,False,compton_fov_veto,False
255,atm511::Atm511LowerUnit3M_GeoOptS1BpeW5.inc1.id1.sim.gz::2217950,atm511,atm511_replay,2217950,Atm511LowerUnit3M_GeoOptS1BpeW5.inc1.id1.sim.gz,511.00003000000004,511.0,-10.76513,46.22436,-32.17034,0.09488,-0.8258,0.55593,62.600581176635025,248.45674919585105,side_wall,side,side_phi02_090deg,74.41340201322328,left_lower,TP_L0_00254,tes,-5.524020213150633,0.4308161296066068,-1.3082897507339089,55.470569111878405,0.0,0.0,single,True,final_pass,True
256,atm511::Atm511LowerUnit3M_GeoOptS1BpeW5.inc1.id1.sim.gz::2223196,atm511,atm511_replay,2223196,Atm511LowerUnit3M_GeoOptS1BpeW5.inc1.id1.sim.gz,511.0,511.0,53.03827,35.33812,-2.57509,-0.84988,-0.52666,0.01822,126.02036694325302,220.62882995136368,top,top,top_phi01_045deg,45.45481105832327,right_lower,TP_L1_00220,tes,-3.7543864356516634,0.14460354923835617,-1.3579395605080233,66.82417886050192,0.0,0.0,single,True,final_pass,True
257,atm511::Atm511LowerUnit3M_GeoOptS1BpeW5.inc1.id1.sim.gz::2226216,atm511,atm511_replay,2226216,Atm511LowerUnit3M_GeoOptS1BpeW5.inc1.id1.sim.gz,511.0000100000001,511.0,50.52891,-34.26394,-16.03953,-0.82507,0.53675,0.17649,117.2979434125529,142.84162774766568,top,top,top_phi07_315deg,325.3300985351309,right_lower,TP_L5_00089,tes,-0.9571134284869642,-0.7686239893737321,-5.026852647261669,62.40213029701743,0.0,0.0,single,True,final_pass,True
258,atm511::Atm511LowerUnit3M_GeoOptS1BpeW5.inc1.id1.sim.gz::2264159,atm511,atm511_replay,2264159,Atm511LowerUnit3M_GeoOptS1BpeW5.inc1.id1.sim.gz,511.00000000000006,511.0,27.89103,48.74171,-24.13609,-0.52102,-0.78753,0.32914,97.79792849261811,232.64402336352788,side_wall,side,side_phi01_045deg,53.32606965977905,right_lower,TP_L2_00162,tes,-4.483169676208728,-0.1993722410034051,-3.67761089244227,62.14392732190385,0.0,0.0,keep,True,final_pass,True
259,atm511::Atm511LowerUnit3M_GeoOptS1BpeW5.inc1.id1.sim.gz::2280974,atm511,atm511_replay,2280974,Atm511LowerUnit3M_GeoOptS1BpeW5.inc1.id1.sim.gz,511.00000000000006,511.0,11.47735,-54.88894,-20.8791,-0.22797,0.92824,0.29394,87.32630642585075,111.68158928332538,side_wall,side,side_phi07_315deg,293.69897041917125,right_lower,TP_L3_00321,tes,-2.2434875212998038,0.9749655748902543,-3.188624123796086,60.18297321579182,0.0,0.0,single,True,final_pass,True
260,atm511::Atm511LowerUnit3M_GeoOptS1BpeW5.inc1.id1.sim.gz::2294682,atm511,atm511_replay,2294682,Atm511LowerUnit3M_GeoOptS1BpeW5.inc1.id1.sim.gz,510.99998,511.0,-48.79722,-8.05429,-22.06641,0.8846,0.18397,0.42853,21.79425027057284,29.703330224841988,bottom,bottom,bottom_phi04_180deg,196.12130259380993,left_lower,TP_L0_00318,tes,-5.122623862797998,0.9180077098707323,-0.9758974921487982,49.323241902637335,0.0,0.0,single,True,final_pass,True
261,atm511::Atm511LowerUnit3M_GeoOptS1BpeW5.inc1.id1.sim.gz::2300474,atm511,atm511_replay,2300474,Atm511LowerUnit3M_GeoOptS1BpeW5.inc1.id1.sim.gz,511.00005000000004,511.0,5.47583,39.7254,-42.81446,-0.21731,-0.71947,0.65965,71.77304539369015,229.24226105606039,side_wall,side,side_phi01_045deg,49.38623423206424,right_lower,TP_L0_00169,tes,-5.465585499398228,-0.19250540521916187,-1.252771990316165,58.65601124594813,0.0,0.0,single,True,final_pass,True
262,atm511::Atm511LowerUnit3M_GeoOptS1BpeW5.inc1.id1.sim.gz::2340015,atm511,atm511_replay,2340015,Atm511LowerUnit3M_GeoOptS1BpeW5.inc1.id1.sim.gz,510.99995,511.0,23.28089,-50.7911,-23.62914,-0.43388,0.83901,0.32835,94.2794377574562,122.71659144506306,side_wall,side,side_phi07_315deg,303.6536622545974,right_lower,TP_L3_00169,tes,-2.9191719711914454,-0.13090170340030557,-3.804428505689991,60.3814385765833,0.0,0.0,single,True,final_pass,True
263,atm511::Atm511LowerUnit3M_GeoOptS1BpeW5.inc1.id1.sim.gz::2442765,atm511,atm511_replay,2442765,Atm511LowerUnit3M_GeoOptS1BpeW5.inc1.id1.sim.gz,511.0,511.0,35.91392,21.61065,-43.26053,-0.65571,-0.37499,0.65531,90.01620565906235,202.02364587161895,side_wall,side,side_phi00_000deg,20.05181110818729,right_lower,TP_L2_00030,tes,-4.133174643991193,-1.267367384474168,-3.2212859184743636,61.07630093161402,0.0,0.0,single,True,final_pass,True
264,atm511::Atm511LowerUnit3M_GeoOptS1BpeW5.inc1.id1.sim.gz::2466964,atm511,atm511_replay,2466964,Atm511LowerUnit3M_GeoOptS1BpeW5.inc1.id1.sim.gz,511.00005100000004,511.0,-33.34547,-33.18523,-29.22393,0.58127,0.6555,0.48212,41.24196619712363,83.89508304581243,bottom,bottom,bottom_phi06_270deg,266.2723882489528,left_lower,TP_L3_00182,tes,-3.9174291880154053,0.004114243443676407,-4.791640964894031,50.6406842848376,0.0,0.0,single,True,final_pass,True
265,atm511::Atm511LowerUnit3M_GeoOptS1BpeW5.inc1.id1.sim.gz::2473459,atm511,atm511_replay,2473459,Atm511LowerUnit3M_GeoOptS1BpeW5.inc1.id1.sim.gz,510.99995000000007,511.0,40.99786,-39.17196,-24.73626,-0.70798,0.62117,0.33603,105.24861186115422,139.92155364246904,side_wall,side,side_phi07_315deg,319.82544537191023,right_lower,TP_L3_00126,tes,-3.1112507171624966,-0.4704175549483321,-3.8009897210259993,62.30335927972686,0.0,0.0,single,True,final_pass,True
266,atm511::Atm511LowerUnit3M_GeoOptS1BpeW5.inc1.id1.sim.gz::2565344,atm511,atm511_replay,2565344,Atm511LowerUnit3M_GeoOptS1BpeW5.inc1.id1.sim.gz,511.00006900000005,511.0,8.08399,-34.82928,-45.82238,-0.24875,0.60867,0.75342,69.09276037114915,139.3398776687075,side_wall,side,side_phi07_315deg,316.0835738829104,right_lower,TP_L0_00056,tes,-6.519189203170578,-0.9282176459140752,-2.4690707976146844,56.938952311867865,0.0,0.0,veto,False,compton_fov_veto,False
267,atm511::Atm511LowerUnit3M_GeoOptS1BpeW5.inc1.id1.sim.gz::2610254,atm511,atm511_replay,2610254,Atm511LowerUnit3M_GeoOptS1BpeW5.inc1.id1.sim.gz,510.9999860000001,511.0,-24.83747,51.04517,-11.77534,0.39248,-0.91204,0.11892,68.80061871797386,281.9745153437444,side_wall,side,side_phi02_090deg,98.77879334955034,left_lower,TP_L4_00122,tes,-2.640373715533233,-0.5287569229525629,-5.052023295489897,56.54895232650278,0.0,0.0,single,True,final_pass,True
268,atm511::Atm511LowerUnit3M_GeoOptS1BpeW5.inc1.id1.sim.gz::2635912,atm511,atm511_replay,2635912,Atm511LowerUnit3M_GeoOptS1BpeW5.inc1.id1.sim.gz,511.00000000000006,511.0,13.36811,-10.03629,-54.70055,-0.28806,0.19858,0.9368,62.69501355695465,167.08648292077447,side_wall,side,side_phi00_000deg,349.0871970702078,right_lower,TP_L4_00276,tes,-2.0135853278559686,0.5659431944803522,-4.67915381289863,53.39610450562931,0.0,0.0,single,True,final_pass,True
269,atm511::Atm511LowerUnit3M_GeoOptS1BpeW5.inc1.id1.sim.gz::2646468,atm511,atm511_replay,2646468,Atm511LowerUnit3M_GeoOptS1BpeW5.inc1.id1.sim.gz,510.99999620000006,511.0,33.64151,-12.77453,-47.87241,-0.64113,0.21945,0.73539,86.17830355509474,167.2945738196869,side_wall,side,side_phi00_000deg,347.73676446475963,right_lower,TP_L2_00225,tes,-4.755238692219589,0.37096695655979445,-3.8319910355337576,59.888837882648104,0.0,0.0,keep,True,final_pass,True
270,atm511::Atm511LowerUnit3M_GeoOptS1BpeW5.inc1.id1.sim.gz::2668385,atm511,atm511_replay,2668385,Atm511LowerUnit3M_GeoOptS1BpeW5.inc1.id1.sim.gz,511.00000000000006,511.0,-11.43698,51.49373,-24.28508,0.12063,-0.92129,0.36969,69.71384431230881,259.17800608305043,side_wall,side,side_phi02_090deg,80.70807589535069,left_lower,TP_L2_00323,tes,-4.84302357278317,1.1247310866661446,-4.066017748093933,54.67473631616264,0.0,0.0,keep,True,final_pass,True
271,atm511::Atm511LowerUnit3M_GeoOptS1BpeW5.inc1.id1.sim.gz::2677363,atm511,atm511_replay,2677363,Atm511LowerUnit3M_GeoOptS1BpeW5.inc1.id1.sim.gz,511.00007999999997,511.0,29.98717,-35.34664,-38.4357,-0.57261,0.57627,0.58312,89.57419110805272,144.810229447797,side_wall,side,side_phi07_315deg,322.74607582444037,right_lower,TP_L1_00186,tes,-5.237113842341375,-0.1308063219998175,-2.711151478440414,61.29558288255091,0.0,0.0,keep,True,final_pass,True
272,atm511::Atm511LowerUnit3M_GeoOptS1BpeW5.inc1.id1.sim.gz::2701582,atm511,atm511_replay,2701582,Atm511LowerUnit3M_GeoOptS1BpeW5.inc1.id1.sim.gz,510.99999999999994,511.0,2.7367,47.83124,-33.1883,-0.10605,-0.84346,0.52662,72.69921835358916,242.058835633557,side_wall,side,side_phi01_045deg,61.99813526879163,right_lower,TP_L3_00331,tes,-3.148142904645304,1.0332324201178082,-3.968551208603425,55.48403922653241,0.0,0.0,single,True,final_pass,True
273,atm511::Atm511LowerUnit3M_GeoOptS1BpeW5.inc1.id1.sim.gz::2707419,atm511,atm511_replay,2707419,Atm511LowerUnit3M_GeoOptS1BpeW5.inc1.id1.sim.gz,511.000004,511.0,51.12669,34.17248,-13.57816,-0.83177,-0.52447,0.1819,117.3566548431455,216.1933115226546,top,top,top_phi01_045deg,37.74633157699103,right_lower,TP_L1_00112,tes,-3.9352906141465316,-0.5477194601148742,-1.53403500935328,66.19950835537324,0.0,0.0,single,True,final_pass,True
274,atm511::Atm511LowerUnit3M_GeoOptS1BpeW5.inc1.id1.sim.gz::2725974,atm511,atm511_replay,2725974,Atm511LowerUnit3M_GeoOptS1BpeW5.inc1.id1.sim.gz,510.99996300000004,511.0,18.19179,7.10127,-54.72707,-0.40948,-0.13465,0.90233,69.60459404838154,188.25943044776943,side_wall,side,side_phi00_000deg,7.480125899851261,right_lower,TP_L2_00118,tes,-5.041164145625853,-1.044563702499121,-2.571386176959547,57.67443211762459,0.0,0.0,veto,False,compton_fov_veto,False
275,atm511::Atm511LowerUnit3M_GeoOptS1BpeW5.inc1.id1.sim.gz::2772504,atm511,atm511_replay,2772504,Atm511LowerUnit3M_GeoOptS1BpeW5.inc1.id1.sim.gz,510.9999900000001,511.0,24.14254,38.61021,-38.60086,-0.48609,-0.62586,0.60993,84.97627983349203,218.92288556957863,side_wall,side,side_phi01_045deg,43.371922859998946,right_lower,TP_L1_00361,tes,-4.791865413784997,1.3621922001997886,-2.28850053666551,59.52480236387117,0.0,0.0,single,True,final_pass,True
276,atm511::Atm511LowerUnit3M_GeoOptS1BpeW5.inc1.id1.sim.gz::2788877,atm511,atm511_replay,2788877,Atm511LowerUnit3M_GeoOptS1BpeW5.inc1.id1.sim.gz,511.00004,511.0,39.72238,-25.98003,-38.3077,-0.7096,0.43816,0.55179,96.40693179171967,153.83764173154643,side_wall,side,side_phi07_315deg,335.9111951123185,right_lower,TP_L4_00207,tes,-2.6742678405038287,0.24643682211139165,-5.29389725882184,59.79309727315044,0.0,0.0,keep,True,final_pass,True
277,atm511::Atm511LowerUnit3M_GeoOptS1BpeW5.inc1.id1.sim.gz::2797840,atm511,atm511_replay,2797840,Atm511LowerUnit3M_GeoOptS1BpeW5.inc1.id1.sim.gz,510.9999,511.0,29.15637,-54.00279,-10.45445,-0.53068,0.84213,0.09585,107.90698107832675,117.7477398106117,side_wall,side,side_phi07_315deg,297.01993159544435,right_lower,TP_L2_00263,tes,-5.20203398573487,0.6198607485220604,-4.264876925077715,64.82626561889695,0.0,0.0,keep,True,final_pass,True
278,atm511::Atm511LowerUnit3M_GeoOptS1BpeW5.inc1.id1.sim.gz::2859103,atm511,atm511_replay,2859103,Atm511LowerUnit3M_GeoOptS1BpeW5.inc1.id1.sim.gz,511.00000400000005,511.0,47.50694,-28.71984,-28.31343,-0.80753,0.46464,0.36332,108.30675935483549,150.69814620902844,side_wall,side,side_phi07_315deg,333.15005875549184,right_lower,TP_L5_00162,tes,-2.010949009152826,-0.09435298174789729,-5.9063799191073345,61.42894865031087,0.0,0.0,veto,False,compton_fov_veto,False
279,atm511::Atm511LowerUnit3M_GeoOptS1BpeW5.inc1.id1.sim.gz::2888091,atm511,atm511_replay,2888091,Atm511LowerUnit3M_GeoOptS1BpeW5.inc1.id1.sim.gz,511.0,511.0,-27.09852,49.11054,-12.7827,0.44761,-0.88201,0.14732,65.12252844153446,283.5359395429352,side_wall,side,side_phi02_090deg,100.1394432778576,left_lower,TP_L4_00212,tes,-2.235380183105127,0.11773050455610957,-4.599393477668141,55.546715559515846,0.0,0.0,single,True,final_pass,True
280,atm511::Atm511LowerUnit3M_GeoOptS1BpeW5.inc1.id1.sim.gz::2901978,atm511,atm511_replay,2901978,Atm511LowerUnit3M_GeoOptS1BpeW5.inc1.id1.sim.gz,511.0,511.0,8.30944,12.60911,-54.46724,-0.17507,-0.23547,0.95598,56.482711183771116,196.40553582760805,side_wall,side,side_phi00_000deg,15.498934460549677,right_lower,TP_L5_00259,tes,-0.7228825365912915,0.4598547800853033,-5.145187115230528,51.59314056705247,0.0,0.0,single,True,final_pass,True
281,atm511::Atm511LowerUnit3M_GeoOptS1BpeW5.inc1.id1.sim.gz::2912354,atm511,atm511_replay,2912354,Atm511LowerUnit3M_GeoOptS1BpeW5.inc1.id1.sim.gz,510.99991000000006,511.0,0.44893,-59.82943,-6.80879,-0.09436,0.99069,0.09815,89.84645116852964,97.82369841071159,side_wall,side,side_phi06_270deg,271.52679301557885,right_lower,TP_L0_00022,tes,-5.126281285929776,-1.4404257850111948,-1.03071684864148,58.93848423096059,0.0,0.0,keep,True,final_pass,True
282,atm511::Atm511LowerUnit3M_GeoOptS1BpeW5.inc1.id1.sim.gz::2961792,atm511,atm511_replay,2961792,Atm511LowerUnit3M_GeoOptS1BpeW5.inc1.id1.sim.gz,511.00001,511.0,60.21489,-7.47686,-17.67859,-0.96051,0.11531,0.25322,120.00863414396919,172.3477443047202,top,top,top_phi00_000deg,352.0893630991624,right_lower,TP_L0_00241,tes,-4.646367257294936,0.3125345259181981,-0.580596542557056,67.52776273761897,0.0,0.0,single,True,final_pass,True
283,atm511::Atm511LowerUnit3M_GeoOptS1BpeW5.inc1.id1.sim.gz::2962415,atm511,atm511_replay,2962415,Atm511LowerUnit3M_GeoOptS1BpeW5.inc1.id1.sim.gz,511.0000600000001,511.0,14.83964,-59.41373,-4.41012,-0.28765,0.95763,0.01422,101.14801328759009,102.56572875883455,side_wall,side,side_phi06_270deg,283.3041832466413,right_lower,TP_L3_00035,tes,-2.646498417678209,-1.1857394078419674,-3.5435307785260135,60.803082997833435,0.0,0.0,single,True,final_pass,True
