{
  "status": "PASS_FIX5_EXACTPOS_SAMPLING_NECESSITY_AUDIT",
  "source_table": "runs/step02_delay_fix_fix5_fullstat_v2/exactpos_weighted_rpip_table_m50000_s260613.csv",
  "source_summary": "runs/step02_delay_fix_fix5_fullstat_v2/fix5_fullstat_v2_exactpos_m50000_s260613_delayed_source_manifest.json",
  "rows": 251681,
  "total_activity_Bq": 85.44920253544693,
  "activity_by_incident_family_Bq": {
    "n": 82.52247826170698,
    "muminus": 2.7522942516130917,
    "p": 0.1473565064727403,
    "alpha": 0.022268671205603892,
    "muplus": 0.0032361902419301655,
    "eplus": 0.0015686542065778
  },
  "category_activity_Bq_by_incident_family": {
    "alpha": {
      "Cu/support": 0.002723145683104199,
      "Al shells": 0.002726682656678002,
      "W/collimator": 0.00340768532798722,
      "other": 0.0027171635155861782,
      "CsI active shield": 0.008660496863680273,
      "window": 0.0020334971585680185
    },
    "eplus": {
      "CsI active shield": 0.0015686542065778
    },
    "muminus": {
      "Cu/support": 0.8851139855501733,
      "Al shells": 0.7851814506903364,
      "W/collimator": 0.5642287641947374,
      "other": 0.3149337818525433,
      "window": 0.1658208129002484,
      "CsI active shield": 0.03701545642502444
    },
    "muplus": {
      "CsI active shield": 0.0032361902149808,
      "Cu/support": 2.69493655e-11
    },
    "n": {
      "CsI active shield": 66.39904169363898,
      "other": 6.247332373879287,
      "TES/absorber": 0.09954983708515583,
      "window": 2.713470495259485,
      "Al shells": 2.0829084896943946,
      "Cu/support": 2.7956874447601625,
      "W/collimator": 2.1844879274356623
    },
    "p": {
      "window": 0.006775249897919595,
      "CsI active shield": 0.07493671000720172,
      "Cu/support": 0.024528951554361994,
      "other": 0.012266987956815805,
      "W/collimator": 0.02189180596930546,
      "Al shells": 0.006897997759088076,
      "TES/absorber": 5.880332804783e-05
    }
  },
  "category_fraction_by_incident_family": {
    "alpha": {
      "CsI active shield": 0.38890945866140714,
      "Al shells": 0.12244478494037109,
      "Cu/support": 0.12228595312049521,
      "W/collimator": 0.153025984196564,
      "TES/absorber": 0.0,
      "window": 0.09131650199479756,
      "other": 0.12201731708636512
    },
    "eplus": {
      "CsI active shield": 1.0,
      "Al shells": 0.0,
      "Cu/support": 0.0,
      "W/collimator": 0.0,
      "TES/absorber": 0.0,
      "window": 0.0,
      "other": 0.0
    },
    "muminus": {
      "CsI active shield": 0.01344894587609244,
      "Al shells": 0.285282523927141,
      "Cu/support": 0.32159133603953355,
      "W/collimator": 0.20500306748235747,
      "TES/absorber": 0.0,
      "window": 0.06024821394117441,
      "other": 0.11442591273370098
    },
    "muplus": {
      "CsI active shield": 0.9999999916725028,
      "Al shells": 0.0,
      "Cu/support": 8.327497299394412e-09,
      "W/collimator": 0.0,
      "TES/absorber": 0.0,
      "window": 0.0,
      "other": 0.0
    },
    "n": {
      "CsI active shield": 0.8046176398511421,
      "Al shells": 0.025240498511055563,
      "Cu/support": 0.03387789004460723,
      "W/collimator": 0.02647142903908779,
      "TES/absorber": 0.001206336009073717,
      "window": 0.03288159241476759,
      "other": 0.07570461413026604
    },
    "p": {
      "CsI active shield": 0.5085402185553597,
      "Al shells": 0.04681162660682471,
      "Cu/support": 0.16645991508287836,
      "W/collimator": 0.1485635517109333,
      "TES/absorber": 0.00039905484634102697,
      "window": 0.04597862734464969,
      "other": 0.0832470058530132
    }
  },
  "material_total_variation_distances": {
    "n_vs_p": 0.29688470245851506,
    "n_vs_muminus": 0.7923750299841232,
    "n_vs_alpha": 0.41691451719880873,
    "p_vs_muminus": 0.49549032752560823,
    "p_vs_alpha": 0.1642037767026768,
    "muminus_vs_alpha": 0.41412020519160186
  },
  "spatial_weighted_quantiles_by_incident_family": {
    "alpha": {
      "activity_Bq": 0.022268671205603892,
      "x_cm_q05_q50_q95": [
        -25.10288,
        -3.763059,
        33.89331
      ],
      "z_cm_q05_q50_q95": [
        -20.23011,
        -4.230065,
        21.73717
      ],
      "r_cm_q05_q50_q95": [
        2.170195516102639,
        18.731603795844602,
        34.279915272412566
      ]
    },
    "eplus": {
      "activity_Bq": 0.0015686542065778,
      "x_cm_q05_q50_q95": [
        -19.18389,
        -18.38057,
        -6.694336
      ],
      "z_cm_q05_q50_q95": [
        -19.27002,
        -5.060755,
        0.578833
      ],
      "r_cm_q05_q50_q95": [
        12.954643306306393,
        18.831245190502642,
        24.16420541093996
      ]
    },
    "muminus": {
      "activity_Bq": 2.7522942516130917,
      "x_cm_q05_q50_q95": [
        -22.57024,
        2.540324,
        29.48656
      ],
      "z_cm_q05_q50_q95": [
        -20.09383,
        7.343218,
        31.55221
      ],
      "r_cm_q05_q50_q95": [
        6.6320134693019135,
        18.60549338078969,
        30.65956658402235
      ]
    },
    "muplus": {
      "activity_Bq": 0.0032361902419301655,
      "x_cm_q05_q50_q95": [
        -22.35026,
        -1.495466,
        2.280544
      ],
      "z_cm_q05_q50_q95": [
        -22.84284,
        -6.870866,
        13.16918
      ],
      "r_cm_q05_q50_q95": [
        7.0032686229383625,
        14.21736563593073,
        24.35557683914918
      ]
    },
    "n": {
      "activity_Bq": 82.52247826170698,
      "x_cm_q05_q50_q95": [
        -20.85587,
        -5.570984,
        14.15214
      ],
      "z_cm_q05_q50_q95": [
        -21.54821,
        -7.474556,
        13.47331
      ],
      "r_cm_q05_q50_q95": [
        4.628202395808765,
        15.001267913246533,
        23.731779095975927
      ]
    },
    "p": {
      "activity_Bq": 0.1473565064727403,
      "x_cm_q05_q50_q95": [
        -22.55528,
        -4.696679,
        23.91078
      ],
      "z_cm_q05_q50_q95": [
        -20.52262,
        -1.817847,
        22.62725
      ],
      "r_cm_q05_q50_q95": [
        5.215144333688187,
        16.089680496474287,
        27.09055956243429
      ]
    }
  },
  "top_nuclides_by_incident_family": {
    "alpha": [
      [
        "Al-28",
        0.0054302391235727
      ],
      [
        "Mg-27",
        0.0033778931644109
      ],
      [
        "Cs-132",
        0.0032535979836285
      ],
      [
        "I-126",
        0.0022500427461222003
      ],
      [
        "I-128",
        0.0020363355544880998
      ],
      [
        "Na-24",
        0.0020291953963874
      ],
      [
        "Si-27",
        0.00135710353568
      ],
      [
        "Cs-131",
        0.0008932180729103001
      ],
      [
        "Cu-62",
        0.000678763121375
      ],
      [
        "Na-25",
        0.0006759368682727
      ]
    ],
    "eplus": [
      [
        "Cs-132",
        0.0010846518720174
      ],
      [
        "I-126",
        0.0003750106575604
      ],
      [
        "I-125",
        0.000108991677
      ]
    ],
    "muminus": [
      [
        "Mg-27",
        2.012070834523467
      ],
      [
        "Na-25",
        0.3161183828760141
      ],
      [
        "Na-24",
        0.2639010868815257
      ],
      [
        "Ne-24",
        0.05740586972326674
      ],
      [
        "Na-26",
        0.033769608808467674
      ],
      [
        "Ne-23",
        0.025665389616117383
      ],
      [
        "I-128",
        0.021720886892939596
      ],
      [
        "Cs-132",
        0.010843388243039199
      ],
      [
        "I-126",
        0.0037500111099628996
      ],
      [
        "Cu-62",
        0.0020358835715459
      ]
    ],
    "muplus": [
      [
        "Cs-132",
        0.0016270733815297
      ],
      [
        "I-126",
        0.0015000970592406
      ],
      [
        "I-125",
        0.0001090197742105
      ],
      [
        "Al-26",
        2.69493655e-11
      ]
    ],