family,local_event_id,event_weight_cps,measured_total_keV,measured_multiplicity,bgo_keV_raw_sum,plastic_keV_raw_sum,pass_veto50,step05_pass,step05_class,init_energy_keV,init_x_cm,init_y_cm,init_z_cm,init_dir_x,init_dir_y,init_dir_z,if_dir_x,if_dir_y,if_dir_z,if_theta_from_plus_x_deg,if_azimuth_about_x_deg,first_key_ia_process,relevant_pair_volume,path_type,source_file
alpha,164,0.021993612186273423,511.1765628421311,3,3506594.491414741,102921.488600025,False,False,not_evaluated,29094214.546,51.77919,-45.57389,-14.18881,-0.88287,0.45955,-0.09674,-0.5558778538941807,0.45955,-0.6926888739181539,123.771200482914,303.56145575430554,PHOT,BGO_S3D_O8_FullWrap_BottomCap_30mm,primary_alpha__secondary_pair_conversion__positron_annihilation__511gamma_to_TES,/home/ubuntu/TES_511_Balloon/runs/particle_source_unit_repair_20260811/m05_16h_90gb_campaign_batch0006_v1/continuation0001_balanced_non_gamma_deweight_gamma/attempts/continuation_non_gamma_wave0001/S3d_O8/instant/alpha/c1_ng_alpha_instant_S3d_O8_wave0001/attempt01/c1_ng_alpha_instant_S3d_O8_wave0001.inc1.id1.sim.gz
alpha,12,0.021993612186273423,510.9282538564504,1,6453276.919113967,172580.83310691017,False,False,not_evaluated,23720864.673,-33.64672,38.682,39.79706,0.4019,-0.81084,-0.42547,0.5850389375503138,-0.81084,-0.01666650683256695,54.194259181542904,181.1775270739152,PHOT,BGO_S3C_FullWrap_SideShell_WindowCut_40mm,primary_alpha__secondary_pair_conversion__positron_annihilation__511gamma_to_TES,/home/ubuntu/TES_511_Balloon/runs/particle_source_unit_repair_20260811/m05_16h_90gb_campaign_batch0006_v1/stage00_mergeable_smoke/S3d_O8/instant/alpha/shard0001/attempt01/s00_alpha_instant_S3d_O8_shard0001.inc1.id1.sim.gz
alpha,171,0.021993612186273423,510.9674568460907,1,2880751.8284304794,75285.4500537416,False,False,not_evaluated,37599565.65,19.61214,-54.30577,30.36529,-0.26026,0.8704,-0.41793,0.11148952618968298,0.8704,-0.47955274793290475,83.5988126506416,331.1471370733875,PHOT,ColdPlate_MXC_50mK_SD_anchor,primary_alpha__secondary_pair_conversion__positron_annihilation__511gamma_to_TES,/home/ubuntu/TES_511_Balloon/runs/particle_source_unit_repair_20260811/m05_16h_90gb_campaign_batch0006_v1/stage10_seven_family/S3d_O8/instant/alpha/shard0004/attempt01/s10_alpha_instant_S3d_O8_shard0004.inc1.id1.sim.gz
alpha,242,0.021993612186273423,510.84355970782616,1,6975712.959826876,360264.3919125163,False,False,not_evaluated,60680469.283,67.33213,23.03944,11.02572,-0.83458,-0.30603,-0.45806,-0.2662398452523589,-0.30603,-0.9140345096329788,105.44063762303036,251.48882015157494,INEL,BGO_S3C_FullWrap_SideShell_WindowCut_40mm,primary_alpha__secondary_pair_conversion__positron_annihilation__511gamma_to_TES,/home/ubuntu/TES_511_Balloon/runs/particle_source_unit_repair_20260811/s3d_o8/instant_alpha_screening_batch0004_v1/shards/shard0001/attempt01/Background_alpha_fullsphere20_batch0004_instant_shard0001.inc1.id1.sim.gz
alpha,229,0.021993612186273423,510.6694566416828,1,6893618.9996586135,117236.2366070649,False,False,not_evaluated,32152986.406,19.47454,-2.41357,75.71648,0.07843,-0.36067,-0.92939,0.7126363562154265,-0.36067,-0.6017195865185045,44.55017663349647,239.06157815744905,PHOT,BGO_S3C_FullWrap_SideShell_WindowCut_40mm,primary_alpha__secondary_pair_conversion__positron_annihilation__511gamma_to_TES,/home/ubuntu/TES_511_Balloon/runs/particle_source_unit_repair_20260811/s3d_o8/instant_alpha_screening_batch0004_v1/shards/shard0002/attempt01/Background_alpha_fullsphere20_batch0004_instant_shard0002.inc1.id1.sim.gz
alpha,198,0.021993612186273423,511.23766029518293,3,2429114.031865322,49619.32081000996,False,False,not_evaluated,22158574.594,-14.09903,-52.34573,36.33301,0.41185,0.88707,-0.20852,0.4386678338446985,0.88707,0.1437760218186607,63.98108544986781,9.206421696295306,BREM,ColdPlate_CP_100mK_intercept,primary_alpha__secondary_pair_conversion__positron_annihilation__511gamma_to_TES,/home/ubuntu/TES_511_Balloon/runs/particle_source_unit_repair_20260811/s3d_o8/instant_alpha_screening_batch0004_v1/shards/shard0005/attempt01/Background_alpha_fullsphere20_batch0004_instant_shard0005.inc1.id1.sim.gz
alpha,46,0.021993612186273423,511.3189256609978,2,13894273.922011843,222742.74842641698,False,False,not_evaluated,46580308.051,-45.53595,-44.49444,16.91385,0.35207,0.90876,-0.22407,0.40739250091281753,0.90876,0.0905096679918781,65.95885930297452,5.687724292377281,BREM,BGO_S3C_FullWrap_SideShell_WindowCut_40mm,primary_alpha__secondary_pair_conversion__positron_annihilation__511gamma_to_TES,/home/ubuntu/TES_511_Balloon/runs/particle_source_unit_repair_20260811/s3d_o8/instant_alpha_screening_batch0004_v1/shards/shard0006/attempt01/Background_alpha_fullsphere20_batch0004_instant_shard0006.inc1.id1.sim.gz
alpha,196,0.021993612186273423,510.797877046824,1,2874869.8006681507,131966.95746186923,False,False,not_evaluated,41979548.748,8.47983,-57.56115,28.46044,0.10938,0.94884,-0.2962,0.28678836831364,0.94884,-0.13210168886127083,73.33422234646959,352.07397804969634,BREM,ColdPlate_MXC_50mK_SD_anchor,primary_alpha__secondary_pair_conversion__positron_annihilation__511gamma_to_TES,/home/ubuntu/TES_511_Balloon/runs/particle_source_unit_repair_20260811/s3d_o8/instant_alpha_screening_batch0004_v1/shards/shard0006/attempt01/Background_alpha_fullsphere20_batch0004_instant_shard0006.inc1.id1.sim.gz
eminus,2221,0.0076178609971737695,510.9985097210158,2,16531.85041854,2439.20400692,False,False,not_evaluated,31717.368,59.62566,-4.3635,-27.92287,-0.98597,-0.00456,0.16685,-0.8151668394874757,-0.00456,-0.5792053066055249,144.6038619392505,269.5489278951243,BREM,BGO_S3C_FullWrap_SideShell_WindowCut_40mm,primary_eminus__secondary_pair_conversion__positron_annihilation__511gamma_to_TES,/home/ubuntu/TES_511_Balloon/runs/particle_source_unit_repair_20260811/m05_16h_90gb_campaign_batch0006_v1/continuation0001_balanced_non_gamma_deweight_gamma/attempts/continuation_non_gamma_wave0001/S3d_O8/instant/eminus/c1_ng_eminus_instant_S3d_O8_wave0001/attempt01/c1_ng_eminus_instant_S3d_O8_wave0001.inc1.id1.sim.gz
eminus,2279,0.0076178609971737695,510.825452688031,4,311581.069418138,7135.257840916,False,False,not_evaluated,392513.806,-41.71825,40.85291,-1.49477,0.89681,-0.38896,0.21083,0.48506110975834793,-0.38896,0.7832197551134675,60.98352376899372,116.40976175650641,BREM,BGO_S3C_FullWrap_SideShell_WindowCut_40mm,primary_eminus__secondary_pair_conversion__positron_annihilation__511gamma_to_TES,/home/ubuntu/TES_511_Balloon/runs/particle_source_unit_repair_20260811/m05_16h_90gb_campaign_batch0006_v1/continuation0001_balanced_non_gamma_deweight_gamma/attempts/continuation_non_gamma_wave0001/S3d_O8/instant/eminus/c1_ng_eminus_instant_S3d_O8_wave0001/attempt01/c1_ng_eminus_instant_S3d_O8_wave0001.inc1.id1.sim.gz
eminus,3669,0.0076178609971737695,511.1108410248056,1,53889.29523315,4705.08582539,False,False,not_evaluated,226842.923,46.30997,23.85147,47.05727,-0.63428,-0.24942,-0.73177,0.06893584009787658,-0.24942,-0.9659432184398833,86.04713230940773,255.5216796321102,PHOT,Cu_50mK_StillLike_Can_bottom_cap_2mm,primary_eminus__secondary_pair_conversion__positron_annihilation__511gamma_to_TES,/home/ubuntu/TES_511_Balloon/runs/particle_source_unit_repair_20260811/m05_16h_90gb_campaign_batch0006_v1/recovery0006_six_to_one_replan/attempts/stage10_seven_family/S3d_O8/instant/eminus/r6_s10_eminus_instant_S3d_O8_bundle0001/attempt01/r6_s10_eminus_instant_S3d_O8_bundle0001.inc1.id1.sim.gz
eminus,10861,0.0076178609971737695,510.92483709447646,1,227948.143933549,6009.30440085,False,False,not_evaluated,448702.527,-37.74972,42.74905,21.20063,0.67788,-0.60747,-0.41407,0.7721252497166506,-0.60747,0.18654183994482315,39.454880110451185,162.92932912350173,BREM,Nb_MagShield_Inner_Cylinder_2mm,primary_eminus__secondary_pair_conversion__positron_annihilation__511gamma_to_TES,/home/ubuntu/TES_511_Balloon/runs/particle_source_unit_repair_20260811/m05_16h_90gb_campaign_batch0006_v1/recovery0006_six_to_one_replan/attempts/stage10_seven_family/S3d_O8/instant/eminus/r6_s10_eminus_instant_S3d_O8_bundle0001/attempt01/r6_s10_eminus_instant_S3d_O8_bundle0001.inc1.id1.sim.gz
eminus,16857,0.0076178609971737695,510.8292403152022,3,127875.6286369456,3338.8475914,False,False,not_evaluated,145434.808,-55.82657,-16.91924,-9.36488,0.99653,0.04172,-0.07197,0.755543595697826,0.04172,0.6537626456138345,40.92710934576767,86.3486090907844,BREM,BGO_S3C_FullWrap_SideShell_WindowCut_40mm,primary_eminus__secondary_pair_conversion__positron_annihilation__511gamma_to_TES,/home/ubuntu/TES_511_Balloon/runs/particle_source_unit_repair_20260811/m05_16h_90gb_campaign_batch0006_v1/recovery0006_six_to_one_replan/attempts/stage10_seven_family/S3d_O8/instant/eminus/r6_s10_eminus_instant_S3d_O8_bundle0001/attempt01/r6_s10_eminus_instant_S3d_O8_bundle0001.inc1.id1.sim.gz
eminus,6025,0.0076178609971737695,511.0790560774504,1,109926.89032008,1907.4104214,False,False,not_evaluated,139140.687,-44.67795,-35.83878,14.25549,0.74059,0.6046,-0.29325,0.7310352746619004,0.6046,0.31631714749599016,43.026744868181396,27.617852194911922,BREM,ColdPlate_MXC_50mK_SD_anchor,primary_eminus__secondary_pair_conversion__positron_annihilation__511gamma_to_TES,/home/ubuntu/TES_511_Balloon/runs/particle_source_unit_repair_20260811/m05_16h_90gb_campaign_batch0006_v1/recovery0007_efficiency_scheduler/attempts/stage10_seven_family/S3d_O8/instant/eminus/r6_s10_eminus_instant_S3d_O8_bundle0002/attempt01/r6_s10_eminus_instant_S3d_O8_bundle0002.inc1.id1.sim.gz
eminus,8901,0.0076178609971737695,511.09161701907396,2,8145.664119451,2026.45945678,False,False,not_evaluated,75566.409,35.64726,-18.54817,57.62158,-0.59647,0.32197,-0.73522,0.0981110658896335,0.32197,-0.9416470294383136,84.36959239771579,288.8766957383055,BREM,MuMetal_MagShield_Outer_Cylinder_2mm,primary_eminus__secondary_pair_conversion__positron_annihilation__511gamma_to_TES,/home/ubuntu/TES_511_Balloon/runs/particle_source_unit_repair_20260811/m05_16h_90gb_campaign_batch0006_v1/recovery0007_efficiency_scheduler/attempts/stage10_seven_family/S3d_O8/instant/eminus/r6_s10_eminus_instant_S3d_O8_bundle0002/attempt01/r6_s10_eminus_instant_S3d_O8_bundle0002.inc1.id1.sim.gz
eminus,344,0.0076178609971737695,511.04171347673724,1,162837.86822258678,1860.3320094,False,False,not_evaluated,224745.529,26.94184,14.44778,-45.31122,-0.3805,-0.137,0.91457,-0.9157527791112621,-0.137,0.3776445186282995,156.3128588480648,109.93950707108446,BREM,BGO_S3C_FullWrap_SideShell_WindowCut_40mm,primary_eminus__secondary_pair_conversion__positron_annihilation__511gamma_to_TES,/home/ubuntu/TES_511_Balloon/runs/particle_source_unit_repair_20260811/m05_16h_90gb_campaign_batch0006_v1/stage10_seven_family/S3d_O8/instant/eminus/shard0002/attempt01/s10_eminus_instant_S3d_O8_shard0002.inc1.id1.sim.gz
eminus,5548,0.0076178609971737695,510.95928104329346,1,72493.15076744,2116.0777238,False,False,not_evaluated,86129.733,37.00887,42.47358,-24.56296,-0.38166,-0.86257,0.33212,-0.504718678275334,-0.86257,-0.03503006993998155,120.31267938217205,182.3255768776171,PHOT,BGO_S3C_FullWrap_SideShell_WindowCut_40mm,primary_eminus__secondary_pair_conversion__positron_annihilation__511gamma_to_TES,/home/ubuntu/TES_511_Balloon/runs/particle_source_unit_repair_20260811/m05_paper_closure_topup_batch0007_3h_v1/attempts/stage10_seven_family/S3d_O8/instant/eminus/b7_eminus_instant_S3d_O8_wave0001/attempt01/b7_eminus_instant_S3d_O8_wave0001.inc1.id1.sim.gz
eminus,21564,0.0076178609971737695,511.2602206541321,1,306181.72385732,3649.46055405,False,False,not_evaluated,345952.502,-42.66702,32.01479,-12.17062,0.88368,-0.36294,0.29559,0.4158424269479968,-0.36294,0.83386981384986,65.42762067145098,113.52097780723678,BREM,Nb_MagShield_Inner_Cylinder_2mm,primary_eminus__secondary_pair_conversion__positron_annihilation__511gamma_to_TES,/home/ubuntu/TES_511_Balloon/runs/particle_source_unit_repair_20260811/m05_paper_closure_topup_batch0007_3h_v1/attempts/stage10_seven_family/S3d_O8/instant/eminus/b7_eminus_instant_S3d_O8_wave0001/attempt01/b7_eminus_instant_S3d_O8_wave0001.inc1.id1.sim.gz
eminus,21859,0.0076178609971737695,511.1096219656752,1,295745.8240195246,3738.9452206,False,False,not_evaluated,331832.552,43.1366,42.05191,-22.30659,-0.85064,-0.41678,0.32048,-0.8281068935831896,-0.41678,-0.37487973111386,145.90475849093554,221.9703263308429,BREM,BGO_S3C_FullWrap_SideShell_WindowCut_40mm,primary_eminus__secondary_pair_conversion__positron_annihilation__511gamma_to_TES,/home/ubuntu/TES_511_Balloon/runs/particle_source_unit_repair_20260811/m05_paper_closure_topup_batch0007_3h_v1/attempts/stage10_seven_family/S3d_O8/instant/eminus/b7_eminus_instant_S3d_O8_wave0001/attempt01/b7_eminus_instant_S3d_O8_wave0001.inc1.id1.sim.gz
eminus,23104,0.0076178609971737695,510.8788391866803,1,238210.340943804,2483.3522533943,False,False,not_evaluated,319043.583,4.27787,52.46354,-23.1285,0.1709,-0.74997,0.63902,-0.33101082640904667,-0.74997,0.5726999242186086,109.33014001732508,142.63354482031434,BREM,BGO_S3C_FullWrap_SideShell_WindowCut_40mm,primary_eminus__secondary_pair_conversion__positron_annihilation__511gamma_to_TES,/home/ubuntu/TES_511_Balloon/runs/particle_source_unit_repair_20260811/m05_paper_closure_topup_batch0007_3h_v1/attempts/stage10_seven_family/S3d_O8/instant/eminus/b7_eminus_instant_S3d_O8_wave0001/attempt01/b7_eminus_instant_S3d_O8_wave0001.inc1.id1.sim.gz
eminus,1712,0.0076178609971737695,511.2019211809793,1,884583.2973540723,9659.90919923,False,False,not_evaluated,1193151.725,-55.01245,-4.00544,22.99517,0.91372,0.28799,-0.28668,0.8488109801363316,0.28799,0.4433842360752128,31.917420410850294,56.99519113630239,BREM,Shield_4K_Al_side_window_side_wall_above_side_port,primary_eminus__secondary_pair_conversion__positron_annihilation__511gamma_to_TES,/home/ubuntu/TES_511_Balloon/runs/particle_source_unit_repair_20260811/m05_paper_closure_topup_batch0007_3h_v1/attempts/stage10_seven_family/S3d_O8/instant/eminus/b7_eminus_instant_S3d_O8_wave0002/attempt01/b7_eminus_instant_S3d_O8_wave0002.inc1.id1.sim.gz
eminus,4004,0.0076178609971737695,510.9787433647385,3,157925.4737574174,3796.8330300000002,False,False,not_evaluated,181300.782,21.40866,-37.39395,56.00469,-0.50581,0.58063,-0.63799,0.09346537433723784,0.58063,-0.8087887363211731,84.63700077910082,305.6745927316163,PHOT,BGO_S3C_FullWrap_SideShell_WindowCut_40mm,primary_eminus__secondary_pair_conversion__positron_annihilation__511gamma_to_TES,/home/ubuntu/TES_511_Balloon/runs/particle_source_unit_repair_20260811/m05_paper_closure_topup_batch0007_3h_v1/attempts/stage10_seven_family/S3d_O8/instant/eminus/b7_eminus_instant_S3d_O8_wave0002/attempt01/b7_eminus_instant_S3d_O8_wave0002.inc1.id1.sim.gz
eminus,5599,0.0076178609971737695,511.0594345738634,1,115475.806794756,1726.53431939,False,False,not_evaluated,152421.894,31.34103,55.28542,-6.28954,-0.59075,-0.80678,-0.01074,-0.4101290041560095,-0.80678,-0.4253176578158965,114.2129388975195,207.79726689157954,BREM,Cu_50mK_StillLike_Can_bottom_cap_2mm,primary_eminus__secondary_pair_conversion__positron_annihilation__511gamma_to_TES,/home/ubuntu/TES_511_Balloon/runs/particle_source_unit_repair_20260811/m05_paper_closure_topup_batch0007_3h_v1/attempts/stage10_seven_family/S3d_O8/instant/eminus/b7_eminus_instant_S3d_O8_wave0002/attempt01/b7_eminus_instant_S3d_O8_wave0002.inc1.id1.sim.gz
eminus,8765,0.0076178609971737695,511.1243877397642,2,169393.5412943,2362.0006992,False,False,not_evaluated,218217.963,51.27973,33.41044,-12.64054,-0.80639,-0.56434,0.17677,-0.6951991029913661,-0.56434,-0.4452085715706741,134.04308526799338,218.26995512783074,BREM,Cu_SubstrateSupport_SolidDisk_L0_deepest,primary_eminus__secondary_pair_conversion__positron_annihilation__511gamma_to_TES,/home/ubuntu/TES_511_Balloon/runs/particle_source_unit_repair_20260811/m05_paper_closure_topup_batch0007_3h_v1/attempts/stage10_seven_family/S3d_O8/instant/eminus/b7_eminus_instant_S3d_O8_wave0002/attempt01/b7_eminus_instant_S3d_O8_wave0002.inc1.id1.sim.gz
eminus,9663,0.0076178609971737695,510.8343374095348,1,335858.481201521,2396.4399224,False,False,not_evaluated,470069.169,42.11767,-49.65276,18.01519,-0.3368,0.92154,-0.19322,-0.10152639164276449,0.92154,-0.3747807361644939,95.82707367394806,337.86893564397104,PHOT,ColdPlate_Still_0p7K,primary_eminus__secondary_pair_conversion__positron_annihilation__511gamma_to_TES,/home/ubuntu/TES_511_Balloon/runs/particle_source_unit_repair_20260811/m05_paper_closure_topup_batch0007_3h_v1/attempts/stage10_seven_family/S3d_O8/instant/eminus/b7_eminus_instant_S3d_O8_wave0002/attempt01/b7_eminus_instant_S3d_O8_wave0002.inc1.id1.sim.gz
eminus,11220,0.0076178609971737695,511.1930429107374,1,211549.225089512,2493.2152429,False,False,not_evaluated,244593.178,-36.99472,-44.22982,4.79964,0.55361,0.81439,0.17403,0.26840359200278974,0.81439,0.5145191782625795,74.43070666409628,32.284072574301,BREM,ColdPlate_MXC_50mK_SD_anchor,primary_eminus__secondary_pair_conversion__positron_annihilation__511gamma_to_TES,/home/ubuntu/TES_511_Balloon/runs/particle_source_unit_repair_20260811/m05_paper_closure_topup_batch0007_3h_v1/attempts/stage10_seven_family/S3d_O8/instant/eminus/b7_eminus_instant_S3d_O8_wave0002/attempt01/b7_eminus_instant_S3d_O8_wave0002.inc1.id1.sim.gz
eminus,17338,0.0076178609971737695,510.90626977182086,1,171693.538761932,1743.87291271,False,False,not_evaluated,262239.007,33.4316,52.27816,-1.65067,-0.38476,-0.91698,0.10542,-0.3466096020020219,-0.91698,-0.19752320825665018,110.28008286161531,192.156125421254,BREM,ColdPlate_MXC_50mK_SD_anchor,primary_eminus__secondary_pair_conversion__positron_annihilation__511gamma_to_TES,/home/ubuntu/TES_511_Balloon/runs/particle_source_unit_repair_20260811/m05_paper_closure_topup_batch0007_3h_v1/attempts/stage10_seven_family/S3d_O8/instant/eminus/b7_eminus_instant_S3d_O8_wave0002/attempt01/b7_eminus_instant_S3d_O8_wave0002.inc1.id1.sim.gz
eminus,21794,0.0076178609971737695,510.84280673242296,1,152109.53539673,4864.89076801,False,False,not_evaluated,193464.242,-35.62812,-40.99396,37.32185,0.32778,0.70181,-0.63247,0.6789992866343824,0.70181,-0.21544836515972915,47.2345068221793,342.93405879099146,PHOT,Cu_50mK_StillLike_Can_bottom_cap_2mm,primary_eminus__secondary_pair_conversion__positron_annihilation__511gamma_to_TES,/home/ubuntu/TES_511_Balloon/runs/particle_source_unit_repair_20260811/m05_paper_closure_topup_batch0007_3h_v1/attempts/stage10_seven_family/S3d_O8/instant/eminus/b7_eminus_instant_S3d_O8_wave0002/attempt01/b7_eminus_instant_S3d_O8_wave0002.inc1.id1.sim.gz
eminus,23864,0.0076178609971737695,511.38407806434753,2,145417.65342576,1970.3779714,False,False,not_evaluated,266474.902,-5.20543,-50.54605,-25.8534,0.11436,0.93768,0.32814,-0.1511652876820601,0.93768,0.3128947506750473,98.69446271504758,18.453355925186735,BREM,Cu_ColdFinger_Stem_YM_ZM_to_MXC,primary_eminus__secondary_pair_conversion__positron_annihilation__511gamma_to_TES,/home/ubuntu/TES_511_Balloon/runs/particle_source_unit_repair_20260811/m05_paper_closure_topup_batch0007_3h_v1/attempts/stage10_seven_family/S3d_O8/instant/eminus/b7_eminus_instant_S3d_O8_wave0002/attempt01/b7_eminus_instant_S3d_O8_wave0002.inc1.id1.sim.gz
eminus,24962,0.0076178609971737695,510.97400853850775,2,69223.136270033,2256.9397825,False,False,not_evaluated,95938.797,-55.01572,-6.74522,-19.60041,0.77706,0.52791,0.34276,0.3070964750693176,0.52791,0.7918323157083197,72.11566257921145,56.308840956099665,BREM,Cu_50mK_StillLike_Can_bottom_cap_2mm,primary_eminus__secondary_pair_conversion__positron_annihilation__511gamma_to_TES,/home/ubuntu/TES_511_Balloon/runs/particle_source_unit_repair_20260811/m05_paper_closure_topup_batch0007_3h_v1/attempts/stage10_seven_family/S3d_O8/instant/eminus/b7_eminus_instant_S3d_O8_wave0002/attempt01/b7_eminus_instant_S3d_O8_wave0002.inc1.id1.sim.gz
eminus,34401,0.0076178609971737695,511.0190631920939,1,1566376.481825309,5564.31192299,False,False,not_evaluated,1779524.083,-56.11869,7.53973,23.43442,0.97513,0.18383,-0.12385,0.777096210388392,0.18383,0.6019458606884842,39.00452930998502,73.01770007340694,BREM,BGO_S3C_FullWrap_SideShell_WindowCut_40mm,primary_eminus__secondary_pair_conversion__positron_annihilation__511gamma_to_TES,/home/ubuntu/TES_511_Balloon/runs/particle_source_unit_repair_20260811/m05_paper_closure_topup_batch0007_3h_v1/attempts/stage10_seven_family/S3d_O8/instant/eminus/b7_eminus_instant_S3d_O8_wave0002/attempt01/b7_eminus_instant_S3d_O8_wave0002.inc1.id1.sim.gz
eminus,34757,0.0076178609971737695,511.1812143429661,1,341039.138234266,3261.6202385,False,False,not_evaluated,492927.325,40.05614,32.2969,-33.62135,-0.80338,-0.34998,0.48176,-0.9087312087740798,-0.34998,-0.2274196829652174,155.3305986606975,213.0161195439214,BREM,Still_Shield_Al_side_window_side_wall_rectcut_window_band,primary_eminus__secondary_pair_conversion__positron_annihilation__511gamma_to_TES,/home/ubuntu/TES_511_Balloon/runs/particle_source_unit_repair_20260811/m05_paper_closure_topup_batch0007_3h_v1/attempts/stage10_seven_family/S3d_O8/instant/eminus/b7_eminus_instant_S3d_O8_wave0002/attempt01/b7_eminus_instant_S3d_O8_wave0002.inc1.id1.sim.gz
eminus,39609,0.0076178609971737695,510.9625729779035,1,583016.0475014474,3187.49807227638,False,False,not_evaluated,858027.215,-21.22197,-57.57849,15.33822,0.09032,0.98405,-0.15324,0.17222292762579552,0.98405,-0.044491158672257565,80.0829100132706,357.41128927258876,BREM,BGO_S3C_FullWrap_SideShell_WindowCut_40mm,primary_eminus__secondary_pair_conversion__positron_annihilation__511gamma_to_TES,/home/ubuntu/TES_511_Balloon/runs/particle_source_unit_repair_20260811/m05_paper_closure_topup_batch0007_3h_v1/attempts/stage10_seven_family/S3d_O8/instant/eminus/b7_eminus_instant_S3d_O8_wave0002/attempt01/b7_eminus_instant_S3d_O8_wave0002.inc1.id1.sim.gz
eminus,40534,0.0076178609971737695,510.9765920692893,1,922606.1372918502,7793.48470584,False,False,not_evaluated,1285662.386,-55.10039,27.49044,12.64026,0.82864,-0.30919,-0.46665,0.9159083426031233,-0.30919,0.2559655837217184,23.66494515810229,140.38005199233368,PHOT,Cu_50mK_StillLike_Can_bottom_cap_2mm,primary_eminus__secondary_pair_conversion__positron_annihilation__511gamma_to_TES,/home/ubuntu/TES_511_Balloon/runs/particle_source_unit_repair_20260811/m05_paper_closure_topup_batch0007_3h_v1/attempts/stage10_seven_family/S3d_O8/instant/eminus/b7_eminus_instant_S3d_O8_wave0002/attempt01/b7_eminus_instant_S3d_O8_wave0002.inc1.id1.sim.gz
eminus,49998,0.0076178609971737695,510.9912863988576,1,224681.6092968392,2777.08534488,False,False,not_evaluated,1299764.948,57.53275,-11.39297,35.91442,-0.84538,0.23398,-0.4802,-0.25822125435370347,0.23398,-0.9373266070052637,104.9645438099019,284.016010767381,BREM,DR_MXC_Sinter_HEX_AgProxy,primary_eminus__secondary_pair_conversion__positron_annihilation__511gamma_to_TES,/home/ubuntu/TES_511_Balloon/runs/particle_source_unit_repair_20260811/m05_paper_closure_topup_batch0007_3h_v1/attempts/stage10_seven_family/S3d_O8/instant/eminus/b7_eminus_instant_S3d_O8_wave0002/attempt01/b7_eminus_instant_S3d_O8_wave0002.inc1.id1.sim.gz
eminus,52932,0.0076178609971737695,510.62760633116443,2,353708.143453601,3728.479092,False,False,not_evaluated,420120.471,67.88525,-1.88426,8.3512,-0.95326,0.12359,-0.27572,-0.47909312852513347,0.12359,-0.8690200919426432,118.62618954764474,278.09419201200564,BREM,BGO_S3C_FullWrap_SideShell_WindowCut_40mm,primary_eminus__secondary_pair_conversion__positron_annihilation__511gamma_to_TES,/home/ubuntu/TES_511_Balloon/runs/particle_source_unit_repair_20260811/m05_paper_closure_topup_batch0007_3h_v1/attempts/stage10_seven_family/S3d_O8/instant/eminus/b7_eminus_instant_S3d_O8_wave0002/attempt01/b7_eminus_instant_S3d_O8_wave0002.inc1.id1.sim.gz
eminus,407,0.0076178609971737695,510.9521465513028,2,49480.32999507,1751.600536,False,False,not_evaluated,105211.328,-12.83192,-58.82879,-4.85368,0.14824,0.98752,-0.05326,0.14248201640908933,0.98752,0.0671610020770983,81.80850460009606,3.890681260821695,PHOT,Nb_MagShield_Inner_Cylinder_2mm,primary_eminus__secondary_pair_conversion__positron_annihilation__511gamma_to_TES,/home/ubuntu/TES_511_Balloon/runs/particle_source_unit_repair_20260811/m05_paper_closure_topup_batch0007_3h_v1/attempts/stage10_seven_family/S3d_O8/instant/eminus/b7_eminus_instant_S3d_O8_wave0003/attempt01/b7_eminus_instant_S3d_O8_wave0003.inc1.id1.sim.gz
eminus,11324,0.0076178609971737695,511.191889213634,1,47805.89099936,2948.82840601,False,False,not_evaluated,63207.765,-44.90651,33.0615,-13.67338,0.59727,-0.77709,0.19849,0.2819800422015714,-0.77709,0.5626872921970071,73.62158457681949,144.09187564700446,BREM,BGO_S3D_O8_FullWrap_BottomCap_30mm,primary_eminus__secondary_pair_conversion__positron_annihilation__511gamma_to_TES,/home/ubuntu/TES_511_Balloon/runs/particle_source_unit_repair_20260811/m05_paper_closure_topup_batch0007_3h_v1/attempts/stage10_seven_family/S3d_O8/instant/eminus/b7_eminus_instant_S3d_O8_wave0003/attempt01/b7_eminus_instant_S3d_O8_wave0003.inc1.id1.sim.gz
eminus,12114,0.0076178609971737695,511.10849290627107,1,227838.4045848092,2582.738504,False,False,not_evaluated,294327.656,62.37314,18.84539,-7.76763,-0.95081,-0.30898,-0.02228,-0.656569859535145,-0.30898,-0.6880785377048176,131.03879247441975,245.8176511686329,BREM,Nb_MagShield_Inner_Cylinder_2mm,primary_eminus__secondary_pair_conversion__positron_annihilation__511gamma_to_TES,/home/ubuntu/TES_511_Balloon/runs/particle_source_unit_repair_20260811/m05_paper_closure_topup_batch0007_3h_v1/attempts/stage10_seven_family/S3d_O8/instant/eminus/b7_eminus_instant_S3d_O8_wave0003/attempt01/b7_eminus_instant_S3d_O8_wave0003.inc1.id1.sim.gz
eminus,16682,0.0076178609971737695,511.1042588660475,1,180394.12251792,5490.1391363,False,False,not_evaluated,208646.67,-56.98309,9.36175,20.71416,0.85936,-0.47143,-0.19812,0.7477512789691503,-0.47143,0.46756728799179276,41.60403960037622,135.23569380870362,BREM,BGO_S3C_FullWrap_SideShell_WindowCut_40mm,primary_eminus__secondary_pair_conversion__positron_annihilation__511gamma_to_TES,/home/ubuntu/TES_511_Balloon/runs/particle_source_unit_repair_20260811/m05_paper_closure_topup_batch0007_3h_v1/attempts/stage10_seven_family/S3d_O8/instant/eminus/b7_eminus_instant_S3d_O8_wave0003/attempt01/b7_eminus_instant_S3d_O8_wave0003.inc1.id1.sim.gz
eminus,26190,0.0076178609971737695,510.9711691938643,1,71572.2480337,1805.40230566,False,False,not_evaluated,98453.011,-30.32128,-49.69877,-5.98945,0.34084,0.93474,0.10045,0.16998139912943416,0.93474,0.31203915146981154,80.2132624350564,18.46027480357899,PHOT,ColdPlate_MXC_50mK_SD_anchor,primary_eminus__secondary_pair_conversion__positron_annihilation__511gamma_to_TES,/home/ubuntu/TES_511_Balloon/runs/particle_source_unit_repair_20260811/m05_paper_closure_topup_batch0007_3h_v1/attempts/stage10_seven_family/S3d_O8/instant/eminus/b7_eminus_instant_S3d_O8_wave0003/attempt01/b7_eminus_instant_S3d_O8_wave0003.inc1.id1.sim.gz
eminus,26522,0.0076178609971737695,510.7617142848221,2,281588.8097321759,2673.1950261,False,False,not_evaluated,540217.703,-40.15371,-25.73433,44.51239,0.47317,0.52354,-0.70853,0.8355880833281433,0.52354,-0.16642465202006584,33.32287680760381,342.3654056578403,PHOT,Cu_50mK_StillLike_Can_side_wall_below_side_port,primary_eminus__secondary_pair_conversion__positron_annihilation__511gamma_to_TES,/home/ubuntu/TES_511_Balloon/runs/particle_source_unit_repair_20260811/m05_paper_closure_topup_batch0007_3h_v1/attempts/stage10_seven_family/S3d_O8/instant/eminus/b7_eminus_instant_S3d_O8_wave0003/attempt01/b7_eminus_instant_S3d_O8_wave0003.inc1.id1.sim.gz
eminus,35051,0.0076178609971737695,511.0649088193697,2,907141.0990270826,5267.02175062,False,False,not_evaluated,1085630.269,50.55529,39.22327,28.14823,-0.62895,-0.51482,-0.58257,-0.03279561251143206,-0.51482,-0.8566740075431262,91.87938718267722,238.99615121186554,BREM,Shield_4K_Al_side_window_bottom_cap,primary_eminus__secondary_pair_conversion__positron_annihilation__511gamma_to_TES,/home/ubuntu/TES_511_Balloon/runs/particle_source_unit_repair_20260811/m05_paper_closure_topup_batch0007_3h_v1/attempts/stage10_seven_family/S3d_O8/instant/eminus/b7_eminus_instant_S3d_O8_wave0003/attempt01/b7_eminus_instant_S3d_O8_wave0003.inc1.id1.sim.gz
eminus,42843,0.0076178609971737695,511.05680800932356,1,309960.1044796849,6893.8300631,False,False,not_evaluated,440146.264,-61.04665,1.92979,1.17979,0.93981,-0.15692,-0.30355,0.8791882874561058,-0.15692,0.4499037605977528,28.455398476884938,109.22804145776166,BREM,Passive_W_Bottom_Plate_detector_bay,primary_eminus__secondary_pair_conversion__positron_annihilation__511gamma_to_TES,/home/ubuntu/TES_511_Balloon/runs/particle_source_unit_repair_20260811/m05_paper_closure_topup_batch0007_3h_v1/attempts/stage10_seven_family/S3d_O8/instant/eminus/b7_eminus_instant_S3d_O8_wave0003/attempt01/b7_eminus_instant_S3d_O8_wave0003.inc1.id1.sim.gz
eminus,49288,0.0076178609971737695,510.9343744157272,2,115471.319175961,3157.6736852999998,False,False,not_evaluated,166035.376,-56.46004,-13.81877,28.30572,0.73044,0.57212,-0.37301,0.7802569777002959,0.57212,0.2527411767995077,38.7158899376657,23.834045180053824,BREM,ColdPlate_MXC_50mK_SD_anchor,primary_eminus__secondary_pair_conversion__positron_annihilation__511gamma_to_TES,/home/ubuntu/TES_511_Balloon/runs/particle_source_unit_repair_20260811/m05_paper_closure_topup_batch0007_3h_v1/attempts/stage10_seven_family/S3d_O8/instant/eminus/b7_eminus_instant_S3d_O8_wave0003/attempt01/b7_eminus_instant_S3d_O8_wave0003.inc1.id1.sim.gz
eminus,2286,0.0076178609971737695,510.8800243251401,1,74362.13688177,3404.8001269,False,False,not_evaluated,92381.383,-55.67107,-2.00716,2.03546,0.98276,-0.15624,0.09889,0.6249904706873538,-0.15624,0.7648420498704291,51.318511969284835,101.5453923263038,BREM,ColdPlate_MXC_50mK_SD_anchor,primary_eminus__secondary_pair_conversion__positron_annihilation__511gamma_to_TES,/home/ubuntu/TES_511_Balloon/runs/particle_source_unit_repair_20260811/m05_paper_closure_topup_batch0007_3h_v1/attempts/stage10_seven_family/S3d_O8/instant/eminus/b7_eminus_instant_S3d_O8_wave0004/attempt01/b7_eminus_instant_S3d_O8_wave0004.inc1.id1.sim.gz
eminus,5447,0.0076178609971737695,511.30481566555324,2,133379.966110789,1563.519592,False,False,not_evaluated,166720.014,-47.16615,-15.80973,-21.80609,0.7941,-0.00927,0.60772,0.13179056187754873,-0.00927,0.9912364280029262,82.42692569201309,90.53581202000927,BREM,BGO_S3C_FullWrap_SideShell_WindowCut_40mm,primary_eminus__secondary_pair_conversion__positron_annihilation__511gamma_to_TES,/home/ubuntu/TES_511_Balloon/runs/particle_source_unit_repair_20260811/m05_paper_closure_topup_batch0007_3h_v1/attempts/stage10_seven_family/S3d_O8/instant/eminus/b7_eminus_instant_S3d_O8_wave0004/attempt01/b7_eminus_instant_S3d_O8_wave0004.inc1.id1.sim.gz
eminus,11628,0.0076178609971737695,511.2192795143477,2,239913.60943554842,3831.667629,False,False,not_evaluated,315357.443,-49.7417,23.95787,1.0255,0.88551,-0.40571,0.22642,0.4660470084122416,-0.40571,0.7862532432047579,62.221996298645806,117.29392548065286,BREM,BGO_S3C_FullWrap_SideShell_WindowCut_40mm,primary_eminus__secondary_pair_conversion__positron_annihilation__511gamma_to_TES,/home/ubuntu/TES_511_Balloon/runs/particle_source_unit_repair_20260811/m05_paper_closure_topup_batch0007_3h_v1/attempts/stage10_seven_family/S3d_O8/instant/eminus/b7_eminus_instant_S3d_O8_wave0004/attempt01/b7_eminus_instant_S3d_O8_wave0004.inc1.id1.sim.gz
eminus,19897,0.0076178609971737695,510.9719414058963,1,962927.95031266,6286.45285759,False,False,not_evaluated,1055070.534,-34.17067,43.95244,33.401,0.40897,-0.89087,-0.19771,0.4289875420102547,-0.89087,0.14938337859347003,64.59667583743813,170.48105286032583,BREM,BGO_S3C_FullWrap_SideShell_WindowCut_40mm,primary_eminus__secondary_pair_conversion__positron_annihilation__511gamma_to_TES,/home/ubuntu/TES_511_Balloon/runs/particle_source_unit_repair_20260811/m05_paper_closure_topup_batch0007_3h_v1/attempts/stage10_seven_family/S3d_O8/instant/eminus/b7_eminus_instant_S3d_O8_wave0004/attempt01/b7_eminus_instant_S3d_O8_wave0004.inc1.id1.sim.gz
eminus,23773,0.0076178609971737695,510.90447319712257,2,192854.0881338182,1978.540294,False,False,not_evaluated,292249.522,-39.63367,40.76884,6.59519,0.71435,-0.69464,-0.08473,0.5650348867105465,-0.69464,0.4452085715706741,55.59528606024027,147.34338314361747,BREM,BGO_S3C_FullWrap_SideShell_WindowCut_40mm,primary_eminus__secondary_pair_conversion__positron_annihilation__511gamma_to_TES,/home/ubuntu/TES_511_Balloon/runs/particle_source_unit_repair_20260811/m05_paper_closure_topup_batch0007_3h_v1/attempts/stage10_seven_family/S3d_O8/instant/eminus/b7_eminus_instant_S3d_O8_wave0004/attempt01/b7_eminus_instant_S3d_O8_wave0004.inc1.id1.sim.gz
eminus,32081,0.0076178609971737695,511.295015754883,2,92912.40557913,1931.6852257,False,False,not_evaluated,134841.775,-6.66909,60.99349,7.5053,-0.07263,-0.99676,0.0345,-0.07575234946851485,-0.99676,-0.02696198156664306,94.34445173537331,181.54945136945693,BREM,BGO_S3C_FullWrap_SideShell_WindowCut_40mm,primary_eminus__secondary_pair_conversion__positron_annihilation__511gamma_to_TES,/home/ubuntu/TES_511_Balloon/runs/particle_source_unit_repair_20260811/m05_paper_closure_topup_batch0007_3h_v1/attempts/stage10_seven_family/S3d_O8/instant/eminus/b7_eminus_instant_S3d_O8_wave0004/attempt01/b7_eminus_instant_S3d_O8_wave0004.inc1.id1.sim.gz
eminus,33335,0.0076178609971737695,511.0581114595087,1,443676.195652314,6172.243216522,False,False,not_evaluated,517822.682,-59.01156,-2.30636,1.58619,0.95445,0.2091,-0.21285,0.825405745679057,0.2091,0.5243903889279437,34.37035070529702,68.26042119024457,PHOT,Passive_W_Bottom_Plate_detector_bay,primary_eminus__secondary_pair_conversion__positron_annihilation__511gamma_to_TES,/home/ubuntu/TES_511_Balloon/runs/particle_source_unit_repair_20260811/m05_paper_closure_topup_batch0007_3h_v1/attempts/stage10_seven_family/S3d_O8/instant/eminus/b7_eminus_instant_S3d_O8_wave0004/attempt01/b7_eminus_instant_S3d_O8_wave0004.inc1.id1.sim.gz
eminus,33792,0.0076178609971737695,511.32905338919016,1,577810.131159741,4871.46259286,False,False,not_evaluated,795105.075,31.35622,51.68455,-20.65974,-0.72585,-0.62104,0.29573,-0.7223661455245532,-0.62104,-0.30414076872395784,136.2501809127433,206.09229238188792,PHOT,MuMetal_MagShield_Outer_Cylinder_2mm,primary_eminus__secondary_pair_conversion__positron_annihilation__511gamma_to_TES,/home/ubuntu/TES_511_Balloon/runs/particle_source_unit_repair_20260811/m05_paper_closure_topup_batch0007_3h_v1/attempts/stage10_seven_family/S3d_O8/instant/eminus/b7_eminus_instant_S3d_O8_wave0004/attempt01/b7_eminus_instant_S3d_O8_wave0004.inc1.id1.sim.gz
eminus,34111,0.0076178609971737695,510.9688230288492,1,360924.2444295609,3664.474694,False,False,not_evaluated,417528.101,67.32152,9.99561,2.79034,-0.98973,0.11955,-0.07836,-0.6444359071699839,0.11955,-0.7552536819175396,130.1233948933035,278.9947875230622,BREM,ColdPlate_MXC_50mK_SD_anchor,primary_eminus__secondary_pair_conversion__positron_annihilation__511gamma_to_TES,/home/ubuntu/TES_511_Balloon/runs/particle_source_unit_repair_20260811/m05_paper_closure_topup_batch0007_3h_v1/attempts/stage10_seven_family/S3d_O8/instant/eminus/b7_eminus_instant_S3d_O8_wave0004/attempt01/b7_eminus_instant_S3d_O8_wave0004.inc1.id1.sim.gz
eminus,44528,0.0076178609971737695,511.3815117376206,2,271606.29109943,2011.5567439,False,False,not_evaluated,343820.289,-53.00756,17.73659,4.72294,0.95321,-0.28773,-0.09275,0.7396054088498814,-0.28773,0.6084371009397768,42.302186699170974,115.30947430094135,BREM,Cu_50mK_StillLike_Can_bottom_cap_2mm,primary_eminus__secondary_pair_conversion__positron_annihilation__511gamma_to_TES,/home/ubuntu/TES_511_Balloon/runs/particle_source_unit_repair_20260811/m05_paper_closure_topup_batch0007_3h_v1/attempts/stage10_seven_family/S3d_O8/instant/eminus/b7_eminus_instant_S3d_O8_wave0004/attempt01/b7_eminus_instant_S3d_O8_wave0004.inc1.id1.sim.gz
eminus,44598,0.0076178609971737695,510.9994876416751,1,8832.202685,1671.668181817,False,False,not_evaluated,32913.814,17.86002,-51.96277,-20.95123,-0.35986,0.86715,0.34432,-0.4979304531759431,0.86715,-0.010988439379638948,119.86317407844409,359.27399238444553,BREM,Nb_MagShield_Inner_Cylinder_2mm,primary_eminus__secondary_pair_conversion__positron_annihilation__511gamma_to_TES,/home/ubuntu/TES_511_Balloon/runs/particle_source_unit_repair_20260811/m05_paper_closure_topup_batch0007_3h_v1/attempts/stage10_seven_family/S3d_O8/instant/eminus/b7_eminus_instant_S3d_O8_wave0004/attempt01/b7_eminus_instant_S3d_O8_wave0004.inc1.id1.sim.gz
eminus,48486,0.0076178609971737695,511.1408237683965,2,292471.3039732931,3599.7017921,False,False,not_evaluated,453545.645,53.6724,38.24345,16.50467,-0.84765,-0.42877,-0.31247,-0.3784294071554165,-0.42877,-0.8203287189901376,112.23643040392247,242.40479933765303,BREM,Shield_60K_Al_side_window_side_wall_above_side_port,primary_eminus__secondary_pair_conversion__positron_annihilation__511gamma_to_TES,/home/ubuntu/TES_511_Balloon/runs/particle_source_unit_repair_20260811/m05_paper_closure_topup_batch0007_3h_v1/attempts/stage10_seven_family/S3d_O8/instant/eminus/b7_eminus_instant_S3d_O8_wave0004/attempt01/b7_eminus_instant_S3d_O8_wave0004.inc1.id1.sim.gz
eminus,52389,0.0076178609971737695,511.06650974354693,1,315911.5332502335,10540.232901737,False,False,not_evaluated,737342.267,-41.25401,18.85789,-25.95387,0.84697,-0.17159,0.5032,0.24308209816849946,-0.17159,0.9547143627546408,75.93148002560395,100.18894141928033,BREM,Nb_MagShield_Inner_Back_ColdFingerCap_2mm,primary_eminus__secondary_pair_conversion__positron_annihilation__511gamma_to_TES,/home/ubuntu/TES_511_Balloon/runs/particle_source_unit_repair_20260811/m05_paper_closure_topup_batch0007_3h_v1/attempts/stage10_seven_family/S3d_O8/instant/eminus/b7_eminus_instant_S3d_O8_wave0004/attempt01/b7_eminus_instant_S3d_O8_wave0004.inc1.id1.sim.gz
eminus,53311,0.0076178609971737695,510.982129878415,2,632.0022299999999,7289.723788104,False,False,not_evaluated,90420.178,-43.90196,-31.3204,41.10411,0.88744,0.45507,-0.07318,0.6792609161434213,0.45507,0.5757687676489582,47.214084613729774,51.67823584824732,PHOT,Cu_50mK_StillLike_Can_bottom_cap_2mm,primary_eminus__secondary_pair_conversion__positron_annihilation__511gamma_to_TES,/home/ubuntu/TES_511_Balloon/runs/particle_source_unit_repair_20260811/m05_paper_closure_topup_batch0007_3h_v1/attempts/stage10_seven_family/S3d_O8/instant/eminus/b7_eminus_instant_S3d_O8_wave0004/attempt01/b7_eminus_instant_S3d_O8_wave0004.inc1.id1.sim.gz
eminus,1839,0.0076178609971737695,511.147996612584,1,192840.75746834,3754.5111747,False,False,not_evaluated,240143.666,26.68638,-46.98428,45.28593,-0.5098,0.50235,-0.69839,0.13335326786397095,0.50235,-0.854319341961775,82.33659188322457,300.45603783753637,BREM,Cu_50mK_StillLike_Can_side_wall_above_side_port,primary_eminus__secondary_pair_conversion__positron_annihilation__511gamma_to_TES,/home/ubuntu/TES_511_Balloon/runs/particle_source_unit_repair_20260811/s3d_o8/instant_seven_family_batch0001_v1/Background_eminus_fullsphere20_rep01_part01.inc1.id1.sim.gz
eminus,2237,0.0076178609971737695,511.3380988051149,3,295825.6255011476,2850.2214871,False,False,not_evaluated,384705.519,-4.46533,58.90597,36.58958,0.52527,-0.72721,-0.44187,0.6838712523567576,-0.72721,0.05897270555095809,46.85309792336198,175.3637747669993,BREM,BGO_S3C_FullWrap_SideShell_WindowCut_40mm,primary_eminus__secondary_pair_conversion__positron_annihilation__511gamma_to_TES,/home/ubuntu/TES_511_Balloon/runs/particle_source_unit_repair_20260811/s3d_o8/instant_seven_family_batch0001_v1/Background_eminus_fullsphere20_rep01_part01.inc1.id1.sim.gz
eplus,70,0.02195989570094833,511.00891174759806,2,335210.3918923508,3178.191858,False,False,not_evaluated,419472.997,-48.94103,-1.54715,-32.0283,0.94017,-0.24611,0.23562,0.4981920826849821,-0.24611,0.8314090822513307,60.1195389379753,106.48957181703962,PHOT,BGO_S3C_FullWrap_SideShell_WindowCut_40mm,primary_eplus__secondary_pair_conversion__positron_annihilation__511gamma_to_TES,/home/ubuntu/TES_511_Balloon/runs/particle_source_unit_repair_20260811/m05_16h_90gb_campaign_batch0006_v1/continuation0001_recovery0003_attempt04/attempts/continuation_non_gamma_wave0001/S3d_O8/instant/eplus/c1_ng_eplus_instant_S3d_O8_wave0001/attempt04/c1_ng_eplus_instant_S3d_O8_wave0001.inc1.id1.sim.gz
eplus,1139,0.02195989570094833,511.2151825341777,1,138070.08426059,3011.626577,False,False,not_evaluated,193037.73,-4.6786,-58.0051,33.35869,-0.18089,0.88093,-0.4373,0.1813092497640427,0.88093,-0.43712634106171183,79.55397081164635,333.6089294201541,PHOT,BGO_S3C_FullWrap_SideShell_WindowCut_40mm,primary_eplus__secondary_pair_conversion__positron_annihilation__511gamma_to_TES,/home/ubuntu/TES_511_Balloon/runs/particle_source_unit_repair_20260811/m05_16h_90gb_campaign_batch0006_v1/continuation0001_recovery0003_attempt04/attempts/continuation_non_gamma_wave0001/S3d_O8/instant/eplus/c1_ng_eplus_instant_S3d_O8_wave0001/attempt04/c1_ng_eplus_instant_S3d_O8_wave0001.inc1.id1.sim.gz
eplus,1319,0.02195989570094833,510.9021957575767,1,231475.1377057856,1820.0232988999999,False,False,not_evaluated,270841.808,-42.5609,12.58778,-29.15942,0.59183,-0.10949,0.79859,-0.14620139807813062,-0.10949,0.9831754106973994,98.40685567904877,96.35448417184115,PHOT,BGO_S3D_O8_FullWrap_BottomCap_30mm,primary_eplus__secondary_pair_conversion__positron_annihilation__511gamma_to_TES,/home/ubuntu/TES_511_Balloon/runs/particle_source_unit_repair_20260811/m05_16h_90gb_campaign_batch0006_v1/continuation0001_recovery0003_attempt04/attempts/continuation_non_gamma_wave0001/S3d_O8/instant/eplus/c1_ng_eplus_instant_S3d_O8_wave0001/attempt04/c1_ng_eplus_instant_S3d_O8_wave0001.inc1.id1.sim.gz
eplus,512,0.02195989570094833,511.0074233114575,1,231831.94239170736,2150.318573,False,False,not_evaluated,330724.122,-19.67918,33.92989,-35.74077,0.50801,-0.64278,0.57338,-0.04622357028616464,-0.64278,0.7646582021073206,92.6493595082576,130.0507740495598,BREM,Vacuum_Jacket_Al_266mmClass_side_port_side_wall_below_side_port,primary_eplus__secondary_pair_conversion__positron_annihilation__511gamma_to_TES,/home/ubuntu/TES_511_Balloon/runs/particle_source_unit_repair_20260811/m05_16h_90gb_campaign_batch0006_v1/recovery0007_efficiency_scheduler/attempts/stage10_seven_family/S3d_O8/instant/eplus/r6_s10_eplus_instant_S3d_O8_bundle0001/attempt01/r6_s10_eplus_instant_S3d_O8_bundle0001.inc1.id1.sim.gz
eplus,891,0.02195989570094833,510.8823894304497,1,691.8877,5229.145449678,False,False,not_evaluated,28136.577,-57.72319,-13.60425,17.84767,0.85004,0.52426,0.05081,0.5651409527277245,0.52426,0.6369971438319014,55.587920109855666,50.545010927611315,BREM,,primary_or_secondary_eplus_annihilation__511gamma_to_TES,/home/ubuntu/TES_511_Balloon/runs/particle_source_unit_repair_20260811/m05_16h_90gb_campaign_batch0006_v1/recovery0007_efficiency_scheduler/attempts/stage10_seven_family/S3d_O8/instant/eplus/r6_s10_eplus_instant_S3d_O8_bundle0001/attempt01/r6_s10_eplus_instant_S3d_O8_bundle0001.inc1.id1.sim.gz
eplus,5844,0.02195989570094833,510.83514142654064,1,198841.88900056,6769.77625248,False,False,not_evaluated,459098.287,-53.27513,-3.47911,-6.90757,0.97442,0.147,0.16999,0.5688179079898944,0.147,0.8092200714576968,55.332164045680365,79.70412692268533,BREM,ColdPlate_MXC_50mK_SD_anchor,primary_eplus__secondary_pair_conversion__positron_annihilation__511gamma_to_TES,/home/ubuntu/TES_511_Balloon/runs/particle_source_unit_repair_20260811/m05_16h_90gb_campaign_batch0006_v1/recovery0007_efficiency_scheduler/attempts/stage10_seven_family/S3d_O8/instant/eplus/r6_s10_eplus_instant_S3d_O8_bundle0001/attempt01/r6_s10_eplus_instant_S3d_O8_bundle0001.inc1.id1.sim.gz
eplus,7008,0.02195989570094833,511.4080888183885,2,157125.1622651566,2707.063597998,False,False,not_evaluated,189816.847,-10.74249,-58.21193,32.93436,-0.12935,0.87031,-0.47522,0.24456702240899122,0.87031,-0.427495546701951,75.84375244910908,333.8397676947158,BREM,BGO_S3C_FullWrap_SideShell_WindowCut_40mm,primary_eplus__secondary_pair_conversion__positron_annihilation__511gamma_to_TES,/home/ubuntu/TES_511_Balloon/runs/particle_source_unit_repair_20260811/m05_16h_90gb_campaign_batch0006_v1/recovery0007_efficiency_scheduler/attempts/stage10_seven_family/S3d_O8/instant/eplus/r6_s10_eplus_instant_S3d_O8_bundle0001/attempt01/r6_s10_eplus_instant_S3d_O8_bundle0001.inc1.id1.sim.gz
eplus,7239,0.02195989570094833,510.8963218846976,2,2161127.345949692,14466.25551367,False,False,not_evaluated,3364111.174,28.29797,56.24367,26.22582,-0.6046,-0.69985,-0.38036,-0.15856162461327147,-0.69985,-0.696471895197502,99.1234176297834,224.86138527871853,PHOT,BGO_S3C_FullWrap_SideShell_WindowCut_40mm,primary_eplus__IA_pair_and_annihilation_present__TES_ancestry_unresolved,/home/ubuntu/TES_511_Balloon/runs/particle_source_unit_repair_20260811/m05_16h_90gb_campaign_batch0006_v1/recovery0007_efficiency_scheduler/attempts/stage10_seven_family/S3d_O8/instant/eplus/r6_s10_eplus_instant_S3d_O8_bundle0001/attempt01/r6_s10_eplus_instant_S3d_O8_bundle0001.inc1.id1.sim.gz
eplus,8120,0.02195989570094833,510.6622246847458,2,745282.9050969844,3688.67070088,False,False,not_evaluated,1127899.068,8.21173,65.6316,1.53769,-0.3042,-0.92513,-0.22714,-0.05448964855823537,-0.92513,-0.3757141171156602,93.12357390375344,202.10307184095646,BREM,BGO_S3D_O8_FullWrap_BottomCap_30mm,primary_eplus__secondary_pair_conversion__positron_annihilation__511gamma_to_TES,/home/ubuntu/TES_511_Balloon/runs/particle_source_unit_repair_20260811/m05_16h_90gb_campaign_batch0006_v1/recovery0007_efficiency_scheduler/attempts/stage10_seven_family/S3d_O8/instant/eplus/r6_s10_eplus_instant_S3d_O8_bundle0001/attempt01/r6_s10_eplus_instant_S3d_O8_bundle0001.inc1.id1.sim.gz
eplus,8338,0.02195989570094833,510.8237694615933,2,143377.489638859,1581.837118,False,False,not_evaluated,188794.767,-21.78104,2.45954,66.41854,0.69258,-0.02027,-0.72106,0.9995944301565511,-0.02027,-0.02013840112819292,1.6318684160314996,224.8134043150513,BREM,BGO_S3C_FullWrap_SideShell_WindowCut_40mm,primary_eplus__secondary_pair_conversion__positron_annihilation__511gamma_to_TES,/home/ubuntu/TES_511_Balloon/runs/particle_source_unit_repair_20260811/m05_16h_90gb_campaign_batch0006_v1/recovery0007_efficiency_scheduler/attempts/stage10_seven_family/S3d_O8/instant/eplus/r6_s10_eplus_instant_S3d_O8_bundle0001/attempt01/r6_s10_eplus_instant_S3d_O8_bundle0001.inc1.id1.sim.gz
eplus,10321,0.02195989570094833,511.192814838118,1,2111197.939378447,7920.378625,False,False,not_evaluated,2344029.854,-36.20187,47.31756,-6.25429,0.83795,-0.54532,-0.02153,0.607744136294214,-0.54532,0.5772961182963211,52.57343253701109,133.3684526114682,BREM,BGO_S3C_FullWrap_SideShell_WindowCut_40mm,primary_eplus__secondary_pair_conversion__positron_annihilation__511gamma_to_TES,/home/ubuntu/TES_511_Balloon/runs/particle_source_unit_repair_20260811/m05_16h_90gb_campaign_batch0006_v1/recovery0007_efficiency_scheduler/attempts/stage10_seven_family/S3d_O8/instant/eplus/r6_s10_eplus_instant_S3d_O8_bundle0001/attempt01/r6_s10_eplus_instant_S3d_O8_bundle0001.inc1.id1.sim.gz
eplus,10471,0.02195989570094833,511.00638954835847,1,267891.624987292,2550.7237471,False,False,not_evaluated,318263.251,63.30613,-9.7203,-22.74684,-0.95504,0.29283,0.04626,-0.7080260200020901,0.29283,-0.6426045006067107,135.07453301238394,294.4983947351393,PHOT,BGO_S3C_FullWrap_SideShell_WindowCut_40mm,primary_eplus__secondary_pair_conversion__positron_annihilation__511gamma_to_TES,/home/ubuntu/TES_511_Balloon/runs/particle_source_unit_repair_20260811/m05_16h_90gb_campaign_batch0006_v1/recovery0007_efficiency_scheduler/attempts/stage10_seven_family/S3d_O8/instant/eplus/r6_s10_eplus_instant_S3d_O8_bundle0001/attempt01/r6_s10_eplus_instant_S3d_O8_bundle0001.inc1.id1.sim.gz
eplus,11721,0.02195989570094833,510.632694871136,2,1668388.890300863,23796.06028589487,False,False,not_evaluated,3385339.171,-28.73265,-40.252,44.36328,0.72525,0.62021,-0.29892,0.7241975520878264,0.62021,0.3014608340232608,43.59786549751247,25.92264942564078,PHOT,Vacuum_Jacket_Al_266mmClass_side_port_side_wall_above_side_port,primary_eplus__secondary_pair_conversion__positron_annihilation__511gamma_to_TES,/home/ubuntu/TES_511_Balloon/runs/particle_source_unit_repair_20260811/m05_16h_90gb_campaign_batch0006_v1/recovery0007_efficiency_scheduler/attempts/stage10_seven_family/S3d_O8/instant/eplus/r6_s10_eplus_instant_S3d_O8_bundle0001/attempt01/r6_s10_eplus_instant_S3d_O8_bundle0001.inc1.id1.sim.gz
eplus,3396,0.02195989570094833,511.05329131346946,1,50334.8630993,1840.9159686,False,False,not_evaluated,64135.539,-14.54939,-57.60921,-19.13293,0.24183,0.97007,-0.02178,0.1864004185885858,0.97007,0.15559884720009978,79.25720919029284,9.112599845926681,PHOT,BGO_S3D_O8_FullWrap_BottomCap_30mm,primary_eplus__secondary_pair_conversion__positron_annihilation__511gamma_to_TES,/home/ubuntu/TES_511_Balloon/runs/particle_source_unit_repair_20260811/m05_16h_90gb_campaign_batch0006_v1/recovery0007_efficiency_scheduler/attempts/stage10_seven_family/S3d_O8/instant/eplus/r6_s10_eplus_instant_S3d_O8_bundle0002/attempt01/r6_s10_eplus_instant_S3d_O8_bundle0002.inc1.id1.sim.gz
eplus,3569,0.02195989570094833,511.0265256910342,1,187392.14599962,2526.2217211,False,False,not_evaluated,406516.649,60.98489,24.20307,3.10909,-0.87981,-0.46633,-0.09208,-0.5570092247440791,-0.46633,-0.6872300095673937,123.8492169995709,235.8405708688233,BREM,ColdPlate_CP_100mK_intercept,primary_eplus__secondary_pair_conversion__positron_annihilation__511gamma_to_TES,/home/ubuntu/TES_511_Balloon/runs/particle_source_unit_repair_20260811/m05_16h_90gb_campaign_batch0006_v1/recovery0007_efficiency_scheduler/attempts/stage10_seven_family/S3d_O8/instant/eplus/r6_s10_eplus_instant_S3d_O8_bundle0002/attempt01/r6_s10_eplus_instant_S3d_O8_bundle0002.inc1.id1.sim.gz
eplus,4315,0.02195989570094833,511.0452493174158,1,780432.8078452278,5431.6126219,False,False,not_evaluated,1114435.696,-21.32976,-58.43497,9.83755,0.17094,0.9458,-0.27611,0.3161120865294461,0.9458,-0.07436642017738922,71.57203750406485,355.50419363893843,BREM,Passive_W_Bottom_Plate_detector_bay,primary_eplus__secondary_pair_conversion__positron_annihilation__511gamma_to_TES,/home/ubuntu/TES_511_Balloon/runs/particle_source_unit_repair_20260811/m05_16h_90gb_campaign_batch0006_v1/recovery0007_efficiency_scheduler/attempts/stage10_seven_family/S3d_O8/instant/eplus/r6_s10_eplus_instant_S3d_O8_bundle0002/attempt01/r6_s10_eplus_instant_S3d_O8_bundle0002.inc1.id1.sim.gz
eplus,5900,0.02195989570094833,510.9521941136426,2,340692.36215888243,2576.7647562,False,False,not_evaluated,732470.919,16.76801,58.27444,-14.08896,-0.39844,-0.91253,0.09244,-0.3471045767488525,-0.91253,-0.21637467504308358,110.31032000885811,193.33934296174934,BREM,Vacuum_Jacket_Al_266mmClass_side_port_bottom_cap,primary_eplus__secondary_pair_conversion__positron_annihilation__511gamma_to_TES,/home/ubuntu/TES_511_Balloon/runs/particle_source_unit_repair_20260811/m05_16h_90gb_campaign_batch0006_v1/recovery0007_efficiency_scheduler/attempts/stage10_seven_family/S3d_O8/instant/eplus/r6_s10_eplus_instant_S3d_O8_bundle0002/attempt01/r6_s10_eplus_instant_S3d_O8_bundle0002.inc1.id1.sim.gz
eplus,6086,0.02195989570094833,511.314786322847,2,120011.51642034,1960.702151,False,False,not_evaluated,143204.495,-12.84552,-53.96727,31.59363,0.1028,0.92948,-0.35425,0.32318315434131156,0.92948,-0.1778020001293574,71.14446177703671,349.17060819365275,BREM,Vacuum_Jacket_Al_266mmClass_side_port_side_wall_above_side_port,primary_eplus__secondary_pair_conversion__positron_annihilation__511gamma_to_TES,/home/ubuntu/TES_511_Balloon/runs/particle_source_unit_repair_20260811/m05_16h_90gb_campaign_batch0006_v1/recovery0007_efficiency_scheduler/attempts/stage10_seven_family/S3d_O8/instant/eplus/r6_s10_eplus_instant_S3d_O8_bundle0002/attempt01/r6_s10_eplus_instant_S3d_O8_bundle0002.inc1.id1.sim.gz
eplus,7805,0.02195989570094833,510.9727951772984,1,926709.3001839553,3255.4293122,False,False,not_evaluated,1362903.005,56.80296,-34.99338,-4.78763,-0.79282,0.59424,-0.13529,-0.46494392183359057,0.59424,-0.6562728746870466,117.70659282745905,312.1601165178664,BREM,BGO_S3C_FullWrap_SideShell_WindowCut_40mm,primary_eplus__secondary_pair_conversion__positron_annihilation__511gamma_to_TES,/home/ubuntu/TES_511_Balloon/runs/particle_source_unit_repair_20260811/m05_16h_90gb_campaign_batch0006_v1/recovery0007_efficiency_scheduler/attempts/stage10_seven_family/S3d_O8/instant/eplus/r6_s10_eplus_instant_S3d_O8_bundle0002/attempt01/r6_s10_eplus_instant_S3d_O8_bundle0002.inc1.id1.sim.gz
eplus,1094,0.02195989570094833,510.8903282740206,1,478087.67111596494,4091.8060836,False,False,not_evaluated,691034.554,48.54376,35.64656,31.76367,-0.79626,-0.45853,-0.39461,-0.2840094386635768,-0.45853,-0.8420722525116238,106.49964707560302,241.43057130233052,BREM,ColdPlate_CP_100mK_intercept,primary_eplus__secondary_pair_conversion__positron_annihilation__511gamma_to_TES,/home/ubuntu/TES_511_Balloon/runs/particle_source_unit_repair_20260811/m05_16h_90gb_campaign_batch0006_v1/stage10_seven_family/S3d_O8/instant/eplus/shard0001/attempt02/s10_eplus_instant_S3d_O8_shard0001.inc1.id1.sim.gz
eplus,1437,0.02195989570094833,510.87774852584124,1,69825.27611969999,1876.558694,False,False,not_evaluated,102003.433,-16.48354,4.30304,-47.5356,0.48082,-0.02945,0.87633,-0.27966780302709143,-0.02945,0.9596499680873231,106.24037916197179,91.75775684876986,BREM,ColdPlate_MXC_50mK_SD_anchor,primary_eplus__secondary_pair_conversion__positron_annihilation__511gamma_to_TES,/home/ubuntu/TES_511_Balloon/runs/particle_source_unit_repair_20260811/m05_16h_90gb_campaign_batch0006_v1/stage10_seven_family/S3d_O8/instant/eplus/shard0001/attempt02/s10_eplus_instant_S3d_O8_shard0001.inc1.id1.sim.gz
eplus,706,0.02195989570094833,511.15647883458126,2,435666.5359425069,4704.8580782,False,False,not_evaluated,686183.41,-55.60933,-2.98792,-8.79481,0.99743,0.06197,-0.0359,0.7306746502034953,0.06197,0.679904383314301,43.057017787673146,84.79215596434894,BREM,Passive_W_Bottom_Plate_detector_bay,primary_eplus__secondary_pair_conversion__positron_annihilation__511gamma_to_TES,/home/ubuntu/TES_511_Balloon/runs/particle_source_unit_repair_20260811/m05_16h_90gb_campaign_batch0006_v1/stage10_seven_family/S3d_O8/instant/eplus/shard0002/attempt01/s10_eplus_instant_S3d_O8_shard0002.inc1.id1.sim.gz
eplus,1461,0.02195989570094833,510.8787994102145,1,60558.8097942,3109.21823874,False,False,not_evaluated,91493.286,-20.64624,-40.09144,-28.57094,0.54917,0.60461,0.57694,-0.0196363553135504,0.60461,0.7962800173619832,91.12515259965294,52.790844660931114,BREM,ColdPlate_MXC_50mK_SD_anchor,primary_eplus__secondary_pair_conversion__positron_annihilation__511gamma_to_TES,/home/ubuntu/TES_511_Balloon/runs/particle_source_unit_repair_20260811/m05_16h_90gb_campaign_batch0006_v1/stage10_seven_family/S3d_O8/instant/eplus/shard0003/attempt01/s10_eplus_instant_S3d_O8_shard0003.inc1.id1.sim.gz
eplus,279,0.02195989570094833,510.63462082237044,1,101900.63564917,1573.27771,False,False,not_evaluated,197825.896,-53.26431,-19.44927,23.31339,0.77268,0.4198,-0.47616,0.883063232617008,0.4198,0.2096713027574351,27.985883691185673,26.540075013294928,BREM,BGO_S3C_FullWrap_SideShell_WindowCut_40mm,primary_eplus__secondary_pair_conversion__positron_annihilation__511gamma_to_TES,/home/ubuntu/TES_511_Balloon/runs/particle_source_unit_repair_20260811/m05_16h_90gb_campaign_batch0006_v1/stage10_seven_family/S3d_O8/instant/eplus/shard0004/attempt01/s10_eplus_instant_S3d_O8_shard0004.inc1.id1.sim.gz
eplus,1249,0.02195989570094833,510.92855778668775,1,62509.0706906333,1854.4781168,False,False,not_evaluated,102752.833,41.13331,22.34145,-42.61221,-0.73347,-0.53718,0.41649,-0.8131445140932824,-0.53718,-0.2241387075005118,144.40430664417366,202.64836944736862,PHOT,Passive_W_Bottom_Plate_detector_bay,primary_eplus__secondary_pair_conversion__positron_annihilation__511gamma_to_TES,/home/ubuntu/TES_511_Balloon/runs/particle_source_unit_repair_20260811/m05_16h_90gb_campaign_batch0006_v1/stage10_seven_family/S3d_O8/instant/eplus/shard0004/attempt01/s10_eplus_instant_S3d_O8_shard0004.inc1.id1.sim.gz
eplus,1267,0.02195989570094833,511.0354140727588,1,106610.63030056142,5888.078220152,False,False,not_evaluated,546474.448,41.91403,13.25877,56.47958,-0.50579,-0.0298,-0.86214,0.25197750147582626,-0.0298,-0.967272579188514,75.40543855549855,268.2353740028067,BREM,ColdPlate_MXC_50mK_SD_anchor,primary_eplus__secondary_pair_conversion__positron_annihilation__511gamma_to_TES,/home/ubuntu/TES_511_Balloon/runs/particle_source_unit_repair_20260811/s3d_o8/instant_eplus_screening_batch0004_v1/shards/shard0001/attempt01/Background_eplus_fullsphere20_batch0004_instant_shard0001.inc1.id1.sim.gz
eplus,1705,0.02195989570094833,511.1396671746884,1,10357148.744091926,34178.646703592,False,False,not_evaluated,11302199.365,-53.78281,38.40816,3.78212,0.79049,-0.4137,-0.45164,0.8783185461152463,-0.4137,0.23960313280506168,28.55980887966157,149.92181219648896,BREM,BGO_S3D_O8_FullWrap_BottomCap_30mm,primary_eplus__secondary_pair_conversion__positron_annihilation__511gamma_to_TES,/home/ubuntu/TES_511_Balloon/runs/particle_source_unit_repair_20260811/s3d_o8/instant_eplus_screening_batch0004_v1/shards/shard0001/attempt01/Background_eplus_fullsphere20_batch0004_instant_shard0001.inc1.id1.sim.gz
eplus,2043,0.02195989570094833,511.06364098595907,1,178539.98338310045,4655.58696419,False,False,not_evaluated,300555.7,-20.84846,53.5902,17.99825,0.39669,-0.91402,-0.08485,0.3405001994125701,-0.91402,0.220504178645213,70.09264815719575,166.43675323365528,BREM,BGO_S3C_FullWrap_SideShell_WindowCut_40mm,primary_eplus__secondary_pair_conversion__positron_annihilation__511gamma_to_TES,/home/ubuntu/TES_511_Balloon/runs/particle_source_unit_repair_20260811/s3d_o8/instant_eplus_screening_batch0004_v1/shards/shard0002/attempt01/Background_eplus_fullsphere20_batch0004_instant_shard0002.inc1.id1.sim.gz
eplus,2484,0.02195989570094833,511.0579286374317,2,592192.718242573,5976.696708938,False,False,not_evaluated,722411.918,-51.89665,3.77132,-27.86483,0.87596,-0.42273,0.23239,0.4550727111682264,-0.42273,0.78372180092811,62.93038730958716,118.34188320433421,PHOT,BGO_S3C_FullWrap_SideShell_WindowCut_40mm,primary_eplus__secondary_pair_conversion__positron_annihilation__511gamma_to_TES,/home/ubuntu/TES_511_Balloon/runs/particle_source_unit_repair_20260811/s3d_o8/instant_eplus_screening_batch0004_v1/shards/shard0004/attempt01/Background_eplus_fullsphere20_batch0004_instant_shard0004.inc1.id1.sim.gz
eplus,598,0.02195989570094833,510.87279937665653,1,154996.1465807554,6140.94896628,False,False,not_evaluated,452719.0,-26.08331,-7.04138,-44.48567,0.55171,-0.14847,0.82072,-0.19021879520699314,-0.14847,0.9704545597038535,100.96555310857784,98.69824535382072,BREM,Cu_50mK_StillLike_Can_side_wall_rectcut_window_band,primary_eplus__secondary_pair_conversion__positron_annihilation__511gamma_to_TES,/home/ubuntu/TES_511_Balloon/runs/particle_source_unit_repair_20260811/s3d_o8/instant_eplus_screening_batch0004_v1/shards/shard0005/attempt01/Background_eplus_fullsphere20_batch0004_instant_shard0005.inc1.id1.sim.gz
eplus,793,0.02195989570094833,510.7812190563178,1,157096.088104526,3077.3024539,False,False,not_evaluated,204000.694,-44.55445,7.34304,-30.16185,0.9315,0.04211,0.36131,0.40318521556475756,0.04211,0.9141547177857806,66.2225466984566,87.36256800626047,BREM,Passive_W_Bottom_Plate_detector_bay,primary_eplus__secondary_pair_conversion__positron_annihilation__511gamma_to_TES,/home/ubuntu/TES_511_Balloon/runs/particle_source_unit_repair_20260811/s3d_o8/instant_eplus_screening_batch0004_v1/shards/shard0005/attempt01/Background_eplus_fullsphere20_batch0004_instant_shard0005.inc1.id1.sim.gz
eplus,2050,0.02195989570094833,511.3298617858592,1,5376454.697849713,31223.304772199,False,False,not_evaluated,7458700.135,51.32669,-33.60478,32.08155,-0.88281,0.40501,-0.23795,-0.45598487891595707,0.40501,-0.792496996082635,117.12832099243221,297.0695568087771,BREM,BGO_S3C_FullWrap_SideShell_WindowCut_40mm,primary_eplus__secondary_pair_conversion__positron_annihilation__511gamma_to_TES,/home/ubuntu/TES_511_Balloon/runs/particle_source_unit_repair_20260811/s3d_o8/instant_eplus_screening_batch0004_v1/shards/shard0005/attempt01/Background_eplus_fullsphere20_batch0004_instant_shard0005.inc1.id1.sim.gz
eplus,185,0.02195989570094833,510.77149692911667,2,160918.22044529,2873.15602711,False,False,not_evaluated,242422.024,-51.90069,-21.9124,7.51262,0.92878,0.33687,-0.15455,0.7660299892628226,0.33687,0.5474632831980608,40.00128834757696,58.39481169439713,BREM,ColdPlate_MXC_50mK_SD_anchor,primary_eplus__secondary_pair_conversion__positron_annihilation__511gamma_to_TES,/home/ubuntu/TES_511_Balloon/runs/particle_source_unit_repair_20260811/s3d_o8/instant_eplus_screening_batch0004_v1/shards/shard0006/attempt01/Background_eplus_fullsphere20_batch0004_instant_shard0006.inc1.id1.sim.gz
eplus,1082,0.02195989570094833,510.972837148782,1,1031361.9325788537,2292.2091448,False,False,not_evaluated,1469624.577,11.44686,55.32488,36.33037,-0.10823,-0.74895,-0.65372,0.3857196780694498,-0.74895,-0.53878001192509,67.3115739765421,215.73050329730393,BREM,MuMetal_MagShield_Outer_Cylinder_2mm,primary_eplus__secondary_pair_conversion__positron_annihilation__511gamma_to_TES,/home/ubuntu/TES_511_Balloon/runs/particle_source_unit_repair_20260811/s3d_o8/instant_eplus_screening_batch0004_v1/shards/shard0007/attempt01/Background_eplus_fullsphere20_batch0004_instant_shard0007.inc1.id1.sim.gz
eplus,1298,0.02195989570094833,511.13392338057315,1,715679.9916770936,32336.182676497,False,False,not_evaluated,2359747.09,54.8531,-17.81181,40.27958,-0.66386,0.39149,-0.6372,-0.01885146678643337,0.39149,-0.9199883487305697,91.08017346921538,293.051596010761,PHOT,BGO_S3D_O8_FullWrap_BottomCap_30mm,primary_eplus__secondary_pair_conversion__positron_annihilation__511gamma_to_TES,/home/ubuntu/TES_511_Balloon/runs/particle_source_unit_repair_20260811/s3d_o8/instant_eplus_screening_batch0004_v1/shards/shard0007/attempt01/Background_eplus_fullsphere20_batch0004_instant_shard0007.inc1.id1.sim.gz
eplus,1950,0.02195989570094833,511.13022510838687,2,120162.338850224,3528.92887402,False,False,not_evaluated,168161.236,-26.78725,57.79627,-8.48326,0.13686,-0.98729,-0.08077,0.15388764878962835,-0.98729,0.03966161935675346,81.14771076313909,177.69953898827836,BREM,,primary_or_secondary_eplus_annihilation__511gamma_to_TES,/home/ubuntu/TES_511_Balloon/runs/particle_source_unit_repair_20260811/s3d_o8/instant_eplus_screening_batch0004_v1/shards/shard0007/attempt01/Background_eplus_fullsphere20_batch0004_instant_shard0007.inc1.id1.sim.gz
eplus,1595,0.02195989570094833,511.07402221840215,2,46667.0167598,4510.5735792,False,False,not_evaluated,211817.215,44.34543,9.56807,55.474,-0.47417,-0.05203,-0.87889,0.2861802564818195,-0.05203,-0.95675790135227,73.3705888949651,266.8872314680872,PHOT,Vacuum_Jacket_Al_266mmClass_side_port_bottom_cap,primary_eplus__secondary_pair_conversion__positron_annihilation__511gamma_to_TES,/home/ubuntu/TES_511_Balloon/runs/particle_source_unit_repair_20260811/s3d_o8/instant_eplus_screening_batch0004_v1/shards/shard0008/attempt01/Background_eplus_fullsphere20_batch0004_instant_shard0008.inc1.id1.sim.gz
gamma,5197,0.016921464065444387,510.9610562965048,1,1979.94623,0.0,False,False,not_evaluated,2490.945,-4.81785,8.51744,-52.2747,-0.08771,0.01947,0.99596,-0.766270405568426,0.01947,0.6422297340126818,140.0201457026486,88.26353842151622,PAIR,BGO_S3D_O8_FullWrap_BottomCap_30mm,primary_gamma_pair_conversion__positron_annihilation__511gamma_to_TES,/home/ubuntu/TES_511_Balloon/runs/particle_source_unit_repair_20260811/m05_16h_90gb_campaign_batch0006_v1/recovery0007_efficiency_scheduler/attempts/stage10_seven_family/S3d_O8/instant/gamma/r6_s10_gamma_instant_S3d_O8_bundle0004/attempt01/r6_s10_gamma_instant_S3d_O8_bundle0004.inc1.id1.sim.gz
gamma,259,0.016921464065444387,510.922883353221,1,376763.998557462,370.6356985,False,False,not_evaluated,532512.712,-51.97952,-20.55636,16.02622,0.87213,0.48762,-0.04026,0.6451571560867941,0.48762,0.5882209180656534,49.822540485158555,50.34214254759376,PAIR,ColdPlate_MXC_50mK_SD_anchor,primary_gamma_pair_conversion__positron_annihilation__511gamma_to_TES,/home/ubuntu/TES_511_Balloon/runs/particle_source_unit_repair_20260811/m05_16h_90gb_campaign_batch0006_v1/recovery0007_efficiency_scheduler/attempts/stage10_seven_family/S3d_O8/instant/gamma/r6_s10_gamma_instant_S3d_O8_bundle0008/attempt01/r6_s10_gamma_instant_S3d_O8_bundle0008.inc1.id1.sim.gz
gamma,11876,0.016921464065444387,511.1587823671107,2,117015.095721469,242.659609,False,False,not_evaluated,149681.439,-9.05539,-58.15156,-7.95201,-0.00879,0.98684,0.16149,-0.1204061427004453,0.98684,0.10797520548718581,96.91554279955771,6.244185208424237,PAIR,Cu_50mK_StillLike_Can_bottom_cap_2mm,primary_gamma_pair_conversion__positron_annihilation__511gamma_to_TES,/home/ubuntu/TES_511_Balloon/runs/particle_source_unit_repair_20260811/m05_16h_90gb_campaign_batch0006_v1/recovery0007_efficiency_scheduler/attempts/stage10_seven_family/S3d_O8/instant/gamma/r6_s10_gamma_instant_S3d_O8_bundle0009/attempt01/r6_s10_gamma_instant_S3d_O8_bundle0009.inc1.id1.sim.gz
gamma,24,0.016921464065444387,510.97695538385693,1,79064.04716597,0.0,False,False,not_evaluated,88977.59,-22.06596,-57.91953,10.28783,0.09103,0.99452,0.05133,0.02807213921310594,0.99452,0.10066372136971691,88.39137357565703,5.779702662262113,PAIR,BGO_S3C_FullWrap_SideShell_WindowCut_40mm,primary_gamma_pair_conversion__positron_annihilation__511gamma_to_TES,/home/ubuntu/TES_511_Balloon/runs/particle_source_unit_repair_20260811/m05_16h_90gb_campaign_batch0006_v1/recovery0007_efficiency_scheduler/attempts/stage10_seven_family/S3d_O8/instant/gamma/r6_s10_gamma_instant_S3d_O8_bundle0010/attempt01/r6_s10_gamma_instant_S3d_O8_bundle0010.inc1.id1.sim.gz
gamma,2303,0.016921464065444387,511.08303801240845,2,247725.4384608934,1477.23404014,False,False,not_evaluated,334097.987,50.71685,-38.04477,-12.99773,-0.83891,0.5423,0.04617,-0.6258460698925896,0.5423,-0.5605518297178237,128.74431371169095,314.05186052697167,PAIR,BGO_S3C_FullWrap_SideShell_WindowCut_40mm,primary_gamma_pair_conversion__positron_annihilation__511gamma_to_TES,/home/ubuntu/TES_511_Balloon/runs/particle_source_unit_repair_20260811/m05_16h_90gb_campaign_batch0006_v1/recovery0007_efficiency_scheduler/attempts/stage10_seven_family/S3d_O8/instant/gamma/r6_s10_gamma_instant_S3d_O8_bundle0010/attempt01/r6_s10_gamma_instant_S3d_O8_bundle0010.inc1.id1.sim.gz
gamma,1502,0.016921464065444387,511.2057614737371,2,2982635.8865384073,30165.371452073,False,False,not_evaluated,3569480.744,-24.67525,61.95277,11.50884,0.46498,-0.72519,-0.50783,0.6878805478060853,-0.72519,-0.030299525573843564,46.53743085514587,182.39251202902147,PAIR,BGO_S3C_FullWrap_SideShell_WindowCut_40mm,primary_gamma_pair_conversion__positron_annihilation__511gamma_to_TES,/home/ubuntu/TES_511_Balloon/runs/particle_source_unit_repair_20260811/m05_16h_90gb_campaign_batch0006_v1/recovery0007_efficiency_scheduler/attempts/stage10_seven_family/S3d_O8/instant/gamma/r6_s10_gamma_instant_S3d_O8_bundle0013/attempt01/r6_s10_gamma_instant_S3d_O8_bundle0013.inc1.id1.sim.gz
gamma,9401,0.016921464065444387,510.9388541746959,1,14784648.414527709,39407.198324554,False,False,not_evaluated,17754103.389,35.23504,-45.29498,46.30377,-0.52786,0.83209,-0.17023,-0.252882598155745,0.83209,-0.493624172878517,104.64815529565628,329.322136230947,PAIR,ColdPlate_CP_100mK_intercept,primary_gamma_pair_conversion__positron_annihilation__511gamma_to_TES,/home/ubuntu/TES_511_Balloon/runs/particle_source_unit_repair_20260811/m05_16h_90gb_campaign_batch0006_v1/recovery0007_efficiency_scheduler/attempts/stage10_seven_family/S3d_O8/instant/gamma/r6_s10_gamma_instant_S3d_O8_bundle0013/attempt01/r6_s10_gamma_instant_S3d_O8_bundle0013.inc1.id1.sim.gz
gamma,14835,0.016921464065444387,510.74337722942283,1,8499.320424,0.0,False,False,not_evaluated,9854.959,-36.3978,-16.5772,-36.08453,0.78816,0.41496,0.45455,0.23589789327164412,0.41496,0.8787286680483345,76.35544359079123,64.72202208867334,COMP,BGO_S3C_FullWrap_SideShell_WindowCut_40mm,primary_gamma_pair_conversion__positron_annihilation__511gamma_to_TES,/home/ubuntu/TES_511_Balloon/runs/particle_source_unit_repair_20260811/m05_16h_90gb_campaign_batch0006_v1/recovery0007_efficiency_scheduler/attempts/stage10_seven_family/S3d_O8/instant/gamma/r6_s10_gamma_instant_S3d_O8_bundle0013/attempt01/r6_s10_gamma_instant_S3d_O8_bundle0013.inc1.id1.sim.gz
gamma,20123,0.016921464065444387,511.0153413697818,1,60046.7717010946,0.0,False,False,not_evaluated,95273.873,31.38494,-35.99688,-31.67631,-0.46517,0.66283,0.58674,-0.7438126941979412,0.66283,0.08596297138884863,138.0572194692845,7.389491573879865,PAIR,BGO_S3C_FullWrap_SideShell_WindowCut_40mm,primary_gamma_pair_conversion__positron_annihilation__511gamma_to_TES,/home/ubuntu/TES_511_Balloon/runs/particle_source_unit_repair_20260811/m05_16h_90gb_campaign_batch0006_v1/recovery0007_efficiency_scheduler/attempts/stage10_seven_family/S3d_O8/instant/gamma/r6_s10_gamma_instant_S3d_O8_bundle0013/attempt01/r6_s10_gamma_instant_S3d_O8_bundle0013.inc1.id1.sim.gz
gamma,3220,0.016921464065444387,511.1019717342261,1,453521.1905521343,0.0,False,False,not_evaluated,897361.245,24.60552,-57.98919,8.45611,-0.34762,0.9189,-0.18651,-0.11392197351696466,0.9189,-0.37768694503517064,96.54145004787773,337.6563217638842,PAIR,ColdPlate_MXC_50mK_SD_anchor,primary_gamma_pair_conversion__positron_annihilation__511gamma_to_TES,/home/ubuntu/TES_511_Balloon/runs/particle_source_unit_repair_20260811/m05_16h_90gb_campaign_batch0006_v1/recovery0007_efficiency_scheduler/attempts/stage10_seven_family/S3d_O8/instant/gamma/r6_s10_gamma_instant_S3d_O8_bundle0014/attempt01/r6_s10_gamma_instant_S3d_O8_bundle0014.inc1.id1.sim.gz
gamma,11354,0.016921464065444387,511.3720755513699,2,4184433.434425981,391533.4951000149,False,False,not_evaluated,32842515.581,61.41613,15.65408,47.30942,-0.43141,-0.57319,-0.69667,0.1875671447775436,-0.57319,-0.7976730177209206,79.18916052521224,234.29982047245238,PAIR,Cu_SubstrateSupport_OpenRing_L2_YM_panel,primary_gamma_pair_conversion__positron_annihilation__511gamma_to_TES,/home/ubuntu/TES_511_Balloon/runs/particle_source_unit_repair_20260811/m05_16h_90gb_campaign_batch0006_v1/recovery0007_efficiency_scheduler/attempts/stage10_seven_family/S3d_O8/instant/gamma/r6_s10_gamma_instant_S3d_O8_bundle0014/attempt01/r6_s10_gamma_instant_S3d_O8_bundle0014.inc1.id1.sim.gz
gamma,19159,0.016921464065444387,511.30223646104076,1,506117.0387756266,0.0,False,False,not_evaluated,548933.173,60.86683,14.63657,-29.70254,-0.99418,-0.03836,0.10069,-0.7741900015177153,-0.03836,-0.6317928379223683,140.73165292976935,266.5254888037179,PAIR,BGO_S3C_FullWrap_SideShell_WindowCut_40mm,primary_gamma_pair_conversion__positron_annihilation__511gamma_to_TES,/home/ubuntu/TES_511_Balloon/runs/particle_source_unit_repair_20260811/m05_16h_90gb_campaign_batch0006_v1/recovery0007_efficiency_scheduler/attempts/stage10_seven_family/S3d_O8/instant/gamma/r6_s10_gamma_instant_S3d_O8_bundle0014/attempt01/r6_s10_gamma_instant_S3d_O8_bundle0014.inc1.id1.sim.gz
gamma,33,0.016921464065444387,510.85381787974677,2,78090.852703346,0.0,False,False,not_evaluated,117697.777,-19.12784,-54.83148,-17.97423,0.28457,0.95841,0.02161,0.18594079918081452,0.95841,0.21650195426369714,79.28401202518728,12.729292529667047,PAIR,Passive_W_Bottom_Plate_detector_bay,primary_gamma_pair_conversion__positron_annihilation__511gamma_to_TES,/home/ubuntu/TES_511_Balloon/runs/particle_source_unit_repair_20260811/m05_16h_90gb_campaign_batch0006_v1/recovery0007_efficiency_scheduler/attempts/stage10_seven_family/S3d_O8/instant/gamma/r6_s10_gamma_instant_S3d_O8_bundle0015/attempt01/r6_s10_gamma_instant_S3d_O8_bundle0015.inc1.id1.sim.gz
gamma,8081,0.016921464065444387,511.1400327836163,2,0.0,0.0,True,False,veto,6345.94,25.46579,-31.55969,-38.99286,-0.47432,0.55762,0.68123,-0.817097241000115,0.55762,0.14630746409530854,144.79526327013312,14.701787660245778,PAIR,Nb_MagShield_Inner_Cylinder_2mm,primary_gamma_pair_conversion__positron_annihilation__511gamma_to_TES,/home/ubuntu/TES_511_Balloon/runs/particle_source_unit_repair_20260811/m05_16h_90gb_campaign_batch0006_v1/recovery0007_efficiency_scheduler/attempts/stage10_seven_family/S3d_O8/instant/gamma/r6_s10_gamma_instant_S3d_O8_bundle0015/attempt01/r6_s10_gamma_instant_S3d_O8_bundle0015.inc1.id1.sim.gz
gamma,19850,0.016921464065444387,510.7832235929466,1,436942.437351566,1790.375384,False,False,not_evaluated,592318.052,1.146,-62.19025,-4.37422,-0.02092,0.99231,-0.12198,0.07146021130671251,0.99231,-0.10104555903155765,85.90213876595955,354.18569083003155,PAIR,Cu_50mK_StillLike_Can_bottom_cap_2mm,primary_gamma_pair_conversion__positron_annihilation__511gamma_to_TES,/home/ubuntu/TES_511_Balloon/runs/particle_source_unit_repair_20260811/m05_16h_90gb_campaign_batch0006_v1/recovery0007_efficiency_scheduler/attempts/stage10_seven_family/S3d_O8/instant/gamma/r6_s10_gamma_instant_S3d_O8_bundle0015/attempt01/r6_s10_gamma_instant_S3d_O8_bundle0015.inc1.id1.sim.gz
gamma,20082,0.016921464065444387,510.85009947218356,2,62012.024783579,0.0,False,False,not_evaluated,77087.746,-54.31091,-0.75432,-15.2673,0.96105,0.25094,0.11578,0.597696148933553,0.25094,0.76143379518511,53.29492595361457,71.75971990307323,PAIR,BGO_S3D_O8_FullWrap_BottomCap_30mm,primary_gamma_pair_conversion__positron_annihilation__511gamma_to_TES,/home/ubuntu/TES_511_Balloon/runs/particle_source_unit_repair_20260811/m05_16h_90gb_campaign_batch0006_v1/recovery0007_efficiency_scheduler/attempts/stage10_seven_family/S3d_O8/instant/gamma/r6_s10_gamma_instant_S3d_O8_bundle0016/attempt01/r6_s10_gamma_instant_S3d_O8_bundle0016.inc1.id1.sim.gz
gamma,1592,0.016921464065444387,510.9396617804502,2,104332.662900684,0.0,False,False,not_evaluated,242469.041,27.64785,40.54193,-31.47859,-0.46892,-0.74622,0.47252,-0.6656986080802634,-0.74622,0.002545584412271566,131.73594304072932,179.80454734868516,PAIR,ColdPlate_CP_100mK_intercept,primary_gamma_pair_conversion__positron_annihilation__511gamma_to_TES,/home/ubuntu/TES_511_Balloon/runs/particle_source_unit_repair_20260811/m05_16h_90gb_campaign_batch0006_v1/recovery0007_efficiency_scheduler/attempts/stage10_seven_family/S3d_O8/instant/gamma/r6_s10_gamma_instant_S3d_O8_bundle0017/attempt01/r6_s10_gamma_instant_S3d_O8_bundle0017.inc1.id1.sim.gz
gamma,22413,0.016921464065444387,510.8247198817339,1,70190.6495405,0.0,False,False,not_evaluated,125022.832,4.80989,-53.8295,-21.52943,-0.07968,0.9573,0.27791,-0.25285431388449753,0.9573,0.14016977723460933,104.6464802897141,8.330167738183475,PAIR,BGO_S3C_FullWrap_SideShell_WindowCut_40mm,primary_gamma_pair_conversion__positron_annihilation__511gamma_to_TES,/home/ubuntu/TES_511_Balloon/runs/particle_source_unit_repair_20260811/m05_16h_90gb_campaign_batch0006_v1/recovery0007_efficiency_scheduler/attempts/stage10_seven_family/S3d_O8/instant/gamma/r6_s10_gamma_instant_S3d_O8_bundle0017/attempt01/r6_s10_gamma_instant_S3d_O8_bundle0017.inc1.id1.sim.gz
gamma,11752,0.016921464065444387,510.8745160275374,1,384019.4144327335,2036.254618398,False,False,not_evaluated,868777.679,32.60237,52.22108,20.26606,-0.50878,-0.84796,-0.14869,-0.2546220808374639,-0.84796,-0.46490149542671944,104.75119282647844,208.73414173943473,PAIR,ColdPlate_MXC_50mK_SD_anchor,primary_gamma_pair_conversion__positron_annihilation__511gamma_to_TES,/home/ubuntu/TES_511_Balloon/runs/particle_source_unit_repair_20260811/m05_16h_90gb_campaign_batch0006_v1/recovery0007_efficiency_scheduler/attempts/stage10_seven_family/S3d_O8/instant/gamma/r6_s10_gamma_instant_S3d_O8_bundle0018/attempt01/r6_s10_gamma_instant_S3d_O8_bundle0018.inc1.id1.sim.gz
gamma,19691,0.016921464065444387,510.60580489714414,2,194270.03017166,333.850648,False,False,not_evaluated,268405.358,-13.94504,-55.03963,-8.8878,0.1578,0.91567,0.36967,-0.14981471372999383,0.91567,0.37297761387246825,98.61618910467104,22.162421349110858,PAIR,ColdPlate_CP_100mK_intercept,primary_gamma_pair_conversion__positron_annihilation__511gamma_to_TES,/home/ubuntu/TES_511_Balloon/runs/particle_source_unit_repair_20260811/m05_16h_90gb_campaign_batch0006_v1/recovery0007_efficiency_scheduler/attempts/stage10_seven_family/S3d_O8/instant/gamma/r6_s10_gamma_instant_S3d_O8_bundle0019/attempt01/r6_s10_gamma_instant_S3d_O8_bundle0019.inc1.id1.sim.gz
gamma,7005,0.016921464065444387,511.20141362127816,1,1774.47234,0.0,False,False,not_evaluated,2285.471,19.11426,0.45166,-52.0897,-0.46019,0.13903,0.87687,-0.9454441928532854,0.13903,0.2946372535848107,160.98691393977774,64.73885767119218,PAIR,BGO_S3C_FullWrap_SideShell_WindowCut_40mm,primary_gamma_pair_conversion__positron_annihilation__511gamma_to_TES,/home/ubuntu/TES_511_Balloon/runs/particle_source_unit_repair_20260811/m05_16h_90gb_campaign_batch0006_v1/recovery0007_efficiency_scheduler/attempts/stage10_seven_family/S3d_O8/instant/gamma/r6_s10_gamma_instant_S3d_O8_bundle0021/attempt01/r6_s10_gamma_instant_S3d_O8_bundle0021.inc1.id1.sim.gz
gamma,10221,0.016921464065444387,510.9173555783301,2,5885123.3166744765,23568.984378469,False,False,not_evaluated,7602733.343,-34.95042,45.62715,31.6623,0.86309,-0.41994,-0.28057,0.808689741371807,-0.41994,0.4119038421767877,36.031887561107574,135.55349764014247,PAIR,BGO_S3C_FullWrap_SideShell_WindowCut_40mm,primary_gamma_pair_conversion__positron_annihilation__511gamma_to_TES,/home/ubuntu/TES_511_Balloon/runs/particle_source_unit_repair_20260811/m05_16h_90gb_campaign_batch0006_v1/recovery0007_efficiency_scheduler/attempts/stage10_seven_family/S3d_O8/instant/gamma/r6_s10_gamma_instant_S3d_O8_bundle0021/attempt01/r6_s10_gamma_instant_S3d_O8_bundle0021.inc1.id1.sim.gz
gamma,22068,0.016921464065444387,511.31150620258387,1,231877.22641951745,0.0,False,False,not_evaluated,538893.54,-28.812,49.75932,-3.66707,0.58732,-0.80929,-0.01012,0.42245387535209095,-0.80929,0.40814203410087524,65.01039188693589,153.237226100169,PAIR,Nb_MagShield_Inner_Cylinder_2mm,primary_gamma_pair_conversion__positron_annihilation__511gamma_to_TES,/home/ubuntu/TES_511_Balloon/runs/particle_source_unit_repair_20260811/m05_16h_90gb_campaign_batch0006_v1/recovery0007_efficiency_scheduler/attempts/stage10_seven_family/S3d_O8/instant/gamma/r6_s10_gamma_instant_S3d_O8_bundle0023/attempt01/r6_s10_gamma_instant_S3d_O8_bundle0023.inc1.id1.sim.gz
gamma,5007,0.016921464065444387,510.6741667988546,1,366909.7422041664,383.900881,False,False,not_evaluated,505100.056,4.52298,-59.05712,-14.41414,-0.04269,0.99802,0.04613,-0.06280522430498915,0.99802,0.0024324473272817225,93.6008441877872,0.13964518724835223,PAIR,BGO_S3C_FullWrap_SideShell_WindowCut_40mm,primary_gamma_pair_conversion__positron_annihilation__511gamma_to_TES,/home/ubuntu/TES_511_Balloon/runs/particle_source_unit_repair_20260811/m05_16h_90gb_campaign_batch0006_v1/recovery0007_efficiency_scheduler/attempts/stage10_seven_family/S3d_O8/instant/gamma/r6_s10_gamma_instant_S3d_O8_bundle0024/attempt01/r6_s10_gamma_instant_S3d_O8_bundle0024.inc1.id1.sim.gz
gamma,18031,0.016921464065444387,510.9934007657371,1,396372.7057229165,4009.47170848,False,False,not_evaluated,421787.991,-56.30696,-25.67042,-12.9904,0.61119,0.78388,0.10947,0.35476961425691467,0.78388,0.5095835729298973,69.2206747649214,33.02703125368787,PAIR,BGO_S3C_FullWrap_SideShell_WindowCut_40mm,primary_gamma_pair_conversion__positron_annihilation__511gamma_to_TES,/home/ubuntu/TES_511_Balloon/runs/particle_source_unit_repair_20260811/m05_16h_90gb_campaign_batch0006_v1/recovery0007_efficiency_scheduler/attempts/stage10_seven_family/S3d_O8/instant/gamma/r6_s10_gamma_instant_S3d_O8_bundle0024/attempt01/r6_s10_gamma_instant_S3d_O8_bundle0024.inc1.id1.sim.gz
gamma,24388,0.016921464065444387,511.2222998945149,2,184547.5379071448,274.90497799999997,False,False,not_evaluated,350866.881,-28.96727,-19.06685,55.87682,0.42361,0.42355,-0.80073,0.8657391164779377,0.42355,-0.2666641093210709,30.032789859309148,327.8057695714862,PAIR,Cu_50mK_StillLike_Can_bottom_cap_2mm,primary_gamma_pair_conversion__positron_annihilation__511gamma_to_TES,/home/ubuntu/TES_511_Balloon/runs/particle_source_unit_repair_20260811/m05_16h_90gb_campaign_batch0006_v1/recovery0007_efficiency_scheduler/attempts/stage10_seven_family/S3d_O8/instant/gamma/r6_s10_gamma_instant_S3d_O8_bundle0024/attempt01/r6_s10_gamma_instant_S3d_O8_bundle0024.inc1.id1.sim.gz
gamma,14739,0.016921464065444387,510.91604839932864,1,221703.47118996,35.95057,False,False,not_evaluated,294080.01,-41.81281,-17.87931,46.58704,0.60261,0.11917,-0.78909,0.9840805073773182,0.11917,-0.13186127255566737,10.237173784196381,312.1057877903614,PAIR,BGO_S3C_FullWrap_SideShell_WindowCut_40mm,primary_gamma_pair_conversion__positron_annihilation__511gamma_to_TES,/home/ubuntu/TES_511_Balloon/runs/particle_source_unit_repair_20260811/m05_16h_90gb_campaign_batch0006_v1/recovery0007_efficiency_scheduler/attempts/stage10_seven_family/S3d_O8/instant/gamma/r6_s10_gamma_instant_S3d_O8_bundle0026/attempt01/r6_s10_gamma_instant_S3d_O8_bundle0026.inc1.id1.sim.gz
gamma,15991,0.016921464065444387,510.8065285875934,1,35594.8004515,0.0,False,False,not_evaluated,246745.041,-56.76065,15.63457,21.34219,0.79887,-0.25004,-0.54707,0.9517233010702217,-0.25004,0.1780494875027727,17.875956053716823,144.54593964700118,PAIR,Passive_W_Bottom_Plate_detector_bay,primary_gamma_pair_conversion__positron_annihilation__511gamma_to_TES,/home/ubuntu/TES_511_Balloon/runs/particle_source_unit_repair_20260811/m05_16h_90gb_campaign_batch0006_v1/recovery0007_efficiency_scheduler/attempts/stage10_seven_family/S3d_O8/instant/gamma/r6_s10_gamma_instant_S3d_O8_bundle0026/attempt01/r6_s10_gamma_instant_S3d_O8_bundle0026.inc1.id1.sim.gz
gamma,20559,0.016921464065444387,510.97834263853764,2,31654.5916695,0.0,False,False,not_evaluated,43601.759,21.7642,56.33125,-7.56007,-0.10232,-0.93424,0.34165,-0.31393419764339153,-0.93424,0.16923186594137643,108.29648427148884,169.73255585956016,PAIR,BGO_S3C_FullWrap_SideShell_WindowCut_40mm,primary_gamma_pair_conversion__positron_annihilation__511gamma_to_TES,/home/ubuntu/TES_511_Balloon/runs/particle_source_unit_repair_20260811/m05_16h_90gb_campaign_batch0006_v1/recovery0007_efficiency_scheduler/attempts/stage10_seven_family/S3d_O8/instant/gamma/r6_s10_gamma_instant_S3d_O8_bundle0028/attempt01/r6_s10_gamma_instant_S3d_O8_bundle0028.inc1.id1.sim.gz
gamma,4742,0.016921464065444387,511.10376553576316,1,839577.9960090048,965.11117138,False,False,not_evaluated,936841.266,68.32792,-14.28974,-0.60023,-0.97621,0.0177,-0.21609,-0.5374860065155186,0.0177,-0.8430834152087207,122.51266384722777,271.20271176090375,PAIR,BGO_S3C_FullWrap_SideShell_WindowCut_40mm,primary_gamma_pair_conversion__positron_annihilation__511gamma_to_TES,/home/ubuntu/TES_511_Balloon/runs/particle_source_unit_repair_20260811/m05_16h_90gb_campaign_batch0006_v1/recovery0007_efficiency_scheduler/attempts/stage10_seven_family/S3d_O8/instant/gamma/r6_s10_gamma_instant_S3d_O8_bundle0029/attempt01/r6_s10_gamma_instant_S3d_O8_bundle0029.inc1.id1.sim.gz
gamma,15708,0.016921464065444387,510.98087845667095,1,50948.23723733,0.0,False,False,not_evaluated,101380.937,45.26273,40.44948,-9.96501,-0.71688,-0.63876,0.2794,-0.7044763439605336,-0.63876,-0.3093450746334908,134.7872541857251,205.84044235333502,COMP,Shield_60K_Al_side_window_side_wall_above_side_port,primary_gamma_pair_conversion__positron_annihilation__511gamma_to_TES,/home/ubuntu/TES_511_Balloon/runs/particle_source_unit_repair_20260811/m05_16h_90gb_campaign_batch0006_v1/recovery0007_efficiency_scheduler/attempts/stage10_seven_family/S3d_O8/instant/gamma/r6_s10_gamma_instant_S3d_O8_bundle0029/attempt01/r6_s10_gamma_instant_S3d_O8_bundle0029.inc1.id1.sim.gz
gamma,1784,0.016921464065444387,511.1648301167158,3,27947.1708474,0.0,False,False,not_evaluated,56958.728,12.25932,-52.70038,-23.52335,-0.30212,0.89591,0.32567,-0.44391456616110275,0.89591,0.016652364696943207,116.35391391516288,1.0648395078163995,PAIR,MuMetal_MagShield_Outer_Cylinder_2mm,primary_gamma_pair_conversion__positron_annihilation__511gamma_to_TES,/home/ubuntu/TES_511_Balloon/runs/particle_source_unit_repair_20260811/m05_16h_90gb_campaign_batch0006_v1/recovery0007_efficiency_scheduler/attempts/stage10_seven_family/S3d_O8/instant/gamma/r6_s10_gamma_instant_S3d_O8_bundle0030/attempt01/r6_s10_gamma_instant_S3d_O8_bundle0030.inc1.id1.sim.gz
gamma,2351,0.016921464065444387,510.9235995143027,1,126385.26722019,1184.5697355,False,False,not_evaluated,505372.872,58.22806,20.10839,31.19616,-0.80447,-0.27077,-0.52869,-0.1950059081156261,-0.27077,-0.9426864764066577,101.24506872815738,253.97422505246925,PAIR,ColdPlate_MXC_50mK_SD_anchor,primary_gamma_pair_conversion__positron_annihilation__511gamma_to_TES,/home/ubuntu/TES_511_Balloon/runs/particle_source_unit_repair_20260811/m05_16h_90gb_campaign_batch0006_v1/recovery0007_efficiency_scheduler/attempts/stage10_seven_family/S3d_O8/instant/gamma/r6_s10_gamma_instant_S3d_O8_bundle0030/attempt01/r6_s10_gamma_instant_S3d_O8_bundle0030.inc1.id1.sim.gz
gamma,1320,0.016921464065444387,510.8994147583057,2,192315.107146362,0.0,False,False,not_evaluated,252254.309,-22.17974,-17.05264,-46.02034,0.32951,0.57357,0.74996,-0.2973030461498839,0.57357,0.7633005570874425,107.29568961261212,53.07755432317967,PAIR,BGO_S3D_O8_FullWrap_BottomCap_30mm,primary_gamma_pair_conversion__positron_annihilation__511gamma_to_TES,/home/ubuntu/TES_511_Balloon/runs/particle_source_unit_repair_20260811/m05_16h_90gb_campaign_batch0006_v1/recovery0007_efficiency_scheduler/attempts/stage10_seven_family/S3d_O8/instant/gamma/r6_s10_gamma_instant_S3d_O8_bundle0031/attempt01/r6_s10_gamma_instant_S3d_O8_bundle0031.inc1.id1.sim.gz
gamma,16037,0.016921464065444387,511.0088447451003,1,15140.9459798,0.0,False,False,not_evaluated,15666.098,-36.54201,28.75571,-38.26915,0.19836,-0.73601,0.64726,-0.3174202340746412,-0.73601,0.5979436363069683,108.50698310927754,140.9091651859397,PAIR,BGO_S3D_O8_FullWrap_BottomCap_30mm,primary_gamma_pair_conversion__positron_annihilation__511gamma_to_TES,/home/ubuntu/TES_511_Balloon/runs/particle_source_unit_repair_20260811/m05_16h_90gb_campaign_batch0006_v1/recovery0007_efficiency_scheduler/attempts/stage10_seven_family/S3d_O8/instant/gamma/r6_s10_gamma_instant_S3d_O8_bundle0031/attempt01/r6_s10_gamma_instant_S3d_O8_bundle0031.inc1.id1.sim.gz
gamma,8028,0.016921464065444387,510.94893198985113,1,383056.8870564735,3361.0932709100002,False,False,not_evaluated,588066.703,32.28296,45.79142,-23.86763,-0.55163,-0.79039,0.26642,-0.5784487023496552,-0.79039,-0.2016739250622152,125.34150643688513,194.3140238743083,PAIR,Nb_MagShield_Inner_Back_ColdFingerCap_2mm,primary_gamma_pair_conversion__positron_annihilation__511gamma_to_TES,/home/ubuntu/TES_511_Balloon/runs/particle_source_unit_repair_20260811/m05_16h_90gb_campaign_batch0006_v1/recovery0007_efficiency_scheduler/attempts/stage10_seven_family/S3d_O8/instant/gamma/r6_s10_gamma_instant_S3d_O8_bundle0033/attempt01/r6_s10_gamma_instant_S3d_O8_bundle0033.inc1.id1.sim.gz
gamma,301,0.016921464065444387,510.70560835009957,2,256240.89731413,485.9173968424,False,False,not_evaluated,499059.068,-23.94849,-45.51429,38.77874,0.40819,0.62062,-0.66949,0.7620348359491186,0.62062,-0.1847670019240449,40.35608559280914,343.42101679610533,PAIR,ColdPlate_MXC_50mK_SD_anchor,primary_gamma_pair_conversion__positron_annihilation__511gamma_to_TES,/home/ubuntu/TES_511_Balloon/runs/particle_source_unit_repair_20260811/m05_16h_90gb_campaign_batch0006_v1/stage10_seven_family/S3d_O8/instant/gamma/shard0002/attempt01/s10_gamma_instant_S3d_O8_shard0002.inc1.id1.sim.gz
gamma,6149,0.016921464065444387,510.7412115938138,1,153316.5543924,0.0,False,False,not_evaluated,182061.069,-56.41094,10.27138,-6.39877,0.98104,0.16825,0.09622,0.6256622221294811,0.16825,0.7617378511010203,51.26919068079096,77.54468828241674,PAIR,ColdPlate_MXC_50mK_SD_anchor,primary_gamma_pair_conversion__positron_annihilation__511gamma_to_TES,/home/ubuntu/TES_511_Balloon/runs/particle_source_unit_repair_20260811/m05_16h_90gb_campaign_batch0006_v1/stage10_seven_family/S3d_O8/instant/gamma/shard0003/attempt01/s10_gamma_instant_S3d_O8_shard0003.inc1.id1.sim.gz
gamma,13250,0.016921464065444387,510.7479979520929,2,610206.448515509,3611.041117425,False,False,not_evaluated,640557.127,45.3449,49.45696,19.17454,-0.86441,-0.47289,-0.17081,-0.4904492634309894,-0.47289,-0.7320110820199378,119.37011463306722,237.13694125143851,PAIR,BGO_S3C_FullWrap_SideShell_WindowCut_40mm,primary_gamma_pair_conversion__positron_annihilation__511gamma_to_TES,/home/ubuntu/TES_511_Balloon/runs/particle_source_unit_repair_20260811/m05_16h_90gb_campaign_batch0006_v1/stage10_seven_family/S3d_O8/instant/gamma/shard0004/attempt01/s10_gamma_instant_S3d_O8_shard0004.inc1.id1.sim.gz
gamma,501,0.016921464065444387,510.96985391088657,1,68049.2043756,0.0,False,False,not_evaluated,128151.011,27.84699,-46.79879,-23.94653,-0.56889,0.64637,0.5085,-0.7618297749825744,0.64637,-0.04270217851585564,139.62577342489695,356.22026951037145,PAIR,ColdPlate_MXC_50mK_SD_anchor,primary_gamma_pair_conversion__positron_annihilation__511gamma_to_TES,/home/ubuntu/TES_511_Balloon/runs/particle_source_unit_repair_20260811/m05_16h_90gb_campaign_batch0006_v1/stage10_seven_family/S3d_O8/instant/gamma/shard0005/attempt01/s10_gamma_instant_S3d_O8_shard0005.inc1.id1.sim.gz
gamma,16963,0.016921464065444387,510.7871587977239,1,4182479.0324633187,6472.7249669,False,False,not_evaluated,5266589.386,-50.76386,9.93067,37.22045,0.82791,0.14598,-0.54153,0.9683403104281058,0.14598,0.20250123999620354,14.455844500030649,54.2127517005441,PAIR,BGO_S3C_FullWrap_SideShell_WindowCut_40mm,primary_gamma_pair_conversion__positron_annihilation__511gamma_to_TES,/home/ubuntu/TES_511_Balloon/runs/particle_source_unit_repair_20260811/m05_16h_90gb_campaign_batch0006_v1/stage10_seven_family/S3d_O8/instant/gamma/shard0006/attempt01/s10_gamma_instant_S3d_O8_shard0006.inc1.id1.sim.gz
gamma,19076,0.016921464065444387,511.06834071230105,1,295909.2393912934,19.817617000000002,False,False,not_evaluated,414966.456,-26.68072,-55.20462,4.56785,0.49097,0.82708,-0.27366,0.5406750580986699,0.82708,0.15366137461964866,57.270395193373055,10.524855955468691,PAIR,ColdPlate_MXC_50mK_SD_anchor,primary_gamma_pair_conversion__positron_annihilation__511gamma_to_TES,/home/ubuntu/TES_511_Balloon/runs/particle_source_unit_repair_20260811/m05_16h_90gb_campaign_batch0006_v1/stage10_seven_family/S3d_O8/instant/gamma/shard0006/attempt01/s10_gamma_instant_S3d_O8_shard0006.inc1.id1.sim.gz
gamma,19628,0.016921464065444387,510.69701638255333,2,14523.768305,0.0,False,False,not_evaluated,17424.802,-14.65219,20.56889,-50.6252,0.07525,-0.64794,0.75796,-0.48274887058386784,-0.64794,0.5891684411524433,118.86508952063872,137.71991709497325,COMP,BGO_S3C_FullWrap_SideShell_WindowCut_40mm,primary_gamma_pair_conversion__positron_annihilation__511gamma_to_TES,/home/ubuntu/TES_511_Balloon/runs/particle_source_unit_repair_20260811/m05_16h_90gb_campaign_batch0006_v1/stage10_seven_family/S3d_O8/instant/gamma/shard0006/attempt01/s10_gamma_instant_S3d_O8_shard0006.inc1.id1.sim.gz
gamma,24916,0.016921464065444387,510.88778288945116,1,73648.203593688,1079.38642925553,False,False,not_evaluated,150578.708,29.06672,51.55798,-14.37646,-0.41075,-0.89635,0.16686,-0.4084319478811617,-0.89635,-0.17245627286358708,114.10637021505903,190.89053675727197,PAIR,ColdPlate_MXC_50mK_SD_anchor,primary_gamma_pair_conversion__positron_annihilation__511gamma_to_TES,/home/ubuntu/TES_511_Balloon/runs/particle_source_unit_repair_20260811/m05_16h_90gb_campaign_batch0006_v1/stage10_seven_family/S3d_O8/instant/gamma/shard0006/attempt01/s10_gamma_instant_S3d_O8_shard0006.inc1.id1.sim.gz
gamma,1781,0.016921464065444387,511.038264418489,1,11923.87996416,0.0,False,False,not_evaluated,14867.867,13.85937,-56.93071,-9.77747,-0.26421,0.89111,0.36894,-0.4477046585082626,0.89111,0.07405529319366712,116.59651232051078,4.75062337674886,PAIR,Nb_MagShield_Inner_Cylinder_2mm,primary_gamma_pair_conversion__positron_annihilation__511gamma_to_TES,/home/ubuntu/TES_511_Balloon/runs/particle_source_unit_repair_20260811/m05_16h_90gb_campaign_batch0006_v1/stage10_seven_family/S3d_O8/instant/gamma/shard0007/attempt01/s10_gamma_instant_S3d_O8_shard0007.inc1.id1.sim.gz
gamma,19762,0.016921464065444387,511.0193726342836,1,63492.654482378246,0.0,False,False,not_evaluated,103813.765,51.38956,23.47419,-22.68741,-0.75848,-0.51082,0.40467,-0.8224712525371327,-0.51082,-0.2501814502516124,145.3329462526796,206.09396762520188,PAIR,BGO_S3C_FullWrap_SideShell_WindowCut_40mm,primary_gamma_pair_conversion__positron_annihilation__511gamma_to_TES,/home/ubuntu/TES_511_Balloon/runs/particle_source_unit_repair_20260811/m05_16h_90gb_campaign_batch0006_v1/stage10_seven_family/S3d_O8/instant/gamma/shard0007/attempt01/s10_gamma_instant_S3d_O8_shard0007.inc1.id1.sim.gz
gamma,23752,0.016921464065444387,511.10608143160533,3,164094.30258142,485.0019155,False,False,not_evaluated,209651.446,67.70553,7.67828,-4.19904,-0.99041,0.07854,-0.11371,-0.6199205150662462,0.07854,-0.7807307392436909,128.31033029514182,275.74451833161066,PAIR,Cu_50mK_StillLike_Can_side_wall_above_side_port,primary_gamma_pair_conversion__positron_annihilation__511gamma_to_TES,/home/ubuntu/TES_511_Balloon/runs/particle_source_unit_repair_20260811/m05_16h_90gb_campaign_batch0006_v1/stage10_seven_family/S3d_O8/instant/gamma/shard0009/attempt01/s10_gamma_instant_S3d_O8_shard0009.inc1.id1.sim.gz
gamma,9076,0.016921464065444387,510.97132647113335,1,142271.2192051,2317.36267166,False,False,not_evaluated,315827.662,-7.25543,62.52213,11.01573,-0.12039,-0.97771,-0.17199,0.03648670990922586,-0.97771,-0.20674388068332275,87.90900138799094,191.93972405401763,PAIR,Cu_50mK_StillLike_Can_bottom_cap_2mm,primary_gamma_pair_conversion__positron_annihilation__511gamma_to_TES,/home/ubuntu/TES_511_Balloon/runs/particle_source_unit_repair_20260811/m05_16h_90gb_campaign_batch0006_v1/stage10_seven_family/S3d_O8/instant/gamma/shard0010/attempt01/s10_gamma_instant_S3d_O8_shard0010.inc1.id1.sim.gz
gamma,1023,0.016921464065444387,510.9604178349358,2,60226.0381183,0.0,False,False,not_evaluated,119244.229,45.21077,44.03459,-8.3757,-0.76301,-0.64402,0.05522,-0.5785759815702688,-0.64402,-0.5004831086560264,125.35044697623057,217.85162052330153,PAIR,ColdPlate_MXC_50mK_SD_anchor,primary_gamma_pair_conversion__positron_annihilation__511gamma_to_TES,/home/ubuntu/TES_511_Balloon/runs/particle_source_unit_repair_20260811/m05_16h_90gb_campaign_batch0006_v1/stage10_seven_family/S3d_O8/instant/gamma/shard0011/attempt01/s10_gamma_instant_S3d_O8_shard0011.inc1.id1.sim.gz
gamma,14958,0.016921464065444387,511.1458225703466,1,1092124.9931190142,8727.182880444,False,False,not_evaluated,1274439.192,32.31573,-54.56447,-24.51284,-0.51153,0.8589,-0.02501,-0.34402159118287917,0.8589,-0.37939107237783026,110.12208150076434,336.16811837399854,PAIR,BGO_S3C_FullWrap_SideShell_WindowCut_40mm,primary_gamma_pair_conversion__positron_annihilation__511gamma_to_TES,/home/ubuntu/TES_511_Balloon/runs/particle_source_unit_repair_20260811/m05_16h_90gb_campaign_batch0006_v1/stage10_seven_family/S3d_O8/instant/gamma/shard0011/attempt01/s10_gamma_instant_S3d_O8_shard0011.inc1.id1.sim.gz
gamma,3638,0.016921464065444387,511.17890041688787,1,116322.3873181,1462.558675,False,False,not_evaluated,171253.847,33.13154,53.58556,-20.64758,-0.56955,-0.82195,-0.00226,-0.40113460589931654,-0.82195,-0.4043307285502798,113.64912735222228,206.19333195076993,PAIR,Still_Shield_Al_side_window_side_wall_below_side_port,primary_gamma_pair_conversion__positron_annihilation__511gamma_to_TES,/home/ubuntu/TES_511_Balloon/runs/particle_source_unit_repair_20260811/m05_16h_90gb_campaign_batch0006_v1/stage10_seven_family/S3d_O8/instant/gamma/shard0012/attempt01/s10_gamma_instant_S3d_O8_shard0012.inc1.id1.sim.gz
gamma,19932,0.016921464065444387,511.0188856039452,1,0.0,0.0,True,True,single,5768.82,62.49008,-16.03987,-0.23171,-0.96476,0.26018,0.03927,-0.7099564215147294,0.26018,-0.6544202549203378,135.23136977420495,291.681445957843,PAIR,DR_MixingChamber_Cu,primary_gamma_pair_conversion__positron_annihilation__511gamma_to_TES,/home/ubuntu/TES_511_Balloon/runs/particle_source_unit_repair_20260811/m05_16h_90gb_campaign_batch0006_v1/stage10_seven_family/S3d_O8/instant/gamma/shard0014/attempt01/s10_gamma_instant_S3d_O8_shard0014.inc1.id1.sim.gz
gamma,2193,0.016921464065444387,511.0528658442756,1,700399.256610418,302.2537197,False,False,not_evaluated,781742.856,-27.00786,-58.46441,6.60773,0.6036,0.7106,-0.36154,0.6824570387943846,0.7106,0.17116226745401575,46.964055631967746,13.542859927099729,PAIR,BGO_S3C_FullWrap_SideShell_WindowCut_40mm,primary_gamma_pair_conversion__positron_annihilation__511gamma_to_TES,/home/ubuntu/TES_511_Balloon/runs/particle_source_unit_repair_20260811/m05_16h_90gb_campaign_batch0006_v1/stage10_seven_family/S3d_O8/instant/gamma/shard0015/attempt01/s10_gamma_instant_S3d_O8_shard0015.inc1.id1.sim.gz
gamma,13857,0.016921464065444387,510.9239891795098,1,45269.6988586,95.221553,False,False,not_evaluated,51496.478,-37.40509,36.24958,-17.50825,0.6412,-0.72828,0.24182,0.28240430627028335,-0.72828,0.6243894299233452,73.59624623246242,139.39192901876956,PAIR,BGO_S3D_O8_FullWrap_BottomCap_30mm,primary_gamma_pair_conversion__positron_annihilation__511gamma_to_TES,/home/ubuntu/TES_511_Balloon/runs/particle_source_unit_repair_20260811/s3d_o8/instant_gamma_batch0003_v1/shards/shard0001/attempt01/Background_gamma_fullsphere20_batch0003_shard0001.inc1.id1.sim.gz
gamma,24590,0.016921464065444387,511.33161702594515,3,264522.5718772114,28.022470000000002,False,False,not_evaluated,444827.145,-22.66216,53.30052,30.96996,0.14368,-0.82723,-0.54318,0.48568336372579207,-0.82723,-0.2824891590840257,60.94274575530696,198.8544228334451,PAIR,Shield_4K_Al_side_window_side_wall_below_side_port,primary_gamma_pair_conversion__positron_annihilation__511gamma_to_TES,/home/ubuntu/TES_511_Balloon/runs/particle_source_unit_repair_20260811/s3d_o8/instant_gamma_batch0003_v1/shards/shard0001/attempt01/Background_gamma_fullsphere20_batch0003_shard0001.inc1.id1.sim.gz
gamma,16001,0.016921464065444387,510.618461235484,2,506790.0116599583,4864.89629507,False,False,not_evaluated,796626.734,-35.14349,-25.98114,-30.48803,0.43588,0.52674,0.72976,-0.20780454085510258,0.52674,0.8242319484222873,101.99372367813328,57.41866878282494,PAIR,Shield_60K_Al_side_window_side_wall_above_side_port,primary_gamma_pair_conversion__positron_annihilation__511gamma_to_TES,/home/ubuntu/TES_511_Balloon/runs/particle_source_unit_repair_20260811/s3d_o8/instant_gamma_batch0003_v1/shards/shard0002/attempt01/Background_gamma_fullsphere20_batch0003_shard0002.inc1.id1.sim.gz
gamma,1456,0.016921464065444387,511.21270270734044,1,4076924.241255552,16447.430223657,False,False,not_evaluated,4597434.438,-50.0421,-30.31637,39.61902,0.36109,0.69025,-0.62704,0.6987134236938632,0.69025,-0.18805504845656235,45.67612727173813,344.7599444552703,PAIR,BGO_S3C_FullWrap_SideShell_WindowCut_40mm,primary_gamma_pair_conversion__positron_annihilation__511gamma_to_TES,/home/ubuntu/TES_511_Balloon/runs/particle_source_unit_repair_20260811/s3d_o8/instant_gamma_batch0003_v1/shards/shard0003/attempt01/Background_gamma_fullsphere20_batch0003_shard0003.inc1.id1.sim.gz
gamma,20623,0.016921464065444387,510.8465780639898,2,90882.58250322,1738.10542859,False,False,not_evaluated,277731.241,-45.11274,-10.27814,-24.97956,0.91925,0.14268,0.36691,0.39056335952057775,0.14268,0.90945245769089,67.01044218513108,81.0837946668965,PAIR,Nb_MagShield_Inner_Cylinder_2mm,primary_gamma_pair_conversion__positron_annihilation__511gamma_to_TES,/home/ubuntu/TES_511_Balloon/runs/particle_source_unit_repair_20260811/s3d_o8/instant_gamma_batch0003_v1/shards/shard0005/attempt01/Background_gamma_fullsphere20_batch0003_shard0005.inc1.id1.sim.gz
gamma,17092,0.016921464065444387,510.98128840253185,1,510.99889,0.0,False,False,not_evaluated,3823.141,-10.98201,6.18873,-49.75754,0.12293,-0.24361,0.96205,-0.5933474422292557,-0.24361,0.7671967154517805,126.39491445056171,107.61634226555093,PAIR,Cu_50mK_StillLike_Can_bottom_cap_2mm,primary_gamma_pair_conversion__positron_annihilation__511gamma_to_TES,/home/ubuntu/TES_511_Balloon/runs/particle_source_unit_repair_20260811/s3d_o8/instant_gamma_batch0003_v1/shards/shard0007/attempt01/Background_gamma_fullsphere20_batch0003_shard0007.inc1.id1.sim.gz
gamma,16363,0.016921464065444387,510.9272309793893,1,1949383.558950227,0.0,False,False,not_evaluated,2142450.949,55.41918,-40.11245,0.69312,-0.62572,0.75213,-0.20682,-0.2962070306390448,0.75213,-0.5886946796090483,107.22993032847496,321.94959386599953,PAIR,BGO_S3C_FullWrap_SideShell_WindowCut_40mm,primary_gamma_pair_conversion__positron_annihilation__511gamma_to_TES,/home/ubuntu/TES_511_Balloon/runs/particle_source_unit_repair_20260811/s3d_o8/instant_gamma_batch0003_v1/shards/shard0011/attempt01/Background_gamma_fullsphere20_batch0003_shard0011.inc1.id1.sim.gz
gamma,9550,0.016921464065444387,510.88861168963757,1,701.0381513,0.0,False,False,not_evaluated,30443.566,34.06363,43.49212,-27.5125,-0.62911,-0.72602,0.27771,-0.641218571315585,-0.72602,-0.24847732290895277,129.8827454219464,198.89329749279955,PAIR,Cu_50mK_StillLike_Can_bottom_cap_2mm,primary_gamma_pair_conversion__positron_annihilation__511gamma_to_TES,/home/ubuntu/TES_511_Balloon/runs/particle_source_unit_repair_20260811/s3d_o8/instant_gamma_batch0003_v1/shards/shard0013/attempt01/Background_gamma_fullsphere20_batch0003_shard0013.inc1.id1.sim.gz
gamma,17335,0.016921464065444387,511.00286534042635,1,3742.779256,0.0,False,False,not_evaluated,31672.505,-54.37928,-3.72364,1.21022,0.98797,0.06881,0.13851,0.6006589263467247,0.06881,0.796541646871022,53.08289564014205,85.06270737148904,PAIR,Vacuum_Jacket_Al_266mmClass_side_port_side_wall_below_side_port,primary_gamma_pair_conversion__positron_annihilation__511gamma_to_TES,/home/ubuntu/TES_511_Balloon/runs/particle_source_unit_repair_20260811/s3d_o8/instant_gamma_batch0003_v1/shards/shard0013/attempt01/Background_gamma_fullsphere20_batch0003_shard0013.inc1.id1.sim.gz
gamma,14607,0.016921464065444387,511.11868806635636,2,176660.99231116337,0.0,False,False,not_evaluated,211569.641,56.39861,14.12474,-37.80583,-0.97864,-0.10893,0.17435,-0.8152870476402775,-0.10893,-0.5687189130405284,144.61575440133237,259.1571310702058,PAIR,Shield_4K_Al_side_window_bottom_cap,primary_gamma_pair_conversion__positron_annihilation__511gamma_to_TES,/home/ubuntu/TES_511_Balloon/runs/particle_source_unit_repair_20260811/s3d_o8/instant_gamma_batch0003_v1/shards/shard0017/attempt01/Background_gamma_fullsphere20_batch0003_shard0017.inc1.id1.sim.gz
gamma,14877,0.016921464065444387,510.92000984751763,1,19878.2184546,0.0,False,False,not_evaluated,38280.559,28.38741,-57.99993,-12.20012,-0.5484,0.83426,-0.05719,-0.34733792198664404,0.83426,-0.4282167956187613,110.3245767120948,332.82905215563204,PAIR,Vacuum_Jacket_Al_266mmClass_side_port_side_wall_below_side_port,primary_gamma_pair_conversion__positron_annihilation__511gamma_to_TES,/home/ubuntu/TES_511_Balloon/runs/particle_source_unit_repair_20260811/s3d_o8/instant_gamma_batch0003_v1/shards/shard0021/attempt01/Background_gamma_fullsphere20_batch0003_shard0021.inc1.id1.sim.gz
gamma,22967,0.016921464065444387,511.27686878926966,2,377852.78687196,0.0,False,False,not_evaluated,495087.75,3.21947,-57.7173,28.05874,0.10636,0.88959,-0.44421,0.3893117805178775,0.88959,-0.23889602602387508,67.08831684542471,344.9680894014902,PAIR,ColdPlate_MXC_50mK_SD_anchor,primary_gamma_pair_conversion__positron_annihilation__511gamma_to_TES,/home/ubuntu/TES_511_Balloon/runs/particle_source_unit_repair_20260811/s3d_o8/instant_gamma_batch0003_v1/shards/shard0021/attempt01/Background_gamma_fullsphere20_batch0003_shard0021.inc1.id1.sim.gz
gamma,17227,0.016921464065444387,511.3247579556486,1,1008000.3155100055,4971.28802662,False,False,not_evaluated,1750168.012,62.59183,-21.08629,-2.06527,-0.99271,0.11465,0.03708,-0.7281714921980948,0.11465,-0.6757324533053004,136.73332202970062,279.6295420725455,PAIR,BGO_S3C_FullWrap_SideShell_WindowCut_40mm,primary_gamma_pair_conversion__positron_annihilation__511gamma_to_TES,/home/ubuntu/TES_511_Balloon/runs/particle_source_unit_repair_20260811/s3d_o8/instant_gamma_batch0003_v1/shards/shard0022/attempt01/Background_gamma_fullsphere20_batch0003_shard0022.inc1.id1.sim.gz
gamma,10275,0.016921464065444387,510.98318280373104,2,2117427.267848437,17515.992084951,False,False,not_evaluated,3974130.276,35.52595,-49.97847,23.87733,-0.53925,0.8316,-0.13289,-0.28733991160296546,0.8316,-0.4752747519067261,106.69876724366229,330.25123633832595,PAIR,BGO_S3C_FullWrap_SideShell_WindowCut_40mm,primary_gamma_pair_conversion__positron_annihilation__511gamma_to_TES,/home/ubuntu/TES_511_Balloon/runs/particle_source_unit_repair_20260811/s3d_o8/instant_gamma_batch0003_v1/shards/shard0024/attempt01/Background_gamma_fullsphere20_batch0003_shard0024.inc1.id1.sim.gz
gamma,11889,0.016921464065444387,511.3411773824856,1,277840.6898389328,0.0,False,False,not_evaluated,355181.722,40.11994,-47.52238,26.86949,-0.66294,0.60878,-0.43578,-0.16062637641433614,0.60878,-0.7769123626252835,99.2432552067973,308.08185976168045,PAIR,DR_MixingChamber_Cu,primary_gamma__IA_pair_and_annihilation_present__TES_ancestry_unresolved,/home/ubuntu/TES_511_Balloon/runs/particle_source_unit_repair_20260811/s3d_o8/instant_gamma_batch0003_v1/shards/shard0024/attempt01/Background_gamma_fullsphere20_batch0003_shard0024.inc1.id1.sim.gz
gamma,22344,0.016921464065444387,511.1407560301515,1,115669.28172463,0.0,False,False,not_evaluated,167685.558,-41.34066,29.83902,-21.68295,0.64613,-0.70385,0.29513,0.2481944801964782,-0.70385,0.6655713288596498,75.62930348909877,136.6011400659274,PAIR,Passive_W_Bottom_Plate_detector_bay,primary_gamma_pair_conversion__positron_annihilation__511gamma_to_TES,/home/ubuntu/TES_511_Balloon/runs/particle_source_unit_repair_20260811/s3d_o8/instant_gamma_batch0003_v1/shards/shard0024/attempt01/Background_gamma_fullsphere20_batch0003_shard0024.inc1.id1.sim.gz
gamma,20792,0.016921464065444387,511.0129190565629,1,520287.61131731066,2639.68735377,False,False,not_evaluated,1337299.476,3.09292,-31.92439,62.7868,0.30506,0.54252,-0.78269,0.7691554012356672,0.54252,-0.3377354118981307,39.72189491103651,328.09646418029405,PAIR,ColdPlate_4K,primary_gamma_pair_conversion__positron_annihilation__511gamma_to_TES,/home/ubuntu/TES_511_Balloon/runs/particle_source_unit_repair_20260811/s3d_o8/instant_gamma_batch0003_v1/shards/shard0025/attempt01/Background_gamma_fullsphere20_batch0003_shard0025.inc1.id1.sim.gz
gamma,798,0.016921464065444387,510.74289650646875,1,60820.3282301,0.0,False,False,not_evaluated,70338.026,-41.07588,-44.5777,7.32585,0.43152,0.90134,-0.03715,0.33139973513869925,0.90134,0.27886170129653876,70.64624425159238,17.191319356818276,PAIR,BGO_S3C_FullWrap_SideShell_WindowCut_40mm,primary_gamma_pair_conversion__positron_annihilation__511gamma_to_TES,/home/ubuntu/TES_511_Balloon/runs/particle_source_unit_repair_20260811/s3d_o8/instant_gamma_batch0003_v1/shards/shard0030/attempt01/Background_gamma_fullsphere20_batch0003_shard0030.inc1.id1.sim.gz
gamma,3883,0.016921464065444387,510.9087803866569,1,0.0,0.0,True,True,single,4148.29,-37.97275,-13.86146,-31.08029,0.76951,0.27145,0.57807,0.1353685221903527,0.27145,0.9528829561913678,82.22006972592435,74.09921305692883,PAIR,Nb_MagShield_Inner_Cylinder_2mm,primary_gamma_pair_conversion__positron_annihilation__511gamma_to_TES,/home/ubuntu/TES_511_Balloon/runs/particle_source_unit_repair_20260811/s3d_o8/instant_gamma_batch0003_v1/shards/shard0032/attempt01/Background_gamma_fullsphere20_batch0003_shard0032.inc1.id1.sim.gz
gamma,5801,0.016921464065444387,510.9742126567435,1,12548830.320200339,68580.0515830067,False,False,not_evaluated,16106879.79,-34.57372,-47.016,-25.09743,0.48334,0.87539,-0.00836,0.34768440430942543,0.87539,0.33586157892798635,69.6542518190835,20.990349563796254,PAIR,BGO_S3D_O8_FullWrap_BottomCap_30mm,primary_gamma_pair_conversion__positron_annihilation__511gamma_to_TES,/home/ubuntu/TES_511_Balloon/runs/particle_source_unit_repair_20260811/s3d_o8/instant_gamma_batch0003_v1/shards/shard0033/attempt01/Background_gamma_fullsphere20_batch0003_shard0033.inc1.id1.sim.gz
gamma,18775,0.016921464065444387,511.235571607167,2,133565.1929214511,3135.97396721,False,False,not_evaluated,239637.536,45.29093,47.29585,-15.3589,-0.79196,-0.60979,-0.03077,-0.5382426107713881,-0.60979,-0.5817579620856083,122.56408569522715,223.65232344327794,PAIR,BGO_S3C_FullWrap_SideShell_WindowCut_40mm,primary_gamma_pair_conversion__positron_annihilation__511gamma_to_TES,/home/ubuntu/TES_511_Balloon/runs/particle_source_unit_repair_20260811/s3d_o8/instant_gamma_batch0003_v1/shards/shard0034/attempt01/Background_gamma_fullsphere20_batch0003_shard0034.inc1.id1.sim.gz
gamma,5526,0.016921464065444387,511.24230490015464,2,941.243278,0.0,False,False,not_evaluated,10309.204,-26.89295,51.54076,-6.60232,0.39297,-0.91954,0.00469,0.2745554209991127,-0.91954,0.2811880826066425,74.0644780832268,162.99678098928328,PAIR,Nb_MagShield_Inner_Cylinder_2mm,primary_gamma_pair_conversion__positron_annihilation__511gamma_to_TES,/home/ubuntu/TES_511_Balloon/runs/particle_source_unit_repair_20260811/s3d_o8/instant_gamma_batch0003_v1/shards/shard0036/attempt01/Background_gamma_fullsphere20_batch0003_shard0036.inc1.id1.sim.gz
gamma,6184,0.016921464065444387,511.0916282899802,1,811158.6764536774,3931.31238122,False,False,not_evaluated,1174509.623,-18.65427,-57.46726,14.53262,0.11155,0.9871,-0.11487,0.1601031173962581,0.9871,-0.0023475945135393405,80.78711842783427,359.86373517978393,PAIR,BGO_S3C_FullWrap_SideShell_WindowCut_40mm,primary_gamma_pair_conversion__positron_annihilation__511gamma_to_TES,/home/ubuntu/TES_511_Balloon/runs/particle_source_unit_repair_20260811/s3d_o8/instant_gamma_batch0003_v1/shards/shard0036/attempt01/Background_gamma_fullsphere20_batch0003_shard0036.inc1.id1.sim.gz
gamma,18262,0.016921464065444387,511.1307891552574,2,259128.36668197456,0.0,False,False,not_evaluated,388754.102,7.96241,-58.00802,-17.47705,-0.19177,0.97555,0.10734,-0.21150270932070825,0.97555,-0.0597010255355802,102.2104293955244,356.49802042865673,PAIR,MuMetal_MagShield_Outer_Cylinder_2mm,primary_gamma_pair_conversion__positron_annihilation__511gamma_to_TES,/home/ubuntu/TES_511_Balloon/runs/particle_source_unit_repair_20260811/s3d_o8/instant_gamma_batch0003_v1/shards/shard0036/attempt01/Background_gamma_fullsphere20_batch0003_shard0036.inc1.id1.sim.gz
gamma,15445,0.016921464065444387,510.96655693000616,1,33409.120277725,0.0,False,False,not_evaluated,41816.476,-44.91871,-34.14875,25.24234,0.78102,0.62423,0.01872,0.5390274992985052,0.62423,0.5655015771861296,57.38253897880926,42.1740165910458,PAIR,G10_Support_Ring_MXC_CP,primary_gamma_pair_conversion__positron_annihilation__511gamma_to_TES,/home/ubuntu/TES_511_Balloon/runs/particle_source_unit_repair_20260811/s3d_o8/instant_gamma_batch0003_v1/shards/shard0037/attempt01/Background_gamma_fullsphere20_batch0003_shard0037.inc1.id1.sim.gz
gamma,510,0.016921464065444387,511.18297638410723,1,107179.70499676024,0.0,False,False,not_evaluated,122852.296,19.28848,-57.94659,-27.70397,-0.419,0.90713,0.03945,-0.3241731038349727,0.90713,-0.2683823787993541,108.91548526857667,343.51868585673174,PAIR,BGO_S3D_O8_FullWrap_BottomCap_30mm,primary_gamma_pair_conversion__positron_annihilation__511gamma_to_TES,/home/ubuntu/TES_511_Balloon/runs/particle_source_unit_repair_20260811/s3d_o8/instant_gamma_batch0003_v1/shards/shard0039/attempt01/Background_gamma_fullsphere20_batch0003_shard0039.inc1.id1.sim.gz
gamma,20055,0.016921464065444387,511.3829490729959,1,4172577.7666735286,36428.797471451,False,False,not_evaluated,6397193.243,-31.79685,54.03874,-1.24207,0.55408,-0.78535,-0.27608,0.5870117654698244,-0.78535,0.19657568516986024,54.05476047590729,165.94740290233844,PAIR,Shield_4K_Al_side_window_bottom_cap,primary_gamma_pair_conversion__positron_annihilation__511gamma_to_TES,/home/ubuntu/TES_511_Balloon/runs/particle_source_unit_repair_20260811/s3d_o8/instant_gamma_batch0003_v1/shards/shard0040/attempt01/Background_gamma_fullsphere20_batch0003_shard0040.inc1.id1.sim.gz
gamma,23113,0.016921464065444387,511.08345440301576,1,457238.783498004,5214.89212826,False,False,not_evaluated,818860.638,-42.50823,-36.10955,21.24835,0.81323,0.48013,-0.32885,0.8075725126575323,0.48013,0.3425083826711399,36.140567135935264,35.50276672061109,PAIR,BGO_S3C_FullWrap_SideShell_WindowCut_40mm,primary_gamma_pair_conversion__positron_annihilation__511gamma_to_TES,/home/ubuntu/TES_511_Balloon/runs/particle_source_unit_repair_20260811/s3d_o8/instant_gamma_batch0003_v1/shards/shard0040/attempt01/Background_gamma_fullsphere20_batch0003_shard0040.inc1.id1.sim.gz
gamma,360,0.016921464065444387,510.9827022877637,2,1118469.5890194192,5371.046852279,False,False,not_evaluated,1922238.167,-42.31946,-42.29435,4.47536,0.51328,0.85374,-0.08761,0.42489339374718454,0.85374,0.3009941435476777,64.85608422817661,19.420586162108872,PAIR,Cu_SubstrateSupport_OpenRing_L4_YM_panel,primary_gamma_pair_conversion__positron_annihilation__511gamma_to_TES,/home/ubuntu/TES_511_Balloon/runs/particle_source_unit_repair_20260811/s3d_o8/instant_gamma_batch0003_v1/shards/shard0042/attempt01/Background_gamma_fullsphere20_batch0003_shard0042.inc1.id1.sim.gz
gamma,18713,0.016921464065444387,511.01845612539637,2,250523.46327693,0.0,False,False,not_evaluated,340189.634,-39.58409,-41.15256,0.59293,0.61142,0.79099,0.02252,0.41641518344075784,0.79099,0.4482632728653999,65.39153101384454,29.54073448298546,PAIR,Cu_50mK_StillLike_Can_bottom_cap_2mm,primary_gamma_pair_conversion__positron_annihilation__511gamma_to_TES,/home/ubuntu/TES_511_Balloon/runs/particle_source_unit_repair_20260811/s3d_o8/instant_gamma_batch0003_v1/shards/shard0045/attempt01/Background_gamma_fullsphere20_batch0003_shard0045.inc1.id1.sim.gz
gamma,11601,0.016921464065444387,511.08023360620473,1,143881.145578588,0.0,False,False,not_evaluated,171621.414,34.23281,48.12804,-20.2612,-0.26424,-0.9293,0.25803,-0.3693006586102982,-0.9293,-0.004391133111168456,111.6724935589012,180.2707322953686,PAIR,BGO_S3C_FullWrap_SideShell_WindowCut_40mm,primary_gamma_pair_conversion__positron_annihilation__511gamma_to_TES,/home/ubuntu/TES_511_Balloon/runs/particle_source_unit_repair_20260811/s3d_o8/instant_gamma_batch0003_v1/shards/shard0046/attempt01/Background_gamma_fullsphere20_batch0003_shard0046.inc1.id1.sim.gz
gamma,17216,0.016921464065444387,511.17092771042223,1,361272.3343515057,398.180991,False,False,not_evaluated,418142.536,-49.86281,5.07043,37.93561,0.88969,0.18223,-0.41863,0.9251219439619839,0.18223,0.3330897203457351,22.31324971679662,61.317379056310955,PAIR,BGO_S3C_FullWrap_SideShell_WindowCut_40mm,primary_gamma_pair_conversion__positron_annihilation__511gamma_to_TES,/home/ubuntu/TES_511_Balloon/runs/particle_source_unit_repair_20260811/s3d_o8/instant_gamma_batch0003_v1/shards/shard0047/attempt01/Background_gamma_fullsphere20_batch0003_shard0047.inc1.id1.sim.gz
gamma,3767,0.016921464065444387,511.0506906888718,1,181553.70283377,104.45171,False,False,not_evaluated,208617.953,45.1096,-23.43386,-44.4922,-0.90843,0.06174,0.41345,-0.9347103119148734,0.06174,-0.3500037145517173,159.1813941302075,280.0039534653832,PAIR,BGO_S3C_FullWrap_SideShell_WindowCut_40mm,primary_gamma_pair_conversion__positron_annihilation__511gamma_to_TES,/home/ubuntu/TES_511_Balloon/runs/particle_source_unit_repair_20260811/s3d_o8/instant_gamma_batch0003_v1/shards/shard0048/attempt01/Background_gamma_fullsphere20_batch0003_shard0048.inc1.id1.sim.gz
gamma,8984,0.016921464065444387,511.0764850863072,1,309303.075809995,1780.703209,False,False,not_evaluated,402392.414,-15.1544,-54.41419,30.43672,0.11787,0.87138,-0.47624,0.4200992097707398,0.87138,-0.253405857173823,65.15914882547392,343.7850506862879,PAIR,Cu_SubstrateSupport_OpenRing_L2_ZM_panel,primary_gamma_pair_conversion__positron_annihilation__511gamma_to_TES,/home/ubuntu/TES_511_Balloon/runs/particle_source_unit_repair_20260811/s3d_o8/instant_gamma_batch0003_v1/shards/shard0048/attempt01/Background_gamma_fullsphere20_batch0003_shard0048.inc1.id1.sim.gz
gamma,10509,0.016921464065444387,511.2867596308173,2,219131.44293085,3384.84572824322,False,False,not_evaluated,272540.236,-58.74761,6.28315,-12.55586,0.98337,-0.09762,-0.15314,0.8036339278863232,-0.09762,0.5870612629445074,36.52146836342327,99.44109321185586,PAIR,BGO_S3D_O8_FullWrap_BottomCap_30mm,primary_gamma_pair_conversion__positron_annihilation__511gamma_to_TES,/home/ubuntu/TES_511_Balloon/runs/particle_source_unit_repair_20260811/s3d_o8/instant_gamma_batch0003_v1/shards/shard0048/attempt01/Background_gamma_fullsphere20_batch0003_shard0048.inc1.id1.sim.gz
gamma,21240,0.016921464065444387,510.9476931697019,1,238387.29973721,9.550694,False,False,not_evaluated,254561.451,10.58392,68.29028,6.28084,-0.29277,-0.87042,-0.39579,0.07284614059783813,-0.87042,-0.48688544525380917,85.82252334780148,209.2212703136343,PAIR,BGO_S3C_FullWrap_SideShell_WindowCut_40mm,primary_gamma_pair_conversion__positron_annihilation__511gamma_to_TES,/home/ubuntu/TES_511_Balloon/runs/particle_source_unit_repair_20260811/s3d_o8/instant_gamma_batch0003_v1/shards/shard0048/attempt01/Background_gamma_fullsphere20_batch0003_shard0048.inc1.id1.sim.gz
gamma,4595,0.016921464065444387,511.037974606448,2,7465301.92167002,227819.6013068127,False,False,not_evaluated,18887292.177,31.18574,-50.54277,31.48767,-0.50128,0.84545,-0.18419,-0.22421648924644236,0.84545,-0.4847004852999427,102.95680920076411,330.1741487068914,PAIR,ColdPlate_4K,primary_gamma_pair_conversion__positron_annihilation__511gamma_to_TES,/home/ubuntu/TES_511_Balloon/runs/particle_source_unit_repair_20260811/s3d_o8/instant_gamma_batch0003_v1/shards/shard0049/attempt01/Background_gamma_fullsphere20_batch0003_shard0049.inc1.id1.sim.gz
gamma,1000,0.016921464065444387,511.082129778244,1,212787.9198928725,263.7995149,False,False,not_evaluated,351199.817,-14.39259,19.42373,-45.1105,0.2932,-0.4572,0.83965,-0.3863985005793889,-0.4572,0.8010459170671803,112.73058836509256,119.71572789936607,PAIR,Cu_SubstrateSupport_SolidDisk_L0_deepest,primary_gamma_pair_conversion__positron_annihilation__511gamma_to_TES,/home/ubuntu/TES_511_Balloon/runs/particle_source_unit_repair_20260811/s3d_o8/instant_gamma_batch0003_v1/shards/shard0051/attempt01/Background_gamma_fullsphere20_batch0003_shard0051.inc1.id1.sim.gz
gamma,9560,0.016921464065444387,511.24943977898084,2,113683.21380884,0.0,False,False,not_evaluated,132195.521,-56.72108,1.10172,14.9544,0.98662,0.09436,0.13293,0.6036499880311439,0.09436,0.7916413968773993,52.86824150968083,83.20267759368008,COMP,DR_Continuous_HEX_CuNi_MXC_to_CP,primary_gamma_pair_conversion__positron_annihilation__511gamma_to_TES,/home/ubuntu/TES_511_Balloon/runs/particle_source_unit_repair_20260811/s3d_o8/instant_gamma_batch0003_v1/shards/shard0051/attempt01/Background_gamma_fullsphere20_batch0003_shard0051.inc1.id1.sim.gz
gamma,11613,0.016921464065444387,511.126318797839,2,37315.2995575,0.0,False,False,not_evaluated,56076.588,64.67798,18.87345,1.46269,-0.8864,-0.43713,-0.15238,-0.5190305195265497,-0.43713,-0.734528382160962,121.26724310688303,239.24242267809626,PAIR,ColdPlate_MXC_50mK_SD_anchor,primary_gamma_pair_conversion__positron_annihilation__511gamma_to_TES,/home/ubuntu/TES_511_Balloon/runs/particle_source_unit_repair_20260811/s3d_o8/instant_gamma_batch0003_v1/shards/shard0052/attempt01/Background_gamma_fullsphere20_batch0003_shard0052.inc1.id1.sim.gz
gamma,4901,0.016921464065444387,511.0063249098664,1,412215.398932162,2034.6251585,False,False,not_evaluated,685577.121,43.7707,-51.11379,-1.70313,-0.76412,0.62647,-0.15383,-0.4315401974903381,0.62647,-0.6490886697901914,115.5653447174097,313.9841168880602,PAIR,BGO_S3C_FullWrap_SideShell_WindowCut_40mm,primary_gamma_pair_conversion__positron_annihilation__511gamma_to_TES,/home/ubuntu/TES_511_Balloon/runs/particle_source_unit_repair_20260811/s3d_o8/instant_gamma_batch0003_v1/shards/shard0054/attempt01/Background_gamma_fullsphere20_batch0003_shard0054.inc1.id1.sim.gz
gamma,6490,0.016921464065444387,511.1204036313241,1,520536.1940126274,6454.33842655,False,False,not_evaluated,1261021.532,35.35807,-51.85072,11.43666,-0.56115,0.82663,-0.04237,-0.36683285594395715,0.82663,-0.42675308458170524,111.52042339888749,332.6946624351048,PAIR,ColdPlate_CP_100mK_intercept,primary_gamma_pair_conversion__positron_annihilation__511gamma_to_TES,/home/ubuntu/TES_511_Balloon/runs/particle_source_unit_repair_20260811/s3d_o8/instant_gamma_batch0003_v1/shards/shard0054/attempt01/Background_gamma_fullsphere20_batch0003_shard0054.inc1.id1.sim.gz
gamma,19146,0.016921464065444387,510.97783179656244,1,1357204.5015012457,608.817588028,False,False,not_evaluated,1657341.296,-28.80388,-56.8595,11.23903,0.19803,0.9247,-0.32514,0.36993705471336613,0.9247,-0.08988034295662205,68.28826466220639,354.44832079633045,PAIR,BGO_S3D_O8_FullWrap_BottomCap_30mm,primary_gamma_pair_conversion__positron_annihilation__511gamma_to_TES,/home/ubuntu/TES_511_Balloon/runs/particle_source_unit_repair_20260811/s3d_o8/instant_gamma_batch0003_v1/shards/shard0056/attempt01/Background_gamma_fullsphere20_batch0003_shard0056.inc1.id1.sim.gz
gamma,21869,0.016921464065444387,511.02291566827904,2,12685.4406241,0.0,False,False,not_evaluated,13283.775,2.04301,-61.37316,-0.51027,-0.19812,0.97862,0.05516,-0.17909600553892877,0.97862,-0.10108798543842883,100.31710912110997,354.1024651098436,PAIR,BGO_S3C_FullWrap_SideShell_WindowCut_40mm,primary_gamma_pair_conversion__positron_annihilation__511gamma_to_TES,/home/ubuntu/TES_511_Balloon/runs/particle_source_unit_repair_20260811/s3d_o8/instant_gamma_batch0003_v1/shards/shard0058/attempt01/Background_gamma_fullsphere20_batch0003_shard0058.inc1.id1.sim.gz
gamma,18169,0.016921464065444387,510.7362106823209,3,1975.106604,0.0,False,False,not_evaluated,8048.633,-39.21125,-7.09777,-32.29983,0.61727,0.03514,0.78596,-0.11928184291835872,0.03514,0.9922334485643991,96.85065751821557,87.97171463427276,COMP,Passive_W_Bottom_Plate_detector_bay,primary_gamma_pair_conversion__positron_annihilation__511gamma_to_TES,/home/ubuntu/TES_511_Balloon/runs/particle_source_unit_repair_20260811/s3d_o8/instant_gamma_batch0003_v1/shards/shard0059/attempt01/Background_gamma_fullsphere20_batch0003_shard0059.inc1.id1.sim.gz
gamma,3734,0.016921464065444387,511.2785168424759,1,906928.1046721766,2663.0829352,False,False,not_evaluated,2439593.802,63.99188,3.07232,-2.47607,-0.97873,0.02435,0.20371,-0.8361113423462213,0.02435,-0.5480218975551981,146.73173670356283,272.54412314006436,PAIR,BGO_S3C_FullWrap_SideShell_WindowCut_40mm,primary_gamma_pair_conversion__positron_annihilation__511gamma_to_TES,/home/ubuntu/TES_511_Balloon/runs/particle_source_unit_repair_20260811/s3d_o8/instant_gamma_batch0003_v1/shards/shard0060/attempt01/Background_gamma_fullsphere20_batch0003_shard0060.inc1.id1.sim.gz
gamma,5483,0.016921464065444387,510.9774820381505,1,668815.9942270597,6179.06206166,False,False,not_evaluated,850321.132,56.15135,41.95261,-2.65409,-0.77203,-0.56807,-0.28508,-0.3443256470987893,-0.56807,-0.7474896494601113,110.14063620208593,232.76624143964432,PAIR,BGO_S3C_FullWrap_SideShell_WindowCut_40mm,primary_gamma_pair_conversion__positron_annihilation__511gamma_to_TES,/home/ubuntu/TES_511_Balloon/runs/particle_source_unit_repair_20260811/s3d_o8/instant_gamma_batch0003_v1/shards/shard0060/attempt01/Background_gamma_fullsphere20_batch0003_shard0060.inc1.id1.sim.gz
gamma,16696,0.016921464065444387,511.35643431514603,2,455134.116184045,1218.11839228,False,False,not_evaluated,704050.636,-45.04195,36.14886,10.20166,0.72044,-0.6686,0.18423,0.37915772714003865,-0.6686,0.639698291736034,67.71847990294066,136.26551919992556,PAIR,BGO_S3C_FullWrap_SideShell_WindowCut_40mm,primary_gamma_pair_conversion__positron_annihilation__511gamma_to_TES,/home/ubuntu/TES_511_Balloon/runs/particle_source_unit_repair_20260811/s3d_o8/instant_gamma_batch0003_v1/shards/shard0060/attempt01/Background_gamma_fullsphere20_batch0003_shard0060.inc1.id1.sim.gz
gamma,13315,0.016921464065444387,511.18742149855285,1,2347.46135,44.55538000000001,False,False,not_evaluated,50224.137,-42.20185,-33.66183,-11.47332,0.77274,0.62201,0.12636,0.4570596812233606,0.62201,0.635759706964825,62.80246375128899,45.626321968639175,PAIR,Nb_MagShield_Inner_Cylinder_2mm,primary_gamma_pair_conversion__positron_annihilation__511gamma_to_TES,/home/ubuntu/TES_511_Balloon/runs/particle_source_unit_repair_20260811/s3d_o8/instant_gamma_batch0003_v1/shards/shard0061/attempt01/Background_gamma_fullsphere20_batch0003_shard0061.inc1.id1.sim.gz
gamma,462,0.016921464065444387,511.1610631295458,1,709871.4389397755,2733.3429746,False,False,not_evaluated,857589.776,-12.61697,-12.95366,70.20224,-0.04481,-0.02557,-0.99867,0.6744808743026002,-0.02557,-0.7378517840325386,47.58614992132829,268.01522873122434,PAIR,BGO_S3C_FullWrap_SideShell_WindowCut_40mm,primary_gamma__IA_pair_and_annihilation_present__TES_ancestry_unresolved,/home/ubuntu/TES_511_Balloon/runs/particle_source_unit_repair_20260811/s3d_o8/instant_gamma_batch0003_v1/shards/shard0062/attempt01/Background_gamma_fullsphere20_batch0003_shard0062.inc1.id1.sim.gz
gamma,19485,0.016921464065444387,511.40179198996896,1,510.99890000000005,0.0,False,False,not_evaluated,5665.874,-46.36671,-35.80884,11.08013,0.71065,0.63906,-0.29423,0.710557462278738,0.63906,0.29445340582170215,44.71970989184624,24.73836865478631,PAIR,Cu_50mK_StillLike_Can_bottom_cap_2mm,primary_gamma_pair_conversion__positron_annihilation__511gamma_to_TES,/home/ubuntu/TES_511_Balloon/runs/particle_source_unit_repair_20260811/s3d_o8/instant_gamma_batch0003_v1/shards/shard0062/attempt01/Background_gamma_fullsphere20_batch0003_shard0062.inc1.id1.sim.gz
gamma,8456,0.016921464065444387,511.18663733029786,1,644997.8044500903,5772.520049433,False,False,not_evaluated,1134249.718,-46.80475,11.67572,44.3585,0.60549,-0.04627,-0.79451,0.9899494936611666,-0.04627,-0.13365732377988127,8.13010235415596,250.90497551689083,PAIR,Cu_50mK_StillLike_Can_bottom_cap_2mm,primary_gamma_pair_conversion__positron_annihilation__511gamma_to_TES,/home/ubuntu/TES_511_Balloon/runs/particle_source_unit_repair_20260811/s3d_o8/instant_gamma_batch0003_v1/shards/shard0064/attempt01/Background_gamma_fullsphere20_batch0003_shard0064.inc1.id1.sim.gz
gamma,17928,0.016921464065444387,511.23926929029716,2,238123.432542,111.61312000000001,False,False,not_evaluated,256299.689,6.72057,61.24927,-6.35836,-0.25126,-0.8623,0.43967,-0.48856128832522133,-0.8623,0.13322598864335744,119.24606302195987,171.2172034555174,PAIR,BGO_S3C_FullWrap_SideShell_WindowCut_40mm,primary_gamma_pair_conversion__positron_annihilation__511gamma_to_TES,/home/ubuntu/TES_511_Balloon/runs/particle_source_unit_repair_20260811/s3d_o8/instant_gamma_batch0003_v1/shards/shard0065/attempt01/Background_gamma_fullsphere20_batch0003_shard0065.inc1.id1.sim.gz
gamma,7278,0.016921464065444387,510.8138408784279,2,61493.155794979,41.989168,False,False,not_evaluated,321229.532,47.37583,-0.27518,53.68689,-0.58048,-0.18342,-0.79335,0.15052182051118038,-0.18342,-0.9714445091975146,81.34283197782216,259.3077646459943,PAIR,Cu_50mK_StillLike_Can_side_wall_above_side_port,primary_gamma_pair_conversion__positron_annihilation__511gamma_to_TES,/home/ubuntu/TES_511_Balloon/runs/particle_source_unit_repair_20260811/s3d_o8/instant_gamma_batch0003_v1/shards/shard0068/attempt01/Background_gamma_fullsphere20_batch0003_shard0068.inc1.id1.sim.gz
gamma,9788,0.016921464065444387,510.88615842090434,1,332033.553305875,0.0,False,False,not_evaluated,650857.892,27.74187,-51.47528,31.67032,-0.50795,0.78551,-0.35349,-0.10921971342207412,0.78551,-0.6091300655853396,96.27033743311337,322.2079224476626,PAIR,Cu_SubstrateSupport_OpenRing_L5_ZP_panel,primary_gamma_pair_conversion__positron_annihilation__511gamma_to_TES,/home/ubuntu/TES_511_Balloon/runs/particle_source_unit_repair_20260811/s3d_o8/instant_gamma_batch0003_v1/shards/shard0069/attempt01/Background_gamma_fullsphere20_batch0003_shard0069.inc1.id1.sim.gz
gamma,8336,0.016921464065444387,510.8975184682975,1,387777.38693548227,0.0,False,False,not_evaluated,529403.848,-46.94771,-34.29095,10.60399,0.90761,0.36509,-0.20724,0.7883179950058227,0.36509,0.49523637633962236,37.97139781744685,53.602229625989544,PAIR,Cu_SubstrateSupport_SolidDisk_L0_deepest,primary_gamma_pair_conversion__positron_annihilation__511gamma_to_TES,/home/ubuntu/TES_511_Balloon/runs/particle_source_unit_repair_20260811/s3d_o8/instant_gamma_batch0003_v1/shards/shard0071/attempt01/Background_gamma_fullsphere20_batch0003_shard0071.inc1.id1.sim.gz
gamma,15676,0.016921464065444387,511.2451322311214,1,808471.3434639348,954.527516,False,False,not_evaluated,934960.756,11.60026,-59.04148,28.19936,-0.36057,0.91134,-0.19861,-0.11452301428097324,0.91134,-0.3953999699038937,96.57611401647688,336.5455895065011,PAIR,BGO_S3C_FullWrap_SideShell_WindowCut_40mm,primary_gamma_pair_conversion__positron_annihilation__511gamma_to_TES,/home/ubuntu/TES_511_Balloon/runs/particle_source_unit_repair_20260811/s3d_o8/instant_gamma_batch0003_v1/shards/shard0071/attempt01/Background_gamma_fullsphere20_batch0003_shard0071.inc1.id1.sim.gz
gamma,2321,0.016921464065444387,511.29313879273843,1,510.99883,0.0,False,False,not_evaluated,4278.812,-50.28047,16.6057,-15.99464,0.90092,-0.4129,0.13364,0.5425488910688143,-0.4129,0.7315443915443548,57.14267794862652,119.44135365073676,PAIR,Passive_W_Bottom_Plate_detector_bay,primary_gamma_pair_conversion__positron_annihilation__511gamma_to_TES,/home/ubuntu/TES_511_Balloon/runs/particle_source_unit_repair_20260811/s3d_o8/instant_gamma_batch0003_v1/shards/shard0074/attempt01/Background_gamma_fullsphere20_batch0003_shard0074.inc1.id1.sim.gz
gamma,6571,0.016921464065444387,510.9079815377169,1,743082.5337474012,242.099532,False,False,not_evaluated,1074150.33,-23.72908,42.98839,-24.31867,0.26413,-0.73706,0.62208,-0.2531088723257247,-0.73706,0.6266451005553303,104.66155580410977,139.6289608677087,PAIR,Vacuum_Jacket_Al_266mmClass_side_port_side_wall_below_side_port,primary_gamma_pair_conversion__positron_annihilation__511gamma_to_TES,/home/ubuntu/TES_511_Balloon/runs/particle_source_unit_repair_20260811/s3d_o8/instant_gamma_batch0003_v1/shards/shard0075/attempt01/Background_gamma_fullsphere20_batch0003_shard0075.inc1.id1.sim.gz
gamma,17922,0.016921464065444387,511.15611946140285,1,41290.8759735,0.0,False,False,not_evaluated,43220.735,-51.60671,1.64553,-13.89329,0.95606,0.12377,0.26577,0.488108739985262,0.12377,0.8639642784571594,60.78364983548357,81.84737748862739,PAIR,BGO_S3D_O8_FullWrap_BottomCap_30mm,primary_gamma__IA_pair_and_annihilation_present__TES_ancestry_unresolved,/home/ubuntu/TES_511_Balloon/runs/particle_source_unit_repair_20260811/s3d_o8/instant_gamma_batch0003_v1/shards/shard0075/attempt01/Background_gamma_fullsphere20_batch0003_shard0075.inc1.id1.sim.gz
gamma,2653,0.016921464065444387,510.9706099274444,1,766691.2837328914,547.3950129,False,False,not_evaluated,868297.474,10.68471,-63.13557,-10.62235,-0.42261,0.90609,0.01992,-0.31291596387848286,0.90609,-0.28474482971601084,108.23504818622733,342.55432590009343,PAIR,Passive_W_Bottom_Plate_detector_bay,primary_gamma_pair_conversion__positron_annihilation__511gamma_to_TES,/home/ubuntu/TES_511_Balloon/runs/particle_source_unit_repair_20260811/s3d_o8/instant_seven_family_batch0001_v1/Background_gamma_fullsphere20_rep01_part01.inc1.id1.sim.gz
gamma,17762,0.016921464065444387,511.068884106083,1,47571.8280471658,0.0,False,False,not_evaluated,74978.153,-16.11535,-55.76723,-2.50029,0.48774,0.85183,0.19103,0.20980565304586055,0.85183,0.4799628698659929,77.8890367363081,29.399046963363922,PAIR,Nb_MagShield_Inner_Back_ColdFingerCap_2mm,primary_gamma_pair_conversion__positron_annihilation__511gamma_to_TES,/home/ubuntu/TES_511_Balloon/runs/particle_source_unit_repair_20260811/s3d_o8/instant_seven_family_batch0001_v1/Background_gamma_fullsphere20_rep01_part01.inc1.id1.sim.gz
gamma,2001,0.016921464065444387,511.1604279954114,1,293234.9933638316,1248.492782,False,False,not_evaluated,603915.24,19.72059,-56.30134,25.67064,-0.26357,0.9535,-0.14616,-0.08302140717911256,0.9535,-0.28972286145556414,94.76225764864057,343.0984920442477,PAIR,ColdPlate_Still_0p7K,primary_gamma_pair_conversion__positron_annihilation__511gamma_to_TES,/home/ubuntu/TES_511_Balloon/runs/particle_source_unit_repair_20260811/s3d_o8/instant_seven_family_batch0001_v1/Background_gamma_fullsphere20_rep01_part02.inc1.id1.sim.gz
gamma,2941,0.016921464065444387,511.0152246616706,1,186507.86534773,0.0,False,False,not_evaluated,213177.857,70.00175,9.87967,-4.57871,-0.94982,-0.1777,-0.25742,-0.48960073529356557,-0.1777,-0.8536475905196478,119.3143424437441,258.24092606534686,PAIR,BGO_S3D_O8_FullWrap_BottomCap_30mm,primary_gamma_pair_conversion__positron_annihilation__511gamma_to_TES,/home/ubuntu/TES_511_Balloon/runs/particle_source_unit_repair_20260811/s3d_o8/instant_seven_family_batch0001_v1/Background_gamma_fullsphere20_rep01_part03.inc1.id1.sim.gz
gamma,8090,0.016921464065444387,511.18946146961923,1,602877.303222542,332.70977674,False,False,not_evaluated,961091.358,-29.41152,-48.5559,20.09192,0.48834,0.86705,-0.09873,0.4151211780311865,0.86705,0.2754958730180908,65.47305212807943,17.627098524892766,PAIR,BGO_S3C_FullWrap_SideShell_WindowCut_40mm,primary_gamma_pair_conversion__positron_annihilation__511gamma_to_TES,/home/ubuntu/TES_511_Balloon/runs/particle_source_unit_repair_20260811/s3d_o8/instant_seven_family_batch0001_v1/Background_gamma_fullsphere20_rep01_part03.inc1.id1.sim.gz
gamma,15043,0.016921464065444387,511.0675874074061,2,573034.2208673034,2433.06762418,False,False,not_evaluated,1153576.498,-47.27139,-16.46063,38.5389,0.7801,0.04844,-0.62378,0.9926930679721704,0.04844,0.11053493203508112,6.930586137793011,66.33540500162214,PAIR,BGO_S3C_FullWrap_SideShell_WindowCut_40mm,primary_gamma_pair_conversion__positron_annihilation__511gamma_to_TES,/home/ubuntu/TES_511_Balloon/runs/particle_source_unit_repair_20260811/s3d_o8/instant_seven_family_batch0001_v1/Background_gamma_fullsphere20_rep01_part03.inc1.id1.sim.gz
gamma,18449,0.016921464065444387,510.93241472829135,1,208698.8539662347,0.0,False,False,not_evaluated,225899.991,11.1979,-59.40374,-13.87255,-0.39646,0.78607,0.47426,-0.6156920165147507,0.78607,0.05501290757631343,128.00222066478563,4.00330308746174,PAIR,BGO_S3C_FullWrap_SideShell_WindowCut_40mm,primary_gamma_pair_conversion__positron_annihilation__511gamma_to_TES,/home/ubuntu/TES_511_Balloon/runs/particle_source_unit_repair_20260811/s3d_o8/instant_seven_family_batch0001_v1/Background_gamma_fullsphere20_rep01_part04.inc1.id1.sim.gz
n,1452,0.022379718496487094,510.8446938811393,2,2271613.790200551,58027.83470647994,False,False,not_evaluated,13062372.017,-53.46476,-18.02321,-16.60779,0.99,0.14018,-0.01587,0.7112574979921127,0.14018,0.6888139287572516,44.662678862234074,78.49686718633849,INEL,BGO_S3C_FullWrap_SideShell_WindowCut_40mm,primary_n__secondary_pair_conversion__positron_annihilation__511gamma_to_TES,/home/ubuntu/TES_511_Balloon/runs/particle_source_unit_repair_20260811/m05_16h_90gb_campaign_batch0006_v1/recovery0007_efficiency_scheduler/attempts/stage10_seven_family/S3d_O8/instant/neutron/r6_s10_neutron_instant_S3d_O8_bundle0001/attempt01/r6_s10_neutron_instant_S3d_O8_bundle0001.inc1.id1.sim.gz
n,8555,0.022379718496487094,511.26243229240833,1,6056412.797415502,220073.69200985713,False,False,not_evaluated,61768653.946,-30.27361,-26.72883,51.12738,0.7087,0.31287,-0.63234,0.9482584778424078,0.31287,0.05399467381140476,18.511765482293423,9.79157820751497,INEL,Cu_SubstrateSupport_SolidDisk_L0_deepest,primary_n__secondary_pair_conversion__positron_annihilation__511gamma_to_TES,/home/ubuntu/TES_511_Balloon/runs/particle_source_unit_repair_20260811/m05_16h_90gb_campaign_batch0006_v1/recovery0007_efficiency_scheduler/attempts/stage10_seven_family/S3d_O8/instant/neutron/r6_s10_neutron_instant_S3d_O8_bundle0001/attempt01/r6_s10_neutron_instant_S3d_O8_bundle0001.inc1.id1.sim.gz
n,8916,0.022379718496487094,511.19415429568085,1,680905.5605086907,34414.803134369104,False,False,not_evaluated,9039016.428,-8.52654,-65.38952,-7.81875,-0.2026,0.97691,-0.06775,-0.09535334944300594,0.97691,-0.1911663182937831,95.4716575696627,348.9280037756545,INEL,Nb_MagShield_Inner_Cylinder_2mm,primary_n__secondary_pair_conversion__positron_annihilation__511gamma_to_TES,/home/ubuntu/TES_511_Balloon/runs/particle_source_unit_repair_20260811/m05_16h_90gb_campaign_batch0006_v1/recovery0007_efficiency_scheduler/attempts/stage10_seven_family/S3d_O8/instant/neutron/r6_s10_neutron_instant_S3d_O8_bundle0001/attempt01/r6_s10_neutron_instant_S3d_O8_bundle0001.inc1.id1.sim.gz
n,13946,0.022379718496487094,511.0711193318774,2,2396204.2853487055,83754.5213622974,False,False,not_evaluated,10004268.844,39.6302,7.35343,66.53626,-0.48694,0.36008,-0.79576,0.21836871616602965,0.36008,-0.9070058682279846,77.38676210216079,291.65300507005463,INEL,BGO_S3D_O8_FullWrap_BottomCap_30mm,primary_n__secondary_pair_conversion__positron_annihilation__511gamma_to_TES,/home/ubuntu/TES_511_Balloon/runs/particle_source_unit_repair_20260811/m05_16h_90gb_campaign_batch0006_v1/recovery0007_efficiency_scheduler/attempts/stage10_seven_family/S3d_O8/instant/neutron/r6_s10_neutron_instant_S3d_O8_bundle0001/attempt01/r6_s10_neutron_instant_S3d_O8_bundle0001.inc1.id1.sim.gz
n,12654,0.022379718496487094,510.6308835187073,5,223697.03900898315,699.0456047802,False,False,not_evaluated,1202341.727,-58.46572,-3.47486,5.50933,0.95363,-0.2745,0.12341,0.5870541918766955,-0.2745,0.7615822876091592,54.051757801628845,109.82087673294214,ELAS,,primary_n__IA_pair_and_annihilation_present__TES_ancestry_unresolved,/home/ubuntu/TES_511_Balloon/runs/particle_source_unit_repair_20260811/m05_16h_90gb_campaign_batch0006_v1/recovery0007_efficiency_scheduler/attempts/stage10_seven_family/S3d_O8/instant/neutron/r6_s10_neutron_instant_S3d_O8_bundle0004/attempt01/r6_s10_neutron_instant_S3d_O8_bundle0004.inc1.id1.sim.gz
n,13344,0.022379718496487094,510.7991142378015,2,1693485.8332846924,40526.21447693477,False,False,not_evaluated,8778434.729,53.2048,36.48924,4.26528,-0.74352,-0.66744,-0.0413,-0.4965445238848174,-0.66744,-0.5549515440108262,119.77164965372684,219.74226349510272,INEL,BGO_S3C_FullWrap_SideShell_WindowCut_40mm,primary_n__secondary_pair_conversion__positron_annihilation__511gamma_to_TES,/home/ubuntu/TES_511_Balloon/runs/particle_source_unit_repair_20260811/m05_16h_90gb_campaign_batch0006_v1/recovery0007_efficiency_scheduler/attempts/stage10_seven_family/S3d_O8/instant/neutron/r6_s10_neutron_instant_S3d_O8_bundle0005/attempt01/r6_s10_neutron_instant_S3d_O8_bundle0005.inc1.id1.sim.gz
n,4348,0.022379718496487094,511.1051693812503,1,4245624.3714056,47958.821396908,False,False,not_evaluated,7957303.827,7.31021,64.02117,16.63219,0.30309,-0.91737,-0.258,0.39675054385596004,-0.91737,0.031883444763701446,66.62480419187901,178.00947075770557,INEL,Cu_50mK_StillLike_Can_bottom_cap_2mm,primary_n__secondary_pair_conversion__positron_annihilation__511gamma_to_TES,/home/ubuntu/TES_511_Balloon/runs/particle_source_unit_repair_20260811/m05_16h_90gb_campaign_batch0006_v1/recovery0007_efficiency_scheduler/attempts/stage10_seven_family/S3d_O8/instant/neutron/r6_s10_neutron_instant_S3d_O8_bundle0006/attempt01/r6_s10_neutron_instant_S3d_O8_bundle0006.inc1.id1.sim.gz
n,3034,0.022379718496487094,510.63564202551055,2,4519667.825870763,156734.7586903472,False,False,not_evaluated,18242973.86,57.47331,-27.0673,21.3712,-0.91514,0.37525,-0.1473,-0.5429448708662786,0.37525,-0.7512585286038357,122.88433487567461,296.5419064078112,INEL,BGO_S3C_FullWrap_SideShell_WindowCut_40mm,primary_n__secondary_pair_conversion__positron_annihilation__511gamma_to_TES,/home/ubuntu/TES_511_Balloon/runs/particle_source_unit_repair_20260811/m05_16h_90gb_campaign_batch0006_v1/stage10_seven_family/S3d_O8/instant/neutron/shard0002/attempt01/s10_neutron_instant_S3d_O8_shard0002.inc1.id1.sim.gz
n,5,0.022379718496487094,511.0806604744215,1,65573.993998295,536.0686160312,False,False,not_evaluated,829883.632,45.7471,43.92096,-0.31219,-0.6229,-0.7817,0.03067,-0.4621437789800919,-0.7817,-0.4187698490221091,117.52552838740235,208.17870355093774,INEL,DR_MXC_Sinter_HEX_AgProxy,primary_n__secondary_pair_conversion__positron_annihilation__511gamma_to_TES,/home/ubuntu/TES_511_Balloon/runs/particle_source_unit_repair_20260811/m05_16h_90gb_campaign_batch0006_v1/stage10_seven_family/S3d_O8/instant/neutron/shard0003/attempt01/s10_neutron_instant_S3d_O8_shard0003.inc1.id1.sim.gz
n,641,0.022379718496487094,510.6558555782766,3,1574094.735541885,40382.2187047496,False,False,not_evaluated,10840675.7,18.84265,-52.30195,43.84861,-0.28903,0.93561,-0.20273,-0.06102331521639907,0.93561,-0.3477268307162966,93.49855205341579,339.61201997100324,INEL,Cu_SubstrateSupport_OpenRing_L2_YM_panel,primary_n__secondary_pair_conversion__positron_annihilation__511gamma_to_TES,/home/ubuntu/TES_511_Balloon/runs/particle_source_unit_repair_20260811/s3d_o8/instant_n_screening_batch0004_v1/shards/shard0009/attempt01/Background_n_fullsphere20_batch0004_instant_shard0009.inc1.id1.sim.gz
n,2836,0.022379718496487094,511.1106477234606,1,450513.447021887,10586.394318365239,False,False,not_evaluated,1727156.675,-10.2523,64.15895,2.84088,0.46612,-0.84844,-0.25076,0.5069107092970122,-0.84844,0.1522825163963349,59.54172815709978,169.82459292898866,INEL,Nb_MagShield_Inner_Back_ColdFingerCap_2mm,primary_n__secondary_pair_conversion__positron_annihilation__511gamma_to_TES,/home/ubuntu/TES_511_Balloon/runs/particle_source_unit_repair_20260811/s3d_o8/instant_n_screening_batch0004_v1/shards/shard0009/attempt01/Background_n_fullsphere20_batch0004_instant_shard0009.inc1.id1.sim.gz
n,762,0.022379718496487094,511.16894540054886,1,1841.8899999999999,1017.2785944999999,False,False,not_evaluated,229639.278,-13.57543,-57.2736,7.67318,0.36499,0.9273,0.08301,0.1993899701589827,0.9273,0.3167838379715733,78.49871157662925,18.861171750061335,INEL,Cu_ColdFinger_OffAxis_YM_ZP_from_Disk_to_Stem,primary_n__secondary_pair_conversion__positron_annihilation__511gamma_to_TES,/home/ubuntu/TES_511_Balloon/runs/particle_source_unit_repair_20260811/s3d_o8/instant_n_screening_batch0004_v1/shards/shard0012/attempt01/Background_n_fullsphere20_batch0004_instant_shard0012.inc1.id1.sim.gz
n,2959,0.022379718496487094,511.0761417331167,1,1884261.3031723583,67562.60008422095,False,False,not_evaluated,7814680.518,-31.76947,-17.54195,58.5992,0.75344,-0.01736,-0.65728,0.9975296783554863,-0.01736,0.06799538807889843,4.0281332311747,104.32230496758645,INEL,BGO_S3C_FullWrap_SideShell_WindowCut_40mm,primary_n__secondary_pair_conversion__positron_annihilation__511gamma_to_TES,/home/ubuntu/TES_511_Balloon/runs/particle_source_unit_repair_20260811/s3d_o8/instant_n_screening_batch0004_v1/shards/shard0012/attempt01/Background_n_fullsphere20_batch0004_instant_shard0012.inc1.id1.sim.gz
n,1326,0.022379718496487094,511.0191531434439,1,267.148936603,182.85835,False,False,not_evaluated,166288.428,50.52147,-39.44631,-8.27429,-0.81339,0.58171,0.00155,-0.576249600260165,0.58171,-0.5740575692384867,125.18718951184647,315.37935445709996,INEL,MuMetal_MagShield_Outer_Cylinder_2mm,primary_n__secondary_pair_conversion__positron_annihilation__511gamma_to_TES,/home/ubuntu/TES_511_Balloon/runs/particle_source_unit_repair_20260811/s3d_o8/instant_n_screening_batch0004_v1/shards/shard0013/attempt01/Background_n_fullsphere20_batch0004_instant_shard0013.inc1.id1.sim.gz
n,2171,0.022379718496487094,511.19847887706965,1,5302.4739137876,197.09990542070003,False,False,not_evaluated,60256.574,-13.70101,54.50512,-23.2774,-0.11885,-0.77134,0.62523,-0.5261440137452863,-0.77134,0.3580647318572439,121.74528966868718,155.0987395781354,ELAS,Nb_MagShield_Inner_Cylinder_2mm,primary_n__secondary_pair_conversion__positron_annihilation__511gamma_to_TES,/home/ubuntu/TES_511_Balloon/runs/particle_source_unit_repair_20260811/s3d_o8/instant_n_screening_batch0004_v1/shards/shard0014/attempt01/Background_n_fullsphere20_batch0004_instant_shard0014.inc1.id1.sim.gz
p,802,0.04990333325122572,511.26340200949494,1,5771265.784772407,53804.46328417623,False,False,not_evaluated,16389193.498,56.58222,29.90124,31.7853,-0.58959,-0.51599,-0.6214,0.022493066709544082,-0.51599,-0.8562992409490972,88.71113351255396,238.92761464088318,PHOT,BGO_S3C_FullWrap_SideShell_WindowCut_40mm,primary_p__secondary_pair_conversion__positron_annihilation__511gamma_to_TES,/home/ubuntu/TES_511_Balloon/runs/particle_source_unit_repair_20260811/m05_16h_90gb_campaign_batch0006_v1/continuation0001_recovery0005_finish_proton_wave/attempts/continuation_non_gamma_wave0001/S3d_O8/instant/proton/c1_ng_proton_instant_S3d_O8_wave0001/attempt01/c1_ng_proton_instant_S3d_O8_wave0001.inc1.id1.sim.gz
p,1,0.04990333325122572,510.80557963724857,2,4007370.544119035,44471.4551545277,False,False,not_evaluated,32622174.288,39.30546,51.07792,-12.9114,-0.38925,-0.92096,-0.01798,-0.2625275346511295,-0.92096,-0.28795509450259776,105.2200901179913,197.36281468107538,BREM,BGO_S3C_FullWrap_SideShell_WindowCut_40mm,primary_p__secondary_pair_conversion__positron_annihilation__511gamma_to_TES,/home/ubuntu/TES_511_Balloon/runs/particle_source_unit_repair_20260811/m05_16h_90gb_campaign_batch0006_v1/recovery0007_efficiency_scheduler/attempts/stage20_proton/S3d_O8/instant/proton/r6_s20_proton_instant_S3d_O8_bundle0001/attempt01/r6_s20_proton_instant_S3d_O8_bundle0001.inc1.id1.sim.gz
p,92,0.04990333325122572,510.85823650664247,2,1830819.3243911914,117198.97038151999,False,False,not_evaluated,7411281.172,-14.45169,28.1195,61.44957,0.14847,-0.66383,-0.733,0.6232934144125061,-0.66383,-0.41332512680697264,51.44296205547314,211.9079211874597,BREM,Nb_MagShield_Inner_Cylinder_2mm,primary_p__secondary_pair_conversion__positron_annihilation__511gamma_to_TES,/home/ubuntu/TES_511_Balloon/runs/particle_source_unit_repair_20260811/m05_16h_90gb_campaign_batch0006_v1/recovery0007_efficiency_scheduler/attempts/stage20_proton/S3d_O8/instant/proton/r6_s20_proton_instant_S3d_O8_bundle0001/attempt01/r6_s20_proton_instant_S3d_O8_bundle0001.inc1.id1.sim.gz
p,247,0.04990333325122572,511.117725010484,1,3318586.6428034143,99384.5698106377,False,False,not_evaluated,19012017.575,24.79081,38.08668,52.46705,-0.27752,-0.48405,-0.82987,0.3905704305883896,-0.48405,-0.7830429784181709,67.01000208786502,238.27708167076958,PHOT,Cu_50mK_StillLike_Can_bottom_cap_2mm,primary_p__secondary_pair_conversion__positron_annihilation__511gamma_to_TES,/home/ubuntu/TES_511_Balloon/runs/particle_source_unit_repair_20260811/m05_16h_90gb_campaign_batch0006_v1/recovery0007_efficiency_scheduler/attempts/stage20_proton/S3d_O8/instant/proton/r6_s20_proton_instant_S3d_O8_bundle0002/attempt01/r6_s20_proton_instant_S3d_O8_bundle0002.inc1.id1.sim.gz
p,803,0.04990333325122572,510.9556756182336,1,15164231.243807854,195451.26043405168,False,False,not_evaluated,40932542.059,3.93746,58.31024,-15.96745,-0.28087,-0.8219,0.49557,-0.549025989184483,-0.8219,0.15181582592075177,123.30021738959096,169.5346681538582,PHOT,BGO_S3C_FullWrap_SideShell_WindowCut_40mm,primary_p__secondary_pair_conversion__positron_annihilation__511gamma_to_TES,/home/ubuntu/TES_511_Balloon/runs/particle_source_unit_repair_20260811/m05_16h_90gb_campaign_batch0006_v1/recovery0007_efficiency_scheduler/attempts/stage20_proton/S3d_O8/instant/proton/r6_s20_proton_instant_S3d_O8_bundle0002/attempt01/r6_s20_proton_instant_S3d_O8_bundle0002.inc1.id1.sim.gz
p,508,0.04990333325122572,511.06551912597973,1,3616845.3039800883,90436.42310576158,False,False,not_evaluated,16509521.699,59.82778,29.69753,13.5713,-0.70722,-0.70265,-0.07826,-0.44474188109509094,-0.70265,-0.5554182344864094,116.40682557735167,218.32503609260118,BREM,BGO_S3C_FullWrap_SideShell_WindowCut_40mm,primary_p__secondary_pair_conversion__positron_annihilation__511gamma_to_TES,/home/ubuntu/TES_511_Balloon/runs/particle_source_unit_repair_20260811/m05_16h_90gb_campaign_batch0006_v1/recovery0008_current_attempt_disk_admission/attempts/stage20_proton/S3d_O8/instant/proton/r6_s20_proton_instant_S3d_O8_bundle0003/attempt01/r6_s20_proton_instant_S3d_O8_bundle0003.inc1.id1.sim.gz
p,1816,0.04990333325122572,511.04966555217646,1,5267093.649853367,82224.54106004573,False,False,not_evaluated,17054663.323,52.21791,45.60679,23.87059,-0.67206,-0.42121,-0.60903,-0.04456894041818812,-0.42121,-0.9058674263102742,92.55445835172901,245.06252680960372,BREM,BGO_S3C_FullWrap_SideShell_WindowCut_40mm,primary_p__secondary_pair_conversion__positron_annihilation__511gamma_to_TES,/home/ubuntu/TES_511_Balloon/runs/particle_source_unit_repair_20260811/m05_16h_90gb_campaign_batch0006_v1/recovery0008_current_attempt_disk_admission/attempts/stage20_proton/S3d_O8/instant/proton/r6_s20_proton_instant_S3d_O8_bundle0003/attempt01/r6_s20_proton_instant_S3d_O8_bundle0003.inc1.id1.sim.gz
p,73,0.04990333325122572,510.71011189316965,2,652294.6567063141,15464.085584558436,False,False,not_evaluated,2834115.187,-31.45328,-45.03643,-8.87343,0.48195,0.80319,0.35015,0.09319667376038696,0.80319,0.5883835526253263,84.6524636816535,36.2249526363435,PHOT,,primary_p__IA_pair_and_annihilation_present__TES_ancestry_unresolved,/home/ubuntu/TES_511_Balloon/runs/particle_source_unit_repair_20260811/m05_16h_90gb_campaign_batch0006_v1/recovery0008_current_attempt_disk_admission/attempts/stage20_proton/S3d_O8/instant/proton/r6_s20_proton_instant_S3d_O8_bundle0004/attempt01/r6_s20_proton_instant_S3d_O8_bundle0004.inc1.id1.sim.gz
p,441,0.04990333325122572,511.08967908936984,2,4005294.816290703,58189.74408272177,False,False,not_evaluated,19972232.33,-26.37086,59.21289,2.19726,0.51773,-0.77951,-0.35259,0.6154091738022761,-0.77951,0.11677161384514648,52.01834239575902,171.4803686889809,BREM,Vacuum_Jacket_Al_266mmClass_side_port_side_wall_below_side_port,primary_p__secondary_pair_conversion__positron_annihilation__511gamma_to_TES,/home/ubuntu/TES_511_Balloon/runs/particle_source_unit_repair_20260811/m05_16h_90gb_campaign_batch0006_v1/recovery0008_current_attempt_disk_admission/attempts/stage20_proton/S3d_O8/instant/proton/r6_s20_proton_instant_S3d_O8_bundle0004/attempt01/r6_s20_proton_instant_S3d_O8_bundle0004.inc1.id1.sim.gz
p,403,0.04990333325122572,510.922708312109,1,6096483.536084015,73980.45558125955,False,False,not_evaluated,23853444.757,60.2514,3.06264,43.67407,-0.57655,0.04607,-0.81576,0.16914701312763405,0.04607,-0.9845118425138422,80.26177168859265,272.6791880763475,PHOT,Cu_50mK_StillLike_Can_side_wall_rectcut_window_band,primary_p__secondary_pair_conversion__positron_annihilation__511gamma_to_TES,/home/ubuntu/TES_511_Balloon/runs/particle_source_unit_repair_20260811/m05_16h_90gb_campaign_batch0006_v1/recovery0008_current_attempt_disk_admission/attempts/stage20_proton/S3d_O8/instant/proton/r6_s20_proton_instant_S3d_O8_bundle0005/attempt01/r6_s20_proton_instant_S3d_O8_bundle0005.inc1.id1.sim.gz
p,834,0.04990333325122572,510.9345394792209,1,422200.532107015,3736.847642,False,False,not_evaluated,641160.197,61.29066,-22.08431,-2.66753,-0.97437,0.22429,0.01702,-0.7010185918005314,0.22429,-0.6769486769689412,134.5087829965554,288.3313228250634,INEL,MuMetal_MagShield_Outer_Cylinder_2mm,primary_p__secondary_pair_conversion__positron_annihilation__511gamma_to_TES,/home/ubuntu/TES_511_Balloon/runs/particle_source_unit_repair_20260811/m05_16h_90gb_campaign_batch0006_v1/recovery0008_current_attempt_disk_admission/attempts/stage20_proton/S3d_O8/instant/proton/r6_s20_proton_instant_S3d_O8_bundle0005/attempt01/r6_s20_proton_instant_S3d_O8_bundle0005.inc1.id1.sim.gz
p,1241,0.04990333325122572,510.92913044486795,1,4879178.923667862,93044.6299475575,False,False,not_evaluated,27374822.18,-37.51902,42.89334,26.82191,0.41955,-0.83518,-0.35559,0.5481067503689404,-0.83518,0.045226549724691555,56.762775157685574,176.9003544771217,BREM,ColdPlate_MXC_50mK_SD_anchor,primary_p__secondary_pair_conversion__positron_annihilation__511gamma_to_TES,/home/ubuntu/TES_511_Balloon/runs/particle_source_unit_repair_20260811/m05_16h_90gb_campaign_batch0006_v1/recovery0008_current_attempt_disk_admission/attempts/stage20_proton/S3d_O8/instant/proton/r6_s20_proton_instant_S3d_O8_bundle0005/attempt01/r6_s20_proton_instant_S3d_O8_bundle0005.inc1.id1.sim.gz
p,65,0.04990333325122572,511.1717814114487,1,4417743.111005794,112613.02712238143,False,False,not_evaluated,18183764.791,61.53363,-25.06099,27.10021,-0.99181,0.11038,-0.06426,-0.6558768948895822,0.11038,-0.7467542584076774,130.98617425658117,278.40817890031565,BREM,BGO_S3C_FullWrap_SideShell_WindowCut_40mm,primary_p__secondary_pair_conversion__positron_annihilation__511gamma_to_TES,/home/ubuntu/TES_511_Balloon/runs/particle_source_unit_repair_20260811/m05_16h_90gb_campaign_batch0006_v1/recovery0008_current_attempt_disk_admission/attempts/stage20_proton/S3d_O8/instant/proton/r6_s20_proton_instant_S3d_O8_bundle0006/attempt01/r6_s20_proton_instant_S3d_O8_bundle0006.inc1.id1.sim.gz
p,420,0.04990333325122572,511.2660238235043,2,1362874.011418227,14228.69153942,False,False,not_evaluated,6696011.456,19.29675,-43.35212,52.33995,-0.45314,0.49028,-0.74451,0.20602970283432437,0.49028,-0.8468664364880686,78.11021648937428,300.06802062273437,PHOT,Vacuum_Jacket_Al_266mmClass_side_port_bottom_cap,primary_p__secondary_pair_conversion__positron_annihilation__511gamma_to_TES,/home/ubuntu/TES_511_Balloon/runs/particle_source_unit_repair_20260811/m05_16h_90gb_campaign_batch0006_v1/recovery0008_current_attempt_disk_admission/attempts/stage20_proton/S3d_O8/instant/proton/r6_s20_proton_instant_S3d_O8_bundle0009/attempt01/r6_s20_proton_instant_S3d_O8_bundle0009.inc1.id1.sim.gz
p,593,0.04990333325122572,510.9298130313703,1,5073547.255460597,555369.660190146,False,False,not_evaluated,59864404.309,-49.78826,-9.13634,-32.61339,0.82776,-0.35935,0.43091,0.2806153261138814,-0.35935,0.8900140922760718,73.70306728349794,111.98677003110693,BREM,BGO_S3C_FullWrap_SideShell_WindowCut_40mm,primary_p__secondary_pair_conversion__positron_annihilation__511gamma_to_TES,/home/ubuntu/TES_511_Balloon/runs/particle_source_unit_repair_20260811/m05_16h_90gb_campaign_batch0006_v1/recovery0008_current_attempt_disk_admission/attempts/stage20_proton/S3d_O8/instant/proton/r6_s20_proton_instant_S3d_O8_bundle0009/attempt01/r6_s20_proton_instant_S3d_O8_bundle0009.inc1.id1.sim.gz
p,608,0.04990333325122572,511.3999011284542,2,1466207.684081264,45355.00434953,False,False,not_evaluated,5994751.828,15.62776,62.58857,19.91043,-0.44303,-0.8204,-0.36148,-0.05766455800576292,-0.8204,-0.5688744765323894,93.30576958842445,214.73786906966404,BREM,Passive_W_Bottom_Plate_detector_bay,primary_p__secondary_pair_conversion__positron_annihilation__511gamma_to_TES,/home/ubuntu/TES_511_Balloon/runs/particle_source_unit_repair_20260811/m05_16h_90gb_campaign_batch0006_v1/recovery0008_current_attempt_disk_admission/attempts/stage20_proton/S3d_O8/instant/proton/r6_s20_proton_instant_S3d_O8_bundle0009/attempt01/r6_s20_proton_instant_S3d_O8_bundle0009.inc1.id1.sim.gz
p,260,0.04990333325122572,510.95785324953727,1,509307.7913591112,25409.51216919,False,False,not_evaluated,19677534.053,-29.23146,44.20667,31.03345,0.61491,-0.70796,-0.3474,0.6804559266036266,-0.70796,0.1891581350352133,47.120718962747844,165.04072058704364,PHOT,Shield_60K_Al_side_window_side_wall_above_side_port,primary_p__secondary_pair_conversion__positron_annihilation__511gamma_to_TES,/home/ubuntu/TES_511_Balloon/runs/particle_source_unit_repair_20260811/m05_16h_90gb_campaign_batch0006_v1/recovery0008_current_attempt_disk_admission/attempts/stage20_proton/S3d_O8/instant/proton/r6_s20_proton_instant_S3d_O8_bundle0010/attempt01/r6_s20_proton_instant_S3d_O8_bundle0010.inc1.id1.sim.gz
p,459,0.04990333325122572,511.2418460311834,1,20754049.799732473,560986.0585116863,False,False,not_evaluated,95833272.477,-16.37054,58.33942,-4.52559,0.51049,-0.8572,-0.06787,0.40896227796705165,-0.8572,0.31297960348878967,65.86033661897362,159.94192523910226,BREM,BGO_S3C_FullWrap_SideShell_WindowCut_40mm,primary_p__secondary_pair_conversion__positron_annihilation__511gamma_to_TES,/home/ubuntu/TES_511_Balloon/runs/particle_source_unit_repair_20260811/m05_16h_90gb_campaign_batch0006_v1/recovery0008_current_attempt_disk_admission/attempts/stage20_proton/S3d_O8/instant/proton/r6_s20_proton_instant_S3d_O8_bundle0010/attempt01/r6_s20_proton_instant_S3d_O8_bundle0010.inc1.id1.sim.gz
p,1709,0.04990333325122572,511.1497275116529,1,10413794.28219194,174516.45288063015,False,False,not_evaluated,41701506.064,-37.27112,-20.38643,52.77667,0.52095,0.03123,-0.85302,0.9715435041468807,0.03123,-0.23480894882861683,13.701358518064685,277.5759758151792,PHOT,,primary_p__positron_annihilation_ancestry__511gamma_to_TES,/home/ubuntu/TES_511_Balloon/runs/particle_source_unit_repair_20260811/m05_16h_90gb_campaign_batch0006_v1/recovery0008_current_attempt_disk_admission/attempts/stage20_proton/S3d_O8/instant/proton/r6_s20_proton_instant_S3d_O8_bundle0010/attempt01/r6_s20_proton_instant_S3d_O8_bundle0010.inc1.id1.sim.gz
p,1979,0.04990333325122572,510.9688786221848,1,5204772.248536723,107946.87505532627,False,False,not_evaluated,19592396.261,-11.90779,28.62911,60.71792,0.26226,-0.64621,-0.71669,0.6922221834425707,-0.64621,-0.32133053457460287,46.19372762242578,206.4390475430779,PHOT,Nb_MagShield_Inner_Cylinder_2mm,primary_p__secondary_pair_conversion__positron_annihilation__511gamma_to_TES,/home/ubuntu/TES_511_Balloon/runs/particle_source_unit_repair_20260811/m05_16h_90gb_campaign_batch0006_v1/recovery0008_current_attempt_disk_admission/attempts/stage20_proton/S3d_O8/instant/proton/r6_s20_proton_instant_S3d_O8_bundle0010/attempt01/r6_s20_proton_instant_S3d_O8_bundle0010.inc1.id1.sim.gz
p,1236,0.04990333325122572,511.1876682868437,1,279277.728132437,8496.8557012,False,False,not_evaluated,967112.956,25.9075,41.9397,-29.92368,-0.48937,-0.59463,0.63791,-0.7971073322959714,-0.59463,0.10503364127744974,142.85475404158615,169.9827754156489,PHOT,BGO_S3C_FullWrap_SideShell_WindowCut_40mm,primary_p__secondary_pair_conversion__positron_annihilation__511gamma_to_TES,/home/ubuntu/TES_511_Balloon/runs/particle_source_unit_repair_20260811/m05_16h_90gb_campaign_batch0006_v1/recovery0008_current_attempt_disk_admission/attempts/stage20_proton/S3d_O8/instant/proton/r6_s20_proton_instant_S3d_O8_bundle0011/attempt01/r6_s20_proton_instant_S3d_O8_bundle0011.inc1.id1.sim.gz
p,242,0.04990333325122572,510.8628897693064,2,575230.162054137,22984.920464625,False,False,not_evaluated,20959489.79,-0.75387,65.92075,-19.74888,0.09066,-0.97986,-0.17791,0.1899076682232711,-0.97986,-0.06169506665852628,79.05260412736227,183.60276657585976,PHOT,BGO_S3C_FullWrap_SideShell_WindowCut_40mm,primary_p__secondary_pair_conversion__positron_annihilation__511gamma_to_TES,/home/ubuntu/TES_511_Balloon/runs/particle_source_unit_repair_20260811/m05_16h_90gb_campaign_batch0006_v1/recovery0008_current_attempt_disk_admission/attempts/stage20_proton/S3d_O8/instant/proton/r6_s20_proton_instant_S3d_O8_bundle0012/attempt01/r6_s20_proton_instant_S3d_O8_bundle0012.inc1.id1.sim.gz
p,1024,0.04990333325122572,511.29391170093146,1,6878386.958898233,122464.9391662309,False,False,not_evaluated,13345311.454,65.74364,-21.10338,22.316,-0.83556,0.09684,-0.54079,-0.20843386589035862,0.09684,-0.9732264182861047,102.03058856031627,275.6824589992721,BREM,BGO_S3C_FullWrap_SideShell_WindowCut_40mm,primary_p__secondary_pair_conversion__positron_annihilation__511gamma_to_TES,/home/ubuntu/TES_511_Balloon/runs/particle_source_unit_repair_20260811/m05_16h_90gb_campaign_batch0006_v1/recovery0008_current_attempt_disk_admission/attempts/stage20_proton/S3d_O8/instant/proton/r6_s20_proton_instant_S3d_O8_bundle0012/attempt01/r6_s20_proton_instant_S3d_O8_bundle0012.inc1.id1.sim.gz
p,1481,0.04990333325122572,511.39378312854035,1,5962464.876733434,176660.37247444666,False,False,not_evaluated,32346609.469,-18.53406,0.06541,65.26074,0.54475,-0.00455,-0.83859,0.9781690946865987,-0.00455,-0.20777625658385512,11.994075309541607,268.74550566501273,BREM,ColdPlate_MXC_50mK_SD_anchor,primary_p__secondary_pair_conversion__positron_annihilation__511gamma_to_TES,/home/ubuntu/TES_511_Balloon/runs/particle_source_unit_repair_20260811/m05_16h_90gb_campaign_batch0006_v1/recovery0008_current_attempt_disk_admission/attempts/stage20_proton/S3d_O8/instant/proton/r6_s20_proton_instant_S3d_O8_bundle0012/attempt01/r6_s20_proton_instant_S3d_O8_bundle0012.inc1.id1.sim.gz
p,1992,0.04990333325122572,511.10809744489643,2,1082992.0916457057,12915.77444815552,False,False,not_evaluated,5365580.896,33.71653,53.67053,15.56489,-0.31269,-0.9234,-0.22264,-0.06367496564584862,-0.9234,-0.37853547317259456,93.65077664519147,202.2905201836019,BREM,ColdPlate_MXC_50mK_SD_anchor,primary_p__secondary_pair_conversion__positron_annihilation__511gamma_to_TES,/home/ubuntu/TES_511_Balloon/runs/particle_source_unit_repair_20260811/m05_16h_90gb_campaign_batch0006_v1/recovery0008_current_attempt_disk_admission/attempts/stage20_proton/S3d_O8/instant/proton/r6_s20_proton_instant_S3d_O8_bundle0012/attempt01/r6_s20_proton_instant_S3d_O8_bundle0012.inc1.id1.sim.gz
p,5,0.04990333325122572,511.0562593985735,1,6146977.177634587,56946.52276567047,False,False,not_evaluated,15796415.112,-53.66754,-27.12218,7.16195,0.97295,0.12098,-0.19682,0.8271522994285877,0.12098,0.5488067860823151,34.192688034064524,77.56843463601122,PHOT,BGO_S3C_FullWrap_SideShell_WindowCut_40mm,primary_p__secondary_pair_conversion__positron_annihilation__511gamma_to_TES,/home/ubuntu/TES_511_Balloon/runs/particle_source_unit_repair_20260811/m05_16h_90gb_campaign_batch0006_v1/recovery0008_current_attempt_disk_admission/attempts/stage20_proton/S3d_O8/instant/proton/r6_s20_proton_instant_S3d_O8_bundle0013/attempt01/r6_s20_proton_instant_S3d_O8_bundle0013.inc1.id1.sim.gz
p,553,0.04990333325122572,510.9167511780732,1,941056.82792085,55979.4280944279,False,False,not_evaluated,10278003.66,-13.26262,39.45003,-35.7283,0.41331,-0.40475,0.81569,-0.284525626613843,-0.40475,0.8690342340782671,106.53049510247132,114.9736036807898,BREM,BGO_S3C_FullWrap_SideShell_WindowCut_40mm,primary_p__secondary_pair_conversion__positron_annihilation__511gamma_to_TES,/home/ubuntu/TES_511_Balloon/runs/particle_source_unit_repair_20260811/m05_16h_90gb_campaign_batch0006_v1/recovery0008_current_attempt_disk_admission/attempts/stage20_proton/S3d_O8/instant/proton/r6_s20_proton_instant_S3d_O8_bundle0013/attempt01/r6_s20_proton_instant_S3d_O8_bundle0013.inc1.id1.sim.gz
p,671,0.04990333325122572,510.8961622629406,1,5562397.172049843,92621.76596051642,False,False,not_evaluated,16693197.685,64.79312,7.1911,11.88793,-0.97618,-0.17568,-0.12728,-0.6002629465492603,-0.17568,-0.7802640487681078,126.88873212732365,257.31118846563777,PHOT,ColdPlate_CP_100mK_intercept,primary_p__secondary_pair_conversion__positron_annihilation__511gamma_to_TES,/home/ubuntu/TES_511_Balloon/runs/particle_source_unit_repair_20260811/m05_16h_90gb_campaign_batch0006_v1/recovery0008_current_attempt_disk_admission/attempts/stage20_proton/S3d_O8/instant/proton/r6_s20_proton_instant_S3d_O8_bundle0013/attempt01/r6_s20_proton_instant_S3d_O8_bundle0013.inc1.id1.sim.gz
