source_family,window,stage,event_count,rate_or_transfer,rate_units,source_theta_bin,source_phi_bin,first_recorded_volume,first_recorded_material,entry_region,first_recorded_x_cm,first_recorded_y_cm,first_recorded_z_cm,tes_energy_keV,active_veto_energy_keV,side_compton_class,entry_surface_proxy,entry_region_proxy,entry_phi_deg_local,source_file,local_id,init_x_cm,init_y_cm,init_z_cm,dir_x,dir_y,dir_z,init_energy_keV
eplus,w2_510p58_511p42,raw,1,0.0006790382916483043,cps normalized by prompt TT,110_120,135_180,Vacuum_Jacket_Al_266mmClass_side_port_side_wall_above_side_port,Aluminium,top,,,,510.99896,0.0,keep,top,top_phi05_225deg,229.59167688584725,runs/geometry_optimization_20260704/step02_instant_geo_opt_s1_bpe_w5_fullstat_v1/Background_eplus_fullsphere20_rep01_part01.inc1.id1.sim.gz,12403,54.06556,-36.13443,-5.90792,-0.88203,0.36438,0.29876,142.273
eplus,w2_510p58_511p42,active_veto_pass,1,0.0006790382916483043,cps normalized by prompt TT,110_120,135_180,Vacuum_Jacket_Al_266mmClass_side_port_side_wall_above_side_port,Aluminium,top,,,,510.99896,0.0,keep,top,top_phi05_225deg,229.59167688584725,runs/geometry_optimization_20260704/step02_instant_geo_opt_s1_bpe_w5_fullstat_v1/Background_eplus_fullsphere20_rep01_part01.inc1.id1.sim.gz,12403,54.06556,-36.13443,-5.90792,-0.88203,0.36438,0.29876,142.273
eplus,w2_510p58_511p42,side_compton_fov_pass,1,0.0006790382916483043,cps normalized by prompt TT,110_120,135_180,Vacuum_Jacket_Al_266mmClass_side_port_side_wall_above_side_port,Aluminium,top,,,,510.99896,0.0,keep,top,top_phi05_225deg,229.59167688584725,runs/geometry_optimization_20260704/step02_instant_geo_opt_s1_bpe_w5_fullstat_v1/Background_eplus_fullsphere20_rep01_part01.inc1.id1.sim.gz,12403,54.06556,-36.13443,-5.90792,-0.88203,0.36438,0.29876,142.273
eplus,w2_510p58_511p42,raw,1,0.0006790382916483043,cps normalized by prompt TT,130_140,135_180,GeoOpt_S1_PlasticFullWrap_TopCap_5mm,PlasticScintillator,top,,,,510.9989,10.45103344,single,top,top_phi01_045deg,49.32953729471958,runs/geometry_optimization_20260704/step02_instant_geo_opt_s1_bpe_w5_fullstat_v1/Background_eplus_fullsphere20_rep01_part01.inc1.id1.sim.gz,34023,64.65843,16.06134,-3.6973,-0.99989,0.00284,-0.01421,10.451
eplus,w2_510p58_511p42,active_veto_pass,1,0.0006790382916483043,cps normalized by prompt TT,130_140,135_180,GeoOpt_S1_PlasticFullWrap_TopCap_5mm,PlasticScintillator,top,,,,510.9989,10.45103344,single,top,top_phi01_045deg,49.32953729471958,runs/geometry_optimization_20260704/step02_instant_geo_opt_s1_bpe_w5_fullstat_v1/Background_eplus_fullsphere20_rep01_part01.inc1.id1.sim.gz,34023,64.65843,16.06134,-3.6973,-0.99989,0.00284,-0.01421,10.451
eplus,w2_510p58_511p42,side_compton_fov_pass,1,0.0006790382916483043,cps normalized by prompt TT,130_140,135_180,GeoOpt_S1_PlasticFullWrap_TopCap_5mm,PlasticScintillator,top,,,,510.9989,10.45103344,single,top,top_phi01_045deg,49.32953729471958,runs/geometry_optimization_20260704/step02_instant_geo_opt_s1_bpe_w5_fullstat_v1/Background_eplus_fullsphere20_rep01_part01.inc1.id1.sim.gz,34023,64.65843,16.06134,-3.6973,-0.99989,0.00284,-0.01421,10.451
eplus,w2_510p58_511p42,raw,1,0.0006790382916483043,cps normalized by prompt TT,110_120,045_090,GeoOpt_S1_PlasticFullWrap_SideShell_5mm,PlasticScintillator,side_wall,,,,510.998946,13.46821886,veto,side,side_phi06_270deg,278.35387206925384,runs/geometry_optimization_20260704/step02_instant_geo_opt_s1_bpe_w5_fullstat_v1/Background_eplus_fullsphere20_rep01_part01.inc1.id1.sim.gz,71105,0.65591,-67.77909,-3.85815,-0.24154,0.93213,-0.26981,13.468
eplus,w2_510p58_511p42,active_veto_pass,1,0.0006790382916483043,cps normalized by prompt TT,110_120,045_090,GeoOpt_S1_PlasticFullWrap_SideShell_5mm,PlasticScintillator,side_wall,,,,510.998946,13.46821886,veto,side,side_phi06_270deg,278.35387206925384,runs/geometry_optimization_20260704/step02_instant_geo_opt_s1_bpe_w5_fullstat_v1/Background_eplus_fullsphere20_rep01_part01.inc1.id1.sim.gz,71105,0.65591,-67.77909,-3.85815,-0.24154,0.93213,-0.26981,13.468
eplus,w2_510p58_511p42,raw,1,0.0006790382916483043,cps normalized by prompt TT,030_040,000_045,GeoOpt_S1_PlasticFullWrap_SideShell_5mm,PlasticScintillator,side_wall,,,,510.99890000000005,165.2687181,not_active_veto_pass,side,side_phi03_135deg,131.87767010936255,runs/geometry_optimization_20260704/step02_instant_geo_opt_s1_bpe_w5_fullstat_v1/Background_eplus_fullsphere20_rep01_part01.inc1.id1.sim.gz,88910,-58.68781,13.93605,-5.26549,0.95985,0.19029,0.20611,165.269
eplus,w2_510p58_511p42,raw,1,0.0006790382916483043,cps normalized by prompt TT,070_080,045_090,GeoOpt_S1_PlasticFullWrap_SideShell_5mm,PlasticScintillator,side_wall,,,,510.99894,116.95875600000002,not_active_veto_pass,side,side_phi05_225deg,246.76655292475238,runs/geometry_optimization_20260704/step02_instant_geo_opt_s1_bpe_w5_fullstat_v1/Background_eplus_fullsphere20_rep01_part01.inc1.id1.sim.gz,125566,-27.19745,-51.92485,3.9516,0.42008,0.90034,-0.11368,116.959
eplus,w2_510p58_511p42,raw,1,0.0006790382916483043,cps normalized by prompt TT,080_090,045_090,GeoOpt_S1_PlasticFullWrap_SideShell_5mm,PlasticScintillator,side_window,,,,510.99890500000004,563.0638482300001,not_active_veto_pass,side,side_neg_x_window_axis_pm15deg,180.599024297157,runs/geometry_optimization_20260704/step02_instant_geo_opt_s1_bpe_w5_fullstat_v1/Background_eplus_fullsphere20_rep01_part01.inc1.id1.sim.gz,130016,-37.46092,-36.74401,36.59293,0.43552,0.82884,-0.35119,563.064
eplus,w2_510p58_511p42,raw,1,0.0006790382916483043,cps normalized by prompt TT,100_110,270_315,Vacuum_Jacket_Al_266mmClass_side_port_side_wall_above_side_port,Aluminium,top,,,,510.998959,0.0,single,top,top_phi00_000deg,12.414202989186135,runs/geometry_optimization_20260704/step02_instant_geo_opt_s1_bpe_w5_fullstat_v1/Background_eplus_fullsphere20_rep01_part01.inc1.id1.sim.gz,211256,1.64539,52.20651,34.28196,0.11326,-0.84335,-0.5253,121.248
eplus,w2_510p58_511p42,active_veto_pass,1,0.0006790382916483043,cps normalized by prompt TT,100_110,270_315,Vacuum_Jacket_Al_266mmClass_side_port_side_wall_above_side_port,Aluminium,top,,,,510.998959,0.0,single,top,top_phi00_000deg,12.414202989186135,runs/geometry_optimization_20260704/step02_instant_geo_opt_s1_bpe_w5_fullstat_v1/Background_eplus_fullsphere20_rep01_part01.inc1.id1.sim.gz,211256,1.64539,52.20651,34.28196,0.11326,-0.84335,-0.5253,121.248
eplus,w2_510p58_511p42,side_compton_fov_pass,1,0.0006790382916483043,cps normalized by prompt TT,100_110,270_315,Vacuum_Jacket_Al_266mmClass_side_port_side_wall_above_side_port,Aluminium,top,,,,510.998959,0.0,single,top,top_phi00_000deg,12.414202989186135,runs/geometry_optimization_20260704/step02_instant_geo_opt_s1_bpe_w5_fullstat_v1/Background_eplus_fullsphere20_rep01_part01.inc1.id1.sim.gz,211256,1.64539,52.20651,34.28196,0.11326,-0.84335,-0.5253,121.248
eplus,w2_510p58_511p42,raw,1,0.0006790382916483043,cps normalized by prompt TT,120_130,135_180,Vacuum_Jacket_Al_266mmClass_side_port_side_wall_above_side_port,Aluminium,top,,,,510.99888,0.0,single,top,top_phi00_000deg,357.9349139912734,runs/geometry_optimization_20260704/step02_instant_geo_opt_s1_bpe_w5_fullstat_v1/Background_eplus_fullsphere20_rep02_part01.inc1.id1.sim.gz,36753,63.07589,-3.63192,-8.84427,-0.98771,0.06388,0.14268,89.022
eplus,w2_510p58_511p42,active_veto_pass,1,0.0006790382916483043,cps normalized by prompt TT,120_130,135_180,Vacuum_Jacket_Al_266mmClass_side_port_side_wall_above_side_port,Aluminium,top,,,,510.99888,0.0,single,top,top_phi00_000deg,357.9349139912734,runs/geometry_optimization_20260704/step02_instant_geo_opt_s1_bpe_w5_fullstat_v1/Background_eplus_fullsphere20_rep02_part01.inc1.id1.sim.gz,36753,63.07589,-3.63192,-8.84427,-0.98771,0.06388,0.14268,89.022
eplus,w2_510p58_511p42,side_compton_fov_pass,1,0.0006790382916483043,cps normalized by prompt TT,120_130,135_180,Vacuum_Jacket_Al_266mmClass_side_port_side_wall_above_side_port,Aluminium,top,,,,510.99888,0.0,single,top,top_phi00_000deg,357.9349139912734,runs/geometry_optimization_20260704/step02_instant_geo_opt_s1_bpe_w5_fullstat_v1/Background_eplus_fullsphere20_rep02_part01.inc1.id1.sim.gz,36753,63.07589,-3.63192,-8.84427,-0.98771,0.06388,0.14268,89.022
eplus,w2_510p58_511p42,raw,1,0.0006790382916483043,cps normalized by prompt TT,080_090,135_180,Vacuum_Jacket_Al_266mmClass_side_port_side_wall_above_side_port,Aluminium,unknown,,,,510.9989,0.0,single,miss_current_outer_envelope,phi06_270deg,,runs/geometry_optimization_20260704/step02_instant_geo_opt_s1_bpe_w5_fullstat_v1/Background_eplus_fullsphere20_rep02_part01.inc1.id1.sim.gz,90474,45.60996,-71.68236,7.59206,-0.51347,0.57023,0.64124,1228.66
eplus,w2_510p58_511p42,active_veto_pass,1,0.0006790382916483043,cps normalized by prompt TT,080_090,135_180,Vacuum_Jacket_Al_266mmClass_side_port_side_wall_above_side_port,Aluminium,unknown,,,,510.9989,0.0,single,miss_current_outer_envelope,phi06_270deg,,runs/geometry_optimization_20260704/step02_instant_geo_opt_s1_bpe_w5_fullstat_v1/Background_eplus_fullsphere20_rep02_part01.inc1.id1.sim.gz,90474,45.60996,-71.68236,7.59206,-0.51347,0.57023,0.64124,1228.66
eplus,w2_510p58_511p42,side_compton_fov_pass,1,0.0006790382916483043,cps normalized by prompt TT,080_090,135_180,Vacuum_Jacket_Al_266mmClass_side_port_side_wall_above_side_port,Aluminium,unknown,,,,510.9989,0.0,single,miss_current_outer_envelope,phi06_270deg,,runs/geometry_optimization_20260704/step02_instant_geo_opt_s1_bpe_w5_fullstat_v1/Background_eplus_fullsphere20_rep02_part01.inc1.id1.sim.gz,90474,45.60996,-71.68236,7.59206,-0.51347,0.57023,0.64124,1228.66
eplus,w2_510p58_511p42,raw,1,0.0006790382916483043,cps normalized by prompt TT,070_080,000_045,GeoOpt_S1_PlasticFullWrap_SideShell_5mm,PlasticScintillator,side_wall,,,,510.99894000000006,168.2195281,not_active_veto_pass,side,side_phi03_135deg,135.5600867175841,runs/geometry_optimization_20260704/step02_instant_geo_opt_s1_bpe_w5_fullstat_v1/Background_eplus_fullsphere20_rep02_part01.inc1.id1.sim.gz,130729,-50.22272,10.84363,36.62634,0.83524,0.1996,-0.51239,168.22
eplus,w2_510p58_511p42,raw,1,0.0006790382916483043,cps normalized by prompt TT,150_160,270_315,GeoOpt_S1_PlasticFullWrap_SideShell_5mm,PlasticScintillator,side_wall,,,,510.99893000000003,148.23406487,not_active_veto_pass,side,side_phi02_090deg,95.75216983529693,runs/geometry_optimization_20260704/step02_instant_geo_opt_s1_bpe_w5_fullstat_v1/Background_eplus_fullsphere20_rep02_part01.inc1.id1.sim.gz,156993,30.16901,53.12517,40.2641,-0.61486,-0.35955,-0.7019,148.234
eplus,w2_510p58_511p42,raw,1,0.0006790382916483043,cps normalized by prompt TT,070_080,270_315,Vacuum_Jacket_Al_266mmClass_side_port_side_wall_above_side_port,Aluminium,unknown,,,,510.998868,0.0,keep,miss_current_outer_envelope,phi03_135deg,,runs/geometry_optimization_20260704/step02_instant_geo_opt_s1_bpe_w5_fullstat_v1/Background_eplus_fullsphere20_rep02_part01.inc1.id1.sim.gz,192957,-15.3215,55.5256,18.48458,0.41001,-0.90427,-0.11911,44.81
eplus,w2_510p58_511p42,active_veto_pass,1,0.0006790382916483043,cps normalized by prompt TT,070_080,270_315,Vacuum_Jacket_Al_266mmClass_side_port_side_wall_above_side_port,Aluminium,unknown,,,,510.998868,0.0,keep,miss_current_outer_envelope,phi03_135deg,,runs/geometry_optimization_20260704/step02_instant_geo_opt_s1_bpe_w5_fullstat_v1/Background_eplus_fullsphere20_rep02_part01.inc1.id1.sim.gz,192957,-15.3215,55.5256,18.48458,0.41001,-0.90427,-0.11911,44.81
eplus,w2_510p58_511p42,side_compton_fov_pass,1,0.0006790382916483043,cps normalized by prompt TT,070_080,270_315,Vacuum_Jacket_Al_266mmClass_side_port_side_wall_above_side_port,Aluminium,unknown,,,,510.998868,0.0,keep,miss_current_outer_envelope,phi03_135deg,,runs/geometry_optimization_20260704/step02_instant_geo_opt_s1_bpe_w5_fullstat_v1/Background_eplus_fullsphere20_rep02_part01.inc1.id1.sim.gz,192957,-15.3215,55.5256,18.48458,0.41001,-0.90427,-0.11911,44.81
eplus,w2_510p58_511p42,raw,1,0.0006790382916483043,cps normalized by prompt TT,100_110,180_225,TP_L1_00360,Ta,unknown,,,,510.99894000000006,0.0,veto,miss_current_outer_envelope,phi01_045deg,,runs/geometry_optimization_20260704/step02_instant_geo_opt_s1_bpe_w5_fullstat_v1/Background_eplus_fullsphere20_rep02_part01.inc1.id1.sim.gz,231354,65.77783,27.57023,0.87293,-0.82478,-0.27821,0.49227,365.181
eplus,w2_510p58_511p42,active_veto_pass,1,0.0006790382916483043,cps normalized by prompt TT,100_110,180_225,TP_L1_00360,Ta,unknown,,,,510.99894000000006,0.0,veto,miss_current_outer_envelope,phi01_045deg,,runs/geometry_optimization_20260704/step02_instant_geo_opt_s1_bpe_w5_fullstat_v1/Background_eplus_fullsphere20_rep02_part01.inc1.id1.sim.gz,231354,65.77783,27.57023,0.87293,-0.82478,-0.27821,0.49227,365.181
eplus,w2_510p58_511p42,raw,1,0.0006790382916483043,cps normalized by prompt TT,100_110,180_225,GeoOpt_S1_PlasticFullWrap_SideShell_5mm,PlasticScintillator,side_wall,,,,510.99890000000005,1439.4885858599994,not_active_veto_pass,side,side_phi07_315deg,335.2536519621229,runs/geometry_optimization_20260704/step02_instant_geo_opt_s1_bpe_w5_fullstat_v1/Background_eplus_fullsphere20_rep03_part01.inc1.id1.sim.gz,28520,48.90007,15.62975,-46.73031,-0.79473,-0.51189,0.32614,1439.489
eplus,w2_510p58_511p42,raw,1,0.0006790382916483043,cps normalized by prompt TT,070_080,090_135,GeoOpt_S1_PlasticFullWrap_SideShell_5mm,PlasticScintillator,side_wall,,,,510.99890600000003,279.82020102999996,not_active_veto_pass,side,side_phi06_270deg,252.40741047152272,runs/geometry_optimization_20260704/step02_instant_geo_opt_s1_bpe_w5_fullstat_v1/Background_eplus_fullsphere20_rep03_part01.inc1.id1.sim.gz,71755,-15.67733,-54.60262,-25.8746,-0.09723,0.826,0.55522,279.82
eplus,w2_510p58_511p42,raw,1,0.0006790382916483043,cps normalized by prompt TT,130_140,180_225,GeoOpt_S1_PlasticFullWrap_TopCap_5mm,PlasticScintillator,top,,,,510.99890000000005,57.4583928,not_active_veto_pass,top,top_phi06_270deg,292.4925054440556,runs/geometry_optimization_20260704/step02_instant_geo_opt_s1_bpe_w5_fullstat_v1/Background_eplus_fullsphere20_rep03_part01.inc1.id1.sim.gz,80084,68.44518,0.9178,4.86164,-0.93262,-0.34983,-0.08849,57.458
eplus,w2_510p58_511p42,raw,1,0.0006790382916483043,cps normalized by prompt TT,100_110,315_360,TP_L2_00019,Ta,unknown,,,,510.99892000000006,0.0,keep,miss_current_outer_envelope,phi05_225deg,,runs/geometry_optimization_20260704/step02_instant_geo_opt_s1_bpe_w5_fullstat_v1/Background_eplus_fullsphere20_rep03_part01.inc1.id1.sim.gz,136894,-46.91764,-31.19892,45.57509,0.4817,-0.02415,-0.876,0.449
eplus,w2_510p58_511p42,active_veto_pass,1,0.0006790382916483043,cps normalized by prompt TT,100_110,315_360,TP_L2_00019,Ta,unknown,,,,510.99892000000006,0.0,keep,miss_current_outer_envelope,phi05_225deg,,runs/geometry_optimization_20260704/step02_instant_geo_opt_s1_bpe_w5_fullstat_v1/Background_eplus_fullsphere20_rep03_part01.inc1.id1.sim.gz,136894,-46.91764,-31.19892,45.57509,0.4817,-0.02415,-0.876,0.449
eplus,w2_510p58_511p42,side_compton_fov_pass,1,0.0006790382916483043,cps normalized by prompt TT,100_110,315_360,TP_L2_00019,Ta,unknown,,,,510.99892000000006,0.0,keep,miss_current_outer_envelope,phi05_225deg,,runs/geometry_optimization_20260704/step02_instant_geo_opt_s1_bpe_w5_fullstat_v1/Background_eplus_fullsphere20_rep03_part01.inc1.id1.sim.gz,136894,-46.91764,-31.19892,45.57509,0.4817,-0.02415,-0.876,0.449
eplus,w2_510p58_511p42,raw,1,0.0006790382916483043,cps normalized by prompt TT,110_120,180_225,Vacuum_Jacket_Al_266mmClass_side_port_side_wall_above_side_port,Aluminium,top,,,,510.99894,0.0,single,top,top_phi02_090deg,79.49222116766131,runs/geometry_optimization_20260704/step02_instant_geo_opt_s1_bpe_w5_fullstat_v1/Background_eplus_fullsphere20_rep03_part01.inc1.id1.sim.gz,183364,61.40093,14.19736,-10.94499,-0.95971,-0.08952,0.26633,20.113
eplus,w2_510p58_511p42,active_veto_pass,1,0.0006790382916483043,cps normalized by prompt TT,110_120,180_225,Vacuum_Jacket_Al_266mmClass_side_port_side_wall_above_side_port,Aluminium,top,,,,510.99894,0.0,single,top,top_phi02_090deg,79.49222116766131,runs/geometry_optimization_20260704/step02_instant_geo_opt_s1_bpe_w5_fullstat_v1/Background_eplus_fullsphere20_rep03_part01.inc1.id1.sim.gz,183364,61.40093,14.19736,-10.94499,-0.95971,-0.08952,0.26633,20.113
eplus,w2_510p58_511p42,side_compton_fov_pass,1,0.0006790382916483043,cps normalized by prompt TT,110_120,180_225,Vacuum_Jacket_Al_266mmClass_side_port_side_wall_above_side_port,Aluminium,top,,,,510.99894,0.0,single,top,top_phi02_090deg,79.49222116766131,runs/geometry_optimization_20260704/step02_instant_geo_opt_s1_bpe_w5_fullstat_v1/Background_eplus_fullsphere20_rep03_part01.inc1.id1.sim.gz,183364,61.40093,14.19736,-10.94499,-0.95971,-0.08952,0.26633,20.113
eplus,w2_510p58_511p42,raw,1,0.0006790382916483043,cps normalized by prompt TT,090_100,225_270,Vacuum_Jacket_Al_266mmClass_side_port_side_wall_above_side_port,Aluminium,unknown,,,,510.99898200000007,0.0,single,miss_current_outer_envelope,phi01_045deg,,runs/geometry_optimization_20260704/step02_instant_geo_opt_s1_bpe_w5_fullstat_v1/Background_eplus_fullsphere20_rep03_part01.inc1.id1.sim.gz,231882,46.68125,43.96283,-6.19237,-0.48777,-0.83402,0.25786,31.35
eplus,w2_510p58_511p42,active_veto_pass,1,0.0006790382916483043,cps normalized by prompt TT,090_100,225_270,Vacuum_Jacket_Al_266mmClass_side_port_side_wall_above_side_port,Aluminium,unknown,,,,510.99898200000007,0.0,single,miss_current_outer_envelope,phi01_045deg,,runs/geometry_optimization_20260704/step02_instant_geo_opt_s1_bpe_w5_fullstat_v1/Background_eplus_fullsphere20_rep03_part01.inc1.id1.sim.gz,231882,46.68125,43.96283,-6.19237,-0.48777,-0.83402,0.25786,31.35
eplus,w2_510p58_511p42,side_compton_fov_pass,1,0.0006790382916483043,cps normalized by prompt TT,090_100,225_270,Vacuum_Jacket_Al_266mmClass_side_port_side_wall_above_side_port,Aluminium,unknown,,,,510.99898200000007,0.0,single,miss_current_outer_envelope,phi01_045deg,,runs/geometry_optimization_20260704/step02_instant_geo_opt_s1_bpe_w5_fullstat_v1/Background_eplus_fullsphere20_rep03_part01.inc1.id1.sim.gz,231882,46.68125,43.96283,-6.19237,-0.48777,-0.83402,0.25786,31.35
eplus,w2_510p58_511p42,raw,1,0.0006790382916483043,cps normalized by prompt TT,030_040,000_045,GeoOpt_S1_PlasticFullWrap_SideShell_5mm,PlasticScintillator,side_wall,,,,510.99887,129.565724726,not_active_veto_pass,side,side_phi03_135deg,114.98103958413681,runs/geometry_optimization_20260704/step02_instant_geo_opt_s1_bpe_w5_fullstat_v1/Background_eplus_fullsphere20_rep03_part01.inc1.id1.sim.gz,235828,-55.48752,23.28927,-10.84068,0.98843,0.06073,0.13897,129.566
eplus,w2_510p58_511p42,raw,1,0.0006790382916483043,cps normalized by prompt TT,040_050,315_360,GeoOpt_S1_PlasticFullWrap_SideShell_5mm,PlasticScintillator,side_window,,,,510.998897,80.21698774000001,not_active_veto_pass,side,side_neg_x_window_axis_pm15deg,179.71468135254543,runs/geometry_optimization_20260704/step02_instant_geo_opt_s1_bpe_w5_fullstat_v1/Background_eplus_fullsphere20_rep04_part01.inc1.id1.sim.gz,2392,-55.4356,16.1038,12.0147,0.87627,-0.48067,0.03342,80.217
eplus,w2_510p58_511p42,raw,1,0.0006790382916483043,cps normalized by prompt TT,060_070,270_315,GeoOpt_S1_PlasticFullWrap_SideShell_5mm,PlasticScintillator,side_wall,,,,510.99892,49341.490767403964,not_active_veto_pass,side,side_phi03_135deg,118.71001560122033,runs/geometry_optimization_20260704/step02_instant_geo_opt_s1_bpe_w5_fullstat_v1/Background_eplus_fullsphere20_rep04_part01.inc1.id1.sim.gz,10024,-32.16132,48.00657,2.70299,0.52939,-0.84727,-0.04335,95895.346
eplus,w2_510p58_511p42,raw,1,0.0006790382916483043,cps normalized by prompt TT,080_090,225_270,TP_L3_00081,Ta,unknown,,,,510.999,0.0,single,miss_current_outer_envelope,phi02_090deg,,runs/geometry_optimization_20260704/step02_instant_geo_opt_s1_bpe_w5_fullstat_v1/Background_eplus_fullsphere20_rep04_part01.inc1.id1.sim.gz,64214,14.47161,77.62503,25.57908,-0.34151,-0.84232,0.41698,41.207
eplus,w2_510p58_511p42,active_veto_pass,1,0.0006790382916483043,cps normalized by prompt TT,080_090,225_270,TP_L3_00081,Ta,unknown,,,,510.999,0.0,single,miss_current_outer_envelope,phi02_090deg,,runs/geometry_optimization_20260704/step02_instant_geo_opt_s1_bpe_w5_fullstat_v1/Background_eplus_fullsphere20_rep04_part01.inc1.id1.sim.gz,64214,14.47161,77.62503,25.57908,-0.34151,-0.84232,0.41698,41.207
eplus,w2_510p58_511p42,side_compton_fov_pass,1,0.0006790382916483043,cps normalized by prompt TT,080_090,225_270,TP_L3_00081,Ta,unknown,,,,510.999,0.0,single,miss_current_outer_envelope,phi02_090deg,,runs/geometry_optimization_20260704/step02_instant_geo_opt_s1_bpe_w5_fullstat_v1/Background_eplus_fullsphere20_rep04_part01.inc1.id1.sim.gz,64214,14.47161,77.62503,25.57908,-0.34151,-0.84232,0.41698,41.207
eplus,w2_510p58_511p42,raw,1,0.0006790382916483043,cps normalized by prompt TT,030_040,000_045,TP_L2_00163,Ta,unknown,,,,510.99889999999994,0.0,single,miss_current_outer_envelope,phi04_180deg,,runs/geometry_optimization_20260704/step02_instant_geo_opt_s1_bpe_w5_fullstat_v1/Background_eplus_fullsphere20_rep04_part01.inc1.id1.sim.gz,235494,-63.69264,8.4259,6.93738,0.92633,0.315,0.20661,78.458
eplus,w2_510p58_511p42,active_veto_pass,1,0.0006790382916483043,cps normalized by prompt TT,030_040,000_045,TP_L2_00163,Ta,unknown,,,,510.99889999999994,0.0,single,miss_current_outer_envelope,phi04_180deg,,runs/geometry_optimization_20260704/step02_instant_geo_opt_s1_bpe_w5_fullstat_v1/Background_eplus_fullsphere20_rep04_part01.inc1.id1.sim.gz,235494,-63.69264,8.4259,6.93738,0.92633,0.315,0.20661,78.458
eplus,w2_510p58_511p42,side_compton_fov_pass,1,0.0006790382916483043,cps normalized by prompt TT,030_040,000_045,TP_L2_00163,Ta,unknown,,,,510.99889999999994,0.0,single,miss_current_outer_envelope,phi04_180deg,,runs/geometry_optimization_20260704/step02_instant_geo_opt_s1_bpe_w5_fullstat_v1/Background_eplus_fullsphere20_rep04_part01.inc1.id1.sim.gz,235494,-63.69264,8.4259,6.93738,0.92633,0.315,0.20661,78.458
eplus,w2_510p58_511p42,raw,1,0.0006790382916483043,cps normalized by prompt TT,070_080,135_180,Vacuum_Jacket_Al_266mmClass_side_port_side_wall_above_side_port,Aluminium,unknown,,,,510.999,0.0,single,miss_current_outer_envelope,phi00_000deg,,runs/geometry_optimization_20260704/step02_instant_geo_opt_s1_bpe_w5_fullstat_v1/Background_eplus_fullsphere20_rep04_part01.inc1.id1.sim.gz,238305,43.8147,-11.74901,-41.52982,-0.45714,0.30662,0.83487,59.098
eplus,w2_510p58_511p42,active_veto_pass,1,0.0006790382916483043,cps normalized by prompt TT,070_080,135_180,Vacuum_Jacket_Al_266mmClass_side_port_side_wall_above_side_port,Aluminium,unknown,,,,510.999,0.0,single,miss_current_outer_envelope,phi00_000deg,,runs/geometry_optimization_20260704/step02_instant_geo_opt_s1_bpe_w5_fullstat_v1/Background_eplus_fullsphere20_rep04_part01.inc1.id1.sim.gz,238305,43.8147,-11.74901,-41.52982,-0.45714,0.30662,0.83487,59.098
eplus,w2_510p58_511p42,side_compton_fov_pass,1,0.0006790382916483043,cps normalized by prompt TT,070_080,135_180,Vacuum_Jacket_Al_266mmClass_side_port_side_wall_above_side_port,Aluminium,unknown,,,,510.999,0.0,single,miss_current_outer_envelope,phi00_000deg,,runs/geometry_optimization_20260704/step02_instant_geo_opt_s1_bpe_w5_fullstat_v1/Background_eplus_fullsphere20_rep04_part01.inc1.id1.sim.gz,238305,43.8147,-11.74901,-41.52982,-0.45714,0.30662,0.83487,59.098
eplus,w2_510p58_511p42,raw,1,0.0006790382916483043,cps normalized by prompt TT,080_090,045_090,GeoOpt_S1_PlasticFullWrap_SideShell_5mm,PlasticScintillator,side_wall,,,,510.9989,380.52368003999993,not_active_veto_pass,side,side_phi05_225deg,238.12799966384372,runs/geometry_optimization_20260704/step02_instant_geo_opt_s1_bpe_w5_fullstat_v1/Background_eplus_fullsphere20_rep05_part01.inc1.id1.sim.gz,30107,-39.14891,-46.76609,12.5776,0.51208,0.72567,-0.45954,380.524
eplus,w2_510p58_511p42,raw,1,0.0006790382916483043,cps normalized by prompt TT,100_110,225_270,GeoOpt_S1_PlasticFullWrap_SideShell_5mm,PlasticScintillator,side_wall,,,,510.99893099999997,80610.73201470997,not_active_veto_pass,side,side_phi02_090deg,74.75224236857808,runs/geometry_optimization_20260704/step02_instant_geo_opt_s1_bpe_w5_fullstat_v1/Background_eplus_fullsphere20_rep05_part01.inc1.id1.sim.gz,31391,15.71057,59.89891,-5.19193,-0.32733,-0.94456,-0.02588,201479.525
eplus,w2_510p58_511p42,raw,1,0.0006790382916483043,cps normalized by prompt TT,150_160,090_135,Vacuum_Jacket_Al_266mmClass_side_port_side_wall_above_side_port,Aluminium,top,,,,510.99893299999997,0.0,single,top,top_phi00_000deg,8.379413202828507,runs/geometry_optimization_20260704/step02_instant_geo_opt_s1_bpe_w5_fullstat_v1/Background_eplus_fullsphere20_rep05_part01.inc1.id1.sim.gz,31997,57.45726,-24.69386,26.95075,-0.67146,0.46389,-0.57789,629.605
eplus,w2_510p58_511p42,active_veto_pass,1,0.0006790382916483043,cps normalized by prompt TT,150_160,090_135,Vacuum_Jacket_Al_266mmClass_side_port_side_wall_above_side_port,Aluminium,top,,,,510.99893299999997,0.0,single,top,top_phi00_000deg,8.379413202828507,runs/geometry_optimization_20260704/step02_instant_geo_opt_s1_bpe_w5_fullstat_v1/Background_eplus_fullsphere20_rep05_part01.inc1.id1.sim.gz,31997,57.45726,-24.69386,26.95075,-0.67146,0.46389,-0.57789,629.605
eplus,w2_510p58_511p42,side_compton_fov_pass,1,0.0006790382916483043,cps normalized by prompt TT,150_160,090_135,Vacuum_Jacket_Al_266mmClass_side_port_side_wall_above_side_port,Aluminium,top,,,,510.99893299999997,0.0,single,top,top_phi00_000deg,8.379413202828507,runs/geometry_optimization_20260704/step02_instant_geo_opt_s1_bpe_w5_fullstat_v1/Background_eplus_fullsphere20_rep05_part01.inc1.id1.sim.gz,31997,57.45726,-24.69386,26.95075,-0.67146,0.46389,-0.57789,629.605
eplus,w2_510p58_511p42,raw,1,0.0006790382916483043,cps normalized by prompt TT,070_080,315_360,GeoOpt_S1_PlasticFullWrap_SideShell_5mm,PlasticScintillator,side_window,,,,510.99888,183.89296027999998,not_active_veto_pass,side,side_neg_x_window_axis_pm15deg,188.33728821360995,runs/geometry_optimization_20260704/step02_instant_geo_opt_s1_bpe_w5_fullstat_v1/Background_eplus_fullsphere20_rep05_part01.inc1.id1.sim.gz,40978,-50.46629,15.57909,30.83227,0.7648,-0.52716,-0.37037,183.893
eplus,w2_510p58_511p42,raw,1,0.0006790382916483043,cps normalized by prompt TT,070_080,000_045,Vacuum_Jacket_Al_266mmClass_side_port_side_wall_above_side_port,Aluminium,unknown,,,,510.9989,0.0,single,miss_current_outer_envelope,phi04_180deg,,runs/geometry_optimization_20260704/step02_instant_geo_opt_s1_bpe_w5_fullstat_v1/Background_eplus_fullsphere20_rep05_part01.inc1.id1.sim.gz,55140,-47.80923,1.97362,40.23165,0.87704,0.2516,-0.40927,118.797
eplus,w2_510p58_511p42,active_veto_pass,1,0.0006790382916483043,cps normalized by prompt TT,070_080,000_045,Vacuum_Jacket_Al_266mmClass_side_port_side_wall_above_side_port,Aluminium,unknown,,,,510.9989,0.0,single,miss_current_outer_envelope,phi04_180deg,,runs/geometry_optimization_20260704/step02_instant_geo_opt_s1_bpe_w5_fullstat_v1/Background_eplus_fullsphere20_rep05_part01.inc1.id1.sim.gz,55140,-47.80923,1.97362,40.23165,0.87704,0.2516,-0.40927,118.797
eplus,w2_510p58_511p42,side_compton_fov_pass,1,0.0006790382916483043,cps normalized by prompt TT,070_080,000_045,Vacuum_Jacket_Al_266mmClass_side_port_side_wall_above_side_port,Aluminium,unknown,,,,510.9989,0.0,single,miss_current_outer_envelope,phi04_180deg,,runs/geometry_optimization_20260704/step02_instant_geo_opt_s1_bpe_w5_fullstat_v1/Background_eplus_fullsphere20_rep05_part01.inc1.id1.sim.gz,55140,-47.80923,1.97362,40.23165,0.87704,0.2516,-0.40927,118.797
eplus,w2_510p58_511p42,raw,1,0.0006790382916483043,cps normalized by prompt TT,120_130,045_090,GeoOpt_S1_PlasticFullWrap_SideShell_5mm,PlasticScintillator,side_wall,,,,510.9989,4.26576295,single,side,side_phi05_225deg,225.73234911218265,runs/geometry_optimization_20260704/step02_instant_geo_opt_s1_bpe_w5_fullstat_v1/Background_eplus_fullsphere20_rep05_part01.inc1.id1.sim.gz,67424,-0.68884,-54.51178,38.12343,-0.27932,0.79482,-0.53874,4.266
eplus,w2_510p58_511p42,active_veto_pass,1,0.0006790382916483043,cps normalized by prompt TT,120_130,045_090,GeoOpt_S1_PlasticFullWrap_SideShell_5mm,PlasticScintillator,side_wall,,,,510.9989,4.26576295,single,side,side_phi05_225deg,225.73234911218265,runs/geometry_optimization_20260704/step02_instant_geo_opt_s1_bpe_w5_fullstat_v1/Background_eplus_fullsphere20_rep05_part01.inc1.id1.sim.gz,67424,-0.68884,-54.51178,38.12343,-0.27932,0.79482,-0.53874,4.266
eplus,w2_510p58_511p42,side_compton_fov_pass,1,0.0006790382916483043,cps normalized by prompt TT,120_130,045_090,GeoOpt_S1_PlasticFullWrap_SideShell_5mm,PlasticScintillator,side_wall,,,,510.9989,4.26576295,single,side,side_phi05_225deg,225.73234911218265,runs/geometry_optimization_20260704/step02_instant_geo_opt_s1_bpe_w5_fullstat_v1/Background_eplus_fullsphere20_rep05_part01.inc1.id1.sim.gz,67424,-0.68884,-54.51178,38.12343,-0.27932,0.79482,-0.53874,4.266
eplus,w2_510p58_511p42,raw,1,0.0006790382916483043,cps normalized by prompt TT,050_060,315_360,TP_L1_00007,Ta,unknown,,,,510.99894,0.0,veto,miss_current_outer_envelope,phi04_180deg,,runs/geometry_optimization_20260704/step02_instant_geo_opt_s1_bpe_w5_fullstat_v1/Background_eplus_fullsphere20_rep05_part01.inc1.id1.sim.gz,81816,-64.78826,-8.01617,33.27407,0.88736,-0.45486,-0.07544,172.683
eplus,w2_510p58_511p42,active_veto_pass,1,0.0006790382916483043,cps normalized by prompt TT,050_060,315_360,TP_L1_00007,Ta,unknown,,,,510.99894,0.0,veto,miss_current_outer_envelope,phi04_180deg,,runs/geometry_optimization_20260704/step02_instant_geo_opt_s1_bpe_w5_fullstat_v1/Background_eplus_fullsphere20_rep05_part01.inc1.id1.sim.gz,81816,-64.78826,-8.01617,33.27407,0.88736,-0.45486,-0.07544,172.683
eplus,w2_510p58_511p42,raw,1,0.0006790382916483043,cps normalized by prompt TT,070_080,270_315,TP_L0_00237,Ta,unknown,,,,510.9989532108,0.0,keep,miss_current_outer_envelope,phi04_180deg,,runs/geometry_optimization_20260704/step02_instant_geo_opt_s1_bpe_w5_fullstat_v1/Background_eplus_fullsphere20_rep05_part01.inc1.id1.sim.gz,113054,-48.93887,25.6585,47.93623,0.59751,-0.78011,-0.1855,1.264
eplus,w2_510p58_511p42,active_veto_pass,1,0.0006790382916483043,cps normalized by prompt TT,070_080,270_315,TP_L0_00237,Ta,unknown,,,,510.9989532108,0.0,keep,miss_current_outer_envelope,phi04_180deg,,runs/geometry_optimization_20260704/step02_instant_geo_opt_s1_bpe_w5_fullstat_v1/Background_eplus_fullsphere20_rep05_part01.inc1.id1.sim.gz,113054,-48.93887,25.6585,47.93623,0.59751,-0.78011,-0.1855,1.264
eplus,w2_510p58_511p42,side_compton_fov_pass,1,0.0006790382916483043,cps normalized by prompt TT,070_080,270_315,TP_L0_00237,Ta,unknown,,,,510.9989532108,0.0,keep,miss_current_outer_envelope,phi04_180deg,,runs/geometry_optimization_20260704/step02_instant_geo_opt_s1_bpe_w5_fullstat_v1/Background_eplus_fullsphere20_rep05_part01.inc1.id1.sim.gz,113054,-48.93887,25.6585,47.93623,0.59751,-0.78011,-0.1855,1.264
eplus,w2_510p58_511p42,raw,1,0.0006790382916483043,cps normalized by prompt TT,120_130,270_315,TP_L0_00046,Ta,unknown,,,,510.99892,0.0,single,miss_current_outer_envelope,phi04_180deg,,runs/geometry_optimization_20260704/step02_instant_geo_opt_s1_bpe_w5_fullstat_v1/Background_eplus_fullsphere20_rep05_part01.inc1.id1.sim.gz,143314,-13.37255,1.18751,80.24261,-0.06825,-0.59775,-0.79878,233.085
eplus,w2_510p58_511p42,active_veto_pass,1,0.0006790382916483043,cps normalized by prompt TT,120_130,270_315,TP_L0_00046,Ta,unknown,,,,510.99892,0.0,single,miss_current_outer_envelope,phi04_180deg,,runs/geometry_optimization_20260704/step02_instant_geo_opt_s1_bpe_w5_fullstat_v1/Background_eplus_fullsphere20_rep05_part01.inc1.id1.sim.gz,143314,-13.37255,1.18751,80.24261,-0.06825,-0.59775,-0.79878,233.085
eplus,w2_510p58_511p42,side_compton_fov_pass,1,0.0006790382916483043,cps normalized by prompt TT,120_130,270_315,TP_L0_00046,Ta,unknown,,,,510.99892,0.0,single,miss_current_outer_envelope,phi04_180deg,,runs/geometry_optimization_20260704/step02_instant_geo_opt_s1_bpe_w5_fullstat_v1/Background_eplus_fullsphere20_rep05_part01.inc1.id1.sim.gz,143314,-13.37255,1.18751,80.24261,-0.06825,-0.59775,-0.79878,233.085
eplus,w2_510p58_511p42,raw,1,0.0006790382916483043,cps normalized by prompt TT,100_110,180_225,TP_L4_00113,Ta,top,,,,510.99893,0.0,veto,top,top_phi07_315deg,310.77106176979447,runs/geometry_optimization_20260704/step02_instant_geo_opt_s1_bpe_w5_fullstat_v1/Background_eplus_fullsphere20_rep05_part01.inc1.id1.sim.gz,201276,56.27275,21.05929,-23.7107,-0.7251,-0.58953,0.35592,0.41
eplus,w2_510p58_511p42,active_veto_pass,1,0.0006790382916483043,cps normalized by prompt TT,100_110,180_225,TP_L4_00113,Ta,top,,,,510.99893,0.0,veto,top,top_phi07_315deg,310.77106176979447,runs/geometry_optimization_20260704/step02_instant_geo_opt_s1_bpe_w5_fullstat_v1/Background_eplus_fullsphere20_rep05_part01.inc1.id1.sim.gz,201276,56.27275,21.05929,-23.7107,-0.7251,-0.58953,0.35592,0.41
eplus,w2_510p58_511p42,raw,1,0.0006790382916483043,cps normalized by prompt TT,080_090,180_225,GeoOpt_S1_PlasticFullWrap_SideShell_5mm,PlasticScintillator,side_wall,,,,510.99888400000003,3.5523303000000004,keep,side,side_phi00_000deg,349.33831538396356,runs/geometry_optimization_20260704/step02_instant_geo_opt_s1_bpe_w5_fullstat_v1/Background_eplus_fullsphere20_rep06_part01.inc1.id1.sim.gz,19036,38.61802,12.83633,-46.44608,-0.50868,-0.47658,0.71702,3.552
eplus,w2_510p58_511p42,active_veto_pass,1,0.0006790382916483043,cps normalized by prompt TT,080_090,180_225,GeoOpt_S1_PlasticFullWrap_SideShell_5mm,PlasticScintillator,side_wall,,,,510.99888400000003,3.5523303000000004,keep,side,side_phi00_000deg,349.33831538396356,runs/geometry_optimization_20260704/step02_instant_geo_opt_s1_bpe_w5_fullstat_v1/Background_eplus_fullsphere20_rep06_part01.inc1.id1.sim.gz,19036,38.61802,12.83633,-46.44608,-0.50868,-0.47658,0.71702,3.552
eplus,w2_510p58_511p42,side_compton_fov_pass,1,0.0006790382916483043,cps normalized by prompt TT,080_090,180_225,GeoOpt_S1_PlasticFullWrap_SideShell_5mm,PlasticScintillator,side_wall,,,,510.99888400000003,3.5523303000000004,keep,side,side_phi00_000deg,349.33831538396356,runs/geometry_optimization_20260704/step02_instant_geo_opt_s1_bpe_w5_fullstat_v1/Background_eplus_fullsphere20_rep06_part01.inc1.id1.sim.gz,19036,38.61802,12.83633,-46.44608,-0.50868,-0.47658,0.71702,3.552
eplus,w2_510p58_511p42,raw,1,0.0006790382916483043,cps normalized by prompt TT,110_120,135_180,GeoOpt_S1_PlasticFullWrap_SideShell_5mm,PlasticScintillator,side_wall,,,,510.99889999999994,156.10666461,not_active_veto_pass,side,side_phi07_315deg,312.96600550929327,runs/geometry_optimization_20260704/step02_instant_geo_opt_s1_bpe_w5_fullstat_v1/Background_eplus_fullsphere20_rep06_part01.inc1.id1.sim.gz,25293,45.8748,-40.16594,-20.47679,-0.83667,0.51376,0.1898,156.107
eplus,w2_510p58_511p42,raw,1,0.0006790382916483043,cps normalized by prompt TT,120_130,180_225,GeoOpt_S1_PlasticFullWrap_TopCap_5mm,PlasticScintillator,top,,,,510.99895300000003,33.88231068,keep,top,top_phi02_090deg,80.01249982607035,runs/geometry_optimization_20260704/step02_instant_geo_opt_s1_bpe_w5_fullstat_v1/Background_eplus_fullsphere20_rep06_part01.inc1.id1.sim.gz,36215,62.48022,22.5837,-10.20892,-0.97288,-0.00818,0.23118,33.882
eplus,w2_510p58_511p42,active_veto_pass,1,0.0006790382916483043,cps normalized by prompt TT,120_130,180_225,GeoOpt_S1_PlasticFullWrap_TopCap_5mm,PlasticScintillator,top,,,,510.99895300000003,33.88231068,keep,top,top_phi02_090deg,80.01249982607035,runs/geometry_optimization_20260704/step02_instant_geo_opt_s1_bpe_w5_fullstat_v1/Background_eplus_fullsphere20_rep06_part01.inc1.id1.sim.gz,36215,62.48022,22.5837,-10.20892,-0.97288,-0.00818,0.23118,33.882
eplus,w2_510p58_511p42,side_compton_fov_pass,1,0.0006790382916483043,cps normalized by prompt TT,120_130,180_225,GeoOpt_S1_PlasticFullWrap_TopCap_5mm,PlasticScintillator,top,,,,510.99895300000003,33.88231068,keep,top,top_phi02_090deg,80.01249982607035,runs/geometry_optimization_20260704/step02_instant_geo_opt_s1_bpe_w5_fullstat_v1/Background_eplus_fullsphere20_rep06_part01.inc1.id1.sim.gz,36215,62.48022,22.5837,-10.20892,-0.97288,-0.00818,0.23118,33.882
eplus,w2_510p58_511p42,raw,1,0.0006790382916483043,cps normalized by prompt TT,150_160,225_270,GeoOpt_S1_PlasticFullWrap_TopCap_5mm,PlasticScintillator,top,,,,510.99886000000004,8.178310250000001,single,top,top_phi01_045deg,65.49812601020432,runs/geometry_optimization_20260704/step02_instant_geo_opt_s1_bpe_w5_fullstat_v1/Background_eplus_fullsphere20_rep06_part01.inc1.id1.sim.gz,70159,53.04056,37.32952,23.5485,-0.80843,-0.29619,-0.50864,8.178
eplus,w2_510p58_511p42,active_veto_pass,1,0.0006790382916483043,cps normalized by prompt TT,150_160,225_270,GeoOpt_S1_PlasticFullWrap_TopCap_5mm,PlasticScintillator,top,,,,510.99886000000004,8.178310250000001,single,top,top_phi01_045deg,65.49812601020432,runs/geometry_optimization_20260704/step02_instant_geo_opt_s1_bpe_w5_fullstat_v1/Background_eplus_fullsphere20_rep06_part01.inc1.id1.sim.gz,70159,53.04056,37.32952,23.5485,-0.80843,-0.29619,-0.50864,8.178
eplus,w2_510p58_511p42,side_compton_fov_pass,1,0.0006790382916483043,cps normalized by prompt TT,150_160,225_270,GeoOpt_S1_PlasticFullWrap_TopCap_5mm,PlasticScintillator,top,,,,510.99886000000004,8.178310250000001,single,top,top_phi01_045deg,65.49812601020432,runs/geometry_optimization_20260704/step02_instant_geo_opt_s1_bpe_w5_fullstat_v1/Background_eplus_fullsphere20_rep06_part01.inc1.id1.sim.gz,70159,53.04056,37.32952,23.5485,-0.80843,-0.29619,-0.50864,8.178
eplus,w2_510p58_511p42,raw,1,0.0006790382916483043,cps normalized by prompt TT,040_050,270_315,GeoOpt_S1_PlasticFullWrap_SideShell_5mm,PlasticScintillator,side_wall,,,,510.99892,15.958251559999999,single,side,side_phi03_135deg,139.95833935508577,runs/geometry_optimization_20260704/step02_instant_geo_opt_s1_bpe_w5_fullstat_v1/Background_eplus_fullsphere20_rep06_part01.inc1.id1.sim.gz,120181,-44.3232,36.60712,3.96739,0.77442,-0.60368,0.18932,15.958
eplus,w2_510p58_511p42,active_veto_pass,1,0.0006790382916483043,cps normalized by prompt TT,040_050,270_315,GeoOpt_S1_PlasticFullWrap_SideShell_5mm,PlasticScintillator,side_wall,,,,510.99892,15.958251559999999,single,side,side_phi03_135deg,139.95833935508577,runs/geometry_optimization_20260704/step02_instant_geo_opt_s1_bpe_w5_fullstat_v1/Background_eplus_fullsphere20_rep06_part01.inc1.id1.sim.gz,120181,-44.3232,36.60712,3.96739,0.77442,-0.60368,0.18932,15.958
eplus,w2_510p58_511p42,side_compton_fov_pass,1,0.0006790382916483043,cps normalized by prompt TT,040_050,270_315,GeoOpt_S1_PlasticFullWrap_SideShell_5mm,PlasticScintillator,side_wall,,,,510.99892,15.958251559999999,single,side,side_phi03_135deg,139.95833935508577,runs/geometry_optimization_20260704/step02_instant_geo_opt_s1_bpe_w5_fullstat_v1/Background_eplus_fullsphere20_rep06_part01.inc1.id1.sim.gz,120181,-44.3232,36.60712,3.96739,0.77442,-0.60368,0.18932,15.958
eplus,w2_510p58_511p42,raw,1,0.0006790382916483043,cps normalized by prompt TT,090_100,000_045,GeoOpt_S1_PlasticFullWrap_SideShell_5mm,PlasticScintillator,side_wall,,,,510.99896,11.933693819999998,single,side,side_phi06_270deg,275.4090562430125,runs/geometry_optimization_20260704/step02_instant_geo_opt_s1_bpe_w5_fullstat_v1/Background_eplus_fullsphere20_rep06_part01.inc1.id1.sim.gz,128882,-28.78895,-55.57706,24.09401,0.45745,0.56283,-0.68845,11.934
eplus,w2_510p58_511p42,active_veto_pass,1,0.0006790382916483043,cps normalized by prompt TT,090_100,000_045,GeoOpt_S1_PlasticFullWrap_SideShell_5mm,PlasticScintillator,side_wall,,,,510.99896,11.933693819999998,single,side,side_phi06_270deg,275.4090562430125,runs/geometry_optimization_20260704/step02_instant_geo_opt_s1_bpe_w5_fullstat_v1/Background_eplus_fullsphere20_rep06_part01.inc1.id1.sim.gz,128882,-28.78895,-55.57706,24.09401,0.45745,0.56283,-0.68845,11.934
eplus,w2_510p58_511p42,side_compton_fov_pass,1,0.0006790382916483043,cps normalized by prompt TT,090_100,000_045,GeoOpt_S1_PlasticFullWrap_SideShell_5mm,PlasticScintillator,side_wall,,,,510.99896,11.933693819999998,single,side,side_phi06_270deg,275.4090562430125,runs/geometry_optimization_20260704/step02_instant_geo_opt_s1_bpe_w5_fullstat_v1/Background_eplus_fullsphere20_rep06_part01.inc1.id1.sim.gz,128882,-28.78895,-55.57706,24.09401,0.45745,0.56283,-0.68845,11.934
eplus,w2_510p58_511p42,raw,1,0.0006790382916483043,cps normalized by prompt TT,100_110,090_135,GeoOpt_S1_PlasticFullWrap_SideShell_5mm,PlasticScintillator,side_wall,,,,510.9988953999999,14.582484999999998,single,side,side_phi06_270deg,276.91581245853797,runs/geometry_optimization_20260704/step02_instant_geo_opt_s1_bpe_w5_fullstat_v1/Background_eplus_fullsphere20_rep06_part01.inc1.id1.sim.gz,131723,9.38887,-62.33677,-8.84127,-0.35885,0.93338,0.00435,14.582
eplus,w2_510p58_511p42,active_veto_pass,1,0.0006790382916483043,cps normalized by prompt TT,100_110,090_135,GeoOpt_S1_PlasticFullWrap_SideShell_5mm,PlasticScintillator,side_wall,,,,510.9988953999999,14.582484999999998,single,side,side_phi06_270deg,276.91581245853797,runs/geometry_optimization_20260704/step02_instant_geo_opt_s1_bpe_w5_fullstat_v1/Background_eplus_fullsphere20_rep06_part01.inc1.id1.sim.gz,131723,9.38887,-62.33677,-8.84127,-0.35885,0.93338,0.00435,14.582
eplus,w2_510p58_511p42,side_compton_fov_pass,1,0.0006790382916483043,cps normalized by prompt TT,100_110,090_135,GeoOpt_S1_PlasticFullWrap_SideShell_5mm,PlasticScintillator,side_wall,,,,510.9988953999999,14.582484999999998,single,side,side_phi06_270deg,276.91581245853797,runs/geometry_optimization_20260704/step02_instant_geo_opt_s1_bpe_w5_fullstat_v1/Background_eplus_fullsphere20_rep06_part01.inc1.id1.sim.gz,131723,9.38887,-62.33677,-8.84127,-0.35885,0.93338,0.00435,14.582
eplus,w2_510p58_511p42,raw,1,0.0006790382916483043,cps normalized by prompt TT,100_110,045_090,GeoOpt_S1_PlasticFullWrap_SideShell_5mm,PlasticScintillator,side_wall,,,,510.998917,1618.6728606520003,not_active_veto_pass,side,side_phi06_270deg,250.77284695382122,runs/geometry_optimization_20260704/step02_instant_geo_opt_s1_bpe_w5_fullstat_v1/Background_eplus_fullsphere20_rep06_part01.inc1.id1.sim.gz,144727,-7.65293,-61.23633,9.40027,-0.07393,0.97941,-0.18788,7309.667
eplus,w2_510p58_511p42,raw,1,0.0006790382916483043,cps normalized by prompt TT,110_120,180_225,GeoOpt_S1_PlasticFullWrap_TopCap_5mm,PlasticScintillator,top,,,,510.99889500000006,45.621403169999994,keep,top,top_phi02_090deg,111.36899164330453,runs/geometry_optimization_20260704/step02_instant_geo_opt_s1_bpe_w5_fullstat_v1/Background_eplus_fullsphere20_rep06_part01.inc1.id1.sim.gz,156362,50.9296,44.76676,-0.10272,-0.8993,-0.38635,0.20491,225.291
eplus,w2_510p58_511p42,active_veto_pass,1,0.0006790382916483043,cps normalized by prompt TT,110_120,180_225,GeoOpt_S1_PlasticFullWrap_TopCap_5mm,PlasticScintillator,top,,,,510.99889500000006,45.621403169999994,keep,top,top_phi02_090deg,111.36899164330453,runs/geometry_optimization_20260704/step02_instant_geo_opt_s1_bpe_w5_fullstat_v1/Background_eplus_fullsphere20_rep06_part01.inc1.id1.sim.gz,156362,50.9296,44.76676,-0.10272,-0.8993,-0.38635,0.20491,225.291
eplus,w2_510p58_511p42,side_compton_fov_pass,1,0.0006790382916483043,cps normalized by prompt TT,110_120,180_225,GeoOpt_S1_PlasticFullWrap_TopCap_5mm,PlasticScintillator,top,,,,510.99889500000006,45.621403169999994,keep,top,top_phi02_090deg,111.36899164330453,runs/geometry_optimization_20260704/step02_instant_geo_opt_s1_bpe_w5_fullstat_v1/Background_eplus_fullsphere20_rep06_part01.inc1.id1.sim.gz,156362,50.9296,44.76676,-0.10272,-0.8993,-0.38635,0.20491,225.291
eplus,w2_510p58_511p42,raw,1,0.0006790382916483043,cps normalized by prompt TT,120_130,090_135,TP_L5_00006,Ta,side_wall,,,,510.99890000000005,0.0,keep,side,side_phi00_000deg,6.127332137258569,runs/geometry_optimization_20260704/step02_instant_geo_opt_s1_bpe_w5_fullstat_v1/Background_eplus_fullsphere20_rep06_part01.inc1.id1.sim.gz,163455,49.03178,-43.50991,-31.31691,-0.69407,0.71744,-0.05951,0.861
eplus,w2_510p58_511p42,active_veto_pass,1,0.0006790382916483043,cps normalized by prompt TT,120_130,090_135,TP_L5_00006,Ta,side_wall,,,,510.99890000000005,0.0,keep,side,side_phi00_000deg,6.127332137258569,runs/geometry_optimization_20260704/step02_instant_geo_opt_s1_bpe_w5_fullstat_v1/Background_eplus_fullsphere20_rep06_part01.inc1.id1.sim.gz,163455,49.03178,-43.50991,-31.31691,-0.69407,0.71744,-0.05951,0.861
eplus,w2_510p58_511p42,side_compton_fov_pass,1,0.0006790382916483043,cps normalized by prompt TT,120_130,090_135,TP_L5_00006,Ta,side_wall,,,,510.99890000000005,0.0,keep,side,side_phi00_000deg,6.127332137258569,runs/geometry_optimization_20260704/step02_instant_geo_opt_s1_bpe_w5_fullstat_v1/Background_eplus_fullsphere20_rep06_part01.inc1.id1.sim.gz,163455,49.03178,-43.50991,-31.31691,-0.69407,0.71744,-0.05951,0.861
eplus,w2_510p58_511p42,raw,1,0.0006790382916483043,cps normalized by prompt TT,070_080,270_315,GeoOpt_S1_PlasticFullWrap_SideShell_5mm,PlasticScintillator,side_wall,,,,510.99886000000004,70.0206271,not_active_veto_pass,side,side_phi03_135deg,128.26040960311602,runs/geometry_optimization_20260704/step02_instant_geo_opt_s1_bpe_w5_fullstat_v1/Background_eplus_fullsphere20_rep06_part01.inc1.id1.sim.gz,177789,-23.52179,54.87891,7.72614,0.26476,-0.96206,0.06591,70.021
eplus,w2_510p58_511p42,raw,1,0.0006790382916483043,cps normalized by prompt TT,140_150,135_180,GeoOpt_S1_PlasticFullWrap_SideShell_5mm,PlasticScintillator,side_wall,,,,510.99893199999997,2232.7753136000006,not_active_veto_pass,side,side_phi00_000deg,3.812581217548663,runs/geometry_optimization_20260704/step02_instant_geo_opt_s1_bpe_w5_fullstat_v1/Background_eplus_fullsphere20_rep07_part01.inc1.id1.sim.gz,61301,69.05237,-11.66529,-20.95716,-0.96157,0.20928,-0.17772,2232.775
eplus,w2_510p58_511p42,raw,1,0.0006790382916483043,cps normalized by prompt TT,060_070,225_270,GeoOpt_S1_PlasticFullWrap_SideShell_5mm,PlasticScintillator,side_wall,,,,510.99890000000005,13.14675642,keep,side,side_phi02_090deg,78.63835026234918,runs/geometry_optimization_20260704/step02_instant_geo_opt_s1_bpe_w5_fullstat_v1/Background_eplus_fullsphere20_rep07_part01.inc1.id1.sim.gz,106227,-9.02853,44.43771,-37.16229,-0.04396,-0.66355,0.74684,13.147
eplus,w2_510p58_511p42,active_veto_pass,1,0.0006790382916483043,cps normalized by prompt TT,060_070,225_270,GeoOpt_S1_PlasticFullWrap_SideShell_5mm,PlasticScintillator,side_wall,,,,510.99890000000005,13.14675642,keep,side,side_phi02_090deg,78.63835026234918,runs/geometry_optimization_20260704/step02_instant_geo_opt_s1_bpe_w5_fullstat_v1/Background_eplus_fullsphere20_rep07_part01.inc1.id1.sim.gz,106227,-9.02853,44.43771,-37.16229,-0.04396,-0.66355,0.74684,13.147
eplus,w2_510p58_511p42,side_compton_fov_pass,1,0.0006790382916483043,cps normalized by prompt TT,060_070,225_270,GeoOpt_S1_PlasticFullWrap_SideShell_5mm,PlasticScintillator,side_wall,,,,510.99890000000005,13.14675642,keep,side,side_phi02_090deg,78.63835026234918,runs/geometry_optimization_20260704/step02_instant_geo_opt_s1_bpe_w5_fullstat_v1/Background_eplus_fullsphere20_rep07_part01.inc1.id1.sim.gz,106227,-9.02853,44.43771,-37.16229,-0.04396,-0.66355,0.74684,13.147
eplus,w2_510p58_511p42,raw,1,0.0006790382916483043,cps normalized by prompt TT,070_080,270_315,GeoOpt_S1_PlasticFullWrap_SideShell_5mm,PlasticScintillator,side_wall,,,,510.99891799999995,123.53333450000001,not_active_veto_pass,side,side_phi03_135deg,130.79619629056785,runs/geometry_optimization_20260704/step02_instant_geo_opt_s1_bpe_w5_fullstat_v1/Background_eplus_fullsphere20_rep07_part01.inc1.id1.sim.gz,168995,-29.15577,50.60919,10.00014,0.41619,-0.90927,0.00373,123.533
eplus,w2_510p58_511p42,raw,1,0.0006790382916483043,cps normalized by prompt TT,100_110,135_180,GeoOpt_S1_PlasticFullWrap_SideShell_5mm,PlasticScintillator,side_wall,,,,510.99891,14.504205980000002,single,side,side_phi07_315deg,318.1141994931429,runs/geometry_optimization_20260704/step02_instant_geo_opt_s1_bpe_w5_fullstat_v1/Background_eplus_fullsphere20_rep07_part01.inc1.id1.sim.gz,197516,43.08702,-32.69326,-32.31655,-0.81443,0.38228,0.43654,14.504
eplus,w2_510p58_511p42,active_veto_pass,1,0.0006790382916483043,cps normalized by prompt TT,100_110,135_180,GeoOpt_S1_PlasticFullWrap_SideShell_5mm,PlasticScintillator,side_wall,,,,510.99891,14.504205980000002,single,side,side_phi07_315deg,318.1141994931429,runs/geometry_optimization_20260704/step02_instant_geo_opt_s1_bpe_w5_fullstat_v1/Background_eplus_fullsphere20_rep07_part01.inc1.id1.sim.gz,197516,43.08702,-32.69326,-32.31655,-0.81443,0.38228,0.43654,14.504
eplus,w2_510p58_511p42,side_compton_fov_pass,1,0.0006790382916483043,cps normalized by prompt TT,100_110,135_180,GeoOpt_S1_PlasticFullWrap_SideShell_5mm,PlasticScintillator,side_wall,,,,510.99891,14.504205980000002,single,side,side_phi07_315deg,318.1141994931429,runs/geometry_optimization_20260704/step02_instant_geo_opt_s1_bpe_w5_fullstat_v1/Background_eplus_fullsphere20_rep07_part01.inc1.id1.sim.gz,197516,43.08702,-32.69326,-32.31655,-0.81443,0.38228,0.43654,14.504
eplus,w2_510p58_511p42,raw,1,0.0006790382916483043,cps normalized by prompt TT,090_100,090_135,GeoOpt_S1_PlasticFullWrap_SideShell_5mm,PlasticScintillator,side_wall,,,,510.998843,6.002913899999999,single,side,side_phi06_270deg,288.3862270765634,runs/geometry_optimization_20260704/step02_instant_geo_opt_s1_bpe_w5_fullstat_v1/Background_eplus_fullsphere20_rep07_part01.inc1.id1.sim.gz,202853,12.92977,-59.59861,-7.79313,-0.23543,0.97186,0.00744,6.003
eplus,w2_510p58_511p42,active_veto_pass,1,0.0006790382916483043,cps normalized by prompt TT,090_100,090_135,GeoOpt_S1_PlasticFullWrap_SideShell_5mm,PlasticScintillator,side_wall,,,,510.998843,6.002913899999999,single,side,side_phi06_270deg,288.3862270765634,runs/geometry_optimization_20260704/step02_instant_geo_opt_s1_bpe_w5_fullstat_v1/Background_eplus_fullsphere20_rep07_part01.inc1.id1.sim.gz,202853,12.92977,-59.59861,-7.79313,-0.23543,0.97186,0.00744,6.003
eplus,w2_510p58_511p42,side_compton_fov_pass,1,0.0006790382916483043,cps normalized by prompt TT,090_100,090_135,GeoOpt_S1_PlasticFullWrap_SideShell_5mm,PlasticScintillator,side_wall,,,,510.998843,6.002913899999999,single,side,side_phi06_270deg,288.3862270765634,runs/geometry_optimization_20260704/step02_instant_geo_opt_s1_bpe_w5_fullstat_v1/Background_eplus_fullsphere20_rep07_part01.inc1.id1.sim.gz,202853,12.92977,-59.59861,-7.79313,-0.23543,0.97186,0.00744,6.003
eplus,w2_510p58_511p42,raw,1,0.0006790382916483043,cps normalized by prompt TT,100_110,135_180,GeoOpt_S1_PlasticFullWrap_BottomCap_5mm,PlasticScintillator,side_wall,,,,510.99888699999997,114.59603899999999,not_active_veto_pass,side,side_phi00_000deg,18.96097014337739,runs/geometry_optimization_20260704/step02_instant_geo_opt_s1_bpe_w5_fullstat_v1/Background_eplus_fullsphere20_rep07_part01.inc1.id1.sim.gz,209358,37.22303,7.81014,-57.023,-0.84904,0.03035,0.52746,114.596
eplus,w2_510p58_511p42,raw,1,0.0006790382916483043,cps normalized by prompt TT,040_050,000_045,GeoOpt_S1_PlasticFullWrap_SideShell_5mm,PlasticScintillator,side_wall,,,,510.99888,1.23070945,keep,side,side_phi03_135deg,149.48610907913206,runs/geometry_optimization_20260704/step02_instant_geo_opt_s1_bpe_w5_fullstat_v1/Background_eplus_fullsphere20_rep08_part01.inc1.id1.sim.gz,9911,-61.0021,1.50095,-0.59952,0.91605,0.38437,0.11453,1.231
eplus,w2_510p58_511p42,active_veto_pass,1,0.0006790382916483043,cps normalized by prompt TT,040_050,000_045,GeoOpt_S1_PlasticFullWrap_SideShell_5mm,PlasticScintillator,side_wall,,,,510.99888,1.23070945,keep,side,side_phi03_135deg,149.48610907913206,runs/geometry_optimization_20260704/step02_instant_geo_opt_s1_bpe_w5_fullstat_v1/Background_eplus_fullsphere20_rep08_part01.inc1.id1.sim.gz,9911,-61.0021,1.50095,-0.59952,0.91605,0.38437,0.11453,1.231
eplus,w2_510p58_511p42,side_compton_fov_pass,1,0.0006790382916483043,cps normalized by prompt TT,040_050,000_045,GeoOpt_S1_PlasticFullWrap_SideShell_5mm,PlasticScintillator,side_wall,,,,510.99888,1.23070945,keep,side,side_phi03_135deg,149.48610907913206,runs/geometry_optimization_20260704/step02_instant_geo_opt_s1_bpe_w5_fullstat_v1/Background_eplus_fullsphere20_rep08_part01.inc1.id1.sim.gz,9911,-61.0021,1.50095,-0.59952,0.91605,0.38437,0.11453,1.231
eplus,w2_510p58_511p42,raw,1,0.0006790382916483043,cps normalized by prompt TT,060_070,180_225,Vacuum_Jacket_Al_266mmClass_side_port_side_wall_above_side_port,Aluminium,unknown,,,,510.99886,0.0,single,miss_current_outer_envelope,phi00_000deg,,runs/geometry_optimization_20260704/step02_instant_geo_opt_s1_bpe_w5_fullstat_v1/Background_eplus_fullsphere20_rep08_part01.inc1.id1.sim.gz,41264,37.74993,18.8252,-45.26736,-0.2737,-0.24602,0.92982,17.71
eplus,w2_510p58_511p42,active_veto_pass,1,0.0006790382916483043,cps normalized by prompt TT,060_070,180_225,Vacuum_Jacket_Al_266mmClass_side_port_side_wall_above_side_port,Aluminium,unknown,,,,510.99886,0.0,single,miss_current_outer_envelope,phi00_000deg,,runs/geometry_optimization_20260704/step02_instant_geo_opt_s1_bpe_w5_fullstat_v1/Background_eplus_fullsphere20_rep08_part01.inc1.id1.sim.gz,41264,37.74993,18.8252,-45.26736,-0.2737,-0.24602,0.92982,17.71
eplus,w2_510p58_511p42,side_compton_fov_pass,1,0.0006790382916483043,cps normalized by prompt TT,060_070,180_225,Vacuum_Jacket_Al_266mmClass_side_port_side_wall_above_side_port,Aluminium,unknown,,,,510.99886,0.0,single,miss_current_outer_envelope,phi00_000deg,,runs/geometry_optimization_20260704/step02_instant_geo_opt_s1_bpe_w5_fullstat_v1/Background_eplus_fullsphere20_rep08_part01.inc1.id1.sim.gz,41264,37.74993,18.8252,-45.26736,-0.2737,-0.24602,0.92982,17.71
eplus,w2_510p58_511p42,raw,1,0.0006790382916483043,cps normalized by prompt TT,070_080,000_045,GeoOpt_S1_PlasticFullWrap_SideShell_5mm,PlasticScintillator,side_wall,,,,510.998865,28.90073623,keep,side,side_phi05_225deg,219.37669296288377,runs/geometry_optimization_20260704/step02_instant_geo_opt_s1_bpe_w5_fullstat_v1/Background_eplus_fullsphere20_rep08_part01.inc1.id1.sim.gz,51896,-42.20939,-34.62776,19.87169,0.75334,0.57492,-0.31928,28.901
eplus,w2_510p58_511p42,active_veto_pass,1,0.0006790382916483043,cps normalized by prompt TT,070_080,000_045,GeoOpt_S1_PlasticFullWrap_SideShell_5mm,PlasticScintillator,side_wall,,,,510.998865,28.90073623,keep,side,side_phi05_225deg,219.37669296288377,runs/geometry_optimization_20260704/step02_instant_geo_opt_s1_bpe_w5_fullstat_v1/Background_eplus_fullsphere20_rep08_part01.inc1.id1.sim.gz,51896,-42.20939,-34.62776,19.87169,0.75334,0.57492,-0.31928,28.901
eplus,w2_510p58_511p42,side_compton_fov_pass,1,0.0006790382916483043,cps normalized by prompt TT,070_080,000_045,GeoOpt_S1_PlasticFullWrap_SideShell_5mm,PlasticScintillator,side_wall,,,,510.998865,28.90073623,keep,side,side_phi05_225deg,219.37669296288377,runs/geometry_optimization_20260704/step02_instant_geo_opt_s1_bpe_w5_fullstat_v1/Background_eplus_fullsphere20_rep08_part01.inc1.id1.sim.gz,51896,-42.20939,-34.62776,19.87169,0.75334,0.57492,-0.31928,28.901
eplus,w2_510p58_511p42,raw,1,0.0006790382916483043,cps normalized by prompt TT,070_080,000_045,GeoOpt_S1_PlasticFullWrap_SideShell_5mm,PlasticScintillator,side_window,,,,510.99893399999996,1.90121827,keep,side,side_neg_x_window_axis_pm15deg,175.71199890755992,runs/geometry_optimization_20260704/step02_instant_geo_opt_s1_bpe_w5_fullstat_v1/Background_eplus_fullsphere20_rep08_part01.inc1.id1.sim.gz,69124,-56.14024,0.38491,20.86587,0.84771,0.06209,-0.52682,1.901
eplus,w2_510p58_511p42,active_veto_pass,1,0.0006790382916483043,cps normalized by prompt TT,070_080,000_045,GeoOpt_S1_PlasticFullWrap_SideShell_5mm,PlasticScintillator,side_window,,,,510.99893399999996,1.90121827,keep,side,side_neg_x_window_axis_pm15deg,175.71199890755992,runs/geometry_optimization_20260704/step02_instant_geo_opt_s1_bpe_w5_fullstat_v1/Background_eplus_fullsphere20_rep08_part01.inc1.id1.sim.gz,69124,-56.14024,0.38491,20.86587,0.84771,0.06209,-0.52682,1.901
eplus,w2_510p58_511p42,side_compton_fov_pass,1,0.0006790382916483043,cps normalized by prompt TT,070_080,000_045,GeoOpt_S1_PlasticFullWrap_SideShell_5mm,PlasticScintillator,side_window,,,,510.99893399999996,1.90121827,keep,side,side_neg_x_window_axis_pm15deg,175.71199890755992,runs/geometry_optimization_20260704/step02_instant_geo_opt_s1_bpe_w5_fullstat_v1/Background_eplus_fullsphere20_rep08_part01.inc1.id1.sim.gz,69124,-56.14024,0.38491,20.86587,0.84771,0.06209,-0.52682,1.901
eplus,w2_510p58_511p42,raw,1,0.0006790382916483043,cps normalized by prompt TT,110_120,180_225,GeoOpt_S1_PlasticFullWrap_TopCap_5mm,PlasticScintillator,top,,,,510.99888999999996,48.59154108,single,top,top_phi06_270deg,275.623458176816,runs/geometry_optimization_20260704/step02_instant_geo_opt_s1_bpe_w5_fullstat_v1/Background_eplus_fullsphere20_rep08_part01.inc1.id1.sim.gz,80763,63.23848,-13.7068,-18.48038,-0.91708,-0.16303,0.36386,48.592
eplus,w2_510p58_511p42,active_veto_pass,1,0.0006790382916483043,cps normalized by prompt TT,110_120,180_225,GeoOpt_S1_PlasticFullWrap_TopCap_5mm,PlasticScintillator,top,,,,510.99888999999996,48.59154108,single,top,top_phi06_270deg,275.623458176816,runs/geometry_optimization_20260704/step02_instant_geo_opt_s1_bpe_w5_fullstat_v1/Background_eplus_fullsphere20_rep08_part01.inc1.id1.sim.gz,80763,63.23848,-13.7068,-18.48038,-0.91708,-0.16303,0.36386,48.592
eplus,w2_510p58_511p42,side_compton_fov_pass,1,0.0006790382916483043,cps normalized by prompt TT,110_120,180_225,GeoOpt_S1_PlasticFullWrap_TopCap_5mm,PlasticScintillator,top,,,,510.99888999999996,48.59154108,single,top,top_phi06_270deg,275.623458176816,runs/geometry_optimization_20260704/step02_instant_geo_opt_s1_bpe_w5_fullstat_v1/Background_eplus_fullsphere20_rep08_part01.inc1.id1.sim.gz,80763,63.23848,-13.7068,-18.48038,-0.91708,-0.16303,0.36386,48.592
eplus,w2_510p58_511p42,raw,1,0.0006790382916483043,cps normalized by prompt TT,110_120,135_180,GeoOpt_S1_PlasticFullWrap_SideShell_5mm,PlasticScintillator,side_wall,,,,510.9989,10.26199435,single,side,side_phi00_000deg,359.0863355018087,runs/geometry_optimization_20260704/step02_instant_geo_opt_s1_bpe_w5_fullstat_v1/Background_eplus_fullsphere20_rep08_part01.inc1.id1.sim.gz,154485,52.67865,-3.13462,-35.03062,-0.91506,0.07311,0.39664,10.262
eplus,w2_510p58_511p42,active_veto_pass,1,0.0006790382916483043,cps normalized by prompt TT,110_120,135_180,GeoOpt_S1_PlasticFullWrap_SideShell_5mm,PlasticScintillator,side_wall,,,,510.9989,10.26199435,single,side,side_phi00_000deg,359.0863355018087,runs/geometry_optimization_20260704/step02_instant_geo_opt_s1_bpe_w5_fullstat_v1/Background_eplus_fullsphere20_rep08_part01.inc1.id1.sim.gz,154485,52.67865,-3.13462,-35.03062,-0.91506,0.07311,0.39664,10.262
eplus,w2_510p58_511p42,side_compton_fov_pass,1,0.0006790382916483043,cps normalized by prompt TT,110_120,135_180,GeoOpt_S1_PlasticFullWrap_SideShell_5mm,PlasticScintillator,side_wall,,,,510.9989,10.26199435,single,side,side_phi00_000deg,359.0863355018087,runs/geometry_optimization_20260704/step02_instant_geo_opt_s1_bpe_w5_fullstat_v1/Background_eplus_fullsphere20_rep08_part01.inc1.id1.sim.gz,154485,52.67865,-3.13462,-35.03062,-0.91506,0.07311,0.39664,10.262
eplus,w2_510p58_511p42,raw,1,0.0006790382916483043,cps normalized by prompt TT,160_170,270_315,GeoOpt_S1_PlasticFullWrap_TopCap_5mm,PlasticScintillator,top,,,,510.99887,3.9369272199999994,veto,top,top_phi04_180deg,201.03849874224056,runs/geometry_optimization_20260704/step02_instant_geo_opt_s1_bpe_w5_fullstat_v1/Background_eplus_fullsphere20_rep08_part01.inc1.id1.sim.gz,164289,26.86972,1.18917,64.28188,-0.62111,-0.15675,-0.76789,3.937
eplus,w2_510p58_511p42,active_veto_pass,1,0.0006790382916483043,cps normalized by prompt TT,160_170,270_315,GeoOpt_S1_PlasticFullWrap_TopCap_5mm,PlasticScintillator,top,,,,510.99887,3.9369272199999994,veto,top,top_phi04_180deg,201.03849874224056,runs/geometry_optimization_20260704/step02_instant_geo_opt_s1_bpe_w5_fullstat_v1/Background_eplus_fullsphere20_rep08_part01.inc1.id1.sim.gz,164289,26.86972,1.18917,64.28188,-0.62111,-0.15675,-0.76789,3.937
eplus,w2_510p58_511p42,raw,1,0.0006790382916483043,cps normalized by prompt TT,150_160,090_135,TP_L0_00360,Ta,top,,,,510.99884099999997,0.0,single,top,top_phi05_225deg,219.1716682706403,runs/geometry_optimization_20260704/step02_instant_geo_opt_s1_bpe_w5_fullstat_v1/Background_eplus_fullsphere20_rep08_part01.inc1.id1.sim.gz,182558,37.2518,-33.31379,45.39836,-0.72721,0.40872,-0.55146,449.892
eplus,w2_510p58_511p42,active_veto_pass,1,0.0006790382916483043,cps normalized by prompt TT,150_160,090_135,TP_L0_00360,Ta,top,,,,510.99884099999997,0.0,single,top,top_phi05_225deg,219.1716682706403,runs/geometry_optimization_20260704/step02_instant_geo_opt_s1_bpe_w5_fullstat_v1/Background_eplus_fullsphere20_rep08_part01.inc1.id1.sim.gz,182558,37.2518,-33.31379,45.39836,-0.72721,0.40872,-0.55146,449.892
eplus,w2_510p58_511p42,side_compton_fov_pass,1,0.0006790382916483043,cps normalized by prompt TT,150_160,090_135,TP_L0_00360,Ta,top,,,,510.99884099999997,0.0,single,top,top_phi05_225deg,219.1716682706403,runs/geometry_optimization_20260704/step02_instant_geo_opt_s1_bpe_w5_fullstat_v1/Background_eplus_fullsphere20_rep08_part01.inc1.id1.sim.gz,182558,37.2518,-33.31379,45.39836,-0.72721,0.40872,-0.55146,449.892
eplus,w2_510p58_511p42,raw,1,0.0006790382916483043,cps normalized by prompt TT,120_130,090_135,GeoOpt_S1_PlasticFullWrap_SideShell_5mm,PlasticScintillator,side_wall,,,,510.99894,763.4998199000003,not_active_veto_pass,side,side_phi07_315deg,295.53109934075405,runs/geometry_optimization_20260704/step02_instant_geo_opt_s1_bpe_w5_fullstat_v1/Background_eplus_fullsphere20_rep08_part01.inc1.id1.sim.gz,213474,30.61721,-61.08945,-17.76728,-0.69852,0.71144,-0.07692,804.187
eplus,w2_510p58_511p42,raw,1,0.0006790382916483043,cps normalized by prompt TT,100_110,225_270,GeoOpt_S1_PlasticFullWrap_SideShell_5mm,PlasticScintillator,side_wall,,,,510.99886000000004,1376.16149314,not_active_veto_pass,side,side_phi00_000deg,6.399687773593559,runs/geometry_optimization_20260704/step02_instant_geo_opt_s1_bpe_w5_fullstat_v1/Background_eplus_fullsphere20_rep08_part01.inc1.id1.sim.gz,230901,46.13261,30.60791,-31.93325,-0.64275,-0.69017,0.33247,1376.161
n,w2_510p58_511p42,raw,1,0.0006785296262998083,cps normalized by prompt TT,040_050,090_135,MuMetal_MagShield_Outer_Cylinder_2mm,MuMetal,side_wall,,,,510.998874,3489.6814936150004,not_active_veto_pass,side,side_phi07_315deg,315.2974099528881,runs/geometry_optimization_20260704/step02_instant_geo_opt_s1_bpe_w5_fullstat_v1/Background_n_fullsphere20_rep01_part01.inc1.id1.sim.gz,121496,-11.22642,-37.72194,-42.65044,0.45864,0.66997,0.58376,1.287
n,w2_510p58_511p42,raw,1,0.0006785296262998083,cps normalized by prompt TT,110_120,225_270,Outer_Al_Mechanical_Shell_detector_bay_side_wall_below_side_port,Aluminium,side_wall,,,,510.99888,266.2318574,not_active_veto_pass,side,side_phi02_090deg,79.67702600673444,runs/geometry_optimization_20260704/step02_instant_geo_opt_s1_bpe_w5_fullstat_v1/Background_n_fullsphere20_rep01_part01.inc1.id1.sim.gz,167319,30.07172,58.18795,-15.04729,-0.73052,-0.67481,0.10474,374.36
n,w2_510p58_511p42,raw,1,0.0006785296262998083,cps normalized by prompt TT,090_100,180_225,CsI_TopAnnulus_Segment_07,CsI,side_wall,,,,510.99890000000005,3882.757554950002,not_active_veto_pass,side,side_phi00_000deg,5.187944725103808,runs/geometry_optimization_20260704/step02_instant_geo_opt_s1_bpe_w5_fullstat_v1/Background_n_fullsphere20_rep01_part01.inc1.id1.sim.gz,457587,45.25001,24.76627,-35.08197,-0.6197,-0.60614,0.49857,39.166
n,w2_510p58_511p42,raw,1,0.0006785296262998083,cps normalized by prompt TT,080_090,180_225,Shield_4K_Al_side_window_bottom_cap,Aluminium,side_wall,,,,510.9989002489,768.8400196433003,not_active_veto_pass,side,side_phi00_000deg,348.94308467725074,runs/geometry_optimization_20260704/step02_instant_geo_opt_s1_bpe_w5_fullstat_v1/Background_n_fullsphere20_rep01_part01.inc1.id1.sim.gz,506085,33.74533,4.65292,-50.79446,-0.60384,-0.29365,0.74104,107.802
n,w2_510p58_511p42,raw,1,0.0006785296262998083,cps normalized by prompt TT,100_110,225_270,ColdPlate_CP_100mK_intercept,Copper,top,,,,510.999,220.38625000000002,not_active_veto_pass,top,top_phi00_000deg,354.38622311791244,runs/geometry_optimization_20260704/step02_instant_geo_opt_s1_bpe_w5_fullstat_v1/Background_n_fullsphere20_rep01_part01.inc1.id1.sim.gz,620364,44.92282,38.38009,-20.03188,-0.57985,-0.7517,0.3142,0.58
n,w2_510p58_511p42,raw,1,0.0006785296262998083,cps normalized by prompt TT,040_050,225_270,GeoOpt_S1_PlasticFullWrap_SideShell_5mm,PlasticScintillator,side_wall,,,,510.99891,0.0020770475,single,side,side_phi01_045deg,27.115823725746274,runs/geometry_optimization_20260704/step02_instant_geo_opt_s1_bpe_w5_fullstat_v1/Background_n_fullsphere20_rep01_part01.inc1.id1.sim.gz,737005,-5.94772,28.8705,-50.22419,0.3666,-0.60308,0.70845,11.383
n,w2_510p58_511p42,active_veto_pass,1,0.0006785296262998083,cps normalized by prompt TT,040_050,225_270,GeoOpt_S1_PlasticFullWrap_SideShell_5mm,PlasticScintillator,side_wall,,,,510.99891,0.0020770475,single,side,side_phi01_045deg,27.115823725746274,runs/geometry_optimization_20260704/step02_instant_geo_opt_s1_bpe_w5_fullstat_v1/Background_n_fullsphere20_rep01_part01.inc1.id1.sim.gz,737005,-5.94772,28.8705,-50.22419,0.3666,-0.60308,0.70845,11.383
n,w2_510p58_511p42,side_compton_fov_pass,1,0.0006785296262998083,cps normalized by prompt TT,040_050,225_270,GeoOpt_S1_PlasticFullWrap_SideShell_5mm,PlasticScintillator,side_wall,,,,510.99891,0.0020770475,single,side,side_phi01_045deg,27.115823725746274,runs/geometry_optimization_20260704/step02_instant_geo_opt_s1_bpe_w5_fullstat_v1/Background_n_fullsphere20_rep01_part01.inc1.id1.sim.gz,737005,-5.94772,28.8705,-50.22419,0.3666,-0.60308,0.70845,11.383
n,w2_510p58_511p42,raw,1,0.0006785296262998083,cps normalized by prompt TT,110_120,225_270,ColdPlate_CP_100mK_intercept,Copper,top,,,,510.99894000000006,0.0,keep,top,top_phi01_045deg,57.311053531877164,runs/geometry_optimization_20260704/step02_instant_geo_opt_s1_bpe_w5_fullstat_v1/Background_n_fullsphere20_rep01_part01.inc1.id1.sim.gz,745151,42.51448,45.20788,-6.18447,-0.65571,-0.73737,0.16227,28883.468
n,w2_510p58_511p42,active_veto_pass,1,0.0006785296262998083,cps normalized by prompt TT,110_120,225_270,ColdPlate_CP_100mK_intercept,Copper,top,,,,510.99894000000006,0.0,keep,top,top_phi01_045deg,57.311053531877164,runs/geometry_optimization_20260704/step02_instant_geo_opt_s1_bpe_w5_fullstat_v1/Background_n_fullsphere20_rep01_part01.inc1.id1.sim.gz,745151,42.51448,45.20788,-6.18447,-0.65571,-0.73737,0.16227,28883.468
n,w2_510p58_511p42,side_compton_fov_pass,1,0.0006785296262998083,cps normalized by prompt TT,110_120,225_270,ColdPlate_CP_100mK_intercept,Copper,top,,,,510.99894000000006,0.0,keep,top,top_phi01_045deg,57.311053531877164,runs/geometry_optimization_20260704/step02_instant_geo_opt_s1_bpe_w5_fullstat_v1/Background_n_fullsphere20_rep01_part01.inc1.id1.sim.gz,745151,42.51448,45.20788,-6.18447,-0.65571,-0.73737,0.16227,28883.468
n,w2_510p58_511p42,raw,1,0.0006785296262998083,cps normalized by prompt TT,110_120,045_090,GeoOpt_S1_PlasticFullWrap_SideShell_5mm,PlasticScintillator,side_wall,,,,510.99892,1251.23527346045,not_active_veto_pass,side,side_phi06_270deg,259.4408478366459,runs/geometry_optimization_20260704/step02_instant_geo_opt_s1_bpe_w5_fullstat_v1/Background_n_fullsphere20_rep01_part01.inc1.id1.sim.gz,875954,-8.55558,-64.66189,14.13652,-0.10139,0.87879,-0.46631,3.694
n,w2_510p58_511p42,raw,1,0.0006785296262998083,cps normalized by prompt TT,080_090,045_090,G10_Support_Ring_60K_Top,G10,unknown,,,,510.998922,0.0,keep,miss_current_outer_envelope,phi05_225deg,,runs/geometry_optimization_20260704/step02_instant_geo_opt_s1_bpe_w5_fullstat_v1/Background_n_fullsphere20_rep02_part01.inc1.id1.sim.gz,10145,-0.40666,-51.26889,47.87556,0.47642,0.77765,-0.41023,0.0
n,w2_510p58_511p42,active_veto_pass,1,0.0006785296262998083,cps normalized by prompt TT,080_090,045_090,G10_Support_Ring_60K_Top,G10,unknown,,,,510.998922,0.0,keep,miss_current_outer_envelope,phi05_225deg,,runs/geometry_optimization_20260704/step02_instant_geo_opt_s1_bpe_w5_fullstat_v1/Background_n_fullsphere20_rep02_part01.inc1.id1.sim.gz,10145,-0.40666,-51.26889,47.87556,0.47642,0.77765,-0.41023,0.0
n,w2_510p58_511p42,side_compton_fov_pass,1,0.0006785296262998083,cps normalized by prompt TT,080_090,045_090,G10_Support_Ring_60K_Top,G10,unknown,,,,510.998922,0.0,keep,miss_current_outer_envelope,phi05_225deg,,runs/geometry_optimization_20260704/step02_instant_geo_opt_s1_bpe_w5_fullstat_v1/Background_n_fullsphere20_rep02_part01.inc1.id1.sim.gz,10145,-0.40666,-51.26889,47.87556,0.47642,0.77765,-0.41023,0.0
n,w2_510p58_511p42,raw,1,0.0006785296262998083,cps normalized by prompt TT,060_070,225_270,CsI_Bottom_Quadrant_00,CsI,bottom,,,,510.9988400000001,287.95718519499997,not_active_veto_pass,bottom,bottom_phi01_045deg,54.37108058656015,runs/geometry_optimization_20260704/step02_instant_geo_opt_s1_bpe_w5_fullstat_v1/Background_n_fullsphere20_rep02_part01.inc1.id1.sim.gz,272055,-13.23673,39.65654,-41.03185,0.11825,-0.82391,0.55424,189.653
n,w2_510p58_511p42,raw,1,0.0006785296262998083,cps normalized by prompt TT,150_160,270_315,CsI_Side_Segment_06,CsI,top,,,,510.99895999999995,1325.9752012399997,not_active_veto_pass,top,top_phi06_270deg,271.5575088686222,runs/geometry_optimization_20260704/step02_instant_geo_opt_s1_bpe_w5_fullstat_v1/Background_n_fullsphere20_rep02_part01.inc1.id1.sim.gz,296032,48.6144,4.35429,49.1759,-0.64746,-0.36764,-0.66756,0.036
n,w2_510p58_511p42,raw,1,0.0006785296262998083,cps normalized by prompt TT,030_040,180_225,GeoOpt_S1_PlasticFullWrap_SideShell_5mm,PlasticScintillator,side_wall,,,,510.99889999999994,177.12723099000002,not_active_veto_pass,side,side_phi00_000deg,21.302505243534544,runs/geometry_optimization_20260704/step02_instant_geo_opt_s1_bpe_w5_fullstat_v1/Background_n_fullsphere20_rep02_part01.inc1.id1.sim.gz,804987,7.47393,22.86954,-52.85176,0.19179,-0.38434,0.90305,0.628
n,w2_510p58_511p42,raw,1,0.0006785296262998083,cps normalized by prompt TT,040_050,315_360,Outer_Al_Mechanical_Shell_detector_bay_bottom_cap,Aluminium,side_wall,,,,510.9989,3180.620349769501,not_active_veto_pass,side,side_phi03_135deg,115.10192565233977,runs/geometry_optimization_20260704/step02_instant_geo_opt_s1_bpe_w5_fullstat_v1/Background_n_fullsphere20_rep03_part01.inc1.id1.sim.gz,305203,-46.18475,32.94576,-10.1405,0.9379,-0.32649,0.11727,1.951
n,w2_510p58_511p42,raw,1,0.0006785296262998083,cps normalized by prompt TT,110_120,180_225,Shield_60K_Al_side_window_side_wall_above_side_port,Aluminium,top,,,,510.99887,409.88338,not_active_veto_pass,top,top_phi03_135deg,146.44598412245435,runs/geometry_optimization_20260704/step02_instant_geo_opt_s1_bpe_w5_fullstat_v1/Background_n_fullsphere20_rep03_part01.inc1.id1.sim.gz,314403,52.75632,39.55554,0.1627,-0.86892,-0.42972,0.24561,0.0
n,w2_510p58_511p42,raw,1,0.0006785296262998083,cps normalized by prompt TT,060_070,270_315,CsI_Side_Segment_01,CsI,side_wall,,,,510.9989,5479.820774827998,not_active_veto_pass,side,side_phi02_090deg,78.1365263770651,runs/geometry_optimization_20260704/step02_instant_geo_opt_s1_bpe_w5_fullstat_v1/Background_n_fullsphere20_rep03_part01.inc1.id1.sim.gz,457664,-12.73835,53.55512,-17.83233,0.37395,-0.88666,0.27203,0.157
n,w2_510p58_511p42,raw,1,0.0006785296262998083,cps normalized by prompt TT,020_030,090_135,ColdPlate_4K,Copper,unknown,,,,510.99885000000006,3723.2581131400016,not_active_veto_pass,miss_current_outer_envelope,phi06_270deg,,runs/geometry_optimization_20260704/step02_instant_geo_opt_s1_bpe_w5_fullstat_v1/Background_n_fullsphere20_rep03_part01.inc1.id1.sim.gz,556865,-7.26214,-53.16297,-37.74259,0.5433,0.44099,0.71439,116.244
n,w2_510p58_511p42,raw,1,0.0006785296262998083,cps normalized by prompt TT,060_070,270_315,CsI_Side_Segment_01,CsI,side_wall,,,,510.9989,661.0358240539998,not_active_veto_pass,side,side_phi02_090deg,88.24888444849398,runs/geometry_optimization_20260704/step02_instant_geo_opt_s1_bpe_w5_fullstat_v1/Background_n_fullsphere20_rep03_part01.inc1.id1.sim.gz,681084,-30.5931,51.44161,-5.17106,0.7016,-0.706,-0.09651,56.234
n,w2_510p58_511p42,raw,1,0.0006785296262998083,cps normalized by prompt TT,070_080,225_270,Cu_50mK_StillLike_Can_bottom_cap_2mm,Copper,side_wall,,,,510.99894,510.9989648,not_active_veto_pass,side,side_phi02_090deg,103.44427275403041,runs/geometry_optimization_20260704/step02_instant_geo_opt_s1_bpe_w5_fullstat_v1/Background_n_fullsphere20_rep03_part01.inc1.id1.sim.gz,714779,-13.72853,57.32434,-18.00477,-0.07595,-0.93683,0.34143,18.446
n,w2_510p58_511p42,raw,1,0.0006785296262998083,cps normalized by prompt TT,120_130,180_225,G10_Support_Ring_Still_4K,G10,top,,,,510.9989268,0.0,keep,top,top_phi06_270deg,257.9321438905076,runs/geometry_optimization_20260704/step02_instant_geo_opt_s1_bpe_w5_fullstat_v1/Background_n_fullsphere20_rep04_part01.inc1.id1.sim.gz,191496,64.70867,8.72619,1.49153,-0.9474,-0.30785,0.08749,1.635
n,w2_510p58_511p42,active_veto_pass,1,0.0006785296262998083,cps normalized by prompt TT,120_130,180_225,G10_Support_Ring_Still_4K,G10,top,,,,510.9989268,0.0,keep,top,top_phi06_270deg,257.9321438905076,runs/geometry_optimization_20260704/step02_instant_geo_opt_s1_bpe_w5_fullstat_v1/Background_n_fullsphere20_rep04_part01.inc1.id1.sim.gz,191496,64.70867,8.72619,1.49153,-0.9474,-0.30785,0.08749,1.635
n,w2_510p58_511p42,side_compton_fov_pass,1,0.0006785296262998083,cps normalized by prompt TT,120_130,180_225,G10_Support_Ring_Still_4K,G10,top,,,,510.9989268,0.0,keep,top,top_phi06_270deg,257.9321438905076,runs/geometry_optimization_20260704/step02_instant_geo_opt_s1_bpe_w5_fullstat_v1/Background_n_fullsphere20_rep04_part01.inc1.id1.sim.gz,191496,64.70867,8.72619,1.49153,-0.9474,-0.30785,0.08749,1.635
n,w2_510p58_511p42,raw,1,0.0006785296262998083,cps normalized by prompt TT,100_110,180_225,GeoOpt_S1_PlasticFullWrap_SideShell_5mm,PlasticScintillator,side_wall,,,,510.9989,1288.8018821157,not_active_veto_pass,side,side_phi02_090deg,73.86413395870403,runs/geometry_optimization_20260704/step02_instant_geo_opt_s1_bpe_w5_fullstat_v1/Background_n_fullsphere20_rep04_part01.inc1.id1.sim.gz,192808,53.30601,26.95113,-31.56293,-0.88804,-0.00274,0.45977,0.749
n,w2_510p58_511p42,raw,1,0.0006785296262998083,cps normalized by prompt TT,140_150,090_135,G10_Support_Ring_4K_60K,G10,top,,,,510.998868,8134.2222759999995,not_active_veto_pass,top,top_phi00_000deg,337.97781534027365,runs/geometry_optimization_20260704/step02_instant_geo_opt_s1_bpe_w5_fullstat_v1/Background_n_fullsphere20_rep04_part01.inc1.id1.sim.gz,264586,47.79147,-30.74047,32.58918,-0.69275,0.50914,-0.51077,0.0
n,w2_510p58_511p42,raw,1,0.0006785296262998083,cps normalized by prompt TT,060_070,090_135,Outer_Al_Mechanical_Shell_detector_bay_side_wall_below_side_port,Aluminium,bottom,,,,510.9989,3494.2224436,not_active_veto_pass,bottom,bottom_phi03_135deg,122.07795821315925,runs/geometry_optimization_20260704/step02_instant_geo_opt_s1_bpe_w5_fullstat_v1/Background_n_fullsphere20_rep04_part01.inc1.id1.sim.gz,299408,-33.86019,-37.6643,-39.5984,0.16553,0.86051,0.48179,2.206
n,w2_510p58_511p42,raw,1,0.0006785296262998083,cps normalized by prompt TT,070_080,270_315,ColdPlate_Still_0p7K,Copper,unknown,,,,510.99889999999994,3363.1043069999987,not_active_veto_pass,miss_current_outer_envelope,phi03_135deg,,runs/geometry_optimization_20260704/step02_instant_geo_opt_s1_bpe_w5_fullstat_v1/Background_n_fullsphere20_rep04_part01.inc1.id1.sim.gz,533867,-27.19056,46.08781,27.69979,0.62242,-0.72277,-0.30031,0.0
n,w2_510p58_511p42,raw,1,0.0006785296262998083,cps normalized by prompt TT,030_040,315_360,CsI_Bottom_Quadrant_02,CsI,bottom,,,,510.99889,4674.527130237,not_active_veto_pass,bottom,bottom_phi04_180deg,178.76050191684172,runs/geometry_optimization_20260704/step02_instant_geo_opt_s1_bpe_w5_fullstat_v1/Background_n_fullsphere20_rep04_part01.inc1.id1.sim.gz,752100,-53.56949,9.87636,-11.65711,0.91591,-0.33872,0.21534,0.098
n,w2_510p58_511p42,raw,1,0.0006785296262998083,cps normalized by prompt TT,040_050,315_360,GeoOpt_S1_PlasticFullWrap_SideShell_5mm,PlasticScintillator,side_wall,,,,510.99892099999994,4187.72597807,not_active_veto_pass,side,side_phi03_135deg,117.44863143832995,runs/geometry_optimization_20260704/step02_instant_geo_opt_s1_bpe_w5_fullstat_v1/Background_n_fullsphere20_rep04_part01.inc1.id1.sim.gz,773525,-50.76374,32.4332,9.84538,0.98439,-0.17539,0.01485,3.332
n,w2_510p58_511p42,raw,1,0.0006785296262998083,cps normalized by prompt TT,060_070,045_090,Plate_300K_Top_Service_Lid,Aluminium,unknown,,,,510.99886000000004,1737.892373,not_active_veto_pass,miss_current_outer_envelope,phi05_225deg,,runs/geometry_optimization_20260704/step02_instant_geo_opt_s1_bpe_w5_fullstat_v1/Background_n_fullsphere20_rep04_part01.inc1.id1.sim.gz,912165,-23.16021,-50.44049,36.51343,0.7151,0.66913,-0.20223,10045.786
n,w2_510p58_511p42,raw,1,0.0006785296262998083,cps normalized by prompt TT,050_060,000_045,CsI_Bottom_Quadrant_01,CsI,bottom,,,,510.9989,1221.9662791,not_active_veto_pass,bottom,bottom_phi04_180deg,194.91000982516638,runs/geometry_optimization_20260704/step02_instant_geo_opt_s1_bpe_w5_fullstat_v1/Background_n_fullsphere20_rep05_part01.inc1.id1.sim.gz,259704,-57.11014,-14.0233,-9.81684,0.93456,0.32381,-0.14747,550.368
n,w2_510p58_511p42,raw,1,0.0006785296262998083,cps normalized by prompt TT,090_100,270_315,Outer_Al_Mechanical_Shell_detector_bay_side_wall_above_side_port,Aluminium,side_wall,,,,510.99898999999994,9524.920378096904,not_active_veto_pass,side,side_phi02_090deg,95.30741933293504,runs/geometry_optimization_20260704/step02_instant_geo_opt_s1_bpe_w5_fullstat_v1/Background_n_fullsphere20_rep05_part01.inc1.id1.sim.gz,365643,-1.21883,60.89165,5.88242,-0.05156,-0.98666,-0.15441,0.617
n,w2_510p58_511p42,raw,1,0.0006785296262998083,cps normalized by prompt TT,130_140,045_090,CsI_Side_Segment_04_rectcut_window_band,CsI,side_wall,,,,510.99895000000004,2544.2453912901997,not_active_veto_pass,side,side_phi05_225deg,211.5622081301798,runs/geometry_optimization_20260704/step02_instant_geo_opt_s1_bpe_w5_fullstat_v1/Background_n_fullsphere20_rep05_part01.inc1.id1.sim.gz,545609,4.19544,-51.56951,46.6816,-0.42998,0.68059,-0.59322,0.167
n,w2_510p58_511p42,raw,1,0.0006785296262998083,cps normalized by prompt TT,120_130,090_135,ActiveShield_Flex_Kapton_detector_bay_above_side_port,Kapton,side_wall,,,,510.998882,3602.2832849500014,not_active_veto_pass,side,side_phi07_315deg,302.8280268231445,runs/geometry_optimization_20260704/step02_instant_geo_opt_s1_bpe_w5_fullstat_v1/Background_n_fullsphere20_rep05_part01.inc1.id1.sim.gz,591731,42.08502,-49.23079,-13.37221,-0.79312,0.60895,0.01138,332.481
n,w2_510p58_511p42,raw,1,0.0006785296262998083,cps normalized by prompt TT,100_110,180_225,CsI_Side_Segment_07,CsI,side_wall,,,,510.9988701,0.137549,single,side,side_phi00_000deg,347.82801655360464,runs/geometry_optimization_20260704/step02_instant_geo_opt_s1_bpe_w5_fullstat_v1/Background_n_fullsphere20_rep05_part01.inc1.id1.sim.gz,610192,45.39339,24.5078,-40.646,-0.64312,-0.66016,0.38805,41.776
n,w2_510p58_511p42,active_veto_pass,1,0.0006785296262998083,cps normalized by prompt TT,100_110,180_225,CsI_Side_Segment_07,CsI,side_wall,,,,510.9988701,0.137549,single,side,side_phi00_000deg,347.82801655360464,runs/geometry_optimization_20260704/step02_instant_geo_opt_s1_bpe_w5_fullstat_v1/Background_n_fullsphere20_rep05_part01.inc1.id1.sim.gz,610192,45.39339,24.5078,-40.646,-0.64312,-0.66016,0.38805,41.776
n,w2_510p58_511p42,side_compton_fov_pass,1,0.0006785296262998083,cps normalized by prompt TT,100_110,180_225,CsI_Side_Segment_07,CsI,side_wall,,,,510.9988701,0.137549,single,side,side_phi00_000deg,347.82801655360464,runs/geometry_optimization_20260704/step02_instant_geo_opt_s1_bpe_w5_fullstat_v1/Background_n_fullsphere20_rep05_part01.inc1.id1.sim.gz,610192,45.39339,24.5078,-40.646,-0.64312,-0.66016,0.38805,41.776
n,w2_510p58_511p42,raw,1,0.0006785296262998083,cps normalized by prompt TT,080_090,225_270,CsI_Side_Segment_01,CsI,side_wall,,,,510.99895000000004,1729.6813677159998,not_active_veto_pass,side,side_phi01_045deg,65.53800411845565,runs/geometry_optimization_20260704/step02_instant_geo_opt_s1_bpe_w5_fullstat_v1/Background_n_fullsphere20_rep05_part01.inc1.id1.sim.gz,736476,19.631,51.84134,-22.06943,-0.29287,-0.81933,0.49288,1.191
n,w2_510p58_511p42,raw,1,0.0006785296262998083,cps normalized by prompt TT,100_110,225_270,ColdPlate_4K,Copper,unknown,,,,510.99891,6401.66093952,not_active_veto_pass,miss_current_outer_envelope,phi01_045deg,,runs/geometry_optimization_20260704/step02_instant_geo_opt_s1_bpe_w5_fullstat_v1/Background_n_fullsphere20_rep05_part01.inc1.id1.sim.gz,795568,50.46184,42.38474,6.12922,-0.58912,-0.78416,0.19499,1.873
n,w2_510p58_511p42,raw,1,0.0006785296262998083,cps normalized by prompt TT,120_130,090_135,Nb_MagShield_Inner_Cylinder_2mm,Nb,top,,,,510.99890000000005,2.108466,single,top,top_phi07_315deg,297.3981703611101,runs/geometry_optimization_20260704/step02_instant_geo_opt_s1_bpe_w5_fullstat_v1/Background_n_fullsphere20_rep05_part01.inc1.id1.sim.gz,813973,40.38741,-49.52939,-1.04494,-0.70754,0.70462,-0.05385,2775.03
n,w2_510p58_511p42,active_veto_pass,1,0.0006785296262998083,cps normalized by prompt TT,120_130,090_135,Nb_MagShield_Inner_Cylinder_2mm,Nb,top,,,,510.99890000000005,2.108466,single,top,top_phi07_315deg,297.3981703611101,runs/geometry_optimization_20260704/step02_instant_geo_opt_s1_bpe_w5_fullstat_v1/Background_n_fullsphere20_rep05_part01.inc1.id1.sim.gz,813973,40.38741,-49.52939,-1.04494,-0.70754,0.70462,-0.05385,2775.03
n,w2_510p58_511p42,side_compton_fov_pass,1,0.0006785296262998083,cps normalized by prompt TT,120_130,090_135,Nb_MagShield_Inner_Cylinder_2mm,Nb,top,,,,510.99890000000005,2.108466,single,top,top_phi07_315deg,297.3981703611101,runs/geometry_optimization_20260704/step02_instant_geo_opt_s1_bpe_w5_fullstat_v1/Background_n_fullsphere20_rep05_part01.inc1.id1.sim.gz,813973,40.38741,-49.52939,-1.04494,-0.70754,0.70462,-0.05385,2775.03
n,w2_510p58_511p42,raw,1,0.0006785296262998083,cps normalized by prompt TT,040_050,270_315,CsI_Side_Segment_04_below_side_port,CsI,bottom,,,,510.99892,2002.7457635999997,not_active_veto_pass,bottom,bottom_phi05_225deg,224.279731034039,runs/geometry_optimization_20260704/step02_instant_geo_opt_s1_bpe_w5_fullstat_v1/Background_n_fullsphere20_rep05_part01.inc1.id1.sim.gz,841723,-60.39616,4.81298,-14.63702,0.81417,-0.52772,0.24216,0.235
n,w2_510p58_511p42,raw,1,0.0006785296262998083,cps normalized by prompt TT,020_030,000_045,CsI_Bottom_Quadrant_03,CsI,bottom,,,,510.99890544929997,3488.58100151,not_active_veto_pass,bottom,bottom_phi00_000deg,338.1896392431825,runs/geometry_optimization_20260704/step02_instant_geo_opt_s1_bpe_w5_fullstat_v1/Background_n_fullsphere20_rep05_part01.inc1.id1.sim.gz,894429,-43.49247,-7.59978,-32.74428,0.86849,0.20872,0.44962,0.0
n,w2_510p58_511p42,raw,1,0.0006785296262998083,cps normalized by prompt TT,120_130,225_270,CsI_Side_Segment_07,CsI,side_wall,,,,510.99899999999997,800.1022948999997,not_active_veto_pass,side,side_phi00_000deg,351.67980954381227,runs/geometry_optimization_20260704/step02_instant_geo_opt_s1_bpe_w5_fullstat_v1/Background_n_fullsphere20_rep06_part01.inc1.id1.sim.gz,79531,55.8023,30.44984,-28.06734,-0.78166,-0.62306,0.02823,117.053
n,w2_510p58_511p42,raw,1,0.0006785296262998083,cps normalized by prompt TT,070_080,000_045,DR_MXC_Sinter_HEX_AgProxy,SilverSinterProxy,unknown,,,,510.99898,113.6213,not_active_veto_pass,miss_current_outer_envelope,phi04_180deg,,runs/geometry_optimization_20260704/step02_instant_geo_opt_s1_bpe_w5_fullstat_v1/Background_n_fullsphere20_rep06_part01.inc1.id1.sim.gz,118972,-36.17446,-0.44933,56.88719,0.87351,0.14087,-0.46597,0.555
n,w2_510p58_511p42,raw,1,0.0006785296262998083,cps normalized by prompt TT,090_100,180_225,MuMetal_MagShield_Outer_Back_ColdFingerCap_2mm,MuMetal,top,,,,510.99889999999994,532.096818,not_active_veto_pass,top,top_phi00_000deg,340.27971079728565,runs/geometry_optimization_20260704/step02_instant_geo_opt_s1_bpe_w5_fullstat_v1/Background_n_fullsphere20_rep06_part01.inc1.id1.sim.gz,158363,50.64849,3.60773,-36.61864,-0.71205,-0.30287,0.63345,23.704
n,w2_510p58_511p42,raw,1,0.0006785296262998083,cps normalized by prompt TT,030_040,225_270,Still_Shield_Al_side_window_bottom_cap,Aluminium,bottom,,,,510.99892,2807.495734763,not_active_veto_pass,bottom,bottom_phi03_135deg,139.71993266163116,runs/geometry_optimization_20260704/step02_instant_geo_opt_s1_bpe_w5_fullstat_v1/Background_n_fullsphere20_rep06_part01.inc1.id1.sim.gz,164833,-42.7525,28.69194,-24.57957,0.54632,-0.5676,0.61592,0.056
n,w2_510p58_511p42,raw,1,0.0006785296262998083,cps normalized by prompt TT,070_080,315_360,GeoOpt_S1_PlasticFullWrap_SideShell_5mm,PlasticScintillator,side_wall,,,,510.998864,5648.119689454058,not_active_veto_pass,side,side_phi03_135deg,118.13716350681467,runs/geometry_optimization_20260704/step02_instant_geo_opt_s1_bpe_w5_fullstat_v1/Background_n_fullsphere20_rep06_part01.inc1.id1.sim.gz,180531,-47.35727,34.70804,17.29504,0.86883,-0.28025,-0.40815,0.0
n,w2_510p58_511p42,raw,1,0.0006785296262998083,cps normalized by prompt TT,020_030,270_315,GeoOpt_S1_PlasticFullWrap_SideShell_5mm,PlasticScintillator,bottom,,,,510.998876,11.679722987000002,single,bottom,bottom_phi06_270deg,280.69158327427124,runs/geometry_optimization_20260704/step02_instant_geo_opt_s1_bpe_w5_fullstat_v1/Background_n_fullsphere20_rep06_part01.inc1.id1.sim.gz,251935,-42.45693,-5.64216,-48.4389,0.64018,-0.46056,0.61486,27.819
n,w2_510p58_511p42,active_veto_pass,1,0.0006785296262998083,cps normalized by prompt TT,020_030,270_315,GeoOpt_S1_PlasticFullWrap_SideShell_5mm,PlasticScintillator,bottom,,,,510.998876,11.679722987000002,single,bottom,bottom_phi06_270deg,280.69158327427124,runs/geometry_optimization_20260704/step02_instant_geo_opt_s1_bpe_w5_fullstat_v1/Background_n_fullsphere20_rep06_part01.inc1.id1.sim.gz,251935,-42.45693,-5.64216,-48.4389,0.64018,-0.46056,0.61486,27.819
n,w2_510p58_511p42,side_compton_fov_pass,1,0.0006785296262998083,cps normalized by prompt TT,020_030,270_315,GeoOpt_S1_PlasticFullWrap_SideShell_5mm,PlasticScintillator,bottom,,,,510.998876,11.679722987000002,single,bottom,bottom_phi06_270deg,280.69158327427124,runs/geometry_optimization_20260704/step02_instant_geo_opt_s1_bpe_w5_fullstat_v1/Background_n_fullsphere20_rep06_part01.inc1.id1.sim.gz,251935,-42.45693,-5.64216,-48.4389,0.64018,-0.46056,0.61486,27.819
n,w2_510p58_511p42,raw,1,0.0006785296262998083,cps normalized by prompt TT,080_090,180_225,GeoOpt_S1_PlasticFullWrap_BottomCap_5mm,PlasticScintillator,side_wall,,,,510.9988900000001,2806.2189349729993,not_active_veto_pass,side,side_phi00_000deg,356.9822164881973,runs/geometry_optimization_20260704/step02_instant_geo_opt_s1_bpe_w5_fullstat_v1/Background_n_fullsphere20_rep06_part01.inc1.id1.sim.gz,399655,22.2071,16.26036,-59.02429,-0.54887,-0.51252,0.66035,1.168
n,w2_510p58_511p42,raw,1,0.0006785296262998083,cps normalized by prompt TT,080_090,090_135,NbTi_Bundle_Still_4K,NbTiCableProxy,unknown,,,,510.998891,0.0,single,miss_current_outer_envelope,phi07_315deg,,runs/geometry_optimization_20260704/step02_instant_geo_opt_s1_bpe_w5_fullstat_v1/Background_n_fullsphere20_rep06_part01.inc1.id1.sim.gz,634987,31.81048,-52.00385,-11.36772,-0.35569,0.84537,0.39855,1.031
n,w2_510p58_511p42,active_veto_pass,1,0.0006785296262998083,cps normalized by prompt TT,080_090,090_135,NbTi_Bundle_Still_4K,NbTiCableProxy,unknown,,,,510.998891,0.0,single,miss_current_outer_envelope,phi07_315deg,,runs/geometry_optimization_20260704/step02_instant_geo_opt_s1_bpe_w5_fullstat_v1/Background_n_fullsphere20_rep06_part01.inc1.id1.sim.gz,634987,31.81048,-52.00385,-11.36772,-0.35569,0.84537,0.39855,1.031
n,w2_510p58_511p42,side_compton_fov_pass,1,0.0006785296262998083,cps normalized by prompt TT,080_090,090_135,NbTi_Bundle_Still_4K,NbTiCableProxy,unknown,,,,510.998891,0.0,single,miss_current_outer_envelope,phi07_315deg,,runs/geometry_optimization_20260704/step02_instant_geo_opt_s1_bpe_w5_fullstat_v1/Background_n_fullsphere20_rep06_part01.inc1.id1.sim.gz,634987,31.81048,-52.00385,-11.36772,-0.35569,0.84537,0.39855,1.031
n,w2_510p58_511p42,raw,1,0.0006785296262998083,cps normalized by prompt TT,070_080,090_135,CsI_Bottom_Quadrant_02,CsI,side_wall,,,,510.998895,514.5917740000001,not_active_veto_pass,side,side_phi05_225deg,229.12441150303826,runs/geometry_optimization_20260704/step02_instant_geo_opt_s1_bpe_w5_fullstat_v1/Background_n_fullsphere20_rep07_part01.inc1.id1.sim.gz,107826,-19.27162,-60.24986,-7.88637,-0.04578,0.95127,0.30495,26.445
n,w2_510p58_511p42,raw,1,0.0006785296262998083,cps normalized by prompt TT,130_140,180_225,CsI_Side_Segment_03_above_side_port,CsI,top,,,,510.9989,3894.0159938399997,not_active_veto_pass,top,top_phi03_135deg,132.2577960940133,runs/geometry_optimization_20260704/step02_instant_geo_opt_s1_bpe_w5_fullstat_v1/Background_n_fullsphere20_rep07_part01.inc1.id1.sim.gz,243793,63.26945,19.53351,10.48338,-0.99408,-0.09597,0.05102,12.063
n,w2_510p58_511p42,raw,1,0.0006785296262998083,cps normalized by prompt TT,020_030,000_045,Passive_W_Bottom_Plate_detector_bay,W,bottom,,,,510.9989,58.116,not_active_veto_pass,bottom,bottom_phi02_090deg,81.12782271185945,runs/geometry_optimization_20260704/step02_instant_geo_opt_s1_bpe_w5_fullstat_v1/Background_n_fullsphere20_rep07_part01.inc1.id1.sim.gz,252059,-47.5411,4.77911,-32.4217,0.89186,0.21765,0.39651,27.357
n,w2_510p58_511p42,raw,1,0.0006785296262998083,cps normalized by prompt TT,100_110,225_270,Shield_60K_Al_side_window_side_wall_above_side_port,Aluminium,top,,,,510.99887,0.01107629,keep,top,top_phi03_135deg,125.56885907972746,runs/geometry_optimization_20260704/step02_instant_geo_opt_s1_bpe_w5_fullstat_v1/Background_n_fullsphere20_rep07_part01.inc1.id1.sim.gz,329030,34.65676,52.5204,1.89734,-0.58756,-0.79845,0.13137,0.525
n,w2_510p58_511p42,active_veto_pass,1,0.0006785296262998083,cps normalized by prompt TT,100_110,225_270,Shield_60K_Al_side_window_side_wall_above_side_port,Aluminium,top,,,,510.99887,0.01107629,keep,top,top_phi03_135deg,125.56885907972746,runs/geometry_optimization_20260704/step02_instant_geo_opt_s1_bpe_w5_fullstat_v1/Background_n_fullsphere20_rep07_part01.inc1.id1.sim.gz,329030,34.65676,52.5204,1.89734,-0.58756,-0.79845,0.13137,0.525
n,w2_510p58_511p42,side_compton_fov_pass,1,0.0006785296262998083,cps normalized by prompt TT,100_110,225_270,Shield_60K_Al_side_window_side_wall_above_side_port,Aluminium,top,,,,510.99887,0.01107629,keep,top,top_phi03_135deg,125.56885907972746,runs/geometry_optimization_20260704/step02_instant_geo_opt_s1_bpe_w5_fullstat_v1/Background_n_fullsphere20_rep07_part01.inc1.id1.sim.gz,329030,34.65676,52.5204,1.89734,-0.58756,-0.79845,0.13137,0.525
n,w2_510p58_511p42,raw,1,0.0006785296262998083,cps normalized by prompt TT,040_050,090_135,CsI_Side_Segment_06,CsI,bottom,,,,510.99890999999997,0.0023371828,single,bottom,bottom_phi07_315deg,307.9359907762586,runs/geometry_optimization_20260704/step02_instant_geo_opt_s1_bpe_w5_fullstat_v1/Background_n_fullsphere20_rep07_part01.inc1.id1.sim.gz,361381,-10.00281,-31.59404,-44.44335,0.22416,0.54609,0.80718,15.082
n,w2_510p58_511p42,active_veto_pass,1,0.0006785296262998083,cps normalized by prompt TT,040_050,090_135,CsI_Side_Segment_06,CsI,bottom,,,,510.99890999999997,0.0023371828,single,bottom,bottom_phi07_315deg,307.9359907762586,runs/geometry_optimization_20260704/step02_instant_geo_opt_s1_bpe_w5_fullstat_v1/Background_n_fullsphere20_rep07_part01.inc1.id1.sim.gz,361381,-10.00281,-31.59404,-44.44335,0.22416,0.54609,0.80718,15.082
n,w2_510p58_511p42,side_compton_fov_pass,1,0.0006785296262998083,cps normalized by prompt TT,040_050,090_135,CsI_Side_Segment_06,CsI,bottom,,,,510.99890999999997,0.0023371828,single,bottom,bottom_phi07_315deg,307.9359907762586,runs/geometry_optimization_20260704/step02_instant_geo_opt_s1_bpe_w5_fullstat_v1/Background_n_fullsphere20_rep07_part01.inc1.id1.sim.gz,361381,-10.00281,-31.59404,-44.44335,0.22416,0.54609,0.80718,15.082
n,w2_510p58_511p42,raw,1,0.0006785296262998083,cps normalized by prompt TT,070_080,270_315,ActiveShield_Flex_Kapton_detector_bay_below_side_port,Kapton,side_wall,,,,510.99890000000005,3575.78592693284,not_active_veto_pass,side,side_phi02_090deg,83.24870574518162,runs/geometry_optimization_20260704/step02_instant_geo_opt_s1_bpe_w5_fullstat_v1/Background_n_fullsphere20_rep07_part01.inc1.id1.sim.gz,602847,-12.95444,56.31798,-13.66505,0.21302,-0.97382,0.07933,0.015
n,w2_510p58_511p42,raw,1,0.0006785296262998083,cps normalized by prompt TT,110_120,090_135,CsI_Bottom_Quadrant_03,CsI,side_wall,,,,510.998915,851.2784851,not_active_veto_pass,side,side_phi07_315deg,322.36361749152917,runs/geometry_optimization_20260704/step02_instant_geo_opt_s1_bpe_w5_fullstat_v1/Background_n_fullsphere20_rep07_part01.inc1.id1.sim.gz,668801,35.67774,-49.81339,-28.69434,-0.67334,0.73597,0.07049,0.021
n,w2_510p58_511p42,raw,1,0.0006785296262998083,cps normalized by prompt TT,080_090,315_360,Vacuum_Jacket_Al_266mmClass_side_port_side_wall_above_side_port,Aluminium,unknown,,,,510.998873,0.0,single,miss_current_outer_envelope,phi03_135deg,,runs/geometry_optimization_20260704/step02_instant_geo_opt_s1_bpe_w5_fullstat_v1/Background_n_fullsphere20_rep07_part01.inc1.id1.sim.gz,928441,-11.0468,45.83202,45.69039,0.54826,-0.64788,-0.52883,0.0
n,w2_510p58_511p42,active_veto_pass,1,0.0006785296262998083,cps normalized by prompt TT,080_090,315_360,Vacuum_Jacket_Al_266mmClass_side_port_side_wall_above_side_port,Aluminium,unknown,,,,510.998873,0.0,single,miss_current_outer_envelope,phi03_135deg,,runs/geometry_optimization_20260704/step02_instant_geo_opt_s1_bpe_w5_fullstat_v1/Background_n_fullsphere20_rep07_part01.inc1.id1.sim.gz,928441,-11.0468,45.83202,45.69039,0.54826,-0.64788,-0.52883,0.0
n,w2_510p58_511p42,side_compton_fov_pass,1,0.0006785296262998083,cps normalized by prompt TT,080_090,315_360,Vacuum_Jacket_Al_266mmClass_side_port_side_wall_above_side_port,Aluminium,unknown,,,,510.998873,0.0,single,miss_current_outer_envelope,phi03_135deg,,runs/geometry_optimization_20260704/step02_instant_geo_opt_s1_bpe_w5_fullstat_v1/Background_n_fullsphere20_rep07_part01.inc1.id1.sim.gz,928441,-11.0468,45.83202,45.69039,0.54826,-0.64788,-0.52883,0.0
n,w2_510p58_511p42,raw,1,0.0006785296262998083,cps normalized by prompt TT,040_050,045_090,CsI_Side_Segment_05,CsI,side_wall,,,,510.998912394,3032.725553039999,not_active_veto_pass,side,side_phi05_225deg,230.80657648428104,runs/geometry_optimization_20260704/step02_instant_geo_opt_s1_bpe_w5_fullstat_v1/Background_n_fullsphere20_rep08_part01.inc1.id1.sim.gz,137864,-40.6185,-39.04288,-6.61988,0.65352,0.6993,0.28964,51.949
n,w2_510p58_511p42,raw,1,0.0006785296262998083,cps normalized by prompt TT,100_110,180_225,ColdPlate_CP_100mK_intercept,Copper,top,,,,510.99891,0.0,single,top,top_phi02_090deg,77.56306276795665,runs/geometry_optimization_20260704/step02_instant_geo_opt_s1_bpe_w5_fullstat_v1/Background_n_fullsphere20_rep08_part01.inc1.id1.sim.gz,357387,55.04151,20.47059,-23.59173,-0.86234,-0.13033,0.48927,0.001
n,w2_510p58_511p42,active_veto_pass,1,0.0006785296262998083,cps normalized by prompt TT,100_110,180_225,ColdPlate_CP_100mK_intercept,Copper,top,,,,510.99891,0.0,single,top,top_phi02_090deg,77.56306276795665,runs/geometry_optimization_20260704/step02_instant_geo_opt_s1_bpe_w5_fullstat_v1/Background_n_fullsphere20_rep08_part01.inc1.id1.sim.gz,357387,55.04151,20.47059,-23.59173,-0.86234,-0.13033,0.48927,0.001
n,w2_510p58_511p42,side_compton_fov_pass,1,0.0006785296262998083,cps normalized by prompt TT,100_110,180_225,ColdPlate_CP_100mK_intercept,Copper,top,,,,510.99891,0.0,single,top,top_phi02_090deg,77.56306276795665,runs/geometry_optimization_20260704/step02_instant_geo_opt_s1_bpe_w5_fullstat_v1/Background_n_fullsphere20_rep08_part01.inc1.id1.sim.gz,357387,55.04151,20.47059,-23.59173,-0.86234,-0.13033,0.48927,0.001
n,w2_510p58_511p42,raw,1,0.0006785296262998083,cps normalized by prompt TT,110_120,135_180,CsI_TopAnnulus_Segment_04,CsI,top,,,,510.99897999999996,6381.309463900004,not_active_veto_pass,top,top_phi05_225deg,235.7453396978903,runs/geometry_optimization_20260704/step02_instant_geo_opt_s1_bpe_w5_fullstat_v1/Background_n_fullsphere20_rep08_part01.inc1.id1.sim.gz,370386,56.87048,-33.01415,-8.54426,-0.9094,0.2406,0.33928,4.173
n,w2_510p58_511p42,raw,1,0.0006785296262998083,cps normalized by prompt TT,050_060,090_135,GeoOpt_S1_PlasticFullWrap_SideShell_5mm,PlasticScintillator,side_wall,,,,510.99895559999993,306.2558291099689,not_active_veto_pass,side,side_phi07_315deg,295.01119194117376,runs/geometry_optimization_20260704/step02_instant_geo_opt_s1_bpe_w5_fullstat_v1/Background_n_fullsphere20_rep08_part01.inc1.id1.sim.gz,585146,7.10254,-50.22456,-31.33658,0.11154,0.69093,0.71427,0.0
n,w2_510p58_511p42,raw,1,0.0006785296262998083,cps normalized by prompt TT,080_090,225_270,CsI_Side_Segment_00,CsI,side_wall,,,,510.99894280000007,334.3414946,not_active_veto_pass,side,side_phi01_045deg,26.775495945017994,runs/geometry_optimization_20260704/step02_instant_geo_opt_s1_bpe_w5_fullstat_v1/Background_n_fullsphere20_rep08_part01.inc1.id1.sim.gz,745296,23.20765,37.28393,-41.18614,-0.34224,-0.75915,0.55368,1.076
n,w2_510p58_511p42,raw,1,0.0006785296262998083,cps normalized by prompt TT,070_080,180_225,ColdPlate_MXC_50mK_SD_anchor,Copper,side_wall,,,,510.998966,6024.268905000001,not_active_veto_pass,side,side_phi00_000deg,17.80463915473385,runs/geometry_optimization_20260704/step02_instant_geo_opt_s1_bpe_w5_fullstat_v1/Background_n_fullsphere20_rep08_part01.inc1.id1.sim.gz,748880,27.60636,12.85398,-50.30934,-0.52147,-0.14594,0.84069,6.622
n,w2_510p58_511p42,raw,1,0.0006785296262998083,cps normalized by prompt TT,110_120,135_180,ColdPlate_CP_100mK_intercept,Copper,top,,,,510.9989,0.0,single,top,top_phi06_270deg,290.9060934802841,runs/geometry_optimization_20260704/step02_instant_geo_opt_s1_bpe_w5_fullstat_v1/Background_n_fullsphere20_rep08_part01.inc1.id1.sim.gz,821539,51.95579,-36.4594,-13.57523,-0.89606,0.33447,0.29191,0.547
n,w2_510p58_511p42,active_veto_pass,1,0.0006785296262998083,cps normalized by prompt TT,110_120,135_180,ColdPlate_CP_100mK_intercept,Copper,top,,,,510.9989,0.0,single,top,top_phi06_270deg,290.9060934802841,runs/geometry_optimization_20260704/step02_instant_geo_opt_s1_bpe_w5_fullstat_v1/Background_n_fullsphere20_rep08_part01.inc1.id1.sim.gz,821539,51.95579,-36.4594,-13.57523,-0.89606,0.33447,0.29191,0.547
n,w2_510p58_511p42,side_compton_fov_pass,1,0.0006785296262998083,cps normalized by prompt TT,110_120,135_180,ColdPlate_CP_100mK_intercept,Copper,top,,,,510.9989,0.0,single,top,top_phi06_270deg,290.9060934802841,runs/geometry_optimization_20260704/step02_instant_geo_opt_s1_bpe_w5_fullstat_v1/Background_n_fullsphere20_rep08_part01.inc1.id1.sim.gz,821539,51.95579,-36.4594,-13.57523,-0.89606,0.33447,0.29191,0.547
n,w2_510p58_511p42,raw,1,0.0006785296262998083,cps normalized by prompt TT,070_080,270_315,CsI_Bottom_Quadrant_01,CsI,side_wall,,,,510.9989,6451.976234439592,not_active_veto_pass,side,side_phi03_135deg,152.22353713123505,runs/geometry_optimization_20260704/step02_instant_geo_opt_s1_bpe_w5_fullstat_v1/Background_n_fullsphere20_rep08_part01.inc1.id1.sim.gz,887540,-36.40783,51.9398,3.31397,0.2406,-0.96298,0.1216,10.936
atm511,w2_510p58_511p42,side_compton_fov_pass,1,0.00019431134117573907,cps for physical S1 nominal ATM511 sidecar flux; transfer fields are per total 4pi line flux,060_070,180_225,TP_L2_00228,Ta,side_wall,-4.521335,0.3421393,-3.596251,510.99996799999997,0.0,final_pass_from_p2_replay,side,side_phi00_000deg,21.614466077185696,runs/geometry_optimization_20260704/p2_atm511_sidecar_s1_nominal_geo_opt_s1_bpe_w5_20260708/Atm511SidecarS1Nominal3M_GeoOptS1BpeW5.inc1.id1.sim.gz,11882,12.9,18.05258,-53.21382,-0.31396,-0.31917,0.89418,511.0
atm511,w2_510p58_511p42,side_compton_fov_pass,1,0.00019431134117573907,cps for physical S1 nominal ATM511 sidecar flux; transfer fields are per total 4pi line flux,060_070,135_180,TP_L5_00173,Ta,side_wall,-0.7366949,-0.23,-5.085615,510.99997400000007,0.0,final_pass_from_p2_replay,side,side_phi07_315deg,336.11789225577746,runs/geometry_optimization_20260704/p2_atm511_sidecar_s1_nominal_geo_opt_s1_bpe_w5_20260708/Atm511SidecarS1Nominal3M_GeoOptS1BpeW5.inc1.id1.sim.gz,12552,14.6812,-21.67825,-51.16849,-0.29027,0.4038,0.86758,511.0
atm511,w2_510p58_511p42,side_compton_fov_pass,1,0.00019431134117573907,cps for physical S1 nominal ATM511 sidecar flux; transfer fields are per total 4pi line flux,060_070,225_270,TP_L1_00093,Ta,side_wall,-6.042491,-0.545,-3.604106,511.0,0.0,final_pass_from_p2_replay,side,side_phi01_045deg,49.81943561624478,runs/geometry_optimization_20260704/p2_atm511_sidecar_s1_nominal_geo_opt_s1_bpe_w5_20260708/Atm511SidecarS1Nominal3M_GeoOptS1BpeW5.inc1.id1.sim.gz,18572,4.45379,38.67487,-43.15415,-0.18519,-0.69196,0.69778,511.0
atm511,w2_510p58_511p42,side_compton_fov_pass,1,0.00019431134117573907,cps for physical S1 nominal ATM511 sidecar flux; transfer fields are per total 4pi line flux,080_090,270_315,TP_L3_00333,Ta,side_wall,-2.981816,1.16,-3.648756,510.99989,0.0,final_pass_from_p2_replay,side,side_phi02_090deg,99.89038621434031,runs/geometry_optimization_20260704/p2_atm511_sidecar_s1_nominal_geo_opt_s1_bpe_w5_20260708/Atm511SidecarS1Nominal3M_GeoOptS1BpeW5.inc1.id1.sim.gz,35249,-14.96201,57.6486,0.34421,0.20697,-0.97591,-0.06898,511.0
atm511,w2_510p58_511p42,side_compton_fov_pass,1,0.00019431134117573907,cps for physical S1 nominal ATM511 sidecar flux; transfer fields are per total 4pi line flux,060_070,045_090,TP_L2_00228,Ta,side_wall,-4.502428,0.235,-3.598311,510.99999,0.0,final_pass_from_p2_replay,side,side_phi06_270deg,255.5747821262085,runs/geometry_optimization_20260704/p2_atm511_sidecar_s1_nominal_geo_opt_s1_bpe_w5_20260708/Atm511SidecarS1Nominal3M_GeoOptS1BpeW5.inc1.id1.sim.gz,69816,-28.25873,-49.03271,-11.22124,0.43017,0.89213,0.13803,511.0
atm511,w2_510p58_511p42,side_compton_fov_pass,1,0.00019431134117573907,cps for physical S1 nominal ATM511 sidecar flux; transfer fields are per total 4pi line flux,060_070,315_360,TP_L0_00273,Ta,side_wall,-5.887085,0.6740669,-1.572892,511.00000000000006,0.0,final_pass_from_p2_replay,side,side_phi04_180deg,157.59926567939203,runs/geometry_optimization_20260704/p2_atm511_sidecar_s1_nominal_geo_opt_s1_bpe_w5_20260708/Atm511SidecarS1Nominal3M_GeoOptS1BpeW5.inc1.id1.sim.gz,124466,-52.49438,19.37114,12.21189,0.895,-0.35904,-0.26471,511.0
atm511,w2_510p58_511p42,side_compton_fov_pass,1,0.00019431134117573907,cps for physical S1 nominal ATM511 sidecar flux; transfer fields are per total 4pi line flux,080_090,135_180,TP_L5_00078,Ta,side_wall,-1.972338,-0.8255201,-6.427111,510.99992,0.0,final_pass_from_p2_replay,side,side_phi07_315deg,335.8607851512089,runs/geometry_optimization_20260704/p2_atm511_sidecar_s1_nominal_geo_opt_s1_bpe_w5_20260708/Atm511SidecarS1Nominal3M_GeoOptS1BpeW5.inc1.id1.sim.gz,145895,28.55396,-24.39663,-46.16551,-0.55125,0.42565,0.7176,511.0
atm511,w2_510p58_511p42,side_compton_fov_pass,1,0.00019431134117573907,cps for physical S1 nominal ATM511 sidecar flux; transfer fields are per total 4pi line flux,090_100,045_090,TP_L4_00274,Ta,side_wall,-2.327775,0.545,-4.76893,511.00007999999997,0.0,final_pass_from_p2_replay,side,side_phi06_270deg,254.84777905926387,runs/geometry_optimization_20260704/p2_atm511_sidecar_s1_nominal_geo_opt_s1_bpe_w5_20260708/Atm511SidecarS1Nominal3M_GeoOptS1BpeW5.inc1.id1.sim.gz,152242,-14.42395,-57.7921,10.21605,0.1969,0.9496,-0.24392,511.0
atm511,w2_510p58_511p42,side_compton_fov_pass,1,0.00019431134117573907,cps for physical S1 nominal ATM511 sidecar flux; transfer fields are per total 4pi line flux,060_070,135_180,TP_L2_00011,Ta,side_wall,-4.528248,-1.360985,-3.891852,511.000009,0.0,final_pass_from_p2_replay,side,side_phi00_000deg,341.4612015711153,runs/geometry_optimization_20260704/p2_atm511_sidecar_s1_nominal_geo_opt_s1_bpe_w5_20260708/Atm511SidecarS1Nominal3M_GeoOptS1BpeW5.inc1.id1.sim.gz,171045,16.28504,-15.25955,-53.49011,-0.37464,0.25018,0.89278,511.0
atm511,w2_510p58_511p42,side_compton_fov_pass,1,0.00019431134117573907,cps for physical S1 nominal ATM511 sidecar flux; transfer fields are per total 4pi line flux,050_060,045_090,TP_L5_00019,Ta,side_wall,-1.385685,-1.456145,-5.416194,510.99999399999996,0.0,final_pass_from_p2_replay,side,side_phi06_270deg,252.79021789397993,runs/geometry_optimization_20260704/p2_atm511_sidecar_s1_nominal_geo_opt_s1_bpe_w5_20260708/Atm511SidecarS1Nominal3M_GeoOptS1BpeW5.inc1.id1.sim.gz,189319,-35.05967,-42.5151,-13.49687,0.62693,0.76442,0.15044,511.0
atm511,w2_510p58_511p42,side_compton_fov_pass,1,0.00019431134117573907,cps for physical S1 nominal ATM511 sidecar flux; transfer fields are per total 4pi line flux,060_070,180_225,TP_L2_00340,Ta,side_wall,-4.685144,1.21589,-4.048748,510.99997700000006,0.0,final_pass_from_p2_replay,side,side_phi00_000deg,4.528873893119219,runs/geometry_optimization_20260704/p2_atm511_sidecar_s1_nominal_geo_opt_s1_bpe_w5_20260708/Atm511SidecarS1Nominal3M_GeoOptS1BpeW5.inc1.id1.sim.gz,207921,10.60188,2.88087,-56.18143,-0.28125,-0.03063,0.95914,511.0
atm511,w2_510p58_511p42,side_compton_fov_pass,1,0.00019431134117573907,cps for physical S1 nominal ATM511 sidecar flux; transfer fields are per total 4pi line flux,100_110,090_135,TP_L0_00190,Ta,side_wall,-5.458744,-0.075,-1.428127,511.00002000000006,0.0,final_pass_from_p2_replay,side,side_phi06_270deg,291.04002484018986,runs/geometry_optimization_20260704/p2_atm511_sidecar_s1_nominal_geo_opt_s1_bpe_w5_20260708/Atm511SidecarS1Nominal3M_GeoOptS1BpeW5.inc1.id1.sim.gz,281785,23.7442,-55.7111,-11.21531,-0.45922,0.87489,0.15391,511.0
atm511,w2_510p58_511p42,side_compton_fov_pass,1,0.00019431134117573907,cps for physical S1 nominal ATM511 sidecar flux; transfer fields are per total 4pi line flux,070_080,225_270,TP_L2_00255,Ta,side_wall,-3.741526,0.54,-3.006422,511.0,0.0,final_pass_from_p2_replay,side,side_phi01_045deg,66.09487216148003,runs/geometry_optimization_20260704/p2_atm511_sidecar_s1_nominal_geo_opt_s1_bpe_w5_20260708/Atm511SidecarS1Nominal3M_GeoOptS1BpeW5.inc1.id1.sim.gz,288013,0.77036,49.27746,-31.14109,-0.07992,-0.86329,0.49835,511.0
atm511,w2_510p58_511p42,side_compton_fov_pass,1,0.00019431134117573907,cps for physical S1 nominal ATM511 sidecar flux; transfer fields are per total 4pi line flux,060_070,225_270,TP_L4_00341,Ta,side_wall,-2.898058,1.315,-5.643557,511.000036,0.0,final_pass_from_p2_replay,side,side_phi01_045deg,44.929512042613034,runs/geometry_optimization_20260704/p2_atm511_sidecar_s1_nominal_geo_opt_s1_bpe_w5_20260708/Atm511SidecarS1Nominal3M_GeoOptS1BpeW5.inc1.id1.sim.gz,298696,4.15651,35.26996,-45.09954,-0.13429,-0.64638,0.7511,511.0
atm511,w2_510p58_511p42,side_compton_fov_pass,1,0.00019431134117573907,cps for physical S1 nominal ATM511 sidecar flux; transfer fields are per total 4pi line flux,110_120,180_225,TP_L4_00112,Ta,top,-1.29079,-0.6620097,-4.048507,511.00000000000006,0.0,final_pass_from_p2_replay,top,top_phi00_000deg,359.3870674342684,runs/geometry_optimization_20260704/p2_atm511_sidecar_s1_nominal_geo_opt_s1_bpe_w5_20260708/Atm511SidecarS1Nominal3M_GeoOptS1BpeW5.inc1.id1.sim.gz,355515,57.04439,0.16084,-26.15434,-0.93503,-0.01319,0.35432,511.0
atm511,w2_510p58_511p42,side_compton_fov_pass,1,0.00019431134117573907,cps for physical S1 nominal ATM511 sidecar flux; transfer fields are per total 4pi line flux,080_090,135_180,TP_L4_00259,Ta,side_wall,-1.518705,0.4249889,-4.276421,510.99996,0.0,final_pass_from_p2_replay,side,side_phi00_000deg,351.9446798359886,runs/geometry_optimization_20260704/p2_atm511_sidecar_s1_nominal_geo_opt_s1_bpe_w5_20260708/Atm511SidecarS1Nominal3M_GeoOptS1BpeW5.inc1.id1.sim.gz,373400,38.97979,-9.25365,-44.85059,-0.69659,0.16648,0.69789,511.0
atm511,w2_510p58_511p42,side_compton_fov_pass,1,0.00019431134117573907,cps for physical S1 nominal ATM511 sidecar flux; transfer fields are per total 4pi line flux,050_060,180_225,TP_L5_00362,Ta,side_wall,-1.315114,1.400016,-5.706457,511.00005,0.0,final_pass_from_p2_replay,side,side_phi00_000deg,18.73934262037418,runs/geometry_optimization_20260704/p2_atm511_sidecar_s1_nominal_geo_opt_s1_bpe_w5_20260708/Atm511SidecarS1Nominal3M_GeoOptS1BpeW5.inc1.id1.sim.gz,403396,9.78574,15.00359,-53.91244,-0.21637,-0.26516,0.93961,511.0
atm511,w2_510p58_511p42,side_compton_fov_pass,1,0.00019431134117573907,cps for physical S1 nominal ATM511 sidecar flux; transfer fields are per total 4pi line flux,060_070,090_135,TP_L0_00193,Ta,side_wall,-5.171514,-0.075,-1.101237,510.99999,0.0,final_pass_from_p2_replay,side,side_phi07_315deg,309.54603783869015,runs/geometry_optimization_20260704/p2_atm511_sidecar_s1_nominal_geo_opt_s1_bpe_w5_20260708/Atm511SidecarS1Nominal3M_GeoOptS1BpeW5.inc1.id1.sim.gz,417235,0.97364,-36.32574,-44.31626,-0.1083,0.63889,0.76163,511.0
atm511,w2_510p58_511p42,side_compton_fov_pass,1,0.00019431134117573907,cps for physical S1 nominal ATM511 sidecar flux; transfer fields are per total 4pi line flux,050_060,180_225,TP_L5_00197,Ta,side_wall,-0.5662083,0.075,-4.910408,511.00003,0.0,final_pass_from_p2_replay,side,side_phi00_000deg,21.729406486345095,runs/geometry_optimization_20260704/p2_atm511_sidecar_s1_nominal_geo_opt_s1_bpe_w5_20260708/Atm511SidecarS1Nominal3M_GeoOptS1BpeW5.inc1.id1.sim.gz,423986,7.38935,17.9076,-53.14142,-0.15289,-0.34271,0.92692,511.0
atm511,w2_510p58_511p42,side_compton_fov_pass,1,0.00019431134117573907,cps for physical S1 nominal ATM511 sidecar flux; transfer fields are per total 4pi line flux,140_150,180_225,TP_L0_00327,Ta,top,-5.970853,1.130894,-1.940345,511.00007999999997,0.0,final_pass_from_p2_replay,top,top_phi01_045deg,39.39472247919398,runs/geometry_optimization_20260704/p2_atm511_sidecar_s1_nominal_geo_opt_s1_bpe_w5_20260708/Atm511SidecarS1Nominal3M_GeoOptS1BpeW5.inc1.id1.sim.gz,427785,61.50307,18.9427,9.70477,-0.95369,-0.25176,-0.16459,511.0
atm511,w2_510p58_511p42,side_compton_fov_pass,1,0.00019431134117573907,cps for physical S1 nominal ATM511 sidecar flux; transfer fields are per total 4pi line flux,120_130,135_180,TP_L4_00201,Ta,top,-3.399458,0.215086,-5.821215,511.00001572,0.0,final_pass_from_p2_replay,top,top_phi07_315deg,322.8143666083127,runs/geometry_optimization_20260704/p2_atm511_sidecar_s1_nominal_geo_opt_s1_bpe_w5_20260708/Atm511SidecarS1Nominal3M_GeoOptS1BpeW5.inc1.id1.sim.gz,430218,50.73557,-36.0899,-12.73545,-0.82589,0.55387,0.10548,511.0
atm511,w2_510p58_511p42,side_compton_fov_pass,1,0.00019431134117573907,cps for physical S1 nominal ATM511 sidecar flux; transfer fields are per total 4pi line flux,060_070,045_090,TP_L0_00370,Ta,side_wall,-5.983481,1.475,-1.589481,511.0,0.0,final_pass_from_p2_replay,side,side_phi06_270deg,251.16910177905368,runs/geometry_optimization_20260704/p2_atm511_sidecar_s1_nominal_geo_opt_s1_bpe_w5_20260708/Atm511SidecarS1Nominal3M_GeoOptS1BpeW5.inc1.id1.sim.gz,438572,-32.20055,-45.16756,-13.8521,0.4776,0.8497,0.22339,511.0
atm511,w2_510p58_511p42,side_compton_fov_pass,1,0.00019431134117573907,cps for physical S1 nominal ATM511 sidecar flux; transfer fields are per total 4pi line flux,040_050,225_270,TP_L0_00361,Ta,bottom,-5.823346,1.408809,-1.417428,510.99999999999994,0.0,final_pass_from_p2_replay,bottom,bottom_phi02_090deg,96.90231803520322,runs/geometry_optimization_20260704/p2_atm511_sidecar_s1_nominal_geo_opt_s1_bpe_w5_20260708/Atm511SidecarS1Nominal3M_GeoOptS1BpeW5.inc1.id1.sim.gz,446860,-29.25639,40.13246,-25.84868,0.45559,-0.75287,0.475,511.0
atm511,w2_510p58_511p42,side_compton_fov_pass,1,0.00019431134117573907,cps for physical S1 nominal ATM511 sidecar flux; transfer fields are per total 4pi line flux,010_020,315_360,TP_L1_00186,Ta,bottom,-5.241974,0.06769667,-2.656409,511.00005000000004,0.0,final_pass_from_p2_replay,bottom,bottom_phi04_180deg,177.05238160519374,runs/geometry_optimization_20260704/p2_atm511_sidecar_s1_nominal_geo_opt_s1_bpe_w5_20260708/Atm511SidecarS1Nominal3M_GeoOptS1BpeW5.inc1.id1.sim.gz,461477,-48.42512,0.93477,-23.85848,0.8975,-0.01802,0.44065,511.0
atm511,w2_510p58_511p42,side_compton_fov_pass,1,0.00019431134117573907,cps for physical S1 nominal ATM511 sidecar flux; transfer fields are per total 4pi line flux,130_140,000_045,TP_L5_00005,Ta,top,-1.512704,-1.625,-5.742711,511.0000000000001,0.0,final_pass_from_p2_replay,top,top_phi05_225deg,237.20216564469223,runs/geometry_optimization_20260704/p2_atm511_sidecar_s1_nominal_geo_opt_s1_bpe_w5_20260708/Atm511SidecarS1Nominal3M_GeoOptS1BpeW5.inc1.id1.sim.gz,479583,5.94546,-35.4602,53.56537,-0.10858,0.4926,-0.86346,511.0
atm511,w2_510p58_511p42,side_compton_fov_pass,1,0.00019431134117573907,cps for physical S1 nominal ATM511 sidecar flux; transfer fields are per total 4pi line flux,130_140,000_045,TP_L4_00082,Ta,top,-2.629085,-0.85,-4.979369,511.0000100000001,0.0,final_pass_from_p2_replay,top,top_phi05_225deg,220.38355839557704,runs/geometry_optimization_20260704/p2_atm511_sidecar_s1_nominal_geo_opt_s1_bpe_w5_20260708/Atm511SidecarS1Nominal3M_GeoOptS1BpeW5.inc1.id1.sim.gz,480447,3.42776,-26.94541,58.64122,-0.08774,0.37803,-0.92163,511.0
atm511,w2_510p58_511p42,side_compton_fov_pass,1,0.00019431134117573907,cps for physical S1 nominal ATM511 sidecar flux; transfer fields are per total 4pi line flux,130_140,180_225,TP_L5_00339,Ta,top,-2.227479,1.277602,-6.554788,511.00007000000005,0.0,final_pass_from_p2_replay,top,top_phi00_000deg,10.29781597378892,runs/geometry_optimization_20260704/p2_atm511_sidecar_s1_nominal_geo_opt_s1_bpe_w5_20260708/Atm511SidecarS1Nominal3M_GeoOptS1BpeW5.inc1.id1.sim.gz,516512,63.89277,7.49515,-7.45587,-0.99552,-0.09361,0.01357,511.0
atm511,w2_510p58_511p42,side_compton_fov_pass,1,0.00019431134117573907,cps for physical S1 nominal ATM511 sidecar flux; transfer fields are per total 4pi line flux,060_070,000_045,TP_L2_00037,Ta,side_wall,-3.360649,-1.21905,-2.564906,510.999972,0.0,final_pass_from_p2_replay,side,side_phi05_225deg,205.62884264924216,runs/geometry_optimization_20260704/p2_atm511_sidecar_s1_nominal_geo_opt_s1_bpe_w5_20260708/Atm511SidecarS1Nominal3M_GeoOptS1BpeW5.inc1.id1.sim.gz,544766,-51.76321,-21.15838,12.95316,0.88649,0.36519,-0.28421,511.0
atm511,w2_510p58_511p42,side_compton_fov_pass,1,0.00019431134117573907,cps for physical S1 nominal ATM511 sidecar flux; transfer fields are per total 4pi line flux,060_070,090_135,TP_L0_00192,Ta,side_wall,-5.308372,-0.075,-1.14323,511.00001000000003,0.0,final_pass_from_p2_replay,side,side_phi07_315deg,300.34056261166535,runs/geometry_optimization_20260704/p2_atm511_sidecar_s1_nominal_geo_opt_s1_bpe_w5_20260708/Atm511SidecarS1Nominal3M_GeoOptS1BpeW5.inc1.id1.sim.gz,545112,1.70069,-43.72866,-37.95612,-0.12183,0.75877,0.63987,511.0
atm511,w2_510p58_511p42,side_compton_fov_pass,1,0.00019431134117573907,cps for physical S1 nominal ATM511 sidecar flux; transfer fields are per total 4pi line flux,120_130,135_180,TP_L5_00047,Ta,top,-1.358181,-1.081197,-5.812954,511.0000300000001,0.0,final_pass_from_p2_replay,top,top_phi07_315deg,334.7875037923475,runs/geometry_optimization_20260704/p2_atm511_sidecar_s1_nominal_geo_opt_s1_bpe_w5_20260708/Atm511SidecarS1Nominal3M_GeoOptS1BpeW5.inc1.id1.sim.gz,611443,57.65226,-24.30758,-13.10947,-0.92442,0.36385,0.1143,511.0
atm511,w2_510p58_511p42,side_compton_fov_pass,1,0.00019431134117573907,cps for physical S1 nominal ATM511 sidecar flux; transfer fields are per total 4pi line flux,060_070,135_180,TP_L5_00245,Ta,side_wall,-2.264215,0.3903496,-6.718988,510.9999956933001,0.0,final_pass_from_p2_replay,side,side_phi00_000deg,0.6663847337232147,runs/geometry_optimization_20260704/p2_atm511_sidecar_s1_nominal_geo_opt_s1_bpe_w5_20260708/Atm511SidecarS1Nominal3M_GeoOptS1BpeW5.inc1.id1.sim.gz,673641,14.66193,0.26659,-55.49117,-0.32786,0.0024,0.94472,511.0
atm511,w2_510p58_511p42,side_compton_fov_pass,1,0.00019431134117573907,cps for physical S1 nominal ATM511 sidecar flux; transfer fields are per total 4pi line flux,080_090,225_270,TP_L4_00125,Ta,side_wall,-2.283109,-0.39,-4.902675,510.99998,0.0,final_pass_from_p2_replay,side,side_phi02_090deg,68.51619834847507,runs/geometry_optimization_20260704/p2_atm511_sidecar_s1_nominal_geo_opt_s1_bpe_w5_20260708/Atm511SidecarS1Nominal3M_GeoOptS1BpeW5.inc1.id1.sim.gz,699374,3.77834,54.32983,-23.40856,-0.10436,-0.94212,0.31862,511.0
atm511,w2_510p58_511p42,side_compton_fov_pass,1,0.00019431134117573907,cps for physical S1 nominal ATM511 sidecar flux; transfer fields are per total 4pi line flux,130_140,180_225,TP_L4_00163,Ta,top,-2.653907,-0.1430692,-5.251547,511.0,0.0,final_pass_from_p2_replay,top,top_phi00_000deg,10.088565928542849,runs/geometry_optimization_20260704/p2_atm511_sidecar_s1_nominal_geo_opt_s1_bpe_w5_20260708/Atm511SidecarS1Nominal3M_GeoOptS1BpeW5.inc1.id1.sim.gz,731662,63.3101,10.01635,-7.33988,-0.98786,-0.15215,0.03127,511.0
atm511,w2_510p58_511p42,side_compton_fov_pass,1,0.00019431134117573907,cps for physical S1 nominal ATM511 sidecar flux; transfer fields are per total 4pi line flux,130_140,225_270,TP_L1_00105,Ta,top,-4.589763,-0.6284649,-2.219676,511.00000000000006,0.0,final_pass_from_p2_replay,top,top_phi02_090deg,82.6313458850807,runs/geometry_optimization_20260704/p2_atm511_sidecar_s1_nominal_geo_opt_s1_bpe_w5_20260708/Atm511SidecarS1Nominal3M_GeoOptS1BpeW5.inc1.id1.sim.gz,768726,36.61567,48.2664,21.7397,-0.60345,-0.71606,-0.35088,511.0
atm511,w2_510p58_511p42,side_compton_fov_pass,1,0.00019431134117573907,cps for physical S1 nominal ATM511 sidecar flux; transfer fields are per total 4pi line flux,060_070,180_225,TP_L1_00269,Ta,side_wall,-5.415963,0.6018681,-2.920826,510.99997699999994,0.0,final_pass_from_p2_replay,side,side_phi01_045deg,40.259971745333175,runs/geometry_optimization_20260704/p2_atm511_sidecar_s1_nominal_geo_opt_s1_bpe_w5_20260708/Atm511SidecarS1Nominal3M_GeoOptS1BpeW5.inc1.id1.sim.gz,794820,8.71659,31.96906,-47.4689,-0.25108,-0.55728,0.79145,511.0
atm511,w2_510p58_511p42,side_compton_fov_pass,1,0.00019431134117573907,cps for physical S1 nominal ATM511 sidecar flux; transfer fields are per total 4pi line flux,080_090,270_315,TP_L0_00369,Ta,side_wall,-6.040807,1.625,-1.756192,510.99998000000005,0.0,final_pass_from_p2_replay,side,side_phi03_135deg,124.67296456837677,runs/geometry_optimization_20260704/p2_atm511_sidecar_s1_nominal_geo_opt_s1_bpe_w5_20260708/Atm511SidecarS1Nominal3M_GeoOptS1BpeW5.inc1.id1.sim.gz,795958,-29.25365,49.22138,17.44534,0.42563,-0.8361,-0.34608,511.0
atm511,w2_510p58_511p42,side_compton_fov_pass,1,0.00019431134117573907,cps for physical S1 nominal ATM511 sidecar flux; transfer fields are per total 4pi line flux,130_140,135_180,TP_L4_00306,Ta,top,-2.922798,0.8650782,-5.680514,510.99996,0.0,final_pass_from_p2_replay,top,top_phi00_000deg,359.87860080540815,runs/geometry_optimization_20260704/p2_atm511_sidecar_s1_nominal_geo_opt_s1_bpe_w5_20260708/Atm511SidecarS1Nominal3M_GeoOptS1BpeW5.inc1.id1.sim.gz,811824,63.46857,-1.97555,-10.7615,-0.99618,0.04262,0.07624,511.0
atm511,w2_510p58_511p42,side_compton_fov_pass,1,0.00019431134117573907,cps for physical S1 nominal ATM511 sidecar flux; transfer fields are per total 4pi line flux,090_100,135_180,TP_L5_00197,Ta,side_wall,-0.4217562,-0.01381017,-4.876529,511.00002,0.0,final_pass_from_p2_replay,side,side_phi00_000deg,345.25045321370607,runs/geometry_optimization_20260704/p2_atm511_sidecar_s1_nominal_geo_opt_s1_bpe_w5_20260708/Atm511SidecarS1Nominal3M_GeoOptS1BpeW5.inc1.id1.sim.gz,816609,42.55973,-16.46268,-40.08939,-0.74173,0.28386,0.60767,511.0
atm511,w2_510p58_511p42,side_compton_fov_pass,1,0.00019431134117573907,cps for physical S1 nominal ATM511 sidecar flux; transfer fields are per total 4pi line flux,050_060,180_225,TP_L4_00305,Ta,bottom,-3.227695,0.980519,-5.766703,510.99998000000005,0.0,final_pass_from_p2_replay,bottom,bottom_phi01_045deg,31.601633918608734,runs/geometry_optimization_20260704/p2_atm511_sidecar_s1_nominal_geo_opt_s1_bpe_w5_20260708/Atm511SidecarS1Nominal3M_GeoOptS1BpeW5.inc1.id1.sim.gz,822472,1.90007,23.3227,-51.5205,-0.1002,-0.43658,0.89407,511.0
atm511,w2_510p58_511p42,side_compton_fov_pass,1,0.00019431134117573907,cps for physical S1 nominal ATM511 sidecar flux; transfer fields are per total 4pi line flux,080_090,225_270,TP_L0_00355,Ta,side_wall,-6.241193,1.47,-2.133823,510.99997,0.0,final_pass_from_p2_replay,side,side_phi01_045deg,60.73691017724155,runs/geometry_optimization_20260704/p2_atm511_sidecar_s1_nominal_geo_opt_s1_bpe_w5_20260708/Atm511SidecarS1Nominal3M_GeoOptS1BpeW5.inc1.id1.sim.gz,830875,12.6869,48.84273,-31.66632,-0.32111,-0.80366,0.50101,511.0
atm511,w2_510p58_511p42,side_compton_fov_pass,1,0.00019431134117573907,cps for physical S1 nominal ATM511 sidecar flux; transfer fields are per total 4pi line flux,050_060,225_270,TP_L2_00340,Ta,side_wall,-4.758029,1.302818,-4.017166,510.99998999999997,0.0,final_pass_from_p2_replay,side,side_phi01_045deg,62.157310431342296,runs/geometry_optimization_20260704/p2_atm511_sidecar_s1_nominal_geo_opt_s1_bpe_w5_20260708/Atm511SidecarS1Nominal3M_GeoOptS1BpeW5.inc1.id1.sim.gz,861508,-7.71183,40.61104,-39.21685,0.05589,-0.7438,0.66606,511.0
atm511,w2_510p58_511p42,side_compton_fov_pass,1,0.00019431134117573907,cps for physical S1 nominal ATM511 sidecar flux; transfer fields are per total 4pi line flux,050_060,135_180,TP_L5_00132,Ta,side_wall,-0.7461926,-0.4722848,-4.960159,510.999999,0.0,final_pass_from_p2_replay,side,side_phi00_000deg,357.5777569788998,runs/geometry_optimization_20260704/p2_atm511_sidecar_s1_nominal_geo_opt_s1_bpe_w5_20260708/Atm511SidecarS1Nominal3M_GeoOptS1BpeW5.inc1.id1.sim.gz,863029,10.55984,-1.71608,-55.60723,-0.21781,0.02396,0.9757,511.0
atm511,w2_510p58_511p42,side_compton_fov_pass,1,0.00019431134117573907,cps for physical S1 nominal ATM511 sidecar flux; transfer fields are per total 4pi line flux,100_110,000_045,TP_L0_00320,Ta,side_window,-4.988498,0.8865644,-0.5337253,510.9999700000001,0.0,final_pass_from_p2_replay,side,side_neg_x_window_axis_pm15deg,186.42218252681752,runs/geometry_optimization_20260704/p2_atm511_sidecar_s1_nominal_geo_opt_s1_bpe_w5_20260708/Atm511SidecarS1Nominal3M_GeoOptS1BpeW5.inc1.id1.sim.gz,868864,-37.07162,-8.43944,48.26835,0.54246,0.15768,-0.82515,511.0
atm511,w2_510p58_511p42,side_compton_fov_pass,1,0.00019431134117573907,cps for physical S1 nominal ATM511 sidecar flux; transfer fields are per total 4pi line flux,100_110,135_180,TP_L4_00194,Ta,side_wall,-1.622213,-0.01128724,-4.379929,510.99996000000004,0.0,final_pass_from_p2_replay,side,side_phi00_000deg,343.60481894460855,runs/geometry_optimization_20260704/p2_atm511_sidecar_s1_nominal_geo_opt_s1_bpe_w5_20260708/Atm511SidecarS1Nominal3M_GeoOptS1BpeW5.inc1.id1.sim.gz,873473,47.10974,-17.85194,-35.26867,-0.80693,0.29541,0.51147,511.0
atm511,w2_510p58_511p42,side_compton_fov_pass,1,0.00019431134117573907,cps for physical S1 nominal ATM511 sidecar flux; transfer fields are per total 4pi line flux,120_130,225_270,TP_L1_00229,Ta,top,-5.08292,0.385,-2.665514,511.00001000000003,0.0,final_pass_from_p2_replay,top,top_phi01_045deg,67.11986373251416,runs/geometry_optimization_20260704/p2_atm511_sidecar_s1_nominal_geo_opt_s1_bpe_w5_20260708/Atm511SidecarS1Nominal3M_GeoOptS1BpeW5.inc1.id1.sim.gz,912785,38.46791,50.43491,3.89687,-0.65324,-0.75072,-0.09843,511.0
atm511,w2_510p58_511p42,side_compton_fov_pass,1,0.00019431134117573907,cps for physical S1 nominal ATM511 sidecar flux; transfer fields are per total 4pi line flux,090_100,135_180,TP_L4_00274,Ta,side_wall,-2.283791,0.545,-4.898261,510.99997,0.0,final_pass_from_p2_replay,side,side_phi07_315deg,333.4881015241886,runs/geometry_optimization_20260704/p2_atm511_sidecar_s1_nominal_geo_opt_s1_bpe_w5_20260708/Atm511SidecarS1Nominal3M_GeoOptS1BpeW5.inc1.id1.sim.gz,930145,37.50967,-26.94194,-39.6731,-0.69165,0.43798,0.57428,511.0
atm511,w2_510p58_511p42,side_compton_fov_pass,1,0.00019431134117573907,cps for physical S1 nominal ATM511 sidecar flux; transfer fields are per total 4pi line flux,060_070,225_270,TP_L2_00276,Ta,side_wall,-3.742116,0.695,-2.959431,510.99999399999996,0.0,final_pass_from_p2_replay,side,side_phi01_045deg,57.02067576543281,runs/geometry_optimization_20260704/p2_atm511_sidecar_s1_nominal_geo_opt_s1_bpe_w5_20260708/Atm511SidecarS1Nominal3M_GeoOptS1BpeW5.inc1.id1.sim.gz,940993,-1.69913,40.76029,-40.1896,-0.03733,-0.73204,0.68024,511.0
atm511,w2_510p58_511p42,side_compton_fov_pass,1,0.00019431134117573907,cps for physical S1 nominal ATM511 sidecar flux; transfer fields are per total 4pi line flux,090_100,135_180,TP_L5_00194,Ta,side_wall,-0.8137477,0.04723174,-5.26852,510.999995,0.0,final_pass_from_p2_replay,side,side_phi00_000deg,357.52019368952875,runs/geometry_optimization_20260704/p2_atm511_sidecar_s1_nominal_geo_opt_s1_bpe_w5_20260708/Atm511SidecarS1Nominal3M_GeoOptS1BpeW5.inc1.id1.sim.gz,1001845,46.15137,-2.88273,-39.97396,-0.80323,0.05011,0.59356,511.0
atm511,w2_510p58_511p42,side_compton_fov_pass,1,0.00019431134117573907,cps for physical S1 nominal ATM511 sidecar flux; transfer fields are per total 4pi line flux,100_110,135_180,TP_L5_00143,Ta,side_wall,-1.697914,-0.3213483,-5.988336,511.00000000000006,0.0,final_pass_from_p2_replay,side,side_phi07_315deg,331.94350563832194,runs/geometry_optimization_20260704/p2_atm511_sidecar_s1_nominal_geo_opt_s1_bpe_w5_20260708/Atm511SidecarS1Nominal3M_GeoOptS1BpeW5.inc1.id1.sim.gz,1007666,44.8034,-30.0658,-30.42328,-0.77031,0.49273,0.40477,511.0
atm511,w2_510p58_511p42,side_compton_fov_pass,1,0.00019431134117573907,cps for physical S1 nominal ATM511 sidecar flux; transfer fields are per total 4pi line flux,100_110,135_180,TP_L1_00292,Ta,side_wall,-4.932723,0.7842322,-2.59927,510.9999400000001,0.0,final_pass_from_p2_replay,side,side_phi00_000deg,354.31840477302757,runs/geometry_optimization_20260704/p2_atm511_sidecar_s1_nominal_geo_opt_s1_bpe_w5_20260708/Atm511SidecarS1Nominal3M_GeoOptS1BpeW5.inc1.id1.sim.gz,1010831,50.74328,-6.69671,-34.66985,-0.86071,0.11565,0.49579,511.0
atm511,w2_510p58_511p42,side_compton_fov_pass,1,0.00019431134117573907,cps for physical S1 nominal ATM511 sidecar flux; transfer fields are per total 4pi line flux,090_100,315_360,TP_L3_00058,Ta,side_window,-4.007408,-0.9514963,-4.643804,511.00000000000006,0.0,final_pass_from_p2_replay,side,side_neg_x_window_axis_pm15deg,165.96765743115878,runs/geometry_optimization_20260704/p2_atm511_sidecar_s1_nominal_geo_opt_s1_bpe_w5_20260708/Atm511SidecarS1Nominal3M_GeoOptS1BpeW5.inc1.id1.sim.gz,1061416,-45.91945,16.0712,36.10643,0.66818,-0.28807,-0.68597,511.0
atm511,w2_510p58_511p42,side_compton_fov_pass,1,0.00019431134117573907,cps for physical S1 nominal ATM511 sidecar flux; transfer fields are per total 4pi line flux,070_080,225_270,TP_L5_00030,Ta,side_wall,-1.658324,-1.211225,-5.801653,511.0,0.0,final_pass_from_p2_replay,side,side_phi01_045deg,47.80914580456158,runs/geometry_optimization_20260704/p2_atm511_sidecar_s1_nominal_geo_opt_s1_bpe_w5_20260708/Atm511SidecarS1Nominal3M_GeoOptS1BpeW5.inc1.id1.sim.gz,1136352,12.25042,43.57296,-37.64502,-0.24537,-0.79007,0.56177,511.0
atm511,w2_510p58_511p42,side_compton_fov_pass,1,0.00019431134117573907,cps for physical S1 nominal ATM511 sidecar flux; transfer fields are per total 4pi line flux,120_130,315_360,TP_L3_00052,Ta,top,-2.709357,-1.109532,-3.345753,510.999978,0.0,final_pass_from_p2_replay,top,top_phi04_180deg,174.7264268137569,runs/geometry_optimization_20260704/p2_atm511_sidecar_s1_nominal_geo_opt_s1_bpe_w5_20260708/Atm511SidecarS1Nominal3M_GeoOptS1BpeW5.inc1.id1.sim.gz,1161529,-14.77278,7.23536,61.4912,0.18147,-0.12553,-0.97535,511.0
atm511,w2_510p58_511p42,side_compton_fov_pass,1,0.00019431134117573907,cps for physical S1 nominal ATM511 sidecar flux; transfer fields are per total 4pi line flux,060_070,270_315,TP_L0_00354,Ta,side_wall,-6.494582,1.47,-2.139885,510.99999697699997,0.0,final_pass_from_p2_replay,side,side_phi02_090deg,106.08581016428224,runs/geometry_optimization_20260704/p2_atm511_sidecar_s1_nominal_geo_opt_s1_bpe_w5_20260708/Atm511SidecarS1Nominal3M_GeoOptS1BpeW5.inc1.id1.sim.gz,1179235,-29.36791,47.50672,-13.06193,0.43524,-0.876,0.20783,511.0
atm511,w2_510p58_511p42,side_compton_fov_pass,1,0.00019431134117573907,cps for physical S1 nominal ATM511 sidecar flux; transfer fields are per total 4pi line flux,070_080,180_225,TP_L0_00344,Ta,side_wall,-5.968199,1.315,-1.867633,510.9999700000001,0.0,final_pass_from_p2_replay,side,side_phi01_045deg,27.312810529975028,runs/geometry_optimization_20260704/p2_atm511_sidecar_s1_nominal_geo_opt_s1_bpe_w5_20260708/Atm511SidecarS1Nominal3M_GeoOptS1BpeW5.inc1.id1.sim.gz,1186812,16.7548,22.09064,-51.29199,-0.39186,-0.34992,0.85088,511.0
atm511,w2_510p58_511p42,side_compton_fov_pass,1,0.00019431134117573907,cps for physical S1 nominal ATM511 sidecar flux; transfer fields are per total 4pi line flux,060_070,180_225,TP_L3_00170,Ta,side_wall,-2.680846,-0.20365,-3.741507,511.000032,0.0,final_pass_from_p2_replay,side,side_phi00_000deg,359.6870898885414,runs/geometry_optimization_20260704/p2_atm511_sidecar_s1_nominal_geo_opt_s1_bpe_w5_20260708/Atm511SidecarS1Nominal3M_GeoOptS1BpeW5.inc1.id1.sim.gz,1250347,13.58136,-0.11261,-55.54326,-0.29952,-0.00168,0.95409,511.0
atm511,w2_510p58_511p42,side_compton_fov_pass,1,0.00019431134117573907,cps for physical S1 nominal ATM511 sidecar flux; transfer fields are per total 4pi line flux,080_090,180_225,TP_L4_00068,Ta,side_wall,-1.853073,-0.8603687,-4.610789,511.0000049,0.0,final_pass_from_p2_replay,side,side_phi01_045deg,34.365666138570646,runs/geometry_optimization_20260704/p2_atm511_sidecar_s1_nominal_geo_opt_s1_bpe_w5_20260708/Atm511SidecarS1Nominal3M_GeoOptS1BpeW5.inc1.id1.sim.gz,1263755,22.47739,33.97817,-42.81285,-0.4258,-0.60969,0.66856,511.0
atm511,w2_510p58_511p42,side_compton_fov_pass,1,0.00019431134117573907,cps for physical S1 nominal ATM511 sidecar flux; transfer fields are per total 4pi line flux,110_120,180_225,TP_L3_00255,Ta,top,-2.941325,0.54,-3.691324,510.99995000000007,0.0,final_pass_from_p2_replay,top,top_phi01_045deg,30.23581163976622,runs/geometry_optimization_20260704/p2_atm511_sidecar_s1_nominal_geo_opt_s1_bpe_w5_20260708/Atm511SidecarS1Nominal3M_GeoOptS1BpeW5.inc1.id1.sim.gz,1265679,53.61933,28.75614,-16.97614,-0.8757,-0.43686,0.20568,511.0
atm511,w2_510p58_511p42,side_compton_fov_pass,1,0.00019431134117573907,cps for physical S1 nominal ATM511 sidecar flux; transfer fields are per total 4pi line flux,070_080,090_135,TP_L3_00280,Ta,side_wall,-2.447482,0.545,-3.293488,511.00002830000005,0.0,final_pass_from_p2_replay,side,side_phi07_315deg,313.3235608283591,runs/geometry_optimization_20260704/p2_atm511_sidecar_s1_nominal_geo_opt_s1_bpe_w5_20260708/Atm511SidecarS1Nominal3M_GeoOptS1BpeW5.inc1.id1.sim.gz,1286765,16.0976,-41.87724,-38.12831,-0.32007,0.73218,0.60122,511.0
atm511,w2_510p58_511p42,side_compton_fov_pass,1,0.00019431134117573907,cps for physical S1 nominal ATM511 sidecar flux; transfer fields are per total 4pi line flux,050_060,090_135,TP_L4_00091,Ta,side_wall,-1.436002,-0.85,-4.130436,511.0000265400001,0.0,final_pass_from_p2_replay,side,side_phi07_315deg,305.6764858551809,runs/geometry_optimization_20260704/p2_atm511_sidecar_s1_nominal_geo_opt_s1_bpe_w5_20260708/Atm511SidecarS1Nominal3M_GeoOptS1BpeW5.inc1.id1.sim.gz,1300469,-6.33307,-36.64446,-42.366,0.09309,0.68045,0.72686,511.0
atm511,w2_510p58_511p42,side_compton_fov_pass,1,0.00019431134117573907,cps for physical S1 nominal ATM511 sidecar flux; transfer fields are per total 4pi line flux,090_100,180_225,TP_L4_00098,Ta,side_wall,-2.852128,-0.6847103,-5.609845,510.9999859999999,0.0,final_pass_from_p2_replay,side,side_phi00_000deg,7.333466441882825,runs/geometry_optimization_20260704/p2_atm511_sidecar_s1_nominal_geo_opt_s1_bpe_w5_20260708/Atm511SidecarS1Nominal3M_GeoOptS1BpeW5.inc1.id1.sim.gz,1405553,43.65686,8.96728,-41.79008,-0.77892,-0.16165,0.60593,511.0
atm511,w2_510p58_511p42,side_compton_fov_pass,1,0.00019431134117573907,cps for physical S1 nominal ATM511 sidecar flux; transfer fields are per total 4pi line flux,080_090,045_090,TP_L0_00257,Ta,side_wall,-5.383163,0.4257447,-0.92839,510.99991600000004,0.0,final_pass_from_p2_replay,side,side_phi05_225deg,238.36764819988292,runs/geometry_optimization_20260704/p2_atm511_sidecar_s1_nominal_geo_opt_s1_bpe_w5_20260708/Atm511SidecarS1Nominal3M_GeoOptS1BpeW5.inc1.id1.sim.gz,1415502,-25.02871,-52.3945,14.89849,0.33562,0.90236,-0.27038,511.0
atm511,w2_510p58_511p42,side_compton_fov_pass,1,0.00019431134117573907,cps for physical S1 nominal ATM511 sidecar flux; transfer fields are per total 4pi line flux,050_060,135_180,TP_L3_00373,Ta,side_wall,-2.95483,1.475,-3.93216,511.000028,0.0,final_pass_from_p2_replay,side,side_phi00_000deg,345.39046668994814,runs/geometry_optimization_20260704/p2_atm511_sidecar_s1_nominal_geo_opt_s1_bpe_w5_20260708/Atm511SidecarS1Nominal3M_GeoOptS1BpeW5.inc1.id1.sim.gz,1462904,6.61724,-12.38418,-54.93277,-0.17822,0.25804,0.94956,511.0
atm511,w2_510p58_511p42,side_compton_fov_pass,1,0.00019431134117573907,cps for physical S1 nominal ATM511 sidecar flux; transfer fields are per total 4pi line flux,050_060,090_135,TP_L3_00261,Ta,bottom,-2.228949,0.4049733,-3.258199,511.00003,0.0,final_pass_from_p2_replay,bottom,bottom_phi07_315deg,295.71031071338336,runs/geometry_optimization_20260704/p2_atm511_sidecar_s1_nominal_geo_opt_s1_bpe_w5_20260708/Atm511SidecarS1Nominal3M_GeoOptS1BpeW5.inc1.id1.sim.gz,1479046,-14.38388,-37.51546,-39.07315,0.22816,0.70592,0.67053,511.0
atm511,w2_510p58_511p42,side_compton_fov_pass,1,0.00019431134117573907,cps for physical S1 nominal ATM511 sidecar flux; transfer fields are per total 4pi line flux,080_090,225_270,TP_L4_00022,Ta,side_wall,-1.591951,-1.395032,-4.349667,511.000011,0.0,final_pass_from_p2_replay,side,side_phi02_090deg,69.96704050027317,runs/geometry_optimization_20260704/p2_atm511_sidecar_s1_nominal_geo_opt_s1_bpe_w5_20260708/Atm511SidecarS1Nominal3M_GeoOptS1BpeW5.inc1.id1.sim.gz,1524649,8.59279,57.47228,-15.70903,-0.16172,-0.97147,0.17346,511.0
atm511,w2_510p58_511p42,side_compton_fov_pass,1,0.00019431134117573907,cps for physical S1 nominal ATM511 sidecar flux; transfer fields are per total 4pi line flux,060_070,270_315,TP_L0_00205,Ta,side_wall,-6.408167,0.23,-2.038381,510.99998,0.0,final_pass_from_p2_replay,side,side_phi02_090deg,103.71881455493248,runs/geometry_optimization_20260704/p2_atm511_sidecar_s1_nominal_geo_opt_s1_bpe_w5_20260708/Atm511SidecarS1Nominal3M_GeoOptS1BpeW5.inc1.id1.sim.gz,1527851,-28.45122,47.3686,-15.33303,0.41041,-0.87766,0.24753,511.0
atm511,w2_510p58_511p42,side_compton_fov_pass,1,0.00019431134117573907,cps for physical S1 nominal ATM511 sidecar flux; transfer fields are per total 4pi line flux,060_070,180_225,TP_L5_00206,Ta,side_wall,-2.043644,0.23,-6.179731,511.0,0.0,final_pass_from_p2_replay,side,side_phi01_045deg,32.98400629181468,runs/geometry_optimization_20260704/p2_atm511_sidecar_s1_nominal_geo_opt_s1_bpe_w5_20260708/Atm511SidecarS1Nominal3M_GeoOptS1BpeW5.inc1.id1.sim.gz,1545992,7.48417,27.5803,-49.60278,-0.18254,-0.524,0.83193,511.0
atm511,w2_510p58_511p42,side_compton_fov_pass,1,0.00019431134117573907,cps for physical S1 nominal ATM511 sidecar flux; transfer fields are per total 4pi line flux,060_070,135_180,TP_L3_00294,Ta,side_wall,-3.071256,0.7012505,-4.131916,510.99995000000007,0.0,final_pass_from_p2_replay,side,side_phi07_315deg,332.64504837422913,runs/geometry_optimization_20260704/p2_atm511_sidecar_s1_nominal_geo_opt_s1_bpe_w5_20260708/Atm511SidecarS1Nominal3M_GeoOptS1BpeW5.inc1.id1.sim.gz,1633187,9.94956,-23.30949,-51.45774,-0.23829,0.43942,0.8661,511.0
atm511,w2_510p58_511p42,side_compton_fov_pass,1,0.00019431134117573907,cps for physical S1 nominal ATM511 sidecar flux; transfer fields are per total 4pi line flux,040_050,315_360,TP_L2_00372,Ta,bottom,-4.122383,1.483391,-3.061723,511.00002,0.0,final_pass_from_p2_replay,bottom,bottom_phi04_180deg,176.64717942107112,runs/geometry_optimization_20260704/p2_atm511_sidecar_s1_nominal_geo_opt_s1_bpe_w5_20260708/Atm511SidecarS1Nominal3M_GeoOptS1BpeW5.inc1.id1.sim.gz,1698567,-55.454,1.72351,-3.36977,0.9997,-0.02412,0.0041,511.0
atm511,w2_510p58_511p42,side_compton_fov_pass,1,0.00019431134117573907,cps for physical S1 nominal ATM511 sidecar flux; transfer fields are per total 4pi line flux,010_020,135_180,TP_L0_00244,Ta,bottom,-6.685686,0.4285177,-2.527915,511.00000000000006,0.0,final_pass_from_p2_replay,bottom,bottom_phi07_315deg,311.82581767700003,runs/geometry_optimization_20260704/p2_atm511_sidecar_s1_nominal_geo_opt_s1_bpe_w5_20260708/Atm511SidecarS1Nominal3M_GeoOptS1BpeW5.inc1.id1.sim.gz,1718264,-29.88933,-6.81358,-44.67534,0.47691,0.14885,0.86626,511.0
atm511,w2_510p58_511p42,side_compton_fov_pass,1,0.00019431134117573907,cps for physical S1 nominal ATM511 sidecar flux; transfer fields are per total 4pi line flux,080_090,090_135,TP_L5_00360,Ta,side_wall,-1.46074,1.459314,-5.915513,511.0000427914599,0.0,final_pass_from_p2_replay,side,side_phi07_315deg,308.85100354333235,runs/geometry_optimization_20260704/p2_atm511_sidecar_s1_nominal_geo_opt_s1_bpe_w5_20260708/Atm511SidecarS1Nominal3M_GeoOptS1BpeW5.inc1.id1.sim.gz,1725543,14.70929,-47.53655,-32.63214,-0.2783,0.84327,0.45982,511.0
atm511,w2_510p58_511p42,side_compton_fov_pass,1,0.00019431134117573907,cps for physical S1 nominal ATM511 sidecar flux; transfer fields are per total 4pi line flux,060_070,270_315,TP_L3_00301,Ta,side_wall,-2.51204,0.8317971,-3.194312,510.99999506441,0.0,final_pass_from_p2_replay,side,side_phi02_090deg,95.92146212383514,runs/geometry_optimization_20260704/p2_atm511_sidecar_s1_nominal_geo_opt_s1_bpe_w5_20260708/Atm511SidecarS1Nominal3M_GeoOptS1BpeW5.inc1.id1.sim.gz,1732885,-25.74289,47.38592,-18.20564,0.429,-0.85971,0.27721,511.0
atm511,w2_510p58_511p42,side_compton_fov_pass,1,0.00019431134117573907,cps for physical S1 nominal ATM511 sidecar flux; transfer fields are per total 4pi line flux,090_100,180_225,TP_L2_00342,Ta,side_wall,-4.401788,1.207246,-3.765392,511.00001,0.0,final_pass_from_p2_replay,side,side_phi01_045deg,41.154501534703066,runs/geometry_optimization_20260704/p2_atm511_sidecar_s1_nominal_geo_opt_s1_bpe_w5_20260708/Atm511SidecarS1Nominal3M_GeoOptS1BpeW5.inc1.id1.sim.gz,1768296,31.58405,38.82707,-34.32893,-0.5961,-0.62317,0.50628,511.0
atm511,w2_510p58_511p42,side_compton_fov_pass,1,0.00019431134117573907,cps for physical S1 nominal ATM511 sidecar flux; transfer fields are per total 4pi line flux,120_130,135_180,TP_L5_00313,Ta,top,-1.328553,0.9340729,-5.783326,511.00004000000007,0.0,final_pass_from_p2_replay,top,top_phi00_000deg,354.9787040210941,runs/geometry_optimization_20260704/p2_atm511_sidecar_s1_nominal_geo_opt_s1_bpe_w5_20260708/Atm511SidecarS1Nominal3M_GeoOptS1BpeW5.inc1.id1.sim.gz,1897913,59.69004,-6.84119,-20.60716,-0.96346,0.12231,0.23828,511.0
atm511,w2_510p58_511p42,side_compton_fov_pass,1,0.00019431134117573907,cps for physical S1 nominal ATM511 sidecar flux; transfer fields are per total 4pi line flux,120_130,180_225,TP_L5_00245,Ta,top,-2.188479,0.504656,-6.643251,511.0,0.0,final_pass_from_p2_replay,top,top_phi01_045deg,22.817245143325966,runs/geometry_optimization_20260704/p2_atm511_sidecar_s1_nominal_geo_opt_s1_bpe_w5_20260708/Atm511SidecarS1Nominal3M_GeoOptS1BpeW5.inc1.id1.sim.gz,1905261,56.06297,23.39575,-18.90685,-0.91335,-0.35892,0.19229,511.0
atm511,w2_510p58_511p42,side_compton_fov_pass,1,0.00019431134117573907,cps for physical S1 nominal ATM511 sidecar flux; transfer fields are per total 4pi line flux,060_070,225_270,TP_L3_00258,Ta,side_wall,-2.548396,0.54,-3.510954,511.00003000000004,0.0,final_pass_from_p2_replay,side,side_phi01_045deg,55.707137906586304,runs/geometry_optimization_20260704/p2_atm511_sidecar_s1_nominal_geo_opt_s1_bpe_w5_20260708/Atm511SidecarS1Nominal3M_GeoOptS1BpeW5.inc1.id1.sim.gz,1909129,-3.22408,39.43131,-40.93254,0.01252,-0.72053,0.69331,511.0
atm511,w2_510p58_511p42,side_compton_fov_pass,1,0.00019431134117573907,cps for physical S1 nominal ATM511 sidecar flux; transfer fields are per total 4pi line flux,150_160,180_225,TP_L1_00363,Ta,top,-4.609797,1.3268,-1.980439,510.99998000000005,0.0,final_pass_from_p2_replay,top,top_phi00_000deg,16.094839829044393,runs/geometry_optimization_20260704/p2_atm511_sidecar_s1_nominal_geo_opt_s1_bpe_w5_20260708/Atm511SidecarS1Nominal3M_GeoOptS1BpeW5.inc1.id1.sim.gz,1941588,63.18471,1.90539,17.4181,-0.96138,-0.0082,-0.27509,511.0
atm511,w2_510p58_511p42,side_compton_fov_pass,1,0.00019431134117573907,cps for physical S1 nominal ATM511 sidecar flux; transfer fields are per total 4pi line flux,120_130,225_270,TP_L5_00235,Ta,top,-1.113792,0.2509336,-5.25724,511.000006,0.0,final_pass_from_p2_replay,top,top_phi01_045deg,47.21162845318541,runs/geometry_optimization_20260704/p2_atm511_sidecar_s1_nominal_geo_opt_s1_bpe_w5_20260708/Atm511SidecarS1Nominal3M_GeoOptS1BpeW5.inc1.id1.sim.gz,1954566,45.44157,43.94072,-5.70172,-0.72917,-0.68429,0.00696,511.0
atm511,w2_510p58_511p42,side_compton_fov_pass,1,0.00019431134117573907,cps for physical S1 nominal ATM511 sidecar flux; transfer fields are per total 4pi line flux,120_130,180_225,TP_L5_00313,Ta,top,-1.316464,0.9623599,-5.771237,511.00004200000006,0.0,final_pass_from_p2_replay,top,top_phi01_045deg,40.590950073101496,runs/geometry_optimization_20260704/p2_atm511_sidecar_s1_nominal_geo_opt_s1_bpe_w5_20260708/Atm511SidecarS1Nominal3M_GeoOptS1BpeW5.inc1.id1.sim.gz,1971714,50.97136,38.00622,-6.38595,-0.81594,-0.57806,0.00959,511.0
atm511,w2_510p58_511p42,side_compton_fov_pass,1,0.00019431134117573907,cps for physical S1 nominal ATM511 sidecar flux; transfer fields are per total 4pi line flux,050_060,045_090,TP_L0_00337,Ta,side_wall,-5.072804,1.01,-0.6942305,510.9999880000001,0.0,final_pass_from_p2_replay,side,side_phi05_225deg,232.32572456148324,runs/geometry_optimization_20260704/p2_atm511_sidecar_s1_nominal_geo_opt_s1_bpe_w5_20260708/Atm511SidecarS1Nominal3M_GeoOptS1BpeW5.inc1.id1.sim.gz,2068514,-41.37735,-39.10652,-2.71362,0.67053,0.74094,0.0373,511.0
atm511,w2_510p58_511p42,side_compton_fov_pass,1,0.00019431134117573907,cps for physical S1 nominal ATM511 sidecar flux; transfer fields are per total 4pi line flux,090_100,135_180,TP_L5_00073,Ta,side_wall,-0.6229938,-1.005,-4.708212,510.999998,0.0,final_pass_from_p2_replay,side,side_phi07_315deg,327.5810205763037,runs/geometry_optimization_20260704/p2_atm511_sidecar_s1_nominal_geo_opt_s1_bpe_w5_20260708/Atm511SidecarS1Nominal3M_GeoOptS1BpeW5.inc1.id1.sim.gz,2100989,35.91991,-33.24168,-35.68223,-0.63288,0.5583,0.53643,511.0
atm511,w2_510p58_511p42,side_compton_fov_pass,1,0.00019431134117573907,cps for physical S1 nominal ATM511 sidecar flux; transfer fields are per total 4pi line flux,030_040,000_045,TP_L0_00188,Ta,bottom,-5.949223,-0.068091,-1.510754,510.99998,0.0,final_pass_from_p2_replay,bottom,bottom_phi05_225deg,202.86068767111763,runs/geometry_optimization_20260704/p2_atm511_sidecar_s1_nominal_geo_opt_s1_bpe_w5_20260708/Atm511SidecarS1Nominal3M_GeoOptS1BpeW5.inc1.id1.sim.gz,2105090,-51.81302,-13.32801,-12.0621,0.93802,0.2712,0.2158,511.0
atm511,w2_510p58_511p42,side_compton_fov_pass,1,0.00019431134117573907,cps for physical S1 nominal ATM511 sidecar flux; transfer fields are per total 4pi line flux,110_120,180_225,TP_L1_00128,Ta,top,-4.390712,-0.4147227,-2.05726,510.99999,0.0,final_pass_from_p2_replay,top,top_phi00_000deg,0.1629665760570898,runs/geometry_optimization_20260704/p2_atm511_sidecar_s1_nominal_geo_opt_s1_bpe_w5_20260708/Atm511SidecarS1Nominal3M_GeoOptS1BpeW5.inc1.id1.sim.gz,2111188,58.93083,0.77275,-22.26004,-0.95253,-0.01786,0.30391,511.0
atm511,w2_510p58_511p42,side_compton_fov_pass,1,0.00019431134117573907,cps for physical S1 nominal ATM511 sidecar flux; transfer fields are per total 4pi line flux,070_080,090_135,TP_L2_00002,Ta,side_wall,-4.521335,-1.625,-3.489851,511.00002,0.0,final_pass_from_p2_replay,side,side_phi06_270deg,279.88540538845723,runs/geometry_optimization_20260704/p2_atm511_sidecar_s1_nominal_geo_opt_s1_bpe_w5_20260708/Atm511SidecarS1Nominal3M_GeoOptS1BpeW5.inc1.id1.sim.gz,2242496,-7.71567,-53.44832,-22.32583,0.05783,0.93827,0.34103,511.0
atm511,w2_510p58_511p42,side_compton_fov_pass,1,0.00019431134117573907,cps for physical S1 nominal ATM511 sidecar flux; transfer fields are per total 4pi line flux,080_090,090_135,TP_L0_00198,Ta,side_wall,-4.616272,-0.075,-0.579372,510.9999640000001,0.0,final_pass_from_p2_replay,side,side_phi06_270deg,291.08141805313863,runs/geometry_optimization_20260704/p2_atm511_sidecar_s1_nominal_geo_opt_s1_bpe_w5_20260708/Atm511SidecarS1Nominal3M_GeoOptS1BpeW5.inc1.id1.sim.gz,2250264,10.03606,-53.74006,-23.6139,-0.24335,0.8913,0.38257,511.0
atm511,w2_510p58_511p42,side_compton_fov_pass,1,0.00019431134117573907,cps for physical S1 nominal ATM511 sidecar flux; transfer fields are per total 4pi line flux,070_080,270_315,TP_L2_00363,Ta,side_wall,-3.7427,1.47,-3.03669,511.00003000000004,0.0,final_pass_from_p2_replay,side,side_phi02_090deg,101.91849940385954,runs/geometry_optimization_20260704/p2_atm511_sidecar_s1_nominal_geo_opt_s1_bpe_w5_20260708/Atm511SidecarS1Nominal3M_GeoOptS1BpeW5.inc1.id1.sim.gz,2267968,-23.89772,52.18715,-8.57747,0.36742,-0.92455,0.10101,511.0
atm511,w2_510p58_511p42,side_compton_fov_pass,1,0.00019431134117573907,cps for physical S1 nominal ATM511 sidecar flux; transfer fields are per total 4pi line flux,060_070,135_180,TP_L5_00188,Ta,side_wall,-1.635437,-0.01602527,-5.778678,511.0,0.0,final_pass_from_p2_replay,side,side_phi07_315deg,327.9213890053841,runs/geometry_optimization_20260704/p2_atm511_sidecar_s1_nominal_geo_opt_s1_bpe_w5_20260708/Atm511SidecarS1Nominal3M_GeoOptS1BpeW5.inc1.id1.sim.gz,2275072,8.90613,-27.44623,-49.51717,-0.20005,0.52056,0.83006,511.0
atm511,w2_510p58_511p42,side_compton_fov_pass,1,0.00019431134117573907,cps for physical S1 nominal ATM511 sidecar flux; transfer fields are per total 4pi line flux,100_110,225_270,TP_L2_00320,Ta,side_wall,-3.12035,1.005,-2.451592,511.00000000000006,0.0,final_pass_from_p2_replay,side,side_phi02_090deg,73.91901441326246,runs/geometry_optimization_20260704/p2_atm511_sidecar_s1_nominal_geo_opt_s1_bpe_w5_20260708/Atm511SidecarS1Nominal3M_GeoOptS1BpeW5.inc1.id1.sim.gz,2361639,21.36,57.91388,-3.55118,-0.3951,-0.91847,0.01775,511.0
atm511,w2_510p58_511p42,side_compton_fov_pass,1,0.00019431134117573907,cps for physical S1 nominal ATM511 sidecar flux; transfer fields are per total 4pi line flux,080_090,090_135,TP_L1_00155,Ta,side_wall,-3.861206,-0.385,-1.228147,511.00001299999997,0.0,final_pass_from_p2_replay,side,side_phi06_270deg,278.1453110997723,runs/geometry_optimization_20260704/p2_atm511_sidecar_s1_nominal_geo_opt_s1_bpe_w5_20260708/Atm511SidecarS1Nominal3M_GeoOptS1BpeW5.inc1.id1.sim.gz,2374073,3.56426,-58.72433,-11.41866,-0.12441,0.97743,0.17073,511.0
atm511,w2_510p58_511p42,side_compton_fov_pass,1,0.00019431134117573907,cps for physical S1 nominal ATM511 sidecar flux; transfer fields are per total 4pi line flux,060_070,225_270,TP_L0_00277,Ta,side_wall,-5.437418,0.695,-1.023457,511.0000546,0.0,final_pass_from_p2_replay,side,side_phi02_090deg,93.83944952319473,runs/geometry_optimization_20260704/p2_atm511_sidecar_s1_nominal_geo_opt_s1_bpe_w5_20260708/Atm511SidecarS1Nominal3M_GeoOptS1BpeW5.inc1.id1.sim.gz,2443221,-18.13079,51.53022,-19.69237,0.18745,-0.9177,0.35027,511.0
atm511,w2_510p58_511p42,side_compton_fov_pass,1,0.00019431134117573907,cps for physical S1 nominal ATM511 sidecar flux; transfer fields are per total 4pi line flux,090_100,090_135,TP_L4_00343,Ta,side_wall,-2.735868,1.165,-5.339879,510.9999882,0.0,final_pass_from_p2_replay,side,side_phi06_270deg,287.214598908458,runs/geometry_optimization_20260704/p2_atm511_sidecar_s1_nominal_geo_opt_s1_bpe_w5_20260708/Atm511SidecarS1Nominal3M_GeoOptS1BpeW5.inc1.id1.sim.gz,2551379,14.61515,-59.09971,-7.64735,-0.27649,0.96031,0.03677,511.0
atm511,w2_510p58_511p42,side_compton_fov_pass,1,0.00019431134117573907,cps for physical S1 nominal ATM511 sidecar flux; transfer fields are per total 4pi line flux,080_090,270_315,TP_L1_00319,Ta,side_wall,-4.213025,0.9366356,-1.71253,510.99999903,0.0,final_pass_from_p2_replay,side,side_phi02_090deg,107.82699247215022,runs/geometry_optimization_20260704/p2_atm511_sidecar_s1_nominal_geo_opt_s1_bpe_w5_20260708/Atm511SidecarS1Nominal3M_GeoOptS1BpeW5.inc1.id1.sim.gz,2565320,-18.75606,56.28925,4.44239,0.25285,-0.96159,-0.1068,511.0
atm511,w2_510p58_511p42,side_compton_fov_pass,1,0.00019431134117573907,cps for physical S1 nominal ATM511 sidecar flux; transfer fields are per total 4pi line flux,070_080,090_135,TP_L1_00258,Ta,side_wall,-4.16049,0.3987606,-1.827038,511.00000891,0.0,final_pass_from_p2_replay,side,side_phi07_315deg,309.3760442014189,runs/geometry_optimization_20260704/p2_atm511_sidecar_s1_nominal_geo_opt_s1_bpe_w5_20260708/Atm511SidecarS1Nominal3M_GeoOptS1BpeW5.inc1.id1.sim.gz,2581987,7.32211,-40.31963,-41.07242,-0.19898,0.70561,0.68009,511.0
atm511,w2_510p58_511p42,side_compton_fov_pass,1,0.00019431134117573907,cps for physical S1 nominal ATM511 sidecar flux; transfer fields are per total 4pi line flux,090_100,090_135,TP_L5_00131,Ta,side_wall,-0.6432891,-0.4833245,-5.070134,510.9999869999999,0.0,final_pass_from_p2_replay,side,side_phi07_315deg,304.90908035380676,runs/geometry_optimization_20260704/p2_atm511_sidecar_s1_nominal_geo_opt_s1_bpe_w5_20260708/Atm511SidecarS1Nominal3M_GeoOptS1BpeW5.inc1.id1.sim.gz,2683590,22.23387,-51.25024,-23.34167,-0.39036,0.86626,0.31178,511.0
atm511,w2_510p58_511p42,side_compton_fov_pass,1,0.00019431134117573907,cps for physical S1 nominal ATM511 sidecar flux; transfer fields are per total 4pi line flux,120_130,225_270,TP_L1_00287,Ta,top,-5.499175,0.85,-3.08142,511.00000000000006,0.0,final_pass_from_p2_replay,top,top_phi02_090deg,88.79266919627894,runs/geometry_optimization_20260704/p2_atm511_sidecar_s1_nominal_geo_opt_s1_bpe_w5_20260708/Atm511SidecarS1Nominal3M_GeoOptS1BpeW5.inc1.id1.sim.gz,2715391,24.41338,55.85039,18.70502,-0.45123,-0.82969,-0.32865,511.0
atm511,w2_510p58_511p42,side_compton_fov_pass,1,0.00019431134117573907,cps for physical S1 nominal ATM511 sidecar flux; transfer fields are per total 4pi line flux,060_070,135_180,TP_L3_00034,Ta,side_wall,-2.735399,-1.2022,-3.796059,510.999989,0.0,final_pass_from_p2_replay,side,side_phi07_315deg,318.89962808945324,runs/geometry_optimization_20260704/p2_atm511_sidecar_s1_nominal_geo_opt_s1_bpe_w5_20260708/Atm511SidecarS1Nominal3M_GeoOptS1BpeW5.inc1.id1.sim.gz,2725078,11.27188,-34.33529,-45.21918,-0.25532,0.60393,0.75504,511.0
atm511,w2_510p58_511p42,side_compton_fov_pass,1,0.00019431134117573907,cps for physical S1 nominal ATM511 sidecar flux; transfer fields are per total 4pi line flux,090_100,045_090,TP_L5_00081,Ta,side_wall,-1.703139,-0.85,-6.006427,510.99998600000004,0.0,final_pass_from_p2_replay,side,side_phi06_270deg,263.5732860726969,runs/geometry_optimization_20260704/p2_atm511_sidecar_s1_nominal_geo_opt_s1_bpe_w5_20260708/Atm511SidecarS1Nominal3M_GeoOptS1BpeW5.inc1.id1.sim.gz,2750843,-7.74323,-59.93319,7.12336,0.0993,0.97136,-0.21586,511.0
atm511,w2_510p58_511p42,side_compton_fov_pass,1,0.00019431134117573907,cps for physical S1 nominal ATM511 sidecar flux; transfer fields are per total 4pi line flux,070_080,000_045,TP_L3_00311,Ta,side_wall,-3.431994,0.855,-4.199902,510.99995,0.0,final_pass_from_p2_replay,side,side_phi05_225deg,212.41779724789703,runs/geometry_optimization_20260704/p2_atm511_sidecar_s1_nominal_geo_opt_s1_bpe_w5_20260708/Atm511SidecarS1Nominal3M_GeoOptS1BpeW5.inc1.id1.sim.gz,2773521,-48.73112,-28.48433,13.7289,0.79653,0.5159,-0.31526,511.0
atm511,w2_510p58_511p42,side_compton_fov_pass,1,0.00019431134117573907,cps for physical S1 nominal ATM511 sidecar flux; transfer fields are per total 4pi line flux,130_140,090_135,TP_L5_00254,Ta,top,-1.358472,0.4806427,-5.450967,510.99997,0.0,final_pass_from_p2_replay,top,top_phi07_315deg,311.6877125310709,runs/geometry_optimization_20260704/p2_atm511_sidecar_s1_nominal_geo_opt_s1_bpe_w5_20260708/Atm511SidecarS1Nominal3M_GeoOptS1BpeW5.inc1.id1.sim.gz,2773815,49.59154,-39.41055,13.92305,-0.75429,0.59057,-0.28682,511.0
atm511,w2_510p58_511p42,side_compton_fov_pass,1,0.00019431134117573907,cps for physical S1 nominal ATM511 sidecar flux; transfer fields are per total 4pi line flux,060_070,135_180,TP_L2_00270,Ta,side_wall,-4.438935,0.6507516,-3.678651,511.0,0.0,final_pass_from_p2_replay,side,side_phi07_315deg,331.09229383795184,runs/geometry_optimization_20260704/p2_atm511_sidecar_s1_nominal_geo_opt_s1_bpe_w5_20260708/Atm511SidecarS1Nominal3M_GeoOptS1BpeW5.inc1.id1.sim.gz,2777097,10.82835,-24.45764,-51.10508,-0.27364,0.45003,0.85005,511.0
atm511,w2_510p58_511p42,side_compton_fov_pass,1,0.00019431134117573907,cps for physical S1 nominal ATM511 sidecar flux; transfer fields are per total 4pi line flux,140_150,135_180,TP_L4_00151,Ta,top,-1.66561,-0.3326072,-4.267016,510.9999801000001,0.0,final_pass_from_p2_replay,top,top_phi00_000deg,345.0728819768165,runs/geometry_optimization_20260704/p2_atm511_sidecar_s1_nominal_geo_opt_s1_bpe_w5_20260708/Atm511SidecarS1Nominal3M_GeoOptS1BpeW5.inc1.id1.sim.gz,2777134,63.81495,-10.97957,8.63657,-0.96888,0.15754,-0.19093,511.0
atm511,w2_510p58_511p42,side_compton_fov_pass,1,0.00019431134117573907,cps for physical S1 nominal ATM511 sidecar flux; transfer fields are per total 4pi line flux,060_070,180_225,TP_L1_00284,Ta,side_wall,-5.898483,0.798354,-3.534321,511.00000000000006,0.0,final_pass_from_p2_replay,side,side_phi00_000deg,11.474447799975446,runs/geometry_optimization_20260704/p2_atm511_sidecar_s1_nominal_geo_opt_s1_bpe_w5_20260708/Atm511SidecarS1Nominal3M_GeoOptS1BpeW5.inc1.id1.sim.gz,2788583,16.77026,9.36901,-54.87271,-0.3993,-0.15097,0.9043,511.0
atm511,w2_510p58_511p42,side_compton_fov_pass,1,0.00019431134117573907,cps for physical S1 nominal ATM511 sidecar flux; transfer fields are per total 4pi line flux,060_070,045_090,TP_L0_00253,Ta,side_wall,-5.76353,0.39,-1.314892,510.99993900000004,0.0,final_pass_from_p2_replay,side,side_phi06_270deg,251.82204794938275,runs/geometry_optimization_20260704/p2_atm511_sidecar_s1_nominal_geo_opt_s1_bpe_w5_20260708/Atm511SidecarS1Nominal3M_GeoOptS1BpeW5.inc1.id1.sim.gz,2794956,-29.02777,-48.73217,-10.22337,0.42239,0.89187,0.16174,511.0
atm511,w2_510p58_511p42,side_compton_fov_pass,1,0.00019431134117573907,cps for physical S1 nominal ATM511 sidecar flux; transfer fields are per total 4pi line flux,120_130,090_135,TP_L5_00331,Ta,top,-1.292042,1.055348,-5.746815,510.99998000000005,0.0,final_pass_from_p2_replay,top,top_phi07_315deg,314.8592715622707,runs/geometry_optimization_20260704/p2_atm511_sidecar_s1_nominal_geo_opt_s1_bpe_w5_20260708/Atm511SidecarS1Nominal3M_GeoOptS1BpeW5.inc1.id1.sim.gz,2877853,46.72649,-43.20153,-3.28458,-0.7348,0.67724,-0.03768,511.0
atm511,w2_510p58_511p42,side_compton_fov_pass,1,0.00019431134117573907,cps for physical S1 nominal ATM511 sidecar flux; transfer fields are per total 4pi line flux,100_110,090_135,TP_L4_00162,Ta,side_wall,-2.862322,-0.23,-5.395236,511.00004598,0.0,final_pass_from_p2_replay,side,side_phi07_315deg,292.7308501733409,runs/geometry_optimization_20260704/p2_atm511_sidecar_s1_nominal_geo_opt_s1_bpe_w5_20260708/Atm511SidecarS1Nominal3M_GeoOptS1BpeW5.inc1.id1.sim.gz,2890235,20.87235,-58.56035,-6.62968,-0.37853,0.92499,-0.03319,511.0
atm511,w2_510p58_511p42,side_compton_fov_pass,1,0.00019431134117573907,cps for physical S1 nominal ATM511 sidecar flux; transfer fields are per total 4pi line flux,070_080,000_045,TP_L1_00193,Ta,side_wall,-4.556398,-0.05793841,-1.798682,510.999982,0.0,final_pass_from_p2_replay,side,side_phi04_180deg,200.10256272887509,runs/geometry_optimization_20260704/p2_atm511_sidecar_s1_nominal_geo_opt_s1_bpe_w5_20260708/Atm511SidecarS1Nominal3M_GeoOptS1BpeW5.inc1.id1.sim.gz,2901569,-49.39171,-19.85958,24.61618,0.80526,0.35564,-0.47442,511.0
atm511,w2_510p58_511p42,side_compton_fov_pass,1,0.00019431134117573907,cps for physical S1 nominal ATM511 sidecar flux; transfer fields are per total 4pi line flux,120_130,090_135,TP_L1_00122,Ta,top,-5.121385,-0.54,-2.747561,511.00001700000007,0.0,final_pass_from_p2_replay,top,top_phi07_315deg,308.76069656984515,runs/geometry_optimization_20260704/p2_atm511_sidecar_s1_nominal_geo_opt_s1_bpe_w5_20260708/Atm511SidecarS1Nominal3M_GeoOptS1BpeW5.inc1.id1.sim.gz,2906242,47.95884,-41.54419,-4.41389,-0.79113,0.61114,0.02484,511.0
