scenario,stage,energy_lo_keV,energy_hi_keV,energy_center_keV,rate_per_decade_s-1,status
corrected_transport,input,1e-09,1.2589254117941663e-09,1.122018454301963e-09,0.0,accepted transported outer-boundary current
corrected_transport,input,1.2589254117941663e-09,1.584893192461111e-09,1.4125375446227526e-09,0.0,accepted transported outer-boundary current
corrected_transport,input,1.584893192461111e-09,1.9952623149688828e-09,1.7782794100389228e-09,0.0,accepted transported outer-boundary current
corrected_transport,input,1.9952623149688828e-09,2.511886431509582e-09,2.2387211385683423e-09,0.0,accepted transported outer-boundary current
corrected_transport,input,2.511886431509582e-09,3.1622776601683795e-09,2.818382931264455e-09,0.0,accepted transported outer-boundary current
corrected_transport,input,3.1622776601683795e-09,3.981071705534969e-09,3.5481338923357533e-09,0.0,accepted transported outer-boundary current
corrected_transport,input,3.981071705534969e-09,5.011872336272715e-09,4.466835921509626e-09,0.0,accepted transported outer-boundary current
corrected_transport,input,5.011872336272715e-09,6.309573444801943e-09,5.623413251903491e-09,0.0,accepted transported outer-boundary current
corrected_transport,input,6.309573444801943e-09,7.943282347242822e-09,7.079457843841388e-09,0.0,accepted transported outer-boundary current
corrected_transport,input,7.943282347242822e-09,1e-08,8.91250938133746e-09,0.0,accepted transported outer-boundary current
corrected_transport,input,1e-08,1.2589254117941661e-08,1.122018454301963e-08,0.0,accepted transported outer-boundary current
corrected_transport,input,1.2589254117941661e-08,1.5848931924611143e-08,1.412537544622754e-08,0.0,accepted transported outer-boundary current
corrected_transport,input,1.5848931924611143e-08,1.9952623149688786e-08,1.7782794100389228e-08,0.0,accepted transported outer-boundary current
corrected_transport,input,1.9952623149688786e-08,2.511886431509582e-08,2.23872113856834e-08,0.0,accepted transported outer-boundary current
corrected_transport,input,2.511886431509582e-08,3.162277660168379e-08,2.818382931264455e-08,0.0,accepted transported outer-boundary current
corrected_transport,input,3.162277660168379e-08,3.981071705534969e-08,3.548133892335753e-08,0.0,accepted transported outer-boundary current
corrected_transport,input,3.981071705534969e-08,5.011872336272725e-08,4.46683592150963e-08,0.0,accepted transported outer-boundary current
corrected_transport,input,5.011872336272725e-08,6.30957344480193e-08,5.623413251903491e-08,0.0,accepted transported outer-boundary current
corrected_transport,input,6.30957344480193e-08,7.943282347242822e-08,7.079457843841381e-08,0.0,accepted transported outer-boundary current
corrected_transport,input,7.943282347242822e-08,1e-07,8.912509381337459e-08,0.0,accepted transported outer-boundary current
corrected_transport,input,1e-07,1.2589254117941662e-07,1.122018454301963e-07,0.0,accepted transported outer-boundary current
corrected_transport,input,1.2589254117941662e-07,1.584893192461114e-07,1.412537544622754e-07,0.0,accepted transported outer-boundary current
corrected_transport,input,1.584893192461114e-07,1.995262314968883e-07,1.7782794100389245e-07,0.0,accepted transported outer-boundary current
corrected_transport,input,1.995262314968883e-07,2.5118864315095823e-07,2.2387211385683425e-07,0.0,accepted transported outer-boundary current
corrected_transport,input,2.5118864315095823e-07,3.162277660168379e-07,2.818382931264455e-07,0.0,accepted transported outer-boundary current
corrected_transport,input,3.162277660168379e-07,3.981071705534969e-07,3.548133892335753e-07,0.0,accepted transported outer-boundary current
corrected_transport,input,3.981071705534969e-07,5.011872336272725e-07,4.46683592150963e-07,0.0,accepted transported outer-boundary current
corrected_transport,input,5.011872336272725e-07,6.309573444801942e-07,5.623413251903497e-07,0.0,accepted transported outer-boundary current
corrected_transport,input,6.309573444801942e-07,7.943282347242822e-07,7.079457843841387e-07,0.0,accepted transported outer-boundary current
corrected_transport,input,7.943282347242822e-07,1e-06,8.912509381337459e-07,0.0,accepted transported outer-boundary current
corrected_transport,input,1e-06,1.2589254117941661e-06,1.1220184543019628e-06,0.0,accepted transported outer-boundary current
corrected_transport,input,1.2589254117941661e-06,1.584893192461114e-06,1.412537544622754e-06,1.040779835515149,accepted transported outer-boundary current
corrected_transport,input,1.584893192461114e-06,1.995262314968883e-06,1.7782794100389246e-06,1.040779835515149,accepted transported outer-boundary current
corrected_transport,input,1.995262314968883e-06,2.5118864315095823e-06,2.2387211385683427e-06,0.5203899177575793,accepted transported outer-boundary current
corrected_transport,input,2.5118864315095823e-06,3.162277660168379e-06,2.818382931264455e-06,0.5203899177575793,accepted transported outer-boundary current
corrected_transport,input,3.162277660168379e-06,3.981071705534969e-06,3.548133892335753e-06,2.601949588787896,accepted transported outer-boundary current
corrected_transport,input,3.981071705534969e-06,5.011872336272725e-06,4.46683592150963e-06,2.081559671030298,accepted transported outer-boundary current
corrected_transport,input,5.011872336272725e-06,6.309573444801943e-06,5.623413251903496e-06,6.244679013090893,accepted transported outer-boundary current
corrected_transport,input,6.309573444801943e-06,7.943282347242822e-06,7.079457843841388e-06,11.96896810842432,accepted transported outer-boundary current
corrected_transport,input,7.943282347242822e-06,1e-05,8.91250938133746e-06,18.213647121515272,accepted transported outer-boundary current
corrected_transport,input,1e-05,1.2589254117941688e-05,1.1220184543019642e-05,16.652477368242394,accepted transported outer-boundary current
corrected_transport,input,1.2589254117941688e-05,1.584893192461114e-05,1.4125375446227555e-05,21.335986628060745,accepted transported outer-boundary current
corrected_transport,input,1.584893192461114e-05,1.9952623149688786e-05,1.7782794100389226e-05,35.386514407515385,accepted transported outer-boundary current
corrected_transport,input,1.9952623149688786e-05,2.5118864315095822e-05,2.23872113856834e-05,39.549633749575655,accepted transported outer-boundary current
corrected_transport,input,2.5118864315095822e-05,3.1622776601683795e-05,2.818382931264455e-05,55.68172120006098,accepted transported outer-boundary current
corrected_transport,input,3.1622776601683795e-05,3.9810717055349776e-05,3.548133892335757e-05,79.6196574169089,accepted transported outer-boundary current
corrected_transport,input,3.9810717055349776e-05,5.011872336272725e-05,4.4668359215096355e-05,84.30316667672784,accepted transported outer-boundary current
corrected_transport,input,5.011872336272725e-05,6.309573444801943e-05,5.623413251903497e-05,92.62940536084831,accepted transported outer-boundary current
corrected_transport,input,6.309573444801943e-05,7.943282347242822e-05,7.079457843841388e-05,93.14979527860667,accepted transported outer-boundary current
corrected_transport,input,7.943282347242822e-05,0.0001,8.912509381337459e-05,100.95564404497037,accepted transported outer-boundary current
corrected_transport,input,0.0001,0.00012589254117941688,0.00011220184543019642,91.58862552533311,accepted transported outer-boundary current
corrected_transport,input,0.00012589254117941688,0.00015848931924611142,0.00014125375446227554,81.70121708793992,accepted transported outer-boundary current
corrected_transport,input,0.00015848931924611142,0.00019952623149688828,0.00017782794100389246,58.80406070660595,accepted transported outer-boundary current
corrected_transport,input,0.00019952623149688828,0.0002511886431509582,0.00022387211385683424,67.13029939072771,accepted transported outer-boundary current
corrected_transport,input,0.0002511886431509582,0.00031622776601683794,0.0002818382931264455,70.77302881503077,accepted transported outer-boundary current
corrected_transport,input,0.00031622776601683794,0.00039810717055349773,0.0003548133892335757,77.01770782812106,accepted transported outer-boundary current
corrected_transport,input,0.00039810717055349773,0.0005011872336272725,0.0004466835921509635,79.09926749915198,accepted transported outer-boundary current
corrected_transport,input,0.0005011872336272725,0.0006309573444801943,0.0005623413251903496,83.78277675896955,accepted transported outer-boundary current
corrected_transport,input,0.0006309573444801943,0.0007943282347242822,0.0007079457843841388,84.8235565944854,accepted transported outer-boundary current
corrected_transport,input,0.0007943282347242822,0.001,0.0008912509381337459,86.38472634775815,accepted transported outer-boundary current
corrected_transport,input,0.001,0.0012589254117941688,0.0011220184543019641,89.5070658543028,accepted transported outer-boundary current
corrected_transport,input,0.0012589254117941688,0.001584893192461114,0.0014125375446227555,79.61965741690962,accepted transported outer-boundary current
corrected_transport,input,0.001584893192461114,0.001995262314968883,0.0017782794100389245,90.02745577206038,accepted transported outer-boundary current
corrected_transport,input,0.001995262314968883,0.002511886431509582,0.0022387211385683425,88.46628601878845,accepted transported outer-boundary current
corrected_transport,input,0.002511886431509582,0.0031622776601683794,0.0028183829312644552,100.43525412721279,accepted transported outer-boundary current
corrected_transport,input,0.0031622776601683794,0.003981071705534978,0.0035481338923357567,96.79252470290885,accepted transported outer-boundary current
corrected_transport,input,0.003981071705534978,0.005011872336272725,0.004466835921509635,101.47603396272804,accepted transported outer-boundary current
corrected_transport,input,0.005011872336272725,0.006309573444801942,0.005623413251903496,104.07798355151489,accepted transported outer-boundary current
corrected_transport,input,0.006309573444801942,0.00794328234724282,0.007079457843841387,101.99642388048552,accepted transported outer-boundary current
corrected_transport,input,0.00794328234724282,0.01,0.008912509381337459,97.83330453842483,accepted transported outer-boundary current
corrected_transport,input,0.01,0.012589254117941687,0.01122018454301964,96.7925247029089,accepted transported outer-boundary current
corrected_transport,input,0.012589254117941687,0.01584893192461114,0.014125375446227554,105.11876338703101,accepted transported outer-boundary current
corrected_transport,input,0.01584893192461114,0.01995262314968883,0.017782794100389247,96.27213478515127,accepted transported outer-boundary current
corrected_transport,input,0.01995262314968883,0.025118864315095822,0.022387211385683423,121.25085083751596,accepted transported outer-boundary current
corrected_transport,input,0.025118864315095822,0.03162277660168379,0.02818382931264455,101.47603396272795,accepted transported outer-boundary current
corrected_transport,input,0.03162277660168379,0.039810717055349776,0.035481338923357565,118.64890124872697,accepted transported outer-boundary current
corrected_transport,input,0.039810717055349776,0.05011872336272725,0.04466835921509635,105.11876338703101,accepted transported outer-boundary current
corrected_transport,input,0.05011872336272725,0.06309573444801943,0.05623413251903497,114.48578190666638,accepted transported outer-boundary current
corrected_transport,input,0.06309573444801943,0.07943282347242822,0.07079457843841389,100.9556440449703,accepted transported outer-boundary current
corrected_transport,input,0.07943282347242822,0.1,0.08912509381337459,121.77124075527352,accepted transported outer-boundary current
corrected_transport,input,0.1,0.12589254117941662,0.1122018454301963,109.8022726468492,accepted transported outer-boundary current
corrected_transport,input,0.12589254117941662,0.15848931924611173,0.14125375446227553,124.37319034405922,accepted transported outer-boundary current
corrected_transport,input,0.15848931924611173,0.19952623149688828,0.17782794100389265,123.33241050854627,accepted transported outer-boundary current
corrected_transport,input,0.19952623149688828,0.25118864315095824,0.22387211385683423,132.179039110425,accepted transported outer-boundary current
corrected_transport,input,0.25118864315095824,0.31622776601683794,0.2818382931264455,121.77124075527352,accepted transported outer-boundary current
corrected_transport,input,0.31622776601683794,0.3981071705534969,0.3548133892335753,121.77124075527352,accepted transported outer-boundary current
corrected_transport,input,0.3981071705534969,0.5011872336272735,0.4466835921509635,125.41397017957438,accepted transported outer-boundary current
corrected_transport,input,0.5011872336272735,0.6309573444801942,0.5623413251903502,134.78098869921303,accepted transported outer-boundary current
corrected_transport,input,0.6309573444801942,0.7943282347242822,0.7079457843841388,137.3829382880009,accepted transported outer-boundary current
corrected_transport,input,0.7943282347242822,1.0,0.8912509381337459,119.68968108424322,accepted transported outer-boundary current
corrected_transport,input,1.0,1.2589254117941662,1.122018454301963,133.74020886369786,accepted transported outer-boundary current
corrected_transport,input,1.2589254117941662,1.5848931924611174,1.4125375446227555,137.38293828799848,accepted transported outer-boundary current
corrected_transport,input,1.5848931924611174,1.9952623149688828,1.7782794100389265,141.02566771230397,accepted transported outer-boundary current
corrected_transport,input,1.9952623149688828,2.5118864315095824,2.2387211385683425,133.74020886369777,accepted transported outer-boundary current
corrected_transport,input,2.5118864315095824,3.1622776601683795,2.818382931264455,134.78098869921303,accepted transported outer-boundary current
corrected_transport,input,3.1622776601683795,3.9810717055349856,3.5481338923357604,133.7402088636955,accepted transported outer-boundary current
corrected_transport,input,3.9810717055349856,5.011872336272735,4.466835921509644,151.43346606745556,accepted transported outer-boundary current
corrected_transport,input,5.011872336272735,6.309573444801943,5.623413251903503,137.3829382880009,accepted transported outer-boundary current
corrected_transport,input,6.309573444801943,7.943282347242821,7.0794578438413875,141.02566771230408,accepted transported outer-boundary current
corrected_transport,input,7.943282347242821,10.0,8.91250938133746,150.3926862319404,accepted transported outer-boundary current
corrected_transport,input,10.0,12.589254117941714,11.220184543019652,149.87229631418018,accepted transported outer-boundary current
corrected_transport,input,12.589254117941714,15.848931924611174,14.125375446227583,161.84126442260714,accepted transported outer-boundary current
corrected_transport,input,15.848931924611174,19.95262314968883,17.782794100389264,172.24906277775872,accepted transported outer-boundary current
corrected_transport,input,19.95262314968883,25.11886431509582,22.387211385683422,163.9228240936376,accepted transported outer-boundary current
corrected_transport,input,25.11886431509582,31.622776601683793,28.183829312644548,162.8820442581223,accepted transported outer-boundary current
corrected_transport,input,31.622776601683793,39.810717055349855,35.481338923357605,171.7286728599981,accepted transported outer-boundary current
corrected_transport,input,39.810717055349855,50.11872336272735,44.66835921509644,197.2277788301225,accepted transported outer-boundary current
corrected_transport,input,50.11872336272735,63.09573444801943,56.23413251903502,207.11518726751652,accepted transported outer-boundary current
corrected_transport,input,63.09573444801943,79.43282347242821,70.79457843841388,188.38115022824368,accepted transported outer-boundary current
corrected_transport,input,79.43282347242821,100.0,89.12509381337459,210.23752677406202,accepted transported outer-boundary current
corrected_transport,input,100.0,125.89254117941714,112.20184543019653,245.10365126381546,accepted transported outer-boundary current
corrected_transport,input,125.89254117941714,158.48931924611173,141.25375446227582,255.5114496189714,accepted transported outer-boundary current
corrected_transport,input,158.48931924611173,199.5262314968883,177.82794100389265,258.6337891255167,accepted transported outer-boundary current
corrected_transport,input,199.5262314968883,251.18864315095823,223.87211385683426,303.90771197042625,accepted transported outer-boundary current
corrected_transport,input,251.18864315095823,316.22776601683796,281.83829312644554,333.5699372826083,accepted transported outer-boundary current
corrected_transport,input,316.22776601683796,398.1071705534986,354.81338923357606,362.1913827592688,accepted transported outer-boundary current
corrected_transport,input,398.1071705534986,501.18723362727354,446.6835921509644,402.26140642660874,accepted transported outer-boundary current
corrected_transport,input,501.18723362727354,630.9573444801943,562.3413251903503,467.8305360640641,accepted transported outer-boundary current
corrected_transport,input,630.9573444801943,794.3282347242822,707.9457843841387,448.57610910703295,accepted transported outer-boundary current
corrected_transport,input,794.3282347242822,1000.0,891.2509381337459,506.8597798958821,accepted transported outer-boundary current
corrected_transport,input,1000.0,1258.9254117941714,1122.0184543019652,543.2870741389028,accepted transported outer-boundary current
corrected_transport,input,1258.9254117941714,1584.8931924611175,1412.5375446227583,568.786180109034,accepted transported outer-boundary current
corrected_transport,input,1584.8931924611175,1995.262314968883,1778.2794100389265,622.3863416380648,accepted transported outer-boundary current
corrected_transport,input,1995.262314968883,2511.886431509582,2238.721138568342,613.539713036186,accepted transported outer-boundary current
corrected_transport,input,2511.886431509582,3162.2776601683795,2818.3829312644552,591.1629465726096,accepted transported outer-boundary current
corrected_transport,input,3162.2776601683795,3981.0717055349855,3548.1338923357607,541.7259043856304,accepted transported outer-boundary current
corrected_transport,input,3981.0717055349855,5011.872336272735,4466.835921509644,484.4830134323063,accepted transported outer-boundary current
corrected_transport,input,5011.872336272735,6309.573444801943,5623.413251903502,462.1062469687303,accepted transported outer-boundary current
corrected_transport,input,6309.573444801943,7943.282347242822,7079.457843841388,418.3934938770937,accepted transported outer-boundary current
corrected_transport,input,7943.282347242822,10000.0,8912.509381337459,388.2108786471541,accepted transported outer-boundary current
corrected_transport,input,10000.0,12589.254117941713,11220.184543019654,349.1816348153295,accepted transported outer-boundary current
corrected_transport,input,12589.254117941713,15848.931924611174,14125.375446227583,363.2321625947903,accepted transported outer-boundary current
corrected_transport,input,15848.931924611174,19952.62314968883,17782.794100389263,362.19138275927514,accepted transported outer-boundary current
corrected_transport,input,19952.62314968883,25118.864315095823,22387.211385683426,381.9661996340631,accepted transported outer-boundary current
corrected_transport,input,25118.864315095823,31622.776601683792,28183.82931264455,372.599181114427,accepted transported outer-boundary current
corrected_transport,input,31622.776601683792,39810.71705534986,35481.3389233576,396.53711733126806,accepted transported outer-boundary current
corrected_transport,input,39810.71705534986,50118.72336272735,44668.35921509644,426.1993426434574,accepted transported outer-boundary current
corrected_transport,input,50118.72336272735,63095.73444801943,56234.132519035025,420.9954434658815,accepted transported outer-boundary current
corrected_transport,input,63095.73444801943,79432.82347242821,70794.57843841387,441.2906502584275,accepted transported outer-boundary current
corrected_transport,input,79432.82347242821,100000.0,89125.09381337458,468.3509259818209,accepted transported outer-boundary current
corrected_transport,input,100000.0,125892.54117941714,112201.84543019652,407.98569552193493,accepted transported outer-boundary current
corrected_transport,input,125892.54117941714,158489.31924611173,141253.75446227583,396.01672741351774,accepted transported outer-boundary current
corrected_transport,input,158489.31924611173,199526.2314968883,177827.94100389263,380.92541979854775,accepted transported outer-boundary current
corrected_transport,input,199526.2314968883,251188.6431509582,223872.11385683424,330.44759777606305,accepted transported outer-boundary current
corrected_transport,input,251188.6431509582,316227.7660168379,281838.2931264455,267.4804177273957,accepted transported outer-boundary current
corrected_transport,input,316227.7660168379,398107.17055349855,354813.389233576,233.13468315539123,accepted transported outer-boundary current
corrected_transport,input,398107.17055349855,501187.2336272735,446683.59215096437,162.3616543403647,accepted transported outer-boundary current
corrected_transport,input,501187.2336272735,630957.3444801943,562341.3251903502,130.6178693571524,accepted transported outer-boundary current
corrected_transport,input,630957.3444801943,794328.2347242822,707945.7843841388,111.36344240012195,accepted transported outer-boundary current
corrected_transport,input,794328.2347242822,1000000.0,891250.9381337459,96.27213478515215,accepted transported outer-boundary current
corrected_transport,input,1000000.0,1258925.4117941714,1122018.4543019652,86.90511626551414,accepted transported outer-boundary current
corrected_transport,input,1258925.4117941714,1584893.1924611174,1412537.5446227584,74.41575823933383,accepted transported outer-boundary current
corrected_transport,input,1584893.1924611174,1995262.3149688828,1778279.4100389264,79.09926749915203,accepted transported outer-boundary current
corrected_transport,input,1995262.3149688828,2511886.4315095823,2238721.138568342,78.57887758139441,accepted transported outer-boundary current
corrected_transport,input,2511886.4315095823,3162277.6601683795,2818382.931264455,73.89536832157624,accepted transported outer-boundary current
corrected_transport,input,3162277.6601683795,3981071.7055349858,3548133.8923357604,52.038991775757005,accepted transported outer-boundary current
corrected_transport,input,3981071.7055349858,5011872.336272735,4466835.921509644,60.88562037763676,accepted transported outer-boundary current
corrected_transport,input,5011872.336272735,6309573.444801942,5623413.251903502,58.28367078884887,accepted transported outer-boundary current
corrected_transport,input,6309573.444801942,7943282.347242822,7079457.843841388,51.5186018580003,accepted transported outer-boundary current
corrected_transport,input,7943282.347242822,10000000.0,8912509.381337458,57.24289095333371,accepted transported outer-boundary current
corrected_transport,input,10000000.0,12589254.117941713,11220184.543019652,45.794312762666166,accepted transported outer-boundary current
corrected_transport,input,12589254.117941713,15848931.924611108,14125375.446227554,41.63119342060707,accepted transported outer-boundary current
corrected_transport,input,15848931.924611108,19952623.14968883,17782794.100389227,41.631193420605605,accepted transported outer-boundary current
corrected_transport,input,19952623.14968883,25118864.315095924,22387211.38568347,33.30495473648448,accepted transported outer-boundary current
corrected_transport,input,25118864.315095924,31622776.60168379,28183829.31264461,24.97871605236424,accepted transported outer-boundary current
corrected_transport,input,31622776.60168379,39810717.05534986,35481338.923357606,22.376766463575496,accepted transported outer-boundary current
corrected_transport,input,39810717.05534986,50118723.36272714,44668359.21509635,19.774816874788375,accepted transported outer-boundary current
corrected_transport,input,50118723.36272714,63095734.44801943,56234132.51903491,26.53988580563605,accepted transported outer-boundary current
corrected_transport,input,63095734.44801943,79432823.47242855,70794578.43841402,18.21364712151495,accepted transported outer-boundary current
corrected_transport,input,79432823.47242855,100000000.0,89125093.81337477,20.815596710303552,accepted transported outer-boundary current
corrected_transport,input,100000000.0,125892541.17941713,112201845.43019652,14.570917697211963,accepted transported outer-boundary current
corrected_transport,input,125892541.17941713,158489319.2461111,141253754.46227553,21.33598662806112,accepted transported outer-boundary current
corrected_transport,input,158489319.2461111,199526231.49688828,177827941.00389227,13.53013786169682,accepted transported outer-boundary current
corrected_transport,input,199526231.49688828,251188643.15095925,223872113.8568347,5.724289095333267,accepted transported outer-boundary current
corrected_transport,input,251188643.15095925,316227766.01683795,281838293.12644607,9.887408437394178,accepted transported outer-boundary current
corrected_transport,input,316227766.01683795,398107170.55349857,354813389.23357606,6.76506893084841,accepted transported outer-boundary current
corrected_transport,input,398107170.55349857,501187233.6272715,446683592.1509635,5.724289095333472,accepted transported outer-boundary current
corrected_transport,input,501187233.6272715,630957344.4801943,562341325.1903491,8.326238684121115,accepted transported outer-boundary current
corrected_transport,input,630957344.4801943,794328234.7242854,707945784.3841403,6.24467901309084,accepted transported outer-boundary current
corrected_transport,input,794328234.7242854,1000000000.0,891250938.1337477,3.12233950654553,accepted transported outer-boundary current
corrected_transport,output,1e-09,1.2589254117941663e-09,1.122018454301963e-09,0.0,accepted transported inner-boundary current
corrected_transport,output,1.2589254117941663e-09,1.584893192461111e-09,1.4125375446227526e-09,0.0,accepted transported inner-boundary current
corrected_transport,output,1.584893192461111e-09,1.9952623149688828e-09,1.7782794100389228e-09,0.0,accepted transported inner-boundary current
corrected_transport,output,1.9952623149688828e-09,2.511886431509582e-09,2.2387211385683423e-09,0.0,accepted transported inner-boundary current
corrected_transport,output,2.511886431509582e-09,3.1622776601683795e-09,2.818382931264455e-09,0.0,accepted transported inner-boundary current
corrected_transport,output,3.1622776601683795e-09,3.981071705534969e-09,3.5481338923357533e-09,0.0,accepted transported inner-boundary current
corrected_transport,output,3.981071705534969e-09,5.011872336272715e-09,4.466835921509626e-09,0.0,accepted transported inner-boundary current
corrected_transport,output,5.011872336272715e-09,6.309573444801943e-09,5.623413251903491e-09,0.0,accepted transported inner-boundary current
corrected_transport,output,6.309573444801943e-09,7.943282347242822e-09,7.079457843841388e-09,0.0,accepted transported inner-boundary current
corrected_transport,output,7.943282347242822e-09,1e-08,8.91250938133746e-09,0.0,accepted transported inner-boundary current
corrected_transport,output,1e-08,1.2589254117941661e-08,1.122018454301963e-08,0.0,accepted transported inner-boundary current
corrected_transport,output,1.2589254117941661e-08,1.5848931924611143e-08,1.412537544622754e-08,0.0,accepted transported inner-boundary current
corrected_transport,output,1.5848931924611143e-08,1.9952623149688786e-08,1.7782794100389228e-08,0.0,accepted transported inner-boundary current
corrected_transport,output,1.9952623149688786e-08,2.511886431509582e-08,2.23872113856834e-08,0.0,accepted transported inner-boundary current
corrected_transport,output,2.511886431509582e-08,3.162277660168379e-08,2.818382931264455e-08,0.0,accepted transported inner-boundary current
corrected_transport,output,3.162277660168379e-08,3.981071705534969e-08,3.548133892335753e-08,0.0,accepted transported inner-boundary current
corrected_transport,output,3.981071705534969e-08,5.011872336272725e-08,4.46683592150963e-08,0.0,accepted transported inner-boundary current
corrected_transport,output,5.011872336272725e-08,6.30957344480193e-08,5.623413251903491e-08,0.0,accepted transported inner-boundary current
corrected_transport,output,6.30957344480193e-08,7.943282347242822e-08,7.079457843841381e-08,0.0,accepted transported inner-boundary current
corrected_transport,output,7.943282347242822e-08,1e-07,8.912509381337459e-08,0.0,accepted transported inner-boundary current
corrected_transport,output,1e-07,1.2589254117941662e-07,1.122018454301963e-07,0.0,accepted transported inner-boundary current
corrected_transport,output,1.2589254117941662e-07,1.584893192461114e-07,1.412537544622754e-07,0.0,accepted transported inner-boundary current
corrected_transport,output,1.584893192461114e-07,1.995262314968883e-07,1.7782794100389245e-07,0.0,accepted transported inner-boundary current
corrected_transport,output,1.995262314968883e-07,2.5118864315095823e-07,2.2387211385683425e-07,0.0,accepted transported inner-boundary current
corrected_transport,output,2.5118864315095823e-07,3.162277660168379e-07,2.818382931264455e-07,0.0,accepted transported inner-boundary current
corrected_transport,output,3.162277660168379e-07,3.981071705534969e-07,3.548133892335753e-07,0.0,accepted transported inner-boundary current
corrected_transport,output,3.981071705534969e-07,5.011872336272725e-07,4.46683592150963e-07,0.0,accepted transported inner-boundary current
corrected_transport,output,5.011872336272725e-07,6.309573444801942e-07,5.623413251903497e-07,0.0,accepted transported inner-boundary current
corrected_transport,output,6.309573444801942e-07,7.943282347242822e-07,7.079457843841387e-07,0.0,accepted transported inner-boundary current
corrected_transport,output,7.943282347242822e-07,1e-06,8.912509381337459e-07,0.0,accepted transported inner-boundary current
corrected_transport,output,1e-06,1.2589254117941661e-06,1.1220184543019628e-06,0.0,accepted transported inner-boundary current
corrected_transport,output,1.2589254117941661e-06,1.584893192461114e-06,1.412537544622754e-06,0.5203899177575745,accepted transported inner-boundary current
corrected_transport,output,1.584893192461114e-06,1.995262314968883e-06,1.7782794100389246e-06,0.5203899177575745,accepted transported inner-boundary current
corrected_transport,output,1.995262314968883e-06,2.5118864315095823e-06,2.2387211385683427e-06,0.0,accepted transported inner-boundary current
corrected_transport,output,2.5118864315095823e-06,3.162277660168379e-06,2.818382931264455e-06,0.0,accepted transported inner-boundary current
corrected_transport,output,3.162277660168379e-06,3.981071705534969e-06,3.548133892335753e-06,1.5611697532727375,accepted transported inner-boundary current
corrected_transport,output,3.981071705534969e-06,5.011872336272725e-06,4.46683592150963e-06,0.5203899177575745,accepted transported inner-boundary current
corrected_transport,output,5.011872336272725e-06,6.309573444801943e-06,5.623413251903496e-06,0.5203899177575745,accepted transported inner-boundary current
corrected_transport,output,6.309573444801943e-06,7.943282347242822e-06,7.079457843841388e-06,2.081559671030317,accepted transported inner-boundary current
corrected_transport,output,7.943282347242822e-06,1e-05,8.91250938133746e-06,2.601949588787896,accepted transported inner-boundary current
corrected_transport,output,1e-05,1.2589254117941688e-05,1.1220184543019642e-05,4.1631193420605985,accepted transported inner-boundary current
corrected_transport,output,1.2589254117941688e-05,1.584893192461114e-05,1.4125375446227555e-05,8.846628601878846,accepted transported inner-boundary current
corrected_transport,output,1.584893192461114e-05,1.9952623149688786e-05,1.7782794100389226e-05,10.928188272909164,accepted transported inner-boundary current
corrected_transport,output,1.9952623149688786e-05,2.5118864315095822e-05,2.23872113856834e-05,9.887408437393914,accepted transported inner-boundary current
corrected_transport,output,2.5118864315095822e-05,3.1622776601683795e-05,2.818382931264455e-05,17.693257203757693,accepted transported inner-boundary current
corrected_transport,output,3.1622776601683795e-05,3.9810717055349776e-05,3.548133892335757e-05,20.815596710302977,accepted transported inner-boundary current
corrected_transport,output,3.9810717055349776e-05,5.011872336272725e-05,4.4668359215096355e-05,25.49910597012138,accepted transported inner-boundary current
corrected_transport,output,5.011872336272725e-05,6.309573444801943e-05,5.623413251903497e-05,45.794312762666586,accepted transported inner-boundary current
corrected_transport,output,6.309573444801943e-05,7.943282347242822e-05,7.079457843841388e-05,55.68172120006098,accepted transported inner-boundary current
corrected_transport,output,7.943282347242822e-05,0.0001,8.912509381337459e-05,50.477822022485185,accepted transported inner-boundary current
corrected_transport,output,0.0001,0.00012589254117941688,0.00011220184543019642,54.64094136454532,accepted transported inner-boundary current
corrected_transport,output,0.00012589254117941688,0.00015848931924611142,0.00014125375446227554,55.68172120006098,accepted transported inner-boundary current
corrected_transport,output,0.00015848931924611142,0.00019952623149688828,0.00017782794100389246,62.44679013090897,accepted transported inner-boundary current
corrected_transport,output,0.00019952623149688828,0.0002511886431509582,0.00022387211385683424,69.21185906175803,accepted transported inner-boundary current
corrected_transport,output,0.0002511886431509582,0.00031622776601683794,0.0002818382931264455,72.85458848606109,accepted transported inner-boundary current
corrected_transport,output,0.00031622776601683794,0.00039810717055349773,0.0003548133892335757,77.53809774587864,accepted transported inner-boundary current
corrected_transport,output,0.00039810717055349773,0.0005011872336272725,0.0004466835921509635,83.7827767589702,accepted transported inner-boundary current
corrected_transport,output,0.0005011872336272725,0.0006309573444801943,0.0005623413251903496,90.54784568981802,accepted transported inner-boundary current
corrected_transport,output,0.0006309573444801943,0.0007943282347242822,0.0007079457843841388,101.99642388048552,accepted transported inner-boundary current
corrected_transport,output,0.0007943282347242822,0.001,0.0008912509381337459,105.11876338703101,accepted transported inner-boundary current
corrected_transport,output,0.001,0.0012589254117941688,0.0011220184543019641,107.20032305806033,accepted transported inner-boundary current
corrected_transport,output,0.0012589254117941688,0.001584893192461114,0.0014125375446227555,127.49552985060691,accepted transported inner-boundary current
corrected_transport,output,0.001584893192461114,0.001995262314968883,0.0017782794100389245,117.08773149545424,accepted transported inner-boundary current
corrected_transport,output,0.001995262314968883,0.002511886431509582,0.0022387211385683425,113.96539198890984,accepted transported inner-boundary current
corrected_transport,output,0.002511886431509582,0.0031622776601683794,0.0028183829312644552,145.70917697212218,accepted transported inner-boundary current
corrected_transport,output,0.0031622776601683794,0.003981071705534978,0.0035481338923357567,139.98488787678752,accepted transported inner-boundary current
corrected_transport,output,0.003981071705534978,0.005011872336272725,0.004466835921509635,142.58683746557682,accepted transported inner-boundary current
corrected_transport,output,0.005011872336272725,0.006309573444801942,0.005623413251903496,147.27034672539355,accepted transported inner-boundary current
corrected_transport,output,0.006309573444801942,0.00794328234724282,0.007079457843841387,151.43346606745556,accepted transported inner-boundary current
corrected_transport,output,0.00794328234724282,0.01,0.008912509381337459,167.0451636001828,accepted transported inner-boundary current
corrected_transport,output,0.01,0.012589254117941687,0.01122018454301964,169.1267232712118,accepted transported inner-boundary current
corrected_transport,output,0.012589254117941687,0.01584893192461114,0.014125375446227554,160.80048458709197,accepted transported inner-boundary current
corrected_transport,output,0.01584893192461114,0.01995262314968883,0.017782794100389247,152.99463582072687,accepted transported inner-boundary current
corrected_transport,output,0.01995262314968883,0.025118864315095822,0.022387211385683423,167.04516360018292,accepted transported inner-boundary current
corrected_transport,output,0.025118864315095822,0.03162277660168379,0.02818382931264455,171.20828294224356,accepted transported inner-boundary current
corrected_transport,output,0.03162277660168379,0.039810717055349776,0.035481338923357565,174.33062244878744,accepted transported inner-boundary current
corrected_transport,output,0.039810717055349776,0.05011872336272725,0.04466835921509635,194.62582924133463,accepted transported inner-boundary current
corrected_transport,output,0.05011872336272725,0.06309573444801943,0.05623413251903497,186.29959055721164,accepted transported inner-boundary current
corrected_transport,output,0.06309573444801943,0.07943282347242822,0.07079457843841389,183.69764096842533,accepted transported inner-boundary current
corrected_transport,output,0.07943282347242822,0.1,0.08912509381337459,180.57530146187997,accepted transported inner-boundary current
corrected_transport,output,0.1,0.12589254117941662,0.1122018454301963,182.13647121515274,accepted transported inner-boundary current
corrected_transport,output,0.12589254117941662,0.15848931924611173,0.14125375446227553,197.74816874787663,accepted transported inner-boundary current
corrected_transport,output,0.15848931924611173,0.19952623149688828,0.17782794100389265,182.6568611329103,accepted transported inner-boundary current
corrected_transport,output,0.19952623149688828,0.25118864315095824,0.22387211385683423,191.503489734789,accepted transported inner-boundary current
corrected_transport,output,0.25118864315095824,0.31622776601683794,0.2818382931264455,207.63557718527412,accepted transported inner-boundary current
corrected_transport,output,0.31622776601683794,0.3981071705534969,0.3548133892335753,219.08415537594084,accepted transported inner-boundary current
corrected_transport,output,0.3981071705534969,0.5011872336272735,0.4466835921509635,202.43167800769473,accepted transported inner-boundary current
corrected_transport,output,0.5011872336272735,0.6309573444801942,0.5623413251903502,207.11518726751652,accepted transported inner-boundary current
corrected_transport,output,0.6309573444801942,0.7943282347242822,0.7079457843841388,225.32883438903178,accepted transported inner-boundary current
corrected_transport,output,0.7943282347242822,1.0,0.8912509381337459,218.04337554042567,accepted transported inner-boundary current
corrected_transport,output,1.0,1.2589254117941662,1.122018454301963,224.28805455351662,accepted transported inner-boundary current
corrected_transport,output,1.2589254117941662,1.5848931924611174,1.4125375446227555,200.35011833666448,accepted transported inner-boundary current
corrected_transport,output,1.5848931924611174,1.9952623149688828,1.7782794100389265,224.28805455351662,accepted transported inner-boundary current
corrected_transport,output,1.9952623149688828,2.5118864315095824,2.2387211385683425,237.8181924152135,accepted transported inner-boundary current
corrected_transport,output,2.5118864315095824,3.1622776601683795,2.818382931264455,221.16571504697117,accepted transported inner-boundary current
corrected_transport,output,3.1622776601683795,3.9810717055349856,3.5481338923357604,242.50170167502762,accepted transported inner-boundary current
corrected_transport,output,3.9810717055349856,5.011872336272735,4.466835921509644,229.49195373109245,accepted transported inner-boundary current
corrected_transport,output,5.011872336272735,6.309573444801943,5.623413251903503,227.9307839778197,accepted transported inner-boundary current
corrected_transport,output,6.309573444801943,7.943282347242821,7.0794578438413875,239.37936216848664,accepted transported inner-boundary current
corrected_transport,output,7.943282347242821,10.0,8.91250938133746,236.77741257969856,accepted transported inner-boundary current
corrected_transport,output,10.0,12.589254117941714,11.220184543019652,225.8492243067854,accepted transported inner-boundary current
corrected_transport,output,12.589254117941714,15.848931924611174,14.125375446227583,251.34833027691076,accepted transported inner-boundary current
corrected_transport,output,15.848931924611174,19.95262314968883,17.782794100389264,261.2357387143048,accepted transported inner-boundary current
corrected_transport,output,19.95262314968883,25.11886431509582,22.387211385683422,241.98131175727454,accepted transported inner-boundary current
corrected_transport,output,25.11886431509582,31.622776601683793,28.183829312644548,233.1346831553955,accepted transported inner-boundary current
corrected_transport,output,31.622776601683793,39.810717055349855,35.481338923357605,246.6648210170882,accepted transported inner-boundary current
corrected_transport,output,39.810717055349855,50.11872336272735,44.66835921509644,268.52119756291086,accepted transported inner-boundary current
corrected_transport,output,50.11872336272735,63.09573444801943,56.23413251903502,296.10186320406257,accepted transported inner-boundary current
corrected_transport,output,63.09573444801943,79.43282347242821,70.79457843841388,277.8882160825473,accepted transported inner-boundary current
corrected_transport,output,79.43282347242821,100.0,89.12509381337459,324.2029187629719,accepted transported inner-boundary current
corrected_transport,output,100.0,125.89254117941714,112.20184543019653,333.04954736484484,accepted transported inner-boundary current
corrected_transport,output,125.89254117941714,158.48931924611173,141.25375446227582,345.5389053910326,accepted transported inner-boundary current
corrected_transport,output,158.48931924611173,199.5262314968883,177.82794100389265,350.7428045686081,accepted transported inner-boundary current
corrected_transport,output,199.5262314968883,251.18864315095823,223.87211385683426,356.46709366394174,accepted transported inner-boundary current
corrected_transport,output,251.18864315095823,316.22776601683796,281.83829312644554,352.8243642396387,accepted transported inner-boundary current
corrected_transport,output,316.22776601683796,398.1071705534986,354.81338923357606,377.2826903742383,accepted transported inner-boundary current
corrected_transport,output,398.1071705534986,501.18723362727354,446.6835921509644,443.3722099294575,accepted transported inner-boundary current
corrected_transport,output,501.18723362727354,630.9573444801943,562.3413251903503,449.0964990247912,accepted transported inner-boundary current
corrected_transport,output,630.9573444801943,794.3282347242822,707.9457843841387,456.38195787339663,accepted transported inner-boundary current
corrected_transport,output,794.3282347242822,1000.0,891.2509381337459,473.5548251593971,accepted transported inner-boundary current
corrected_transport,output,1000.0,1258.9254117941714,1122.0184543019652,484.4830134322974,accepted transported inner-boundary current
corrected_transport,output,1258.9254117941714,1584.8931924611175,1412.5375446227583,481.88106384351835,accepted transported inner-boundary current
corrected_transport,output,1584.8931924611175,1995.262314968883,1778.2794100389265,539.1239547968521,accepted transported inner-boundary current
corrected_transport,output,1995.262314968883,2511.886431509582,2238.721138568342,517.7879681687913,accepted transported inner-boundary current
corrected_transport,output,2511.886431509582,3162.2776601683795,2818.3829312644552,496.9723714584878,accepted transported inner-boundary current
corrected_transport,output,3162.2776601683795,3981.0717055349855,3548.1338923357607,396.53711733126835,accepted transported inner-boundary current
corrected_transport,output,3981.0717055349855,5011.872336272735,4466.835921509644,404.3429660976391,accepted transported inner-boundary current
corrected_transport,output,5011.872336272735,6309.573444801943,5623.413251903502,378.3234702097601,accepted transported inner-boundary current
corrected_transport,output,6309.573444801943,7943.282347242822,7079.457843841388,343.97773563775985,accepted transported inner-boundary current
corrected_transport,output,7943.282347242822,10000.0,8912.509381337459,305.9892716414565,accepted transported inner-boundary current
corrected_transport,output,10000.0,12589.254117941713,11220.184543019654,297.1426430395725,accepted transported inner-boundary current
corrected_transport,output,12589.254117941713,15848.931924611174,14125.375446227583,305.9892716414565,accepted transported inner-boundary current
corrected_transport,output,15848.931924611174,19952.62314968883,17782.794100389263,290.89796402648676,accepted transported inner-boundary current
corrected_transport,output,19952.62314968883,25118.864315095823,22387.211385683426,315.8766800788506,accepted transported inner-boundary current
corrected_transport,output,25118.864315095823,31622.776601683792,28183.82931264455,331.48837761157824,accepted transported inner-boundary current
corrected_transport,output,31622.776601683792,39810.71705534986,35481.3389233576,346.0592953087839,accepted transported inner-boundary current
corrected_transport,output,39810.71705534986,50118.72336272735,44668.35921509644,382.4865895518207,accepted transported inner-boundary current
corrected_transport,output,50118.72336272735,63095.73444801943,56234.132519035025,378.3234702097601,accepted transported inner-boundary current
corrected_transport,output,63095.73444801943,79432.82347242821,70794.57843841387,391.3332181536999,accepted transported inner-boundary current
corrected_transport,output,79432.82347242821,100000.0,89125.09381337458,418.3934938770934,accepted transported inner-boundary current
corrected_transport,output,100000.0,125892.54117941714,112201.84543019652,372.07879119666256,accepted transported inner-boundary current
corrected_transport,output,125892.54117941714,158489.31924611173,141253.75446227583,353.3447541573963,accepted transported inner-boundary current
corrected_transport,output,158489.31924611173,199526.2314968883,177827.94100389263,337.7330566246686,accepted transported inner-boundary current
corrected_transport,output,199526.2314968883,251188.6431509582,223872.11385683424,302.86693213491134,accepted transported inner-boundary current
corrected_transport,output,251188.6431509582,316227.7660168379,281838.2931264455,234.69585290866823,accepted transported inner-boundary current
corrected_transport,output,316227.7660168379,398107.17055349855,354813.389233576,205.03362759648243,accepted transported inner-boundary current
corrected_transport,output,398107.17055349855,501187.2336272735,446683.59215096437,147.27034672539492,accepted transported inner-boundary current
corrected_transport,output,501187.2336272735,630957.3444801943,562341.3251903502,119.68968108424322,accepted transported inner-boundary current
corrected_transport,output,630957.3444801943,794328.2347242822,707945.7843841388,100.43525412721279,accepted transported inner-boundary current
corrected_transport,output,794328.2347242822,1000000.0,891250.9381337459,90.0274557720612,accepted transported inner-boundary current
corrected_transport,output,1000000.0,1258925.4117941714,1122018.4543019652,75.97692799260517,accepted transported inner-boundary current
corrected_transport,output,1258925.4117941714,1584893.1924611174,1412537.5446227584,67.13029939072771,accepted transported inner-boundary current
corrected_transport,output,1584893.1924611174,1995262.3149688828,1778279.4100389264,74.41575823933383,accepted transported inner-boundary current
corrected_transport,output,1995262.3149688828,2511886.4315095823,2238721.138568342,65.04873971969735,accepted transported inner-boundary current
corrected_transport,output,2511886.4315095823,3162277.6601683795,2818382.931264455,64.52834980193983,accepted transported inner-boundary current
corrected_transport,output,3162277.6601683795,3981071.7055349858,3548133.8923357604,45.2739228449086,accepted transported inner-boundary current
corrected_transport,output,3981071.7055349858,5011872.336272735,4466835.921509644,54.64094136454582,accepted transported inner-boundary current
corrected_transport,output,5011872.336272735,6309573.444801942,5623413.251903502,51.51860185800034,accepted transported inner-boundary current
corrected_transport,output,6309573.444801942,7943282.347242822,7079457.843841388,45.27392284490936,accepted transported inner-boundary current
corrected_transport,output,7943282.347242822,10000000.0,8912509.381337458,52.559381693515505,accepted transported inner-boundary current
corrected_transport,output,10000000.0,12589254.117941713,11220184.543019652,41.11080350284803,accepted transported inner-boundary current
corrected_transport,output,12589254.117941713,15848931.924611108,14125375.446227554,35.9069043252736,accepted transported inner-boundary current
corrected_transport,output,15848931.924611108,19952623.14968883,17782794.100389227,37.468074078545044,accepted transported inner-boundary current
corrected_transport,output,19952623.14968883,25118864.315095924,22387211.38568347,32.264174900969344,accepted transported inner-boundary current
corrected_transport,output,25118864.315095924,31622776.60168379,28183829.31264461,21.33598662806112,accepted transported inner-boundary current
corrected_transport,output,31622776.60168379,39810717.05534986,35481338.923357606,19.774816874787646,accepted transported inner-boundary current
corrected_transport,output,39810717.05534986,50118723.36272714,44668359.21509635,18.213647121515606,accepted transported inner-boundary current
corrected_transport,output,50118723.36272714,63095734.44801943,56234132.51903491,22.89715638133307,accepted transported inner-boundary current
corrected_transport,output,63095734.44801943,79432823.47242855,70794578.43841402,15.09130761496953,accepted transported inner-boundary current
corrected_transport,output,79432823.47242855,100000000.0,89125093.81337477,16.65247736824284,accepted transported inner-boundary current
corrected_transport,output,100000000.0,125892541.17941713,112201845.43019652,15.09130761496953,accepted transported inner-boundary current
corrected_transport,output,125892541.17941713,158489319.2461111,141253754.46227553,20.815596710303534,accepted transported inner-boundary current
corrected_transport,output,158489319.2461111,199526231.49688828,177827941.00389227,13.009747943939251,accepted transported inner-boundary current
corrected_transport,output,199526231.49688828,251188643.15095925,223872113.8568347,6.765068930848406,accepted transported inner-boundary current
corrected_transport,output,251188643.15095925,316227766.01683795,281838293.12644607,8.326238684121414,accepted transported inner-boundary current
corrected_transport,output,316227766.01683795,398107170.55349857,354813389.23357606,6.76506893084841,accepted transported inner-boundary current
corrected_transport,output,398107170.55349857,501187233.6272715,446683592.1509635,5.203899177575884,accepted transported inner-boundary current
corrected_transport,output,501187233.6272715,630957344.4801943,562341325.1903491,7.805848766363544,accepted transported inner-boundary current
corrected_transport,output,630957344.4801943,794328234.7242854,707945784.3841403,6.24467901309084,accepted transported inner-boundary current
corrected_transport,output,794328234.7242854,1000000000.0,891250938.1337477,3.12233950654553,accepted transported inner-boundary current
factor1000_proxy,input,1e-12,1.2589254117941663e-12,1.122018454301963e-12,0.0,energy coordinate divided by 1000; current unchanged
factor1000_proxy,input,1.2589254117941663e-12,1.584893192461111e-12,1.4125375446227526e-12,0.0,energy coordinate divided by 1000; current unchanged
factor1000_proxy,input,1.584893192461111e-12,1.9952623149688827e-12,1.7782794100389228e-12,0.0,energy coordinate divided by 1000; current unchanged
factor1000_proxy,input,1.9952623149688827e-12,2.511886431509582e-12,2.2387211385683424e-12,0.0,energy coordinate divided by 1000; current unchanged
factor1000_proxy,input,2.511886431509582e-12,3.1622776601683794e-12,2.8183829312644553e-12,0.0,energy coordinate divided by 1000; current unchanged
factor1000_proxy,input,3.1622776601683794e-12,3.981071705534969e-12,3.548133892335753e-12,0.0,energy coordinate divided by 1000; current unchanged
factor1000_proxy,input,3.981071705534969e-12,5.011872336272715e-12,4.466835921509626e-12,0.0,energy coordinate divided by 1000; current unchanged
factor1000_proxy,input,5.011872336272715e-12,6.309573444801943e-12,5.623413251903491e-12,0.0,energy coordinate divided by 1000; current unchanged
factor1000_proxy,input,6.309573444801943e-12,7.943282347242821e-12,7.079457843841388e-12,0.0,energy coordinate divided by 1000; current unchanged
factor1000_proxy,input,7.943282347242821e-12,1.0000000000000001e-11,8.91250938133746e-12,0.0,energy coordinate divided by 1000; current unchanged
factor1000_proxy,input,1.0000000000000001e-11,1.2589254117941662e-11,1.122018454301963e-11,0.0,energy coordinate divided by 1000; current unchanged
factor1000_proxy,input,1.2589254117941662e-11,1.5848931924611143e-11,1.4125375446227541e-11,0.0,energy coordinate divided by 1000; current unchanged
factor1000_proxy,input,1.5848931924611143e-11,1.9952623149688786e-11,1.7782794100389227e-11,0.0,energy coordinate divided by 1000; current unchanged
factor1000_proxy,input,1.9952623149688786e-11,2.511886431509582e-11,2.2387211385683403e-11,0.0,energy coordinate divided by 1000; current unchanged
factor1000_proxy,input,2.511886431509582e-11,3.1622776601683794e-11,2.818382931264455e-11,0.0,energy coordinate divided by 1000; current unchanged
factor1000_proxy,input,3.1622776601683794e-11,3.981071705534969e-11,3.548133892335753e-11,0.0,energy coordinate divided by 1000; current unchanged
factor1000_proxy,input,3.981071705534969e-11,5.011872336272725e-11,4.46683592150963e-11,0.0,energy coordinate divided by 1000; current unchanged
factor1000_proxy,input,5.011872336272725e-11,6.30957344480193e-11,5.623413251903491e-11,0.0,energy coordinate divided by 1000; current unchanged
factor1000_proxy,input,6.30957344480193e-11,7.943282347242822e-11,7.07945784384138e-11,0.0,energy coordinate divided by 1000; current unchanged
factor1000_proxy,input,7.943282347242822e-11,9.999999999999999e-11,8.912509381337459e-11,0.0,energy coordinate divided by 1000; current unchanged
factor1000_proxy,input,9.999999999999999e-11,1.2589254117941662e-10,1.122018454301963e-10,0.0,energy coordinate divided by 1000; current unchanged
factor1000_proxy,input,1.2589254117941662e-10,1.584893192461114e-10,1.4125375446227538e-10,0.0,energy coordinate divided by 1000; current unchanged
factor1000_proxy,input,1.584893192461114e-10,1.9952623149688828e-10,1.7782794100389244e-10,0.0,energy coordinate divided by 1000; current unchanged
factor1000_proxy,input,1.9952623149688828e-10,2.5118864315095825e-10,2.2387211385683426e-10,0.0,energy coordinate divided by 1000; current unchanged
factor1000_proxy,input,2.5118864315095825e-10,3.162277660168379e-10,2.818382931264455e-10,0.0,energy coordinate divided by 1000; current unchanged
factor1000_proxy,input,3.162277660168379e-10,3.9810717055349694e-10,3.5481338923357533e-10,0.0,energy coordinate divided by 1000; current unchanged
factor1000_proxy,input,3.9810717055349694e-10,5.011872336272725e-10,4.46683592150963e-10,0.0,energy coordinate divided by 1000; current unchanged
factor1000_proxy,input,5.011872336272725e-10,6.309573444801942e-10,5.623413251903497e-10,0.0,energy coordinate divided by 1000; current unchanged
factor1000_proxy,input,6.309573444801942e-10,7.943282347242822e-10,7.079457843841388e-10,0.0,energy coordinate divided by 1000; current unchanged
factor1000_proxy,input,7.943282347242822e-10,9.999999999999999e-10,8.91250938133746e-10,0.0,energy coordinate divided by 1000; current unchanged
factor1000_proxy,input,9.999999999999999e-10,1.258925411794166e-09,1.1220184543019628e-09,0.0,energy coordinate divided by 1000; current unchanged
factor1000_proxy,input,1.258925411794166e-09,1.584893192461114e-09,1.4125375446227538e-09,1.040779835515149,energy coordinate divided by 1000; current unchanged
factor1000_proxy,input,1.584893192461114e-09,1.9952623149688828e-09,1.7782794100389247e-09,1.040779835515149,energy coordinate divided by 1000; current unchanged
factor1000_proxy,input,1.9952623149688828e-09,2.5118864315095824e-09,2.2387211385683427e-09,0.5203899177575793,energy coordinate divided by 1000; current unchanged
factor1000_proxy,input,2.5118864315095824e-09,3.162277660168379e-09,2.818382931264455e-09,0.5203899177575793,energy coordinate divided by 1000; current unchanged
factor1000_proxy,input,3.162277660168379e-09,3.981071705534969e-09,3.548133892335753e-09,2.601949588787896,energy coordinate divided by 1000; current unchanged
factor1000_proxy,input,3.981071705534969e-09,5.011872336272725e-09,4.46683592150963e-09,2.081559671030298,energy coordinate divided by 1000; current unchanged
factor1000_proxy,input,5.011872336272725e-09,6.309573444801943e-09,5.623413251903496e-09,6.244679013090893,energy coordinate divided by 1000; current unchanged
factor1000_proxy,input,6.309573444801943e-09,7.943282347242822e-09,7.079457843841388e-09,11.96896810842432,energy coordinate divided by 1000; current unchanged
factor1000_proxy,input,7.943282347242822e-09,1e-08,8.91250938133746e-09,18.213647121515272,energy coordinate divided by 1000; current unchanged
factor1000_proxy,input,1e-08,1.2589254117941687e-08,1.1220184543019642e-08,16.652477368242394,energy coordinate divided by 1000; current unchanged
factor1000_proxy,input,1.2589254117941687e-08,1.5848931924611143e-08,1.4125375446227556e-08,21.335986628060745,energy coordinate divided by 1000; current unchanged
factor1000_proxy,input,1.5848931924611143e-08,1.9952623149688786e-08,1.7782794100389225e-08,35.386514407515385,energy coordinate divided by 1000; current unchanged
factor1000_proxy,input,1.9952623149688786e-08,2.511886431509582e-08,2.2387211385683398e-08,39.549633749575655,energy coordinate divided by 1000; current unchanged
factor1000_proxy,input,2.511886431509582e-08,3.16227766016838e-08,2.8183829312644547e-08,55.68172120006098,energy coordinate divided by 1000; current unchanged
factor1000_proxy,input,3.16227766016838e-08,3.9810717055349776e-08,3.5481338923357565e-08,79.6196574169089,energy coordinate divided by 1000; current unchanged
factor1000_proxy,input,3.9810717055349776e-08,5.011872336272725e-08,4.466835921509635e-08,84.30316667672784,energy coordinate divided by 1000; current unchanged
factor1000_proxy,input,5.011872336272725e-08,6.309573444801943e-08,5.623413251903497e-08,92.62940536084831,energy coordinate divided by 1000; current unchanged
factor1000_proxy,input,6.309573444801943e-08,7.943282347242822e-08,7.079457843841387e-08,93.14979527860667,energy coordinate divided by 1000; current unchanged
factor1000_proxy,input,7.943282347242822e-08,1.0000000000000001e-07,8.912509381337459e-08,100.95564404497037,energy coordinate divided by 1000; current unchanged
factor1000_proxy,input,1.0000000000000001e-07,1.2589254117941688e-07,1.1220184543019642e-07,91.58862552533311,energy coordinate divided by 1000; current unchanged
factor1000_proxy,input,1.2589254117941688e-07,1.584893192461114e-07,1.4125375446227555e-07,81.70121708793992,energy coordinate divided by 1000; current unchanged
factor1000_proxy,input,1.584893192461114e-07,1.995262314968883e-07,1.7782794100389245e-07,58.80406070660595,energy coordinate divided by 1000; current unchanged
factor1000_proxy,input,1.995262314968883e-07,2.5118864315095823e-07,2.2387211385683425e-07,67.13029939072771,energy coordinate divided by 1000; current unchanged
factor1000_proxy,input,2.5118864315095823e-07,3.162277660168379e-07,2.818382931264455e-07,70.77302881503077,energy coordinate divided by 1000; current unchanged
factor1000_proxy,input,3.162277660168379e-07,3.981071705534977e-07,3.548133892335757e-07,77.01770782812106,energy coordinate divided by 1000; current unchanged
factor1000_proxy,input,3.981071705534977e-07,5.011872336272725e-07,4.466835921509635e-07,79.09926749915198,energy coordinate divided by 1000; current unchanged
factor1000_proxy,input,5.011872336272725e-07,6.309573444801942e-07,5.623413251903497e-07,83.78277675896955,energy coordinate divided by 1000; current unchanged
factor1000_proxy,input,6.309573444801942e-07,7.943282347242822e-07,7.079457843841387e-07,84.8235565944854,energy coordinate divided by 1000; current unchanged
factor1000_proxy,input,7.943282347242822e-07,1e-06,8.912509381337459e-07,86.38472634775815,energy coordinate divided by 1000; current unchanged
factor1000_proxy,input,1e-06,1.2589254117941689e-06,1.1220184543019641e-06,89.5070658543028,energy coordinate divided by 1000; current unchanged
factor1000_proxy,input,1.2589254117941689e-06,1.584893192461114e-06,1.4125375446227554e-06,79.61965741690962,energy coordinate divided by 1000; current unchanged
factor1000_proxy,input,1.584893192461114e-06,1.995262314968883e-06,1.7782794100389244e-06,90.02745577206038,energy coordinate divided by 1000; current unchanged
factor1000_proxy,input,1.995262314968883e-06,2.511886431509582e-06,2.2387211385683427e-06,88.46628601878845,energy coordinate divided by 1000; current unchanged
factor1000_proxy,input,2.511886431509582e-06,3.162277660168379e-06,2.818382931264455e-06,100.43525412721279,energy coordinate divided by 1000; current unchanged
factor1000_proxy,input,3.162277660168379e-06,3.981071705534978e-06,3.5481338923357567e-06,96.79252470290885,energy coordinate divided by 1000; current unchanged
factor1000_proxy,input,3.981071705534978e-06,5.011872336272725e-06,4.466835921509635e-06,101.47603396272804,energy coordinate divided by 1000; current unchanged
factor1000_proxy,input,5.011872336272725e-06,6.309573444801942e-06,5.623413251903496e-06,104.07798355151489,energy coordinate divided by 1000; current unchanged
factor1000_proxy,input,6.309573444801942e-06,7.94328234724282e-06,7.079457843841388e-06,101.99642388048552,energy coordinate divided by 1000; current unchanged
factor1000_proxy,input,7.94328234724282e-06,1e-05,8.91250938133746e-06,97.83330453842483,energy coordinate divided by 1000; current unchanged
factor1000_proxy,input,1e-05,1.2589254117941687e-05,1.122018454301964e-05,96.7925247029089,energy coordinate divided by 1000; current unchanged
factor1000_proxy,input,1.2589254117941687e-05,1.584893192461114e-05,1.4125375446227553e-05,105.11876338703101,energy coordinate divided by 1000; current unchanged
factor1000_proxy,input,1.584893192461114e-05,1.995262314968883e-05,1.7782794100389246e-05,96.27213478515127,energy coordinate divided by 1000; current unchanged
factor1000_proxy,input,1.995262314968883e-05,2.5118864315095822e-05,2.2387211385683423e-05,121.25085083751596,energy coordinate divided by 1000; current unchanged
factor1000_proxy,input,2.5118864315095822e-05,3.162277660168379e-05,2.818382931264455e-05,101.47603396272795,energy coordinate divided by 1000; current unchanged
factor1000_proxy,input,3.162277660168379e-05,3.9810717055349776e-05,3.548133892335757e-05,118.64890124872697,energy coordinate divided by 1000; current unchanged
factor1000_proxy,input,3.9810717055349776e-05,5.0118723362727245e-05,4.466835921509635e-05,105.11876338703101,energy coordinate divided by 1000; current unchanged
factor1000_proxy,input,5.0118723362727245e-05,6.309573444801943e-05,5.623413251903497e-05,114.48578190666638,energy coordinate divided by 1000; current unchanged
factor1000_proxy,input,6.309573444801943e-05,7.943282347242822e-05,7.079457843841388e-05,100.9556440449703,energy coordinate divided by 1000; current unchanged
factor1000_proxy,input,7.943282347242822e-05,0.0001,8.912509381337459e-05,121.77124075527352,energy coordinate divided by 1000; current unchanged
factor1000_proxy,input,0.0001,0.0001258925411794166,0.0001122018454301963,109.8022726468492,energy coordinate divided by 1000; current unchanged
factor1000_proxy,input,0.0001258925411794166,0.00015848931924611174,0.00014125375446227554,124.37319034405922,energy coordinate divided by 1000; current unchanged
factor1000_proxy,input,0.00015848931924611174,0.00019952623149688828,0.00017782794100389265,123.33241050854627,energy coordinate divided by 1000; current unchanged
factor1000_proxy,input,0.00019952623149688828,0.0002511886431509582,0.00022387211385683424,132.179039110425,energy coordinate divided by 1000; current unchanged
factor1000_proxy,input,0.0002511886431509582,0.00031622776601683794,0.0002818382931264455,121.77124075527352,energy coordinate divided by 1000; current unchanged
factor1000_proxy,input,0.00031622776601683794,0.0003981071705534969,0.0003548133892335753,121.77124075527352,energy coordinate divided by 1000; current unchanged
factor1000_proxy,input,0.0003981071705534969,0.0005011872336272735,0.0004466835921509635,125.41397017957438,energy coordinate divided by 1000; current unchanged
factor1000_proxy,input,0.0005011872336272735,0.0006309573444801943,0.0005623413251903502,134.78098869921303,energy coordinate divided by 1000; current unchanged
factor1000_proxy,input,0.0006309573444801943,0.0007943282347242822,0.0007079457843841388,137.3829382880009,energy coordinate divided by 1000; current unchanged
factor1000_proxy,input,0.0007943282347242822,0.001,0.0008912509381337459,119.68968108424322,energy coordinate divided by 1000; current unchanged
factor1000_proxy,input,0.001,0.0012589254117941662,0.0011220184543019628,133.74020886369786,energy coordinate divided by 1000; current unchanged
factor1000_proxy,input,0.0012589254117941662,0.0015848931924611173,0.0014125375446227555,137.38293828799848,energy coordinate divided by 1000; current unchanged
factor1000_proxy,input,0.0015848931924611173,0.001995262314968883,0.0017782794100389264,141.02566771230397,energy coordinate divided by 1000; current unchanged
factor1000_proxy,input,0.001995262314968883,0.0025118864315095825,0.0022387211385683425,133.74020886369777,energy coordinate divided by 1000; current unchanged
factor1000_proxy,input,0.0025118864315095825,0.0031622776601683794,0.0028183829312644552,134.78098869921303,energy coordinate divided by 1000; current unchanged
factor1000_proxy,input,0.0031622776601683794,0.0039810717055349856,0.00354813389233576,133.7402088636955,energy coordinate divided by 1000; current unchanged
factor1000_proxy,input,0.0039810717055349856,0.005011872336272735,0.004466835921509644,151.43346606745556,energy coordinate divided by 1000; current unchanged
factor1000_proxy,input,0.005011872336272735,0.006309573444801943,0.005623413251903503,137.3829382880009,energy coordinate divided by 1000; current unchanged
factor1000_proxy,input,0.006309573444801943,0.00794328234724282,0.007079457843841387,141.02566771230408,energy coordinate divided by 1000; current unchanged
factor1000_proxy,input,0.00794328234724282,0.01,0.008912509381337459,150.3926862319404,energy coordinate divided by 1000; current unchanged
factor1000_proxy,input,0.01,0.012589254117941713,0.011220184543019653,149.87229631418018,energy coordinate divided by 1000; current unchanged
factor1000_proxy,input,0.012589254117941713,0.015848931924611172,0.014125375446227583,161.84126442260714,energy coordinate divided by 1000; current unchanged
factor1000_proxy,input,0.015848931924611172,0.01995262314968883,0.017782794100389264,172.24906277775872,energy coordinate divided by 1000; current unchanged
factor1000_proxy,input,0.01995262314968883,0.02511886431509582,0.022387211385683423,163.9228240936376,energy coordinate divided by 1000; current unchanged
factor1000_proxy,input,0.02511886431509582,0.03162277660168379,0.028183829312644546,162.8820442581223,energy coordinate divided by 1000; current unchanged
factor1000_proxy,input,0.03162277660168379,0.03981071705534985,0.03548133892335761,171.7286728599981,energy coordinate divided by 1000; current unchanged
factor1000_proxy,input,0.03981071705534985,0.05011872336272735,0.04466835921509644,197.2277788301225,energy coordinate divided by 1000; current unchanged
factor1000_proxy,input,0.05011872336272735,0.06309573444801943,0.05623413251903502,207.11518726751652,energy coordinate divided by 1000; current unchanged
factor1000_proxy,input,0.06309573444801943,0.07943282347242821,0.07079457843841389,188.38115022824368,energy coordinate divided by 1000; current unchanged
factor1000_proxy,input,0.07943282347242821,0.1,0.08912509381337459,210.23752677406202,energy coordinate divided by 1000; current unchanged
factor1000_proxy,input,0.1,0.12589254117941714,0.11220184543019653,245.10365126381546,energy coordinate divided by 1000; current unchanged
factor1000_proxy,input,0.12589254117941714,0.15848931924611173,0.1412537544622758,255.5114496189714,energy coordinate divided by 1000; current unchanged
factor1000_proxy,input,0.15848931924611173,0.1995262314968883,0.17782794100389265,258.6337891255167,energy coordinate divided by 1000; current unchanged
factor1000_proxy,input,0.1995262314968883,0.25118864315095824,0.22387211385683425,303.90771197042625,energy coordinate divided by 1000; current unchanged
factor1000_proxy,input,0.25118864315095824,0.31622776601683794,0.28183829312644554,333.5699372826083,energy coordinate divided by 1000; current unchanged
factor1000_proxy,input,0.31622776601683794,0.3981071705534986,0.3548133892335761,362.1913827592688,energy coordinate divided by 1000; current unchanged
factor1000_proxy,input,0.3981071705534986,0.5011872336272736,0.44668359215096437,402.26140642660874,energy coordinate divided by 1000; current unchanged
factor1000_proxy,input,0.5011872336272736,0.6309573444801942,0.5623413251903503,467.8305360640641,energy coordinate divided by 1000; current unchanged
factor1000_proxy,input,0.6309573444801942,0.7943282347242822,0.7079457843841387,448.57610910703295,energy coordinate divided by 1000; current unchanged
factor1000_proxy,input,0.7943282347242822,1.0,0.8912509381337459,506.8597798958821,energy coordinate divided by 1000; current unchanged
factor1000_proxy,input,1.0,1.2589254117941715,1.1220184543019651,543.2870741389028,energy coordinate divided by 1000; current unchanged
factor1000_proxy,input,1.2589254117941715,1.5848931924611174,1.4125375446227584,568.786180109034,energy coordinate divided by 1000; current unchanged
factor1000_proxy,input,1.5848931924611174,1.9952623149688828,1.7782794100389265,622.3863416380648,energy coordinate divided by 1000; current unchanged
factor1000_proxy,input,1.9952623149688828,2.511886431509582,2.238721138568342,613.539713036186,energy coordinate divided by 1000; current unchanged
factor1000_proxy,input,2.511886431509582,3.1622776601683795,2.818382931264455,591.1629465726096,energy coordinate divided by 1000; current unchanged
factor1000_proxy,input,3.1622776601683795,3.9810717055349856,3.548133892335761,541.7259043856304,energy coordinate divided by 1000; current unchanged
factor1000_proxy,input,3.9810717055349856,5.011872336272735,4.466835921509644,484.4830134323063,energy coordinate divided by 1000; current unchanged
factor1000_proxy,input,5.011872336272735,6.309573444801943,5.623413251903502,462.1062469687303,energy coordinate divided by 1000; current unchanged
factor1000_proxy,input,6.309573444801943,7.943282347242822,7.079457843841388,418.3934938770937,energy coordinate divided by 1000; current unchanged
factor1000_proxy,input,7.943282347242822,10.0,8.91250938133746,388.2108786471541,energy coordinate divided by 1000; current unchanged
factor1000_proxy,input,10.0,12.589254117941714,11.220184543019654,349.1816348153295,energy coordinate divided by 1000; current unchanged
factor1000_proxy,input,12.589254117941714,15.848931924611174,14.125375446227583,363.2321625947903,energy coordinate divided by 1000; current unchanged
factor1000_proxy,input,15.848931924611174,19.95262314968883,17.782794100389264,362.19138275927514,energy coordinate divided by 1000; current unchanged
factor1000_proxy,input,19.95262314968883,25.118864315095824,22.387211385683425,381.9661996340631,energy coordinate divided by 1000; current unchanged
factor1000_proxy,input,25.118864315095824,31.622776601683793,28.18382931264455,372.599181114427,energy coordinate divided by 1000; current unchanged
factor1000_proxy,input,31.622776601683793,39.810717055349855,35.481338923357605,396.53711733126806,energy coordinate divided by 1000; current unchanged
factor1000_proxy,input,39.810717055349855,50.11872336272735,44.66835921509644,426.1993426434574,energy coordinate divided by 1000; current unchanged
factor1000_proxy,input,50.11872336272735,63.09573444801943,56.23413251903502,420.9954434658815,energy coordinate divided by 1000; current unchanged
factor1000_proxy,input,63.09573444801943,79.43282347242821,70.79457843841386,441.2906502584275,energy coordinate divided by 1000; current unchanged
factor1000_proxy,input,79.43282347242821,100.0,89.12509381337458,468.3509259818209,energy coordinate divided by 1000; current unchanged
factor1000_proxy,input,100.0,125.89254117941714,112.20184543019653,407.98569552193493,energy coordinate divided by 1000; current unchanged
factor1000_proxy,input,125.89254117941714,158.48931924611173,141.25375446227582,396.01672741351774,energy coordinate divided by 1000; current unchanged
factor1000_proxy,input,158.48931924611173,199.5262314968883,177.82794100389262,380.92541979854775,energy coordinate divided by 1000; current unchanged
factor1000_proxy,input,199.5262314968883,251.1886431509582,223.87211385683423,330.44759777606305,energy coordinate divided by 1000; current unchanged
factor1000_proxy,input,251.1886431509582,316.2277660168379,281.8382931264455,267.4804177273957,energy coordinate divided by 1000; current unchanged
factor1000_proxy,input,316.2277660168379,398.1071705534986,354.813389233576,233.13468315539123,energy coordinate divided by 1000; current unchanged
factor1000_proxy,input,398.1071705534986,501.18723362727354,446.6835921509644,162.3616543403647,energy coordinate divided by 1000; current unchanged
factor1000_proxy,input,501.18723362727354,630.9573444801943,562.3413251903502,130.6178693571524,energy coordinate divided by 1000; current unchanged
factor1000_proxy,input,630.9573444801943,794.3282347242822,707.9457843841387,111.36344240012195,energy coordinate divided by 1000; current unchanged
factor1000_proxy,input,794.3282347242822,1000.0,891.2509381337459,96.27213478515215,energy coordinate divided by 1000; current unchanged
factor1000_proxy,input,1000.0,1258.9254117941714,1122.0184543019652,86.90511626551414,energy coordinate divided by 1000; current unchanged
factor1000_proxy,input,1258.9254117941714,1584.8931924611175,1412.5375446227583,74.41575823933383,energy coordinate divided by 1000; current unchanged
factor1000_proxy,input,1584.8931924611175,1995.2623149688827,1778.2794100389265,79.09926749915203,energy coordinate divided by 1000; current unchanged
factor1000_proxy,input,1995.2623149688827,2511.8864315095825,2238.721138568342,78.57887758139441,energy coordinate divided by 1000; current unchanged
factor1000_proxy,input,2511.8864315095825,3162.2776601683795,2818.382931264455,73.89536832157624,energy coordinate divided by 1000; current unchanged
factor1000_proxy,input,3162.2776601683795,3981.0717055349855,3548.1338923357603,52.038991775757005,energy coordinate divided by 1000; current unchanged
factor1000_proxy,input,3981.0717055349855,5011.872336272735,4466.835921509644,60.88562037763676,energy coordinate divided by 1000; current unchanged
factor1000_proxy,input,5011.872336272735,6309.573444801942,5623.413251903502,58.28367078884887,energy coordinate divided by 1000; current unchanged
factor1000_proxy,input,6309.573444801942,7943.282347242822,7079.457843841388,51.5186018580003,energy coordinate divided by 1000; current unchanged
factor1000_proxy,input,7943.282347242822,10000.0,8912.509381337459,57.24289095333371,energy coordinate divided by 1000; current unchanged
factor1000_proxy,input,10000.0,12589.254117941713,11220.184543019652,45.794312762666166,energy coordinate divided by 1000; current unchanged
factor1000_proxy,input,12589.254117941713,15848.931924611108,14125.375446227554,41.63119342060707,energy coordinate divided by 1000; current unchanged
factor1000_proxy,input,15848.931924611108,19952.62314968883,17782.794100389227,41.631193420605605,energy coordinate divided by 1000; current unchanged
factor1000_proxy,input,19952.62314968883,25118.864315095925,22387.21138568347,33.30495473648448,energy coordinate divided by 1000; current unchanged
factor1000_proxy,input,25118.864315095925,31622.776601683792,28183.829312644608,24.97871605236424,energy coordinate divided by 1000; current unchanged
factor1000_proxy,input,31622.776601683792,39810.71705534986,35481.33892335761,22.376766463575496,energy coordinate divided by 1000; current unchanged
factor1000_proxy,input,39810.71705534986,50118.72336272714,44668.359215096345,19.774816874788375,energy coordinate divided by 1000; current unchanged
factor1000_proxy,input,50118.72336272714,63095.73444801943,56234.13251903491,26.53988580563605,energy coordinate divided by 1000; current unchanged
factor1000_proxy,input,63095.73444801943,79432.82347242854,70794.57843841403,18.21364712151495,energy coordinate divided by 1000; current unchanged
factor1000_proxy,input,79432.82347242854,100000.0,89125.09381337477,20.815596710303552,energy coordinate divided by 1000; current unchanged
factor1000_proxy,input,100000.0,125892.54117941714,112201.84543019652,14.570917697211963,energy coordinate divided by 1000; current unchanged
factor1000_proxy,input,125892.54117941714,158489.3192461111,141253.75446227554,21.33598662806112,energy coordinate divided by 1000; current unchanged
factor1000_proxy,input,158489.3192461111,199526.23149688827,177827.94100389228,13.53013786169682,energy coordinate divided by 1000; current unchanged
factor1000_proxy,input,199526.23149688827,251188.64315095925,223872.1138568347,5.724289095333267,energy coordinate divided by 1000; current unchanged
factor1000_proxy,input,251188.64315095925,316227.76601683797,281838.2931264461,9.887408437394178,energy coordinate divided by 1000; current unchanged
factor1000_proxy,input,316227.76601683797,398107.17055349855,354813.3892335761,6.76506893084841,energy coordinate divided by 1000; current unchanged
factor1000_proxy,input,398107.17055349855,501187.2336272715,446683.5921509635,5.724289095333472,energy coordinate divided by 1000; current unchanged
factor1000_proxy,input,501187.2336272715,630957.3444801944,562341.3251903491,8.326238684121115,energy coordinate divided by 1000; current unchanged
factor1000_proxy,input,630957.3444801944,794328.2347242853,707945.7843841403,6.24467901309084,energy coordinate divided by 1000; current unchanged
factor1000_proxy,input,794328.2347242853,1000000.0,891250.9381337477,3.12233950654553,energy coordinate divided by 1000; current unchanged
factor1000_proxy,output,1e-12,1.2589254117941663e-12,1.122018454301963e-12,0.0,attenuation-only proxy; not transported output
factor1000_proxy,output,1.2589254117941663e-12,1.584893192461111e-12,1.4125375446227526e-12,0.0,attenuation-only proxy; not transported output
factor1000_proxy,output,1.584893192461111e-12,1.9952623149688827e-12,1.7782794100389228e-12,0.0,attenuation-only proxy; not transported output
factor1000_proxy,output,1.9952623149688827e-12,2.511886431509582e-12,2.2387211385683424e-12,0.0,attenuation-only proxy; not transported output
factor1000_proxy,output,2.511886431509582e-12,3.1622776601683794e-12,2.8183829312644553e-12,0.0,attenuation-only proxy; not transported output
factor1000_proxy,output,3.1622776601683794e-12,3.981071705534969e-12,3.548133892335753e-12,0.0,attenuation-only proxy; not transported output
factor1000_proxy,output,3.981071705534969e-12,5.011872336272715e-12,4.466835921509626e-12,0.0,attenuation-only proxy; not transported output
factor1000_proxy,output,5.011872336272715e-12,6.309573444801943e-12,5.623413251903491e-12,0.0,attenuation-only proxy; not transported output
factor1000_proxy,output,6.309573444801943e-12,7.943282347242821e-12,7.079457843841388e-12,0.0,attenuation-only proxy; not transported output
factor1000_proxy,output,7.943282347242821e-12,1.0000000000000001e-11,8.91250938133746e-12,0.0,attenuation-only proxy; not transported output
factor1000_proxy,output,1.0000000000000001e-11,1.2589254117941662e-11,1.122018454301963e-11,0.0,attenuation-only proxy; not transported output
factor1000_proxy,output,1.2589254117941662e-11,1.5848931924611143e-11,1.4125375446227541e-11,0.0,attenuation-only proxy; not transported output
factor1000_proxy,output,1.5848931924611143e-11,1.9952623149688786e-11,1.7782794100389227e-11,0.0,attenuation-only proxy; not transported output
factor1000_proxy,output,1.9952623149688786e-11,2.511886431509582e-11,2.2387211385683403e-11,0.0,attenuation-only proxy; not transported output
factor1000_proxy,output,2.511886431509582e-11,3.1622776601683794e-11,2.818382931264455e-11,0.0,attenuation-only proxy; not transported output
factor1000_proxy,output,3.1622776601683794e-11,3.981071705534969e-11,3.548133892335753e-11,0.0,attenuation-only proxy; not transported output
factor1000_proxy,output,3.981071705534969e-11,5.011872336272725e-11,4.46683592150963e-11,0.0,attenuation-only proxy; not transported output
factor1000_proxy,output,5.011872336272725e-11,6.30957344480193e-11,5.623413251903491e-11,0.0,attenuation-only proxy; not transported output
factor1000_proxy,output,6.30957344480193e-11,7.943282347242822e-11,7.07945784384138e-11,0.0,attenuation-only proxy; not transported output
factor1000_proxy,output,7.943282347242822e-11,9.999999999999999e-11,8.912509381337459e-11,0.0,attenuation-only proxy; not transported output
factor1000_proxy,output,9.999999999999999e-11,1.2589254117941662e-10,1.122018454301963e-10,0.0,attenuation-only proxy; not transported output
factor1000_proxy,output,1.2589254117941662e-10,1.584893192461114e-10,1.4125375446227538e-10,0.0,attenuation-only proxy; not transported output
factor1000_proxy,output,1.584893192461114e-10,1.9952623149688828e-10,1.7782794100389244e-10,0.0,attenuation-only proxy; not transported output
factor1000_proxy,output,1.9952623149688828e-10,2.5118864315095825e-10,2.2387211385683426e-10,0.0,attenuation-only proxy; not transported output
factor1000_proxy,output,2.5118864315095825e-10,3.162277660168379e-10,2.818382931264455e-10,0.0,attenuation-only proxy; not transported output
factor1000_proxy,output,3.162277660168379e-10,3.9810717055349694e-10,3.5481338923357533e-10,0.0,attenuation-only proxy; not transported output
factor1000_proxy,output,3.9810717055349694e-10,5.011872336272725e-10,4.46683592150963e-10,0.0,attenuation-only proxy; not transported output
factor1000_proxy,output,5.011872336272725e-10,6.309573444801942e-10,5.623413251903497e-10,0.0,attenuation-only proxy; not transported output
factor1000_proxy,output,6.309573444801942e-10,7.943282347242822e-10,7.079457843841388e-10,0.0,attenuation-only proxy; not transported output
factor1000_proxy,output,7.943282347242822e-10,9.999999999999999e-10,8.91250938133746e-10,0.0,attenuation-only proxy; not transported output
factor1000_proxy,output,9.999999999999999e-10,1.258925411794166e-09,1.1220184543019628e-09,0.0,attenuation-only proxy; not transported output
factor1000_proxy,output,1.258925411794166e-09,1.584893192461114e-09,1.4125375446227538e-09,0.0167565553517939,attenuation-only proxy; not transported output
factor1000_proxy,output,1.584893192461114e-09,1.9952623149688828e-09,1.7782794100389247e-09,0.0167565553517939,attenuation-only proxy; not transported output
factor1000_proxy,output,1.9952623149688828e-09,2.5118864315095824e-09,2.2387211385683427e-09,0.008378277675897026,attenuation-only proxy; not transported output
factor1000_proxy,output,2.5118864315095824e-09,3.162277660168379e-09,2.818382931264455e-09,0.008378277675897026,attenuation-only proxy; not transported output
factor1000_proxy,output,3.162277660168379e-09,3.981071705534969e-09,3.548133892335753e-09,0.041891388379485126,attenuation-only proxy; not transported output
factor1000_proxy,output,3.981071705534969e-09,5.011872336272725e-09,4.46683592150963e-09,0.0335131107035878,attenuation-only proxy; not transported output
factor1000_proxy,output,5.011872336272725e-09,6.309573444801943e-09,5.623413251903496e-09,0.10053933211076338,attenuation-only proxy; not transported output
factor1000_proxy,output,6.309573444801943e-09,7.943282347242822e-09,7.079457843841388e-09,0.19270038654563157,attenuation-only proxy; not transported output
factor1000_proxy,output,7.943282347242822e-09,1e-08,8.91250938133746e-09,0.29323971865639586,attenuation-only proxy; not transported output
factor1000_proxy,output,1e-08,1.2589254117941687e-08,1.1220184543019642e-08,0.26810488562870255,attenuation-only proxy; not transported output
factor1000_proxy,output,1.2589254117941687e-08,1.5848931924611143e-08,1.4125375446227556e-08,0.343509384711778,attenuation-only proxy; not transported output
factor1000_proxy,output,1.5848931924611143e-08,1.9952623149688786e-08,1.7782794100389225e-08,0.5697228819609977,attenuation-only proxy; not transported output
factor1000_proxy,output,1.9952623149688786e-08,2.511886431509582e-08,2.2387211385683398e-08,0.636749103368168,attenuation-only proxy; not transported output
factor1000_proxy,output,2.511886431509582e-08,3.16227766016838e-08,2.8183829312644547e-08,0.8964757113209817,attenuation-only proxy; not transported output
factor1000_proxy,output,3.16227766016838e-08,3.9810717055349776e-08,3.5481338923357565e-08,1.2818764844122332,attenuation-only proxy; not transported output
factor1000_proxy,output,3.9810717055349776e-08,5.011872336272725e-08,4.466835921509635e-08,1.3572809834953181,attenuation-only proxy; not transported output
factor1000_proxy,output,5.011872336272725e-08,6.309573444801943e-08,5.623413251903497e-08,1.4913334263096578,attenuation-only proxy; not transported output
factor1000_proxy,output,6.309573444801943e-08,7.943282347242822e-08,7.079457843841387e-08,1.4997117039855674,attenuation-only proxy; not transported output
factor1000_proxy,output,7.943282347242822e-08,1.0000000000000001e-07,8.912509381337459e-08,1.6253858691240228,attenuation-only proxy; not transported output
factor1000_proxy,output,1.0000000000000001e-07,1.2589254117941688e-07,1.1220184543019642e-07,1.474576870957863,attenuation-only proxy; not transported output
factor1000_proxy,output,1.2589254117941688e-07,1.584893192461114e-07,1.4125375446227555e-07,1.3153895951158328,attenuation-only proxy; not transported output
factor1000_proxy,output,1.584893192461114e-07,1.995262314968883e-07,1.7782794100389245e-07,0.9467453773763558,attenuation-only proxy; not transported output
factor1000_proxy,output,1.995262314968883e-07,2.5118864315095823e-07,2.2387211385683425e-07,1.0807978201907162,attenuation-only proxy; not transported output
factor1000_proxy,output,2.5118864315095823e-07,3.162277660168379e-07,2.818382931264455e-07,1.1394457639219955,attenuation-only proxy; not transported output
factor1000_proxy,output,3.162277660168379e-07,3.981071705534977e-07,3.548133892335757e-07,1.239985096032749,attenuation-only proxy; not transported output
factor1000_proxy,output,3.981071705534977e-07,5.011872336272725e-07,4.466835921509635e-07,1.2734982067363467,attenuation-only proxy; not transported output
factor1000_proxy,output,5.011872336272725e-07,6.309573444801942e-07,5.623413251903497e-07,1.3489027058194096,attenuation-only proxy; not transported output
factor1000_proxy,output,6.309573444801942e-07,7.943282347242822e-07,7.079457843841387e-07,1.3656592611712148,attenuation-only proxy; not transported output
factor1000_proxy,output,7.943282347242822e-07,1e-06,8.912509381337459e-07,1.390794094198906,attenuation-only proxy; not transported output
factor1000_proxy,output,1e-06,1.2589254117941689e-06,1.1220184543019641e-06,1.441063760254275,attenuation-only proxy; not transported output
factor1000_proxy,output,1.2589254117941689e-06,1.584893192461114e-06,1.4125375446227554e-06,1.2818764844122448,attenuation-only proxy; not transported output
factor1000_proxy,output,1.584893192461114e-06,1.995262314968883e-06,1.7782794100389244e-06,1.449442037930172,attenuation-only proxy; not transported output
factor1000_proxy,output,1.995262314968883e-06,2.511886431509582e-06,2.2387211385683427e-06,1.424307204902494,attenuation-only proxy; not transported output
factor1000_proxy,output,2.511886431509582e-06,3.162277660168379e-06,2.818382931264455e-06,1.617007591448126,attenuation-only proxy; not transported output
factor1000_proxy,output,3.162277660168379e-06,3.981071705534978e-06,3.5481338923357567e-06,1.5583596477168324,attenuation-only proxy; not transported output
factor1000_proxy,output,3.981071705534978e-06,5.011872336272725e-06,4.466835921509635e-06,1.6337641467999213,attenuation-only proxy; not transported output
factor1000_proxy,output,5.011872336272725e-06,6.309573444801942e-06,5.623413251903496e-06,1.6756555351793898,attenuation-only proxy; not transported output
factor1000_proxy,output,6.309573444801942e-06,7.94328234724282e-06,7.079457843841388e-06,1.642142424475817,attenuation-only proxy; not transported output
factor1000_proxy,output,7.94328234724282e-06,1e-05,8.91250938133746e-06,1.5751162030686396,attenuation-only proxy; not transported output
factor1000_proxy,output,1e-05,1.2589254117941687e-05,1.122018454301964e-05,1.5583596477168333,attenuation-only proxy; not transported output
factor1000_proxy,output,1.2589254117941687e-05,1.584893192461114e-05,1.4125375446227553e-05,1.6924120905311992,attenuation-only proxy; not transported output
factor1000_proxy,output,1.584893192461114e-05,1.995262314968883e-05,1.7782794100389246e-05,1.5499813700409353,attenuation-only proxy; not transported output
factor1000_proxy,output,1.995262314968883e-05,2.5118864315095822e-05,2.2387211385683423e-05,1.9521386984840068,attenuation-only proxy; not transported output
factor1000_proxy,output,2.5118864315095822e-05,3.162277660168379e-05,2.818382931264455e-05,1.63376414679992,attenuation-only proxy; not transported output
factor1000_proxy,output,3.162277660168379e-05,3.9810717055349776e-05,3.548133892335757e-05,1.910247310104504,attenuation-only proxy; not transported output
factor1000_proxy,output,3.9810717055349776e-05,5.0118723362727245e-05,4.466835921509635e-05,1.6924120905311992,attenuation-only proxy; not transported output
factor1000_proxy,output,5.0118723362727245e-05,6.309573444801943e-05,5.623413251903497e-05,1.8432210886973286,attenuation-only proxy; not transported output
factor1000_proxy,output,6.309573444801943e-05,7.943282347242822e-05,7.079457843841388e-05,1.6253858691240217,attenuation-only proxy; not transported output
factor1000_proxy,output,7.943282347242822e-05,0.0001,8.912509381337459e-05,1.9605169761599037,attenuation-only proxy; not transported output
factor1000_proxy,output,0.0001,0.0001258925411794166,0.0001122018454301963,1.7678165896142721,attenuation-only proxy; not transported output
factor1000_proxy,output,0.0001258925411794166,0.00015848931924611174,0.00014125375446227554,2.0024083645393533,attenuation-only proxy; not transported output
factor1000_proxy,output,0.00015848931924611174,0.00019952623149688828,0.00017782794100389265,1.985651809187595,attenuation-only proxy; not transported output
factor1000_proxy,output,0.00019952623149688828,0.0002511886431509582,0.00022387211385683424,2.1280825296778425,attenuation-only proxy; not transported output
factor1000_proxy,output,0.0002511886431509582,0.00031622776601683794,0.0002818382931264455,1.9605169761599037,attenuation-only proxy; not transported output
factor1000_proxy,output,0.00031622776601683794,0.0003981071705534969,0.0003548133892335753,1.9605169761599037,attenuation-only proxy; not transported output
factor1000_proxy,output,0.0003981071705534969,0.0005011872336272735,0.0004466835921509635,2.0191649198911477,attenuation-only proxy; not transported output
factor1000_proxy,output,0.0005011872336272735,0.0006309573444801943,0.0005623413251903502,37.48259295725114,attenuation-only proxy; not transported output
factor1000_proxy,output,0.0006309573444801943,0.0007943282347242822,0.0007079457843841388,38.206195137893054,attenuation-only proxy; not transported output
factor1000_proxy,output,0.0007943282347242822,0.001,0.0008912509381337459,33.28570030952804,attenuation-only proxy; not transported output
factor1000_proxy,output,0.001,0.0012589254117941662,0.0011220184543019628,37.193152084994374,attenuation-only proxy; not transported output
factor1000_proxy,output,0.0012589254117941662,0.0015848931924611173,0.0014125375446227555,38.20619513789238,attenuation-only proxy; not transported output
factor1000_proxy,output,0.0015848931924611173,0.001995262314968883,0.0017782794100389264,39.219238190791735,attenuation-only proxy; not transported output
factor1000_proxy,output,0.001995262314968883,0.0025118864315095825,0.0022387211385683425,37.19315208499435,attenuation-only proxy; not transported output
factor1000_proxy,output,0.0025118864315095825,0.0031622776601683794,0.0028183829312644552,37.48259295725114,attenuation-only proxy; not transported output
factor1000_proxy,output,0.0031622776601683794,0.0039810717055349856,0.00354813389233576,37.19315208499372,attenuation-only proxy; not transported output
factor1000_proxy,output,0.0039810717055349856,0.005011872336272735,0.004466835921509644,42.11364691335939,attenuation-only proxy; not transported output
factor1000_proxy,output,0.005011872336272735,0.006309573444801943,0.005623413251903503,38.206195137893054,attenuation-only proxy; not transported output
factor1000_proxy,output,0.006309573444801943,0.00794328234724282,0.007079457843841387,39.21923819079177,attenuation-only proxy; not transported output
factor1000_proxy,output,0.00794328234724282,0.01,0.008912509381337459,41.82420604110263,attenuation-only proxy; not transported output
factor1000_proxy,output,0.01,0.012589254117941713,0.011220184543019653,41.67948560497351,attenuation-only proxy; not transported output
factor1000_proxy,output,0.012589254117941713,0.015848931924611172,0.014125375446227583,45.00805563592705,attenuation-only proxy; not transported output
factor1000_proxy,output,0.015848931924611172,0.01995262314968883,0.017782794100389264,47.902464358494704,attenuation-only proxy; not transported output
factor1000_proxy,output,0.01995262314968883,0.02511886431509582,0.022387211385683423,45.58693738044062,attenuation-only proxy; not transported output
factor1000_proxy,output,0.02511886431509582,0.03162277660168379,0.028183829312644546,45.29749650818381,attenuation-only proxy; not transported output
factor1000_proxy,output,0.03162277660168379,0.03981071705534985,0.03548133892335761,47.75774392236548,attenuation-only proxy; not transported output
factor1000_proxy,output,0.03981071705534985,0.05011872336272735,0.04466835921509644,54.849045292657074,attenuation-only proxy; not transported output
factor1000_proxy,output,0.05011872336272735,0.06309573444801943,0.05623413251903502,57.59873357909635,attenuation-only proxy; not transported output
factor1000_proxy,output,0.06309573444801943,0.07943282347242821,0.07079457843841389,52.38879787847457,attenuation-only proxy; not transported output
factor1000_proxy,output,0.07943282347242821,0.1,0.08912509381337459,58.46705619586665,attenuation-only proxy; not transported output
factor1000_proxy,output,0.1,0.12589254117941714,0.11220184543019653,68.16332541646709,attenuation-only proxy; not transported output
factor1000_proxy,output,0.12589254117941714,0.15848931924611173,0.1412537544622758,71.05773413903594,attenuation-only proxy; not transported output
factor1000_proxy,output,0.15848931924611173,0.1995262314968883,0.17782794100389265,71.9260567558062,attenuation-only proxy; not transported output
factor1000_proxy,output,0.1995262314968883,0.25118864315095824,0.22387211385683425,84.51673469897554,attenuation-only proxy; not transported output
factor1000_proxy,output,0.25118864315095824,0.31622776601683794,0.28183829312644554,92.76579955829337,attenuation-only proxy; not transported output
factor1000_proxy,output,0.31622776601683794,0.3981071705534986,0.3548133892335761,100.72542354535265,attenuation-only proxy; not transported output
factor1000_proxy,output,0.3981071705534986,0.5011872336272736,0.44668359215096437,111.86889712723989,attenuation-only proxy; not transported output
factor1000_proxy,output,0.5011872336272736,0.6309573444801942,0.5623413251903503,130.10367207941624,attenuation-only proxy; not transported output
factor1000_proxy,output,0.6309573444801942,0.7943282347242822,0.7079457843841387,124.74901594266586,attenuation-only proxy; not transported output
factor1000_proxy,output,0.7943282347242822,1.0,0.8912509381337459,140.95770478904484,attenuation-only proxy; not transported output
factor1000_proxy,output,1.0,1.2589254117941715,1.1220184543019651,151.08813531802886,attenuation-only proxy; not transported output
factor1000_proxy,output,1.2589254117941715,1.5848931924611174,1.4125375446227584,158.17943668832237,attenuation-only proxy; not transported output
factor1000_proxy,output,1.5848931924611174,1.9952623149688828,1.7782794100389265,173.08564160954583,attenuation-only proxy; not transported output
factor1000_proxy,output,1.9952623149688828,2.511886431509582,2.238721138568342,170.62539419536333,attenuation-only proxy; not transported output
factor1000_proxy,output,2.511886431509582,3.1622776601683795,2.818382931264455,164.40241544184275,attenuation-only proxy; not transported output
factor1000_proxy,output,3.1622776601683795,3.9810717055349856,3.548133892335761,150.65397400964383,attenuation-only proxy; not transported output
factor1000_proxy,output,3.9810717055349856,5.011872336272735,4.466835921509644,134.73472603552437,attenuation-only proxy; not transported output
factor1000_proxy,output,5.011872336272735,6.309573444801943,5.623413251903502,128.5117472820039,attenuation-only proxy; not transported output
factor1000_proxy,output,6.309573444801943,7.943282347242822,7.079457843841388,116.35523064721977,attenuation-only proxy; not transported output
factor1000_proxy,output,7.943282347242822,10.0,8.91250938133746,107.96144535177356,attenuation-only proxy; not transported output
factor1000_proxy,output,10.0,12.589254117941714,11.220184543019654,97.10741264214315,attenuation-only proxy; not transported output
factor1000_proxy,output,12.589254117941714,15.848931924611174,14.125375446227583,101.01486441761118,attenuation-only proxy; not transported output
factor1000_proxy,output,15.848931924611174,19.95262314968883,17.782794100389264,100.72542354535442,attenuation-only proxy; not transported output
factor1000_proxy,output,19.95262314968883,25.118864315095824,22.387211385683425,106.22480011823296,attenuation-only proxy; not transported output
factor1000_proxy,output,25.118864315095824,31.622776601683793,28.18382931264455,103.61983226792215,attenuation-only proxy; not transported output
factor1000_proxy,output,31.622776601683793,39.810717055349855,35.481338923357605,110.27697232982565,attenuation-only proxy; not transported output
factor1000_proxy,output,39.810717055349855,50.11872336272735,44.66835921509644,118.5260371891455,attenuation-only proxy; not transported output
factor1000_proxy,output,50.11872336272735,63.09573444801943,56.23413251903502,117.07883282786166,attenuation-only proxy; not transported output
factor1000_proxy,output,63.09573444801943,79.43282347242821,70.79457843841386,122.72292983686869,attenuation-only proxy; not transported output
factor1000_proxy,output,79.43282347242821,100.0,89.12509381337458,130.2483925155444,attenuation-only proxy; not transported output
factor1000_proxy,output,100.0,125.89254117941714,112.20184543019653,244.54662589584782,attenuation-only proxy; not transported output
factor1000_proxy,output,125.89254117941714,158.48931924611173,141.25375446227582,237.37242641166256,attenuation-only proxy; not transported output
factor1000_proxy,output,158.48931924611173,199.5262314968883,177.82794100389262,228.32669662724953,attenuation-only proxy; not transported output
factor1000_proxy,output,199.5262314968883,251.1886431509582,223.87211385683423,198.0702901069722,attenuation-only proxy; not transported output
factor1000_proxy,output,251.1886431509582,316.2277660168379,281.8382931264455,160.327762385801,attenuation-only proxy; not transported output
factor1000_proxy,output,316.2277660168379,398.1071705534986,354.813389233576,139.7409290833415,attenuation-only proxy; not transported output
factor1000_proxy,output,398.1071705534986,501.18723362727354,446.6835921509644,97.31957561161461,attenuation-only proxy; not transported output
factor1000_proxy,output,501.18723362727354,630.9573444801943,562.3413251903502,78.29235089267715,attenuation-only proxy; not transported output
factor1000_proxy,output,630.9573444801943,794.3282347242822,707.9457843841387,66.75124737463311,attenuation-only proxy; not transported output
factor1000_proxy,output,794.3282347242822,1000.0,891.2509381337459,57.705517590220204,attenuation-only proxy; not transported output
factor1000_proxy,output,1000.0,1258.9254117941714,1122.0184543019652,66.12610296642971,attenuation-only proxy; not transported output
factor1000_proxy,output,1258.9254117941714,1584.8931924611175,1412.5375446227583,56.62295044430911,attenuation-only proxy; not transported output
factor1000_proxy,output,1584.8931924611175,1995.2623149688827,1778.2794100389265,60.18663264010478,attenuation-only proxy; not transported output
factor1000_proxy,output,1995.2623149688827,2511.8864315095825,2238.721138568342,59.790667951683005,attenuation-only proxy; not transported output
factor1000_proxy,output,2511.8864315095825,3162.2776601683795,2818.382931264455,56.22698575588736,attenuation-only proxy; not transported output
factor1000_proxy,output,3162.2776601683795,3981.0717055349855,3548.1338923357603,39.59646884217351,attenuation-only proxy; not transported output
factor1000_proxy,output,3981.0717055349855,5011.872336272735,4466.835921509644,46.32786854534381,attenuation-only proxy; not transported output
factor1000_proxy,output,5011.872336272735,6309.573444801942,5623.413251903502,44.34804510323511,attenuation-only proxy; not transported output
factor1000_proxy,output,6309.573444801942,7943.282347242822,7079.457843841388,39.20050415375243,attenuation-only proxy; not transported output
factor1000_proxy,output,7943.282347242822,10000.0,8912.509381337459,43.556115726391624,attenuation-only proxy; not transported output
factor1000_proxy,output,10000.0,12589.254117941713,11220.184543019652,37.01554300606306,attenuation-only proxy; not transported output
factor1000_proxy,output,12589.254117941713,15848.931924611108,14125.375446227554,33.65049364187669,attenuation-only proxy; not transported output
factor1000_proxy,output,15848.931924611108,19952.62314968883,17782.794100389227,33.650493641875514,attenuation-only proxy; not transported output
factor1000_proxy,output,19952.62314968883,25118.864315095925,22387.21138568347,27.08691968718283,attenuation-only proxy; not transported output
factor1000_proxy,output,25118.864315095925,31622.776601683792,28183.829312644608,20.31518976538784,attenuation-only proxy; not transported output
factor1000_proxy,output,31622.776601683792,39810.71705534986,35481.33892335761,18.19902416482595,attenuation-only proxy; not transported output
factor1000_proxy,output,39810.71705534986,50118.72336272714,44668.359215096345,16.917355836381454,attenuation-only proxy; not transported output
factor1000_proxy,output,50118.72336272714,63095.73444801943,56234.13251903491,22.704872306721644,attenuation-only proxy; not transported output
factor1000_proxy,output,63095.73444801943,79432.82347242854,70794.57843841403,15.58177511245604,attenuation-only proxy; not transported output
factor1000_proxy,output,79432.82347242854,100000.0,89125.09381337477,17.80774298566469,attenuation-only proxy; not transported output
factor1000_proxy,output,100000.0,125892.54117941714,112201.84543019652,12.465420089964834,attenuation-only proxy; not transported output
factor1000_proxy,output,125892.54117941714,158489.3192461111,141253.75446227554,18.25293656030629,attenuation-only proxy; not transported output
factor1000_proxy,output,158489.3192461111,199526.23149688827,177827.94100389228,11.57503294068163,attenuation-only proxy; not transported output
factor1000_proxy,output,199526.23149688827,251188.64315095925,223872.1138568347,4.89712932105761,attenuation-only proxy; not transported output
factor1000_proxy,output,251188.64315095925,316227.76601683797,281838.2931264461,8.45867791819072,attenuation-only proxy; not transported output
factor1000_proxy,output,316227.76601683797,398107.17055349855,354813.3892335761,5.787516470340815,attenuation-only proxy; not transported output
factor1000_proxy,output,398107.17055349855,501187.2336272715,446683.5921509635,4.897129321057786,attenuation-only proxy; not transported output
factor1000_proxy,output,501187.2336272715,630957.3444801944,562341.3251903491,7.123097194265615,attenuation-only proxy; not transported output
factor1000_proxy,output,630957.3444801944,794328.2347242853,707945.7843841403,5.342322895699214,attenuation-only proxy; not transported output
factor1000_proxy,output,794328.2347242853,1000000.0,891250.9381337477,2.671161447849701,attenuation-only proxy; not transported output
