tag,files,tt_files,tt_line_count,tt_sum_s,tt_mean_s,tt_min_s,tt_max_s,rate_hz_per_event,rate_times_tt_sum,expected_files_from_normalization,warnings
alpha,1,1,1,0.00310883,0.00310883,0.00310883,0.00310883,321.6644203767977,1.0,1,
eminus,1,1,1,0.0211142,0.0211142,0.0211142,0.0211142,47.36149131863864,1.0,1,
eplus,1,1,1,0.0158153,0.0158153,0.0158153,0.0158153,63.229910276757316,1.0,1,
gamma,1,1,1,0.0184288,0.0184288,0.0184288,0.0184288,54.262892863344334,1.0,1,
muminus,1,1,1,0.0299113,0.0299113,0.0299113,0.0299113,33.43218114893034,1.0,1,
muplus,1,1,1,0.0542506,0.0542506,0.0542506,0.0542506,18.432975856488223,1.0,1,
n,1,1,1,0.0170676,0.0170676,0.0170676,0.0170676,58.59054582952495,0.9999999999999999,1,
p,1,1,1,0.0194835,0.0194835,0.0194835,0.0194835,51.325480534811504,1.0,1,
