geometry,response_state,stage,energy_lo_keV,energy_hi_keV,energy_center_keV,events_per_bin,rate_cps_per_keV,rate_stat_sigma_cps_per_keV
Mass_model_511,raw,pre_veto,480.0,480.5,480.25,1,0.03385977082908012,0.03385977082908012
Mass_model_511,raw,pre_veto,480.5,481.0,480.75,2,0.049119017289448605,0.03713931452162376
Mass_model_511,raw,pre_veto,481.0,481.5,481.25,3,0.08297878811852873,0.05025746475633166
Mass_model_511,raw,pre_veto,481.5,482.0,481.75,3,0.10157931248724036,0.05864684340860534
Mass_model_511,raw,pre_veto,482.0,482.5,482.25,2,0.07878606919168996,0.056257056136666664
Mass_model_511,raw,pre_veto,482.5,483.0,482.75,2,0.07713692534881333,0.054949032602245956
Mass_model_511,raw,pre_veto,483.0,483.5,483.25,1,0.015259246460368485,0.015259246460368485
Mass_model_511,raw,pre_veto,483.5,484.0,483.75,1,0.03385977082908012,0.03385977082908012
Mass_model_511,raw,pre_veto,484.0,484.5,484.25,2,0.1336992703472472,0.10542490097048189
Mass_model_511,raw,pre_veto,484.5,485.0,484.75,2,0.049119017289448605,0.03713931452162376
Mass_model_511,raw,pre_veto,485.0,485.5,485.25,2,0.0775382581574541,0.055265670500707326
Mass_model_511,raw,pre_veto,485.5,486.0,485.75,2,0.07878606919168996,0.056257056136666664
Mass_model_511,raw,pre_veto,486.0,486.5,486.25,2,0.08985259672521968,0.063535380451623
Mass_model_511,raw,pre_veto,486.5,487.0,486.75,4,0.1559229945405033,0.07864001875054936
Mass_model_511,raw,pre_veto,487.0,487.5,487.25,1,0.015259246460368485,0.015259246460368485
Mass_model_511,raw,pre_veto,487.5,488.0,487.75,4,0.09823803457889721,0.05252292229372035
Mass_model_511,raw,pre_veto,488.0,488.5,488.25,2,0.06771954165816024,0.04788494712533001
Mass_model_511,raw,pre_veto,488.5,489.0,488.75,2,0.058937733788742466,0.04626721147673798
Mass_model_511,raw,pre_veto,489.0,489.5,489.25,1,0.015259246460368485,0.015259246460368485
Mass_model_511,raw,pre_veto,489.5,490.0,489.75,1,0.09983949951816709,0.09983949951816709
Mass_model_511,raw,pre_veto,490.0,490.5,490.25,3,0.11264584002077008,0.06566079839418562
Mass_model_511,raw,pre_veto,490.5,491.0,490.75,2,0.06771954165816024,0.04788494712533001
Mass_model_511,raw,pre_veto,491.0,491.5,491.25,5,0.17911757064469447,0.08058378607192782
Mass_model_511,raw,pre_veto,491.5,492.0,491.75,1,0.03385977082908012,0.03385977082908012
Mass_model_511,raw,pre_veto,492.0,492.5,492.25,3,0.08297878811852873,0.05025746475633166
Mass_model_511,raw,pre_veto,492.5,493.0,492.75,2,0.058937733788742466,0.04626721147673798
Mass_model_511,raw,pre_veto,493.0,493.5,493.25,0,0.0,0.0
Mass_model_511,raw,pre_veto,493.5,494.0,493.75,2,0.049119017289448605,0.03713931452162376
Mass_model_511,raw,pre_veto,494.0,494.5,494.25,2,0.14351798684654107,0.10897585016568127
Mass_model_511,raw,pre_veto,494.5,495.0,494.75,1,0.03385977082908012,0.03385977082908012
Mass_model_511,raw,pre_veto,495.0,495.5,495.25,3,0.11139802898653423,0.06481341231944648
Mass_model_511,raw,pre_veto,495.5,496.0,495.75,1,0.015259246460368485,0.015259246460368485
Mass_model_511,raw,pre_veto,496.0,496.5,496.25,3,0.06437826374981709,0.04015187773534834
Mass_model_511,raw,pre_veto,496.5,497.0,496.75,1,0.04367848732837398,0.04367848732837398
Mass_model_511,raw,pre_veto,497.0,497.5,497.25,1,0.015259246460368485,0.015259246460368485
Mass_model_511,raw,pre_veto,497.5,498.0,497.75,5,0.15258171663216014,0.07418529283871207
Mass_model_511,raw,pre_veto,498.0,498.5,498.25,1,0.015259246460368485,0.015259246460368485
Mass_model_511,raw,pre_veto,498.5,499.0,498.75,6,0.2505378292948561,0.12160060274919551
Mass_model_511,raw,pre_veto,499.0,499.5,499.25,1,0.03385977082908012,0.03385977082908012
Mass_model_511,raw,pre_veto,499.5,500.0,499.75,1,0.03385977082908012,0.03385977082908012
Mass_model_511,raw,pre_veto,500.0,500.5,500.25,1,0.03385977082908012,0.03385977082908012
Mass_model_511,raw,pre_veto,500.5,501.0,500.75,2,0.058937733788742466,0.04626721147673798
Mass_model_511,raw,pre_veto,501.0,501.5,501.25,2,0.0775382581574541,0.055265670500707326
Mass_model_511,raw,pre_veto,501.5,502.0,501.75,1,0.015259246460368485,0.015259246460368485
Mass_model_511,raw,pre_veto,502.0,502.5,502.25,0,0.0,0.0
Mass_model_511,raw,pre_veto,502.5,503.0,502.75,2,0.1336992703472472,0.10542490097048189
Mass_model_511,raw,pre_veto,503.0,503.5,503.25,5,0.16051704627598284,0.07470011445524478
Mass_model_511,raw,pre_veto,503.5,504.0,503.75,2,0.0775382581574541,0.055265670500707326
Mass_model_511,raw,pre_veto,504.0,504.5,504.25,0,0.0,0.0
Mass_model_511,raw,pre_veto,504.5,505.0,504.75,3,0.12246455652006394,0.07122265524718235
Mass_model_511,raw,pre_veto,505.0,505.5,505.25,3,0.12246455652006394,0.07122265524718235
Mass_model_511,raw,pre_veto,505.5,506.0,505.75,3,0.14895851680761568,0.10652349199671489
Mass_model_511,raw,pre_veto,506.0,506.5,506.25,0,0.0,0.0
Mass_model_511,raw,pre_veto,506.5,507.0,506.75,3,0.06437826374981709,0.04015187773534834
Mass_model_511,raw,pre_veto,507.0,507.5,507.25,2,0.1336992703472472,0.10542490097048189
Mass_model_511,raw,pre_veto,507.5,508.0,507.75,1,0.04367848732837398,0.04367848732837398
Mass_model_511,raw,pre_veto,508.0,508.5,508.25,3,0.16755904117632733,0.11072892045546971
Mass_model_511,raw,pre_veto,508.5,509.0,508.75,2,0.14351798684654107,0.10897585016568127
Mass_model_511,raw,pre_veto,509.0,509.5,509.25,2,0.06771954165816024,0.04788494712533001
Mass_model_511,raw,pre_veto,509.5,510.0,509.75,1,0.03385977082908012,0.03385977082908012
Mass_model_511,raw,pre_veto,510.0,510.5,510.25,2,0.06771954165816024,0.04788494712533001
Mass_model_511,raw,pre_veto,510.5,511.0,510.75,277,9.575207627896658,0.6312659640051017
Mass_model_511,raw,pre_veto,511.0,511.5,511.25,1,0.04367848732837398,0.04367848732837398
Mass_model_511,raw,pre_veto,511.5,512.0,511.75,0,0.0,0.0
Mass_model_511,raw,pre_veto,512.0,512.5,512.25,0,0.0,0.0
Mass_model_511,raw,pre_veto,512.5,513.0,512.75,3,0.14895851680761568,0.10652349199671489
Mass_model_511,raw,pre_veto,513.0,513.5,513.25,2,0.06771954165816024,0.04788494712533001
Mass_model_511,raw,pre_veto,513.5,514.0,513.75,0,0.0,0.0
Mass_model_511,raw,pre_veto,514.0,514.5,514.25,3,0.1773777576756212,0.11411494205375051
Mass_model_511,raw,pre_veto,514.5,515.0,514.75,3,0.07544479128334682,0.04984036004728273
Mass_model_511,raw,pre_veto,515.0,515.5,515.25,3,0.06437826374981709,0.04015187773534834
Mass_model_511,raw,pre_veto,515.5,516.0,515.75,0,0.0,0.0
Mass_model_511,raw,pre_veto,516.0,516.5,516.25,2,0.049119017289448605,0.03713931452162376
Mass_model_511,raw,pre_veto,516.5,517.0,516.75,0,0.0,0.0
Mass_model_511,raw,pre_veto,517.0,517.5,517.25,2,0.07878606919168996,0.056257056136666664
Mass_model_511,raw,pre_veto,517.5,518.0,517.75,2,0.07878606919168996,0.056257056136666664
Mass_model_511,raw,pre_veto,518.0,518.5,518.25,0,0.0,0.0
Mass_model_511,raw,pre_veto,518.5,519.0,518.75,1,0.043277154519733206,0.043277154519733206
Mass_model_511,raw,pre_veto,519.0,519.5,519.25,0,0.0,0.0
Mass_model_511,raw,pre_veto,519.5,520.0,519.75,4,0.12625594263826193,0.06632288343444352
Mass_model_511,raw,pre_veto,520.0,520.5,520.25,1,0.04492629836260984,0.04492629836260984
Mass_model_511,raw,pre_veto,520.5,521.0,520.75,4,0.13772380298043244,0.07283894029293163
Mass_model_511,raw,pre_veto,521.0,521.5,521.25,0,0.0,0.0
Mass_model_511,raw,pre_veto,521.5,522.0,521.75,1,0.04367848732837398,0.04367848732837398
Mass_model_511,raw,pre_veto,522.0,522.5,522.25,0,0.0,0.0
Mass_model_511,raw,pre_veto,522.5,523.0,522.75,2,0.07878606919168996,0.056257056136666664
Mass_model_511,raw,pre_veto,523.0,523.5,523.25,0,0.0,0.0
Mass_model_511,raw,pre_veto,523.5,524.0,523.75,1,0.03385977082908012,0.03385977082908012
Mass_model_511,raw,pre_veto,524.0,524.5,524.25,3,0.06437826374981709,0.04015187773534834
Mass_model_511,raw,pre_veto,524.5,525.0,524.75,1,0.03385977082908012,0.03385977082908012
Mass_model_511,raw,pre_veto,525.0,525.5,525.25,1,0.03385977082908012,0.03385977082908012
Mass_model_511,raw,pre_veto,525.5,526.0,525.75,2,0.06771954165816024,0.04788494712533001
Mass_model_511,raw,pre_veto,526.0,526.5,526.25,1,0.03385977082908012,0.03385977082908012
Mass_model_511,raw,pre_veto,526.5,527.0,526.75,1,0.04492629836260984,0.04492629836260984
Mass_model_511,raw,pre_veto,527.0,527.5,527.25,1,0.015259246460368485,0.015259246460368485
Mass_model_511,raw,pre_veto,527.5,528.0,527.75,0,0.0,0.0
Mass_model_511,raw,pre_veto,528.0,528.5,528.25,1,0.03385977082908012,0.03385977082908012
Mass_model_511,raw,pre_veto,528.5,529.0,528.75,2,0.06771954165816024,0.04788494712533001
Mass_model_511,raw,pre_veto,529.0,529.5,529.25,0,0.0,0.0
Mass_model_511,raw,pre_veto,529.5,530.0,529.75,1,0.03385977082908012,0.03385977082908012
Mass_model_511,raw,pre_veto,530.0,530.5,530.25,0,0.0,0.0
Mass_model_511,raw,pre_veto,530.5,531.0,530.75,0,0.0,0.0
Mass_model_511,raw,pre_veto,531.0,531.5,531.25,1,0.03385977082908012,0.03385977082908012
Mass_model_511,raw,pre_veto,531.5,532.0,531.75,0,0.0,0.0
Mass_model_511,raw,pre_veto,532.0,532.5,532.25,1,0.03385977082908012,0.03385977082908012
Mass_model_511,raw,pre_veto,532.5,533.0,532.75,2,0.06771954165816024,0.04788494712533001
Mass_model_511,raw,pre_veto,533.0,533.5,533.25,3,0.09279750461782259,0.05733357601293521
Mass_model_511,raw,pre_veto,533.5,534.0,533.75,1,0.03385977082908012,0.03385977082908012
Mass_model_511,raw,pre_veto,534.0,534.5,534.25,4,0.18281828763669583,0.1117753927650089
Mass_model_511,raw,pre_veto,534.5,535.0,534.75,0,0.0,0.0
Mass_model_511,raw,pre_veto,535.0,535.5,535.25,1,0.03385977082908012,0.03385977082908012
Mass_model_511,raw,pre_veto,535.5,536.0,535.75,4,0.1266572754469027,0.06658545651288159
Mass_model_511,raw,pre_veto,536.0,536.5,536.25,1,0.03385977082908012,0.03385977082908012
Mass_model_511,raw,pre_veto,536.5,537.0,536.75,1,0.03385977082908012,0.03385977082908012
Mass_model_511,raw,pre_veto,537.0,537.5,537.25,2,0.049119017289448605,0.03713931452162376
Mass_model_511,raw,pre_veto,537.5,538.0,537.75,0,0.0,0.0
Mass_model_511,raw,pre_veto,538.0,538.5,538.25,0,0.0,0.0
Mass_model_511,raw,pre_veto,538.5,539.0,538.75,1,0.03385977082908012,0.03385977082908012
Mass_model_511,raw,pre_veto,539.0,539.5,539.25,1,0.03385977082908012,0.03385977082908012
Mass_model_511,raw,pre_veto,539.5,540.0,539.75,5,0.19018409817822418,0.0858232764560678
Mass_model_511,raw,pre_veto,540.0,540.5,540.25,2,0.03051849292073697,0.021579833295846756
Mass_model_511,raw,pre_veto,540.5,541.0,540.75,0,0.0,0.0
Mass_model_511,raw,pre_veto,541.0,541.5,541.25,0,0.0,0.0
Mass_model_511,raw,pre_veto,541.5,542.0,541.75,2,0.049119017289448605,0.03713931452162376
Mass_model_511,raw,pre_veto,542.0,542.5,542.25,3,0.18804295240051014,0.11772514621748911
Mass_model_511,raw,pre_veto,542.5,543.0,542.75,2,0.03051849292073697,0.021579833295846756
Mass_model_511,raw,pre_veto,543.0,543.5,543.25,1,0.015259246460368485,0.015259246460368485
Mass_model_511,raw,pre_veto,543.5,544.0,543.75,0,0.0,0.0
Mass_model_511,raw,pre_veto,544.0,544.5,544.25,3,0.09404531565205845,0.05828980157542426
Mass_model_511,raw,pre_veto,544.5,545.0,544.75,0,0.0,0.0
Mass_model_511,raw,pre_veto,545.0,545.5,545.25,5,0.13209780540797733,0.062491130945679096
Mass_model_511,raw,pre_veto,545.5,546.0,545.75,0,0.0,0.0
Mass_model_511,raw,pre_veto,546.0,546.5,546.25,1,0.015259246460368485,0.015259246460368485
Mass_model_511,raw,pre_veto,546.5,547.0,546.75,1,0.03385977082908012,0.03385977082908012
Mass_model_511,raw,pre_veto,547.0,547.5,547.25,2,0.06771954165816024,0.04788494712533001
Mass_model_511,raw,pre_veto,547.5,548.0,547.75,1,0.015259246460368485,0.015259246460368485
Mass_model_511,raw,pre_veto,548.0,548.5,548.25,0,0.0,0.0
Mass_model_511,raw,pre_veto,548.5,549.0,548.75,2,0.058937733788742466,0.04626721147673798
Mass_model_511,raw,pre_veto,549.0,549.5,549.25,0,0.0,0.0
Mass_model_511,raw,pre_veto,549.5,550.0,549.75,0,0.0,0.0
Mass_model_511,raw,active_veto50,480.0,480.5,480.25,0,0.0,0.0
Mass_model_511,raw,active_veto50,480.5,481.0,480.75,0,0.0,0.0
Mass_model_511,raw,active_veto50,481.0,481.5,481.25,0,0.0,0.0
Mass_model_511,raw,active_veto50,481.5,482.0,481.75,0,0.0,0.0
Mass_model_511,raw,active_veto50,482.0,482.5,482.25,0,0.0,0.0
Mass_model_511,raw,active_veto50,482.5,483.0,482.75,1,0.03385977082908012,0.03385977082908012
Mass_model_511,raw,active_veto50,483.0,483.5,483.25,0,0.0,0.0
Mass_model_511,raw,active_veto50,483.5,484.0,483.75,1,0.03385977082908012,0.03385977082908012
Mass_model_511,raw,active_veto50,484.0,484.5,484.25,0,0.0,0.0
Mass_model_511,raw,active_veto50,484.5,485.0,484.75,0,0.0,0.0
Mass_model_511,raw,active_veto50,485.0,485.5,485.25,0,0.0,0.0
Mass_model_511,raw,active_veto50,485.5,486.0,485.75,0,0.0,0.0
Mass_model_511,raw,active_veto50,486.0,486.5,486.25,0,0.0,0.0
Mass_model_511,raw,active_veto50,486.5,487.0,486.75,1,0.03385977082908012,0.03385977082908012
Mass_model_511,raw,active_veto50,487.0,487.5,487.25,0,0.0,0.0
Mass_model_511,raw,active_veto50,487.5,488.0,487.75,0,0.0,0.0
Mass_model_511,raw,active_veto50,488.0,488.5,488.25,1,0.03385977082908012,0.03385977082908012
Mass_model_511,raw,active_veto50,488.5,489.0,488.75,0,0.0,0.0
Mass_model_511,raw,active_veto50,489.0,489.5,489.25,0,0.0,0.0
Mass_model_511,raw,active_veto50,489.5,490.0,489.75,0,0.0,0.0
Mass_model_511,raw,active_veto50,490.0,490.5,490.25,0,0.0,0.0
Mass_model_511,raw,active_veto50,490.5,491.0,490.75,1,0.03385977082908012,0.03385977082908012
Mass_model_511,raw,active_veto50,491.0,491.5,491.25,1,0.03385977082908012,0.03385977082908012
Mass_model_511,raw,active_veto50,491.5,492.0,491.75,0,0.0,0.0
Mass_model_511,raw,active_veto50,492.0,492.5,492.25,0,0.0,0.0
Mass_model_511,raw,active_veto50,492.5,493.0,492.75,0,0.0,0.0
Mass_model_511,raw,active_veto50,493.0,493.5,493.25,0,0.0,0.0
Mass_model_511,raw,active_veto50,493.5,494.0,493.75,0,0.0,0.0
Mass_model_511,raw,active_veto50,494.0,494.5,494.25,0,0.0,0.0
Mass_model_511,raw,active_veto50,494.5,495.0,494.75,0,0.0,0.0
Mass_model_511,raw,active_veto50,495.0,495.5,495.25,1,0.03385977082908012,0.03385977082908012
Mass_model_511,raw,active_veto50,495.5,496.0,495.75,0,0.0,0.0
Mass_model_511,raw,active_veto50,496.0,496.5,496.25,0,0.0,0.0
Mass_model_511,raw,active_veto50,496.5,497.0,496.75,0,0.0,0.0
Mass_model_511,raw,active_veto50,497.0,497.5,497.25,0,0.0,0.0
Mass_model_511,raw,active_veto50,497.5,498.0,497.75,0,0.0,0.0
Mass_model_511,raw,active_veto50,498.0,498.5,498.25,0,0.0,0.0
Mass_model_511,raw,active_veto50,498.5,499.0,498.75,0,0.0,0.0
Mass_model_511,raw,active_veto50,499.0,499.5,499.25,0,0.0,0.0
Mass_model_511,raw,active_veto50,499.5,500.0,499.75,0,0.0,0.0
Mass_model_511,raw,active_veto50,500.0,500.5,500.25,0,0.0,0.0
Mass_model_511,raw,active_veto50,500.5,501.0,500.75,0,0.0,0.0
Mass_model_511,raw,active_veto50,501.0,501.5,501.25,0,0.0,0.0
Mass_model_511,raw,active_veto50,501.5,502.0,501.75,0,0.0,0.0
Mass_model_511,raw,active_veto50,502.0,502.5,502.25,0,0.0,0.0
Mass_model_511,raw,active_veto50,502.5,503.0,502.75,1,0.03385977082908012,0.03385977082908012
Mass_model_511,raw,active_veto50,503.0,503.5,503.25,0,0.0,0.0
Mass_model_511,raw,active_veto50,503.5,504.0,503.75,0,0.0,0.0
Mass_model_511,raw,active_veto50,504.0,504.5,504.25,0,0.0,0.0
Mass_model_511,raw,active_veto50,504.5,505.0,504.75,0,0.0,0.0
Mass_model_511,raw,active_veto50,505.0,505.5,505.25,1,0.04492629836260984,0.04492629836260984
Mass_model_511,raw,active_veto50,505.5,506.0,505.75,0,0.0,0.0
Mass_model_511,raw,active_veto50,506.0,506.5,506.25,0,0.0,0.0
Mass_model_511,raw,active_veto50,506.5,507.0,506.75,0,0.0,0.0
Mass_model_511,raw,active_veto50,507.0,507.5,507.25,0,0.0,0.0
Mass_model_511,raw,active_veto50,507.5,508.0,507.75,0,0.0,0.0
Mass_model_511,raw,active_veto50,508.0,508.5,508.25,1,0.03385977082908012,0.03385977082908012
Mass_model_511,raw,active_veto50,508.5,509.0,508.75,0,0.0,0.0
Mass_model_511,raw,active_veto50,509.0,509.5,509.25,0,0.0,0.0
Mass_model_511,raw,active_veto50,509.5,510.0,509.75,0,0.0,0.0
Mass_model_511,raw,active_veto50,510.0,510.5,510.25,0,0.0,0.0
Mass_model_511,raw,active_veto50,510.5,511.0,510.75,8,0.2905155996312287,0.10341433650213497
Mass_model_511,raw,active_veto50,511.0,511.5,511.25,0,0.0,0.0
Mass_model_511,raw,active_veto50,511.5,512.0,511.75,0,0.0,0.0
Mass_model_511,raw,active_veto50,512.0,512.5,512.25,0,0.0,0.0
Mass_model_511,raw,active_veto50,512.5,513.0,512.75,1,0.015259246460368485,0.015259246460368485
Mass_model_511,raw,active_veto50,513.0,513.5,513.25,0,0.0,0.0
Mass_model_511,raw,active_veto50,513.5,514.0,513.75,0,0.0,0.0
Mass_model_511,raw,active_veto50,514.0,514.5,514.25,0,0.0,0.0
Mass_model_511,raw,active_veto50,514.5,515.0,514.75,0,0.0,0.0
Mass_model_511,raw,active_veto50,515.0,515.5,515.25,0,0.0,0.0
Mass_model_511,raw,active_veto50,515.5,516.0,515.75,0,0.0,0.0
Mass_model_511,raw,active_veto50,516.0,516.5,516.25,0,0.0,0.0
Mass_model_511,raw,active_veto50,516.5,517.0,516.75,0,0.0,0.0
Mass_model_511,raw,active_veto50,517.0,517.5,517.25,0,0.0,0.0
Mass_model_511,raw,active_veto50,517.5,518.0,517.75,0,0.0,0.0
Mass_model_511,raw,active_veto50,518.0,518.5,518.25,0,0.0,0.0
Mass_model_511,raw,active_veto50,518.5,519.0,518.75,0,0.0,0.0
Mass_model_511,raw,active_veto50,519.0,519.5,519.25,0,0.0,0.0
Mass_model_511,raw,active_veto50,519.5,520.0,519.75,1,0.03385977082908012,0.03385977082908012
Mass_model_511,raw,active_veto50,520.0,520.5,520.25,1,0.04492629836260984,0.04492629836260984
Mass_model_511,raw,active_veto50,520.5,521.0,520.75,1,0.03385977082908012,0.03385977082908012
Mass_model_511,raw,active_veto50,521.0,521.5,521.25,0,0.0,0.0
Mass_model_511,raw,active_veto50,521.5,522.0,521.75,0,0.0,0.0
Mass_model_511,raw,active_veto50,522.0,522.5,522.25,0,0.0,0.0
Mass_model_511,raw,active_veto50,522.5,523.0,522.75,0,0.0,0.0
Mass_model_511,raw,active_veto50,523.0,523.5,523.25,0,0.0,0.0
Mass_model_511,raw,active_veto50,523.5,524.0,523.75,0,0.0,0.0
Mass_model_511,raw,active_veto50,524.0,524.5,524.25,0,0.0,0.0
Mass_model_511,raw,active_veto50,524.5,525.0,524.75,0,0.0,0.0
Mass_model_511,raw,active_veto50,525.0,525.5,525.25,0,0.0,0.0
Mass_model_511,raw,active_veto50,525.5,526.0,525.75,0,0.0,0.0
Mass_model_511,raw,active_veto50,526.0,526.5,526.25,0,0.0,0.0
Mass_model_511,raw,active_veto50,526.5,527.0,526.75,0,0.0,0.0
Mass_model_511,raw,active_veto50,527.0,527.5,527.25,0,0.0,0.0
Mass_model_511,raw,active_veto50,527.5,528.0,527.75,0,0.0,0.0
Mass_model_511,raw,active_veto50,528.0,528.5,528.25,0,0.0,0.0
Mass_model_511,raw,active_veto50,528.5,529.0,528.75,0,0.0,0.0
Mass_model_511,raw,active_veto50,529.0,529.5,529.25,0,0.0,0.0
Mass_model_511,raw,active_veto50,529.5,530.0,529.75,0,0.0,0.0
Mass_model_511,raw,active_veto50,530.0,530.5,530.25,0,0.0,0.0
Mass_model_511,raw,active_veto50,530.5,531.0,530.75,0,0.0,0.0
Mass_model_511,raw,active_veto50,531.0,531.5,531.25,0,0.0,0.0
Mass_model_511,raw,active_veto50,531.5,532.0,531.75,0,0.0,0.0
Mass_model_511,raw,active_veto50,532.0,532.5,532.25,0,0.0,0.0
Mass_model_511,raw,active_veto50,532.5,533.0,532.75,0,0.0,0.0
Mass_model_511,raw,active_veto50,533.0,533.5,533.25,1,0.03385977082908012,0.03385977082908012
Mass_model_511,raw,active_veto50,533.5,534.0,533.75,0,0.0,0.0
Mass_model_511,raw,active_veto50,534.0,534.5,534.25,0,0.0,0.0
Mass_model_511,raw,active_veto50,534.5,535.0,534.75,0,0.0,0.0
Mass_model_511,raw,active_veto50,535.0,535.5,535.25,0,0.0,0.0
Mass_model_511,raw,active_veto50,535.5,536.0,535.75,1,0.03385977082908012,0.03385977082908012
Mass_model_511,raw,active_veto50,536.0,536.5,536.25,0,0.0,0.0
Mass_model_511,raw,active_veto50,536.5,537.0,536.75,0,0.0,0.0
Mass_model_511,raw,active_veto50,537.0,537.5,537.25,0,0.0,0.0
Mass_model_511,raw,active_veto50,537.5,538.0,537.75,0,0.0,0.0
Mass_model_511,raw,active_veto50,538.0,538.5,538.25,0,0.0,0.0
Mass_model_511,raw,active_veto50,538.5,539.0,538.75,0,0.0,0.0
Mass_model_511,raw,active_veto50,539.0,539.5,539.25,0,0.0,0.0
Mass_model_511,raw,active_veto50,539.5,540.0,539.75,0,0.0,0.0
Mass_model_511,raw,active_veto50,540.0,540.5,540.25,0,0.0,0.0
Mass_model_511,raw,active_veto50,540.5,541.0,540.75,0,0.0,0.0
Mass_model_511,raw,active_veto50,541.0,541.5,541.25,0,0.0,0.0
Mass_model_511,raw,active_veto50,541.5,542.0,541.75,0,0.0,0.0
Mass_model_511,raw,active_veto50,542.0,542.5,542.25,0,0.0,0.0
Mass_model_511,raw,active_veto50,542.5,543.0,542.75,0,0.0,0.0
Mass_model_511,raw,active_veto50,543.0,543.5,543.25,0,0.0,0.0
Mass_model_511,raw,active_veto50,543.5,544.0,543.75,0,0.0,0.0
Mass_model_511,raw,active_veto50,544.0,544.5,544.25,0,0.0,0.0
Mass_model_511,raw,active_veto50,544.5,545.0,544.75,0,0.0,0.0
Mass_model_511,raw,active_veto50,545.0,545.5,545.25,0,0.0,0.0
Mass_model_511,raw,active_veto50,545.5,546.0,545.75,0,0.0,0.0
Mass_model_511,raw,active_veto50,546.0,546.5,546.25,0,0.0,0.0
Mass_model_511,raw,active_veto50,546.5,547.0,546.75,0,0.0,0.0
Mass_model_511,raw,active_veto50,547.0,547.5,547.25,1,0.03385977082908012,0.03385977082908012
Mass_model_511,raw,active_veto50,547.5,548.0,547.75,0,0.0,0.0
Mass_model_511,raw,active_veto50,548.0,548.5,548.25,0,0.0,0.0
Mass_model_511,raw,active_veto50,548.5,549.0,548.75,0,0.0,0.0
Mass_model_511,raw,active_veto50,549.0,549.5,549.25,0,0.0,0.0
Mass_model_511,raw,active_veto50,549.5,550.0,549.75,0,0.0,0.0
Mass_model_511,measured,pre_veto,480.0,480.5,480.25,1,0.03385977082908012,0.03385977082908012
Mass_model_511,measured,pre_veto,480.5,481.0,480.75,3,0.08297878811852873,0.05025746475633166
Mass_model_511,measured,pre_veto,481.0,481.5,481.25,1,0.015259246460368485,0.015259246460368485
Mass_model_511,measured,pre_veto,481.5,482.0,481.75,4,0.13543908331632049,0.06771954165816024
Mass_model_511,measured,pre_veto,482.0,482.5,482.25,2,0.07878606919168996,0.056257056136666664
Mass_model_511,measured,pre_veto,482.5,483.0,482.75,2,0.07713692534881333,0.054949032602245956
Mass_model_511,measured,pre_veto,483.0,483.5,483.25,1,0.015259246460368485,0.015259246460368485
Mass_model_511,measured,pre_veto,483.5,484.0,483.75,0,0.0,0.0
Mass_model_511,measured,pre_veto,484.0,484.5,484.25,3,0.16755904117632733,0.11072892045546971
Mass_model_511,measured,pre_veto,484.5,485.0,484.75,2,0.049119017289448605,0.03713931452162376
Mass_model_511,measured,pre_veto,485.0,485.5,485.25,3,0.11139802898653423,0.06481341231944648
Mass_model_511,measured,pre_veto,485.5,486.0,485.75,2,0.08985259672521968,0.063535380451623
Mass_model_511,measured,pre_veto,486.0,486.5,486.25,1,0.04492629836260984,0.04492629836260984
Mass_model_511,measured,pre_veto,486.5,487.0,486.75,3,0.11264584002077008,0.06566079839418562
Mass_model_511,measured,pre_veto,487.0,487.5,487.25,2,0.05853640098010169,0.045888524773227704
Mass_model_511,measured,pre_veto,487.5,488.0,487.75,5,0.13209780540797733,0.062491130945679096
Mass_model_511,measured,pre_veto,488.0,488.5,488.25,2,0.0775382581574541,0.055265670500707326
Mass_model_511,measured,pre_veto,488.5,489.0,488.75,0,0.0,0.0
Mass_model_511,measured,pre_veto,489.0,489.5,489.25,2,0.03051849292073697,0.021579833295846756
Mass_model_511,measured,pre_veto,489.5,490.0,489.75,1,0.09983949951816709,0.09983949951816709
Mass_model_511,measured,pre_veto,490.0,490.5,490.25,3,0.11264584002077008,0.06566079839418562
Mass_model_511,measured,pre_veto,490.5,491.0,490.75,4,0.14525779981561435,0.07312497861256714
Mass_model_511,measured,pre_veto,491.0,491.5,491.25,1,0.03385977082908012,0.03385977082908012
Mass_model_511,measured,pre_veto,491.5,492.0,491.75,4,0.13543908331632049,0.06771954165816024
Mass_model_511,measured,pre_veto,492.0,492.5,492.25,3,0.06437826374981709,0.04015187773534834
Mass_model_511,measured,pre_veto,492.5,493.0,492.75,1,0.04367848732837398,0.04367848732837398
Mass_model_511,measured,pre_veto,493.0,493.5,493.25,0,0.0,0.0
Mass_model_511,measured,pre_veto,493.5,494.0,493.75,2,0.049119017289448605,0.03713931452162376
Mass_model_511,measured,pre_veto,494.0,494.5,494.25,1,0.09983949951816709,0.09983949951816709
Mass_model_511,measured,pre_veto,494.5,495.0,494.75,1,0.04367848732837398,0.04367848732837398
Mass_model_511,measured,pre_veto,495.0,495.5,495.25,4,0.14525779981561435,0.07312497861256714
Mass_model_511,measured,pre_veto,495.5,496.0,495.75,1,0.015259246460368485,0.015259246460368485
Mass_model_511,measured,pre_veto,496.0,496.5,496.25,3,0.06437826374981709,0.04015187773534834
Mass_model_511,measured,pre_veto,496.5,497.0,496.75,0,0.0,0.0
Mass_model_511,measured,pre_veto,497.0,497.5,497.25,2,0.058937733788742466,0.04626721147673798
Mass_model_511,measured,pre_veto,497.5,498.0,497.75,4,0.11872194580308001,0.06600737529221747
Mass_model_511,measured,pre_veto,498.0,498.5,498.25,3,0.08297878811852873,0.05025746475633166
Mass_model_511,measured,pre_veto,498.5,499.0,498.75,3,0.16755904117632733,0.11072892045546971
Mass_model_511,measured,pre_veto,499.0,499.5,499.25,3,0.08297878811852873,0.05025746475633166
Mass_model_511,measured,pre_veto,499.5,500.0,499.75,1,0.03385977082908012,0.03385977082908012
Mass_model_511,measured,pre_veto,500.0,500.5,500.25,1,0.04367848732837398,0.04367848732837398
Mass_model_511,measured,pre_veto,500.5,501.0,500.75,3,0.09279750461782259,0.05733357601293521
Mass_model_511,measured,pre_veto,501.0,501.5,501.25,2,0.049119017289448605,0.03713931452162376
Mass_model_511,measured,pre_veto,501.5,502.0,501.75,0,0.0,0.0
Mass_model_511,measured,pre_veto,502.0,502.5,502.25,0,0.0,0.0
Mass_model_511,measured,pre_veto,502.5,503.0,502.75,3,0.16755904117632733,0.11072892045546971
Mass_model_511,measured,pre_veto,503.0,503.5,503.25,5,0.17033576277527668,0.07963311669351998
Mass_model_511,measured,pre_veto,503.5,504.0,503.75,1,0.03385977082908012,0.03385977082908012
Mass_model_511,measured,pre_veto,504.0,504.5,504.25,0,0.0,0.0
Mass_model_511,measured,pre_veto,504.5,505.0,504.75,3,0.12246455652006394,0.07122265524718235
Mass_model_511,measured,pre_veto,505.0,505.5,505.25,4,0.22230405603823103,0.12264009248405303
Mass_model_511,measured,pre_veto,505.5,506.0,505.75,2,0.049119017289448605,0.03713931452162376
Mass_model_511,measured,pre_veto,506.0,506.5,506.25,0,0.0,0.0
Mass_model_511,measured,pre_veto,506.5,507.0,506.75,1,0.015259246460368485,0.015259246460368485
Mass_model_511,measured,pre_veto,507.0,507.5,507.25,4,0.18281828763669583,0.1117753927650089
Mass_model_511,measured,pre_veto,507.5,508.0,507.75,1,0.04367848732837398,0.04367848732837398
Mass_model_511,measured,pre_veto,508.0,508.5,508.25,3,0.2335387698654143,0.14519757370105743
Mass_model_511,measured,pre_veto,508.5,509.0,508.75,2,0.0775382581574541,0.055265670500707326
Mass_model_511,measured,pre_veto,509.0,509.5,509.25,2,0.06771954165816024,0.04788494712533001
Mass_model_511,measured,pre_veto,509.5,510.0,509.75,1,0.03385977082908012,0.03385977082908012
Mass_model_511,measured,pre_veto,510.0,510.5,510.25,8,0.3034655140202296,0.11068464187402476
Mass_model_511,measured,pre_veto,510.5,511.0,510.75,123,4.411529431322259,0.44112035769333763
Mass_model_511,measured,pre_veto,511.0,511.5,511.25,146,4.822652194733089,0.429548578698996
Mass_model_511,measured,pre_veto,511.5,512.0,511.75,3,0.14895851680761568,0.10652349199671489
Mass_model_511,measured,pre_veto,512.0,512.5,512.25,0,0.0,0.0
Mass_model_511,measured,pre_veto,512.5,513.0,512.75,1,0.015259246460368485,0.015259246460368485
Mass_model_511,measured,pre_veto,513.0,513.5,513.25,4,0.20141881200540745,0.11579023234207436
Mass_model_511,measured,pre_veto,513.5,514.0,513.75,0,0.0,0.0
Mass_model_511,measured,pre_veto,514.0,514.5,514.25,2,0.1336992703472472,0.10542490097048189
Mass_model_511,measured,pre_veto,514.5,515.0,514.75,3,0.07419698024911095,0.04871857407982568
Mass_model_511,measured,pre_veto,515.0,515.5,515.25,4,0.10930456211242692,0.06025400874830322
Mass_model_511,measured,pre_veto,515.5,516.0,515.75,0,0.0,0.0
Mass_model_511,measured,pre_veto,516.0,516.5,516.25,2,0.049119017289448605,0.03713931452162376
Mass_model_511,measured,pre_veto,516.5,517.0,516.75,0,0.0,0.0
Mass_model_511,measured,pre_veto,517.0,517.5,517.25,1,0.03385977082908012,0.03385977082908012
Mass_model_511,measured,pre_veto,517.5,518.0,517.75,2,0.08985259672521968,0.063535380451623
Mass_model_511,measured,pre_veto,518.0,518.5,518.25,1,0.03385977082908012,0.03385977082908012
Mass_model_511,measured,pre_veto,518.5,519.0,518.75,1,0.043277154519733206,0.043277154519733206
Mass_model_511,measured,pre_veto,519.0,519.5,519.25,0,0.0,0.0
Mass_model_511,measured,pre_veto,519.5,520.0,519.75,3,0.0923961718091818,0.057028420865924016
Mass_model_511,measured,pre_veto,520.0,520.5,520.25,2,0.07878606919168996,0.056257056136666664
Mass_model_511,measured,pre_veto,520.5,521.0,520.75,3,0.09404531565205845,0.05828980157542426
Mass_model_511,measured,pre_veto,521.0,521.5,521.25,1,0.04367848732837398,0.04367848732837398
Mass_model_511,measured,pre_veto,521.5,522.0,521.75,0,0.0,0.0
Mass_model_511,measured,pre_veto,522.0,522.5,522.25,1,0.04367848732837398,0.04367848732837398
Mass_model_511,measured,pre_veto,522.5,523.0,522.75,1,0.03385977082908012,0.03385977082908012
Mass_model_511,measured,pre_veto,523.0,523.5,523.25,1,0.04492629836260984,0.04492629836260984
Mass_model_511,measured,pre_veto,523.5,524.0,523.75,1,0.015259246460368485,0.015259246460368485
Mass_model_511,measured,pre_veto,524.0,524.5,524.25,2,0.049119017289448605,0.03713931452162376
Mass_model_511,measured,pre_veto,524.5,525.0,524.75,1,0.03385977082908012,0.03385977082908012
Mass_model_511,measured,pre_veto,525.0,525.5,525.25,2,0.06771954165816024,0.04788494712533001
Mass_model_511,measured,pre_veto,525.5,526.0,525.75,1,0.03385977082908012,0.03385977082908012
Mass_model_511,measured,pre_veto,526.0,526.5,526.25,2,0.06771954165816024,0.04788494712533001
Mass_model_511,measured,pre_veto,526.5,527.0,526.75,0,0.0,0.0
Mass_model_511,measured,pre_veto,527.0,527.5,527.25,1,0.04492629836260984,0.04492629836260984
Mass_model_511,measured,pre_veto,527.5,528.0,527.75,1,0.015259246460368485,0.015259246460368485
Mass_model_511,measured,pre_veto,528.0,528.5,528.25,2,0.06771954165816024,0.04788494712533001
Mass_model_511,measured,pre_veto,528.5,529.0,528.75,1,0.03385977082908012,0.03385977082908012
Mass_model_511,measured,pre_veto,529.0,529.5,529.25,0,0.0,0.0
Mass_model_511,measured,pre_veto,529.5,530.0,529.75,0,0.0,0.0
Mass_model_511,measured,pre_veto,530.0,530.5,530.25,1,0.03385977082908012,0.03385977082908012
Mass_model_511,measured,pre_veto,530.5,531.0,530.75,0,0.0,0.0
Mass_model_511,measured,pre_veto,531.0,531.5,531.25,1,0.03385977082908012,0.03385977082908012
Mass_model_511,measured,pre_veto,531.5,532.0,531.75,1,0.03385977082908012,0.03385977082908012
Mass_model_511,measured,pre_veto,532.0,532.5,532.25,0,0.0,0.0
Mass_model_511,measured,pre_veto,532.5,533.0,532.75,2,0.06771954165816024,0.04788494712533001
Mass_model_511,measured,pre_veto,533.0,533.5,533.25,3,0.09279750461782259,0.05733357601293521
Mass_model_511,measured,pre_veto,533.5,534.0,533.75,2,0.06771954165816024,0.04788494712533001
Mass_model_511,measured,pre_veto,534.0,534.5,534.25,2,0.1336992703472472,0.10542490097048189
Mass_model_511,measured,pre_veto,534.5,535.0,534.75,2,0.049119017289448605,0.03713931452162376
Mass_model_511,measured,pre_veto,535.0,535.5,535.25,0,0.0,0.0
Mass_model_511,measured,pre_veto,535.5,536.0,535.75,3,0.09279750461782259,0.05733357601293521
Mass_model_511,measured,pre_veto,536.0,536.5,536.25,2,0.06771954165816024,0.04788494712533001
Mass_model_511,measured,pre_veto,536.5,537.0,536.75,1,0.03385977082908012,0.03385977082908012
Mass_model_511,measured,pre_veto,537.0,537.5,537.25,1,0.03385977082908012,0.03385977082908012
Mass_model_511,measured,pre_veto,537.5,538.0,537.75,1,0.015259246460368485,0.015259246460368485
Mass_model_511,measured,pre_veto,538.0,538.5,538.25,0,0.0,0.0
Mass_model_511,measured,pre_veto,538.5,539.0,538.75,1,0.03385977082908012,0.03385977082908012
Mass_model_511,measured,pre_veto,539.0,539.5,539.25,2,0.07878606919168996,0.056257056136666664
Mass_model_511,measured,pre_veto,539.5,540.0,539.75,2,0.06771954165816024,0.04788494712533001
Mass_model_511,measured,pre_veto,540.0,540.5,540.25,3,0.09279750461782259,0.05733357601293521
Mass_model_511,measured,pre_veto,540.5,541.0,540.75,1,0.015259246460368485,0.015259246460368485
Mass_model_511,measured,pre_veto,541.0,541.5,541.25,0,0.0,0.0
Mass_model_511,measured,pre_veto,541.5,542.0,541.75,2,0.1336992703472472,0.10542490097048189
Mass_model_511,measured,pre_veto,542.0,542.5,542.25,4,0.11872194580308001,0.06600737529221747
Mass_model_511,measured,pre_veto,542.5,543.0,542.75,1,0.015259246460368485,0.015259246460368485
Mass_model_511,measured,pre_veto,543.0,543.5,543.25,1,0.015259246460368485,0.015259246460368485
Mass_model_511,measured,pre_veto,543.5,544.0,543.75,0,0.0,0.0
Mass_model_511,measured,pre_veto,544.0,544.5,544.25,2,0.060185544822978325,0.04744699028499603
Mass_model_511,measured,pre_veto,544.5,545.0,544.75,2,0.06771954165816024,0.04788494712533001
Mass_model_511,measured,pre_veto,545.0,545.5,545.25,3,0.06437826374981709,0.04015187773534834
Mass_model_511,measured,pre_veto,545.5,546.0,545.75,1,0.03385977082908012,0.03385977082908012
Mass_model_511,measured,pre_veto,546.0,546.5,546.25,1,0.015259246460368485,0.015259246460368485
Mass_model_511,measured,pre_veto,546.5,547.0,546.75,1,0.03385977082908012,0.03385977082908012
Mass_model_511,measured,pre_veto,547.0,547.5,547.25,2,0.06771954165816024,0.04788494712533001
Mass_model_511,measured,pre_veto,547.5,548.0,547.75,1,0.015259246460368485,0.015259246460368485
Mass_model_511,measured,pre_veto,548.0,548.5,548.25,0,0.0,0.0
Mass_model_511,measured,pre_veto,548.5,549.0,548.75,0,0.0,0.0
Mass_model_511,measured,pre_veto,549.0,549.5,549.25,1,0.015259246460368485,0.015259246460368485
Mass_model_511,measured,pre_veto,549.5,550.0,549.75,1,0.04367848732837398,0.04367848732837398
Mass_model_511,measured,active_veto50,480.0,480.5,480.25,0,0.0,0.0
Mass_model_511,measured,active_veto50,480.5,481.0,480.75,0,0.0,0.0
Mass_model_511,measured,active_veto50,481.0,481.5,481.25,0,0.0,0.0
Mass_model_511,measured,active_veto50,481.5,482.0,481.75,0,0.0,0.0
Mass_model_511,measured,active_veto50,482.0,482.5,482.25,1,0.03385977082908012,0.03385977082908012
Mass_model_511,measured,active_veto50,482.5,483.0,482.75,0,0.0,0.0
Mass_model_511,measured,active_veto50,483.0,483.5,483.25,0,0.0,0.0
Mass_model_511,measured,active_veto50,483.5,484.0,483.75,0,0.0,0.0
Mass_model_511,measured,active_veto50,484.0,484.5,484.25,1,0.03385977082908012,0.03385977082908012
Mass_model_511,measured,active_veto50,484.5,485.0,484.75,0,0.0,0.0
Mass_model_511,measured,active_veto50,485.0,485.5,485.25,0,0.0,0.0
Mass_model_511,measured,active_veto50,485.5,486.0,485.75,0,0.0,0.0
Mass_model_511,measured,active_veto50,486.0,486.5,486.25,0,0.0,0.0
Mass_model_511,measured,active_veto50,486.5,487.0,486.75,1,0.03385977082908012,0.03385977082908012
Mass_model_511,measured,active_veto50,487.0,487.5,487.25,0,0.0,0.0
Mass_model_511,measured,active_veto50,487.5,488.0,487.75,1,0.03385977082908012,0.03385977082908012
Mass_model_511,measured,active_veto50,488.0,488.5,488.25,0,0.0,0.0
Mass_model_511,measured,active_veto50,488.5,489.0,488.75,0,0.0,0.0
Mass_model_511,measured,active_veto50,489.0,489.5,489.25,0,0.0,0.0
Mass_model_511,measured,active_veto50,489.5,490.0,489.75,0,0.0,0.0
Mass_model_511,measured,active_veto50,490.0,490.5,490.25,0,0.0,0.0
Mass_model_511,measured,active_veto50,490.5,491.0,490.75,2,0.06771954165816024,0.04788494712533001
Mass_model_511,measured,active_veto50,491.0,491.5,491.25,0,0.0,0.0
Mass_model_511,measured,active_veto50,491.5,492.0,491.75,0,0.0,0.0
Mass_model_511,measured,active_veto50,492.0,492.5,492.25,0,0.0,0.0
Mass_model_511,measured,active_veto50,492.5,493.0,492.75,0,0.0,0.0
Mass_model_511,measured,active_veto50,493.0,493.5,493.25,0,0.0,0.0
Mass_model_511,measured,active_veto50,493.5,494.0,493.75,0,0.0,0.0
Mass_model_511,measured,active_veto50,494.0,494.5,494.25,0,0.0,0.0
Mass_model_511,measured,active_veto50,494.5,495.0,494.75,0,0.0,0.0
Mass_model_511,measured,active_veto50,495.0,495.5,495.25,1,0.03385977082908012,0.03385977082908012
Mass_model_511,measured,active_veto50,495.5,496.0,495.75,0,0.0,0.0
Mass_model_511,measured,active_veto50,496.0,496.5,496.25,0,0.0,0.0
Mass_model_511,measured,active_veto50,496.5,497.0,496.75,0,0.0,0.0
Mass_model_511,measured,active_veto50,497.0,497.5,497.25,0,0.0,0.0
Mass_model_511,measured,active_veto50,497.5,498.0,497.75,0,0.0,0.0
Mass_model_511,measured,active_veto50,498.0,498.5,498.25,0,0.0,0.0
Mass_model_511,measured,active_veto50,498.5,499.0,498.75,0,0.0,0.0
Mass_model_511,measured,active_veto50,499.0,499.5,499.25,0,0.0,0.0
Mass_model_511,measured,active_veto50,499.5,500.0,499.75,0,0.0,0.0
Mass_model_511,measured,active_veto50,500.0,500.5,500.25,0,0.0,0.0
Mass_model_511,measured,active_veto50,500.5,501.0,500.75,0,0.0,0.0
Mass_model_511,measured,active_veto50,501.0,501.5,501.25,0,0.0,0.0
Mass_model_511,measured,active_veto50,501.5,502.0,501.75,0,0.0,0.0
Mass_model_511,measured,active_veto50,502.0,502.5,502.25,0,0.0,0.0
Mass_model_511,measured,active_veto50,502.5,503.0,502.75,1,0.03385977082908012,0.03385977082908012
Mass_model_511,measured,active_veto50,503.0,503.5,503.25,0,0.0,0.0
Mass_model_511,measured,active_veto50,503.5,504.0,503.75,0,0.0,0.0
Mass_model_511,measured,active_veto50,504.0,504.5,504.25,0,0.0,0.0
Mass_model_511,measured,active_veto50,504.5,505.0,504.75,0,0.0,0.0
Mass_model_511,measured,active_veto50,505.0,505.5,505.25,1,0.04492629836260984,0.04492629836260984
Mass_model_511,measured,active_veto50,505.5,506.0,505.75,0,0.0,0.0
Mass_model_511,measured,active_veto50,506.0,506.5,506.25,0,0.0,0.0
Mass_model_511,measured,active_veto50,506.5,507.0,506.75,0,0.0,0.0
Mass_model_511,measured,active_veto50,507.0,507.5,507.25,0,0.0,0.0
Mass_model_511,measured,active_veto50,507.5,508.0,507.75,0,0.0,0.0
Mass_model_511,measured,active_veto50,508.0,508.5,508.25,1,0.03385977082908012,0.03385977082908012
Mass_model_511,measured,active_veto50,508.5,509.0,508.75,0,0.0,0.0
Mass_model_511,measured,active_veto50,509.0,509.5,509.25,0,0.0,0.0
Mass_model_511,measured,active_veto50,509.5,510.0,509.75,0,0.0,0.0
Mass_model_511,measured,active_veto50,510.0,510.5,510.25,0,0.0,0.0
Mass_model_511,measured,active_veto50,510.5,511.0,510.75,3,0.11139802898653423,0.06481341231944648
Mass_model_511,measured,active_veto50,511.0,511.5,511.25,5,0.17911757064469447,0.08058378607192782
Mass_model_511,measured,active_veto50,511.5,512.0,511.75,0,0.0,0.0
Mass_model_511,measured,active_veto50,512.0,512.5,512.25,0,0.0,0.0
Mass_model_511,measured,active_veto50,512.5,513.0,512.75,1,0.015259246460368485,0.015259246460368485
Mass_model_511,measured,active_veto50,513.0,513.5,513.25,0,0.0,0.0
Mass_model_511,measured,active_veto50,513.5,514.0,513.75,0,0.0,0.0
Mass_model_511,measured,active_veto50,514.0,514.5,514.25,0,0.0,0.0
Mass_model_511,measured,active_veto50,514.5,515.0,514.75,0,0.0,0.0
Mass_model_511,measured,active_veto50,515.0,515.5,515.25,0,0.0,0.0
Mass_model_511,measured,active_veto50,515.5,516.0,515.75,0,0.0,0.0
Mass_model_511,measured,active_veto50,516.0,516.5,516.25,0,0.0,0.0
Mass_model_511,measured,active_veto50,516.5,517.0,516.75,0,0.0,0.0
Mass_model_511,measured,active_veto50,517.0,517.5,517.25,0,0.0,0.0
Mass_model_511,measured,active_veto50,517.5,518.0,517.75,0,0.0,0.0
Mass_model_511,measured,active_veto50,518.0,518.5,518.25,0,0.0,0.0
Mass_model_511,measured,active_veto50,518.5,519.0,518.75,0,0.0,0.0
Mass_model_511,measured,active_veto50,519.0,519.5,519.25,0,0.0,0.0
Mass_model_511,measured,active_veto50,519.5,520.0,519.75,1,0.03385977082908012,0.03385977082908012
Mass_model_511,measured,active_veto50,520.0,520.5,520.25,1,0.04492629836260984,0.04492629836260984
Mass_model_511,measured,active_veto50,520.5,521.0,520.75,1,0.03385977082908012,0.03385977082908012
Mass_model_511,measured,active_veto50,521.0,521.5,521.25,0,0.0,0.0
Mass_model_511,measured,active_veto50,521.5,522.0,521.75,0,0.0,0.0
Mass_model_511,measured,active_veto50,522.0,522.5,522.25,0,0.0,0.0
Mass_model_511,measured,active_veto50,522.5,523.0,522.75,0,0.0,0.0
Mass_model_511,measured,active_veto50,523.0,523.5,523.25,0,0.0,0.0
Mass_model_511,measured,active_veto50,523.5,524.0,523.75,0,0.0,0.0
Mass_model_511,measured,active_veto50,524.0,524.5,524.25,0,0.0,0.0
Mass_model_511,measured,active_veto50,524.5,525.0,524.75,0,0.0,0.0
Mass_model_511,measured,active_veto50,525.0,525.5,525.25,0,0.0,0.0
Mass_model_511,measured,active_veto50,525.5,526.0,525.75,0,0.0,0.0
Mass_model_511,measured,active_veto50,526.0,526.5,526.25,0,0.0,0.0
Mass_model_511,measured,active_veto50,526.5,527.0,526.75,0,0.0,0.0
Mass_model_511,measured,active_veto50,527.0,527.5,527.25,0,0.0,0.0
Mass_model_511,measured,active_veto50,527.5,528.0,527.75,0,0.0,0.0
Mass_model_511,measured,active_veto50,528.0,528.5,528.25,0,0.0,0.0
Mass_model_511,measured,active_veto50,528.5,529.0,528.75,0,0.0,0.0
Mass_model_511,measured,active_veto50,529.0,529.5,529.25,0,0.0,0.0
Mass_model_511,measured,active_veto50,529.5,530.0,529.75,0,0.0,0.0
Mass_model_511,measured,active_veto50,530.0,530.5,530.25,0,0.0,0.0
Mass_model_511,measured,active_veto50,530.5,531.0,530.75,0,0.0,0.0
Mass_model_511,measured,active_veto50,531.0,531.5,531.25,0,0.0,0.0
Mass_model_511,measured,active_veto50,531.5,532.0,531.75,0,0.0,0.0
Mass_model_511,measured,active_veto50,532.0,532.5,532.25,0,0.0,0.0
Mass_model_511,measured,active_veto50,532.5,533.0,532.75,1,0.03385977082908012,0.03385977082908012
Mass_model_511,measured,active_veto50,533.0,533.5,533.25,0,0.0,0.0
Mass_model_511,measured,active_veto50,533.5,534.0,533.75,0,0.0,0.0
Mass_model_511,measured,active_veto50,534.0,534.5,534.25,0,0.0,0.0
Mass_model_511,measured,active_veto50,534.5,535.0,534.75,0,0.0,0.0
Mass_model_511,measured,active_veto50,535.0,535.5,535.25,0,0.0,0.0
Mass_model_511,measured,active_veto50,535.5,536.0,535.75,1,0.03385977082908012,0.03385977082908012
Mass_model_511,measured,active_veto50,536.0,536.5,536.25,0,0.0,0.0
Mass_model_511,measured,active_veto50,536.5,537.0,536.75,0,0.0,0.0
Mass_model_511,measured,active_veto50,537.0,537.5,537.25,0,0.0,0.0
Mass_model_511,measured,active_veto50,537.5,538.0,537.75,0,0.0,0.0
Mass_model_511,measured,active_veto50,538.0,538.5,538.25,0,0.0,0.0
Mass_model_511,measured,active_veto50,538.5,539.0,538.75,0,0.0,0.0
Mass_model_511,measured,active_veto50,539.0,539.5,539.25,0,0.0,0.0
Mass_model_511,measured,active_veto50,539.5,540.0,539.75,0,0.0,0.0
Mass_model_511,measured,active_veto50,540.0,540.5,540.25,0,0.0,0.0
Mass_model_511,measured,active_veto50,540.5,541.0,540.75,0,0.0,0.0
Mass_model_511,measured,active_veto50,541.0,541.5,541.25,0,0.0,0.0
Mass_model_511,measured,active_veto50,541.5,542.0,541.75,0,0.0,0.0
Mass_model_511,measured,active_veto50,542.0,542.5,542.25,0,0.0,0.0
Mass_model_511,measured,active_veto50,542.5,543.0,542.75,0,0.0,0.0
Mass_model_511,measured,active_veto50,543.0,543.5,543.25,0,0.0,0.0
Mass_model_511,measured,active_veto50,543.5,544.0,543.75,0,0.0,0.0
Mass_model_511,measured,active_veto50,544.0,544.5,544.25,0,0.0,0.0
Mass_model_511,measured,active_veto50,544.5,545.0,544.75,0,0.0,0.0
Mass_model_511,measured,active_veto50,545.0,545.5,545.25,0,0.0,0.0
Mass_model_511,measured,active_veto50,545.5,546.0,545.75,0,0.0,0.0
Mass_model_511,measured,active_veto50,546.0,546.5,546.25,0,0.0,0.0
Mass_model_511,measured,active_veto50,546.5,547.0,546.75,0,0.0,0.0
Mass_model_511,measured,active_veto50,547.0,547.5,547.25,1,0.03385977082908012,0.03385977082908012
Mass_model_511,measured,active_veto50,547.5,548.0,547.75,0,0.0,0.0
Mass_model_511,measured,active_veto50,548.0,548.5,548.25,0,0.0,0.0
Mass_model_511,measured,active_veto50,548.5,549.0,548.75,0,0.0,0.0
Mass_model_511,measured,active_veto50,549.0,549.5,549.25,0,0.0,0.0
Mass_model_511,measured,active_veto50,549.5,550.0,549.75,0,0.0,0.0
Mass_model_511,measured,side_compton_fov_pass,480.0,480.5,480.25,0,0.0,0.0
Mass_model_511,measured,side_compton_fov_pass,480.5,481.0,480.75,0,0.0,0.0
Mass_model_511,measured,side_compton_fov_pass,481.0,481.5,481.25,0,0.0,0.0
Mass_model_511,measured,side_compton_fov_pass,481.5,482.0,481.75,0,0.0,0.0
Mass_model_511,measured,side_compton_fov_pass,482.0,482.5,482.25,1,0.03385977082908012,0.03385977082908012
Mass_model_511,measured,side_compton_fov_pass,482.5,483.0,482.75,0,0.0,0.0
Mass_model_511,measured,side_compton_fov_pass,483.0,483.5,483.25,0,0.0,0.0
Mass_model_511,measured,side_compton_fov_pass,483.5,484.0,483.75,0,0.0,0.0
Mass_model_511,measured,side_compton_fov_pass,484.0,484.5,484.25,1,0.03385977082908012,0.03385977082908012
Mass_model_511,measured,side_compton_fov_pass,484.5,485.0,484.75,0,0.0,0.0
Mass_model_511,measured,side_compton_fov_pass,485.0,485.5,485.25,0,0.0,0.0
Mass_model_511,measured,side_compton_fov_pass,485.5,486.0,485.75,0,0.0,0.0
Mass_model_511,measured,side_compton_fov_pass,486.0,486.5,486.25,0,0.0,0.0
Mass_model_511,measured,side_compton_fov_pass,486.5,487.0,486.75,0,0.0,0.0
Mass_model_511,measured,side_compton_fov_pass,487.0,487.5,487.25,0,0.0,0.0
Mass_model_511,measured,side_compton_fov_pass,487.5,488.0,487.75,0,0.0,0.0
Mass_model_511,measured,side_compton_fov_pass,488.0,488.5,488.25,0,0.0,0.0
Mass_model_511,measured,side_compton_fov_pass,488.5,489.0,488.75,0,0.0,0.0
Mass_model_511,measured,side_compton_fov_pass,489.0,489.5,489.25,0,0.0,0.0
Mass_model_511,measured,side_compton_fov_pass,489.5,490.0,489.75,0,0.0,0.0
Mass_model_511,measured,side_compton_fov_pass,490.0,490.5,490.25,0,0.0,0.0
Mass_model_511,measured,side_compton_fov_pass,490.5,491.0,490.75,1,0.03385977082908012,0.03385977082908012
Mass_model_511,measured,side_compton_fov_pass,491.0,491.5,491.25,0,0.0,0.0
Mass_model_511,measured,side_compton_fov_pass,491.5,492.0,491.75,0,0.0,0.0
Mass_model_511,measured,side_compton_fov_pass,492.0,492.5,492.25,0,0.0,0.0
Mass_model_511,measured,side_compton_fov_pass,492.5,493.0,492.75,0,0.0,0.0
Mass_model_511,measured,side_compton_fov_pass,493.0,493.5,493.25,0,0.0,0.0
Mass_model_511,measured,side_compton_fov_pass,493.5,494.0,493.75,0,0.0,0.0
Mass_model_511,measured,side_compton_fov_pass,494.0,494.5,494.25,0,0.0,0.0
Mass_model_511,measured,side_compton_fov_pass,494.5,495.0,494.75,0,0.0,0.0
Mass_model_511,measured,side_compton_fov_pass,495.0,495.5,495.25,1,0.03385977082908012,0.03385977082908012
Mass_model_511,measured,side_compton_fov_pass,495.5,496.0,495.75,0,0.0,0.0
Mass_model_511,measured,side_compton_fov_pass,496.0,496.5,496.25,0,0.0,0.0
Mass_model_511,measured,side_compton_fov_pass,496.5,497.0,496.75,0,0.0,0.0
Mass_model_511,measured,side_compton_fov_pass,497.0,497.5,497.25,0,0.0,0.0
Mass_model_511,measured,side_compton_fov_pass,497.5,498.0,497.75,0,0.0,0.0
Mass_model_511,measured,side_compton_fov_pass,498.0,498.5,498.25,0,0.0,0.0
Mass_model_511,measured,side_compton_fov_pass,498.5,499.0,498.75,0,0.0,0.0
Mass_model_511,measured,side_compton_fov_pass,499.0,499.5,499.25,0,0.0,0.0
Mass_model_511,measured,side_compton_fov_pass,499.5,500.0,499.75,0,0.0,0.0
Mass_model_511,measured,side_compton_fov_pass,500.0,500.5,500.25,0,0.0,0.0
Mass_model_511,measured,side_compton_fov_pass,500.5,501.0,500.75,0,0.0,0.0
Mass_model_511,measured,side_compton_fov_pass,501.0,501.5,501.25,0,0.0,0.0
Mass_model_511,measured,side_compton_fov_pass,501.5,502.0,501.75,0,0.0,0.0
Mass_model_511,measured,side_compton_fov_pass,502.0,502.5,502.25,0,0.0,0.0
Mass_model_511,measured,side_compton_fov_pass,502.5,503.0,502.75,1,0.03385977082908012,0.03385977082908012
Mass_model_511,measured,side_compton_fov_pass,503.0,503.5,503.25,0,0.0,0.0
Mass_model_511,measured,side_compton_fov_pass,503.5,504.0,503.75,0,0.0,0.0
Mass_model_511,measured,side_compton_fov_pass,504.0,504.5,504.25,0,0.0,0.0
Mass_model_511,measured,side_compton_fov_pass,504.5,505.0,504.75,0,0.0,0.0
Mass_model_511,measured,side_compton_fov_pass,505.0,505.5,505.25,1,0.04492629836260984,0.04492629836260984
Mass_model_511,measured,side_compton_fov_pass,505.5,506.0,505.75,0,0.0,0.0
Mass_model_511,measured,side_compton_fov_pass,506.0,506.5,506.25,0,0.0,0.0
Mass_model_511,measured,side_compton_fov_pass,506.5,507.0,506.75,0,0.0,0.0
Mass_model_511,measured,side_compton_fov_pass,507.0,507.5,507.25,0,0.0,0.0
Mass_model_511,measured,side_compton_fov_pass,507.5,508.0,507.75,0,0.0,0.0
Mass_model_511,measured,side_compton_fov_pass,508.0,508.5,508.25,1,0.03385977082908012,0.03385977082908012
Mass_model_511,measured,side_compton_fov_pass,508.5,509.0,508.75,0,0.0,0.0
Mass_model_511,measured,side_compton_fov_pass,509.0,509.5,509.25,0,0.0,0.0
Mass_model_511,measured,side_compton_fov_pass,509.5,510.0,509.75,0,0.0,0.0
Mass_model_511,measured,side_compton_fov_pass,510.0,510.5,510.25,0,0.0,0.0
Mass_model_511,measured,side_compton_fov_pass,510.5,511.0,510.75,3,0.11139802898653423,0.06481341231944648
Mass_model_511,measured,side_compton_fov_pass,511.0,511.5,511.25,4,0.13543908331632049,0.06771954165816024
Mass_model_511,measured,side_compton_fov_pass,511.5,512.0,511.75,0,0.0,0.0
Mass_model_511,measured,side_compton_fov_pass,512.0,512.5,512.25,0,0.0,0.0
Mass_model_511,measured,side_compton_fov_pass,512.5,513.0,512.75,1,0.015259246460368485,0.015259246460368485
Mass_model_511,measured,side_compton_fov_pass,513.0,513.5,513.25,0,0.0,0.0
Mass_model_511,measured,side_compton_fov_pass,513.5,514.0,513.75,0,0.0,0.0
Mass_model_511,measured,side_compton_fov_pass,514.0,514.5,514.25,0,0.0,0.0
Mass_model_511,measured,side_compton_fov_pass,514.5,515.0,514.75,0,0.0,0.0
Mass_model_511,measured,side_compton_fov_pass,515.0,515.5,515.25,0,0.0,0.0
Mass_model_511,measured,side_compton_fov_pass,515.5,516.0,515.75,0,0.0,0.0
Mass_model_511,measured,side_compton_fov_pass,516.0,516.5,516.25,0,0.0,0.0
Mass_model_511,measured,side_compton_fov_pass,516.5,517.0,516.75,0,0.0,0.0
Mass_model_511,measured,side_compton_fov_pass,517.0,517.5,517.25,0,0.0,0.0
Mass_model_511,measured,side_compton_fov_pass,517.5,518.0,517.75,0,0.0,0.0
Mass_model_511,measured,side_compton_fov_pass,518.0,518.5,518.25,0,0.0,0.0
Mass_model_511,measured,side_compton_fov_pass,518.5,519.0,518.75,0,0.0,0.0
Mass_model_511,measured,side_compton_fov_pass,519.0,519.5,519.25,0,0.0,0.0
Mass_model_511,measured,side_compton_fov_pass,519.5,520.0,519.75,1,0.03385977082908012,0.03385977082908012
Mass_model_511,measured,side_compton_fov_pass,520.0,520.5,520.25,1,0.04492629836260984,0.04492629836260984
Mass_model_511,measured,side_compton_fov_pass,520.5,521.0,520.75,1,0.03385977082908012,0.03385977082908012
Mass_model_511,measured,side_compton_fov_pass,521.0,521.5,521.25,0,0.0,0.0
Mass_model_511,measured,side_compton_fov_pass,521.5,522.0,521.75,0,0.0,0.0
Mass_model_511,measured,side_compton_fov_pass,522.0,522.5,522.25,0,0.0,0.0
Mass_model_511,measured,side_compton_fov_pass,522.5,523.0,522.75,0,0.0,0.0
Mass_model_511,measured,side_compton_fov_pass,523.0,523.5,523.25,0,0.0,0.0
Mass_model_511,measured,side_compton_fov_pass,523.5,524.0,523.75,0,0.0,0.0
Mass_model_511,measured,side_compton_fov_pass,524.0,524.5,524.25,0,0.0,0.0
Mass_model_511,measured,side_compton_fov_pass,524.5,525.0,524.75,0,0.0,0.0
Mass_model_511,measured,side_compton_fov_pass,525.0,525.5,525.25,0,0.0,0.0
Mass_model_511,measured,side_compton_fov_pass,525.5,526.0,525.75,0,0.0,0.0
Mass_model_511,measured,side_compton_fov_pass,526.0,526.5,526.25,0,0.0,0.0
Mass_model_511,measured,side_compton_fov_pass,526.5,527.0,526.75,0,0.0,0.0
Mass_model_511,measured,side_compton_fov_pass,527.0,527.5,527.25,0,0.0,0.0
Mass_model_511,measured,side_compton_fov_pass,527.5,528.0,527.75,0,0.0,0.0
Mass_model_511,measured,side_compton_fov_pass,528.0,528.5,528.25,0,0.0,0.0
Mass_model_511,measured,side_compton_fov_pass,528.5,529.0,528.75,0,0.0,0.0
Mass_model_511,measured,side_compton_fov_pass,529.0,529.5,529.25,0,0.0,0.0
Mass_model_511,measured,side_compton_fov_pass,529.5,530.0,529.75,0,0.0,0.0
Mass_model_511,measured,side_compton_fov_pass,530.0,530.5,530.25,0,0.0,0.0
Mass_model_511,measured,side_compton_fov_pass,530.5,531.0,530.75,0,0.0,0.0
Mass_model_511,measured,side_compton_fov_pass,531.0,531.5,531.25,0,0.0,0.0
Mass_model_511,measured,side_compton_fov_pass,531.5,532.0,531.75,0,0.0,0.0
Mass_model_511,measured,side_compton_fov_pass,532.0,532.5,532.25,0,0.0,0.0
Mass_model_511,measured,side_compton_fov_pass,532.5,533.0,532.75,1,0.03385977082908012,0.03385977082908012
Mass_model_511,measured,side_compton_fov_pass,533.0,533.5,533.25,0,0.0,0.0
Mass_model_511,measured,side_compton_fov_pass,533.5,534.0,533.75,0,0.0,0.0
Mass_model_511,measured,side_compton_fov_pass,534.0,534.5,534.25,0,0.0,0.0
Mass_model_511,measured,side_compton_fov_pass,534.5,535.0,534.75,0,0.0,0.0
Mass_model_511,measured,side_compton_fov_pass,535.0,535.5,535.25,0,0.0,0.0
Mass_model_511,measured,side_compton_fov_pass,535.5,536.0,535.75,1,0.03385977082908012,0.03385977082908012
Mass_model_511,measured,side_compton_fov_pass,536.0,536.5,536.25,0,0.0,0.0
Mass_model_511,measured,side_compton_fov_pass,536.5,537.0,536.75,0,0.0,0.0
Mass_model_511,measured,side_compton_fov_pass,537.0,537.5,537.25,0,0.0,0.0
Mass_model_511,measured,side_compton_fov_pass,537.5,538.0,537.75,0,0.0,0.0
Mass_model_511,measured,side_compton_fov_pass,538.0,538.5,538.25,0,0.0,0.0
Mass_model_511,measured,side_compton_fov_pass,538.5,539.0,538.75,0,0.0,0.0
Mass_model_511,measured,side_compton_fov_pass,539.0,539.5,539.25,0,0.0,0.0
Mass_model_511,measured,side_compton_fov_pass,539.5,540.0,539.75,0,0.0,0.0
Mass_model_511,measured,side_compton_fov_pass,540.0,540.5,540.25,0,0.0,0.0
Mass_model_511,measured,side_compton_fov_pass,540.5,541.0,540.75,0,0.0,0.0
Mass_model_511,measured,side_compton_fov_pass,541.0,541.5,541.25,0,0.0,0.0
Mass_model_511,measured,side_compton_fov_pass,541.5,542.0,541.75,0,0.0,0.0
Mass_model_511,measured,side_compton_fov_pass,542.0,542.5,542.25,0,0.0,0.0
Mass_model_511,measured,side_compton_fov_pass,542.5,543.0,542.75,0,0.0,0.0
Mass_model_511,measured,side_compton_fov_pass,543.0,543.5,543.25,0,0.0,0.0
Mass_model_511,measured,side_compton_fov_pass,543.5,544.0,543.75,0,0.0,0.0
Mass_model_511,measured,side_compton_fov_pass,544.0,544.5,544.25,0,0.0,0.0
Mass_model_511,measured,side_compton_fov_pass,544.5,545.0,544.75,0,0.0,0.0
Mass_model_511,measured,side_compton_fov_pass,545.0,545.5,545.25,0,0.0,0.0
Mass_model_511,measured,side_compton_fov_pass,545.5,546.0,545.75,0,0.0,0.0
Mass_model_511,measured,side_compton_fov_pass,546.0,546.5,546.25,0,0.0,0.0
Mass_model_511,measured,side_compton_fov_pass,546.5,547.0,546.75,0,0.0,0.0
Mass_model_511,measured,side_compton_fov_pass,547.0,547.5,547.25,0,0.0,0.0
Mass_model_511,measured,side_compton_fov_pass,547.5,548.0,547.75,0,0.0,0.0
Mass_model_511,measured,side_compton_fov_pass,548.0,548.5,548.25,0,0.0,0.0
Mass_model_511,measured,side_compton_fov_pass,548.5,549.0,548.75,0,0.0,0.0
Mass_model_511,measured,side_compton_fov_pass,549.0,549.5,549.25,0,0.0,0.0
Mass_model_511,measured,side_compton_fov_pass,549.5,550.0,549.75,0,0.0,0.0
S3d_O8,raw,pre_veto,480.0,480.5,480.25,2,0.030471443988695078,0.02154656467695235
S3d_O8,raw,pre_veto,480.5,481.0,480.75,4,0.26729918926668045,0.1490417019683019
S3d_O8,raw,pre_veto,481.0,481.5,481.25,4,0.10823416352148052,0.05948568155982336
S3d_O8,raw,pre_veto,481.5,482.0,481.75,4,0.1563650846566484,0.07888626525358611
S3d_O8,raw,pre_veto,482.0,482.5,482.25,2,0.06768585626177755,0.04786112795312084
S3d_O8,raw,pre_veto,482.5,483.0,482.75,0,0.0,0.0
S3d_O8,raw,pre_veto,483.0,483.5,483.25,1,0.09980666650245144,0.09980666650245144
S3d_O8,raw,pre_veto,483.5,484.0,483.75,3,0.13350609835849522,0.07708236054932953
S3d_O8,raw,pre_veto,484.0,484.5,484.25,4,0.14551600876521317,0.07328647393222222
S3d_O8,raw,pre_veto,484.5,485.0,484.75,9,0.30646749883647856,0.10498474933551337
S3d_O8,raw,pre_veto,485.0,485.5,485.25,2,0.06768585626177755,0.04786112795312084
S3d_O8,raw,pre_veto,485.5,486.0,485.75,3,0.14888531662768775,0.1064839973305525
S3d_O8,raw,pre_veto,486.0,486.5,486.25,2,0.07776271953278543,0.055446297092399406
S3d_O8,raw,pre_veto,486.5,487.0,486.75,5,0.2267154691311234,0.12007939615090672
S3d_O8,raw,pre_veto,487.0,487.5,487.25,3,0.08292157825612509,0.0502276297831587
S3d_O8,raw,pre_veto,487.5,488.0,487.75,2,0.07776271953278543,0.055446297092399406
S3d_O8,raw,pre_veto,488.0,488.5,488.25,1,0.03384292813088877,0.03384292813088877
S3d_O8,raw,pre_veto,488.5,489.0,488.75,2,0.08797444874509369,0.062207329278804104
S3d_O8,raw,pre_veto,489.0,489.5,489.25,3,0.11244529325475174,0.06552934280818808
S3d_O8,raw,pre_veto,489.5,490.0,489.75,3,0.1116056476636742,0.0649587226300758
S3d_O8,raw,pre_veto,490.0,490.5,490.25,2,0.07860236512386296,0.05611373258303647
S3d_O8,raw,pre_veto,490.5,491.0,490.75,3,0.14888531662768775,0.1064839973305525
S3d_O8,raw,pre_veto,491.0,491.5,491.25,3,0.10152878439266633,0.05861767099960138
S3d_O8,raw,pre_veto,491.5,492.0,491.75,1,0.03384292813088877,0.03384292813088877
S3d_O8,raw,pre_veto,492.0,492.5,492.25,2,0.06768585626177755,0.04786112795312084
S3d_O8,raw,pre_veto,492.5,493.0,492.75,3,0.167492522764229,0.11068901592875677
S3d_O8,raw,pre_veto,493.0,493.5,493.25,3,0.1326664527674177,0.07659785365605828
S3d_O8,raw,pre_veto,493.5,494.0,493.75,1,0.03384292813088877,0.03384292813088877
S3d_O8,raw,pre_veto,494.0,494.5,494.25,1,0.03384292813088877,0.03384292813088877
S3d_O8,raw,pre_veto,494.5,495.0,494.75,5,0.18936836719645966,0.08540449348242597
S3d_O8,raw,pre_veto,495.0,495.5,495.25,3,0.12252215652575962,0.07125797542160908
S3d_O8,raw,pre_veto,495.5,496.0,495.75,1,0.04391979140189666,0.04391979140189666
S3d_O8,raw,pre_veto,496.0,496.5,496.25,1,0.03384292813088877,0.03384292813088877
S3d_O8,raw,pre_veto,496.5,497.0,496.75,2,0.13364959463334022,0.1053883981413707
S3d_O8,raw,pre_veto,497.0,497.5,497.25,2,0.13364959463334022,0.1053883981413707
S3d_O8,raw,pre_veto,497.5,498.0,497.75,1,0.03384292813088877,0.03384292813088877
S3d_O8,raw,pre_veto,498.0,498.5,498.25,1,0.03384292813088877,0.03384292813088877
S3d_O8,raw,pre_veto,498.5,499.0,498.75,4,0.12768101524909928,0.0672772026288406
S3d_O8,raw,pre_veto,499.0,499.5,499.25,1,0.03384292813088877,0.03384292813088877
S3d_O8,raw,pre_veto,499.5,500.0,499.75,1,0.03384292813088877,0.03384292813088877
S3d_O8,raw,pre_veto,500.0,500.5,500.25,5,0.32297513512174003,0.1583505590169851
S3d_O8,raw,pre_veto,500.5,501.0,500.75,1,0.03384292813088877,0.03384292813088877
S3d_O8,raw,pre_veto,501.0,501.5,501.25,4,0.21147974713677584,0.11910891719463051
S3d_O8,raw,pre_veto,501.5,502.0,501.75,2,0.06768585626177755,0.04786112795312084
S3d_O8,raw,pre_veto,502.0,502.5,502.25,0,0.0,0.0
S3d_O8,raw,pre_veto,502.5,503.0,502.75,2,0.04907865012523631,0.03711429656024142
S3d_O8,raw,pre_veto,503.0,503.5,503.25,2,0.08951887398594838,0.06329940283964812
S3d_O8,raw,pre_veto,503.5,504.0,503.75,2,0.14456610349542565,0.1093836271032351
S3d_O8,raw,pre_veto,504.0,504.5,504.25,5,0.17166823962164612,0.08038095484356264
S3d_O8,raw,pre_veto,504.5,505.0,504.75,0,0.0,0.0
S3d_O8,raw,pre_veto,505.0,505.5,505.25,2,0.06768585626177755,0.04786112795312084
S3d_O8,raw,pre_veto,505.5,506.0,505.75,1,0.03384292813088877,0.03384292813088877
S3d_O8,raw,pre_veto,506.0,506.5,506.25,2,0.04907865012523631,0.03711429656024142
S3d_O8,raw,pre_veto,506.5,507.0,506.75,1,0.043987224372546846,0.043987224372546846
S3d_O8,raw,pre_veto,507.0,507.5,507.25,3,0.10398238335986858,0.06457871423788067
S3d_O8,raw,pre_veto,507.5,508.0,507.75,0,0.0,0.0
S3d_O8,raw,pre_veto,508.0,508.5,508.25,3,0.10152878439266633,0.05861767099960138
S3d_O8,raw,pre_veto,508.5,509.0,508.75,1,0.03384292813088877,0.03384292813088877
S3d_O8,raw,pre_veto,509.0,509.5,509.25,0,0.0,0.0
S3d_O8,raw,pre_veto,509.5,510.0,509.75,4,0.1641210386220353,0.1075684382715588
S3d_O8,raw,pre_veto,510.0,510.5,510.25,7,0.37890483693035465,0.162582485438436
S3d_O8,raw,pre_veto,510.5,511.0,510.75,287,11.064513963391095,0.7551660480739641
S3d_O8,raw,pre_veto,511.0,511.5,511.25,2,0.06768585626177755,0.04786112795312084
S3d_O8,raw,pre_veto,511.5,512.0,511.75,2,0.05922294636689439,0.046551080897115855
S3d_O8,raw,pre_veto,512.0,512.5,512.25,2,0.030471443988695078,0.02154656467695235
S3d_O8,raw,pre_veto,512.5,513.0,512.75,3,0.15902961286934583,0.11012889634887561
S3d_O8,raw,pre_veto,513.0,513.5,513.25,2,0.06768585626177755,0.04786112795312084
S3d_O8,raw,pre_veto,513.5,514.0,513.75,2,0.11504238849679899,0.10096285407525189
S3d_O8,raw,pre_veto,514.0,514.5,514.25,4,0.1782655353514694,0.08913527644981452
S3d_O8,raw,pre_veto,514.5,515.0,514.75,2,0.11504238849679899,0.10096285407525189
S3d_O8,raw,pre_veto,515.0,515.5,515.25,0,0.0,0.0
S3d_O8,raw,pre_veto,515.5,516.0,515.75,2,0.13364959463334022,0.1053883981413707
S3d_O8,raw,pre_veto,516.0,516.5,516.25,1,0.015235721994347539,0.015235721994347539
S3d_O8,raw,pre_veto,516.5,517.0,516.75,2,0.04907865012523631,0.03711429656024142
S3d_O8,raw,pre_veto,517.0,517.5,517.25,1,0.03384292813088877,0.03384292813088877
S3d_O8,raw,pre_veto,517.5,518.0,517.75,0,0.0,0.0
S3d_O8,raw,pre_veto,518.0,518.5,518.25,1,0.09980666650245144,0.09980666650245144
S3d_O8,raw,pre_veto,518.5,519.0,518.75,3,0.10391495038921839,0.06453280174766308
S3d_O8,raw,pre_veto,519.0,519.5,519.25,1,0.03384292813088877,0.03384292813088877
S3d_O8,raw,pre_veto,519.5,520.0,519.75,1,0.010784323181649968,0.010784323181649968
S3d_O8,raw,pre_veto,520.0,520.5,520.25,1,0.043987224372546846,0.043987224372546846
S3d_O8,raw,pre_veto,520.5,521.0,520.75,2,0.04907865012523631,0.03711429656024142
S3d_O8,raw,pre_veto,521.0,521.5,521.25,2,0.06768585626177755,0.04786112795312084
S3d_O8,raw,pre_veto,521.5,522.0,521.75,1,0.04391979140189666,0.04391979140189666
S3d_O8,raw,pre_veto,522.0,522.5,522.25,0,0.0,0.0
S3d_O8,raw,pre_veto,522.5,523.0,522.75,3,0.09306587449778317,0.057552992252030886
S3d_O8,raw,pre_veto,523.0,523.5,523.25,1,0.03384292813088877,0.03384292813088877
S3d_O8,raw,pre_veto,523.5,524.0,523.75,1,0.03384292813088877,0.03384292813088877
S3d_O8,raw,pre_veto,524.0,524.5,524.25,2,0.04907865012523631,0.03711429656024142
S3d_O8,raw,pre_veto,524.5,525.0,524.75,2,0.06768585626177755,0.04786112795312084
S3d_O8,raw,pre_veto,525.0,525.5,525.25,0,0.0,0.0
S3d_O8,raw,pre_veto,525.5,526.0,525.75,4,0.09815730025047262,0.05248754155343052
S3d_O8,raw,pre_veto,526.0,526.5,526.25,2,0.13364959463334022,0.1053883981413707
S3d_O8,raw,pre_veto,526.5,527.0,526.75,1,0.03384292813088877,0.03384292813088877
S3d_O8,raw,pre_veto,527.0,527.5,527.25,2,0.08951887398594838,0.06329940283964812
S3d_O8,raw,pre_veto,527.5,528.0,527.75,2,0.13364959463334022,0.1053883981413707
S3d_O8,raw,pre_veto,528.0,528.5,528.25,1,0.015235721994347539,0.015235721994347539
S3d_O8,raw,pre_veto,528.5,529.0,528.75,2,0.14456610349542565,0.1093836271032351
S3d_O8,raw,pre_veto,529.0,529.5,529.25,4,0.22148917743713353,0.12232992526923368
S3d_O8,raw,pre_veto,529.5,530.0,529.75,0,0.0,0.0
S3d_O8,raw,pre_veto,530.0,530.5,530.25,5,0.23517837902600652,0.12059330751008356
S3d_O8,raw,pre_veto,530.5,531.0,530.75,2,0.07776271953278543,0.055446297092399406
S3d_O8,raw,pre_veto,531.0,531.5,531.25,1,0.03384292813088877,0.03384292813088877
S3d_O8,raw,pre_veto,531.5,532.0,531.75,0,0.0,0.0
S3d_O8,raw,pre_veto,532.0,532.5,532.25,0,0.0,0.0
S3d_O8,raw,pre_veto,532.5,533.0,532.75,1,0.03384292813088877,0.03384292813088877
S3d_O8,raw,pre_veto,533.0,533.5,533.25,2,0.07860236512386296,0.05611373258303647
S3d_O8,raw,pre_veto,533.5,534.0,533.75,4,0.24869198313013918,0.14594592274477788
S3d_O8,raw,pre_veto,534.0,534.5,534.25,1,0.03384292813088877,0.03384292813088877
S3d_O8,raw,pre_veto,534.5,535.0,534.75,1,0.03384292813088877,0.03384292813088877
S3d_O8,raw,pre_veto,535.0,535.5,535.25,3,0.0938380871182105,0.05814531975223435
S3d_O8,raw,pre_veto,535.5,536.0,535.75,4,0.1641210386220353,0.1075684382715588
S3d_O8,raw,pre_veto,536.0,536.5,536.25,2,0.06768585626177755,0.04786112795312084
S3d_O8,raw,pre_veto,536.5,537.0,536.75,6,0.2232765520182795,0.11718380525335964
S3d_O8,raw,pre_veto,537.0,537.5,537.25,1,0.03384292813088877,0.03384292813088877
S3d_O8,raw,pre_veto,537.5,538.0,537.75,2,0.04907865012523631,0.03711429656024142
S3d_O8,raw,pre_veto,538.0,538.5,538.25,0,0.0,0.0
S3d_O8,raw,pre_veto,538.5,539.0,538.75,1,0.03384292813088877,0.03384292813088877
S3d_O8,raw,pre_veto,539.0,539.5,539.25,3,0.12252215652575962,0.07125797542160908
S3d_O8,raw,pre_veto,539.5,540.0,539.75,1,0.03384292813088877,0.03384292813088877
S3d_O8,raw,pre_veto,540.0,540.5,540.25,2,0.04907865012523631,0.03711429656024142
S3d_O8,raw,pre_veto,540.5,541.0,540.75,5,0.2165711728894653,0.11674557489017781
S3d_O8,raw,pre_veto,541.0,541.5,541.25,0,0.0,0.0
S3d_O8,raw,pre_veto,541.5,542.0,541.75,1,0.03384292813088877,0.03384292813088877
S3d_O8,raw,pre_veto,542.0,542.5,542.25,1,0.09980666650245144,0.09980666650245144
S3d_O8,raw,pre_veto,542.5,543.0,542.75,1,0.03384292813088877,0.03384292813088877
S3d_O8,raw,pre_veto,543.0,543.5,543.25,0,0.0,0.0
S3d_O8,raw,pre_veto,543.5,544.0,543.75,2,0.06768585626177755,0.04786112795312084
S3d_O8,raw,pre_veto,544.0,544.5,544.25,1,0.03384292813088877,0.03384292813088877
S3d_O8,raw,pre_veto,544.5,545.0,544.75,3,0.12252215652575962,0.07125797542160908
S3d_O8,raw,pre_veto,545.0,545.5,545.25,1,0.03384292813088877,0.03384292813088877
S3d_O8,raw,pre_veto,545.5,546.0,545.75,4,0.14551600876521317,0.07328647393222222
S3d_O8,raw,pre_veto,546.0,546.5,546.25,0,0.0,0.0
S3d_O8,raw,pre_veto,546.5,547.0,546.75,2,0.07776271953278543,0.055446297092399406
S3d_O8,raw,pre_veto,547.0,547.5,547.25,3,0.11244529325475174,0.06552934280818808
S3d_O8,raw,pre_veto,547.5,548.0,547.75,1,0.043987224372546846,0.043987224372546846
S3d_O8,raw,pre_veto,548.0,548.5,548.25,3,0.167492522764229,0.11068901592875677
S3d_O8,raw,pre_veto,548.5,549.0,548.75,2,0.030471443988695078,0.02154656467695235
S3d_O8,raw,pre_veto,549.0,549.5,549.25,3,0.09299844152713296,0.057501470293790435
S3d_O8,raw,pre_veto,549.5,550.0,549.75,3,0.08292157825612509,0.0502276297831587
S3d_O8,raw,active_veto50,480.0,480.5,480.25,0,0.0,0.0
S3d_O8,raw,active_veto50,480.5,481.0,480.75,0,0.0,0.0
S3d_O8,raw,active_veto50,481.0,481.5,481.25,0,0.0,0.0
S3d_O8,raw,active_veto50,481.5,482.0,481.75,0,0.0,0.0
S3d_O8,raw,active_veto50,482.0,482.5,482.25,0,0.0,0.0
S3d_O8,raw,active_veto50,482.5,483.0,482.75,0,0.0,0.0
S3d_O8,raw,active_veto50,483.0,483.5,483.25,0,0.0,0.0
S3d_O8,raw,active_veto50,483.5,484.0,483.75,0,0.0,0.0
S3d_O8,raw,active_veto50,484.0,484.5,484.25,1,0.03384292813088877,0.03384292813088877
S3d_O8,raw,active_veto50,484.5,485.0,484.75,0,0.0,0.0
S3d_O8,raw,active_veto50,485.0,485.5,485.25,0,0.0,0.0
S3d_O8,raw,active_veto50,485.5,486.0,485.75,0,0.0,0.0
S3d_O8,raw,active_veto50,486.0,486.5,486.25,0,0.0,0.0
S3d_O8,raw,active_veto50,486.5,487.0,486.75,0,0.0,0.0
S3d_O8,raw,active_veto50,487.0,487.5,487.25,0,0.0,0.0
S3d_O8,raw,active_veto50,487.5,488.0,487.75,0,0.0,0.0
S3d_O8,raw,active_veto50,488.0,488.5,488.25,0,0.0,0.0
S3d_O8,raw,active_veto50,488.5,489.0,488.75,0,0.0,0.0
S3d_O8,raw,active_veto50,489.0,489.5,489.25,0,0.0,0.0
S3d_O8,raw,active_veto50,489.5,490.0,489.75,0,0.0,0.0
S3d_O8,raw,active_veto50,490.0,490.5,490.25,0,0.0,0.0
S3d_O8,raw,active_veto50,490.5,491.0,490.75,0,0.0,0.0
S3d_O8,raw,active_veto50,491.0,491.5,491.25,1,0.03384292813088877,0.03384292813088877
S3d_O8,raw,active_veto50,491.5,492.0,491.75,0,0.0,0.0
S3d_O8,raw,active_veto50,492.0,492.5,492.25,0,0.0,0.0
S3d_O8,raw,active_veto50,492.5,493.0,492.75,0,0.0,0.0
S3d_O8,raw,active_veto50,493.0,493.5,493.25,0,0.0,0.0
S3d_O8,raw,active_veto50,493.5,494.0,493.75,0,0.0,0.0
S3d_O8,raw,active_veto50,494.0,494.5,494.25,0,0.0,0.0
S3d_O8,raw,active_veto50,494.5,495.0,494.75,0,0.0,0.0
S3d_O8,raw,active_veto50,495.0,495.5,495.25,0,0.0,0.0
S3d_O8,raw,active_veto50,495.5,496.0,495.75,0,0.0,0.0
S3d_O8,raw,active_veto50,496.0,496.5,496.25,0,0.0,0.0
S3d_O8,raw,active_veto50,496.5,497.0,496.75,0,0.0,0.0
S3d_O8,raw,active_veto50,497.0,497.5,497.25,0,0.0,0.0
S3d_O8,raw,active_veto50,497.5,498.0,497.75,0,0.0,0.0
S3d_O8,raw,active_veto50,498.0,498.5,498.25,0,0.0,0.0
S3d_O8,raw,active_veto50,498.5,499.0,498.75,0,0.0,0.0
S3d_O8,raw,active_veto50,499.0,499.5,499.25,0,0.0,0.0
S3d_O8,raw,active_veto50,499.5,500.0,499.75,0,0.0,0.0
S3d_O8,raw,active_veto50,500.0,500.5,500.25,0,0.0,0.0
S3d_O8,raw,active_veto50,500.5,501.0,500.75,0,0.0,0.0
S3d_O8,raw,active_veto50,501.0,501.5,501.25,0,0.0,0.0
S3d_O8,raw,active_veto50,501.5,502.0,501.75,0,0.0,0.0
S3d_O8,raw,active_veto50,502.0,502.5,502.25,0,0.0,0.0
S3d_O8,raw,active_veto50,502.5,503.0,502.75,0,0.0,0.0
S3d_O8,raw,active_veto50,503.0,503.5,503.25,0,0.0,0.0
S3d_O8,raw,active_veto50,503.5,504.0,503.75,0,0.0,0.0
S3d_O8,raw,active_veto50,504.0,504.5,504.25,0,0.0,0.0
S3d_O8,raw,active_veto50,504.5,505.0,504.75,0,0.0,0.0
S3d_O8,raw,active_veto50,505.0,505.5,505.25,0,0.0,0.0
S3d_O8,raw,active_veto50,505.5,506.0,505.75,0,0.0,0.0
S3d_O8,raw,active_veto50,506.0,506.5,506.25,0,0.0,0.0
S3d_O8,raw,active_veto50,506.5,507.0,506.75,0,0.0,0.0
S3d_O8,raw,active_veto50,507.0,507.5,507.25,0,0.0,0.0
S3d_O8,raw,active_veto50,507.5,508.0,507.75,0,0.0,0.0
S3d_O8,raw,active_veto50,508.0,508.5,508.25,0,0.0,0.0
S3d_O8,raw,active_veto50,508.5,509.0,508.75,0,0.0,0.0
S3d_O8,raw,active_veto50,509.0,509.5,509.25,0,0.0,0.0
S3d_O8,raw,active_veto50,509.5,510.0,509.75,0,0.0,0.0
S3d_O8,raw,active_veto50,510.0,510.5,510.25,0,0.0,0.0
S3d_O8,raw,active_veto50,510.5,511.0,510.75,3,0.10152878439266633,0.05861767099960138
S3d_O8,raw,active_veto50,511.0,511.5,511.25,0,0.0,0.0
S3d_O8,raw,active_veto50,511.5,512.0,511.75,0,0.0,0.0
S3d_O8,raw,active_veto50,512.0,512.5,512.25,0,0.0,0.0
S3d_O8,raw,active_veto50,512.5,513.0,512.75,0,0.0,0.0
S3d_O8,raw,active_veto50,513.0,513.5,513.25,0,0.0,0.0
S3d_O8,raw,active_veto50,513.5,514.0,513.75,0,0.0,0.0
S3d_O8,raw,active_veto50,514.0,514.5,514.25,0,0.0,0.0
S3d_O8,raw,active_veto50,514.5,515.0,514.75,0,0.0,0.0
S3d_O8,raw,active_veto50,515.0,515.5,515.25,0,0.0,0.0
S3d_O8,raw,active_veto50,515.5,516.0,515.75,0,0.0,0.0
S3d_O8,raw,active_veto50,516.0,516.5,516.25,0,0.0,0.0
S3d_O8,raw,active_veto50,516.5,517.0,516.75,0,0.0,0.0
S3d_O8,raw,active_veto50,517.0,517.5,517.25,0,0.0,0.0
S3d_O8,raw,active_veto50,517.5,518.0,517.75,0,0.0,0.0
S3d_O8,raw,active_veto50,518.0,518.5,518.25,0,0.0,0.0
S3d_O8,raw,active_veto50,518.5,519.0,518.75,0,0.0,0.0
S3d_O8,raw,active_veto50,519.0,519.5,519.25,0,0.0,0.0
S3d_O8,raw,active_veto50,519.5,520.0,519.75,0,0.0,0.0
S3d_O8,raw,active_veto50,520.0,520.5,520.25,0,0.0,0.0
S3d_O8,raw,active_veto50,520.5,521.0,520.75,0,0.0,0.0
S3d_O8,raw,active_veto50,521.0,521.5,521.25,0,0.0,0.0
S3d_O8,raw,active_veto50,521.5,522.0,521.75,0,0.0,0.0
S3d_O8,raw,active_veto50,522.0,522.5,522.25,0,0.0,0.0
S3d_O8,raw,active_veto50,522.5,523.0,522.75,0,0.0,0.0
S3d_O8,raw,active_veto50,523.0,523.5,523.25,0,0.0,0.0
S3d_O8,raw,active_veto50,523.5,524.0,523.75,1,0.03384292813088877,0.03384292813088877
S3d_O8,raw,active_veto50,524.0,524.5,524.25,0,0.0,0.0
S3d_O8,raw,active_veto50,524.5,525.0,524.75,0,0.0,0.0
S3d_O8,raw,active_veto50,525.0,525.5,525.25,0,0.0,0.0
S3d_O8,raw,active_veto50,525.5,526.0,525.75,0,0.0,0.0
S3d_O8,raw,active_veto50,526.0,526.5,526.25,0,0.0,0.0
S3d_O8,raw,active_veto50,526.5,527.0,526.75,0,0.0,0.0
S3d_O8,raw,active_veto50,527.0,527.5,527.25,0,0.0,0.0
S3d_O8,raw,active_veto50,527.5,528.0,527.75,1,0.03384292813088877,0.03384292813088877
S3d_O8,raw,active_veto50,528.0,528.5,528.25,0,0.0,0.0
S3d_O8,raw,active_veto50,528.5,529.0,528.75,0,0.0,0.0
S3d_O8,raw,active_veto50,529.0,529.5,529.25,1,0.03384292813088877,0.03384292813088877
S3d_O8,raw,active_veto50,529.5,530.0,529.75,0,0.0,0.0
S3d_O8,raw,active_veto50,530.0,530.5,530.25,0,0.0,0.0
S3d_O8,raw,active_veto50,530.5,531.0,530.75,0,0.0,0.0
S3d_O8,raw,active_veto50,531.0,531.5,531.25,0,0.0,0.0
S3d_O8,raw,active_veto50,531.5,532.0,531.75,0,0.0,0.0
S3d_O8,raw,active_veto50,532.0,532.5,532.25,0,0.0,0.0
S3d_O8,raw,active_veto50,532.5,533.0,532.75,1,0.03384292813088877,0.03384292813088877
S3d_O8,raw,active_veto50,533.0,533.5,533.25,0,0.0,0.0
S3d_O8,raw,active_veto50,533.5,534.0,533.75,0,0.0,0.0
S3d_O8,raw,active_veto50,534.0,534.5,534.25,0,0.0,0.0
S3d_O8,raw,active_veto50,534.5,535.0,534.75,0,0.0,0.0
S3d_O8,raw,active_veto50,535.0,535.5,535.25,0,0.0,0.0
S3d_O8,raw,active_veto50,535.5,536.0,535.75,0,0.0,0.0
S3d_O8,raw,active_veto50,536.0,536.5,536.25,0,0.0,0.0
S3d_O8,raw,active_veto50,536.5,537.0,536.75,0,0.0,0.0
S3d_O8,raw,active_veto50,537.0,537.5,537.25,0,0.0,0.0
S3d_O8,raw,active_veto50,537.5,538.0,537.75,0,0.0,0.0
S3d_O8,raw,active_veto50,538.0,538.5,538.25,0,0.0,0.0
S3d_O8,raw,active_veto50,538.5,539.0,538.75,1,0.03384292813088877,0.03384292813088877
S3d_O8,raw,active_veto50,539.0,539.5,539.25,0,0.0,0.0
S3d_O8,raw,active_veto50,539.5,540.0,539.75,0,0.0,0.0
S3d_O8,raw,active_veto50,540.0,540.5,540.25,0,0.0,0.0
S3d_O8,raw,active_veto50,540.5,541.0,540.75,0,0.0,0.0
S3d_O8,raw,active_veto50,541.0,541.5,541.25,0,0.0,0.0
S3d_O8,raw,active_veto50,541.5,542.0,541.75,0,0.0,0.0
S3d_O8,raw,active_veto50,542.0,542.5,542.25,0,0.0,0.0
S3d_O8,raw,active_veto50,542.5,543.0,542.75,0,0.0,0.0
S3d_O8,raw,active_veto50,543.0,543.5,543.25,0,0.0,0.0
S3d_O8,raw,active_veto50,543.5,544.0,543.75,0,0.0,0.0
S3d_O8,raw,active_veto50,544.0,544.5,544.25,0,0.0,0.0
S3d_O8,raw,active_veto50,544.5,545.0,544.75,0,0.0,0.0
S3d_O8,raw,active_veto50,545.0,545.5,545.25,0,0.0,0.0
S3d_O8,raw,active_veto50,545.5,546.0,545.75,0,0.0,0.0
S3d_O8,raw,active_veto50,546.0,546.5,546.25,0,0.0,0.0
S3d_O8,raw,active_veto50,546.5,547.0,546.75,0,0.0,0.0
S3d_O8,raw,active_veto50,547.0,547.5,547.25,0,0.0,0.0
S3d_O8,raw,active_veto50,547.5,548.0,547.75,0,0.0,0.0
S3d_O8,raw,active_veto50,548.0,548.5,548.25,0,0.0,0.0
S3d_O8,raw,active_veto50,548.5,549.0,548.75,0,0.0,0.0
S3d_O8,raw,active_veto50,549.0,549.5,549.25,0,0.0,0.0
S3d_O8,raw,active_veto50,549.5,550.0,549.75,0,0.0,0.0
S3d_O8,measured,pre_veto,480.0,480.5,480.25,4,0.1928051080295844,0.11518589221028427
S3d_O8,measured,pre_veto,480.5,481.0,480.75,2,0.13364959463334022,0.1053883981413707
S3d_O8,measured,pre_veto,481.0,481.5,481.25,5,0.17160080665099592,0.08034407302563265
S3d_O8,measured,pre_veto,481.5,482.0,481.75,4,0.12684136965802173,0.06672153228471425
S3d_O8,measured,pre_veto,482.0,482.5,482.25,2,0.06768585626177755,0.04786112795312084
S3d_O8,measured,pre_veto,482.5,483.0,482.75,0,0.0,0.0
S3d_O8,measured,pre_veto,483.0,483.5,483.25,1,0.09980666650245144,0.09980666650245144
S3d_O8,measured,pre_veto,483.5,484.0,483.75,1,0.043987224372546846,0.043987224372546846
S3d_O8,measured,pre_veto,484.0,484.5,484.25,6,0.2235459205803535,0.09218992786311597
S3d_O8,measured,pre_veto,484.5,485.0,484.75,9,0.31795646100728664,0.10908957995568776
S3d_O8,measured,pre_veto,485.0,485.5,485.25,2,0.06768585626177755,0.04786112795312084
S3d_O8,measured,pre_veto,485.5,486.0,485.75,3,0.14888531662768775,0.1064839973305525
S3d_O8,measured,pre_veto,486.0,486.5,486.25,4,0.21141231416612566,0.1190840305165335
S3d_O8,measured,pre_veto,486.5,487.0,486.75,1,0.03384292813088877,0.03384292813088877
S3d_O8,measured,pre_veto,487.0,487.5,487.25,6,0.18606431602491613,0.0813557988290324
S3d_O8,measured,pre_veto,487.5,488.0,487.75,1,0.03384292813088877,0.03384292813088877
S3d_O8,measured,pre_veto,488.0,488.5,488.25,0,0.0,0.0
S3d_O8,measured,pre_veto,488.5,489.0,488.75,2,0.07783015250343561,0.05549972695854712
S3d_O8,measured,pre_veto,489.0,489.5,489.25,4,0.14551600876521317,0.07328647393222222
S3d_O8,measured,pre_veto,489.5,490.0,489.75,4,0.1672815935187338,0.0841493093323687
S3d_O8,measured,pre_veto,490.0,490.5,490.25,1,0.03384292813088877,0.03384292813088877
S3d_O8,measured,pre_veto,490.5,491.0,490.75,2,0.06768585626177755,0.04786112795312084
S3d_O8,measured,pre_veto,491.0,491.5,491.25,3,0.14888531662768775,0.1064839973305525
S3d_O8,measured,pre_veto,491.5,492.0,491.75,2,0.06768585626177755,0.04786112795312084
S3d_O8,measured,pre_veto,492.0,492.5,492.25,3,0.10152878439266633,0.05861767099960138
S3d_O8,measured,pre_veto,492.5,493.0,492.75,1,0.09980666650245144,0.09980666650245144
S3d_O8,measured,pre_veto,493.0,493.5,493.25,3,0.1225895894964098,0.07129955744884613
S3d_O8,measured,pre_veto,493.5,494.0,493.75,2,0.07776271953278543,0.055446297092399406
S3d_O8,measured,pre_veto,494.0,494.5,494.25,1,0.03384292813088877,0.03384292813088877
S3d_O8,measured,pre_veto,494.5,495.0,494.75,4,0.15552543906557087,0.07841290533143914
S3d_O8,measured,pre_veto,495.0,495.5,495.25,3,0.12252215652575962,0.07125797542160908
S3d_O8,measured,pre_veto,495.5,496.0,495.75,1,0.03384292813088877,0.03384292813088877
S3d_O8,measured,pre_veto,496.0,496.5,496.25,3,0.1116056476636742,0.0649587226300758
S3d_O8,measured,pre_veto,496.5,497.0,496.75,0,0.0,0.0
S3d_O8,measured,pre_veto,497.0,497.5,497.25,4,0.26729918926668045,0.1490417019683019
S3d_O8,measured,pre_veto,497.5,498.0,497.75,0,0.0,0.0
S3d_O8,measured,pre_veto,498.0,498.5,498.25,2,0.07860236512386296,0.05611373258303647
S3d_O8,measured,pre_veto,498.5,499.0,498.75,3,0.08292157825612509,0.0502276297831587
S3d_O8,measured,pre_veto,499.0,499.5,499.25,1,0.03384292813088877,0.03384292813088877
S3d_O8,measured,pre_veto,499.5,500.0,499.75,3,0.11244529325475174,0.06552934280818808
S3d_O8,measured,pre_veto,500.0,500.5,500.25,3,0.24437276999787708,0.14807480729884862
S3d_O8,measured,pre_veto,500.5,501.0,500.75,2,0.06768585626177755,0.04786112795312084
S3d_O8,measured,pre_veto,501.0,501.5,501.25,2,0.07783015250343561,0.05549972695854712
S3d_O8,measured,pre_veto,501.5,502.0,501.75,2,0.13364959463334022,0.1053883981413707
S3d_O8,measured,pre_veto,502.0,502.5,502.25,1,0.03384292813088877,0.03384292813088877
S3d_O8,measured,pre_veto,502.5,503.0,502.75,2,0.05999515898732173,0.047281438478720926
S3d_O8,measured,pre_veto,503.0,503.5,503.25,1,0.03384292813088877,0.03384292813088877
S3d_O8,measured,pre_veto,503.5,504.0,503.75,1,0.04475943699297419,0.04475943699297419
S3d_O8,measured,pre_veto,504.0,504.5,504.25,6,0.30099862112272424,0.1348842042462104
S3d_O8,measured,pre_veto,504.5,505.0,504.75,1,0.015235721994347539,0.015235721994347539
S3d_O8,measured,pre_veto,505.0,505.5,505.25,2,0.06768585626177755,0.04786112795312084
S3d_O8,measured,pre_veto,505.5,506.0,505.75,1,0.03384292813088877,0.03384292813088877
S3d_O8,measured,pre_veto,506.0,506.5,506.25,2,0.05922294636689439,0.046551080897115855
S3d_O8,measured,pre_veto,506.5,507.0,506.75,1,0.03384292813088877,0.03384292813088877
S3d_O8,measured,pre_veto,507.0,507.5,507.25,2,0.08874666136552103,0.06275574163316697
S3d_O8,measured,pre_veto,507.5,508.0,507.75,2,0.04907865012523631,0.03711429656024142
S3d_O8,measured,pre_veto,508.0,508.5,508.25,2,0.06768585626177755,0.04786112795312084
S3d_O8,measured,pre_veto,508.5,509.0,508.75,1,0.03384292813088877,0.03384292813088877
S3d_O8,measured,pre_veto,509.0,509.5,509.25,0,0.0,0.0
S3d_O8,measured,pre_veto,509.5,510.0,509.75,5,0.19796396675292405,0.11276662935751276
S3d_O8,measured,pre_veto,510.0,510.5,510.25,13,0.48892855131270024,0.15314110940004505
S3d_O8,measured,pre_veto,510.5,511.0,510.75,127,4.96016206264675,0.5092465830397322
S3d_O8,measured,pre_veto,511.0,511.5,511.25,149,5.786287356338067,0.5481100491872962
S3d_O8,measured,pre_veto,511.5,512.0,511.75,9,0.31634242651606265,0.13055416933525962
S3d_O8,measured,pre_veto,512.0,512.5,512.25,2,0.11504238849679899,0.10096285407525189
S3d_O8,measured,pre_veto,512.5,513.0,512.75,2,0.04907865012523631,0.03711429656024142
S3d_O8,measured,pre_veto,513.0,513.5,513.25,2,0.07783015250343561,0.05549972695854712
S3d_O8,measured,pre_veto,513.5,514.0,513.75,2,0.14456610349542565,0.1093836271032351
S3d_O8,measured,pre_veto,514.0,514.5,514.25,3,0.10475459598029592,0.06510715494125895
S3d_O8,measured,pre_veto,514.5,515.0,514.75,3,0.15902961286934583,0.11012889634887561
S3d_O8,measured,pre_veto,515.0,515.5,515.25,0,0.0,0.0
S3d_O8,measured,pre_veto,515.5,516.0,515.75,2,0.13364959463334022,0.1053883981413707
S3d_O8,measured,pre_veto,516.0,516.5,516.25,1,0.015235721994347539,0.015235721994347539
S3d_O8,measured,pre_veto,516.5,517.0,516.75,2,0.04907865012523631,0.03711429656024142
S3d_O8,measured,pre_veto,517.0,517.5,517.25,1,0.03384292813088877,0.03384292813088877
S3d_O8,measured,pre_veto,517.5,518.0,517.75,1,0.09980666650245144,0.09980666650245144
S3d_O8,measured,pre_veto,518.0,518.5,518.25,1,0.04475943699297419,0.04475943699297419
S3d_O8,measured,pre_veto,518.5,519.0,518.75,1,0.015235721994347539,0.015235721994347539
S3d_O8,measured,pre_veto,519.0,519.5,519.25,1,0.04391979140189666,0.04391979140189666
S3d_O8,measured,pre_veto,519.5,520.0,519.75,3,0.08861447568508558,0.05653778664715798
S3d_O8,measured,pre_veto,520.0,520.5,520.25,0,0.0,0.0
S3d_O8,measured,pre_veto,520.5,521.0,520.75,3,0.08292157825612509,0.0502276297831587
S3d_O8,measured,pre_veto,521.0,521.5,521.25,1,0.03384292813088877,0.03384292813088877
S3d_O8,measured,pre_veto,521.5,522.0,521.75,1,0.04391979140189666,0.04391979140189666
S3d_O8,measured,pre_veto,522.0,522.5,522.25,0,0.0,0.0
S3d_O8,measured,pre_veto,522.5,523.0,522.75,1,0.043987224372546846,0.043987224372546846
S3d_O8,measured,pre_veto,523.0,523.5,523.25,3,0.08292157825612509,0.0502276297831587
S3d_O8,measured,pre_veto,523.5,524.0,523.75,0,0.0,0.0
S3d_O8,measured,pre_veto,524.0,524.5,524.25,2,0.06768585626177755,0.04786112795312084
S3d_O8,measured,pre_veto,524.5,525.0,524.75,3,0.08292157825612509,0.0502276297831587
S3d_O8,measured,pre_veto,525.0,525.5,525.25,1,0.03384292813088877,0.03384292813088877
S3d_O8,measured,pre_veto,525.5,526.0,525.75,3,0.14888531662768775,0.1064839973305525
S3d_O8,measured,pre_veto,526.0,526.5,526.25,3,0.08292157825612509,0.0502276297831587
S3d_O8,measured,pre_veto,526.5,527.0,526.75,0,0.0,0.0
S3d_O8,measured,pre_veto,527.0,527.5,527.25,2,0.08951887398594838,0.06329940283964812
S3d_O8,measured,pre_veto,527.5,528.0,527.75,2,0.13364959463334022,0.1053883981413707
S3d_O8,measured,pre_veto,528.0,528.5,528.25,2,0.05999515898732173,0.047281438478720926
S3d_O8,measured,pre_veto,528.5,529.0,528.75,1,0.09980666650245144,0.09980666650245144
S3d_O8,measured,pre_veto,529.0,529.5,529.25,3,0.17756938603523686,0.11417382598297292
S3d_O8,measured,pre_veto,529.5,530.0,529.75,1,0.04391979140189666,0.04391979140189666
S3d_O8,measured,pre_veto,530.0,530.5,530.25,4,0.20133545089511778,0.11574714697023453
S3d_O8,measured,pre_veto,530.5,531.0,530.75,3,0.1116056476636742,0.0649587226300758
S3d_O8,measured,pre_veto,531.0,531.5,531.25,1,0.03384292813088877,0.03384292813088877
S3d_O8,measured,pre_veto,531.5,532.0,531.75,0,0.0,0.0
S3d_O8,measured,pre_veto,532.0,532.5,532.25,0,0.0,0.0
S3d_O8,measured,pre_veto,532.5,533.0,532.75,0,0.0,0.0
S3d_O8,measured,pre_veto,533.0,533.5,533.25,4,0.21225195975720318,0.11939625390775288
S3d_O8,measured,pre_veto,533.5,534.0,533.75,3,0.14888531662768775,0.1064839973305525
S3d_O8,measured,pre_veto,534.0,534.5,534.25,1,0.03384292813088877,0.03384292813088877
S3d_O8,measured,pre_veto,534.5,535.0,534.75,4,0.12768101524909928,0.0672772026288406
S3d_O8,measured,pre_veto,535.0,535.5,535.25,2,0.13364959463334022,0.1053883981413707
S3d_O8,measured,pre_veto,535.5,536.0,535.75,3,0.06431437211958385,0.04011979852704389
S3d_O8,measured,pre_veto,536.0,536.5,536.25,0,0.0,0.0
S3d_O8,measured,pre_veto,536.5,537.0,536.75,5,0.1420770916523693,0.06843895159270934
S3d_O8,measured,pre_veto,537.0,537.5,537.25,3,0.14888531662768775,0.1064839973305525
S3d_O8,measured,pre_veto,537.5,538.0,537.75,2,0.04907865012523631,0.03711429656024142
S3d_O8,measured,pre_veto,538.0,538.5,538.25,0,0.0,0.0
S3d_O8,measured,pre_veto,538.5,539.0,538.75,1,0.03384292813088877,0.03384292813088877
S3d_O8,measured,pre_veto,539.0,539.5,539.25,3,0.12252215652575962,0.07125797542160908
S3d_O8,measured,pre_veto,539.5,540.0,539.75,1,0.03384292813088877,0.03384292813088877
S3d_O8,measured,pre_veto,540.0,540.5,540.25,1,0.03384292813088877,0.03384292813088877
S3d_O8,measured,pre_veto,540.5,541.0,540.75,5,0.2165711728894653,0.11674557489017781
S3d_O8,measured,pre_veto,541.0,541.5,541.25,1,0.015235721994347539,0.015235721994347539
S3d_O8,measured,pre_veto,541.5,542.0,541.75,1,0.03384292813088877,0.03384292813088877
S3d_O8,measured,pre_veto,542.0,542.5,542.25,1,0.09980666650245144,0.09980666650245144
S3d_O8,measured,pre_veto,542.5,543.0,542.75,1,0.03384292813088877,0.03384292813088877
S3d_O8,measured,pre_veto,543.0,543.5,543.25,1,0.03384292813088877,0.03384292813088877
S3d_O8,measured,pre_veto,543.5,544.0,543.75,1,0.03384292813088877,0.03384292813088877
S3d_O8,measured,pre_veto,544.0,544.5,544.25,2,0.07860236512386296,0.05611373258303647
S3d_O8,measured,pre_veto,544.5,545.0,544.75,1,0.03384292813088877,0.03384292813088877
S3d_O8,measured,pre_veto,545.0,545.5,545.25,3,0.1116056476636742,0.0649587226300758
S3d_O8,measured,pre_veto,545.5,546.0,545.75,3,0.11167308063432439,0.06500433429353604
S3d_O8,measured,pre_veto,546.0,546.5,546.25,0,0.0,0.0
S3d_O8,measured,pre_veto,546.5,547.0,546.75,2,0.06768585626177755,0.04786112795312084
S3d_O8,measured,pre_veto,547.0,547.5,547.25,3,0.12252215652575962,0.07125797542160908
S3d_O8,measured,pre_veto,547.5,548.0,547.75,2,0.07783015250343561,0.05549972695854712
S3d_O8,measured,pre_veto,548.0,548.5,548.25,1,0.03384292813088877,0.03384292813088877
S3d_O8,measured,pre_veto,548.5,549.0,548.75,3,0.13027811049114651,0.10210595050098527
S3d_O8,measured,pre_veto,549.0,549.5,549.25,4,0.10823416352148052,0.05948568155982336
S3d_O8,measured,pre_veto,549.5,550.0,549.75,3,0.167492522764229,0.11068901592875677
S3d_O8,measured,active_veto50,480.0,480.5,480.25,0,0.0,0.0
S3d_O8,measured,active_veto50,480.5,481.0,480.75,0,0.0,0.0
S3d_O8,measured,active_veto50,481.0,481.5,481.25,0,0.0,0.0
S3d_O8,measured,active_veto50,481.5,482.0,481.75,0,0.0,0.0
S3d_O8,measured,active_veto50,482.0,482.5,482.25,0,0.0,0.0
S3d_O8,measured,active_veto50,482.5,483.0,482.75,0,0.0,0.0
S3d_O8,measured,active_veto50,483.0,483.5,483.25,0,0.0,0.0
S3d_O8,measured,active_veto50,483.5,484.0,483.75,0,0.0,0.0
S3d_O8,measured,active_veto50,484.0,484.5,484.25,1,0.03384292813088877,0.03384292813088877
S3d_O8,measured,active_veto50,484.5,485.0,484.75,0,0.0,0.0
S3d_O8,measured,active_veto50,485.0,485.5,485.25,0,0.0,0.0
S3d_O8,measured,active_veto50,485.5,486.0,485.75,0,0.0,0.0
S3d_O8,measured,active_veto50,486.0,486.5,486.25,0,0.0,0.0
S3d_O8,measured,active_veto50,486.5,487.0,486.75,0,0.0,0.0
S3d_O8,measured,active_veto50,487.0,487.5,487.25,0,0.0,0.0
S3d_O8,measured,active_veto50,487.5,488.0,487.75,0,0.0,0.0
S3d_O8,measured,active_veto50,488.0,488.5,488.25,0,0.0,0.0
S3d_O8,measured,active_veto50,488.5,489.0,488.75,0,0.0,0.0
S3d_O8,measured,active_veto50,489.0,489.5,489.25,0,0.0,0.0
S3d_O8,measured,active_veto50,489.5,490.0,489.75,0,0.0,0.0
S3d_O8,measured,active_veto50,490.0,490.5,490.25,0,0.0,0.0
S3d_O8,measured,active_veto50,490.5,491.0,490.75,1,0.03384292813088877,0.03384292813088877
S3d_O8,measured,active_veto50,491.0,491.5,491.25,0,0.0,0.0
S3d_O8,measured,active_veto50,491.5,492.0,491.75,0,0.0,0.0
S3d_O8,measured,active_veto50,492.0,492.5,492.25,0,0.0,0.0
S3d_O8,measured,active_veto50,492.5,493.0,492.75,0,0.0,0.0
S3d_O8,measured,active_veto50,493.0,493.5,493.25,0,0.0,0.0
S3d_O8,measured,active_veto50,493.5,494.0,493.75,0,0.0,0.0
S3d_O8,measured,active_veto50,494.0,494.5,494.25,0,0.0,0.0
S3d_O8,measured,active_veto50,494.5,495.0,494.75,0,0.0,0.0
S3d_O8,measured,active_veto50,495.0,495.5,495.25,0,0.0,0.0
S3d_O8,measured,active_veto50,495.5,496.0,495.75,0,0.0,0.0
S3d_O8,measured,active_veto50,496.0,496.5,496.25,0,0.0,0.0
S3d_O8,measured,active_veto50,496.5,497.0,496.75,0,0.0,0.0
S3d_O8,measured,active_veto50,497.0,497.5,497.25,0,0.0,0.0
S3d_O8,measured,active_veto50,497.5,498.0,497.75,0,0.0,0.0
S3d_O8,measured,active_veto50,498.0,498.5,498.25,0,0.0,0.0
S3d_O8,measured,active_veto50,498.5,499.0,498.75,0,0.0,0.0
S3d_O8,measured,active_veto50,499.0,499.5,499.25,0,0.0,0.0
S3d_O8,measured,active_veto50,499.5,500.0,499.75,0,0.0,0.0
S3d_O8,measured,active_veto50,500.0,500.5,500.25,0,0.0,0.0
S3d_O8,measured,active_veto50,500.5,501.0,500.75,0,0.0,0.0
S3d_O8,measured,active_veto50,501.0,501.5,501.25,0,0.0,0.0
S3d_O8,measured,active_veto50,501.5,502.0,501.75,0,0.0,0.0
S3d_O8,measured,active_veto50,502.0,502.5,502.25,0,0.0,0.0
S3d_O8,measured,active_veto50,502.5,503.0,502.75,0,0.0,0.0
S3d_O8,measured,active_veto50,503.0,503.5,503.25,0,0.0,0.0
S3d_O8,measured,active_veto50,503.5,504.0,503.75,0,0.0,0.0
S3d_O8,measured,active_veto50,504.0,504.5,504.25,0,0.0,0.0
S3d_O8,measured,active_veto50,504.5,505.0,504.75,0,0.0,0.0
S3d_O8,measured,active_veto50,505.0,505.5,505.25,0,0.0,0.0
S3d_O8,measured,active_veto50,505.5,506.0,505.75,0,0.0,0.0
S3d_O8,measured,active_veto50,506.0,506.5,506.25,0,0.0,0.0
S3d_O8,measured,active_veto50,506.5,507.0,506.75,0,0.0,0.0
S3d_O8,measured,active_veto50,507.0,507.5,507.25,0,0.0,0.0
S3d_O8,measured,active_veto50,507.5,508.0,507.75,0,0.0,0.0
S3d_O8,measured,active_veto50,508.0,508.5,508.25,0,0.0,0.0
S3d_O8,measured,active_veto50,508.5,509.0,508.75,0,0.0,0.0
S3d_O8,measured,active_veto50,509.0,509.5,509.25,0,0.0,0.0
S3d_O8,measured,active_veto50,509.5,510.0,509.75,0,0.0,0.0
S3d_O8,measured,active_veto50,510.0,510.5,510.25,0,0.0,0.0
S3d_O8,measured,active_veto50,510.5,511.0,510.75,1,0.03384292813088877,0.03384292813088877
S3d_O8,measured,active_veto50,511.0,511.5,511.25,2,0.06768585626177755,0.04786112795312084
S3d_O8,measured,active_veto50,511.5,512.0,511.75,0,0.0,0.0
S3d_O8,measured,active_veto50,512.0,512.5,512.25,0,0.0,0.0
S3d_O8,measured,active_veto50,512.5,513.0,512.75,0,0.0,0.0
S3d_O8,measured,active_veto50,513.0,513.5,513.25,0,0.0,0.0
S3d_O8,measured,active_veto50,513.5,514.0,513.75,0,0.0,0.0
S3d_O8,measured,active_veto50,514.0,514.5,514.25,0,0.0,0.0
S3d_O8,measured,active_veto50,514.5,515.0,514.75,0,0.0,0.0
S3d_O8,measured,active_veto50,515.0,515.5,515.25,0,0.0,0.0
S3d_O8,measured,active_veto50,515.5,516.0,515.75,0,0.0,0.0
S3d_O8,measured,active_veto50,516.0,516.5,516.25,0,0.0,0.0
S3d_O8,measured,active_veto50,516.5,517.0,516.75,0,0.0,0.0
S3d_O8,measured,active_veto50,517.0,517.5,517.25,0,0.0,0.0
S3d_O8,measured,active_veto50,517.5,518.0,517.75,0,0.0,0.0
S3d_O8,measured,active_veto50,518.0,518.5,518.25,0,0.0,0.0
S3d_O8,measured,active_veto50,518.5,519.0,518.75,0,0.0,0.0
S3d_O8,measured,active_veto50,519.0,519.5,519.25,0,0.0,0.0
S3d_O8,measured,active_veto50,519.5,520.0,519.75,0,0.0,0.0
S3d_O8,measured,active_veto50,520.0,520.5,520.25,0,0.0,0.0
S3d_O8,measured,active_veto50,520.5,521.0,520.75,0,0.0,0.0
S3d_O8,measured,active_veto50,521.0,521.5,521.25,0,0.0,0.0
S3d_O8,measured,active_veto50,521.5,522.0,521.75,0,0.0,0.0
S3d_O8,measured,active_veto50,522.0,522.5,522.25,0,0.0,0.0
S3d_O8,measured,active_veto50,522.5,523.0,522.75,0,0.0,0.0
S3d_O8,measured,active_veto50,523.0,523.5,523.25,0,0.0,0.0
S3d_O8,measured,active_veto50,523.5,524.0,523.75,0,0.0,0.0
S3d_O8,measured,active_veto50,524.0,524.5,524.25,1,0.03384292813088877,0.03384292813088877
S3d_O8,measured,active_veto50,524.5,525.0,524.75,0,0.0,0.0
S3d_O8,measured,active_veto50,525.0,525.5,525.25,0,0.0,0.0
S3d_O8,measured,active_veto50,525.5,526.0,525.75,0,0.0,0.0
S3d_O8,measured,active_veto50,526.0,526.5,526.25,0,0.0,0.0
S3d_O8,measured,active_veto50,526.5,527.0,526.75,0,0.0,0.0
S3d_O8,measured,active_veto50,527.0,527.5,527.25,0,0.0,0.0
S3d_O8,measured,active_veto50,527.5,528.0,527.75,1,0.03384292813088877,0.03384292813088877
S3d_O8,measured,active_veto50,528.0,528.5,528.25,0,0.0,0.0
S3d_O8,measured,active_veto50,528.5,529.0,528.75,0,0.0,0.0
S3d_O8,measured,active_veto50,529.0,529.5,529.25,1,0.03384292813088877,0.03384292813088877
S3d_O8,measured,active_veto50,529.5,530.0,529.75,0,0.0,0.0
S3d_O8,measured,active_veto50,530.0,530.5,530.25,0,0.0,0.0
S3d_O8,measured,active_veto50,530.5,531.0,530.75,0,0.0,0.0
S3d_O8,measured,active_veto50,531.0,531.5,531.25,0,0.0,0.0
S3d_O8,measured,active_veto50,531.5,532.0,531.75,0,0.0,0.0
S3d_O8,measured,active_veto50,532.0,532.5,532.25,0,0.0,0.0
S3d_O8,measured,active_veto50,532.5,533.0,532.75,0,0.0,0.0
S3d_O8,measured,active_veto50,533.0,533.5,533.25,1,0.03384292813088877,0.03384292813088877
S3d_O8,measured,active_veto50,533.5,534.0,533.75,0,0.0,0.0
S3d_O8,measured,active_veto50,534.0,534.5,534.25,0,0.0,0.0
S3d_O8,measured,active_veto50,534.5,535.0,534.75,0,0.0,0.0
S3d_O8,measured,active_veto50,535.0,535.5,535.25,0,0.0,0.0
S3d_O8,measured,active_veto50,535.5,536.0,535.75,0,0.0,0.0
S3d_O8,measured,active_veto50,536.0,536.5,536.25,0,0.0,0.0
S3d_O8,measured,active_veto50,536.5,537.0,536.75,0,0.0,0.0
S3d_O8,measured,active_veto50,537.0,537.5,537.25,0,0.0,0.0
S3d_O8,measured,active_veto50,537.5,538.0,537.75,0,0.0,0.0
S3d_O8,measured,active_veto50,538.0,538.5,538.25,0,0.0,0.0
S3d_O8,measured,active_veto50,538.5,539.0,538.75,1,0.03384292813088877,0.03384292813088877
S3d_O8,measured,active_veto50,539.0,539.5,539.25,0,0.0,0.0
S3d_O8,measured,active_veto50,539.5,540.0,539.75,0,0.0,0.0
S3d_O8,measured,active_veto50,540.0,540.5,540.25,0,0.0,0.0
S3d_O8,measured,active_veto50,540.5,541.0,540.75,0,0.0,0.0
S3d_O8,measured,active_veto50,541.0,541.5,541.25,0,0.0,0.0
S3d_O8,measured,active_veto50,541.5,542.0,541.75,0,0.0,0.0
S3d_O8,measured,active_veto50,542.0,542.5,542.25,0,0.0,0.0
S3d_O8,measured,active_veto50,542.5,543.0,542.75,0,0.0,0.0
S3d_O8,measured,active_veto50,543.0,543.5,543.25,0,0.0,0.0
S3d_O8,measured,active_veto50,543.5,544.0,543.75,0,0.0,0.0
S3d_O8,measured,active_veto50,544.0,544.5,544.25,0,0.0,0.0
S3d_O8,measured,active_veto50,544.5,545.0,544.75,0,0.0,0.0
S3d_O8,measured,active_veto50,545.0,545.5,545.25,0,0.0,0.0
S3d_O8,measured,active_veto50,545.5,546.0,545.75,0,0.0,0.0
S3d_O8,measured,active_veto50,546.0,546.5,546.25,0,0.0,0.0
S3d_O8,measured,active_veto50,546.5,547.0,546.75,0,0.0,0.0
S3d_O8,measured,active_veto50,547.0,547.5,547.25,0,0.0,0.0
S3d_O8,measured,active_veto50,547.5,548.0,547.75,0,0.0,0.0
S3d_O8,measured,active_veto50,548.0,548.5,548.25,0,0.0,0.0
S3d_O8,measured,active_veto50,548.5,549.0,548.75,0,0.0,0.0
S3d_O8,measured,active_veto50,549.0,549.5,549.25,0,0.0,0.0
S3d_O8,measured,active_veto50,549.5,550.0,549.75,0,0.0,0.0
S3d_O8,measured,side_compton_fov_pass,480.0,480.5,480.25,0,0.0,0.0
S3d_O8,measured,side_compton_fov_pass,480.5,481.0,480.75,0,0.0,0.0
S3d_O8,measured,side_compton_fov_pass,481.0,481.5,481.25,0,0.0,0.0
S3d_O8,measured,side_compton_fov_pass,481.5,482.0,481.75,0,0.0,0.0
S3d_O8,measured,side_compton_fov_pass,482.0,482.5,482.25,0,0.0,0.0
S3d_O8,measured,side_compton_fov_pass,482.5,483.0,482.75,0,0.0,0.0
S3d_O8,measured,side_compton_fov_pass,483.0,483.5,483.25,0,0.0,0.0
S3d_O8,measured,side_compton_fov_pass,483.5,484.0,483.75,0,0.0,0.0
S3d_O8,measured,side_compton_fov_pass,484.0,484.5,484.25,1,0.03384292813088877,0.03384292813088877
S3d_O8,measured,side_compton_fov_pass,484.5,485.0,484.75,0,0.0,0.0
S3d_O8,measured,side_compton_fov_pass,485.0,485.5,485.25,0,0.0,0.0
S3d_O8,measured,side_compton_fov_pass,485.5,486.0,485.75,0,0.0,0.0
S3d_O8,measured,side_compton_fov_pass,486.0,486.5,486.25,0,0.0,0.0
S3d_O8,measured,side_compton_fov_pass,486.5,487.0,486.75,0,0.0,0.0
S3d_O8,measured,side_compton_fov_pass,487.0,487.5,487.25,0,0.0,0.0
S3d_O8,measured,side_compton_fov_pass,487.5,488.0,487.75,0,0.0,0.0
S3d_O8,measured,side_compton_fov_pass,488.0,488.5,488.25,0,0.0,0.0
S3d_O8,measured,side_compton_fov_pass,488.5,489.0,488.75,0,0.0,0.0
S3d_O8,measured,side_compton_fov_pass,489.0,489.5,489.25,0,0.0,0.0
S3d_O8,measured,side_compton_fov_pass,489.5,490.0,489.75,0,0.0,0.0
S3d_O8,measured,side_compton_fov_pass,490.0,490.5,490.25,0,0.0,0.0
S3d_O8,measured,side_compton_fov_pass,490.5,491.0,490.75,1,0.03384292813088877,0.03384292813088877
S3d_O8,measured,side_compton_fov_pass,491.0,491.5,491.25,0,0.0,0.0
S3d_O8,measured,side_compton_fov_pass,491.5,492.0,491.75,0,0.0,0.0
S3d_O8,measured,side_compton_fov_pass,492.0,492.5,492.25,0,0.0,0.0
S3d_O8,measured,side_compton_fov_pass,492.5,493.0,492.75,0,0.0,0.0
S3d_O8,measured,side_compton_fov_pass,493.0,493.5,493.25,0,0.0,0.0
S3d_O8,measured,side_compton_fov_pass,493.5,494.0,493.75,0,0.0,0.0
S3d_O8,measured,side_compton_fov_pass,494.0,494.5,494.25,0,0.0,0.0
S3d_O8,measured,side_compton_fov_pass,494.5,495.0,494.75,0,0.0,0.0
S3d_O8,measured,side_compton_fov_pass,495.0,495.5,495.25,0,0.0,0.0
S3d_O8,measured,side_compton_fov_pass,495.5,496.0,495.75,0,0.0,0.0
S3d_O8,measured,side_compton_fov_pass,496.0,496.5,496.25,0,0.0,0.0
S3d_O8,measured,side_compton_fov_pass,496.5,497.0,496.75,0,0.0,0.0
S3d_O8,measured,side_compton_fov_pass,497.0,497.5,497.25,0,0.0,0.0
S3d_O8,measured,side_compton_fov_pass,497.5,498.0,497.75,0,0.0,0.0
S3d_O8,measured,side_compton_fov_pass,498.0,498.5,498.25,0,0.0,0.0
S3d_O8,measured,side_compton_fov_pass,498.5,499.0,498.75,0,0.0,0.0
S3d_O8,measured,side_compton_fov_pass,499.0,499.5,499.25,0,0.0,0.0
S3d_O8,measured,side_compton_fov_pass,499.5,500.0,499.75,0,0.0,0.0
S3d_O8,measured,side_compton_fov_pass,500.0,500.5,500.25,0,0.0,0.0
S3d_O8,measured,side_compton_fov_pass,500.5,501.0,500.75,0,0.0,0.0
S3d_O8,measured,side_compton_fov_pass,501.0,501.5,501.25,0,0.0,0.0
S3d_O8,measured,side_compton_fov_pass,501.5,502.0,501.75,0,0.0,0.0
S3d_O8,measured,side_compton_fov_pass,502.0,502.5,502.25,0,0.0,0.0
S3d_O8,measured,side_compton_fov_pass,502.5,503.0,502.75,0,0.0,0.0
S3d_O8,measured,side_compton_fov_pass,503.0,503.5,503.25,0,0.0,0.0
S3d_O8,measured,side_compton_fov_pass,503.5,504.0,503.75,0,0.0,0.0
S3d_O8,measured,side_compton_fov_pass,504.0,504.5,504.25,0,0.0,0.0
S3d_O8,measured,side_compton_fov_pass,504.5,505.0,504.75,0,0.0,0.0
S3d_O8,measured,side_compton_fov_pass,505.0,505.5,505.25,0,0.0,0.0
S3d_O8,measured,side_compton_fov_pass,505.5,506.0,505.75,0,0.0,0.0
S3d_O8,measured,side_compton_fov_pass,506.0,506.5,506.25,0,0.0,0.0
S3d_O8,measured,side_compton_fov_pass,506.5,507.0,506.75,0,0.0,0.0
S3d_O8,measured,side_compton_fov_pass,507.0,507.5,507.25,0,0.0,0.0
S3d_O8,measured,side_compton_fov_pass,507.5,508.0,507.75,0,0.0,0.0
S3d_O8,measured,side_compton_fov_pass,508.0,508.5,508.25,0,0.0,0.0
S3d_O8,measured,side_compton_fov_pass,508.5,509.0,508.75,0,0.0,0.0
S3d_O8,measured,side_compton_fov_pass,509.0,509.5,509.25,0,0.0,0.0
S3d_O8,measured,side_compton_fov_pass,509.5,510.0,509.75,0,0.0,0.0
S3d_O8,measured,side_compton_fov_pass,510.0,510.5,510.25,0,0.0,0.0
S3d_O8,measured,side_compton_fov_pass,510.5,511.0,510.75,1,0.03384292813088877,0.03384292813088877
S3d_O8,measured,side_compton_fov_pass,511.0,511.5,511.25,1,0.03384292813088877,0.03384292813088877
S3d_O8,measured,side_compton_fov_pass,511.5,512.0,511.75,0,0.0,0.0
S3d_O8,measured,side_compton_fov_pass,512.0,512.5,512.25,0,0.0,0.0
S3d_O8,measured,side_compton_fov_pass,512.5,513.0,512.75,0,0.0,0.0
S3d_O8,measured,side_compton_fov_pass,513.0,513.5,513.25,0,0.0,0.0
S3d_O8,measured,side_compton_fov_pass,513.5,514.0,513.75,0,0.0,0.0
S3d_O8,measured,side_compton_fov_pass,514.0,514.5,514.25,0,0.0,0.0
S3d_O8,measured,side_compton_fov_pass,514.5,515.0,514.75,0,0.0,0.0
S3d_O8,measured,side_compton_fov_pass,515.0,515.5,515.25,0,0.0,0.0
S3d_O8,measured,side_compton_fov_pass,515.5,516.0,515.75,0,0.0,0.0
S3d_O8,measured,side_compton_fov_pass,516.0,516.5,516.25,0,0.0,0.0
S3d_O8,measured,side_compton_fov_pass,516.5,517.0,516.75,0,0.0,0.0
S3d_O8,measured,side_compton_fov_pass,517.0,517.5,517.25,0,0.0,0.0
S3d_O8,measured,side_compton_fov_pass,517.5,518.0,517.75,0,0.0,0.0
S3d_O8,measured,side_compton_fov_pass,518.0,518.5,518.25,0,0.0,0.0
S3d_O8,measured,side_compton_fov_pass,518.5,519.0,518.75,0,0.0,0.0
S3d_O8,measured,side_compton_fov_pass,519.0,519.5,519.25,0,0.0,0.0
S3d_O8,measured,side_compton_fov_pass,519.5,520.0,519.75,0,0.0,0.0
S3d_O8,measured,side_compton_fov_pass,520.0,520.5,520.25,0,0.0,0.0
S3d_O8,measured,side_compton_fov_pass,520.5,521.0,520.75,0,0.0,0.0
S3d_O8,measured,side_compton_fov_pass,521.0,521.5,521.25,0,0.0,0.0
S3d_O8,measured,side_compton_fov_pass,521.5,522.0,521.75,0,0.0,0.0
S3d_O8,measured,side_compton_fov_pass,522.0,522.5,522.25,0,0.0,0.0
S3d_O8,measured,side_compton_fov_pass,522.5,523.0,522.75,0,0.0,0.0
S3d_O8,measured,side_compton_fov_pass,523.0,523.5,523.25,0,0.0,0.0
S3d_O8,measured,side_compton_fov_pass,523.5,524.0,523.75,0,0.0,0.0
S3d_O8,measured,side_compton_fov_pass,524.0,524.5,524.25,1,0.03384292813088877,0.03384292813088877
S3d_O8,measured,side_compton_fov_pass,524.5,525.0,524.75,0,0.0,0.0
S3d_O8,measured,side_compton_fov_pass,525.0,525.5,525.25,0,0.0,0.0
S3d_O8,measured,side_compton_fov_pass,525.5,526.0,525.75,0,0.0,0.0
S3d_O8,measured,side_compton_fov_pass,526.0,526.5,526.25,0,0.0,0.0
S3d_O8,measured,side_compton_fov_pass,526.5,527.0,526.75,0,0.0,0.0
S3d_O8,measured,side_compton_fov_pass,527.0,527.5,527.25,0,0.0,0.0
S3d_O8,measured,side_compton_fov_pass,527.5,528.0,527.75,1,0.03384292813088877,0.03384292813088877
S3d_O8,measured,side_compton_fov_pass,528.0,528.5,528.25,0,0.0,0.0
S3d_O8,measured,side_compton_fov_pass,528.5,529.0,528.75,0,0.0,0.0
S3d_O8,measured,side_compton_fov_pass,529.0,529.5,529.25,0,0.0,0.0
S3d_O8,measured,side_compton_fov_pass,529.5,530.0,529.75,0,0.0,0.0
S3d_O8,measured,side_compton_fov_pass,530.0,530.5,530.25,0,0.0,0.0
S3d_O8,measured,side_compton_fov_pass,530.5,531.0,530.75,0,0.0,0.0
S3d_O8,measured,side_compton_fov_pass,531.0,531.5,531.25,0,0.0,0.0
S3d_O8,measured,side_compton_fov_pass,531.5,532.0,531.75,0,0.0,0.0
S3d_O8,measured,side_compton_fov_pass,532.0,532.5,532.25,0,0.0,0.0
S3d_O8,measured,side_compton_fov_pass,532.5,533.0,532.75,0,0.0,0.0
S3d_O8,measured,side_compton_fov_pass,533.0,533.5,533.25,1,0.03384292813088877,0.03384292813088877
S3d_O8,measured,side_compton_fov_pass,533.5,534.0,533.75,0,0.0,0.0
S3d_O8,measured,side_compton_fov_pass,534.0,534.5,534.25,0,0.0,0.0
S3d_O8,measured,side_compton_fov_pass,534.5,535.0,534.75,0,0.0,0.0
S3d_O8,measured,side_compton_fov_pass,535.0,535.5,535.25,0,0.0,0.0
S3d_O8,measured,side_compton_fov_pass,535.5,536.0,535.75,0,0.0,0.0
S3d_O8,measured,side_compton_fov_pass,536.0,536.5,536.25,0,0.0,0.0
S3d_O8,measured,side_compton_fov_pass,536.5,537.0,536.75,0,0.0,0.0
S3d_O8,measured,side_compton_fov_pass,537.0,537.5,537.25,0,0.0,0.0
S3d_O8,measured,side_compton_fov_pass,537.5,538.0,537.75,0,0.0,0.0
S3d_O8,measured,side_compton_fov_pass,538.0,538.5,538.25,0,0.0,0.0
S3d_O8,measured,side_compton_fov_pass,538.5,539.0,538.75,1,0.03384292813088877,0.03384292813088877
S3d_O8,measured,side_compton_fov_pass,539.0,539.5,539.25,0,0.0,0.0
S3d_O8,measured,side_compton_fov_pass,539.5,540.0,539.75,0,0.0,0.0
S3d_O8,measured,side_compton_fov_pass,540.0,540.5,540.25,0,0.0,0.0
S3d_O8,measured,side_compton_fov_pass,540.5,541.0,540.75,0,0.0,0.0
S3d_O8,measured,side_compton_fov_pass,541.0,541.5,541.25,0,0.0,0.0
S3d_O8,measured,side_compton_fov_pass,541.5,542.0,541.75,0,0.0,0.0
S3d_O8,measured,side_compton_fov_pass,542.0,542.5,542.25,0,0.0,0.0
S3d_O8,measured,side_compton_fov_pass,542.5,543.0,542.75,0,0.0,0.0
S3d_O8,measured,side_compton_fov_pass,543.0,543.5,543.25,0,0.0,0.0
S3d_O8,measured,side_compton_fov_pass,543.5,544.0,543.75,0,0.0,0.0
S3d_O8,measured,side_compton_fov_pass,544.0,544.5,544.25,0,0.0,0.0
S3d_O8,measured,side_compton_fov_pass,544.5,545.0,544.75,0,0.0,0.0
S3d_O8,measured,side_compton_fov_pass,545.0,545.5,545.25,0,0.0,0.0
S3d_O8,measured,side_compton_fov_pass,545.5,546.0,545.75,0,0.0,0.0
S3d_O8,measured,side_compton_fov_pass,546.0,546.5,546.25,0,0.0,0.0
S3d_O8,measured,side_compton_fov_pass,546.5,547.0,546.75,0,0.0,0.0
S3d_O8,measured,side_compton_fov_pass,547.0,547.5,547.25,0,0.0,0.0
S3d_O8,measured,side_compton_fov_pass,547.5,548.0,547.75,0,0.0,0.0
S3d_O8,measured,side_compton_fov_pass,548.0,548.5,548.25,0,0.0,0.0
S3d_O8,measured,side_compton_fov_pass,548.5,549.0,548.75,0,0.0,0.0
S3d_O8,measured,side_compton_fov_pass,549.0,549.5,549.25,0,0.0,0.0
S3d_O8,measured,side_compton_fov_pass,549.5,550.0,549.75,0,0.0,0.0
