group,n,angle_code_vs_recorded_reflect_rad_mean,angle_code_vs_recorded_reflect_rad_max,angle_code_vs_recorded_reflect_rad_p50,angle_code_vs_recorded_reflect_rad_p90,angle_code_vs_recorded_reflect_rad_p99,q_vector_error_invA_mean,q_vector_error_invA_max,q_vector_error_invA_p50,q_vector_error_invA_p90,q_vector_error_invA_p99,q_minus_G_nominal_mag_invA_mean,q_minus_G_nominal_mag_invA_max,q_minus_G_nominal_mag_invA_p50,q_minus_G_nominal_mag_invA_p90,q_minus_G_nominal_mag_invA_p99,q_minus_G_perturbed_mag_invA_mean,q_minus_G_perturbed_mag_invA_max,q_minus_G_perturbed_mag_invA_p50,q_minus_G_perturbed_mag_invA_p90,q_minus_G_perturbed_mag_invA_p99,relative_bragg_residual_nominal_mean,relative_bragg_residual_nominal_max,relative_bragg_residual_nominal_p50,relative_bragg_residual_nominal_p90,relative_bragg_residual_nominal_p99,relative_bragg_residual_perturbed_mean,relative_bragg_residual_perturbed_max,relative_bragg_residual_perturbed_p50,relative_bragg_residual_perturbed_p90,relative_bragg_residual_perturbed_p99,q_parallel_G_perturbed_angle_rad_mean,q_parallel_G_perturbed_angle_rad_max,q_parallel_G_perturbed_angle_rad_p50,q_parallel_G_perturbed_angle_rad_p90,q_parallel_G_perturbed_angle_rad_p99,mosaic_perturbation_rad_mean,mosaic_perturbation_rad_max,mosaic_perturbation_rad_p50,mosaic_perturbation_rad_p90,mosaic_perturbation_rad_p99
0:0,66,0.0,0.0,0.0,0.0,0.0,2.305038518514797e-10,6.356089985796574e-10,2.1099808440290308e-10,4.675592575390471e-10,6.356089985796574e-10,0.025382660358713637,0.1009780493,0.02064974096,0.0486993614,0.1009780493,0.025381083226942425,0.1009771007,0.02064926812,0.04869899482,0.1009771007,0.01319629179738182,0.05249787789,0.01073567559,0.02531850382,0.05249787789,0.013195471857314393,0.05249738472,0.01073542977,0.02531831325,0.05249738472,4.796060803965927e-09,2.1073424255447017e-08,0.0,1.4901161193847656e-08,2.1073424255447017e-08,7.491720027196969e-05,0.0002218075088,6.8686296e-05,0.000129505043,0.0002218075088
0:1,69,2.159588578818501e-10,1.4901161193847656e-08,0.0,0.0,1.4901161193847656e-08,2.68600602591984e-10,6.77050072907728e-10,2.5869075428068743e-10,4.879202325316839e-10,6.77050072907728e-10,0.02286651841004333,0.08861059225,0.01871188005,0.04460434578,0.08861059225,0.022865555683254782,0.08860996615,0.01871115488,0.04460376217,0.08860996615,0.011888164797097391,0.04606811166,0.009728193412,0.02318952994,0.04606811166,0.01188766428125971,0.04606778616,0.009727816397,0.02318922652,0.04606778616,4.535136015518852e-09,1.4901161193847656e-08,0.0,1.4901161193847656e-08,1.4901161193847656e-08,6.926701720697101e-05,0.0001773107369,6.80856444e-05,0.0001147298009,0.0001773107369
0:2,83,0.0,0.0,0.0,0.0,0.0,2.700938779438507e-10,6.111281493061812e-10,2.682853232566195e-10,4.569721654260398e-10,6.111281493061812e-10,0.023185185873333736,0.09693208354,0.02152700304,0.04282424802,0.09693208354,0.023183490026502412,0.09693133325,0.02152677349,0.04282387435,0.09693133325,0.012053838086749398,0.05039440472,0.01119175885,0.02226406787,0.05039440472,0.01205295642620241,0.05039401465,0.01119163951,0.0222638736,0.05039401465,3.844537929306026e-09,2.1073424255447017e-08,0.0,1.4901161193847656e-08,2.1073424255447017e-08,7.523085054660241e-05,0.0002034722731,7.258573887e-05,0.000124181752,0.0002034722731
0:3,73,0.0,0.0,0.0,0.0,0.0,2.9552830714150067e-10,6.273647136206216e-10,2.75005159510339e-10,5.333535352146637e-10,6.273647136206216e-10,0.025487478232657533,0.07994639133,0.02058265677,0.05025314667,0.07994639133,0.025486586981753424,0.0799457125,0.02058217301,0.05025235767,0.0799457125,0.013250785977419178,0.04156364594,0.01070079892,0.0261263074,0.04156364594,0.013250322621526027,0.04156329302,0.01070054742,0.02612589721,0.04156329302,3.7237880750713454e-09,2.1073424255447017e-08,0.0,1.4901161193847656e-08,2.1073424255447017e-08,8.416749317191781e-05,0.0002119739726,8.062846481e-05,0.0001341556865,0.0002119739726
0:4,77,0.0,0.0,0.0,0.0,0.0,2.830236318446031e-10,6.146761597756708e-10,2.561020479227474e-10,4.794795625674791e-10,6.146761597756708e-10,0.021814585948533766,0.0721838273,0.01850859838,0.04535023144,0.0721838273,0.021813767782070132,0.07218324348,0.0185084144,0.04534984756,0.07218324348,0.011341271465193507,0.03752793579,0.0096225085,0.02357731139,0.03752793579,0.011340846105024675,0.03752763227,0.009622412846,0.02357711182,0.03752763227,4.110909260542223e-09,2.1073424255447017e-08,0.0,1.4901161193847656e-08,2.1073424255447017e-08,7.072278455032467e-05,0.000165809099,6.776637073e-05,0.000128372824,0.000165809099
0:5,77,1.9352157394607347e-10,1.4901161193847656e-08,0.0,0.0,1.4901161193847656e-08,2.863277858553365e-10,5.91779308709881e-10,2.936517383797496e-10,4.889218602353855e-10,5.91779308709881e-10,0.025099993429374676,0.07782890196,0.02449878037,0.04839052697,0.07782890196,0.025098332717174675,0.07782817805,0.02449840794,0.04839009862,0.07782817805,0.013049334968718442,0.04046277601,0.01273676793,0.02515794267,0.04046277601,0.013048471574763767,0.04046239965,0.01273657431,0.02515771998,0.04046239965,3.1433013908118557e-09,2.1073424255447017e-08,0.0,1.4901161193847656e-08,2.1073424255447017e-08,7.547021002518181e-05,0.0001960165418,7.359358422e-05,0.0001228212789,0.0001960165418
0:6,71,0.0,0.0,0.0,0.0,0.0,2.999338836797986e-10,6.279365717047292e-10,3.0257973523110145e-10,5.105340891964451e-10,6.279365717047292e-10,0.021730875025615493,0.07273744868,0.01697903305,0.04751562212,0.07273744868,0.021729028322756336,0.07273679111,0.01697882751,0.0475151971,0.07273679111,0.01129775066129014,0.0378157602,0.008827296722,0.02470308493,0.0378157602,0.011296790571961972,0.03781541833,0.008827189863,0.02470286396,0.03781541833,4.0025500789212245e-09,2.1073424255447017e-08,0.0,1.4901161193847656e-08,2.1073424255447017e-08,7.429114655211267e-05,0.0001639265888,6.853203931e-05,0.0001319796857,0.0001639265888
0:7,77,0.0,0.0,0.0,0.0,0.0,3.7854875102520296e-10,6.580554696733778e-10,3.9158182871436285e-10,5.720782481521257e-10,6.580554696733778e-10,0.027541848800274545,0.07958982412,0.02472870293,0.05735497398,0.07958982412,0.027540571489834676,0.07958919482,0.0247283601,0.0573545837,0.07958919482,0.014318840825845716,0.0413782688,0.01285630328,0.02981850452,0.0413782688,0.014318176760089611,0.04137794163,0.01285612505,0.02981830162,0.04137794163,3.450185278163752e-09,2.1073424255447017e-08,0.0,1.4901161193847656e-08,2.1073424255447017e-08,8.052508779693507e-05,0.0001680588688,7.59462631e-05,0.0001363533148,0.0001680588688
0:8,67,2.224053909529501e-10,1.4901161193847656e-08,0.0,0.0,1.4901161193847656e-08,4.122240081514998e-10,7.721370885423694e-10,4.0079866434085704e-10,6.3276618889646e-10,7.721370885423694e-10,0.027006003573543286,0.07968790403,0.022351455,0.05768652579,0.07968790403,0.027003092178936417,0.07968725757,0.02235113878,0.05768607523,0.07968725757,0.014040258130080597,0.04142925996,0.01162038644,0.02999087631,0.04142925996,0.014038744512772537,0.04142892386,0.01162022204,0.02999064206,0.04142892386,6.112874749489367e-09,2.1073424255447017e-08,0.0,1.4901161193847656e-08,2.1073424255447017e-08,8.31628745077612e-05,0.0001783240684,7.934281644e-05,0.000138660162,0.0001783240684
0:9,75,0.0,0.0,0.0,0.0,0.0,3.884631895842358e-10,7.270606931777539e-10,4.112490560507137e-10,5.957784093208968e-10,7.270606931777539e-10,0.024705952572036,0.07891734569,0.02298599857,0.04878245625,0.07891734569,0.024704611255817334,0.07891656932,0.02298478876,0.04878198379,0.07891656932,0.012844475507656,0.04102865133,0.01195028181,0.02536170434,0.04102865133,0.012843778165637067,0.0410282477,0.01194965284,0.02536145871,0.0410282477,5.131647412925202e-09,2.1073424255447017e-08,0.0,1.4901161193847656e-08,2.1073424255447017e-08,7.867833659346666e-05,0.0001893852414,7.61949062e-05,0.0001262236378,0.0001893852414
0:10,70,0.0,0.0,0.0,0.0,0.0,4.0779362996438696e-10,7.110124908582064e-10,4.140467170400393e-10,5.849803650743529e-10,7.110124908582064e-10,0.020680703515814285,0.08096305285,0.01583011408,0.04561909571,0.08096305285,0.020678820686357142,0.08096233581,0.01582992145,0.04561868445,0.08096233581,0.010751772837265715,0.04209220212,0.008229980688,0.0237170923,0.04209220212,0.010750793965923286,0.04209182934,0.008229880543,0.02371687849,0.04209182934,4.5220001865964455e-09,2.1073424255447017e-08,0.0,1.4901161193847656e-08,2.1073424255447017e-08,7.328543587408571e-05,0.0001886077401,6.658431608e-05,0.0001355434049,0.0001886077401
0:11,63,0.0,0.0,0.0,0.0,0.0,3.9229708843626364e-10,7.638675147465795e-10,4.1516415037266965e-10,6.020170234651133e-10,7.638675147465795e-10,0.022976547806261908,0.07273727626,0.01871512881,0.04877087566,0.07273727626,0.022975530471604763,0.0727366682,0.01871490196,0.04877021938,0.0727366682,0.011945368415841269,0.03781567057,0.009729882421,0.02535568366,0.03781567057,0.011944839509387302,0.03781535444,0.009729764485,0.02535534246,0.03781535444,5.260971019930141e-09,2.1073424255447017e-08,0.0,1.4901161193847656e-08,2.1073424255447017e-08,7.139728278650794e-05,0.0001661323005,6.718771318e-05,0.0001195893358,0.0001661323005
0:12,64,2.3283064365386963e-10,1.4901161193847656e-08,0.0,0.0,1.4901161193847656e-08,2.7265268380996855e-10,6.086998501429917e-10,2.345672149521699e-10,5.111134720408623e-10,6.086998501429917e-10,0.025424609086082812,0.06988480925,0.02484441971,0.04480549112,0.06988480925,0.025423547419909376,0.06988423627,0.02484410676,0.04480503197,0.06988423627,0.013218100687579688,0.03633269019,0.01291646374,0.02329410419,0.03633269019,0.013217548734246874,0.03633239231,0.01291630104,0.02329386548,0.03633239231,4.713107060435993e-09,2.1073424255447017e-08,0.0,1.4901161193847656e-08,2.1073424255447017e-08,7.443873002728126e-05,0.0001522489837,7.507337074e-05,0.0001197193835,0.0001522489837
0:13,75,0.0,0.0,0.0,0.0,0.0,2.8261964266966706e-10,6.178158253029921e-10,2.8271225448048127e-10,4.921533869803124e-10,6.178158253029921e-10,0.024562403307965334,0.06869210095,0.02075556655,0.04899118354,0.06869210095,0.024561358810084,0.0686915699,0.020755101,0.04899080741,0.0686915699,0.012769845112608001,0.03571260835,0.01079069368,0.02547022039,0.03571260835,0.012769302083657334,0.03571233226,0.01079045164,0.02547002485,0.03571233226,3.939554517417389e-09,2.1073424255447017e-08,0.0,1.4901161193847656e-08,2.1073424255447017e-08,8.111558759146667e-05,0.0002191720986,7.541931828e-05,0.0001376715421,0.0002191720986
0:14,60,0.0,0.0,0.0,0.0,0.0,3.1032851412565645e-10,6.466686399042019e-10,3.02614073586076e-10,5.058189082170457e-10,6.466686399042019e-10,0.017795184795913334,0.05928643063,0.01444344706,0.03626079915,0.05928643063,0.017793919982751667,0.0592859684,0.01444328177,0.03626007755,0.0592859684,0.00925160908475,0.03082265717,0.007509060882,0.01885177045,0.03082265717,0.009250951516133334,0.03082241686,0.007508974948,0.01885139529,0.03082241686,3.331455976360315e-09,2.1073424255447017e-08,0.0,1.4901161193847656e-08,2.1073424255447017e-08,6.535643302141666e-05,0.0001448875605,5.991355376e-05,0.0001200674811,0.0001448875605
0:15,68,0.0,0.0,0.0,0.0,0.0,2.6020249890492e-10,5.98355231867261e-10,2.414343429834188e-10,4.964416243001261e-10,5.98355231867261e-10,0.022802871130160735,0.09798650885,0.01626995075,0.0497872261,0.09798650885,0.022800737563666323,0.09798571877,0.01626751411,0.04978678776,0.09798571877,0.011855074961339265,0.05094259407,0.008458649115,0.02588407811,0.05094259407,0.011853965732204442,0.05094218331,0.008457382321,0.02588385022,0.05094218331,3.997596021767768e-09,2.1073424255447017e-08,0.0,1.4901161193847656e-08,2.1073424255447017e-08,7.883540437689707e-05,0.0002099910912,6.841823174e-05,0.0001366655302,0.0002099910912
0:16,78,0.0,0.0,0.0,0.0,0.0,2.7238749644140087e-10,5.833282457255624e-10,2.5957417693759686e-10,5.029354027594797e-10,5.833282457255624e-10,0.02117490204512436,0.09652867414,0.0185285204,0.04070363558,0.09652867414,0.021173282020433334,0.09652773911,0.01852685138,0.04070310751,0.09652773911,0.011008703667558973,0.05018467461,0.009632865836,0.02116157427,0.05018467461,0.011007861426042308,0.05018418849,0.00963199812,0.02116129973,0.05018418849,2.9447394996065926e-09,2.1073424255447017e-08,0.0,1.4901161193847656e-08,2.1073424255447017e-08,7.355714778628205e-05,0.0002266472941,6.819257848e-05,0.0001213691887,0.0002266472941
0:17,82,0.0,0.0,0.0,0.0,0.0,2.7747818684081217e-10,5.892578490102939e-10,2.657416543004779e-10,4.801298602356788e-10,5.892578490102939e-10,0.023080861484046342,0.1108392057,0.0191602369,0.04118663424,0.1108392057,0.023077749964330364,0.1108382621,0.01915974103,0.04118620078,0.1108382621,0.011999600466941464,0.05762463353,0.009961291429,0.02141268235,0.05762463353,0.011997982806528293,0.05762414296,0.009961033627,0.021412457,0.05762414296,4.073144016173754e-09,2.1073424255447017e-08,0.0,1.4901161193847656e-08,2.1073424255447017e-08,7.97107410902317e-05,0.0002312082533,7.131161921e-05,0.0001344174731,0.0002312082533
0:18,70,2.128737313406808e-10,1.4901161193847656e-08,0.0,0.0,1.4901161193847656e-08,2.865382767279822e-10,6.717784483672476e-10,2.768658563706987e-10,4.6192776880660075e-10,6.717784483672476e-10,0.024011476776646286,0.08328187808,0.02176862536,0.04338718668,0.08328187808,0.024008748347700427,0.08328118303,0.02176834795,0.0433867736,0.08328118303,0.012483421736663286,0.04329774536,0.01131737683,0.02255673628,0.04329774536,0.012482003242952757,0.043297384,0.01131723261,0.02255652152,0.043297384,2.8190103358709994e-09,2.1073424255447017e-08,0.0,1.4901161193847656e-08,2.1073424255447017e-08,7.937675419628571e-05,0.0001849243028,7.373044418e-05,0.0001157296649,0.0001849243028
0:19,72,2.06960572136773e-10,1.4901161193847656e-08,0.0,0.0,1.4901161193847656e-08,2.790121782581256e-10,6.136689340497086e-10,2.794711413772053e-10,5.173958528335444e-10,6.136689340497086e-10,0.021143521652981945,0.05949749088,0.01919449232,0.04605805148,0.05949749088,0.021142110833931943,0.05949693641,0.01919409765,0.04605762896,0.05949693641,0.010992389191173195,0.03093238612,0.009979100614,0.02394530275,0.03093238612,0.010991655714822917,0.03093209785,0.009978895429,0.02394508309,0.03093209785,3.982467926028554e-09,2.1073424255447017e-08,0.0,1.4901161193847656e-08,2.1073424255447017e-08,7.079064757309723e-05,0.0001997955042,6.423717071e-05,0.0001245825295,0.0001997955042
0:20,68,2.1913472343893612e-10,1.4901161193847656e-08,0.0,0.0,1.4901161193847656e-08,2.737338754859336e-10,5.784290551546432e-10,2.800818599382372e-10,4.5166931783377096e-10,5.784290551546432e-10,0.024425114260586765,0.08119906086,0.01893894228,0.05279368366,0.08119906086,0.024423992237341176,0.08119805744,0.01893853903,0.05279290741,0.08119805744,0.012698469365939706,0.04221490127,0.009846241691,0.02744711724,0.04221490127,0.012697886032291175,0.04221437959,0.009846032045,0.02744671367,0.04221437959,4.035193596336135e-09,2.1073424255447017e-08,0.0,1.4901161193847656e-08,2.1073424255447017e-08,8.006586556426471e-05,0.0002055742022,7.032504951e-05,0.0001285005444,0.0002055742022
0:21,69,0.0,0.0,0.0,0.0,0.0,2.432913283805427e-10,5.62779774951342e-10,2.2600922870158466e-10,4.769416876718279e-10,5.62779774951342e-10,0.022877231479223187,0.1098748059,0.01631073825,0.04910243698,0.1098748059,0.02287230642482026,0.1098737253,0.01630935101,0.04910197902,0.1098737253,0.011893734456876666,0.05712324787,0.008479854294,0.02552806038,0.05712324787,0.011891173951567545,0.05712268612,0.008479133072,0.02552782229,0.05712268612,4.961588135380711e-09,2.580956827951785e-08,0.0,1.4901161193847656e-08,2.580956827951785e-08,8.003571947695653e-05,0.0002463939204,6.925337872e-05,0.0001417659404,0.0002463939204
0:22,61,0.0,0.0,0.0,0.0,0.0,2.854907325538289e-10,5.520797373507695e-10,2.953022305666421e-10,4.736037902711147e-10,5.520797373507695e-10,0.02063690794567705,0.06186259478,0.01719451577,0.04166862077,0.06186259478,0.020634879177340984,0.06186202807,0.01719353637,0.04166826788,0.06186202807,0.010729003784736065,0.03216198935,0.008939324887,0.02166326424,0.03216198935,0.010727949040734425,0.03216169472,0.008938815703,0.02166308078,0.03216169472,2.7463672315290927e-09,2.1073424255447017e-08,0.0,1.4901161193847656e-08,2.1073424255447017e-08,6.805959895208198e-05,0.0001555349237,6.398799447e-05,0.0001151523424,0.0001555349237
0:23,64,0.0,0.0,0.0,0.0,0.0,2.8364926537559395e-10,6.119126025891709e-10,2.763402390453071e-10,5.142354628851594e-10,6.119126025891709e-10,0.022897523837692186,0.0800128082,0.02117776975,0.05127032746,0.0800128082,0.02289410843456406,0.08001184153,0.02117711857,0.05126984212,0.08001184153,0.011904284331826562,0.04159817567,0.01101019457,0.02665513355,0.04159817567,0.011902508684156874,0.0415976731,0.01100985602,0.02665488123,0.0415976731,3.6453954525041347e-09,2.1073424255447017e-08,0.0,1.4901161193847656e-08,2.1073424255447017e-08,7.503264558815625e-05,0.0002003532228,6.804974972e-05,0.0001331756951,0.0002003532228
0:24,82,0.0,0.0,0.0,0.0,0.0,2.6104160007158396e-10,6.13008702578147e-10,2.4031125088940125e-10,4.887921509864442e-10,6.13008702578147e-10,0.022758942980660977,0.06501860682,0.01943006302,0.05000662782,0.06501860682,0.022757261507542682,0.06501809825,0.01942988766,0.05000620313,0.06501809825,0.011832236981895122,0.03380278095,0.0101015724,0.02599814374,0.03380278095,0.011831362794178048,0.03380251654,0.01010148123,0.02599792295,0.03380251654,4.555951497152352e-09,2.1073424255447017e-08,0.0,1.4901161193847656e-08,2.1073424255447017e-08,7.840378520473171e-05,0.0002141020686,7.96236434e-05,0.0001317556612,0.0002141020686
0:25,68,0.0,0.0,0.0,0.0,0.0,3.9069385193343347e-10,6.543724148686936e-10,3.975574273045943e-10,6.024196217566365e-10,6.543724148686936e-10,0.023549197571635292,0.06729499337,0.02065679374,0.05170035186,0.06729499337,0.023547802363441176,0.06729446417,0.0206564929,0.05169992644,0.06729446417,0.012243085570111764,0.03498626056,0.01073934229,0.02687870064,0.03498626056,0.01224236020967794,0.03498598543,0.01073918588,0.02687847947,0.03498598543,4.906186517779717e-09,2.580956827951785e-08,0.0,1.4901161193847656e-08,2.580956827951785e-08,7.683812444191177e-05,0.0001571201481,7.918908605e-05,0.0001313193118,0.0001571201481
0:26,91,0.0,0.0,0.0,0.0,0.0,4.0984420374249777e-10,7.384209889738431e-10,4.3342428889013845e-10,5.928045413996901e-10,7.384209889738431e-10,0.02373151100406154,0.07896102722,0.02022829823,0.04752219448,0.07896102722,0.023729739475536263,0.07896040474,0.02022792001,0.04752184044,0.07896040474,0.012337869222417582,0.04105136109,0.01051657006,0.02470650186,0.04105136109,0.012336948215356044,0.04105103747,0.01051637343,0.02470631779,0.04105103747,4.528782893257544e-09,2.1073424255447017e-08,0.0,1.4901161193847656e-08,2.1073424255447017e-08,8.506182062087913e-05,0.0002011129884,7.579468576e-05,0.0001488942401,0.0002011129884
0:27,67,0.0,0.0,0.0,0.0,0.0,3.9619311298342453e-10,6.980259052373106e-10,4.2399328087032773e-10,5.92882901567442e-10,6.980259052373106e-10,0.021060736133379106,0.08183363736,0.01675752816,0.04362264861,0.08183363736,0.0210563906470997,0.08183289687,0.01675732757,0.04362218605,0.08183289687,0.010949349499653732,0.04254481375,0.008712137668,0.02267915151,0.04254481375,0.010947090307917419,0.04254442877,0.008712033385,0.02267891103,0.04254442877,5.115323991917852e-09,1.4901161193847656e-08,0.0,1.4901161193847656e-08,1.4901161193847656e-08,7.156431061259703e-05,0.0001849677762,6.951713671e-05,0.0001237603069,0.0001849677762
0:28,67,0.0,0.0,0.0,0.0,0.0,4.4530652286961274e-10,7.610203813264004e-10,4.644898674545607e-10,6.378279307578766e-10,7.610203813264004e-10,0.029959432481238807,0.09483303046,0.02551206655,0.06472646003,0.09483303046,0.029958786952791045,0.09483232533,0.02551188424,0.06472582517,0.09483232533,0.015575727978761193,0.0493031197,0.0132635693,0.03365089559,0.0493031197,0.015575392372656715,0.04930275311,0.01326347451,0.03365056553,0.04930275311,4.003297037153102e-09,1.4901161193847656e-08,0.0,1.4901161193847656e-08,1.4901161193847656e-08,8.445947860537313e-05,0.0001949944042,7.660681899e-05,0.0001465958753,0.0001949944042
0:29,73,0.0,0.0,0.0,0.0,0.0,3.7562397482364966e-10,7.387160764790585e-10,3.86610998431581e-10,5.864588682082718e-10,7.387160764790585e-10,0.028577525478649318,0.08371711315,0.02620462152,0.04966776714,0.08371711315,0.028576290444549318,0.08371632324,0.02620413929,0.04966677527,0.08371632324,0.014857282875326026,0.04352402144,0.01362362444,0.02582197212,0.04352402144,0.014856640788416439,0.04352361077,0.01362337373,0.02582145645,0.04352361077,4.2516130137007105e-09,2.1073424255447017e-08,0.0,1.4901161193847656e-08,2.1073424255447017e-08,8.027768945849315e-05,0.0001850860806,7.016366464e-05,0.00015875467,0.0001850860806
0:30,70,0.0,0.0,0.0,0.0,0.0,2.8538773361133454e-10,6.456148860615173e-10,2.6797640016111217e-10,4.918006788722535e-10,6.456148860615173e-10,0.02126461172528,0.06087417711,0.01837638986,0.04366417011,0.06087417711,0.021263310655737146,0.06087371018,0.01837383164,0.04366379874,0.06087371018,0.01105534318818143,0.03164811697,0.009553774086,0.02270073829,0.03164811697,0.011054666770081429,0.03164787422,0.009552444084,0.02270054522,0.03164787422,4.2726030971036375e-09,2.1073424255447017e-08,0.0,1.4901161193847656e-08,2.1073424255447017e-08,7.214544675714286e-05,0.0001875297972,6.932455646e-05,0.0001222915504,0.0001875297972
0:31,75,0.0,0.0,0.0,0.0,0.0,2.975686693596875e-10,5.644498126341441e-10,3.0753974834774646e-10,4.907690154231657e-10,5.644498126341441e-10,0.022558281442916,0.08702825406,0.01707989424,0.05479339303,0.08702825406,0.0225573074541,0.08702730837,0.01707846914,0.05479291486,0.08702730837,0.011727914260476001,0.0452454636,0.008879733847,0.02848675406,0.0452454636,0.011727407889068,0.04524497194,0.008878992942,0.02848650546,0.04524497194,4.021851358238714e-09,2.1073424255447017e-08,0.0,1.4901161193847656e-08,2.1073424255447017e-08,7.320690032277334e-05,0.0002063119977,6.824339604e-05,0.0001317492275,0.0002063119977
0:32,84,0.0,0.0,0.0,0.0,0.0,2.6678598704832896e-10,5.88626977323534e-10,2.357937455613251e-10,4.959045338534556e-10,5.88626977323534e-10,0.025179524703683332,0.08215438161,0.02267398906,0.04736169203,0.08215438161,0.02517717851100167,0.08215380696,0.02267306845,0.04736127035,0.08215380696,0.013090682798244404,0.04271156675,0.01178806995,0.0246230576,0.04271156675,0.01308946302661532,0.042711268,0.01178759133,0.02462283837,0.042711268,5.86663467044374e-09,2.1073424255447017e-08,0.0,1.4901161193847656e-08,2.1073424255447017e-08,7.62514222080357e-05,0.0001749709489,7.359024263e-05,0.0001263322688,0.0001749709489
0:33,78,0.0,0.0,0.0,0.0,0.0,2.800016106194692e-10,5.937174759137985e-10,2.4809889780512935e-10,5.30156425042789e-10,5.937174759137985e-10,0.021765266961705127,0.06957466225,0.01888005249,0.04784491947,0.06957466225,0.021763451160621797,0.06957400448,0.01887842033,0.04784454224,0.06957400448,0.011315630821716665,0.03617144664,0.009815625245,0.02487428463,0.03617144664,0.011314686797665384,0.03617110467,0.009814776697,0.02487408851,0.03617110467,4.007016140430433e-09,2.580956827951785e-08,0.0,1.4901161193847656e-08,2.580956827951785e-08,7.265695453987179e-05,0.0001663300922,6.186041863e-05,0.0001353744424,0.0001663300922
0:34,69,2.159588578818501e-10,1.4901161193847656e-08,0.0,0.0,1.4901161193847656e-08,3.019459612973367e-10,6.772015389687625e-10,2.8826071587952096e-10,5.314116955398604e-10,6.772015389687625e-10,0.021895425242014495,0.06728248486,0.01648586763,0.04772998457,0.06728248486,0.021894375145304346,0.06728192176,0.01648513095,0.04772954174,0.06728192176,0.011383299325585508,0.03497975746,0.008570903001,0.02481453067,0.03497975746,0.011382753385937682,0.03497946471,0.008570520002,0.02481430044,0.03497946471,4.029112935388516e-09,2.1073424255447017e-08,0.0,1.4901161193847656e-08,2.1073424255447017e-08,8.01106534964058e-05,0.0002263487538,8.050726168e-05,0.0001407317567,0.0002263487538
0:35,63,4.73052736312624e-10,1.4901161193847656e-08,0.0,0.0,1.4901161193847656e-08,2.777751147041886e-10,6.24968158768001e-10,2.5765099086024307e-10,5.008075969828589e-10,6.24968158768001e-10,0.027353368742111108,0.08695399739,0.02552969626,0.0495076576,0.08695399739,0.027352598115460317,0.08695328957,0.02552931909,0.04950713708,0.08695328957,0.01422085118220635,0.045206858,0.01327273487,0.02573873214,0.045206858,0.014220450538650795,0.04520649001,0.01327253879,0.02573846152,0.04520649001,4.5919734245191244e-09,2.1073424255447017e-08,0.0,1.4901161193847656e-08,2.1073424255447017e-08,8.175787804507936e-05,0.0002026988546,7.356173257e-05,0.0001358624411,0.0002026988546
0:36,77,0.0,0.0,0.0,0.0,0.0,2.7639621296981303e-10,6.510140646648257e-10,2.581852262650862e-10,5.340108750926142e-10,6.510140646648257e-10,0.023049075662825973,0.08107735582,0.01857356507,0.04762852544,0.08107735582,0.0230480690649013,0.08107680486,0.01857334066,0.0476280539,0.08107680486,0.011983075210674026,0.04215162755,0.009656284286,0.02476178268,0.04215162755,0.011982551886205195,0.04215134111,0.009656167617,0.02476153753,0.04215134111,4.6914739823804435e-09,2.1073424255447017e-08,0.0,1.4901161193847656e-08,2.1073424255447017e-08,7.750095816966235e-05,0.000199057746,7.539957086e-05,0.0001395667037,0.000199057746
0:37,80,1.8626451492309571e-10,1.4901161193847656e-08,0.0,0.0,1.4901161193847656e-08,2.4354531497696304e-10,5.886984595778562e-10,2.3024105107635543e-10,4.428008849624435e-10,5.886984595778562e-10,0.02468097356700625,0.08783426122,0.02053779828,0.05290179065,0.08783426122,0.02468032187159125,0.0878335961,0.02053763258,0.05290136107,0.0878335961,0.012831489073655,0.04566450185,0.01067747727,0.02750332141,0.04566450185,0.0128311502607725,0.04566415606,0.01067739112,0.02750309807,0.04566415606,3.539025783538818e-09,1.4901161193847656e-08,0.0,1.4901161193847656e-08,1.4901161193847656e-08,7.07127853164375e-05,0.000173785331,6.808118775e-05,0.0001230091805,0.000173785331
0:38,66,0.0,0.0,0.0,0.0,0.0,2.919397473064523e-10,6.187429470067915e-10,2.641463273953037e-10,5.317494237768652e-10,6.187429470067915e-10,0.025778751107715454,0.09747774026,0.01974549039,0.056983722,0.09747774026,0.025777177620185908,0.09747701152,0.019745163,0.05698305931,0.09747701152,0.013402216985728332,0.05067808835,0.01026556118,0.02962549286,0.05067808835,0.013401398938883334,0.05067770948,0.01026539097,0.02962514833,0.05067770948,4.92831683627272e-09,2.1073424255447017e-08,0.0,1.4901161193847656e-08,2.1073424255447017e-08,8.063826607119697e-05,0.0002011228283,6.700710883e-05,0.0001450410166,0.0002011228283
0:39,64,0.0,0.0,0.0,0.0,0.0,2.6997155072351966e-10,5.973176301910318e-10,2.526932600051432e-10,4.445542207837425e-10,5.973176301910318e-10,0.022391147472760938,0.07556329567,0.01580980532,0.04808043612,0.07556329567,0.022390547968595312,0.07556269409,0.01580966637,0.04807999784,0.07556269409,0.011641022318889062,0.03928490098,0.008219422288,0.02499672831,0.03928490098,0.011640710639864063,0.03928458823,0.008219350047,0.02499650045,0.03928458823,4.985885127068752e-09,2.1073424255447017e-08,0.0,1.4901161193847656e-08,2.1073424255447017e-08,6.912420078953125e-05,0.0001749907752,6.761778517e-05,0.000127651119,0.0001749907752
0:40,66,0.0,0.0,0.0,0.0,0.0,2.74281221185826e-10,5.272140802271586e-10,2.6625798634850586e-10,4.78757732857181e-10,5.272140802271586e-10,0.02428425145401515,0.07895864295,0.02211156544,0.04796945538,0.07895864295,0.02428319113672727,0.07895804128,0.0221100373,0.04796893359,0.07895804128,0.012625235642957575,0.04105012152,0.01149566931,0.02493903009,0.04105012152,0.012624684391065151,0.04104980872,0.01149487484,0.02493875882,0.04104980872,5.154092005876473e-09,2.1073424255447017e-08,0.0,1.4901161193847656e-08,2.1073424255447017e-08,7.839206321712121e-05,0.0001636470925,7.485042832e-05,0.0001261836569,0.0001636470925
0:41,69,0.0,0.0,0.0,0.0,0.0,2.811974806322398e-10,6.512970382859369e-10,2.3651500356322476e-10,5.754275678597951e-10,6.512970382859369e-10,0.024194438485028984,0.1012644914,0.02365168008,0.04312488525,0.1012644914,0.024193653432188406,0.1012636119,0.02365117259,0.04312454965,0.1012636119,0.012578542423994202,0.05264679742,0.01229636561,0.02242036735,0.05264679742,0.0125781342795029,0.05264634017,0.01229610177,0.02242019287,0.05264634017,3.3288359560770174e-09,2.1073424255447017e-08,0.0,1.4901161193847656e-08,2.1073424255447017e-08,7.679610973202898e-05,0.000225434447,6.926626509e-05,0.0001293653782,0.000225434447
0:42,74,0.0,0.0,0.0,0.0,0.0,3.0579823478902977e-10,6.243650439595026e-10,3.1002300062024195e-10,5.005911027408645e-10,6.243650439595026e-10,0.019624082832345947,0.08296119134,0.01401576033,0.04178534717,0.08296119134,0.01962255278407973,0.08296050141,0.01401458861,0.04178490827,0.08296050141,0.010202442126805,0.04313102226,0.007286709137,0.02172394959,0.04313102226,0.010201646663783377,0.04313066356,0.007286099963,0.02172372141,0.04313066356,3.992791740625733e-09,2.1073424255447017e-08,0.0,1.4901161193847656e-08,2.1073424255447017e-08,7.121299859890541e-05,0.0001896189124,6.471089822e-05,0.0001196886601,0.0001896189124
0:43,68,2.1913472343893612e-10,1.4901161193847656e-08,0.0,0.0,1.4901161193847656e-08,3.828039613664488e-10,7.179155051264208e-10,3.9142904624275904e-10,5.895206991588936e-10,7.179155051264208e-10,0.026299707402466177,0.09133762539,0.0190879028,0.06046997381,0.09133762539,0.026298608787207352,0.09133678352,0.01908724242,0.06046919937,0.09133678352,0.013673059016516177,0.04748587972,0.009923685367,0.03143797412,0.04748587972,0.01367248785367941,0.04748544204,0.009923342036,0.03143757149,0.04748544204,3.816058872897199e-09,2.1073424255447017e-08,0.0,1.4901161193847656e-08,2.1073424255447017e-08,8.493201295808824e-05,0.0002089013705,8.374725954e-05,0.0001456607769,0.0002089013705
0:44,71,0.0,0.0,0.0,0.0,0.0,3.966801403961246e-10,7.702625365346564e-10,4.1024980959726487e-10,5.837329735013412e-10,7.702625365346564e-10,0.023907139464101407,0.07931841089,0.01886288128,0.05072017784,0.07931841089,0.023906338238409857,0.07931774783,0.01886274715,0.05071972608,0.07931774783,0.01242917739838169,0.0412371627,0.009806698036,0.02636911409,0.0412371627,0.012428760845504224,0.04123681798,0.009806628303,0.02636887922,0.04123681798,5.835193693519133e-09,2.580956827951785e-08,0.0,1.4901161193847656e-08,2.580956827951785e-08,7.605530116309859e-05,0.0002227498704,7.095965662e-05,0.0001241331519,0.0002227498704
0:45,66,0.0,0.0,0.0,0.0,0.0,4.1263380172211504e-10,7.127577840126386e-10,4.2879558707747743e-10,5.963986278064661e-10,7.127577840126386e-10,0.022793954828428786,0.07874129967,0.02105231536,0.04405496218,0.07874129967,0.022791344293007422,0.07874064319,0.02105151105,0.04405422579,0.07874064319,0.01185043942966,0.04093712607,0.01094497159,0.02290390873,0.04093712607,0.011849082228145454,0.04093678477,0.01094455343,0.02290352588,0.04093678477,5.870154409697561e-09,1.4901161193847656e-08,0.0,1.4901161193847656e-08,1.4901161193847656e-08,7.149709723954545e-05,0.0001725578467,6.621932689e-05,0.0001201713372,0.0001725578467
0:46,79,0.0,0.0,0.0,0.0,0.0,4.683650980780884e-10,8.154176892891693e-10,4.487305652608392e-10,7.09041316047224e-10,8.154176892891693e-10,0.023803211540377216,0.07944497489,0.02058358103,0.04565212977,0.07944497489,0.023802218667220255,0.07944409113,0.02058273425,0.04565165132,0.07944409113,0.0123751458978,0.04130296256,0.01070127945,0.02373426651,0.04130296256,0.012374629709250632,0.0413025031,0.01070083921,0.02373401777,0.0413025031,2.8293344038951248e-09,1.4901161193847656e-08,0.0,1.4901161193847656e-08,1.4901161193847656e-08,7.567363405949366e-05,0.0001989707961,7.224535379e-05,0.0001370557678,0.0001989707961
0:47,70,4.257474626813616e-10,1.4901161193847656e-08,0.0,0.0,1.4901161193847656e-08,4.155457225842358e-10,8.352664423338681e-10,4.17538497603011e-10,5.95832200651257e-10,8.352664423338681e-10,0.02622662776868,0.0916580225,0.01834605519,0.05753146896,0.0916580225,0.0262251360402,0.09165729705,0.01834581149,0.05753100622,0.09165729705,0.013635065356312858,0.04765245224,0.009538003275,0.0299102632,0.04765245224,0.013634289815764285,0.04765207509,0.009537876578,0.02991002262,0.04765207509,4.823049104531403e-09,2.1073424255447017e-08,0.0,1.4901161193847656e-08,2.1073424255447017e-08,8.318552256342857e-05,0.0002217355794,7.529668223e-05,0.0001337877048,0.0002217355794
0:48,66,0.0,0.0,0.0,0.0,0.0,3.0747572336977336e-10,5.75857385447126e-10,3.059279785691215e-10,4.838455994974988e-10,5.75857385447126e-10,0.020751753293868185,0.061116953,0.0168114907,0.04368648353,0.061116953,0.020750613631675758,0.06111641969,0.01680898063,0.0436860852,0.06111641969,0.01078871118799697,0.03177433469,0.008740192464,0.0227123389,0.03177433469,0.01078811868456212,0.03177405743,0.008738887496,0.02271213181,0.03177405743,3.5736658186502056e-09,2.1073424255447017e-08,0.0,1.4901161193847656e-08,2.1073424255447017e-08,6.789210268177273e-05,0.0001727433507,7.043412112e-05,0.0001121876206,0.0001727433507
0:49,79,0.0,0.0,0.0,0.0,0.0,2.7868744074526235e-10,5.562307818148706e-10,2.4576940244718353e-10,5.074947096924465e-10,5.562307818148706e-10,0.025814841617253163,0.07361545131,0.02278962625,0.05225620993,0.07361545131,0.025813976426974684,0.07361473444,0.02278790351,0.05225588831,0.07361473444,0.013420980223721518,0.03827222846,0.01184818903,0.02716768789,0.03827222846,0.013420530416696204,0.03827185577,0.01184729339,0.02716752069,0.03827185577,2.9074643160672686e-09,2.1073424255447017e-08,0.0,1.4901161193847656e-08,2.1073424255447017e-08,7.990496054303798e-05,0.0002003408076,7.59635154e-05,0.0001386301766,0.0002003408076
0:50,76,0.0,0.0,0.0,0.0,0.0,2.7877551551018e-10,5.475494539831811e-10,2.7352102542700177e-10,4.926830626383125e-10,5.475494539831811e-10,0.022382534945244736,0.07114289255,0.02149246691,0.04507313573,0.07114289255,0.022381528880512237,0.07114229295,0.02149159472,0.04507177229,0.07114229295,0.011636544717557895,0.0369867601,0.01117380372,0.023433251,0.0369867601,0.01163602167069829,0.03698644837,0.01117335028,0.02343254216,0.03698644837,4.279854094657889e-09,2.1073424255447017e-08,0.0,1.4901161193847656e-08,2.1073424255447017e-08,7.605630315810526e-05,0.0001801658849,7.178876247e-05,0.0001259421947,0.0001801658849
0:51,62,0.0,0.0,0.0,0.0,0.0,2.942517290479513e-10,6.299996945134362e-10,2.6652365334374187e-10,4.924241047226728e-10,6.299996945134362e-10,0.023072855665870966,0.1128434005,0.01618561606,0.05275999594,0.1128434005,0.02307105612790484,0.1128424879,0.01618340051,0.05275950804,0.1128424879,0.01199543829051613,0.05866660227,0.008414804024,0.0274296032,0.05866660227,0.011994502721737096,0.05866612784,0.008413652172,0.02742934954,0.05866612784,3.9450135832768045e-09,2.1073424255447017e-08,0.0,1.4901161193847656e-08,2.1073424255447017e-08,7.454476294270967e-05,0.0002293059801,6.542910008e-05,0.0001386440202,0.0002293059801
0:52,67,2.224053909529501e-10,1.4901161193847656e-08,0.0,0.0,1.4901161193847656e-08,2.7285228166380847e-10,6.05245148183515e-10,2.6218954803817415e-10,4.5818386914881185e-10,6.05245148183515e-10,0.02331736626645821,0.07617403747,0.01871928985,0.05218848897,0.07617403747,0.023315674312656715,0.07617351667,0.01871734573,0.05218794446,0.07617351667,0.01212255787465373,0.03960242196,0.009732045722,0.02713248017,0.03960242196,0.012121678238602985,0.0396021512,0.009731034982,0.02713219709,0.0396021512,4.279667024985908e-09,2.1073424255447017e-08,0.0,1.4901161193847656e-08,2.1073424255447017e-08,7.930637334879104e-05,0.0001908587131,7.112591007e-05,0.0001491241054,0.0001908587131
0:53,78,0.0,0.0,0.0,0.0,0.0,2.515862255423762e-10,6.372305885294197e-10,2.4047620450070394e-10,4.4193215032392326e-10,6.372305885294197e-10,0.022850466144547436,0.07915173228,0.01981662881,0.04359722459,0.07915173228,0.02284963149082308,0.07915108317,0.01981649066,0.0435963632,0.07915108317,0.011879819322132052,0.0411505075,0.01030254562,0.02266593372,0.0411505075,0.011879385390584616,0.04115017004,0.01030247379,0.02266548588,0.04115017004,5.204448464420989e-09,2.1073424255447017e-08,0.0,1.4901161193847656e-08,2.1073424255447017e-08,7.179880730858975e-05,0.0001822244959,6.16284375e-05,0.0001385916342,0.0001822244959
0:54,73,0.0,0.0,0.0,0.0,0.0,2.503956700735818e-10,6.110975755986821e-10,2.6085448352787877e-10,4.3050043306128963e-10,6.110975755986821e-10,0.02155833656769178,0.08823961779,0.0150959348,0.04912605844,0.08823961779,0.021556676576230137,0.08823873604,0.01509543942,0.04912548336,0.08823873604,0.011208048959843835,0.04587524428,0.007848285318,0.02554034104,0.04587524428,0.011207185939841095,0.04587478587,0.00784802777,0.02554004206,0.04587478587,3.843362022088446e-09,2.1073424255447017e-08,0.0,1.4901161193847656e-08,2.1073424255447017e-08,7.32411566970548e-05,0.0002005357586,7.071212553e-05,0.0001323044104,0.0002005357586
0:55,71,0.0,0.0,0.0,0.0,0.0,2.7774752338950937e-10,5.97707970542055e-10,3.00478451233278e-10,5.089018828472703e-10,5.97707970542055e-10,0.028499533165271835,0.08765753525,0.02414050938,0.05424638928,0.08765753525,0.02849863473727324,0.08765628585,0.0241397763,0.05424592012,0.08765628585,0.01481673514316338,0.04557262309,0.01255050501,0.02820237011,0.04557262309,0.014816268055587323,0.04557197353,0.01255012388,0.0282021262,0.04557197353,4.458310043123256e-09,2.1073424255447017e-08,0.0,1.4901161193847656e-08,2.1073424255447017e-08,8.589038588591549e-05,0.0002379560843,8.495165983e-05,0.0001436445538,0.0002379560843
0:56,70,2.128737313406808e-10,1.4901161193847656e-08,0.0,0.0,1.4901161193847656e-08,2.6475658733123657e-10,5.952155745095311e-10,2.4033760203203047e-10,4.886245828490457e-10,5.952155745095311e-10,0.024654038164112855,0.08848877523,0.02098971396,0.05315294167,0.08848877523,0.02465128669841286,0.08848781,0.02098947726,0.05315220121,0.08848781,0.012817485519811428,0.04600477973,0.0109124255,0.02763389331,0.04600477973,0.01281605504973943,0.04600427791,0.01091230244,0.02763350835,0.04600427791,4.698350559784999e-09,2.1073424255447017e-08,0.0,1.4901161193847656e-08,2.1073424255447017e-08,7.745933386257142e-05,0.0002199964058,6.777474853e-05,0.0001310198028,0.0002199964058
0:57,82,0.0,0.0,0.0,0.0,0.0,2.4764073215225807e-10,6.417224268009834e-10,1.9656752184907576e-10,4.764849702026595e-10,6.417224268009834e-10,0.024385699107134146,0.08085706221,0.02093725671,0.0461628577,0.08085706221,0.024384307069709756,0.08085645919,0.02093682359,0.04616253712,0.08085645919,0.012677977665662926,0.04203709823,0.01088515329,0.02399979087,0.04203709823,0.012677253953667561,0.04203678472,0.01088492812,0.02399962421,0.04203678472,4.405408495649929e-09,2.1073424255447017e-08,0.0,1.4901161193847656e-08,2.1073424255447017e-08,8.295354042207317e-05,0.0001812188497,7.932218987e-05,0.0001290980038,0.0001812188497
0:58,67,4.448107819059002e-10,1.4901161193847656e-08,0.0,0.0,1.4901161193847656e-08,2.766805707682654e-10,5.413319671632091e-10,2.5944820264914147e-10,4.851730451155196e-10,5.413319671632091e-10,0.02473820421202985,0.06809353785,0.02170555962,0.05354762284,0.06809353785,0.02473749378991045,0.06809284536,0.0217049023,0.05354692662,0.06809284536,0.012861242940014925,0.03540141901,0.01128458934,0.02783908566,0.03540141901,0.012860873595910448,0.03540105899,0.0112842476,0.0278387237,0.03540105899,4.409949086661257e-09,2.1073424255447017e-08,0.0,1.4901161193847656e-08,2.1073424255447017e-08,7.95465921783582e-05,0.0001894653819,7.836455079e-05,0.0001434300193,0.0001894653819
0:59,71,0.0,0.0,0.0,0.0,0.0,2.8564563225825747e-10,6.157954109667028e-10,2.793580781319481e-10,4.961083681826772e-10,6.157954109667028e-10,0.029296169603643663,0.1194913833,0.02448366725,0.0527451832,0.1194913833,0.0292952306857,0.1194904802,0.02448347097,0.05274413592,0.1194904802,0.015230901615071972,0.06212284839,0.01272891071,0.02742190214,0.06212284839,0.015230413477850846,0.06212237888,0.01272880867,0.02742135767,0.06212237888,4.617261214995048e-09,1.4901161193847656e-08,0.0,1.4901161193847656e-08,1.4901161193847656e-08,8.337807055211268e-05,0.0002493955833,7.911002482e-05,0.0001295281456,0.0002493955833
0:60,58,2.569165723077182e-10,1.4901161193847656e-08,0.0,0.0,1.4901161193847656e-08,2.5188051549587423e-10,5.564375388426958e-10,2.226554385236171e-10,4.5906607618252803e-10,5.564375388426958e-10,0.024474695032413795,0.07151281335,0.0171795601,0.05209322061,0.07151281335,0.02447364338675862,0.07151213649,0.01717942437,0.05209276858,0.07151213649,0.012724246109324138,0.03717907969,0.008931549522,0.02708295073,0.03717907969,0.012723699365237932,0.0371787278,0.008931478959,0.02708271572,0.0371787278,4.899673372472534e-09,2.1073424255447017e-08,0.0,1.4901161193847656e-08,2.1073424255447017e-08,8.50339616367069e-05,0.0001711290622,8.164704395e-05,0.0001301938647,0.0001711290622
0:61,59,0.0,0.0,0.0,0.0,0.0,3.661279551356912e-10,6.963221691129365e-10,3.7990548552863674e-10,5.844056745283678e-10,6.963221691129365e-10,0.022082539754766102,0.07098353784,0.01836183199,0.04361775989,0.07098353784,0.02207772840956254,0.07098289556,0.01836170277,0.04361662004,0.07098289556,0.011480579030132203,0.03690391255,0.009546205539,0.02267660989,0.03690391255,0.011478077640769356,0.03690357863,0.009546138358,0.0226760173,0.03690357863,4.145607494290879e-09,2.1073424255447017e-08,0.0,1.4901161193847656e-08,2.1073424255447017e-08,6.734986263271187e-05,0.0001957594445,6.124809044e-05,0.0001223539655,0.0001957594445
0:62,67,0.0,0.0,0.0,0.0,0.0,3.7252714604526875e-10,7.31971565635865e-10,3.6843491491243147e-10,5.815903370466516e-10,7.31971565635865e-10,0.02710549714757463,0.0719006498,0.02064853231,0.05495627843,0.0719006498,0.02710399343461791,0.07189996214,0.0206481229,0.05495568924,0.07189996214,0.014091984237535821,0.03738071352,0.01073504722,0.0285714372,0.03738071352,0.014091202466822389,0.03738035601,0.01073483437,0.02857113088,0.03738035601,3.0866121128225616e-09,2.580956827951785e-08,0.0,1.4901161193847656e-08,2.580956827951785e-08,8.057141545283581e-05,0.000171084339,7.77788316e-05,0.0001327018073,0.000171084339
0:63,81,0.0,0.0,0.0,0.0,0.0,3.816177976122735e-10,6.858592743106819e-10,3.92218439752076e-10,5.704871265437358e-10,6.858592743106819e-10,0.02323465772805432,0.07766873162,0.01833204257,0.04783626075,0.07766873162,0.02323342021066543,0.07766808066,0.01833169494,0.04783581916,0.07766808066,0.012079558205590124,0.04037950442,0.0095307182,0.02486978301,0.04037950442,0.01207891482744074,0.04037916599,0.009530537465,0.02486955343,0.04037916599,3.4637707112648956e-09,2.1073424255447017e-08,0.0,1.4901161193847656e-08,2.1073424255447017e-08,7.222659850730864e-05,0.0001687641182,6.967506521e-05,0.0001236466544,0.0001687641182
0:64,60,0.0,0.0,0.0,0.0,0.0,4.1344824809552424e-10,7.372300222118362e-10,4.347056436973403e-10,6.023484668871392e-10,7.372300222118362e-10,0.025197525291618336,0.07820061869,0.02095115444,0.05307207662,0.07820061869,0.025195787533688334,0.07820004244,0.02094987245,0.05307162215,0.07820004244,0.013100041194628332,0.04065602929,0.01089237864,0.02759185205,0.04065602929,0.013099137745298334,0.0406557297,0.01089171214,0.02759161578,0.0406557297,6.9112646392847576e-09,2.1073424255447017e-08,0.0,1.4901161193847656e-08,2.1073424255447017e-08,8.271652337816666e-05,0.0001678177938,7.55140746e-05,0.0001337701484,0.0001678177938
0:65,66,0.0,0.0,0.0,0.0,0.0,4.001433473927662e-10,7.226334734062921e-10,3.9839155966873306e-10,6.222314480474631e-10,7.226334734062921e-10,0.02627423711758333,0.0961581671,0.02168731269,0.05775390679,0.0961581671,0.02627353165341212,0.09615722658,0.02168636032,0.05775337397,0.09615722658,0.01365981716949394,0.04999205024,0.01127510286,0.03002590728,0.04999205024,0.013659450403122728,0.04999156127,0.01127460773,0.03002563027,0.04999156127,3.347890649046453e-09,2.1073424255447017e-08,0.0,1.4901161193847656e-08,2.1073424255447017e-08,7.885575718666667e-05,0.0002157807047,6.355304547e-05,0.0001517119137,0.0002157807047
0:66,59,0.0,0.0,0.0,0.0,0.0,2.763458746501913e-10,6.330469120115875e-10,2.6548395489408065e-10,4.853624562111224e-10,6.330469120115875e-10,0.02466985975475288,0.08215348565,0.01879653172,0.05516446079,0.08215348565,0.02466782247329966,0.08215285449,0.01879571718,0.05516393421,0.08215285449,0.012825711069625085,0.04271110095,0.009772203304,0.02867966995,0.04271110095,0.01282465189939339,0.04271077281,0.009771779828,0.02867939618,0.04271077281,5.044849114571628e-09,2.580956827951785e-08,0.0,1.4901161193847656e-08,2.580956827951785e-08,8.233231742345762e-05,0.0002161437716,7.211659088e-05,0.0001703721418,0.0002161437716
0:67,77,0.0,0.0,0.0,0.0,0.0,2.711302019957221e-10,6.197231342877579e-10,2.511583122754803e-10,4.581594791296206e-10,6.197231342877579e-10,0.0272892643495426,0.08075646677,0.02303075954,0.05736275665,0.08075646677,0.027288322054802337,0.08075576915,0.02303045643,0.05736230982,0.08075576915,0.01418752369659805,0.04198479927,0.01197355277,0.02982255069,0.04198479927,0.014187033802786624,0.04198443658,0.01197339519,0.02982231838,0.04198443658,4.3044308344882964e-09,2.1073424255447017e-08,0.0,1.4901161193847656e-08,2.1073424255447017e-08,8.046958253077922e-05,0.0001763931358,7.528255701e-05,0.0001414785303,0.0001763931358
0:68,72,2.06960572136773e-10,1.4901161193847656e-08,0.0,0.0,1.4901161193847656e-08,2.999479015191211e-10,6.459368005896823e-10,2.8670564519312715e-10,4.665666055767906e-10,6.459368005896823e-10,0.021865078930708333,0.06825026742,0.01798311843,0.04357838582,0.06825026742,0.02186377901348611,0.06824965567,0.01798290703,0.04357803118,0.06824965567,0.011367522461723612,0.03548290177,0.009349314643,0.02265613956,0.03548290177,0.011366846642095833,0.03548258373,0.009349204741,0.02265595518,0.03548258373,5.259740179274872e-09,2.1073424255447017e-08,0.0,1.4901161193847656e-08,2.1073424255447017e-08,7.329350029763888e-05,0.000169453665,6.698371135e-05,0.0001252540805,0.000169453665
0:69,73,0.0,0.0,0.0,0.0,0.0,2.795500108356899e-10,6.333931625133942e-10,2.674549469736759e-10,4.735718097446396e-10,6.333931625133942e-10,0.022727572704091783,0.08170540539,0.0185772887,0.04482187349,0.08170540539,0.022726647250527397,0.08170476456,0.01857715364,0.04482158306,0.08170476456,0.011815927764076986,0.04247814672,0.009658220179,0.02330262129,0.04247814672,0.011815446626483013,0.04247781356,0.009658149966,0.02330247029,0.04247781356,3.758810473299414e-09,2.1073424255447017e-08,0.0,1.4901161193847656e-08,2.1073424255447017e-08,7.308723262863013e-05,0.0001778922201,7.023448578e-05,0.0001058186362,0.0001778922201
0:70,72,0.0,0.0,0.0,0.0,0.0,2.699889316921849e-10,6.648918321781456e-10,2.5411609697865803e-10,4.974755563094e-10,6.648918321781456e-10,0.023743895053543473,0.08519339156,0.02003842367,0.04840685777,0.08519339156,0.023742608446809307,0.08519280603,0.02003784271,0.04840619694,0.08519280603,0.012344307615057082,0.04429152967,0.01041785542,0.02516643295,0.04429152967,0.01234363871575643,0.04429122525,0.01041755339,0.02516608939,0.04429122525,4.310663194446554e-09,2.1073424255447017e-08,0.0,1.4901161193847656e-08,2.1073424255447017e-08,7.351603036541666e-05,0.0001679754394,6.882352268e-05,0.0001237677909,0.0001679754394
0:71,68,2.1913472343893612e-10,1.4901161193847656e-08,0.0,0.0,1.4901161193847656e-08,2.1431264937600072e-10,5.528642959021756e-10,2.0351333907561095e-10,4.097652708055322e-10,5.528642959021756e-10,0.02119668146867353,0.06396209717,0.01755542319,0.05255896978,0.06396209717,0.02119330542275,0.06396155451,0.01755488281,0.0525579954,0.06396155451,0.011020026658227941,0.03325350796,0.009126958473,0.02732509091,0.03325350796,0.011018271471957353,0.03325322584,0.009126677534,0.02732458433,0.03325322584,3.778461298328832e-09,2.1073424255447017e-08,0.0,1.4901161193847656e-08,2.1073424255447017e-08,7.528004415779412e-05,0.0001687064158,6.776219127e-05,0.0001347557915,0.0001687064158
1:0,65,0.0,0.0,0.0,0.0,0.0,2.947110048894651e-10,6.601400365275784e-10,2.8170292305338854e-10,4.890527825250387e-10,6.601400365275784e-10,0.02376005768826923,0.08947015875,0.01809769166,0.05270216719,0.08947015875,0.023758421679544617,0.08946941396,0.01809756086,0.05270172223,0.08946941396,0.012352710470798462,0.04651499509,0.009408880575,0.02739953838,0.04651499509,0.01235185991997077,0.04651460788,0.009408812572,0.02739930705,0.04651460788,4.087142560286291e-09,2.1073424255447017e-08,0.0,1.4901161193847656e-08,2.1073424255447017e-08,7.709679505169231e-05,0.00019855306,6.718410585e-05,0.0001245892424,0.00019855306
1:1,57,0.0,0.0,0.0,0.0,0.0,2.5739614348640713e-10,6.617732094951745e-10,2.444646055155796e-10,5.002079473326672e-10,6.617732094951745e-10,0.024513478882247367,0.05977053206,0.02222883071,0.04694787793,0.05977053206,0.024512920355892982,0.05977009556,0.02222872919,0.04694732551,0.05977009556,0.01274440959821579,0.03107433858,0.01155663481,0.02440791815,0.03107433858,0.012744119224180702,0.03107411164,0.01155658204,0.02440763095,0.03107411164,2.461100242214531e-09,2.1073424255447017e-08,0.0,1.4901161193847656e-08,2.1073424255447017e-08,7.415487585894738e-05,0.0001718329742,7.184325639e-05,0.0001282818103,0.0001718329742
1:2,53,0.0,0.0,0.0,0.0,0.0,2.8104840282407085e-10,5.509591080383639e-10,2.722532517958362e-10,4.833951417774937e-10,5.509591080383639e-10,0.02328815959156038,0.0745315884,0.01949717838,0.04530287081,0.0745315884,0.02328639034654717,0.07453110753,0.01949489812,0.04530245374,0.07453110753,0.012107373501515093,0.0387485226,0.01013646527,0.02355268888,0.0387485226,0.012106453681349057,0.03874827261,0.01013527978,0.02355247205,0.03874827261,5.574841298232155e-09,2.1073424255447017e-08,0.0,1.4901161193847656e-08,2.1073424255447017e-08,7.570228166513207e-05,0.0001558141851,7.8909428e-05,0.0001129310601,0.0001558141851
1:3,77,0.0,0.0,0.0,0.0,0.0,2.7695852013433105e-10,6.790812677259048e-10,2.5741692946674933e-10,4.878624752456556e-10,6.790812677259048e-10,0.02685725150093766,0.08195299635,0.02330325028,0.0569689351,0.08195299635,0.026856282288024676,0.08195221898,0.02330307406,0.05696855327,0.08195221898,0.013962922826105196,0.04260686777,0.01211521906,0.02961780524,0.04260686777,0.013962418937849351,0.04260646362,0.01211512744,0.02961760673,0.04260646362,4.559460772383342e-09,2.580956827951785e-08,0.0,1.4901161193847656e-08,2.580956827951785e-08,7.679056584514286e-05,0.0001873140132,7.095711882e-05,0.0001314502614,0.0001873140132
1:4,66,0.0,0.0,0.0,0.0,0.0,2.6339266948129475e-10,6.247958428173618e-10,2.471168922635539e-10,4.5424085548977887e-10,6.247958428173618e-10,0.024918021982013636,0.07776816379,0.02324383721,0.04972884268,0.07776816379,0.02491707093204697,0.07776746658,0.02324363905,0.04972837834,0.07776746658,0.012954729112966665,0.0404311986,0.01208433056,0.02585372492,0.0404311986,0.012954234667660606,0.04043083613,0.01208422754,0.02585348352,0.04043083613,5.154092005876473e-09,2.1073424255447017e-08,0.0,1.4901161193847656e-08,2.1073424255447017e-08,7.17766317695606e-05,0.0001747719612,6.713219042e-05,0.0001306754118,0.0001747719612
1:5,82,5.451644339212557e-10,1.4901161193847656e-08,0.0,0.0,1.4901161193847656e-08,2.816451737824501e-10,6.060613460922624e-10,2.862648365065166e-10,4.775958462968613e-10,6.060613460922624e-10,0.025018734130739635,0.07677830641,0.01937101794,0.05739285804,0.07677830641,0.025015794295246706,0.07677761003,0.01937089336,0.05739253171,0.07677761003,0.013007088750238658,0.03991657773,0.01007087522,0.02983820021,0.03991657773,0.01300556034741961,0.03991621568,0.01007081045,0.02983803056,0.03991621568,3.164536626304994e-09,2.1073424255447017e-08,0.0,1.4901161193847656e-08,2.1073424255447017e-08,7.712172207191464e-05,0.00019403327,7.237355013e-05,0.0001441731526,0.00019403327
1:6,62,0.0,0.0,0.0,0.0,0.0,2.801287803904781e-10,5.378462812552828e-10,2.408721207678381e-10,4.832567160237223e-10,5.378462812552828e-10,0.0275689554089371,0.08286408214,0.02283379648,0.05490080322,0.08286408214,0.02756784821157903,0.08286339939,0.02283349244,0.05490043199,0.08286339939,0.014332933388645162,0.04308053577,0.01187115287,0.02854259597,0.04308053577,0.014332357763569354,0.04308018081,0.0118709948,0.02854240297,0.04308018081,4.666037512011369e-09,2.1073424255447017e-08,0.0,1.4901161193847656e-08,2.1073424255447017e-08,7.437924031191936e-05,0.0001787738068,7.404079163e-05,0.0001275238355,0.0001787738068
1:7,70,0.0,0.0,0.0,0.0,0.0,3.7102658058044155e-10,7.780396640625743e-10,3.2997001362772377e-10,5.928479836505197e-10,7.780396640625743e-10,0.02455233158266429,0.07043417461,0.02014226003,0.05012800854,0.07043417461,0.02455104629603857,0.07043368576,0.02014186851,0.05012764922,0.07043368576,0.012764608882822857,0.03661830193,0.01047183932,0.02606124884,0.03661830193,0.012763940670217142,0.03661804778,0.01047163577,0.02606106203,0.03661804778,2.6061366045303185e-09,2.1073424255447017e-08,0.0,1.4901161193847656e-08,2.1073424255447017e-08,7.934178299751428e-05,0.0001531472257,7.615978969e-05,0.0001324946182,0.0001531472257
1:8,65,0.0,0.0,0.0,0.0,0.0,3.7076012591517796e-10,7.250437375874605e-10,3.725607785862087e-10,5.930395195613091e-10,7.250437375874605e-10,0.02500286974722923,0.1066200205,0.02096861138,0.05185137751,0.1066200205,0.025001054905246154,0.1066190822,0.02096842519,0.05185103184,0.1066190822,0.012998840952548461,0.05543110461,0.01090145439,0.02695721796,0.05543110461,0.012997897427391077,0.05543061679,0.0109013576,0.02695703825,0.05543061679,3.72360318603866e-09,2.1073424255447017e-08,0.0,1.4901161193847656e-08,2.1073424255447017e-08,7.58132190055077e-05,0.0002263631969,7.241114527e-05,0.0001323846191,0.0002263631969
1:9,81,0.0,0.0,0.0,0.0,0.0,4.071231360044714e-10,6.990609008928433e-10,4.021578592528184e-10,5.902694408106668e-10,6.990609008928433e-10,0.02801581589825062,0.08988324385,0.02221128604,0.06651119376,0.08988324385,0.028014603244751853,0.08988254245,0.02221107258,0.06651077379,0.08988254245,0.014565253458178025,0.04672975554,0.01154751345,0.03457876788,0.04672975554,0.014564623006229134,0.04672939089,0.01154740247,0.03457854954,0.04672939089,5.455821798446071e-09,2.1073424255447017e-08,0.0,1.4901161193847656e-08,2.1073424255447017e-08,8.38500633802963e-05,0.0001890796351,7.712213267e-05,0.000164863494,0.0001890796351
1:10,70,0.0,0.0,0.0,0.0,0.0,4.213588177819411e-10,7.762430826757174e-10,4.2809377085047434e-10,6.183617999859109e-10,7.762430826757174e-10,0.02717056123709,0.09344846705,0.02314352705,0.05268203833,0.09344846705,0.027169881658334283,0.0934475235,0.02314253515,0.05268169392,0.0934475235,0.014125810664655713,0.04858329355,0.01203217992,0.0273890735,0.04858329355,0.014125457355697143,0.048582803,0.01203166423,0.02738889445,0.048582803,5.373495111959169e-09,2.1073424255447017e-08,0.0,1.4901161193847656e-08,2.1073424255447017e-08,7.6003813384e-05,0.0002132041115,6.879104403e-05,0.0001231889244,0.0002132041115
1:11,67,2.224053909529501e-10,1.4901161193847656e-08,0.0,0.0,1.4901161193847656e-08,4.2380980877307804e-10,7.701248079031031e-10,4.321331856914488e-10,6.124704752579286e-10,7.701248079031031e-10,0.023249913668891044,0.1012143005,0.02003591742,0.05202737831,0.1012143005,0.0232488355969,0.1012134008,0.0200357288,0.05202686092,0.1012134008,0.012087489676202984,0.05262070343,0.01041655244,0.02704871971,0.05262070343,0.012086929193597015,0.0526202357,0.01041645438,0.02704845073,0.0526202357,4.409949086661257e-09,2.1073424255447017e-08,0.0,1.4901161193847656e-08,2.1073424255447017e-08,7.149779373262688e-05,0.0002279446983,5.973894108e-05,0.0001272739399,0.0002279446983
1:12,82,1.817214779737519e-10,1.4901161193847656e-08,0.0,0.0,1.4901161193847656e-08,2.7184797667452533e-10,6.282407195443515e-10,2.6411983396044537e-10,4.833628247055923e-10,6.282407195443515e-10,0.026466036869752803,0.08208043344,0.02322131702,0.04848877663,0.08208043344,0.026465207795578906,0.08207985344,0.02322082347,0.0484882169,0.08207985344,0.01375953270232683,0.04267312154,0.01207262245,0.02520902208,0.04267312154,0.013759101671664511,0.04267282,0.01207236586,0.02520873108,0.04267282,3.966694038951214e-09,2.1073424255447017e-08,0.0,1.4901161193847656e-08,2.1073424255447017e-08,7.739895785095122e-05,0.0001728281465,7.395950847e-05,0.0001378162893,0.0001728281465
1:13,75,1.986821492513021e-10,1.4901161193847656e-08,0.0,0.0,1.4901161193847656e-08,2.8989207991767917e-10,6.30760046193117e-10,2.7898616016903864e-10,5.15642347663268e-10,6.30760046193117e-10,0.021404082880014667,0.06768356828,0.02067333816,0.04212490208,0.06768356828,0.02140313363976,0.06768283698,0.02067297858,0.04212451849,0.06768283698,0.011127853399069333,0.03518827831,0.01074794363,0.02190048214,0.03518827831,0.011127359894554666,0.03518789811,0.01074775669,0.02190028271,0.03518789811,2.665164781088252e-09,2.1073424255447017e-08,0.0,1.4901161193847656e-08,2.1073424255447017e-08,6.869935793301333e-05,0.0001607718588,6.731189838e-05,0.0001143982293,0.0001607718588
1:14,68,2.1913472343893612e-10,1.4901161193847656e-08,0.0,0.0,1.4901161193847656e-08,2.7306006141809145e-10,6.502588510692598e-10,2.735203502634685e-10,5.012561203789885e-10,6.502588510692598e-10,0.026242753466579415,0.07182967707,0.02178859414,0.05746944223,0.07182967707,0.02624097393373529,0.07182911879,0.02178833091,0.05746887014,0.07182911879,0.01364344900957353,0.03734381523,0.01132775848,0.02987801587,0.03734381523,0.013642523841099999,0.03734352498,0.01132762163,0.02987771845,0.03734352498,4.1259621707714196e-09,2.1073424255447017e-08,0.0,1.4901161193847656e-08,2.1073424255447017e-08,7.615291292397059e-05,0.0001445594865,7.227378402e-05,0.0001301498684,0.0001445594865
1:15,74,0.0,0.0,0.0,0.0,0.0,2.81508725160686e-10,6.658153002387297e-10,2.4544234129903433e-10,4.983878921240536e-10,6.658153002387297e-10,0.0237530286505,0.07011987618,0.02014764132,0.04484167869,0.07011987618,0.023752371872728377,0.07011918526,0.02014746331,0.04484136473,0.07011918526,0.012349056116570271,0.03645490007,0.01047463702,0.02331291789,0.03645490007,0.01234871466182027,0.03645454087,0.01047454447,0.02331275466,0.03645454087,3.5066486940136423e-09,2.1073424255447017e-08,0.0,1.4901161193847656e-08,2.1073424255447017e-08,7.309019534720271e-05,0.0001975229174,7.211915869e-05,0.0001235023127,0.0001975229174
1:16,68,0.0,0.0,0.0,0.0,0.0,2.665939171440965e-10,6.182337357171025e-10,2.51984146931379e-10,4.280489236356187e-10,6.182337357171025e-10,0.022544076083939706,0.0705305943,0.01773574567,0.04651472565,0.0705305943,0.02254287259095294,0.07053003965,0.01773559055,0.04651432448,0.07053003965,0.011720528980444117,0.03666842994,0.009220707043,0.0241827249,0.03666842994,0.011719903290719117,0.03666814158,0.009220626397,0.02418251633,0.03666814158,2.501250532263582e-09,2.1073424255447017e-08,0.0,1.4901161193847656e-08,2.1073424255447017e-08,7.909614309897058e-05,0.0001504661523,7.666703623e-05,0.0001261344304,0.0001504661523
1:17,73,0.0,0.0,0.0,0.0,0.0,2.4722409551536913e-10,6.395687904728585e-10,1.8931642714520379e-10,4.963312963953578e-10,6.395687904728585e-10,0.028155753772121917,0.08248745754,0.02460945193,0.05547512413,0.08248745754,0.028154315730356164,0.08248684327,0.0246092779,0.05547474606,0.08248684327,0.014638006312453426,0.04288473092,0.0127943054,0.02884118194,0.04288473092,0.014637258683456165,0.04288441156,0.01279421493,0.02884098538,0.04288441156,4.455738509506843e-09,2.1073424255447017e-08,0.0,1.4901161193847656e-08,2.1073424255447017e-08,8.145107088398357e-05,0.0002148161599,7.653762382e-05,0.0001438950258,0.0002148161599
1:18,64,0.0,0.0,0.0,0.0,0.0,2.287809196858434e-10,5.670511337303985e-10,1.9947155448019702e-10,4.486265117561794e-10,5.670511337303985e-10,0.022585218968757814,0.07394713387,0.01805805357,0.05138976143,0.07394713387,0.022583024827476563,0.07394659817,0.0180570843,0.05138923797,0.07394659817,0.011741918917654687,0.03844466823,0.00938827297,0.02671722655,0.03844466823,0.011740778196529687,0.03844438972,0.009387769053,0.02671695441,0.03844438972,4.2873931961071435e-09,2.1073424255447017e-08,0.0,1.4901161193847656e-08,2.1073424255447017e-08,7.757054293296876e-05,0.0001677364652,7.131599853e-05,0.00013849712,0.0001677364652
1:19,62,0.0,0.0,0.0,0.0,0.0,2.528527954685896e-10,6.493454926190979e-10,2.3534833885961367e-10,5.112763600988594e-10,6.493454926190979e-10,0.025167257127080647,0.08643073328,0.02129227372,0.05390930623,0.08643073328,0.025166017863919355,0.08642978667,0.02129191887,0.05390883344,0.08642978667,0.01308430495861129,0.04493481615,0.01106972449,0.02802712267,0.04493481615,0.013083660674017741,0.04493432402,0.01106954001,0.02802687687,0.04493432402,1.442047857469128e-09,1.4901161193847656e-08,0.0,0.0,1.4901161193847656e-08,8.74227875406613e-05,0.000213916193,8.936467515e-05,0.0001229927439,0.000213916193
1:20,74,0.0,0.0,0.0,0.0,0.0,2.683315007210585e-10,5.582886328858016e-10,2.647692319146167e-10,4.6059731593434623e-10,5.582886328858016e-10,0.023734258865114866,0.1093849615,0.01803065897,0.04584582475,0.1093849615,0.02373288233320946,0.1093842441,0.01802864653,0.04584552874,0.1093842441,0.012339297818332434,0.05686858073,0.009374030687,0.02383496736,0.05686858073,0.012338582168098649,0.05686820779,0.009372984431,0.02383481347,0.05686820779,3.5900576543055255e-09,2.9802322387695312e-08,0.0,1.4901161193847656e-08,2.9802322387695312e-08,7.347288065486486e-05,0.0002120705325,6.629532813e-05,0.0001242169548,0.0002120705325
1:21,81,0.0,0.0,0.0,0.0,0.0,2.6249532283312923e-10,6.182444255864713e-10,2.206705325074055e-10,4.934750043947238e-10,6.182444255864713e-10,0.026285391088050617,0.07897488303,0.02304699946,0.04983282429,0.07897488303,0.02628461836084074,0.07897432134,0.02304678222,0.04983241612,0.07897432134,0.013665616050961728,0.04105856464,0.0119819958,0.02590778434,0.04105856464,0.013665214315122222,0.04105827262,0.01198188287,0.02590757213,0.04105827262,5.1194552883590796e-09,2.1073424255447017e-08,0.0,1.4901161193847656e-08,2.1073424255447017e-08,7.445765984181482e-05,0.0001908862517,7.145021489e-05,0.0001317268879,0.0001908862517
1:22,67,0.0,0.0,0.0,0.0,0.0,2.6692966065393835e-10,5.871321909848255e-10,2.6182505905337004e-10,4.768765114851748e-10,5.871321909848255e-10,0.02893452330968806,0.08265926584,0.02551675376,0.0661925287,0.08265926584,0.02893279827112388,0.08265859581,0.02551657938,0.06619206496,0.08265859581,0.015042883891568657,0.04297405301,0.01326600614,0.03441309584,0.04297405301,0.015041987054337312,0.04297370467,0.01326591549,0.03441285474,0.04297370467,4.724477806891809e-09,2.1073424255447017e-08,0.0,1.4901161193847656e-08,2.1073424255447017e-08,8.513931378919404e-05,0.0001792926251,8.402155016e-05,0.0001489957147,0.0001792926251
1:23,55,2.7093020352450283e-10,1.4901161193847656e-08,0.0,0.0,1.4901161193847656e-08,2.245449239323429e-10,5.876488472454241e-10,1.790950801390651e-10,4.486323897478396e-10,5.876488472454241e-10,0.02344843284899091,0.06779393085,0.02138363745,0.05027618232,0.06779393085,0.023447833481572727,0.06779335928,0.02138345791,0.05027570388,0.06779335928,0.012190698599187273,0.03524565514,0.01111722394,0.0261382835,0.03524565514,0.012190386991589091,0.03524535799,0.0111171306,0.02613803476,0.03524535799,3.3633854070503864e-09,2.1073424255447017e-08,0.0,1.4901161193847656e-08,2.1073424255447017e-08,6.986935451745454e-05,0.0002079634589,6.444753596e-05,0.0001145523421,0.0002079634589
1:24,59,0.0,0.0,0.0,0.0,0.0,2.8978039318093875e-10,6.275876091409189e-10,2.6553049382456316e-10,5.119094902710335e-10,6.275876091409189e-10,0.027066930569157627,0.08344136817,0.02480938439,0.05209852651,0.08344136817,0.027065388403559324,0.08344071201,0.02480912091,0.05209814865,0.08344071201,0.014071933706867797,0.04338066329,0.01289824908,0.02708570923,0.04338066329,0.01407113194389661,0.04338032215,0.0128981121,0.02708551279,0.04338032215,4.293554920261189e-09,1.4901161193847656e-08,0.0,1.4901161193847656e-08,1.4901161193847656e-08,7.70157207379661e-05,0.0001993710431,7.091005137e-05,0.0001216190567,0.0001993710431
1:25,65,0.0,0.0,0.0,0.0,0.0,4.2035130921167345e-10,7.227989859265742e-10,3.9938140199727185e-10,6.05587994675324e-10,7.227989859265742e-10,0.023351446447426153,0.07944297346,0.01632030708,0.05207534766,0.07944297346,0.02334887894504769,0.07944201114,0.01631933567,0.05207484289,0.07944201114,0.012140275954943077,0.04130192203,0.008484829068,0.02707365869,0.04130192203,0.012138941126092923,0.04130142173,0.008484324039,0.02707339626,0.04130142173,4.679930568285423e-09,2.1073424255447017e-08,0.0,1.4901161193847656e-08,2.1073424255447017e-08,7.538736451156923e-05,0.0001992178798,7.225781106e-05,0.0001381436499,0.0001992178798
1:26,70,0.0,0.0,0.0,0.0,0.0,3.794269887386444e-10,6.982541078342265e-10,3.7238135074746855e-10,5.857014946930754e-10,6.982541078342265e-10,0.028936624748972857,0.101409324,0.02439553097,0.06388219507,0.101409324,0.028935731197185715,0.1014085346,0.02439535976,0.06388168531,0.1014085346,0.015043976416777143,0.05272209497,0.01268308919,0.03321196734,0.05272209497,0.015043511864755714,0.05272168458,0.01268300018,0.03321170232,0.05272168458,3.7070286193858505e-09,2.1073424255447017e-08,0.0,1.4901161193847656e-08,2.1073424255447017e-08,8.05286288599143e-05,0.0002137328237,7.060735629e-05,0.000140234091,0.0002137328237
1:27,75,0.0,0.0,0.0,0.0,0.0,3.8264374566334267e-10,8.208907643543719e-10,3.989343313999119e-10,6.187430660291938e-10,8.208907643543719e-10,0.024510486523782668,0.07708047965,0.01952012207,0.0533445401,0.07708047965,0.024506978715593333,0.07707993012,0.0195196653,0.05334408885,0.07707993012,0.012742853889964,0.04007367577,0.01014839355,0.02773350418,0.04007367577,0.012741030201745334,0.04007339007,0.01014815608,0.02773326957,0.04007339007,6.536542363288336e-09,2.1073424255447017e-08,0.0,1.4901161193847656e-08,2.1073424255447017e-08,7.808234094113333e-05,0.0001604270469,7.697278582e-05,0.0001267253676,0.0001604270469
1:28,82,0.0,0.0,0.0,0.0,0.0,3.8764008410605907e-10,6.512109134365642e-10,3.9263698255035793e-10,5.608748203132458e-10,6.512109134365642e-10,0.027020614278445244,0.08074223432,0.02381072061,0.05352371993,0.08074223432,0.027019623052580734,0.0807416849,0.02380991174,0.05352324215,0.0807416849,0.014047854146893657,0.0419773999,0.01237904982,0.02782665868,0.0419773999,0.014047338814488415,0.04197711426,0.01237862929,0.02782641029,0.04197711426,5.265323762248231e-09,2.580956827951785e-08,0.0,1.4901161193847656e-08,2.580956827951785e-08,7.301345069865854e-05,0.0001871134221,7.065980118e-05,0.0001269291722,0.0001871134221
1:29,77,0.0,0.0,0.0,0.0,0.0,3.904370371369067e-10,8.078592244389939e-10,4.0586711598108086e-10,5.508854181839325e-10,8.078592244389939e-10,0.025851016659040257,0.09668767711,0.02228158202,0.05116974323,0.09668767711,0.025849507365405196,0.09668688682,0.02228124889,0.05116932734,0.09668688682,0.013439787409346624,0.05026733929,0.0115840599,0.02660284042,0.05026733929,0.01343900273712896,0.05026692843,0.01158388671,0.0266026242,0.05026692843,5.819400373191314e-09,2.1073424255447017e-08,0.0,1.4901161193847656e-08,2.1073424255447017e-08,8.3914215648e-05,0.0002046782428,8.882375707e-05,0.0001245668647,0.0002046782428
1:30,71,2.098755097725022e-10,1.4901161193847656e-08,0.0,0.0,1.4901161193847656e-08,2.8957937475064145e-10,5.927185749368921e-10,2.7370035410497416e-10,4.715916540329388e-10,5.927185749368921e-10,0.02518085423497465,0.08373655402,0.02168578867,0.05185993785,0.08373655402,0.025180170742095775,0.08373571438,0.02168489808,0.05185950897,0.08373571438,0.013091374013633802,0.04353412863,0.01127431054,0.02696166843,0.04353412863,0.013091018669329577,0.04353369211,0.01127384752,0.02696144546,0.04353369211,5.538384901188893e-09,2.580956827951785e-08,0.0,1.4901161193847656e-08,2.580956827951785e-08,7.339744436140844e-05,0.0001993407959,6.607605697e-05,0.0001266674933,0.0001993407959
1:31,72,0.0,0.0,0.0,0.0,0.0,2.80548079662502e-10,6.111348649772887e-10,2.6906883583075425e-10,4.696791702947541e-10,6.111348649772887e-10,0.023488822673368055,0.07915574165,0.01996511295,0.04586057767,0.07915574165,0.023487111264447223,0.07915513359,0.01996452689,0.0458599666,0.07915513359,0.012211697025011112,0.04115259195,0.01037974162,0.02384263732,0.04115259195,0.0122108072737,0.04115227582,0.01037943694,0.02384231962,0.04115227582,5.052779607138099e-09,2.1073424255447017e-08,0.0,1.4901161193847656e-08,2.1073424255447017e-08,8.092790443430556e-05,0.000164727951,7.551925695e-05,0.0001323314423,0.000164727951
1:32,67,0.0,0.0,0.0,0.0,0.0,3.0052259100519424e-10,5.902468562480891e-10,3.0292586171375586e-10,5.008488125860976e-10,5.902468562480891e-10,0.025956424293432836,0.1057976749,0.02311393358,0.04816920762,0.1057976749,0.025955750241701492,0.1057969258,0.02311361107,0.04816892248,0.1057969258,0.013494588201732835,0.0550035721,0.01201679445,0.02504288008,0.0550035721,0.013494237766868658,0.05500318269,0.01201662678,0.02504273184,0.05500318269,4.540231148336605e-09,2.1073424255447017e-08,0.0,1.4901161193847656e-08,2.1073424255447017e-08,7.485417681774626e-05,0.0002129107675,7.277463364e-05,0.000138188739,0.0002129107675
1:33,65,0.0,0.0,0.0,0.0,0.0,2.8371379657663375e-10,5.848892926216962e-10,2.8363241514208015e-10,5.03678679195739e-10,5.848892926216962e-10,0.022313929343092308,0.06528840344,0.0182790867,0.04609674306,0.06528840344,0.02231287211796923,0.06528791955,0.01827761937,0.04609629267,0.06528791955,0.011600877079458461,0.03394304658,0.00950318676,0.02396541827,0.03394304658,0.011600327434375385,0.033942795,0.009502423906,0.02396518412,0.033942795,4.8698463547961724e-09,2.1073424255447017e-08,0.0,1.4901161193847656e-08,2.1073424255447017e-08,7.737914772784616e-05,0.0001542838239,7.790654562e-05,0.0001193493639,0.0001542838239
1:34,72,0.0,0.0,0.0,0.0,0.0,2.801049740670299e-10,5.991944670590328e-10,2.641434964574837e-10,4.841127388248398e-10,5.991944670590328e-10,0.025668197508055556,0.07408395323,0.02304515725,0.05258069461,0.07408395323,0.025667606213125,0.0740830974,0.02304493545,0.05258023812,0.0740830974,0.013344740836847222,0.03851579978,0.01198103805,0.02733638552,0.03851579978,0.013344433427222222,0.03851535485,0.01198092274,0.02733614819,0.03851535485,3.5685467817550078e-09,2.1073424255447017e-08,0.0,1.4901161193847656e-08,2.1073424255447017e-08,7.525611102818056e-05,0.0001888041334,6.946364052e-05,0.0001436921818,0.0001888041334
1:35,59,0.0,0.0,0.0,0.0,0.0,2.6078638210706553e-10,6.047363500820954e-10,2.520650164701341e-10,5.335404885143174e-10,6.047363500820954e-10,0.025288478101857626,0.07893324131,0.02224779208,0.04852518925,0.07893324131,0.02528768679717797,0.07893216248,0.02224602724,0.04852484279,0.07893216248,0.013147327012194916,0.04103691536,0.01156649272,0.02522795278,0.04103691536,0.01314691561722034,0.04103635449,0.01156557519,0.02522777266,0.04103635449,3.4925359600545466e-09,2.1073424255447017e-08,0.0,1.4901161193847656e-08,2.1073424255447017e-08,7.535478142905084e-05,0.0002102820389,6.791228533e-05,0.000127515063,0.0002102820389
1:36,67,0.0,0.0,0.0,0.0,0.0,2.907454418763462e-10,6.464350279814868e-10,2.8286088200887397e-10,5.057053049202107e-10,6.464350279814868e-10,0.029344368016802985,0.08896117159,0.02408482629,0.06139436843,0.08896117159,0.029343583828125373,0.08896040826,0.0240843114,0.0613939254,0.08896040826,0.015255959678926866,0.04625037574,0.01252155571,0.0319185613,0.04625037574,0.015255551984089552,0.04624997889,0.01252128802,0.03191833097,0.04624997889,4.946883197844759e-09,2.1073424255447017e-08,0.0,1.4901161193847656e-08,2.1073424255447017e-08,8.149795517082089e-05,0.000187312653,8.09544857e-05,0.0001573679846,0.000187312653
1:37,69,0.0,0.0,0.0,0.0,0.0,2.6466423206842744e-10,5.597514794804907e-10,2.3680277228903115e-10,4.945196086461957e-10,5.597514794804907e-10,0.024520014009623187,0.07501832122,0.02099335987,0.04856627844,0.07501832122,0.024519364606768117,0.07501767583,0.02099314545,0.04856490158,0.07501767583,0.012747807172695651,0.03900157206,0.01091432099,0.0252493148,0.03900157206,0.012747469551594203,0.03900123652,0.01091420951,0.02524859898,0.03900123652,4.7140421912173845e-09,2.1073424255447017e-08,0.0,1.4901161193847656e-08,2.1073424255447017e-08,7.506789659695651e-05,0.0002381338394,6.298701978e-05,0.0001280111389,0.0002381338394
1:38,73,0.0,0.0,0.0,0.0,0.0,2.9053095381927215e-10,6.876516501977255e-10,2.943304627764791e-10,4.915115781098308e-10,6.876516501977255e-10,0.02145347260002329,0.08445061706,0.01827149442,0.04182799039,0.08445061706,0.021450951192958628,0.08444991573,0.01827077498,0.04182682401,0.08444991573,0.011153530816189451,0.04390536569,0.009499239582,0.02174611955,0.04390536569,0.01115221995172726,0.04390500107,0.00949886555,0.02174551315,0.04390500107,5.356792041520404e-09,2.1073424255447017e-08,0.0,1.4901161193847656e-08,2.1073424255447017e-08,7.573012273845206e-05,0.0001751301907,6.80727759e-05,0.0001263095231,0.0001751301907
1:39,84,1.77394776117234e-10,1.4901161193847656e-08,0.0,0.0,1.4901161193847656e-08,2.6526311214048423e-10,5.614718826252625e-10,2.484612801025692e-10,4.524347691451613e-10,5.614718826252625e-10,0.021953565864679763,0.07829170762,0.01804295216,0.04291664765,0.07829170762,0.021952076603503574,0.07829111021,0.01804275642,0.04291624864,0.07829111021,0.011413526283560713,0.04070338588,0.009380421842,0.02231210588,0.04070338588,0.011412752025614285,0.04070307529,0.009380320075,0.02231189843,0.04070307529,3.798769620623811e-09,2.1073424255447017e-08,0.0,1.4901161193847656e-08,2.1073424255447017e-08,7.621544729971429e-05,0.0001859116917,7.103043593e-05,0.0001429583647,0.0001859116917
1:40,69,0.0,0.0,0.0,0.0,0.0,2.942691795891207e-10,5.730335840078232e-10,2.930117871075027e-10,5.038163598202758e-10,5.730335840078232e-10,0.02814410870046667,0.07903599009,0.02732415639,0.0593805684,0.07903599009,0.028142501453186957,0.07903534312,0.02732386533,0.05937988832,0.07903534312,0.014631952110900001,0.04109033383,0.01420566386,0.03087159883,0.04109033383,0.014631116512300146,0.04108999748,0.01420551254,0.03087124525,0.04108999748,3.976712529722568e-09,2.1073424255447017e-08,0.0,1.4901161193847656e-08,2.1073424255447017e-08,8.274794544666667e-05,0.0001858666608,7.54849204e-05,0.0001436905701,0.0001858666608
1:41,75,0.0,0.0,0.0,0.0,0.0,2.4843143513993313e-10,5.527061161560063e-10,2.338386364231312e-10,4.2229507412944773e-10,5.527061161560063e-10,0.02784014632475867,0.09255540724,0.02443221936,0.05087488852,0.09255540724,0.02783943006466933,0.09255471944,0.02443171678,0.05087454413,0.09255471944,0.014473923907393334,0.04811899715,0.01270216326,0.02644954723,0.04811899715,0.014473551528517333,0.04811863957,0.01270190198,0.02644936819,0.04811863957,3.4258049104848073e-09,2.1073424255447017e-08,0.0,1.4901161193847656e-08,2.1073424255447017e-08,7.783723046892e-05,0.0001912206787,7.112273819e-05,0.0001261307837,0.0001912206787
1:42,75,0.0,0.0,0.0,0.0,0.0,2.953318295304192e-10,5.960646383847944e-10,3.0180036643632604e-10,5.038451234185864e-10,5.960646383847944e-10,0.02277553321602933,0.06542953942,0.01863121944,0.0473306986,0.06542953942,0.022773367970557335,0.06542906849,0.01863112834,0.04733028312,0.06542906849,0.01184086214466,0.03401642232,0.009686258448,0.0246069443,0.03401642232,0.011839736446981334,0.03401617749,0.009686211086,0.0246067283,0.03401617749,3.5421902189147852e-09,2.1073424255447017e-08,0.0,1.4901161193847656e-08,2.1073424255447017e-08,7.598651488944e-05,0.0001716412646,7.362301086e-05,0.0001203743158,0.0001716412646
1:43,67,0.0,0.0,0.0,0.0,0.0,3.970084735391618e-10,7.956748351860946e-10,3.8345281539163774e-10,5.846955028066263e-10,7.956748351860946e-10,0.019227689724731344,0.07929392233,0.01405759842,0.04106056138,0.07929392233,0.01922694511889552,0.07929328073,0.01405723471,0.04106022603,0.07929328073,0.00999635974378806,0.04122443125,0.007308460506,0.02134713784,0.04122443125,0.00999597262838806,0.04122409769,0.007308271416,0.02134696349,0.04122409769,4.279667024985908e-09,2.1073424255447017e-08,0.0,1.4901161193847656e-08,2.1073424255447017e-08,6.473897130074627e-05,0.0001693643728,6.342890139e-05,0.000106482403,0.0001693643728
1:44,64,0.0,0.0,0.0,0.0,0.0,3.534377639905716e-10,7.837096907227574e-10,3.3428039527771556e-10,5.96783441113824e-10,7.837096907227574e-10,0.026739983299757814,0.09024147028,0.02338313504,0.05787248677,0.09024147028,0.02673918482166719,0.09024080708,0.02338221008,0.05787206223,0.09024080708,0.01390195579674375,0.0469159953,0.01215675066,0.0300875563,0.0469159953,0.01390154067206875,0.04691565051,0.01215626978,0.03008733558,0.04691565051,4.514331244179341e-09,2.580956827951785e-08,0.0,1.4901161193847656e-08,2.580956827951785e-08,8.049635793903125e-05,0.0001842430299,7.388112634e-05,0.0001275393338,0.0001842430299
1:45,58,0.0,0.0,0.0,0.0,0.0,3.9599053562341144e-10,7.581352962177515e-10,3.8601870767650903e-10,5.738083702556899e-10,7.581352962177515e-10,0.02030506646187931,0.07056458589,0.01351148009,0.04373481863,0.07056458589,0.020303121442439655,0.07056404819,0.0135109454,0.04373436759,0.07056404819,0.010556481401884482,0.03668610196,0.007024536882,0.02273746803,0.03668610196,0.010555470197734309,0.03668582241,0.007024258903,0.02273723353,0.03668582241,3.339915440000337e-09,1.4901161193847656e-08,0.0,1.4901161193847656e-08,1.4901161193847656e-08,7.113385163198276e-05,0.0001807931743,6.4195081e-05,0.0001319334036,0.0001807931743
1:46,70,2.128737313406808e-10,1.4901161193847656e-08,0.0,0.0,1.4901161193847656e-08,3.997824695502118e-10,7.127446344234747e-10,4.0728780240154424e-10,6.071712758342988e-10,7.127446344234747e-10,0.023243528711954287,0.09186492317,0.01755873697,0.04603551534,0.09186492317,0.023242455474365712,0.09186427523,0.01755685866,0.0460350327,0.09186427523,0.012084170176393714,0.04776001865,0.009128681288,0.02393358635,0.04776001865,0.012083612206608285,0.04775968179,0.009127704766,0.02393333543,0.04775968179,4.184427910509361e-09,2.1073424255447017e-08,0.0,1.4901161193847656e-08,2.1073424255447017e-08,7.518588511599999e-05,0.000195180987,6.681997373e-05,0.0001221572157,0.000195180987
1:47,69,2.159588578818501e-10,1.4901161193847656e-08,0.0,0.0,1.4901161193847656e-08,3.7842621600997977e-10,6.961665106609441e-10,4.0955844681891e-10,5.970621491859415e-10,6.961665106609441e-10,0.027771944995971014,0.1136705185,0.02454594956,0.05502223381,0.1136705185,0.02777136530557971,0.1136695879,0.02454569983,0.05502181213,0.1136695879,0.014438466448855073,0.05909661597,0.01276129091,0.028605727,0.05909661597,0.014438165071028986,0.05909613213,0.01276116108,0.02860550777,0.05909613213,3.2023301860444333e-09,2.1073424255447017e-08,0.0,1.4901161193847656e-08,2.1073424255447017e-08,7.730978097153623e-05,0.0002323690794,7.415602058e-05,0.0001260686692,0.0002323690794
1:48,70,0.0,0.0,0.0,0.0,0.0,2.780694026479648e-10,5.82585935666487e-10,2.3862413253025987e-10,5.320012368169109e-10,5.82585935666487e-10,0.02470252361770143,0.07412230285,0.01892779999,0.05272132355,0.07412230285,0.024701237153654285,0.07412159315,0.01892751303,0.05272089006,0.07412159315,0.012842692815161429,0.03853573752,0.009840448883,0.02740949766,0.03853573752,0.012842023989304285,0.03853536855,0.009840299696,0.02740927229,0.03853536855,4.5220001865964455e-09,2.1073424255447017e-08,0.0,1.4901161193847656e-08,2.1073424255447017e-08,7.649313545157143e-05,0.0001850783563,7.527147646e-05,0.0001225994467,0.0001850783563
1:49,70,0.0,0.0,0.0,0.0,0.0,2.6078120896659366e-10,6.410056656795273e-10,2.4074447089533895e-10,4.906543447363995e-10,6.410056656795273e-10,0.027558652314510716,0.09103800795,0.02088188247,0.05856496964,0.09103800795,0.02755670137465714,0.09103728339,0.02088176633,0.05856435006,0.09103728339,0.014327576872176144,0.04733011042,0.01085636456,0.03044757396,0.04733011042,0.014326562590126428,0.04732973373,0.01085630418,0.03044725184,0.04732973373,3.758680447827999e-09,2.1073424255447017e-08,0.0,1.4901161193847656e-08,2.1073424255447017e-08,8.535279978445715e-05,0.0001845163567,7.912917037e-05,0.0001443253621,0.0001845163567
1:50,73,0.0,0.0,0.0,0.0,0.0,2.787965972213936e-10,5.743379636690085e-10,2.7722798381544815e-10,4.4265375962990974e-10,5.743379636690085e-10,0.02621098106309452,0.09206314748,0.01959300064,0.06142034068,0.09206314748,0.026210207550041095,0.09206245872,0.01959277157,0.06141994293,0.09206245872,0.013626930728829041,0.04786307427,0.01018628268,0.03193206412,0.04786307427,0.013626528583786164,0.04786271619,0.01018616359,0.03193185732,0.04786271619,5.645469086115568e-09,2.1073424255447017e-08,0.0,1.4901161193847656e-08,2.1073424255447017e-08,7.192203625115067e-05,0.0001904090456,6.763289726e-05,0.0001387058228,0.0001904090456
1:51,80,0.0,0.0,0.0,0.0,0.0,2.856867583769184e-10,6.054143992947224e-10,2.49476143618674e-10,5.367849798070813e-10,6.054143992947224e-10,0.02213539674458875,0.07405814687,0.01788757807,0.04548804584,0.07405814687,0.02213462347534375,0.07405749857,0.01788713361,0.04548723827,0.07405749857,0.011508059059987499,0.03850238321,0.009299643792,0.02364896027,0.03850238321,0.011507657041801251,0.03850204617,0.009299412719,0.02364854042,0.03850204617,4.624654934694281e-09,2.1073424255447017e-08,0.0,1.4901161193847656e-08,2.1073424255447017e-08,7.104457524830001e-05,0.0001580873891,6.770155933e-05,0.0001112921344,0.0001580873891
1:52,73,0.0,0.0,0.0,0.0,0.0,3.03519683871825e-10,6.798620746798335e-10,2.898137421931041e-10,5.203291355381624e-10,6.798620746798335e-10,0.028135102064865754,0.07115218825,0.02839103862,0.05466671467,0.07115218825,0.028133763010857533,0.07115134768,0.02839050695,0.05466617279,0.07115134768,0.014627269614949317,0.03699159288,0.01476032948,0.02842089475,0.03699159288,0.01462657344919452,0.03699115587,0.01476005307,0.02842061303,0.03699115587,3.89289117264941e-09,2.1073424255447017e-08,0.0,1.4901161193847656e-08,2.1073424255447017e-08,8.034993361308219e-05,0.0001832294645,8.285687209e-05,0.0001247838222,0.0001832294645
1:53,67,0.0,0.0,0.0,0.0,0.0,2.4067037670702613e-10,6.071648947193792e-10,2.2201468215756777e-10,4.3991234263239747e-10,6.071648947193792e-10,0.024313692618238805,0.08765660441,0.02074098519,0.0518510469,0.08765660441,0.024312619084761195,0.08765597405,0.02074063111,0.05185065568,0.08765597405,0.012640541926856716,0.04557213915,0.01078311291,0.02695704608,0.04557213915,0.01263998380312388,0.04557181143,0.01078292883,0.02695684269,0.04557181143,5.554506025805438e-09,2.580956827951785e-08,0.0,1.4901161193847656e-08,2.580956827951785e-08,7.953761271417911e-05,0.0001785688499,6.687731455e-05,0.000142613704,0.0001785688499
1:54,57,0.0,0.0,0.0,0.0,0.0,2.4870031781284456e-10,6.75395281988027e-10,2.69859174121711e-10,4.3458649218105744e-10,6.75395281988027e-10,0.02859296536642105,0.08186026457,0.02242153985,0.06019569521,0.08186026457,0.028592248878350875,0.08185968069,0.02242134757,0.06019497877,0.08185968069,0.01486530998008772,0.04255865708,0.01165682313,0.03129537833,0.04255865708,0.01486493748185965,0.04255835352,0.01165672317,0.03129500586,0.04255835352,4.507638040111589e-09,2.1073424255447017e-08,0.0,1.4901161193847656e-08,2.1073424255447017e-08,7.973696762364912e-05,0.0001792448883,7.477233126e-05,0.0001474222683,0.0001792448883
1:55,61,0.0,0.0,0.0,0.0,0.0,2.868287292972817e-10,6.428004204088478e-10,2.7114167275658275e-10,5.00335201089087e-10,6.428004204088478e-10,0.026070966369404917,0.07718852434,0.02432178679,0.05383862478,0.07718852434,0.026069400443408195,0.07718763855,0.02432108531,0.05383823249,0.07718763855,0.013554137935480328,0.04012984755,0.01264475004,0.02799037582,0.04012984755,0.013553323819606559,0.04012938704,0.01264438534,0.02799017187,0.04012938704,3.2768419439609655e-09,2.1073424255447017e-08,0.0,1.4901161193847656e-08,2.1073424255447017e-08,8.637131732234427e-05,0.0003029293805,8.353861157e-05,0.0001311037647,0.0003029293805
1:56,79,0.0,0.0,0.0,0.0,0.0,2.925050853996057e-10,7.141656144171015e-10,2.568604321910906e-10,5.286461425424031e-10,7.141656144171015e-10,0.02669368194575823,0.08653514455,0.01870485564,0.0588223673,0.08653514455,0.026692830581018987,0.08653445577,0.01870468943,0.05882170043,0.08653445577,0.013877884001989872,0.04498909894,0.00972454146,0.03058139345,0.04498909894,0.013877441382362025,0.04498874085,0.009724455052,0.03058104674,0.04498874085,4.72896231349991e-09,2.1073424255447017e-08,0.0,1.4901161193847656e-08,2.1073424255447017e-08,7.566285955527848e-05,0.0002002186031,6.519051107e-05,0.000140662107,0.0002002186031
1:57,70,0.0,0.0,0.0,0.0,0.0,2.4837074555986076e-10,5.697156288641791e-10,2.0989288949275415e-10,5.021145942614737e-10,5.697156288641791e-10,0.029369221557675716,0.1045915433,0.0278755542,0.05979557993,0.1045915433,0.029365893380270857,0.1045905211,0.02787481579,0.05979517356,0.1045905211,0.015268880885418572,0.05437651157,0.01449233225,0.03108736082,0.05437651157,0.015267150585532858,0.05437598012,0.01449194835,0.03108714955,0.05437598012,3.4059797014508928e-09,1.4901161193847656e-08,0.0,1.4901161193847656e-08,1.4901161193847656e-08,8.756997836914286e-05,0.0002391255193,8.29968006e-05,0.0001567420367,0.0002391255193
1:58,64,0.0,0.0,0.0,0.0,0.0,3.0221841860115017e-10,6.805180586267253e-10,2.8365135168627345e-10,5.194258293816174e-10,6.805180586267253e-10,0.02400325271800875,0.07606793017,0.01887747113,0.05625120506,0.07606793017,0.02400221542851406,0.07606722064,0.01887736384,0.05625076215,0.07606722064,0.012479146097894687,0.03954725741,0.009814283213,0.02924466173,0.03954725741,0.01247860681778453,0.03954688853,0.009814227433,0.02924443146,0.03954688853,3.918173519136894e-09,2.1073424255447017e-08,0.0,1.4901161193847656e-08,2.1073424255447017e-08,7.7099914586875e-05,0.0001742914294,6.694743647e-05,0.0001400008521,0.0001742914294
1:59,60,4.967053731282552e-10,1.4901161193847656e-08,0.0,0.0,1.4901161193847656e-08,2.765494748221719e-10,6.942922466406874e-10,2.5243304815111424e-10,5.043609679839799e-10,6.942922466406874e-10,0.02261612452487167,0.08404738165,0.01950652633,0.04349558215,0.08404738165,0.022615099310475,0.08404671636,0.01950635464,0.04349527857,0.08404671636,0.011757986529238333,0.04369572604,0.01014132521,0.02261309043,0.04369572604,0.011757453526153334,0.04369538015,0.01014123595,0.0226129326,0.04369538015,3.331455976360315e-09,2.1073424255447017e-08,0.0,1.4901161193847656e-08,2.1073424255447017e-08,6.962203128583333e-05,0.0001777872607,6.626338629e-05,0.0001127538188,0.0001777872607
1:60,56,0.0,0.0,0.0,0.0,0.0,2.399522339022909e-10,5.815918350839973e-10,2.1160633636314675e-10,3.8672215192632544e-10,5.815918350839973e-10,0.025176069358655358,0.0659785368,0.02681208814,0.04889635522,0.0659785368,0.02517159625525357,0.06597808963,0.02681180943,0.04889565164,0.06597808963,0.01308888638502857,0.03430184274,0.01393944267,0.02542091972,0.03430184274,0.013086560845792858,0.03430161026,0.01393929777,0.02542055393,0.03430161026,5.165970102584015e-09,2.1073424255447017e-08,0.0,1.4901161193847656e-08,2.1073424255447017e-08,8.824191828982143e-05,0.0001770898235,8.113927748e-05,0.0001413743223,0.0001770898235
1:61,71,0.0,0.0,0.0,0.0,0.0,3.932292203582941e-10,7.067426811777513e-10,4.0310716121784947e-10,5.586180082845215e-10,7.067426811777513e-10,0.02641571998046479,0.08192318109,0.0228684138,0.05420446615,0.08192318109,0.026415064614,0.08192221594,0.02286816837,0.05420400249,0.08192221594,0.013733373255666197,0.042591367,0.0118891502,0.02818057453,0.042591367,0.013733032534119718,0.04259086522,0.0118890226,0.02818033348,0.04259086522,4.248434533350754e-09,2.1073424255447017e-08,0.0,1.4901161193847656e-08,2.1073424255447017e-08,8.062767949335211e-05,0.0002129336443,7.084182231e-05,0.000141494395,0.0002129336443
1:62,67,0.0,0.0,0.0,0.0,0.0,3.9546492010824397e-10,8.635621824905053e-10,3.717193382233899e-10,5.955684623423492e-10,8.635621824905053e-10,0.0247948377573,0.09422682725,0.02113144568,0.04502015686,0.09422682725,0.02479353411007761,0.09422612434,0.02113117185,0.0450198944,0.09422612434,0.01289068637868806,0.04898795831,0.01098611097,0.02340570761,0.04898795831,0.012890008619859701,0.04898759288,0.0109859686,0.02340557116,0.04898759288,3.6124508521270583e-09,2.1073424255447017e-08,0.0,1.4901161193847656e-08,2.1073424255447017e-08,7.574016016074628e-05,0.0001940308154,7.447730057e-05,0.0001240966934,0.0001940308154
1:63,62,0.0,0.0,0.0,0.0,0.0,4.051060897675005e-10,7.499410371904449e-10,4.1268092607045174e-10,5.828983135407572e-10,7.499410371904449e-10,0.025918997812274195,0.07614972049,0.02375773605,0.04706848423,0.07614972049,0.025918276190580646,0.07614914407,0.02375756334,0.04706815608,0.07614914407,0.013475130400666129,0.03958977971,0.01235150347,0.02447062063,0.03958977971,0.013474755233606452,0.03958948003,0.01235141368,0.02447045003,0.03958948003,5.005931451615353e-09,2.1073424255447017e-08,0.0,1.4901161193847656e-08,2.1073424255447017e-08,7.687980710382258e-05,0.0001712583314,7.104576598e-05,0.000121329149,0.0001712583314
1:64,71,0.0,0.0,0.0,0.0,0.0,3.7823793586239326e-10,7.080198786955958e-10,3.8733212383159787e-10,5.989313373728227e-10,7.080198786955958e-10,0.024187954444669015,0.1105168045,0.02102871438,0.04639877961,0.1105168045,0.024186560573156338,0.1105159996,0.02102857825,0.04639847072,0.1105159996,0.012575171410108452,0.0574570191,0.01093270159,0.02412244525,0.0574570191,0.012574446744549295,0.05745660062,0.01093263081,0.02412228466,0.05745660062,4.581252270338021e-09,2.1073424255447017e-08,0.0,1.4901161193847656e-08,2.1073424255447017e-08,7.088660190929577e-05,0.000225876777,6.528661963e-05,0.0001217013049,0.000225876777
1:65,72,0.0,0.0,0.0,0.0,0.0,4.1461853351376525e-10,8.04871728816754e-10,4.1184053270742003e-10,6.605376833382175e-10,8.04871728816754e-10,0.02664854420252778,0.1111449944,0.02259429754,0.05469560822,0.1111449944,0.026647902404166667,0.1111442037,0.02259401083,0.05469463546,0.1111442037,0.013854417161722221,0.0577836112,0.01174663881,0.02843591633,0.0577836112,0.013854083494791666,0.05778320016,0.01174648975,0.0284354106,0.05778320016,3.6542726576105547e-09,2.1073424255447017e-08,0.0,1.4901161193847656e-08,2.1073424255447017e-08,7.800749416383333e-05,0.0002245358526,7.456759932e-05,0.0001364902785,0.0002245358526
1:66,62,2.40341309578188e-10,1.4901161193847656e-08,0.0,0.0,1.4901161193847656e-08,2.823574295909174e-10,5.431849352438339e-10,2.894332827972817e-10,4.753000255780738e-10,5.431849352438339e-10,0.022001814113114516,0.06577983013,0.0182488935,0.04181026886,0.06577983013,0.022000579438543548,0.06577933749,0.0182485116,0.04180973905,0.06577933749,0.011438610256601612,0.03419853634,0.009487489497,0.02173690623,0.03419853634,0.011437968356809677,0.03419828023,0.009487290954,0.02173663078,0.03419828023,4.86514277206296e-09,2.1073424255447017e-08,0.0,1.4901161193847656e-08,2.1073424255447017e-08,7.121841544983871e-05,0.0001730018727,6.503498922e-05,0.0001114687088,0.0001730018727
1:67,71,0.0,0.0,0.0,0.0,0.0,2.816611976303845e-10,6.417730800401011e-10,2.441753839642816e-10,4.983710473342838e-10,6.417730800401011e-10,0.02245326717261972,0.08578042528,0.01730247748,0.04299783984,0.08578042528,0.022452304581985914,0.08577978758,0.01730207502,0.04299746824,0.08577978758,0.011673317975525352,0.04459672495,0.00899545353,0.02235431721,0.04459672495,0.01167281753015493,0.04459639342,0.008995244292,0.02235412401,0.04459639342,4.494318987780284e-09,2.1073424255447017e-08,0.0,1.4901161193847656e-08,2.1073424255447017e-08,7.591101229647887e-05,0.0001766081591,6.881631477e-05,0.0001250950823,0.0001766081591
1:68,67,0.0,0.0,0.0,0.0,0.0,2.630694381898242e-10,5.731537174632933e-10,2.468130848707785e-10,4.725333541689826e-10,5.731537174632933e-10,0.024771554642480598,0.1050413851,0.02019260841,0.05656243498,0.1050413851,0.02476762693761836,0.105040619,0.0201924179,0.05656188578,0.105040619,0.012878581628191044,0.05461038163,0.01049801514,0.02940646829,0.05461038163,0.012876539637906866,0.05460998331,0.0104979161,0.02940618276,0.05460998331,4.317825757383654e-09,2.1073424255447017e-08,0.0,1.4901161193847656e-08,2.1073424255447017e-08,8.469235713564179e-05,0.0002031068156,8.302118943e-05,0.0001437096927,0.0002031068156
1:69,70,0.0,0.0,0.0,0.0,0.0,2.673979264283196e-10,6.347215759104665e-10,2.360863628341317e-10,4.356805959713828e-10,6.347215759104665e-10,0.026123349076114286,0.09649763623,0.0224892876,0.05158347749,0.09649763623,0.026121951087272857,0.09649696552,0.02248870699,0.05158297905,0.09649696552,0.013581371388292714,0.05016853819,0.01169204478,0.02681793836,0.05016853819,0.013580644581969142,0.05016818949,0.01169174292,0.02681767922,0.05016818949,4.132776082067212e-09,2.1073424255447017e-08,0.0,1.4901161193847656e-08,2.1073424255447017e-08,7.483256466261428e-05,0.0001939288016,6.655275149e-05,0.0001163440003,0.0001939288016
1:70,65,0.0,0.0,0.0,0.0,0.0,2.7857321348969125e-10,6.329013082478756e-10,2.773291176757502e-10,4.935045539329419e-10,6.329013082478756e-10,0.02672357606566154,0.09000348771,0.02325866562,0.0506716487,0.09000348771,0.026722523135807693,0.09000285488,0.02325845666,0.05067119969,0.09000285488,0.013893425774713846,0.0467922696,0.01209203976,0.02634388408,0.0467922696,0.013892878362787691,0.04679194059,0.01209193113,0.02634365064,0.04679194059,3.857893926534788e-09,2.1073424255447017e-08,0.0,1.4901161193847656e-08,2.1073424255447017e-08,8.1121066006e-05,0.0001715034052,8.422687044e-05,0.0001276275254,0.0001715034052
1:71,57,0.0,0.0,0.0,0.0,0.0,2.835118225403056e-10,6.285501200858085e-10,2.836062476438781e-10,4.6383886811287357e-10,6.285501200858085e-10,0.02397059092497193,0.07642617972,0.02164357014,0.05141328127,0.07642617972,0.023969641347233332,0.0764255903,0.02164310896,0.05141289848,0.0764255903,0.012462165428691227,0.03973350919,0.01125236138,0.02672945437,0.03973350919,0.01246167174962807,0.03973320275,0.01125212162,0.02672925536,0.03973320275,3.921358208907278e-09,1.4901161193847656e-08,0.0,1.4901161193847656e-08,1.4901161193847656e-08,7.788378391842105e-05,0.000170963476,7.414462793e-05,0.0001486803225,0.000170963476
2:0,69,2.159588578818501e-10,1.4901161193847656e-08,0.0,0.0,1.4901161193847656e-08,2.6875580548048025e-10,6.177551654207783e-10,2.7990150608340226e-10,4.862937256219391e-10,6.177551654207783e-10,0.02553966237017971,0.08909977779,0.02399518126,0.04635362013,0.08909977779,0.02553846208443623,0.08909903199,0.02399495477,0.04635306272,0.08909903199,0.013277916195733333,0.04632243627,0.0124749498,0.02409896711,0.04632243627,0.013277292173313044,0.04632204853,0.01247483204,0.02409867731,0.04632204853,4.282124475453684e-09,2.1073424255447017e-08,0.0,1.4901161193847656e-08,2.1073424255447017e-08,7.421703896507246e-05,0.0001852879539,6.962926456e-05,0.0001225229402,0.0001852879539
2:1,64,2.3283064365386963e-10,1.4901161193847656e-08,0.0,0.0,1.4901161193847656e-08,2.926268175001616e-10,6.767947120151026e-10,2.658144720153584e-10,5.656325743194805e-10,6.767947120151026e-10,0.02755595409473594,0.08558172167,0.02443706526,0.05859106168,0.08558172167,0.027555291698390626,0.08558107365,0.02443662178,0.05859065735,0.08558107365,0.014326174083628126,0.04449342014,0.01270468262,0.03046113905,0.04449342014,0.014325829708042187,0.04449308324,0.01270445206,0.03046092884,0.04449308324,3.548953842166645e-09,2.1073424255447017e-08,0.0,1.4901161193847656e-08,2.1073424255447017e-08,8.121101055504687e-05,0.0001832756722,7.270804437e-05,0.000137110297,0.0001832756722
2:2,60,0.0,0.0,0.0,0.0,0.0,2.784277047895091e-10,5.652984403756905e-10,2.6110314713159187e-10,4.881194959377231e-10,5.652984403756905e-10,0.027377175870291665,0.07400876933,0.02293824657,0.05748938655,0.07400876933,0.02737566353306333,0.07400821917,0.02293795745,0.05748902383,0.07400821917,0.014233228364978333,0.03847671213,0.01192545583,0.0298883848,0.03847671213,0.014232442109245002,0.0384764261,0.01192530552,0.02988819623,0.0384764261,4.821572095745081e-09,2.1073424255447017e-08,0.0,1.4901161193847656e-08,2.1073424255447017e-08,7.933936982533334e-05,0.0001621702377,6.945283052e-05,0.0001360055677,0.0001621702377
2:3,74,0.0,0.0,0.0,0.0,0.0,2.6458603075032427e-10,6.105343395612154e-10,2.535352317015129e-10,4.4593195187330955e-10,6.105343395612154e-10,0.023825036298918918,0.07566095874,0.01923819862,0.04816298397,0.07566095874,0.02382347136186081,0.07566045378,0.01923802244,0.04816198592,0.07566045378,0.012386492458516215,0.03933567543,0.01000182326,0.02503964444,0.03933567543,0.012385678856782432,0.0393354129,0.01000173166,0.02503912556,0.0393354129,4.9650778338499124e-09,2.1073424255447017e-08,0.0,1.4901161193847656e-08,2.1073424255447017e-08,7.855308644875675e-05,0.0001908313277,7.165587592e-05,0.0001409671973,0.0001908313277
2:4,75,0.0,0.0,0.0,0.0,0.0,2.757509126820759e-10,6.366999356760975e-10,2.4220421683957246e-10,5.176786514035762e-10,6.366999356760975e-10,0.026098155778017332,0.07735964777,0.02207514187,0.0492855434,0.07735964777,0.026097542708238667,0.07735882606,0.02207499831,0.04928521413,0.07735882606,0.013568273543949332,0.04021881359,0.01147673291,0.02562325631,0.04021881359,0.013567954813672,0.04021838639,0.01147665828,0.02562308512,0.04021838639,4.055939825847367e-09,2.1073424255447017e-08,0.0,1.4901161193847656e-08,2.1073424255447017e-08,7.544597222621333e-05,0.0001892170029,7.167419037e-05,0.0001196243532,0.0001892170029
2:5,63,0.0,0.0,0.0,0.0,0.0,2.369478574529718e-10,5.779281226783199e-10,2.3365863821169067e-10,4.0349289933376476e-10,5.779281226783199e-10,0.02986679922661905,0.0815928706,0.0288845508,0.05412773509,0.0815928706,0.029866194065555556,0.08159234134,0.02888421579,0.05412733237,0.08159234134,0.01552756850984127,0.04241964057,0.01501690349,0.02814068252,0.04241964057,0.015527253889698413,0.04241936541,0.01501672932,0.02814047315,0.04241936541,5.791414676734042e-09,2.1073424255447017e-08,0.0,1.4901161193847656e-08,2.1073424255447017e-08,8.55807501948254e-05,0.0001679958283,8.789578614e-05,0.0001457098938,0.0001679958283
2:6,79,3.772445871860166e-10,1.4901161193847656e-08,0.0,0.0,1.4901161193847656e-08,2.5885547982166307e-10,6.252931905302695e-10,2.339781342569517e-10,5.070301017571218e-10,6.252931905302695e-10,0.02681142687172468,0.08064816233,0.02355028969,0.05444849455,0.08064816233,0.026809604348072783,0.08064751534,0.02355006501,0.05444799881,0.08064751534,0.013939098878054557,0.04192849244,0.01224365336,0.02830744342,0.04192849244,0.01393815135809633,0.04192815608,0.01224353655,0.02830718569,0.04192815608,4.6508324013277664e-09,2.1073424255447017e-08,0.0,1.4901161193847656e-08,2.1073424255447017e-08,8.324949822481012e-05,0.0002347443678,7.779932793e-05,0.0001420127617,0.0002347443678
2:7,75,1.986821492513021e-10,1.4901161193847656e-08,0.0,0.0,1.4901161193847656e-08,4.147211933792157e-10,7.676176097034659e-10,4.00877476999497e-10,5.991313225572627e-10,7.676176097034659e-10,0.021789140249372,0.07495252128,0.02067558928,0.04373752581,0.07495252128,0.021787730657062666,0.07495202671,0.02067550137,0.04373721397,0.07495202671,0.011328042399721466,0.03896736307,0.01074911398,0.02273887548,0.03896736307,0.0113273095608396,0.03896710594,0.01074906828,0.02273871335,0.03896710594,2.9802322387695314e-09,1.4901161193847656e-08,0.0,1.4901161193847656e-08,1.4901161193847656e-08,7.055523031065333e-05,0.0001727481099,6.579776419e-05,0.0001284381281,0.0001727481099
2:8,76,0.0,0.0,0.0,0.0,0.0,4.234733871290974e-10,7.328475457477362e-10,4.2820404131069563e-10,6.195805491989306e-10,7.328475457477362e-10,0.025443744618673686,0.1146268337,0.02286841216,0.0517401016,0.1146268337,0.025442477884190788,0.1146261487,0.02286822612,0.0517396611,0.1146261487,0.013228049135726316,0.05959379845,0.01188914935,0.02689936629,0.05959379845,0.013227390568689473,0.05959344234,0.01188905263,0.02689913728,0.05959344234,3.806504286114537e-09,2.1073424255447017e-08,0.0,1.4901161193847656e-08,2.1073424255447017e-08,7.422791043381579e-05,0.0002124443301,6.941580993e-05,0.0001187653602,0.0002124443301
2:9,68,0.0,0.0,0.0,0.0,0.0,3.992053631896911e-10,7.655822367066256e-10,3.945545929321809e-10,6.009865751874663e-10,7.655822367066256e-10,0.02607681721414706,0.09114869008,0.02223809304,0.05290451834,0.09114869008,0.02607595301342647,0.09114788558,0.0222372297,0.05290417748,0.09114788558,0.013557179753970588,0.04738765339,0.01156145024,0.02750473952,0.04738765339,0.013556730461716177,0.04738723514,0.0115610014,0.02750456231,0.04738723514,4.398267894077274e-09,2.1073424255447017e-08,0.0,1.4901161193847656e-08,2.1073424255447017e-08,7.771386747269118e-05,0.0001945417489,7.201523087e-05,0.0001241036517,0.0001945417489
2:10,68,2.1913472343893612e-10,1.4901161193847656e-08,0.0,0.0,1.4901161193847656e-08,3.8765328300456145e-10,6.894929074225226e-10,3.7190019669629827e-10,5.991198787477918e-10,6.894929074225226e-10,0.026214056976569117,0.08948618019,0.02250228364,0.05488599013,0.08948618019,0.02621043920584456,0.08948564073,0.02250122365,0.05488553923,0.08948564073,0.013628529877894707,0.04652332455,0.01169880134,0.02853489473,0.04652332455,0.013626649019913676,0.04652304408,0.01169825026,0.02853466032,0.04652304408,4.1259621707714196e-09,2.1073424255447017e-08,0.0,1.4901161193847656e-08,2.1073424255447017e-08,7.364886496397059e-05,0.0001661062558,6.735248212e-05,0.0001255046488,0.0001661062558
2:11,73,0.0,0.0,0.0,0.0,0.0,3.9423904904722347e-10,7.964229796339519e-10,4.163839385184977e-10,5.762092933897318e-10,7.964229796339519e-10,0.02493451170419863,0.09669918654,0.02032053106,0.05283837062,0.09669918654,0.02493078303297452,0.09669854181,0.02032019072,0.0528375514,0.09669854181,0.012963302019840684,0.05027332298,0.01056452135,0.02747034972,0.05027332298,0.012961363505612876,0.05027298779,0.01056434441,0.02746992381,0.05027298779,5.0681149969252395e-09,2.1073424255447017e-08,0.0,1.4901161193847656e-08,2.1073424255447017e-08,7.79493047210959e-05,0.000187181612,6.638033142e-05,0.0001420613541,0.000187181612
2:12,69,0.0,0.0,0.0,0.0,0.0,2.4471890301090514e-10,5.364013627370677e-10,2.358443205906878e-10,4.3092639070485324e-10,5.364013627370677e-10,0.02566011967757971,0.09437887522,0.02342910297,0.04728242458,0.09437887522,0.025658814660907248,0.09437833237,0.02342886764,0.04728194307,0.09437833237,0.013340541222535796,0.04906700714,0.01218064911,0.02458184693,0.04906700714,0.013339862751745797,0.04906672491,0.01218052676,0.0245815966,0.04906672491,5.145959906981085e-09,2.1073424255447017e-08,0.0,1.4901161193847656e-08,2.1073424255447017e-08,7.782833480028986e-05,0.0001783857007,7.837887557e-05,0.0001277699483,0.0001783857007
2:13,79,0.0,0.0,0.0,0.0,0.0,2.770675818342321e-10,5.96051175222556e-10,2.4860651624117155e-10,4.616017146331857e-10,5.96051175222556e-10,0.02446640863467342,0.07851705586,0.01972864984,0.05648944972,0.07851705586,0.024463654310509748,0.07851648687,0.01972838229,0.05648896837,0.07851648687,0.01271993806175772,0.04082054307,0.01025680588,0.02936852369,0.04082054307,0.0127185061048781,0.04082024725,0.01025666678,0.02936827344,0.04082024725,5.216699282106791e-09,2.1073424255447017e-08,0.0,1.4901161193847656e-08,2.1073424255447017e-08,7.424921738436709e-05,0.0001760650409,6.860270641e-05,0.0001285985389,0.0001760650409
2:14,67,0.0,0.0,0.0,0.0,0.0,2.960622159840112e-10,6.174940436264497e-10,2.982174107688617e-10,4.811012777615088e-10,6.174940436264497e-10,0.02794965105888209,0.08578414177,0.02503369146,0.05296617856,0.08578414177,0.027948678544838807,0.08578346724,0.0250334328,0.05296582516,0.08578346724,0.014530854757414925,0.04459865713,0.01301486498,0.02753679629,0.04459865713,0.014530349153125373,0.04459830645,0.0130147305,0.02753661257,0.04459830645,4.279667024985908e-09,2.1073424255447017e-08,0.0,1.4901161193847656e-08,2.1073424255447017e-08,7.777936773783582e-05,0.0001730452887,7.604183303e-05,0.0001222846887,0.0001730452887
2:15,69,0.0,0.0,0.0,0.0,0.0,2.774215217574371e-10,6.0853191496669e-10,2.4030268770757143e-10,5.117902310424438e-10,6.0853191496669e-10,0.025112659119476813,0.08005701755,0.02081601522,0.05252656664,0.08005701755,0.025111284422307246,0.08005644223,0.02081585716,0.05252622923,0.08005644223,0.013055919784578261,0.04162115985,0.01082212058,0.02730824471,0.04162115985,0.013055205087852174,0.04162086074,0.0108220384,0.02730806929,0.04162086074,3.760753671840718e-09,2.1073424255447017e-08,0.0,1.4901161193847656e-08,2.1073424255447017e-08,7.455138170231884e-05,0.0001684515944,6.897312283e-05,0.000130284394,0.0001684515944
2:16,62,0.0,0.0,0.0,0.0,0.0,2.733186417985329e-10,5.920626057497387e-10,2.592973639735167e-10,4.618265050292347e-10,5.920626057497387e-10,0.027469855574108065,0.09539748007,0.02321233321,0.05393657985,0.09539748007,0.027468789051403226,0.09539675237,0.02321203273,0.05393609064,0.09539675237,0.01428141198326129,0.04959657364,0.01206795183,0.02804130207,0.04959657364,0.014280857504370968,0.04959619532,0.0120677956,0.02804104773,0.04959619532,5.4866140707717286e-09,2.1073424255447017e-08,0.0,1.4901161193847656e-08,2.1073424255447017e-08,7.991354893564517e-05,0.000208813451,7.211534542e-05,0.0001276730205,0.000208813451
2:17,57,0.0,0.0,0.0,0.0,0.0,2.598534945087215e-10,5.316730374867908e-10,2.494628880056339e-10,4.615153736228542e-10,5.316730374867908e-10,0.029046789768350876,0.07894041785,0.02503494756,0.05871993341,0.07894041785,0.029046253981929827,0.07893984131,0.02503462462,0.05871947105,0.07893984131,0.015101250544792982,0.0410406464,0.01301551801,0.03052813868,0.0410406464,0.015100971992833334,0.04104034667,0.01301535012,0.03052789831,0.04104034667,3.5067957645898053e-09,2.1073424255447017e-08,0.0,1.4901161193847656e-08,2.1073424255447017e-08,7.794318162438596e-05,0.0001601741539,7.073284572e-05,0.0001388808513,0.0001601741539
2:18,67,0.0,0.0,0.0,0.0,0.0,2.1263931134409131e-10,6.407393627274824e-10,1.616007682833258e-10,4.707335061067055e-10,6.407393627274824e-10,0.025270943806655222,0.09251812352,0.01990095198,0.05554878677,0.09251812352,0.025270138937804477,0.09251733909,0.01989981876,0.05554830312,0.09251733909,0.013138211037874626,0.04809961357,0.01034638473,0.0288794787,0.04809961357,0.013137792591313433,0.04809920575,0.01034579557,0.02887922726,0.04809920575,3.482168790451711e-09,2.1073424255447017e-08,0.0,1.4901161193847656e-08,2.1073424255447017e-08,7.606250867164179e-05,0.0001934726375,7.078253123e-05,0.0001231170361,0.0001934726375
2:19,67,0.0,0.0,0.0,0.0,0.0,2.4235778810675724e-10,5.54967536030816e-10,2.5345003032663875e-10,4.5345443567675924e-10,5.54967536030816e-10,0.027160463289343285,0.05849857528,0.02827303759,0.04999015443,0.05849857528,0.027159398194771645,0.05849817493,0.02827278307,0.04998971959,0.05849817493,0.014120560803440298,0.03041305593,0.01469898146,0.02598957933,0.03041305593,0.014120007066932836,0.03041284779,0.01469884914,0.02598935326,0.03041284779,4.762636539289555e-09,2.1073424255447017e-08,0.0,1.4901161193847656e-08,2.1073424255447017e-08,7.861744728597014e-05,0.000156232741,7.565136392e-05,0.0001144191958,0.000156232741
2:20,63,0.0,0.0,0.0,0.0,0.0,2.670683484580784e-10,6.264080926625944e-10,2.2871847386853897e-10,4.882033935692268e-10,6.264080926625944e-10,0.02865507792436508,0.08753262041,0.02577301987,0.05337636969,0.08753262041,0.028654018628936507,0.08753191423,0.02577068444,0.05337597902,0.08753191423,0.01489760192345238,0.04550768062,0.01339923735,0.02775005218,0.04550768062,0.014897051202190476,0.04550731348,0.01339802318,0.02774984908,0.04550731348,4.494000994969928e-09,1.4901161193847656e-08,0.0,1.4901161193847656e-08,1.4901161193847656e-08,9.009404883222221e-05,0.0001933239633,8.346920128e-05,0.0001712043431,0.0001933239633
2:21,68,0.0,0.0,0.0,0.0,0.0,2.682311485266566e-10,6.125288297314528e-10,2.511650098079681e-10,4.876142273398542e-10,6.125288297314528e-10,0.024475315999350586,0.08665698689,0.02116119683,0.05410845039,0.08665698689,0.024473620418150443,0.08665631538,0.02116060745,0.05410802303,0.08665631538,0.012724568946406471,0.04505244404,0.01100157841,0.02813065652,0.04505244404,0.01272368742408397,0.04505209492,0.011001272,0.02813043434,0.04505209492,3.816058872897199e-09,2.1073424255447017e-08,0.0,1.4901161193847656e-08,2.1073424255447017e-08,7.634144356899999e-05,0.0002151807644,7.283685002e-05,0.0001246527479,0.0002151807644
2:22,67,0.0,0.0,0.0,0.0,0.0,2.559814126047182e-10,6.351618851071781e-10,2.2980916365440602e-10,4.3086374469942235e-10,6.351618851071781e-10,0.028584708993832836,0.0920944221,0.02195695332,0.06329210489,0.0920944221,0.028583927194714923,0.0920934142,0.02195671425,0.0632917,0.0920934142,0.014861017540471642,0.04787933376,0.0114152874,0.03290518302,0.04787933376,0.01486061108860597,0.04787880976,0.01141516311,0.03290497252,0.04787880976,4.762636539289555e-09,2.1073424255447017e-08,0.0,1.4901161193847656e-08,2.1073424255447017e-08,7.82287351861194e-05,0.0002287106429,6.59825336e-05,0.0001279674505,0.0002287106429
2:23,77,0.0,0.0,0.0,0.0,0.0,2.500272206909276e-10,6.097380597366125e-10,2.2348990276890073e-10,4.327560155298984e-10,6.097380597366125e-10,0.02792986005103117,0.07644398383,0.02262459889,0.05442161473,0.07644398383,0.027929304530610388,0.07644352143,0.022624429,0.05442123319,0.07644352143,0.01452056553194935,0.03974276544,0.0117623923,0.02829346877,0.03974276544,0.01452027672001169,0.03974252504,0.01176230398,0.02829327041,0.03974252504,3.7570691655156475e-09,2.1073424255447017e-08,0.0,1.4901161193847656e-08,2.1073424255447017e-08,7.551131029246753e-05,0.0001641320686,6.973359916e-05,0.0001298325298,0.0001641320686
2:24,73,0.0,0.0,0.0,0.0,0.0,2.951257326406568e-10,6.283296688359969e-10,3.120570684753645e-10,4.667557933586669e-10,6.283296688359969e-10,0.024731122359813697,0.07459383521,0.02101975752,0.05167584524,0.07459383521,0.024729830878769864,0.07459325322,0.02101956355,0.05167513316,0.07459325322,0.012857561128280822,0.03878088435,0.01092804496,0.0268659598,0.03878088435,0.012856889694936986,0.03878058177,0.01092794412,0.02686558959,0.03878058177,4.744415554102007e-09,2.1073424255447017e-08,0.0,1.4901161193847656e-08,2.1073424255447017e-08,7.848752048926028e-05,0.000159105991,6.836417771e-05,0.0001335369688,0.000159105991
2:25,72,0.0,0.0,0.0,0.0,0.0,3.884414734881735e-10,6.351256431916781e-10,3.939690992099964e-10,5.945824836162528e-10,6.351256431916781e-10,0.023160827535656944,0.07179592909,0.01709945008,0.05303171471,0.07179592909,0.023158308577788334,0.07179549721,0.01709927722,0.05303112165,0.07179549721,0.012041174334464028,0.03732626986,0.008889900808,0.02757086814,0.03732626986,0.012039864743082778,0.03732604532,0.008889810942,0.02757055982,0.03732604532,4.9315449108568725e-09,2.1073424255447017e-08,0.0,1.4901161193847656e-08,2.1073424255447017e-08,6.972153055616667e-05,0.0001732831038,5.679515184e-05,0.0001319536091,0.0001732831038
2:26,70,2.128737313406808e-10,1.4901161193847656e-08,0.0,0.0,1.4901161193847656e-08,4.2142723289119154e-10,7.87195674907693e-10,4.2253067709385495e-10,6.390809903369025e-10,7.87195674907693e-10,0.026255428565742856,0.08878113767,0.01795502419,0.05719847745,0.08878113767,0.0262541522744,0.08878027321,0.01795448861,0.05719806602,0.08878027321,0.013650038717078572,0.0461567772,0.009334708622,0.02973714292,0.0461567772,0.01364937518104,0.04615632777,0.009334430178,0.02973692902,0.04615632777,4.947747649277807e-09,2.1073424255447017e-08,0.0,1.4901161193847656e-08,2.1073424255447017e-08,8.057650238047142e-05,0.000199141852,7.001364622e-05,0.0001505041028,0.000199141852
2:27,71,0.0,0.0,0.0,0.0,0.0,4.1331541849384353e-10,7.603117379406898e-10,4.183862437513683e-10,6.148708019909655e-10,7.603117379406898e-10,0.02505430941120704,0.08717761448,0.02212641985,0.04525186781,0.08717761448,0.02505359362922817,0.08717681443,0.02212615588,0.0452514005,0.08717681443,0.013025584124352113,0.04532311517,0.01150339203,0.02352617273,0.04532311517,0.013025211992856339,0.04532269924,0.01150325479,0.02352592978,0.04532269924,4.791127780110524e-09,2.1073424255447017e-08,0.0,1.4901161193847656e-08,2.1073424255447017e-08,7.863512918074648e-05,0.0001899165308,7.715863571e-05,0.0001250562498,0.0001899165308
2:28,68,0.0,0.0,0.0,0.0,0.0,3.596496189476158e-10,6.943172473997215e-10,3.145241809004351e-10,5.973811055544716e-10,6.943172473997215e-10,0.02340938468800588,0.07858040818,0.0167592415,0.04889992159,0.07858040818,0.023408596389538235,0.07857975289,0.01675613539,0.04889948555,0.07857975289,0.012170397696258823,0.04085347955,0.008713028425,0.02542277386,0.04085347955,0.012169987864745588,0.04085313887,0.008711413577,0.02542254716,0.04085313887,4.254328319775071e-09,2.1073424255447017e-08,0.0,1.4901161193847656e-08,2.1073424255447017e-08,7.27303089675e-05,0.0001703573801,6.383822849e-05,0.0001248811176,0.0001703573801
2:29,67,0.0,0.0,0.0,0.0,0.0,4.0096939182637895e-10,6.625528026020653e-10,4.0476093300809453e-10,5.623380263305871e-10,6.625528026020653e-10,0.028962881918073134,0.09468139601,0.03043394426,0.05159713844,0.09468139601,0.02896208925837612,0.09468082282,0.03043365507,0.05159641878,0.09468082282,0.01505762736091791,0.04922428587,0.01582242378,0.02682504061,0.04922428587,0.015057215261404478,0.04922398787,0.01582227344,0.02682466646,0.04922398787,5.077165259520107e-09,2.1073424255447017e-08,0.0,1.4901161193847656e-08,2.1073424255447017e-08,7.895790404313434e-05,0.0001756589157,7.447301323e-05,0.0001436180465,0.0001756589157
2:30,70,0.0,0.0,0.0,0.0,0.0,2.874312696444919e-10,5.731912054833382e-10,2.995801351195256e-10,4.516232466590038e-10,5.731912054833382e-10,0.027749372084564284,0.08639271798,0.02530097977,0.05115479846,0.08639271798,0.027747925319714286,0.08639205999,0.025300838,0.05115374308,0.08639205999,0.014426730928385714,0.04491505223,0.01315382655,0.02659507072,0.04491505223,0.01442597876455,0.04491471014,0.01315375285,0.02659452204,0.04491471014,4.6832220894949776e-09,1.4901161193847656e-08,0.0,1.4901161193847656e-08,1.4901161193847656e-08,7.93072496545857e-05,0.0001714896459,7.389277146e-05,0.0001381322405,0.0001714896459
2:31,75,0.0,0.0,0.0,0.0,0.0,2.7401040302927565e-10,6.682331065476618e-10,2.6479798215924513e-10,4.5525810509754106e-10,6.682331065476618e-10,0.026009188311028,0.1000390062,0.02276189971,0.05200524014,0.1000390062,0.026007870444085333,0.1000381267,0.02276171748,0.05200489417,0.1000381267,0.013522019896018669,0.05200967505,0.01183377417,0.02703721021,0.05200967505,0.013521334744876,0.0520092178,0.01183367943,0.02703703035,0.0520092178,5.296241094567851e-09,2.1073424255447017e-08,0.0,1.4901161193847656e-08,2.1073424255447017e-08,7.697578511357333e-05,0.0002126286357,6.754511459e-05,0.0001282408097,0.0002126286357
2:32,59,2.525620541330111e-10,1.4901161193847656e-08,0.0,0.0,1.4901161193847656e-08,2.93146731439038e-10,6.800113217658176e-10,2.6900474116411617e-10,5.677245257501348e-10,6.800113217658176e-10,0.031212368117366104,0.1108796853,0.02827166878,0.05996196835,0.1108796853,0.03121138633224407,0.1108788009,0.02827145556,0.05996146303,0.1108788009,0.016227121648040677,0.05764567864,0.01469826983,0.03117386515,0.05764567864,0.016226611223849153,0.05764521884,0.01469815897,0.03117360244,0.05764521884,5.4084177649559345e-09,2.1073424255447017e-08,0.0,1.4901161193847656e-08,2.1073424255447017e-08,8.644938784947458e-05,0.0002238782801,7.805418836e-05,0.0001478944026,0.0002238782801
2:33,62,0.0,0.0,0.0,0.0,0.0,3.008263088104216e-10,5.296962146776747e-10,3.4052342641701083e-10,4.6281082469850904e-10,5.296962146776747e-10,0.026814020658064517,0.08675701019,0.02273801869,0.05362366446,0.08675701019,0.026813354783725808,0.08675637585,0.02273647202,0.0536232155,0.08675637585,0.013940447371632258,0.04510444555,0.01182135857,0.02787861924,0.04510444555,0.013940101187735483,0.04510411576,0.01182055447,0.02787838583,0.04510411576,3.364778334094632e-09,1.4901161193847656e-08,0.0,1.4901161193847656e-08,1.4901161193847656e-08,7.650816188306452e-05,0.0002482632611,7.094744399e-05,0.0001370706525,0.0002482632611
2:34,76,0.0,0.0,0.0,0.0,0.0,2.6260668322284113e-10,6.748465142987274e-10,2.407761397765247e-10,4.4364532498040825e-10,6.748465142987274e-10,0.027624118433527634,0.08756103055,0.02456983315,0.05979705386,0.08756103055,0.027623175704240787,0.08756045688,0.02456946908,0.05979662368,0.08756045688,0.014361612312269737,0.04552245088,0.01277370784,0.0310881271,0.04552245088,0.014361122192397368,0.04552215263,0.01277351856,0.03108790345,0.04552215263,4.705629850688733e-09,1.4901161193847656e-08,0.0,1.4901161193847656e-08,1.4901161193847656e-08,7.816873933044737e-05,0.0001840094918,7.005433517e-05,0.0001451686551,0.0001840094918
2:35,72,0.0,0.0,0.0,0.0,0.0,2.3517612175407706e-10,5.90976991319312e-10,2.311661451119299e-10,4.010468758395974e-10,5.90976991319312e-10,0.023085545048302777,0.06939326694,0.02024712838,0.04671410983,0.06939326694,0.02308318180960875,0.06939274274,0.02024688474,0.04671378382,0.06939274274,0.012002035424197222,0.03607714032,0.01052635974,0.02428638353,0.03607714032,0.012000806790154653,0.03607686779,0.01052623307,0.02428621404,0.03607686779,4.65356669786874e-09,2.1073424255447017e-08,0.0,1.4901161193847656e-08,2.1073424255447017e-08,7.306705668527778e-05,0.0001748958604,6.819108064e-05,0.0001305904782,0.0001748958604
2:36,67,0.0,0.0,0.0,0.0,0.0,2.7640290938562895e-10,6.302763848460868e-10,2.821460397377847e-10,4.945865999495063e-10,6.302763848460868e-10,0.02688830477131194,0.1086579618,0.0242973211,0.05892658923,0.1086579618,0.02688530599143418,0.1086572399,0.0242970857,0.05892590893,0.1086572399,0.01397906723353612,0.056490618,0.01263203048,0.0306355778,0.056490618,0.013977508185394925,0.05649024271,0.01263190809,0.03063522412,0.05649024271,4.187543695708307e-09,2.1073424255447017e-08,0.0,1.4901161193847656e-08,2.1073424255447017e-08,8.161530146413433e-05,0.000211988378,7.639692958e-05,0.0001444095635,0.000211988378
2:37,70,0.0,0.0,0.0,0.0,0.0,2.494487496151971e-10,5.909724177415141e-10,2.5172063013216557e-10,4.4038227147588384e-10,5.909724177415141e-10,0.02446676355299286,0.08210313638,0.01904449723,0.05155140315,0.08210313638,0.024465202744247145,0.08210257411,0.01904428409,0.05155102188,0.08210257411,0.012720122580828571,0.04268492466,0.009901119072,0.0268012631,0.04268492466,0.012719311126154285,0.04268463234,0.009901008265,0.02680106489,0.04268463234,4.184427910509361e-09,2.1073424255447017e-08,0.0,1.4901161193847656e-08,2.1073424255447017e-08,7.890774802444285e-05,0.0001695863934,7.332686552e-05,0.0001352307825,0.0001695863934
2:38,65,2.2924863375150242e-10,1.4901161193847656e-08,0.0,0.0,1.4901161193847656e-08,2.7262386679661637e-10,5.502543089930335e-10,3.003409446701954e-10,4.801947489274483e-10,5.502543089930335e-10,0.028730342881861538,0.07701279398,0.02411096224,0.06227767636,0.07701279398,0.028729560678861538,0.07701210202,0.02411084136,0.06227722592,0.07701210202,0.0149367317204,0.0400384864,0.01253514363,0.03237778776,0.0400384864,0.014936325057584616,0.04003812665,0.01253508078,0.03237755357,0.04003812665,3.0751901320249063e-09,2.1073424255447017e-08,0.0,1.4901161193847656e-08,2.1073424255447017e-08,8.50511887063077e-05,0.0002217355418,7.628984886e-05,0.0001465681792,0.0002217355418
2:39,72,0.0,0.0,0.0,0.0,0.0,2.866231807634884e-10,5.536227092477769e-10,3.0837320188357186e-10,4.960350612157438e-10,5.536227092477769e-10,0.028951036491319446,0.08069895559,0.02661111228,0.05463617525,0.08069895559,0.028950449824097224,0.08069822179,0.02661090379,0.05463572769,0.08069822179,0.015051468995268056,0.04195489955,0.01383495653,0.02840501749,0.04195489955,0.01505116399011111,0.04195451806,0.01383484814,0.0284047848,0.04195451806,4.517623766583326e-09,2.1073424255447017e-08,0.0,1.4901161193847656e-08,2.1073424255447017e-08,8.276050825152778e-05,0.0002066669539,7.369584062e-05,0.0001447209975,0.0002066669539
2:40,67,0.0,0.0,0.0,0.0,0.0,3.2564571908470735e-10,6.578427326200136e-10,3.4346849720063954e-10,5.346558104237512e-10,6.578427326200136e-10,0.025841747225570148,0.08753200677,0.0192442239,0.06037533328,0.08753200677,0.025839537577461047,0.08753132522,0.01924371761,0.06037480486,0.08753132522,0.013434968287254328,0.04550736159,0.01000495576,0.03138877108,0.04550736159,0.013433819504759999,0.04550700725,0.01000469254,0.03138849636,0.04550700725,4.632354477614207e-09,2.1073424255447017e-08,0.0,1.4901161193847656e-08,2.1073424255447017e-08,8.171012281052239e-05,0.0001838130028,7.962972249e-05,0.000142260892,0.0001838130028
2:41,73,0.0,0.0,0.0,0.0,0.0,2.782878972328722e-10,6.013491215484028e-10,2.5306436166061134e-10,4.789491839688803e-10,6.013491215484028e-10,0.026025499839230137,0.08149391917,0.02135656582,0.05301430328,0.08149391917,0.02602456127777945,0.08149327451,0.02135634766,0.05301382374,0.08149327451,0.013530500161641095,0.04236819632,0.01110314957,0.02756181605,0.04236819632,0.013530012208463013,0.04236786116,0.01110303615,0.02756156674,0.04236786116,4.401043247750987e-09,2.580956827951785e-08,0.0,1.4901161193847656e-08,2.580956827951785e-08,7.131053046726028e-05,0.0001840927125,6.675359651e-05,0.0001255316485,0.0001840927125
2:42,56,0.0,0.0,0.0,0.0,0.0,2.542519771424571e-10,5.718356508839319e-10,2.1840439912007147e-10,4.693864961198699e-10,5.718356508839319e-10,0.026062769522957142,0.06633446685,0.02669508562,0.04846503439,0.06633446685,0.02606184949875,0.06633376582,0.02669487118,0.04846468854,0.06633376582,0.013549876444164286,0.03448688862,0.01387861376,0.02519667863,0.03448688862,0.013549398129308929,0.03448652416,0.01387850228,0.02519649883,0.03448652416,4.899877938408164e-09,2.1073424255447017e-08,0.0,1.4901161193847656e-08,2.1073424255447017e-08,7.741471592750001e-05,0.0001558850615,7.130223383e-05,0.0001328025562,0.0001558850615
2:43,73,2.0412549580613227e-10,1.4901161193847656e-08,0.0,0.0,1.4901161193847656e-08,3.9945127337974735e-10,7.707843630339139e-10,4.1489097376965564e-10,5.776056112825989e-10,7.707843630339139e-10,0.023673124538326026,0.07025101127,0.01911520946,0.05606600171,0.07025101127,0.023671982290972466,0.07025005489,0.01911501678,0.05606546846,0.07025005489,0.012307514451669452,0.03652307641,0.009937881935,0.02914837562,0.03652307641,0.012306920603916301,0.03652257919,0.009937781759,0.02914809839,0.03652257919,4.863989501119107e-09,2.1073424255447017e-08,0.0,1.4901161193847656e-08,2.1073424255447017e-08,7.84178681159041e-05,0.0001871891446,7.5358546e-05,0.0001398957743,0.0001871891446
2:44,83,0.0,0.0,0.0,0.0,0.0,3.793007886167216e-10,6.882013735140819e-10,3.580386157292813e-10,6.019834568231536e-10,6.882013735140819e-10,0.025565720289481925,0.07840915952,0.02064319269,0.05345287951,0.07840915952,0.025564842122598797,0.07840864918,0.02064298271,0.05345259772,0.07840864918,0.013291463550160722,0.04076444841,0.01073227119,0.02778982918,0.04076444841,0.01329100699674289,0.04076418309,0.01073216202,0.02778968268,0.04076418309,4.4266959000589585e-09,2.1073424255447017e-08,0.0,1.4901161193847656e-08,2.1073424255447017e-08,7.910808065074699e-05,0.0002666970279,6.802808338e-05,0.0001374913785,0.0002666970279
2:45,85,1.753077787511489e-10,1.4901161193847656e-08,0.0,0.0,1.4901161193847656e-08,3.9453425848913547e-10,7.648397478249461e-10,3.8355001003556957e-10,6.3153275739105e-10,7.648397478249461e-10,0.027997492118952944,0.09519717746,0.02317817411,0.05718671675,0.09519717746,0.02799479010223759,0.09519643912,0.02317795768,0.05718616602,0.09519643912,0.014555727036200118,0.04949243753,0.01205019272,0.02973102861,0.04949243753,0.014554322273247402,0.04949205367,0.01205008019,0.02973074228,0.04949205367,3.1980768174142145e-09,2.1073424255447017e-08,0.0,1.4901161193847656e-08,2.1073424255447017e-08,8.458072751890588e-05,0.0002354302233,8.016198463e-05,0.0001385814746,0.0002354302233
2:46,73,0.0,0.0,0.0,0.0,0.0,4.191043848990302e-10,7.627193766097853e-10,4.333260144879541e-10,6.368284882412241e-10,7.627193766097853e-10,0.025459592171242468,0.09603544376,0.02094116041,0.05972915889,0.09603544376,0.02545804933750274,0.09603462437,0.02094006853,0.05972869675,0.09603462437,0.013236288182615068,0.04992824711,0.0108871828,0.03105282892,0.04992824711,0.013235486072410959,0.04992782112,0.01088661514,0.03105258865,0.04992782112,5.441343590309436e-09,2.1073424255447017e-08,0.0,1.4901161193847656e-08,2.1073424255447017e-08,7.844311698687672e-05,0.0002012842035,7.422308181e-05,0.0001358198764,0.0002012842035
2:47,66,0.0,0.0,0.0,0.0,0.0,3.8990205519341584e-10,6.730049011264728e-10,3.925170166740298e-10,6.147766864796366e-10,6.730049011264728e-10,0.02410665418571212,0.0889679021,0.01800860448,0.05243132549,0.0889679021,0.024105773373242427,0.08896729558,0.0180078313,0.0524309888,0.08896729558,0.012532903896304544,0.0462538749,0.009362564689,0.02725872941,0.0462538749,0.012532445967596971,0.04625355957,0.00936216272,0.02725855437,0.04625355957,6.0184557892816495e-09,2.1073424255447017e-08,0.0,1.4901161193847656e-08,2.1073424255447017e-08,7.743213902101515e-05,0.0001900590564,7.757393102e-05,0.0001460596581,0.0001900590564
2:48,77,3.8704314789214694e-10,1.4901161193847656e-08,0.0,0.0,1.4901161193847656e-08,2.457503132540765e-10,6.03658523372713e-10,2.2227206359970985e-10,4.20890461271391e-10,6.03658523372713e-10,0.02468395942263247,0.09816350067,0.02071138924,0.04783743672,0.09816350067,0.024683173576735065,0.09816244093,0.02071054668,0.04783700997,0.09816244093,0.012833041401587012,0.05103461105,0.01076772616,0.02487039439,0.05103461105,0.012832632845323377,0.0510340601,0.01076728812,0.02487017253,0.0510340601,3.6437068521098253e-09,2.1073424255447017e-08,0.0,1.4901161193847656e-08,2.1073424255447017e-08,7.395302821575325e-05,0.000231309965,7.016570107e-05,0.0001246953236,0.000231309965
2:49,56,0.0,0.0,0.0,0.0,0.0,2.6117030021651383e-10,5.832871310380137e-10,2.5059529398908724e-10,4.822635226734652e-10,5.832871310380137e-10,0.025405375671907142,0.08095284453,0.01960591186,0.05067911533,0.08095284453,0.025404766444941072,0.08095232193,0.01960567696,0.05067879981,0.08095232193,0.013208101352247679,0.04208689488,0.01019299515,0.02634776593,0.04208689488,0.013207784619062857,0.04208662319,0.01019287303,0.0263476019,0.04208662319,4.4779125932993075e-09,2.1073424255447017e-08,0.0,1.4901161193847656e-08,2.1073424255447017e-08,7.355063710051786e-05,0.0001545134257,6.84411891e-05,0.000127938306,0.0001545134257
2:50,59,2.525620541330111e-10,1.4901161193847656e-08,0.0,0.0,1.4901161193847656e-08,3.049803398548771e-10,6.806066958545267e-10,2.9854153531801574e-10,5.268390222263715e-10,6.806066958545267e-10,0.02883754380600339,0.09289159024,0.02578259464,0.05884905044,0.09289159024,0.02883623710628644,0.09289085437,0.02578210899,0.05884852761,0.09289085437,0.01499246483376017,0.04829377666,0.01340421522,0.03059526585,0.04829377666,0.014991785487598474,0.04829339408,0.01340396273,0.03059499403,0.04829339408,4.6507316025569015e-09,2.1073424255447017e-08,0.0,1.4901161193847656e-08,2.1073424255447017e-08,8.172966836815253e-05,0.0001970450956,7.518259757e-05,0.0001470310949,0.0001970450956
2:51,68,2.1913472343893612e-10,1.4901161193847656e-08,0.0,0.0,1.4901161193847656e-08,2.7303546122269584e-10,5.725313248026272e-10,2.662026321516814e-10,4.830493565859538e-10,5.725313248026272e-10,0.02334199825750647,0.0861701797,0.01962108171,0.04984892045,0.0861701797,0.023339179782145735,0.08616957825,0.019620791,0.04984800934,0.08616957825,0.012135363898193382,0.04479935592,0.01020088186,0.02591615263,0.04479935592,0.012133898590078088,0.04479904323,0.01020073072,0.02591567895,0.04479904323,4.473463043214007e-09,2.1073424255447017e-08,0.0,1.4901161193847656e-08,2.1073424255447017e-08,7.636643898748382e-05,0.0001766653746,7.499527786e-05,0.0001236855112,0.0001766653746
2:52,70,0.0,0.0,0.0,0.0,0.0,2.6918641290967404e-10,6.018214606269531e-10,2.5979973501255007e-10,4.78588862871433e-10,6.018214606269531e-10,0.023257818916740003,0.1083007078,0.01901232426,0.04243803573,0.1083007078,0.02325705830735286,0.1082998488,0.01901165332,0.04243755734,0.1082998488,0.012091599567445715,0.05630488378,0.009884392542,0.02206327843,0.05630488378,0.012091204130985715,0.05630443722,0.00988404372,0.02206302972,0.05630443722,6.136814850727616e-09,2.1073424255447017e-08,0.0,1.4901161193847656e-08,2.1073424255447017e-08,7.404152049742857e-05,0.0002181884075,6.693050257e-05,0.00012791083,0.0002181884075
2:53,72,0.0,0.0,0.0,0.0,0.0,2.387136585367673e-10,5.715409204160206e-10,2.157993659262932e-10,4.581479311066759e-10,5.715409204160206e-10,0.024071750086213886,0.08923294644,0.01898015571,0.0479760709,0.08923294644,0.02407091011265139,0.08923223548,0.01897990942,0.04797572182,0.08923223548,0.01251475746595,0.04639166985,0.009867668304,0.02494246946,0.04639166985,0.012514320768483335,0.04639130022,0.009867540263,0.02494228798,0.04639130022,3.3970950300439148e-09,2.1073424255447017e-08,0.0,1.4901161193847656e-08,2.1073424255447017e-08,7.14599447444861e-05,0.0001810373162,6.376745754e-05,0.0001224049137,0.0001810373162
2:54,68,0.0,0.0,0.0,0.0,0.0,2.415960372576853e-10,6.21826030284177e-10,1.9447722279523518e-10,5.386764763284282e-10,6.21826030284177e-10,0.027956357510933824,0.09856238831,0.0269950873,0.04645482686,0.09856238831,0.027955314632501473,0.09856168055,0.02699456771,0.04645449324,0.09856168055,0.01453434140134853,0.05124199032,0.01403458283,0.02415158387,0.05124199032,0.014533799214511766,0.05124162236,0.01403431269,0.02415141043,0.05124162236,5.146440638829367e-09,2.1073424255447017e-08,0.0,1.4901161193847656e-08,2.1073424255447017e-08,7.850187676985294e-05,0.0002728229224,7.070936688e-05,0.0001328909074,0.0002728229224
2:55,75,1.986821492513021e-10,1.4901161193847656e-08,0.0,0.0,1.4901161193847656e-08,2.6937490886875227e-10,6.121896168044935e-10,2.640521259570528e-10,4.700391845074277e-10,6.121896168044935e-10,0.025297025950117333,0.09194559724,0.0196009281,0.05384162716,0.09194559724,0.025296413572558667,0.09194495138,0.01960039313,0.05384101642,0.09194495138,0.01315177098616,0.04780196061,0.01019040412,0.02799193673,0.04780196061,0.013151452615124,0.04780162483,0.01019012599,0.02799161921,0.04780162483,4.104148199060038e-09,2.1073424255447017e-08,0.0,1.4901161193847656e-08,2.1073424255447017e-08,6.968628186994666e-05,0.0001836116066,5.985100505e-05,0.0001264503813,0.0001836116066
2:56,67,0.0,0.0,0.0,0.0,0.0,2.558219977502217e-10,5.213829379224867e-10,2.625032698857241e-10,4.48516544532086e-10,5.213829379224867e-10,0.02372691356099164,0.0806967267,0.01935414477,0.05338807961,0.0806967267,0.02372435192210418,0.0806959302,0.01935400494,0.05338776548,0.0806959302,0.012335479039242685,0.04195374077,0.01006210296,0.0277561401,0.04195374077,0.012334147258199105,0.04195332667,0.01006203026,0.02775597679,0.04195332667,2.668864691435401e-09,1.4901161193847656e-08,0.0,1.4901161193847656e-08,1.4901161193847656e-08,7.74948354764776e-05,0.0001826113991,6.859274968e-05,0.0001441743554,0.0001826113991
2:57,56,2.66092164175851e-10,1.4901161193847656e-08,0.0,0.0,1.4901161193847656e-08,2.457125974075292e-10,5.74243386307886e-10,2.250800048259053e-10,4.885023565594867e-10,5.74243386307886e-10,0.025339299941325,0.08184629616,0.02025530786,0.04901561374,0.08184629616,0.025338737880076786,0.08184565692,0.02025459051,0.04901525576,0.08184565692,0.013173748979092858,0.04255139498,0.01053061221,0.02548292151,0.04255139498,0.013173456766851787,0.04255106265,0.01053023926,0.02548273539,0.04255106265,5.542281250002712e-09,2.1073424255447017e-08,0.0,1.4901161193847656e-08,2.1073424255447017e-08,7.322613782248215e-05,0.0002182891945,7.206727205e-05,0.0001268640243,0.0002182891945
2:58,76,0.0,0.0,0.0,0.0,0.0,2.7974489265814523e-10,6.462482950982018e-10,2.4739289216589123e-10,4.924521210348478e-10,6.462482950982018e-10,0.02858166322923684,0.08556512236,0.0238764388,0.06248910602,0.08556512236,0.02858090496985526,0.08556445748,0.02387626835,0.06248841521,0.08556445748,0.014859434067544738,0.04448479026,0.01241321631,0.03248770876,0.04448479026,0.014859039852625001,0.0444844446,0.01241312769,0.03248734961,0.0444844446,4.557135992755875e-09,2.1073424255447017e-08,0.0,1.4901161193847656e-08,2.1073424255447017e-08,7.932800710992105e-05,0.0002144509293,7.375488808e-05,0.000140317013,0.0002144509293
2:59,66,0.0,0.0,0.0,0.0,0.0,2.832264472347088e-10,5.697881142466707e-10,2.7240280652104044e-10,4.976056539104742e-10,5.697881142466707e-10,0.025741215487368182,0.0925780985,0.01742245974,0.05710935824,0.0925780985,0.025740371559516667,0.09257753028,0.01742190777,0.05710853467,0.09257753028,0.013382702443127273,0.0481307942,0.009057831582,0.02969081038,0.0481307942,0.013382263690439395,0.04813049878,0.009057544615,0.02969038221,0.04813049878,4.344510464758422e-09,2.1073424255447017e-08,0.0,1.4901161193847656e-08,2.1073424255447017e-08,7.927578081363637e-05,0.0001750406331,7.741120686e-05,0.0001397968026,0.0001750406331
2:60,66,0.0,0.0,0.0,0.0,0.0,2.7207262961116044e-10,6.808144230578123e-10,2.697233106146972e-10,4.4905935194467685e-10,6.808144230578123e-10,0.02283327265261364,0.08716887776,0.01747098806,0.04837410352,0.08716887776,0.022832343941730303,0.08716825412,0.0174707858,0.04837364836,0.08716825412,0.011870880529639393,0.04531857301,0.009083061158,0.02514940422,0.04531857301,0.011870397698198485,0.04531824878,0.009082956004,0.02514916759,0.04531824878,3.028596342145741e-09,2.1073424255447017e-08,0.0,1.4901161193847656e-08,2.1073424255447017e-08,7.306809274378788e-05,0.0002015489236,6.664386877e-05,0.0001180670759,0.0002015489236
2:61,65,0.0,0.0,0.0,0.0,0.0,4.355210802600255e-10,7.286558607338787e-10,4.561318643562275e-10,6.288438829626068e-10,7.286558607338787e-10,0.02523568263177692,0.09900305617,0.02283069445,0.05007392436,0.09900305617,0.025234595978843075,0.09900238733,0.02283039691,0.05007363551,0.09900238733,0.013119878965606154,0.05147109088,0.01186954014,0.0260331308,0.05147109088,0.013119314021861539,0.05147074316,0.01186938545,0.02603298063,0.05147074316,4.8698463547961724e-09,2.1073424255447017e-08,0.0,1.4901161193847656e-08,2.1073424255447017e-08,7.60908746348923e-05,0.0001845077775,7.347172983e-05,0.0001514494553,0.0001845077775
2:62,63,0.0,0.0,0.0,0.0,0.0,4.027513548767326e-10,8.69742801215649e-10,4.3179868121448944e-10,6.293735423797575e-10,8.69742801215649e-10,0.024037181776041267,0.07462017034,0.02041665835,0.0458649096,0.07462017034,0.024036322123074605,0.07461964701,0.0204164063,0.04586447929,0.07461964701,0.012496785610271429,0.03879457582,0.01061449735,0.02384488946,0.03879457582,0.012496338681647618,0.03879430374,0.01061436631,0.02384466574,0.03879430374,4.8225136638305625e-09,2.580956827951785e-08,0.0,1.4901161193847656e-08,2.580956827951785e-08,7.757677371047618e-05,0.0001778577378,7.206686843e-05,0.0001416736818,0.0001778577378
2:63,64,4.656612873077393e-10,1.4901161193847656e-08,0.0,0.0,1.4901161193847656e-08,3.7435045754828535e-10,7.31096893098722e-10,3.8256170768812737e-10,5.947519050574072e-10,7.31096893098722e-10,0.025337553685060937,0.08357361487,0.01983067206,0.05555446917,0.08357361487,0.025336853492371875,0.08357308123,0.01983051485,0.05555381556,0.08357308123,0.013172841110904688,0.04344941755,0.01030984662,0.02888243295,0.04344941755,0.01317247708415625,0.04344914011,0.01030976488,0.02888209314,0.04344914011,3.4924596548080444e-09,1.4901161193847656e-08,0.0,1.4901161193847656e-08,1.4901161193847656e-08,7.452708332854688e-05,0.0001714815817,6.808129048e-05,0.0001259609902,0.0001714815817
2:64,68,0.0,0.0,0.0,0.0,0.0,4.0053426299937305e-10,8.821311751909429e-10,4.175127423708036e-10,5.938426762397828e-10,8.821311751909429e-10,0.025070146844525,0.08204512642,0.01954006203,0.0536902464,0.08204512642,0.025069288743642646,0.08204452982,0.01953972253,0.05368989824,0.08204452982,0.013033817909947058,0.04265476564,0.01015876022,0.02791323479,0.04265476564,0.013033371788432353,0.04265445547,0.01015858371,0.02791305379,0.04265445547,4.489036468512558e-09,2.1073424255447017e-08,0.0,1.4901161193847656e-08,2.1073424255447017e-08,8.074227324838234e-05,0.000192745843,7.826939851e-05,0.0001344662433,0.000192745843
2:65,78,0.0,0.0,0.0,0.0,0.0,3.887649089054761e-10,6.84091557366047e-10,3.9219662809875957e-10,6.096061079846256e-10,6.84091557366047e-10,0.02431803132261795,0.08303224317,0.02082117915,0.05024407901,0.08303224317,0.024316767740315385,0.08303158471,0.02082095285,0.05024366159,0.08303158471,0.012642797593437179,0.04316796167,0.01082480527,0.02612159318,0.04316796167,0.012642140664058974,0.04316761934,0.01082468762,0.02612137616,0.04316761934,4.631326880042233e-09,2.1073424255447017e-08,0.0,1.4901161193847656e-08,2.1073424255447017e-08,7.549979851320513e-05,0.0002084243094,7.213596421e-05,0.0001295020382,0.0002084243094
2:66,62,0.0,0.0,0.0,0.0,0.0,2.692979190082362e-10,5.654239378112395e-10,2.727462835936459e-10,4.658097564471672e-10,5.654239378112395e-10,0.028838949985127416,0.08823215552,0.02161049721,0.05554397045,0.08823215552,0.0288383933638,0.08823151737,0.02161038867,0.05554361429,0.08823151737,0.014993195897722581,0.04587136469,0.01123516697,0.02887697473,0.04587136469,0.014992906513230646,0.04587103293,0.01123511054,0.02887678956,0.04587103293,2.602518355833472e-09,2.1073424255447017e-08,0.0,1.4901161193847656e-08,2.1073424255447017e-08,7.728602914387097e-05,0.0001705940209,7.180604422e-05,0.0001242752333,0.0001705940209
2:67,82,0.0,0.0,0.0,0.0,0.0,2.86186561838135e-10,6.954036812517483e-10,2.764396225714026e-10,4.794099234822041e-10,6.954036812517483e-10,0.024494357081585368,0.074881141,0.01916916674,0.05188975849,0.074881141,0.024493149117332927,0.07488043755,0.01916895,0.051889346,0.07488043755,0.01273446828974878,0.03893025289,0.009965933997,0.026977172,0.03893025289,0.012733840276592683,0.03892988717,0.009965821316,0.02697695755,0.03892988717,4.58712997362368e-09,2.1073424255447017e-08,0.0,1.4901161193847656e-08,2.1073424255447017e-08,8.034844382158537e-05,0.0001824794328,7.375000326e-05,0.0001274540865,0.0001824794328
2:68,73,2.0412549580613227e-10,1.4901161193847656e-08,0.0,0.0,1.4901161193847656e-08,2.8227055749886764e-10,6.06694330512562e-10,2.860162149994831e-10,4.97392148099534e-10,6.06694330512562e-10,0.02706635712178904,0.08125470752,0.02228655712,0.06080142496,0.08125470752,0.02706561502769863,0.08125414504,0.02228637768,0.06080092639,0.08125414504,0.014071635575043836,0.04224383162,0.01158664643,0.03161029357,0.04224383162,0.01407124976490411,0.0422435392,0.01158655314,0.03161003437,0.0422435392,4.744415554102007e-09,2.1073424255447017e-08,0.0,1.4901161193847656e-08,2.1073424255447017e-08,7.674237175780822e-05,0.0001808019972,6.508636338e-05,0.0001461538085,0.0001808019972
2:69,68,0.0,0.0,0.0,0.0,0.0,3.0718706303869274e-10,6.550957463644521e-10,2.807170520090484e-10,4.977524099156403e-10,6.550957463644521e-10,0.024550537342058823,0.0688507709,0.01876789008,0.0491923567,0.0688507709,0.024548540515617646,0.06885032896,0.01876713255,0.0491912024,0.06885032896,0.01276367606812794,0.0357950999,0.009757312688,0.0255748091,0.0357950999,0.012762637930411765,0.03579487014,0.009756918851,0.02557420899,0.03579487014,4.783366341088228e-09,2.1073424255447017e-08,0.0,1.4901161193847656e-08,2.1073424255447017e-08,7.987376826852941e-05,0.0001748284167,7.922701061e-05,0.000125548346,0.0001748284167
2:70,66,0.0,0.0,0.0,0.0,0.0,2.6488929807409196e-10,6.568843958258455e-10,2.2773383952168596e-10,4.3907537432271875e-10,6.568843958258455e-10,0.03196986624657576,0.09301338833,0.02709188279,0.06602064857,0.09301338833,0.03196680048781515,0.09301284309,0.0270916829,0.06602012817,0.09301284309,0.016620940349224244,0.04835709875,0.01408490621,0.0343237364,0.04835709875,0.016619346479778786,0.04835681528,0.01408480229,0.03432346584,0.04835681528,3.799440988253958e-09,2.1073424255447017e-08,0.0,1.4901161193847656e-08,2.1073424255447017e-08,9.192773339196969e-05,0.0002021047984,8.691442409e-05,0.000153565826,0.0002021047984
2:71,64,0.0,0.0,0.0,0.0,0.0,2.6582600011176675e-10,6.357831850694645e-10,2.732655352810575e-10,5.005729308385162e-10,6.357831850694645e-10,0.025778252220934376,0.09148193358,0.02136484189,0.0477816655,0.09148193358,0.025777389915648437,0.09148111508,0.02136431503,0.04778073547,0.09148111508,0.013401957617575,0.04756090468,0.01110745225,0.02484139927,0.04756090468,0.013401509310176562,0.04756047914,0.01110717833,0.02484091576,0.04756047914,2.3283064365386963e-09,1.4901161193847656e-08,0.0,1.4901161193847656e-08,1.4901161193847656e-08,7.742505773935938e-05,0.000196569169,7.322239721e-05,0.000151685634,0.000196569169
3:0,67,0.0,0.0,0.0,0.0,0.0,2.7361087476874095e-10,6.793269142244589e-10,2.5699987559265537e-10,5.287040590666836e-10,6.793269142244589e-10,0.028074483548598508,0.09153374245,0.02415051001,0.05155589771,0.09153374245,0.028073686206314927,0.09153310724,0.02415035546,0.05155445813,0.09153310724,0.014595754414711939,0.0475878398,0.01255570427,0.0268035998,0.0475878398,0.014595339881262687,0.04758750955,0.01255562392,0.02680285137,0.04758750955,4.279667024985908e-09,2.1073424255447017e-08,0.0,1.4901161193847656e-08,2.1073424255447017e-08,8.180771060937314e-05,0.0002030402553,7.83821235e-05,0.000135421271,0.0002030402553
3:1,64,0.0,0.0,0.0,0.0,0.0,2.4569820850938763e-10,5.43966910386983e-10,2.292143642977847e-10,4.3229794416122484e-10,5.43966910386983e-10,0.029716641794743436,0.07885394614,0.02647069694,0.06166556482,0.07885394614,0.02971498821451328,0.07885346148,0.02647058351,0.06166495147,0.07885346148,0.015449502567289532,0.04099569029,0.01376195545,0.03205955466,0.04099569029,0.015448642881443125,0.04099543832,0.01376189647,0.03205923578,0.04099543832,4.247445773128253e-09,2.1073424255447017e-08,0.0,1.4901161193847656e-08,2.1073424255447017e-08,8.740869122140624e-05,0.0001547468416,8.780342553e-05,0.0001358750347,0.0001547468416
3:2,65,0.0,0.0,0.0,0.0,0.0,2.7137917544653856e-10,5.744326151735383e-10,2.526708080499976e-10,4.740385089122502e-10,5.744326151735383e-10,0.024586316594612308,0.06611317698,0.01960145028,0.05066166783,0.06611317698,0.02458523570911077,0.06611261658,0.01960089458,0.05066065799,0.06611261658,0.012782277485464616,0.03437184136,0.0101906756,0.02633869509,0.03437184136,0.012781715539395385,0.03437155001,0.01019038669,0.02633817008,0.03437155001,4.411349087293168e-09,2.1073424255447017e-08,0.0,1.4901161193847656e-08,2.1073424255447017e-08,7.564654448630769e-05,0.0001685346451,7.71286234e-05,0.0001224709397,0.0001685346451
3:3,65,2.2924863375150242e-10,1.4901161193847656e-08,0.0,0.0,1.4901161193847656e-08,2.498514789863334e-10,6.260509794925877e-10,2.1219720950017946e-10,4.5610206082752077e-10,6.260509794925877e-10,0.02722286954916923,0.09596285926,0.02282613753,0.0533563907,0.09596285926,0.02722225789246154,0.09596217931,0.02282589786,0.05335596904,0.09596217931,0.01415300544036923,0.04989051087,0.01186717102,0.02773966523,0.04989051087,0.014152687444015384,0.04989015737,0.01186704642,0.02773944601,0.04989015737,3.6286452927832855e-09,2.1073424255447017e-08,0.0,1.4901161193847656e-08,2.1073424255447017e-08,7.737223547864615e-05,0.0001832943531,7.617129342e-05,0.0001240474039,0.0001832943531
3:4,52,0.0,0.0,0.0,0.0,0.0,3.0773078204640745e-10,6.377689695852583e-10,2.934797934294112e-10,5.274638919632179e-10,6.377689695852583e-10,0.027013059124196156,0.102289477,0.02128605101,0.06026560561,0.102289477,0.027012414580699997,0.1022887349,0.02128589911,0.06026515329,0.1022887349,0.014043926267540384,0.0531796812,0.01106648934,0.03133172432,0.0531796812,0.014043591173323076,0.0531792954,0.01106641037,0.03133148917,0.0531792954,4.535806615979107e-09,2.1073424255447017e-08,0.0,1.4901161193847656e-08,2.1073424255447017e-08,7.27700950825e-05,0.0001973858465,6.577122394e-05,0.0001200749744,0.0001973858465
3:5,56,2.66092164175851e-10,1.4901161193847656e-08,0.0,0.0,1.4901161193847656e-08,2.670739151706435e-10,6.048564497157313e-10,2.6064048507499626e-10,5.083457527629456e-10,6.048564497157313e-10,0.026231631663946427,0.06972577851,0.02199642148,0.0500197278,0.06972577851,0.02623104495457143,0.06972526445,0.02199605446,0.05001940324,0.06972526445,0.013637666851328572,0.03625001107,0.01143580666,0.02600495434,0.03625001107,0.0136373618246125,0.03624974381,0.01143561585,0.02600478561,0.03624974381,3.83550928170476e-09,2.1073424255447017e-08,0.0,1.4901161193847656e-08,2.1073424255447017e-08,7.214974734398214e-05,0.0001367420133,7.147558461e-05,0.000114605414,0.0001367420133
3:6,71,2.098755097725022e-10,1.4901161193847656e-08,0.0,0.0,1.4901161193847656e-08,2.638720748861662e-10,6.277053676263964e-10,2.568299093385381e-10,4.5234479907795267e-10,6.277053676263964e-10,0.02477866087493662,0.1031419981,0.02245577444,0.04767878482,0.1031419981,0.02477799329860845,0.1031412526,0.0224544937,0.04767838573,0.1031412526,0.012882276115447887,0.0536229018,0.01167462149,0.02478791222,0.0536229018,0.012881929045721127,0.0536225142,0.01167395564,0.02478770474,0.0536225142,4.371376760565519e-09,2.1073424255447017e-08,0.0,1.4901161193847656e-08,2.1073424255447017e-08,7.35228822884507e-05,0.0001986274983,6.616472149e-05,0.0001318538989,0.0001986274983
3:7,84,0.0,0.0,0.0,0.0,0.0,3.7563046094277125e-10,6.917775176654697e-10,3.896898096605686e-10,5.872962636848839e-10,6.917775176654697e-10,0.028649064674634524,0.08714452082,0.02489501194,0.05516472945,0.08714452082,0.028647149683460355,0.08714384081,0.0248948602,0.05516416794,0.08714384081,0.014894475671402261,0.04530590998,0.01294276633,0.02867980962,0.04530590998,0.014893480079209643,0.04530555645,0.01294268744,0.0286795177,0.04530555645,4.4303798062971946e-09,2.580956827951785e-08,0.0,1.4901161193847656e-08,2.580956827951785e-08,7.63232871075e-05,0.0001750597127,7.227338156e-05,0.0001381592981,0.0001750597127
3:8,69,2.159588578818501e-10,1.4901161193847656e-08,0.0,0.0,1.4901161193847656e-08,3.4504201199204426e-10,6.934193208351226e-10,3.467799686175802e-10,5.571145485212324e-10,6.934193208351226e-10,0.02684545938754638,0.0946018875,0.02341008001,0.05930230492,0.0946018875,0.026844257564265218,0.09460129973,0.0234099775,0.05930189027,0.09460129973,0.013956792177810146,0.04918294988,0.01217075919,0.03083091012,0.04918294988,0.013956167356566667,0.0491826443,0.0121707059,0.03083069454,0.0491826443,4.498083333335534e-09,2.1073424255447017e-08,0.0,1.4901161193847656e-08,2.1073424255447017e-08,8.014296397420289e-05,0.0001976653021,6.805943028e-05,0.0001462976497,0.0001976653021
3:9,68,0.0,0.0,0.0,0.0,0.0,3.853370058739553e-10,7.614699494993721e-10,3.831548499365504e-10,6.127473200696243e-10,7.614699494993721e-10,0.02372482850002206,0.0978559679,0.01712233578,0.05639765147,0.0978559679,0.023722256572267647,0.09785516031,0.01712148082,0.05639732941,0.09785516031,0.012334395028954412,0.05087472662,0.008901798947,0.02932079833,0.05087472662,0.012333057899279413,0.05087430675,0.008901354457,0.0293206309,0.05087430675,4.307499319641989e-09,2.1073424255447017e-08,0.0,1.4901161193847656e-08,2.1073424255447017e-08,7.464587153144119e-05,0.0002016244452,6.814508253e-05,0.0001414518815,0.0002016244452
3:10,63,2.36526368156312e-10,1.4901161193847656e-08,0.0,0.0,1.4901161193847656e-08,3.8910945646084234e-10,7.023703241120078e-10,4.0874689801122005e-10,5.81441972916755e-10,7.023703241120078e-10,0.026173420308044443,0.07607694404,0.02265849122,0.05128254098,0.07607694404,0.026172493944725556,0.076076374,0.0226576085,0.05128200991,0.076076374,0.01360740311933746,0.03955194367,0.01178001272,0.02666148329,0.03955194367,0.013606921508562223,0.03955164731,0.0117795538,0.02666120718,0.03955164731,4.689945854068321e-09,2.1073424255447017e-08,0.0,1.4901161193847656e-08,2.1073424255447017e-08,7.212356492450793e-05,0.0002329837292,6.701381552e-05,0.0001123651364,0.0002329837292
3:11,62,0.0,0.0,0.0,0.0,0.0,3.9812784074494686e-10,7.787381364570885e-10,4.0711037042725507e-10,6.074825916752412e-10,7.787381364570885e-10,0.03250770757232742,0.09641924619,0.0296830905,0.06329400987,0.09641924619,0.03250722506070484,0.09641865868,0.02968288731,0.06329347319,0.09641865868,0.016900560805896775,0.05012778368,0.01543205945,0.03290617341,0.05012778368,0.016900309950959678,0.05012747824,0.01543195381,0.03290589439,0.05012747824,4.5252488324589766e-09,2.1073424255447017e-08,0.0,1.4901161193847656e-08,2.1073424255447017e-08,7.546259220456451e-05,0.0001869672355,7.159504771e-05,0.0001288875764,0.0001869672355
3:12,71,0.0,0.0,0.0,0.0,0.0,3.1110216862702007e-10,6.177967833217101e-10,3.145618541967025e-10,5.33696086542063e-10,6.177967833217101e-10,0.030520891492783097,0.0791779238,0.02835285552,0.05851988714,0.0791779238,0.030519878727592955,0.0791768376,0.02835258156,0.05851942318,0.0791768376,0.01586762712704789,0.04116412431,0.01474047832,0.03042413584,0.04116412431,0.015867100596597183,0.04116355961,0.01474033589,0.03042389463,0.04116355961,4.878061062668261e-09,2.1073424255447017e-08,0.0,1.4901161193847656e-08,2.1073424255447017e-08,8.295314534715493e-05,0.0002113122939,8.59954611e-05,0.0001314570028,0.0002113122939
3:13,57,0.0,0.0,0.0,0.0,0.0,2.5831008051877243e-10,6.246179625571234e-10,2.2331698918364622e-10,4.664294952954167e-10,6.246179625571234e-10,0.023584300162422807,0.09286465439,0.01742684264,0.04754350238,0.09286465439,0.023582340463529826,0.09286410917,0.01742500511,0.04754309661,0.09286410917,0.012261335195177194,0.04827977287,0.009060110223,0.0247175797,0.04827977287,0.012260316359401755,0.04827948942,0.009059154903,0.02471736875,0.04827948942,3.5067957645898053e-09,2.1073424255447017e-08,0.0,1.4901161193847656e-08,2.1073424255447017e-08,7.823046329826316e-05,0.0001810253003,7.429965678e-05,0.0001335935592,0.0001810253003
3:14,62,0.0,0.0,0.0,0.0,0.0,2.891134872346647e-10,6.484827002659027e-10,2.556825724834314e-10,5.221341624428405e-10,6.484827002659027e-10,0.026144740493667742,0.09977260844,0.02227525754,0.05658443062,0.09977260844,0.026143351379269354,0.09977198761,0.02227509978,0.05658384666,0.09977198761,0.013592492657193547,0.05187117646,0.01158077184,0.02941790369,0.05187117646,0.013591770464366128,0.05187085369,0.01158068982,0.02941760009,0.05187085369,5.9260606404015086e-09,2.1073424255447017e-08,0.0,1.4901161193847656e-08,2.1073424255447017e-08,7.969889749967742e-05,0.0001843889974,6.697693037e-05,0.0001469060835,0.0001843889974
3:15,59,0.0,0.0,0.0,0.0,0.0,2.840878964014521e-10,6.184714342189556e-10,2.9109777405699034e-10,4.72210493866606e-10,6.184714342189556e-10,0.029421232209654237,0.1042801021,0.02393244543,0.06589058112,0.1042801021,0.02942007434414068,0.1042793714,0.02393172722,0.0658901211,0.1042793714,0.015295920908235594,0.05421459519,0.01244233382,0.03425611511,0.05421459519,0.0152953189419,0.05421421531,0.01244196043,0.03425587595,0.05421421531,3.196641108113926e-09,2.1073424255447017e-08,0.0,1.4901161193847656e-08,2.1073424255447017e-08,8.533520476961017e-05,0.0001976647871,7.654829918e-05,0.0001491912476,0.0001976647871
3:16,65,0.0,0.0,0.0,0.0,0.0,2.673746694999302e-10,5.60650810336725e-10,2.582516885193071e-10,4.612779230867508e-10,5.60650810336725e-10,0.024163715986826154,0.07209325562,0.02066340837,0.044310222,0.07209325562,0.02416273159745077,0.07209279,0.02066291195,0.04430957307,0.07209279,0.012562569982026152,0.03748084812,0.01074278119,0.02303661676,0.03748084812,0.012562058203913845,0.03748060605,0.01074252311,0.02303627939,0.03748060605,6.111047416809059e-09,2.1073424255447017e-08,0.0,1.4901161193847656e-08,2.1073424255447017e-08,7.557452836123078e-05,0.0001480196579,7.406811602e-05,0.0001198760207,0.0001480196579
3:17,64,2.3283064365386963e-10,1.4901161193847656e-08,0.0,0.0,1.4901161193847656e-08,2.7685014592432884e-10,6.573968903974739e-10,2.6454055341454327e-10,4.772030542677048e-10,6.573968903974739e-10,0.02910879626984375,0.081668885,0.02419216773,0.05597116138,0.081668885,0.029108215969359374,0.08166837356,0.02419202847,0.05597025167,0.08166837356,0.015133487350875,0.04245915999,0.01257736187,0.02909906871,0.04245915999,0.0151331856559875,0.0424588941,0.01257728947,0.02909859576,0.0424588941,4.616665450098503e-09,2.1073424255447017e-08,0.0,1.4901161193847656e-08,2.1073424255447017e-08,8.0583635292375e-05,0.0001635437282,7.658618182e-05,0.0001428586145,0.0001635437282
3:18,67,2.224053909529501e-10,1.4901161193847656e-08,0.0,0.0,1.4901161193847656e-08,2.2287435253131388e-10,6.184411090516355e-10,2.0762831462446264e-10,4.37192951753176e-10,6.184411090516355e-10,0.02886086208508955,0.08893324511,0.0230233818,0.0684063143,0.08893324511,0.028859961902014928,0.08893269834,0.02302292817,0.06840586628,0.08893269834,0.015004587865641792,0.04623585693,0.01196971713,0.0355640296,0.04623585693,0.015004119865701491,0.04623557267,0.01196948129,0.03556379668,0.04623557267,3.650609584524804e-09,2.1073424255447017e-08,0.0,1.4901161193847656e-08,2.1073424255447017e-08,8.157898413507463e-05,0.0001874057436,7.408137279e-05,0.0001386242229,0.0001874057436
3:19,71,0.0,0.0,0.0,0.0,0.0,2.8833551924779934e-10,6.166808477873173e-10,2.8142315841039017e-10,4.685984545104046e-10,6.166808477873173e-10,0.025103414324876058,0.07655236745,0.02261417697,0.05077854325,0.07655236745,0.025102225161287326,0.07655151871,0.02261400309,0.05077771366,0.07655151871,0.013051113471650704,0.03979911343,0.01175697401,0.02639945791,0.03979911343,0.013050495232932394,0.03979867217,0.01175688361,0.02639902661,0.03979867217,4.371376760565519e-09,2.1073424255447017e-08,0.0,1.4901161193847656e-08,2.1073424255447017e-08,7.665034925780282e-05,0.0001837898744,7.330787506e-05,0.0001289321791,0.0001837898744
3:20,59,0.0,0.0,0.0,0.0,0.0,2.8750113292560357e-10,6.259902608505524e-10,2.918513795456158e-10,5.022030574035213e-10,6.259902608505524e-10,0.02340288232897288,0.08236185918,0.01834150504,0.04931512936,0.08236185918,0.023402050704408473,0.08236135929,0.01833995064,0.04931457587,0.08236135929,0.012167017159025423,0.04281943309,0.009535637679,0.02563863787,0.04281943309,0.012166584802661017,0.04281917319,0.009534829559,0.02563835011,0.04281917319,5.365084967148325e-09,2.1073424255447017e-08,0.0,1.4901161193847656e-08,2.1073424255447017e-08,7.661356768152542e-05,0.0001648345095,7.09784745e-05,0.0001415135806,0.0001648345095
3:21,64,0.0,0.0,0.0,0.0,0.0,2.8484877040562653e-10,6.755874337592918e-10,2.5518609570092375e-10,5.282220999860659e-10,6.755874337592918e-10,0.027083354615014533,0.09109550366,0.02304436749,0.05269082447,0.09109550366,0.027081889038122812,0.09109497175,0.02304407794,0.05269046738,0.09109497175,0.014080472468746875,0.0473600021,0.01198062746,0.02739364137,0.0473600021,0.014079710524112032,0.04735972556,0.01198047693,0.02739345572,0.04735972556,6.802690257739148e-09,2.580956827951785e-08,0.0,2.1073424255447017e-08,2.580956827951785e-08,7.79827435960625e-05,0.0001883057349,6.958125104e-05,0.0001307546176,0.0001883057349
3:22,70,0.0,0.0,0.0,0.0,0.0,2.846434387370852e-10,6.517529012205951e-10,2.733138897940512e-10,5.049198427001849e-10,6.517529012205951e-10,0.028368882478815714,0.07488381578,0.02663923349,0.05833511387,0.07488381578,0.028367918406525715,0.07488341911,0.02663823741,0.0583344926,0.07488341911,0.014748810639749999,0.03893164349,0.01384957658,0.03032807333,0.03893164349,0.014748309424847145,0.03893143727,0.01384905873,0.03032775034,0.03893143727,5.197144738770616e-09,2.1073424255447017e-08,0.0,1.4901161193847656e-08,2.1073424255447017e-08,8.202826694242856e-05,0.0002120257567,7.526200073e-05,0.0001400957014,0.0002120257567
3:23,62,0.0,0.0,0.0,0.0,0.0,2.86371997111915e-10,6.060598025845106e-10,2.6187457240003434e-10,4.6214014463891865e-10,6.060598025845106e-10,0.0262207972273871,0.1037065677,0.0205154771,0.05399029247,0.1037065677,0.026219888665354837,0.1037059592,0.02051525006,0.0539899737,0.1037059592,0.013632034093851613,0.05391641814,0.01066587262,0.02806922693,0.05391641814,0.0136315617376,0.05391610177,0.01066575458,0.0280690612,0.05391610177,4.044566213302601e-09,2.1073424255447017e-08,0.0,1.4901161193847656e-08,2.1073424255447017e-08,8.186030217887096e-05,0.0001983639346,7.285501541e-05,0.0001298117436,0.0001983639346
3:24,66,0.0,0.0,0.0,0.0,0.0,2.7403217101090165e-10,6.10221696157427e-10,2.4232786451530523e-10,5.185432703621123e-10,6.10221696157427e-10,0.022334623160678788,0.08446091657,0.01665688936,0.05514659378,0.08446091657,0.022331653839622725,0.08446036571,0.01665416908,0.05514574063,0.08446036571,0.011611635670263637,0.04391072034,0.008659816162,0.028670381,0.04391072034,0.011610091938298485,0.04391043396,0.008658401907,0.02866993745,0.04391043396,5.060572868579512e-09,2.1073424255447017e-08,0.0,1.4901161193847656e-08,2.1073424255447017e-08,7.945454318592425e-05,0.0001952758722,6.853410316e-05,0.0001571823815,0.0001952758722
3:25,56,0.0,0.0,0.0,0.0,0.0,3.9767387018856606e-10,7.437079574789152e-10,4.0952433148600785e-10,6.170483523992717e-10,7.437079574789152e-10,0.026980037775348215,0.08673210778,0.02153458452,0.06089149155,0.08673210778,0.026977441315680892,0.08673128421,0.02153379984,0.06089115291,0.08673128421,0.014026758668150357,0.04509149893,0.01119570041,0.03165711865,0.04509149893,0.014025408784059641,0.04509107077,0.01119529247,0.03165694259,0.04509107077,4.257474626813616e-09,1.4901161193847656e-08,0.0,1.4901161193847656e-08,1.4901161193847656e-08,7.811839800189286e-05,0.0001922169179,7.768301476e-05,0.0001284826769,0.0001922169179
3:26,66,2.2577516960375237e-10,1.4901161193847656e-08,0.0,0.0,1.4901161193847656e-08,4.052745603927324e-10,7.2077793988584e-10,3.879380411781892e-10,5.929288751771526e-10,7.2077793988584e-10,0.027508279575827275,0.0768537417,0.02420846569,0.05754745876,0.0768537417,0.027507505957198482,0.07685331325,0.02420823459,0.0575469861,0.07685331325,0.014301388389951819,0.03995579608,0.01258583508,0.0299185762,0.03995579608,0.014300986189682273,0.03995557333,0.01258571494,0.02991833046,0.03995557333,3.380913511977088e-09,2.580956827951785e-08,0.0,1.4901161193847656e-08,2.580956827951785e-08,7.734033356018182e-05,0.0001708567236,7.228169008e-05,0.0001300938162,0.0001708567236
3:27,67,0.0,0.0,0.0,0.0,0.0,4.0287870520754083e-10,7.70129356954519e-10,4.16102785867514e-10,6.237599189379069e-10,7.70129356954519e-10,0.031946696284050745,0.07895679029,0.0292977764,0.06120440218,0.07895679029,0.03194604811403731,0.07895622442,0.0292974991,0.06120377398,0.07895622442,0.016608894425791047,0.04104915834,0.01523173698,0.03181979899,0.04104915834,0.016608557446773135,0.04104886415,0.01523159281,0.0318194724,0.04104886415,4.778442403771666e-09,2.1073424255447017e-08,0.0,1.4901161193847656e-08,2.1073424255447017e-08,8.477884705671642e-05,0.0001887584239,8.208796794e-05,0.000146516954,0.0001887584239
3:28,69,2.159588578818501e-10,1.4901161193847656e-08,0.0,0.0,1.4901161193847656e-08,4.079433015808458e-10,7.7043268421927e-10,4.2259046938768845e-10,5.877311022692083e-10,7.7043268421927e-10,0.03204620815544188,0.1235660021,0.02715672034,0.06654205338,0.1235660021,0.032045479801559425,0.1235651654,0.02715625143,0.0665416174,0.1235651654,0.016660630046808695,0.06424121808,0.01411861486,0.03459481161,0.06424121808,0.016660251379779854,0.06424078309,0.01411837108,0.03459458494,0.06424078309,3.5447948139588676e-09,2.1073424255447017e-08,0.0,1.4901161193847656e-08,2.1073424255447017e-08,8.403830820717392e-05,0.0002291619345,8.238876956e-05,0.0001456870863,0.0002291619345
3:29,80,0.0,0.0,0.0,0.0,0.0,3.6928075687013045e-10,7.685456509597723e-10,3.724309807693945e-10,6.029319552716235e-10,7.685456509597723e-10,0.031793304536337504,0.09336875104,0.02663143705,0.06459781,0.09336875104,0.03179225315097875,0.09336820523,0.02663123621,0.06459737965,0.09336820523,0.016529146982455,0.04854184968,0.01384552326,0.03358401122,0.04854184968,0.01652860037396875,0.04854156591,0.01384541884,0.03358378748,0.04854156591,4.978463437661129e-09,2.1073424255447017e-08,0.0,2.1073424255447017e-08,2.1073424255447017e-08,7.7281266743125e-05,0.0001827169178,7.366266619e-05,0.0001298934598,0.0001827169178
3:30,62,0.0,0.0,0.0,0.0,0.0,2.9047598790438356e-10,6.50089273818801e-10,2.718399345028378e-10,4.4545710181148443e-10,6.50089273818801e-10,0.02561115543402903,0.07332204873,0.02077215787,0.05204982047,0.07332204873,0.02560996062169839,0.07332162512,0.02077173391,0.05204950929,0.07332162512,0.013315085007432259,0.03811969024,0.01079931941,0.02706038726,0.03811969024,0.013314463831546774,0.03811947001,0.01079909899,0.02706022548,0.03811947001,4.085802262829196e-09,1.4901161193847656e-08,0.0,1.4901161193847656e-08,1.4901161193847656e-08,7.235668504282257e-05,0.0001479685113,6.937314774e-05,0.000126737259,0.0001479685113
3:31,69,2.159588578818501e-10,1.4901161193847656e-08,0.0,0.0,1.4901161193847656e-08,2.7516359498642054e-10,6.776071998576253e-10,2.4671161661652725e-10,4.999913356156854e-10,6.776071998576253e-10,0.02884056049106087,0.07551806868,0.0228458726,0.06250739811,0.07551806868,0.028839382746231886,0.07551755663,0.02284531032,0.0625070507,0.07551755663,0.014994033189610146,0.03926138774,0.01187743116,0.03249721871,0.03926138774,0.014993420887017392,0.03926112153,0.01187713884,0.03249703809,0.03926112153,3.6342479018081338e-09,2.1073424255447017e-08,0.0,1.4901161193847656e-08,2.1073424255447017e-08,8.64047362863768e-05,0.0002427793862,8.849056554e-05,0.0001366784552,0.0002427793862
3:32,58,0.0,0.0,0.0,0.0,0.0,3.0568644844038333e-10,6.721549560697611e-10,3.128374822879518e-10,5.201619649575062e-10,6.721549560697611e-10,0.03132204623256896,0.09495610061,0.02638566277,0.06010048649,0.09495610061,0.03132130484594828,0.09495546029,0.02638540075,0.06010006901,0.09495546029,0.016284142636913794,0.04936710313,0.01371774669,0.03124587989,0.04936710313,0.016283757195051724,0.04936677023,0.01371761047,0.03124566285,0.04936677023,3.70325034095632e-09,2.1073424255447017e-08,0.0,1.4901161193847656e-08,2.1073424255447017e-08,8.48528810846724e-05,0.0002004662113,8.419562091e-05,0.0001551453576,0.0002004662113
3:33,83,0.0,0.0,0.0,0.0,0.0,2.929088894069906e-10,6.291169859996862e-10,2.8847730072161193e-10,4.961848648587134e-10,6.291169859996862e-10,0.029865196030541205,0.1157424409,0.02626223126,0.05882137793,0.1157424409,0.02986229684572542,0.1157415659,0.02626201963,0.05882097983,0.1157415659,0.015526735016905662,0.06017379588,0.0136535754,0.03058087908,0.06017379588,0.015525227748712409,0.06017334099,0.01365346537,0.03058067211,0.06017334099,3.918902544506018e-09,2.1073424255447017e-08,0.0,1.4901161193847656e-08,2.1073424255447017e-08,8.860327946222892e-05,0.000227237395,7.890623273e-05,0.0001444318516,0.000227237395
3:34,69,0.0,0.0,0.0,0.0,0.0,2.843289807011826e-10,6.160522222658518e-10,2.967312496192645e-10,4.739811899811986e-10,6.160522222658518e-10,0.029007883249398552,0.1040825526,0.02677253015,0.05750918011,0.1040825526,0.029007041427150725,0.1040819859,0.0267722703,0.05750877471,0.1040819859,0.015081023280863769,0.05411189037,0.01391887671,0.02989867536,0.05411189037,0.015080585622889855,0.05411159576,0.01391874161,0.02989846459,0.05411159576,5.4513718527122e-09,2.1073424255447017e-08,0.0,1.4901161193847656e-08,2.1073424255447017e-08,8.312888673324638e-05,0.0001964222661,7.855057341e-05,0.0001347057844,0.0001964222661
3:35,62,0.0,0.0,0.0,0.0,0.0,2.558099288857809e-10,5.968875194387808e-10,2.3695175323464505e-10,5.133417107854782e-10,5.968875194387808e-10,0.024144775486337096,0.08641306226,0.02074874212,0.05083976049,0.08641306226,0.024142098472035484,0.08641193399,0.02074513272,0.05083939154,0.08641193399,0.012552722929646773,0.0449256291,0.0107871457,0.02643128438,0.0449256291,0.012551331167000001,0.04492504252,0.01078526919,0.02643109257,0.04492504252,5.445378021245132e-09,2.1073424255447017e-08,0.0,1.4901161193847656e-08,2.1073424255447017e-08,8.193025719659678e-05,0.0002245852098,7.118110018e-05,0.000133197375,0.0002245852098
3:36,74,0.0,0.0,0.0,0.0,0.0,2.531423123772735e-10,5.22603526364063e-10,2.6733330149267214e-10,4.5934528443804643e-10,5.22603526364063e-10,0.027244023596883785,0.09408983962,0.02466643592,0.05129095948,0.09408983962,0.027241653054454057,0.09408924202,0.02466605653,0.05129037706,0.09408924202,0.01416400330205,0.04891673927,0.01282393104,0.02666586001,0.04891673927,0.014162770871604053,0.04891642859,0.0128237338,0.02666555722,0.04891642859,4.9650778338499124e-09,2.1073424255447017e-08,0.0,1.4901161193847656e-08,2.1073424255447017e-08,8.458579238094594e-05,0.0002282240041,7.580689515e-05,0.0001473690732,0.0002282240041
3:37,73,0.0,0.0,0.0,0.0,0.0,2.351876777081621e-10,5.318457871510399e-10,2.0147752516721585e-10,4.681220808015808e-10,5.318457871510399e-10,0.02598653931550685,0.08710843915,0.02383583273,0.04931875846,0.08710843915,0.02598534258531507,0.08710776882,0.02383373079,0.04931833202,0.08710776882,0.013510244819847944,0.04528715134,0.01239210546,0.02564052461,0.04528715134,0.013509622646434247,0.04528680284,0.01239101267,0.02564030291,0.04528680284,5.645469086115568e-09,2.1073424255447017e-08,0.0,1.4901161193847656e-08,2.1073424255447017e-08,7.984698201364383e-05,0.0001902605344,7.362440423e-05,0.0001211533933,0.0001902605344
3:38,62,0.0,0.0,0.0,0.0,0.0,2.642042298125353e-10,6.684272354038222e-10,2.4676827778204765e-10,4.5403456766582336e-10,6.684272354038222e-10,0.028308980635903227,0.06346182937,0.02583303315,0.0503564793,0.06346182937,0.028308196260741932,0.06346132225,0.02583282874,0.05035616213,0.06346132225,0.014717668034329032,0.03299342175,0.01343043789,0.02618002941,0.03299342175,0.014717260241537097,0.0329931581,0.01343033162,0.02617986452,0.0329931581,4.9646954020887566e-09,2.1073424255447017e-08,0.0,1.4901161193847656e-08,2.1073424255447017e-08,7.449322340883872e-05,0.0001948259457,6.805890175e-05,0.0001274322546,0.0001948259457
3:39,64,2.3283064365386963e-10,1.4901161193847656e-08,0.0,0.0,1.4901161193847656e-08,2.759052893930544e-10,6.164087122575927e-10,2.2259436563357856e-10,4.89955655299468e-10,6.164087122575927e-10,0.02286101604276094,0.06720289261,0.01752199171,0.05240007787,0.06720289261,0.02285992609323594,0.0672022012,0.01752190626,0.05239963538,0.0672022012,0.011885304149623438,0.03493837793,0.009109577648,0.02724248397,0.03493837793,0.011884737491520313,0.03493801847,0.009109533224,0.02724225392,0.03493801847,4.6566128730773926e-09,1.4901161193847656e-08,0.0,1.4901161193847656e-08,1.4901161193847656e-08,7.40405362690625e-05,0.000172948435,5.9491667e-05,0.0001392237461,0.000172948435
3:40,75,1.986821492513021e-10,1.4901161193847656e-08,0.0,0.0,1.4901161193847656e-08,2.7103466816264974e-10,6.043379684017839e-10,2.351917234808589e-10,4.67686516022884e-10,6.043379684017839e-10,0.030185147549114662,0.1037835076,0.02760658257,0.05670880523,0.1037835076,0.030184163275790668,0.1037828236,0.02760620401,0.05670817645,0.1037828236,0.015693075878865335,0.05395641868,0.01435249552,0.02948256529,0.05395641868,0.01569256416120667,0.05395606308,0.01435229871,0.0294822384,0.05395606308,5.131647412925202e-09,2.1073424255447017e-08,0.0,1.4901161193847656e-08,2.1073424255447017e-08,8.38589095704e-05,0.0002014027186,8.229432957e-05,0.0001338858405,0.0002014027186
3:41,52,2.86560792189378e-10,1.4901161193847656e-08,0.0,0.0,1.4901161193847656e-08,2.7516534802213723e-10,5.589241950558604e-10,2.3735892499957727e-10,4.417714216716833e-10,5.589241950558604e-10,0.024763738262198076,0.07692440967,0.02127765139,0.05164657321,0.07692440967,0.024762178864223074,0.07692385187,0.0212773366,0.05164621576,0.07692385187,0.012874517938501924,0.03999253593,0.01106212243,0.02685074144,0.03999253593,0.012873707216719231,0.03999224593,0.01106195877,0.02685055561,0.03999224593,4.29841188284067e-09,1.4901161193847656e-08,0.0,1.4901161193847656e-08,1.4901161193847656e-08,7.377826954173077e-05,0.0002025693299,6.598379553e-05,0.0001153500198,0.0002025693299
3:42,81,0.0,0.0,0.0,0.0,0.0,2.896318172060462e-10,7.174475384254098e-10,2.7610290234962845e-10,4.671972130935068e-10,7.174475384254098e-10,0.02684971715698395,0.08605941358,0.02370495533,0.05166484357,0.08605941358,0.026848226632179013,0.08605886432,0.02370471888,0.05166453764,0.08605886432,0.013959005766006172,0.04474176928,0.01232406309,0.02686024009,0.04474176928,0.013958230850648148,0.04474148373,0.01232394016,0.02686008104,0.04474148373,3.4460408466040498e-09,2.580956827951785e-08,0.0,1.4901161193847656e-08,2.580956827951785e-08,7.985050261462963e-05,0.0001873445067,7.182752001e-05,0.0001294281409,0.0001873445067
3:43,73,0.0,0.0,0.0,0.0,0.0,3.8495762674669014e-10,6.502811520026802e-10,3.891367914484551e-10,5.790978199179055e-10,6.502811520026802e-10,0.025906779010553424,0.1200846125,0.0239161711,0.05519123217,0.1200846125,0.02590585597708219,0.1200837313,0.02391576706,0.0551903719,0.1200837313,0.01346877791979726,0.0624312647,0.01243387289,0.02869358822,0.0624312647,0.013468298039901369,0.06243080654,0.01243366283,0.02869314098,0.06243080654,4.455738509506843e-09,2.1073424255447017e-08,0.0,1.4901161193847656e-08,2.1073424255447017e-08,7.685460432524658e-05,0.0002320462652,7.18742029e-05,0.0001472095693,0.0002320462652
3:44,63,0.0,0.0,0.0,0.0,0.0,4.0140753136949265e-10,7.105056226372929e-10,3.862147963185471e-10,6.037402226902868e-10,7.105056226372929e-10,0.02569924361179365,0.06655339997,0.02053018176,0.05427390719,0.06655339997,0.025698499422079368,0.06655290322,0.0205300692,0.05427358074,0.06655290322,0.013360881519053968,0.03460071063,0.01067351749,0.02821667651,0.03460071063,0.01336049461935238,0.03460045237,0.01067345897,0.02821650679,0.03460045237,3.132233706523333e-09,2.1073424255447017e-08,0.0,1.4901161193847656e-08,2.1073424255447017e-08,7.281844659953969e-05,0.0002039644657,6.260020383e-05,0.000135819054,0.0002039644657
3:45,69,4.319177157637002e-10,1.4901161193847656e-08,0.0,0.0,1.4901161193847656e-08,4.099098568542362e-10,6.529691206789485e-10,4.367712907534251e-10,5.783226929552661e-10,6.529691206789485e-10,0.030968296572724638,0.08272782761,0.02488078097,0.06785838472,0.08272782761,0.030967781242695655,0.08272731899,0.02488040911,0.06785792613,0.08272731899,0.016100230325927535,0.04300969786,0.01293536773,0.03527916432,0.04300969786,0.016099962408910144,0.04300943343,0.01293517441,0.0352789259,0.04300943343,4.892948366915916e-09,2.1073424255447017e-08,0.0,1.4901161193847656e-08,2.1073424255447017e-08,7.709380553492753e-05,0.0001672910571,7.066384382e-05,0.0001313889946,0.0001672910571
3:46,77,0.0,0.0,0.0,0.0,0.0,3.9211204859389743e-10,7.25432930631581e-10,3.8637327258994093e-10,6.275873796508806e-10,7.25432930631581e-10,0.031593907129194805,0.1046538184,0.0275590089,0.0623676389,0.1046538184,0.03159288542736363,0.1046530706,0.02755883617,0.06236700659,0.1046530706,0.01642548147569091,0.05440888801,0.01432776226,0.03242455874,0.05440888801,0.016424950298823376,0.05440849924,0.01432767246,0.03242423,0.05440849924,3.997546947136402e-09,2.1073424255447017e-08,0.0,1.4901161193847656e-08,2.1073424255447017e-08,8.392056983584416e-05,0.0002003044404,7.576922073e-05,0.0001372492782,0.0002003044404
3:47,56,0.0,0.0,0.0,0.0,0.0,3.9031340428257963e-10,7.099356442668788e-10,3.742545702240997e-10,6.386583041578211e-10,7.099356442668788e-10,0.024480927304857143,0.1074957424,0.01897170056,0.05056018857,0.1074957424,0.024480099600446427,0.1074950455,0.01897137284,0.05055976948,0.1074950455,0.012727486229714285,0.05588638713,0.009863272524,0.02628593663,0.05588638713,0.01272705591169107,0.05588602484,0.009863102146,0.02628571875,0.05588602484,4.322039412366302e-09,2.1073424255447017e-08,0.0,1.4901161193847656e-08,2.1073424255447017e-08,7.188399820775e-05,0.0002071032428,6.968338242e-05,0.000121728901,0.0002071032428
3:48,61,2.442813310466829e-10,1.4901161193847656e-08,0.0,0.0,1.4901161193847656e-08,2.997042747027683e-10,5.546696329139244e-10,2.863328539350569e-10,4.807898893153453e-10,5.546696329139244e-10,0.02363730294080459,0.06649832053,0.0238935883,0.05024536474,0.06649832053,0.023635054410945246,0.06649788979,0.02389267577,0.05024493449,0.06649788979,0.012288891019202459,0.03457207516,0.01242213223,0.02612226162,0.03457207516,0.012287722022225707,0.03457185122,0.01242165781,0.02612203794,0.03457185122,4.843714570595151e-09,2.1073424255447017e-08,0.0,1.4901161193847656e-08,2.1073424255447017e-08,7.123735582622952e-05,0.000145160952,7.173674984e-05,0.0001078970816,0.000145160952
3:49,69,0.0,0.0,0.0,0.0,0.0,2.826288475750842e-10,5.954261982915298e-10,2.863426705399664e-10,4.901672185218044e-10,5.954261982915298e-10,0.02275643687667145,0.07756385844,0.02046746177,0.04683787311,0.07756385844,0.02275513270995826,0.07756344567,0.02046693785,0.04683719498,0.07756344567,0.011830934073202754,0.04032498148,0.01064090974,0.02435072731,0.04032498148,0.011830256045132898,0.04032476689,0.01064063736,0.02435037475,0.04032476689,5.324866082679616e-09,2.1073424255447017e-08,0.0,1.4901161193847656e-08,2.1073424255447017e-08,6.933622495413044e-05,0.0001601714818,6.474406898e-05,0.0001192276865,0.0001601714818
3:50,75,1.986821492513021e-10,1.4901161193847656e-08,0.0,0.0,1.4901161193847656e-08,2.7589792007851065e-10,6.214353615472595e-10,2.1933875634528927e-10,4.993518533473041e-10,6.214353615472595e-10,0.028892580871008,0.09056323794,0.02499842898,0.05552423801,0.09056323794,0.028890938177581333,0.09056259833,0.02499810915,0.05552377388,0.09056259833,0.015021078271205334,0.04708328036,0.01299653222,0.02886671595,0.04708328036,0.015020224243757332,0.04708294783,0.01299636595,0.02886647465,0.04708294783,4.021851358238714e-09,2.1073424255447017e-08,0.0,1.4901161193847656e-08,2.1073424255447017e-08,8.989403504066667e-05,0.0002129243748,8.664926963e-05,0.0001452244351,0.0002129243748
3:51,72,2.06960572136773e-10,1.4901161193847656e-08,0.0,0.0,1.4901161193847656e-08,2.8763481698351207e-10,5.873573701863487e-10,2.5275442609172894e-10,4.876779504380433e-10,5.873573701863487e-10,0.028358992001291668,0.07549318221,0.02797450411,0.0547502407,0.07549318221,0.0283582978805,0.07549260502,0.02797378046,0.05474970652,0.07549260502,0.014743668640383333,0.03924844942,0.01454377571,0.02846431943,0.03924844942,0.0147433077714375,0.03924814934,0.01454339949,0.02846404171,0.03924814934,3.6542726576105547e-09,2.1073424255447017e-08,0.0,1.4901161193847656e-08,2.1073424255447017e-08,8.3134524245375e-05,0.000171746349,8.478094334e-05,0.0001382519096,0.000171746349
3:52,67,0.0,0.0,0.0,0.0,0.0,2.622539429540699e-10,6.469432667286157e-10,2.5343626153976356e-10,4.723073458427076e-10,6.469432667286157e-10,0.024075681206997015,0.09470788755,0.02137909346,0.04912289031,0.09470788755,0.024074399774067164,0.09470729684,0.02137898929,0.04912220608,0.09470729684,0.012516801231785075,0.04923805866,0.01111486155,0.02553869395,0.04923805866,0.01251613502298209,0.04923775155,0.01111480739,0.02553833822,0.04923775155,4.762636539289555e-09,2.1073424255447017e-08,0.0,1.4901161193847656e-08,2.1073424255447017e-08,7.625005941477613e-05,0.0001783501722,7.180865252e-05,0.0001234792552,0.0001783501722
3:53,62,0.0,0.0,0.0,0.0,0.0,2.737045279754369e-10,6.746445188397935e-10,2.726429562719616e-10,4.865694315877386e-10,6.746445188397935e-10,0.02407795401347097,0.09335549792,0.01932927852,0.04907128184,0.09335549792,0.024077110992369352,0.09335475784,0.01932850441,0.04907078417,0.09335475784,0.01251798285032258,0.04853495946,0.01004917515,0.02551186301,0.04853495946,0.012517544568714517,0.0485345747,0.01004877269,0.02551160428,0.0485345747,3.7046722736986163e-09,2.1073424255447017e-08,0.0,1.4901161193847656e-08,2.1073424255447017e-08,7.041204707064517e-05,0.000188732532,6.311556706e-05,0.0001139243242,0.000188732532
3:54,57,0.0,0.0,0.0,0.0,0.0,2.8558499631360286e-10,6.373025825754268e-10,2.893792690758084e-10,4.416496696557255e-10,6.373025825754268e-10,0.01895721022091228,0.06864610971,0.01526481068,0.03570525547,0.06864610971,0.01895631618559123,0.06864524325,0.01526464949,0.03570481549,0.06864524325,0.009855739083894737,0.03568869778,0.007936082867,0.01856294665,0.03568869778,0.009855274280621053,0.03568824732,0.007935999067,0.0185627179,0.03568824732,3.9847902789239524e-09,2.1073424255447017e-08,0.0,1.4901161193847656e-08,2.1073424255447017e-08,6.920656340864912e-05,0.000220553162,5.822223875e-05,0.0001311051408,0.000220553162
3:55,69,0.0,0.0,0.0,0.0,0.0,2.936370281787501e-10,5.758468101227886e-10,2.975498464798332e-10,4.984008471695568e-10,5.758468101227886e-10,0.026570212698852173,0.0795182618,0.0223088061,0.04981865388,0.0795182618,0.02656902925986377,0.07951759355,0.02230855294,0.04981827614,0.07951759355,0.013813693086307246,0.04134106398,0.01159821354,0.02590041722,0.04134106398,0.013813077823153623,0.04134071656,0.01159808192,0.02590022084,0.04134071656,4.066165617571834e-09,2.1073424255447017e-08,0.0,1.4901161193847656e-08,2.1073424255447017e-08,7.573746175485508e-05,0.0001720351317,6.464361083e-05,0.0001315199736,0.0001720351317
3:56,67,0.0,0.0,0.0,0.0,0.0,2.7799920904452416e-10,6.415724892550889e-10,2.6153515069346305e-10,4.994195886383996e-10,6.415724892550889e-10,0.026226384498516418,0.0680135313,0.02150932356,0.05818748308,0.0680135313,0.026224074754078508,0.06801294151,0.02150876533,0.05818696601,0.06801294151,0.013634938881456716,0.03535982409,0.01118256739,0.03025132097,0.03535982409,0.013633738059374328,0.03535951746,0.01118227717,0.03025105215,0.03535951746,4.4639136835411135e-09,2.1073424255447017e-08,0.0,1.4901161193847656e-08,2.1073424255447017e-08,7.581937597431344e-05,0.0001592570582,7.660433494e-05,0.0001313541003,0.0001592570582
3:57,74,2.0136704316010347e-10,1.4901161193847656e-08,0.0,0.0,1.4901161193847656e-08,2.865358286109457e-10,6.321827174403686e-10,2.5747928687769683e-10,5.036657450770877e-10,6.321827174403686e-10,0.02838238186323378,0.09647970622,0.0235271465,0.06280371967,0.09647970622,0.02838087047874865,0.0964790196,0.02352643803,0.0628032113,0.0964790196,0.014755828888929729,0.05015921648,0.01223162135,0.0326512745,0.05015921648,0.014755043129044595,0.05015885952,0.01223125302,0.03265101019,0.05015885952,3.874833657757511e-09,2.1073424255447017e-08,0.0,1.4901161193847656e-08,2.1073424255447017e-08,7.942846307005405e-05,0.0001941682877,7.00824566e-05,0.000146641219,0.0001941682877
3:58,66,0.0,0.0,0.0,0.0,0.0,2.7828065433036433e-10,6.226754635633901e-10,2.6526424884855754e-10,4.903680673188085e-10,6.226754635633901e-10,0.027087014272692424,0.0969169949,0.02137297304,0.06314066156,0.0969169949,0.027085316917777272,0.09691623831,0.02137258403,0.0631400544,0.09691623831,0.01408237510298485,0.05038656023,0.01111167958,0.03282644855,0.05038656023,0.014081492658277272,0.05038616688,0.01111147734,0.03282613289,0.05038616688,3.441409786343413e-09,2.1073424255447017e-08,0.0,1.4901161193847656e-08,2.1073424255447017e-08,7.70522501965e-05,0.0002043076903,7.393245479e-05,0.0001415889127,0.0002043076903
3:59,60,0.0,0.0,0.0,0.0,0.0,2.6585684779097476e-10,6.219128917674501e-10,2.376471388478298e-10,4.465718953827705e-10,6.219128917674501e-10,0.026938813437248334,0.08262760785,0.02270805868,0.0516826194,0.08262760785,0.026937844016655,0.08262701686,0.02270784997,0.05168220888,0.08262701686,0.014005326383598334,0.04295759421,0.01180578254,0.02686948164,0.04295759421,0.014004822387805002,0.04295728696,0.01180567404,0.02686926821,0.04295728696,4.7789615112342644e-09,2.1073424255447017e-08,0.0,1.4901161193847656e-08,2.1073424255447017e-08,7.790843470816667e-05,0.0002241021713,6.997756488e-05,0.0001299144936,0.0002241021713
3:60,71,0.0,0.0,0.0,0.0,0.0,2.5627807721308215e-10,5.584141119942739e-10,2.4763387873625995e-10,4.463848955454999e-10,5.584141119942739e-10,0.025348645366295774,0.06739193321,0.02558498026,0.05142206781,0.06739193321,0.025347568503704225,0.06739150042,0.02558465418,0.05142168204,0.06739150042,0.013178607608607043,0.035036659,0.01330147669,0.02673402244,0.035036659,0.013178047754411266,0.03503643399,0.01330130717,0.02673382188,0.03503643399,5.507687591985767e-09,2.1073424255447017e-08,0.0,1.4901161193847656e-08,2.1073424255447017e-08,8.045166610816902e-05,0.0001970424852,7.906003006e-05,0.0001246428461,0.0001970424852
3:61,66,0.0,0.0,0.0,0.0,0.0,3.734628760463671e-10,7.143593124340006e-10,3.6554304306622847e-10,5.940050900786282e-10,7.143593124340006e-10,0.02524001251921212,0.07288784491,0.01942270227,0.05449694285,0.07288784491,0.025239014835889393,0.07288734154,0.01942253801,0.05449603965,0.07288734154,0.013122130047998939,0.03789395029,0.01009774559,0.0283326314,0.03789395029,0.013121611358260605,0.03789368859,0.01009766019,0.02833216183,0.03789368859,6.805345782667161e-09,2.1073424255447017e-08,0.0,2.1073424255447017e-08,2.1073424255447017e-08,7.7217567255e-05,0.0001813090688,7.279786883e-05,0.0001312910001,0.0001813090688
3:62,61,2.442813310466829e-10,1.4901161193847656e-08,0.0,0.0,1.4901161193847656e-08,3.5254037465798813e-10,6.657461790023153e-10,3.4147519861759204e-10,5.669935327165512e-10,6.657461790023153e-10,0.029050251215953934,0.08639427414,0.02430513973,0.06159328015,0.08639427414,0.029047227397163606,0.08639354357,0.02430479423,0.06159285205,0.08639354357,0.015103050130604591,0.04491586127,0.01263609533,0.0320219743,0.04491586127,0.015101478065441968,0.04491548145,0.01263591571,0.03202175173,0.04491548145,3.866589246408419e-09,2.1073424255447017e-08,0.0,1.4901161193847656e-08,2.1073424255447017e-08,8.186611565577049e-05,0.0001890088588,7.690917607e-05,0.0001371420987,0.0001890088588
3:63,68,0.0,0.0,0.0,0.0,0.0,3.670322324477941e-10,7.031907574008641e-10,3.618153988878481e-10,6.164592224793099e-10,7.031907574008641e-10,0.023271282199233825,0.07391357195,0.02040813109,0.046256368,0.07391357195,0.02326854964732794,0.07391287729,0.02040718428,0.04625599934,0.07391287729,0.012098599046560294,0.03842721958,0.01061006408,0.02404840632,0.03842721958,0.0120971784091125,0.03842685844,0.01060957184,0.02404821465,0.03842685844,4.473463043214007e-09,2.1073424255447017e-08,0.0,1.4901161193847656e-08,2.1073424255447017e-08,7.532724662492647e-05,0.0001634887189,7.689737703e-05,0.000112114704,0.0001634887189
3:64,69,0.0,0.0,0.0,0.0,0.0,3.8907867096313337e-10,7.20767088811514e-10,4.005996166828986e-10,6.179140508169246e-10,7.20767088811514e-10,0.03083807593503768,0.08150436415,0.0286861143,0.05848913096,0.08150436415,0.030837297007491306,0.08150376722,0.02868558353,0.05848869074,0.08150376722,0.016032529402618838,0.0423736266,0.01491373755,0.03040814589,0.0423736266,0.016032124443028983,0.04237331626,0.0149134616,0.03040791702,0.04237331626,5.466719576194831e-09,2.1073424255447017e-08,0.0,2.1073424255447017e-08,2.1073424255447017e-08,8.17547256926087e-05,0.0001588447758,8.404729679e-05,0.0001262453833,0.0001588447758
3:65,74,2.0136704316010347e-10,1.4901161193847656e-08,0.0,0.0,1.4901161193847656e-08,4.1847973161958813e-10,8.73105896128099e-10,4.260837193638736e-10,6.303953500992893e-10,8.73105896128099e-10,0.028938227142729728,0.1112219919,0.02305413686,0.05848105121,0.1112219919,0.028937657266364863,0.111221223,0.02305371838,0.05848073497,0.111221223,0.015044809491475677,0.05782364175,0.0119857065,0.03040394527,0.05782364175,0.015044513217064865,0.05782324203,0.01198548893,0.03040378086,0.05782324203,5.166444877010016e-09,2.1073424255447017e-08,0.0,1.4901161193847656e-08,2.1073424255447017e-08,7.388822107533784e-05,0.0002090431308,6.981414911e-05,0.0001290354489,0.0002090431308
3:66,58,2.569165723077182e-10,1.4901161193847656e-08,0.0,0.0,1.4901161193847656e-08,2.6721722184290315e-10,6.044203874070442e-10,2.1326558461858134e-10,5.075031339141185e-10,6.044203874070442e-10,0.02387135826867586,0.07365012246,0.02219670616,0.05330104003,0.07365012246,0.023870417165243105,0.07364962604,0.02219626581,0.05330070453,0.07364962604,0.012410574970275862,0.03829025379,0.01153993345,0.02771088875,0.03829025379,0.012410085696272413,0.0382899957,0.01153970452,0.02771071433,0.0382899957,3.960166913264038e-09,2.1073424255447017e-08,0.0,1.4901161193847656e-08,2.1073424255447017e-08,7.417176912315517e-05,0.0001872170355,7.041949193e-05,0.0001419250232,0.0001872170355
3:67,68,0.0,0.0,0.0,0.0,0.0,2.6910606048418106e-10,5.877299682601772e-10,2.337282102185616e-10,4.7817877310613e-10,5.877299682601772e-10,0.03265921309192794,0.1085030337,0.02868493169,0.0630202224,0.1085030337,0.032658068923085294,0.1085022882,0.02868448471,0.06301973471,0.1085022882,0.01697932761049853,0.0564100718,0.01491312272,0.03276383296,0.0564100718,0.016978732764579414,0.05640968423,0.01491289033,0.03276357941,0.05640968423,4.035193596336135e-09,2.1073424255447017e-08,0.0,1.4901161193847656e-08,2.1073424255447017e-08,9.088328006063235e-05,0.0002078342382,8.650582265e-05,0.0001646748482,0.0002078342382
3:68,58,0.0,0.0,0.0,0.0,0.0,2.4865871183620255e-10,5.501155978802536e-10,2.178064515821283e-10,4.655613144751111e-10,5.501155978802536e-10,0.0237172464263131,0.07715213001,0.01797505444,0.05294546314,0.07715213001,0.02371449965691707,0.07715162254,0.01797494777,0.05294513515,0.07715162254,0.01233045315412793,0.04011092636,0.009345122228,0.02752602647,0.04011092636,0.012329025126372413,0.04011066253,0.009345066768,0.02752585595,0.04011066253,5.608084675758612e-09,2.1073424255447017e-08,0.0,1.4901161193847656e-08,2.1073424255447017e-08,7.746830907412069e-05,0.0001864355348,6.684161808e-05,0.0001333871359,0.0001864355348
3:69,73,0.0,0.0,0.0,0.0,0.0,3.0047204264461464e-10,6.364905184570467e-10,2.84097717683793e-10,5.008021270120383e-10,6.364905184570467e-10,0.025671367377724658,0.09361070434,0.02171651549,0.05499621276,0.09361070434,0.025670504828736986,0.09360995112,0.02171629051,0.05499586085,0.09360995112,0.013346388833186302,0.04866763974,0.01129028523,0.02859219881,0.04866763974,0.013345940399727398,0.04866724814,0.01129016826,0.02859201586,0.04866724814,3.78866676033259e-09,2.580956827951785e-08,0.0,1.4901161193847656e-08,2.580956827951785e-08,7.459784573958904e-05,0.0001906484726,7.440708446e-05,0.0001211706585,0.0001906484726
3:70,65,0.0,0.0,0.0,0.0,0.0,2.7298978376347565e-10,6.521310348725982e-10,2.6707357048067405e-10,4.3472253853331687e-10,6.521310348725982e-10,0.0328481358318,0.1076355379,0.02735211935,0.06428320861,0.1076355379,0.03284713152775385,0.1076347358,0.02735198447,0.06428256011,0.1076347358,0.01707754740200923,0.05595906598,0.01422020163,0.03342045186,0.05595906598,0.017077025270190924,0.055958649,0.01422013151,0.0334201147,0.055958649,3.897226773775541e-09,1.4901161193847656e-08,0.0,1.4901161193847656e-08,1.4901161193847656e-08,8.787033572938461e-05,0.0002102244064,8.043367862e-05,0.000141188147,0.0002102244064
3:71,63,0.0,0.0,0.0,0.0,0.0,2.481186560903242e-10,5.701881946658085e-10,1.9023938960540065e-10,5.034282783842418e-10,5.701881946658085e-10,0.03219453608812381,0.1029799979,0.02967022352,0.06670220954,0.1029799979,0.03219358513098412,0.1029792183,0.02966890879,0.06670169492,0.1029792183,0.016737744842349207,0.05353867884,0.01542536998,0.03467807583,0.05353867884,0.01673725044619206,0.05353827358,0.01542468647,0.03467780828,0.05353827358,4.787918283617516e-09,2.1073424255447017e-08,0.0,1.4901161193847656e-08,2.1073424255447017e-08,8.740085377244445e-05,0.0002409251028,7.970774173e-05,0.0001433678526,0.0002409251028
4:0,72,0.0,0.0,0.0,0.0,0.0,2.0645915153491098e-10,5.819518609137488e-10,1.8777108733506913e-10,3.901986438150094e-10,5.819518609137488e-10,0.025567721389130556,0.07354053467,0.02154313296,0.05461234399,0.07354053467,0.025566639782130557,0.07353997916,0.02154286614,0.05461201899,0.07353997916,0.013292503910006111,0.03823327976,0.0112001447,0.02839262776,0.03823327976,0.013291941588678333,0.03823299095,0.01120000598,0.02839245879,0.03823299095,4.224937318591007e-09,2.1073424255447017e-08,0.0,1.4901161193847656e-08,2.1073424255447017e-08,6.992978938976388e-05,0.0001470476283,6.621804765e-05,0.0001153015525,0.0001470476283
4:1,62,0.0,0.0,0.0,0.0,0.0,2.422067936165271e-10,7.028401469993842e-10,2.0560205593341304e-10,4.634032279654678e-10,7.028401469993842e-10,0.025143499045049998,0.06685184368,0.0252577413,0.04508902993,0.06685184368,0.0251423846723629,0.0668511514,0.02525707923,0.04508875343,0.0668511514,0.013071953275383871,0.03475586971,0.01313134713,0.0234415143,0.03475586971,0.013071373920035484,0.0347555098,0.01313100293,0.02344137055,0.0347555098,5.163800662140349e-09,2.1073424255447017e-08,0.0,1.4901161193847656e-08,2.1073424255447017e-08,7.643453820501612e-05,0.0001609922078,7.435271212e-05,0.0001190367499,0.0001609922078
4:2,77,0.0,0.0,0.0,0.0,0.0,3.1231517313757155e-10,6.550349779871436e-10,3.023699858179243e-10,5.413458646458298e-10,6.550349779871436e-10,0.025231153599850648,0.08514694634,0.02276495406,0.05186435088,0.08514694634,0.02523009369208961,0.08514644987,0.02276398736,0.05186407694,0.08514644987,0.01311752434936857,0.04426738308,0.0118353621,0.02696396274,0.04426738308,0.013116973309754415,0.04426712497,0.01183485953,0.02696382032,0.04426712497,3.450185278163752e-09,2.1073424255447017e-08,0.0,1.4901161193847656e-08,2.1073424255447017e-08,7.472941732141558e-05,0.0001579233951,7.938094588e-05,0.0001121979813,0.0001579233951
4:3,63,0.0,0.0,0.0,0.0,0.0,2.7504618000125973e-10,6.711984964730426e-10,2.5143457801589233e-10,4.983983778336751e-10,6.711984964730426e-10,0.029356246990761906,0.08431465722,0.02787746335,0.05075787412,0.08431465722,0.029355679477158732,0.08431401986,0.02787729207,0.05075752225,0.08431401986,0.015262135486141271,0.04383468099,0.0144933248,0.02638871216,0.04383468099,0.01526184043891746,0.04383434963,0.01449323576,0.02638852922,0.04383434963,5.024444651773828e-09,2.1073424255447017e-08,0.0,1.4901161193847656e-08,2.1073424255447017e-08,7.379317258780953e-05,0.0001668231957,7.32598462e-05,0.0001232080327,0.0001668231957
4:4,63,0.0,0.0,0.0,0.0,0.0,3.173866023691831e-10,6.486967370328172e-10,3.128532552140153e-10,5.135861623280009e-10,6.486967370328172e-10,0.025889219196126984,0.09035577408,0.0196955087,0.05614391557,0.09035577408,0.025888267307125398,0.09035530965,0.01969501595,0.0561434906,0.09035530965,0.01345964867766984,0.04697542116,0.010239576,0.02918888257,0.04697542116,0.013459153795998413,0.0469751797,0.01023931983,0.02918866163,0.0469751797,4.787918283617516e-09,2.1073424255447017e-08,0.0,1.4901161193847656e-08,2.1073424255447017e-08,7.835156588873016e-05,0.0001771819533,7.575361986e-05,0.0001376617977,0.0001771819533
4:5,66,0.0,0.0,0.0,0.0,0.0,2.696451179851315e-10,6.455783625914932e-10,2.386200558918795e-10,4.943835865505844e-10,6.455783625914932e-10,0.02809295538373182,0.09722887272,0.02513492117,0.05507256634,0.09722887272,0.028091950374913636,0.09722811071,0.02513471667,0.05507198703,0.09722811071,0.014605357810325759,0.05054870362,0.01306749369,0.02863189458,0.05054870362,0.01460483531203485,0.05054830746,0.01306738737,0.0286315934,0.05054830746,5.512123207787017e-09,2.1073424255447017e-08,0.0,1.4901161193847656e-08,2.1073424255447017e-08,8.35919899308788e-05,0.0002318857695,7.684622882e-05,0.0001465240789,0.0002318857695
4:6,66,0.0,0.0,0.0,0.0,0.0,2.928724296187582e-10,5.556068768064504e-10,2.8136539270515184e-10,4.6107905780011086e-10,5.556068768064504e-10,0.02308485405806364,0.05514929245,0.01921843853,0.04999503973,0.05514929245,0.023083964871807576,0.05514892875,0.01921763054,0.04999460923,0.05514892875,0.012001676182687878,0.02867178402,0.009991550102,0.02599211917,0.02867178402,0.012001213899893939,0.02867159493,0.009991130034,0.02599189535,0.02867159493,5.0218359735696795e-09,2.1073424255447017e-08,0.0,1.4901161193847656e-08,2.1073424255447017e-08,7.187235328783333e-05,0.0001815783725,6.970239036e-05,0.0001203173571,0.0001815783725
4:7,62,0.0,0.0,0.0,0.0,0.0,4.4670917168728113e-10,7.740594458974441e-10,4.6485569208830753e-10,6.562397673108785e-10,7.740594458974441e-10,0.03082436944464355,0.08424608591,0.02774892368,0.0617282989,0.08424608591,0.03082093745318387,0.08424560572,0.02774866322,0.06172777733,0.08424560572,0.016025403482171935,0.04379903118,0.01442649781,0.03209216973,0.04379903118,0.016023619209372904,0.04379878153,0.01442636239,0.03209189857,0.04379878153,3.903777533750208e-09,2.1073424255447017e-08,0.0,1.4901161193847656e-08,2.1073424255447017e-08,7.995069862564516e-05,0.0001512297738,7.544362408e-05,0.0001314257236,0.0001512297738
4:8,68,0.0,0.0,0.0,0.0,0.0,4.251678755836801e-10,7.417456611412097e-10,4.260485577664998e-10,5.978017284907159e-10,7.417456611412097e-10,0.027476295832122497,0.07999389146,0.01947116453,0.06031813679,0.07999389146,0.027475576030662793,0.07999344192,0.01947050433,0.0603177634,0.07999344192,0.014284760234623089,0.04158834097,0.01012294083,0.03135903497,0.04158834097,0.014284386014059559,0.04158810726,0.01012259759,0.03135884085,0.04158810726,3.211825702447308e-09,2.1073424255447017e-08,0.0,1.4901161193847656e-08,2.1073424255447017e-08,7.601810763570588e-05,0.0001828870995,6.916369274e-05,0.0001424178254,0.0001828870995
4:9,66,0.0,0.0,0.0,0.0,0.0,3.7118262197790045e-10,7.098458809781382e-10,3.6229593991872174e-10,5.980211212724022e-10,7.098458809781382e-10,0.02910879334294394,0.09898184508,0.02525937398,0.05480424574,0.09898184508,0.029107566448783335,0.09898132704,0.02525923579,0.05480390804,0.09898132704,0.015133485828646969,0.05146006337,0.01313219595,0.02849239632,0.05146006337,0.015132847974119698,0.05145979404,0.01313212411,0.02849222075,0.05145979404,4.250991327461463e-09,2.1073424255447017e-08,0.0,1.4901161193847656e-08,2.1073424255447017e-08,8.35014582155606e-05,0.0002874615346,7.204878786e-05,0.0001435998016,0.0002874615346
4:10,60,0.0,0.0,0.0,0.0,0.0,3.9841065945816104e-10,7.025518553417091e-10,3.966243308530224e-10,6.105352675823084e-10,7.025518553417091e-10,0.027475304373491667,0.07485541665,0.0250805688,0.05759049485,0.07485541665,0.02747449150078,0.07485496356,0.02508004685,0.05759020203,0.07485496356,0.01428424478061,0.03891687896,0.01303923622,0.0299409504,0.03891687896,0.014283822174155,0.0389166434,0.01303896486,0.02994079816,0.0389166434,5.421148519899992e-09,2.1073424255447017e-08,0.0,1.4901161193847656e-08,2.1073424255447017e-08,7.7737639557e-05,0.0001713566178,7.882009888e-05,0.000124942614,0.0001713566178
4:11,59,5.051241082660222e-10,1.4901161193847656e-08,0.0,0.0,1.4901161193847656e-08,4.2243493257141304e-10,7.640981646520231e-10,4.451278978453432e-10,6.193496826440634e-10,7.640981646520231e-10,0.026693375661061017,0.09211623446,0.02451267905,0.05830281178,0.09211623446,0.026692105290228814,0.09211569039,0.02451157225,0.05830221084,0.09211569039,0.013877724766076271,0.04789067387,0.01274399377,0.03031127967,0.04789067387,0.013877064308594915,0.04789039102,0.01274341835,0.03031096725,0.04789039102,6.479947811843071e-09,2.1073424255447017e-08,0.0,1.4901161193847656e-08,2.1073424255447017e-08,8.297543823745763e-05,0.0002383713644,6.991418082e-05,0.0001376207995,0.0002383713644
4:12,67,2.224053909529501e-10,1.4901161193847656e-08,0.0,0.0,1.4901161193847656e-08,2.817354639650363e-10,6.339326668038388e-10,2.8750454802735575e-10,4.910433813586339e-10,6.339326668038388e-10,0.02649095943975373,0.08550141506,0.02168726317,0.06206970639,0.08550141506,0.026490351579238805,0.08550089907,0.02168717846,0.06206937108,0.08550089907,0.013772489795102984,0.04445166922,0.01127507712,0.03226966542,0.04445166922,0.013772173772534329,0.04445140096,0.01127503308,0.0322694911,0.04445140096,2.7228292883152582e-09,2.1073424255447017e-08,0.0,1.4901161193847656e-08,2.1073424255447017e-08,7.275919924267164e-05,0.0001643998257,6.542744735e-05,0.0001328332195,0.0001643998257
4:13,61,0.0,0.0,0.0,0.0,0.0,3.272748628737751e-10,6.388466368039633e-10,3.2091485234253964e-10,5.204601505010883e-10,6.388466368039633e-10,0.026469995808016393,0.08270835682,0.02200148451,0.04622142962,0.08270835682,0.026469395108081967,0.08270782525,0.02200140257,0.04621967622,0.08270782525,0.013761590930686886,0.04299957512,0.0114384389,0.02403024206,0.04299957512,0.01376127862962623,0.04299929876,0.0114383963,0.02402933048,0.04299929876,5.332277232688517e-09,2.1073424255447017e-08,0.0,1.4901161193847656e-08,2.1073424255447017e-08,7.788784680180327e-05,0.0002118700269,7.088403443e-05,0.0001280389246,0.0002118700269
4:14,62,0.0,0.0,0.0,0.0,0.0,2.5456560378913636e-10,5.432217249749436e-10,2.2638137148393405e-10,4.406474296316603e-10,5.432217249749436e-10,0.02902677595936613,0.08607782985,0.02560850292,0.05375170235,0.08607782985,0.02902540233233387,0.08607728176,0.02560821829,0.05375126782,0.08607728176,0.015090845486490322,0.04475134379,0.01331370598,0.02794518537,0.04475134379,0.015090131346495162,0.04475105884,0.013313558,0.02794495946,0.04475105884,3.804224903724412e-09,2.1073424255447017e-08,0.0,1.4901161193847656e-08,2.1073424255447017e-08,8.318782033290322e-05,0.000196329058,7.932481974e-05,0.0001276181267,0.000196329058
4:15,66,0.0,0.0,0.0,0.0,0.0,2.649489481357046e-10,6.150897219107391e-10,2.3894313641146766e-10,4.899636025936457e-10,6.150897219107391e-10,0.025515402029757578,0.0814569735,0.0211950214,0.04764714474,0.0814569735,0.025514859569712122,0.08145653673,0.02119477899,0.04764687123,0.08145653673,0.013265303391178788,0.04234898849,0.0110191636,0.02477146274,0.04234898849,0.013265021369354545,0.04234876141,0.01101903757,0.02477132055,0.04234876141,2.483526865641276e-09,1.4901161193847656e-08,0.0,1.4901161193847656e-08,1.4901161193847656e-08,6.881354779454545e-05,0.0001417159392,6.636691647e-05,0.0001084993629,0.0001417159392
4:16,55,0.0,0.0,0.0,0.0,0.0,2.7712714629906916e-10,6.007913113297385e-10,2.7899095338311786e-10,4.855183576094566e-10,6.007913113297385e-10,0.028088909953481817,0.07950775025,0.0249996355,0.05940585743,0.07950775025,0.028087667282021816,0.07950670925,0.02499949322,0.05940547012,0.07950670925,0.014603254615338181,0.04133559909,0.01299715949,0.03088474644,0.04133559909,0.014602608558034545,0.04133505788,0.01299708552,0.03088454508,0.04133505788,4.605813459916548e-09,1.4901161193847656e-08,0.0,1.4901161193847656e-08,1.4901161193847656e-08,8.113016905745455e-05,0.0002160352969,8.291526035e-05,0.0001337408422,0.0002160352969
4:17,73,0.0,0.0,0.0,0.0,0.0,2.432355905427685e-10,5.889870803201043e-10,2.3077540364030755e-10,5.056829716408555e-10,5.889870803201043e-10,0.026598877238849315,0.08432708268,0.02257006368,0.05381257837,0.08432708268,0.026598050973,0.08432658398,0.02256978743,0.05381204025,0.08432658398,0.013828595607826028,0.04384114091,0.01173403977,0.02797683444,0.04384114091,0.013828166036936984,0.04384088164,0.01173389615,0.02797655468,0.04384088164,4.286635411928778e-09,1.4901161193847656e-08,0.0,1.4901161193847656e-08,1.4901161193847656e-08,7.461912489739726e-05,0.0001638455228,6.535425236e-05,0.0001348962093,0.0001638455228
4:18,76,3.921358208907278e-10,1.4901161193847656e-08,0.0,0.0,1.4901161193847656e-08,2.73254139601369e-10,6.940622485979018e-10,2.533001287424434e-10,5.247984647024439e-10,6.940622485979018e-10,0.026520468597525,0.09141370996,0.02421588547,0.05157292767,0.09141370996,0.026517863298414476,0.09141311239,0.02421500009,0.05157260061,0.09141311239,0.01378783142885921,0.04752543563,0.01258969258,0.02681245357,0.04752543563,0.013786476949472236,0.04752512496,0.01258923228,0.02681228354,0.04752512496,4.786843838341357e-09,2.1073424255447017e-08,0.0,1.4901161193847656e-08,2.1073424255447017e-08,8.134844330319737e-05,0.0001696374064,7.848612623e-05,0.0001260707387,0.0001696374064
4:19,65,0.0,0.0,0.0,0.0,0.0,2.619464032868144e-10,6.54403765733813e-10,2.875611364244229e-10,4.414817054007333e-10,6.54403765733813e-10,0.024887554735675388,0.09194996721,0.01752556999,0.06812735494,0.09194996721,0.024885174947635386,0.09194943915,0.01752392227,0.0681269485,0.09194943915,0.012938889375510769,0.04780423253,0.009111437974,0.03541900032,0.04780423253,0.012937652137544615,0.047803958,0.009110581338,0.03541878901,0.047803958,3.1701480252802807e-09,2.1073424255447017e-08,0.0,1.4901161193847656e-08,2.1073424255447017e-08,7.647921734381539e-05,0.0002523514013,6.166413787e-05,0.0001372610312,0.0002523514013
4:20,59,0.0,0.0,0.0,0.0,0.0,2.945203010387146e-10,5.947367193869089e-10,2.9907079423887597e-10,5.158804395034787e-10,5.947367193869089e-10,0.024160928030950848,0.07257939043,0.02157796843,0.0472015892,0.07257939043,0.0241601122791661,0.0725788014,0.02157763566,0.04720120598,0.0725788014,0.012561120540025424,0.03773358667,0.01121825544,0.02453982111,0.03773358667,0.012560696436127118,0.03773328044,0.01121808244,0.02453962187,0.03773328044,4.145607494290879e-09,2.1073424255447017e-08,0.0,1.4901161193847656e-08,2.1073424255447017e-08,6.728507121191526e-05,0.0001843833995,6.499395939e-05,0.0001249579643,0.0001843833995
4:21,57,0.0,0.0,0.0,0.0,0.0,3.188787917004211e-10,6.081774014328314e-10,3.1283036845084027e-10,5.103270926873805e-10,6.081774014328314e-10,0.027799088964387722,0.07677538136,0.02774159151,0.05770456753,0.07677538136,0.027798420420621056,0.07677483298,0.02774139598,0.05770426977,0.07677483298,0.014452578433589474,0.03991505701,0.01442268585,0.0300002561,0.03991505701,0.014452230862085965,0.03991477191,0.0144225842,0.03000010129,0.03991477191,4.182782089501096e-09,1.4901161193847656e-08,0.0,1.4901161193847656e-08,1.4901161193847656e-08,7.393614774912281e-05,0.0002085149642,6.90235877e-05,0.0001333814335,0.0002085149642
4:22,78,0.0,0.0,0.0,0.0,0.0,2.8671392332266393e-10,6.399160421144336e-10,2.7476896501299104e-10,5.315532079496806e-10,6.399160421144336e-10,0.028495915454848975,0.07612580251,0.02427634678,0.06425467034,0.07612580251,0.02849411098995449,0.07612505702,0.02427613786,0.06425394076,0.07612505702,0.014814854316908167,0.03957734489,0.01262112605,0.03340561498,0.03957734489,0.014813916186754539,0.03957695731,0.01262101744,0.03340523568,0.03957695731,4.090982668364105e-09,2.1073424255447017e-08,0.0,1.4901161193847656e-08,2.1073424255447017e-08,7.986210533076924e-05,0.0001761530523,7.66462342e-05,0.0001290000264,0.0001761530523
4:23,71,0.0,0.0,0.0,0.0,0.0,2.416250814264985e-10,6.22276772293755e-10,2.1398699620683817e-10,4.293483191829409e-10,6.22276772293755e-10,0.023542506844038028,0.07313584969,0.02016478278,0.04945032931,0.07313584969,0.023539271023754367,0.07313543003,0.02016365846,0.04944982852,0.07313543003,0.012239607101135213,0.03802288648,0.01048354876,0.02570892751,0.03802288648,0.012237924817960141,0.0380226683,0.01048296424,0.02570866715,0.0380226683,4.791127780110524e-09,2.1073424255447017e-08,0.0,1.4901161193847656e-08,2.1073424255447017e-08,7.586304937283098e-05,0.0001676579658,7.052403807e-05,0.0001322580506,0.0001676579658
4:24,74,0.0,0.0,0.0,0.0,0.0,3.138655255819329e-10,6.57469896134719e-10,3.2381394951834747e-10,4.866380635386438e-10,6.57469896134719e-10,0.03299991197730405,0.0827090018,0.03077229821,0.06539806317,0.0827090018,0.03299867211131081,0.08270843461,0.0307721314,0.06539751285,0.08270843461,0.017156454903344595,0.04299991044,0.01599833196,0.03400005801,0.04299991044,0.017155810304201352,0.04299961556,0.01599824524,0.0339997719,0.04299961556,5.569178963330223e-09,2.1073424255447017e-08,0.0,1.4901161193847656e-08,2.1073424255447017e-08,9.394899428837837e-05,0.0002301185643,9.069371145e-05,0.0001368383564,0.0002301185643
4:25,60,0.0,0.0,0.0,0.0,0.0,4.1909049269978766e-10,6.834157631487118e-10,4.4732401232525634e-10,5.951921134378672e-10,6.834157631487118e-10,0.028530082845825,0.08807169466,0.02076655399,0.06034002986,0.08807169466,0.028528641374848333,0.08807121002,0.02076639685,0.06033968688,0.08807121002,0.014832617737175001,0.04578794206,0.01079640598,0.03137041705,0.04578794206,0.014831868324923333,0.0457876901,0.01079632429,0.03137023873,0.0457876901,4.318581287329708e-09,2.580956827951785e-08,0.0,1.4901161193847656e-08,2.580956827951785e-08,8.484763688796666e-05,0.0001770718624,8.353338314e-05,0.0001390537386,0.0001770718624
4:26,76,0.0,0.0,0.0,0.0,0.0,3.791632259975675e-10,6.817620594825567e-10,3.7689077364659233e-10,5.644263013622325e-10,6.817620594825567e-10,0.03090430668518816,0.09315888659,0.02766293976,0.06139334378,0.09315888659,0.03090331542765658,0.09315834222,0.02766274968,0.0613928276,0.09315834222,0.01606696237017237,0.04843274242,0.01438179528,0.03191802859,0.04843274242,0.01606644702146316,0.0484324594,0.01438169646,0.03191776023,0.0484324594,5.699903520287941e-09,2.1073424255447017e-08,0.0,1.4901161193847656e-08,2.1073424255447017e-08,8.611439016798684e-05,0.0001697335663,9.122841137e-05,0.0001369489905,0.0001697335663
4:27,59,0.0,0.0,0.0,0.0,0.0,3.904661585776061e-10,7.120735597211789e-10,4.2218560069922374e-10,5.839306499159894e-10,7.120735597211789e-10,0.02836060840661017,0.108900845,0.02690511452,0.0571146125,0.108900845,0.02835954709217627,0.1088999567,0.02690499471,0.0571141283,0.1088999567,0.014744509000640678,0.05661689151,0.01398780652,0.02969354204,0.05661689151,0.01474395722912034,0.05661642968,0.01398774423,0.02969329031,0.05661642968,5.469699595311026e-09,2.1073424255447017e-08,0.0,1.4901161193847656e-08,2.1073424255447017e-08,8.22144506461017e-05,0.0002354419086,8.367286364e-05,0.0001416677769,0.0002354419086
4:28,64,0.0,0.0,0.0,0.0,0.0,3.7751909239123174e-10,6.735287384591088e-10,3.7796644316781647e-10,5.645506340796149e-10,6.735287384591088e-10,0.025808583194525,0.08135760783,0.02203243511,0.05702761741,0.08135760783,0.025807332129445314,0.08135688436,0.02203231558,0.05702717763,0.08135688436,0.013417726507689062,0.04229732887,0.01145452993,0.02964831382,0.04229732887,0.013417076086367188,0.04229695275,0.01145446779,0.02964808518,0.04229695275,2.4247480468761865e-09,2.1073424255447017e-08,0.0,1.4901161193847656e-08,2.1073424255447017e-08,7.613297181689063e-05,0.0001823657337,7.277575187e-05,0.0001420226212,0.0001823657337
4:29,71,0.0,0.0,0.0,0.0,0.0,3.7702117722662134e-10,7.106968452181373e-10,3.727775930413863e-10,6.39435193747381e-10,7.106968452181373e-10,0.029688827212776058,0.1222620419,0.02231431335,0.06296173967,0.1222620419,0.02968800153080986,0.1222612711,0.02231392038,0.06296141379,0.1222612711,0.015435041934643661,0.06356329708,0.01160107672,0.03273342814,0.06356329708,0.01543461266674366,0.06356289632,0.01160087242,0.03273325872,0.06356289632,6.658913816649699e-09,2.1073424255447017e-08,0.0,2.1073424255447017e-08,2.1073424255447017e-08,7.664014470440846e-05,0.0002323606645,7.298974355e-05,0.0001417051966,0.0002323606645
4:30,54,0.0,0.0,0.0,0.0,0.0,2.4162986384372004e-10,5.238334151187611e-10,1.6533607580111492e-10,4.5986310842699344e-10,5.238334151187611e-10,0.02551636827072037,0.1074904974,0.02332066082,0.05118489273,0.1074904974,0.025515831259024076,0.1074897902,0.0233202782,0.05118420322,0.1074897902,0.013265805733307408,0.05588366029,0.01212427069,0.02661071655,0.05588366029,0.013265526543750001,0.05588329262,0.01212407177,0.02661035808,0.05588329262,5.633249758121343e-09,2.1073424255447017e-08,0.0,1.4901161193847656e-08,2.1073424255447017e-08,7.106093450577777e-05,0.0001972774548,5.619072195e-05,0.0001332515768,0.0001972774548
4:31,69,2.159588578818501e-10,1.4901161193847656e-08,0.0,0.0,1.4901161193847656e-08,2.7442183894041027e-10,6.237847450109043e-10,2.655000089403711e-10,4.792468031800496e-10,6.237847450109043e-10,0.02918011316831884,0.08580233518,0.02199073819,0.06385312746,0.08580233518,0.029179614619811594,0.08580186577,0.02199065007,0.06385272755,0.08580186577,0.015170564575492755,0.04460811577,0.01143285195,0.03319685527,0.04460811577,0.01517030538315942,0.04460787173,0.01143280614,0.03319664735,0.04460787173,2.7704124702807333e-09,2.1073424255447017e-08,0.0,1.4901161193847656e-08,2.1073424255447017e-08,7.48426775142029e-05,0.0001728783224,7.577496436e-05,0.000136051141,0.0001728783224
4:32,61,0.0,0.0,0.0,0.0,0.0,2.557712360180105e-10,6.091139056069323e-10,2.1405928881539883e-10,4.663685722983366e-10,6.091139056069323e-10,0.024839843635191806,0.0751461658,0.02069510276,0.05381958098,0.0751461658,0.024838227143737707,0.0751454397,0.02069482405,0.05381922389,0.0751454397,0.012914084661967213,0.03906803768,0.01075925891,0.02798047506,0.03906803768,0.01291324425832459,0.03906766019,0.01075911402,0.02798028941,0.03906766019,3.9677738867625065e-09,2.1073424255447017e-08,0.0,1.4901161193847656e-08,2.1073424255447017e-08,7.939026493231148e-05,0.0001752003939,8.073478153e-05,0.0001247407605,0.0001752003939
4:33,88,0.0,0.0,0.0,0.0,0.0,2.7664744482662637e-10,7.045214258491857e-10,2.6512669592706004e-10,4.818394329437936e-10,7.045214258491857e-10,0.025571445241574998,0.1133824461,0.02158257937,0.04894435623,0.1133824461,0.025570220968245457,0.1133817442,0.02158080186,0.04894402801,0.1133817442,0.01329443991853409,0.05894684883,0.01122065265,0.02544587516,0.05894684883,0.013293803425597727,0.05894648392,0.01121972853,0.02544570452,0.05894648392,4.134092405840263e-09,2.1073424255447017e-08,0.0,1.4901161193847656e-08,2.1073424255447017e-08,7.859960496417046e-05,0.0002138114297,6.678028333e-05,0.0001432044473,0.0002138114297
4:34,56,0.0,0.0,0.0,0.0,0.0,3.036602316386719e-10,6.917283577890749e-10,2.8200775833033546e-10,5.107456366973163e-10,6.917283577890749e-10,0.025238350192596428,0.0741663265,0.019443901,0.05719344337,0.0741663265,0.025237328993371427,0.07416571726,0.0194434726,0.05719303761,0.07416571726,0.013121265814851787,0.03855862515,0.01010876668,0.02973452573,0.03855862515,0.013120734898971071,0.03855830841,0.01010854396,0.02973431478,0.03855830841,5.425327871809383e-09,2.580956827951785e-08,0.0,1.4901161193847656e-08,2.580956827951785e-08,7.008939493394643e-05,0.0001533593494,6.744480544e-05,0.0001171216995,0.0001533593494
4:35,69,4.319177157637002e-10,1.4901161193847656e-08,0.0,0.0,1.4901161193847656e-08,2.714207749482928e-10,6.32441088219968e-10,2.6713247409460703e-10,4.786168692189427e-10,6.32441088219968e-10,0.029055781072863766,0.1182845151,0.02387867669,0.05700369929,0.1182845151,0.02905482336759116,0.118283807,0.02387845405,0.05700325323,0.118283807,0.015105925069592317,0.06149540492,0.01241437977,0.02963587893,0.06149540492,0.015105427165336376,0.06149503679,0.01241426403,0.02963564703,0.06149503679,4.498083333335534e-09,2.1073424255447017e-08,0.0,1.4901161193847656e-08,2.1073424255447017e-08,7.218190043710145e-05,0.0002065251387,6.560229744e-05,0.0001361861838,0.0002065251387
4:36,65,0.0,0.0,0.0,0.0,0.0,3.0029885350513114e-10,6.530253698711914e-10,3.149678643996902e-10,5.192801145790217e-10,6.530253698711914e-10,0.030221524002990767,0.0934681317,0.02554180093,0.06320284853,0.0934681317,0.030220749566938463,0.09346736125,0.02554158901,0.0632022127,0.09346736125,0.015711987777641538,0.04859351708,0.01327902802,0.03285877918,0.04859351708,0.015711585152883078,0.04859311653,0.01327891784,0.03285844861,0.04859311653,4.545639827789296e-09,2.1073424255447017e-08,0.0,1.4901161193847656e-08,2.1073424255447017e-08,7.749765541356924e-05,0.000202277955,7.155579033e-05,0.0001341733389,0.000202277955
4:37,55,0.0,0.0,0.0,0.0,0.0,2.5828137858311453e-10,5.773246921034099e-10,2.16874027690636e-10,4.618171179590617e-10,5.773246921034099e-10,0.029998864028854547,0.0878083508,0.0283345712,0.06108048641,0.0878083508,0.02999819374787273,0.08780771609,0.02833424471,0.06108012274,0.08780771609,0.015596228202429091,0.04565103118,0.01473097241,0.03175537593,0.04565103118,0.015595879727507273,0.0456507012,0.01473080267,0.03175518686,0.0456507012,6.138426133039967e-09,2.1073424255447017e-08,0.0,1.4901161193847656e-08,2.1073424255447017e-08,8.265164743236364e-05,0.0001877372925,8.0215586e-05,0.0001444620039,0.0001877372925
4:38,75,0.0,0.0,0.0,0.0,0.0,2.7531322794336473e-10,5.945700154911909e-10,2.629655201524596e-10,5.176090567449608e-10,5.945700154911909e-10,0.03151080544017867,0.126247097,0.02732367436,0.06800405789,0.126247097,0.031510125380184,0.1262464317,0.02732281173,0.06800362101,0.1262464317,0.01638227740960667,0.06563510317,0.01420541325,0.03535489892,0.06563510317,0.016381923849910666,0.06563475724,0.01420496478,0.03535467179,0.06563475724,5.015262104495224e-09,2.1073424255447017e-08,0.0,1.4901161193847656e-08,2.1073424255447017e-08,8.192507535346667e-05,0.0002308767157,6.649533449e-05,0.00014017406,0.0002308767157
4:39,61,0.0,0.0,0.0,0.0,0.0,2.819769635286259e-10,7.148097816909424e-10,2.685101450888568e-10,4.802967346362777e-10,7.148097816909424e-10,0.025729951174540987,0.06517732983,0.0217894291,0.05832499503,0.06517732983,0.025728689642990164,0.06517693011,0.02178738383,0.0583246564,0.06517693011,0.013376846195704919,0.03388530008,0.01132819257,0.03032281261,0.03388530008,0.013376190332647541,0.03388509227,0.01132712925,0.03032263655,0.03388509227,4.533978254168509e-09,2.580956827951785e-08,0.0,1.4901161193847656e-08,2.580956827951785e-08,8.202181716970492e-05,0.0001623052613,8.603777308e-05,0.0001255046859,0.0001623052613
4:40,52,2.86560792189378e-10,1.4901161193847656e-08,0.0,0.0,1.4901161193847656e-08,2.868043887839523e-10,6.35911211708621e-10,2.443404035530255e-10,5.075012702001917e-10,6.35911211708621e-10,0.03036745918334423,0.07857841039,0.029413711,0.06183821466,0.07857841039,0.030366217691048077,0.07857774609,0.0294133903,0.06183783609,0.07857774609,0.015787858596228846,0.04085244091,0.01529201068,0.03214931427,0.04085244091,0.0157872131523,0.04085209555,0.01529184395,0.03214911746,0.04085209555,4.990230833788645e-09,2.1073424255447017e-08,0.0,1.4901161193847656e-08,2.1073424255447017e-08,8.433996644367309e-05,0.0001646518101,8.187123369e-05,0.0001366737186,0.0001646518101
4:41,68,0.0,0.0,0.0,0.0,0.0,2.8798965292523397e-10,6.672852506919858e-10,2.7729906572326334e-10,5.184376890681954e-10,6.672852506919858e-10,0.032579531404769116,0.09682549605,0.02726750133,0.06985361676,0.09682549605,0.03257854487900294,0.09682486664,0.0272663993,0.06985319219,0.09682486664,0.016937901582075,0.05033899053,0.01417620923,0.03631647341,0.05033899053,0.01693738869384559,0.0503386633,0.0141756363,0.03631625268,0.0503386633,4.8154179433444325e-09,2.580956827951785e-08,0.0,1.4901161193847656e-08,2.580956827951785e-08,8.38124600965e-05,0.0002288240959,7.720596047e-05,0.0001433951193,0.0002288240959
4:42,59,0.0,0.0,0.0,0.0,0.0,2.559938244256777e-10,5.279502101022393e-10,2.55848522318597e-10,4.2046669762227194e-10,5.279502101022393e-10,0.026081602935388134,0.07316098999,0.01974814553,0.05622637813,0.07316098999,0.026080777511394915,0.07316052347,0.01974803034,0.05622582122,0.07316052347,0.01355966782180678,0.03803595677,0.01026694157,0.02923175436,0.03803595677,0.013559238689116949,0.03803571423,0.01026688169,0.02923146482,0.03803571423,5.870209075414347e-09,2.1073424255447017e-08,0.0,1.4901161193847656e-08,2.1073424255447017e-08,7.415798563969492e-05,0.0001544101753,7.067710922e-05,0.0001269681918,0.0001544101753
4:43,64,0.0,0.0,0.0,0.0,0.0,3.9922294284479966e-10,7.908564053753843e-10,4.0565038978782204e-10,6.13522877729698e-10,7.908564053753843e-10,0.022777967585065624,0.07766813287,0.01829553864,0.0569687058,0.07766813287,0.022776156373139064,0.07766767524,0.01829529716,0.05696833745,0.07766767524,0.01184212775893125,0.04037919313,0.009511740027,0.02961768603,0.04037919313,0.011841186120243749,0.04037895521,0.009511614482,0.02961749453,0.04037895521,5.547988024713982e-09,2.1073424255447017e-08,0.0,1.4901161193847656e-08,2.1073424255447017e-08,6.928710824578125e-05,0.000160722879,6.326101565e-05,0.0001216401102,0.000160722879
4:44,60,0.0,0.0,0.0,0.0,0.0,3.8549845654235777e-10,7.076439714127929e-10,3.9010690979850883e-10,5.436782772418767e-10,7.076439714127929e-10,0.027926957289161666,0.08975881906,0.02309683822,0.05487264237,0.08975881906,0.027925982108113333,0.08975808382,0.02309523002,0.05487233382,0.08975808382,0.014519056403725,0.04666506785,0.01200790668,0.02852795531,0.04666506785,0.014518549412521667,0.0466646856,0.01200707058,0.0285277949,0.0466646856,4.324866722616826e-09,2.1073424255447017e-08,0.0,1.4901161193847656e-08,2.1073424255447017e-08,7.938486962141666e-05,0.0001846197324,7.889423279e-05,0.0001324143294,0.0001846197324
4:45,58,0.0,0.0,0.0,0.0,0.0,4.0664853515286745e-10,6.788636171156597e-10,3.8896601709838483e-10,6.171147343039598e-10,6.788636171156597e-10,0.031732680251915515,0.1009430519,0.02531241442,0.05962447825,0.1009430519,0.031731071672422416,0.1009425351,0.02531226158,0.05962402185,0.1009425351,0.016497628783325863,0.05247968294,0.01315977136,0.03099840609,0.05247968294,0.016496792492647586,0.05247941425,0.0131596919,0.03099816881,0.05247941425,4.1730035705605674e-09,2.1073424255447017e-08,0.0,1.4901161193847656e-08,2.1073424255447017e-08,8.402258803534483e-05,0.000172520804,7.599497544e-05,0.0001405761561,0.000172520804
4:46,64,0.0,0.0,0.0,0.0,0.0,4.1491728751745673e-10,7.909287034416482e-10,4.238600690148219e-10,5.904501690958657e-10,7.909287034416482e-10,0.022642289877925,0.06962989564,0.01526103804,0.05131572982,0.06962989564,0.022639496808975,0.06962948269,0.01526093042,0.05131532793,0.06962948269,0.01177158973850375,0.03620016215,0.007934121494,0.02667873797,0.03620016215,0.011770137638290157,0.03619994746,0.007934065543,0.02667852902,0.03619994746,4.088617379850491e-09,2.580956827951785e-08,0.0,1.4901161193847656e-08,2.580956827951785e-08,7.9346073827125e-05,0.0001971317111,6.862974026e-05,0.0001309484712,0.0001971317111
4:47,78,0.0,0.0,0.0,0.0,0.0,3.7585974658384566e-10,7.841929346413496e-10,3.6506125582515855e-10,5.954897594888543e-10,7.841929346413496e-10,0.029458834897347436,0.08004756019,0.02435177747,0.05497977383,0.08004756019,0.029458108356451282,0.08004704687,0.02435159309,0.05497933488,0.08004704687,0.015315470318700898,0.04161624302,0.01266034201,0.02858365231,0.04161624302,0.01531509259439718,0.04161597615,0.01266024615,0.0285834241,0.04161597615,3.82081056252504e-09,1.4901161193847656e-08,0.0,1.4901161193847656e-08,1.4901161193847656e-08,8.38525523783718e-05,0.0002184936097,8.121383435e-05,0.0001338802082,0.0002184936097
4:48,68,2.1913472343893612e-10,1.4901161193847656e-08,0.0,0.0,1.4901161193847656e-08,2.684941000804297e-10,6.298628409183107e-10,2.4032873205324914e-10,4.928644153318105e-10,6.298628409183107e-10,0.02870321624210147,0.08810163528,0.02660611078,0.05610408235,0.08810163528,0.028702372899836764,0.08810100607,0.02660515009,0.05610360194,0.08810100607,0.014922628744536766,0.04580350801,0.01383235628,0.02916817352,0.04580350801,0.014922190295645588,0.04580318089,0.01383185683,0.02916792376,0.04580318089,5.312404362401384e-09,2.1073424255447017e-08,0.0,1.4901161193847656e-08,2.1073424255447017e-08,8.317963890161764e-05,0.0001876397526,7.75624063e-05,0.0001301172843,0.0001876397526
4:49,67,0.0,0.0,0.0,0.0,0.0,3.1314985949298667e-10,6.377386425563615e-10,3.091868599076165e-10,5.069083797477219e-10,6.377386425563615e-10,0.02946042171303433,0.08507005465,0.02457329521,0.06676676156,0.08507005465,0.02945914307243582,0.0850695348,0.02457308756,0.06676635806,0.0850695348,0.01531629529454627,0.04422740755,0.01277550774,0.03471163603,0.04422740755,0.015315630537450747,0.04422713729,0.01277539979,0.03471142626,0.04422713729,5.169288588797709e-09,2.1073424255447017e-08,0.0,1.4901161193847656e-08,2.1073424255447017e-08,8.169483608332836e-05,0.0002126358437,8.196043554e-05,0.0001472451804,0.0002126358437
4:50,58,0.0,0.0,0.0,0.0,0.0,2.524958720140407e-10,5.674901923977104e-10,2.2311259695288114e-10,4.95509627029186e-10,5.674901923977104e-10,0.025452406378391378,0.07017137972,0.02123288323,0.0590160065,0.07017137972,0.025450164338806897,0.07017094382,0.02123267766,0.05901567144,0.07017094382,0.013232552332384483,0.03648167645,0.01103884774,0.0306820653,0.03648167645,0.013231386709639656,0.03648144983,0.01103874086,0.0306818911,0.03648144983,3.8537485846157734e-09,1.4901161193847656e-08,0.0,1.4901161193847656e-08,1.4901161193847656e-08,7.22342300345862e-05,0.0001609707925,7.0127499e-05,0.0001247942413,0.0001609707925
4:51,60,0.0,0.0,0.0,0.0,0.0,3.016576330569603e-10,5.917883071900484e-10,2.607209062088352e-10,4.963619342312226e-10,5.917883071900484e-10,0.0236892919544,0.06864469443,0.01980064806,0.04643537639,0.06864469443,0.0236883795362,0.0686442161,0.01980030959,0.0464351269,0.0686442161,0.012315919792946666,0.03568796199,0.01029423732,0.02414147169,0.03568796199,0.012315445432643334,0.03568771331,0.01029406135,0.02414134199,0.03568771331,4.573219409180953e-09,2.1073424255447017e-08,0.0,1.4901161193847656e-08,2.1073424255447017e-08,7.493882013866668e-05,0.0001963616434,6.802240539e-05,0.0001309126089,0.0001963616434
4:52,56,0.0,0.0,0.0,0.0,0.0,2.8806782573085134e-10,6.107839513326605e-10,2.7924238992647084e-10,4.864083912007024e-10,6.107839513326605e-10,0.027838088544260894,0.07744141265,0.02002988255,0.05709492724,0.07744141265,0.027837252380200714,0.07744096276,0.02002963335,0.05709449273,0.07744096276,0.014472854079838036,0.04026132266,0.01041341495,0.02968330779,0.04026132266,0.014472419363067123,0.04026108876,0.01041328539,0.0296830819,0.04026108876,3.6796361007717545e-09,2.1073424255447017e-08,0.0,1.4901161193847656e-08,2.1073424255447017e-08,7.310989189480357e-05,0.0001568357078,6.967842408e-05,0.0001210139063,0.0001568357078
4:53,69,0.0,0.0,0.0,0.0,0.0,2.945341568421319e-10,6.577747456742203e-10,2.588594690939347e-10,5.356967127311955e-10,6.577747456742203e-10,0.02876163809823768,0.08742352677,0.02351812903,0.06756446674,0.08742352677,0.028760542505385508,0.0874230771,0.0235165213,0.06756404438,0.0874230771,0.014953001914156522,0.04545096349,0.01222693322,0.03512635814,0.04545096349,0.014952432322224637,0.04545072971,0.01222609737,0.03512613856,0.04545072971,3.2393828682277513e-09,1.4901161193847656e-08,0.0,1.4901161193847656e-08,1.4901161193847656e-08,7.689583107210144e-05,0.0002042335245,6.924020613e-05,0.0001342122228,0.0002042335245
4:54,62,2.40341309578188e-10,1.4901161193847656e-08,0.0,0.0,1.4901161193847656e-08,2.447864317230874e-10,6.204253739263571e-10,2.3298981750909413e-10,5.111904665108068e-10,6.204253739263571e-10,0.028715336564453225,0.1326858893,0.02281874383,0.05417373696,0.1326858893,0.028714253306704837,0.1326850724,0.02281865021,0.05417330834,0.1326850724,0.014928930026445162,0.06898259236,0.01186332708,0.02816459861,0.06898259236,0.014928366847044516,0.06898216764,0.01186327841,0.02816437578,0.06898216764,4.284907522880789e-09,2.1073424255447017e-08,0.0,1.4901161193847656e-08,2.1073424255447017e-08,7.357948585209678e-05,0.0002508749526,5.989440508e-05,0.0001288635173,0.0002508749526
4:55,57,0.0,0.0,0.0,0.0,0.0,3.078561906898943e-10,6.037923237073591e-10,2.866803993041836e-10,5.28749381937122e-10,6.037923237073591e-10,0.029847669525982456,0.1057705737,0.02763608108,0.06046532279,0.1057705737,0.02984711049091228,0.1057699169,0.02763580769,0.06046492857,0.1057699169,0.015517623093226317,0.05498948236,0.01436783162,0.03143555608,0.05498948236,0.01551733245464386,0.0549891409,0.01436768948,0.03143535113,0.0549891409,4.029643525777443e-09,2.1073424255447017e-08,0.0,1.4901161193847656e-08,2.1073424255447017e-08,7.406874330163159e-05,0.0001886689177,7.404992887e-05,0.0001242905052,0.0001886689177
4:56,69,0.0,0.0,0.0,0.0,0.0,2.7683743013989793e-10,6.130331490728911e-10,2.6976310025582004e-10,5.210467515927682e-10,6.130331490728911e-10,0.024776139309021738,0.09079861328,0.02042681503,0.04686271393,0.09079861328,0.024775574402797103,0.09079813216,0.02042631039,0.0468622463,0.09079813216,0.01288096516818116,0.04720565058,0.01061977775,0.0243636419,0.04720565058,0.01288067147688116,0.04720540045,0.01061951539,0.02436339878,0.04720540045,4.37157756330295e-09,2.1073424255447017e-08,0.0,1.4901161193847656e-08,2.1073424255447017e-08,6.31769152252174e-05,0.0001574329409,5.799798215e-05,0.0001148520211,0.0001574329409
4:57,58,0.0,0.0,0.0,0.0,0.0,2.98103827177647e-10,6.341806791333606e-10,2.974788070214668e-10,5.205958130161954e-10,6.341806791333606e-10,0.023188198868512068,0.0946022608,0.0191091911,0.04816817598,0.0946022608,0.023186470678851722,0.0946016361,0.01910808388,0.04816789887,0.0946016361,0.01205540452481724,0.04918314395,0.009934753024,0.02504234373,0.04918314395,0.012054506049663793,0.04918281917,0.00993417739,0.02504219967,0.04918281917,2.9325006240331654e-09,2.1073424255447017e-08,0.0,1.4901161193847656e-08,2.1073424255447017e-08,6.775120052405172e-05,0.0001833014784,5.890476894e-05,0.0001140337208,0.0001833014784
4:58,75,0.0,0.0,0.0,0.0,0.0,2.8294467746089044e-10,6.49126570585233e-10,2.6434719960616826e-10,4.6455408067863075e-10,6.49126570585233e-10,0.027207979803916,0.09598568832,0.02303564169,0.0615105834,0.09598568832,0.027207454093777332,0.09598493868,0.02303533996,0.06151013429,0.09598493868,0.014145264351510667,0.04990237956,0.01197609097,0.03197898076,0.04990237956,0.014144991038032,0.04990198983,0.0119759341,0.03197874727,0.04990198983,3.740872368166087e-09,2.1073424255447017e-08,0.0,1.4901161193847656e-08,2.1073424255447017e-08,7.396545408570667e-05,0.0001924791064,6.17513541e-05,0.0001357559454,0.0001924791064
4:59,59,2.525620541330111e-10,1.4901161193847656e-08,0.0,0.0,1.4901161193847656e-08,2.750243906576295e-10,6.160516048031456e-10,2.48833128545203e-10,5.082557640058203e-10,6.160516048031456e-10,0.029011086849849155,0.06989242282,0.02916516475,0.05362675562,0.06989242282,0.02901032278123051,0.06989200259,0.02916430368,0.05362646133,0.06989200259,0.015082688812944575,0.03633664844,0.01516279298,0.02788022632,0.03633664844,0.01508229157921034,0.03633642997,0.01516234532,0.02788007332,0.03633642997,4.10227469648327e-09,2.1073424255447017e-08,0.0,1.4901161193847656e-08,2.1073424255447017e-08,7.75346983038983e-05,0.000150690152,7.660864647e-05,0.0001237758576,0.000150690152
4:60,60,0.0,0.0,0.0,0.0,0.0,2.9068224351209967e-10,6.580679202118952e-10,2.7464107851942146e-10,5.173711905489666e-10,6.580679202118952e-10,0.026339724228631834,0.1015424163,0.02484733347,0.05252453693,0.1015424163,0.0263350648953115,0.1015412915,0.02484709845,0.0525240653,0.1015412915,0.013693863522818168,0.05279128886,0.01291797858,0.02730718948,0.05279128886,0.013691441164047167,0.05279070412,0.0129178564,0.02730694428,0.05279070412,3.682679713951098e-09,2.1073424255447017e-08,0.0,1.4901161193847656e-08,2.1073424255447017e-08,7.81450795865e-05,0.0002553014193,7.241642856e-05,0.0001304678417,0.0002553014193
4:61,60,0.0,0.0,0.0,0.0,0.0,4.1480895729729525e-10,7.660787326029846e-10,4.2297036265855667e-10,5.957957567534766e-10,7.660787326029846e-10,0.027388284875053834,0.08280721656,0.02036211988,0.05559354763,0.08280721656,0.0273868009987845,0.08280656992,0.02036205331,0.0555930476,0.08280656992,0.0142390038687225,0.0430509717,0.01058614313,0.0289027496,0.0430509717,0.014238232410741668,0.04305063551,0.01058610852,0.02890248964,0.04305063551,5.209120982559562e-09,2.580956827951785e-08,0.0,1.4901161193847656e-08,2.580956827951785e-08,7.647929753846667e-05,0.0001932711986,6.314919958e-05,0.0001442092786,0.0001932711986
4:62,63,0.0,0.0,0.0,0.0,0.0,3.978468465131792e-10,7.479409574135251e-10,3.9149985246086144e-10,6.104241310992977e-10,7.479409574135251e-10,0.029008246448936507,0.1061665958,0.02352002412,0.0593123935,0.1061665958,0.02900755408304762,0.1061659211,0.02351954925,0.05931200622,0.1061659211,0.015081212106349206,0.05519537189,0.01222791847,0.03083615511,0.05519537189,0.01508085214914762,0.05519502108,0.01222767158,0.03083595377,0.05519502108,5.7686191364558104e-09,2.580956827951785e-08,0.0,1.4901161193847656e-08,2.580956827951785e-08,7.729239432604762e-05,0.0002142737311,7.108592819e-05,0.0001350633887,0.0002142737311
4:63,65,2.2924863375150242e-10,1.4901161193847656e-08,0.0,0.0,1.4901161193847656e-08,3.79107187110693e-10,8.043761999333277e-10,3.6993165790589404e-10,5.979390004060662e-10,8.043761999333277e-10,0.02725089601831846,0.08969030915,0.02678176179,0.05506579587,0.08969030915,0.027250081853250768,0.08968972786,0.02678148199,0.05506533252,0.08968972786,0.014167576232339076,0.04662944996,0.01392367618,0.02862837465,0.04662944996,0.014167152953649845,0.04662914775,0.01392353072,0.02862813376,0.04662914775,3.035857284784153e-09,2.1073424255447017e-08,0.0,1.4901161193847656e-08,2.1073424255447017e-08,7.273128870055384e-05,0.000164097445,6.861193678e-05,0.0001277626657,0.000164097445
4:64,64,0.0,0.0,0.0,0.0,0.0,3.6595956886551444e-10,6.598418514941905e-10,3.84100475857778e-10,5.593527789506139e-10,6.598418514941905e-10,0.02415053031461875,0.07879111934,0.01774455373,0.04550202043,0.07879111934,0.02414969907621719,0.07879056098,0.01774439187,0.04550169841,0.07879056098,0.012555714830821876,0.04096302701,0.009225286301,0.02365622557,0.04096302701,0.012555282675020313,0.04096273673,0.009225202151,0.02365605815,0.04096273673,3.6853428754830244e-09,2.1073424255447017e-08,0.0,1.4901161193847656e-08,2.1073424255447017e-08,7.72045128315625e-05,0.000181303099,6.854456405e-05,0.0001210067648,0.000181303099
4:65,64,0.0,0.0,0.0,0.0,0.0,3.8177816160783684e-10,7.47461603809982e-10,3.848074243152022e-10,5.87494292209231e-10,7.47461603809982e-10,0.03364788467487812,0.07956671906,0.03106143143,0.07104446401,0.07956671906,0.033647063018139065,0.07956612588,0.03106125594,0.0710438415,0.07956612588,0.017493331994471874,0.04136625662,0.01614865057,0.0369355877,0.04136625662,0.017492904819632813,0.04136594823,0.01614855934,0.03693526406,0.04136594823,4.945937704089862e-09,2.1073424255447017e-08,0.0,1.4901161193847656e-08,2.1073424255447017e-08,8.69251894375e-05,0.0002226136333,8.182468455e-05,0.0001399073049,0.0002226136333
4:66,73,0.0,0.0,0.0,0.0,0.0,2.845632605426596e-10,6.914763693676587e-10,2.5970632429346724e-10,5.313786174919629e-10,6.914763693676587e-10,0.030198460691235614,0.07748348834,0.03095161184,0.05432029797,0.07748348834,0.030197321638187672,0.07748296878,0.03095138355,0.05431988046,0.07748296878,0.015699997301457533,0.04028319755,0.01609155604,0.0282407948,0.04028319755,0.01569940511429452,0.04028292744,0.01609143735,0.02824057773,0.04028292744,4.863989501119107e-09,2.1073424255447017e-08,0.0,1.4901161193847656e-08,2.1073424255447017e-08,7.865051616958903e-05,0.000173393712,7.855200798e-05,0.0001373903152,0.000173393712
4:67,71,0.0,0.0,0.0,0.0,0.0,3.1081179034869266e-10,6.258746057526264e-10,3.283366146681623e-10,5.242788262386417e-10,6.258746057526264e-10,0.024093270199257746,0.1169037294,0.01841893771,0.05280520885,0.1169037294,0.024092303475466197,0.1169030189,0.01841886744,0.05280490883,0.1169030189,0.012525945642218308,0.06077754276,0.009575894459,0.02745310911,0.06077754276,0.012525443048433803,0.06077717337,0.009575857925,0.02745295313,0.06077717337,4.07456796823528e-09,2.1073424255447017e-08,0.0,1.4901161193847656e-08,2.1073424255447017e-08,6.796036732001409e-05,0.0002057395602,6.284889911e-05,0.0001269114728,0.0002057395602
4:68,49,0.0,0.0,0.0,0.0,0.0,2.342821008834583e-10,6.15043402933974e-10,2.221751484282142e-10,4.5080397214206054e-10,6.15043402933974e-10,0.023714359401026532,0.09523407389,0.0193843329,0.0520931154,0.09523407389,0.02371277901017551,0.09523322216,0.01938321938,0.05209278517,0.09523322216,0.01232895220703061,0.04951161976,0.01007779758,0.02708289603,0.04951161976,0.012328130571918366,0.04951117695,0.01007721867,0.02708272435,0.04951117695,5.5998605010379015e-09,2.1073424255447017e-08,0.0,1.4901161193847656e-08,2.1073424255447017e-08,7.449525358783673e-05,0.0002044004761,6.843889047e-05,0.0001189590199,0.0002044004761
4:69,67,0.0,0.0,0.0,0.0,0.0,2.851380544669424e-10,5.870998754538292e-10,2.3832064955684684e-10,5.15119568503949e-10,5.870998754538292e-10,0.025200639967313435,0.08626309823,0.01970533213,0.05567493254,0.08626309823,0.025199801405462685,0.08626253559,0.01970512263,0.05567432438,0.08626253559,0.01310166049621194,0.0448476637,0.01024468314,0.02894506113,0.0448476637,0.013101224532959702,0.04484737119,0.01024457423,0.02894474495,0.04484737119,2.3161772388071037e-09,2.1073424255447017e-08,0.0,1.4901161193847656e-08,2.1073424255447017e-08,8.00863213258209e-05,0.0001916332483,6.791508403e-05,0.0001481597191,0.0001916332483
4:70,69,4.319177157637002e-10,1.4901161193847656e-08,0.0,0.0,1.4901161193847656e-08,2.705619837956396e-10,5.954759027369345e-10,2.3112177502491964e-10,4.702384186313226e-10,5.954759027369345e-10,0.03038231787189855,0.07548758054,0.02319009347,0.06600064721,0.07548758054,0.030381737991028984,0.07548712776,0.02318988345,0.06600022311,0.07548712776,0.015795583539047826,0.03924553714,0.01205638952,0.03431333781,0.03924553714,0.015795282062643478,0.03924530175,0.01205628033,0.03431311733,0.03924530175,4.6561761896495944e-09,2.580956827951785e-08,0.0,1.4901161193847656e-08,2.580956827951785e-08,7.78950532257971e-05,0.0001799673605,6.845093757e-05,0.0001322554919,0.0001799673605
4:71,67,0.0,0.0,0.0,0.0,0.0,2.9562197892784436e-10,6.798963153727842e-10,2.6750470076830397e-10,5.191670855154731e-10,6.798963153727842e-10,0.02783369953545821,0.07938813037,0.02502181249,0.05312582686,0.07938813037,0.027832654869519403,0.07938765013,0.02502168772,0.05312543311,0.07938765013,0.014470572260498507,0.04127340944,0.01300868917,0.02761979648,0.04127340944,0.014470029145459702,0.04127315977,0.0130086243,0.02761959177,0.04127315977,4.187543695708307e-09,2.1073424255447017e-08,0.0,1.4901161193847656e-08,2.1073424255447017e-08,8.328029640247761e-05,0.000284164317,8.309180104e-05,0.0001271455234,0.000284164317
