source_family,local_id,source_file,tes_energy_keV,init_energy_keV,theta_local_deg,phi_local_deg,theta_from_global_plus_z_deg,entry_class,entry_surface_proxy,entry_region_proxy,entry_phi_deg_local,xz_init_quadrant,first_recorded_volume,first_recorded_material,init_x_cm,init_y_cm,init_z_cm,dir_x,dir_y,dir_z,side_compton_class
eplus,12403,runs/geometry_optimization_20260704/step02_instant_geo_opt_s1_bpe_w5_fullstat_v1/Background_eplus_fullsphere20_rep01_part01.inc1.id1.sim.gz,510.99896,142.273,114.3577437538264,156.42295739258745,72.61692388595858,top,top,top_phi05_225deg,229.59167688584725,right_lower,Vacuum_Jacket_Al_266mmClass_side_port_side_wall_above_side_port,outer_mechanics,54.06556,-36.13443,-5.90792,-0.88203,0.36438,0.29876,keep
eplus,34023,runs/geometry_optimization_20260704/step02_instant_geo_opt_s1_bpe_w5_fullstat_v1/Background_eplus_fullsphere20_rep01_part01.inc1.id1.sim.gz,510.9989,10.451,135.81397005697005,179.76653723639228,90.81420450013746,top,top,top_phi01_045deg,49.32953729471958,right_lower,GeoOpt_S1_PlasticFullWrap_TopCap_5mm,geoopt_plastic_active,64.65843,16.06134,-3.6973,-0.99989,0.00284,-0.01421,single
eplus,71105,runs/geometry_optimization_20260704/step02_instant_geo_opt_s1_bpe_w5_fullstat_v1/Background_eplus_fullsphere20_rep01_part01.inc1.id1.sim.gz,510.998946,13.468,111.19714337672853,88.77145691299302,105.65291815902656,side_wall,side,side_phi06_270deg,278.35387206925384,right_lower,GeoOpt_S1_PlasticFullWrap_SideShell_5mm,geoopt_plastic_active,0.65591,-67.77909,-3.85815,-0.24154,0.93213,-0.26981,veto
eplus,88910,runs/geometry_optimization_20260704/step02_instant_geo_opt_s1_bpe_w5_fullstat_v1/Background_eplus_fullsphere20_rep01_part01.inc1.id1.sim.gz,510.99890000000005,165.269,34.46655006642085,19.648285054861972,78.10553684811624,side_wall,side,side_phi03_135deg,131.87767010936255,left_lower,GeoOpt_S1_PlasticFullWrap_SideShell_5mm,geoopt_plastic_active,-58.68781,13.93605,-5.26549,0.95985,0.19029,0.20611,keep
eplus,125566,runs/geometry_optimization_20260704/step02_instant_geo_opt_s1_bpe_w5_fullstat_v1/Background_eplus_fullsphere20_rep01_part01.inc1.id1.sim.gz,510.99894,116.959,77.48722725354446,67.25641798466273,96.52748725252066,side_wall,side,side_phi05_225deg,246.76655292475238,left_upper,GeoOpt_S1_PlasticFullWrap_SideShell_5mm,geoopt_plastic_active,-27.19745,-51.92485,3.9516,0.42008,0.90034,-0.11368,single
eplus,130016,runs/geometry_optimization_20260704/step02_instant_geo_opt_s1_bpe_w5_fullstat_v1/Background_eplus_fullsphere20_rep01_part01.inc1.id1.sim.gz,510.99890500000004,563.064,86.58138580151456,56.13189060206396,110.56024885958767,side_window,side,side_neg_x_window_axis_pm15deg,180.599024297157,left_upper,GeoOpt_S1_PlasticFullWrap_SideShell_5mm,geoopt_plastic_active,-37.46092,-36.74401,36.59293,0.43552,0.82884,-0.35119,keep
eplus,211256,runs/geometry_optimization_20260704/step02_instant_geo_opt_s1_bpe_w5_fullstat_v1/Background_eplus_fullsphere20_rep01_part01.inc1.id1.sim.gz,510.998959,121.248,106.93910957169473,298.1646237815541,121.68831502698478,top,top,top_phi00_000deg,12.414202989186135,right_upper,Vacuum_Jacket_Al_266mmClass_side_port_side_wall_above_side_port,outer_mechanics,1.64539,52.20651,34.28196,0.11326,-0.84335,-0.5253,single
eplus,36753,runs/geometry_optimization_20260704/step02_instant_geo_opt_s1_bpe_w5_fullstat_v1/Background_eplus_fullsphere20_rep02_part01.inc1.id1.sim.gz,510.99888,89.022,126.69274872258234,175.43067389869523,81.79708221068601,top,top,top_phi00_000deg,357.9349139912734,right_lower,Vacuum_Jacket_Al_266mmClass_side_port_side_wall_above_side_port,outer_mechanics,63.07589,-3.63192,-8.84427,-0.98771,0.06388,0.14268,single
eplus,90474,runs/geometry_optimization_20260704/step02_instant_geo_opt_s1_bpe_w5_fullstat_v1/Background_eplus_fullsphere20_rep02_part01.inc1.id1.sim.gz,510.9989,1228.66,84.81643434139049,145.07030095638774,50.11571276722065,envelope_miss,miss_current_outer_envelope,phi06_270deg,,right_upper,Vacuum_Jacket_Al_266mmClass_side_port_side_wall_above_side_port,outer_mechanics,45.60996,-71.68236,7.59206,-0.51347,0.57023,0.64124,single
eplus,130729,runs/geometry_optimization_20260704/step02_instant_geo_opt_s1_bpe_w5_fullstat_v1/Background_eplus_fullsphere20_rep02_part01.inc1.id1.sim.gz,510.99894000000006,168.22,76.80368011484765,11.830242669254709,120.82299508601146,side_wall,side,side_phi03_135deg,135.5600867175841,left_upper,GeoOpt_S1_PlasticFullWrap_SideShell_5mm,geoopt_plastic_active,-50.22272,10.84363,36.62634,0.83524,0.1996,-0.51239,veto
eplus,156993,runs/geometry_optimization_20260704/step02_instant_geo_opt_s1_bpe_w5_fullstat_v1/Background_eplus_fullsphere20_rep02_part01.inc1.id1.sim.gz,510.99893000000003,148.234,158.6058955077283,279.7135575086142,134.5798487336395,side_wall,side,side_phi02_090deg,95.75216983529693,right_upper,GeoOpt_S1_PlasticFullWrap_SideShell_5mm,geoopt_plastic_active,30.16901,53.12517,40.2641,-0.61486,-0.35955,-0.7019,keep
eplus,192957,runs/geometry_optimization_20260704/step02_instant_geo_opt_s1_bpe_w5_fullstat_v1/Background_eplus_fullsphere20_rep02_part01.inc1.id1.sim.gz,510.998868,44.81,78.12967270884198,292.4774679149748,96.84074223497869,envelope_miss,miss_current_outer_envelope,phi03_135deg,,left_upper,Vacuum_Jacket_Al_266mmClass_side_port_side_wall_above_side_port,outer_mechanics,-15.3215,55.5256,18.48458,0.41001,-0.90427,-0.11911,keep
eplus,231354,runs/geometry_optimization_20260704/step02_instant_geo_opt_s1_bpe_w5_fullstat_v1/Background_eplus_fullsphere20_rep02_part01.inc1.id1.sim.gz,510.99894000000006,365.181,103.59875217988333,196.63270343425836,60.50998859922802,envelope_miss,miss_current_outer_envelope,phi01_045deg,,right_upper,TP_L1_00360,tes,65.77783,27.57023,0.87293,-0.82478,-0.27821,0.49227,veto
eplus,28520,runs/geometry_optimization_20260704/step02_instant_geo_opt_s1_bpe_w5_fullstat_v1/Background_eplus_fullsphere20_rep03_part01.inc1.id1.sim.gz,510.99890000000005,1439.489,109.35037641150807,212.85668044139638,70.96528924165827,side_wall,side,side_phi07_315deg,335.2536519621229,right_lower,GeoOpt_S1_PlasticFullWrap_SideShell_5mm,geoopt_plastic_active,48.90007,15.62975,-46.73031,-0.79473,-0.51189,0.32614,single
eplus,71755,runs/geometry_optimization_20260704/step02_instant_geo_opt_s1_bpe_w5_fullstat_v1/Background_eplus_fullsphere20_rep03_part01.inc1.id1.sim.gz,510.99890600000003,279.82,71.10420340742594,119.18498793252438,56.27411019978542,side_wall,side,side_phi06_270deg,252.40741047152272,left_lower,GeoOpt_S1_PlasticFullWrap_SideShell_5mm,geoopt_plastic_active,-15.67733,-54.60262,-25.8746,-0.09723,0.826,0.55522,keep
eplus,80084,runs/geometry_optimization_20260704/step02_instant_geo_opt_s1_bpe_w5_fullstat_v1/Background_eplus_fullsphere20_rep03_part01.inc1.id1.sim.gz,510.99890000000005,57.458,136.2229033953679,210.3740490159797,95.07676529134814,top,top,top_phi06_270deg,292.4925054440556,right_upper,GeoOpt_S1_PlasticFullWrap_TopCap_5mm,geoopt_plastic_active,68.44518,0.9178,4.86164,-0.93262,-0.34983,-0.08849,single
eplus,136894,runs/geometry_optimization_20260704/step02_instant_geo_opt_s1_bpe_w5_fullstat_v1/Background_eplus_fullsphere20_rep03_part01.inc1.id1.sim.gz,510.99892000000006,0.449,106.1893750823825,358.55901530757876,151.16385345476877,envelope_miss,miss_current_outer_envelope,phi05_225deg,,left_upper,TP_L2_00019,tes,-46.91764,-31.19892,45.57509,0.4817,-0.02415,-0.876,keep
eplus,183364,runs/geometry_optimization_20260704/step02_instant_geo_opt_s1_bpe_w5_fullstat_v1/Background_eplus_fullsphere20_rep03_part01.inc1.id1.sim.gz,510.99894,20.113,119.36006821288724,185.8954449521219,74.5539146132626,top,top,top_phi02_090deg,79.49222116766131,right_lower,Vacuum_Jacket_Al_266mmClass_side_port_side_wall_above_side_port,outer_mechanics,61.40093,14.19736,-10.94499,-0.95971,-0.08952,0.26633,single
eplus,231882,runs/geometry_optimization_20260704/step02_instant_geo_opt_s1_bpe_w5_fullstat_v1/Background_eplus_fullsphere20_rep03_part01.inc1.id1.sim.gz,510.99898200000007,31.35,99.35614987354694,237.7002713390542,75.05688553069274,envelope_miss,miss_current_outer_envelope,phi01_045deg,,right_lower,Vacuum_Jacket_Al_266mmClass_side_port_side_wall_above_side_port,outer_mechanics,46.68125,43.96283,-6.19237,-0.48777,-0.83402,0.25786,single
eplus,235828,runs/geometry_optimization_20260704/step02_instant_geo_opt_s1_bpe_w5_fullstat_v1/Background_eplus_fullsphere20_rep03_part01.inc1.id1.sim.gz,510.99887,129.566,37.13699180844649,5.773307051715723,82.0117295471044,side_wall,side,side_phi03_135deg,114.98103958413681,left_lower,GeoOpt_S1_PlasticFullWrap_SideShell_5mm,geoopt_plastic_active,-55.48752,23.28927,-10.84068,0.98843,0.06073,0.13897,single
eplus,2392,runs/geometry_optimization_20260704/step02_instant_geo_opt_s1_bpe_w5_fullstat_v1/Background_eplus_fullsphere20_rep04_part01.inc1.id1.sim.gz,510.998897,80.217,49.96579158746626,321.11334975782927,88.08482767787045,side_window,side,side_neg_x_window_axis_pm15deg,179.71468135254543,left_upper,GeoOpt_S1_PlasticFullWrap_SideShell_5mm,geoopt_plastic_active,-55.4356,16.1038,12.0147,0.87627,-0.48067,0.03342,single
eplus,10024,runs/geometry_optimization_20260704/step02_instant_geo_opt_s1_bpe_w5_fullstat_v1/Background_eplus_fullsphere20_rep04_part01.inc1.id1.sim.gz,510.99892,95895.346,69.89862233136525,295.54742956905403,92.48455131398835,side_wall,side,side_phi03_135deg,118.71001560122033,left_upper,GeoOpt_S1_PlasticFullWrap_SideShell_5mm,geoopt_plastic_active,-32.16132,48.00657,2.70299,0.52939,-0.84727,-0.04335,veto
eplus,64214,runs/geometry_optimization_20260704/step02_instant_geo_opt_s1_bpe_w5_fullstat_v1/Background_eplus_fullsphere20_rep04_part01.inc1.id1.sim.gz,510.999,41.207,86.94094431592063,237.5137238451018,65.35598905905005,envelope_miss,miss_current_outer_envelope,phi02_090deg,,right_upper,TP_L3_00081,tes,14.47161,77.62503,25.57908,-0.34151,-0.84232,0.41698,single
eplus,235494,runs/geometry_optimization_20260704/step02_instant_geo_opt_s1_bpe_w5_fullstat_v1/Background_eplus_fullsphere20_rep04_part01.inc1.id1.sim.gz,510.99889999999994,78.458,36.76381028320487,31.755814952485082,78.07623658846468,envelope_miss,miss_current_outer_envelope,phi04_180deg,,left_upper,TP_L2_00163,tes,-63.69264,8.4259,6.93738,0.92633,0.315,0.20661,single
eplus,238305,runs/geometry_optimization_20260704/step02_instant_geo_opt_s1_bpe_w5_fullstat_v1/Background_eplus_fullsphere20_rep04_part01.inc1.id1.sim.gz,510.999,59.098,74.50850401322965,161.4471470642834,33.39772719156889,envelope_miss,miss_current_outer_envelope,phi00_000deg,,right_lower,Vacuum_Jacket_Al_266mmClass_side_port_side_wall_above_side_port,outer_mechanics,43.8147,-11.74901,-41.52982,-0.45714,0.30662,0.83487,single
eplus,30107,runs/geometry_optimization_20260704/step02_instant_geo_opt_s1_bpe_w5_fullstat_v1/Background_eplus_fullsphere20_rep05_part01.inc1.id1.sim.gz,510.9989,380.524,87.87089204665693,46.566378120144996,117.35743020348542,side_wall,side,side_phi05_225deg,238.12799966384372,left_upper,GeoOpt_S1_PlasticFullWrap_SideShell_5mm,geoopt_plastic_active,-39.14891,-46.76609,12.5776,0.51208,0.72567,-0.45954,single
eplus,31391,runs/geometry_optimization_20260704/step02_instant_geo_opt_s1_bpe_w5_fullstat_v1/Background_eplus_fullsphere20_rep05_part01.inc1.id1.sim.gz,510.99893099999997,201479.525,104.46308287841265,257.283170843158,91.48297419553106,side_wall,side,side_phi02_090deg,74.75224236857808,right_lower,GeoOpt_S1_PlasticFullWrap_SideShell_5mm,geoopt_plastic_active,15.71057,59.89891,-5.19193,-0.32733,-0.94456,-0.02588,single
eplus,31997,runs/geometry_optimization_20260704/step02_instant_geo_opt_s1_bpe_w5_fullstat_v1/Background_eplus_fullsphere20_rep05_part01.inc1.id1.sim.gz,510.99893299999997,629.605,152.0576771927726,98.11726932510435,125.30208394154201,top,top,top_phi00_000deg,8.379413202828507,right_upper,Vacuum_Jacket_Al_266mmClass_side_port_side_wall_above_side_port,outer_mechanics,57.45726,-24.69386,26.95075,-0.67146,0.46389,-0.57789,single
eplus,40978,runs/geometry_optimization_20260704/step02_instant_geo_opt_s1_bpe_w5_fullstat_v1/Background_eplus_fullsphere20_rep05_part01.inc1.id1.sim.gz,510.99888,183.893,73.80511162463058,326.70530667681163,111.73854483442166,side_window,side,side_neg_x_window_axis_pm15deg,188.33728821360995,left_upper,GeoOpt_S1_PlasticFullWrap_SideShell_5mm,geoopt_plastic_active,-50.46629,15.57909,30.83227,0.7648,-0.52716,-0.37037,keep
eplus,55140,runs/geometry_optimization_20260704/step02_instant_geo_opt_s1_bpe_w5_fullstat_v1/Background_eplus_fullsphere20_rep05_part01.inc1.id1.sim.gz,510.9989,118.797,70.68492309143389,15.462387050890017,114.158938628758,envelope_miss,miss_current_outer_envelope,phi04_180deg,,left_upper,Vacuum_Jacket_Al_266mmClass_side_port_side_wall_above_side_port,outer_mechanics,-47.80923,1.97362,40.23165,0.87704,0.2516,-0.40927,single
eplus,67424,runs/geometry_optimization_20260704/step02_instant_geo_opt_s1_bpe_w5_fullstat_v1/Background_eplus_fullsphere20_rep05_part01.inc1.id1.sim.gz,510.9989,4.266,125.34201768588736,77.00417582258784,122.59791946067787,side_wall,side,side_phi05_225deg,225.73234911218265,left_upper,GeoOpt_S1_PlasticFullWrap_SideShell_5mm,geoopt_plastic_active,-0.68884,-54.51178,38.12343,-0.27932,0.79482,-0.53874,single
eplus,81816,runs/geometry_optimization_20260704/step02_instant_geo_opt_s1_bpe_w5_fullstat_v1/Background_eplus_fullsphere20_rep05_part01.inc1.id1.sim.gz,510.99894,172.683,54.96231305581762,326.25218925717735,94.32651147841915,envelope_miss,miss_current_outer_envelope,phi04_180deg,,left_upper,TP_L1_00007,tes,-64.78826,-8.01617,33.27407,0.88736,-0.45486,-0.07544,veto
eplus,113054,runs/geometry_optimization_20260704/step02_instant_geo_opt_s1_bpe_w5_fullstat_v1/Background_eplus_fullsphere20_rep05_part01.inc1.id1.sim.gz,510.9989532108,1.264,73.06209921791039,305.3646710544395,100.69028453925935,envelope_miss,miss_current_outer_envelope,phi04_180deg,,left_upper,TP_L0_00237,tes,-48.93887,25.6585,47.93623,0.59751,-0.78011,-0.1855,keep
eplus,143314,runs/geometry_optimization_20260704/step02_instant_geo_opt_s1_bpe_w5_fullstat_v1/Background_eplus_fullsphere20_rep05_part01.inc1.id1.sim.gz,510.99892,233.085,127.8124638721426,310.8328719158656,143.0132785969618,envelope_miss,miss_current_outer_envelope,phi04_180deg,,left_upper,TP_L0_00046,tes,-13.37255,1.18751,80.24261,-0.06825,-0.59775,-0.79878,single
eplus,201276,runs/geometry_optimization_20260704/step02_instant_geo_opt_s1_bpe_w5_fullstat_v1/Background_eplus_fullsphere20_rep05_part01.inc1.id1.sim.gz,510.99893,0.41,105.13239687521401,217.6406955766612,69.15010233716319,top,top,top_phi07_315deg,310.77106176979447,right_lower,TP_L4_00113,tes,56.27275,21.05929,-23.7107,-0.7251,-0.58953,0.35592,veto
eplus,19036,runs/geometry_optimization_20260704/step02_instant_geo_opt_s1_bpe_w5_fullstat_v1/Background_eplus_fullsphere20_rep06_part01.inc1.id1.sim.gz,510.99888400000003,3.552,81.52843760330069,208.80544241019055,44.1910537480445,side_wall,side,side_phi00_000deg,349.33831538396356,right_lower,GeoOpt_S1_PlasticFullWrap_SideShell_5mm,geoopt_plastic_active,38.61802,12.83633,-46.44608,-0.50868,-0.47658,0.71702,keep
eplus,25293,runs/geometry_optimization_20260704/step02_instant_geo_opt_s1_bpe_w5_fullstat_v1/Background_eplus_fullsphere20_rep06_part01.inc1.id1.sim.gz,510.99889999999994,156.107,117.22000459381012,144.7079911028141,79.05883232640815,side_wall,side,side_phi07_315deg,312.96600550929327,right_lower,GeoOpt_S1_PlasticFullWrap_SideShell_5mm,geoopt_plastic_active,45.8748,-40.16594,-20.47679,-0.83667,0.51376,0.1898,single
eplus,36215,runs/geometry_optimization_20260704/step02_instant_geo_opt_s1_bpe_w5_fullstat_v1/Background_eplus_fullsphere20_rep06_part01.inc1.id1.sim.gz,510.99895300000003,33.882,121.63185537491337,180.55046466017222,76.63349169379114,top,top,top_phi02_090deg,80.01249982607035,right_lower,GeoOpt_S1_PlasticFullWrap_TopCap_5mm,geoopt_plastic_active,62.48022,22.5837,-10.20892,-0.97288,-0.00818,0.23118,keep
eplus,70159,runs/geometry_optimization_20260704/step02_instant_geo_opt_s1_bpe_w5_fullstat_v1/Background_eplus_fullsphere20_rep06_part01.inc1.id1.sim.gz,510.99886000000004,8.178,158.63964898733957,234.4086554542161,120.57324546527992,top,top,top_phi01_045deg,65.49812601020432,right_upper,GeoOpt_S1_PlasticFullWrap_TopCap_5mm,geoopt_plastic_active,53.04056,37.32952,23.5485,-0.80843,-0.29619,-0.50864,single
eplus,120181,runs/geometry_optimization_20260704/step02_instant_geo_opt_s1_bpe_w5_fullstat_v1/Background_eplus_fullsphere20_rep06_part01.inc1.id1.sim.gz,510.99892,15.958,47.041551859437774,304.4245376823644,79.08688578363967,side_wall,side,side_phi03_135deg,139.95833935508577,left_upper,GeoOpt_S1_PlasticFullWrap_SideShell_5mm,geoopt_plastic_active,-44.3232,36.60712,3.96739,0.77442,-0.60368,0.18932,single
eplus,128882,runs/geometry_optimization_20260704/step02_instant_geo_opt_s1_bpe_w5_fullstat_v1/Background_eplus_fullsphere20_rep06_part01.inc1.id1.sim.gz,510.99896,11.934,99.4009048523466,34.78450759119331,133.50749666622957,side_wall,side,side_phi06_270deg,275.4090562430125,left_upper,GeoOpt_S1_PlasticFullWrap_SideShell_5mm,geoopt_plastic_active,-28.78895,-55.57706,24.09401,0.45745,0.56283,-0.68845,single
eplus,131723,runs/geometry_optimization_20260704/step02_instant_geo_opt_s1_bpe_w5_fullstat_v1/Background_eplus_fullsphere20_rep06_part01.inc1.id1.sim.gz,510.9988953999999,14.582,104.5171953258521,105.38433669363641,89.75076138537426,side_wall,side,side_phi06_270deg,276.91581245853797,right_lower,GeoOpt_S1_PlasticFullWrap_SideShell_5mm,geoopt_plastic_active,9.38887,-62.33677,-8.84127,-0.35885,0.93338,0.00435,single
eplus,144727,runs/geometry_optimization_20260704/step02_instant_geo_opt_s1_bpe_w5_fullstat_v1/Background_eplus_fullsphere20_rep06_part01.inc1.id1.sim.gz,510.998917,7309.667,100.66852757806053,85.29694018087591,100.82904269398688,side_wall,side,side_phi06_270deg,250.77284695382122,left_upper,GeoOpt_S1_PlasticFullWrap_SideShell_5mm,geoopt_plastic_active,-7.65293,-61.23633,9.40027,-0.07393,0.97941,-0.18788,keep
eplus,156362,runs/geometry_optimization_20260704/step02_instant_geo_opt_s1_bpe_w5_fullstat_v1/Background_eplus_fullsphere20_rep06_part01.inc1.id1.sim.gz,510.99889500000006,225.291,119.40693002127557,206.3269681906483,78.17573894974623,top,top,top_phi02_090deg,111.36899164330453,right_lower,GeoOpt_S1_PlasticFullWrap_TopCap_5mm,geoopt_plastic_active,50.9296,44.76676,-0.10272,-0.8993,-0.38635,0.20491,keep
eplus,163455,runs/geometry_optimization_20260704/step02_instant_geo_opt_s1_bpe_w5_fullstat_v1/Background_eplus_fullsphere20_rep06_part01.inc1.id1.sim.gz,510.99890000000005,0.861,122.19909597863428,122.02270489211686,93.41169652924694,side_wall,side,side_phi00_000deg,6.127332137258569,right_lower,TP_L5_00006,tes,49.03178,-43.50991,-31.31691,-0.69407,0.71744,-0.05951,keep
eplus,177789,runs/geometry_optimization_20260704/step02_instant_geo_opt_s1_bpe_w5_fullstat_v1/Background_eplus_fullsphere20_rep06_part01.inc1.id1.sim.gz,510.99886000000004,70.021,76.47799278987424,278.3150915994104,86.22089834941688,side_wall,side,side_phi03_135deg,128.26040960311602,left_upper,GeoOpt_S1_PlasticFullWrap_SideShell_5mm,geoopt_plastic_active,-23.52179,54.87891,7.72614,0.26476,-0.96206,0.06591,keep
eplus,61301,runs/geometry_optimization_20260704/step02_instant_geo_opt_s1_bpe_w5_fullstat_v1/Background_eplus_fullsphere20_rep07_part01.inc1.id1.sim.gz,510.99893199999997,2232.775,143.66823400954098,159.31443249961572,100.2369875286342,side_wall,side,side_phi00_000deg,3.812581217548663,right_lower,GeoOpt_S1_PlasticFullWrap_SideShell_5mm,geoopt_plastic_active,69.05237,-11.66529,-20.95716,-0.96157,0.20928,-0.17772,single
eplus,106227,runs/geometry_optimization_20260704/step02_instant_geo_opt_s1_bpe_w5_fullstat_v1/Background_eplus_fullsphere20_rep07_part01.inc1.id1.sim.gz,510.99890000000005,13.147,60.19755780334112,229.8788348005883,41.68264905034091,side_wall,side,side_phi02_090deg,78.63835026234918,left_lower,GeoOpt_S1_PlasticFullWrap_SideShell_5mm,geoopt_plastic_active,-9.02853,44.43771,-37.16229,-0.04396,-0.66355,0.74684,keep
eplus,168995,runs/geometry_optimization_20260704/step02_instant_geo_opt_s1_bpe_w5_fullstat_v1/Background_eplus_fullsphere20_rep07_part01.inc1.id1.sim.gz,510.99891799999995,123.533,72.72679811999117,287.7839239495576,89.78628624277998,side_wall,side,side_phi03_135deg,130.79619629056785,left_upper,GeoOpt_S1_PlasticFullWrap_SideShell_5mm,geoopt_plastic_active,-29.15577,50.60919,10.00014,0.41619,-0.90927,0.00373,single
eplus,197516,runs/geometry_optimization_20260704/step02_instant_geo_opt_s1_bpe_w5_fullstat_v1/Background_eplus_fullsphere20_rep07_part01.inc1.id1.sim.gz,510.99891,14.504,105.49821739586395,156.62768476023894,64.11669236994442,side_wall,side,side_phi07_315deg,318.1141994931429,right_lower,GeoOpt_S1_PlasticFullWrap_SideShell_5mm,geoopt_plastic_active,43.08702,-32.69326,-32.31655,-0.81443,0.38228,0.43654,single
eplus,202853,runs/geometry_optimization_20260704/step02_instant_geo_opt_s1_bpe_w5_fullstat_v1/Background_eplus_fullsphere20_rep07_part01.inc1.id1.sim.gz,510.998843,6.003,99.27735179761329,100.02114753056549,89.5737142949165,side_wall,side,side_phi06_270deg,288.3862270765634,right_lower,GeoOpt_S1_PlasticFullWrap_SideShell_5mm,geoopt_plastic_active,12.92977,-59.59861,-7.79313,-0.23543,0.97186,0.00744,single
eplus,209358,runs/geometry_optimization_20260704/step02_instant_geo_opt_s1_bpe_w5_fullstat_v1/Background_eplus_fullsphere20_rep07_part01.inc1.id1.sim.gz,510.99888699999997,114.596,103.14351357276068,178.21400838304316,58.16607548697891,side_wall,side,side_phi00_000deg,18.96097014337739,right_lower,GeoOpt_S1_PlasticFullWrap_BottomCap_5mm,geoopt_plastic_active,37.22303,7.81014,-57.023,-0.84904,0.03035,0.52746,single
eplus,9911,runs/geometry_optimization_20260704/step02_instant_geo_opt_s1_bpe_w5_fullstat_v1/Background_eplus_fullsphere20_rep08_part01.inc1.id1.sim.gz,510.99888,1.231,43.220113257274505,34.14465048524635,83.42349966114281,side_wall,side,side_phi03_135deg,149.48610907913206,left_lower,GeoOpt_S1_PlasticFullWrap_SideShell_5mm,geoopt_plastic_active,-61.0021,1.50095,-0.59952,0.91605,0.38437,0.11453,keep
eplus,41264,runs/geometry_optimization_20260704/step02_instant_geo_opt_s1_bpe_w5_fullstat_v1/Background_eplus_fullsphere20_rep08_part01.inc1.id1.sim.gz,510.99886,17.71,62.357952873247335,196.12401879624798,21.59342632279856,envelope_miss,miss_current_outer_envelope,phi00_000deg,,right_lower,Vacuum_Jacket_Al_266mmClass_side_port_side_wall_above_side_port,outer_mechanics,37.74993,18.8252,-45.26736,-0.2737,-0.24602,0.92982,single
eplus,51896,runs/geometry_optimization_20260704/step02_instant_geo_opt_s1_bpe_w5_fullstat_v1/Background_eplus_fullsphere20_rep08_part01.inc1.id1.sim.gz,510.998865,28.901,72.12582287184638,37.16259214057976,108.6194469988234,side_wall,side,side_phi05_225deg,219.37669296288377,left_upper,GeoOpt_S1_PlasticFullWrap_SideShell_5mm,geoopt_plastic_active,-42.20939,-34.62776,19.87169,0.75334,0.57492,-0.31928,keep
eplus,69124,runs/geometry_optimization_20260704/step02_instant_geo_opt_s1_bpe_w5_fullstat_v1/Background_eplus_fullsphere20_rep08_part01.inc1.id1.sim.gz,510.99893399999996,1.901,76.88520907549625,3.655235191177163,121.79072635580853,side_window,side,side_neg_x_window_axis_pm15deg,175.71199890755992,left_upper,GeoOpt_S1_PlasticFullWrap_SideShell_5mm,geoopt_plastic_active,-56.14024,0.38491,20.86587,0.84771,0.06209,-0.52682,keep
eplus,80763,runs/geometry_optimization_20260704/step02_instant_geo_opt_s1_bpe_w5_fullstat_v1/Background_eplus_fullsphere20_rep08_part01.inc1.id1.sim.gz,510.99888999999996,48.592,113.02818706332978,190.2035420701306,68.66265433121234,top,top,top_phi06_270deg,275.623458176816,right_lower,GeoOpt_S1_PlasticFullWrap_TopCap_5mm,geoopt_plastic_active,63.23848,-13.7068,-18.48038,-0.91708,-0.16303,0.36386,single
eplus,154485,runs/geometry_optimization_20260704/step02_instant_geo_opt_s1_bpe_w5_fullstat_v1/Background_eplus_fullsphere20_rep08_part01.inc1.id1.sim.gz,510.9989,10.262,111.50471042305445,175.49304878698376,66.6317431971315,side_wall,side,side_phi00_000deg,359.0863355018087,right_lower,GeoOpt_S1_PlasticFullWrap_SideShell_5mm,geoopt_plastic_active,52.67865,-3.13462,-35.03062,-0.91506,0.07311,0.39664,single
eplus,164289,runs/geometry_optimization_20260704/step02_instant_geo_opt_s1_bpe_w5_fullstat_v1/Background_eplus_fullsphere20_rep08_part01.inc1.id1.sim.gz,510.99887,3.937,169.16412281450394,303.5098027293647,140.16467746154964,top,top,top_phi04_180deg,201.03849874224056,right_upper,GeoOpt_S1_PlasticFullWrap_TopCap_5mm,geoopt_plastic_active,26.86972,1.18917,64.28188,-0.62111,-0.15675,-0.76789,veto
eplus,182558,runs/geometry_optimization_20260704/step02_instant_geo_opt_s1_bpe_w5_fullstat_v1/Background_eplus_fullsphere20_rep08_part01.inc1.id1.sim.gz,510.99884099999997,449.892,154.71021002812205,106.91224077514298,123.46733596917987,top,top,top_phi05_225deg,219.1716682706403,right_upper,TP_L0_00360,tes,37.2518,-33.31379,45.39836,-0.72721,0.40872,-0.55146,single
eplus,213474,runs/geometry_optimization_20260704/step02_instant_geo_opt_s1_bpe_w5_fullstat_v1/Background_eplus_fullsphere20_rep08_part01.inc1.id1.sim.gz,510.99894,804.187,123.2518749432295,121.70835187575813,94.4115627797561,side_wall,side,side_phi07_315deg,295.53109934075405,right_lower,GeoOpt_S1_PlasticFullWrap_SideShell_5mm,geoopt_plastic_active,30.61721,-61.08945,-17.76728,-0.69852,0.71144,-0.07692,single
eplus,230901,runs/geometry_optimization_20260704/step02_instant_geo_opt_s1_bpe_w5_fullstat_v1/Background_eplus_fullsphere20_rep08_part01.inc1.id1.sim.gz,510.99886000000004,1376.161,102.67386840896744,225.02430623516867,70.5812215896139,side_wall,side,side_phi00_000deg,6.399687773593559,right_lower,GeoOpt_S1_PlasticFullWrap_SideShell_5mm,geoopt_plastic_active,46.13261,30.60791,-31.93325,-0.64275,-0.69017,0.33247,single
gamma,528434,runs/geometry_optimization_20260704/step02_instant_geo_opt_s1_bpe_w5_fullstat_v1/Background_gamma_fullsphere20_rep01_part12.inc1.id1.sim.gz,510.93292,1903.964,89.91167868136132,247.88859983944187,74.49926333419023,side_wall,side,side_phi03_135deg,113.34024143430025,right_lower,CsI_TopAnnulus_Segment_02,csi_active,4.42579,63.06536,-1.45905,-0.26507,-0.92645,0.26725,single
muminus,7838,runs/geometry_optimization_20260704/step02_instant_geo_opt_s1_bpe_w5_fullstat_v1/Background_muminus_fullsphere20_rep03_part01.inc1.id1.sim.gz,510.998862,1680.164,72.37259060454305,133.839068853114,47.08593537883963,side_wall,side,side_phi06_270deg,282.370754450458,right_lower,GeoOpt_S1_PlasticFullWrap_SideShell_5mm,geoopt_plastic_active,18.20161,-52.92219,-25.11215,-0.25264,0.68742,0.6809,single
muplus,4293,runs/geometry_optimization_20260704/step02_instant_geo_opt_s1_bpe_w5_fullstat_v1/Background_muplus_fullsphere20_rep01_part01.inc1.id1.sim.gz,510.99899999999997,556.224,96.1309423110723,53.63663777724051,119.49636342189004,envelope_miss,miss_current_outer_envelope,phi05_225deg,,left_upper,GeoOpt_S1_PlasticFullWrap_SideShell_5mm,geoopt_plastic_active,-38.13563,-30.77989,46.74763,0.34133,0.80067,-0.49237,keep
muplus,8447,runs/geometry_optimization_20260704/step02_instant_geo_opt_s1_bpe_w5_fullstat_v1/Background_muplus_fullsphere20_rep01_part01.inc1.id1.sim.gz,510.998917,2149.973,95.14822022806845,316.02644699336196,124.76935930937069,side_wall,side,side_phi03_135deg,144.7973918446583,left_upper,GeoOpt_S1_PlasticFullWrap_SideShell_5mm,geoopt_plastic_active,-35.07655,39.3334,31.24418,0.44337,-0.69152,-0.57027,single
muplus,9490,runs/geometry_optimization_20260704/step02_instant_geo_opt_s1_bpe_w5_fullstat_v1/Background_muplus_fullsphere20_rep02_part01.inc1.id1.sim.gz,510.998869,770.151,133.4752615256811,293.1522806688805,133.49317263857426,side_wall,side,side_phi03_135deg,153.92009874736576,left_upper,GeoOpt_S1_PlasticFullWrap_SideShell_5mm,geoopt_plastic_active,-10.50368,51.04364,48.38613,-0.28477,-0.66723,-0.68827,single
muplus,4675,runs/geometry_optimization_20260704/step02_instant_geo_opt_s1_bpe_w5_fullstat_v1/Background_muplus_fullsphere20_rep04_part01.inc1.id1.sim.gz,510.99890500000004,3425.736,129.30967104626333,105.02245069165099,107.82737491411142,side_wall,side,side_phi07_315deg,316.0828061545361,right_lower,GeoOpt_S1_PlasticFullWrap_SideShell_5mm,geoopt_plastic_active,35.69302,-61.00087,-8.53631,-0.58977,0.74729,-0.30615,veto
muplus,4435,runs/geometry_optimization_20260704/step02_instant_geo_opt_s1_bpe_w5_fullstat_v1/Background_muplus_fullsphere20_rep05_part01.inc1.id1.sim.gz,510.9989,14036.603,132.77386837935543,55.0014971537945,141.068830930633,envelope_miss,miss_current_outer_envelope,phi04_180deg,,left_upper,GeoOpt_S1_PlasticFullWrap_TopCap_5mm,geoopt_plastic_active,-2.21256,5.42137,87.38372,-0.1825,0.6013,-0.7779,keep
muplus,1383,runs/geometry_optimization_20260704/step02_instant_geo_opt_s1_bpe_w5_fullstat_v1/Background_muplus_fullsphere20_rep07_part01.inc1.id1.sim.gz,510.99889999999994,615.955,132.53406683194623,74.64711503579512,128.02309839251555,top,top,top_phi00_000deg,338.2112579394134,right_upper,Vacuum_Jacket_Al_266mmClass_side_port_side_wall_above_side_port,outer_mechanics,38.15046,-48.25701,27.6449,-0.34007,0.71058,-0.61598,single
muplus,2373,runs/geometry_optimization_20260704/step02_instant_geo_opt_s1_bpe_w5_fullstat_v1/Background_muplus_fullsphere20_rep07_part01.inc1.id1.sim.gz,510.998943,1492.262,93.1698320438007,321.2606971523479,126.14284549402906,envelope_miss,miss_current_outer_envelope,phi03_135deg,,left_upper,Vacuum_Jacket_Al_266mmClass_side_port_side_wall_above_side_port,outer_mechanics,-20.23382,28.34115,54.74951,0.5116,-0.62482,-0.5898,keep
muplus,1858,runs/geometry_optimization_20260704/step02_instant_geo_opt_s1_bpe_w5_fullstat_v1/Background_muplus_fullsphere20_rep08_part01.inc1.id1.sim.gz,510.99892,358.74,154.99288996202966,74.07624541079662,136.28856141307722,side_wall,side,side_phi06_270deg,290.4213008870109,right_upper,GeoOpt_S1_PlasticFullWrap_SideShell_5mm,geoopt_plastic_active,38.72152,-48.27644,33.88336,-0.55881,0.40651,-0.72283,keep
n,121496,runs/geometry_optimization_20260704/step02_instant_geo_opt_s1_bpe_w5_fullstat_v1/Background_n_fullsphere20_rep01_part01.inc1.id1.sim.gz,510.998874,1.287,42.51561412171598,97.52269383790312,54.284277589641775,side_wall,side,side_phi07_315deg,315.2974099528881,left_lower,MuMetal_MagShield_Outer_Cylinder_2mm,outer_mechanics,-11.22642,-37.72194,-42.65044,0.45864,0.66997,0.58376,single
n,167319,runs/geometry_optimization_20260704/step02_instant_geo_opt_s1_bpe_w5_fullstat_v1/Background_n_fullsphere20_rep01_part01.inc1.id1.sim.gz,510.99888,374.36,116.26309240758793,228.8064171277889,83.98780833655101,side_wall,side,side_phi02_090deg,79.67702600673444,right_lower,Outer_Al_Mechanical_Shell_detector_bay_side_wall_below_side_port,outer_mechanics,30.07172,58.18795,-15.04729,-0.73052,-0.67481,0.10474,keep
n,457587,runs/geometry_optimization_20260704/step02_instant_geo_opt_s1_bpe_w5_fullstat_v1/Background_n_fullsphere20_rep01_part01.inc1.id1.sim.gz,510.99890000000005,39.166,94.91349513745675,217.4720190536553,60.0946591617142,side_wall,side,side_phi00_000deg,5.187944725103808,right_lower,CsI_TopAnnulus_Segment_07,csi_active,45.25001,24.76627,-35.08197,-0.6197,-0.60614,0.49857,single
n,506085,runs/geometry_optimization_20260704/step02_instant_geo_opt_s1_bpe_w5_fullstat_v1/Background_n_fullsphere20_rep01_part01.inc1.id1.sim.gz,510.9989002489,107.802,84.43267191249814,197.16009951463028,42.17970661680174,side_wall,side,side_phi00_000deg,348.94308467725074,right_lower,Shield_4K_Al_side_window_bottom_cap,window_or_side_port,33.74533,4.65292,-50.79446,-0.60384,-0.29365,0.74104,keep
n,620364,runs/geometry_optimization_20260704/step02_instant_geo_opt_s1_bpe_w5_fullstat_v1/Background_n_fullsphere20_rep01_part01.inc1.id1.sim.gz,510.999,0.58,100.82692292921789,229.9357574684037,71.68747995089876,top,top,top_phi00_000deg,354.38622311791244,right_lower,ColdPlate_CP_100mK_intercept,other,44.92282,38.38009,-20.03188,-0.57985,-0.7517,0.3142,single
n,737005,runs/geometry_optimization_20260704/step02_instant_geo_opt_s1_bpe_w5_fullstat_v1/Background_n_fullsphere20_rep01_part01.inc1.id1.sim.gz,510.99891,11.383,40.52044135448122,248.15826942073775,44.8911278219601,side_wall,side,side_phi01_045deg,27.115823725746274,left_lower,GeoOpt_S1_PlasticFullWrap_SideShell_5mm,geoopt_plastic_active,-5.94772,28.8705,-50.22419,0.3666,-0.60308,0.70845,single
n,745151,runs/geometry_optimization_20260704/step02_instant_geo_opt_s1_bpe_w5_fullstat_v1/Background_n_fullsphere20_rep01_part01.inc1.id1.sim.gz,510.99894000000006,28883.468,110.42093411717266,231.88906561159394,80.66132811608922,top,top,top_phi01_045deg,57.311053531877164,right_lower,ColdPlate_CP_100mK_intercept,other,42.51448,45.20788,-6.18447,-0.65571,-0.73737,0.16227,keep
n,875954,runs/geometry_optimization_20260704/step02_instant_geo_opt_s1_bpe_w5_fullstat_v1/Background_n_fullsphere20_rep01_part01.inc1.id1.sim.gz,510.99892,3.694,113.66730235623831,73.63628075230802,117.7950841292676,side_wall,side,side_phi06_270deg,259.4408478366459,left_upper,GeoOpt_S1_PlasticFullWrap_SideShell_5mm,geoopt_plastic_active,-8.55558,-64.66189,14.13652,-0.10139,0.87879,-0.46631,single
n,10145,runs/geometry_optimization_20260704/step02_instant_geo_opt_s1_bpe_w5_fullstat_v1/Background_n_fullsphere20_rep02_part01.inc1.id1.sim.gz,510.998922,0.0,87.31738844976576,51.12357912764623,114.21922984194048,envelope_miss,miss_current_outer_envelope,phi05_225deg,,left_upper,G10_Support_Ring_60K_Top,g10_passive,-0.40666,-51.26889,47.87556,0.47642,0.77765,-0.41023,keep
n,272055,runs/geometry_optimization_20260704/step02_instant_geo_opt_s1_bpe_w5_fullstat_v1/Background_n_fullsphere20_rep02_part01.inc1.id1.sim.gz,510.9988400000001,189.653,61.60652897045375,249.48510470611293,56.3414774722085,bottom,bottom,bottom_phi01_045deg,54.37108058656015,left_lower,CsI_Bottom_Quadrant_00,csi_active,-13.23673,39.65654,-41.03185,0.11825,-0.82391,0.55424,single
n,296032,runs/geometry_optimization_20260704/step02_instant_geo_opt_s1_bpe_w5_fullstat_v1/Background_n_fullsphere20_rep02_part01.inc1.id1.sim.gz,510.99895999999995,0.036,158.41293526957568,272.21393422084907,131.8790232568053,top,top,top_phi06_270deg,271.5575088686222,right_upper,CsI_Side_Segment_06,csi_active,48.6144,4.35429,49.1759,-0.64746,-0.36764,-0.66756,single
n,804987,runs/geometry_optimization_20260704/step02_instant_geo_opt_s1_bpe_w5_fullstat_v1/Background_n_fullsphere20_rep02_part01.inc1.id1.sim.gz,510.99889999999994,0.628,39.270265253327025,217.38675480226306,25.438078374624293,side_wall,side,side_phi00_000deg,21.302505243534544,right_lower,GeoOpt_S1_PlasticFullWrap_SideShell_5mm,geoopt_plastic_active,7.47393,22.86954,-52.85176,0.19179,-0.38434,0.90305,keep
n,305203,runs/geometry_optimization_20260704/step02_instant_geo_opt_s1_bpe_w5_fullstat_v1/Background_n_fullsphere20_rep03_part01.inc1.id1.sim.gz,510.9989,1.951,41.74493581837809,330.635765071102,83.26544226490921,side_wall,side,side_phi03_135deg,115.10192565233977,left_lower,Outer_Al_Mechanical_Shell_detector_bay_bottom_cap,outer_mechanics,-46.18475,32.94576,-10.1405,0.9379,-0.32649,0.11727,single
n,314403,runs/geometry_optimization_20260704/step02_instant_geo_opt_s1_bpe_w5_fullstat_v1/Background_n_fullsphere20_rep03_part01.inc1.id1.sim.gz,510.99887,0.0,116.15145741101729,208.6021545170244,75.78215435651266,top,top,top_phi03_135deg,146.44598412245435,right_upper,Shield_60K_Al_side_window_side_wall_above_side_port,window_or_side_port,52.75632,39.55554,0.1627,-0.86892,-0.42972,0.24561,keep
n,457664,runs/geometry_optimization_20260704/step02_instant_geo_opt_s1_bpe_w5_fullstat_v1/Background_n_fullsphere20_rep03_part01.inc1.id1.sim.gz,510.9989,0.157,62.82075422296453,274.6468244330574,74.21494005671094,side_wall,side,side_phi02_090deg,78.1365263770651,left_lower,CsI_Side_Segment_01,csi_active,-12.73835,53.55512,-17.83233,0.37395,-0.88666,0.27203,single
n,556865,runs/geometry_optimization_20260704/step02_instant_geo_opt_s1_bpe_w5_fullstat_v1/Background_n_fullsphere20_rep03_part01.inc1.id1.sim.gz,510.99885000000006,116.244,27.211944245725736,105.34081121709046,44.40677442684192,envelope_miss,miss_current_outer_envelope,phi06_270deg,,left_lower,ColdPlate_4K,other,-7.26214,-53.16297,-37.74259,0.5433,0.44099,0.71439,single
n,681084,runs/geometry_optimization_20260704/step02_instant_geo_opt_s1_bpe_w5_fullstat_v1/Background_n_fullsphere20_rep03_part01.inc1.id1.sim.gz,510.9989,56.234,64.66786917942218,308.6374831973313,95.53825599945012,side_wall,side,side_phi02_090deg,88.24888444849398,left_lower,CsI_Side_Segment_01,csi_active,-30.5931,51.44161,-5.17106,0.7016,-0.706,-0.09651,single
n,714779,runs/geometry_optimization_20260704/step02_instant_geo_opt_s1_bpe_w5_fullstat_v1/Background_n_fullsphere20_rep03_part01.inc1.id1.sim.gz,510.99894,18.446,79.18004950161291,252.51386023335692,70.03590887471488,side_wall,side,side_phi02_090deg,103.44427275403041,left_lower,Cu_50mK_StillLike_Can_bottom_cap_2mm,other,-13.72853,57.32434,-18.00477,-0.07595,-0.93683,0.34143,single
n,191496,runs/geometry_optimization_20260704/step02_instant_geo_opt_s1_bpe_w5_fullstat_v1/Background_n_fullsphere20_rep04_part01.inc1.id1.sim.gz,510.9989268,1.635,127.44866413148209,202.8158985943407,84.98075712404919,top,top,top_phi06_270deg,257.9321438905076,right_upper,G10_Support_Ring_Still_4K,g10_passive,64.70867,8.72619,1.49153,-0.9474,-0.30785,0.08749,keep
n,192808,runs/geometry_optimization_20260704/step02_instant_geo_opt_s1_bpe_w5_fullstat_v1/Background_n_fullsphere20_rep04_part01.inc1.id1.sim.gz,510.9989,0.749,107.62771647001306,180.16472454712775,62.6278961625118,side_wall,side,side_phi02_090deg,73.86413395870403,right_lower,GeoOpt_S1_PlasticFullWrap_SideShell_5mm,geoopt_plastic_active,53.30601,26.95113,-31.56293,-0.88804,-0.00274,0.45977,single
n,264586,runs/geometry_optimization_20260704/step02_instant_geo_opt_s1_bpe_w5_fullstat_v1/Background_n_fullsphere20_rep04_part01.inc1.id1.sim.gz,510.998868,0.0,148.32191200552896,104.18382414954556,120.71492681970635,top,top,top_phi00_000deg,337.97781534027365,right_upper,G10_Support_Ring_4K_60K,g10_passive,47.79147,-30.74047,32.58918,-0.69275,0.50914,-0.51077,single
n,299408,runs/geometry_optimization_20260704/step02_instant_geo_opt_s1_bpe_w5_fullstat_v1/Background_n_fullsphere20_rep04_part01.inc1.id1.sim.gz,510.9989,2.206,62.75962694182918,104.56779157595079,61.19761297728467,bottom,bottom,bottom_phi03_135deg,122.07795821315925,left_lower,Outer_Al_Mechanical_Shell_detector_bay_side_wall_below_side_port,outer_mechanics,-33.86019,-37.6643,-39.5984,0.16553,0.86051,0.48179,single
n,533867,runs/geometry_optimization_20260704/step02_instant_geo_opt_s1_bpe_w5_fullstat_v1/Background_n_fullsphere20_rep04_part01.inc1.id1.sim.gz,510.99889999999994,0.0,76.83433565183184,312.0736220151578,107.4763205707439,envelope_miss,miss_current_outer_envelope,phi03_135deg,,left_upper,ColdPlate_Still_0p7K,other,-27.19056,46.08781,27.69979,0.62242,-0.72277,-0.30031,single
n,752100,runs/geometry_optimization_20260704/step02_instant_geo_opt_s1_bpe_w5_fullstat_v1/Background_n_fullsphere20_rep04_part01.inc1.id1.sim.gz,510.99889,0.098,36.87781585013144,325.63720360723585,77.56448497264489,bottom,bottom,bottom_phi04_180deg,178.76050191684172,left_lower,CsI_Bottom_Quadrant_02,csi_active,-53.56949,9.87636,-11.65711,0.91591,-0.33872,0.21534,single
n,773525,runs/geometry_optimization_20260704/step02_instant_geo_opt_s1_bpe_w5_fullstat_v1/Background_n_fullsphere20_rep04_part01.inc1.id1.sim.gz,510.99892099999994,3.332,45.04369550249382,345.64972191805947,89.14912888705425,side_wall,side,side_phi03_135deg,117.44863143832995,left_upper,GeoOpt_S1_PlasticFullWrap_SideShell_5mm,geoopt_plastic_active,-50.76374,32.4332,9.84538,0.98439,-0.17539,0.01485,keep
n,912165,runs/geometry_optimization_20260704/step02_instant_geo_opt_s1_bpe_w5_fullstat_v1/Background_n_fullsphere20_rep04_part01.inc1.id1.sim.gz,510.99886000000004,10045.786,68.73673126892547,45.890366959777204,101.66739409756035,envelope_miss,miss_current_outer_envelope,phi05_225deg,,left_upper,Plate_300K_Top_Service_Lid,other,-23.16021,-50.44049,36.51343,0.7151,0.66913,-0.20223,single
n,259704,runs/geometry_optimization_20260704/step02_instant_geo_opt_s1_bpe_w5_fullstat_v1/Background_n_fullsphere20_rep05_part01.inc1.id1.sim.gz,510.9989,550.368,56.182050164927446,22.93904230328651,98.48032612160554,bottom,bottom,bottom_phi04_180deg,194.91000982516638,left_lower,CsI_Bottom_Quadrant_01,csi_active,-57.11014,-14.0233,-9.81684,0.93456,0.32381,-0.14747,single
n,365643,runs/geometry_optimization_20260704/step02_instant_geo_opt_s1_bpe_w5_fullstat_v1/Background_n_fullsphere20_rep05_part01.inc1.id1.sim.gz,510.99898999999994,0.617,98.37450803815474,274.21560334059393,98.88258500638509,side_wall,side,side_phi02_090deg,95.30741933293504,left_upper,Outer_Al_Mechanical_Shell_detector_bay_side_wall_above_side_port,outer_mechanics,-1.21883,60.89165,5.88242,-0.05156,-0.98666,-0.15441,keep
n,545609,runs/geometry_optimization_20260704/step02_instant_geo_opt_s1_bpe_w5_fullstat_v1/Background_n_fullsphere20_rep05_part01.inc1.id1.sim.gz,510.99895000000004,0.167,136.34531039044083,80.37422688865998,126.3859383301482,side_wall,side,side_phi05_225deg,211.5622081301798,right_upper,CsI_Side_Segment_04_rectcut_window_band,csi_active,4.19544,-51.56951,46.6816,-0.42998,0.68059,-0.59322,single
n,591731,runs/geometry_optimization_20260704/step02_instant_geo_opt_s1_bpe_w5_fullstat_v1/Background_n_fullsphere20_rep05_part01.inc1.id1.sim.gz,510.998882,332.481,123.55771632707572,133.05090540015803,89.3479563494057,side_wall,side,side_phi07_315deg,302.8280268231445,right_lower,ActiveShield_Flex_Kapton_detector_bay_above_side_port,passive_shield_or_collimator,42.08502,-49.23079,-13.37221,-0.79312,0.60895,0.01138,keep
n,610192,runs/geometry_optimization_20260704/step02_instant_geo_opt_s1_bpe_w5_fullstat_v1/Background_n_fullsphere20_rep05_part01.inc1.id1.sim.gz,510.9988701,41.776,100.39084391916282,222.15726161922802,67.16674918396774,side_wall,side,side_phi00_000deg,347.82801655360464,right_lower,CsI_Side_Segment_07,csi_active,45.39339,24.5078,-40.646,-0.64312,-0.66016,0.38805,single
n,736476,runs/geometry_optimization_20260704/step02_instant_geo_opt_s1_bpe_w5_fullstat_v1/Background_n_fullsphere20_rep05_part01.inc1.id1.sim.gz,510.99895000000004,1.191,81.86950959132291,235.85777531950575,60.470032026880844,side_wall,side,side_phi01_045deg,65.53800411845565,right_lower,CsI_Side_Segment_01,csi_active,19.631,51.84134,-22.06943,-0.29287,-0.81933,0.49288,keep
n,795568,runs/geometry_optimization_20260704/step02_instant_geo_opt_s1_bpe_w5_fullstat_v1/Background_n_fullsphere20_rep05_part01.inc1.id1.sim.gz,510.99891,1.873,106.18223440527117,234.73733254635377,78.75580578971194,envelope_miss,miss_current_outer_envelope,phi01_045deg,,right_upper,ColdPlate_4K,other,50.46184,42.38474,6.12922,-0.58912,-0.78416,0.19499,single
n,813973,runs/geometry_optimization_20260704/step02_instant_geo_opt_s1_bpe_w5_fullstat_v1/Background_n_fullsphere20_rep05_part01.inc1.id1.sim.gz,510.99890000000005,2775.03,122.57366358043376,123.26475602695739,93.08686773219667,top,top,top_phi07_315deg,297.3981703611101,right_lower,Nb_MagShield_Inner_Cylinder_2mm,passive_shield_or_collimator,40.38741,-49.52939,-1.04494,-0.70754,0.70462,-0.05385,single
n,841723,runs/geometry_optimization_20260704/step02_instant_geo_opt_s1_bpe_w5_fullstat_v1/Background_n_fullsphere20_rep05_part01.inc1.id1.sim.gz,510.99892,0.235,41.674246623735115,307.468439272407,75.9859585185071,bottom,bottom,bottom_phi05_225deg,224.279731034039,left_lower,CsI_Side_Segment_04_below_side_port,csi_active,-60.39616,4.81298,-14.63702,0.81417,-0.52772,0.24216,single
n,894429,runs/geometry_optimization_20260704/step02_instant_geo_opt_s1_bpe_w5_fullstat_v1/Background_n_fullsphere20_rep05_part01.inc1.id1.sim.gz,510.99890544929997,0.0,21.243989008317154,35.17207574401585,63.280651485735554,bottom,bottom,bottom_phi00_000deg,338.1896392431825,left_lower,CsI_Bottom_Quadrant_03,csi_active,-43.49247,-7.59978,-32.74428,0.86849,0.20872,0.44962,keep
n,79531,runs/geometry_optimization_20260704/step02_instant_geo_opt_s1_bpe_w5_fullstat_v1/Background_n_fullsphere20_rep06_part01.inc1.id1.sim.gz,510.99899999999997,117.053,122.19194535624105,227.41267496329,88.38231961152538,side_wall,side,side_phi00_000deg,351.67980954381227,right_lower,CsI_Side_Segment_07,csi_active,55.8023,30.44984,-28.06734,-0.78166,-0.62306,0.02823,single
n,118972,runs/geometry_optimization_20260704/step02_instant_geo_opt_s1_bpe_w5_fullstat_v1/Background_n_fullsphere20_rep06_part01.inc1.id1.sim.gz,510.99898,0.555,73.25124663603061,8.459563009049056,117.77313578055069,envelope_miss,miss_current_outer_envelope,phi04_180deg,,left_upper,DR_MXC_Sinter_HEX_AgProxy,other,-36.17446,-0.44933,56.88719,0.87351,0.14087,-0.46597,keep
n,158363,runs/geometry_optimization_20260704/step02_instant_geo_opt_s1_bpe_w5_fullstat_v1/Background_n_fullsphere20_rep06_part01.inc1.id1.sim.gz,510.99889999999994,23.704,93.18605360377003,197.65821427932235,50.69498339124741,top,top,top_phi00_000deg,340.27971079728565,right_lower,MuMetal_MagShield_Outer_Back_ColdFingerCap_2mm,outer_mechanics,50.64849,3.60773,-36.61864,-0.71205,-0.30287,0.63345,keep
n,164833,runs/geometry_optimization_20260704/step02_instant_geo_opt_s1_bpe_w5_fullstat_v1/Background_n_fullsphere20_rep06_part01.inc1.id1.sim.gz,510.99892,0.056,34.73151750169648,265.04447500134813,51.98103801064732,bottom,bottom,bottom_phi03_135deg,139.71993266163116,left_lower,Still_Shield_Al_side_window_bottom_cap,window_or_side_port,-42.7525,28.69194,-24.57957,0.54632,-0.5676,0.61592,keep
n,180531,runs/geometry_optimization_20260704/step02_instant_geo_opt_s1_bpe_w5_fullstat_v1/Background_n_fullsphere20_rep06_part01.inc1.id1.sim.gz,510.998864,0.0,70.98890478369107,342.7573450288039,114.08877533491264,side_wall,side,side_phi03_135deg,118.13716350681467,left_upper,GeoOpt_S1_PlasticFullWrap_SideShell_5mm,geoopt_plastic_active,-47.35727,34.70804,17.29504,0.86883,-0.28025,-0.40815,keep
n,251935,runs/geometry_optimization_20260704/step02_instant_geo_opt_s1_bpe_w5_fullstat_v1/Background_n_fullsphere20_rep06_part01.inc1.id1.sim.gz,510.998876,27.819,27.44572460175091,272.2262118619291,52.058224084369556,bottom,bottom,bottom_phi06_270deg,280.69158327427124,left_lower,GeoOpt_S1_PlasticFullWrap_SideShell_5mm,geoopt_plastic_active,-42.45693,-5.64216,-48.4389,0.64018,-0.46056,0.61486,single
n,399655,runs/geometry_optimization_20260704/step02_instant_geo_opt_s1_bpe_w5_fullstat_v1/Background_n_fullsphere20_rep06_part01.inc1.id1.sim.gz,510.9988900000001,1.168,85.47877604619771,210.9386907481106,48.673356955090384,side_wall,side,side_phi00_000deg,356.9822164881973,right_lower,GeoOpt_S1_PlasticFullWrap_BottomCap_5mm,geoopt_plastic_active,22.2071,16.26036,-59.02429,-0.54887,-0.51252,0.66035,keep
n,634987,runs/geometry_optimization_20260704/step02_instant_geo_opt_s1_bpe_w5_fullstat_v1/Background_n_fullsphere20_rep06_part01.inc1.id1.sim.gz,510.998891,1.031,88.26330086952977,122.24706565185517,66.51253531636789,envelope_miss,miss_current_outer_envelope,phi07_315deg,,right_lower,NbTi_Bundle_Still_4K,other,31.81048,-52.00385,-11.36772,-0.35569,0.84537,0.39855,single
n,107826,runs/geometry_optimization_20260704/step02_instant_geo_opt_s1_bpe_w5_fullstat_v1/Background_n_fullsphere20_rep07_part01.inc1.id1.sim.gz,510.998895,26.445,79.44027242584282,104.61219869718907,72.24488935327501,side_wall,side,side_phi05_225deg,229.12441150303826,left_lower,CsI_Bottom_Quadrant_02,csi_active,-19.27162,-60.24986,-7.88637,-0.04578,0.95127,0.30495,single
n,243793,runs/geometry_optimization_20260704/step02_instant_geo_opt_s1_bpe_w5_fullstat_v1/Background_n_fullsphere20_rep07_part01.inc1.id1.sim.gz,510.9989,12.063,131.82374384621053,187.39931446115122,87.0755118144922,top,top,top_phi03_135deg,132.2577960940133,right_upper,CsI_Side_Segment_03_above_side_port,csi_active,63.26945,19.53351,10.48338,-0.99408,-0.09597,0.05102,single
n,252059,runs/geometry_optimization_20260704/step02_instant_geo_opt_s1_bpe_w5_fullstat_v1/Background_n_fullsphere20_rep07_part01.inc1.id1.sim.gz,510.9989,27.357,24.354358592059025,31.856241452223262,66.63989154972795,bottom,bottom,bottom_phi02_090deg,81.12782271185945,left_lower,Passive_W_Bottom_Plate_detector_bay,other,-47.5411,4.77911,-32.4217,0.89186,0.21765,0.39651,single
n,329030,runs/geometry_optimization_20260704/step02_instant_geo_opt_s1_bpe_w5_fullstat_v1/Background_n_fullsphere20_rep07_part01.inc1.id1.sim.gz,510.99887,0.525,108.81865361611032,237.51574796442316,82.45126091526367,top,top,top_phi03_135deg,125.56885907972746,right_upper,Shield_60K_Al_side_window_side_wall_above_side_port,window_or_side_port,34.65676,52.5204,1.89734,-0.58756,-0.79845,0.13137,keep
n,361381,runs/geometry_optimization_20260704/step02_instant_geo_opt_s1_bpe_w5_fullstat_v1/Background_n_fullsphere20_rep07_part01.inc1.id1.sim.gz,510.99890999999997,15.082,43.17502546396819,127.05009431383442,36.17874280920832,bottom,bottom,bottom_phi07_315deg,307.9359907762586,left_lower,CsI_Side_Segment_06,csi_active,-10.00281,-31.59404,-44.44335,0.22416,0.54609,0.80718,single
n,602847,runs/geometry_optimization_20260704/step02_instant_geo_opt_s1_bpe_w5_fullstat_v1/Background_n_fullsphere20_rep07_part01.inc1.id1.sim.gz,510.99890000000005,0.015,78.06961578343555,275.54458723840514,85.44993608497377,side_wall,side,side_phi02_090deg,83.24870574518162,left_lower,ActiveShield_Flex_Kapton_detector_bay_below_side_port,passive_shield_or_collimator,-12.95444,56.31798,-13.66505,0.21302,-0.97382,0.07933,single
n,668801,runs/geometry_optimization_20260704/step02_instant_geo_opt_s1_bpe_w5_fullstat_v1/Background_n_fullsphere20_rep07_part01.inc1.id1.sim.gz,510.998915,0.021,115.23156689627821,125.55181952402098,85.95788338114713,side_wall,side,side_phi07_315deg,322.36361749152917,right_lower,CsI_Bottom_Quadrant_03,csi_active,35.67774,-49.81339,-28.69434,-0.67334,0.73597,0.07049,keep
n,928441,runs/geometry_optimization_20260704/step02_instant_geo_opt_s1_bpe_w5_fullstat_v1/Background_n_fullsphere20_rep07_part01.inc1.id1.sim.gz,510.998873,0.0,89.21278314619052,319.6134149452179,121.92646004559047,envelope_miss,miss_current_outer_envelope,phi03_135deg,,left_upper,Vacuum_Jacket_Al_266mmClass_side_port_side_wall_above_side_port,outer_mechanics,-11.0468,45.83202,45.69039,0.54826,-0.64788,-0.52883,single
n,137864,runs/geometry_optimization_20260704/step02_instant_geo_opt_s1_bpe_w5_fullstat_v1/Background_n_fullsphere20_rep08_part01.inc1.id1.sim.gz,510.998912394,51.949,48.17061110956641,69.79929905924571,73.16359724153021,side_wall,side,side_phi05_225deg,230.80657648428104,left_lower,CsI_Side_Segment_05,csi_active,-40.6185,-39.04288,-6.61988,0.65352,0.6993,0.28964,keep
n,357387,runs/geometry_optimization_20260704/step02_instant_geo_opt_s1_bpe_w5_fullstat_v1/Background_n_fullsphere20_rep08_part01.inc1.id1.sim.gz,510.99891,0.001,105.29566988971007,187.76533244593165,60.70740909212368,top,top,top_phi02_090deg,77.56306276795665,right_lower,ColdPlate_CP_100mK_intercept,other,55.04151,20.47059,-23.59173,-0.86234,-0.13033,0.48927,single
n,370386,runs/geometry_optimization_20260704/step02_instant_geo_opt_s1_bpe_w5_fullstat_v1/Background_n_fullsphere20_rep08_part01.inc1.id1.sim.gz,510.99897999999996,4.173,113.77425789452232,164.75723790232018,70.16706506383107,top,top,top_phi05_225deg,235.7453396978903,right_lower,CsI_TopAnnulus_Segment_04,csi_active,56.87048,-33.01415,-8.54426,-0.9094,0.2406,0.33928,veto
n,585146,runs/geometry_optimization_20260704/step02_instant_geo_opt_s1_bpe_w5_fullstat_v1/Background_n_fullsphere20_rep08_part01.inc1.id1.sim.gz,510.99895559999993,0.0,54.27229738993553,121.66801828807532,44.41680177098529,side_wall,side,side_phi07_315deg,295.01119194117376,right_lower,GeoOpt_S1_PlasticFullWrap_SideShell_5mm,geoopt_plastic_active,7.10254,-50.22456,-31.33658,0.11154,0.69093,0.71427,veto
n,745296,runs/geometry_optimization_20260704/step02_instant_geo_opt_s1_bpe_w5_fullstat_v1/Background_n_fullsphere20_rep08_part01.inc1.id1.sim.gz,510.99894280000007,1.076,81.4014238897099,230.15498274505666,56.38012658573708,side_wall,side,side_phi01_045deg,26.775495945017994,right_lower,CsI_Side_Segment_00,csi_active,23.20765,37.28393,-41.18614,-0.34224,-0.75915,0.55368,veto
n,748880,runs/geometry_optimization_20260704/step02_instant_geo_opt_s1_bpe_w5_fullstat_v1/Background_n_fullsphere20_rep08_part01.inc1.id1.sim.gz,510.998966,6.622,76.95455294467665,188.61574886296893,32.786462333939554,side_wall,side,side_phi00_000deg,17.80463915473385,right_lower,ColdPlate_MXC_50mK_SD_anchor,other,27.60636,12.85398,-50.30934,-0.52147,-0.14594,0.84069,keep
n,821539,runs/geometry_optimization_20260704/step02_instant_geo_opt_s1_bpe_w5_fullstat_v1/Background_n_fullsphere20_rep08_part01.inc1.id1.sim.gz,510.9989,0.547,115.289835021981,158.2891200000182,73.0277054604211,top,top,top_phi06_270deg,290.9060934802841,right_lower,ColdPlate_CP_100mK_intercept,other,51.95579,-36.4594,-13.57523,-0.89606,0.33447,0.29191,single
n,887540,runs/geometry_optimization_20260704/step02_instant_geo_opt_s1_bpe_w5_fullstat_v1/Background_n_fullsphere20_rep08_part01.inc1.id1.sim.gz,510.9989,10.936,75.16043157087718,274.99385165706485,83.01556682827324,side_wall,side,side_phi03_135deg,152.22353713123505,left_upper,CsI_Bottom_Quadrant_01,csi_active,-36.40783,51.9398,3.31397,0.2406,-0.96298,0.1216,single
p,215891,runs/geometry_optimization_20260704/step02_instant_geo_opt_s1_bpe_w5_fullstat_v1/Background_p_fullsphere20_rep08_part01.inc1.id1.sim.gz,510.998912,141846.916,143.7484105937436,197.83489306577877,99.91518967835043,top,top,top_phi01_045deg,38.975794654865474,right_lower,GeoOpt_S1_PlasticFullWrap_TopCap_5mm,geoopt_plastic_active,62.86741,23.51224,-0.05953,-0.96827,-0.18111,-0.17219,keep
activation,11555,runs/geometry_optimization_20260704/step02_delayed_transport_geo_opt_s1_bpe_w5_fullstat_v1/DelayedDecayGeoOptS1BpeW5FullstatV1.inc1.id1.sim.gz,510.998946,2000.0,140.0052166249785,282.635618219364,129.8762739109177,bottom,bottom,bottom_phi06_270deg,270.7495487192017,left_upper,ColdPlate_MXC_50mK_SD_anchor,other,-2.93582,0.63,2.82411,-0.4423,-0.62715,-0.64113,single
activation,15164,runs/geometry_optimization_20260704/step02_delayed_transport_geo_opt_s1_bpe_w5_fullstat_v1/DelayedDecayGeoOptS1BpeW5FullstatV1.inc1.id1.sim.gz,510.9989,2000.0,63.38764010416801,58.944392015299684,90.53744207628148,top,top,top_phi01_045deg,23.202809586224056,right_upper,ColdPlate_CP_100mK_intercept,other,6.93191,-1.33261,0.19519,0.64288,0.76591,-0.00938,single
activation,15495,runs/geometry_optimization_20260704/step02_delayed_transport_geo_opt_s1_bpe_w5_fullstat_v1/DelayedDecayGeoOptS1BpeW5FullstatV1.inc1.id1.sim.gz,510.9989,2000.0,96.24547341955059,243.91205109702838,76.57455325699236,side_wall,side,side_phi05_225deg,214.47868528851194,left_upper,ColdPlate_MXC_50mK_SD_anchor,other,-8.5342,6.32084,8.67781,-0.38603,-0.89279,0.23218,single
activation,96906,runs/geometry_optimization_20260704/step02_delayed_transport_geo_opt_s1_bpe_w5_fullstat_v1/DelayedDecayGeoOptS1BpeW5FullstatV1.inc1.id1.sim.gz,510.99892,2000.0,101.27071241457834,185.24901848523822,56.47082346378616,side_window,side,side_neg_x_window_axis_pm15deg,176.0366982380218,right_lower,ColdPlate_CP_100mK_intercept,other,9.42656,5.23501,-2.11243,-0.82876,-0.08972,0.55236,veto
activation,114227,runs/geometry_optimization_20260704/step02_delayed_transport_geo_opt_s1_bpe_w5_fullstat_v1/DelayedDecayGeoOptS1BpeW5FullstatV1.inc1.id1.sim.gz,510.99890200000004,2000.0,76.3749732752378,277.45894976007924,85.56314499499923,side_wall,side,side_phi06_270deg,278.1084894838932,right_lower,ColdPlate_MXC_50mK_SD_anchor,other,0.18765,0.02242,-0.25931,0.25578,-0.96363,0.07736,keep
activation,117236,runs/geometry_optimization_20260704/step02_delayed_transport_geo_opt_s1_bpe_w5_fullstat_v1/DelayedDecayGeoOptS1BpeW5FullstatV1.inc1.id1.sim.gz,510.99887700000005,2000.0,172.19558023709052,229.2877073700229,129.63744173955936,bottom,bottom,bottom_phi00_000deg,14.438873230268115,right_lower,GeoOpt_S1_PlasticFullWrap_TopCap_5mm,geoopt_plastic_active,19.10341,7.55957,-8.65185,-0.76319,-0.10293,-0.63793,single
activation,129251,runs/geometry_optimization_20260704/step02_delayed_transport_geo_opt_s1_bpe_w5_fullstat_v1/DelayedDecayGeoOptS1BpeW5FullstatV1.inc1.id1.sim.gz,510.99893,2000.0,87.28575976699913,4.036308946547753,132.1502239129567,side_wall,side,side_phi07_315deg,336.304328227226,left_lower,Cu_50mK_StillLike_Can_bottom_cap_2mm,other,-8.46564,-13.16607,-5.44118,0.73805,0.07031,-0.67108,veto
activation,207005,runs/geometry_optimization_20260704/step02_delayed_transport_geo_opt_s1_bpe_w5_fullstat_v1/DelayedDecayGeoOptS1BpeW5FullstatV1.inc1.id1.sim.gz,510.99884599999996,2000.0,48.28970684400271,93.54777454942993,59.791467716600195,top,top,top_phi02_090deg,105.36120383607496,left_upper,ColdPlate_MXC_50mK_SD_anchor,other,-1.38896,1.3645,1.6685,0.43782,0.74509,0.50315,keep
activation,251391,runs/geometry_optimization_20260704/step02_delayed_transport_geo_opt_s1_bpe_w5_fullstat_v1/DelayedDecayGeoOptS1BpeW5FullstatV1.inc1.id1.sim.gz,510.99888999999996,2000.0,138.6161018165224,228.89716258022196,102.89823024386037,bottom,bottom,bottom_phi05_225deg,233.35632900098966,right_lower,ColdPlate_MXC_50mK_SD_anchor,other,1.4958,0.5423,-1.89057,-0.83786,-0.49816,-0.22322,single
activation,254504,runs/geometry_optimization_20260704/step02_delayed_transport_geo_opt_s1_bpe_w5_fullstat_v1/DelayedDecayGeoOptS1BpeW5FullstatV1.inc1.id1.sim.gz,510.9989,2000.0,76.45090856894566,198.970848388949,35.33848364942214,side_wall,side,side_phi05_225deg,206.2121080195808,left_lower,Cu_50mK_StillLike_Can_bottom_cap_2mm,other,-10.89593,-5.63766,-3.00144,-0.48443,-0.31604,0.81575,single
activation,268065,runs/geometry_optimization_20260704/step02_delayed_transport_geo_opt_s1_bpe_w5_fullstat_v1/DelayedDecayGeoOptS1BpeW5FullstatV1.inc1.id1.sim.gz,510.998886,2000.0,110.0068302960028,341.20701044267,150.5676265903379,side_wall,side,side_phi07_315deg,320.4313411388787,left_upper,Cu_50mK_StillLike_Can_side_wall_rectcut_window_band,window_or_side_port,-14.58625,-5.62058,5.49971,0.38709,-0.30271,-0.87094,single
activation,312666,runs/geometry_optimization_20260704/step02_delayed_transport_geo_opt_s1_bpe_w5_fullstat_v1/DelayedDecayGeoOptS1BpeW5FullstatV1.inc1.id1.sim.gz,510.99890000000005,2000.0,170.31878762734448,122.64527959850689,129.2637747640521,bottom,bottom,bottom_phi02_090deg,103.88561521157956,left_lower,Cu_50mK_StillLike_Can_bottom_cap_2mm,other,-6.52782,0.46758,-7.46004,-0.76118,0.1416,-0.63289,single
activation,351355,runs/geometry_optimization_20260704/step02_delayed_transport_geo_opt_s1_bpe_w5_fullstat_v1/DelayedDecayGeoOptS1BpeW5FullstatV1.inc1.id1.sim.gz,510.99895,2000.0,96.16111451549284,19.097680125999386,137.7501322506306,side_wall,side,side_phi00_000deg,12.992905096469679,right_lower,ColdPlate_MXC_50mK_SD_anchor,other,7.97934,0.84698,-8.3052,0.58844,0.32529,-0.74022,veto
activation,400295,runs/geometry_optimization_20260704/step02_delayed_transport_geo_opt_s1_bpe_w5_fullstat_v1/DelayedDecayGeoOptS1BpeW5FullstatV1.inc1.id1.sim.gz,510.998865,2000.0,10.383536263557454,126.18027129029237,39.57764458425373,top,top,top_phi06_270deg,248.0419253169636,left_upper,ColdPlate_MXC_50mK_SD_anchor,other,-0.43968,-4.19602,0.06219,0.62029,0.14548,0.77076,single
activation,433569,runs/geometry_optimization_20260704/step02_delayed_transport_geo_opt_s1_bpe_w5_fullstat_v1/DelayedDecayGeoOptS1BpeW5FullstatV1.inc1.id1.sim.gz,510.998893,2000.0,151.57057672965558,16.7734031343196,160.75998749745213,bottom,bottom,bottom_phi03_135deg,141.92429604354376,left_upper,Cu_50mK_StillLike_Can_bottom_cap_2mm,other,-17.0641,3.47585,3.25224,-0.29952,0.13739,-0.94415,single
activation,450836,runs/geometry_optimization_20260704/step02_delayed_transport_geo_opt_s1_bpe_w5_fullstat_v1/DelayedDecayGeoOptS1BpeW5FullstatV1.inc1.id1.sim.gz,510.99893499999996,2000.0,109.01279029529107,92.09679350563898,101.88222555656772,side_wall,side,side_phi02_090deg,93.14041710781238,left_upper,ColdPlate_MXC_50mK_SD_anchor,other,-0.43968,-4.19602,0.06219,-0.25482,0.94481,-0.2059,keep
activation,470343,runs/geometry_optimization_20260704/step02_delayed_transport_geo_opt_s1_bpe_w5_fullstat_v1/DelayedDecayGeoOptS1BpeW5FullstatV1.inc1.id1.sim.gz,510.99893999999995,2000.0,95.40817292878756,332.1453499730239,133.55419974129114,side_wall,side,side_phi07_315deg,319.886123342612,right_lower,GeoOpt_S1_PlasticFullWrap_TopCap_5mm,geoopt_plastic_active,17.81178,-15.98072,-7.02307,0.55575,-0.46515,-0.68904,single
activation,504073,runs/geometry_optimization_20260704/step02_delayed_transport_geo_opt_s1_bpe_w5_fullstat_v1/DelayedDecayGeoOptS1BpeW5FullstatV1.inc1.id1.sim.gz,510.99881,2000.0,128.1717482783988,295.9891420474147,132.89075604644708,side_wall,side,side_phi06_270deg,275.01273283477906,left_upper,ColdPlate_CP_100mK_intercept,other,-3.65382,-1.73548,10.86352,-0.19341,-0.70666,-0.6806,single
activation,525488,runs/geometry_optimization_20260704/step02_delayed_transport_geo_opt_s1_bpe_w5_fullstat_v1/DelayedDecayGeoOptS1BpeW5FullstatV1.inc1.id1.sim.gz,510.9989,2000.0,125.35812994404277,253.5689462795888,104.24515913588294,side_wall,side,side_phi05_225deg,235.52449947991096,left_upper,ColdPlate_CP_100mK_intercept,other,-3.42558,-1.86133,10.09294,-0.57231,-0.78224,-0.24607,single
activation,533430,runs/geometry_optimization_20260704/step02_delayed_transport_geo_opt_s1_bpe_w5_fullstat_v1/DelayedDecayGeoOptS1BpeW5FullstatV1.inc1.id1.sim.gz,510.99889,2000.0,27.981624602442942,64.65567556318223,61.155787223805376,top,top,top_phi01_045deg,43.25778764380769,right_lower,ColdPlate_MXC_50mK_SD_anchor,other,6.51992,6.65534,-6.57984,0.76646,0.42403,0.48243,single
activation,571424,runs/geometry_optimization_20260704/step02_delayed_transport_geo_opt_s1_bpe_w5_fullstat_v1/DelayedDecayGeoOptS1BpeW5FullstatV1.inc1.id1.sim.gz,510.998822,2000.0,106.70208380834505,275.3840680296012,105.47209096512216,side_wall,side,side_phi06_270deg,288.079635028471,right_lower,ColdPlate_MXC_50mK_SD_anchor,other,4.01067,5.71999,-3.93676,-0.13967,-0.95359,-0.26677,single
activation,572560,runs/geometry_optimization_20260704/step02_delayed_transport_geo_opt_s1_bpe_w5_fullstat_v1/DelayedDecayGeoOptS1BpeW5FullstatV1.inc1.id1.sim.gz,510.99889,2000.0,99.87964963441942,183.03436616816518,54.948036339480545,side_window,side,side_neg_x_window_axis_pm15deg,188.37211266779317,left_upper,ColdPlate_MXC_50mK_SD_anchor,other,-6.44439,-3.09336,6.74219,-0.81697,-0.05215,0.57432,single
activation,615007,runs/geometry_optimization_20260704/step02_delayed_transport_geo_opt_s1_bpe_w5_fullstat_v1/DelayedDecayGeoOptS1BpeW5FullstatV1.inc1.id1.sim.gz,510.99882899999994,2000.0,68.1861448542661,277.8564948385153,80.03652710802818,top,top,top_phi07_315deg,297.96534067346306,right_lower,ColdPlate_MXC_50mK_SD_anchor,other,3.66391,4.35105,-3.50037,0.35249,-0.91968,0.17302,veto
activation,636280,runs/geometry_optimization_20260704/step02_delayed_transport_geo_opt_s1_bpe_w5_fullstat_v1/DelayedDecayGeoOptS1BpeW5FullstatV1.inc1.id1.sim.gz,510.9988900000001,2000.0,65.5229033880733,313.65729415986976,98.70227612755286,top,top,top_phi01_045deg,24.136653689075445,right_lower,ColdPlate_CP_100mK_intercept,other,9.62233,10.42158,-2.77972,0.73725,-0.65846,-0.1513,keep
activation,647478,runs/geometry_optimization_20260704/step02_delayed_transport_geo_opt_s1_bpe_w5_fullstat_v1/DelayedDecayGeoOptS1BpeW5FullstatV1.inc1.id1.sim.gz,510.998869,2000.0,102.18302599980655,264.33609129654,94.64660541284907,side_wall,side,side_phi06_270deg,275.57378608443474,right_lower,ColdPlate_MXC_50mK_SD_anchor,other,3.51001,-3.69103,-3.6993,-0.21744,-0.97271,-0.08101,single
activation,668251,runs/geometry_optimization_20260704/step02_delayed_transport_geo_opt_s1_bpe_w5_fullstat_v1/DelayedDecayGeoOptS1BpeW5FullstatV1.inc1.id1.sim.gz,510.99889999999994,2000.0,42.11735229177957,69.27736451761139,69.1016107617121,top,top,top_phi04_180deg,171.09361419861355,left_upper,ColdPlate_MXC_50mK_SD_anchor,other,-3.0384,-6.03341,3.29448,0.69231,0.62726,0.35671,single
activation,703229,runs/geometry_optimization_20260704/step02_delayed_transport_geo_opt_s1_bpe_w5_fullstat_v1/DelayedDecayGeoOptS1BpeW5FullstatV1.inc1.id1.sim.gz,510.9989,2000.0,127.91436203046847,143.58248678949747,89.17433908998872,side_wall,side,side_phi03_135deg,145.90599723030724,left_upper,ColdPlate_MXC_50mK_SD_anchor,other,-6.17621,4.99752,6.09838,-0.88342,0.46836,0.01441,single
activation,708132,runs/geometry_optimization_20260704/step02_delayed_transport_geo_opt_s1_bpe_w5_fullstat_v1/DelayedDecayGeoOptS1BpeW5FullstatV1.inc1.id1.sim.gz,510.99898999999994,2000.0,154.05450065594948,134.57413514881694,114.75329292473276,bottom,bottom,bottom_phi04_180deg,181.77608068554926,left_upper,ColdPlate_MXC_50mK_SD_anchor,other,-7.63546,-8.73485,7.52796,-0.85296,0.31166,-0.41871,keep
activation,709836,runs/geometry_optimization_20260704/step02_delayed_transport_geo_opt_s1_bpe_w5_fullstat_v1/DelayedDecayGeoOptS1BpeW5FullstatV1.inc1.id1.sim.gz,510.99897,2000.0,117.92467793557726,350.6682682207777,161.37898405039667,side_wall,side,side_phi00_000deg,342.36168379966347,left_upper,ColdPlate_MXC_50mK_SD_anchor,other,-2.85747,-3.4663,2.46519,0.28536,-0.14327,-0.94765,single
activation,771454,runs/geometry_optimization_20260704/step02_delayed_transport_geo_opt_s1_bpe_w5_fullstat_v1/DelayedDecayGeoOptS1BpeW5FullstatV1.inc1.id1.sim.gz,510.99897,2000.0,112.20058989493177,13.12614775261198,154.79121670681437,top,top,top_phi02_090deg,73.79472611337565,right_upper,Shield_4K_Al_side_window_side_wall_above_side_port,window_or_side_port,5.74893,17.64014,10.56415,0.3704,0.21026,-0.90476,single
activation,781207,runs/geometry_optimization_20260704/step02_delayed_transport_geo_opt_s1_bpe_w5_fullstat_v1/DelayedDecayGeoOptS1BpeW5FullstatV1.inc1.id1.sim.gz,510.99894,2000.0,51.23978533120819,3.3105198894651573,96.18675422407715,side_wall,side,side_phi00_000deg,349.53195660448137,right_lower,Cu_50mK_StillLike_Can_bottom_cap_2mm,other,0.63011,-6.04198,-14.38325,0.99316,0.04503,-0.10777,single
activation,782565,runs/geometry_optimization_20260704/step02_delayed_transport_geo_opt_s1_bpe_w5_fullstat_v1/DelayedDecayGeoOptS1BpeW5FullstatV1.inc1.id1.sim.gz,510.99894,2000.0,83.07344378406033,266.7238630546909,82.79672761321652,side_wall,side,side_phi06_270deg,256.1880411499981,left_upper,ColdPlate_MXC_50mK_SD_anchor,other,-3.42437,2.11089,3.6312,0.04516,-0.99108,0.12539,single
activation,868540,runs/geometry_optimization_20260704/step02_delayed_transport_geo_opt_s1_bpe_w5_fullstat_v1/DelayedDecayGeoOptS1BpeW5FullstatV1.inc1.id1.sim.gz,510.998909,2000.0,127.25115758184837,136.19504940523208,91.24971669857378,side_wall,side,side_phi03_135deg,153.73565939720345,left_upper,ColdPlate_MXC_50mK_SD_anchor,other,-7.07221,-1.88121,7.33312,-0.83423,0.55099,-0.02181,keep
activation,904439,runs/geometry_optimization_20260704/step02_delayed_transport_geo_opt_s1_bpe_w5_fullstat_v1/DelayedDecayGeoOptS1BpeW5FullstatV1.inc1.id1.sim.gz,510.99889999999994,2000.0,41.86086834245034,260.4730237400512,52.79057304972511,top,top,top_phi07_315deg,323.4388810018096,right_lower,Cu_50mK_StillLike_Can_bottom_cap_2mm,other,0.89956,9.15314,-14.62245,0.44853,-0.65812,0.60473,single
activation,905843,runs/geometry_optimization_20260704/step02_delayed_transport_geo_opt_s1_bpe_w5_fullstat_v1/DelayedDecayGeoOptS1BpeW5FullstatV1.inc1.id1.sim.gz,510.998853,2000.0,90.72846518113407,268.85489955720413,89.70549854854691,side_wall,side,side_phi06_270deg,250.5177014068961,left_upper,ColdPlate_MXC_50mK_SD_anchor,other,-6.17621,4.99752,6.09838,-0.02312,-0.99972,0.00514,single
activation,915159,runs/geometry_optimization_20260704/step02_delayed_transport_geo_opt_s1_bpe_w5_fullstat_v1/DelayedDecayGeoOptS1BpeW5FullstatV1.inc1.id1.sim.gz,510.9989,2000.0,15.094114422987687,177.50852344938983,29.925882520818494,top,top,top_phi03_135deg,123.06366090475376,left_lower,Cu_50mK_StillLike_Can_bottom_cap_2mm,other,-8.02438,9.47643,-5.76028,0.49875,0.01132,0.86667,single
activation,938337,runs/geometry_optimization_20260704/step02_delayed_transport_geo_opt_s1_bpe_w5_fullstat_v1/DelayedDecayGeoOptS1BpeW5FullstatV1.inc1.id1.sim.gz,510.99886,2000.0,41.201616442169986,293.9213246671899,69.93050221823107,envelope_miss,miss_current_outer_envelope,phi04_180deg,,right_upper,ColdPlate_4K,other,6.20523,3.78061,22.12378,0.72089,-0.60213,0.34316,keep
activation,942128,runs/geometry_optimization_20260704/step02_delayed_transport_geo_opt_s1_bpe_w5_fullstat_v1/DelayedDecayGeoOptS1BpeW5FullstatV1.inc1.id1.sim.gz,510.99892,2000.0,68.82466200584139,231.9582643417847,48.5668425117924,envelope_miss,miss_current_outer_envelope,phi06_270deg,,right_upper,ColdPlate_4K,other,14.18149,-3.02603,13.91497,-0.1509,-0.73439,0.66175,single
activation,965379,runs/geometry_optimization_20260704/step02_delayed_transport_geo_opt_s1_bpe_w5_fullstat_v1/DelayedDecayGeoOptS1BpeW5FullstatV1.inc1.id1.sim.gz,510.99887,2000.0,46.732328842861854,181.42908527037824,2.0131174906973204,top,top,top_phi05_225deg,218.99792767580655,left_lower,Cu_50mK_StillLike_Can_bottom_cap_2mm,other,-3.43226,-10.58142,-10.46727,-0.03007,-0.01816,0.99938,keep
activation,965527,runs/geometry_optimization_20260704/step02_delayed_transport_geo_opt_s1_bpe_w5_fullstat_v1/DelayedDecayGeoOptS1BpeW5FullstatV1.inc1.id1.sim.gz,510.99895,2000.0,63.26871630970494,268.9085126363289,70.72567493609539,top,top,top_phi06_270deg,248.6648427308578,left_upper,ColdPlate_MXC_50mK_SD_anchor,other,-5.22349,-4.22584,5.17697,0.30603,-0.89296,0.33009,veto
activation,971541,runs/geometry_optimization_20260704/step02_delayed_transport_geo_opt_s1_bpe_w5_fullstat_v1/DelayedDecayGeoOptS1BpeW5FullstatV1.inc1.id1.sim.gz,510.99892099999994,2000.0,121.49019439342045,283.7511719270186,120.84309180720702,bottom,bottom,bottom_phi06_270deg,292.13262236961134,left_lower,Cu_50mK_StillLike_Can_bottom_cap_2mm,other,-5.14617,2.45885,-8.73867,-0.22603,-0.82829,-0.51269,single
activation,979019,runs/geometry_optimization_20260704/step02_delayed_transport_geo_opt_s1_bpe_w5_fullstat_v1/DelayedDecayGeoOptS1BpeW5FullstatV1.inc1.id1.sim.gz,510.99890099999993,2000.0,110.31763196759657,309.7707506993246,132.04615096639967,side_wall,side,side_phi07_315deg,308.74024343852494,left_upper,Cu_50mK_StillLike_Can_side_wall_below_side_port,aluminium_passive,-12.1975,11.35723,2.09384,0.17868,-0.72079,-0.66973,keep
atm511,11882,runs/geometry_optimization_20260704/p2_atm511_sidecar_s1_nominal_geo_opt_s1_bpe_w5_20260708/Atm511SidecarS1Nominal3M_GeoOptS1BpeW5.inc1.id1.sim.gz,510.999968,511.0,65.77770946091863,200.4862474533991,26.59660259040768,side_wall,side,side_phi00_000deg,21.614466077185696,right_lower,TP_L2_00228,tes,12.9,18.05258,-53.21382,-0.31396,-0.31917,0.89418,keep
atm511,12552,runs/geometry_optimization_20260704/p2_atm511_sidecar_s1_nominal_geo_opt_s1_bpe_w5_20260708/Atm511SidecarS1Nominal3M_GeoOptS1BpeW5.inc1.id1.sim.gz,510.999974,511.0,65.9070236595349,153.747173753229,29.821682159520993,side_wall,side,side_phi07_315deg,336.11789225577746,right_lower,TP_L5_00173,tes,14.6812,-21.67825,-51.16849,-0.29027,0.4038,0.86758,keep
atm511,18572,runs/geometry_optimization_20260704/p2_atm511_sidecar_s1_nominal_geo_opt_s1_bpe_w5_20260708/Atm511SidecarS1Nominal3M_GeoOptS1BpeW5.inc1.id1.sim.gz,511.0,511.0,68.74891418410785,227.94012934646608,45.75086194533261,side_wall,side,side_phi01_045deg,49.81943561624478,right_lower,TP_L1_00093,tes,4.45379,38.67487,-43.15415,-0.18519,-0.69196,0.69778,single
atm511,35249,runs/geometry_optimization_20260704/p2_atm511_sidecar_s1_nominal_geo_opt_s1_bpe_w5_20260708/Atm511SidecarS1Nominal3M_GeoOptS1BpeW5.inc1.id1.sim.gz,510.99989,511.0,84.40051804119648,281.3067776894725,93.95541351223231,side_wall,side,side_phi02_090deg,99.89038621434031,left_upper,TP_L3_00333,tes,-14.96201,57.6486,0.34421,0.20697,-0.97591,-0.06898,single
atm511,69816,runs/geometry_optimization_20260704/p2_atm511_sidecar_s1_nominal_geo_opt_s1_bpe_w5_20260708/Atm511SidecarS1Nominal3M_GeoOptS1BpeW5.inc1.id1.sim.gz,510.99999,511.0,66.31054863415477,76.9628277484429,82.06611099519414,side_wall,side,side_phi06_270deg,255.5747821262085,left_lower,TP_L2_00228,tes,-28.25873,-49.03271,-11.22124,0.43017,0.89213,0.13803,keep
atm511,124466,runs/geometry_optimization_20260704/p2_atm511_sidecar_s1_nominal_geo_opt_s1_bpe_w5_20260708/Atm511SidecarS1Nominal3M_GeoOptS1BpeW5.inc1.id1.sim.gz,511.00000000000006,511.0,63.533084576174645,336.35461290680075,105.34967365342587,side_wall,side,side_phi04_180deg,157.59926567939203,left_upper,TP_L0_00273,tes,-52.49438,19.37114,12.21189,0.895,-0.35904,-0.26471,single
atm511,145895,runs/geometry_optimization_20260704/p2_atm511_sidecar_s1_nominal_geo_opt_s1_bpe_w5_20260708/Atm511SidecarS1Nominal3M_GeoOptS1BpeW5.inc1.id1.sim.gz,510.99992000000003,511.0,83.24483240343136,154.61968997676664,44.14343947326509,side_wall,side,side_phi07_315deg,335.8607851512089,right_lower,TP_L5_00078,tes,28.55396,-24.39663,-46.16551,-0.55125,0.42565,0.7176,keep
atm511,152242,runs/geometry_optimization_20260704/p2_atm511_sidecar_s1_nominal_geo_opt_s1_bpe_w5_20260708/Atm511SidecarS1Nominal3M_GeoOptS1BpeW5.inc1.id1.sim.gz,511.00008,511.0,91.90532402164317,71.82754459188119,104.11796953785267,side_wall,side,side_phi06_270deg,254.84777905926387,left_upper,TP_L4_00274,tes,-14.42395,-57.7921,10.21605,0.1969,0.9496,-0.24392,keep
atm511,171045,runs/geometry_optimization_20260704/p2_atm511_sidecar_s1_nominal_geo_opt_s1_bpe_w5_20260708/Atm511SidecarS1Nominal3M_GeoOptS1BpeW5.inc1.id1.sim.gz,511.000009,511.0,68.50746065158863,164.40260322528624,26.77538688956267,side_wall,side,side_phi00_000deg,341.4612015711153,right_lower,TP_L2_00011,tes,16.28504,-15.25955,-53.49011,-0.37464,0.25018,0.89278,single
atm511,189319,runs/geometry_optimization_20260704/p2_atm511_sidecar_s1_nominal_geo_opt_s1_bpe_w5_20260708/Atm511SidecarS1Nominal3M_GeoOptS1BpeW5.inc1.id1.sim.gz,510.99999399999996,511.0,56.654904832189324,66.21381097175977,81.34762344512713,side_wall,side,side_phi06_270deg,252.79021789397993,left_lower,TP_L5_00019,tes,-35.05967,-42.5151,-13.49687,0.62693,0.76442,0.15044,single
atm511,207921,runs/geometry_optimization_20260704/p2_atm511_sidecar_s1_nominal_geo_opt_s1_bpe_w5_20260708/Atm511SidecarS1Nominal3M_GeoOptS1BpeW5.inc1.id1.sim.gz,510.99997700000006,511.0,61.35748710886633,182.00009172405797,16.434228632504503,side_wall,side,side_phi00_000deg,4.528873893119219,right_lower,TP_L2_00340,tes,10.60188,2.88087,-56.18143,-0.28125,-0.03063,0.95914,single
atm511,281785,runs/geometry_optimization_20260704/p2_atm511_sidecar_s1_nominal_geo_opt_s1_bpe_w5_20260708/Atm511SidecarS1Nominal3M_GeoOptS1BpeW5.inc1.id1.sim.gz,511.00002000000006,511.0,102.46753329756051,116.36053875351338,81.14643168784471,side_wall,side,side_phi06_270deg,291.04002484018986,right_lower,TP_L0_00190,tes,23.7442,-55.7111,-11.21531,-0.45922,0.87489,0.15391,single
atm511,288013,runs/geometry_optimization_20260704/p2_atm511_sidecar_s1_nominal_geo_opt_s1_bpe_w5_20260708/Atm511SidecarS1Nominal3M_GeoOptS1BpeW5.inc1.id1.sim.gz,511.0,511.0,72.79008972304601,244.65535290206824,60.109260523427665,side_wall,side,side_phi01_045deg,66.09487216148003,right_lower,TP_L2_00255,tes,0.77036,49.27746,-31.14109,-0.07992,-0.86329,0.49835,single
atm511,298696,runs/geometry_optimization_20260704/p2_atm511_sidecar_s1_nominal_geo_opt_s1_bpe_w5_20260708/Atm511SidecarS1Nominal3M_GeoOptS1BpeW5.inc1.id1.sim.gz,511.000036,511.0,64.14136382072105,225.9146556385008,41.31398978795902,side_wall,side,side_phi01_045deg,44.929512042613034,right_lower,TP_L4_00341,tes,4.15651,35.26996,-45.09954,-0.13429,-0.64638,0.7511,single
atm511,355515,runs/geometry_optimization_20260704/p2_atm511_sidecar_s1_nominal_geo_opt_s1_bpe_w5_20260708/Atm511SidecarS1Nominal3M_GeoOptS1BpeW5.inc1.id1.sim.gz,511.00000000000006,511.0,114.24406737265772,180.828860233894,69.24820094806412,top,top,top_phi00_000deg,359.3870674342684,right_lower,TP_L4_00112,tes,57.04439,0.16084,-26.15434,-0.93503,-0.01319,0.35432,single
atm511,373400,runs/geometry_optimization_20260704/p2_atm511_sidecar_s1_nominal_geo_opt_s1_bpe_w5_20260708/Atm511SidecarS1Nominal3M_GeoOptS1BpeW5.inc1.id1.sim.gz,510.99996,511.0,89.9473315847496,170.4167921913799,45.742139877796276,side_wall,side,side_phi00_000deg,351.9446798359886,right_lower,TP_L4_00259,tes,38.97979,-9.25365,-44.85059,-0.69659,0.16648,0.69789,single
atm511,403396,runs/geometry_optimization_20260704/p2_atm511_sidecar_s1_nominal_geo_opt_s1_bpe_w5_20260708/Atm511SidecarS1Nominal3M_GeoOptS1BpeW5.inc1.id1.sim.gz,511.00005,511.0,59.24222107602112,197.97274699784765,20.013266316714443,side_wall,side,side_phi00_000deg,18.73934262037418,right_lower,TP_L5_00362,tes,9.78574,15.00359,-53.91244,-0.21637,-0.26516,0.93961,single
atm511,417235,runs/geometry_optimization_20260704/p2_atm511_sidecar_s1_nominal_geo_opt_s1_bpe_w5_20260708/Atm511SidecarS1Nominal3M_GeoOptS1BpeW5.inc1.id1.sim.gz,510.99999,511.0,62.48528010640041,133.91470127948355,40.39154254473236,side_wall,side,side_phi07_315deg,309.54603783869015,right_lower,TP_L0_00193,tes,0.97364,-36.32574,-44.31626,-0.1083,0.63889,0.76163,single
atm511,423986,runs/geometry_optimization_20260704/p2_atm511_sidecar_s1_nominal_geo_opt_s1_bpe_w5_20260708/Atm511SidecarS1Nominal3M_GeoOptS1BpeW5.inc1.id1.sim.gz,511.00003,511.0,56.81664103139999,204.1725923055566,22.04075872341652,side_wall,side,side_phi00_000deg,21.729406486345095,right_lower,TP_L5_00197,tes,7.38935,17.9076,-53.14142,-0.15289,-0.34271,0.92692,single
atm511,426808,runs/geometry_optimization_20260704/p2_atm511_sidecar_s1_nominal_geo_opt_s1_bpe_w5_20260708/Atm511SidecarS1Nominal3M_GeoOptS1BpeW5.inc1.id1.sim.gz,511.0000100000001,511.0,68.0830837430587,254.2154874981207,63.74407211486217,side_wall,side,side_phi02_090deg,77.616251362781,left_lower,TP_L1_00218,tes,-8.83815,50.52424,-26.60392,0.08549,-0.89274,0.44238,veto
atm511,427785,runs/geometry_optimization_20260704/p2_atm511_sidecar_s1_nominal_geo_opt_s1_bpe_w5_20260708/Atm511SidecarS1Nominal3M_GeoOptS1BpeW5.inc1.id1.sim.gz,511.00007999999997,511.0,142.25512454014546,204.28492564306532,99.47342913015449,top,top,top_phi01_045deg,39.39472247919398,right_upper,TP_L0_00327,tes,61.50307,18.9427,9.70477,-0.95369,-0.25176,-0.16459,single
atm511,430218,runs/geometry_optimization_20260704/p2_atm511_sidecar_s1_nominal_geo_opt_s1_bpe_w5_20260708/Atm511SidecarS1Nominal3M_GeoOptS1BpeW5.inc1.id1.sim.gz,511.0000157199999,511.0,120.62445540615295,139.93586560932886,83.94515448988969,top,top,top_phi07_315deg,322.8143666083127,right_lower,TP_L4_00201,tes,50.73557,-36.0899,-12.73545,-0.82589,0.55387,0.10548,keep
atm511,438572,runs/geometry_optimization_20260704/p2_atm511_sidecar_s1_nominal_geo_opt_s1_bpe_w5_20260708/Atm511SidecarS1Nominal3M_GeoOptS1BpeW5.inc1.id1.sim.gz,511.0,511.0,60.28566119464675,78.05521714191477,77.09174437392993,side_wall,side,side_phi06_270deg,251.16910177905368,left_lower,TP_L0_00370,tes,-32.20055,-45.16756,-13.8521,0.4776,0.8497,0.22339,single
atm511,446860,runs/geometry_optimization_20260704/p2_atm511_sidecar_s1_nominal_geo_opt_s1_bpe_w5_20260708/Atm511SidecarS1Nominal3M_GeoOptS1BpeW5.inc1.id1.sim.gz,510.99999999999994,511.0,48.85047660110803,268.9556043026005,61.64065747168515,bottom,bottom,bottom_phi02_090deg,96.90231803520322,left_lower,TP_L0_00361,tes,-29.25639,40.13246,-25.84868,0.45559,-0.75287,0.475,single
atm511,461477,runs/geometry_optimization_20260704/p2_atm511_sidecar_s1_nominal_geo_opt_s1_bpe_w5_20260708/Atm511SidecarS1Nominal3M_GeoOptS1BpeW5.inc1.id1.sim.gz,511.00005000000004,511.0,18.877350167020566,356.8072204376783,63.85468666582371,bottom,bottom,bottom_phi04_180deg,177.05238160519374,left_lower,TP_L1_00186,tes,-48.42512,0.93477,-23.85848,0.8975,-0.01802,0.44065,single
atm511,479583,runs/geometry_optimization_20260704/p2_atm511_sidecar_s1_nominal_geo_opt_s1_bpe_w5_20260708/Atm511SidecarS1Nominal3M_GeoOptS1BpeW5.inc1.id1.sim.gz,511.0000000000001,511.0,133.41939971963515,42.702393357747745,149.70694973553398,top,top,top_phi05_225deg,237.20216564469223,right_upper,TP_L5_00005,tes,5.94546,-35.4602,53.56537,-0.10858,0.4926,-0.86346,single
atm511,480447,runs/geometry_optimization_20260704/p2_atm511_sidecar_s1_nominal_geo_opt_s1_bpe_w5_20260708/Atm511SidecarS1Nominal3M_GeoOptS1BpeW5.inc1.id1.sim.gz,511.0000100000001,511.0,135.5392086893856,32.66433516159639,157.16508648013348,top,top,top_phi05_225deg,220.38355839557704,right_upper,TP_L4_00082,tes,3.42776,-26.94541,58.64122,-0.08774,0.37803,-0.92163,single
atm511,516512,runs/geometry_optimization_20260704/p2_atm511_sidecar_s1_nominal_geo_opt_s1_bpe_w5_20260708/Atm511SidecarS1Nominal3M_GeoOptS1BpeW5.inc1.id1.sim.gz,511.00007000000005,511.0,133.9747312135209,187.47406319720557,89.22247514773323,top,top,top_phi00_000deg,10.29781597378892,right_lower,TP_L5_00339,tes,63.89277,7.49515,-7.45587,-0.99552,-0.09361,0.01357,single
atm511,544766,runs/geometry_optimization_20260704/p2_atm511_sidecar_s1_nominal_geo_opt_s1_bpe_w5_20260708/Atm511SidecarS1Nominal3M_GeoOptS1BpeW5.inc1.id1.sim.gz,510.999972,511.0,64.79390708281036,23.80477005988949,106.51160187825455,side_wall,side,side_phi05_225deg,205.62884264924216,left_upper,TP_L2_00037,tes,-51.76321,-21.15838,12.95316,0.88649,0.36519,-0.28421,single
atm511,545112,runs/geometry_optimization_20260704/p2_atm511_sidecar_s1_nominal_geo_opt_s1_bpe_w5_20260708/Atm511SidecarS1Nominal3M_GeoOptS1BpeW5.inc1.id1.sim.gz,511.00001000000003,511.0,68.51189133161554,125.36855297885884,50.21806629267472,side_wall,side,side_phi07_315deg,300.34056261166535,right_lower,TP_L0_00192,tes,1.70069,-43.72866,-37.95612,-0.12183,0.75877,0.63987,single
atm511,611443,runs/geometry_optimization_20260704/p2_atm511_sidecar_s1_nominal_geo_opt_s1_bpe_w5_20260708/Atm511SidecarS1Nominal3M_GeoOptS1BpeW5.inc1.id1.sim.gz,511.0000300000001,511.0,124.94852698694154,153.64708337108945,83.43676024817302,top,top,top_phi07_315deg,334.7875037923475,right_lower,TP_L5_00047,tes,57.65226,-24.30758,-13.10947,-0.92442,0.36385,0.1143,single
atm511,649803,runs/geometry_optimization_20260704/p2_atm511_sidecar_s1_nominal_geo_opt_s1_bpe_w5_20260708/Atm511SidecarS1Nominal3M_GeoOptS1BpeW5.inc1.id1.sim.gz,511.00010000000003,511.0,80.73703580151287,226.15070308182717,53.323919880861304,side_wall,side,side_phi01_045deg,45.161300184728326,right_lower,TP_L4_00339,tes,17.50596,40.96577,-39.09159,-0.36965,-0.71176,0.59729,veto
atm511,673641,runs/geometry_optimization_20260704/p2_atm511_sidecar_s1_nominal_geo_opt_s1_bpe_w5_20260708/Atm511SidecarS1Nominal3M_GeoOptS1BpeW5.inc1.id1.sim.gz,510.99999569330004,511.0,64.13913628196019,179.84718613904337,19.139531770135488,side_wall,side,side_phi00_000deg,0.6663847337232147,right_lower,TP_L5_00245,tes,14.66193,0.26659,-55.49117,-0.32786,0.0024,0.94472,keep
atm511,699374,runs/geometry_optimization_20260704/p2_atm511_sidecar_s1_nominal_geo_opt_s1_bpe_w5_20260708/Atm511SidecarS1Nominal3M_GeoOptS1BpeW5.inc1.id1.sim.gz,510.99998,511.0,81.28586302315611,252.38707343211894,71.42050930506748,side_wall,side,side_phi02_090deg,68.51619834847507,right_lower,TP_L4_00125,tes,3.77834,54.32983,-23.40856,-0.10436,-0.94212,0.31862,single
atm511,731662,runs/geometry_optimization_20260704/p2_atm511_sidecar_s1_nominal_geo_opt_s1_bpe_w5_20260708/Atm511SidecarS1Nominal3M_GeoOptS1BpeW5.inc1.id1.sim.gz,511.0,511.0,132.56397640990104,191.92197249331056,88.20806421766805,top,top,top_phi00_000deg,10.088565928542849,right_lower,TP_L4_00163,tes,63.3101,10.01635,-7.33988,-0.98786,-0.15215,0.03127,keep
atm511,768726,runs/geometry_optimization_20260704/p2_atm511_sidecar_s1_nominal_geo_opt_s1_bpe_w5_20260708/Atm511SidecarS1Nominal3M_GeoOptS1BpeW5.inc1.id1.sim.gz,511.00000000000006,511.0,132.43936923459398,255.9954688484987,110.54103549776302,top,top,top_phi02_090deg,82.6313458850807,right_upper,TP_L1_00105,tes,36.61567,48.2664,21.7397,-0.60345,-0.71606,-0.35088,single
atm511,794820,runs/geometry_optimization_20260704/p2_atm511_sidecar_s1_nominal_geo_opt_s1_bpe_w5_20260708/Atm511SidecarS1Nominal3M_GeoOptS1BpeW5.inc1.id1.sim.gz,510.99997699999994,511.0,67.53616558435178,217.0878905543449,37.6786009889129,side_wall,side,side_phi01_045deg,40.259971745333175,right_lower,TP_L1_00269,tes,8.71659,31.96906,-47.4689,-0.25108,-0.55728,0.79145,single
atm511,795958,runs/geometry_optimization_20260704/p2_atm511_sidecar_s1_nominal_geo_opt_s1_bpe_w5_20260708/Atm511SidecarS1Nominal3M_GeoOptS1BpeW5.inc1.id1.sim.gz,510.99998000000005,511.0,86.77538333568653,303.1305097237012,110.24778475957504,side_wall,side,side_phi03_135deg,124.67296456837677,left_upper,TP_L0_00369,tes,-29.25365,49.22138,17.44534,0.42563,-0.8361,-0.34608,single
atm511,811824,runs/geometry_optimization_20260704/p2_atm511_sidecar_s1_nominal_geo_opt_s1_bpe_w5_20260708/Atm511SidecarS1Nominal3M_GeoOptS1BpeW5.inc1.id1.sim.gz,510.9999600000001,511.0,130.578906240245,176.78315965260288,85.6275347857989,top,top,top_phi00_000deg,359.87860080540815,right_lower,TP_L4_00306,tes,63.46857,-1.97555,-10.7615,-0.99618,0.04262,0.07624,keep
atm511,816609,runs/geometry_optimization_20260704/p2_atm511_sidecar_s1_nominal_geo_opt_s1_bpe_w5_20260708/Atm511SidecarS1Nominal3M_GeoOptS1BpeW5.inc1.id1.sim.gz,511.00002,511.0,95.43949825885623,163.43256410753227,52.57884084704779,side_wall,side,side_phi00_000deg,345.25045321370607,right_lower,TP_L5_00197,tes,42.55973,-16.46268,-40.08939,-0.74173,0.28386,0.60767,keep
atm511,822472,runs/geometry_optimization_20260704/p2_atm511_sidecar_s1_nominal_geo_opt_s1_bpe_w5_20260708/Atm511SidecarS1Nominal3M_GeoOptS1BpeW5.inc1.id1.sim.gz,510.99998000000005,511.0,55.850793841492106,211.839269877089,26.61096579377684,bottom,bottom,bottom_phi01_045deg,31.601633918608734,right_lower,TP_L4_00305,tes,1.90007,23.3227,-51.5205,-0.1002,-0.43658,0.89407,single
atm511,830875,runs/geometry_optimization_20260704/p2_atm511_sidecar_s1_nominal_geo_opt_s1_bpe_w5_20260708/Atm511SidecarS1Nominal3M_GeoOptS1BpeW5.inc1.id1.sim.gz,510.99997,511.0,82.69165839028685,234.11994252660475,59.93302452730792,side_wall,side,side_phi01_045deg,60.73691017724155,right_lower,TP_L0_00355,tes,12.6869,48.84273,-31.66632,-0.32111,-0.80366,0.50101,single
atm511,861508,runs/geometry_optimization_20260704/p2_atm511_sidecar_s1_nominal_geo_opt_s1_bpe_w5_20260708/Atm511SidecarS1Nominal3M_GeoOptS1BpeW5.inc1.id1.sim.gz,510.99998999999997,511.0,59.303110509418865,239.88330738950563,48.236253090276136,side_wall,side,side_phi01_045deg,62.157310431342296,left_lower,TP_L2_00340,tes,-7.71183,40.61104,-39.21685,0.05589,-0.7438,0.66606,single
atm511,863029,runs/geometry_optimization_20260704/p2_atm511_sidecar_s1_nominal_geo_opt_s1_bpe_w5_20260708/Atm511SidecarS1Nominal3M_GeoOptS1BpeW5.inc1.id1.sim.gz,510.99999900000006,511.0,57.594515558042666,178.37377086431036,12.65754275660946,side_wall,side,side_phi00_000deg,357.5777569788998,right_lower,TP_L5_00132,tes,10.55984,-1.71608,-55.60723,-0.21781,0.02396,0.9757,keep
atm511,868864,runs/geometry_optimization_20260704/p2_atm511_sidecar_s1_nominal_geo_opt_s1_bpe_w5_20260708/Atm511SidecarS1Nominal3M_GeoOptS1BpeW5.inc1.id1.sim.gz,510.9999700000001,511.0,101.53065409917845,9.26076443389323,145.6037707465982,side_window,side,side_neg_x_window_axis_pm15deg,186.42218252681752,left_upper,TP_L0_00320,tes,-37.07162,-8.43944,48.26835,0.54246,0.15768,-0.82515,single
atm511,873473,runs/geometry_optimization_20260704/p2_atm511_sidecar_s1_nominal_geo_opt_s1_bpe_w5_20260708/Atm511SidecarS1Nominal3M_GeoOptS1BpeW5.inc1.id1.sim.gz,510.99996000000004,511.0,102.05914419473685,162.4177024478608,59.2382839570203,side_wall,side,side_phi00_000deg,343.60481894460855,right_lower,TP_L4_00194,tes,47.10974,-17.85194,-35.26867,-0.80693,0.29541,0.51147,single
atm511,912785,runs/geometry_optimization_20260704/p2_atm511_sidecar_s1_nominal_geo_opt_s1_bpe_w5_20260708/Atm511SidecarS1Nominal3M_GeoOptS1BpeW5.inc1.id1.sim.gz,511.00001000000003,511.0,122.10775401135301,242.40941237458918,95.64879419958922,top,top,top_phi01_045deg,67.11986373251416,right_upper,TP_L1_00229,tes,38.46791,50.43491,3.89687,-0.65324,-0.75072,-0.09843,single
atm511,930145,runs/geometry_optimization_20260704/p2_atm511_sidecar_s1_nominal_geo_opt_s1_bpe_w5_20260708/Atm511SidecarS1Nominal3M_GeoOptS1BpeW5.inc1.id1.sim.gz,510.99997,511.0,94.76062258894049,153.92831079860383,54.950849048449484,side_wall,side,side_phi07_315deg,333.4881015241886,right_lower,TP_L4_00274,tes,37.50967,-26.94194,-39.6731,-0.69165,0.43798,0.57428,keep
atm511,940993,runs/geometry_optimization_20260704/p2_atm511_sidecar_s1_nominal_geo_opt_s1_bpe_w5_20260708/Atm511SidecarS1Nominal3M_GeoOptS1BpeW5.inc1.id1.sim.gz,510.99999399999996,511.0,62.96044948406906,235.27302353858457,47.137667406615506,side_wall,side,side_phi01_045deg,57.02067576543281,left_lower,TP_L2_00276,tes,-1.69913,40.76029,-40.1896,-0.03733,-0.73204,0.68024,single
atm511,1001845,runs/geometry_optimization_20260704/p2_atm511_sidecar_s1_nominal_geo_opt_s1_bpe_w5_20260708/Atm511SidecarS1Nominal3M_GeoOptS1BpeW5.inc1.id1.sim.gz,510.999995,511.0,98.52603855060894,177.0955848110576,53.59001596255181,side_wall,side,side_phi00_000deg,357.52019368952875,right_lower,TP_L5_00194,tes,46.15137,-2.88273,-39.97396,-0.80323,0.05011,0.59356,single
atm511,1007666,runs/geometry_optimization_20260704/p2_atm511_sidecar_s1_nominal_geo_opt_s1_bpe_w5_20260708/Atm511SidecarS1Nominal3M_GeoOptS1BpeW5.inc1.id1.sim.gz,511.00000000000006,511.0,104.97964835730116,149.33195061255796,66.12327364886777,side_wall,side,side_phi07_315deg,331.94350563832194,right_lower,TP_L5_00143,tes,44.8034,-30.0658,-30.42328,-0.77031,0.49273,0.40477,single
atm511,1010831,runs/geometry_optimization_20260704/p2_atm511_sidecar_s1_nominal_geo_opt_s1_bpe_w5_20260708/Atm511SidecarS1Nominal3M_GeoOptS1BpeW5.inc1.id1.sim.gz,510.99994000000004,511.0,104.95360731478233,173.1250090664272,60.2782138242597,side_wall,side,side_phi00_000deg,354.31840477302757,right_lower,TP_L1_00292,tes,50.74328,-6.69671,-34.66985,-0.86071,0.11565,0.49579,keep
atm511,1061416,runs/geometry_optimization_20260704/p2_atm511_sidecar_s1_nominal_geo_opt_s1_bpe_w5_20260708/Atm511SidecarS1Nominal3M_GeoOptS1BpeW5.inc1.id1.sim.gz,511.00000000000006,511.0,90.72076591140349,343.2562228601364,133.31184063844688,side_window,side,side_neg_x_window_axis_pm15deg,165.96765743115878,left_upper,TP_L3_00058,tes,-45.91945,16.0712,36.10643,0.66818,-0.28807,-0.68597,single
atm511,1136352,runs/geometry_optimization_20260704/p2_atm511_sidecar_s1_nominal_geo_opt_s1_bpe_w5_20260708/Atm511SidecarS1Nominal3M_GeoOptS1BpeW5.inc1.id1.sim.gz,511.0,511.0,77.07189124408734,234.15624433842933,55.82175645690743,side_wall,side,side_phi01_045deg,47.80914580456158,right_lower,TP_L5_00030,tes,12.25042,43.57296,-37.64502,-0.24537,-0.79007,0.56177,single
atm511,1161529,runs/geometry_optimization_20260704/p2_atm511_sidecar_s1_nominal_geo_opt_s1_bpe_w5_20260708/Atm511SidecarS1Nominal3M_GeoOptS1BpeW5.inc1.id1.sim.gz,510.999978,511.0,124.14982274014471,351.2754218687733,167.25240357512,top,top,top_phi04_180deg,174.7264268137569,left_upper,TP_L3_00052,tes,-14.77278,7.23536,61.4912,0.18147,-0.12553,-0.97535,single
atm511,1179235,runs/geometry_optimization_20260704/p2_atm511_sidecar_s1_nominal_geo_opt_s1_bpe_w5_20260708/Atm511SidecarS1Nominal3M_GeoOptS1BpeW5.inc1.id1.sim.gz,510.99999697699997,511.0,62.95318051073069,280.40171266389325,78.00480433643831,side_wall,side,side_phi02_090deg,106.08581016428224,left_lower,TP_L0_00354,tes,-29.36791,47.50672,-13.06193,0.43524,-0.876,0.20783,keep
atm511,1186812,runs/geometry_optimization_20260704/p2_atm511_sidecar_s1_nominal_geo_opt_s1_bpe_w5_20260708/Atm511SidecarS1Nominal3M_GeoOptS1BpeW5.inc1.id1.sim.gz,510.9999700000001,511.0,71.0600528096948,201.71254824301215,31.69225747081242,side_wall,side,side_phi01_045deg,27.312810529975028,right_lower,TP_L0_00344,tes,16.7548,22.09064,-51.29199,-0.39186,-0.34992,0.85088,single
atm511,1250347,runs/geometry_optimization_20260704/p2_atm511_sidecar_s1_nominal_geo_opt_s1_bpe_w5_20260708/Atm511SidecarS1Nominal3M_GeoOptS1BpeW5.inc1.id1.sim.gz,511.000032,511.0,62.42881809252804,180.10858852754657,17.42903342935208,side_wall,side,side_phi00_000deg,359.6870898885414,right_lower,TP_L3_00170,tes,13.58136,-0.11261,-55.54326,-0.29952,-0.00168,0.95409,single
atm511,1263755,runs/geometry_optimization_20260704/p2_atm511_sidecar_s1_nominal_geo_opt_s1_bpe_w5_20260708/Atm511SidecarS1Nominal3M_GeoOptS1BpeW5.inc1.id1.sim.gz,511.0000049,511.0,80.11581143627399,218.23411062488245,48.04397828032502,side_wall,side,side_phi01_045deg,34.365666138570646,right_lower,TP_L4_00068,tes,22.47739,33.97817,-42.81285,-0.4258,-0.60969,0.66856,single
atm511,1265679,runs/geometry_optimization_20260704/p2_atm511_sidecar_s1_nominal_geo_opt_s1_bpe_w5_20260708/Atm511SidecarS1Nominal3M_GeoOptS1BpeW5.inc1.id1.sim.gz,510.99995000000007,511.0,118.27964316863262,209.7401642860933,78.13070001066464,top,top,top_phi01_045deg,30.23581163976622,right_lower,TP_L3_00255,tes,53.61933,28.75614,-16.97614,-0.8757,-0.43686,0.20568,single
atm511,1286765,runs/geometry_optimization_20260704/p2_atm511_sidecar_s1_nominal_geo_opt_s1_bpe_w5_20260708/Atm511SidecarS1Nominal3M_GeoOptS1BpeW5.inc1.id1.sim.gz,511.00002830000005,511.0,78.53301283816207,131.66079404375523,53.042629796512585,side_wall,side,side_phi07_315deg,313.3235608283591,right_lower,TP_L3_00280,tes,16.0976,-41.87724,-38.12831,-0.32007,0.73218,0.60122,keep
atm511,1300469,runs/geometry_optimization_20260704/p2_atm511_sidecar_s1_nominal_geo_opt_s1_bpe_w5_20260708/Atm511SidecarS1Nominal3M_GeoOptS1BpeW5.inc1.id1.sim.gz,511.0000265400001,511.0,54.564140730274744,123.36882359693305,43.37630476626336,side_wall,side,side_phi07_315deg,305.6764858551809,left_lower,TP_L4_00091,tes,-6.33307,-36.64446,-42.366,0.09309,0.68045,0.72686,single
atm511,1353472,runs/geometry_optimization_20260704/p2_atm511_sidecar_s1_nominal_geo_opt_s1_bpe_w5_20260708/Atm511SidecarS1Nominal3M_GeoOptS1BpeW5.inc1.id1.sim.gz,510.99998999999997,511.0,77.16585345917564,208.26489895242258,40.154631621435115,side_wall,side,side_phi01_045deg,24.3987059198102,right_lower,TP_L4_00027,tes,22.58182,24.83285,-48.35504,-0.45017,-0.46172,0.76431,veto
atm511,1405553,runs/geometry_optimization_20260704/p2_atm511_sidecar_s1_nominal_geo_opt_s1_bpe_w5_20260708/Atm511SidecarS1Nominal3M_GeoOptS1BpeW5.inc1.id1.sim.gz,510.999986,511.0,97.02616019179916,189.3737096512028,52.70416819076779,side_wall,side,side_phi00_000deg,7.333466441882825,right_lower,TP_L4_00098,tes,43.65686,8.96728,-41.79008,-0.77892,-0.16165,0.60593,keep
atm511,1415502,runs/geometry_optimization_20260704/p2_atm511_sidecar_s1_nominal_geo_opt_s1_bpe_w5_20260708/Atm511SidecarS1Nominal3M_GeoOptS1BpeW5.inc1.id1.sim.gz,510.99991600000004,511.0,87.35591256761968,64.598203190429,105.6868827361079,side_wall,side,side_phi05_225deg,238.36764819988292,left_upper,TP_L0_00257,tes,-25.02871,-52.3945,14.89849,0.33562,0.90236,-0.27038,single
atm511,1462904,runs/geometry_optimization_20260704/p2_atm511_sidecar_s1_nominal_geo_opt_s1_bpe_w5_20260708/Atm511SidecarS1Nominal3M_GeoOptS1BpeW5.inc1.id1.sim.gz,511.000028,511.0,56.946856680911054,162.06961208780507,18.27640896533262,side_wall,side,side_phi00_000deg,345.39046668994814,right_lower,TP_L3_00373,tes,6.61724,-12.38418,-54.93277,-0.17822,0.25804,0.94956,keep
atm511,1479046,runs/geometry_optimization_20260704/p2_atm511_sidecar_s1_nominal_geo_opt_s1_bpe_w5_20260708/Atm511SidecarS1Nominal3M_GeoOptS1BpeW5.inc1.id1.sim.gz,511.00003000000004,511.0,50.544939451187155,113.89878841643618,47.89177070897457,bottom,bottom,bottom_phi07_315deg,295.71031071338336,left_lower,TP_L3_00261,tes,-14.38388,-37.51546,-39.07315,0.22816,0.70592,0.67053,keep
atm511,1524649,runs/geometry_optimization_20260704/p2_atm511_sidecar_s1_nominal_geo_opt_s1_bpe_w5_20260708/Atm511SidecarS1Nominal3M_GeoOptS1BpeW5.inc1.id1.sim.gz,511.000011,511.0,89.52435640218877,256.2894681032701,80.01092618546015,side_wall,side,side_phi02_090deg,69.96704050027317,right_lower,TP_L4_00022,tes,8.59279,57.47228,-15.70903,-0.16172,-0.97147,0.17346,single
atm511,1527851,runs/geometry_optimization_20260704/p2_atm511_sidecar_s1_nominal_geo_opt_s1_bpe_w5_20260708/Atm511SidecarS1Nominal3M_GeoOptS1BpeW5.inc1.id1.sim.gz,510.99998,511.0,62.27456132282535,277.47609024653707,75.66856176174478,side_wall,side,side_phi02_090deg,103.71881455493248,left_lower,TP_L0_00205,tes,-28.45122,47.3686,-15.33303,0.41041,-0.87766,0.24753,single
atm511,1545992,runs/geometry_optimization_20260704/p2_atm511_sidecar_s1_nominal_geo_opt_s1_bpe_w5_20260708/Atm511SidecarS1Nominal3M_GeoOptS1BpeW5.inc1.id1.sim.gz,511.0,511.0,62.66533709302801,216.14730241211552,33.702678857438286,side_wall,side,side_phi01_045deg,32.98400629181468,right_lower,TP_L5_00206,tes,7.48417,27.5803,-49.60278,-0.18254,-0.524,0.83193,keep
atm511,1633187,runs/geometry_optimization_20260704/p2_atm511_sidecar_s1_nominal_geo_opt_s1_bpe_w5_20260708/Atm511SidecarS1Nominal3M_GeoOptS1BpeW5.inc1.id1.sim.gz,510.99995000000007,511.0,63.64519984738887,150.63379960649465,29.991513861903602,side_wall,side,side_phi07_315deg,332.64504837422913,right_lower,TP_L3_00294,tes,9.94956,-23.30949,-51.45774,-0.23829,0.43942,0.8661,single
atm511,1698567,runs/geometry_optimization_20260704/p2_atm511_sidecar_s1_nominal_geo_opt_s1_bpe_w5_20260708/Atm511SidecarS1Nominal3M_GeoOptS1BpeW5.inc1.id1.sim.gz,511.00002,511.0,44.78182198837536,358.037723516867,89.76508649014272,bottom,bottom,bottom_phi04_180deg,176.64717942107112,left_lower,TP_L2_00372,tes,-55.454,1.72351,-3.36977,0.9997,-0.02412,0.0041,keep
atm511,1718264,runs/geometry_optimization_20260704/p2_atm511_sidecar_s1_nominal_geo_opt_s1_bpe_w5_20260708/Atm511SidecarS1Nominal3M_GeoOptS1BpeW5.inc1.id1.sim.gz,511.00000000000006,511.0,18.23852375016873,151.6017161188318,29.973397315045688,bottom,bottom,bottom_phi07_315deg,311.82581767700003,left_lower,TP_L0_00244,tes,-29.88933,-6.81358,-44.67534,0.47691,0.14885,0.86626,keep
atm511,1725543,runs/geometry_optimization_20260704/p2_atm511_sidecar_s1_nominal_geo_opt_s1_bpe_w5_20260708/Atm511SidecarS1Nominal3M_GeoOptS1BpeW5.inc1.id1.sim.gz,511.0000427914599,511.0,82.6254735579039,121.75483163683919,62.624352908395934,side_wall,side,side_phi07_315deg,308.85100354333235,right_lower,TP_L5_00360,tes,14.70929,-47.53655,-32.63214,-0.2783,0.84327,0.45982,keep
atm511,1732885,runs/geometry_optimization_20260704/p2_atm511_sidecar_s1_nominal_geo_opt_s1_bpe_w5_20260708/Atm511SidecarS1Nominal3M_GeoOptS1BpeW5.inc1.id1.sim.gz,510.99999506441014,511.0,60.04174056135359,277.11635355771654,73.90613894218451,side_wall,side,side_phi02_090deg,95.92146212383514,left_lower,TP_L3_00301,tes,-25.74289,47.38592,-18.20564,0.429,-0.85971,0.27721,keep
atm511,1768296,runs/geometry_optimization_20260704/p2_atm511_sidecar_s1_nominal_geo_opt_s1_bpe_w5_20260708/Atm511SidecarS1Nominal3M_GeoOptS1BpeW5.inc1.id1.sim.gz,511.00001000000015,511.0,93.64144768094481,218.64051748725208,59.583565737293256,side_wall,side,side_phi01_045deg,41.154501534703066,right_lower,TP_L2_00342,tes,31.58405,38.82707,-34.32893,-0.5961,-0.62317,0.50628,keep
atm511,1897913,runs/geometry_optimization_20260704/p2_atm511_sidecar_s1_nominal_geo_opt_s1_bpe_w5_20260708/Atm511SidecarS1Nominal3M_GeoOptS1BpeW5.inc1.id1.sim.gz,511.00004000000007,511.0,120.84929422814007,171.80938461785348,76.21489886036701,top,top,top_phi00_000deg,354.9787040210941,right_lower,TP_L5_00313,tes,59.69004,-6.84119,-20.60716,-0.96346,0.12231,0.23828,single
atm511,1900617,runs/geometry_optimization_20260704/p2_atm511_sidecar_s1_nominal_geo_opt_s1_bpe_w5_20260708/Atm511SidecarS1Nominal3M_GeoOptS1BpeW5.inc1.id1.sim.gz,510.99988,511.0,71.58431214338223,107.59843685643635,64.77193574833655,side_wall,side,side_phi07_315deg,294.575031254369,right_lower,TP_L4_00084,tes,3.66105,-52.47155,-24.9041,0.02054,0.90438,0.42622,veto
atm511,1905261,runs/geometry_optimization_20260704/p2_atm511_sidecar_s1_nominal_geo_opt_s1_bpe_w5_20260708/Atm511SidecarS1Nominal3M_GeoOptS1BpeW5.inc1.id1.sim.gz,511.0,511.0,120.65480935450425,204.6594361609592,78.91358436451797,top,top,top_phi01_045deg,22.817245143325966,right_lower,TP_L5_00245,tes,56.06297,23.39575,-18.90685,-0.91335,-0.35892,0.19229,single
atm511,1909129,runs/geometry_optimization_20260704/p2_atm511_sidecar_s1_nominal_geo_opt_s1_bpe_w5_20260708/Atm511SidecarS1Nominal3M_GeoOptS1BpeW5.inc1.id1.sim.gz,511.00003000000004,511.0,60.059695470840175,236.25283285579343,46.10727351648442,side_wall,side,side_phi01_045deg,55.707137906586304,left_lower,TP_L3_00258,tes,-3.22408,39.43131,-40.93254,0.01252,-0.72053,0.69331,keep
atm511,1941588,runs/geometry_optimization_20260704/p2_atm511_sidecar_s1_nominal_geo_opt_s1_bpe_w5_20260708/Atm511SidecarS1Nominal3M_GeoOptS1BpeW5.inc1.id1.sim.gz,510.99998000000005,511.0,150.96451372941868,180.9680604627224,105.96743295481176,top,top,top_phi00_000deg,16.094839829044393,right_upper,TP_L1_00363,tes,63.18471,1.90539,17.4181,-0.96138,-0.0082,-0.27509,keep
atm511,1954566,runs/geometry_optimization_20260704/p2_atm511_sidecar_s1_nominal_geo_opt_s1_bpe_w5_20260708/Atm511SidecarS1Nominal3M_GeoOptS1BpeW5.inc1.id1.sim.gz,511.000006,511.0,120.70927526611895,232.74064750367054,89.60121618782213,top,top,top_phi01_045deg,47.21162845318541,right_lower,TP_L5_00235,tes,45.44157,43.94072,-5.70172,-0.72917,-0.68429,0.00696,single
atm511,1971714,runs/geometry_optimization_20260704/p2_atm511_sidecar_s1_nominal_geo_opt_s1_bpe_w5_20260708/Atm511SidecarS1Nominal3M_GeoOptS1BpeW5.inc1.id1.sim.gz,511.0000420000001,511.0,124.76240059949967,224.71999011436594,89.45052599022615,top,top,top_phi01_045deg,40.590950073101496,right_lower,TP_L5_00313,tes,50.97136,38.00622,-6.38595,-0.81594,-0.57806,0.00959,keep
atm511,2068514,runs/geometry_optimization_20260704/p2_atm511_sidecar_s1_nominal_geo_opt_s1_bpe_w5_20260708/Atm511SidecarS1Nominal3M_GeoOptS1BpeW5.inc1.id1.sim.gz,510.9999880000001,511.0,59.96605895997729,58.85479775084329,87.86236498030225,side_wall,side,side_phi05_225deg,232.32572456148324,left_lower,TP_L0_00337,tes,-41.37735,-39.10652,-2.71362,0.67053,0.74094,0.0373,single
atm511,2100989,runs/geometry_optimization_20260704/p2_atm511_sidecar_s1_nominal_geo_opt_s1_bpe_w5_20260708/Atm511SidecarS1Nominal3M_GeoOptS1BpeW5.inc1.id1.sim.gz,510.999998,511.0,93.9106469404514,145.97152239310674,57.55893233338921,side_wall,side,side_phi07_315deg,327.5810205763037,right_lower,TP_L5_00073,tes,35.91991,-33.24168,-35.68223,-0.63288,0.5583,0.53643,single
atm511,2105090,runs/geometry_optimization_20260704/p2_atm511_sidecar_s1_nominal_geo_opt_s1_bpe_w5_20260708/Atm511SidecarS1Nominal3M_GeoOptS1BpeW5.inc1.id1.sim.gz,510.99998,511.0,35.32615668287819,27.97052355459269,77.53753803336431,bottom,bottom,bottom_phi05_225deg,202.86068767111763,left_lower,TP_L0_00188,tes,-51.81302,-13.32801,-12.0621,0.93802,0.2712,0.2158,single
atm511,2111188,runs/geometry_optimization_20260704/p2_atm511_sidecar_s1_nominal_geo_opt_s1_bpe_w5_20260708/Atm511SidecarS1Nominal3M_GeoOptS1BpeW5.inc1.id1.sim.gz,510.99999,511.0,117.29970971408859,181.1516455628866,72.30734322202116,top,top,top_phi00_000deg,0.1629665760570898,right_lower,TP_L1_00128,tes,58.93083,0.77275,-22.26004,-0.95253,-0.01786,0.30391,single
atm511,2242496,runs/geometry_optimization_20260704/p2_atm511_sidecar_s1_nominal_geo_opt_s1_bpe_w5_20260708/Atm511SidecarS1Nominal3M_GeoOptS1BpeW5.inc1.id1.sim.gz,511.00002,511.0,73.61817568917816,102.0477367050353,70.06032254210228,side_wall,side,side_phi06_270deg,279.88540538845723,left_lower,TP_L2_00002,tes,-7.71567,-53.44832,-22.32583,0.05783,0.93827,0.34103,single
atm511,2250264,runs/geometry_optimization_20260704/p2_atm511_sidecar_s1_nominal_geo_opt_s1_bpe_w5_20260708/Atm511SidecarS1Nominal3M_GeoOptS1BpeW5.inc1.id1.sim.gz,510.99996400000003,511.0,84.35044310899903,116.40758684164255,67.5069718363209,side_wall,side,side_phi06_270deg,291.08141805313863,right_lower,TP_L0_00198,tes,10.03606,-53.74006,-23.6139,-0.24335,0.8913,0.38257,keep
atm511,2267968,runs/geometry_optimization_20260704/p2_atm511_sidecar_s1_nominal_geo_opt_s1_bpe_w5_20260708/Atm511SidecarS1Nominal3M_GeoOptS1BpeW5.inc1.id1.sim.gz,511.00003000000004,511.0,70.65648112065047,281.51657174115417,84.20264643670288,side_wall,side,side_phi02_090deg,101.91849940385954,left_lower,TP_L2_00363,tes,-23.89772,52.18715,-8.57747,0.36742,-0.92455,0.10101,single
atm511,2275072,runs/geometry_optimization_20260704/p2_atm511_sidecar_s1_nominal_geo_opt_s1_bpe_w5_20260708/Atm511SidecarS1Nominal3M_GeoOptS1BpeW5.inc1.id1.sim.gz,511.0,511.0,63.54570199933275,144.4479553222629,33.895196966184514,side_wall,side,side_phi07_315deg,327.9213890053841,right_lower,TP_L5_00188,tes,8.90613,-27.44623,-49.51717,-0.20005,0.52056,0.83006,single
atm511,2293914,runs/geometry_optimization_20260704/p2_atm511_sidecar_s1_nominal_geo_opt_s1_bpe_w5_20260708/Atm511SidecarS1Nominal3M_GeoOptS1BpeW5.inc1.id1.sim.gz,511.0000059999999,511.0,120.08069187911697,212.07816299495008,80.5585167617773,top,top,top_phi01_045deg,34.04439012413026,right_lower,TP_L2_00271,tes,53.40895,30.93162,-14.31957,-0.87287,-0.45955,0.16404,veto
atm511,2336934,runs/geometry_optimization_20260704/p2_atm511_sidecar_s1_nominal_geo_opt_s1_bpe_w5_20260708/Atm511SidecarS1Nominal3M_GeoOptS1BpeW5.inc1.id1.sim.gz,510.9999133000001,511.0,77.5665313554854,67.20042826255262,96.62320082650923,side_wall,side,side_phi05_225deg,243.30127204920265,left_upper,TP_L0_00192,tes,-28.09113,-51.34509,5.34237,0.41983,0.90025,-0.11534,veto
atm511,2361639,runs/geometry_optimization_20260704/p2_atm511_sidecar_s1_nominal_geo_opt_s1_bpe_w5_20260708/Atm511SidecarS1Nominal3M_GeoOptS1BpeW5.inc1.id1.sim.gz,511.00000000000006,511.0,105.47547723716927,252.3675184679206,88.98294966296898,side_wall,side,side_phi02_090deg,73.91901441326246,right_lower,TP_L2_00320,tes,21.36,57.91388,-3.55118,-0.3951,-0.91847,0.01775,single
atm511,2374073,runs/geometry_optimization_20260704/p2_atm511_sidecar_s1_nominal_geo_opt_s1_bpe_w5_20260708/Atm511SidecarS1Nominal3M_GeoOptS1BpeW5.inc1.id1.sim.gz,511.00001299999997,511.0,88.12304120949186,102.05250400625363,80.16971457395897,side_wall,side,side_phi06_270deg,278.1453110997723,right_lower,TP_L1_00155,tes,3.56426,-58.72433,-11.41866,-0.12441,0.97743,0.17073,single
atm511,2443221,runs/geometry_optimization_20260704/p2_atm511_sidecar_s1_nominal_geo_opt_s1_bpe_w5_20260708/Atm511SidecarS1Nominal3M_GeoOptS1BpeW5.inc1.id1.sim.gz,511.00005460000006,511.0,67.65234964964692,262.8492506510062,69.49616815241066,side_wall,side,side_phi02_090deg,93.83944952319473,left_lower,TP_L0_00277,tes,-18.13079,51.53022,-19.69237,0.18745,-0.9177,0.35027,keep
atm511,2551379,runs/geometry_optimization_20260704/p2_atm511_sidecar_s1_nominal_geo_opt_s1_bpe_w5_20260708/Atm511SidecarS1Nominal3M_GeoOptS1BpeW5.inc1.id1.sim.gz,510.99998820000013,511.0,99.75922263051523,102.98885396156561,87.89275288927328,side_wall,side,side_phi06_270deg,287.214598908458,right_lower,TP_L4_00343,tes,14.61515,-59.09971,-7.64735,-0.27649,0.96031,0.03677,keep
atm511,2565320,runs/geometry_optimization_20260704/p2_atm511_sidecar_s1_nominal_geo_opt_s1_bpe_w5_20260708/Atm511SidecarS1Nominal3M_GeoOptS1BpeW5.inc1.id1.sim.gz,510.9999990300001,511.0,84.07231154670625,284.81380719127077,96.13089853126853,side_wall,side,side_phi02_090deg,107.82699247215022,left_upper,TP_L1_00319,tes,-18.75606,56.28925,4.44239,0.25285,-0.96159,-0.1068,keep
atm511,2581987,runs/geometry_optimization_20260704/p2_atm511_sidecar_s1_nominal_geo_opt_s1_bpe_w5_20260708/Atm511SidecarS1Nominal3M_GeoOptS1BpeW5.inc1.id1.sim.gz,511.00000891,511.0,70.111184902818,131.37794602680412,47.149348103946195,side_wall,side,side_phi07_315deg,309.3760442014189,right_lower,TP_L1_00258,tes,7.32211,-40.31963,-41.07242,-0.19898,0.70561,0.68009,keep
atm511,2683590,runs/geometry_optimization_20260704/p2_atm511_sidecar_s1_nominal_geo_opt_s1_bpe_w5_20260708/Atm511SidecarS1Nominal3M_GeoOptS1BpeW5.inc1.id1.sim.gz,510.9999869999999,511.0,93.18525841809165,119.81873218133074,71.83341005803973,side_wall,side,side_phi07_315deg,304.90908035380676,right_lower,TP_L5_00131,tes,22.23387,-51.25024,-23.34167,-0.39036,0.86626,0.31178,single
atm511,2715391,runs/geometry_optimization_20260704/p2_atm511_sidecar_s1_nominal_geo_opt_s1_bpe_w5_20260708/Atm511SidecarS1Nominal3M_GeoOptS1BpeW5.inc1.id1.sim.gz,511.00000000000006,511.0,123.46703394969177,264.03598292204765,109.18680829606073,top,top,top_phi02_090deg,88.79266919627894,right_upper,TP_L1_00287,tes,24.41338,55.85039,18.70502,-0.45123,-0.82969,-0.32865,single
atm511,2725078,runs/geometry_optimization_20260704/p2_atm511_sidecar_s1_nominal_geo_opt_s1_bpe_w5_20260708/Atm511SidecarS1Nominal3M_GeoOptS1BpeW5.inc1.id1.sim.gz,510.999989,511.0,69.30737140689848,139.79121441806063,40.971304852339,side_wall,side,side_phi07_315deg,318.89962808945324,right_lower,TP_L3_00034,tes,11.27188,-34.33529,-45.21918,-0.25532,0.60393,0.75504,single
atm511,2750843,runs/geometry_optimization_20260704/p2_atm511_sidecar_s1_nominal_geo_opt_s1_bpe_w5_20260708/Atm511SidecarS1Nominal3M_GeoOptS1BpeW5.inc1.id1.sim.gz,510.99998600000004,511.0,94.72771093418585,77.07866905491346,102.46601005974706,side_wall,side,side_phi06_270deg,263.5732860726969,left_upper,TP_L5_00081,tes,-7.74323,-59.93319,7.12336,0.0993,0.97136,-0.21586,single
atm511,2773521,runs/geometry_optimization_20260704/p2_atm511_sidecar_s1_nominal_geo_opt_s1_bpe_w5_20260708/Atm511SidecarS1Nominal3M_GeoOptS1BpeW5.inc1.id1.sim.gz,510.99995,511.0,70.10429958877859,33.27418877706836,108.37649411071692,side_wall,side,side_phi05_225deg,212.41779724789703,left_upper,TP_L3_00311,tes,-48.73112,-28.48433,13.7289,0.79653,0.5159,-0.31526,keep
atm511,2773815,runs/geometry_optimization_20260704/p2_atm511_sidecar_s1_nominal_geo_opt_s1_bpe_w5_20260708/Atm511SidecarS1Nominal3M_GeoOptS1BpeW5.inc1.id1.sim.gz,510.99997,511.0,137.40692319922698,119.23641747452334,106.66773775592584,top,top,top_phi07_315deg,311.6877125310709,right_upper,TP_L5_00254,tes,49.59154,-39.41055,13.92305,-0.75429,0.59057,-0.28682,single
atm511,2777097,runs/geometry_optimization_20260704/p2_atm511_sidecar_s1_nominal_geo_opt_s1_bpe_w5_20260708/Atm511SidecarS1Nominal3M_GeoOptS1BpeW5.inc1.id1.sim.gz,511.0,511.0,65.94676389654508,150.47353650324396,31.78246900760009,side_wall,side,side_phi07_315deg,331.09229383795184,right_lower,TP_L2_00270,tes,10.82835,-24.45764,-51.10508,-0.27364,0.45003,0.85005,single
atm511,2777134,runs/geometry_optimization_20260704/p2_atm511_sidecar_s1_nominal_geo_opt_s1_bpe_w5_20260708/Atm511SidecarS1Nominal3M_GeoOptS1BpeW5.inc1.id1.sim.gz,510.9999801000001,511.0,145.0956937153258,164.0189458920211,101.00705414928505,top,top,top_phi00_000deg,345.0728819768165,right_upper,TP_L4_00151,tes,63.81495,-10.97957,8.63657,-0.96888,0.15754,-0.19093,single
atm511,2788583,runs/geometry_optimization_20260704/p2_atm511_sidecar_s1_nominal_geo_opt_s1_bpe_w5_20260708/Atm511SidecarS1Nominal3M_GeoOptS1BpeW5.inc1.id1.sim.gz,511.00000000000006,511.0,69.07837639746302,189.30133269219255,25.270279794675513,side_wall,side,side_phi00_000deg,11.474447799975446,right_lower,TP_L1_00284,tes,16.77026,9.36901,-54.87271,-0.3993,-0.15097,0.9043,single
atm511,2789775,runs/geometry_optimization_20260704/p2_atm511_sidecar_s1_nominal_geo_opt_s1_bpe_w5_20260708/Atm511SidecarS1Nominal3M_GeoOptS1BpeW5.inc1.id1.sim.gz,510.9999473,511.0,80.7057993615122,137.66342521626353,50.94744996289208,side_wall,side,side_phi07_315deg,317.7217863533376,right_lower,TP_L3_00101,tes,19.57232,-38.60208,-40.40584,-0.40163,0.66464,0.63003,veto
atm511,2794956,runs/geometry_optimization_20260704/p2_atm511_sidecar_s1_nominal_geo_opt_s1_bpe_w5_20260708/Atm511SidecarS1Nominal3M_GeoOptS1BpeW5.inc1.id1.sim.gz,510.99993900000004,511.0,65.60397788442319,78.32402722266387,80.69211809811576,side_wall,side,side_phi06_270deg,251.82204794938275,left_lower,TP_L0_00253,tes,-29.02777,-48.73217,-10.22337,0.42239,0.89187,0.16174,single
atm511,2877853,runs/geometry_optimization_20260704/p2_atm511_sidecar_s1_nominal_geo_opt_s1_bpe_w5_20260708/Atm511SidecarS1Nominal3M_GeoOptS1BpeW5.inc1.id1.sim.gz,510.99998000000005,511.0,123.1083831284686,126.04950624031972,92.15941093302342,top,top,top_phi07_315deg,314.8592715622707,right_lower,TP_L5_00331,tes,46.72649,-43.20153,-3.28458,-0.7348,0.67724,-0.03768,single
atm511,2890235,runs/geometry_optimization_20260704/p2_atm511_sidecar_s1_nominal_geo_opt_s1_bpe_w5_20260708/Atm511SidecarS1Nominal3M_GeoOptS1BpeW5.inc1.id1.sim.gz,511.00004598000004,511.0,106.92568052393561,104.78838204969621,91.90200285419489,side_wall,side,side_phi07_315deg,292.7308501733409,right_lower,TP_L4_00162,tes,20.87235,-58.56035,-6.62968,-0.37853,0.92499,-0.03319,keep
atm511,2901569,runs/geometry_optimization_20260704/p2_atm511_sidecar_s1_nominal_geo_opt_s1_bpe_w5_20260708/Atm511SidecarS1Nominal3M_GeoOptS1BpeW5.inc1.id1.sim.gz,510.999982,511.0,76.47088398513111,21.4562489574614,118.32162676006864,side_wall,side,side_phi04_180deg,200.10256272887509,left_upper,TP_L1_00193,tes,-49.39171,-19.85958,24.61618,0.80526,0.35564,-0.47442,keep
atm511,2906242,runs/geometry_optimization_20260704/p2_atm511_sidecar_s1_nominal_geo_opt_s1_bpe_w5_20260708/Atm511SidecarS1Nominal3M_GeoOptS1BpeW5.inc1.id1.sim.gz,511.000017,511.0,122.80966487858717,133.35302218899884,88.5766234467614,top,top,top_phi07_315deg,308.76069656984515,right_lower,TP_L1_00122,tes,47.95884,-41.54419,-4.41389,-0.79113,0.61114,0.02484,keep
