{
  "manifest": "expacs_fullsphere_20bin_sources/manifest.csv",
  "figure": "core_md/balloon511_nima_latex_drafts/paper_source_figure_table/fig_expacs_fullsphere_flux.png",
  "environment": {
    "latitude_deg": "34.000000",
    "longitude_deg": "100.000000",
    "altitude_km": "38.000000",
    "Rc_GV": "11.6",
    "W_or_date": "2025-08-31; W=118.3",
    "delta_omega_sr": "0.6283185307"
  },
  "particle_totals": {
    "gamma": {
      "down_flux_cm2_s": 1.1867514470686,
      "up_flux_cm2_s": 3.6129101307166,
      "total_flux_cm2_s": 4.7996615777852
    },
    "n": {
      "down_flux_cm2_s": 0.124592840265625,
      "up_flux_cm2_s": 0.337646341964,
      "total_flux_cm2_s": 0.462239182229625
    },
    "eminus": {
      "down_flux_cm2_s": 0.077481303185585,
      "up_flux_cm2_s": 0.121520741386557,
      "total_flux_cm2_s": 0.199002044572142
    },
    "eplus": {
      "down_flux_cm2_s": 0.048218077148593996,
      "up_flux_cm2_s": 0.06876246857416798,
      "total_flux_cm2_s": 0.11698054572276198
    },
    "p": {
      "down_flux_cm2_s": 0.08926878476715999,
      "up_flux_cm2_s": 0.0230319368641741,
      "total_flux_cm2_s": 0.11230072163133409
    },
    "alpha": {
      "down_flux_cm2_s": 0.0112237865746313,
      "up_flux_cm2_s": 0.00026330987560072,
      "total_flux_cm2_s": 0.01148709645023202
    },
    "muminus": {
      "down_flux_cm2_s": 0.0041332555935914995,
      "up_flux_cm2_s": 0.0008356744287835699,
      "total_flux_cm2_s": 0.0049689300223750696
    },
    "muplus": {
      "down_flux_cm2_s": 0.0046484288086802005,
      "up_flux_cm2_s": 0.00092158295738194,
      "total_flux_cm2_s": 0.0055700117660621405
    }
  },
  "n_particles": 8,
  "n_angular_bins": 20,
  "angular_bin_note": "20 equal-mu bins over theta=0--180 deg; first 10 down-going, last 10 up-going."
}
