family,source_file,local_event_id,job_name,transport_seed,event_weight_cps,measured_total_keV,raw_total_keV,shield_keV,plastic_keV,active_veto50_pass,topology_pass,broad_480_550,w2_510p58_511p42,init_x_cm,init_y_cm,init_z_cm,dir_x,dir_y,dir_z,init_energy_keV,entry_surface,entry_region,entry_phi_deg_local,entry_local_x_cm,entry_local_y_cm,entry_local_z_cm
alpha,/home/ubuntu/.codex/worktrees/c528/TES_511_Balloon/runs/geometry_optimization_20260815/se3_plan1_one_third_transport_v1/jobs/se3_instant_alpha_shard0001/attempts/attempt01/se3_instant_alpha_shard0001.inc1.id1.sim.gz,191,se3_instant_alpha_shard0001,698219815,0.06693798864731712,518.3027501226858,518.043223,6786542.541551608,219843.68219728535,False,False,True,False,46.16893,-46.48484,9.94155,-0.54325,0.80477,-0.23921,53869423.798,side,side_phi_sector_7,310.1104310244,19.32788632207801,-22.9441236555426,23.491759049316997
alpha,/home/ubuntu/.codex/worktrees/c528/TES_511_Balloon/runs/geometry_optimization_20260815/se3_plan1_one_third_transport_v1/jobs/se3_instant_alpha_shard0001/attempts/attempt01/se3_instant_alpha_shard0001.inc1.id1.sim.gz,491,se3_instant_alpha_shard0001,698219815,0.06693798864731712,508.4638390670292,507.73485900000003,6318237.57199244,230290.6371398897,False,False,True,False,25.77448,30.75622,59.57384,-0.21133,-0.25778,-0.94281,25410865.758,side,side_phi_sector_3,119.30016189559261,-14.681547476266188,26.162036688724026,45.80574858269598
alpha,/home/ubuntu/.codex/worktrees/c528/TES_511_Balloon/runs/geometry_optimization_20260815/se3_plan1_one_third_transport_v1/jobs/se3_instant_alpha_shard0001/attempts/attempt01/se3_instant_alpha_shard0001.inc1.id1.sim.gz,717,se3_instant_alpha_shard0001,698219815,0.06693798864731712,541.8410358404783,542.236,3345345.325315201,241342.88370585415,False,False,True,False,21.0923,53.09855,43.26561,0.09945,-0.92739,-0.36063,30342648.693,side,side_phi_sector_2,104.01037555177682,-7.262928002952769,29.107557039777923,40.730304151291044
alpha,/home/ubuntu/.codex/worktrees/c528/TES_511_Balloon/runs/geometry_optimization_20260815/se3_plan1_one_third_transport_v1/jobs/se3_instant_alpha_shard0001/attempts/attempt01/se3_instant_alpha_shard0001.inc1.id1.sim.gz,1074,se3_instant_alpha_shard0001,698219815,0.06693798864731712,515.7891649592627,515.00239,3399150.9457433796,115226.42139503866,False,False,True,False,2.73273,-7.79712,68.62783,0.08783,0.18661,-0.9785,26511274.249,side,side_phi_sector_4,186.9600837523373,-29.778924404333903,-3.635335104356523,36.413733839214785
alpha,/home/ubuntu/.codex/worktrees/c528/TES_511_Balloon/runs/geometry_optimization_20260815/se3_plan1_one_third_transport_v1/jobs/se3_instant_alpha_shard0001/attempts/attempt01/se3_instant_alpha_shard0001.inc1.id1.sim.gz,1199,se3_instant_alpha_shard0001,698219815,0.06693798864731712,491.9344873789751,491.86598,6069193.214316202,133443.3436920572,False,False,True,False,-53.93472,4.33878,24.76697,0.90954,-0.23924,-0.33984,20726383.703,side,side_phi_sector_4,185.04655931340255,-29.883706358058063,-2.638957048790296,-8.87541289056081
alpha,/home/ubuntu/.codex/worktrees/c528/TES_511_Balloon/runs/geometry_optimization_20260815/se3_plan1_one_third_transport_v1/jobs/se3_instant_alpha_shard0001/attempts/attempt01/se3_instant_alpha_shard0001.inc1.id1.sim.gz,1278,se3_instant_alpha_shard0001,698219815,0.06693798864731712,545.0106219943376,545.1328,2048845.2146257083,87508.67095624155,False,False,True,False,-28.00537,-49.25783,34.14245,0.19368,0.7946,-0.57542,32838832.944,side,side_phi_sector_5,219.26384466745913,-23.22719213113705,-18.98677291440664,-5.943709978807734
alpha,/home/ubuntu/.codex/worktrees/c528/TES_511_Balloon/runs/geometry_optimization_20260815/se3_plan1_one_third_transport_v1/jobs/se3_instant_alpha_shard0001/attempts/attempt01/se3_instant_alpha_shard0001.inc1.id1.sim.gz,1343,se3_instant_alpha_shard0001,698219815,0.06693798864731712,511.1403774562096,510.998876,4082227.292667508,116755.86489010807,False,False,True,True,50.72946,3.5867,48.86735,-0.81926,0.05798,-0.57048,38856554.526,top,top,117.43993467294638,-2.5187231610298193,4.850831441008239,49.0
alpha,/home/ubuntu/.codex/worktrees/c528/TES_511_Balloon/runs/geometry_optimization_20260815/se3_plan1_one_third_transport_v1/jobs/se3_instant_alpha_shard0001/attempts/attempt01/se3_instant_alpha_shard0001.inc1.id1.sim.gz,1593,se3_instant_alpha_shard0001,698219815,0.06693798864731712,480.46841056433664,481.11558979999995,3080024.8611451043,91475.23964190987,False,False,True,False,-50.50819,-36.50793,-4.14152,0.77296,0.56915,-0.28035,16923910.99,bottom,bottom,243.91454433748115,-8.959582598303594,-18.300540587843937,-27.5
alpha,/home/ubuntu/.codex/worktrees/c528/TES_511_Balloon/runs/geometry_optimization_20260815/se3_plan1_one_third_transport_v1/jobs/se3_instant_alpha_shard0001/attempts/attempt01/se3_instant_alpha_shard0001.inc1.id1.sim.gz,1791,se3_instant_alpha_shard0001,698219815,0.06693798864731712,512.9798313143993,513.1768029,5499699.296515674,63983.25912494685,False,False,True,False,25.43774,53.63864,34.86935,-0.46987,-0.87132,-0.1415,103472887.752,side,side_phi_sector_3,117.54827927950632,-13.874876198264861,26.5986430195757,29.227705743119998
alpha,/home/ubuntu/.codex/worktrees/c528/TES_511_Balloon/runs/geometry_optimization_20260815/se3_plan1_one_third_transport_v1/jobs/se3_instant_alpha_shard0001/attempts/attempt01/se3_instant_alpha_shard0001.inc1.id1.sim.gz,1924,se3_instant_alpha_shard0001,698219815,0.06693798864731712,532.4214960108977,532.3166737,6278800.679883017,188002.52554069378,False,False,True,False,25.68569,58.97488,18.37632,-0.58357,-0.77326,-0.24801,31880162.855,side,side_phi_sector_2,97.27031421750753,-3.7965202959610433,29.758804304648322,8.939548170278194
alpha,/home/ubuntu/.codex/worktrees/c528/TES_511_Balloon/runs/geometry_optimization_20260815/se3_plan1_one_third_transport_v1/jobs/se3_instant_alpha_shard0001/attempts/attempt01/se3_instant_alpha_shard0001.inc1.id1.sim.gz,1981,se3_instant_alpha_shard0001,698219815,0.06693798864731712,511.13049214546965,510.99895200000003,4118134.056813277,264202.2374270649,False,False,True,True,51.75149,-16.44526,46.61496,-0.57839,0.18919,-0.79352,71016551.972,top,top,298.8651318948283,6.855408176298935,-12.4364324922939,49.0
eminus,/home/ubuntu/.codex/worktrees/c528/TES_511_Balloon/runs/geometry_optimization_20260815/se3_plan1_one_third_transport_v1/jobs/se3_instant_eminus_shard0001/attempts/attempt01/se3_instant_eminus_shard0001.inc1.id1.sim.gz,3495,se3_instant_eminus_shard0001,24441020,0.0228866993946468,508.11350506433746,507.99948599999993,700074.2334488493,2500.5692614,False,False,True,False,-57.37199,-0.77934,33.10412,0.7133,0.2992,-0.63378,810050.513,side,side_phi_sector_4,159.53806580252612,-28.107139531357944,10.48755011262286,-15.042570887111289
eminus,/home/ubuntu/.codex/worktrees/c528/TES_511_Balloon/runs/geometry_optimization_20260815/se3_plan1_one_third_transport_v1/jobs/se3_instant_eminus_shard0001/attempts/attempt01/se3_instant_eminus_shard0001.inc1.id1.sim.gz,3675,se3_instant_eminus_shard0001,24441020,0.0228866993946468,510.7465884939557,510.998899,106431.0802013002,2421.301287999999,False,False,True,True,-52.39316,16.60533,-9.80732,0.88318,-0.46063,0.08841,138781.405,bottom,bottom,161.53115008497312,-16.629989298568837,5.5542649536201125,-27.5
eminus,/home/ubuntu/.codex/worktrees/c528/TES_511_Balloon/runs/geometry_optimization_20260815/se3_plan1_one_third_transport_v1/jobs/se3_instant_eminus_shard0001/attempts/attempt01/se3_instant_eminus_shard0001.inc1.id1.sim.gz,5525,se3_instant_eminus_shard0001,24441020,0.0228866993946468,484.2689561869014,484.2316830000001,312454.4328002079,3831.272076700001,False,False,True,False,44.78068,35.84475,-24.82163,-0.73446,-0.63643,0.23565,529450.06,side,side_phi_sector_1,28.97440508468859,26.245085755744395,14.532565970042032,2.301885920953083
eminus,/home/ubuntu/.codex/worktrees/c528/TES_511_Balloon/runs/geometry_optimization_20260815/se3_plan1_one_third_transport_v1/jobs/se3_instant_eminus_shard0001/attempts/attempt01/se3_instant_eminus_shard0001.inc1.id1.sim.gz,8174,se3_instant_eminus_shard0001,24441020,0.0228866993946468,510.733664432417,510.99887000000007,204680.77942027993,2146.1470490000006,False,False,True,True,-53.1817,-9.36944,-13.20018,0.84365,0.44167,0.30527,260470.158,bottom,bottom,176.42047117853744,-19.162118388391903,1.1987049335319764,-27.5
eminus,/home/ubuntu/.codex/worktrees/c528/TES_511_Balloon/runs/geometry_optimization_20260815/se3_plan1_one_third_transport_v1/jobs/se3_instant_eminus_shard0001/attempts/attempt01/se3_instant_eminus_shard0001.inc1.id1.sim.gz,16592,se3_instant_eminus_shard0001,24441020,0.0228866993946468,511.0115575185138,510.9989069999999,57722.977900704995,2033.0672123,False,False,True,True,-47.38921,-20.11508,-21.64334,0.93849,0.31148,0.14907,85801.428,bottom,bottom,256.60484444705304,-2.7344737099558145,-11.48242565193573,-27.5
eminus,/home/ubuntu/.codex/worktrees/c528/TES_511_Balloon/runs/geometry_optimization_20260815/se3_plan1_one_third_transport_v1/jobs/se3_instant_eminus_shard0001/attempts/attempt01/se3_instant_eminus_shard0001.inc1.id1.sim.gz,17319,se3_instant_eminus_shard0001,24441020,0.0228866993946468,510.92411589730045,510.999,301490.680100272,3777.0635869999974,False,False,True,True,-26.10433,26.19481,-39.43196,0.63276,-0.5699,0.52424,391768.425,bottom,bottom,49.428390382805084,11.191250418339848,13.070157305014469,-27.5
eminus,/home/ubuntu/.codex/worktrees/c528/TES_511_Balloon/runs/geometry_optimization_20260815/se3_plan1_one_third_transport_v1/jobs/se3_instant_eminus_shard0001/attempts/attempt01/se3_instant_eminus_shard0001.inc1.id1.sim.gz,25647,se3_instant_eminus_shard0001,24441020,0.0228866993946468,510.85049091959326,510.9989010000001,372443.36119985447,1830.8430454000004,False,False,True,True,-11.09104,-63.76881,9.32444,-0.03347,0.94773,-0.31731,479782.663,side,side_phi_sector_6,256.3025295084427,-7.10385760921886,-29.14678725122107,-10.310414872912844
eminus,/home/ubuntu/.codex/worktrees/c528/TES_511_Balloon/runs/geometry_optimization_20260815/se3_plan1_one_third_transport_v1/jobs/se3_instant_eminus_shard0001/attempts/attempt01/se3_instant_eminus_shard0001.inc1.id1.sim.gz,25664,se3_instant_eminus_shard0001,24441020,0.0228866993946468,488.81377315585416,488.84002300000003,249041.13123693687,3529.8279494500002,False,False,True,False,-52.96927,-16.36519,9.14668,0.93773,0.34501,0.04028,337365.299,side,side_phi_sector_4,195.81931618202213,-28.86378434232795,-8.178138751548774,-14.576663274105812
eminus,/home/ubuntu/.codex/worktrees/c528/TES_511_Balloon/runs/geometry_optimization_20260815/se3_plan1_one_third_transport_v1/jobs/se3_instant_eminus_shard0001/attempts/attempt01/se3_instant_eminus_shard0001.inc1.id1.sim.gz,34359,se3_instant_eminus_shard0001,24441020,0.0228866993946468,511.0912623124385,510.9988900000001,435545.2997725698,2693.808706000001,False,False,True,True,-19.22314,-62.79114,9.39555,-0.09977,0.99372,-0.05065,466521.676,side,side_phi_sector_5,223.6491176877857,-21.707412253687675,-20.707202931551393,-11.453617436157806
eminus,/home/ubuntu/.codex/worktrees/c528/TES_511_Balloon/runs/geometry_optimization_20260815/se3_plan1_one_third_transport_v1/jobs/se3_instant_eminus_shard0001/attempts/attempt01/se3_instant_eminus_shard0001.inc1.id1.sim.gz,37448,se3_instant_eminus_shard0001,24441020,0.0228866993946468,510.88649332033754,510.99889,1152045.4271461617,10538.331714640006,False,False,True,True,53.39407,38.79216,7.72081,-0.68736,-0.69606,-0.20748,1637843.165,side,side_phi_sector_1,40.36743818890375,22.857195542572047,19.430610179009427,25.61429363239738
eminus,/home/ubuntu/.codex/worktrees/c528/TES_511_Balloon/runs/geometry_optimization_20260815/se3_plan1_one_third_transport_v1/jobs/se3_instant_eminus_shard0001/attempts/attempt01/se3_instant_eminus_shard0001.inc1.id1.sim.gz,37774,se3_instant_eminus_shard0001,24441020,0.0228866993946468,510.9738034403207,510.99894,308426.4103962131,2014.2547772300004,False,False,True,True,5.89632,62.27783,20.93418,-0.29841,-0.89624,-0.32819,477441.21,side,side_phi_sector_2,109.13939334618907,-9.836025454766634,28.341711367755885,2.1950696502552454
eminus,/home/ubuntu/.codex/worktrees/c528/TES_511_Balloon/runs/geometry_optimization_20260815/se3_plan1_one_third_transport_v1/jobs/se3_instant_eminus_shard0001/attempts/attempt01/se3_instant_eminus_shard0001.inc1.id1.sim.gz,40637,se3_instant_eminus_shard0001,24441020,0.0228866993946468,511.0324909910696,510.99895799999996,182018.3373073385,1883.1739757099995,False,False,True,True,41.51994,41.62734,-17.01486,-0.73527,-0.60344,0.3086,251777.559,side,side_phi_sector_1,50.863811482970995,18.93497517961392,23.269437357774773,8.149327324484986
eminus,/home/ubuntu/.codex/worktrees/c528/TES_511_Balloon/runs/geometry_optimization_20260815/se3_plan1_one_third_transport_v1/jobs/se3_instant_eminus_shard0001/attempts/attempt01/se3_instant_eminus_shard0001.inc1.id1.sim.gz,40936,se3_instant_eminus_shard0001,24441020,0.0228866993946468,508.9913224626448,509.289675,161571.01460668075,2823.8758780470007,False,False,True,False,46.70507,43.30798,-14.23195,-0.88079,-0.42145,0.21585,186860.732,side,side_phi_sector_1,64.15063652666892,13.080198360309183,26.998303851445282,4.766348290215991
eminus,/home/ubuntu/.codex/worktrees/c528/TES_511_Balloon/runs/geometry_optimization_20260815/se3_plan1_one_third_transport_v1/jobs/se3_instant_eminus_shard0001/attempts/attempt01/se3_instant_eminus_shard0001.inc1.id1.sim.gz,49015,se3_instant_eminus_shard0001,24441020,0.0228866993946468,492.55379527165337,492.15255,76571.31139654187,1540.9955906,False,False,True,False,-31.45194,1.54868,-39.74762,0.70078,-0.12154,0.70294,96173.341,bottom,bottom,347.91191219076217,5.830777353748757,-1.2487424362424737,-27.5
eminus,/home/ubuntu/.codex/worktrees/c528/TES_511_Balloon/runs/geometry_optimization_20260815/se3_plan1_one_third_transport_v1/jobs/se3_instant_eminus_shard0001/attempts/attempt01/se3_instant_eminus_shard0001.inc1.id1.sim.gz,49466,se3_instant_eminus_shard0001,24441020,0.0228866993946468,503.10287188146344,503.24994000000004,152425.49002269967,0.0,False,False,True,False,-46.20837,29.00256,-3.45309,0.81557,-0.54359,0.1984,246493.027,side,side_phi_sector_3,139.1640091171421,-22.697533620922552,19.616879658271102,-22.736417959406293
eminus,/home/ubuntu/.codex/worktrees/c528/TES_511_Balloon/runs/geometry_optimization_20260815/se3_plan1_one_third_transport_v1/jobs/se3_instant_eminus_shard0001/attempts/attempt01/se3_instant_eminus_shard0001.inc1.id1.sim.gz,53599,se3_instant_eminus_shard0001,24441020,0.0228866993946468,511.07382135942197,510.99885,56909.68671097995,4016.808824999999,False,False,True,True,-27.6072,46.69424,-24.67346,0.30401,-0.93269,0.1941,95360.166,bottom,bottom,89.96108103251781,0.014687341609259885,21.62242761030387,-27.5
eminus,/home/ubuntu/.codex/worktrees/c528/TES_511_Balloon/runs/geometry_optimization_20260815/se3_plan1_one_third_transport_v1/jobs/se3_instant_eminus_shard0001/attempts/attempt01/se3_instant_eminus_shard0001.inc1.id1.sim.gz,55461,se3_instant_eminus_shard0001,24441020,0.0228866993946468,489.5140433254946,489.45488,127365.592628011,2383.613533700001,False,False,True,False,-41.91974,24.99116,-26.04467,0.85055,-0.07383,0.52068,140505.844,bottom,bottom,105.00660037640321,-6.279810654012022,23.42577765037605,-27.5
eminus,/home/ubuntu/.codex/worktrees/c528/TES_511_Balloon/runs/geometry_optimization_20260815/se3_plan1_one_third_transport_v1/jobs/se3_instant_eminus_shard0001/attempts/attempt01/se3_instant_eminus_shard0001.inc1.id1.sim.gz,57273,se3_instant_eminus_shard0001,24441020,0.0228866993946468,488.30955055713827,488.06859999999995,2499744.250561429,30277.32308296998,False,False,True,False,44.60673,41.1814,-18.01845,-0.38679,-0.84939,0.35906,4108192.429,side,side_phi_sector_1,26.163599259411402,26.926160486596142,13.228071720778821,18.1554537005641
eminus,/home/ubuntu/.codex/worktrees/c528/TES_511_Balloon/runs/geometry_optimization_20260815/se3_plan1_one_third_transport_v1/jobs/se3_instant_eminus_shard0001/attempts/attempt01/se3_instant_eminus_shard0001.inc1.id1.sim.gz,60281,se3_instant_eminus_shard0001,24441020,0.0228866993946468,528.9704239564694,528.8838,71384.69724913558,2825.0883858500006,False,False,True,False,-54.83696,7.80227,9.96345,0.98938,-0.11358,0.09075,112135.443,side,side_phi_sector_4,170.59514503871776,-29.596749558901788,4.902286767177811,-12.229463307225828
eminus,/home/ubuntu/.codex/worktrees/c528/TES_511_Balloon/runs/geometry_optimization_20260815/se3_plan1_one_third_transport_v1/jobs/se3_instant_eminus_shard0001/attempts/attempt01/se3_instant_eminus_shard0001.inc1.id1.sim.gz,62322,se3_instant_eminus_shard0001,24441020,0.0228866993946468,510.57594347170874,510.99889999999994,451813.7022365472,1978.0540050000006,False,False,True,False,-36.4917,-43.57576,12.41636,0.63744,0.76004,-0.12654,714332.903,side,side_phi_sector_5,228.96589244453057,-19.695245494183993,-22.62956705117942,-7.067729174549694
eminus,/home/ubuntu/.codex/worktrees/c528/TES_511_Balloon/runs/geometry_optimization_20260815/se3_plan1_one_third_transport_v1/jobs/se3_instant_eminus_shard0001/attempts/attempt01/se3_instant_eminus_shard0001.inc1.id1.sim.gz,63141,se3_instant_eminus_shard0001,24441020,0.0228866993946468,510.5675992878097,510.998927,330221.9527241998,2160.1126950000003,False,False,True,False,-38.41884,10.32288,-34.55136,0.84497,-0.23824,0.47881,632585.047,bottom,bottom,46.826037658298894,3.9307535508626206,4.1896411893544006,-27.5
eminus,/home/ubuntu/.codex/worktrees/c528/TES_511_Balloon/runs/geometry_optimization_20260815/se3_plan1_one_third_transport_v1/jobs/se3_instant_eminus_shard0001/attempts/attempt01/se3_instant_eminus_shard0001.inc1.id1.sim.gz,71493,se3_instant_eminus_shard0001,24441020,0.0228866993946468,511.3355558411755,510.9989,922856.5065895366,5845.812656075003,False,False,True,True,48.02513,41.58658,20.47357,-0.77529,-0.63054,-0.0367,1169296.296,side,side_phi_sector_2,72.95524577617815,8.793557798551388,28.68228270628989,36.68536676582352
eminus,/home/ubuntu/.codex/worktrees/c528/TES_511_Balloon/runs/geometry_optimization_20260815/se3_plan1_one_third_transport_v1/jobs/se3_instant_eminus_shard0001/attempts/attempt01/se3_instant_eminus_shard0001.inc1.id1.sim.gz,73227,se3_instant_eminus_shard0001,24441020,0.0228866993946468,510.99560616030664,510.998920558,416372.70526352496,2462.97986638,False,False,True,True,-35.06218,48.58591,4.75824,0.37101,-0.91533,0.15658,450268.145,side,side_phi_sector_3,140.8038982926553,-23.249624668402078,18.95929726488906,-9.353157002644972
eminus,/home/ubuntu/.codex/worktrees/c528/TES_511_Balloon/runs/geometry_optimization_20260815/se3_plan1_one_third_transport_v1/jobs/se3_instant_eminus_shard0001/attempts/attempt01/se3_instant_eminus_shard0001.inc1.id1.sim.gz,81229,se3_instant_eminus_shard0001,24441020,0.0228866993946468,511.57053496234425,510.99892,110761.16896614282,3840.6856422,False,False,True,False,-27.00962,59.50186,24.22079,0.09429,-0.80936,-0.57969,124334.883,side,side_phi_sector_3,122.44781731582444,-16.09593776140114,25.316413402792698,-16.46920610179528
eminus,/home/ubuntu/.codex/worktrees/c528/TES_511_Balloon/runs/geometry_optimization_20260815/se3_plan1_one_third_transport_v1/jobs/se3_instant_eminus_shard0001/attempts/attempt01/se3_instant_eminus_shard0001.inc1.id1.sim.gz,83176,se3_instant_eminus_shard0001,24441020,0.0228866993946468,514.4485848656617,514.307524591,107955.77227235696,1646.9433554000002,False,False,True,False,34.75329,50.93128,-4.46921,-0.57642,-0.80644,0.13191,135132.672,side,side_phi_sector_1,64.49337532775881,12.918463588658176,27.076065048461405,12.116329477109494
eminus,/home/ubuntu/.codex/worktrees/c528/TES_511_Balloon/runs/geometry_optimization_20260815/se3_plan1_one_third_transport_v1/jobs/se3_instant_eminus_shard0001/attempts/attempt01/se3_instant_eminus_shard0001.inc1.id1.sim.gz,85129,se3_instant_eminus_shard0001,24441020,0.0228866993946468,510.7413975358507,510.999,190087.53612015015,9083.675290530997,False,False,True,True,5.21121,36.78917,62.65411,-0.37315,-0.6126,-0.69676,291339.899,side,side_phi_sector_4,167.54212356174762,-29.293646056334296,6.471653631507962,10.546904053717022
eminus,/home/ubuntu/.codex/worktrees/c528/TES_511_Balloon/runs/geometry_optimization_20260815/se3_plan1_one_third_transport_v1/jobs/se3_instant_eminus_shard0001/attempts/attempt01/se3_instant_eminus_shard0001.inc1.id1.sim.gz,89233,se3_instant_eminus_shard0001,24441020,0.0228866993946468,535.0818744287299,535.4112716,152901.2475172272,1710.9562131,False,False,True,False,13.94574,59.30332,19.73993,-0.06949,-0.99735,-0.02163,322502.942,side,side_phi_sector_2,99.80000389284265,-5.106286983525707,29.56223660756872,21.89800939809754
eminus,/home/ubuntu/.codex/worktrees/c528/TES_511_Balloon/runs/geometry_optimization_20260815/se3_plan1_one_third_transport_v1/jobs/se3_instant_eminus_shard0001/attempts/attempt01/se3_instant_eminus_shard0001.inc1.id1.sim.gz,90820,se3_instant_eminus_shard0001,24441020,0.0228866993946468,510.9155002284999,510.99887,247833.85348445727,7082.972210054994,False,False,True,True,-57.0715,-26.17856,12.41051,0.72098,0.52326,-0.45429,346119.542,side,side_phi_sector_5,204.48557088875168,-27.301970294997865,-12.433922068722087,-26.626642111475135
eminus,/home/ubuntu/.codex/worktrees/c528/TES_511_Balloon/runs/geometry_optimization_20260815/se3_plan1_one_third_transport_v1/jobs/se3_instant_eminus_shard0001/attempts/attempt01/se3_instant_eminus_shard0001.inc1.id1.sim.gz,97736,se3_instant_eminus_shard0001,24441020,0.0228866993946468,510.9565163285292,510.998904,37375.374292050015,2090.8369818299993,False,False,True,True,-14.75861,-13.49345,-46.75874,0.45059,0.26821,0.85149,105568.023,bottom,bottom,333.48158790281576,17.701441752351837,-8.832716861108697,-27.5
eplus,/home/ubuntu/.codex/worktrees/c528/TES_511_Balloon/runs/geometry_optimization_20260815/se3_plan1_one_third_transport_v1/jobs/se3_instant_eplus_shard0001/attempts/attempt01/se3_instant_eplus_shard0001.inc1.id1.sim.gz,255,se3_instant_eplus_shard0001,11951432,0.06630684153991008,511.2494820966106,510.99890000000005,123537.58846243958,1824.7053444999995,False,False,True,True,-52.94312,-8.1452,25.33277,0.89969,0.13136,-0.4163,158757.963,side,side_phi_sector_4,188.6625728206464,-29.65777450896982,-4.518452298641625,-10.08640240416343
eplus,/home/ubuntu/.codex/worktrees/c528/TES_511_Balloon/runs/geometry_optimization_20260815/se3_plan1_one_third_transport_v1/jobs/se3_instant_eplus_shard0001/attempts/attempt01/se3_instant_eplus_shard0001.inc1.id1.sim.gz,263,se3_instant_eplus_shard0001,11951432,0.06630684153991008,511.0685078578577,510.99889999999994,166562.67908500784,3045.7632800000015,False,False,True,True,-59.93123,-4.53763,-6.33876,0.9461,0.27311,-0.1741,200719.576,bottom,bottom,152.29421952754237,-9.80359581218936,5.148264628701822,-27.5
eplus,/home/ubuntu/.codex/worktrees/c528/TES_511_Balloon/runs/geometry_optimization_20260815/se3_plan1_one_third_transport_v1/jobs/se3_instant_eplus_shard0001/attempts/attempt01/se3_instant_eplus_shard0001.inc1.id1.sim.gz,1659,se3_instant_eplus_shard0001,11951432,0.06630684153991008,502.4764703228159,502.46449800000005,206322.0614934213,2073.636844,False,False,True,False,1.19218,55.92444,32.1807,-0.08391,-0.91538,-0.39375,360669.686,side,side_phi_sector_3,119.50727333662586,-14.776021268498816,26.10879536617633,12.596822556585856
eplus,/home/ubuntu/.codex/worktrees/c528/TES_511_Balloon/runs/geometry_optimization_20260815/se3_plan1_one_third_transport_v1/jobs/se3_instant_eplus_shard0001/attempts/attempt01/se3_instant_eplus_shard0001.inc1.id1.sim.gz,1910,se3_instant_eplus_shard0001,11951432,0.06630684153991008,511.12482533434365,510.99890000000005,126113.005898247,4011.5315673999994,False,False,True,True,65.67153,0.46685,-2.79555,-0.9822,-0.18586,0.02728,144580.674,side,side_phi_sector_0,351.54191416157175,29.67371181691919,-4.412576005739782,26.7330501779448
eplus,/home/ubuntu/.codex/worktrees/c528/TES_511_Balloon/runs/geometry_optimization_20260815/se3_plan1_one_third_transport_v1/jobs/se3_instant_eplus_shard0001/attempts/attempt01/se3_instant_eplus_shard0001.inc1.id1.sim.gz,3013,se3_instant_eplus_shard0001,11951432,0.06630684153991008,511.2205283252613,510.99895942000006,3308317.8330087713,14841.070524509983,False,False,True,True,36.14298,55.75181,-16.02202,-0.45181,-0.88249,-0.13072,3485566.784,side,side_phi_sector_1,28.876464840338855,26.269889073614017,14.487681942257524,-5.032771580691188
eplus,/home/ubuntu/.codex/worktrees/c528/TES_511_Balloon/runs/geometry_optimization_20260815/se3_plan1_one_third_transport_v1/jobs/se3_instant_eplus_shard0001/attempts/attempt01/se3_instant_eplus_shard0001.inc1.id1.sim.gz,3552,se3_instant_eplus_shard0001,11951432,0.06630684153991008,481.5944006299869,481.64543000000003,1963079.813798776,14369.437446590024,False,False,True,False,18.03138,51.58874,37.84437,-0.14035,-0.91172,-0.38609,3695416.416,side,side_phi_sector_2,108.65280833086237,-9.594981365134798,28.424220879431605,30.052200562426222
eplus,/home/ubuntu/.codex/worktrees/c528/TES_511_Balloon/runs/geometry_optimization_20260815/se3_plan1_one_third_transport_v1/jobs/se3_instant_eplus_shard0001/attempts/attempt01/se3_instant_eplus_shard0001.inc1.id1.sim.gz,6385,se3_instant_eplus_shard0001,11951432,0.06630684153991008,532.5330060659221,532.836891,149855.0721201839,3040.5238694,False,False,True,False,-42.26549,17.52595,43.15258,0.68789,-0.22128,-0.69126,248140.366,side,side_phi_sector_4,160.08080584930593,-28.205221401523218,10.22083586068462,0.5485990579686459
eplus,/home/ubuntu/.codex/worktrees/c528/TES_511_Balloon/runs/geometry_optimization_20260815/se3_plan1_one_third_transport_v1/jobs/se3_instant_eplus_shard0001/attempts/attempt01/se3_instant_eplus_shard0001.inc1.id1.sim.gz,7322,se3_instant_eplus_shard0001,11951432,0.06630684153991008,510.7529670734829,510.9989,280635.8842694508,7024.724827399997,False,False,True,True,41.91701,-50.63836,20.32931,-0.53902,0.68102,-0.49566,379204.141,side,side_phi_sector_7,298.19748878629946,14.175364134379034,-26.439724878632166,18.017865181858216
eplus,/home/ubuntu/.codex/worktrees/c528/TES_511_Balloon/runs/geometry_optimization_20260815/se3_plan1_one_third_transport_v1/jobs/se3_instant_eplus_shard0001/attempts/attempt01/se3_instant_eplus_shard0001.inc1.id1.sim.gz,7644,se3_instant_eplus_shard0001,11951432,0.06630684153991008,510.9772923420849,510.9989,5700575.852393676,32688.776875104042,False,False,True,True,-52.7914,4.23227,40.50146,0.60187,-0.01537,-0.79845,6641491.486,side,side_phi_sector_4,172.9723333953277,-29.774615654155333,3.6704580977484684,-13.771208731989603
eplus,/home/ubuntu/.codex/worktrees/c528/TES_511_Balloon/runs/geometry_optimization_20260815/se3_plan1_one_third_transport_v1/jobs/se3_instant_eplus_shard0001/attempts/attempt01/se3_instant_eplus_shard0001.inc1.id1.sim.gz,7706,se3_instant_eplus_shard0001,11951432,0.06630684153991008,511.40690759264896,510.99887,595965.6134022418,3438.218294,False,False,True,True,-32.59737,-45.20858,-10.00718,0.71263,0.69531,0.09328,767718.233,side,side_phi_sector_6,258.4411784305292,-6.011215480003086,-29.391585334121928,-17.162622401242142
eplus,/home/ubuntu/.codex/worktrees/c528/TES_511_Balloon/runs/geometry_optimization_20260815/se3_plan1_one_third_transport_v1/jobs/se3_instant_eplus_shard0001/attempts/attempt01/se3_instant_eplus_shard0001.inc1.id1.sim.gz,9050,se3_instant_eplus_shard0001,11951432,0.06630684153991008,543.0496602343532,543.1669,1012224.564826978,4078.8581876000003,False,False,True,False,-25.58756,-39.46512,-29.11475,0.20815,0.72607,0.65536,1376291.521,bottom,bottom,262.8213037753916,-3.296192225928416,-26.170299919383,-27.5
eplus,/home/ubuntu/.codex/worktrees/c528/TES_511_Balloon/runs/geometry_optimization_20260815/se3_plan1_one_third_transport_v1/jobs/se3_instant_eplus_shard0001/attempts/attempt01/se3_instant_eplus_shard0001.inc1.id1.sim.gz,11336,se3_instant_eplus_shard0001,11951432,0.06630684153991008,510.8152099920649,510.9990000000001,1256930.197896963,12135.955638143007,False,False,True,True,-36.54424,46.32865,-25.60354,0.57063,-0.81977,-0.04869,1443708.813,bottom,bottom,39.76712638527478,11.777091050570796,9.800860062710804,-27.5
eplus,/home/ubuntu/.codex/worktrees/c528/TES_511_Balloon/runs/geometry_optimization_20260815/se3_plan1_one_third_transport_v1/jobs/se3_instant_eplus_shard0001/attempts/attempt01/se3_instant_eplus_shard0001.inc1.id1.sim.gz,11594,se3_instant_eplus_shard0001,11951432,0.06630684153991008,548.6940587081174,548.6550900000001,685773.6998706249,2381.798231,False,False,True,False,11.87167,-63.80736,5.90663,-0.44643,0.89405,-0.03706,863321.74,side,side_phi_sector_6,256.51497310367796,-6.995737394896382,-29.172926803830443,-0.6728314129980628
eplus,/home/ubuntu/.codex/worktrees/c528/TES_511_Balloon/runs/geometry_optimization_20260815/se3_plan1_one_third_transport_v1/jobs/se3_instant_eplus_shard0001/attempts/attempt01/se3_instant_eplus_shard0001.inc1.id1.sim.gz,12768,se3_instant_eplus_shard0001,11951432,0.06630684153991008,510.5898864512775,510.99889499999995,319418.63913653075,4195.218369199997,False,False,True,True,21.46144,58.76187,2.05764,-0.26031,-0.96016,-0.10166,708342.518,side,side_phi_sector_2,70.21803297371635,10.15325326754596,28.229620048542397,8.491468512819166
eplus,/home/ubuntu/.codex/worktrees/c528/TES_511_Balloon/runs/geometry_optimization_20260815/se3_plan1_one_third_transport_v1/jobs/se3_instant_eplus_shard0001/attempts/attempt01/se3_instant_eplus_shard0001.inc1.id1.sim.gz,14317,se3_instant_eplus_shard0001,11951432,0.06630684153991008,510.91032921965916,510.99894500000005,127414.64800423098,4181.630278899999,False,False,True,True,-50.44757,10.53634,-18.09286,0.95282,-0.25434,0.16568,190188.733,bottom,bottom,154.96542485736606,-8.123914602704945,3.7942136377150257,-27.5
eplus,/home/ubuntu/.codex/worktrees/c528/TES_511_Balloon/runs/geometry_optimization_20260815/se3_plan1_one_third_transport_v1/jobs/se3_instant_eplus_shard0001/attempts/attempt01/se3_instant_eplus_shard0001.inc1.id1.sim.gz,15068,se3_instant_eplus_shard0001,11951432,0.06630684153991008,511.2160891870512,510.9988900000001,96431.94471469978,2139.3765560000006,False,False,True,True,-41.39852,5.37898,47.17686,0.80274,0.00218,-0.59632,149999.135,side,side_phi_sector_4,169.52928219527703,-29.500437431739037,5.451989667639736,8.974234942763744
eplus,/home/ubuntu/.codex/worktrees/c528/TES_511_Balloon/runs/geometry_optimization_20260815/se3_plan1_one_third_transport_v1/jobs/se3_instant_eplus_shard0001/attempts/attempt01/se3_instant_eplus_shard0001.inc1.id1.sim.gz,15152,se3_instant_eplus_shard0001,11951432,0.06630684153991008,511.1426284323917,510.99895000000004,4758954.526645068,52509.39228974076,False,False,True,True,-26.42401,58.06024,2.07368,0.10062,-0.99034,-0.09544,7294348.586,side,side_phi_sector_3,121.35363049313263,-15.609560464479621,25.61916513287961,-17.09829882058201
eplus,/home/ubuntu/.codex/worktrees/c528/TES_511_Balloon/runs/geometry_optimization_20260815/se3_plan1_one_third_transport_v1/jobs/se3_instant_eplus_shard0001/attempts/attempt01/se3_instant_eplus_shard0001.inc1.id1.sim.gz,16574,se3_instant_eplus_shard0001,11951432,0.06630684153991008,510.96033649232015,510.99889000000013,2907680.413660017,13430.961080390009,False,False,True,True,-53.56997,-16.63458,19.93921,0.97255,0.03095,-0.23062,4049654.363,side,side_phi_sector_5,211.49832468733763,-25.579663251070766,-15.67420900593773,-7.50159121208873
eplus,/home/ubuntu/.codex/worktrees/c528/TES_511_Balloon/runs/geometry_optimization_20260815/se3_plan1_one_third_transport_v1/jobs/se3_instant_eplus_shard0001/attempts/attempt01/se3_instant_eplus_shard0001.inc1.id1.sim.gz,18063,se3_instant_eplus_shard0001,11951432,0.06630684153991008,511.007861446868,510.99890000000005,161857.49916223862,2165.5302749999996,False,False,True,True,39.48281,-53.30222,6.19928,-0.56135,0.77741,-0.28375,208191.066,side,side_phi_sector_7,303.1763153113562,16.41651835805855,-25.109717740339637,10.631232736437429
eplus,/home/ubuntu/.codex/worktrees/c528/TES_511_Balloon/runs/geometry_optimization_20260815/se3_plan1_one_third_transport_v1/jobs/se3_instant_eplus_shard0001/attempts/attempt01/se3_instant_eplus_shard0001.inc1.id1.sim.gz,18843,se3_instant_eplus_shard0001,11951432,0.06630684153991008,510.9921997959318,510.99887900000004,2248714.494361169,51627.54391339784,False,False,True,True,-23.95495,53.6232,5.6341,0.32326,-0.94597,-0.02548,5243006.303,side,side_phi_sector_3,117.55387851898544,-13.877475488771811,26.59728696800743,-6.9391337165378495
gamma,/home/ubuntu/.codex/worktrees/c528/TES_511_Balloon/runs/geometry_optimization_20260815/se3_plan1_one_third_transport_v1/jobs/se3_instant_gamma_shard0001/attempts/attempt01/se3_instant_gamma_shard0001.inc1.id1.sim.gz,9341,se3_instant_gamma_shard0001,17335553,0.050773534802719435,538.8899603348777,539.0459099999999,814908.2986822958,2062.0530977199996,False,False,True,False,-54.86311,-23.87123,22.12991,0.66756,0.70025,-0.25301,895560.263,side,side_phi_sector_4,175.14644180370277,-29.892426138695882,2.538278854383478,-12.090603416864495
gamma,/home/ubuntu/.codex/worktrees/c528/TES_511_Balloon/runs/geometry_optimization_20260815/se3_plan1_one_third_transport_v1/jobs/se3_instant_gamma_shard0001/attempts/attempt01/se3_instant_gamma_shard0001.inc1.id1.sim.gz,14292,se3_instant_gamma_shard0001,17335553,0.050773534802719435,510.9915883032457,510.998853,632717.5434990033,4170.469620254001,False,False,True,True,-53.34116,17.83861,26.64949,0.81554,-0.56275,-0.13496,683163.625,side,side_phi_sector_4,189.0396454830965,-29.627395807044856,-4.7135355830523515,0.41188979228705236
gamma,/home/ubuntu/.codex/worktrees/c528/TES_511_Balloon/runs/geometry_optimization_20260815/se3_plan1_one_third_transport_v1/jobs/se3_instant_gamma_shard0001/attempts/attempt01/se3_instant_gamma_shard0001.inc1.id1.sim.gz,25739,se3_instant_gamma_shard0001,17335553,0.050773534802719435,514.8347374114867,514.7704,1264952.8896248422,1551.325300514,False,False,True,False,-1.74951,-47.93671,46.51252,-0.0819,0.8208,-0.56531,1782082.594,side,side_phi_sector_5,221.55304642214116,-22.45025769710596,-19.89939520019477,16.019697183454788
gamma,/home/ubuntu/.codex/worktrees/c528/TES_511_Balloon/runs/geometry_optimization_20260815/se3_plan1_one_third_transport_v1/jobs/se3_instant_gamma_shard0001/attempts/attempt01/se3_instant_gamma_shard0001.inc1.id1.sim.gz,28029,se3_instant_gamma_shard0001,17335553,0.050773534802719435,489.00153826717417,488.83002899999997,1788935.6661827688,6415.3481660800035,False,False,True,False,-54.12705,-22.81647,22.37673,0.89422,0.05171,-0.44464,2242596.07,side,side_phi_sector_5,224.50805911324812,-21.394555606822628,-21.03028745373145,-11.469831249934794
gamma,/home/ubuntu/.codex/worktrees/c528/TES_511_Balloon/runs/geometry_optimization_20260815/se3_plan1_one_third_transport_v1/jobs/se3_instant_gamma_shard0001/attempts/attempt01/se3_instant_gamma_shard0001.inc1.id1.sim.gz,29206,se3_instant_gamma_shard0001,17335553,0.050773534802719435,510.9707841630562,510.998838,924039.7565327424,627.981895,False,False,True,True,5.12054,-58.85327,-18.33149,0.06141,0.99692,0.04887,1127155.038,side,side_phi_sector_7,304.2542993105271,16.88600853084823,-24.79642546610542,-6.677603628983446
gamma,/home/ubuntu/.codex/worktrees/c528/TES_511_Balloon/runs/geometry_optimization_20260815/se3_plan1_one_third_transport_v1/jobs/se3_instant_gamma_shard0001/attempts/attempt01/se3_instant_gamma_shard0001.inc1.id1.sim.gz,35828,se3_instant_gamma_shard0001,17335553,0.050773534802719435,488.09318140109167,488.1551100000001,145785.97937302725,560.726219,False,False,True,False,-12.63376,56.27336,-2.43111,0.25899,-0.95239,0.16086,236246.987,side,side_phi_sector_2,100.11012770348346,-5.266222376325924,29.534164993835258,-2.3173362888563194
gamma,/home/ubuntu/.codex/worktrees/c528/TES_511_Balloon/runs/geometry_optimization_20260815/se3_plan1_one_third_transport_v1/jobs/se3_instant_gamma_shard0001/attempts/attempt01/se3_instant_gamma_shard0001.inc1.id1.sim.gz,36016,se3_instant_gamma_shard0001,17335553,0.050773534802719435,511.6651939213047,510.99894,510.99892740000007,0.0,False,False,True,False,65.06772,-1.52827,25.7059,-0.8892,0.26955,-0.36969,5188.823,top,top,8.102805741615189,21.565891572720243,3.0703583550225018,49.0
gamma,/home/ubuntu/.codex/worktrees/c528/TES_511_Balloon/runs/geometry_optimization_20260815/se3_plan1_one_third_transport_v1/jobs/se3_instant_gamma_shard0001/attempts/attempt01/se3_instant_gamma_shard0001.inc1.id1.sim.gz,45774,se3_instant_gamma_shard0001,17335553,0.050773534802719435,511.3025257941328,510.99893000000003,53764.61037200194,0.0,False,False,True,True,21.71591,-50.25477,-20.03332,-0.29793,0.87691,0.37719,86533.719,side,side_phi_sector_7,302.19399735005277,15.98362862605973,-25.38746966407255,2.779095697328132
gamma,/home/ubuntu/.codex/worktrees/c528/TES_511_Balloon/runs/geometry_optimization_20260815/se3_plan1_one_third_transport_v1/jobs/se3_instant_gamma_shard0001/attempts/attempt01/se3_instant_gamma_shard0001.inc1.id1.sim.gz,75501,se3_instant_gamma_shard0001,17335553,0.050773534802719435,511.0970713186524,510.998917,502876.3775092743,1617.1305614409757,False,False,True,True,9.90856,-60.79532,5.41691,0.0376,0.99525,-0.08983,673110.642,side,side_phi_sector_6,281.5748111966582,6.019417603755553,-29.389906629855044,9.671337476922895
gamma,/home/ubuntu/.codex/worktrees/c528/TES_511_Balloon/runs/geometry_optimization_20260815/se3_plan1_one_third_transport_v1/jobs/se3_instant_gamma_shard0001/attempts/attempt01/se3_instant_gamma_shard0001.inc1.id1.sim.gz,80393,se3_instant_gamma_shard0001,17335553,0.050773534802719435,498.5220614802737,498.605358,245701.45307802994,84.22872000000001,False,False,True,False,-57.75888,12.7723,-11.95935,0.99223,0.11919,-0.03573,283864.891,bottom,bottom,118.3342594372002,-8.958381650865302,16.613714202792103,-27.5
gamma,/home/ubuntu/.codex/worktrees/c528/TES_511_Balloon/runs/geometry_optimization_20260815/se3_plan1_one_third_transport_v1/jobs/se3_instant_gamma_shard0001/attempts/attempt01/se3_instant_gamma_shard0001.inc1.id1.sim.gz,90575,se3_instant_gamma_shard0001,17335553,0.050773534802719435,513.4201900926317,513.6397,138189.04956478995,0.0,False,False,True,False,-13.40969,61.95641,4.22971,0.24705,-0.91873,-0.30805,146435.75,side,side_phi_sector_2,87.72649146299389,1.1900939246555833,29.97638531328448,-7.992658337807163
gamma,/home/ubuntu/.codex/worktrees/c528/TES_511_Balloon/runs/geometry_optimization_20260815/se3_plan1_one_third_transport_v1/jobs/se3_instant_gamma_shard0001/attempts/attempt01/se3_instant_gamma_shard0001.inc1.id1.sim.gz,97020,se3_instant_gamma_shard0001,17335553,0.050773534802719435,531.4402989951918,531.4586889999997,65917.17087145988,0.0,False,False,True,False,3.14371,-60.64314,-13.09158,-0.26687,0.95741,0.11023,78081.286,side,side_phi_sector_6,275.5593577058183,2.9063075647214216,-29.858891076850846,-10.595586039819917
gamma,/home/ubuntu/.codex/worktrees/c528/TES_511_Balloon/runs/geometry_optimization_20260815/se3_plan1_one_third_transport_v1/jobs/se3_instant_gamma_shard0001/attempts/attempt01/se3_instant_gamma_shard0001.inc1.id1.sim.gz,111281,se3_instant_gamma_shard0001,17335553,0.050773534802719435,510.9713178408143,510.998895,851176.674347771,8686.173803778007,False,False,True,True,19.26018,60.6797,-22.56814,-0.47656,-0.87913,-0.00448,1002656.903,side,side_phi_sector_1,57.45463566199683,16.139016029958267,25.288973122385777,-16.032206023480292
gamma,/home/ubuntu/.codex/worktrees/c528/TES_511_Balloon/runs/geometry_optimization_20260815/se3_plan1_one_third_transport_v1/jobs/se3_instant_gamma_shard0001/attempts/attempt01/se3_instant_gamma_shard0001.inc1.id1.sim.gz,121545,se3_instant_gamma_shard0001,17335553,0.050773534802719435,510.5832684689389,510.998872,192711.51656794254,1367.6174530000003,False,False,True,True,57.26996,19.90789,-14.03063,-0.84185,-0.43681,0.31699,277845.312,side,side_phi_sector_0,16.233430491124444,28.803922160617407,8.38654089390219,20.78580285914748
gamma,/home/ubuntu/.codex/worktrees/c528/TES_511_Balloon/runs/geometry_optimization_20260815/se3_plan1_one_third_transport_v1/jobs/se3_instant_gamma_shard0001/attempts/attempt01/se3_instant_gamma_shard0001.inc1.id1.sim.gz,132421,se3_instant_gamma_shard0001,17335553,0.050773534802719435,522.1022974848146,522.00725,276407.5446391644,377.441269168,False,False,True,False,22.16789,60.70049,19.09792,-0.44433,-0.79366,-0.41554,390744.834,side,side_phi_sector_2,87.35867870678464,1.3825027941015677,29.968127836491572,5.635388295042002
gamma,/home/ubuntu/.codex/worktrees/c528/TES_511_Balloon/runs/geometry_optimization_20260815/se3_plan1_one_third_transport_v1/jobs/se3_instant_gamma_shard0001/attempts/attempt01/se3_instant_gamma_shard0001.inc1.id1.sim.gz,160808,se3_instant_gamma_shard0001,17335553,0.050773534802719435,524.7247116415273,524.8160930000001,150733.1242039298,0.0,False,False,True,False,26.46257,59.49564,12.37303,-0.05336,-0.9944,0.09123,205517.5,side,side_phi_sector_2,76.80353641716069,6.848723349562869,29.207789859576035,28.276535684740395
gamma,/home/ubuntu/.codex/worktrees/c528/TES_511_Balloon/runs/geometry_optimization_20260815/se3_plan1_one_third_transport_v1/jobs/se3_instant_gamma_shard0001/attempts/attempt01/se3_instant_gamma_shard0001.inc1.id1.sim.gz,169399,se3_instant_gamma_shard0001,17335553,0.050773534802719435,511.1444671060517,510.99892000000006,39243.46752429996,0.0,False,False,True,True,-6.68898,-62.01431,10.60571,0.14189,0.93215,-0.33311,39890.932,side,side_phi_sector_6,268.6805292439833,-0.6908122076344156,-29.992045253596558,-1.8754412239323992
gamma,/home/ubuntu/.codex/worktrees/c528/TES_511_Balloon/runs/geometry_optimization_20260815/se3_plan1_one_third_transport_v1/jobs/se3_instant_gamma_shard0001/attempts/attempt01/se3_instant_gamma_shard0001.inc1.id1.sim.gz,188274,se3_instant_gamma_shard0001,17335553,0.050773534802719435,510.7375924465169,510.99892,19929.091266500003,0.0,False,False,True,True,-55.82571,13.81323,4.33337,0.99865,0.0516,-0.00655,20951.089,side,side_phi_sector_3,149.96481487165008,-25.971545770192023,15.015951861497856,-20.059144670068658
gamma,/home/ubuntu/.codex/worktrees/c528/TES_511_Balloon/runs/geometry_optimization_20260815/se3_plan1_one_third_transport_v1/jobs/se3_instant_gamma_shard0001/attempts/attempt01/se3_instant_gamma_shard0001.inc1.id1.sim.gz,193619,se3_instant_gamma_shard0001,17335553,0.050773534802719435,511.0614558078494,510.99892000000006,165503.18681325624,175.822532,False,False,True,True,-54.15927,-6.43854,-16.0703,0.89207,0.41363,0.18199,259354.166,bottom,bottom,155.37379793806582,-12.282731123657982,5.630269242015768,-27.5
gamma,/home/ubuntu/.codex/worktrees/c528/TES_511_Balloon/runs/geometry_optimization_20260815/se3_plan1_one_third_transport_v1/jobs/se3_instant_gamma_shard0001/attempts/attempt01/se3_instant_gamma_shard0001.inc1.id1.sim.gz,194847,se3_instant_gamma_shard0001,17335553,0.050773534802719435,487.3905699728366,487.08902000000006,1192255.2388760988,2043.1271241327001,False,False,True,False,63.55589,-31.23379,-3.54184,-0.9615,0.19584,-0.1928,1341308.293,side,side_phi_sector_7,313.86429335795907,20.78857941915657,-21.629492960617917,2.4079740071694573
gamma,/home/ubuntu/.codex/worktrees/c528/TES_511_Balloon/runs/geometry_optimization_20260815/se3_plan1_one_third_transport_v1/jobs/se3_instant_gamma_shard0001/attempts/attempt01/se3_instant_gamma_shard0001.inc1.id1.sim.gz,222683,se3_instant_gamma_shard0001,17335553,0.050773534802719435,510.9533418757861,510.99895,768298.6039937962,979.73456742,False,False,True,True,-58.79507,18.24318,6.36893,0.90265,-0.18823,-0.38704,982208.213,bottom,bottom,149.00021518840927,-22.138364632777243,13.301958313164816,-27.5
gamma,/home/ubuntu/.codex/worktrees/c528/TES_511_Balloon/runs/geometry_optimization_20260815/se3_plan1_one_third_transport_v1/jobs/se3_instant_gamma_shard0001/attempts/attempt01/se3_instant_gamma_shard0001.inc1.id1.sim.gz,228272,se3_instant_gamma_shard0001,17335553,0.050773534802719435,511.1443112048291,510.9989,545208.0600511245,477.5386469,False,False,True,True,-32.87912,-50.7773,-0.53944,0.27116,0.94723,0.17093,622163.912,side,side_phi_sector_5,226.3869721513372,-20.693525618246017,-21.720451134518264,-14.041149367266062
gamma,/home/ubuntu/.codex/worktrees/c528/TES_511_Balloon/runs/geometry_optimization_20260815/se3_plan1_one_third_transport_v1/jobs/se3_instant_gamma_shard0001/attempts/attempt01/se3_instant_gamma_shard0001.inc1.id1.sim.gz,230025,se3_instant_gamma_shard0001,17335553,0.050773534802719435,511.06677787178904,510.99890000000005,43892.77418524401,0.0,False,False,True,True,63.20784,-19.71799,9.12732,-0.91877,0.32928,-0.21781,68324.184,side,side_phi_sector_7,335.48690282472063,27.29599358578892,-12.44703716410335,33.40225273004073
gamma,/home/ubuntu/.codex/worktrees/c528/TES_511_Balloon/runs/geometry_optimization_20260815/se3_plan1_one_third_transport_v1/jobs/se3_instant_gamma_shard0001/attempts/attempt01/se3_instant_gamma_shard0001.inc1.id1.sim.gz,237634,se3_instant_gamma_shard0001,17335553,0.050773534802719435,511.1262172836288,510.99890000000005,214459.91760562453,7862.844892679005,False,False,True,True,-5.9597,-55.68873,31.60242,-0.00831,0.92044,-0.3908,510190.373,side,side_phi_sector_5,234.59232342999042,-17.381711373723967,-24.45150526492296,8.55458806603337
gamma,/home/ubuntu/.codex/worktrees/c528/TES_511_Balloon/runs/geometry_optimization_20260815/se3_plan1_one_third_transport_v1/jobs/se3_instant_gamma_shard0001/attempts/attempt01/se3_instant_gamma_shard0001.inc1.id1.sim.gz,239031,se3_instant_gamma_shard0001,17335553,0.050773534802719435,540.4015683041739,540.6391000000001,545841.9715082453,7755.735689292005,False,False,True,False,-53.79517,25.81752,2.31638,0.9327,-0.26365,-0.2461,687279.525,side,side_phi_sector_3,137.5080245978169,-22.12115849419425,20.264608233931817,-26.17556635647322
gamma,/home/ubuntu/.codex/worktrees/c528/TES_511_Balloon/runs/geometry_optimization_20260815/se3_plan1_one_third_transport_v1/jobs/se3_instant_gamma_shard0002/attempts/attempt02/se3_instant_gamma_shard0002.inc1.id1.sim.gz,8277,se3_instant_gamma_shard0002,1444771823,0.050773534802719435,510.9013999727074,510.99895000000004,729212.760095131,3790.030525030001,False,False,True,True,-52.74062,19.14727,9.35848,0.93551,-0.30929,-0.17078,1511837.24,side,side_phi_sector_3,155.2536297719204,-27.24509084138866,12.558066134739077,-19.155600682577372
gamma,/home/ubuntu/.codex/worktrees/c528/TES_511_Balloon/runs/geometry_optimization_20260815/se3_plan1_one_third_transport_v1/jobs/se3_instant_gamma_shard0002/attempts/attempt02/se3_instant_gamma_shard0002.inc1.id1.sim.gz,17938,se3_instant_gamma_shard0002,1444771823,0.050773534802719435,519.0005388667164,518.977374,148185.64349068273,177.38387900000004,False,False,True,False,-57.61847,1.19254,-6.27534,0.99093,0.02276,-0.13245,205603.338,bottom,bottom,171.98077493113342,-13.169913908827507,1.8554172329124496,-27.5
gamma,/home/ubuntu/.codex/worktrees/c528/TES_511_Balloon/runs/geometry_optimization_20260815/se3_plan1_one_third_transport_v1/jobs/se3_instant_gamma_shard0002/attempts/attempt02/se3_instant_gamma_shard0002.inc1.id1.sim.gz,20867,se3_instant_gamma_shard0002,1444771823,0.050773534802719435,501.08545802591624,501.07979,672880.0708226702,2193.5211043459994,False,False,True,False,-22.80298,-58.6727,-1.60886,0.46697,0.84717,-0.25346,829279.201,side,side_phi_sector_6,274.4132189829881,2.3084718265866826,-29.911050764322123,-12.13615719791505
gamma,/home/ubuntu/.codex/worktrees/c528/TES_511_Balloon/runs/geometry_optimization_20260815/se3_plan1_one_third_transport_v1/jobs/se3_instant_gamma_shard0002/attempts/attempt02/se3_instant_gamma_shard0002.inc1.id1.sim.gz,37104,se3_instant_gamma_shard0002,1444771823,0.050773534802719435,510.9740434051852,510.998876,535800.8089127897,426.1042099999999,False,False,True,True,29.90332,-54.74524,27.80259,-0.63643,0.68409,-0.35634,612374.606,side,side_phi_sector_6,258.76481877880883,-5.845099459200354,-29.425071152200392,14.821377323436934
gamma,/home/ubuntu/.codex/worktrees/c528/TES_511_Balloon/runs/geometry_optimization_20260815/se3_plan1_one_third_transport_v1/jobs/se3_instant_gamma_shard0002/attempts/attempt02/se3_instant_gamma_shard0002.inc1.id1.sim.gz,37189,se3_instant_gamma_shard0002,1444771823,0.050773534802719435,547.6071870619944,547.05398,23944.339535859985,0.0,False,False,True,False,29.46736,7.82643,-51.35323,-0.71466,-0.12497,0.68822,38742.453,side,side_phi_sector_0,8.368162026779812,29.680600658176964,4.365998691001371,-15.993338447977731
gamma,/home/ubuntu/.codex/worktrees/c528/TES_511_Balloon/runs/geometry_optimization_20260815/se3_plan1_one_third_transport_v1/jobs/se3_instant_gamma_shard0002/attempts/attempt02/se3_instant_gamma_shard0002.inc1.id1.sim.gz,52915,se3_instant_gamma_shard0002,1444771823,0.050773534802719435,511.11680303294213,510.99893999999995,65750.6818970119,0.0,False,False,True,True,-49.47053,18.49028,-18.71754,0.90578,-0.40867,0.11203,128317.745,bottom,bottom,129.72561090850581,-5.589861511453378,6.726900280615096,-27.5
gamma,/home/ubuntu/.codex/worktrees/c528/TES_511_Balloon/runs/geometry_optimization_20260815/se3_plan1_one_third_transport_v1/jobs/se3_instant_gamma_shard0002/attempts/attempt02/se3_instant_gamma_shard0002.inc1.id1.sim.gz,59937,se3_instant_gamma_shard0002,1444771823,0.050773534802719435,494.0364476578658,494.186772,544346.3535774795,873.7982120800002,False,False,True,False,-24.70157,59.11616,27.02455,-0.00023,-0.85893,-0.51209,582206.696,side,side_phi_sector_3,133.84735457316523,-20.782184020121115,21.635637900321385,-14.165304824743846
gamma,/home/ubuntu/.codex/worktrees/c528/TES_511_Balloon/runs/geometry_optimization_20260815/se3_plan1_one_third_transport_v1/jobs/se3_instant_gamma_shard0002/attempts/attempt02/se3_instant_gamma_shard0002.inc1.id1.sim.gz,62783,se3_instant_gamma_shard0002,1444771823,0.050773534802719435,533.4872340769676,533.4659439999999,116555.5817821999,0.0,False,False,True,False,-34.36964,24.17199,-35.38563,0.71537,-0.56686,0.40856,132147.116,bottom,bottom,52.195725910966665,6.676036813837488,8.605369211238553,-27.5
gamma,/home/ubuntu/.codex/worktrees/c528/TES_511_Balloon/runs/geometry_optimization_20260815/se3_plan1_one_third_transport_v1/jobs/se3_instant_gamma_shard0002/attempts/attempt02/se3_instant_gamma_shard0002.inc1.id1.sim.gz,74257,se3_instant_gamma_shard0002,1444771823,0.050773534802719435,510.8524639008756,510.99884189299996,417909.91678484314,3236.5745823999996,False,False,True,True,-27.20297,-46.46184,-11.56858,0.58295,0.72463,0.36753,784075.936,side,side_phi_sector_6,255.71990020501136,-7.399873059455306,-29.0730438499987,-11.287600800681233
gamma,/home/ubuntu/.codex/worktrees/c528/TES_511_Balloon/runs/geometry_optimization_20260815/se3_plan1_one_third_transport_v1/jobs/se3_instant_gamma_shard0002/attempts/attempt02/se3_instant_gamma_shard0002.inc1.id1.sim.gz,83546,se3_instant_gamma_shard0002,1444771823,0.050773534802719435,502.65649926575384,502.770724,217060.2166418606,3354.26549552,False,False,True,False,-42.07717,44.21541,-8.14817,0.55498,-0.82012,-0.1393,271535.597,bottom,bottom,115.88698317627852,-10.605092765945441,21.852960268160892,-27.5
gamma,/home/ubuntu/.codex/worktrees/c528/TES_511_Balloon/runs/geometry_optimization_20260815/se3_plan1_one_third_transport_v1/jobs/se3_instant_gamma_shard0002/attempts/attempt02/se3_instant_gamma_shard0002.inc1.id1.sim.gz,92221,se3_instant_gamma_shard0002,1444771823,0.050773534802719435,511.4717396995997,510.99896999999993,3303.937531319,106.590284,False,False,True,False,29.13572,61.83924,27.33885,-0.10012,-0.9808,0.16733,24225.789,side,side_phi_sector_2,99.49299035991203,-4.947808234926579,29.589173588838086,41.496227812788725
gamma,/home/ubuntu/.codex/worktrees/c528/TES_511_Balloon/runs/geometry_optimization_20260815/se3_plan1_one_third_transport_v1/jobs/se3_instant_gamma_shard0002/attempts/attempt02/se3_instant_gamma_shard0002.inc1.id1.sim.gz,96210,se3_instant_gamma_shard0002,1444771823,0.050773534802719435,543.2023475134272,542.96411,1014707.9962485383,1156.0576280299997,False,False,True,False,2.00042,-49.81943,44.80872,0.18403,0.69039,-0.69964,1425815.658,side,side_phi_sector_6,249.3379439135267,-10.585658161121003,-28.07033739191414,21.613478912589343
gamma,/home/ubuntu/.codex/worktrees/c528/TES_511_Balloon/runs/geometry_optimization_20260815/se3_plan1_one_third_transport_v1/jobs/se3_instant_gamma_shard0002/attempts/attempt02/se3_instant_gamma_shard0002.inc1.id1.sim.gz,110376,se3_instant_gamma_shard0002,1444771823,0.050773534802719435,524.8155595174663,524.9691,622726.5544846836,228.690991,False,False,True,False,-48.58534,-39.61066,-2.61182,0.56576,0.80358,-0.18487,723092.85,bottom,bottom,221.62297589177936,-15.359203968764444,-13.647557436592528,-27.5
gamma,/home/ubuntu/.codex/worktrees/c528/TES_511_Balloon/runs/geometry_optimization_20260815/se3_plan1_one_third_transport_v1/jobs/se3_instant_gamma_shard0002/attempts/attempt02/se3_instant_gamma_shard0002.inc1.id1.sim.gz,117352,se3_instant_gamma_shard0002,1444771823,0.050773534802719435,493.0269712287646,492.91794,689402.0920730071,7937.8722566290035,False,False,True,False,-35.87734,-44.37863,9.7344,0.6027,0.7959,-0.05737,1295539.851,side,side_phi_sector_5,229.29626417095116,-19.564435041338797,-22.742754483862207,-8.003459000806807
gamma,/home/ubuntu/.codex/worktrees/c528/TES_511_Balloon/runs/geometry_optimization_20260815/se3_plan1_one_third_transport_v1/jobs/se3_instant_gamma_shard0002/attempts/attempt02/se3_instant_gamma_shard0002.inc1.id1.sim.gz,155752,se3_instant_gamma_shard0002,1444771823,0.050773534802719435,511.11782752033804,510.99887700000005,169923.63701385053,0.0,False,False,True,True,36.5387,50.36543,-3.13976,-0.55,-0.83324,0.05659,251951.089,side,side_phi_sector_1,59.14197554812928,15.387374581967137,25.753227049716145,13.311015894405216
gamma,/home/ubuntu/.codex/worktrees/c528/TES_511_Balloon/runs/geometry_optimization_20260815/se3_plan1_one_third_transport_v1/jobs/se3_instant_gamma_shard0002/attempts/attempt02/se3_instant_gamma_shard0002.inc1.id1.sim.gz,169309,se3_instant_gamma_shard0002,1444771823,0.050773534802719435,509.9670565943228,509.94363640000006,48171.719679319955,0.0,False,False,True,False,-31.94026,34.49976,-30.8429,0.59218,-0.74192,0.31445,62123.964,bottom,bottom,73.60036192393565,4.399348163896968,14.948051368238193,-27.5
gamma,/home/ubuntu/.codex/worktrees/c528/TES_511_Balloon/runs/geometry_optimization_20260815/se3_plan1_one_third_transport_v1/jobs/se3_instant_gamma_shard0002/attempts/attempt02/se3_instant_gamma_shard0002.inc1.id1.sim.gz,200890,se3_instant_gamma_shard0002,1444771823,0.050773534802719435,508.7243803975859,508.90685,25758.243547399994,0.0,False,False,True,False,33.4902,-49.28516,-10.81302,-0.42431,0.86675,0.26213,27322.717,side,side_phi_sector_7,305.47198392630054,17.409144180547283,-24.43198106787324,12.74689561535142
gamma,/home/ubuntu/.codex/worktrees/c528/TES_511_Balloon/runs/geometry_optimization_20260815/se3_plan1_one_third_transport_v1/jobs/se3_instant_gamma_shard0002/attempts/attempt02/se3_instant_gamma_shard0002.inc1.id1.sim.gz,204917,se3_instant_gamma_shard0002,1444771823,0.050773534802719435,511.01964917719823,510.99896070000005,626559.9597374932,8833.641139880003,False,False,True,True,-41.18614,32.07046,-17.50316,0.59833,-0.7219,0.34764,1175320.098,bottom,bottom,127.54516247868861,-13.036383569572655,16.961646320518906,-27.5
gamma,/home/ubuntu/.codex/worktrees/c528/TES_511_Balloon/runs/geometry_optimization_20260815/se3_plan1_one_third_transport_v1/jobs/se3_instant_gamma_shard0002/attempts/attempt02/se3_instant_gamma_shard0002.inc1.id1.sim.gz,210116,se3_instant_gamma_shard0002,1444771823,0.050773534802719435,511.0242817689653,510.99887199999995,632809.4676020504,5551.537192820003,False,False,True,True,-29.40651,-52.60585,20.23524,0.39548,0.77745,-0.48905,1091174.658,side,side_phi_sector_5,241.9902271989701,-14.088664745043957,-26.486025101961896,-8.70796464525605
gamma,/home/ubuntu/.codex/worktrees/c528/TES_511_Balloon/runs/geometry_optimization_20260815/se3_plan1_one_third_transport_v1/jobs/se3_instant_gamma_shard0002/attempts/attempt02/se3_instant_gamma_shard0002.inc1.id1.sim.gz,213190,se3_instant_gamma_shard0002,1444771823,0.050773534802719435,544.1216113007407,544.5608199999999,902485.0586728717,1380.7022556099996,False,False,True,False,0.62714,-50.01105,46.49908,-0.21424,0.81668,-0.53585,1001012.743,side,side_phi_sector_5,217.97008708111807,-23.649962102390823,-18.457499629025527,12.830781691836819
gamma,/home/ubuntu/.codex/worktrees/c528/TES_511_Balloon/runs/geometry_optimization_20260815/se3_plan1_one_third_transport_v1/jobs/se3_instant_gamma_shard0002/attempts/attempt02/se3_instant_gamma_shard0002.inc1.id1.sim.gz,228542,se3_instant_gamma_shard0002,1444771823,0.050773534802719435,511.1513230084042,510.99887,510.998874,0.0,False,False,True,True,53.14782,-37.6938,-9.32198,-0.74915,0.66032,-0.0524,3230.735,side,side_phi_sector_7,332.11652406578474,26.5170163196885,-14.030247521030198,10.678090028420023
gamma,/home/ubuntu/.codex/worktrees/c528/TES_511_Balloon/runs/geometry_optimization_20260815/se3_plan1_one_third_transport_v1/jobs/se3_instant_gamma_shard0002/attempts/attempt02/se3_instant_gamma_shard0002.inc1.id1.sim.gz,239710,se3_instant_gamma_shard0002,1444771823,0.050773534802719435,515.3500123859765,515.0927919869999,587001.2260256015,21310.650542307012,False,False,True,False,5.16734,-58.49286,26.59221,0.0636,0.99131,-0.11518,1570875.396,side,side_phi_sector_6,248.00126803131394,-11.23758220560743,-27.81576434635969,21.328712486951712
gamma,/home/ubuntu/.codex/worktrees/c528/TES_511_Balloon/runs/geometry_optimization_20260815/se3_plan1_one_third_transport_v1/jobs/se3_instant_gamma_shard0003/attempts/attempt02/se3_instant_gamma_shard0003.inc1.id1.sim.gz,6073,se3_instant_gamma_shard0003,510145530,0.050773534802719435,511.0154948392601,510.99893,134057.7381007797,761.4168485999998,False,False,True,True,-42.27581,-36.92614,7.64059,0.79306,0.60848,0.02846,221656.997,side,side_phi_sector_5,224.82610619488858,-21.277488120764676,-21.14872334848414,-9.42844911886095
gamma,/home/ubuntu/.codex/worktrees/c528/TES_511_Balloon/runs/geometry_optimization_20260815/se3_plan1_one_third_transport_v1/jobs/se3_instant_gamma_shard0003/attempts/attempt02/se3_instant_gamma_shard0003.inc1.id1.sim.gz,7278,se3_instant_gamma_shard0003,510145530,0.050773534802719435,511.00858831512363,510.9989,402718.5386735846,716.00946137,False,False,True,True,12.24937,52.35207,-34.46204,-0.55738,-0.70547,0.43778,428932.703,side,side_phi_sector_2,72.00096730867344,9.270028137265992,28.531851996221647,-18.562237468663955
gamma,/home/ubuntu/.codex/worktrees/c528/TES_511_Balloon/runs/geometry_optimization_20260815/se3_plan1_one_third_transport_v1/jobs/se3_instant_gamma_shard0003/attempts/attempt02/se3_instant_gamma_shard0003.inc1.id1.sim.gz,20332,se3_instant_gamma_shard0003,510145530,0.050773534802719435,510.6906994210195,510.99895000000004,21886.708585100005,0.0,False,False,True,True,-41.15386,44.9678,-10.07421,0.43594,-0.89948,-0.02978,23514.927,bottom,bottom,124.15891603459204,-11.97365493647349,17.645902253279903,-27.5
gamma,/home/ubuntu/.codex/worktrees/c528/TES_511_Balloon/runs/geometry_optimization_20260815/se3_plan1_one_third_transport_v1/jobs/se3_instant_gamma_shard0003/attempts/attempt02/se3_instant_gamma_shard0003.inc1.id1.sim.gz,21584,se3_instant_gamma_shard0003,510145530,0.050773534802719435,493.3988480161403,493.74320000000006,172935.65561531504,0.0,False,False,True,False,43.73633,48.60121,8.3666,-0.66138,-0.71054,-0.24025,264578.592,side,side_phi_sector_1,59.05776819771578,15.425207352339164,25.730584488840165,16.3211297460995
gamma,/home/ubuntu/.codex/worktrees/c528/TES_511_Balloon/runs/geometry_optimization_20260815/se3_plan1_one_third_transport_v1/jobs/se3_instant_gamma_shard0003/attempts/attempt02/se3_instant_gamma_shard0003.inc1.id1.sim.gz,28741,se3_instant_gamma_shard0003,510145530,0.050773534802719435,511.4049848217379,510.99881999999997,500995.6401188299,490.11558270000006,False,False,True,True,46.91505,-45.52525,8.10551,-0.49992,0.85496,0.1383,1370761.03,side,side_phi_sector_7,303.5999766636609,16.60173629993546,-24.987643983125047,32.76296340058278
gamma,/home/ubuntu/.codex/worktrees/c528/TES_511_Balloon/runs/geometry_optimization_20260815/se3_plan1_one_third_transport_v1/jobs/se3_instant_gamma_shard0003/attempts/attempt02/se3_instant_gamma_shard0003.inc1.id1.sim.gz,31990,se3_instant_gamma_shard0003,510145530,0.050773534802719435,492.5994980284891,492.4563000000001,62638.61304627595,0.0,False,False,True,False,7.60706,58.70823,-20.96076,-0.00109,-0.99899,0.04501,72325.036,side,side_phi_sector_1,50.60158234542706,19.04127516812345,23.182533079277704,-8.33808571790272
gamma,/home/ubuntu/.codex/worktrees/c528/TES_511_Balloon/runs/geometry_optimization_20260815/se3_plan1_one_third_transport_v1/jobs/se3_instant_gamma_shard0003/attempts/attempt02/se3_instant_gamma_shard0003.inc1.id1.sim.gz,37643,se3_instant_gamma_shard0003,510145530,0.050773534802719435,510.96687293861373,510.99895000000004,124798.00444986,135.39297000000002,False,False,True,True,43.01091,33.51498,-28.67603,-0.48016,-0.7668,0.42599,142493.575,side,side_phi_sector_0,14.649363919973865,29.024749131958085,7.587090208169343,8.841114505475057
gamma,/home/ubuntu/.codex/worktrees/c528/TES_511_Balloon/runs/geometry_optimization_20260815/se3_plan1_one_third_transport_v1/jobs/se3_instant_gamma_shard0003/attempts/attempt02/se3_instant_gamma_shard0003.inc1.id1.sim.gz,63253,se3_instant_gamma_shard0003,510145530,0.050773534802719435,511.0960430647408,510.998903,470.01747,0.0,False,False,True,True,8.15359,41.33961,-35.45785,-0.20642,-0.69556,0.68817,2083.72,side,side_phi_sector_1,57.30869198640849,16.203379616817223,25.247781862835243,-11.426096634438235
gamma,/home/ubuntu/.codex/worktrees/c528/TES_511_Balloon/runs/geometry_optimization_20260815/se3_plan1_one_third_transport_v1/jobs/se3_instant_gamma_shard0003/attempts/attempt02/se3_instant_gamma_shard0003.inc1.id1.sim.gz,66413,se3_instant_gamma_shard0003,510145530,0.050773534802719435,520.1703564904459,520.2472933465,44586.403983099895,0.0,False,False,True,False,-36.32107,-31.97994,-34.8385,0.82014,0.53367,0.2063,49573.083,bottom,bottom,309.6455201786366,12.597120559065939,-15.202694816131842,-27.5
gamma,/home/ubuntu/.codex/worktrees/c528/TES_511_Balloon/runs/geometry_optimization_20260815/se3_plan1_one_third_transport_v1/jobs/se3_instant_gamma_shard0003/attempts/attempt02/se3_instant_gamma_shard0003.inc1.id1.sim.gz,83287,se3_instant_gamma_shard0003,510145530,0.050773534802719435,502.005192173877,501.71924,110052.40603839702,0.0,False,False,True,False,-20.45814,-56.0425,2.74781,0.31622,0.89046,0.32723,127504.226,side,side_phi_sector_5,236.21794907445724,-16.681057959944386,-24.934760984155755,3.3716605776574955
gamma,/home/ubuntu/.codex/worktrees/c528/TES_511_Balloon/runs/geometry_optimization_20260815/se3_plan1_one_third_transport_v1/jobs/se3_instant_gamma_shard0003/attempts/attempt02/se3_instant_gamma_shard0003.inc1.id1.sim.gz,84493,se3_instant_gamma_shard0003,510145530,0.050773534802719435,510.8779403727166,510.99890000000005,771704.2522878097,5738.2362037574685,False,False,True,True,-52.68303,-8.62343,35.83504,0.75178,-0.09947,-0.65187,1124008.193,side,side_phi_sector_5,203.88531024491536,-27.43073391736253,-12.147215185171284,-9.41061371605348
gamma,/home/ubuntu/.codex/worktrees/c528/TES_511_Balloon/runs/geometry_optimization_20260815/se3_plan1_one_third_transport_v1/jobs/se3_instant_gamma_shard0003/attempts/attempt02/se3_instant_gamma_shard0003.inc1.id1.sim.gz,100811,se3_instant_gamma_shard0003,510145530,0.050773534802719435,510.8701078130448,510.9989,820687.9420243904,4127.939374765001,False,False,True,True,17.65597,47.67831,-41.32314,-0.2033,-0.94864,0.24238,954258.409,side,side_phi_sector_0,16.716578459813036,28.732179220662296,8.62912957555637,-15.597719955101786
gamma,/home/ubuntu/.codex/worktrees/c528/TES_511_Balloon/runs/geometry_optimization_20260815/se3_plan1_one_third_transport_v1/jobs/se3_instant_gamma_shard0003/attempts/attempt02/se3_instant_gamma_shard0003.inc1.id1.sim.gz,106636,se3_instant_gamma_shard0003,510145530,0.050773534802719435,510.8537262654844,510.9989,183303.05123922345,0.0,False,False,True,True,-26.1891,-44.81746,-33.88986,0.59659,0.79038,0.13919,188395.743,bottom,bottom,303.7876147462058,14.759017242691218,-22.057069352635686,-27.5
gamma,/home/ubuntu/.codex/worktrees/c528/TES_511_Balloon/runs/geometry_optimization_20260815/se3_plan1_one_third_transport_v1/jobs/se3_instant_gamma_shard0003/attempts/attempt02/se3_instant_gamma_shard0003.inc1.id1.sim.gz,153149,se3_instant_gamma_shard0003,510145530,0.050773534802719435,510.9149108469605,510.9989470268,607989.5958909715,7353.372929168001,False,False,True,True,-25.8969,22.08956,-38.0881,0.61595,-0.34584,0.70781,1848309.558,bottom,bottom,64.56007878526951,7.3891506987234425,15.53357334555022,-27.5
gamma,/home/ubuntu/.codex/worktrees/c528/TES_511_Balloon/runs/geometry_optimization_20260815/se3_plan1_one_third_transport_v1/jobs/se3_instant_gamma_shard0003/attempts/attempt02/se3_instant_gamma_shard0003.inc1.id1.sim.gz,153445,se3_instant_gamma_shard0003,510145530,0.050773534802719435,510.9003284049833,510.99885000000006,233530.89465700908,0.0,False,False,True,True,24.87652,49.31762,-30.88622,-0.44204,-0.8735,0.20395,304129.498,side,side_phi_sector_1,38.63303836996028,23.43481787572829,18.729904194401147,-10.144859132793492
gamma,/home/ubuntu/.codex/worktrees/c528/TES_511_Balloon/runs/geometry_optimization_20260815/se3_plan1_one_third_transport_v1/jobs/se3_instant_gamma_shard0003/attempts/attempt02/se3_instant_gamma_shard0003.inc1.id1.sim.gz,165709,se3_instant_gamma_shard0003,510145530,0.050773534802719435,510.992804656191,510.99884,15178.620099199996,0.0,False,False,True,True,-47.54987,7.45138,-20.74294,0.89011,0.038,0.45415,21786.711,bottom,bottom,145.8555340570542,-12.21280984810118,8.282523980569321,-27.5
gamma,/home/ubuntu/.codex/worktrees/c528/TES_511_Balloon/runs/geometry_optimization_20260815/se3_plan1_one_third_transport_v1/jobs/se3_instant_gamma_shard0003/attempts/attempt02/se3_instant_gamma_shard0003.inc1.id1.sim.gz,182705,se3_instant_gamma_shard0003,510145530,0.050773534802719435,510.88178740333296,510.9989,2891173.516730067,47472.38630368012,False,False,True,True,-26.23312,-55.9848,28.71676,0.05973,0.8598,-0.50713,3586740.775,side,side_phi_sector_5,222.33849688462664,-22.175361981318026,-20.205279532773496,-11.40871623542125
gamma,/home/ubuntu/.codex/worktrees/c528/TES_511_Balloon/runs/geometry_optimization_20260815/se3_plan1_one_third_transport_v1/jobs/se3_instant_gamma_shard0003/attempts/attempt02/se3_instant_gamma_shard0003.inc1.id1.sim.gz,194055,se3_instant_gamma_shard0003,510145530,0.050773534802719435,529.1715245528518,528.9261,268859.309091474,553.6977823100001,False,False,True,False,-38.04925,-21.3909,53.65806,0.30902,0.29636,-0.9037,353520.794,side,side_phi_sector_4,197.22329893873166,-28.654741064345387,-8.882894490835659,-6.710389393715847
gamma,/home/ubuntu/.codex/worktrees/c528/TES_511_Balloon/runs/geometry_optimization_20260815/se3_plan1_one_third_transport_v1/jobs/se3_instant_gamma_shard0003/attempts/attempt02/se3_instant_gamma_shard0003.inc1.id1.sim.gz,209401,se3_instant_gamma_shard0003,510145530,0.050773534802719435,520.0874256964514,520.306955,66549.22656180001,0.0,False,False,True,False,-51.87168,30.03866,7.95484,0.66254,-0.74556,-0.07201,74133.901,side,side_phi_sector_4,160.64312818427499,-28.304172538927,9.943531409245448,-19.799163381367613
gamma,/home/ubuntu/.codex/worktrees/c528/TES_511_Balloon/runs/geometry_optimization_20260815/se3_plan1_one_third_transport_v1/jobs/se3_instant_gamma_shard0003/attempts/attempt02/se3_instant_gamma_shard0003.inc1.id1.sim.gz,215851,se3_instant_gamma_shard0003,510145530,0.050773534802719435,511.3027160047425,510.9989000000001,22932.063119899987,0.0,False,False,True,True,4.0113,57.23559,-21.46098,-0.1241,-0.9845,0.1239,23443.062,side,side_phi_sector_1,65.03674101505096,12.661110104865887,27.19735816053579,-12.343101986418676
gamma,/home/ubuntu/.codex/worktrees/c528/TES_511_Balloon/runs/geometry_optimization_20260815/se3_plan1_one_third_transport_v1/jobs/se3_instant_gamma_shard0003/attempts/attempt02/se3_instant_gamma_shard0003.inc1.id1.sim.gz,230916,se3_instant_gamma_shard0003,510145530,0.050773534802719435,544.1003025567104,543.954503,135024.7901481997,0.0,False,False,True,False,64.76019,-29.04614,9.64018,-0.80225,0.40546,-0.43818,138070.944,side,side_phi_sector_0,337.71011602378496,27.758300998677168,-11.378784015299594,14.389875236986796
gamma,/home/ubuntu/.codex/worktrees/c528/TES_511_Balloon/runs/geometry_optimization_20260815/se3_plan1_one_third_transport_v1/jobs/se3_instant_gamma_shard0003/attempts/attempt02/se3_instant_gamma_shard0003.inc1.id1.sim.gz,232392,se3_instant_gamma_shard0003,510145530,0.050773534802719435,511.12167944599463,510.998888,299661.2077823736,165.84222699999998,False,False,True,True,0.67533,-60.97607,-13.42344,0.13342,0.99015,-0.04247,355229.919,side,side_phi_sector_7,298.5049915583073,14.31705960685916,-26.363266190167757,-6.766134295131817
gamma,/home/ubuntu/.codex/worktrees/c528/TES_511_Balloon/runs/geometry_optimization_20260815/se3_plan1_one_third_transport_v1/jobs/se3_instant_gamma_shard0003/attempts/attempt02/se3_instant_gamma_shard0003.inc1.id1.sim.gz,237538,se3_instant_gamma_shard0003,510145530,0.050773534802719435,511.02319398283106,510.99889999999994,5312.236379,0.0,False,False,True,True,29.79288,-53.5866,-2.24242,-0.39319,0.90961,0.1342,5823.235,side,side_phi_sector_7,293.499619869438,11.962289539619775,-27.511881596326766,14.231442322615056
gamma,/home/ubuntu/.codex/worktrees/c528/TES_511_Balloon/runs/geometry_optimization_20260815/se3_plan1_one_third_transport_v1/jobs/se3_instant_gamma_shard0003/attempts/attempt02/se3_instant_gamma_shard0003.inc1.id1.sim.gz,238070,se3_instant_gamma_shard0003,510145530,0.050773534802719435,533.1025299340162,533.1544,645.0067069999999,0.0,False,False,True,False,54.61146,33.65931,0.90338,-0.84608,-0.53295,0.01062,11346.226,side,side_phi_sector_1,41.69577345021002,22.400617573231607,19.955258262869656,24.06438072255601
gamma,/home/ubuntu/.codex/worktrees/c528/TES_511_Balloon/runs/geometry_optimization_20260815/se3_plan1_one_third_transport_v1/jobs/se3_instant_gamma_shard0003/attempts/attempt02/se3_instant_gamma_shard0003.inc1.id1.sim.gz,238437,se3_instant_gamma_shard0003,510145530,0.050773534802719435,511.0017588086264,510.998933,704654.0862343577,0.0,False,False,True,True,-52.05502,-6.80022,33.72536,0.82424,-0.11109,-0.55523,1169005.897,side,side_phi_sector_4,200.50362576375719,-28.099500771573744,-10.507999637815306,-6.612216228435231
gamma,/home/ubuntu/.codex/worktrees/c528/TES_511_Balloon/runs/geometry_optimization_20260815/se3_plan1_one_third_transport_v1/jobs/se3_instant_gamma_shard0003/attempts/attempt02/se3_instant_gamma_shard0003.inc1.id1.sim.gz,244086,se3_instant_gamma_shard0003,510145530,0.050773534802719435,502.00083560992937,501.95767900000004,1141218.111899587,9491.303215040001,False,False,True,False,-2.5209,67.253,4.90489,0.18654,-0.89585,-0.4033,1302926.619,side,side_phi_sector_1,63.01232236474372,13.61396592535112,26.733124242844845,-5.246877414084982
gamma,/home/ubuntu/.codex/worktrees/c528/TES_511_Balloon/runs/geometry_optimization_20260815/se3_plan1_one_third_transport_v1/jobs/se3_instant_gamma_shard0003/attempts/attempt02/se3_instant_gamma_shard0003.inc1.id1.sim.gz,245265,se3_instant_gamma_shard0003,510145530,0.050773534802719435,511.11377243224035,510.99892000000006,10486788.749790726,244503.1819526947,False,False,True,True,42.68338,49.06261,-26.04839,-0.74006,-0.67209,-0.02461,20606535.238,side,side_phi_sector_1,34.92325114529722,24.597588791418804,17.174359541137687,-13.891712413407031
gamma,/home/ubuntu/.codex/worktrees/c528/TES_511_Balloon/runs/geometry_optimization_20260815/se3_plan1_one_third_transport_v1/jobs/se3_instant_gamma_shard0003/attempts/attempt02/se3_instant_gamma_shard0003.inc1.id1.sim.gz,260733,se3_instant_gamma_shard0003,510145530,0.050773534802719435,510.39220277337074,510.99894,8163822.034498433,32226.797801733013,False,False,True,False,-5.88232,30.36687,66.26334,0.18869,-0.77787,-0.59942,9168877.438,side,side_phi_sector_4,178.0706335432866,-29.98299273795589,1.0100230075023795,31.734989302765854
gamma,/home/ubuntu/.codex/worktrees/c528/TES_511_Balloon/runs/geometry_optimization_20260815/se3_plan1_one_third_transport_v1/jobs/se3_instant_gamma_shard0004/attempts/attempt02/se3_instant_gamma_shard0004.inc1.id1.sim.gz,8960,se3_instant_gamma_shard0004,75116849,0.050773534802719435,511.37976019770844,510.9989557,250490.98728841875,0.0,False,False,True,True,-9.15121,3.7563,-53.35123,0.24007,-0.40205,0.88358,321861.717,bottom,bottom,347.79492272094126,21.69245712828625,-4.692087421632337,-27.5
gamma,/home/ubuntu/.codex/worktrees/c528/TES_511_Balloon/runs/geometry_optimization_20260815/se3_plan1_one_third_transport_v1/jobs/se3_instant_gamma_shard0004/attempts/attempt02/se3_instant_gamma_shard0004.inc1.id1.sim.gz,14409,se3_instant_gamma_shard0004,75116849,0.050773534802719435,510.98137884287945,510.9989,156112.41639740395,1218.4926619999994,False,False,True,True,-18.43701,54.43383,19.42406,0.3665,-0.89744,-0.24553,203724.578,side,side_phi_sector_3,116.64321878235154,-13.45300289756315,26.814486999347146,3.3304632281652786
gamma,/home/ubuntu/.codex/worktrees/c528/TES_511_Balloon/runs/geometry_optimization_20260815/se3_plan1_one_third_transport_v1/jobs/se3_instant_gamma_shard0004/attempts/attempt02/se3_instant_gamma_shard0004.inc1.id1.sim.gz,19524,se3_instant_gamma_shard0004,75116849,0.050773534802719435,513.5020586068672,513.6095,1755578.6036657235,9288.020597249992,False,False,True,False,30.9978,-56.95053,14.67308,-0.18047,0.94346,-0.27804,2666388.896,side,side_phi_sector_7,297.2977618090725,13.75844524102981,-26.659054457155538,21.884667821158402
gamma,/home/ubuntu/.codex/worktrees/c528/TES_511_Balloon/runs/geometry_optimization_20260815/se3_plan1_one_third_transport_v1/jobs/se3_instant_gamma_shard0004/attempts/attempt02/se3_instant_gamma_shard0004.inc1.id1.sim.gz,30721,se3_instant_gamma_shard0004,75116849,0.050773534802719435,510.6268862300264,510.99891500000007,143.27856530000003,0.0,False,False,True,True,-21.41448,52.11953,-16.57448,0.17907,-0.964,0.19654,21694.027,side,side_phi_sector_2,97.10144690084375,-3.708796087253118,29.76986448714834,-20.704585031674775
gamma,/home/ubuntu/.codex/worktrees/c528/TES_511_Balloon/runs/geometry_optimization_20260815/se3_plan1_one_third_transport_v1/jobs/se3_instant_gamma_shard0004/attempts/attempt02/se3_instant_gamma_shard0004.inc1.id1.sim.gz,35821,se3_instant_gamma_shard0004,75116849,0.050773534802719435,510.7580225266413,510.99888,821666.2543995122,892.20737491,False,False,True,True,-51.67578,21.66636,21.66419,0.92728,-0.14093,-0.34684,1018885.452,side,side_phi_sector_3,144.5978435039092,-24.45317976573868,17.379355550320852,-8.736276012984252
gamma,/home/ubuntu/.codex/worktrees/c528/TES_511_Balloon/runs/geometry_optimization_20260815/se3_plan1_one_third_transport_v1/jobs/se3_instant_gamma_shard0004/attempts/attempt02/se3_instant_gamma_shard0004.inc1.id1.sim.gz,36116,se3_instant_gamma_shard0004,75116849,0.050773534802719435,495.9571756127931,495.97095600000006,28093.686356824786,0.0,False,False,True,False,30.84192,-52.89425,-20.84373,-0.36469,0.92997,0.04643,29124.878,side,side_phi_sector_7,326.9057368823863,25.133201767132917,-16.380542388229593,-1.7661784435337697
gamma,/home/ubuntu/.codex/worktrees/c528/TES_511_Balloon/runs/geometry_optimization_20260815/se3_plan1_one_third_transport_v1/jobs/se3_instant_gamma_shard0004/attempts/attempt02/se3_instant_gamma_shard0004.inc1.id1.sim.gz,46053,se3_instant_gamma_shard0004,75116849,0.050773534802719435,511.2688470068799,510.99896,168102.45575639504,0.0,False,False,True,True,-33.79863,-51.01561,9.60136,0.64673,0.68019,-0.34509,206338.274,side,side_phi_sector_6,254.68859517612785,-7.921951246700328,-28.935146248894323,-10.186136242034461
gamma,/home/ubuntu/.codex/worktrees/c528/TES_511_Balloon/runs/geometry_optimization_20260815/se3_plan1_one_third_transport_v1/jobs/se3_instant_gamma_shard0004/attempts/attempt02/se3_instant_gamma_shard0004.inc1.id1.sim.gz,46863,se3_instant_gamma_shard0004,75116849,0.050773534802719435,510.887808142426,510.99886000000004,56251.27345439991,0.0,False,False,True,True,-9.59534,49.62885,-23.29626,0.39961,-0.79874,0.4498,59220.363,side,side_phi_sector_2,73.02666268542848,8.757799652628472,28.69322124203591,-7.515038306422692
gamma,/home/ubuntu/.codex/worktrees/c528/TES_511_Balloon/runs/geometry_optimization_20260815/se3_plan1_one_third_transport_v1/jobs/se3_instant_gamma_shard0004/attempts/attempt02/se3_instant_gamma_shard0004.inc1.id1.sim.gz,49094,se3_instant_gamma_shard0004,75116849,0.050773534802719435,503.9132499689234,503.5455,693839.9926404697,8506.313702550005,False,False,True,False,28.91079,-26.64617,57.66593,-0.34585,0.54014,-0.76723,3153579.312,top,top,229.29898318746095,-15.707198712584809,-18.26064768770437,49.0
gamma,/home/ubuntu/.codex/worktrees/c528/TES_511_Balloon/runs/geometry_optimization_20260815/se3_plan1_one_third_transport_v1/jobs/se3_instant_gamma_shard0004/attempts/attempt02/se3_instant_gamma_shard0004.inc1.id1.sim.gz,50982,se3_instant_gamma_shard0004,75116849,0.050773534802719435,501.2258886124009,500.70932000000005,0.0,0.0,True,False,True,False,-23.40555,-0.1808,-44.14236,0.54298,0.04259,0.83867,659.807,bottom,bottom,3.892143079844111,10.326483875810801,0.7025664150179655,-27.5
gamma,/home/ubuntu/.codex/worktrees/c528/TES_511_Balloon/runs/geometry_optimization_20260815/se3_plan1_one_third_transport_v1/jobs/se3_instant_gamma_shard0004/attempts/attempt02/se3_instant_gamma_shard0004.inc1.id1.sim.gz,78605,se3_instant_gamma_shard0004,75116849,0.050773534802719435,510.82019179695465,510.99889,46722.269204800024,1003.6912750000001,False,False,True,True,51.75698,-41.25715,-1.62481,-0.49388,0.85758,0.14368,48662.007,side,side_phi_sector_7,326.01121077485345,24.874409133795623,-16.77092037559492,28.37832518461884
gamma,/home/ubuntu/.codex/worktrees/c528/TES_511_Balloon/runs/geometry_optimization_20260815/se3_plan1_one_third_transport_v1/jobs/se3_instant_gamma_shard0004/attempts/attempt02/se3_instant_gamma_shard0004.inc1.id1.sim.gz,80716,se3_instant_gamma_shard0004,75116849,0.050773534802719435,510.9891938618033,510.99891,48603.022329039915,1691.4087006949992,False,False,True,True,7.18226,53.0657,-27.86133,-0.27854,-0.91373,0.29582,72737.993,side,side_phi_sector_1,63.95339450093716,13.173062946158954,26.953115081870116,-14.273121491169036
gamma,/home/ubuntu/.codex/worktrees/c528/TES_511_Balloon/runs/geometry_optimization_20260815/se3_plan1_one_third_transport_v1/jobs/se3_instant_gamma_shard0004/attempts/attempt02/se3_instant_gamma_shard0004.inc1.id1.sim.gz,83929,se3_instant_gamma_shard0004,75116849,0.050773534802719435,511.2255368942372,510.99887000000007,510.99892,0.0,False,False,True,True,60.23919,-23.83629,-2.6269,-0.96935,0.2335,0.07638,4300.538,side,side_phi_sector_7,324.32702759431226,24.3707611466012,-17.494742099708507,23.589378043809813
gamma,/home/ubuntu/.codex/worktrees/c528/TES_511_Balloon/runs/geometry_optimization_20260815/se3_plan1_one_third_transport_v1/jobs/se3_instant_gamma_shard0004/attempts/attempt02/se3_instant_gamma_shard0004.inc1.id1.sim.gz,86459,se3_instant_gamma_shard0004,75116849,0.050773534802719435,509.3354554628055,509.30798000000004,291206.78955421847,279.98234799999994,False,False,True,False,-60.82669,-11.20803,-18.16075,0.98075,0.05035,-0.18865,367333.088,bottom,bottom,323.4671192129697,11.688315671656447,-8.659283439970771,-27.5
gamma,/home/ubuntu/.codex/worktrees/c528/TES_511_Balloon/runs/geometry_optimization_20260815/se3_plan1_one_third_transport_v1/jobs/se3_instant_gamma_shard0004/attempts/attempt02/se3_instant_gamma_shard0004.inc1.id1.sim.gz,93588,se3_instant_gamma_shard0004,75116849,0.050773534802719435,511.2038049860104,510.99883000000005,3551.8393380000007,0.0,False,False,True,True,-51.4015,-8.64884,-12.30871,0.92171,0.28887,0.25884,32768.705,bottom,bottom,188.23909289328142,-17.788627161442783,-2.5757707617421453,-27.5
gamma,/home/ubuntu/.codex/worktrees/c528/TES_511_Balloon/runs/geometry_optimization_20260815/se3_plan1_one_third_transport_v1/jobs/se3_instant_gamma_shard0004/attempts/attempt02/se3_instant_gamma_shard0004.inc1.id1.sim.gz,104271,se3_instant_gamma_shard0004,75116849,0.050773534802719435,499.5123938841082,499.3146464,502800.49783339055,112.61897,False,False,True,False,-4.22758,43.19909,-36.6998,-0.18395,-0.71759,0.67174,738981.656,side,side_phi_sector_2,69.9286729550427,10.295690808578819,28.177983440518688,-21.719924088920816
gamma,/home/ubuntu/.codex/worktrees/c528/TES_511_Balloon/runs/geometry_optimization_20260815/se3_plan1_one_third_transport_v1/jobs/se3_instant_gamma_shard0004/attempts/attempt02/se3_instant_gamma_shard0004.inc1.id1.sim.gz,114387,se3_instant_gamma_shard0004,75116849,0.050773534802719435,497.2648429212964,497.42985,547016.7124881957,3249.307890590001,False,False,True,False,-40.00523,-45.69281,7.29008,0.73604,0.59989,-0.31365,833203.619,side,side_phi_sector_6,247.88321061321506,-11.294872432218899,-27.792550382070036,-14.220875408036983
gamma,/home/ubuntu/.codex/worktrees/c528/TES_511_Balloon/runs/geometry_optimization_20260815/se3_plan1_one_third_transport_v1/jobs/se3_instant_gamma_shard0004/attempts/attempt02/se3_instant_gamma_shard0004.inc1.id1.sim.gz,121552,se3_instant_gamma_shard0004,75116849,0.050773534802719435,511.2629456243377,510.99889300000007,250834.7778671843,318.0238857000001,False,False,True,True,12.98753,-62.37372,-2.82126,0.16952,0.98548,-0.00964,325081.776,side,side_phi_sector_7,302.0701587927298,15.928719096732998,-25.42195720115533,11.427668438972049
gamma,/home/ubuntu/.codex/worktrees/c528/TES_511_Balloon/runs/geometry_optimization_20260815/se3_plan1_one_third_transport_v1/jobs/se3_instant_gamma_shard0004/attempts/attempt02/se3_instant_gamma_shard0004.inc1.id1.sim.gz,121923,se3_instant_gamma_shard0004,75116849,0.050773534802719435,511.1688429207692,510.99886000000004,610.3796759999999,0.0,False,False,True,True,55.3342,-16.41155,-21.3107,-0.86726,0.35898,0.34495,9697.379,side,side_phi_sector_0,348.4193184128135,29.38928974025434,-6.022428792719813,13.369621036319703
gamma,/home/ubuntu/.codex/worktrees/c528/TES_511_Balloon/runs/geometry_optimization_20260815/se3_plan1_one_third_transport_v1/jobs/se3_instant_gamma_shard0004/attempts/attempt02/se3_instant_gamma_shard0004.inc1.id1.sim.gz,123743,se3_instant_gamma_shard0004,75116849,0.050773534802719435,518.2335138456259,518.4803129999999,361.10292699999997,0.0,False,False,True,False,25.48283,50.21142,-26.46158,-0.62528,-0.70793,0.32842,1527.018,side,side_phi_sector_1,61.93139539414254,14.115853394151799,26.471544778399547,-7.731305004749004
gamma,/home/ubuntu/.codex/worktrees/c528/TES_511_Balloon/runs/geometry_optimization_20260815/se3_plan1_one_third_transport_v1/jobs/se3_instant_gamma_shard0004/attempts/attempt02/se3_instant_gamma_shard0004.inc1.id1.sim.gz,126071,se3_instant_gamma_shard0004,75116849,0.050773534802719435,511.01508912550025,510.99893,230935.90709299984,606.0064559,False,False,True,True,8.88868,-63.58709,-3.06709,-0.43376,0.8869,0.15893,245650.526,side,side_phi_sector_6,254.69212388414678,-7.9201691862376205,-28.93563408777095,-3.4762095344360278
gamma,/home/ubuntu/.codex/worktrees/c528/TES_511_Balloon/runs/geometry_optimization_20260815/se3_plan1_one_third_transport_v1/jobs/se3_instant_gamma_shard0004/attempts/attempt02/se3_instant_gamma_shard0004.inc1.id1.sim.gz,130795,se3_instant_gamma_shard0004,75116849,0.050773534802719435,510.8353039538722,510.99894,2247077.3088945546,6872.853732709997,False,False,True,True,-19.49631,2.95892,65.02284,0.23094,0.04022,-0.97214,3191431.408,side,side_phi_sector_4,171.6022525150532,-29.678342258341825,4.381324091724065,13.656744684596859
gamma,/home/ubuntu/.codex/worktrees/c528/TES_511_Balloon/runs/geometry_optimization_20260815/se3_plan1_one_third_transport_v1/jobs/se3_instant_gamma_shard0004/attempts/attempt02/se3_instant_gamma_shard0004.inc1.id1.sim.gz,132466,se3_instant_gamma_shard0004,75116849,0.050773534802719435,511.4142099350005,510.99894700000004,1301285.2886644122,2.630774,False,False,True,True,-17.81388,-51.1851,-33.92617,0.34876,0.93171,0.10143,1408117.359,bottom,bottom,303.6734561688716,16.384726674671015,-24.592535227265145,-27.5
gamma,/home/ubuntu/.codex/worktrees/c528/TES_511_Balloon/runs/geometry_optimization_20260815/se3_plan1_one_third_transport_v1/jobs/se3_instant_gamma_shard0004/attempts/attempt02/se3_instant_gamma_shard0004.inc1.id1.sim.gz,147714,se3_instant_gamma_shard0004,75116849,0.050773534802719435,511.1354013245193,510.9988520000001,45943.265269700045,124.49694099999999,False,False,True,True,-47.93533,29.35324,8.00593,0.84694,-0.5204,-0.109,53396.58,side,side_phi_sector_3,144.07360048049176,-24.2931413520366,17.60236584240792,-16.451809000853096
gamma,/home/ubuntu/.codex/worktrees/c528/TES_511_Balloon/runs/geometry_optimization_20260815/se3_plan1_one_third_transport_v1/jobs/se3_instant_gamma_shard0004/attempts/attempt02/se3_instant_gamma_shard0004.inc1.id1.sim.gz,188946,se3_instant_gamma_shard0004,75116849,0.050773534802719435,510.84346797884734,510.998943,345382.20304519346,156.57791,False,False,True,True,-39.25422,-47.76271,2.62172,0.70604,0.64196,-0.29899,489827.687,side,side_phi_sector_6,253.41157764239333,-8.56484145802606,-28.751408501130484,-17.379222603017016
gamma,/home/ubuntu/.codex/worktrees/c528/TES_511_Balloon/runs/geometry_optimization_20260815/se3_plan1_one_third_transport_v1/jobs/se3_instant_gamma_shard0004/attempts/attempt02/se3_instant_gamma_shard0004.inc1.id1.sim.gz,190719,se3_instant_gamma_shard0004,75116849,0.050773534802719435,511.05798581713003,510.99896000000007,10955.538980813997,0.0,False,False,True,True,-51.43087,-12.39042,-17.1591,0.90819,-0.13223,0.39713,27628.662,bottom,bottom,223.88246806253352,-16.011693561999795,-15.398963193166162,-27.5
gamma,/home/ubuntu/.codex/worktrees/c528/TES_511_Balloon/runs/geometry_optimization_20260815/se3_plan1_one_third_transport_v1/jobs/se3_instant_gamma_shard0004/attempts/attempt02/se3_instant_gamma_shard0004.inc1.id1.sim.gz,214817,se3_instant_gamma_shard0004,75116849,0.050773534802719435,511.3052817346538,510.99892152200005,113038.49829724788,0.0,False,False,True,True,45.2719,13.1087,-38.50297,-0.67947,-0.48055,0.55443,163471.361,side,side_phi_sector_0,354.1031238294397,29.84125260005612,-3.082149130013603,1.807393973727518
gamma,/home/ubuntu/.codex/worktrees/c528/TES_511_Balloon/runs/geometry_optimization_20260815/se3_plan1_one_third_transport_v1/jobs/se3_instant_gamma_shard0004/attempts/attempt02/se3_instant_gamma_shard0004.inc1.id1.sim.gz,216256,se3_instant_gamma_shard0004,75116849,0.050773534802719435,532.3990254590474,532.2088000000001,110722.82531107978,927.8783860000002,False,False,True,False,-37.66122,-45.75103,-8.85678,0.40404,0.91306,0.05543,117458.163,side,side_phi_sector_5,239.94215823844218,-15.0262206895117,-25.965605939205247,-25.852941189154784
gamma,/home/ubuntu/.codex/worktrees/c528/TES_511_Balloon/runs/geometry_optimization_20260815/se3_plan1_one_third_transport_v1/jobs/se3_instant_gamma_shard0004/attempts/attempt02/se3_instant_gamma_shard0004.inc1.id1.sim.gz,218341,se3_instant_gamma_shard0004,75116849,0.050773534802719435,509.12124434430115,509.43933970499995,251179.02011403636,490.5007727000001,False,False,True,False,-33.3097,-53.299,23.06223,0.2846,0.77077,-0.57001,268165.014,side,side_phi_sector_5,234.79968793170215,-17.29310300515223,-24.51425276146908,-14.78293907918303
gamma,/home/ubuntu/.codex/worktrees/c528/TES_511_Balloon/runs/geometry_optimization_20260815/se3_plan1_one_third_transport_v1/jobs/se3_instant_gamma_shard0004/attempts/attempt02/se3_instant_gamma_shard0004.inc1.id1.sim.gz,222063,se3_instant_gamma_shard0004,75116849,0.050773534802719435,510.6794424137674,510.9989300000001,1442881.844921384,10800.88890567,False,False,True,True,49.04803,5.19819,51.43303,-0.84754,-0.08727,-0.5235,1735893.265,top,top,155.02328459029164,-6.898080142965567,3.2132153498269207,49.0
gamma,/home/ubuntu/.codex/worktrees/c528/TES_511_Balloon/runs/geometry_optimization_20260815/se3_plan1_one_third_transport_v1/jobs/se3_instant_gamma_shard0004/attempts/attempt02/se3_instant_gamma_shard0004.inc1.id1.sim.gz,239958,se3_instant_gamma_shard0004,75116849,0.050773534802719435,511.0640022648416,510.9988630000001,817338.9909361119,4101.745554939999,False,False,True,True,-30.30483,-2.33385,61.75105,0.2654,-0.05832,-0.96237,1610441.589,side,side_phi_sector_4,189.04508355229822,-29.626948301507902,-4.716347563504881,2.102578419689756
gamma,/home/ubuntu/.codex/worktrees/c528/TES_511_Balloon/runs/geometry_optimization_20260815/se3_plan1_one_third_transport_v1/jobs/se3_instant_gamma_shard0004/attempts/attempt02/se3_instant_gamma_shard0004.inc1.id1.sim.gz,248743,se3_instant_gamma_shard0004,75116849,0.050773534802719435,510.717157421555,510.998955,5676.169067059997,0.0,False,False,True,True,1.86205,-58.10498,-17.70296,-0.22292,0.95521,0.19462,9959.565,side,side_phi_sector_6,279.62702281338477,5.017012812882978,-29.577518192630162,-11.798849449418944
gamma,/home/ubuntu/.codex/worktrees/c528/TES_511_Balloon/runs/geometry_optimization_20260815/se3_plan1_one_third_transport_v1/jobs/se3_instant_gamma_shard0004/attempts/attempt02/se3_instant_gamma_shard0004.inc1.id1.sim.gz,259670,se3_instant_gamma_shard0004,75116849,0.050773534802719435,511.0316496039957,510.99890000000005,408083.37537093816,440.02911143200004,False,False,True,True,48.10112,-33.33396,-23.94018,-0.87833,0.38715,0.28044,785919.992,side,side_phi_sector_7,318.49571451944325,22.46718472600249,-19.880281951916096,2.3927995821784744
gamma,/home/ubuntu/.codex/worktrees/c528/TES_511_Balloon/runs/geometry_optimization_20260815/se3_plan1_one_third_transport_v1/jobs/se3_instant_gamma_shard0004/attempts/attempt02/se3_instant_gamma_shard0004.inc1.id1.sim.gz,261400,se3_instant_gamma_shard0004,75116849,0.050773534802719435,485.4123711290325,485.452848,242173.42804631352,694.3780858,False,False,True,False,62.16725,-16.01393,-8.73602,-0.89236,0.06679,0.44635,328062.27,side,side_phi_sector_7,331.4541329379529,26.35304551825303,-14.335863835600698,29.85789945271129
muminus,/home/ubuntu/.codex/worktrees/c528/TES_511_Balloon/runs/geometry_optimization_20260815/se3_plan1_one_third_transport_v1/jobs/se3_instant_muminus_shard0001/attempts/attempt01/se3_instant_muminus_shard0001.inc1.id1.sim.gz,1282,se3_instant_muminus_shard0001,2095522014,0.016138090412037724,512.2434085578367,512.272893402,98048.798878,4130.064039000001,False,False,True,False,0.77757,58.59712,28.63391,-0.06968,-0.85903,-0.50716,2805358.466,side,side_phi_sector_2,107.28080281226046,-8.91164882519581,28.64581147770797,6.575477233908957
n,/home/ubuntu/.codex/worktrees/c528/TES_511_Balloon/runs/geometry_optimization_20260815/se3_plan1_one_third_transport_v1/jobs/se3_instant_n_shard0001/attempts/attempt01/se3_instant_n_shard0001.inc1.id1.sim.gz,2634,se3_instant_n_shard0001,350333121,0.06744953088851267,511.18803711078,510.99894,98496.26177778021,135.1139818,False,False,True,True,38.28038,38.26684,53.63841,-0.46931,-0.83917,-0.27485,1570665.824,top,top,139.69668266438066,-15.039862690544386,12.756228246338,49.0
n,/home/ubuntu/.codex/worktrees/c528/TES_511_Balloon/runs/geometry_optimization_20260815/se3_plan1_one_third_transport_v1/jobs/se3_instant_n_shard0001/attempts/attempt01/se3_instant_n_shard0001.inc1.id1.sim.gz,9394,se3_instant_n_shard0001,350333121,0.06744953088851267,511.119415836732,510.99896300000006,449524.91725294956,16051.583478450002,False,False,True,True,1.61817,60.08757,17.94765,-0.09761,-0.99186,-0.08176,4725022.847,side,side_phi_sector_3,113.40022526801982,-11.914544968163906,27.532591926689356,9.672167804596585
n,/home/ubuntu/.codex/worktrees/c528/TES_511_Balloon/runs/geometry_optimization_20260815/se3_plan1_one_third_transport_v1/jobs/se3_instant_n_shard0001/attempts/attempt01/se3_instant_n_shard0001.inc1.id1.sim.gz,12722,se3_instant_n_shard0001,350333121,0.06744953088851267,511.0542783705784,510.99896,8681230.446878169,218668.9687168628,False,False,True,True,43.94388,53.69001,-1.32129,-0.51344,-0.80318,-0.30212,46344240.304,side,side_phi_sector_1,33.27640314274668,25.081002048078734,16.46035650477444,3.407610272117477
n,/home/ubuntu/.codex/worktrees/c528/TES_511_Balloon/runs/geometry_optimization_20260815/se3_plan1_one_third_transport_v1/jobs/se3_instant_n_shard0001/attempts/attempt01/se3_instant_n_shard0001.inc1.id1.sim.gz,13882,se3_instant_n_shard0001,350333121,0.06744953088851267,545.2048859907359,544.55702,26663.323120000005,0.0,False,False,True,False,25.39216,23.44172,-47.40764,-0.04677,-0.60354,0.79596,43755.904,side,side_phi_sector_0,3.140431972541803,29.954947795665394,1.6435031362796693,3.566093062421004
n,/home/ubuntu/.codex/worktrees/c528/TES_511_Balloon/runs/geometry_optimization_20260815/se3_plan1_one_third_transport_v1/jobs/se3_instant_n_shard0001/attempts/attempt01/se3_instant_n_shard0001.inc1.id1.sim.gz,15264,se3_instant_n_shard0001,350333121,0.06744953088851267,510.6952321328697,510.99891,2759042.142416384,52195.458363998645,False,False,True,True,-1.91342,-40.68631,57.79406,-0.19644,0.74853,-0.63334,7139455.663,side,side_phi_sector_4,195.9931276897623,-28.83884250576265,-8.265661675136364,14.100315398178179
n,/home/ubuntu/.codex/worktrees/c528/TES_511_Balloon/runs/geometry_optimization_20260815/se3_plan1_one_third_transport_v1/jobs/se3_instant_n_shard0001/attempts/attempt01/se3_instant_n_shard0001.inc1.id1.sim.gz,18145,se3_instant_n_shard0001,350333121,0.06744953088851267,510.87599334098627,510.9989,3216332.42369293,53502.128078505004,False,False,True,True,49.85018,41.21873,-13.4114,-0.68643,-0.72647,-0.03259,6576341.143,side,side_phi_sector_1,26.176952805328927,26.92307677671173,13.234346862436595,6.181088115626874
n,/home/ubuntu/.codex/worktrees/c528/TES_511_Balloon/runs/geometry_optimization_20260815/se3_plan1_one_third_transport_v1/jobs/se3_instant_n_shard0001/attempts/attempt01/se3_instant_n_shard0001.inc1.id1.sim.gz,19849,se3_instant_n_shard0001,350333121,0.06744953088851267,511.1690875884841,510.9989,7982071.277279033,672163.6203938825,False,False,True,True,8.57569,-62.95783,24.52714,-0.22114,0.80451,-0.55123,342138401.552,side,side_phi_sector_6,266.74493964691777,-1.7034289535213105,-29.951599786994777,1.0006915239203273
n,/home/ubuntu/.codex/worktrees/c528/TES_511_Balloon/runs/geometry_optimization_20260815/se3_plan1_one_third_transport_v1/jobs/se3_instant_n_shard0001/attempts/attempt01/se3_instant_n_shard0001.inc1.id1.sim.gz,41724,se3_instant_n_shard0001,350333121,0.06744953088851267,483.3500573681497,482.96560999999997,232290.11798816497,4252.313443144992,False,False,True,False,63.94736,16.68818,-12.63924,-0.99114,-0.12996,-0.02744,778536.237,side,side_phi_sector_1,22.81721856539328,27.652399605691286,11.633778236117664,8.268572007125965
n,/home/ubuntu/.codex/worktrees/c528/TES_511_Balloon/runs/geometry_optimization_20260815/se3_plan1_one_third_transport_v1/jobs/se3_instant_n_shard0001/attempts/attempt01/se3_instant_n_shard0001.inc1.id1.sim.gz,47329,se3_instant_n_shard0001,350333121,0.06744953088851267,496.9341483950749,496.92951000000005,1332215.704617051,59760.750720880715,False,False,True,False,30.55026,59.19642,-18.26927,-0.55355,-0.82547,-0.11033,8157243.22,side,side_phi_sector_1,47.16217456267343,20.397766463651443,21.998434564630642,-12.470039074283246
n,/home/ubuntu/.codex/worktrees/c528/TES_511_Balloon/runs/geometry_optimization_20260815/se3_plan1_one_third_transport_v1/jobs/se3_instant_n_shard0001/attempts/attempt01/se3_instant_n_shard0001.inc1.id1.sim.gz,53757,se3_instant_n_shard0001,350333121,0.06744953088851267,511.2938155414804,510.99886,3785353.776539343,133632.88752086533,False,False,True,True,-21.35529,32.5302,57.65079,0.12621,-0.71717,-0.68537,11686984.848,side,side_phi_sector_4,179.60863622481233,-29.999300149052296,0.20491600003517618,7.8434140683943845
n,/home/ubuntu/.codex/worktrees/c528/TES_511_Balloon/runs/geometry_optimization_20260815/se3_plan1_one_third_transport_v1/jobs/se3_instant_n_shard0001/attempts/attempt01/se3_instant_n_shard0001.inc1.id1.sim.gz,60881,se3_instant_n_shard0001,350333121,0.06744953088851267,511.0130006792949,510.99890000000005,3938157.850142887,240471.41882986197,False,False,True,True,-12.98926,-55.38053,38.76314,-0.11124,0.81043,-0.57517,292293539.316,side,side_phi_sector_5,221.9830210424615,-22.300292464401174,-20.0673106320247,-2.9241424363526
n,/home/ubuntu/.codex/worktrees/c528/TES_511_Balloon/runs/geometry_optimization_20260815/se3_plan1_one_third_transport_v1/jobs/se3_instant_n_shard0001/attempts/attempt01/se3_instant_n_shard0001.inc1.id1.sim.gz,61385,se3_instant_n_shard0001,350333121,0.06744953088851267,510.87596208094044,510.99889,834382.954661309,3943.762554798871,False,False,True,True,-57.31683,-8.38559,10.93919,0.90369,0.41591,-0.10184,5830882.188,side,side_phi_sector_4,175.50311904114616,-29.907648101278113,2.3521447766061545,-18.15561669394835
n,/home/ubuntu/.codex/worktrees/c528/TES_511_Balloon/runs/geometry_optimization_20260815/se3_plan1_one_third_transport_v1/jobs/se3_instant_n_shard0001/attempts/attempt01/se3_instant_n_shard0001.inc1.id1.sim.gz,61654,se3_instant_n_shard0001,350333121,0.06744953088851267,511.1639071004896,510.9989340000001,17099105.928156108,183818.7817784745,False,False,True,True,-13.18939,61.97802,-12.75278,0.36121,-0.91851,-0.1608,48577737.417,side,side_phi_sector_1,62.358643734070306,13.918067363517958,26.576068197996783,-12.881934481965141
n,/home/ubuntu/.codex/worktrees/c528/TES_511_Balloon/runs/geometry_optimization_20260815/se3_plan1_one_third_transport_v1/jobs/se3_instant_n_shard0001/attempts/attempt01/se3_instant_n_shard0001.inc1.id1.sim.gz,73648,se3_instant_n_shard0001,350333121,0.06744953088851267,511.2293181832693,510.99891,3410648.705903229,174291.62043968862,False,False,True,True,-41.23805,12.42427,52.48949,0.92132,-0.05151,-0.38538,122161605.501,side,side_phi_sector_4,159.9192690769749,-28.176293243317986,10.30031548383612,23.58222197764382
n,/home/ubuntu/.codex/worktrees/c528/TES_511_Balloon/runs/geometry_optimization_20260815/se3_plan1_one_third_transport_v1/jobs/se3_instant_n_shard0001/attempts/attempt01/se3_instant_n_shard0001.inc1.id1.sim.gz,74197,se3_instant_n_shard0001,350333121,0.06744953088851267,512.9619977645315,513.0430979920001,2110915.228472986,149340.1833042583,False,False,True,False,68.16397,-26.00276,-4.45667,-0.85978,0.38971,-0.33,12289113.969,side,side_phi_sector_0,353.16577901641284,29.786838359999756,-3.569910435185669,-3.3799161118141257
p,/home/ubuntu/.codex/worktrees/c528/TES_511_Balloon/runs/geometry_optimization_20260815/se3_plan1_one_third_transport_v1/jobs/se3_instant_p_shard0001/attempts/attempt01/se3_instant_p_shard0001.inc1.id1.sim.gz,144,se3_instant_p_shard0001,257745019,0.14789005261928073,510.7967612970641,510.998895,109681.198057503,4405.111531499998,False,False,True,True,23.88202,59.42077,5.55345,-0.5154,-0.85154,-0.0961,22002784.874,side,side_phi_sector_2,84.88451433136007,2.674904985490608,29.880510091338756,5.8140389781286945
p,/home/ubuntu/.codex/worktrees/c528/TES_511_Balloon/runs/geometry_optimization_20260815/se3_plan1_one_third_transport_v1/jobs/se3_instant_p_shard0001/attempts/attempt01/se3_instant_p_shard0001.inc1.id1.sim.gz,752,se3_instant_p_shard0001,257745019,0.14789005261928073,511.2183248598447,510.99892600000004,1232807.6725816287,45590.044154028794,False,False,True,True,-7.14736,59.98351,-10.82044,0.29599,-0.95426,-0.04215,4860234.46,side,side_phi_sector_2,69.3203077664934,10.594297957305944,28.067077703099464,-6.701816818014173
p,/home/ubuntu/.codex/worktrees/c528/TES_511_Balloon/runs/geometry_optimization_20260815/se3_plan1_one_third_transport_v1/jobs/se3_instant_p_shard0001/attempts/attempt01/se3_instant_p_shard0001.inc1.id1.sim.gz,1404,se3_instant_p_shard0001,257745019,0.14789005261928073,491.12216006199185,491.1945,2332423.098151895,74976.00346017821,False,False,True,False,-17.29086,-58.7595,-6.17383,0.53892,0.83821,-0.08344,10679979.471,side,side_phi_sector_6,285.02400396387816,7.776710857991579,-28.974519292495525,-5.147489344613289
p,/home/ubuntu/.codex/worktrees/c528/TES_511_Balloon/runs/geometry_optimization_20260815/se3_plan1_one_third_transport_v1/jobs/se3_instant_p_shard0001/attempts/attempt01/se3_instant_p_shard0001.inc1.id1.sim.gz,1433,se3_instant_p_shard0001,257745019,0.14789005261928073,484.9504790593989,484.74335,3723683.874821655,63493.8277114331,False,False,True,False,-40.48299,47.8455,20.63623,0.67432,-0.47564,-0.56486,16171168.752,side,side_phi_sector_2,105.91212535686415,-8.224882301075525,28.850499322081994,-10.94276161389628
p,/home/ubuntu/.codex/worktrees/c528/TES_511_Balloon/runs/geometry_optimization_20260815/se3_plan1_one_third_transport_v1/jobs/se3_instant_p_shard0001/attempts/attempt01/se3_instant_p_shard0001.inc1.id1.sim.gz,2390,se3_instant_p_shard0001,257745019,0.14789005261928073,511.14683886654524,510.9988790000001,466952.17229656194,233835.89294066775,False,False,True,True,34.28469,-65.869,1.55083,-0.41602,0.77899,-0.46914,10926431.73,side,side_phi_sector_7,328.45003803629965,25.565526632848513,-15.697256065475656,-14.972437723988214
p,/home/ubuntu/.codex/worktrees/c528/TES_511_Balloon/runs/geometry_optimization_20260815/se3_plan1_one_third_transport_v1/jobs/se3_instant_p_shard0001/attempts/attempt01/se3_instant_p_shard0001.inc1.id1.sim.gz,2504,se3_instant_p_shard0001,257745019,0.14789005261928073,510.87491879989915,510.99886000000004,4394433.542673197,221457.46961835187,False,False,True,True,29.23743,-54.99729,31.61104,-0.19866,0.73853,-0.64429,21653468.634,side,side_phi_sector_6,288.8049576700819,9.670428161254438,-28.39864115020324,21.559024926350116
p,/home/ubuntu/.codex/worktrees/c528/TES_511_Balloon/runs/geometry_optimization_20260815/se3_plan1_one_third_transport_v1/jobs/se3_instant_p_shard0001/attempts/attempt01/se3_instant_p_shard0001.inc1.id1.sim.gz,3395,se3_instant_p_shard0001,257745019,0.14789005261928073,503.10189615397235,503.13749100000007,2121873.0197787536,79960.90430634722,False,False,True,False,46.95995,53.76383,17.59115,-0.61985,-0.54147,-0.56798,51747378.209,side,side_phi_sector_1,51.40737098320487,18.713371516771197,23.448021803028432,-1.381046697853229
p,/home/ubuntu/.codex/worktrees/c528/TES_511_Balloon/runs/geometry_optimization_20260815/se3_plan1_one_third_transport_v1/jobs/se3_instant_p_shard0001/attempts/attempt01/se3_instant_p_shard0001.inc1.id1.sim.gz,3846,se3_instant_p_shard0001,257745019,0.14789005261928073,499.7158481885661,499.53408,9941812.131218174,79693.62021997807,False,False,True,False,44.50794,-44.83852,29.48104,-0.80232,0.59006,-0.09006,28061325.935,side,side_phi_sector_6,265.9807941422165,-2.102725761876112,-29.92621834395957,36.37095006874339
p,/home/ubuntu/.codex/worktrees/c528/TES_511_Balloon/runs/geometry_optimization_20260815/se3_plan1_one_third_transport_v1/jobs/se3_instant_p_shard0001/attempts/attempt01/se3_instant_p_shard0001.inc1.id1.sim.gz,4136,se3_instant_p_shard0001,257745019,0.14789005261928073,510.6977194906276,510.99889199999996,2379729.5123789166,41471.10097096305,False,False,True,True,-28.43958,25.26276,52.53233,0.52674,-0.32275,-0.78637,11303875.005,side,side_phi_sector_3,151.1155355896072,-26.267866064283808,14.49134957237756,10.90917062413585
p,/home/ubuntu/.codex/worktrees/c528/TES_511_Balloon/runs/geometry_optimization_20260815/se3_plan1_one_third_transport_v1/jobs/se3_instant_p_shard0001/attempts/attempt01/se3_instant_p_shard0001.inc1.id1.sim.gz,4600,se3_instant_p_shard0001,257745019,0.14789005261928073,510.9950229817971,510.99890400000004,540371.0835684456,52913.39135405198,False,False,True,True,9.96674,59.22706,21.07721,-0.17024,-0.93587,-0.3085,26527131.789,side,side_phi_sector_2,99.1360151468509,-4.763361221866662,29.619425886907674,11.241796275936068
p,/home/ubuntu/.codex/worktrees/c528/TES_511_Balloon/runs/geometry_optimization_20260815/se3_plan1_one_third_transport_v1/jobs/se3_instant_p_shard0001/attempts/attempt01/se3_instant_p_shard0001.inc1.id1.sim.gz,4676,se3_instant_p_shard0001,257745019,0.14789005261928073,536.394142179205,536.4536800000001,4034812.7005762747,114320.85673521689,False,False,True,False,48.8815,38.75373,27.93789,-0.5559,-0.78455,-0.27469,15532223.183,side,side_phi_sector_1,66.50448073230977,11.960320511081482,27.512737654988165,45.90448049204974
p,/home/ubuntu/.codex/worktrees/c528/TES_511_Balloon/runs/geometry_optimization_20260815/se3_plan1_one_third_transport_v1/jobs/se3_instant_p_shard0001/attempts/attempt01/se3_instant_p_shard0001.inc1.id1.sim.gz,5567,se3_instant_p_shard0001,257745019,0.14789005261928073,511.38282172877007,510.99892,1668915.201941069,31482.03836049503,False,False,True,True,-42.92357,-31.56713,30.434,0.77745,0.38028,-0.50096,10538337.262,side,side_phi_sector_5,220.23975862857975,-22.900438483223144,-19.3796263451108,-2.5656715294887897
p,/home/ubuntu/.codex/worktrees/c528/TES_511_Balloon/runs/geometry_optimization_20260815/se3_plan1_one_third_transport_v1/jobs/se3_instant_p_shard0001/attempts/attempt01/se3_instant_p_shard0001.inc1.id1.sim.gz,5678,se3_instant_p_shard0001,257745019,0.14789005261928073,511.21583368848695,510.99893036007995,2254303.2305842913,97163.76652761643,False,False,True,True,55.37302,12.62841,-28.14905,-0.91312,0.07172,0.40133,23318492.329,side,side_phi_sector_1,30.418455593662593,25.870518764591807,15.189346886910679,6.32808550719472
p,/home/ubuntu/.codex/worktrees/c528/TES_511_Balloon/runs/geometry_optimization_20260815/se3_plan1_one_third_transport_v1/jobs/se3_instant_p_shard0001/attempts/attempt01/se3_instant_p_shard0001.inc1.id1.sim.gz,5826,se3_instant_p_shard0001,257745019,0.14789005261928073,529.5924365836377,529.763313,1767329.178169549,64030.55573229568,False,False,True,False,-25.56826,52.74437,26.3039,0.41405,-0.71122,-0.56809,10589989.079,side,side_phi_sector_3,113.61411936681495,-12.017245174562511,27.48792131854378,-3.347827263898047
p,/home/ubuntu/.codex/worktrees/c528/TES_511_Balloon/runs/geometry_optimization_20260815/se3_plan1_one_third_transport_v1/jobs/se3_instant_p_shard0001/attempts/attempt01/se3_instant_p_shard0001.inc1.id1.sim.gz,6098,se3_instant_p_shard0001,257745019,0.14789005261928073,510.698144872217,510.99892100000005,1378462.2933796344,72840.45331279344,False,False,True,True,27.07281,-52.7664,46.14914,0.03896,0.96125,-0.2729,22038025.216,side,side_phi_sector_6,254.50231854400795,-8.015981441130048,-28.909237996451218,47.67018199780954
p,/home/ubuntu/.codex/worktrees/c528/TES_511_Balloon/runs/geometry_optimization_20260815/se3_plan1_one_third_transport_v1/jobs/se3_instant_p_shard0001/attempts/attempt01/se3_instant_p_shard0001.inc1.id1.sim.gz,6294,se3_instant_p_shard0001,257745019,0.14789005261928073,511.13637628185523,510.9989,1275025.3283518984,52986.03195128892,False,False,True,True,29.93479,-57.21257,35.30949,-0.39572,0.53202,-0.74857,9610299.544,side,side_phi_sector_6,288.9059295154113,9.720459792824663,-28.381554950637906,2.2863406805625743
p,/home/ubuntu/.codex/worktrees/c528/TES_511_Balloon/runs/geometry_optimization_20260815/se3_plan1_one_third_transport_v1/jobs/se3_instant_p_shard0001/attempts/attempt01/se3_instant_p_shard0001.inc1.id1.sim.gz,7417,se3_instant_p_shard0001,257745019,0.14789005261928073,511.03673685346104,510.99897000000004,444994.3716132138,9736.350597593264,False,False,True,True,34.13939,-61.43147,18.62958,-0.56936,0.62245,-0.53702,5424919.254,side,side_phi_sector_6,288.9705960129367,9.752486246659402,-28.370565944455876,-4.239434484090495
p,/home/ubuntu/.codex/worktrees/c528/TES_511_Balloon/runs/geometry_optimization_20260815/se3_plan1_one_third_transport_v1/jobs/se3_instant_p_shard0001/attempts/attempt01/se3_instant_p_shard0001.inc1.id1.sim.gz,7531,se3_instant_p_shard0001,257745019,0.14789005261928073,510.9736364687282,510.99889,5987046.737555589,96784.81300546785,False,False,True,True,5.79962,-22.01239,69.02181,-0.34339,0.23102,-0.91034,53583550.89,side,side_phi_sector_5,203.73679973461606,-27.46212728606221,-12.076074069171536,14.776913745283117
p,/home/ubuntu/.codex/worktrees/c528/TES_511_Balloon/runs/geometry_optimization_20260815/se3_plan1_one_third_transport_v1/jobs/se3_instant_p_shard0001/attempts/attempt01/se3_instant_p_shard0001.inc1.id1.sim.gz,8042,se3_instant_p_shard0001,257745019,0.14789005261928073,544.0182771564345,544.12456,4476946.699268125,67699.04405986407,False,False,True,False,-49.09697,-24.51019,26.04158,0.89573,0.44274,-0.04061,11364368.601,side,side_phi_sector_4,195.99382767261795,-28.838741521976004,-8.266013998818114,5.882457013854356
p,/home/ubuntu/.codex/worktrees/c528/TES_511_Balloon/runs/geometry_optimization_20260815/se3_plan1_one_third_transport_v1/jobs/se3_instant_p_shard0001/attempts/attempt01/se3_instant_p_shard0001.inc1.id1.sim.gz,8214,se3_instant_p_shard0001,257745019,0.14789005261928073,511.3458601963817,510.9989645200001,3181718.451729212,99710.72072745701,False,False,True,True,-51.7539,-24.58607,17.48846,0.77376,0.62935,-0.07219,15447421.823,side,side_phi_sector_4,188.2579551755334,-29.68894362570714,-4.308900833110862,-8.24585389635936
p,/home/ubuntu/.codex/worktrees/c528/TES_511_Balloon/runs/geometry_optimization_20260815/se3_plan1_one_third_transport_v1/jobs/se3_instant_p_shard0001/attempts/attempt01/se3_instant_p_shard0001.inc1.id1.sim.gz,8326,se3_instant_p_shard0001,257745019,0.14789005261928073,511.03264291834444,510.99884,6159829.482073533,140686.97873695145,False,False,True,True,-13.78413,60.92098,11.08534,0.37864,-0.85609,-0.35176,20204761.016,side,side_phi_sector_2,87.93556172565859,1.080703479993307,29.980528347384585,-1.2213884618640598
p,/home/ubuntu/.codex/worktrees/c528/TES_511_Balloon/runs/geometry_optimization_20260815/se3_plan1_one_third_transport_v1/jobs/se3_instant_p_shard0001/attempts/attempt01/se3_instant_p_shard0001.inc1.id1.sim.gz,8433,se3_instant_p_shard0001,257745019,0.14789005261928073,510.7890992168651,510.99893,2497574.580943755,40501.147541510065,False,False,True,True,-11.78224,-39.99967,56.33015,0.24319,0.31072,-0.91886,43438961.231,side,side_phi_sector_5,243.50227729964558,-13.384867270768865,-26.848562869246848,11.278658195677647
