{
  "Ag-104": 4152.0,
  "Ag-105": 3567456.0,
  "Ag-106": 1437.6000000000001,
  "Ag-108": 142.92000000000002,
  "Ag-110": 24.56,
  "Ag-111": 642211.2,
  "Ag-113": 19332.0,
  "Ag-114": 4.6,
  "Al-24": 2.053,
  "Al-25": 7.1666,
  "Al-26": 717.0,
  "Al-28": 134.70000000000002,
  "As-68": 151.6,
  "As-69": 912.0,
  "As-71": 235080.0,
  "As-72": 93600.0,
  "As-73": 6937920.0,
  "As-74": 1535328.0,
  "As-77": 139644.0,
  "Au-184": 20.6,
  "Au-186": 642.0,
  "Au-187": 498.00000000000006,
  "Au-188": 530.4,
  "Au-189": 1722.0,
  "Au-190": 2568.0,
  "Au-191": 11448.0,
  "Au-192": 17784.0,
  "Au-193": 63539.99999999999,
  "Au-194": 136872.0,
  "Au-195": 16071264.0,
  "Au-199": 271209.6,
  "B-12": 0.0202,
  "Be-10": 1.387,
  "Be-7": 4598208.0,
  "Bi-195": 183.0,
  "Bi-196": 307.8,
  "Bi-197": 559.8,
  "Bi-198": 618.0,
  "Bi-199": 1620.0,
  "Bi-200": 2184.0,
  "Bi-201": 6180.0,
  "Bi-202": 6192.0,
  "Bi-203": 42336.0,
  "Bi-204": 40392.0,
  "Bi-205": 1288224.0,
  "Bi-206": 539395.2000000001,
  "Bi-207": 985228272.0,
  "Bi-208": 368.0,
  "Bi-210": 433036.8,
  "Br-78": 387.0,
  "C-10": 19.3011,
  "C-11": 1220.412,
  "C-14": 5.7,
  "C-15": 2.449,
  "Ca-45": 14049504.000000002,
  "Cl-36": 301.3,
  "Co-55": 63108.00000000001,
  "Co-56": 6673190.4,
  "Co-57": 23484470.4,
  "Co-58": 6120921.6,
  "Co-60": 166352732.64,
  "Co-61": 5936.4,
  "Co-62": 92.4,
  "Cr-48": 77616.0,
  "Cr-49": 2538.0,
  "Cr-51": 2393409.6,
  "Cu-59": 81.5,
  "Cu-60": 1422.0,
  "Cu-61": 12034.8,
  "Cu-62": 580.32,
  "Cu-64": 45721.44,
  "Cu-66": 307.2,
  "Cu-67": 222588.0,
  "Cu-68": 30.9,
  "Cu-69": 171.0,
  "Er-153": 37.1,
  "F-18": 6584.04,
  "F-20": 11.0062,
  "F-21": 4.158,
  "F-22": 4.23,
  "F-23": 2.23,
  "F-24": 0.384,
  "Fe-53": 510.59999999999997,
  "Fe-55": 86979057.12,
  "Fe-59": 3844800.0,
  "Fe-61": 358.8,
  "Ga-66": 33494.4,
  "Ga-67": 281810.88,
  "Ga-68": 4070.52,
  "Ga-70": 1268.4,
  "Ga-72": 50490.0,
  "Ga-73": 17496.0,
  "Ga-74": 487.19999999999993,
  "Ga-75": 126.0,
  "Ge-66": 8135.999999999999,
  "Ge-68": 23418720.0,
  "Ge-69": 140580.0,
  "Ge-71": 987552.0,
  "Ge-75": 4966.8,
  "Ge-77": 40359.6,
  "He-6": 0.80692,
  "Hf-167": 122.99999999999999,
  "Hf-168": 1557.0,
  "Hf-169": 194.4,
  "Hf-170": 57636.00000000001,
  "Hf-172": 59012712.0,
  "Hf-173": 84960.0,
  "Hf-175": 6104160.000000001,
  "Hf-181": 3662496.0,
  "Hg-186": 82.8,
  "Hg-187": 114.0,
  "Hg-188": 195.0,
  "Hg-189": 456.0,
  "Hg-190": 1200.0,
  "Hg-191": 2940.0,
  "Hg-192": 17460.0,
  "Hg-193": 13680.0,
  "Hg-194": 14106247200.0,
  "Hg-195": 38484.0,
  "Hg-197": 233748.00000000003,
  "Hg-206": 499.20000000000005,
  "Hg-207": 174.0,
  "I-121": 7632.0,
  "Ir-183": 3480.0,
  "Ir-185": 51840.0,
  "K-40": 1.248,
  "K-42": 44478.0,
  "Li-8": 0.8387000000000001,
  "Lu-170": 173836.8,
  "Lu-172": 578880.0,
  "Mg-22": 3.8745,
  "Mg-23": 11.3039,
  "Mg-27": 566.1,
  "Mn-51": 2748.6000000000004,
  "Mn-52": 483062.4,
  "Mn-53": 3.7,
  "Mn-54": 26963798.400000002,
  "Mn-56": 9284.039999999999,
  "Mn-57": 85.4,
  "Mo-103": 67.5,
  "Mo-99": 237355.2,
  "N-13": 597.9,
  "N-16": 7.13,
  "Na-20": 0.44789999999999996,
  "Na-21": 22.455,
  "Na-22": 82109719.44,
  "Na-24": 53841.6,
  "Na-25": 59.1,
  "Na-26": 1.07128,
  "Nb-91": 21459168000.0,
  "Nb-92": 34.7,
  "Nb-94": 20.4,
  "Nb-98": 2.86,
  "Nb-99": 15.0,
  "Ne-19": 17.2569,
  "Ne-23": 37.15,
  "Ne-24": 202.79999999999998,
  "Ne-25": 0.602,
  "Ni-56": 524880.0,
  "Ni-57": 128160.0,
  "Ni-59": 81.0,
  "Ni-63": 3193629120.0,
  "Ni-65": 9063.0,
  "O-14": 70.621,
  "O-15": 122.266,
  "O-19": 26.47,
  "O-20": 13.51,
  "Os-179": 390.0,
  "Os-183": 46800.0,
  "P-29": 4.102,
  "P-30": 150.0,
  "P-33": 2190240.0,
  "Pb-190": 71.0,
  "Pb-191": 79.80000000000001,
  "Pb-192": 210.0,
  "Pb-193": 240.0,
  "Pb-194": 642.0,
  "Pb-195": 900.0,
  "Pb-196": 2220.0,
  "Pb-197": 486.0,
  "Pb-198": 8640.0,
  "Pb-199": 5400.0,
  "Pb-200": 77400.0,
  "Pb-201": 33588.0,
  "Pb-202": 52.5,
  "Pb-203": 186926.4,
  "Pb-204": "inf",
  "Pb-205": 17.0,
  "Pb-209": 11646.0,
  "Pd-101": 30492.000000000004,
  "Pd-103": 1468022.4,
  "Po-200": 690.6,
  "Po-201": 936.0,
  "Po-202": 2676.0,
  "Po-203": 2202.0,
  "Po-204": 12668.4,
  "Po-205": 6264.0,
  "Po-206": 760320.0000000001,
  "Po-207": 20880.0,
  "Po-208": 91453924.8,
  "Po-209": 3913142400.0,
  "Pt-182": 160.2,
  "Pt-183": 390.0,
  "Pt-184": 1038.0,
  "Pt-185": 4254.0,
  "Pt-186": 7488.0,
  "Pt-187": 8460.0,
  "Pt-188": 877824.0,
  "Pt-190": 483.0,
  "Rb-79": 1374.0,
  "Rb-82": 75.45,
  "Rb-88": 1066.8000000000002,
  "Re-174": 144.0,
  "Re-175": 353.4,
  "Re-178": 792.0,
  "Re-180": 147.6,
  "Re-183": 6048000.0,
  "Re-184": 3058560.0,
  "Rh-100": 74880.0,
  "Rh-107": 1302.0,
  "Rh-99": 1391040.0000000002,
  "Sc-43": 14007.6,
  "Sc-44": 14551.559999999998,
  "Sc-46": 7236604.800000001,
  "Sc-47": 289370.88,
  "Sc-50": 102.5,
  "Si-26": 2.2453,
  "Si-27": 4.117,
  "Si-31": 9429.6,
  "Ta-172": 2208.0,
  "Ta-173": 11304.0,
  "Ta-174": 4104.0,
  "Ta-175": 37800.0,
  "Ta-176": 29124.0,
  "Ta-177": 202896.0,
  "Ta-178": 8496.0,
  "Ta-179": 57434832.0,
  "Ta-180": 29354.4,
  "Ta-182": 9913536.0,
  "Ta-183": 440639.99999999994,
  "Ta-184": 31319.999999999996,
  "Ta-185": 2964.0,
  "Ta-186": 630.0,
  "Tc-100": 15.46,
  "Tc-101": 853.2,
  "Tc-102": 5.28,
  "Tc-95": 69328.8,
  "Tc-98": 4.2,
  "Ti-44": 1865054160.0,
  "Ti-45": 11088.0,
  "Tl-187": 51.0,
  "Tl-189": 138.0,
  "Tl-190": 156.0,
  "Tl-192": 576.0,
  "Tl-193": 1296.0,
  "Tl-194": 1980.0,
  "Tl-195": 4176.0,
  "Tl-196": 6624.0,
  "Tl-197": 10224.0,
  "Tl-198": 19080.0,
  "Tl-199": 26712.0,
  "Tl-200": 93960.0,
  "Tl-201": 262837.44,
  "Tl-202": 1063584.0,
  "Tl-204": 119382400.8,
  "Tl-206": 252.12,
  "Tl-207": 286.2,
  "Tl-208": 183.18,
  "V-47": 1956.0,
  "V-48": 1380110.4,
  "V-49": 28512000.0,
  "V-50": 271.0,
  "W-177": 7944.0,
  "W-178": 1866240.0000000002,
  "W-179": 2223.0,
  "W-180": 1.59,
  "W-181": 10450598.4,
  "W-183": "inf",
  "W-185": 6488639.999999999,
  "W-187": 85712.40000000001,
  "Y-87": 287280.0,
  "Y-88": 9212745.6,
  "Y-90": 230580.0,
  "Yb-165": 594.0,
  "Zn-62": 33094.799999999996,
  "Zn-63": 2308.2,
  "Zn-65": 21076416.0,
  "Zn-69": 3384.0,
  "Zn-71": 144.0,
  "Zn-72": 167400.0,
  "Zr-87": 6048.0,
  "Zr-88": 7205760.000000001,
  "Zr-89": 282096.0,
  "Zr-93": 1.61,
  "Zr-95": 5532364.8,
  "Zr-97": 60296.399999999994
}