tag,files,division,is_gamma,gamma_div_mode,tt_count,tt_files,tt_line_count,tt_sum_s,tt_mean_s,tt_min_s,tt_max_s,tt_relative_spread,rp_raw_total,rp_scaled_total,warnings
alpha,8,8.0,False,,8,8,8,1479.542,184.94275,184.101,186.702,0.014063811639007202,161.0,20.125,
eminus,8,8.0,False,,8,8,8,1472.3449999999998,184.04312499999997,183.841,184.346,0.002743922110646597,0.0,0.0,
eplus,8,8.0,False,,8,8,8,1473.504,184.188,183.743,184.475,0.003974200273633458,4.0,0.5,
gamma,12,12.0,True,auto,12,12,12,184.15529999999998,15.346274999999999,15.323,15.3649,0.0027303042595027164,0.0,0.0,
muminus,8,8.0,False,,8,8,8,1468.9360000000001,183.61700000000002,179.762,187.436,0.041793515850928865,4388.0,548.5,tag=muminus TT spread is 0.0418; rate uses mean TT
muplus,8,8.0,False,,8,8,8,1463.815,182.976875,180.879,185.763,0.02669189754169763,4.0,0.5,tag=muplus TT spread is 0.0267; rate uses mean TT
n,8,8.0,False,,8,8,8,1473.7589999999998,184.21987499999997,184.054,184.452,0.002160461785135812,52568.0,6571.0,
p,8,8.0,False,,8,8,8,1472.965,184.120625,183.661,184.731,0.005811407603031943,1686.0,210.75,
