stream,events,rate_hz,fraction
prompt,87,0.05908272463250492,0.8098222654913835
delayed,160,0.013874919470617803,0.1901777345086165
