1 0 1 0 0.000000000000e+00 55.81432000 -33.34182000 -14.45151000 -0.48223000 0.65706000 0.57941000 0 0 0 7640.35000000
2 0 1 0 1.000000000000e-09 56.79669000 -34.10609000 -13.33421000 -0.57399000 0.43195000 0.69567000 0 0 0 6844.80100000
3 0 1 0 2.000000000000e-09 49.05835000 -32.87736000 -26.81074000 -0.37525000 0.42467000 0.82392000 0 0 0 7700.85500000
4 0 1 0 3.000000000000e-09 67.19475000 -11.85182000 9.00566000 -0.87270000 0.48291000 0.07212000 0 0 0 5265.88800000
5 0 1 0 4.000000000000e-09 64.89214000 -5.41405000 2.09094000 -0.99938000 0.03465000 -0.00617000 0 0 0 5016.53300000
6 0 1 0 5.000000000000e-09 57.48771000 -18.03311000 -30.02776000 -0.90171000 0.41076000 0.13488000 0 0 0 5072.38800000
7 0 1 0 6.000000000000e-09 57.64375000 -31.97405000 -18.89045000 -0.43295000 0.52372000 0.73367000 0 0 0 6757.05300000
8 0 1 0 7.000000000000e-09 -49.53823000 -9.29013000 -19.73673000 0.73193000 0.34611000 0.58693000 0 0 0 4152.41900000
9 0 1 0 8.000000000000e-09 -35.84204000 -20.49179000 -31.08535000 0.75501000 0.38527000 0.53060000 0 0 0 4493.55200000
10 0 1 0 9.000000000000e-09 63.86155000 -15.09562000 -9.61299000 -0.99628000 0.08613000 0.00308000 0 0 0 5197.88000000
11 0 1 0 1.000000000000e-08 61.53996000 -18.13857000 -8.27516000 -0.97101000 0.23381000 0.04966000 0 0 0 5035.85500000
12 0 1 0 1.100000000000e-08 56.22579000 -41.01546000 -11.47866000 -0.95084000 0.30422000 -0.05789000 0 0 0 5210.49400000
13 0 1 0 1.200000000000e-08 30.11672000 3.20208000 -50.91948000 -0.67730000 0.12892000 0.72433000 0 0 0 6043.80700000
14 0 1 0 1.300000000000e-08 57.95799000 -25.65528000 -6.40891000 -0.89905000 0.42833000 0.09081000 0 0 0 5574.91000000
15 0 1 0 1.400000000000e-08 69.38059000 -0.50625000 19.33065000 -0.92790000 0.37276000 -0.00701000 0 0 0 5037.23600000
16 0 1 0 1.500000000000e-08 -41.89681000 -13.70418000 -26.22769000 0.80493000 0.14396000 0.57564000 0 0 0 4201.08400000
17 0 1 0 1.600000000000e-08 64.60053000 -7.80749000 -2.14512000 -0.96923000 0.24441000 0.02916000 0 0 0 5916.08600000
18 0 1 0 1.700000000000e-08 -47.72435000 -7.00759000 -21.29606000 0.74582000 0.18881000 0.63883000 0 0 0 4288.53300000
19 0 1 0 1.800000000000e-08 55.44507000 -36.44827000 -22.74381000 -0.95813000 0.28317000 0.04240000 0 0 0 5823.48500000
20 0 1 0 1.900000000000e-08 52.45586000 -39.04181000 14.68946000 -0.85774000 0.50679000 0.08627000 0 0 0 5737.22400000
21 0 1 0 2.000000000000e-08 -44.60519000 -19.86589000 -19.21238000 0.83438000 0.21764000 0.50640000 0 0 0 4024.11500000
22 0 1 0 2.100000000000e-08 40.40166000 -5.75944000 -41.19110000 -0.62598000 0.30114000 0.71935000 0 0 0 7573.92900000
23 0 1 0 2.200000000000e-08 20.75630000 -26.98289000 -43.18133000 -0.40792000 0.45800000 0.78983000 0 0 0 6170.44400000
24 0 1 0 2.300000000000e-08 49.57352000 -27.77036000 -22.58282000 -0.59206000 0.44973000 0.66873000 0 0 0 7476.49200000
25 0 1 0 2.400000000000e-08 39.47243000 2.24135000 -42.72656000 -0.67250000 0.17416000 0.71931000 0 0 0 7321.57200000
26 0 1 0 2.500000000000e-08 52.85066000 -38.01967000 -9.15099000 -0.92245000 0.37672000 0.08471000 0 0 0 5696.07200000
27 0 1 0 2.600000000000e-08 -46.61964000 -7.68339000 -22.00873000 0.82468000 0.27589000 0.49375000 0 0 0 4835.86100000
28 0 1 0 2.700000000000e-08 40.91688000 -34.34512000 -29.04840000 -0.43993000 0.39163000 0.80813000 0 0 0 6682.95800000
29 0 1 0 2.800000000000e-08 -42.00274000 -20.39586000 -23.88627000 0.65345000 0.41274000 0.63455000 0 0 0 4700.90500000
30 0 1 0 2.900000000000e-08 54.96209000 -26.48369000 -19.03023000 -0.56340000 0.58116000 0.58723000 0 0 0 7699.48600000
31 0 1 0 3.000000000000e-08 11.93549000 -19.51355000 -57.66824000 -0.41151000 0.60759000 0.67933000 0 0 0 6083.75500000
32 0 1 0 3.100000000000e-08 -38.12043000 27.69986000 -34.89410000 0.77310000 0.04047000 0.63299000 0 0 0 4954.88000000
33 0 1 0 3.200000000000e-08 41.18069000 -18.71653000 -37.08137000 -0.57313000 0.50075000 0.64866000 0 0 0 7957.76200000
34 0 1 0 3.300000000000e-08 57.45326000 -14.17885000 -34.60214000 -0.87203000 0.45559000 0.17887000 0 0 0 5960.12600000
35 0 1 0 3.400000000000e-08 63.71272000 -11.86754000 -20.58454000 -0.99908000 0.00759000 0.04230000 0 0 0 5201.72200000
36 0 1 0 3.500000000000e-08 38.12871000 -41.98950000 -20.43974000 -0.48305000 0.60210000 0.63573000 0 0 0 7848.66300000
37 0 1 0 3.600000000000e-08 47.78862000 -48.95457000 -3.71045000 -0.90708000 0.41589000 0.06511000 0 0 0 5826.44700000
38 0 1 0 3.700000000000e-08 57.14861000 -25.67971000 -23.96025000 -0.45927000 0.36352000 0.81051000 0 0 0 6083.58100000
39 0 1 0 3.800000000000e-08 63.09144000 -13.18985000 -3.95488000 -0.98926000 0.13343000 0.05962000 0 0 0 5456.77600000
40 0 1 0 3.900000000000e-08 34.76231000 -31.52284000 -33.92690000 -0.48051000 0.65393000 0.58437000 0 0 0 6872.09800000
41 0 1 0 4.000000000000e-08 -53.31923000 9.33480000 -22.81312000 0.79568000 0.31227000 0.51901000 0 0 0 4224.30100000
42 0 1 0 4.100000000000e-08 -5.33114000 -53.96220000 -26.41985000 0.53688000 0.70014000 0.47071000 0 0 0 4333.00700000
43 0 1 0 4.200000000000e-08 27.59688000 -26.12486000 -40.30985000 -0.29966000 0.43024000 0.85153000 0 0 0 6570.00500000
44 0 1 0 4.300000000000e-08 -31.55984000 -15.50592000 -42.01512000 0.80578000 0.31051000 0.50428000 0 0 0 4374.12000000
45 0 1 0 4.400000000000e-08 -30.79142000 -28.07194000 -32.99938000 0.75594000 0.31479000 0.57398000 0 0 0 4555.74600000
46 0 1 0 4.500000000000e-08 12.35097000 -20.94470000 -49.96652000 -0.39281000 0.41165000 0.82234000 0 0 0 6776.57000000
47 0 1 0 4.600000000000e-08 -46.46576000 -9.32910000 -21.86559000 0.75564000 0.20816000 0.62103000 0 0 0 4340.86300000
48 0 1 0 4.700000000000e-08 24.90876000 -5.75353000 -54.69768000 -0.62365000 0.30581000 0.71941000 0 0 0 6068.82500000
49 0 1 0 4.800000000000e-08 -34.24712000 -26.34670000 -27.95570000 0.64994000 0.43687000 0.62187000 0 0 0 4567.68500000
50 0 1 0 4.900000000000e-08 58.86238000 -34.86439000 -19.13212000 -0.41340000 0.43827000 0.79814000 0 0 0 7806.02800000
51 0 1 0 5.000000000000e-08 64.92339000 -13.61502000 -4.04527000 -0.97371000 0.20873000 -0.09121000 0 0 0 5692.43700000
52 0 1 0 5.100000000000e-08 55.14324000 -16.83831000 -28.46736000 -0.47691000 0.38596000 0.78967000 0 0 0 6050.86300000
53 0 1 0 5.200000000000e-08 46.67150000 -31.97920000 -25.05729000 -0.43301000 0.55837000 0.70762000 0 0 0 6128.10000000
54 0 1 0 5.300000000000e-08 15.32843000 -32.61230000 -41.03722000 -0.30666000 0.53874000 0.78468000 0 0 0 6842.22000000
55 0 1 0 5.400000000000e-08 54.09944000 -36.49778000 -1.05817000 -0.91689000 0.39535000 0.05486000 0 0 0 5023.31600000
56 0 1 0 5.500000000000e-08 -38.86630000 -23.75422000 -24.50977000 0.76375000 0.35398000 0.53980000 0 0 0 4875.69900000
57 0 1 0 5.600000000000e-08 31.24421000 -11.99665000 -45.40355000 -0.53201000 0.35820000 0.76724000 0 0 0 6310.40500000
58 0 1 0 5.700000000000e-08 58.47336000 -30.77877000 -20.55288000 -0.92389000 0.38076000 -0.03800000 0 0 0 5587.47700000
59 0 1 0 5.800000000000e-08 59.25481000 -24.30477000 -4.91772000 -0.90017000 0.43316000 0.04554000 0 0 0 5496.31600000
60 0 1 0 5.900000000000e-08 -44.56969000 -14.36944000 -23.77512000 0.68340000 0.30092000 0.66514000 0 0 0 4236.07400000
61 0 1 0 6.000000000000e-08 15.34717000 -43.09613000 -38.39389000 -0.51397000 0.63688000 0.57465000 0 0 0 7077.27100000
62 0 1 0 6.100000000000e-08 62.55873000 -20.89489000 -11.28318000 -0.99409000 0.10450000 0.02949000 0 0 0 5243.22500000
63 0 1 0 6.200000000000e-08 -43.59715000 -17.05336000 -23.06018000 0.73806000 0.20900000 0.64155000 0 0 0 4180.17200000
64 0 1 0 6.300000000000e-08 55.25466000 -28.66364000 -21.04466000 -0.93092000 0.34931000 0.10666000 0 0 0 5684.27000000
65 0 1 0 6.400000000000e-08 58.65934000 -23.85627000 -21.22004000 -0.49455000 0.53322000 0.68636000 0 0 0 7826.93800000
66 0 1 0 6.500000000000e-08 62.19914000 -20.42983000 -5.67077000 -0.84568000 0.53105000 0.05308000 0 0 0 5727.64900000
67 0 1 0 6.600000000000e-08 -49.64732000 -9.93973000 -18.84844000 0.73255000 0.30767000 0.60722000 0 0 0 4624.17100000
68 0 1 0 6.700000000000e-08 -37.97275000 -13.86146000 -31.08029000 0.76951000 0.27145000 0.57807000 0 0 0 4148.29000000
69 0 1 0 6.800000000000e-08 13.87819000 -44.00048000 -41.16746000 -0.56165000 0.59609000 0.57378000 0 0 0 7096.60300000
70 0 1 0 6.900000000000e-08 -45.57431000 -18.98369000 -20.45965000 0.83115000 0.09656000 0.54761000 0 0 0 4807.89300000
71 0 1 0 7.000000000000e-08 -40.37858000 3.50533000 -38.96432000 0.81913000 0.28655000 0.49690000 0 0 0 4154.11900000
72 0 1 0 7.100000000000e-08 63.85624000 8.32341000 -13.72850000 -0.99831000 0.00780000 0.05755000 0 0 0 5303.55600000
73 0 1 0 7.200000000000e-08 52.59955000 -28.16161000 -21.12338000 -0.53382000 0.65091000 0.53977000 0 0 0 6251.45700000
74 0 1 0 7.300000000000e-08 62.16103000 -15.49538000 -21.24232000 -0.98313000 0.17978000 0.03364000 0 0 0 5405.39400000
75 0 1 0 7.400000000000e-08 -39.71272000 -17.53342000 -27.86284000 0.80488000 0.32352000 0.49750000 0 0 0 4393.23700000
76 0 1 0 7.500000000000e-08 56.89110000 -29.28687000 0.34123000 -0.89844000 0.41163000 0.15284000 0 0 0 5849.16900000
77 0 1 0 7.600000000000e-08 54.18971000 -24.94528000 -31.10005000 -0.90554000 0.40210000 0.13532000 0 0 0 5923.04200000
78 0 1 0 7.700000000000e-08 -40.71084000 -5.04650000 -31.85288000 0.78321000 0.27300000 0.55862000 0 0 0 4172.99500000
79 0 1 0 7.800000000000e-08 60.40031000 -11.09995000 -26.80382000 -0.92673000 0.35144000 0.13289000 0 0 0 5804.26500000
80 0 1 0 7.900000000000e-08 53.73183000 -6.41804000 -31.90751000 -0.50891000 0.26571000 0.81878000 0 0 0 6906.41700000
81 0 1 0 8.000000000000e-08 51.74866000 -37.75784000 -0.17077000 -0.86008000 0.48836000 0.14753000 0 0 0 5821.38900000
82 0 1 0 8.100000000000e-08 12.74947000 -43.14936000 -35.74960000 -0.40287000 0.61839000 0.67475000 0 0 0 6210.46100000
83 0 1 0 8.200000000000e-08 61.77308000 -17.70029000 -16.38227000 -0.96915000 0.24520000 0.02515000 0 0 0 5398.37700000
84 0 1 0 8.300000000000e-08 54.51849000 -36.40706000 7.04285000 -0.90856000 0.40727000 0.09302000 0 0 0 5926.61700000
85 0 1 0 8.400000000000e-08 55.44120000 -21.12654000 -28.62173000 -0.87754000 0.45001000 0.16556000 0 0 0 5751.51200000
86 0 1 0 8.500000000000e-08 -36.81360000 -18.26002000 -32.33309000 0.73530000 0.07823000 0.67321000 0 0 0 4432.25200000
87 0 1 0 8.600000000000e-08 -47.09574000 -16.05215000 -20.23613000 0.81851000 0.03729000 0.57329000 0 0 0 4819.26100000
88 0 1 0 8.700000000000e-08 53.92540000 -35.80496000 -13.56430000 -0.93920000 0.32765000 0.10273000 0 0 0 5183.46700000
89 0 1 0 8.800000000000e-08 -48.72273000 -8.49692000 -18.79807000 0.81876000 0.00649000 0.57410000 0 0 0 4747.76600000
90 0 1 0 8.900000000000e-08 -38.85275000 -17.98910000 -29.97262000 0.82947000 0.14435000 0.53957000 0 0 0 4728.10800000
91 0 1 0 9.000000000000e-08 54.51706000 -32.44126000 -23.69611000 -0.36235000 0.51047000 0.77982000 0 0 0 7230.24000000
92 0 1 0 9.100000000000e-08 65.46187000 -1.08359000 -5.12316000 -0.99584000 0.08845000 -0.02170000 0 0 0 5883.07500000
93 0 1 0 9.200000000000e-08 -45.17152000 -0.32011000 -24.35751000 0.79161000 0.06615000 0.60744000 0 0 0 4879.64100000
94 0 1 0 9.300000000000e-08 65.61956000 1.75753000 43.53341000 -0.99650000 0.08322000 0.00757000 0 0 0 5515.27600000
95 0 1 0 9.400000000000e-08 62.44930000 -16.36907000 -13.01933000 -0.97610000 0.21663000 0.01715000 0 0 0 5382.49300000
96 0 1 0 9.500000000000e-08 48.07553000 -27.88500000 -26.74059000 -0.56349000 0.28956000 0.77371000 0 0 0 7573.94600000
97 0 1 0 9.600000000000e-08 -39.81510000 -21.16091000 -25.13184000 0.75123000 0.28149000 0.59700000 0 0 0 4498.31400000
98 0 1 0 9.700000000000e-08 33.66207000 -3.18758000 -51.10412000 -0.49839000 0.45763000 0.73633000 0 0 0 6302.67200000
99 0 1 0 9.800000000000e-08 65.92008000 -3.91925000 35.30409000 -0.97277000 0.23167000 0.00644000 0 0 0 5448.14000000
100 0 1 0 9.900000000000e-08 50.78031000 -37.63065000 -19.25458000 -0.87714000 0.47518000 0.06947000 0 0 0 5997.57100000
101 0 1 0 1.000000000000e-07 46.91070000 -27.08412000 -28.61860000 -0.51173000 0.31115000 0.80082000 0 0 0 7406.72600000
102 0 1 0 1.010000000000e-07 21.68699000 -14.83718000 -52.78163000 -0.60313000 0.31603000 0.73236000 0 0 0 6160.78800000
103 0 1 0 1.020000000000e-07 18.08285000 -27.81109000 -46.98192000 -0.51383000 0.46667000 0.71986000 0 0 0 6930.80100000
104 0 1 0 1.030000000000e-07 43.85981000 -26.82569000 -28.82745000 -0.54272000 0.51641000 0.66240000 0 0 0 6404.80800000
105 0 1 0 1.040000000000e-07 60.86277000 -23.14002000 14.01225000 -0.88214000 0.46998000 0.03076000 0 0 0 5427.46400000
106 0 1 0 1.050000000000e-07 22.40906000 -26.81099000 -45.41494000 -0.45750000 0.58926000 0.66593000 0 0 0 6986.59900000
107 0 1 0 1.060000000000e-07 64.81447000 -2.26982000 -12.70292000 -0.97714000 0.20665000 0.04994000 0 0 0 5743.06400000
108 0 1 0 1.070000000000e-07 -37.02140000 -13.12586000 -32.48277000 0.75468000 0.11202000 0.64646000 0 0 0 4444.52900000
109 0 1 0 1.080000000000e-07 58.13375000 -30.69405000 -25.45842000 -0.86812000 0.49488000 -0.03820000 0 0 0 5971.66800000
110 0 1 0 1.090000000000e-07 50.15326000 -37.10690000 -32.42650000 -0.91250000 0.39717000 0.09800000 0 0 0 5855.90600000
111 0 1 0 1.100000000000e-07 30.90328000 -22.84524000 -42.09247000 -0.61035000 0.26413000 0.74680000 0 0 0 6431.01600000
112 0 1 0 1.110000000000e-07 -45.99315000 -9.95720000 -21.37681000 0.81722000 0.23445000 0.52648000 0 0 0 4242.08300000
113 0 1 0 1.120000000000e-07 -42.63852000 6.53527000 -31.30779000 0.80952000 0.17548000 0.56025000 0 0 0 4243.13500000
114 0 1 0 1.130000000000e-07 34.81629000 -26.79798000 -36.13179000 -0.42686000 0.52994000 0.73277000 0 0 0 6148.74700000
115 0 1 0 1.140000000000e-07 50.75789000 -28.13201000 -21.57330000 -0.56580000 0.49979000 0.65580000 0 0 0 6174.51000000
116 0 1 0 1.150000000000e-07 -28.98031000 -51.27604000 -9.19985000 0.70486000 0.53961000 0.46044000 0 0 0 4484.84500000
117 0 1 0 1.160000000000e-07 26.28352000 -18.19164000 -46.31079000 -0.56059000 0.31942000 0.76401000 0 0 0 7932.62600000
118 0 1 0 1.170000000000e-07 55.62127000 -35.70126000 15.37079000 -0.87733000 0.46064000 0.13453000 0 0 0 5085.41900000
119 0 1 0 1.180000000000e-07 56.52430000 -28.79248000 -17.63276000 -0.84081000 0.53964000 0.04282000 0 0 0 5312.85400000
120 0 1 0 1.190000000000e-07 -46.57001000 -6.87002000 -21.01257000 0.84093000 0.15109000 0.51962000 0 0 0 4005.78000000
121 0 1 0 1.200000000000e-07 40.17452000 -32.18130000 -27.66197000 -0.60009000 0.47679000 0.64231000 0 0 0 7110.89200000
122 0 1 0 1.210000000000e-07 -41.14915000 7.07893000 -34.16085000 0.82546000 0.17583000 0.53637000 0 0 0 4611.61500000
123 0 1 0 1.220000000000e-07 54.22464000 -34.91777000 16.56400000 -0.86310000 0.50481000 0.01490000 0 0 0 5950.73400000
124 0 1 0 1.230000000000e-07 -30.76950000 -43.53078000 -22.32193000 0.78712000 0.38457000 0.48224000 0 0 0 4661.88000000
125 0 1 0 1.240000000000e-07 23.67406000 -23.02601000 -46.52693000 -0.55491000 0.22299000 0.80147000 0 0 0 6688.20900000
126 0 1 0 1.250000000000e-07 59.16256000 -29.76603000 -18.09050000 -0.47578000 0.47804000 0.73832000 0 0 0 6896.20300000
127 0 1 0 1.260000000000e-07 -44.82084000 -13.87158000 -23.14513000 0.73171000 0.16462000 0.66144000 0 0 0 4356.98900000
128 0 1 0 1.270000000000e-07 -25.23779000 -2.97208000 -47.30584000 0.72768000 0.16325000 0.66621000 0 0 0 4835.30600000
129 0 1 0 1.280000000000e-07 64.64451000 -24.58340000 -13.12563000 -0.63485000 0.23915000 0.73469000 0 0 0 6052.13900000
130 0 1 0 1.290000000000e-07 60.06663000 -24.85934000 -14.73783000 -0.94302000 0.33262000 -0.00834000 0 0 0 5511.23100000
131 0 1 0 1.300000000000e-07 55.49084000 -3.29155000 -28.00200000 -0.64524000 0.26156000 0.71781000 0 0 0 7831.70100000
132 0 1 0 1.310000000000e-07 24.00422000 -44.17818000 -28.88259000 -0.48498000 0.62489000 0.61181000 0 0 0 7258.19100000
133 0 1 0 1.320000000000e-07 47.24468000 -50.64627000 -4.42076000 -0.90366000 0.42812000 0.01062000 0 0 0 5281.20200000
134 0 1 0 1.330000000000e-07 -34.80893000 -12.19208000 -35.70326000 0.76442000 0.07934000 0.63982000 0 0 0 4461.85100000
135 0 1 0 1.340000000000e-07 -34.20178000 -9.60645000 -50.02082000 0.71824000 0.52756000 0.45367000 0 0 0 4320.69500000
136 0 1 0 1.350000000000e-07 -41.35728000 -10.48162000 -28.45419000 0.84176000 0.12364000 0.52551000 0 0 0 4154.41400000
137 0 1 0 1.360000000000e-07 63.87147000 -12.70397000 35.25536000 -0.98689000 0.16127000 0.00566000 0 0 0 5530.53000000
138 0 1 0 1.370000000000e-07 60.63593000 -20.60578000 -19.81141000 -0.96533000 0.25891000 0.03325000 0 0 0 5064.89600000
139 0 1 0 1.380000000000e-07 62.69949000 -13.10292000 -26.88303000 -0.92605000 0.37455000 0.04625000 0 0 0 5417.44400000
140 0 1 0 1.390000000000e-07 -32.94586000 1.00628000 -39.47536000 0.77595000 0.01418000 0.63063000 0 0 0 4585.18400000
141 0 1 0 1.400000000000e-07 -35.99567000 16.79236000 -35.45251000 0.74155000 0.01297000 0.67077000 0 0 0 4937.64400000
142 0 1 0 1.410000000000e-07 66.71861000 -12.80940000 35.26952000 -0.81377000 0.57380000 -0.09231000 0 0 0 5616.04800000
143 0 1 0 1.420000000000e-07 29.19538000 -25.82082000 -41.59237000 -0.59334000 0.32349000 0.73709000 0 0 0 7173.38500000
144 0 1 0 1.430000000000e-07 21.26144000 -28.04886000 -46.85214000 -0.47746000 0.61737000 0.62521000 0 0 0 6361.94100000
145 0 1 0 1.440000000000e-07 50.71264000 -41.60772000 -4.85981000 -0.83391000 0.54791000 -0.06621000 0 0 0 5754.27200000
146 0 1 0 1.450000000000e-07 -37.16996000 -17.72036000 -31.48376000 0.81351000 0.22196000 0.53753000 0 0 0 4464.49000000
147 0 1 0 1.460000000000e-07 61.36361000 -21.85379000 -8.67777000 -0.97715000 0.21191000 0.01659000 0 0 0 5368.37400000
148 0 1 0 1.470000000000e-07 63.07540000 -16.80419000 4.40802000 -0.93091000 0.36340000 -0.03686000 0 0 0 5489.38100000
149 0 1 0 1.480000000000e-07 32.91196000 -25.71120000 -37.65113000 -0.40402000 0.45065000 0.79604000 0 0 0 6974.99900000
150 0 1 0 1.490000000000e-07 36.76987000 -37.19837000 -26.25154000 -0.58411000 0.53896000 0.60691000 0 0 0 7072.78500000
151 0 1 0 1.500000000000e-07 59.28974000 -20.35331000 -33.09333000 -0.93756000 0.34426000 0.04973000 0 0 0 5434.64300000
152 0 1 0 1.510000000000e-07 59.15177000 -27.55753000 12.02944000 -0.90062000 0.41985000 0.11230000 0 0 0 5408.28100000
153 0 1 0 1.520000000000e-07 63.38686000 -4.71755000 40.76041000 -0.95953000 0.26838000 -0.08533000 0 0 0 5532.45900000
154 0 1 0 1.530000000000e-07 54.69718000 -30.33370000 -17.69158000 -0.87834000 0.47193000 0.07619000 0 0 0 5702.87800000
155 0 1 0 1.540000000000e-07 -30.14970000 -53.68416000 3.92399000 0.66375000 0.64768000 0.37408000 0 0 0 4941.56300000
156 0 1 0 1.550000000000e-07 60.59351000 -7.29377000 -25.13892000 -0.55933000 0.21168000 0.80147000 0 0 0 6969.08400000
157 0 1 0 1.560000000000e-07 60.58081000 -20.63206000 -6.13418000 -0.90546000 0.41894000 0.06808000 0 0 0 5839.18500000
158 0 1 0 1.570000000000e-07 -34.31466000 -17.81993000 -34.57211000 0.78030000 0.18392000 0.59776000 0 0 0 4697.26400000
159 0 1 0 1.580000000000e-07 21.64395000 -31.99974000 -39.27101000 -0.35081000 0.55709000 0.75272000 0 0 0 6031.00500000
160 0 1 0 1.590000000000e-07 60.20856000 -23.50146000 8.11539000 -0.92449000 0.38119000 0.00161000 0 0 0 5834.73000000
161 0 1 0 1.600000000000e-07 41.96601000 -19.42495000 -34.46519000 -0.53611000 0.35803000 0.76446000 0 0 0 6528.73700000
162 0 1 0 1.610000000000e-07 39.46998000 -54.70532000 -21.39092000 -0.83766000 0.54440000 0.04423000 0 0 0 5795.13700000
163 0 1 0 1.620000000000e-07 59.51424000 -16.76853000 -27.48746000 -0.95663000 0.27786000 0.08744000 0 0 0 5311.48700000
164 0 1 0 1.630000000000e-07 67.99123000 -10.12572000 34.63573000 -0.92130000 0.38173000 0.07408000 0 0 0 5360.02200000
165 0 1 0 1.640000000000e-07 48.84424000 -32.05276000 -20.92277000 -0.51317000 0.57564000 0.63663000 0 0 0 6988.30400000
166 0 1 0 1.650000000000e-07 63.91466000 -25.02621000 -15.63361000 -0.50872000 0.53948000 0.67094000 0 0 0 6030.49900000
167 0 1 0 1.660000000000e-07 62.47761000 -25.29654000 -19.94811000 -0.99612000 0.08571000 0.01994000 0 0 0 5019.30700000
168 0 1 0 1.670000000000e-07 31.63960000 -35.36016000 -32.34799000 -0.55707000 0.51964000 0.64780000 0 0 0 6476.67200000
169 0 1 0 1.680000000000e-07 45.77046000 -21.33335000 -30.31963000 -0.62283000 0.26641000 0.73560000 0 0 0 7330.83900000
170 0 1 0 1.690000000000e-07 49.32552000 -40.93821000 -6.15101000 -0.83500000 0.54926000 0.03319000 0 0 0 5221.63200000
171 0 1 0 1.700000000000e-07 28.43684000 -29.54118000 -37.87937000 -0.42215000 0.42798000 0.79914000 0 0 0 7975.47900000
172 0 1 0 1.710000000000e-07 53.91061000 -33.95128000 -25.34144000 -0.85286000 0.52187000 0.01653000 0 0 0 5267.64500000
173 0 1 0 1.720000000000e-07 27.71365000 -30.36258000 -38.04774000 -0.45031000 0.55293000 0.70106000 0 0 0 6517.46000000
174 0 1 0 1.730000000000e-07 55.04177000 -28.41199000 -18.54003000 -0.58047000 0.40425000 0.70685000 0 0 0 7301.22400000
175 0 1 0 1.740000000000e-07 53.73502000 -39.50592000 -22.20305000 -0.94736000 0.31749000 0.04126000 0 0 0 5907.49200000
176 0 1 0 1.750000000000e-07 -50.73437000 -9.37173000 -15.21235000 0.79427000 0.26012000 0.54907000 0 0 0 4315.51000000
177 0 1 0 1.760000000000e-07 64.19055000 -9.97476000 1.53220000 -0.98592000 0.16719000 -0.00332000 0 0 0 5108.73300000
178 0 1 0 1.770000000000e-07 59.08488000 -7.23134000 -28.80911000 -0.49679000 0.27120000 0.82441000 0 0 0 7177.56500000
179 0 1 0 1.780000000000e-07 34.42316000 -20.43897000 -39.50149000 -0.57132000 0.33201000 0.75058000 0 0 0 6474.81000000
180 0 1 0 1.790000000000e-07 -47.59139000 6.80624000 -23.50479000 0.74969000 0.10092000 0.65405000 0 0 0 4397.01200000
181 0 1 0 1.800000000000e-07 38.00547000 -35.13070000 -27.41745000 -0.47541000 0.54688000 0.68913000 0 0 0 6897.10700000
182 0 1 0 1.810000000000e-07 -45.05595000 -19.29078000 -18.16384000 0.82955000 0.26756000 0.49017000 0 0 0 4031.59800000
183 0 1 0 1.820000000000e-07 63.18532000 -18.44006000 35.91035000 -0.95978000 0.27838000 0.03636000 0 0 0 5039.29200000
184 0 1 0 1.830000000000e-07 -35.37242000 -6.10519000 -37.56433000 0.73875000 0.28529000 0.61062000 0 0 0 4711.71400000
185 0 1 0 1.840000000000e-07 36.56469000 -25.67613000 -35.70703000 -0.55166000 0.51150000 0.65881000 0 0 0 7482.14100000
186 0 1 0 1.850000000000e-07 41.47928000 -30.29301000 -28.21841000 -0.53972000 0.57317000 0.61658000 0 0 0 7913.41100000
187 0 1 0 1.860000000000e-07 -42.11954000 5.71685000 -32.83504000 0.74621000 0.22911000 0.62505000 0 0 0 4118.84200000
188 0 1 0 1.870000000000e-07 -47.50066000 13.34693000 -21.38972000 0.79721000 0.01461000 0.60353000 0 0 0 4424.62500000
189 0 1 0 1.880000000000e-07 70.38181000 -7.45517000 19.92299000 -0.86934000 0.49202000 0.04645000 0 0 0 5235.68500000
190 0 1 0 1.890000000000e-07 37.01984000 -36.78231000 -26.01375000 -0.52511000 0.59341000 0.61002000 0 0 0 6332.72200000
191 0 1 0 1.900000000000e-07 62.47836000 -14.80800000 -23.54252000 -0.99699000 0.04763000 0.06113000 0 0 0 5819.56900000
192 0 1 0 1.910000000000e-07 42.21934000 -21.44627000 -38.05420000 -0.28993000 0.48734000 0.82368000 0 0 0 6702.11700000
193 0 1 0 1.920000000000e-07 40.67976000 -38.05252000 -22.11844000 -0.55198000 0.53870000 0.63649000 0 0 0 7853.06000000
194 0 1 0 1.930000000000e-07 61.19615000 -28.99364000 -13.63097000 -0.52601000 0.53192000 0.66361000 0 0 0 7547.37800000
195 0 1 0 1.940000000000e-07 -44.43590000 -14.50290000 -38.94494000 0.62580000 0.66694000 0.40443000 0 0 0 4317.15000000
196 0 1 0 1.950000000000e-07 64.46709000 -17.11083000 38.25966000 -0.98999000 0.13520000 0.04051000 0 0 0 5150.99900000
197 0 1 0 1.960000000000e-07 57.71956000 -27.17526000 -5.23067000 -0.83966000 0.53724000 0.07969000 0 0 0 5215.58200000
198 0 1 0 1.970000000000e-07 62.00310000 -34.11347000 -11.76743000 -0.50183000 0.48377000 0.71703000 0 0 0 6577.71400000
199 0 1 0 1.980000000000e-07 -35.96090000 -8.62071000 -36.17270000 0.78441000 0.24331000 0.57053000 0 0 0 4188.14700000
200 0 1 0 1.990000000000e-07 48.52783000 -43.76994000 7.99690000 -0.85040000 0.52403000 0.04702000 0 0 0 5037.23500000
201 0 1 0 2.000000000000e-07 -34.32733000 6.24709000 -37.13690000 0.73899000 0.02092000 0.67339000 0 0 0 4643.84100000
202 0 1 0 2.010000000000e-07 -37.08669000 2.29965000 -34.77894000 0.79578000 0.00153000 0.60558000 0 0 0 4367.72600000
203 0 1 0 2.020000000000e-07 63.76081000 12.26221000 -17.89843000 -0.99825000 0.01558000 0.05699000 0 0 0 5535.34200000
204 0 1 0 2.030000000000e-07 57.02391000 -24.55704000 -27.47160000 -0.86657000 0.49307000 0.07702000 0 0 0 5284.30600000
205 0 1 0 2.040000000000e-07 34.01198000 -29.22805000 -35.89262000 -0.38931000 0.61975000 0.68143000 0 0 0 6428.73400000
206 0 1 0 2.050000000000e-07 43.31321000 -29.76691000 -27.49112000 -0.61796000 0.36963000 0.69390000 0 0 0 6910.00100000
207 0 1 0 2.060000000000e-07 42.60138000 -35.42106000 -22.53951000 -0.51431000 0.62589000 0.58631000 0 0 0 6543.91700000
208 0 1 0 2.070000000000e-07 64.98682000 -12.23606000 0.13361000 -0.91439000 0.40420000 0.02292000 0 0 0 5373.07700000
209 0 1 0 2.080000000000e-07 -29.38867000 -8.57053000 -43.35507000 0.78053000 0.09023000 0.61857000 0 0 0 4137.67100000
210 0 1 0 2.090000000000e-07 62.49008000 -16.03987000 -0.23171000 -0.96476000 0.26018000 0.03927000 0 0 0 5768.82000000
211 0 1 0 2.100000000000e-07 45.52517000 -28.57381000 -27.43329000 -0.58225000 0.32239000 0.74636000 0 0 0 7497.22900000
212 0 1 0 2.110000000000e-07 54.33008000 -36.07587000 -8.30796000 -0.83281000 0.55081000 -0.05509000 0 0 0 5413.82700000
213 0 1 0 2.120000000000e-07 25.46579000 -31.55969000 -38.99286000 -0.47432000 0.55762000 0.68123000 0 0 0 6345.94000000
214 0 1 0 2.130000000000e-07 50.33175000 -36.77066000 -22.00257000 -0.84352000 0.53246000 0.07041000 0 0 0 5986.20300000
215 0 1 0 2.140000000000e-07 -29.39010000 3.59362000 -45.25857000 0.75215000 0.15868000 0.63960000 0 0 0 4476.86700000
216 0 1 0 2.150000000000e-07 30.37140000 -8.78679000 -46.95250000 -0.50763000 0.35031000 0.78714000 0 0 0 7481.92700000
217 0 1 0 2.160000000000e-07 29.27245000 -28.90035000 -38.57184000 -0.46037000 0.57207000 0.67882000 0 0 0 7362.24900000
218 0 1 0 2.170000000000e-07 -26.82861000 -14.96631000 -45.47333000 0.78380000 0.13990000 0.60505000 0 0 0 4693.03600000
219 0 1 0 2.180000000000e-07 54.76059000 -35.83388000 16.61274000 -0.86491000 0.49317000 0.09335000 0 0 0 5768.53100000
220 0 1 0 2.190000000000e-07 -51.14580000 3.63368000 -19.67107000 0.81354000 0.23946000 0.52992000 0 0 0 4627.49300000
221 0 1 0 2.200000000000e-07 43.63971000 -40.85792000 -24.57314000 -0.33484000 0.49099000 0.80425000 0 0 0 6232.16000000
222 0 1 0 2.210000000000e-07 -30.36249000 12.13911000 -42.90388000 0.76588000 0.03381000 0.64209000 0 0 0 4439.83000000
223 0 1 0 2.220000000000e-07 40.39202000 -20.75235000 -36.42663000 -0.41294000 0.43256000 0.80148000 0 0 0 6319.39300000
224 0 1 0 2.230000000000e-07 60.43101000 -22.83186000 1.58850000 -0.90949000 0.41550000 0.01338000 0 0 0 5947.06900000
225 0 1 0 2.240000000000e-07 44.48139000 3.40888000 -37.60312000 -0.60475000 0.13452000 0.78497000 0 0 0 6146.67600000
226 0 1 0 2.250000000000e-07 -32.73399000 -14.16130000 -39.09124000 0.77037000 0.32856000 0.54642000 0 0 0 4418.15500000
227 0 1 0 2.260000000000e-07 29.77190000 -30.41953000 -40.39401000 -0.65045000 0.33931000 0.67954000 0 0 0 6381.72200000
228 0 1 0 2.270000000000e-07 -18.33188000 -44.63109000 -31.35855000 0.63720000 0.43750000 0.63449000 0 0 0 4170.78100000
229 0 1 0 2.280000000000e-07 -37.87688000 -17.23763000 -30.46540000 0.80048000 0.29452000 0.52200000 0 0 0 4488.23500000
230 0 1 0 2.290000000000e-07 54.17602000 -28.71600000 -22.50826000 -0.44617000 0.55517000 0.70194000 0 0 0 7056.86000000
231 0 1 0 2.300000000000e-07 51.25121000 -40.31296000 -6.64678000 -0.89199000 0.45051000 0.03724000 0 0 0 5002.23500000
232 0 1 0 2.310000000000e-07 -33.97971000 -22.36041000 -31.31064000 0.72323000 0.35924000 0.58982000 0 0 0 4410.33400000
233 0 1 0 2.320000000000e-07 22.83610000 -26.72209000 -41.82238000 -0.30672000 0.49832000 0.81092000 0 0 0 6803.54700000
234 0 1 0 2.330000000000e-07 50.15214000 -16.42027000 -28.38751000 -0.66941000 0.16301000 0.72479000 0 0 0 6962.04700000
235 0 1 0 2.340000000000e-07 63.89692000 -15.09232000 8.36819000 -0.92129000 0.38306000 -0.06702000 0 0 0 5713.47000000
236 0 1 0 2.350000000000e-07 58.77836000 -25.32668000 -9.84909000 -0.90375000 0.42694000 0.03104000 0 0 0 5559.85900000
237 0 1 0 2.360000000000e-07 -32.67679000 -16.14661000 -38.34861000 0.76135000 0.36185000 0.53797000 0 0 0 4205.67600000
238 0 1 0 2.370000000000e-07 61.35185000 -22.83369000 -25.40973000 -0.97615000 0.21712000 0.00101000 0 0 0 5694.47400000
239 0 1 0 2.380000000000e-07 21.62471000 -11.51006000 -53.06665000 -0.61356000 0.17749000 0.76944000 0 0 0 6986.04100000
240 0 1 0 2.390000000000e-07 53.01573000 -35.36024000 -5.46570000 -0.87007000 0.48855000 0.06550000 0 0 0 5680.69800000
241 0 1 0 2.400000000000e-07 64.47283000 1.36448000 -17.83954000 -0.98765000 0.14693000 0.05449000 0 0 0 5123.09000000
242 0 1 0 2.410000000000e-07 48.78754000 -12.74728000 -31.13658000 -0.61207000 0.17924000 0.77022000 0 0 0 7458.46300000
243 0 1 0 2.420000000000e-07 59.66716000 -28.41266000 -16.06355000 -0.50827000 0.54711000 0.66508000 0 0 0 7159.22000000
244 0 1 0 2.430000000000e-07 60.60698000 -24.78596000 0.24985000 -0.97548000 0.21382000 0.05223000 0 0 0 5465.93000000
245 0 1 0 2.440000000000e-07 25.60982000 -21.04470000 -48.64677000 -0.64383000 0.33157000 0.68959000 0 0 0 6308.99600000
246 0 1 0 2.450000000000e-07 -23.40164000 -14.33137000 -46.40051000 0.72457000 0.15244000 0.67213000 0 0 0 4150.94500000
247 0 1 0 2.460000000000e-07 39.18919000 -10.78451000 -39.39688000 -0.59319000 0.25256000 0.76442000 0 0 0 6071.64500000
248 0 1 0 2.470000000000e-07 64.41853000 -11.89863000 -24.27080000 -0.93605000 0.35182000 0.00587000 0 0 0 5547.03300000
249 0 1 0 2.480000000000e-07 47.35964000 -37.89627000 -23.37368000 -0.41536000 0.43783000 0.79736000 0 0 0 6627.54200000
250 0 1 0 2.490000000000e-07 -40.99622000 -13.74457000 -27.00526000 0.76392000 0.24477000 0.59709000 0 0 0 4006.44600000
251 0 1 0 2.500000000000e-07 -51.06328000 -1.76463000 -15.99083000 0.82777000 0.18082000 0.53113000 0 0 0 4879.69000000
252 0 1 0 2.510000000000e-07 62.55415000 -11.91003000 -8.36794000 -0.97177000 0.22088000 0.08290000 0 0 0 5520.37900000
253 0 1 0 2.520000000000e-07 49.74147000 -40.63634000 -5.10349000 -0.83043000 0.55691000 0.01520000 0 0 0 5932.44000000
254 0 1 0 2.530000000000e-07 62.64044000 -18.87052000 8.17489000 -0.89434000 0.44669000 0.02505000 0 0 0 5860.09300000
255 0 1 0 2.540000000000e-07 66.09549000 -6.09912000 37.54729000 -0.99927000 0.00488000 0.03786000 0 0 0 5913.48000000
256 0 1 0 2.550000000000e-07 -35.24489000 -18.10867000 -33.50854000 0.77594000 0.33673000 0.53342000 0 0 0 4763.91000000
257 0 1 0 2.560000000000e-07 -37.88971000 2.93260000 -33.71878000 0.76960000 0.05831000 0.63585000 0 0 0 4706.56000000
258 0 1 0 2.570000000000e-07 55.81432000 -33.34182000 -14.45151000 -0.48223000 0.65706000 0.57941000 0 0 0 7640.35000000
259 0 1 0 2.580000000000e-07 56.79669000 -34.10609000 -13.33421000 -0.57399000 0.43195000 0.69567000 0 0 0 6844.80100000
260 0 1 0 2.590000000000e-07 49.05835000 -32.87736000 -26.81074000 -0.37525000 0.42467000 0.82392000 0 0 0 7700.85500000
261 0 1 0 2.600000000000e-07 67.19475000 -11.85182000 9.00566000 -0.87270000 0.48291000 0.07212000 0 0 0 5265.88800000
262 0 1 0 2.610000000000e-07 64.89214000 -5.41405000 2.09094000 -0.99938000 0.03465000 -0.00617000 0 0 0 5016.53300000
263 0 1 0 2.620000000000e-07 57.48771000 -18.03311000 -30.02776000 -0.90171000 0.41076000 0.13488000 0 0 0 5072.38800000
264 0 1 0 2.630000000000e-07 57.64375000 -31.97405000 -18.89045000 -0.43295000 0.52372000 0.73367000 0 0 0 6757.05300000
265 0 1 0 2.640000000000e-07 -49.53823000 -9.29013000 -19.73673000 0.73193000 0.34611000 0.58693000 0 0 0 4152.41900000
266 0 1 0 2.650000000000e-07 -35.84204000 -20.49179000 -31.08535000 0.75501000 0.38527000 0.53060000 0 0 0 4493.55200000
267 0 1 0 2.660000000000e-07 63.86155000 -15.09562000 -9.61299000 -0.99628000 0.08613000 0.00308000 0 0 0 5197.88000000
268 0 1 0 2.670000000000e-07 61.53996000 -18.13857000 -8.27516000 -0.97101000 0.23381000 0.04966000 0 0 0 5035.85500000
269 0 1 0 2.680000000000e-07 56.22579000 -41.01546000 -11.47866000 -0.95084000 0.30422000 -0.05789000 0 0 0 5210.49400000
270 0 1 0 2.690000000000e-07 30.11672000 3.20208000 -50.91948000 -0.67730000 0.12892000 0.72433000 0 0 0 6043.80700000
271 0 1 0 2.700000000000e-07 57.95799000 -25.65528000 -6.40891000 -0.89905000 0.42833000 0.09081000 0 0 0 5574.91000000
272 0 1 0 2.710000000000e-07 69.38059000 -0.50625000 19.33065000 -0.92790000 0.37276000 -0.00701000 0 0 0 5037.23600000
273 0 1 0 2.720000000000e-07 -41.89681000 -13.70418000 -26.22769000 0.80493000 0.14396000 0.57564000 0 0 0 4201.08400000
274 0 1 0 2.730000000000e-07 64.60053000 -7.80749000 -2.14512000 -0.96923000 0.24441000 0.02916000 0 0 0 5916.08600000
275 0 1 0 2.740000000000e-07 -47.72435000 -7.00759000 -21.29606000 0.74582000 0.18881000 0.63883000 0 0 0 4288.53300000
276 0 1 0 2.750000000000e-07 55.44507000 -36.44827000 -22.74381000 -0.95813000 0.28317000 0.04240000 0 0 0 5823.48500000
277 0 1 0 2.760000000000e-07 52.45586000 -39.04181000 14.68946000 -0.85774000 0.50679000 0.08627000 0 0 0 5737.22400000
278 0 1 0 2.770000000000e-07 -44.60519000 -19.86589000 -19.21238000 0.83438000 0.21764000 0.50640000 0 0 0 4024.11500000
279 0 1 0 2.780000000000e-07 40.40166000 -5.75944000 -41.19110000 -0.62598000 0.30114000 0.71935000 0 0 0 7573.92900000
280 0 1 0 2.790000000000e-07 20.75630000 -26.98289000 -43.18133000 -0.40792000 0.45800000 0.78983000 0 0 0 6170.44400000
281 0 1 0 2.800000000000e-07 49.57352000 -27.77036000 -22.58282000 -0.59206000 0.44973000 0.66873000 0 0 0 7476.49200000
282 0 1 0 2.810000000000e-07 39.47243000 2.24135000 -42.72656000 -0.67250000 0.17416000 0.71931000 0 0 0 7321.57200000
283 0 1 0 2.820000000000e-07 52.85066000 -38.01967000 -9.15099000 -0.92245000 0.37672000 0.08471000 0 0 0 5696.07200000
284 0 1 0 2.830000000000e-07 -46.61964000 -7.68339000 -22.00873000 0.82468000 0.27589000 0.49375000 0 0 0 4835.86100000
285 0 1 0 2.840000000000e-07 40.91688000 -34.34512000 -29.04840000 -0.43993000 0.39163000 0.80813000 0 0 0 6682.95800000
286 0 1 0 2.850000000000e-07 -42.00274000 -20.39586000 -23.88627000 0.65345000 0.41274000 0.63455000 0 0 0 4700.90500000
287 0 1 0 2.860000000000e-07 54.96209000 -26.48369000 -19.03023000 -0.56340000 0.58116000 0.58723000 0 0 0 7699.48600000
288 0 1 0 2.870000000000e-07 11.93549000 -19.51355000 -57.66824000 -0.41151000 0.60759000 0.67933000 0 0 0 6083.75500000
289 0 1 0 2.880000000000e-07 -38.12043000 27.69986000 -34.89410000 0.77310000 0.04047000 0.63299000 0 0 0 4954.88000000
290 0 1 0 2.890000000000e-07 41.18069000 -18.71653000 -37.08137000 -0.57313000 0.50075000 0.64866000 0 0 0 7957.76200000
291 0 1 0 2.900000000000e-07 57.45326000 -14.17885000 -34.60214000 -0.87203000 0.45559000 0.17887000 0 0 0 5960.12600000
292 0 1 0 2.910000000000e-07 63.71272000 -11.86754000 -20.58454000 -0.99908000 0.00759000 0.04230000 0 0 0 5201.72200000
293 0 1 0 2.920000000000e-07 38.12871000 -41.98950000 -20.43974000 -0.48305000 0.60210000 0.63573000 0 0 0 7848.66300000
294 0 1 0 2.930000000000e-07 47.78862000 -48.95457000 -3.71045000 -0.90708000 0.41589000 0.06511000 0 0 0 5826.44700000
295 0 1 0 2.940000000000e-07 57.14861000 -25.67971000 -23.96025000 -0.45927000 0.36352000 0.81051000 0 0 0 6083.58100000
296 0 1 0 2.950000000000e-07 63.09144000 -13.18985000 -3.95488000 -0.98926000 0.13343000 0.05962000 0 0 0 5456.77600000
297 0 1 0 2.960000000000e-07 34.76231000 -31.52284000 -33.92690000 -0.48051000 0.65393000 0.58437000 0 0 0 6872.09800000
298 0 1 0 2.970000000000e-07 -53.31923000 9.33480000 -22.81312000 0.79568000 0.31227000 0.51901000 0 0 0 4224.30100000
299 0 1 0 2.980000000000e-07 -5.33114000 -53.96220000 -26.41985000 0.53688000 0.70014000 0.47071000 0 0 0 4333.00700000
300 0 1 0 2.990000000000e-07 27.59688000 -26.12486000 -40.30985000 -0.29966000 0.43024000 0.85153000 0 0 0 6570.00500000
301 0 1 0 3.000000000000e-07 -31.55984000 -15.50592000 -42.01512000 0.80578000 0.31051000 0.50428000 0 0 0 4374.12000000
302 0 1 0 3.010000000000e-07 -30.79142000 -28.07194000 -32.99938000 0.75594000 0.31479000 0.57398000 0 0 0 4555.74600000
303 0 1 0 3.020000000000e-07 12.35097000 -20.94470000 -49.96652000 -0.39281000 0.41165000 0.82234000 0 0 0 6776.57000000
304 0 1 0 3.030000000000e-07 -46.46576000 -9.32910000 -21.86559000 0.75564000 0.20816000 0.62103000 0 0 0 4340.86300000
305 0 1 0 3.040000000000e-07 24.90876000 -5.75353000 -54.69768000 -0.62365000 0.30581000 0.71941000 0 0 0 6068.82500000
306 0 1 0 3.050000000000e-07 -34.24712000 -26.34670000 -27.95570000 0.64994000 0.43687000 0.62187000 0 0 0 4567.68500000
307 0 1 0 3.060000000000e-07 58.86238000 -34.86439000 -19.13212000 -0.41340000 0.43827000 0.79814000 0 0 0 7806.02800000
308 0 1 0 3.070000000000e-07 64.92339000 -13.61502000 -4.04527000 -0.97371000 0.20873000 -0.09121000 0 0 0 5692.43700000
309 0 1 0 3.080000000000e-07 55.14324000 -16.83831000 -28.46736000 -0.47691000 0.38596000 0.78967000 0 0 0 6050.86300000
310 0 1 0 3.090000000000e-07 46.67150000 -31.97920000 -25.05729000 -0.43301000 0.55837000 0.70762000 0 0 0 6128.10000000
311 0 1 0 3.100000000000e-07 15.32843000 -32.61230000 -41.03722000 -0.30666000 0.53874000 0.78468000 0 0 0 6842.22000000
312 0 1 0 3.110000000000e-07 54.09944000 -36.49778000 -1.05817000 -0.91689000 0.39535000 0.05486000 0 0 0 5023.31600000
313 0 1 0 3.120000000000e-07 -38.86630000 -23.75422000 -24.50977000 0.76375000 0.35398000 0.53980000 0 0 0 4875.69900000
314 0 1 0 3.130000000000e-07 31.24421000 -11.99665000 -45.40355000 -0.53201000 0.35820000 0.76724000 0 0 0 6310.40500000
315 0 1 0 3.140000000000e-07 58.47336000 -30.77877000 -20.55288000 -0.92389000 0.38076000 -0.03800000 0 0 0 5587.47700000
316 0 1 0 3.150000000000e-07 59.25481000 -24.30477000 -4.91772000 -0.90017000 0.43316000 0.04554000 0 0 0 5496.31600000
317 0 1 0 3.160000000000e-07 -44.56969000 -14.36944000 -23.77512000 0.68340000 0.30092000 0.66514000 0 0 0 4236.07400000
318 0 1 0 3.170000000000e-07 15.34717000 -43.09613000 -38.39389000 -0.51397000 0.63688000 0.57465000 0 0 0 7077.27100000
319 0 1 0 3.180000000000e-07 62.55873000 -20.89489000 -11.28318000 -0.99409000 0.10450000 0.02949000 0 0 0 5243.22500000
320 0 1 0 3.190000000000e-07 -43.59715000 -17.05336000 -23.06018000 0.73806000 0.20900000 0.64155000 0 0 0 4180.17200000
321 0 1 0 3.200000000000e-07 55.25466000 -28.66364000 -21.04466000 -0.93092000 0.34931000 0.10666000 0 0 0 5684.27000000
322 0 1 0 3.210000000000e-07 58.65934000 -23.85627000 -21.22004000 -0.49455000 0.53322000 0.68636000 0 0 0 7826.93800000
323 0 1 0 3.220000000000e-07 62.19914000 -20.42983000 -5.67077000 -0.84568000 0.53105000 0.05308000 0 0 0 5727.64900000
324 0 1 0 3.230000000000e-07 -49.64732000 -9.93973000 -18.84844000 0.73255000 0.30767000 0.60722000 0 0 0 4624.17100000
325 0 1 0 3.240000000000e-07 -37.97275000 -13.86146000 -31.08029000 0.76951000 0.27145000 0.57807000 0 0 0 4148.29000000
326 0 1 0 3.250000000000e-07 13.87819000 -44.00048000 -41.16746000 -0.56165000 0.59609000 0.57378000 0 0 0 7096.60300000
327 0 1 0 3.260000000000e-07 -45.57431000 -18.98369000 -20.45965000 0.83115000 0.09656000 0.54761000 0 0 0 4807.89300000
328 0 1 0 3.270000000000e-07 -40.37858000 3.50533000 -38.96432000 0.81913000 0.28655000 0.49690000 0 0 0 4154.11900000
329 0 1 0 3.280000000000e-07 63.85624000 8.32341000 -13.72850000 -0.99831000 0.00780000 0.05755000 0 0 0 5303.55600000
330 0 1 0 3.290000000000e-07 52.59955000 -28.16161000 -21.12338000 -0.53382000 0.65091000 0.53977000 0 0 0 6251.45700000
331 0 1 0 3.300000000000e-07 62.16103000 -15.49538000 -21.24232000 -0.98313000 0.17978000 0.03364000 0 0 0 5405.39400000
332 0 1 0 3.310000000000e-07 -39.71272000 -17.53342000 -27.86284000 0.80488000 0.32352000 0.49750000 0 0 0 4393.23700000
333 0 1 0 3.320000000000e-07 56.89110000 -29.28687000 0.34123000 -0.89844000 0.41163000 0.15284000 0 0 0 5849.16900000
334 0 1 0 3.330000000000e-07 54.18971000 -24.94528000 -31.10005000 -0.90554000 0.40210000 0.13532000 0 0 0 5923.04200000
335 0 1 0 3.340000000000e-07 -40.71084000 -5.04650000 -31.85288000 0.78321000 0.27300000 0.55862000 0 0 0 4172.99500000
336 0 1 0 3.350000000000e-07 60.40031000 -11.09995000 -26.80382000 -0.92673000 0.35144000 0.13289000 0 0 0 5804.26500000
337 0 1 0 3.360000000000e-07 53.73183000 -6.41804000 -31.90751000 -0.50891000 0.26571000 0.81878000 0 0 0 6906.41700000
338 0 1 0 3.370000000000e-07 51.74866000 -37.75784000 -0.17077000 -0.86008000 0.48836000 0.14753000 0 0 0 5821.38900000
339 0 1 0 3.380000000000e-07 12.74947000 -43.14936000 -35.74960000 -0.40287000 0.61839000 0.67475000 0 0 0 6210.46100000
340 0 1 0 3.390000000000e-07 61.77308000 -17.70029000 -16.38227000 -0.96915000 0.24520000 0.02515000 0 0 0 5398.37700000
341 0 1 0 3.400000000000e-07 54.51849000 -36.40706000 7.04285000 -0.90856000 0.40727000 0.09302000 0 0 0 5926.61700000
342 0 1 0 3.410000000000e-07 55.44120000 -21.12654000 -28.62173000 -0.87754000 0.45001000 0.16556000 0 0 0 5751.51200000
343 0 1 0 3.420000000000e-07 -36.81360000 -18.26002000 -32.33309000 0.73530000 0.07823000 0.67321000 0 0 0 4432.25200000
344 0 1 0 3.430000000000e-07 -47.09574000 -16.05215000 -20.23613000 0.81851000 0.03729000 0.57329000 0 0 0 4819.26100000
345 0 1 0 3.440000000000e-07 53.92540000 -35.80496000 -13.56430000 -0.93920000 0.32765000 0.10273000 0 0 0 5183.46700000
346 0 1 0 3.450000000000e-07 -48.72273000 -8.49692000 -18.79807000 0.81876000 0.00649000 0.57410000 0 0 0 4747.76600000
347 0 1 0 3.460000000000e-07 -38.85275000 -17.98910000 -29.97262000 0.82947000 0.14435000 0.53957000 0 0 0 4728.10800000
348 0 1 0 3.470000000000e-07 54.51706000 -32.44126000 -23.69611000 -0.36235000 0.51047000 0.77982000 0 0 0 7230.24000000
349 0 1 0 3.480000000000e-07 65.46187000 -1.08359000 -5.12316000 -0.99584000 0.08845000 -0.02170000 0 0 0 5883.07500000
350 0 1 0 3.490000000000e-07 -45.17152000 -0.32011000 -24.35751000 0.79161000 0.06615000 0.60744000 0 0 0 4879.64100000
351 0 1 0 3.500000000000e-07 65.61956000 1.75753000 43.53341000 -0.99650000 0.08322000 0.00757000 0 0 0 5515.27600000
352 0 1 0 3.510000000000e-07 62.44930000 -16.36907000 -13.01933000 -0.97610000 0.21663000 0.01715000 0 0 0 5382.49300000
353 0 1 0 3.520000000000e-07 48.07553000 -27.88500000 -26.74059000 -0.56349000 0.28956000 0.77371000 0 0 0 7573.94600000
354 0 1 0 3.530000000000e-07 -39.81510000 -21.16091000 -25.13184000 0.75123000 0.28149000 0.59700000 0 0 0 4498.31400000
355 0 1 0 3.540000000000e-07 33.66207000 -3.18758000 -51.10412000 -0.49839000 0.45763000 0.73633000 0 0 0 6302.67200000
356 0 1 0 3.550000000000e-07 65.92008000 -3.91925000 35.30409000 -0.97277000 0.23167000 0.00644000 0 0 0 5448.14000000
357 0 1 0 3.560000000000e-07 50.78031000 -37.63065000 -19.25458000 -0.87714000 0.47518000 0.06947000 0 0 0 5997.57100000
358 0 1 0 3.570000000000e-07 46.91070000 -27.08412000 -28.61860000 -0.51173000 0.31115000 0.80082000 0 0 0 7406.72600000
359 0 1 0 3.580000000000e-07 21.68699000 -14.83718000 -52.78163000 -0.60313000 0.31603000 0.73236000 0 0 0 6160.78800000
360 0 1 0 3.590000000000e-07 18.08285000 -27.81109000 -46.98192000 -0.51383000 0.46667000 0.71986000 0 0 0 6930.80100000
361 0 1 0 3.600000000000e-07 43.85981000 -26.82569000 -28.82745000 -0.54272000 0.51641000 0.66240000 0 0 0 6404.80800000
362 0 1 0 3.610000000000e-07 60.86277000 -23.14002000 14.01225000 -0.88214000 0.46998000 0.03076000 0 0 0 5427.46400000
363 0 1 0 3.620000000000e-07 22.40906000 -26.81099000 -45.41494000 -0.45750000 0.58926000 0.66593000 0 0 0 6986.59900000
364 0 1 0 3.630000000000e-07 64.81447000 -2.26982000 -12.70292000 -0.97714000 0.20665000 0.04994000 0 0 0 5743.06400000
365 0 1 0 3.640000000000e-07 -37.02140000 -13.12586000 -32.48277000 0.75468000 0.11202000 0.64646000 0 0 0 4444.52900000
366 0 1 0 3.650000000000e-07 58.13375000 -30.69405000 -25.45842000 -0.86812000 0.49488000 -0.03820000 0 0 0 5971.66800000
367 0 1 0 3.660000000000e-07 50.15326000 -37.10690000 -32.42650000 -0.91250000 0.39717000 0.09800000 0 0 0 5855.90600000
368 0 1 0 3.670000000000e-07 30.90328000 -22.84524000 -42.09247000 -0.61035000 0.26413000 0.74680000 0 0 0 6431.01600000
369 0 1 0 3.680000000000e-07 -45.99315000 -9.95720000 -21.37681000 0.81722000 0.23445000 0.52648000 0 0 0 4242.08300000
370 0 1 0 3.690000000000e-07 -42.63852000 6.53527000 -31.30779000 0.80952000 0.17548000 0.56025000 0 0 0 4243.13500000
371 0 1 0 3.700000000000e-07 34.81629000 -26.79798000 -36.13179000 -0.42686000 0.52994000 0.73277000 0 0 0 6148.74700000
372 0 1 0 3.710000000000e-07 50.75789000 -28.13201000 -21.57330000 -0.56580000 0.49979000 0.65580000 0 0 0 6174.51000000
373 0 1 0 3.720000000000e-07 -28.98031000 -51.27604000 -9.19985000 0.70486000 0.53961000 0.46044000 0 0 0 4484.84500000
374 0 1 0 3.730000000000e-07 26.28352000 -18.19164000 -46.31079000 -0.56059000 0.31942000 0.76401000 0 0 0 7932.62600000
375 0 1 0 3.740000000000e-07 55.62127000 -35.70126000 15.37079000 -0.87733000 0.46064000 0.13453000 0 0 0 5085.41900000
376 0 1 0 3.750000000000e-07 56.52430000 -28.79248000 -17.63276000 -0.84081000 0.53964000 0.04282000 0 0 0 5312.85400000
377 0 1 0 3.760000000000e-07 -46.57001000 -6.87002000 -21.01257000 0.84093000 0.15109000 0.51962000 0 0 0 4005.78000000
378 0 1 0 3.770000000000e-07 40.17452000 -32.18130000 -27.66197000 -0.60009000 0.47679000 0.64231000 0 0 0 7110.89200000
379 0 1 0 3.780000000000e-07 -41.14915000 7.07893000 -34.16085000 0.82546000 0.17583000 0.53637000 0 0 0 4611.61500000
380 0 1 0 3.790000000000e-07 54.22464000 -34.91777000 16.56400000 -0.86310000 0.50481000 0.01490000 0 0 0 5950.73400000
381 0 1 0 3.800000000000e-07 -30.76950000 -43.53078000 -22.32193000 0.78712000 0.38457000 0.48224000 0 0 0 4661.88000000
382 0 1 0 3.810000000000e-07 23.67406000 -23.02601000 -46.52693000 -0.55491000 0.22299000 0.80147000 0 0 0 6688.20900000
383 0 1 0 3.820000000000e-07 59.16256000 -29.76603000 -18.09050000 -0.47578000 0.47804000 0.73832000 0 0 0 6896.20300000
384 0 1 0 3.830000000000e-07 -44.82084000 -13.87158000 -23.14513000 0.73171000 0.16462000 0.66144000 0 0 0 4356.98900000
385 0 1 0 3.840000000000e-07 -25.23779000 -2.97208000 -47.30584000 0.72768000 0.16325000 0.66621000 0 0 0 4835.30600000
386 0 1 0 3.850000000000e-07 64.64451000 -24.58340000 -13.12563000 -0.63485000 0.23915000 0.73469000 0 0 0 6052.13900000
387 0 1 0 3.860000000000e-07 60.06663000 -24.85934000 -14.73783000 -0.94302000 0.33262000 -0.00834000 0 0 0 5511.23100000
388 0 1 0 3.870000000000e-07 55.49084000 -3.29155000 -28.00200000 -0.64524000 0.26156000 0.71781000 0 0 0 7831.70100000
389 0 1 0 3.880000000000e-07 24.00422000 -44.17818000 -28.88259000 -0.48498000 0.62489000 0.61181000 0 0 0 7258.19100000
390 0 1 0 3.890000000000e-07 47.24468000 -50.64627000 -4.42076000 -0.90366000 0.42812000 0.01062000 0 0 0 5281.20200000
391 0 1 0 3.900000000000e-07 -34.80893000 -12.19208000 -35.70326000 0.76442000 0.07934000 0.63982000 0 0 0 4461.85100000
392 0 1 0 3.910000000000e-07 -34.20178000 -9.60645000 -50.02082000 0.71824000 0.52756000 0.45367000 0 0 0 4320.69500000
393 0 1 0 3.920000000000e-07 -41.35728000 -10.48162000 -28.45419000 0.84176000 0.12364000 0.52551000 0 0 0 4154.41400000
394 0 1 0 3.930000000000e-07 63.87147000 -12.70397000 35.25536000 -0.98689000 0.16127000 0.00566000 0 0 0 5530.53000000
395 0 1 0 3.940000000000e-07 60.63593000 -20.60578000 -19.81141000 -0.96533000 0.25891000 0.03325000 0 0 0 5064.89600000
396 0 1 0 3.950000000000e-07 62.69949000 -13.10292000 -26.88303000 -0.92605000 0.37455000 0.04625000 0 0 0 5417.44400000
397 0 1 0 3.960000000000e-07 -32.94586000 1.00628000 -39.47536000 0.77595000 0.01418000 0.63063000 0 0 0 4585.18400000
398 0 1 0 3.970000000000e-07 -35.99567000 16.79236000 -35.45251000 0.74155000 0.01297000 0.67077000 0 0 0 4937.64400000
399 0 1 0 3.980000000000e-07 66.71861000 -12.80940000 35.26952000 -0.81377000 0.57380000 -0.09231000 0 0 0 5616.04800000
400 0 1 0 3.990000000000e-07 29.19538000 -25.82082000 -41.59237000 -0.59334000 0.32349000 0.73709000 0 0 0 7173.38500000
401 0 1 0 4.000000000000e-07 21.26144000 -28.04886000 -46.85214000 -0.47746000 0.61737000 0.62521000 0 0 0 6361.94100000
402 0 1 0 4.010000000000e-07 50.71264000 -41.60772000 -4.85981000 -0.83391000 0.54791000 -0.06621000 0 0 0 5754.27200000
403 0 1 0 4.020000000000e-07 -37.16996000 -17.72036000 -31.48376000 0.81351000 0.22196000 0.53753000 0 0 0 4464.49000000
404 0 1 0 4.030000000000e-07 61.36361000 -21.85379000 -8.67777000 -0.97715000 0.21191000 0.01659000 0 0 0 5368.37400000
405 0 1 0 4.040000000000e-07 63.07540000 -16.80419000 4.40802000 -0.93091000 0.36340000 -0.03686000 0 0 0 5489.38100000
406 0 1 0 4.050000000000e-07 32.91196000 -25.71120000 -37.65113000 -0.40402000 0.45065000 0.79604000 0 0 0 6974.99900000
407 0 1 0 4.060000000000e-07 36.76987000 -37.19837000 -26.25154000 -0.58411000 0.53896000 0.60691000 0 0 0 7072.78500000
408 0 1 0 4.070000000000e-07 59.28974000 -20.35331000 -33.09333000 -0.93756000 0.34426000 0.04973000 0 0 0 5434.64300000
409 0 1 0 4.080000000000e-07 59.15177000 -27.55753000 12.02944000 -0.90062000 0.41985000 0.11230000 0 0 0 5408.28100000
410 0 1 0 4.090000000000e-07 63.38686000 -4.71755000 40.76041000 -0.95953000 0.26838000 -0.08533000 0 0 0 5532.45900000
411 0 1 0 4.100000000000e-07 54.69718000 -30.33370000 -17.69158000 -0.87834000 0.47193000 0.07619000 0 0 0 5702.87800000
412 0 1 0 4.110000000000e-07 -30.14970000 -53.68416000 3.92399000 0.66375000 0.64768000 0.37408000 0 0 0 4941.56300000
413 0 1 0 4.120000000000e-07 60.59351000 -7.29377000 -25.13892000 -0.55933000 0.21168000 0.80147000 0 0 0 6969.08400000
414 0 1 0 4.130000000000e-07 60.58081000 -20.63206000 -6.13418000 -0.90546000 0.41894000 0.06808000 0 0 0 5839.18500000
415 0 1 0 4.140000000000e-07 -34.31466000 -17.81993000 -34.57211000 0.78030000 0.18392000 0.59776000 0 0 0 4697.26400000
416 0 1 0 4.150000000000e-07 21.64395000 -31.99974000 -39.27101000 -0.35081000 0.55709000 0.75272000 0 0 0 6031.00500000
417 0 1 0 4.160000000000e-07 60.20856000 -23.50146000 8.11539000 -0.92449000 0.38119000 0.00161000 0 0 0 5834.73000000
418 0 1 0 4.170000000000e-07 41.96601000 -19.42495000 -34.46519000 -0.53611000 0.35803000 0.76446000 0 0 0 6528.73700000
419 0 1 0 4.180000000000e-07 39.46998000 -54.70532000 -21.39092000 -0.83766000 0.54440000 0.04423000 0 0 0 5795.13700000
420 0 1 0 4.190000000000e-07 59.51424000 -16.76853000 -27.48746000 -0.95663000 0.27786000 0.08744000 0 0 0 5311.48700000
421 0 1 0 4.200000000000e-07 67.99123000 -10.12572000 34.63573000 -0.92130000 0.38173000 0.07408000 0 0 0 5360.02200000
422 0 1 0 4.210000000000e-07 48.84424000 -32.05276000 -20.92277000 -0.51317000 0.57564000 0.63663000 0 0 0 6988.30400000
423 0 1 0 4.220000000000e-07 63.91466000 -25.02621000 -15.63361000 -0.50872000 0.53948000 0.67094000 0 0 0 6030.49900000
424 0 1 0 4.230000000000e-07 62.47761000 -25.29654000 -19.94811000 -0.99612000 0.08571000 0.01994000 0 0 0 5019.30700000
425 0 1 0 4.240000000000e-07 31.63960000 -35.36016000 -32.34799000 -0.55707000 0.51964000 0.64780000 0 0 0 6476.67200000
426 0 1 0 4.250000000000e-07 45.77046000 -21.33335000 -30.31963000 -0.62283000 0.26641000 0.73560000 0 0 0 7330.83900000
427 0 1 0 4.260000000000e-07 49.32552000 -40.93821000 -6.15101000 -0.83500000 0.54926000 0.03319000 0 0 0 5221.63200000
428 0 1 0 4.270000000000e-07 28.43684000 -29.54118000 -37.87937000 -0.42215000 0.42798000 0.79914000 0 0 0 7975.47900000
429 0 1 0 4.280000000000e-07 53.91061000 -33.95128000 -25.34144000 -0.85286000 0.52187000 0.01653000 0 0 0 5267.64500000
430 0 1 0 4.290000000000e-07 27.71365000 -30.36258000 -38.04774000 -0.45031000 0.55293000 0.70106000 0 0 0 6517.46000000
431 0 1 0 4.300000000000e-07 55.04177000 -28.41199000 -18.54003000 -0.58047000 0.40425000 0.70685000 0 0 0 7301.22400000
432 0 1 0 4.310000000000e-07 53.73502000 -39.50592000 -22.20305000 -0.94736000 0.31749000 0.04126000 0 0 0 5907.49200000
433 0 1 0 4.320000000000e-07 -50.73437000 -9.37173000 -15.21235000 0.79427000 0.26012000 0.54907000 0 0 0 4315.51000000
434 0 1 0 4.330000000000e-07 64.19055000 -9.97476000 1.53220000 -0.98592000 0.16719000 -0.00332000 0 0 0 5108.73300000
435 0 1 0 4.340000000000e-07 59.08488000 -7.23134000 -28.80911000 -0.49679000 0.27120000 0.82441000 0 0 0 7177.56500000
436 0 1 0 4.350000000000e-07 34.42316000 -20.43897000 -39.50149000 -0.57132000 0.33201000 0.75058000 0 0 0 6474.81000000
437 0 1 0 4.360000000000e-07 -47.59139000 6.80624000 -23.50479000 0.74969000 0.10092000 0.65405000 0 0 0 4397.01200000
438 0 1 0 4.370000000000e-07 38.00547000 -35.13070000 -27.41745000 -0.47541000 0.54688000 0.68913000 0 0 0 6897.10700000
439 0 1 0 4.380000000000e-07 -45.05595000 -19.29078000 -18.16384000 0.82955000 0.26756000 0.49017000 0 0 0 4031.59800000
440 0 1 0 4.390000000000e-07 63.18532000 -18.44006000 35.91035000 -0.95978000 0.27838000 0.03636000 0 0 0 5039.29200000
441 0 1 0 4.400000000000e-07 -35.37242000 -6.10519000 -37.56433000 0.73875000 0.28529000 0.61062000 0 0 0 4711.71400000
442 0 1 0 4.410000000000e-07 36.56469000 -25.67613000 -35.70703000 -0.55166000 0.51150000 0.65881000 0 0 0 7482.14100000
443 0 1 0 4.420000000000e-07 41.47928000 -30.29301000 -28.21841000 -0.53972000 0.57317000 0.61658000 0 0 0 7913.41100000
444 0 1 0 4.430000000000e-07 -42.11954000 5.71685000 -32.83504000 0.74621000 0.22911000 0.62505000 0 0 0 4118.84200000
445 0 1 0 4.440000000000e-07 -47.50066000 13.34693000 -21.38972000 0.79721000 0.01461000 0.60353000 0 0 0 4424.62500000
446 0 1 0 4.450000000000e-07 70.38181000 -7.45517000 19.92299000 -0.86934000 0.49202000 0.04645000 0 0 0 5235.68500000
447 0 1 0 4.460000000000e-07 37.01984000 -36.78231000 -26.01375000 -0.52511000 0.59341000 0.61002000 0 0 0 6332.72200000
448 0 1 0 4.470000000000e-07 62.47836000 -14.80800000 -23.54252000 -0.99699000 0.04763000 0.06113000 0 0 0 5819.56900000
449 0 1 0 4.480000000000e-07 42.21934000 -21.44627000 -38.05420000 -0.28993000 0.48734000 0.82368000 0 0 0 6702.11700000
450 0 1 0 4.490000000000e-07 40.67976000 -38.05252000 -22.11844000 -0.55198000 0.53870000 0.63649000 0 0 0 7853.06000000
451 0 1 0 4.500000000000e-07 61.19615000 -28.99364000 -13.63097000 -0.52601000 0.53192000 0.66361000 0 0 0 7547.37800000
452 0 1 0 4.510000000000e-07 -44.43590000 -14.50290000 -38.94494000 0.62580000 0.66694000 0.40443000 0 0 0 4317.15000000
453 0 1 0 4.520000000000e-07 64.46709000 -17.11083000 38.25966000 -0.98999000 0.13520000 0.04051000 0 0 0 5150.99900000
454 0 1 0 4.530000000000e-07 57.71956000 -27.17526000 -5.23067000 -0.83966000 0.53724000 0.07969000 0 0 0 5215.58200000
455 0 1 0 4.540000000000e-07 62.00310000 -34.11347000 -11.76743000 -0.50183000 0.48377000 0.71703000 0 0 0 6577.71400000
456 0 1 0 4.550000000000e-07 -35.96090000 -8.62071000 -36.17270000 0.78441000 0.24331000 0.57053000 0 0 0 4188.14700000
457 0 1 0 4.560000000000e-07 48.52783000 -43.76994000 7.99690000 -0.85040000 0.52403000 0.04702000 0 0 0 5037.23500000
458 0 1 0 4.570000000000e-07 -34.32733000 6.24709000 -37.13690000 0.73899000 0.02092000 0.67339000 0 0 0 4643.84100000
459 0 1 0 4.580000000000e-07 -37.08669000 2.29965000 -34.77894000 0.79578000 0.00153000 0.60558000 0 0 0 4367.72600000
460 0 1 0 4.590000000000e-07 63.76081000 12.26221000 -17.89843000 -0.99825000 0.01558000 0.05699000 0 0 0 5535.34200000
461 0 1 0 4.600000000000e-07 57.02391000 -24.55704000 -27.47160000 -0.86657000 0.49307000 0.07702000 0 0 0 5284.30600000
462 0 1 0 4.610000000000e-07 34.01198000 -29.22805000 -35.89262000 -0.38931000 0.61975000 0.68143000 0 0 0 6428.73400000
463 0 1 0 4.620000000000e-07 43.31321000 -29.76691000 -27.49112000 -0.61796000 0.36963000 0.69390000 0 0 0 6910.00100000
464 0 1 0 4.630000000000e-07 42.60138000 -35.42106000 -22.53951000 -0.51431000 0.62589000 0.58631000 0 0 0 6543.91700000
465 0 1 0 4.640000000000e-07 64.98682000 -12.23606000 0.13361000 -0.91439000 0.40420000 0.02292000 0 0 0 5373.07700000
466 0 1 0 4.650000000000e-07 -29.38867000 -8.57053000 -43.35507000 0.78053000 0.09023000 0.61857000 0 0 0 4137.67100000
467 0 1 0 4.660000000000e-07 62.49008000 -16.03987000 -0.23171000 -0.96476000 0.26018000 0.03927000 0 0 0 5768.82000000
468 0 1 0 4.670000000000e-07 45.52517000 -28.57381000 -27.43329000 -0.58225000 0.32239000 0.74636000 0 0 0 7497.22900000
469 0 1 0 4.680000000000e-07 54.33008000 -36.07587000 -8.30796000 -0.83281000 0.55081000 -0.05509000 0 0 0 5413.82700000
470 0 1 0 4.690000000000e-07 25.46579000 -31.55969000 -38.99286000 -0.47432000 0.55762000 0.68123000 0 0 0 6345.94000000
471 0 1 0 4.700000000000e-07 50.33175000 -36.77066000 -22.00257000 -0.84352000 0.53246000 0.07041000 0 0 0 5986.20300000
472 0 1 0 4.710000000000e-07 -29.39010000 3.59362000 -45.25857000 0.75215000 0.15868000 0.63960000 0 0 0 4476.86700000
473 0 1 0 4.720000000000e-07 30.37140000 -8.78679000 -46.95250000 -0.50763000 0.35031000 0.78714000 0 0 0 7481.92700000
474 0 1 0 4.730000000000e-07 29.27245000 -28.90035000 -38.57184000 -0.46037000 0.57207000 0.67882000 0 0 0 7362.24900000
475 0 1 0 4.740000000000e-07 -26.82861000 -14.96631000 -45.47333000 0.78380000 0.13990000 0.60505000 0 0 0 4693.03600000
476 0 1 0 4.750000000000e-07 54.76059000 -35.83388000 16.61274000 -0.86491000 0.49317000 0.09335000 0 0 0 5768.53100000
477 0 1 0 4.760000000000e-07 -51.14580000 3.63368000 -19.67107000 0.81354000 0.23946000 0.52992000 0 0 0 4627.49300000
478 0 1 0 4.770000000000e-07 43.63971000 -40.85792000 -24.57314000 -0.33484000 0.49099000 0.80425000 0 0 0 6232.16000000
479 0 1 0 4.780000000000e-07 -30.36249000 12.13911000 -42.90388000 0.76588000 0.03381000 0.64209000 0 0 0 4439.83000000
480 0 1 0 4.790000000000e-07 40.39202000 -20.75235000 -36.42663000 -0.41294000 0.43256000 0.80148000 0 0 0 6319.39300000
481 0 1 0 4.800000000000e-07 60.43101000 -22.83186000 1.58850000 -0.90949000 0.41550000 0.01338000 0 0 0 5947.06900000
482 0 1 0 4.810000000000e-07 44.48139000 3.40888000 -37.60312000 -0.60475000 0.13452000 0.78497000 0 0 0 6146.67600000
483 0 1 0 4.820000000000e-07 -32.73399000 -14.16130000 -39.09124000 0.77037000 0.32856000 0.54642000 0 0 0 4418.15500000
484 0 1 0 4.830000000000e-07 29.77190000 -30.41953000 -40.39401000 -0.65045000 0.33931000 0.67954000 0 0 0 6381.72200000
485 0 1 0 4.840000000000e-07 -18.33188000 -44.63109000 -31.35855000 0.63720000 0.43750000 0.63449000 0 0 0 4170.78100000
486 0 1 0 4.850000000000e-07 -37.87688000 -17.23763000 -30.46540000 0.80048000 0.29452000 0.52200000 0 0 0 4488.23500000
487 0 1 0 4.860000000000e-07 54.17602000 -28.71600000 -22.50826000 -0.44617000 0.55517000 0.70194000 0 0 0 7056.86000000
488 0 1 0 4.870000000000e-07 51.25121000 -40.31296000 -6.64678000 -0.89199000 0.45051000 0.03724000 0 0 0 5002.23500000
489 0 1 0 4.880000000000e-07 -33.97971000 -22.36041000 -31.31064000 0.72323000 0.35924000 0.58982000 0 0 0 4410.33400000
490 0 1 0 4.890000000000e-07 22.83610000 -26.72209000 -41.82238000 -0.30672000 0.49832000 0.81092000 0 0 0 6803.54700000
491 0 1 0 4.900000000000e-07 50.15214000 -16.42027000 -28.38751000 -0.66941000 0.16301000 0.72479000 0 0 0 6962.04700000
492 0 1 0 4.910000000000e-07 63.89692000 -15.09232000 8.36819000 -0.92129000 0.38306000 -0.06702000 0 0 0 5713.47000000
493 0 1 0 4.920000000000e-07 58.77836000 -25.32668000 -9.84909000 -0.90375000 0.42694000 0.03104000 0 0 0 5559.85900000
494 0 1 0 4.930000000000e-07 -32.67679000 -16.14661000 -38.34861000 0.76135000 0.36185000 0.53797000 0 0 0 4205.67600000
495 0 1 0 4.940000000000e-07 61.35185000 -22.83369000 -25.40973000 -0.97615000 0.21712000 0.00101000 0 0 0 5694.47400000
496 0 1 0 4.950000000000e-07 21.62471000 -11.51006000 -53.06665000 -0.61356000 0.17749000 0.76944000 0 0 0 6986.04100000
497 0 1 0 4.960000000000e-07 53.01573000 -35.36024000 -5.46570000 -0.87007000 0.48855000 0.06550000 0 0 0 5680.69800000
498 0 1 0 4.970000000000e-07 64.47283000 1.36448000 -17.83954000 -0.98765000 0.14693000 0.05449000 0 0 0 5123.09000000
499 0 1 0 4.980000000000e-07 48.78754000 -12.74728000 -31.13658000 -0.61207000 0.17924000 0.77022000 0 0 0 7458.46300000
500 0 1 0 4.990000000000e-07 59.66716000 -28.41266000 -16.06355000 -0.50827000 0.54711000 0.66508000 0 0 0 7159.22000000
501 0 1 0 5.000000000000e-07 60.60698000 -24.78596000 0.24985000 -0.97548000 0.21382000 0.05223000 0 0 0 5465.93000000
502 0 1 0 5.010000000000e-07 25.60982000 -21.04470000 -48.64677000 -0.64383000 0.33157000 0.68959000 0 0 0 6308.99600000
503 0 1 0 5.020000000000e-07 -23.40164000 -14.33137000 -46.40051000 0.72457000 0.15244000 0.67213000 0 0 0 4150.94500000
504 0 1 0 5.030000000000e-07 39.18919000 -10.78451000 -39.39688000 -0.59319000 0.25256000 0.76442000 0 0 0 6071.64500000
505 0 1 0 5.040000000000e-07 64.41853000 -11.89863000 -24.27080000 -0.93605000 0.35182000 0.00587000 0 0 0 5547.03300000
506 0 1 0 5.050000000000e-07 47.35964000 -37.89627000 -23.37368000 -0.41536000 0.43783000 0.79736000 0 0 0 6627.54200000
507 0 1 0 5.060000000000e-07 -40.99622000 -13.74457000 -27.00526000 0.76392000 0.24477000 0.59709000 0 0 0 4006.44600000
508 0 1 0 5.070000000000e-07 -51.06328000 -1.76463000 -15.99083000 0.82777000 0.18082000 0.53113000 0 0 0 4879.69000000
509 0 1 0 5.080000000000e-07 62.55415000 -11.91003000 -8.36794000 -0.97177000 0.22088000 0.08290000 0 0 0 5520.37900000
510 0 1 0 5.090000000000e-07 49.74147000 -40.63634000 -5.10349000 -0.83043000 0.55691000 0.01520000 0 0 0 5932.44000000
511 0 1 0 5.100000000000e-07 62.64044000 -18.87052000 8.17489000 -0.89434000 0.44669000 0.02505000 0 0 0 5860.09300000
512 0 1 0 5.110000000000e-07 66.09549000 -6.09912000 37.54729000 -0.99927000 0.00488000 0.03786000 0 0 0 5913.48000000
513 0 1 0 5.120000000000e-07 -35.24489000 -18.10867000 -33.50854000 0.77594000 0.33673000 0.53342000 0 0 0 4763.91000000
514 0 1 0 5.130000000000e-07 -37.88971000 2.93260000 -33.71878000 0.76960000 0.05831000 0.63585000 0 0 0 4706.56000000
515 0 1 0 5.140000000000e-07 55.81432000 -33.34182000 -14.45151000 -0.48223000 0.65706000 0.57941000 0 0 0 7640.35000000
516 0 1 0 5.150000000000e-07 56.79669000 -34.10609000 -13.33421000 -0.57399000 0.43195000 0.69567000 0 0 0 6844.80100000
517 0 1 0 5.160000000000e-07 49.05835000 -32.87736000 -26.81074000 -0.37525000 0.42467000 0.82392000 0 0 0 7700.85500000
518 0 1 0 5.170000000000e-07 67.19475000 -11.85182000 9.00566000 -0.87270000 0.48291000 0.07212000 0 0 0 5265.88800000
519 0 1 0 5.180000000000e-07 64.89214000 -5.41405000 2.09094000 -0.99938000 0.03465000 -0.00617000 0 0 0 5016.53300000
520 0 1 0 5.190000000000e-07 57.48771000 -18.03311000 -30.02776000 -0.90171000 0.41076000 0.13488000 0 0 0 5072.38800000
521 0 1 0 5.200000000000e-07 57.64375000 -31.97405000 -18.89045000 -0.43295000 0.52372000 0.73367000 0 0 0 6757.05300000
522 0 1 0 5.210000000000e-07 -49.53823000 -9.29013000 -19.73673000 0.73193000 0.34611000 0.58693000 0 0 0 4152.41900000
523 0 1 0 5.220000000000e-07 -35.84204000 -20.49179000 -31.08535000 0.75501000 0.38527000 0.53060000 0 0 0 4493.55200000
524 0 1 0 5.230000000000e-07 63.86155000 -15.09562000 -9.61299000 -0.99628000 0.08613000 0.00308000 0 0 0 5197.88000000
525 0 1 0 5.240000000000e-07 61.53996000 -18.13857000 -8.27516000 -0.97101000 0.23381000 0.04966000 0 0 0 5035.85500000
526 0 1 0 5.250000000000e-07 56.22579000 -41.01546000 -11.47866000 -0.95084000 0.30422000 -0.05789000 0 0 0 5210.49400000
527 0 1 0 5.260000000000e-07 30.11672000 3.20208000 -50.91948000 -0.67730000 0.12892000 0.72433000 0 0 0 6043.80700000
528 0 1 0 5.270000000000e-07 57.95799000 -25.65528000 -6.40891000 -0.89905000 0.42833000 0.09081000 0 0 0 5574.91000000
529 0 1 0 5.280000000000e-07 69.38059000 -0.50625000 19.33065000 -0.92790000 0.37276000 -0.00701000 0 0 0 5037.23600000
530 0 1 0 5.290000000000e-07 -41.89681000 -13.70418000 -26.22769000 0.80493000 0.14396000 0.57564000 0 0 0 4201.08400000
531 0 1 0 5.300000000000e-07 64.60053000 -7.80749000 -2.14512000 -0.96923000 0.24441000 0.02916000 0 0 0 5916.08600000
532 0 1 0 5.310000000000e-07 -47.72435000 -7.00759000 -21.29606000 0.74582000 0.18881000 0.63883000 0 0 0 4288.53300000
533 0 1 0 5.320000000000e-07 55.44507000 -36.44827000 -22.74381000 -0.95813000 0.28317000 0.04240000 0 0 0 5823.48500000
534 0 1 0 5.330000000000e-07 52.45586000 -39.04181000 14.68946000 -0.85774000 0.50679000 0.08627000 0 0 0 5737.22400000
535 0 1 0 5.340000000000e-07 -44.60519000 -19.86589000 -19.21238000 0.83438000 0.21764000 0.50640000 0 0 0 4024.11500000
536 0 1 0 5.350000000000e-07 40.40166000 -5.75944000 -41.19110000 -0.62598000 0.30114000 0.71935000 0 0 0 7573.92900000
537 0 1 0 5.360000000000e-07 20.75630000 -26.98289000 -43.18133000 -0.40792000 0.45800000 0.78983000 0 0 0 6170.44400000
538 0 1 0 5.370000000000e-07 49.57352000 -27.77036000 -22.58282000 -0.59206000 0.44973000 0.66873000 0 0 0 7476.49200000
539 0 1 0 5.380000000000e-07 39.47243000 2.24135000 -42.72656000 -0.67250000 0.17416000 0.71931000 0 0 0 7321.57200000
540 0 1 0 5.390000000000e-07 52.85066000 -38.01967000 -9.15099000 -0.92245000 0.37672000 0.08471000 0 0 0 5696.07200000
541 0 1 0 5.400000000000e-07 -46.61964000 -7.68339000 -22.00873000 0.82468000 0.27589000 0.49375000 0 0 0 4835.86100000
542 0 1 0 5.410000000000e-07 40.91688000 -34.34512000 -29.04840000 -0.43993000 0.39163000 0.80813000 0 0 0 6682.95800000
543 0 1 0 5.420000000000e-07 -42.00274000 -20.39586000 -23.88627000 0.65345000 0.41274000 0.63455000 0 0 0 4700.90500000
544 0 1 0 5.430000000000e-07 54.96209000 -26.48369000 -19.03023000 -0.56340000 0.58116000 0.58723000 0 0 0 7699.48600000
545 0 1 0 5.440000000000e-07 11.93549000 -19.51355000 -57.66824000 -0.41151000 0.60759000 0.67933000 0 0 0 6083.75500000
546 0 1 0 5.450000000000e-07 -38.12043000 27.69986000 -34.89410000 0.77310000 0.04047000 0.63299000 0 0 0 4954.88000000
547 0 1 0 5.460000000000e-07 41.18069000 -18.71653000 -37.08137000 -0.57313000 0.50075000 0.64866000 0 0 0 7957.76200000
548 0 1 0 5.470000000000e-07 57.45326000 -14.17885000 -34.60214000 -0.87203000 0.45559000 0.17887000 0 0 0 5960.12600000
549 0 1 0 5.480000000000e-07 63.71272000 -11.86754000 -20.58454000 -0.99908000 0.00759000 0.04230000 0 0 0 5201.72200000
550 0 1 0 5.490000000000e-07 38.12871000 -41.98950000 -20.43974000 -0.48305000 0.60210000 0.63573000 0 0 0 7848.66300000
551 0 1 0 5.500000000000e-07 47.78862000 -48.95457000 -3.71045000 -0.90708000 0.41589000 0.06511000 0 0 0 5826.44700000
552 0 1 0 5.510000000000e-07 57.14861000 -25.67971000 -23.96025000 -0.45927000 0.36352000 0.81051000 0 0 0 6083.58100000
553 0 1 0 5.520000000000e-07 63.09144000 -13.18985000 -3.95488000 -0.98926000 0.13343000 0.05962000 0 0 0 5456.77600000
554 0 1 0 5.530000000000e-07 34.76231000 -31.52284000 -33.92690000 -0.48051000 0.65393000 0.58437000 0 0 0 6872.09800000
555 0 1 0 5.540000000000e-07 -53.31923000 9.33480000 -22.81312000 0.79568000 0.31227000 0.51901000 0 0 0 4224.30100000
556 0 1 0 5.550000000000e-07 -5.33114000 -53.96220000 -26.41985000 0.53688000 0.70014000 0.47071000 0 0 0 4333.00700000
557 0 1 0 5.560000000000e-07 27.59688000 -26.12486000 -40.30985000 -0.29966000 0.43024000 0.85153000 0 0 0 6570.00500000
558 0 1 0 5.570000000000e-07 -31.55984000 -15.50592000 -42.01512000 0.80578000 0.31051000 0.50428000 0 0 0 4374.12000000
559 0 1 0 5.580000000000e-07 -30.79142000 -28.07194000 -32.99938000 0.75594000 0.31479000 0.57398000 0 0 0 4555.74600000
560 0 1 0 5.590000000000e-07 12.35097000 -20.94470000 -49.96652000 -0.39281000 0.41165000 0.82234000 0 0 0 6776.57000000
561 0 1 0 5.600000000000e-07 -46.46576000 -9.32910000 -21.86559000 0.75564000 0.20816000 0.62103000 0 0 0 4340.86300000
562 0 1 0 5.610000000000e-07 24.90876000 -5.75353000 -54.69768000 -0.62365000 0.30581000 0.71941000 0 0 0 6068.82500000
563 0 1 0 5.620000000000e-07 -34.24712000 -26.34670000 -27.95570000 0.64994000 0.43687000 0.62187000 0 0 0 4567.68500000
564 0 1 0 5.630000000000e-07 58.86238000 -34.86439000 -19.13212000 -0.41340000 0.43827000 0.79814000 0 0 0 7806.02800000
565 0 1 0 5.640000000000e-07 64.92339000 -13.61502000 -4.04527000 -0.97371000 0.20873000 -0.09121000 0 0 0 5692.43700000
566 0 1 0 5.650000000000e-07 55.14324000 -16.83831000 -28.46736000 -0.47691000 0.38596000 0.78967000 0 0 0 6050.86300000
567 0 1 0 5.660000000000e-07 46.67150000 -31.97920000 -25.05729000 -0.43301000 0.55837000 0.70762000 0 0 0 6128.10000000
568 0 1 0 5.670000000000e-07 15.32843000 -32.61230000 -41.03722000 -0.30666000 0.53874000 0.78468000 0 0 0 6842.22000000
569 0 1 0 5.680000000000e-07 54.09944000 -36.49778000 -1.05817000 -0.91689000 0.39535000 0.05486000 0 0 0 5023.31600000
570 0 1 0 5.690000000000e-07 -38.86630000 -23.75422000 -24.50977000 0.76375000 0.35398000 0.53980000 0 0 0 4875.69900000
571 0 1 0 5.700000000000e-07 31.24421000 -11.99665000 -45.40355000 -0.53201000 0.35820000 0.76724000 0 0 0 6310.40500000
572 0 1 0 5.710000000000e-07 58.47336000 -30.77877000 -20.55288000 -0.92389000 0.38076000 -0.03800000 0 0 0 5587.47700000
573 0 1 0 5.720000000000e-07 59.25481000 -24.30477000 -4.91772000 -0.90017000 0.43316000 0.04554000 0 0 0 5496.31600000
574 0 1 0 5.730000000000e-07 -44.56969000 -14.36944000 -23.77512000 0.68340000 0.30092000 0.66514000 0 0 0 4236.07400000
575 0 1 0 5.740000000000e-07 15.34717000 -43.09613000 -38.39389000 -0.51397000 0.63688000 0.57465000 0 0 0 7077.27100000
576 0 1 0 5.750000000000e-07 62.55873000 -20.89489000 -11.28318000 -0.99409000 0.10450000 0.02949000 0 0 0 5243.22500000
577 0 1 0 5.760000000000e-07 -43.59715000 -17.05336000 -23.06018000 0.73806000 0.20900000 0.64155000 0 0 0 4180.17200000
578 0 1 0 5.770000000000e-07 55.25466000 -28.66364000 -21.04466000 -0.93092000 0.34931000 0.10666000 0 0 0 5684.27000000
579 0 1 0 5.780000000000e-07 58.65934000 -23.85627000 -21.22004000 -0.49455000 0.53322000 0.68636000 0 0 0 7826.93800000
580 0 1 0 5.790000000000e-07 62.19914000 -20.42983000 -5.67077000 -0.84568000 0.53105000 0.05308000 0 0 0 5727.64900000
581 0 1 0 5.800000000000e-07 -49.64732000 -9.93973000 -18.84844000 0.73255000 0.30767000 0.60722000 0 0 0 4624.17100000
582 0 1 0 5.810000000000e-07 -37.97275000 -13.86146000 -31.08029000 0.76951000 0.27145000 0.57807000 0 0 0 4148.29000000
583 0 1 0 5.820000000000e-07 13.87819000 -44.00048000 -41.16746000 -0.56165000 0.59609000 0.57378000 0 0 0 7096.60300000
584 0 1 0 5.830000000000e-07 -45.57431000 -18.98369000 -20.45965000 0.83115000 0.09656000 0.54761000 0 0 0 4807.89300000
585 0 1 0 5.840000000000e-07 -40.37858000 3.50533000 -38.96432000 0.81913000 0.28655000 0.49690000 0 0 0 4154.11900000
586 0 1 0 5.850000000000e-07 63.85624000 8.32341000 -13.72850000 -0.99831000 0.00780000 0.05755000 0 0 0 5303.55600000
587 0 1 0 5.860000000000e-07 52.59955000 -28.16161000 -21.12338000 -0.53382000 0.65091000 0.53977000 0 0 0 6251.45700000
588 0 1 0 5.870000000000e-07 62.16103000 -15.49538000 -21.24232000 -0.98313000 0.17978000 0.03364000 0 0 0 5405.39400000
589 0 1 0 5.880000000000e-07 -39.71272000 -17.53342000 -27.86284000 0.80488000 0.32352000 0.49750000 0 0 0 4393.23700000
590 0 1 0 5.890000000000e-07 56.89110000 -29.28687000 0.34123000 -0.89844000 0.41163000 0.15284000 0 0 0 5849.16900000
591 0 1 0 5.900000000000e-07 54.18971000 -24.94528000 -31.10005000 -0.90554000 0.40210000 0.13532000 0 0 0 5923.04200000
592 0 1 0 5.910000000000e-07 -40.71084000 -5.04650000 -31.85288000 0.78321000 0.27300000 0.55862000 0 0 0 4172.99500000
593 0 1 0 5.920000000000e-07 60.40031000 -11.09995000 -26.80382000 -0.92673000 0.35144000 0.13289000 0 0 0 5804.26500000
594 0 1 0 5.930000000000e-07 53.73183000 -6.41804000 -31.90751000 -0.50891000 0.26571000 0.81878000 0 0 0 6906.41700000
595 0 1 0 5.940000000000e-07 51.74866000 -37.75784000 -0.17077000 -0.86008000 0.48836000 0.14753000 0 0 0 5821.38900000
596 0 1 0 5.950000000000e-07 12.74947000 -43.14936000 -35.74960000 -0.40287000 0.61839000 0.67475000 0 0 0 6210.46100000
597 0 1 0 5.960000000000e-07 61.77308000 -17.70029000 -16.38227000 -0.96915000 0.24520000 0.02515000 0 0 0 5398.37700000
598 0 1 0 5.970000000000e-07 54.51849000 -36.40706000 7.04285000 -0.90856000 0.40727000 0.09302000 0 0 0 5926.61700000
599 0 1 0 5.980000000000e-07 55.44120000 -21.12654000 -28.62173000 -0.87754000 0.45001000 0.16556000 0 0 0 5751.51200000
600 0 1 0 5.990000000000e-07 -36.81360000 -18.26002000 -32.33309000 0.73530000 0.07823000 0.67321000 0 0 0 4432.25200000
601 0 1 0 6.000000000000e-07 -47.09574000 -16.05215000 -20.23613000 0.81851000 0.03729000 0.57329000 0 0 0 4819.26100000
602 0 1 0 6.010000000000e-07 53.92540000 -35.80496000 -13.56430000 -0.93920000 0.32765000 0.10273000 0 0 0 5183.46700000
603 0 1 0 6.020000000000e-07 -48.72273000 -8.49692000 -18.79807000 0.81876000 0.00649000 0.57410000 0 0 0 4747.76600000
604 0 1 0 6.030000000000e-07 -38.85275000 -17.98910000 -29.97262000 0.82947000 0.14435000 0.53957000 0 0 0 4728.10800000
605 0 1 0 6.040000000000e-07 54.51706000 -32.44126000 -23.69611000 -0.36235000 0.51047000 0.77982000 0 0 0 7230.24000000
606 0 1 0 6.050000000000e-07 65.46187000 -1.08359000 -5.12316000 -0.99584000 0.08845000 -0.02170000 0 0 0 5883.07500000
607 0 1 0 6.060000000000e-07 -45.17152000 -0.32011000 -24.35751000 0.79161000 0.06615000 0.60744000 0 0 0 4879.64100000
608 0 1 0 6.070000000000e-07 65.61956000 1.75753000 43.53341000 -0.99650000 0.08322000 0.00757000 0 0 0 5515.27600000
609 0 1 0 6.080000000000e-07 62.44930000 -16.36907000 -13.01933000 -0.97610000 0.21663000 0.01715000 0 0 0 5382.49300000
610 0 1 0 6.090000000000e-07 48.07553000 -27.88500000 -26.74059000 -0.56349000 0.28956000 0.77371000 0 0 0 7573.94600000
611 0 1 0 6.100000000000e-07 -39.81510000 -21.16091000 -25.13184000 0.75123000 0.28149000 0.59700000 0 0 0 4498.31400000
612 0 1 0 6.110000000000e-07 33.66207000 -3.18758000 -51.10412000 -0.49839000 0.45763000 0.73633000 0 0 0 6302.67200000
613 0 1 0 6.120000000000e-07 65.92008000 -3.91925000 35.30409000 -0.97277000 0.23167000 0.00644000 0 0 0 5448.14000000
614 0 1 0 6.130000000000e-07 50.78031000 -37.63065000 -19.25458000 -0.87714000 0.47518000 0.06947000 0 0 0 5997.57100000
615 0 1 0 6.140000000000e-07 46.91070000 -27.08412000 -28.61860000 -0.51173000 0.31115000 0.80082000 0 0 0 7406.72600000
616 0 1 0 6.150000000000e-07 21.68699000 -14.83718000 -52.78163000 -0.60313000 0.31603000 0.73236000 0 0 0 6160.78800000
617 0 1 0 6.160000000000e-07 18.08285000 -27.81109000 -46.98192000 -0.51383000 0.46667000 0.71986000 0 0 0 6930.80100000
618 0 1 0 6.170000000000e-07 43.85981000 -26.82569000 -28.82745000 -0.54272000 0.51641000 0.66240000 0 0 0 6404.80800000
619 0 1 0 6.180000000000e-07 60.86277000 -23.14002000 14.01225000 -0.88214000 0.46998000 0.03076000 0 0 0 5427.46400000
620 0 1 0 6.190000000000e-07 22.40906000 -26.81099000 -45.41494000 -0.45750000 0.58926000 0.66593000 0 0 0 6986.59900000
621 0 1 0 6.200000000000e-07 64.81447000 -2.26982000 -12.70292000 -0.97714000 0.20665000 0.04994000 0 0 0 5743.06400000
622 0 1 0 6.210000000000e-07 -37.02140000 -13.12586000 -32.48277000 0.75468000 0.11202000 0.64646000 0 0 0 4444.52900000
623 0 1 0 6.220000000000e-07 58.13375000 -30.69405000 -25.45842000 -0.86812000 0.49488000 -0.03820000 0 0 0 5971.66800000
624 0 1 0 6.230000000000e-07 50.15326000 -37.10690000 -32.42650000 -0.91250000 0.39717000 0.09800000 0 0 0 5855.90600000
625 0 1 0 6.240000000000e-07 30.90328000 -22.84524000 -42.09247000 -0.61035000 0.26413000 0.74680000 0 0 0 6431.01600000
626 0 1 0 6.250000000000e-07 -45.99315000 -9.95720000 -21.37681000 0.81722000 0.23445000 0.52648000 0 0 0 4242.08300000
627 0 1 0 6.260000000000e-07 -42.63852000 6.53527000 -31.30779000 0.80952000 0.17548000 0.56025000 0 0 0 4243.13500000
628 0 1 0 6.270000000000e-07 34.81629000 -26.79798000 -36.13179000 -0.42686000 0.52994000 0.73277000 0 0 0 6148.74700000
629 0 1 0 6.280000000000e-07 50.75789000 -28.13201000 -21.57330000 -0.56580000 0.49979000 0.65580000 0 0 0 6174.51000000
630 0 1 0 6.290000000000e-07 -28.98031000 -51.27604000 -9.19985000 0.70486000 0.53961000 0.46044000 0 0 0 4484.84500000
631 0 1 0 6.300000000000e-07 26.28352000 -18.19164000 -46.31079000 -0.56059000 0.31942000 0.76401000 0 0 0 7932.62600000
632 0 1 0 6.310000000000e-07 55.62127000 -35.70126000 15.37079000 -0.87733000 0.46064000 0.13453000 0 0 0 5085.41900000
633 0 1 0 6.320000000000e-07 56.52430000 -28.79248000 -17.63276000 -0.84081000 0.53964000 0.04282000 0 0 0 5312.85400000
634 0 1 0 6.330000000000e-07 -46.57001000 -6.87002000 -21.01257000 0.84093000 0.15109000 0.51962000 0 0 0 4005.78000000
635 0 1 0 6.340000000000e-07 40.17452000 -32.18130000 -27.66197000 -0.60009000 0.47679000 0.64231000 0 0 0 7110.89200000
636 0 1 0 6.350000000000e-07 -41.14915000 7.07893000 -34.16085000 0.82546000 0.17583000 0.53637000 0 0 0 4611.61500000
637 0 1 0 6.360000000000e-07 54.22464000 -34.91777000 16.56400000 -0.86310000 0.50481000 0.01490000 0 0 0 5950.73400000
638 0 1 0 6.370000000000e-07 -30.76950000 -43.53078000 -22.32193000 0.78712000 0.38457000 0.48224000 0 0 0 4661.88000000
639 0 1 0 6.380000000000e-07 23.67406000 -23.02601000 -46.52693000 -0.55491000 0.22299000 0.80147000 0 0 0 6688.20900000
640 0 1 0 6.390000000000e-07 59.16256000 -29.76603000 -18.09050000 -0.47578000 0.47804000 0.73832000 0 0 0 6896.20300000
641 0 1 0 6.400000000000e-07 -44.82084000 -13.87158000 -23.14513000 0.73171000 0.16462000 0.66144000 0 0 0 4356.98900000
642 0 1 0 6.410000000000e-07 -25.23779000 -2.97208000 -47.30584000 0.72768000 0.16325000 0.66621000 0 0 0 4835.30600000
643 0 1 0 6.420000000000e-07 64.64451000 -24.58340000 -13.12563000 -0.63485000 0.23915000 0.73469000 0 0 0 6052.13900000
644 0 1 0 6.430000000000e-07 60.06663000 -24.85934000 -14.73783000 -0.94302000 0.33262000 -0.00834000 0 0 0 5511.23100000
645 0 1 0 6.440000000000e-07 55.49084000 -3.29155000 -28.00200000 -0.64524000 0.26156000 0.71781000 0 0 0 7831.70100000
646 0 1 0 6.450000000000e-07 24.00422000 -44.17818000 -28.88259000 -0.48498000 0.62489000 0.61181000 0 0 0 7258.19100000
647 0 1 0 6.460000000000e-07 47.24468000 -50.64627000 -4.42076000 -0.90366000 0.42812000 0.01062000 0 0 0 5281.20200000
648 0 1 0 6.470000000000e-07 -34.80893000 -12.19208000 -35.70326000 0.76442000 0.07934000 0.63982000 0 0 0 4461.85100000
649 0 1 0 6.480000000000e-07 -34.20178000 -9.60645000 -50.02082000 0.71824000 0.52756000 0.45367000 0 0 0 4320.69500000
650 0 1 0 6.490000000000e-07 -41.35728000 -10.48162000 -28.45419000 0.84176000 0.12364000 0.52551000 0 0 0 4154.41400000
651 0 1 0 6.500000000000e-07 63.87147000 -12.70397000 35.25536000 -0.98689000 0.16127000 0.00566000 0 0 0 5530.53000000
652 0 1 0 6.510000000000e-07 60.63593000 -20.60578000 -19.81141000 -0.96533000 0.25891000 0.03325000 0 0 0 5064.89600000
653 0 1 0 6.520000000000e-07 62.69949000 -13.10292000 -26.88303000 -0.92605000 0.37455000 0.04625000 0 0 0 5417.44400000
654 0 1 0 6.530000000000e-07 -32.94586000 1.00628000 -39.47536000 0.77595000 0.01418000 0.63063000 0 0 0 4585.18400000
655 0 1 0 6.540000000000e-07 -35.99567000 16.79236000 -35.45251000 0.74155000 0.01297000 0.67077000 0 0 0 4937.64400000
656 0 1 0 6.550000000000e-07 66.71861000 -12.80940000 35.26952000 -0.81377000 0.57380000 -0.09231000 0 0 0 5616.04800000
657 0 1 0 6.560000000000e-07 29.19538000 -25.82082000 -41.59237000 -0.59334000 0.32349000 0.73709000 0 0 0 7173.38500000
658 0 1 0 6.570000000000e-07 21.26144000 -28.04886000 -46.85214000 -0.47746000 0.61737000 0.62521000 0 0 0 6361.94100000
659 0 1 0 6.580000000000e-07 50.71264000 -41.60772000 -4.85981000 -0.83391000 0.54791000 -0.06621000 0 0 0 5754.27200000
660 0 1 0 6.590000000000e-07 -37.16996000 -17.72036000 -31.48376000 0.81351000 0.22196000 0.53753000 0 0 0 4464.49000000
661 0 1 0 6.600000000000e-07 61.36361000 -21.85379000 -8.67777000 -0.97715000 0.21191000 0.01659000 0 0 0 5368.37400000
662 0 1 0 6.610000000000e-07 63.07540000 -16.80419000 4.40802000 -0.93091000 0.36340000 -0.03686000 0 0 0 5489.38100000
663 0 1 0 6.620000000000e-07 32.91196000 -25.71120000 -37.65113000 -0.40402000 0.45065000 0.79604000 0 0 0 6974.99900000
664 0 1 0 6.630000000000e-07 36.76987000 -37.19837000 -26.25154000 -0.58411000 0.53896000 0.60691000 0 0 0 7072.78500000
665 0 1 0 6.640000000000e-07 59.28974000 -20.35331000 -33.09333000 -0.93756000 0.34426000 0.04973000 0 0 0 5434.64300000
666 0 1 0 6.650000000000e-07 59.15177000 -27.55753000 12.02944000 -0.90062000 0.41985000 0.11230000 0 0 0 5408.28100000
667 0 1 0 6.660000000000e-07 63.38686000 -4.71755000 40.76041000 -0.95953000 0.26838000 -0.08533000 0 0 0 5532.45900000
668 0 1 0 6.670000000000e-07 54.69718000 -30.33370000 -17.69158000 -0.87834000 0.47193000 0.07619000 0 0 0 5702.87800000
669 0 1 0 6.680000000000e-07 -30.14970000 -53.68416000 3.92399000 0.66375000 0.64768000 0.37408000 0 0 0 4941.56300000
670 0 1 0 6.690000000000e-07 60.59351000 -7.29377000 -25.13892000 -0.55933000 0.21168000 0.80147000 0 0 0 6969.08400000
671 0 1 0 6.700000000000e-07 60.58081000 -20.63206000 -6.13418000 -0.90546000 0.41894000 0.06808000 0 0 0 5839.18500000
672 0 1 0 6.710000000000e-07 -34.31466000 -17.81993000 -34.57211000 0.78030000 0.18392000 0.59776000 0 0 0 4697.26400000
673 0 1 0 6.720000000000e-07 21.64395000 -31.99974000 -39.27101000 -0.35081000 0.55709000 0.75272000 0 0 0 6031.00500000
674 0 1 0 6.730000000000e-07 60.20856000 -23.50146000 8.11539000 -0.92449000 0.38119000 0.00161000 0 0 0 5834.73000000
675 0 1 0 6.740000000000e-07 41.96601000 -19.42495000 -34.46519000 -0.53611000 0.35803000 0.76446000 0 0 0 6528.73700000
676 0 1 0 6.750000000000e-07 39.46998000 -54.70532000 -21.39092000 -0.83766000 0.54440000 0.04423000 0 0 0 5795.13700000
677 0 1 0 6.760000000000e-07 59.51424000 -16.76853000 -27.48746000 -0.95663000 0.27786000 0.08744000 0 0 0 5311.48700000
678 0 1 0 6.770000000000e-07 67.99123000 -10.12572000 34.63573000 -0.92130000 0.38173000 0.07408000 0 0 0 5360.02200000
679 0 1 0 6.780000000000e-07 48.84424000 -32.05276000 -20.92277000 -0.51317000 0.57564000 0.63663000 0 0 0 6988.30400000
680 0 1 0 6.790000000000e-07 63.91466000 -25.02621000 -15.63361000 -0.50872000 0.53948000 0.67094000 0 0 0 6030.49900000
681 0 1 0 6.800000000000e-07 62.47761000 -25.29654000 -19.94811000 -0.99612000 0.08571000 0.01994000 0 0 0 5019.30700000
682 0 1 0 6.810000000000e-07 31.63960000 -35.36016000 -32.34799000 -0.55707000 0.51964000 0.64780000 0 0 0 6476.67200000
683 0 1 0 6.820000000000e-07 45.77046000 -21.33335000 -30.31963000 -0.62283000 0.26641000 0.73560000 0 0 0 7330.83900000
684 0 1 0 6.830000000000e-07 49.32552000 -40.93821000 -6.15101000 -0.83500000 0.54926000 0.03319000 0 0 0 5221.63200000
685 0 1 0 6.840000000000e-07 28.43684000 -29.54118000 -37.87937000 -0.42215000 0.42798000 0.79914000 0 0 0 7975.47900000
686 0 1 0 6.850000000000e-07 53.91061000 -33.95128000 -25.34144000 -0.85286000 0.52187000 0.01653000 0 0 0 5267.64500000
687 0 1 0 6.860000000000e-07 27.71365000 -30.36258000 -38.04774000 -0.45031000 0.55293000 0.70106000 0 0 0 6517.46000000
688 0 1 0 6.870000000000e-07 55.04177000 -28.41199000 -18.54003000 -0.58047000 0.40425000 0.70685000 0 0 0 7301.22400000
689 0 1 0 6.880000000000e-07 53.73502000 -39.50592000 -22.20305000 -0.94736000 0.31749000 0.04126000 0 0 0 5907.49200000
690 0 1 0 6.890000000000e-07 -50.73437000 -9.37173000 -15.21235000 0.79427000 0.26012000 0.54907000 0 0 0 4315.51000000
691 0 1 0 6.900000000000e-07 64.19055000 -9.97476000 1.53220000 -0.98592000 0.16719000 -0.00332000 0 0 0 5108.73300000
692 0 1 0 6.910000000000e-07 59.08488000 -7.23134000 -28.80911000 -0.49679000 0.27120000 0.82441000 0 0 0 7177.56500000
693 0 1 0 6.920000000000e-07 34.42316000 -20.43897000 -39.50149000 -0.57132000 0.33201000 0.75058000 0 0 0 6474.81000000
694 0 1 0 6.930000000000e-07 -47.59139000 6.80624000 -23.50479000 0.74969000 0.10092000 0.65405000 0 0 0 4397.01200000
695 0 1 0 6.940000000000e-07 38.00547000 -35.13070000 -27.41745000 -0.47541000 0.54688000 0.68913000 0 0 0 6897.10700000
696 0 1 0 6.950000000000e-07 -45.05595000 -19.29078000 -18.16384000 0.82955000 0.26756000 0.49017000 0 0 0 4031.59800000
697 0 1 0 6.960000000000e-07 63.18532000 -18.44006000 35.91035000 -0.95978000 0.27838000 0.03636000 0 0 0 5039.29200000
698 0 1 0 6.970000000000e-07 -35.37242000 -6.10519000 -37.56433000 0.73875000 0.28529000 0.61062000 0 0 0 4711.71400000
699 0 1 0 6.980000000000e-07 36.56469000 -25.67613000 -35.70703000 -0.55166000 0.51150000 0.65881000 0 0 0 7482.14100000
700 0 1 0 6.990000000000e-07 41.47928000 -30.29301000 -28.21841000 -0.53972000 0.57317000 0.61658000 0 0 0 7913.41100000
701 0 1 0 7.000000000000e-07 -42.11954000 5.71685000 -32.83504000 0.74621000 0.22911000 0.62505000 0 0 0 4118.84200000
702 0 1 0 7.010000000000e-07 -47.50066000 13.34693000 -21.38972000 0.79721000 0.01461000 0.60353000 0 0 0 4424.62500000
703 0 1 0 7.020000000000e-07 70.38181000 -7.45517000 19.92299000 -0.86934000 0.49202000 0.04645000 0 0 0 5235.68500000
704 0 1 0 7.030000000000e-07 37.01984000 -36.78231000 -26.01375000 -0.52511000 0.59341000 0.61002000 0 0 0 6332.72200000
705 0 1 0 7.040000000000e-07 62.47836000 -14.80800000 -23.54252000 -0.99699000 0.04763000 0.06113000 0 0 0 5819.56900000
706 0 1 0 7.050000000000e-07 42.21934000 -21.44627000 -38.05420000 -0.28993000 0.48734000 0.82368000 0 0 0 6702.11700000
707 0 1 0 7.060000000000e-07 40.67976000 -38.05252000 -22.11844000 -0.55198000 0.53870000 0.63649000 0 0 0 7853.06000000
708 0 1 0 7.070000000000e-07 61.19615000 -28.99364000 -13.63097000 -0.52601000 0.53192000 0.66361000 0 0 0 7547.37800000
709 0 1 0 7.080000000000e-07 -44.43590000 -14.50290000 -38.94494000 0.62580000 0.66694000 0.40443000 0 0 0 4317.15000000
710 0 1 0 7.090000000000e-07 64.46709000 -17.11083000 38.25966000 -0.98999000 0.13520000 0.04051000 0 0 0 5150.99900000
711 0 1 0 7.100000000000e-07 57.71956000 -27.17526000 -5.23067000 -0.83966000 0.53724000 0.07969000 0 0 0 5215.58200000
712 0 1 0 7.110000000000e-07 62.00310000 -34.11347000 -11.76743000 -0.50183000 0.48377000 0.71703000 0 0 0 6577.71400000
713 0 1 0 7.120000000000e-07 -35.96090000 -8.62071000 -36.17270000 0.78441000 0.24331000 0.57053000 0 0 0 4188.14700000
714 0 1 0 7.130000000000e-07 48.52783000 -43.76994000 7.99690000 -0.85040000 0.52403000 0.04702000 0 0 0 5037.23500000
715 0 1 0 7.140000000000e-07 -34.32733000 6.24709000 -37.13690000 0.73899000 0.02092000 0.67339000 0 0 0 4643.84100000
716 0 1 0 7.150000000000e-07 -37.08669000 2.29965000 -34.77894000 0.79578000 0.00153000 0.60558000 0 0 0 4367.72600000
717 0 1 0 7.160000000000e-07 63.76081000 12.26221000 -17.89843000 -0.99825000 0.01558000 0.05699000 0 0 0 5535.34200000
718 0 1 0 7.170000000000e-07 57.02391000 -24.55704000 -27.47160000 -0.86657000 0.49307000 0.07702000 0 0 0 5284.30600000
719 0 1 0 7.180000000000e-07 34.01198000 -29.22805000 -35.89262000 -0.38931000 0.61975000 0.68143000 0 0 0 6428.73400000
720 0 1 0 7.190000000000e-07 43.31321000 -29.76691000 -27.49112000 -0.61796000 0.36963000 0.69390000 0 0 0 6910.00100000
721 0 1 0 7.200000000000e-07 42.60138000 -35.42106000 -22.53951000 -0.51431000 0.62589000 0.58631000 0 0 0 6543.91700000
722 0 1 0 7.210000000000e-07 64.98682000 -12.23606000 0.13361000 -0.91439000 0.40420000 0.02292000 0 0 0 5373.07700000
723 0 1 0 7.220000000000e-07 -29.38867000 -8.57053000 -43.35507000 0.78053000 0.09023000 0.61857000 0 0 0 4137.67100000
724 0 1 0 7.230000000000e-07 62.49008000 -16.03987000 -0.23171000 -0.96476000 0.26018000 0.03927000 0 0 0 5768.82000000
725 0 1 0 7.240000000000e-07 45.52517000 -28.57381000 -27.43329000 -0.58225000 0.32239000 0.74636000 0 0 0 7497.22900000
726 0 1 0 7.250000000000e-07 54.33008000 -36.07587000 -8.30796000 -0.83281000 0.55081000 -0.05509000 0 0 0 5413.82700000
727 0 1 0 7.260000000000e-07 25.46579000 -31.55969000 -38.99286000 -0.47432000 0.55762000 0.68123000 0 0 0 6345.94000000
728 0 1 0 7.270000000000e-07 50.33175000 -36.77066000 -22.00257000 -0.84352000 0.53246000 0.07041000 0 0 0 5986.20300000
729 0 1 0 7.280000000000e-07 -29.39010000 3.59362000 -45.25857000 0.75215000 0.15868000 0.63960000 0 0 0 4476.86700000
730 0 1 0 7.290000000000e-07 30.37140000 -8.78679000 -46.95250000 -0.50763000 0.35031000 0.78714000 0 0 0 7481.92700000
731 0 1 0 7.300000000000e-07 29.27245000 -28.90035000 -38.57184000 -0.46037000 0.57207000 0.67882000 0 0 0 7362.24900000
732 0 1 0 7.310000000000e-07 -26.82861000 -14.96631000 -45.47333000 0.78380000 0.13990000 0.60505000 0 0 0 4693.03600000
733 0 1 0 7.320000000000e-07 54.76059000 -35.83388000 16.61274000 -0.86491000 0.49317000 0.09335000 0 0 0 5768.53100000
734 0 1 0 7.330000000000e-07 -51.14580000 3.63368000 -19.67107000 0.81354000 0.23946000 0.52992000 0 0 0 4627.49300000
735 0 1 0 7.340000000000e-07 43.63971000 -40.85792000 -24.57314000 -0.33484000 0.49099000 0.80425000 0 0 0 6232.16000000
736 0 1 0 7.350000000000e-07 -30.36249000 12.13911000 -42.90388000 0.76588000 0.03381000 0.64209000 0 0 0 4439.83000000
737 0 1 0 7.360000000000e-07 40.39202000 -20.75235000 -36.42663000 -0.41294000 0.43256000 0.80148000 0 0 0 6319.39300000
738 0 1 0 7.370000000000e-07 60.43101000 -22.83186000 1.58850000 -0.90949000 0.41550000 0.01338000 0 0 0 5947.06900000
739 0 1 0 7.380000000000e-07 44.48139000 3.40888000 -37.60312000 -0.60475000 0.13452000 0.78497000 0 0 0 6146.67600000
740 0 1 0 7.390000000000e-07 -32.73399000 -14.16130000 -39.09124000 0.77037000 0.32856000 0.54642000 0 0 0 4418.15500000
741 0 1 0 7.400000000000e-07 29.77190000 -30.41953000 -40.39401000 -0.65045000 0.33931000 0.67954000 0 0 0 6381.72200000
742 0 1 0 7.410000000000e-07 -18.33188000 -44.63109000 -31.35855000 0.63720000 0.43750000 0.63449000 0 0 0 4170.78100000
743 0 1 0 7.420000000000e-07 -37.87688000 -17.23763000 -30.46540000 0.80048000 0.29452000 0.52200000 0 0 0 4488.23500000
744 0 1 0 7.430000000000e-07 54.17602000 -28.71600000 -22.50826000 -0.44617000 0.55517000 0.70194000 0 0 0 7056.86000000
745 0 1 0 7.440000000000e-07 51.25121000 -40.31296000 -6.64678000 -0.89199000 0.45051000 0.03724000 0 0 0 5002.23500000
746 0 1 0 7.450000000000e-07 -33.97971000 -22.36041000 -31.31064000 0.72323000 0.35924000 0.58982000 0 0 0 4410.33400000
747 0 1 0 7.460000000000e-07 22.83610000 -26.72209000 -41.82238000 -0.30672000 0.49832000 0.81092000 0 0 0 6803.54700000
748 0 1 0 7.470000000000e-07 50.15214000 -16.42027000 -28.38751000 -0.66941000 0.16301000 0.72479000 0 0 0 6962.04700000
749 0 1 0 7.480000000000e-07 63.89692000 -15.09232000 8.36819000 -0.92129000 0.38306000 -0.06702000 0 0 0 5713.47000000
750 0 1 0 7.490000000000e-07 58.77836000 -25.32668000 -9.84909000 -0.90375000 0.42694000 0.03104000 0 0 0 5559.85900000
751 0 1 0 7.500000000000e-07 -32.67679000 -16.14661000 -38.34861000 0.76135000 0.36185000 0.53797000 0 0 0 4205.67600000
752 0 1 0 7.510000000000e-07 61.35185000 -22.83369000 -25.40973000 -0.97615000 0.21712000 0.00101000 0 0 0 5694.47400000
753 0 1 0 7.520000000000e-07 21.62471000 -11.51006000 -53.06665000 -0.61356000 0.17749000 0.76944000 0 0 0 6986.04100000
754 0 1 0 7.530000000000e-07 53.01573000 -35.36024000 -5.46570000 -0.87007000 0.48855000 0.06550000 0 0 0 5680.69800000
755 0 1 0 7.540000000000e-07 64.47283000 1.36448000 -17.83954000 -0.98765000 0.14693000 0.05449000 0 0 0 5123.09000000
756 0 1 0 7.550000000000e-07 48.78754000 -12.74728000 -31.13658000 -0.61207000 0.17924000 0.77022000 0 0 0 7458.46300000
757 0 1 0 7.560000000000e-07 59.66716000 -28.41266000 -16.06355000 -0.50827000 0.54711000 0.66508000 0 0 0 7159.22000000
758 0 1 0 7.570000000000e-07 60.60698000 -24.78596000 0.24985000 -0.97548000 0.21382000 0.05223000 0 0 0 5465.93000000
759 0 1 0 7.580000000000e-07 25.60982000 -21.04470000 -48.64677000 -0.64383000 0.33157000 0.68959000 0 0 0 6308.99600000
760 0 1 0 7.590000000000e-07 -23.40164000 -14.33137000 -46.40051000 0.72457000 0.15244000 0.67213000 0 0 0 4150.94500000
761 0 1 0 7.600000000000e-07 39.18919000 -10.78451000 -39.39688000 -0.59319000 0.25256000 0.76442000 0 0 0 6071.64500000
762 0 1 0 7.610000000000e-07 64.41853000 -11.89863000 -24.27080000 -0.93605000 0.35182000 0.00587000 0 0 0 5547.03300000
763 0 1 0 7.620000000000e-07 47.35964000 -37.89627000 -23.37368000 -0.41536000 0.43783000 0.79736000 0 0 0 6627.54200000
764 0 1 0 7.630000000000e-07 -40.99622000 -13.74457000 -27.00526000 0.76392000 0.24477000 0.59709000 0 0 0 4006.44600000
765 0 1 0 7.640000000000e-07 -51.06328000 -1.76463000 -15.99083000 0.82777000 0.18082000 0.53113000 0 0 0 4879.69000000
766 0 1 0 7.650000000000e-07 62.55415000 -11.91003000 -8.36794000 -0.97177000 0.22088000 0.08290000 0 0 0 5520.37900000
767 0 1 0 7.660000000000e-07 49.74147000 -40.63634000 -5.10349000 -0.83043000 0.55691000 0.01520000 0 0 0 5932.44000000
768 0 1 0 7.670000000000e-07 62.64044000 -18.87052000 8.17489000 -0.89434000 0.44669000 0.02505000 0 0 0 5860.09300000
769 0 1 0 7.680000000000e-07 66.09549000 -6.09912000 37.54729000 -0.99927000 0.00488000 0.03786000 0 0 0 5913.48000000
770 0 1 0 7.690000000000e-07 -35.24489000 -18.10867000 -33.50854000 0.77594000 0.33673000 0.53342000 0 0 0 4763.91000000
771 0 1 0 7.700000000000e-07 -37.88971000 2.93260000 -33.71878000 0.76960000 0.05831000 0.63585000 0 0 0 4706.56000000
772 0 1 0 7.710000000000e-07 55.81432000 -33.34182000 -14.45151000 -0.48223000 0.65706000 0.57941000 0 0 0 7640.35000000
773 0 1 0 7.720000000000e-07 56.79669000 -34.10609000 -13.33421000 -0.57399000 0.43195000 0.69567000 0 0 0 6844.80100000
774 0 1 0 7.730000000000e-07 49.05835000 -32.87736000 -26.81074000 -0.37525000 0.42467000 0.82392000 0 0 0 7700.85500000
775 0 1 0 7.740000000000e-07 67.19475000 -11.85182000 9.00566000 -0.87270000 0.48291000 0.07212000 0 0 0 5265.88800000
776 0 1 0 7.750000000000e-07 64.89214000 -5.41405000 2.09094000 -0.99938000 0.03465000 -0.00617000 0 0 0 5016.53300000
777 0 1 0 7.760000000000e-07 57.48771000 -18.03311000 -30.02776000 -0.90171000 0.41076000 0.13488000 0 0 0 5072.38800000
778 0 1 0 7.770000000000e-07 57.64375000 -31.97405000 -18.89045000 -0.43295000 0.52372000 0.73367000 0 0 0 6757.05300000
779 0 1 0 7.780000000000e-07 -49.53823000 -9.29013000 -19.73673000 0.73193000 0.34611000 0.58693000 0 0 0 4152.41900000
780 0 1 0 7.790000000000e-07 -35.84204000 -20.49179000 -31.08535000 0.75501000 0.38527000 0.53060000 0 0 0 4493.55200000
781 0 1 0 7.800000000000e-07 63.86155000 -15.09562000 -9.61299000 -0.99628000 0.08613000 0.00308000 0 0 0 5197.88000000
782 0 1 0 7.810000000000e-07 61.53996000 -18.13857000 -8.27516000 -0.97101000 0.23381000 0.04966000 0 0 0 5035.85500000
783 0 1 0 7.820000000000e-07 56.22579000 -41.01546000 -11.47866000 -0.95084000 0.30422000 -0.05789000 0 0 0 5210.49400000
784 0 1 0 7.830000000000e-07 30.11672000 3.20208000 -50.91948000 -0.67730000 0.12892000 0.72433000 0 0 0 6043.80700000
785 0 1 0 7.840000000000e-07 57.95799000 -25.65528000 -6.40891000 -0.89905000 0.42833000 0.09081000 0 0 0 5574.91000000
786 0 1 0 7.850000000000e-07 69.38059000 -0.50625000 19.33065000 -0.92790000 0.37276000 -0.00701000 0 0 0 5037.23600000
787 0 1 0 7.860000000000e-07 -41.89681000 -13.70418000 -26.22769000 0.80493000 0.14396000 0.57564000 0 0 0 4201.08400000
788 0 1 0 7.870000000000e-07 64.60053000 -7.80749000 -2.14512000 -0.96923000 0.24441000 0.02916000 0 0 0 5916.08600000
789 0 1 0 7.880000000000e-07 -47.72435000 -7.00759000 -21.29606000 0.74582000 0.18881000 0.63883000 0 0 0 4288.53300000
790 0 1 0 7.890000000000e-07 55.44507000 -36.44827000 -22.74381000 -0.95813000 0.28317000 0.04240000 0 0 0 5823.48500000
791 0 1 0 7.900000000000e-07 52.45586000 -39.04181000 14.68946000 -0.85774000 0.50679000 0.08627000 0 0 0 5737.22400000
792 0 1 0 7.910000000000e-07 -44.60519000 -19.86589000 -19.21238000 0.83438000 0.21764000 0.50640000 0 0 0 4024.11500000
793 0 1 0 7.920000000000e-07 40.40166000 -5.75944000 -41.19110000 -0.62598000 0.30114000 0.71935000 0 0 0 7573.92900000
794 0 1 0 7.930000000000e-07 20.75630000 -26.98289000 -43.18133000 -0.40792000 0.45800000 0.78983000 0 0 0 6170.44400000
795 0 1 0 7.940000000000e-07 49.57352000 -27.77036000 -22.58282000 -0.59206000 0.44973000 0.66873000 0 0 0 7476.49200000
796 0 1 0 7.950000000000e-07 39.47243000 2.24135000 -42.72656000 -0.67250000 0.17416000 0.71931000 0 0 0 7321.57200000
797 0 1 0 7.960000000000e-07 52.85066000 -38.01967000 -9.15099000 -0.92245000 0.37672000 0.08471000 0 0 0 5696.07200000
798 0 1 0 7.970000000000e-07 -46.61964000 -7.68339000 -22.00873000 0.82468000 0.27589000 0.49375000 0 0 0 4835.86100000
799 0 1 0 7.980000000000e-07 40.91688000 -34.34512000 -29.04840000 -0.43993000 0.39163000 0.80813000 0 0 0 6682.95800000
800 0 1 0 7.990000000000e-07 -42.00274000 -20.39586000 -23.88627000 0.65345000 0.41274000 0.63455000 0 0 0 4700.90500000
801 0 1 0 8.000000000000e-07 54.96209000 -26.48369000 -19.03023000 -0.56340000 0.58116000 0.58723000 0 0 0 7699.48600000
802 0 1 0 8.010000000000e-07 11.93549000 -19.51355000 -57.66824000 -0.41151000 0.60759000 0.67933000 0 0 0 6083.75500000
803 0 1 0 8.020000000000e-07 -38.12043000 27.69986000 -34.89410000 0.77310000 0.04047000 0.63299000 0 0 0 4954.88000000
804 0 1 0 8.030000000000e-07 41.18069000 -18.71653000 -37.08137000 -0.57313000 0.50075000 0.64866000 0 0 0 7957.76200000
805 0 1 0 8.040000000000e-07 57.45326000 -14.17885000 -34.60214000 -0.87203000 0.45559000 0.17887000 0 0 0 5960.12600000
806 0 1 0 8.050000000000e-07 63.71272000 -11.86754000 -20.58454000 -0.99908000 0.00759000 0.04230000 0 0 0 5201.72200000
807 0 1 0 8.060000000000e-07 38.12871000 -41.98950000 -20.43974000 -0.48305000 0.60210000 0.63573000 0 0 0 7848.66300000
808 0 1 0 8.070000000000e-07 47.78862000 -48.95457000 -3.71045000 -0.90708000 0.41589000 0.06511000 0 0 0 5826.44700000
809 0 1 0 8.080000000000e-07 57.14861000 -25.67971000 -23.96025000 -0.45927000 0.36352000 0.81051000 0 0 0 6083.58100000
810 0 1 0 8.090000000000e-07 63.09144000 -13.18985000 -3.95488000 -0.98926000 0.13343000 0.05962000 0 0 0 5456.77600000
811 0 1 0 8.100000000000e-07 34.76231000 -31.52284000 -33.92690000 -0.48051000 0.65393000 0.58437000 0 0 0 6872.09800000
812 0 1 0 8.110000000000e-07 -53.31923000 9.33480000 -22.81312000 0.79568000 0.31227000 0.51901000 0 0 0 4224.30100000
813 0 1 0 8.120000000000e-07 -5.33114000 -53.96220000 -26.41985000 0.53688000 0.70014000 0.47071000 0 0 0 4333.00700000
814 0 1 0 8.130000000000e-07 27.59688000 -26.12486000 -40.30985000 -0.29966000 0.43024000 0.85153000 0 0 0 6570.00500000
815 0 1 0 8.140000000000e-07 -31.55984000 -15.50592000 -42.01512000 0.80578000 0.31051000 0.50428000 0 0 0 4374.12000000
816 0 1 0 8.150000000000e-07 -30.79142000 -28.07194000 -32.99938000 0.75594000 0.31479000 0.57398000 0 0 0 4555.74600000
817 0 1 0 8.160000000000e-07 12.35097000 -20.94470000 -49.96652000 -0.39281000 0.41165000 0.82234000 0 0 0 6776.57000000
818 0 1 0 8.170000000000e-07 -46.46576000 -9.32910000 -21.86559000 0.75564000 0.20816000 0.62103000 0 0 0 4340.86300000
819 0 1 0 8.180000000000e-07 24.90876000 -5.75353000 -54.69768000 -0.62365000 0.30581000 0.71941000 0 0 0 6068.82500000
820 0 1 0 8.190000000000e-07 -34.24712000 -26.34670000 -27.95570000 0.64994000 0.43687000 0.62187000 0 0 0 4567.68500000
821 0 1 0 8.200000000000e-07 58.86238000 -34.86439000 -19.13212000 -0.41340000 0.43827000 0.79814000 0 0 0 7806.02800000
822 0 1 0 8.210000000000e-07 64.92339000 -13.61502000 -4.04527000 -0.97371000 0.20873000 -0.09121000 0 0 0 5692.43700000
823 0 1 0 8.220000000000e-07 55.14324000 -16.83831000 -28.46736000 -0.47691000 0.38596000 0.78967000 0 0 0 6050.86300000
824 0 1 0 8.230000000000e-07 46.67150000 -31.97920000 -25.05729000 -0.43301000 0.55837000 0.70762000 0 0 0 6128.10000000
825 0 1 0 8.240000000000e-07 15.32843000 -32.61230000 -41.03722000 -0.30666000 0.53874000 0.78468000 0 0 0 6842.22000000
826 0 1 0 8.250000000000e-07 54.09944000 -36.49778000 -1.05817000 -0.91689000 0.39535000 0.05486000 0 0 0 5023.31600000
827 0 1 0 8.260000000000e-07 -38.86630000 -23.75422000 -24.50977000 0.76375000 0.35398000 0.53980000 0 0 0 4875.69900000
828 0 1 0 8.270000000000e-07 31.24421000 -11.99665000 -45.40355000 -0.53201000 0.35820000 0.76724000 0 0 0 6310.40500000
829 0 1 0 8.280000000000e-07 58.47336000 -30.77877000 -20.55288000 -0.92389000 0.38076000 -0.03800000 0 0 0 5587.47700000
830 0 1 0 8.290000000000e-07 59.25481000 -24.30477000 -4.91772000 -0.90017000 0.43316000 0.04554000 0 0 0 5496.31600000
831 0 1 0 8.300000000000e-07 -44.56969000 -14.36944000 -23.77512000 0.68340000 0.30092000 0.66514000 0 0 0 4236.07400000
832 0 1 0 8.310000000000e-07 15.34717000 -43.09613000 -38.39389000 -0.51397000 0.63688000 0.57465000 0 0 0 7077.27100000
833 0 1 0 8.320000000000e-07 62.55873000 -20.89489000 -11.28318000 -0.99409000 0.10450000 0.02949000 0 0 0 5243.22500000
834 0 1 0 8.330000000000e-07 -43.59715000 -17.05336000 -23.06018000 0.73806000 0.20900000 0.64155000 0 0 0 4180.17200000
835 0 1 0 8.340000000000e-07 55.25466000 -28.66364000 -21.04466000 -0.93092000 0.34931000 0.10666000 0 0 0 5684.27000000
836 0 1 0 8.350000000000e-07 58.65934000 -23.85627000 -21.22004000 -0.49455000 0.53322000 0.68636000 0 0 0 7826.93800000
837 0 1 0 8.360000000000e-07 62.19914000 -20.42983000 -5.67077000 -0.84568000 0.53105000 0.05308000 0 0 0 5727.64900000
838 0 1 0 8.370000000000e-07 -49.64732000 -9.93973000 -18.84844000 0.73255000 0.30767000 0.60722000 0 0 0 4624.17100000
839 0 1 0 8.380000000000e-07 -37.97275000 -13.86146000 -31.08029000 0.76951000 0.27145000 0.57807000 0 0 0 4148.29000000
840 0 1 0 8.390000000000e-07 13.87819000 -44.00048000 -41.16746000 -0.56165000 0.59609000 0.57378000 0 0 0 7096.60300000
841 0 1 0 8.400000000000e-07 -45.57431000 -18.98369000 -20.45965000 0.83115000 0.09656000 0.54761000 0 0 0 4807.89300000
842 0 1 0 8.410000000000e-07 -40.37858000 3.50533000 -38.96432000 0.81913000 0.28655000 0.49690000 0 0 0 4154.11900000
843 0 1 0 8.420000000000e-07 63.85624000 8.32341000 -13.72850000 -0.99831000 0.00780000 0.05755000 0 0 0 5303.55600000
844 0 1 0 8.430000000000e-07 52.59955000 -28.16161000 -21.12338000 -0.53382000 0.65091000 0.53977000 0 0 0 6251.45700000
845 0 1 0 8.440000000000e-07 62.16103000 -15.49538000 -21.24232000 -0.98313000 0.17978000 0.03364000 0 0 0 5405.39400000
846 0 1 0 8.450000000000e-07 -39.71272000 -17.53342000 -27.86284000 0.80488000 0.32352000 0.49750000 0 0 0 4393.23700000
847 0 1 0 8.460000000000e-07 56.89110000 -29.28687000 0.34123000 -0.89844000 0.41163000 0.15284000 0 0 0 5849.16900000
848 0 1 0 8.470000000000e-07 54.18971000 -24.94528000 -31.10005000 -0.90554000 0.40210000 0.13532000 0 0 0 5923.04200000
849 0 1 0 8.480000000000e-07 -40.71084000 -5.04650000 -31.85288000 0.78321000 0.27300000 0.55862000 0 0 0 4172.99500000
850 0 1 0 8.490000000000e-07 60.40031000 -11.09995000 -26.80382000 -0.92673000 0.35144000 0.13289000 0 0 0 5804.26500000
851 0 1 0 8.500000000000e-07 53.73183000 -6.41804000 -31.90751000 -0.50891000 0.26571000 0.81878000 0 0 0 6906.41700000
852 0 1 0 8.510000000000e-07 51.74866000 -37.75784000 -0.17077000 -0.86008000 0.48836000 0.14753000 0 0 0 5821.38900000
853 0 1 0 8.520000000000e-07 12.74947000 -43.14936000 -35.74960000 -0.40287000 0.61839000 0.67475000 0 0 0 6210.46100000
854 0 1 0 8.530000000000e-07 61.77308000 -17.70029000 -16.38227000 -0.96915000 0.24520000 0.02515000 0 0 0 5398.37700000
855 0 1 0 8.540000000000e-07 54.51849000 -36.40706000 7.04285000 -0.90856000 0.40727000 0.09302000 0 0 0 5926.61700000
856 0 1 0 8.550000000000e-07 55.44120000 -21.12654000 -28.62173000 -0.87754000 0.45001000 0.16556000 0 0 0 5751.51200000
857 0 1 0 8.560000000000e-07 -36.81360000 -18.26002000 -32.33309000 0.73530000 0.07823000 0.67321000 0 0 0 4432.25200000
858 0 1 0 8.570000000000e-07 -47.09574000 -16.05215000 -20.23613000 0.81851000 0.03729000 0.57329000 0 0 0 4819.26100000
859 0 1 0 8.580000000000e-07 53.92540000 -35.80496000 -13.56430000 -0.93920000 0.32765000 0.10273000 0 0 0 5183.46700000
860 0 1 0 8.590000000000e-07 -48.72273000 -8.49692000 -18.79807000 0.81876000 0.00649000 0.57410000 0 0 0 4747.76600000
861 0 1 0 8.600000000000e-07 -38.85275000 -17.98910000 -29.97262000 0.82947000 0.14435000 0.53957000 0 0 0 4728.10800000
862 0 1 0 8.610000000000e-07 54.51706000 -32.44126000 -23.69611000 -0.36235000 0.51047000 0.77982000 0 0 0 7230.24000000
863 0 1 0 8.620000000000e-07 65.46187000 -1.08359000 -5.12316000 -0.99584000 0.08845000 -0.02170000 0 0 0 5883.07500000
864 0 1 0 8.630000000000e-07 -45.17152000 -0.32011000 -24.35751000 0.79161000 0.06615000 0.60744000 0 0 0 4879.64100000
865 0 1 0 8.640000000000e-07 65.61956000 1.75753000 43.53341000 -0.99650000 0.08322000 0.00757000 0 0 0 5515.27600000
866 0 1 0 8.650000000000e-07 62.44930000 -16.36907000 -13.01933000 -0.97610000 0.21663000 0.01715000 0 0 0 5382.49300000
867 0 1 0 8.660000000000e-07 48.07553000 -27.88500000 -26.74059000 -0.56349000 0.28956000 0.77371000 0 0 0 7573.94600000
868 0 1 0 8.670000000000e-07 -39.81510000 -21.16091000 -25.13184000 0.75123000 0.28149000 0.59700000 0 0 0 4498.31400000
869 0 1 0 8.680000000000e-07 33.66207000 -3.18758000 -51.10412000 -0.49839000 0.45763000 0.73633000 0 0 0 6302.67200000
870 0 1 0 8.690000000000e-07 65.92008000 -3.91925000 35.30409000 -0.97277000 0.23167000 0.00644000 0 0 0 5448.14000000
871 0 1 0 8.700000000000e-07 50.78031000 -37.63065000 -19.25458000 -0.87714000 0.47518000 0.06947000 0 0 0 5997.57100000
872 0 1 0 8.710000000000e-07 46.91070000 -27.08412000 -28.61860000 -0.51173000 0.31115000 0.80082000 0 0 0 7406.72600000
873 0 1 0 8.720000000000e-07 21.68699000 -14.83718000 -52.78163000 -0.60313000 0.31603000 0.73236000 0 0 0 6160.78800000
874 0 1 0 8.730000000000e-07 18.08285000 -27.81109000 -46.98192000 -0.51383000 0.46667000 0.71986000 0 0 0 6930.80100000
875 0 1 0 8.740000000000e-07 43.85981000 -26.82569000 -28.82745000 -0.54272000 0.51641000 0.66240000 0 0 0 6404.80800000
876 0 1 0 8.750000000000e-07 60.86277000 -23.14002000 14.01225000 -0.88214000 0.46998000 0.03076000 0 0 0 5427.46400000
877 0 1 0 8.760000000000e-07 22.40906000 -26.81099000 -45.41494000 -0.45750000 0.58926000 0.66593000 0 0 0 6986.59900000
878 0 1 0 8.770000000000e-07 64.81447000 -2.26982000 -12.70292000 -0.97714000 0.20665000 0.04994000 0 0 0 5743.06400000
879 0 1 0 8.780000000000e-07 -37.02140000 -13.12586000 -32.48277000 0.75468000 0.11202000 0.64646000 0 0 0 4444.52900000
880 0 1 0 8.790000000000e-07 58.13375000 -30.69405000 -25.45842000 -0.86812000 0.49488000 -0.03820000 0 0 0 5971.66800000
881 0 1 0 8.800000000000e-07 50.15326000 -37.10690000 -32.42650000 -0.91250000 0.39717000 0.09800000 0 0 0 5855.90600000
882 0 1 0 8.810000000000e-07 30.90328000 -22.84524000 -42.09247000 -0.61035000 0.26413000 0.74680000 0 0 0 6431.01600000
883 0 1 0 8.820000000000e-07 -45.99315000 -9.95720000 -21.37681000 0.81722000 0.23445000 0.52648000 0 0 0 4242.08300000
884 0 1 0 8.830000000000e-07 -42.63852000 6.53527000 -31.30779000 0.80952000 0.17548000 0.56025000 0 0 0 4243.13500000
885 0 1 0 8.840000000000e-07 34.81629000 -26.79798000 -36.13179000 -0.42686000 0.52994000 0.73277000 0 0 0 6148.74700000
886 0 1 0 8.850000000000e-07 50.75789000 -28.13201000 -21.57330000 -0.56580000 0.49979000 0.65580000 0 0 0 6174.51000000
887 0 1 0 8.860000000000e-07 -28.98031000 -51.27604000 -9.19985000 0.70486000 0.53961000 0.46044000 0 0 0 4484.84500000
888 0 1 0 8.870000000000e-07 26.28352000 -18.19164000 -46.31079000 -0.56059000 0.31942000 0.76401000 0 0 0 7932.62600000
889 0 1 0 8.880000000000e-07 55.62127000 -35.70126000 15.37079000 -0.87733000 0.46064000 0.13453000 0 0 0 5085.41900000
890 0 1 0 8.890000000000e-07 56.52430000 -28.79248000 -17.63276000 -0.84081000 0.53964000 0.04282000 0 0 0 5312.85400000
891 0 1 0 8.900000000000e-07 -46.57001000 -6.87002000 -21.01257000 0.84093000 0.15109000 0.51962000 0 0 0 4005.78000000
892 0 1 0 8.910000000000e-07 40.17452000 -32.18130000 -27.66197000 -0.60009000 0.47679000 0.64231000 0 0 0 7110.89200000
893 0 1 0 8.920000000000e-07 -41.14915000 7.07893000 -34.16085000 0.82546000 0.17583000 0.53637000 0 0 0 4611.61500000
894 0 1 0 8.930000000000e-07 54.22464000 -34.91777000 16.56400000 -0.86310000 0.50481000 0.01490000 0 0 0 5950.73400000
895 0 1 0 8.940000000000e-07 -30.76950000 -43.53078000 -22.32193000 0.78712000 0.38457000 0.48224000 0 0 0 4661.88000000
896 0 1 0 8.950000000000e-07 23.67406000 -23.02601000 -46.52693000 -0.55491000 0.22299000 0.80147000 0 0 0 6688.20900000
897 0 1 0 8.960000000000e-07 59.16256000 -29.76603000 -18.09050000 -0.47578000 0.47804000 0.73832000 0 0 0 6896.20300000
898 0 1 0 8.970000000000e-07 -44.82084000 -13.87158000 -23.14513000 0.73171000 0.16462000 0.66144000 0 0 0 4356.98900000
899 0 1 0 8.980000000000e-07 -25.23779000 -2.97208000 -47.30584000 0.72768000 0.16325000 0.66621000 0 0 0 4835.30600000
900 0 1 0 8.990000000000e-07 64.64451000 -24.58340000 -13.12563000 -0.63485000 0.23915000 0.73469000 0 0 0 6052.13900000
901 0 1 0 9.000000000000e-07 60.06663000 -24.85934000 -14.73783000 -0.94302000 0.33262000 -0.00834000 0 0 0 5511.23100000
902 0 1 0 9.010000000000e-07 55.49084000 -3.29155000 -28.00200000 -0.64524000 0.26156000 0.71781000 0 0 0 7831.70100000
903 0 1 0 9.020000000000e-07 24.00422000 -44.17818000 -28.88259000 -0.48498000 0.62489000 0.61181000 0 0 0 7258.19100000
904 0 1 0 9.030000000000e-07 47.24468000 -50.64627000 -4.42076000 -0.90366000 0.42812000 0.01062000 0 0 0 5281.20200000
905 0 1 0 9.040000000000e-07 -34.80893000 -12.19208000 -35.70326000 0.76442000 0.07934000 0.63982000 0 0 0 4461.85100000
906 0 1 0 9.050000000000e-07 -34.20178000 -9.60645000 -50.02082000 0.71824000 0.52756000 0.45367000 0 0 0 4320.69500000
907 0 1 0 9.060000000000e-07 -41.35728000 -10.48162000 -28.45419000 0.84176000 0.12364000 0.52551000 0 0 0 4154.41400000
908 0 1 0 9.070000000000e-07 63.87147000 -12.70397000 35.25536000 -0.98689000 0.16127000 0.00566000 0 0 0 5530.53000000
909 0 1 0 9.080000000000e-07 60.63593000 -20.60578000 -19.81141000 -0.96533000 0.25891000 0.03325000 0 0 0 5064.89600000
910 0 1 0 9.090000000000e-07 62.69949000 -13.10292000 -26.88303000 -0.92605000 0.37455000 0.04625000 0 0 0 5417.44400000
911 0 1 0 9.100000000000e-07 -32.94586000 1.00628000 -39.47536000 0.77595000 0.01418000 0.63063000 0 0 0 4585.18400000
912 0 1 0 9.110000000000e-07 -35.99567000 16.79236000 -35.45251000 0.74155000 0.01297000 0.67077000 0 0 0 4937.64400000
913 0 1 0 9.120000000000e-07 66.71861000 -12.80940000 35.26952000 -0.81377000 0.57380000 -0.09231000 0 0 0 5616.04800000
914 0 1 0 9.130000000000e-07 29.19538000 -25.82082000 -41.59237000 -0.59334000 0.32349000 0.73709000 0 0 0 7173.38500000
915 0 1 0 9.140000000000e-07 21.26144000 -28.04886000 -46.85214000 -0.47746000 0.61737000 0.62521000 0 0 0 6361.94100000
916 0 1 0 9.150000000000e-07 50.71264000 -41.60772000 -4.85981000 -0.83391000 0.54791000 -0.06621000 0 0 0 5754.27200000
917 0 1 0 9.160000000000e-07 -37.16996000 -17.72036000 -31.48376000 0.81351000 0.22196000 0.53753000 0 0 0 4464.49000000
918 0 1 0 9.170000000000e-07 61.36361000 -21.85379000 -8.67777000 -0.97715000 0.21191000 0.01659000 0 0 0 5368.37400000
919 0 1 0 9.180000000000e-07 63.07540000 -16.80419000 4.40802000 -0.93091000 0.36340000 -0.03686000 0 0 0 5489.38100000
920 0 1 0 9.190000000000e-07 32.91196000 -25.71120000 -37.65113000 -0.40402000 0.45065000 0.79604000 0 0 0 6974.99900000
921 0 1 0 9.200000000000e-07 36.76987000 -37.19837000 -26.25154000 -0.58411000 0.53896000 0.60691000 0 0 0 7072.78500000
922 0 1 0 9.210000000000e-07 59.28974000 -20.35331000 -33.09333000 -0.93756000 0.34426000 0.04973000 0 0 0 5434.64300000
923 0 1 0 9.220000000000e-07 59.15177000 -27.55753000 12.02944000 -0.90062000 0.41985000 0.11230000 0 0 0 5408.28100000
924 0 1 0 9.230000000000e-07 63.38686000 -4.71755000 40.76041000 -0.95953000 0.26838000 -0.08533000 0 0 0 5532.45900000
925 0 1 0 9.240000000000e-07 54.69718000 -30.33370000 -17.69158000 -0.87834000 0.47193000 0.07619000 0 0 0 5702.87800000
926 0 1 0 9.250000000000e-07 -30.14970000 -53.68416000 3.92399000 0.66375000 0.64768000 0.37408000 0 0 0 4941.56300000
927 0 1 0 9.260000000000e-07 60.59351000 -7.29377000 -25.13892000 -0.55933000 0.21168000 0.80147000 0 0 0 6969.08400000
928 0 1 0 9.270000000000e-07 60.58081000 -20.63206000 -6.13418000 -0.90546000 0.41894000 0.06808000 0 0 0 5839.18500000
929 0 1 0 9.280000000000e-07 -34.31466000 -17.81993000 -34.57211000 0.78030000 0.18392000 0.59776000 0 0 0 4697.26400000
930 0 1 0 9.290000000000e-07 21.64395000 -31.99974000 -39.27101000 -0.35081000 0.55709000 0.75272000 0 0 0 6031.00500000
931 0 1 0 9.300000000000e-07 60.20856000 -23.50146000 8.11539000 -0.92449000 0.38119000 0.00161000 0 0 0 5834.73000000
932 0 1 0 9.310000000000e-07 41.96601000 -19.42495000 -34.46519000 -0.53611000 0.35803000 0.76446000 0 0 0 6528.73700000
933 0 1 0 9.320000000000e-07 39.46998000 -54.70532000 -21.39092000 -0.83766000 0.54440000 0.04423000 0 0 0 5795.13700000
934 0 1 0 9.330000000000e-07 59.51424000 -16.76853000 -27.48746000 -0.95663000 0.27786000 0.08744000 0 0 0 5311.48700000
935 0 1 0 9.340000000000e-07 67.99123000 -10.12572000 34.63573000 -0.92130000 0.38173000 0.07408000 0 0 0 5360.02200000
936 0 1 0 9.350000000000e-07 48.84424000 -32.05276000 -20.92277000 -0.51317000 0.57564000 0.63663000 0 0 0 6988.30400000
937 0 1 0 9.360000000000e-07 63.91466000 -25.02621000 -15.63361000 -0.50872000 0.53948000 0.67094000 0 0 0 6030.49900000
938 0 1 0 9.370000000000e-07 62.47761000 -25.29654000 -19.94811000 -0.99612000 0.08571000 0.01994000 0 0 0 5019.30700000
939 0 1 0 9.380000000000e-07 31.63960000 -35.36016000 -32.34799000 -0.55707000 0.51964000 0.64780000 0 0 0 6476.67200000
940 0 1 0 9.390000000000e-07 45.77046000 -21.33335000 -30.31963000 -0.62283000 0.26641000 0.73560000 0 0 0 7330.83900000
941 0 1 0 9.400000000000e-07 49.32552000 -40.93821000 -6.15101000 -0.83500000 0.54926000 0.03319000 0 0 0 5221.63200000
942 0 1 0 9.410000000000e-07 28.43684000 -29.54118000 -37.87937000 -0.42215000 0.42798000 0.79914000 0 0 0 7975.47900000
943 0 1 0 9.420000000000e-07 53.91061000 -33.95128000 -25.34144000 -0.85286000 0.52187000 0.01653000 0 0 0 5267.64500000
944 0 1 0 9.430000000000e-07 27.71365000 -30.36258000 -38.04774000 -0.45031000 0.55293000 0.70106000 0 0 0 6517.46000000
945 0 1 0 9.440000000000e-07 55.04177000 -28.41199000 -18.54003000 -0.58047000 0.40425000 0.70685000 0 0 0 7301.22400000
946 0 1 0 9.450000000000e-07 53.73502000 -39.50592000 -22.20305000 -0.94736000 0.31749000 0.04126000 0 0 0 5907.49200000
947 0 1 0 9.460000000000e-07 -50.73437000 -9.37173000 -15.21235000 0.79427000 0.26012000 0.54907000 0 0 0 4315.51000000
948 0 1 0 9.470000000000e-07 64.19055000 -9.97476000 1.53220000 -0.98592000 0.16719000 -0.00332000 0 0 0 5108.73300000
949 0 1 0 9.480000000000e-07 59.08488000 -7.23134000 -28.80911000 -0.49679000 0.27120000 0.82441000 0 0 0 7177.56500000
950 0 1 0 9.490000000000e-07 34.42316000 -20.43897000 -39.50149000 -0.57132000 0.33201000 0.75058000 0 0 0 6474.81000000
951 0 1 0 9.500000000000e-07 -47.59139000 6.80624000 -23.50479000 0.74969000 0.10092000 0.65405000 0 0 0 4397.01200000
952 0 1 0 9.510000000000e-07 38.00547000 -35.13070000 -27.41745000 -0.47541000 0.54688000 0.68913000 0 0 0 6897.10700000
953 0 1 0 9.520000000000e-07 -45.05595000 -19.29078000 -18.16384000 0.82955000 0.26756000 0.49017000 0 0 0 4031.59800000
954 0 1 0 9.530000000000e-07 63.18532000 -18.44006000 35.91035000 -0.95978000 0.27838000 0.03636000 0 0 0 5039.29200000
955 0 1 0 9.540000000000e-07 -35.37242000 -6.10519000 -37.56433000 0.73875000 0.28529000 0.61062000 0 0 0 4711.71400000
956 0 1 0 9.550000000000e-07 36.56469000 -25.67613000 -35.70703000 -0.55166000 0.51150000 0.65881000 0 0 0 7482.14100000
957 0 1 0 9.560000000000e-07 41.47928000 -30.29301000 -28.21841000 -0.53972000 0.57317000 0.61658000 0 0 0 7913.41100000
958 0 1 0 9.570000000000e-07 -42.11954000 5.71685000 -32.83504000 0.74621000 0.22911000 0.62505000 0 0 0 4118.84200000
959 0 1 0 9.580000000000e-07 -47.50066000 13.34693000 -21.38972000 0.79721000 0.01461000 0.60353000 0 0 0 4424.62500000
960 0 1 0 9.590000000000e-07 70.38181000 -7.45517000 19.92299000 -0.86934000 0.49202000 0.04645000 0 0 0 5235.68500000
961 0 1 0 9.600000000000e-07 37.01984000 -36.78231000 -26.01375000 -0.52511000 0.59341000 0.61002000 0 0 0 6332.72200000
962 0 1 0 9.610000000000e-07 62.47836000 -14.80800000 -23.54252000 -0.99699000 0.04763000 0.06113000 0 0 0 5819.56900000
963 0 1 0 9.620000000000e-07 42.21934000 -21.44627000 -38.05420000 -0.28993000 0.48734000 0.82368000 0 0 0 6702.11700000
964 0 1 0 9.630000000000e-07 40.67976000 -38.05252000 -22.11844000 -0.55198000 0.53870000 0.63649000 0 0 0 7853.06000000
965 0 1 0 9.640000000000e-07 61.19615000 -28.99364000 -13.63097000 -0.52601000 0.53192000 0.66361000 0 0 0 7547.37800000
966 0 1 0 9.650000000000e-07 -44.43590000 -14.50290000 -38.94494000 0.62580000 0.66694000 0.40443000 0 0 0 4317.15000000
967 0 1 0 9.660000000000e-07 64.46709000 -17.11083000 38.25966000 -0.98999000 0.13520000 0.04051000 0 0 0 5150.99900000
968 0 1 0 9.670000000000e-07 57.71956000 -27.17526000 -5.23067000 -0.83966000 0.53724000 0.07969000 0 0 0 5215.58200000
969 0 1 0 9.680000000000e-07 62.00310000 -34.11347000 -11.76743000 -0.50183000 0.48377000 0.71703000 0 0 0 6577.71400000
970 0 1 0 9.690000000000e-07 -35.96090000 -8.62071000 -36.17270000 0.78441000 0.24331000 0.57053000 0 0 0 4188.14700000
971 0 1 0 9.700000000000e-07 48.52783000 -43.76994000 7.99690000 -0.85040000 0.52403000 0.04702000 0 0 0 5037.23500000
972 0 1 0 9.710000000000e-07 -34.32733000 6.24709000 -37.13690000 0.73899000 0.02092000 0.67339000 0 0 0 4643.84100000
973 0 1 0 9.720000000000e-07 -37.08669000 2.29965000 -34.77894000 0.79578000 0.00153000 0.60558000 0 0 0 4367.72600000
974 0 1 0 9.730000000000e-07 63.76081000 12.26221000 -17.89843000 -0.99825000 0.01558000 0.05699000 0 0 0 5535.34200000
975 0 1 0 9.740000000000e-07 57.02391000 -24.55704000 -27.47160000 -0.86657000 0.49307000 0.07702000 0 0 0 5284.30600000
976 0 1 0 9.750000000000e-07 34.01198000 -29.22805000 -35.89262000 -0.38931000 0.61975000 0.68143000 0 0 0 6428.73400000
977 0 1 0 9.760000000000e-07 43.31321000 -29.76691000 -27.49112000 -0.61796000 0.36963000 0.69390000 0 0 0 6910.00100000
978 0 1 0 9.770000000000e-07 42.60138000 -35.42106000 -22.53951000 -0.51431000 0.62589000 0.58631000 0 0 0 6543.91700000
979 0 1 0 9.780000000000e-07 64.98682000 -12.23606000 0.13361000 -0.91439000 0.40420000 0.02292000 0 0 0 5373.07700000
980 0 1 0 9.790000000000e-07 -29.38867000 -8.57053000 -43.35507000 0.78053000 0.09023000 0.61857000 0 0 0 4137.67100000
981 0 1 0 9.800000000000e-07 62.49008000 -16.03987000 -0.23171000 -0.96476000 0.26018000 0.03927000 0 0 0 5768.82000000
982 0 1 0 9.810000000000e-07 45.52517000 -28.57381000 -27.43329000 -0.58225000 0.32239000 0.74636000 0 0 0 7497.22900000
983 0 1 0 9.820000000000e-07 54.33008000 -36.07587000 -8.30796000 -0.83281000 0.55081000 -0.05509000 0 0 0 5413.82700000
984 0 1 0 9.830000000000e-07 25.46579000 -31.55969000 -38.99286000 -0.47432000 0.55762000 0.68123000 0 0 0 6345.94000000
985 0 1 0 9.840000000000e-07 50.33175000 -36.77066000 -22.00257000 -0.84352000 0.53246000 0.07041000 0 0 0 5986.20300000
986 0 1 0 9.850000000000e-07 -29.39010000 3.59362000 -45.25857000 0.75215000 0.15868000 0.63960000 0 0 0 4476.86700000
987 0 1 0 9.860000000000e-07 30.37140000 -8.78679000 -46.95250000 -0.50763000 0.35031000 0.78714000 0 0 0 7481.92700000
988 0 1 0 9.870000000000e-07 29.27245000 -28.90035000 -38.57184000 -0.46037000 0.57207000 0.67882000 0 0 0 7362.24900000
989 0 1 0 9.880000000000e-07 -26.82861000 -14.96631000 -45.47333000 0.78380000 0.13990000 0.60505000 0 0 0 4693.03600000
990 0 1 0 9.890000000000e-07 54.76059000 -35.83388000 16.61274000 -0.86491000 0.49317000 0.09335000 0 0 0 5768.53100000
991 0 1 0 9.900000000000e-07 -51.14580000 3.63368000 -19.67107000 0.81354000 0.23946000 0.52992000 0 0 0 4627.49300000
992 0 1 0 9.910000000000e-07 43.63971000 -40.85792000 -24.57314000 -0.33484000 0.49099000 0.80425000 0 0 0 6232.16000000
993 0 1 0 9.920000000000e-07 -30.36249000 12.13911000 -42.90388000 0.76588000 0.03381000 0.64209000 0 0 0 4439.83000000
994 0 1 0 9.930000000000e-07 40.39202000 -20.75235000 -36.42663000 -0.41294000 0.43256000 0.80148000 0 0 0 6319.39300000
995 0 1 0 9.940000000000e-07 60.43101000 -22.83186000 1.58850000 -0.90949000 0.41550000 0.01338000 0 0 0 5947.06900000
996 0 1 0 9.950000000000e-07 44.48139000 3.40888000 -37.60312000 -0.60475000 0.13452000 0.78497000 0 0 0 6146.67600000
997 0 1 0 9.960000000000e-07 -32.73399000 -14.16130000 -39.09124000 0.77037000 0.32856000 0.54642000 0 0 0 4418.15500000
998 0 1 0 9.970000000000e-07 29.77190000 -30.41953000 -40.39401000 -0.65045000 0.33931000 0.67954000 0 0 0 6381.72200000
999 0 1 0 9.980000000000e-07 -18.33188000 -44.63109000 -31.35855000 0.63720000 0.43750000 0.63449000 0 0 0 4170.78100000
1000 0 1 0 9.990000000000e-07 -37.87688000 -17.23763000 -30.46540000 0.80048000 0.29452000 0.52200000 0 0 0 4488.23500000
1001 0 1 0 1.000000000000e-06 54.17602000 -28.71600000 -22.50826000 -0.44617000 0.55517000 0.70194000 0 0 0 7056.86000000
1002 0 1 0 1.001000000000e-06 51.25121000 -40.31296000 -6.64678000 -0.89199000 0.45051000 0.03724000 0 0 0 5002.23500000
1003 0 1 0 1.002000000000e-06 -33.97971000 -22.36041000 -31.31064000 0.72323000 0.35924000 0.58982000 0 0 0 4410.33400000
1004 0 1 0 1.003000000000e-06 22.83610000 -26.72209000 -41.82238000 -0.30672000 0.49832000 0.81092000 0 0 0 6803.54700000
1005 0 1 0 1.004000000000e-06 50.15214000 -16.42027000 -28.38751000 -0.66941000 0.16301000 0.72479000 0 0 0 6962.04700000
1006 0 1 0 1.005000000000e-06 63.89692000 -15.09232000 8.36819000 -0.92129000 0.38306000 -0.06702000 0 0 0 5713.47000000
1007 0 1 0 1.006000000000e-06 58.77836000 -25.32668000 -9.84909000 -0.90375000 0.42694000 0.03104000 0 0 0 5559.85900000
1008 0 1 0 1.007000000000e-06 -32.67679000 -16.14661000 -38.34861000 0.76135000 0.36185000 0.53797000 0 0 0 4205.67600000
1009 0 1 0 1.008000000000e-06 61.35185000 -22.83369000 -25.40973000 -0.97615000 0.21712000 0.00101000 0 0 0 5694.47400000
1010 0 1 0 1.009000000000e-06 21.62471000 -11.51006000 -53.06665000 -0.61356000 0.17749000 0.76944000 0 0 0 6986.04100000
1011 0 1 0 1.010000000000e-06 53.01573000 -35.36024000 -5.46570000 -0.87007000 0.48855000 0.06550000 0 0 0 5680.69800000
1012 0 1 0 1.011000000000e-06 64.47283000 1.36448000 -17.83954000 -0.98765000 0.14693000 0.05449000 0 0 0 5123.09000000
1013 0 1 0 1.012000000000e-06 48.78754000 -12.74728000 -31.13658000 -0.61207000 0.17924000 0.77022000 0 0 0 7458.46300000
1014 0 1 0 1.013000000000e-06 59.66716000 -28.41266000 -16.06355000 -0.50827000 0.54711000 0.66508000 0 0 0 7159.22000000
1015 0 1 0 1.014000000000e-06 60.60698000 -24.78596000 0.24985000 -0.97548000 0.21382000 0.05223000 0 0 0 5465.93000000
1016 0 1 0 1.015000000000e-06 25.60982000 -21.04470000 -48.64677000 -0.64383000 0.33157000 0.68959000 0 0 0 6308.99600000
1017 0 1 0 1.016000000000e-06 -23.40164000 -14.33137000 -46.40051000 0.72457000 0.15244000 0.67213000 0 0 0 4150.94500000
1018 0 1 0 1.017000000000e-06 39.18919000 -10.78451000 -39.39688000 -0.59319000 0.25256000 0.76442000 0 0 0 6071.64500000
1019 0 1 0 1.018000000000e-06 64.41853000 -11.89863000 -24.27080000 -0.93605000 0.35182000 0.00587000 0 0 0 5547.03300000
1020 0 1 0 1.019000000000e-06 47.35964000 -37.89627000 -23.37368000 -0.41536000 0.43783000 0.79736000 0 0 0 6627.54200000
1021 0 1 0 1.020000000000e-06 -40.99622000 -13.74457000 -27.00526000 0.76392000 0.24477000 0.59709000 0 0 0 4006.44600000
1022 0 1 0 1.021000000000e-06 -51.06328000 -1.76463000 -15.99083000 0.82777000 0.18082000 0.53113000 0 0 0 4879.69000000
1023 0 1 0 1.022000000000e-06 62.55415000 -11.91003000 -8.36794000 -0.97177000 0.22088000 0.08290000 0 0 0 5520.37900000
1024 0 1 0 1.023000000000e-06 49.74147000 -40.63634000 -5.10349000 -0.83043000 0.55691000 0.01520000 0 0 0 5932.44000000
1025 0 1 0 1.024000000000e-06 62.64044000 -18.87052000 8.17489000 -0.89434000 0.44669000 0.02505000 0 0 0 5860.09300000
1026 0 1 0 1.025000000000e-06 66.09549000 -6.09912000 37.54729000 -0.99927000 0.00488000 0.03786000 0 0 0 5913.48000000
1027 0 1 0 1.026000000000e-06 -35.24489000 -18.10867000 -33.50854000 0.77594000 0.33673000 0.53342000 0 0 0 4763.91000000
1028 0 1 0 1.027000000000e-06 -37.88971000 2.93260000 -33.71878000 0.76960000 0.05831000 0.63585000 0 0 0 4706.56000000
1029 0 1 0 1.028000000000e-06 55.81432000 -33.34182000 -14.45151000 -0.48223000 0.65706000 0.57941000 0 0 0 7640.35000000
1030 0 1 0 1.029000000000e-06 56.79669000 -34.10609000 -13.33421000 -0.57399000 0.43195000 0.69567000 0 0 0 6844.80100000
1031 0 1 0 1.030000000000e-06 49.05835000 -32.87736000 -26.81074000 -0.37525000 0.42467000 0.82392000 0 0 0 7700.85500000
1032 0 1 0 1.031000000000e-06 67.19475000 -11.85182000 9.00566000 -0.87270000 0.48291000 0.07212000 0 0 0 5265.88800000
1033 0 1 0 1.032000000000e-06 64.89214000 -5.41405000 2.09094000 -0.99938000 0.03465000 -0.00617000 0 0 0 5016.53300000
1034 0 1 0 1.033000000000e-06 57.48771000 -18.03311000 -30.02776000 -0.90171000 0.41076000 0.13488000 0 0 0 5072.38800000
1035 0 1 0 1.034000000000e-06 57.64375000 -31.97405000 -18.89045000 -0.43295000 0.52372000 0.73367000 0 0 0 6757.05300000
1036 0 1 0 1.035000000000e-06 -49.53823000 -9.29013000 -19.73673000 0.73193000 0.34611000 0.58693000 0 0 0 4152.41900000
1037 0 1 0 1.036000000000e-06 -35.84204000 -20.49179000 -31.08535000 0.75501000 0.38527000 0.53060000 0 0 0 4493.55200000
1038 0 1 0 1.037000000000e-06 63.86155000 -15.09562000 -9.61299000 -0.99628000 0.08613000 0.00308000 0 0 0 5197.88000000
1039 0 1 0 1.038000000000e-06 61.53996000 -18.13857000 -8.27516000 -0.97101000 0.23381000 0.04966000 0 0 0 5035.85500000
1040 0 1 0 1.039000000000e-06 56.22579000 -41.01546000 -11.47866000 -0.95084000 0.30422000 -0.05789000 0 0 0 5210.49400000
1041 0 1 0 1.040000000000e-06 30.11672000 3.20208000 -50.91948000 -0.67730000 0.12892000 0.72433000 0 0 0 6043.80700000
1042 0 1 0 1.041000000000e-06 57.95799000 -25.65528000 -6.40891000 -0.89905000 0.42833000 0.09081000 0 0 0 5574.91000000
1043 0 1 0 1.042000000000e-06 69.38059000 -0.50625000 19.33065000 -0.92790000 0.37276000 -0.00701000 0 0 0 5037.23600000
1044 0 1 0 1.043000000000e-06 -41.89681000 -13.70418000 -26.22769000 0.80493000 0.14396000 0.57564000 0 0 0 4201.08400000
1045 0 1 0 1.044000000000e-06 64.60053000 -7.80749000 -2.14512000 -0.96923000 0.24441000 0.02916000 0 0 0 5916.08600000
1046 0 1 0 1.045000000000e-06 -47.72435000 -7.00759000 -21.29606000 0.74582000 0.18881000 0.63883000 0 0 0 4288.53300000
1047 0 1 0 1.046000000000e-06 55.44507000 -36.44827000 -22.74381000 -0.95813000 0.28317000 0.04240000 0 0 0 5823.48500000
1048 0 1 0 1.047000000000e-06 52.45586000 -39.04181000 14.68946000 -0.85774000 0.50679000 0.08627000 0 0 0 5737.22400000
1049 0 1 0 1.048000000000e-06 -44.60519000 -19.86589000 -19.21238000 0.83438000 0.21764000 0.50640000 0 0 0 4024.11500000
1050 0 1 0 1.049000000000e-06 40.40166000 -5.75944000 -41.19110000 -0.62598000 0.30114000 0.71935000 0 0 0 7573.92900000
1051 0 1 0 1.050000000000e-06 20.75630000 -26.98289000 -43.18133000 -0.40792000 0.45800000 0.78983000 0 0 0 6170.44400000
1052 0 1 0 1.051000000000e-06 49.57352000 -27.77036000 -22.58282000 -0.59206000 0.44973000 0.66873000 0 0 0 7476.49200000
1053 0 1 0 1.052000000000e-06 39.47243000 2.24135000 -42.72656000 -0.67250000 0.17416000 0.71931000 0 0 0 7321.57200000
1054 0 1 0 1.053000000000e-06 52.85066000 -38.01967000 -9.15099000 -0.92245000 0.37672000 0.08471000 0 0 0 5696.07200000
1055 0 1 0 1.054000000000e-06 -46.61964000 -7.68339000 -22.00873000 0.82468000 0.27589000 0.49375000 0 0 0 4835.86100000
1056 0 1 0 1.055000000000e-06 40.91688000 -34.34512000 -29.04840000 -0.43993000 0.39163000 0.80813000 0 0 0 6682.95800000
1057 0 1 0 1.056000000000e-06 -42.00274000 -20.39586000 -23.88627000 0.65345000 0.41274000 0.63455000 0 0 0 4700.90500000
1058 0 1 0 1.057000000000e-06 54.96209000 -26.48369000 -19.03023000 -0.56340000 0.58116000 0.58723000 0 0 0 7699.48600000
1059 0 1 0 1.058000000000e-06 11.93549000 -19.51355000 -57.66824000 -0.41151000 0.60759000 0.67933000 0 0 0 6083.75500000
1060 0 1 0 1.059000000000e-06 -38.12043000 27.69986000 -34.89410000 0.77310000 0.04047000 0.63299000 0 0 0 4954.88000000
1061 0 1 0 1.060000000000e-06 41.18069000 -18.71653000 -37.08137000 -0.57313000 0.50075000 0.64866000 0 0 0 7957.76200000
1062 0 1 0 1.061000000000e-06 57.45326000 -14.17885000 -34.60214000 -0.87203000 0.45559000 0.17887000 0 0 0 5960.12600000
1063 0 1 0 1.062000000000e-06 63.71272000 -11.86754000 -20.58454000 -0.99908000 0.00759000 0.04230000 0 0 0 5201.72200000
1064 0 1 0 1.063000000000e-06 38.12871000 -41.98950000 -20.43974000 -0.48305000 0.60210000 0.63573000 0 0 0 7848.66300000
1065 0 1 0 1.064000000000e-06 47.78862000 -48.95457000 -3.71045000 -0.90708000 0.41589000 0.06511000 0 0 0 5826.44700000
1066 0 1 0 1.065000000000e-06 57.14861000 -25.67971000 -23.96025000 -0.45927000 0.36352000 0.81051000 0 0 0 6083.58100000
1067 0 1 0 1.066000000000e-06 63.09144000 -13.18985000 -3.95488000 -0.98926000 0.13343000 0.05962000 0 0 0 5456.77600000
1068 0 1 0 1.067000000000e-06 34.76231000 -31.52284000 -33.92690000 -0.48051000 0.65393000 0.58437000 0 0 0 6872.09800000
1069 0 1 0 1.068000000000e-06 -53.31923000 9.33480000 -22.81312000 0.79568000 0.31227000 0.51901000 0 0 0 4224.30100000
1070 0 1 0 1.069000000000e-06 -5.33114000 -53.96220000 -26.41985000 0.53688000 0.70014000 0.47071000 0 0 0 4333.00700000
1071 0 1 0 1.070000000000e-06 27.59688000 -26.12486000 -40.30985000 -0.29966000 0.43024000 0.85153000 0 0 0 6570.00500000
1072 0 1 0 1.071000000000e-06 -31.55984000 -15.50592000 -42.01512000 0.80578000 0.31051000 0.50428000 0 0 0 4374.12000000
1073 0 1 0 1.072000000000e-06 -30.79142000 -28.07194000 -32.99938000 0.75594000 0.31479000 0.57398000 0 0 0 4555.74600000
1074 0 1 0 1.073000000000e-06 12.35097000 -20.94470000 -49.96652000 -0.39281000 0.41165000 0.82234000 0 0 0 6776.57000000
1075 0 1 0 1.074000000000e-06 -46.46576000 -9.32910000 -21.86559000 0.75564000 0.20816000 0.62103000 0 0 0 4340.86300000
1076 0 1 0 1.075000000000e-06 24.90876000 -5.75353000 -54.69768000 -0.62365000 0.30581000 0.71941000 0 0 0 6068.82500000
1077 0 1 0 1.076000000000e-06 -34.24712000 -26.34670000 -27.95570000 0.64994000 0.43687000 0.62187000 0 0 0 4567.68500000
1078 0 1 0 1.077000000000e-06 58.86238000 -34.86439000 -19.13212000 -0.41340000 0.43827000 0.79814000 0 0 0 7806.02800000
1079 0 1 0 1.078000000000e-06 64.92339000 -13.61502000 -4.04527000 -0.97371000 0.20873000 -0.09121000 0 0 0 5692.43700000
1080 0 1 0 1.079000000000e-06 55.14324000 -16.83831000 -28.46736000 -0.47691000 0.38596000 0.78967000 0 0 0 6050.86300000
1081 0 1 0 1.080000000000e-06 46.67150000 -31.97920000 -25.05729000 -0.43301000 0.55837000 0.70762000 0 0 0 6128.10000000
1082 0 1 0 1.081000000000e-06 15.32843000 -32.61230000 -41.03722000 -0.30666000 0.53874000 0.78468000 0 0 0 6842.22000000
1083 0 1 0 1.082000000000e-06 54.09944000 -36.49778000 -1.05817000 -0.91689000 0.39535000 0.05486000 0 0 0 5023.31600000
1084 0 1 0 1.083000000000e-06 -38.86630000 -23.75422000 -24.50977000 0.76375000 0.35398000 0.53980000 0 0 0 4875.69900000
1085 0 1 0 1.084000000000e-06 31.24421000 -11.99665000 -45.40355000 -0.53201000 0.35820000 0.76724000 0 0 0 6310.40500000
1086 0 1 0 1.085000000000e-06 58.47336000 -30.77877000 -20.55288000 -0.92389000 0.38076000 -0.03800000 0 0 0 5587.47700000
1087 0 1 0 1.086000000000e-06 59.25481000 -24.30477000 -4.91772000 -0.90017000 0.43316000 0.04554000 0 0 0 5496.31600000
1088 0 1 0 1.087000000000e-06 -44.56969000 -14.36944000 -23.77512000 0.68340000 0.30092000 0.66514000 0 0 0 4236.07400000
1089 0 1 0 1.088000000000e-06 15.34717000 -43.09613000 -38.39389000 -0.51397000 0.63688000 0.57465000 0 0 0 7077.27100000
1090 0 1 0 1.089000000000e-06 62.55873000 -20.89489000 -11.28318000 -0.99409000 0.10450000 0.02949000 0 0 0 5243.22500000
1091 0 1 0 1.090000000000e-06 -43.59715000 -17.05336000 -23.06018000 0.73806000 0.20900000 0.64155000 0 0 0 4180.17200000
1092 0 1 0 1.091000000000e-06 55.25466000 -28.66364000 -21.04466000 -0.93092000 0.34931000 0.10666000 0 0 0 5684.27000000
1093 0 1 0 1.092000000000e-06 58.65934000 -23.85627000 -21.22004000 -0.49455000 0.53322000 0.68636000 0 0 0 7826.93800000
1094 0 1 0 1.093000000000e-06 62.19914000 -20.42983000 -5.67077000 -0.84568000 0.53105000 0.05308000 0 0 0 5727.64900000
1095 0 1 0 1.094000000000e-06 -49.64732000 -9.93973000 -18.84844000 0.73255000 0.30767000 0.60722000 0 0 0 4624.17100000
1096 0 1 0 1.095000000000e-06 -37.97275000 -13.86146000 -31.08029000 0.76951000 0.27145000 0.57807000 0 0 0 4148.29000000
1097 0 1 0 1.096000000000e-06 13.87819000 -44.00048000 -41.16746000 -0.56165000 0.59609000 0.57378000 0 0 0 7096.60300000
1098 0 1 0 1.097000000000e-06 -45.57431000 -18.98369000 -20.45965000 0.83115000 0.09656000 0.54761000 0 0 0 4807.89300000
1099 0 1 0 1.098000000000e-06 -40.37858000 3.50533000 -38.96432000 0.81913000 0.28655000 0.49690000 0 0 0 4154.11900000
1100 0 1 0 1.099000000000e-06 63.85624000 8.32341000 -13.72850000 -0.99831000 0.00780000 0.05755000 0 0 0 5303.55600000
1101 0 1 0 1.100000000000e-06 52.59955000 -28.16161000 -21.12338000 -0.53382000 0.65091000 0.53977000 0 0 0 6251.45700000
1102 0 1 0 1.101000000000e-06 62.16103000 -15.49538000 -21.24232000 -0.98313000 0.17978000 0.03364000 0 0 0 5405.39400000
1103 0 1 0 1.102000000000e-06 -39.71272000 -17.53342000 -27.86284000 0.80488000 0.32352000 0.49750000 0 0 0 4393.23700000
1104 0 1 0 1.103000000000e-06 56.89110000 -29.28687000 0.34123000 -0.89844000 0.41163000 0.15284000 0 0 0 5849.16900000
1105 0 1 0 1.104000000000e-06 54.18971000 -24.94528000 -31.10005000 -0.90554000 0.40210000 0.13532000 0 0 0 5923.04200000
1106 0 1 0 1.105000000000e-06 -40.71084000 -5.04650000 -31.85288000 0.78321000 0.27300000 0.55862000 0 0 0 4172.99500000
1107 0 1 0 1.106000000000e-06 60.40031000 -11.09995000 -26.80382000 -0.92673000 0.35144000 0.13289000 0 0 0 5804.26500000
1108 0 1 0 1.107000000000e-06 53.73183000 -6.41804000 -31.90751000 -0.50891000 0.26571000 0.81878000 0 0 0 6906.41700000
1109 0 1 0 1.108000000000e-06 51.74866000 -37.75784000 -0.17077000 -0.86008000 0.48836000 0.14753000 0 0 0 5821.38900000
1110 0 1 0 1.109000000000e-06 12.74947000 -43.14936000 -35.74960000 -0.40287000 0.61839000 0.67475000 0 0 0 6210.46100000
1111 0 1 0 1.110000000000e-06 61.77308000 -17.70029000 -16.38227000 -0.96915000 0.24520000 0.02515000 0 0 0 5398.37700000
1112 0 1 0 1.111000000000e-06 54.51849000 -36.40706000 7.04285000 -0.90856000 0.40727000 0.09302000 0 0 0 5926.61700000
1113 0 1 0 1.112000000000e-06 55.44120000 -21.12654000 -28.62173000 -0.87754000 0.45001000 0.16556000 0 0 0 5751.51200000
1114 0 1 0 1.113000000000e-06 -36.81360000 -18.26002000 -32.33309000 0.73530000 0.07823000 0.67321000 0 0 0 4432.25200000
1115 0 1 0 1.114000000000e-06 -47.09574000 -16.05215000 -20.23613000 0.81851000 0.03729000 0.57329000 0 0 0 4819.26100000
1116 0 1 0 1.115000000000e-06 53.92540000 -35.80496000 -13.56430000 -0.93920000 0.32765000 0.10273000 0 0 0 5183.46700000
1117 0 1 0 1.116000000000e-06 -48.72273000 -8.49692000 -18.79807000 0.81876000 0.00649000 0.57410000 0 0 0 4747.76600000
1118 0 1 0 1.117000000000e-06 -38.85275000 -17.98910000 -29.97262000 0.82947000 0.14435000 0.53957000 0 0 0 4728.10800000
1119 0 1 0 1.118000000000e-06 54.51706000 -32.44126000 -23.69611000 -0.36235000 0.51047000 0.77982000 0 0 0 7230.24000000
1120 0 1 0 1.119000000000e-06 65.46187000 -1.08359000 -5.12316000 -0.99584000 0.08845000 -0.02170000 0 0 0 5883.07500000
1121 0 1 0 1.120000000000e-06 -45.17152000 -0.32011000 -24.35751000 0.79161000 0.06615000 0.60744000 0 0 0 4879.64100000
1122 0 1 0 1.121000000000e-06 65.61956000 1.75753000 43.53341000 -0.99650000 0.08322000 0.00757000 0 0 0 5515.27600000
1123 0 1 0 1.122000000000e-06 62.44930000 -16.36907000 -13.01933000 -0.97610000 0.21663000 0.01715000 0 0 0 5382.49300000
1124 0 1 0 1.123000000000e-06 48.07553000 -27.88500000 -26.74059000 -0.56349000 0.28956000 0.77371000 0 0 0 7573.94600000
1125 0 1 0 1.124000000000e-06 -39.81510000 -21.16091000 -25.13184000 0.75123000 0.28149000 0.59700000 0 0 0 4498.31400000
1126 0 1 0 1.125000000000e-06 33.66207000 -3.18758000 -51.10412000 -0.49839000 0.45763000 0.73633000 0 0 0 6302.67200000
1127 0 1 0 1.126000000000e-06 65.92008000 -3.91925000 35.30409000 -0.97277000 0.23167000 0.00644000 0 0 0 5448.14000000
1128 0 1 0 1.127000000000e-06 50.78031000 -37.63065000 -19.25458000 -0.87714000 0.47518000 0.06947000 0 0 0 5997.57100000
1129 0 1 0 1.128000000000e-06 46.91070000 -27.08412000 -28.61860000 -0.51173000 0.31115000 0.80082000 0 0 0 7406.72600000
1130 0 1 0 1.129000000000e-06 21.68699000 -14.83718000 -52.78163000 -0.60313000 0.31603000 0.73236000 0 0 0 6160.78800000
1131 0 1 0 1.130000000000e-06 18.08285000 -27.81109000 -46.98192000 -0.51383000 0.46667000 0.71986000 0 0 0 6930.80100000
1132 0 1 0 1.131000000000e-06 43.85981000 -26.82569000 -28.82745000 -0.54272000 0.51641000 0.66240000 0 0 0 6404.80800000
1133 0 1 0 1.132000000000e-06 60.86277000 -23.14002000 14.01225000 -0.88214000 0.46998000 0.03076000 0 0 0 5427.46400000
1134 0 1 0 1.133000000000e-06 22.40906000 -26.81099000 -45.41494000 -0.45750000 0.58926000 0.66593000 0 0 0 6986.59900000
1135 0 1 0 1.134000000000e-06 64.81447000 -2.26982000 -12.70292000 -0.97714000 0.20665000 0.04994000 0 0 0 5743.06400000
1136 0 1 0 1.135000000000e-06 -37.02140000 -13.12586000 -32.48277000 0.75468000 0.11202000 0.64646000 0 0 0 4444.52900000
1137 0 1 0 1.136000000000e-06 58.13375000 -30.69405000 -25.45842000 -0.86812000 0.49488000 -0.03820000 0 0 0 5971.66800000
1138 0 1 0 1.137000000000e-06 50.15326000 -37.10690000 -32.42650000 -0.91250000 0.39717000 0.09800000 0 0 0 5855.90600000
1139 0 1 0 1.138000000000e-06 30.90328000 -22.84524000 -42.09247000 -0.61035000 0.26413000 0.74680000 0 0 0 6431.01600000
1140 0 1 0 1.139000000000e-06 -45.99315000 -9.95720000 -21.37681000 0.81722000 0.23445000 0.52648000 0 0 0 4242.08300000
1141 0 1 0 1.140000000000e-06 -42.63852000 6.53527000 -31.30779000 0.80952000 0.17548000 0.56025000 0 0 0 4243.13500000
1142 0 1 0 1.141000000000e-06 34.81629000 -26.79798000 -36.13179000 -0.42686000 0.52994000 0.73277000 0 0 0 6148.74700000
1143 0 1 0 1.142000000000e-06 50.75789000 -28.13201000 -21.57330000 -0.56580000 0.49979000 0.65580000 0 0 0 6174.51000000
1144 0 1 0 1.143000000000e-06 -28.98031000 -51.27604000 -9.19985000 0.70486000 0.53961000 0.46044000 0 0 0 4484.84500000
1145 0 1 0 1.144000000000e-06 26.28352000 -18.19164000 -46.31079000 -0.56059000 0.31942000 0.76401000 0 0 0 7932.62600000
1146 0 1 0 1.145000000000e-06 55.62127000 -35.70126000 15.37079000 -0.87733000 0.46064000 0.13453000 0 0 0 5085.41900000
1147 0 1 0 1.146000000000e-06 56.52430000 -28.79248000 -17.63276000 -0.84081000 0.53964000 0.04282000 0 0 0 5312.85400000
1148 0 1 0 1.147000000000e-06 -46.57001000 -6.87002000 -21.01257000 0.84093000 0.15109000 0.51962000 0 0 0 4005.78000000
1149 0 1 0 1.148000000000e-06 40.17452000 -32.18130000 -27.66197000 -0.60009000 0.47679000 0.64231000 0 0 0 7110.89200000
1150 0 1 0 1.149000000000e-06 -41.14915000 7.07893000 -34.16085000 0.82546000 0.17583000 0.53637000 0 0 0 4611.61500000
1151 0 1 0 1.150000000000e-06 54.22464000 -34.91777000 16.56400000 -0.86310000 0.50481000 0.01490000 0 0 0 5950.73400000
1152 0 1 0 1.151000000000e-06 -30.76950000 -43.53078000 -22.32193000 0.78712000 0.38457000 0.48224000 0 0 0 4661.88000000
1153 0 1 0 1.152000000000e-06 23.67406000 -23.02601000 -46.52693000 -0.55491000 0.22299000 0.80147000 0 0 0 6688.20900000
1154 0 1 0 1.153000000000e-06 59.16256000 -29.76603000 -18.09050000 -0.47578000 0.47804000 0.73832000 0 0 0 6896.20300000
1155 0 1 0 1.154000000000e-06 -44.82084000 -13.87158000 -23.14513000 0.73171000 0.16462000 0.66144000 0 0 0 4356.98900000
1156 0 1 0 1.155000000000e-06 -25.23779000 -2.97208000 -47.30584000 0.72768000 0.16325000 0.66621000 0 0 0 4835.30600000
1157 0 1 0 1.156000000000e-06 64.64451000 -24.58340000 -13.12563000 -0.63485000 0.23915000 0.73469000 0 0 0 6052.13900000
1158 0 1 0 1.157000000000e-06 60.06663000 -24.85934000 -14.73783000 -0.94302000 0.33262000 -0.00834000 0 0 0 5511.23100000
1159 0 1 0 1.158000000000e-06 55.49084000 -3.29155000 -28.00200000 -0.64524000 0.26156000 0.71781000 0 0 0 7831.70100000
1160 0 1 0 1.159000000000e-06 24.00422000 -44.17818000 -28.88259000 -0.48498000 0.62489000 0.61181000 0 0 0 7258.19100000
1161 0 1 0 1.160000000000e-06 47.24468000 -50.64627000 -4.42076000 -0.90366000 0.42812000 0.01062000 0 0 0 5281.20200000
1162 0 1 0 1.161000000000e-06 -34.80893000 -12.19208000 -35.70326000 0.76442000 0.07934000 0.63982000 0 0 0 4461.85100000
1163 0 1 0 1.162000000000e-06 -34.20178000 -9.60645000 -50.02082000 0.71824000 0.52756000 0.45367000 0 0 0 4320.69500000
1164 0 1 0 1.163000000000e-06 -41.35728000 -10.48162000 -28.45419000 0.84176000 0.12364000 0.52551000 0 0 0 4154.41400000
1165 0 1 0 1.164000000000e-06 63.87147000 -12.70397000 35.25536000 -0.98689000 0.16127000 0.00566000 0 0 0 5530.53000000
1166 0 1 0 1.165000000000e-06 60.63593000 -20.60578000 -19.81141000 -0.96533000 0.25891000 0.03325000 0 0 0 5064.89600000
1167 0 1 0 1.166000000000e-06 62.69949000 -13.10292000 -26.88303000 -0.92605000 0.37455000 0.04625000 0 0 0 5417.44400000
1168 0 1 0 1.167000000000e-06 -32.94586000 1.00628000 -39.47536000 0.77595000 0.01418000 0.63063000 0 0 0 4585.18400000
1169 0 1 0 1.168000000000e-06 -35.99567000 16.79236000 -35.45251000 0.74155000 0.01297000 0.67077000 0 0 0 4937.64400000
1170 0 1 0 1.169000000000e-06 66.71861000 -12.80940000 35.26952000 -0.81377000 0.57380000 -0.09231000 0 0 0 5616.04800000
1171 0 1 0 1.170000000000e-06 29.19538000 -25.82082000 -41.59237000 -0.59334000 0.32349000 0.73709000 0 0 0 7173.38500000
1172 0 1 0 1.171000000000e-06 21.26144000 -28.04886000 -46.85214000 -0.47746000 0.61737000 0.62521000 0 0 0 6361.94100000
1173 0 1 0 1.172000000000e-06 50.71264000 -41.60772000 -4.85981000 -0.83391000 0.54791000 -0.06621000 0 0 0 5754.27200000
1174 0 1 0 1.173000000000e-06 -37.16996000 -17.72036000 -31.48376000 0.81351000 0.22196000 0.53753000 0 0 0 4464.49000000
1175 0 1 0 1.174000000000e-06 61.36361000 -21.85379000 -8.67777000 -0.97715000 0.21191000 0.01659000 0 0 0 5368.37400000
1176 0 1 0 1.175000000000e-06 63.07540000 -16.80419000 4.40802000 -0.93091000 0.36340000 -0.03686000 0 0 0 5489.38100000
1177 0 1 0 1.176000000000e-06 32.91196000 -25.71120000 -37.65113000 -0.40402000 0.45065000 0.79604000 0 0 0 6974.99900000
1178 0 1 0 1.177000000000e-06 36.76987000 -37.19837000 -26.25154000 -0.58411000 0.53896000 0.60691000 0 0 0 7072.78500000
1179 0 1 0 1.178000000000e-06 59.28974000 -20.35331000 -33.09333000 -0.93756000 0.34426000 0.04973000 0 0 0 5434.64300000
1180 0 1 0 1.179000000000e-06 59.15177000 -27.55753000 12.02944000 -0.90062000 0.41985000 0.11230000 0 0 0 5408.28100000
1181 0 1 0 1.180000000000e-06 63.38686000 -4.71755000 40.76041000 -0.95953000 0.26838000 -0.08533000 0 0 0 5532.45900000
1182 0 1 0 1.181000000000e-06 54.69718000 -30.33370000 -17.69158000 -0.87834000 0.47193000 0.07619000 0 0 0 5702.87800000
1183 0 1 0 1.182000000000e-06 -30.14970000 -53.68416000 3.92399000 0.66375000 0.64768000 0.37408000 0 0 0 4941.56300000
1184 0 1 0 1.183000000000e-06 60.59351000 -7.29377000 -25.13892000 -0.55933000 0.21168000 0.80147000 0 0 0 6969.08400000
1185 0 1 0 1.184000000000e-06 60.58081000 -20.63206000 -6.13418000 -0.90546000 0.41894000 0.06808000 0 0 0 5839.18500000
1186 0 1 0 1.185000000000e-06 -34.31466000 -17.81993000 -34.57211000 0.78030000 0.18392000 0.59776000 0 0 0 4697.26400000
1187 0 1 0 1.186000000000e-06 21.64395000 -31.99974000 -39.27101000 -0.35081000 0.55709000 0.75272000 0 0 0 6031.00500000
1188 0 1 0 1.187000000000e-06 60.20856000 -23.50146000 8.11539000 -0.92449000 0.38119000 0.00161000 0 0 0 5834.73000000
1189 0 1 0 1.188000000000e-06 41.96601000 -19.42495000 -34.46519000 -0.53611000 0.35803000 0.76446000 0 0 0 6528.73700000
1190 0 1 0 1.189000000000e-06 39.46998000 -54.70532000 -21.39092000 -0.83766000 0.54440000 0.04423000 0 0 0 5795.13700000
1191 0 1 0 1.190000000000e-06 59.51424000 -16.76853000 -27.48746000 -0.95663000 0.27786000 0.08744000 0 0 0 5311.48700000
1192 0 1 0 1.191000000000e-06 67.99123000 -10.12572000 34.63573000 -0.92130000 0.38173000 0.07408000 0 0 0 5360.02200000
1193 0 1 0 1.192000000000e-06 48.84424000 -32.05276000 -20.92277000 -0.51317000 0.57564000 0.63663000 0 0 0 6988.30400000
1194 0 1 0 1.193000000000e-06 63.91466000 -25.02621000 -15.63361000 -0.50872000 0.53948000 0.67094000 0 0 0 6030.49900000
1195 0 1 0 1.194000000000e-06 62.47761000 -25.29654000 -19.94811000 -0.99612000 0.08571000 0.01994000 0 0 0 5019.30700000
1196 0 1 0 1.195000000000e-06 31.63960000 -35.36016000 -32.34799000 -0.55707000 0.51964000 0.64780000 0 0 0 6476.67200000
1197 0 1 0 1.196000000000e-06 45.77046000 -21.33335000 -30.31963000 -0.62283000 0.26641000 0.73560000 0 0 0 7330.83900000
1198 0 1 0 1.197000000000e-06 49.32552000 -40.93821000 -6.15101000 -0.83500000 0.54926000 0.03319000 0 0 0 5221.63200000
1199 0 1 0 1.198000000000e-06 28.43684000 -29.54118000 -37.87937000 -0.42215000 0.42798000 0.79914000 0 0 0 7975.47900000
1200 0 1 0 1.199000000000e-06 53.91061000 -33.95128000 -25.34144000 -0.85286000 0.52187000 0.01653000 0 0 0 5267.64500000
1201 0 1 0 1.200000000000e-06 27.71365000 -30.36258000 -38.04774000 -0.45031000 0.55293000 0.70106000 0 0 0 6517.46000000
1202 0 1 0 1.201000000000e-06 55.04177000 -28.41199000 -18.54003000 -0.58047000 0.40425000 0.70685000 0 0 0 7301.22400000
1203 0 1 0 1.202000000000e-06 53.73502000 -39.50592000 -22.20305000 -0.94736000 0.31749000 0.04126000 0 0 0 5907.49200000
1204 0 1 0 1.203000000000e-06 -50.73437000 -9.37173000 -15.21235000 0.79427000 0.26012000 0.54907000 0 0 0 4315.51000000
1205 0 1 0 1.204000000000e-06 64.19055000 -9.97476000 1.53220000 -0.98592000 0.16719000 -0.00332000 0 0 0 5108.73300000
1206 0 1 0 1.205000000000e-06 59.08488000 -7.23134000 -28.80911000 -0.49679000 0.27120000 0.82441000 0 0 0 7177.56500000
1207 0 1 0 1.206000000000e-06 34.42316000 -20.43897000 -39.50149000 -0.57132000 0.33201000 0.75058000 0 0 0 6474.81000000
1208 0 1 0 1.207000000000e-06 -47.59139000 6.80624000 -23.50479000 0.74969000 0.10092000 0.65405000 0 0 0 4397.01200000
1209 0 1 0 1.208000000000e-06 38.00547000 -35.13070000 -27.41745000 -0.47541000 0.54688000 0.68913000 0 0 0 6897.10700000
1210 0 1 0 1.209000000000e-06 -45.05595000 -19.29078000 -18.16384000 0.82955000 0.26756000 0.49017000 0 0 0 4031.59800000
1211 0 1 0 1.210000000000e-06 63.18532000 -18.44006000 35.91035000 -0.95978000 0.27838000 0.03636000 0 0 0 5039.29200000
1212 0 1 0 1.211000000000e-06 -35.37242000 -6.10519000 -37.56433000 0.73875000 0.28529000 0.61062000 0 0 0 4711.71400000
1213 0 1 0 1.212000000000e-06 36.56469000 -25.67613000 -35.70703000 -0.55166000 0.51150000 0.65881000 0 0 0 7482.14100000
1214 0 1 0 1.213000000000e-06 41.47928000 -30.29301000 -28.21841000 -0.53972000 0.57317000 0.61658000 0 0 0 7913.41100000
1215 0 1 0 1.214000000000e-06 -42.11954000 5.71685000 -32.83504000 0.74621000 0.22911000 0.62505000 0 0 0 4118.84200000
1216 0 1 0 1.215000000000e-06 -47.50066000 13.34693000 -21.38972000 0.79721000 0.01461000 0.60353000 0 0 0 4424.62500000
1217 0 1 0 1.216000000000e-06 70.38181000 -7.45517000 19.92299000 -0.86934000 0.49202000 0.04645000 0 0 0 5235.68500000
1218 0 1 0 1.217000000000e-06 37.01984000 -36.78231000 -26.01375000 -0.52511000 0.59341000 0.61002000 0 0 0 6332.72200000
1219 0 1 0 1.218000000000e-06 62.47836000 -14.80800000 -23.54252000 -0.99699000 0.04763000 0.06113000 0 0 0 5819.56900000
1220 0 1 0 1.219000000000e-06 42.21934000 -21.44627000 -38.05420000 -0.28993000 0.48734000 0.82368000 0 0 0 6702.11700000
1221 0 1 0 1.220000000000e-06 40.67976000 -38.05252000 -22.11844000 -0.55198000 0.53870000 0.63649000 0 0 0 7853.06000000
1222 0 1 0 1.221000000000e-06 61.19615000 -28.99364000 -13.63097000 -0.52601000 0.53192000 0.66361000 0 0 0 7547.37800000
1223 0 1 0 1.222000000000e-06 -44.43590000 -14.50290000 -38.94494000 0.62580000 0.66694000 0.40443000 0 0 0 4317.15000000
1224 0 1 0 1.223000000000e-06 64.46709000 -17.11083000 38.25966000 -0.98999000 0.13520000 0.04051000 0 0 0 5150.99900000
1225 0 1 0 1.224000000000e-06 57.71956000 -27.17526000 -5.23067000 -0.83966000 0.53724000 0.07969000 0 0 0 5215.58200000
1226 0 1 0 1.225000000000e-06 62.00310000 -34.11347000 -11.76743000 -0.50183000 0.48377000 0.71703000 0 0 0 6577.71400000
1227 0 1 0 1.226000000000e-06 -35.96090000 -8.62071000 -36.17270000 0.78441000 0.24331000 0.57053000 0 0 0 4188.14700000
1228 0 1 0 1.227000000000e-06 48.52783000 -43.76994000 7.99690000 -0.85040000 0.52403000 0.04702000 0 0 0 5037.23500000
1229 0 1 0 1.228000000000e-06 -34.32733000 6.24709000 -37.13690000 0.73899000 0.02092000 0.67339000 0 0 0 4643.84100000
1230 0 1 0 1.229000000000e-06 -37.08669000 2.29965000 -34.77894000 0.79578000 0.00153000 0.60558000 0 0 0 4367.72600000
1231 0 1 0 1.230000000000e-06 63.76081000 12.26221000 -17.89843000 -0.99825000 0.01558000 0.05699000 0 0 0 5535.34200000
1232 0 1 0 1.231000000000e-06 57.02391000 -24.55704000 -27.47160000 -0.86657000 0.49307000 0.07702000 0 0 0 5284.30600000
1233 0 1 0 1.232000000000e-06 34.01198000 -29.22805000 -35.89262000 -0.38931000 0.61975000 0.68143000 0 0 0 6428.73400000
1234 0 1 0 1.233000000000e-06 43.31321000 -29.76691000 -27.49112000 -0.61796000 0.36963000 0.69390000 0 0 0 6910.00100000
1235 0 1 0 1.234000000000e-06 42.60138000 -35.42106000 -22.53951000 -0.51431000 0.62589000 0.58631000 0 0 0 6543.91700000
1236 0 1 0 1.235000000000e-06 64.98682000 -12.23606000 0.13361000 -0.91439000 0.40420000 0.02292000 0 0 0 5373.07700000
1237 0 1 0 1.236000000000e-06 -29.38867000 -8.57053000 -43.35507000 0.78053000 0.09023000 0.61857000 0 0 0 4137.67100000
1238 0 1 0 1.237000000000e-06 62.49008000 -16.03987000 -0.23171000 -0.96476000 0.26018000 0.03927000 0 0 0 5768.82000000
1239 0 1 0 1.238000000000e-06 45.52517000 -28.57381000 -27.43329000 -0.58225000 0.32239000 0.74636000 0 0 0 7497.22900000
1240 0 1 0 1.239000000000e-06 54.33008000 -36.07587000 -8.30796000 -0.83281000 0.55081000 -0.05509000 0 0 0 5413.82700000
1241 0 1 0 1.240000000000e-06 25.46579000 -31.55969000 -38.99286000 -0.47432000 0.55762000 0.68123000 0 0 0 6345.94000000
1242 0 1 0 1.241000000000e-06 50.33175000 -36.77066000 -22.00257000 -0.84352000 0.53246000 0.07041000 0 0 0 5986.20300000
1243 0 1 0 1.242000000000e-06 -29.39010000 3.59362000 -45.25857000 0.75215000 0.15868000 0.63960000 0 0 0 4476.86700000
1244 0 1 0 1.243000000000e-06 30.37140000 -8.78679000 -46.95250000 -0.50763000 0.35031000 0.78714000 0 0 0 7481.92700000
1245 0 1 0 1.244000000000e-06 29.27245000 -28.90035000 -38.57184000 -0.46037000 0.57207000 0.67882000 0 0 0 7362.24900000
1246 0 1 0 1.245000000000e-06 -26.82861000 -14.96631000 -45.47333000 0.78380000 0.13990000 0.60505000 0 0 0 4693.03600000
1247 0 1 0 1.246000000000e-06 54.76059000 -35.83388000 16.61274000 -0.86491000 0.49317000 0.09335000 0 0 0 5768.53100000
1248 0 1 0 1.247000000000e-06 -51.14580000 3.63368000 -19.67107000 0.81354000 0.23946000 0.52992000 0 0 0 4627.49300000
1249 0 1 0 1.248000000000e-06 43.63971000 -40.85792000 -24.57314000 -0.33484000 0.49099000 0.80425000 0 0 0 6232.16000000
1250 0 1 0 1.249000000000e-06 -30.36249000 12.13911000 -42.90388000 0.76588000 0.03381000 0.64209000 0 0 0 4439.83000000
1251 0 1 0 1.250000000000e-06 40.39202000 -20.75235000 -36.42663000 -0.41294000 0.43256000 0.80148000 0 0 0 6319.39300000
1252 0 1 0 1.251000000000e-06 60.43101000 -22.83186000 1.58850000 -0.90949000 0.41550000 0.01338000 0 0 0 5947.06900000
1253 0 1 0 1.252000000000e-06 44.48139000 3.40888000 -37.60312000 -0.60475000 0.13452000 0.78497000 0 0 0 6146.67600000
1254 0 1 0 1.253000000000e-06 -32.73399000 -14.16130000 -39.09124000 0.77037000 0.32856000 0.54642000 0 0 0 4418.15500000
1255 0 1 0 1.254000000000e-06 29.77190000 -30.41953000 -40.39401000 -0.65045000 0.33931000 0.67954000 0 0 0 6381.72200000
1256 0 1 0 1.255000000000e-06 -18.33188000 -44.63109000 -31.35855000 0.63720000 0.43750000 0.63449000 0 0 0 4170.78100000
1257 0 1 0 1.256000000000e-06 -37.87688000 -17.23763000 -30.46540000 0.80048000 0.29452000 0.52200000 0 0 0 4488.23500000
1258 0 1 0 1.257000000000e-06 54.17602000 -28.71600000 -22.50826000 -0.44617000 0.55517000 0.70194000 0 0 0 7056.86000000
1259 0 1 0 1.258000000000e-06 51.25121000 -40.31296000 -6.64678000 -0.89199000 0.45051000 0.03724000 0 0 0 5002.23500000
1260 0 1 0 1.259000000000e-06 -33.97971000 -22.36041000 -31.31064000 0.72323000 0.35924000 0.58982000 0 0 0 4410.33400000
1261 0 1 0 1.260000000000e-06 22.83610000 -26.72209000 -41.82238000 -0.30672000 0.49832000 0.81092000 0 0 0 6803.54700000
1262 0 1 0 1.261000000000e-06 50.15214000 -16.42027000 -28.38751000 -0.66941000 0.16301000 0.72479000 0 0 0 6962.04700000
1263 0 1 0 1.262000000000e-06 63.89692000 -15.09232000 8.36819000 -0.92129000 0.38306000 -0.06702000 0 0 0 5713.47000000
1264 0 1 0 1.263000000000e-06 58.77836000 -25.32668000 -9.84909000 -0.90375000 0.42694000 0.03104000 0 0 0 5559.85900000
1265 0 1 0 1.264000000000e-06 -32.67679000 -16.14661000 -38.34861000 0.76135000 0.36185000 0.53797000 0 0 0 4205.67600000
1266 0 1 0 1.265000000000e-06 61.35185000 -22.83369000 -25.40973000 -0.97615000 0.21712000 0.00101000 0 0 0 5694.47400000
1267 0 1 0 1.266000000000e-06 21.62471000 -11.51006000 -53.06665000 -0.61356000 0.17749000 0.76944000 0 0 0 6986.04100000
1268 0 1 0 1.267000000000e-06 53.01573000 -35.36024000 -5.46570000 -0.87007000 0.48855000 0.06550000 0 0 0 5680.69800000
1269 0 1 0 1.268000000000e-06 64.47283000 1.36448000 -17.83954000 -0.98765000 0.14693000 0.05449000 0 0 0 5123.09000000
1270 0 1 0 1.269000000000e-06 48.78754000 -12.74728000 -31.13658000 -0.61207000 0.17924000 0.77022000 0 0 0 7458.46300000
1271 0 1 0 1.270000000000e-06 59.66716000 -28.41266000 -16.06355000 -0.50827000 0.54711000 0.66508000 0 0 0 7159.22000000
1272 0 1 0 1.271000000000e-06 60.60698000 -24.78596000 0.24985000 -0.97548000 0.21382000 0.05223000 0 0 0 5465.93000000
1273 0 1 0 1.272000000000e-06 25.60982000 -21.04470000 -48.64677000 -0.64383000 0.33157000 0.68959000 0 0 0 6308.99600000
1274 0 1 0 1.273000000000e-06 -23.40164000 -14.33137000 -46.40051000 0.72457000 0.15244000 0.67213000 0 0 0 4150.94500000
1275 0 1 0 1.274000000000e-06 39.18919000 -10.78451000 -39.39688000 -0.59319000 0.25256000 0.76442000 0 0 0 6071.64500000
1276 0 1 0 1.275000000000e-06 64.41853000 -11.89863000 -24.27080000 -0.93605000 0.35182000 0.00587000 0 0 0 5547.03300000
1277 0 1 0 1.276000000000e-06 47.35964000 -37.89627000 -23.37368000 -0.41536000 0.43783000 0.79736000 0 0 0 6627.54200000
1278 0 1 0 1.277000000000e-06 -40.99622000 -13.74457000 -27.00526000 0.76392000 0.24477000 0.59709000 0 0 0 4006.44600000
1279 0 1 0 1.278000000000e-06 -51.06328000 -1.76463000 -15.99083000 0.82777000 0.18082000 0.53113000 0 0 0 4879.69000000
1280 0 1 0 1.279000000000e-06 62.55415000 -11.91003000 -8.36794000 -0.97177000 0.22088000 0.08290000 0 0 0 5520.37900000
1281 0 1 0 1.280000000000e-06 49.74147000 -40.63634000 -5.10349000 -0.83043000 0.55691000 0.01520000 0 0 0 5932.44000000
1282 0 1 0 1.281000000000e-06 62.64044000 -18.87052000 8.17489000 -0.89434000 0.44669000 0.02505000 0 0 0 5860.09300000
1283 0 1 0 1.282000000000e-06 66.09549000 -6.09912000 37.54729000 -0.99927000 0.00488000 0.03786000 0 0 0 5913.48000000
1284 0 1 0 1.283000000000e-06 -35.24489000 -18.10867000 -33.50854000 0.77594000 0.33673000 0.53342000 0 0 0 4763.91000000
1285 0 1 0 1.284000000000e-06 -37.88971000 2.93260000 -33.71878000 0.76960000 0.05831000 0.63585000 0 0 0 4706.56000000
1286 0 1 0 1.285000000000e-06 55.81432000 -33.34182000 -14.45151000 -0.48223000 0.65706000 0.57941000 0 0 0 7640.35000000
1287 0 1 0 1.286000000000e-06 56.79669000 -34.10609000 -13.33421000 -0.57399000 0.43195000 0.69567000 0 0 0 6844.80100000
1288 0 1 0 1.287000000000e-06 49.05835000 -32.87736000 -26.81074000 -0.37525000 0.42467000 0.82392000 0 0 0 7700.85500000
1289 0 1 0 1.288000000000e-06 67.19475000 -11.85182000 9.00566000 -0.87270000 0.48291000 0.07212000 0 0 0 5265.88800000
1290 0 1 0 1.289000000000e-06 64.89214000 -5.41405000 2.09094000 -0.99938000 0.03465000 -0.00617000 0 0 0 5016.53300000
1291 0 1 0 1.290000000000e-06 57.48771000 -18.03311000 -30.02776000 -0.90171000 0.41076000 0.13488000 0 0 0 5072.38800000
1292 0 1 0 1.291000000000e-06 57.64375000 -31.97405000 -18.89045000 -0.43295000 0.52372000 0.73367000 0 0 0 6757.05300000
1293 0 1 0 1.292000000000e-06 -49.53823000 -9.29013000 -19.73673000 0.73193000 0.34611000 0.58693000 0 0 0 4152.41900000
1294 0 1 0 1.293000000000e-06 -35.84204000 -20.49179000 -31.08535000 0.75501000 0.38527000 0.53060000 0 0 0 4493.55200000
1295 0 1 0 1.294000000000e-06 63.86155000 -15.09562000 -9.61299000 -0.99628000 0.08613000 0.00308000 0 0 0 5197.88000000
1296 0 1 0 1.295000000000e-06 61.53996000 -18.13857000 -8.27516000 -0.97101000 0.23381000 0.04966000 0 0 0 5035.85500000
1297 0 1 0 1.296000000000e-06 56.22579000 -41.01546000 -11.47866000 -0.95084000 0.30422000 -0.05789000 0 0 0 5210.49400000
1298 0 1 0 1.297000000000e-06 30.11672000 3.20208000 -50.91948000 -0.67730000 0.12892000 0.72433000 0 0 0 6043.80700000
1299 0 1 0 1.298000000000e-06 57.95799000 -25.65528000 -6.40891000 -0.89905000 0.42833000 0.09081000 0 0 0 5574.91000000
1300 0 1 0 1.299000000000e-06 69.38059000 -0.50625000 19.33065000 -0.92790000 0.37276000 -0.00701000 0 0 0 5037.23600000
1301 0 1 0 1.300000000000e-06 -41.89681000 -13.70418000 -26.22769000 0.80493000 0.14396000 0.57564000 0 0 0 4201.08400000
1302 0 1 0 1.301000000000e-06 64.60053000 -7.80749000 -2.14512000 -0.96923000 0.24441000 0.02916000 0 0 0 5916.08600000
1303 0 1 0 1.302000000000e-06 -47.72435000 -7.00759000 -21.29606000 0.74582000 0.18881000 0.63883000 0 0 0 4288.53300000
1304 0 1 0 1.303000000000e-06 55.44507000 -36.44827000 -22.74381000 -0.95813000 0.28317000 0.04240000 0 0 0 5823.48500000
1305 0 1 0 1.304000000000e-06 52.45586000 -39.04181000 14.68946000 -0.85774000 0.50679000 0.08627000 0 0 0 5737.22400000
1306 0 1 0 1.305000000000e-06 -44.60519000 -19.86589000 -19.21238000 0.83438000 0.21764000 0.50640000 0 0 0 4024.11500000
1307 0 1 0 1.306000000000e-06 40.40166000 -5.75944000 -41.19110000 -0.62598000 0.30114000 0.71935000 0 0 0 7573.92900000
1308 0 1 0 1.307000000000e-06 20.75630000 -26.98289000 -43.18133000 -0.40792000 0.45800000 0.78983000 0 0 0 6170.44400000
1309 0 1 0 1.308000000000e-06 49.57352000 -27.77036000 -22.58282000 -0.59206000 0.44973000 0.66873000 0 0 0 7476.49200000
1310 0 1 0 1.309000000000e-06 39.47243000 2.24135000 -42.72656000 -0.67250000 0.17416000 0.71931000 0 0 0 7321.57200000
1311 0 1 0 1.310000000000e-06 52.85066000 -38.01967000 -9.15099000 -0.92245000 0.37672000 0.08471000 0 0 0 5696.07200000
1312 0 1 0 1.311000000000e-06 -46.61964000 -7.68339000 -22.00873000 0.82468000 0.27589000 0.49375000 0 0 0 4835.86100000
1313 0 1 0 1.312000000000e-06 40.91688000 -34.34512000 -29.04840000 -0.43993000 0.39163000 0.80813000 0 0 0 6682.95800000
1314 0 1 0 1.313000000000e-06 -42.00274000 -20.39586000 -23.88627000 0.65345000 0.41274000 0.63455000 0 0 0 4700.90500000
1315 0 1 0 1.314000000000e-06 54.96209000 -26.48369000 -19.03023000 -0.56340000 0.58116000 0.58723000 0 0 0 7699.48600000
1316 0 1 0 1.315000000000e-06 11.93549000 -19.51355000 -57.66824000 -0.41151000 0.60759000 0.67933000 0 0 0 6083.75500000
1317 0 1 0 1.316000000000e-06 -38.12043000 27.69986000 -34.89410000 0.77310000 0.04047000 0.63299000 0 0 0 4954.88000000
1318 0 1 0 1.317000000000e-06 41.18069000 -18.71653000 -37.08137000 -0.57313000 0.50075000 0.64866000 0 0 0 7957.76200000
1319 0 1 0 1.318000000000e-06 57.45326000 -14.17885000 -34.60214000 -0.87203000 0.45559000 0.17887000 0 0 0 5960.12600000
1320 0 1 0 1.319000000000e-06 63.71272000 -11.86754000 -20.58454000 -0.99908000 0.00759000 0.04230000 0 0 0 5201.72200000
1321 0 1 0 1.320000000000e-06 38.12871000 -41.98950000 -20.43974000 -0.48305000 0.60210000 0.63573000 0 0 0 7848.66300000
1322 0 1 0 1.321000000000e-06 47.78862000 -48.95457000 -3.71045000 -0.90708000 0.41589000 0.06511000 0 0 0 5826.44700000
1323 0 1 0 1.322000000000e-06 57.14861000 -25.67971000 -23.96025000 -0.45927000 0.36352000 0.81051000 0 0 0 6083.58100000
1324 0 1 0 1.323000000000e-06 63.09144000 -13.18985000 -3.95488000 -0.98926000 0.13343000 0.05962000 0 0 0 5456.77600000
1325 0 1 0 1.324000000000e-06 34.76231000 -31.52284000 -33.92690000 -0.48051000 0.65393000 0.58437000 0 0 0 6872.09800000
1326 0 1 0 1.325000000000e-06 -53.31923000 9.33480000 -22.81312000 0.79568000 0.31227000 0.51901000 0 0 0 4224.30100000
1327 0 1 0 1.326000000000e-06 -5.33114000 -53.96220000 -26.41985000 0.53688000 0.70014000 0.47071000 0 0 0 4333.00700000
1328 0 1 0 1.327000000000e-06 27.59688000 -26.12486000 -40.30985000 -0.29966000 0.43024000 0.85153000 0 0 0 6570.00500000
1329 0 1 0 1.328000000000e-06 -31.55984000 -15.50592000 -42.01512000 0.80578000 0.31051000 0.50428000 0 0 0 4374.12000000
1330 0 1 0 1.329000000000e-06 -30.79142000 -28.07194000 -32.99938000 0.75594000 0.31479000 0.57398000 0 0 0 4555.74600000
1331 0 1 0 1.330000000000e-06 12.35097000 -20.94470000 -49.96652000 -0.39281000 0.41165000 0.82234000 0 0 0 6776.57000000
1332 0 1 0 1.331000000000e-06 -46.46576000 -9.32910000 -21.86559000 0.75564000 0.20816000 0.62103000 0 0 0 4340.86300000
1333 0 1 0 1.332000000000e-06 24.90876000 -5.75353000 -54.69768000 -0.62365000 0.30581000 0.71941000 0 0 0 6068.82500000
1334 0 1 0 1.333000000000e-06 -34.24712000 -26.34670000 -27.95570000 0.64994000 0.43687000 0.62187000 0 0 0 4567.68500000
1335 0 1 0 1.334000000000e-06 58.86238000 -34.86439000 -19.13212000 -0.41340000 0.43827000 0.79814000 0 0 0 7806.02800000
1336 0 1 0 1.335000000000e-06 64.92339000 -13.61502000 -4.04527000 -0.97371000 0.20873000 -0.09121000 0 0 0 5692.43700000
1337 0 1 0 1.336000000000e-06 55.14324000 -16.83831000 -28.46736000 -0.47691000 0.38596000 0.78967000 0 0 0 6050.86300000
1338 0 1 0 1.337000000000e-06 46.67150000 -31.97920000 -25.05729000 -0.43301000 0.55837000 0.70762000 0 0 0 6128.10000000
1339 0 1 0 1.338000000000e-06 15.32843000 -32.61230000 -41.03722000 -0.30666000 0.53874000 0.78468000 0 0 0 6842.22000000
1340 0 1 0 1.339000000000e-06 54.09944000 -36.49778000 -1.05817000 -0.91689000 0.39535000 0.05486000 0 0 0 5023.31600000
1341 0 1 0 1.340000000000e-06 -38.86630000 -23.75422000 -24.50977000 0.76375000 0.35398000 0.53980000 0 0 0 4875.69900000
1342 0 1 0 1.341000000000e-06 31.24421000 -11.99665000 -45.40355000 -0.53201000 0.35820000 0.76724000 0 0 0 6310.40500000
1343 0 1 0 1.342000000000e-06 58.47336000 -30.77877000 -20.55288000 -0.92389000 0.38076000 -0.03800000 0 0 0 5587.47700000
1344 0 1 0 1.343000000000e-06 59.25481000 -24.30477000 -4.91772000 -0.90017000 0.43316000 0.04554000 0 0 0 5496.31600000
1345 0 1 0 1.344000000000e-06 -44.56969000 -14.36944000 -23.77512000 0.68340000 0.30092000 0.66514000 0 0 0 4236.07400000
1346 0 1 0 1.345000000000e-06 15.34717000 -43.09613000 -38.39389000 -0.51397000 0.63688000 0.57465000 0 0 0 7077.27100000
1347 0 1 0 1.346000000000e-06 62.55873000 -20.89489000 -11.28318000 -0.99409000 0.10450000 0.02949000 0 0 0 5243.22500000
1348 0 1 0 1.347000000000e-06 -43.59715000 -17.05336000 -23.06018000 0.73806000 0.20900000 0.64155000 0 0 0 4180.17200000
1349 0 1 0 1.348000000000e-06 55.25466000 -28.66364000 -21.04466000 -0.93092000 0.34931000 0.10666000 0 0 0 5684.27000000
1350 0 1 0 1.349000000000e-06 58.65934000 -23.85627000 -21.22004000 -0.49455000 0.53322000 0.68636000 0 0 0 7826.93800000
1351 0 1 0 1.350000000000e-06 62.19914000 -20.42983000 -5.67077000 -0.84568000 0.53105000 0.05308000 0 0 0 5727.64900000
1352 0 1 0 1.351000000000e-06 -49.64732000 -9.93973000 -18.84844000 0.73255000 0.30767000 0.60722000 0 0 0 4624.17100000
1353 0 1 0 1.352000000000e-06 -37.97275000 -13.86146000 -31.08029000 0.76951000 0.27145000 0.57807000 0 0 0 4148.29000000
1354 0 1 0 1.353000000000e-06 13.87819000 -44.00048000 -41.16746000 -0.56165000 0.59609000 0.57378000 0 0 0 7096.60300000
1355 0 1 0 1.354000000000e-06 -45.57431000 -18.98369000 -20.45965000 0.83115000 0.09656000 0.54761000 0 0 0 4807.89300000
1356 0 1 0 1.355000000000e-06 -40.37858000 3.50533000 -38.96432000 0.81913000 0.28655000 0.49690000 0 0 0 4154.11900000
1357 0 1 0 1.356000000000e-06 63.85624000 8.32341000 -13.72850000 -0.99831000 0.00780000 0.05755000 0 0 0 5303.55600000
1358 0 1 0 1.357000000000e-06 52.59955000 -28.16161000 -21.12338000 -0.53382000 0.65091000 0.53977000 0 0 0 6251.45700000
1359 0 1 0 1.358000000000e-06 62.16103000 -15.49538000 -21.24232000 -0.98313000 0.17978000 0.03364000 0 0 0 5405.39400000
1360 0 1 0 1.359000000000e-06 -39.71272000 -17.53342000 -27.86284000 0.80488000 0.32352000 0.49750000 0 0 0 4393.23700000
1361 0 1 0 1.360000000000e-06 56.89110000 -29.28687000 0.34123000 -0.89844000 0.41163000 0.15284000 0 0 0 5849.16900000
1362 0 1 0 1.361000000000e-06 54.18971000 -24.94528000 -31.10005000 -0.90554000 0.40210000 0.13532000 0 0 0 5923.04200000
1363 0 1 0 1.362000000000e-06 -40.71084000 -5.04650000 -31.85288000 0.78321000 0.27300000 0.55862000 0 0 0 4172.99500000
1364 0 1 0 1.363000000000e-06 60.40031000 -11.09995000 -26.80382000 -0.92673000 0.35144000 0.13289000 0 0 0 5804.26500000
1365 0 1 0 1.364000000000e-06 53.73183000 -6.41804000 -31.90751000 -0.50891000 0.26571000 0.81878000 0 0 0 6906.41700000
1366 0 1 0 1.365000000000e-06 51.74866000 -37.75784000 -0.17077000 -0.86008000 0.48836000 0.14753000 0 0 0 5821.38900000
1367 0 1 0 1.366000000000e-06 12.74947000 -43.14936000 -35.74960000 -0.40287000 0.61839000 0.67475000 0 0 0 6210.46100000
1368 0 1 0 1.367000000000e-06 61.77308000 -17.70029000 -16.38227000 -0.96915000 0.24520000 0.02515000 0 0 0 5398.37700000
1369 0 1 0 1.368000000000e-06 54.51849000 -36.40706000 7.04285000 -0.90856000 0.40727000 0.09302000 0 0 0 5926.61700000
1370 0 1 0 1.369000000000e-06 55.44120000 -21.12654000 -28.62173000 -0.87754000 0.45001000 0.16556000 0 0 0 5751.51200000
1371 0 1 0 1.370000000000e-06 -36.81360000 -18.26002000 -32.33309000 0.73530000 0.07823000 0.67321000 0 0 0 4432.25200000
1372 0 1 0 1.371000000000e-06 -47.09574000 -16.05215000 -20.23613000 0.81851000 0.03729000 0.57329000 0 0 0 4819.26100000
1373 0 1 0 1.372000000000e-06 53.92540000 -35.80496000 -13.56430000 -0.93920000 0.32765000 0.10273000 0 0 0 5183.46700000
1374 0 1 0 1.373000000000e-06 -48.72273000 -8.49692000 -18.79807000 0.81876000 0.00649000 0.57410000 0 0 0 4747.76600000
1375 0 1 0 1.374000000000e-06 -38.85275000 -17.98910000 -29.97262000 0.82947000 0.14435000 0.53957000 0 0 0 4728.10800000
1376 0 1 0 1.375000000000e-06 54.51706000 -32.44126000 -23.69611000 -0.36235000 0.51047000 0.77982000 0 0 0 7230.24000000
1377 0 1 0 1.376000000000e-06 65.46187000 -1.08359000 -5.12316000 -0.99584000 0.08845000 -0.02170000 0 0 0 5883.07500000
1378 0 1 0 1.377000000000e-06 -45.17152000 -0.32011000 -24.35751000 0.79161000 0.06615000 0.60744000 0 0 0 4879.64100000
1379 0 1 0 1.378000000000e-06 65.61956000 1.75753000 43.53341000 -0.99650000 0.08322000 0.00757000 0 0 0 5515.27600000
1380 0 1 0 1.379000000000e-06 62.44930000 -16.36907000 -13.01933000 -0.97610000 0.21663000 0.01715000 0 0 0 5382.49300000
1381 0 1 0 1.380000000000e-06 48.07553000 -27.88500000 -26.74059000 -0.56349000 0.28956000 0.77371000 0 0 0 7573.94600000
1382 0 1 0 1.381000000000e-06 -39.81510000 -21.16091000 -25.13184000 0.75123000 0.28149000 0.59700000 0 0 0 4498.31400000
1383 0 1 0 1.382000000000e-06 33.66207000 -3.18758000 -51.10412000 -0.49839000 0.45763000 0.73633000 0 0 0 6302.67200000
1384 0 1 0 1.383000000000e-06 65.92008000 -3.91925000 35.30409000 -0.97277000 0.23167000 0.00644000 0 0 0 5448.14000000
1385 0 1 0 1.384000000000e-06 50.78031000 -37.63065000 -19.25458000 -0.87714000 0.47518000 0.06947000 0 0 0 5997.57100000
1386 0 1 0 1.385000000000e-06 46.91070000 -27.08412000 -28.61860000 -0.51173000 0.31115000 0.80082000 0 0 0 7406.72600000
1387 0 1 0 1.386000000000e-06 21.68699000 -14.83718000 -52.78163000 -0.60313000 0.31603000 0.73236000 0 0 0 6160.78800000
1388 0 1 0 1.387000000000e-06 18.08285000 -27.81109000 -46.98192000 -0.51383000 0.46667000 0.71986000 0 0 0 6930.80100000
1389 0 1 0 1.388000000000e-06 43.85981000 -26.82569000 -28.82745000 -0.54272000 0.51641000 0.66240000 0 0 0 6404.80800000
1390 0 1 0 1.389000000000e-06 60.86277000 -23.14002000 14.01225000 -0.88214000 0.46998000 0.03076000 0 0 0 5427.46400000
1391 0 1 0 1.390000000000e-06 22.40906000 -26.81099000 -45.41494000 -0.45750000 0.58926000 0.66593000 0 0 0 6986.59900000
1392 0 1 0 1.391000000000e-06 64.81447000 -2.26982000 -12.70292000 -0.97714000 0.20665000 0.04994000 0 0 0 5743.06400000
1393 0 1 0 1.392000000000e-06 -37.02140000 -13.12586000 -32.48277000 0.75468000 0.11202000 0.64646000 0 0 0 4444.52900000
1394 0 1 0 1.393000000000e-06 58.13375000 -30.69405000 -25.45842000 -0.86812000 0.49488000 -0.03820000 0 0 0 5971.66800000
1395 0 1 0 1.394000000000e-06 50.15326000 -37.10690000 -32.42650000 -0.91250000 0.39717000 0.09800000 0 0 0 5855.90600000
1396 0 1 0 1.395000000000e-06 30.90328000 -22.84524000 -42.09247000 -0.61035000 0.26413000 0.74680000 0 0 0 6431.01600000
1397 0 1 0 1.396000000000e-06 -45.99315000 -9.95720000 -21.37681000 0.81722000 0.23445000 0.52648000 0 0 0 4242.08300000
1398 0 1 0 1.397000000000e-06 -42.63852000 6.53527000 -31.30779000 0.80952000 0.17548000 0.56025000 0 0 0 4243.13500000
1399 0 1 0 1.398000000000e-06 34.81629000 -26.79798000 -36.13179000 -0.42686000 0.52994000 0.73277000 0 0 0 6148.74700000
1400 0 1 0 1.399000000000e-06 50.75789000 -28.13201000 -21.57330000 -0.56580000 0.49979000 0.65580000 0 0 0 6174.51000000
1401 0 1 0 1.400000000000e-06 -28.98031000 -51.27604000 -9.19985000 0.70486000 0.53961000 0.46044000 0 0 0 4484.84500000
1402 0 1 0 1.401000000000e-06 26.28352000 -18.19164000 -46.31079000 -0.56059000 0.31942000 0.76401000 0 0 0 7932.62600000
1403 0 1 0 1.402000000000e-06 55.62127000 -35.70126000 15.37079000 -0.87733000 0.46064000 0.13453000 0 0 0 5085.41900000
1404 0 1 0 1.403000000000e-06 56.52430000 -28.79248000 -17.63276000 -0.84081000 0.53964000 0.04282000 0 0 0 5312.85400000
1405 0 1 0 1.404000000000e-06 -46.57001000 -6.87002000 -21.01257000 0.84093000 0.15109000 0.51962000 0 0 0 4005.78000000
1406 0 1 0 1.405000000000e-06 40.17452000 -32.18130000 -27.66197000 -0.60009000 0.47679000 0.64231000 0 0 0 7110.89200000
1407 0 1 0 1.406000000000e-06 -41.14915000 7.07893000 -34.16085000 0.82546000 0.17583000 0.53637000 0 0 0 4611.61500000
1408 0 1 0 1.407000000000e-06 54.22464000 -34.91777000 16.56400000 -0.86310000 0.50481000 0.01490000 0 0 0 5950.73400000
1409 0 1 0 1.408000000000e-06 -30.76950000 -43.53078000 -22.32193000 0.78712000 0.38457000 0.48224000 0 0 0 4661.88000000
1410 0 1 0 1.409000000000e-06 23.67406000 -23.02601000 -46.52693000 -0.55491000 0.22299000 0.80147000 0 0 0 6688.20900000
1411 0 1 0 1.410000000000e-06 59.16256000 -29.76603000 -18.09050000 -0.47578000 0.47804000 0.73832000 0 0 0 6896.20300000
1412 0 1 0 1.411000000000e-06 -44.82084000 -13.87158000 -23.14513000 0.73171000 0.16462000 0.66144000 0 0 0 4356.98900000
1413 0 1 0 1.412000000000e-06 -25.23779000 -2.97208000 -47.30584000 0.72768000 0.16325000 0.66621000 0 0 0 4835.30600000
1414 0 1 0 1.413000000000e-06 64.64451000 -24.58340000 -13.12563000 -0.63485000 0.23915000 0.73469000 0 0 0 6052.13900000
1415 0 1 0 1.414000000000e-06 60.06663000 -24.85934000 -14.73783000 -0.94302000 0.33262000 -0.00834000 0 0 0 5511.23100000
1416 0 1 0 1.415000000000e-06 55.49084000 -3.29155000 -28.00200000 -0.64524000 0.26156000 0.71781000 0 0 0 7831.70100000
1417 0 1 0 1.416000000000e-06 24.00422000 -44.17818000 -28.88259000 -0.48498000 0.62489000 0.61181000 0 0 0 7258.19100000
1418 0 1 0 1.417000000000e-06 47.24468000 -50.64627000 -4.42076000 -0.90366000 0.42812000 0.01062000 0 0 0 5281.20200000
1419 0 1 0 1.418000000000e-06 -34.80893000 -12.19208000 -35.70326000 0.76442000 0.07934000 0.63982000 0 0 0 4461.85100000
1420 0 1 0 1.419000000000e-06 -34.20178000 -9.60645000 -50.02082000 0.71824000 0.52756000 0.45367000 0 0 0 4320.69500000
1421 0 1 0 1.420000000000e-06 -41.35728000 -10.48162000 -28.45419000 0.84176000 0.12364000 0.52551000 0 0 0 4154.41400000
1422 0 1 0 1.421000000000e-06 63.87147000 -12.70397000 35.25536000 -0.98689000 0.16127000 0.00566000 0 0 0 5530.53000000
1423 0 1 0 1.422000000000e-06 60.63593000 -20.60578000 -19.81141000 -0.96533000 0.25891000 0.03325000 0 0 0 5064.89600000
1424 0 1 0 1.423000000000e-06 62.69949000 -13.10292000 -26.88303000 -0.92605000 0.37455000 0.04625000 0 0 0 5417.44400000
1425 0 1 0 1.424000000000e-06 -32.94586000 1.00628000 -39.47536000 0.77595000 0.01418000 0.63063000 0 0 0 4585.18400000
1426 0 1 0 1.425000000000e-06 -35.99567000 16.79236000 -35.45251000 0.74155000 0.01297000 0.67077000 0 0 0 4937.64400000
1427 0 1 0 1.426000000000e-06 66.71861000 -12.80940000 35.26952000 -0.81377000 0.57380000 -0.09231000 0 0 0 5616.04800000
1428 0 1 0 1.427000000000e-06 29.19538000 -25.82082000 -41.59237000 -0.59334000 0.32349000 0.73709000 0 0 0 7173.38500000
1429 0 1 0 1.428000000000e-06 21.26144000 -28.04886000 -46.85214000 -0.47746000 0.61737000 0.62521000 0 0 0 6361.94100000
1430 0 1 0 1.429000000000e-06 50.71264000 -41.60772000 -4.85981000 -0.83391000 0.54791000 -0.06621000 0 0 0 5754.27200000
1431 0 1 0 1.430000000000e-06 -37.16996000 -17.72036000 -31.48376000 0.81351000 0.22196000 0.53753000 0 0 0 4464.49000000
1432 0 1 0 1.431000000000e-06 61.36361000 -21.85379000 -8.67777000 -0.97715000 0.21191000 0.01659000 0 0 0 5368.37400000
1433 0 1 0 1.432000000000e-06 63.07540000 -16.80419000 4.40802000 -0.93091000 0.36340000 -0.03686000 0 0 0 5489.38100000
1434 0 1 0 1.433000000000e-06 32.91196000 -25.71120000 -37.65113000 -0.40402000 0.45065000 0.79604000 0 0 0 6974.99900000
1435 0 1 0 1.434000000000e-06 36.76987000 -37.19837000 -26.25154000 -0.58411000 0.53896000 0.60691000 0 0 0 7072.78500000
1436 0 1 0 1.435000000000e-06 59.28974000 -20.35331000 -33.09333000 -0.93756000 0.34426000 0.04973000 0 0 0 5434.64300000
1437 0 1 0 1.436000000000e-06 59.15177000 -27.55753000 12.02944000 -0.90062000 0.41985000 0.11230000 0 0 0 5408.28100000
1438 0 1 0 1.437000000000e-06 63.38686000 -4.71755000 40.76041000 -0.95953000 0.26838000 -0.08533000 0 0 0 5532.45900000
1439 0 1 0 1.438000000000e-06 54.69718000 -30.33370000 -17.69158000 -0.87834000 0.47193000 0.07619000 0 0 0 5702.87800000
1440 0 1 0 1.439000000000e-06 -30.14970000 -53.68416000 3.92399000 0.66375000 0.64768000 0.37408000 0 0 0 4941.56300000
1441 0 1 0 1.440000000000e-06 60.59351000 -7.29377000 -25.13892000 -0.55933000 0.21168000 0.80147000 0 0 0 6969.08400000
1442 0 1 0 1.441000000000e-06 60.58081000 -20.63206000 -6.13418000 -0.90546000 0.41894000 0.06808000 0 0 0 5839.18500000
1443 0 1 0 1.442000000000e-06 -34.31466000 -17.81993000 -34.57211000 0.78030000 0.18392000 0.59776000 0 0 0 4697.26400000
1444 0 1 0 1.443000000000e-06 21.64395000 -31.99974000 -39.27101000 -0.35081000 0.55709000 0.75272000 0 0 0 6031.00500000
1445 0 1 0 1.444000000000e-06 60.20856000 -23.50146000 8.11539000 -0.92449000 0.38119000 0.00161000 0 0 0 5834.73000000
1446 0 1 0 1.445000000000e-06 41.96601000 -19.42495000 -34.46519000 -0.53611000 0.35803000 0.76446000 0 0 0 6528.73700000
1447 0 1 0 1.446000000000e-06 39.46998000 -54.70532000 -21.39092000 -0.83766000 0.54440000 0.04423000 0 0 0 5795.13700000
1448 0 1 0 1.447000000000e-06 59.51424000 -16.76853000 -27.48746000 -0.95663000 0.27786000 0.08744000 0 0 0 5311.48700000
1449 0 1 0 1.448000000000e-06 67.99123000 -10.12572000 34.63573000 -0.92130000 0.38173000 0.07408000 0 0 0 5360.02200000
1450 0 1 0 1.449000000000e-06 48.84424000 -32.05276000 -20.92277000 -0.51317000 0.57564000 0.63663000 0 0 0 6988.30400000
1451 0 1 0 1.450000000000e-06 63.91466000 -25.02621000 -15.63361000 -0.50872000 0.53948000 0.67094000 0 0 0 6030.49900000
1452 0 1 0 1.451000000000e-06 62.47761000 -25.29654000 -19.94811000 -0.99612000 0.08571000 0.01994000 0 0 0 5019.30700000
1453 0 1 0 1.452000000000e-06 31.63960000 -35.36016000 -32.34799000 -0.55707000 0.51964000 0.64780000 0 0 0 6476.67200000
1454 0 1 0 1.453000000000e-06 45.77046000 -21.33335000 -30.31963000 -0.62283000 0.26641000 0.73560000 0 0 0 7330.83900000
1455 0 1 0 1.454000000000e-06 49.32552000 -40.93821000 -6.15101000 -0.83500000 0.54926000 0.03319000 0 0 0 5221.63200000
1456 0 1 0 1.455000000000e-06 28.43684000 -29.54118000 -37.87937000 -0.42215000 0.42798000 0.79914000 0 0 0 7975.47900000
1457 0 1 0 1.456000000000e-06 53.91061000 -33.95128000 -25.34144000 -0.85286000 0.52187000 0.01653000 0 0 0 5267.64500000
1458 0 1 0 1.457000000000e-06 27.71365000 -30.36258000 -38.04774000 -0.45031000 0.55293000 0.70106000 0 0 0 6517.46000000
1459 0 1 0 1.458000000000e-06 55.04177000 -28.41199000 -18.54003000 -0.58047000 0.40425000 0.70685000 0 0 0 7301.22400000
1460 0 1 0 1.459000000000e-06 53.73502000 -39.50592000 -22.20305000 -0.94736000 0.31749000 0.04126000 0 0 0 5907.49200000
1461 0 1 0 1.460000000000e-06 -50.73437000 -9.37173000 -15.21235000 0.79427000 0.26012000 0.54907000 0 0 0 4315.51000000
1462 0 1 0 1.461000000000e-06 64.19055000 -9.97476000 1.53220000 -0.98592000 0.16719000 -0.00332000 0 0 0 5108.73300000
1463 0 1 0 1.462000000000e-06 59.08488000 -7.23134000 -28.80911000 -0.49679000 0.27120000 0.82441000 0 0 0 7177.56500000
1464 0 1 0 1.463000000000e-06 34.42316000 -20.43897000 -39.50149000 -0.57132000 0.33201000 0.75058000 0 0 0 6474.81000000
1465 0 1 0 1.464000000000e-06 -47.59139000 6.80624000 -23.50479000 0.74969000 0.10092000 0.65405000 0 0 0 4397.01200000
1466 0 1 0 1.465000000000e-06 38.00547000 -35.13070000 -27.41745000 -0.47541000 0.54688000 0.68913000 0 0 0 6897.10700000
1467 0 1 0 1.466000000000e-06 -45.05595000 -19.29078000 -18.16384000 0.82955000 0.26756000 0.49017000 0 0 0 4031.59800000
1468 0 1 0 1.467000000000e-06 63.18532000 -18.44006000 35.91035000 -0.95978000 0.27838000 0.03636000 0 0 0 5039.29200000
1469 0 1 0 1.468000000000e-06 -35.37242000 -6.10519000 -37.56433000 0.73875000 0.28529000 0.61062000 0 0 0 4711.71400000
1470 0 1 0 1.469000000000e-06 36.56469000 -25.67613000 -35.70703000 -0.55166000 0.51150000 0.65881000 0 0 0 7482.14100000
1471 0 1 0 1.470000000000e-06 41.47928000 -30.29301000 -28.21841000 -0.53972000 0.57317000 0.61658000 0 0 0 7913.41100000
1472 0 1 0 1.471000000000e-06 -42.11954000 5.71685000 -32.83504000 0.74621000 0.22911000 0.62505000 0 0 0 4118.84200000
1473 0 1 0 1.472000000000e-06 -47.50066000 13.34693000 -21.38972000 0.79721000 0.01461000 0.60353000 0 0 0 4424.62500000
1474 0 1 0 1.473000000000e-06 70.38181000 -7.45517000 19.92299000 -0.86934000 0.49202000 0.04645000 0 0 0 5235.68500000
1475 0 1 0 1.474000000000e-06 37.01984000 -36.78231000 -26.01375000 -0.52511000 0.59341000 0.61002000 0 0 0 6332.72200000
1476 0 1 0 1.475000000000e-06 62.47836000 -14.80800000 -23.54252000 -0.99699000 0.04763000 0.06113000 0 0 0 5819.56900000
1477 0 1 0 1.476000000000e-06 42.21934000 -21.44627000 -38.05420000 -0.28993000 0.48734000 0.82368000 0 0 0 6702.11700000
1478 0 1 0 1.477000000000e-06 40.67976000 -38.05252000 -22.11844000 -0.55198000 0.53870000 0.63649000 0 0 0 7853.06000000
1479 0 1 0 1.478000000000e-06 61.19615000 -28.99364000 -13.63097000 -0.52601000 0.53192000 0.66361000 0 0 0 7547.37800000
1480 0 1 0 1.479000000000e-06 -44.43590000 -14.50290000 -38.94494000 0.62580000 0.66694000 0.40443000 0 0 0 4317.15000000
1481 0 1 0 1.480000000000e-06 64.46709000 -17.11083000 38.25966000 -0.98999000 0.13520000 0.04051000 0 0 0 5150.99900000
1482 0 1 0 1.481000000000e-06 57.71956000 -27.17526000 -5.23067000 -0.83966000 0.53724000 0.07969000 0 0 0 5215.58200000
1483 0 1 0 1.482000000000e-06 62.00310000 -34.11347000 -11.76743000 -0.50183000 0.48377000 0.71703000 0 0 0 6577.71400000
1484 0 1 0 1.483000000000e-06 -35.96090000 -8.62071000 -36.17270000 0.78441000 0.24331000 0.57053000 0 0 0 4188.14700000
1485 0 1 0 1.484000000000e-06 48.52783000 -43.76994000 7.99690000 -0.85040000 0.52403000 0.04702000 0 0 0 5037.23500000
1486 0 1 0 1.485000000000e-06 -34.32733000 6.24709000 -37.13690000 0.73899000 0.02092000 0.67339000 0 0 0 4643.84100000
1487 0 1 0 1.486000000000e-06 -37.08669000 2.29965000 -34.77894000 0.79578000 0.00153000 0.60558000 0 0 0 4367.72600000
1488 0 1 0 1.487000000000e-06 63.76081000 12.26221000 -17.89843000 -0.99825000 0.01558000 0.05699000 0 0 0 5535.34200000
1489 0 1 0 1.488000000000e-06 57.02391000 -24.55704000 -27.47160000 -0.86657000 0.49307000 0.07702000 0 0 0 5284.30600000
1490 0 1 0 1.489000000000e-06 34.01198000 -29.22805000 -35.89262000 -0.38931000 0.61975000 0.68143000 0 0 0 6428.73400000
1491 0 1 0 1.490000000000e-06 43.31321000 -29.76691000 -27.49112000 -0.61796000 0.36963000 0.69390000 0 0 0 6910.00100000
1492 0 1 0 1.491000000000e-06 42.60138000 -35.42106000 -22.53951000 -0.51431000 0.62589000 0.58631000 0 0 0 6543.91700000
1493 0 1 0 1.492000000000e-06 64.98682000 -12.23606000 0.13361000 -0.91439000 0.40420000 0.02292000 0 0 0 5373.07700000
1494 0 1 0 1.493000000000e-06 -29.38867000 -8.57053000 -43.35507000 0.78053000 0.09023000 0.61857000 0 0 0 4137.67100000
1495 0 1 0 1.494000000000e-06 62.49008000 -16.03987000 -0.23171000 -0.96476000 0.26018000 0.03927000 0 0 0 5768.82000000
1496 0 1 0 1.495000000000e-06 45.52517000 -28.57381000 -27.43329000 -0.58225000 0.32239000 0.74636000 0 0 0 7497.22900000
1497 0 1 0 1.496000000000e-06 54.33008000 -36.07587000 -8.30796000 -0.83281000 0.55081000 -0.05509000 0 0 0 5413.82700000
1498 0 1 0 1.497000000000e-06 25.46579000 -31.55969000 -38.99286000 -0.47432000 0.55762000 0.68123000 0 0 0 6345.94000000
1499 0 1 0 1.498000000000e-06 50.33175000 -36.77066000 -22.00257000 -0.84352000 0.53246000 0.07041000 0 0 0 5986.20300000
1500 0 1 0 1.499000000000e-06 -29.39010000 3.59362000 -45.25857000 0.75215000 0.15868000 0.63960000 0 0 0 4476.86700000
1501 0 1 0 1.500000000000e-06 30.37140000 -8.78679000 -46.95250000 -0.50763000 0.35031000 0.78714000 0 0 0 7481.92700000
1502 0 1 0 1.501000000000e-06 29.27245000 -28.90035000 -38.57184000 -0.46037000 0.57207000 0.67882000 0 0 0 7362.24900000
1503 0 1 0 1.502000000000e-06 -26.82861000 -14.96631000 -45.47333000 0.78380000 0.13990000 0.60505000 0 0 0 4693.03600000
1504 0 1 0 1.503000000000e-06 54.76059000 -35.83388000 16.61274000 -0.86491000 0.49317000 0.09335000 0 0 0 5768.53100000
1505 0 1 0 1.504000000000e-06 -51.14580000 3.63368000 -19.67107000 0.81354000 0.23946000 0.52992000 0 0 0 4627.49300000
1506 0 1 0 1.505000000000e-06 43.63971000 -40.85792000 -24.57314000 -0.33484000 0.49099000 0.80425000 0 0 0 6232.16000000
1507 0 1 0 1.506000000000e-06 -30.36249000 12.13911000 -42.90388000 0.76588000 0.03381000 0.64209000 0 0 0 4439.83000000
1508 0 1 0 1.507000000000e-06 40.39202000 -20.75235000 -36.42663000 -0.41294000 0.43256000 0.80148000 0 0 0 6319.39300000
1509 0 1 0 1.508000000000e-06 60.43101000 -22.83186000 1.58850000 -0.90949000 0.41550000 0.01338000 0 0 0 5947.06900000
1510 0 1 0 1.509000000000e-06 44.48139000 3.40888000 -37.60312000 -0.60475000 0.13452000 0.78497000 0 0 0 6146.67600000
1511 0 1 0 1.510000000000e-06 -32.73399000 -14.16130000 -39.09124000 0.77037000 0.32856000 0.54642000 0 0 0 4418.15500000
1512 0 1 0 1.511000000000e-06 29.77190000 -30.41953000 -40.39401000 -0.65045000 0.33931000 0.67954000 0 0 0 6381.72200000
1513 0 1 0 1.512000000000e-06 -18.33188000 -44.63109000 -31.35855000 0.63720000 0.43750000 0.63449000 0 0 0 4170.78100000
1514 0 1 0 1.513000000000e-06 -37.87688000 -17.23763000 -30.46540000 0.80048000 0.29452000 0.52200000 0 0 0 4488.23500000
1515 0 1 0 1.514000000000e-06 54.17602000 -28.71600000 -22.50826000 -0.44617000 0.55517000 0.70194000 0 0 0 7056.86000000
1516 0 1 0 1.515000000000e-06 51.25121000 -40.31296000 -6.64678000 -0.89199000 0.45051000 0.03724000 0 0 0 5002.23500000
1517 0 1 0 1.516000000000e-06 -33.97971000 -22.36041000 -31.31064000 0.72323000 0.35924000 0.58982000 0 0 0 4410.33400000
1518 0 1 0 1.517000000000e-06 22.83610000 -26.72209000 -41.82238000 -0.30672000 0.49832000 0.81092000 0 0 0 6803.54700000
1519 0 1 0 1.518000000000e-06 50.15214000 -16.42027000 -28.38751000 -0.66941000 0.16301000 0.72479000 0 0 0 6962.04700000
1520 0 1 0 1.519000000000e-06 63.89692000 -15.09232000 8.36819000 -0.92129000 0.38306000 -0.06702000 0 0 0 5713.47000000
1521 0 1 0 1.520000000000e-06 58.77836000 -25.32668000 -9.84909000 -0.90375000 0.42694000 0.03104000 0 0 0 5559.85900000
1522 0 1 0 1.521000000000e-06 -32.67679000 -16.14661000 -38.34861000 0.76135000 0.36185000 0.53797000 0 0 0 4205.67600000
1523 0 1 0 1.522000000000e-06 61.35185000 -22.83369000 -25.40973000 -0.97615000 0.21712000 0.00101000 0 0 0 5694.47400000
1524 0 1 0 1.523000000000e-06 21.62471000 -11.51006000 -53.06665000 -0.61356000 0.17749000 0.76944000 0 0 0 6986.04100000
1525 0 1 0 1.524000000000e-06 53.01573000 -35.36024000 -5.46570000 -0.87007000 0.48855000 0.06550000 0 0 0 5680.69800000
1526 0 1 0 1.525000000000e-06 64.47283000 1.36448000 -17.83954000 -0.98765000 0.14693000 0.05449000 0 0 0 5123.09000000
1527 0 1 0 1.526000000000e-06 48.78754000 -12.74728000 -31.13658000 -0.61207000 0.17924000 0.77022000 0 0 0 7458.46300000
1528 0 1 0 1.527000000000e-06 59.66716000 -28.41266000 -16.06355000 -0.50827000 0.54711000 0.66508000 0 0 0 7159.22000000
1529 0 1 0 1.528000000000e-06 60.60698000 -24.78596000 0.24985000 -0.97548000 0.21382000 0.05223000 0 0 0 5465.93000000
1530 0 1 0 1.529000000000e-06 25.60982000 -21.04470000 -48.64677000 -0.64383000 0.33157000 0.68959000 0 0 0 6308.99600000
1531 0 1 0 1.530000000000e-06 -23.40164000 -14.33137000 -46.40051000 0.72457000 0.15244000 0.67213000 0 0 0 4150.94500000
1532 0 1 0 1.531000000000e-06 39.18919000 -10.78451000 -39.39688000 -0.59319000 0.25256000 0.76442000 0 0 0 6071.64500000
1533 0 1 0 1.532000000000e-06 64.41853000 -11.89863000 -24.27080000 -0.93605000 0.35182000 0.00587000 0 0 0 5547.03300000
1534 0 1 0 1.533000000000e-06 47.35964000 -37.89627000 -23.37368000 -0.41536000 0.43783000 0.79736000 0 0 0 6627.54200000
1535 0 1 0 1.534000000000e-06 -40.99622000 -13.74457000 -27.00526000 0.76392000 0.24477000 0.59709000 0 0 0 4006.44600000
1536 0 1 0 1.535000000000e-06 -51.06328000 -1.76463000 -15.99083000 0.82777000 0.18082000 0.53113000 0 0 0 4879.69000000
1537 0 1 0 1.536000000000e-06 62.55415000 -11.91003000 -8.36794000 -0.97177000 0.22088000 0.08290000 0 0 0 5520.37900000
1538 0 1 0 1.537000000000e-06 49.74147000 -40.63634000 -5.10349000 -0.83043000 0.55691000 0.01520000 0 0 0 5932.44000000
1539 0 1 0 1.538000000000e-06 62.64044000 -18.87052000 8.17489000 -0.89434000 0.44669000 0.02505000 0 0 0 5860.09300000
1540 0 1 0 1.539000000000e-06 66.09549000 -6.09912000 37.54729000 -0.99927000 0.00488000 0.03786000 0 0 0 5913.48000000
1541 0 1 0 1.540000000000e-06 -35.24489000 -18.10867000 -33.50854000 0.77594000 0.33673000 0.53342000 0 0 0 4763.91000000
1542 0 1 0 1.541000000000e-06 -37.88971000 2.93260000 -33.71878000 0.76960000 0.05831000 0.63585000 0 0 0 4706.56000000
1543 0 1 0 1.542000000000e-06 55.81432000 -33.34182000 -14.45151000 -0.48223000 0.65706000 0.57941000 0 0 0 7640.35000000
1544 0 1 0 1.543000000000e-06 56.79669000 -34.10609000 -13.33421000 -0.57399000 0.43195000 0.69567000 0 0 0 6844.80100000
1545 0 1 0 1.544000000000e-06 49.05835000 -32.87736000 -26.81074000 -0.37525000 0.42467000 0.82392000 0 0 0 7700.85500000
1546 0 1 0 1.545000000000e-06 67.19475000 -11.85182000 9.00566000 -0.87270000 0.48291000 0.07212000 0 0 0 5265.88800000
1547 0 1 0 1.546000000000e-06 64.89214000 -5.41405000 2.09094000 -0.99938000 0.03465000 -0.00617000 0 0 0 5016.53300000
1548 0 1 0 1.547000000000e-06 57.48771000 -18.03311000 -30.02776000 -0.90171000 0.41076000 0.13488000 0 0 0 5072.38800000
1549 0 1 0 1.548000000000e-06 57.64375000 -31.97405000 -18.89045000 -0.43295000 0.52372000 0.73367000 0 0 0 6757.05300000
1550 0 1 0 1.549000000000e-06 -49.53823000 -9.29013000 -19.73673000 0.73193000 0.34611000 0.58693000 0 0 0 4152.41900000
1551 0 1 0 1.550000000000e-06 -35.84204000 -20.49179000 -31.08535000 0.75501000 0.38527000 0.53060000 0 0 0 4493.55200000
1552 0 1 0 1.551000000000e-06 63.86155000 -15.09562000 -9.61299000 -0.99628000 0.08613000 0.00308000 0 0 0 5197.88000000
1553 0 1 0 1.552000000000e-06 61.53996000 -18.13857000 -8.27516000 -0.97101000 0.23381000 0.04966000 0 0 0 5035.85500000
1554 0 1 0 1.553000000000e-06 56.22579000 -41.01546000 -11.47866000 -0.95084000 0.30422000 -0.05789000 0 0 0 5210.49400000
1555 0 1 0 1.554000000000e-06 30.11672000 3.20208000 -50.91948000 -0.67730000 0.12892000 0.72433000 0 0 0 6043.80700000
1556 0 1 0 1.555000000000e-06 57.95799000 -25.65528000 -6.40891000 -0.89905000 0.42833000 0.09081000 0 0 0 5574.91000000
1557 0 1 0 1.556000000000e-06 69.38059000 -0.50625000 19.33065000 -0.92790000 0.37276000 -0.00701000 0 0 0 5037.23600000
1558 0 1 0 1.557000000000e-06 -41.89681000 -13.70418000 -26.22769000 0.80493000 0.14396000 0.57564000 0 0 0 4201.08400000
1559 0 1 0 1.558000000000e-06 64.60053000 -7.80749000 -2.14512000 -0.96923000 0.24441000 0.02916000 0 0 0 5916.08600000
1560 0 1 0 1.559000000000e-06 -47.72435000 -7.00759000 -21.29606000 0.74582000 0.18881000 0.63883000 0 0 0 4288.53300000
1561 0 1 0 1.560000000000e-06 55.44507000 -36.44827000 -22.74381000 -0.95813000 0.28317000 0.04240000 0 0 0 5823.48500000
1562 0 1 0 1.561000000000e-06 52.45586000 -39.04181000 14.68946000 -0.85774000 0.50679000 0.08627000 0 0 0 5737.22400000
1563 0 1 0 1.562000000000e-06 -44.60519000 -19.86589000 -19.21238000 0.83438000 0.21764000 0.50640000 0 0 0 4024.11500000
1564 0 1 0 1.563000000000e-06 40.40166000 -5.75944000 -41.19110000 -0.62598000 0.30114000 0.71935000 0 0 0 7573.92900000
1565 0 1 0 1.564000000000e-06 20.75630000 -26.98289000 -43.18133000 -0.40792000 0.45800000 0.78983000 0 0 0 6170.44400000
1566 0 1 0 1.565000000000e-06 49.57352000 -27.77036000 -22.58282000 -0.59206000 0.44973000 0.66873000 0 0 0 7476.49200000
1567 0 1 0 1.566000000000e-06 39.47243000 2.24135000 -42.72656000 -0.67250000 0.17416000 0.71931000 0 0 0 7321.57200000
1568 0 1 0 1.567000000000e-06 52.85066000 -38.01967000 -9.15099000 -0.92245000 0.37672000 0.08471000 0 0 0 5696.07200000
1569 0 1 0 1.568000000000e-06 -46.61964000 -7.68339000 -22.00873000 0.82468000 0.27589000 0.49375000 0 0 0 4835.86100000
1570 0 1 0 1.569000000000e-06 40.91688000 -34.34512000 -29.04840000 -0.43993000 0.39163000 0.80813000 0 0 0 6682.95800000
1571 0 1 0 1.570000000000e-06 -42.00274000 -20.39586000 -23.88627000 0.65345000 0.41274000 0.63455000 0 0 0 4700.90500000
1572 0 1 0 1.571000000000e-06 54.96209000 -26.48369000 -19.03023000 -0.56340000 0.58116000 0.58723000 0 0 0 7699.48600000
1573 0 1 0 1.572000000000e-06 11.93549000 -19.51355000 -57.66824000 -0.41151000 0.60759000 0.67933000 0 0 0 6083.75500000
1574 0 1 0 1.573000000000e-06 -38.12043000 27.69986000 -34.89410000 0.77310000 0.04047000 0.63299000 0 0 0 4954.88000000
1575 0 1 0 1.574000000000e-06 41.18069000 -18.71653000 -37.08137000 -0.57313000 0.50075000 0.64866000 0 0 0 7957.76200000
1576 0 1 0 1.575000000000e-06 57.45326000 -14.17885000 -34.60214000 -0.87203000 0.45559000 0.17887000 0 0 0 5960.12600000
1577 0 1 0 1.576000000000e-06 63.71272000 -11.86754000 -20.58454000 -0.99908000 0.00759000 0.04230000 0 0 0 5201.72200000
1578 0 1 0 1.577000000000e-06 38.12871000 -41.98950000 -20.43974000 -0.48305000 0.60210000 0.63573000 0 0 0 7848.66300000
1579 0 1 0 1.578000000000e-06 47.78862000 -48.95457000 -3.71045000 -0.90708000 0.41589000 0.06511000 0 0 0 5826.44700000
1580 0 1 0 1.579000000000e-06 57.14861000 -25.67971000 -23.96025000 -0.45927000 0.36352000 0.81051000 0 0 0 6083.58100000
1581 0 1 0 1.580000000000e-06 63.09144000 -13.18985000 -3.95488000 -0.98926000 0.13343000 0.05962000 0 0 0 5456.77600000
1582 0 1 0 1.581000000000e-06 34.76231000 -31.52284000 -33.92690000 -0.48051000 0.65393000 0.58437000 0 0 0 6872.09800000
1583 0 1 0 1.582000000000e-06 -53.31923000 9.33480000 -22.81312000 0.79568000 0.31227000 0.51901000 0 0 0 4224.30100000
1584 0 1 0 1.583000000000e-06 -5.33114000 -53.96220000 -26.41985000 0.53688000 0.70014000 0.47071000 0 0 0 4333.00700000
1585 0 1 0 1.584000000000e-06 27.59688000 -26.12486000 -40.30985000 -0.29966000 0.43024000 0.85153000 0 0 0 6570.00500000
1586 0 1 0 1.585000000000e-06 -31.55984000 -15.50592000 -42.01512000 0.80578000 0.31051000 0.50428000 0 0 0 4374.12000000
1587 0 1 0 1.586000000000e-06 -30.79142000 -28.07194000 -32.99938000 0.75594000 0.31479000 0.57398000 0 0 0 4555.74600000
1588 0 1 0 1.587000000000e-06 12.35097000 -20.94470000 -49.96652000 -0.39281000 0.41165000 0.82234000 0 0 0 6776.57000000
1589 0 1 0 1.588000000000e-06 -46.46576000 -9.32910000 -21.86559000 0.75564000 0.20816000 0.62103000 0 0 0 4340.86300000
1590 0 1 0 1.589000000000e-06 24.90876000 -5.75353000 -54.69768000 -0.62365000 0.30581000 0.71941000 0 0 0 6068.82500000
1591 0 1 0 1.590000000000e-06 -34.24712000 -26.34670000 -27.95570000 0.64994000 0.43687000 0.62187000 0 0 0 4567.68500000
1592 0 1 0 1.591000000000e-06 58.86238000 -34.86439000 -19.13212000 -0.41340000 0.43827000 0.79814000 0 0 0 7806.02800000
1593 0 1 0 1.592000000000e-06 64.92339000 -13.61502000 -4.04527000 -0.97371000 0.20873000 -0.09121000 0 0 0 5692.43700000
1594 0 1 0 1.593000000000e-06 55.14324000 -16.83831000 -28.46736000 -0.47691000 0.38596000 0.78967000 0 0 0 6050.86300000
1595 0 1 0 1.594000000000e-06 46.67150000 -31.97920000 -25.05729000 -0.43301000 0.55837000 0.70762000 0 0 0 6128.10000000
1596 0 1 0 1.595000000000e-06 15.32843000 -32.61230000 -41.03722000 -0.30666000 0.53874000 0.78468000 0 0 0 6842.22000000
1597 0 1 0 1.596000000000e-06 54.09944000 -36.49778000 -1.05817000 -0.91689000 0.39535000 0.05486000 0 0 0 5023.31600000
1598 0 1 0 1.597000000000e-06 -38.86630000 -23.75422000 -24.50977000 0.76375000 0.35398000 0.53980000 0 0 0 4875.69900000
1599 0 1 0 1.598000000000e-06 31.24421000 -11.99665000 -45.40355000 -0.53201000 0.35820000 0.76724000 0 0 0 6310.40500000
1600 0 1 0 1.599000000000e-06 58.47336000 -30.77877000 -20.55288000 -0.92389000 0.38076000 -0.03800000 0 0 0 5587.47700000
1601 0 1 0 1.600000000000e-06 59.25481000 -24.30477000 -4.91772000 -0.90017000 0.43316000 0.04554000 0 0 0 5496.31600000
1602 0 1 0 1.601000000000e-06 -44.56969000 -14.36944000 -23.77512000 0.68340000 0.30092000 0.66514000 0 0 0 4236.07400000
1603 0 1 0 1.602000000000e-06 15.34717000 -43.09613000 -38.39389000 -0.51397000 0.63688000 0.57465000 0 0 0 7077.27100000
1604 0 1 0 1.603000000000e-06 62.55873000 -20.89489000 -11.28318000 -0.99409000 0.10450000 0.02949000 0 0 0 5243.22500000
1605 0 1 0 1.604000000000e-06 -43.59715000 -17.05336000 -23.06018000 0.73806000 0.20900000 0.64155000 0 0 0 4180.17200000
1606 0 1 0 1.605000000000e-06 55.25466000 -28.66364000 -21.04466000 -0.93092000 0.34931000 0.10666000 0 0 0 5684.27000000
1607 0 1 0 1.606000000000e-06 58.65934000 -23.85627000 -21.22004000 -0.49455000 0.53322000 0.68636000 0 0 0 7826.93800000
1608 0 1 0 1.607000000000e-06 62.19914000 -20.42983000 -5.67077000 -0.84568000 0.53105000 0.05308000 0 0 0 5727.64900000
1609 0 1 0 1.608000000000e-06 -49.64732000 -9.93973000 -18.84844000 0.73255000 0.30767000 0.60722000 0 0 0 4624.17100000
1610 0 1 0 1.609000000000e-06 -37.97275000 -13.86146000 -31.08029000 0.76951000 0.27145000 0.57807000 0 0 0 4148.29000000
1611 0 1 0 1.610000000000e-06 13.87819000 -44.00048000 -41.16746000 -0.56165000 0.59609000 0.57378000 0 0 0 7096.60300000
1612 0 1 0 1.611000000000e-06 -45.57431000 -18.98369000 -20.45965000 0.83115000 0.09656000 0.54761000 0 0 0 4807.89300000
1613 0 1 0 1.612000000000e-06 -40.37858000 3.50533000 -38.96432000 0.81913000 0.28655000 0.49690000 0 0 0 4154.11900000
1614 0 1 0 1.613000000000e-06 63.85624000 8.32341000 -13.72850000 -0.99831000 0.00780000 0.05755000 0 0 0 5303.55600000
1615 0 1 0 1.614000000000e-06 52.59955000 -28.16161000 -21.12338000 -0.53382000 0.65091000 0.53977000 0 0 0 6251.45700000
1616 0 1 0 1.615000000000e-06 62.16103000 -15.49538000 -21.24232000 -0.98313000 0.17978000 0.03364000 0 0 0 5405.39400000
1617 0 1 0 1.616000000000e-06 -39.71272000 -17.53342000 -27.86284000 0.80488000 0.32352000 0.49750000 0 0 0 4393.23700000
1618 0 1 0 1.617000000000e-06 56.89110000 -29.28687000 0.34123000 -0.89844000 0.41163000 0.15284000 0 0 0 5849.16900000
1619 0 1 0 1.618000000000e-06 54.18971000 -24.94528000 -31.10005000 -0.90554000 0.40210000 0.13532000 0 0 0 5923.04200000
1620 0 1 0 1.619000000000e-06 -40.71084000 -5.04650000 -31.85288000 0.78321000 0.27300000 0.55862000 0 0 0 4172.99500000
1621 0 1 0 1.620000000000e-06 60.40031000 -11.09995000 -26.80382000 -0.92673000 0.35144000 0.13289000 0 0 0 5804.26500000
1622 0 1 0 1.621000000000e-06 53.73183000 -6.41804000 -31.90751000 -0.50891000 0.26571000 0.81878000 0 0 0 6906.41700000
1623 0 1 0 1.622000000000e-06 51.74866000 -37.75784000 -0.17077000 -0.86008000 0.48836000 0.14753000 0 0 0 5821.38900000
1624 0 1 0 1.623000000000e-06 12.74947000 -43.14936000 -35.74960000 -0.40287000 0.61839000 0.67475000 0 0 0 6210.46100000
1625 0 1 0 1.624000000000e-06 61.77308000 -17.70029000 -16.38227000 -0.96915000 0.24520000 0.02515000 0 0 0 5398.37700000
1626 0 1 0 1.625000000000e-06 54.51849000 -36.40706000 7.04285000 -0.90856000 0.40727000 0.09302000 0 0 0 5926.61700000
1627 0 1 0 1.626000000000e-06 55.44120000 -21.12654000 -28.62173000 -0.87754000 0.45001000 0.16556000 0 0 0 5751.51200000
1628 0 1 0 1.627000000000e-06 -36.81360000 -18.26002000 -32.33309000 0.73530000 0.07823000 0.67321000 0 0 0 4432.25200000
1629 0 1 0 1.628000000000e-06 -47.09574000 -16.05215000 -20.23613000 0.81851000 0.03729000 0.57329000 0 0 0 4819.26100000
1630 0 1 0 1.629000000000e-06 53.92540000 -35.80496000 -13.56430000 -0.93920000 0.32765000 0.10273000 0 0 0 5183.46700000
1631 0 1 0 1.630000000000e-06 -48.72273000 -8.49692000 -18.79807000 0.81876000 0.00649000 0.57410000 0 0 0 4747.76600000
1632 0 1 0 1.631000000000e-06 -38.85275000 -17.98910000 -29.97262000 0.82947000 0.14435000 0.53957000 0 0 0 4728.10800000
1633 0 1 0 1.632000000000e-06 54.51706000 -32.44126000 -23.69611000 -0.36235000 0.51047000 0.77982000 0 0 0 7230.24000000
1634 0 1 0 1.633000000000e-06 65.46187000 -1.08359000 -5.12316000 -0.99584000 0.08845000 -0.02170000 0 0 0 5883.07500000
1635 0 1 0 1.634000000000e-06 -45.17152000 -0.32011000 -24.35751000 0.79161000 0.06615000 0.60744000 0 0 0 4879.64100000
1636 0 1 0 1.635000000000e-06 65.61956000 1.75753000 43.53341000 -0.99650000 0.08322000 0.00757000 0 0 0 5515.27600000
1637 0 1 0 1.636000000000e-06 62.44930000 -16.36907000 -13.01933000 -0.97610000 0.21663000 0.01715000 0 0 0 5382.49300000
1638 0 1 0 1.637000000000e-06 48.07553000 -27.88500000 -26.74059000 -0.56349000 0.28956000 0.77371000 0 0 0 7573.94600000
1639 0 1 0 1.638000000000e-06 -39.81510000 -21.16091000 -25.13184000 0.75123000 0.28149000 0.59700000 0 0 0 4498.31400000
1640 0 1 0 1.639000000000e-06 33.66207000 -3.18758000 -51.10412000 -0.49839000 0.45763000 0.73633000 0 0 0 6302.67200000
1641 0 1 0 1.640000000000e-06 65.92008000 -3.91925000 35.30409000 -0.97277000 0.23167000 0.00644000 0 0 0 5448.14000000
1642 0 1 0 1.641000000000e-06 50.78031000 -37.63065000 -19.25458000 -0.87714000 0.47518000 0.06947000 0 0 0 5997.57100000
1643 0 1 0 1.642000000000e-06 46.91070000 -27.08412000 -28.61860000 -0.51173000 0.31115000 0.80082000 0 0 0 7406.72600000
1644 0 1 0 1.643000000000e-06 21.68699000 -14.83718000 -52.78163000 -0.60313000 0.31603000 0.73236000 0 0 0 6160.78800000
1645 0 1 0 1.644000000000e-06 18.08285000 -27.81109000 -46.98192000 -0.51383000 0.46667000 0.71986000 0 0 0 6930.80100000
1646 0 1 0 1.645000000000e-06 43.85981000 -26.82569000 -28.82745000 -0.54272000 0.51641000 0.66240000 0 0 0 6404.80800000
1647 0 1 0 1.646000000000e-06 60.86277000 -23.14002000 14.01225000 -0.88214000 0.46998000 0.03076000 0 0 0 5427.46400000
1648 0 1 0 1.647000000000e-06 22.40906000 -26.81099000 -45.41494000 -0.45750000 0.58926000 0.66593000 0 0 0 6986.59900000
1649 0 1 0 1.648000000000e-06 64.81447000 -2.26982000 -12.70292000 -0.97714000 0.20665000 0.04994000 0 0 0 5743.06400000
1650 0 1 0 1.649000000000e-06 -37.02140000 -13.12586000 -32.48277000 0.75468000 0.11202000 0.64646000 0 0 0 4444.52900000
1651 0 1 0 1.650000000000e-06 58.13375000 -30.69405000 -25.45842000 -0.86812000 0.49488000 -0.03820000 0 0 0 5971.66800000
1652 0 1 0 1.651000000000e-06 50.15326000 -37.10690000 -32.42650000 -0.91250000 0.39717000 0.09800000 0 0 0 5855.90600000
1653 0 1 0 1.652000000000e-06 30.90328000 -22.84524000 -42.09247000 -0.61035000 0.26413000 0.74680000 0 0 0 6431.01600000
1654 0 1 0 1.653000000000e-06 -45.99315000 -9.95720000 -21.37681000 0.81722000 0.23445000 0.52648000 0 0 0 4242.08300000
1655 0 1 0 1.654000000000e-06 -42.63852000 6.53527000 -31.30779000 0.80952000 0.17548000 0.56025000 0 0 0 4243.13500000
1656 0 1 0 1.655000000000e-06 34.81629000 -26.79798000 -36.13179000 -0.42686000 0.52994000 0.73277000 0 0 0 6148.74700000
1657 0 1 0 1.656000000000e-06 50.75789000 -28.13201000 -21.57330000 -0.56580000 0.49979000 0.65580000 0 0 0 6174.51000000
1658 0 1 0 1.657000000000e-06 -28.98031000 -51.27604000 -9.19985000 0.70486000 0.53961000 0.46044000 0 0 0 4484.84500000
1659 0 1 0 1.658000000000e-06 26.28352000 -18.19164000 -46.31079000 -0.56059000 0.31942000 0.76401000 0 0 0 7932.62600000
1660 0 1 0 1.659000000000e-06 55.62127000 -35.70126000 15.37079000 -0.87733000 0.46064000 0.13453000 0 0 0 5085.41900000
1661 0 1 0 1.660000000000e-06 56.52430000 -28.79248000 -17.63276000 -0.84081000 0.53964000 0.04282000 0 0 0 5312.85400000
1662 0 1 0 1.661000000000e-06 -46.57001000 -6.87002000 -21.01257000 0.84093000 0.15109000 0.51962000 0 0 0 4005.78000000
1663 0 1 0 1.662000000000e-06 40.17452000 -32.18130000 -27.66197000 -0.60009000 0.47679000 0.64231000 0 0 0 7110.89200000
1664 0 1 0 1.663000000000e-06 -41.14915000 7.07893000 -34.16085000 0.82546000 0.17583000 0.53637000 0 0 0 4611.61500000
1665 0 1 0 1.664000000000e-06 54.22464000 -34.91777000 16.56400000 -0.86310000 0.50481000 0.01490000 0 0 0 5950.73400000
1666 0 1 0 1.665000000000e-06 -30.76950000 -43.53078000 -22.32193000 0.78712000 0.38457000 0.48224000 0 0 0 4661.88000000
1667 0 1 0 1.666000000000e-06 23.67406000 -23.02601000 -46.52693000 -0.55491000 0.22299000 0.80147000 0 0 0 6688.20900000
1668 0 1 0 1.667000000000e-06 59.16256000 -29.76603000 -18.09050000 -0.47578000 0.47804000 0.73832000 0 0 0 6896.20300000
1669 0 1 0 1.668000000000e-06 -44.82084000 -13.87158000 -23.14513000 0.73171000 0.16462000 0.66144000 0 0 0 4356.98900000
1670 0 1 0 1.669000000000e-06 -25.23779000 -2.97208000 -47.30584000 0.72768000 0.16325000 0.66621000 0 0 0 4835.30600000
1671 0 1 0 1.670000000000e-06 64.64451000 -24.58340000 -13.12563000 -0.63485000 0.23915000 0.73469000 0 0 0 6052.13900000
1672 0 1 0 1.671000000000e-06 60.06663000 -24.85934000 -14.73783000 -0.94302000 0.33262000 -0.00834000 0 0 0 5511.23100000
1673 0 1 0 1.672000000000e-06 55.49084000 -3.29155000 -28.00200000 -0.64524000 0.26156000 0.71781000 0 0 0 7831.70100000
1674 0 1 0 1.673000000000e-06 24.00422000 -44.17818000 -28.88259000 -0.48498000 0.62489000 0.61181000 0 0 0 7258.19100000
1675 0 1 0 1.674000000000e-06 47.24468000 -50.64627000 -4.42076000 -0.90366000 0.42812000 0.01062000 0 0 0 5281.20200000
1676 0 1 0 1.675000000000e-06 -34.80893000 -12.19208000 -35.70326000 0.76442000 0.07934000 0.63982000 0 0 0 4461.85100000
1677 0 1 0 1.676000000000e-06 -34.20178000 -9.60645000 -50.02082000 0.71824000 0.52756000 0.45367000 0 0 0 4320.69500000
1678 0 1 0 1.677000000000e-06 -41.35728000 -10.48162000 -28.45419000 0.84176000 0.12364000 0.52551000 0 0 0 4154.41400000
1679 0 1 0 1.678000000000e-06 63.87147000 -12.70397000 35.25536000 -0.98689000 0.16127000 0.00566000 0 0 0 5530.53000000
1680 0 1 0 1.679000000000e-06 60.63593000 -20.60578000 -19.81141000 -0.96533000 0.25891000 0.03325000 0 0 0 5064.89600000
1681 0 1 0 1.680000000000e-06 62.69949000 -13.10292000 -26.88303000 -0.92605000 0.37455000 0.04625000 0 0 0 5417.44400000
1682 0 1 0 1.681000000000e-06 -32.94586000 1.00628000 -39.47536000 0.77595000 0.01418000 0.63063000 0 0 0 4585.18400000
1683 0 1 0 1.682000000000e-06 -35.99567000 16.79236000 -35.45251000 0.74155000 0.01297000 0.67077000 0 0 0 4937.64400000
1684 0 1 0 1.683000000000e-06 66.71861000 -12.80940000 35.26952000 -0.81377000 0.57380000 -0.09231000 0 0 0 5616.04800000
1685 0 1 0 1.684000000000e-06 29.19538000 -25.82082000 -41.59237000 -0.59334000 0.32349000 0.73709000 0 0 0 7173.38500000
1686 0 1 0 1.685000000000e-06 21.26144000 -28.04886000 -46.85214000 -0.47746000 0.61737000 0.62521000 0 0 0 6361.94100000
1687 0 1 0 1.686000000000e-06 50.71264000 -41.60772000 -4.85981000 -0.83391000 0.54791000 -0.06621000 0 0 0 5754.27200000
1688 0 1 0 1.687000000000e-06 -37.16996000 -17.72036000 -31.48376000 0.81351000 0.22196000 0.53753000 0 0 0 4464.49000000
1689 0 1 0 1.688000000000e-06 61.36361000 -21.85379000 -8.67777000 -0.97715000 0.21191000 0.01659000 0 0 0 5368.37400000
1690 0 1 0 1.689000000000e-06 63.07540000 -16.80419000 4.40802000 -0.93091000 0.36340000 -0.03686000 0 0 0 5489.38100000
1691 0 1 0 1.690000000000e-06 32.91196000 -25.71120000 -37.65113000 -0.40402000 0.45065000 0.79604000 0 0 0 6974.99900000
1692 0 1 0 1.691000000000e-06 36.76987000 -37.19837000 -26.25154000 -0.58411000 0.53896000 0.60691000 0 0 0 7072.78500000
1693 0 1 0 1.692000000000e-06 59.28974000 -20.35331000 -33.09333000 -0.93756000 0.34426000 0.04973000 0 0 0 5434.64300000
1694 0 1 0 1.693000000000e-06 59.15177000 -27.55753000 12.02944000 -0.90062000 0.41985000 0.11230000 0 0 0 5408.28100000
1695 0 1 0 1.694000000000e-06 63.38686000 -4.71755000 40.76041000 -0.95953000 0.26838000 -0.08533000 0 0 0 5532.45900000
1696 0 1 0 1.695000000000e-06 54.69718000 -30.33370000 -17.69158000 -0.87834000 0.47193000 0.07619000 0 0 0 5702.87800000
1697 0 1 0 1.696000000000e-06 -30.14970000 -53.68416000 3.92399000 0.66375000 0.64768000 0.37408000 0 0 0 4941.56300000
1698 0 1 0 1.697000000000e-06 60.59351000 -7.29377000 -25.13892000 -0.55933000 0.21168000 0.80147000 0 0 0 6969.08400000
1699 0 1 0 1.698000000000e-06 60.58081000 -20.63206000 -6.13418000 -0.90546000 0.41894000 0.06808000 0 0 0 5839.18500000
1700 0 1 0 1.699000000000e-06 -34.31466000 -17.81993000 -34.57211000 0.78030000 0.18392000 0.59776000 0 0 0 4697.26400000
1701 0 1 0 1.700000000000e-06 21.64395000 -31.99974000 -39.27101000 -0.35081000 0.55709000 0.75272000 0 0 0 6031.00500000
1702 0 1 0 1.701000000000e-06 60.20856000 -23.50146000 8.11539000 -0.92449000 0.38119000 0.00161000 0 0 0 5834.73000000
1703 0 1 0 1.702000000000e-06 41.96601000 -19.42495000 -34.46519000 -0.53611000 0.35803000 0.76446000 0 0 0 6528.73700000
1704 0 1 0 1.703000000000e-06 39.46998000 -54.70532000 -21.39092000 -0.83766000 0.54440000 0.04423000 0 0 0 5795.13700000
1705 0 1 0 1.704000000000e-06 59.51424000 -16.76853000 -27.48746000 -0.95663000 0.27786000 0.08744000 0 0 0 5311.48700000
1706 0 1 0 1.705000000000e-06 67.99123000 -10.12572000 34.63573000 -0.92130000 0.38173000 0.07408000 0 0 0 5360.02200000
1707 0 1 0 1.706000000000e-06 48.84424000 -32.05276000 -20.92277000 -0.51317000 0.57564000 0.63663000 0 0 0 6988.30400000
1708 0 1 0 1.707000000000e-06 63.91466000 -25.02621000 -15.63361000 -0.50872000 0.53948000 0.67094000 0 0 0 6030.49900000
1709 0 1 0 1.708000000000e-06 62.47761000 -25.29654000 -19.94811000 -0.99612000 0.08571000 0.01994000 0 0 0 5019.30700000
1710 0 1 0 1.709000000000e-06 31.63960000 -35.36016000 -32.34799000 -0.55707000 0.51964000 0.64780000 0 0 0 6476.67200000
1711 0 1 0 1.710000000000e-06 45.77046000 -21.33335000 -30.31963000 -0.62283000 0.26641000 0.73560000 0 0 0 7330.83900000
1712 0 1 0 1.711000000000e-06 49.32552000 -40.93821000 -6.15101000 -0.83500000 0.54926000 0.03319000 0 0 0 5221.63200000
1713 0 1 0 1.712000000000e-06 28.43684000 -29.54118000 -37.87937000 -0.42215000 0.42798000 0.79914000 0 0 0 7975.47900000
1714 0 1 0 1.713000000000e-06 53.91061000 -33.95128000 -25.34144000 -0.85286000 0.52187000 0.01653000 0 0 0 5267.64500000
1715 0 1 0 1.714000000000e-06 27.71365000 -30.36258000 -38.04774000 -0.45031000 0.55293000 0.70106000 0 0 0 6517.46000000
1716 0 1 0 1.715000000000e-06 55.04177000 -28.41199000 -18.54003000 -0.58047000 0.40425000 0.70685000 0 0 0 7301.22400000
1717 0 1 0 1.716000000000e-06 53.73502000 -39.50592000 -22.20305000 -0.94736000 0.31749000 0.04126000 0 0 0 5907.49200000
1718 0 1 0 1.717000000000e-06 -50.73437000 -9.37173000 -15.21235000 0.79427000 0.26012000 0.54907000 0 0 0 4315.51000000
1719 0 1 0 1.718000000000e-06 64.19055000 -9.97476000 1.53220000 -0.98592000 0.16719000 -0.00332000 0 0 0 5108.73300000
1720 0 1 0 1.719000000000e-06 59.08488000 -7.23134000 -28.80911000 -0.49679000 0.27120000 0.82441000 0 0 0 7177.56500000
1721 0 1 0 1.720000000000e-06 34.42316000 -20.43897000 -39.50149000 -0.57132000 0.33201000 0.75058000 0 0 0 6474.81000000
1722 0 1 0 1.721000000000e-06 -47.59139000 6.80624000 -23.50479000 0.74969000 0.10092000 0.65405000 0 0 0 4397.01200000
1723 0 1 0 1.722000000000e-06 38.00547000 -35.13070000 -27.41745000 -0.47541000 0.54688000 0.68913000 0 0 0 6897.10700000
1724 0 1 0 1.723000000000e-06 -45.05595000 -19.29078000 -18.16384000 0.82955000 0.26756000 0.49017000 0 0 0 4031.59800000
1725 0 1 0 1.724000000000e-06 63.18532000 -18.44006000 35.91035000 -0.95978000 0.27838000 0.03636000 0 0 0 5039.29200000
1726 0 1 0 1.725000000000e-06 -35.37242000 -6.10519000 -37.56433000 0.73875000 0.28529000 0.61062000 0 0 0 4711.71400000
1727 0 1 0 1.726000000000e-06 36.56469000 -25.67613000 -35.70703000 -0.55166000 0.51150000 0.65881000 0 0 0 7482.14100000
1728 0 1 0 1.727000000000e-06 41.47928000 -30.29301000 -28.21841000 -0.53972000 0.57317000 0.61658000 0 0 0 7913.41100000
1729 0 1 0 1.728000000000e-06 -42.11954000 5.71685000 -32.83504000 0.74621000 0.22911000 0.62505000 0 0 0 4118.84200000
1730 0 1 0 1.729000000000e-06 -47.50066000 13.34693000 -21.38972000 0.79721000 0.01461000 0.60353000 0 0 0 4424.62500000
1731 0 1 0 1.730000000000e-06 70.38181000 -7.45517000 19.92299000 -0.86934000 0.49202000 0.04645000 0 0 0 5235.68500000
1732 0 1 0 1.731000000000e-06 37.01984000 -36.78231000 -26.01375000 -0.52511000 0.59341000 0.61002000 0 0 0 6332.72200000
1733 0 1 0 1.732000000000e-06 62.47836000 -14.80800000 -23.54252000 -0.99699000 0.04763000 0.06113000 0 0 0 5819.56900000
1734 0 1 0 1.733000000000e-06 42.21934000 -21.44627000 -38.05420000 -0.28993000 0.48734000 0.82368000 0 0 0 6702.11700000
1735 0 1 0 1.734000000000e-06 40.67976000 -38.05252000 -22.11844000 -0.55198000 0.53870000 0.63649000 0 0 0 7853.06000000
1736 0 1 0 1.735000000000e-06 61.19615000 -28.99364000 -13.63097000 -0.52601000 0.53192000 0.66361000 0 0 0 7547.37800000
1737 0 1 0 1.736000000000e-06 -44.43590000 -14.50290000 -38.94494000 0.62580000 0.66694000 0.40443000 0 0 0 4317.15000000
1738 0 1 0 1.737000000000e-06 64.46709000 -17.11083000 38.25966000 -0.98999000 0.13520000 0.04051000 0 0 0 5150.99900000
1739 0 1 0 1.738000000000e-06 57.71956000 -27.17526000 -5.23067000 -0.83966000 0.53724000 0.07969000 0 0 0 5215.58200000
1740 0 1 0 1.739000000000e-06 62.00310000 -34.11347000 -11.76743000 -0.50183000 0.48377000 0.71703000 0 0 0 6577.71400000
1741 0 1 0 1.740000000000e-06 -35.96090000 -8.62071000 -36.17270000 0.78441000 0.24331000 0.57053000 0 0 0 4188.14700000
1742 0 1 0 1.741000000000e-06 48.52783000 -43.76994000 7.99690000 -0.85040000 0.52403000 0.04702000 0 0 0 5037.23500000
1743 0 1 0 1.742000000000e-06 -34.32733000 6.24709000 -37.13690000 0.73899000 0.02092000 0.67339000 0 0 0 4643.84100000
1744 0 1 0 1.743000000000e-06 -37.08669000 2.29965000 -34.77894000 0.79578000 0.00153000 0.60558000 0 0 0 4367.72600000
1745 0 1 0 1.744000000000e-06 63.76081000 12.26221000 -17.89843000 -0.99825000 0.01558000 0.05699000 0 0 0 5535.34200000
1746 0 1 0 1.745000000000e-06 57.02391000 -24.55704000 -27.47160000 -0.86657000 0.49307000 0.07702000 0 0 0 5284.30600000
1747 0 1 0 1.746000000000e-06 34.01198000 -29.22805000 -35.89262000 -0.38931000 0.61975000 0.68143000 0 0 0 6428.73400000
1748 0 1 0 1.747000000000e-06 43.31321000 -29.76691000 -27.49112000 -0.61796000 0.36963000 0.69390000 0 0 0 6910.00100000
1749 0 1 0 1.748000000000e-06 42.60138000 -35.42106000 -22.53951000 -0.51431000 0.62589000 0.58631000 0 0 0 6543.91700000
1750 0 1 0 1.749000000000e-06 64.98682000 -12.23606000 0.13361000 -0.91439000 0.40420000 0.02292000 0 0 0 5373.07700000
1751 0 1 0 1.750000000000e-06 -29.38867000 -8.57053000 -43.35507000 0.78053000 0.09023000 0.61857000 0 0 0 4137.67100000
1752 0 1 0 1.751000000000e-06 62.49008000 -16.03987000 -0.23171000 -0.96476000 0.26018000 0.03927000 0 0 0 5768.82000000
1753 0 1 0 1.752000000000e-06 45.52517000 -28.57381000 -27.43329000 -0.58225000 0.32239000 0.74636000 0 0 0 7497.22900000
1754 0 1 0 1.753000000000e-06 54.33008000 -36.07587000 -8.30796000 -0.83281000 0.55081000 -0.05509000 0 0 0 5413.82700000
1755 0 1 0 1.754000000000e-06 25.46579000 -31.55969000 -38.99286000 -0.47432000 0.55762000 0.68123000 0 0 0 6345.94000000
1756 0 1 0 1.755000000000e-06 50.33175000 -36.77066000 -22.00257000 -0.84352000 0.53246000 0.07041000 0 0 0 5986.20300000
1757 0 1 0 1.756000000000e-06 -29.39010000 3.59362000 -45.25857000 0.75215000 0.15868000 0.63960000 0 0 0 4476.86700000
1758 0 1 0 1.757000000000e-06 30.37140000 -8.78679000 -46.95250000 -0.50763000 0.35031000 0.78714000 0 0 0 7481.92700000
1759 0 1 0 1.758000000000e-06 29.27245000 -28.90035000 -38.57184000 -0.46037000 0.57207000 0.67882000 0 0 0 7362.24900000
1760 0 1 0 1.759000000000e-06 -26.82861000 -14.96631000 -45.47333000 0.78380000 0.13990000 0.60505000 0 0 0 4693.03600000
1761 0 1 0 1.760000000000e-06 54.76059000 -35.83388000 16.61274000 -0.86491000 0.49317000 0.09335000 0 0 0 5768.53100000
1762 0 1 0 1.761000000000e-06 -51.14580000 3.63368000 -19.67107000 0.81354000 0.23946000 0.52992000 0 0 0 4627.49300000
1763 0 1 0 1.762000000000e-06 43.63971000 -40.85792000 -24.57314000 -0.33484000 0.49099000 0.80425000 0 0 0 6232.16000000
1764 0 1 0 1.763000000000e-06 -30.36249000 12.13911000 -42.90388000 0.76588000 0.03381000 0.64209000 0 0 0 4439.83000000
1765 0 1 0 1.764000000000e-06 40.39202000 -20.75235000 -36.42663000 -0.41294000 0.43256000 0.80148000 0 0 0 6319.39300000
1766 0 1 0 1.765000000000e-06 60.43101000 -22.83186000 1.58850000 -0.90949000 0.41550000 0.01338000 0 0 0 5947.06900000
1767 0 1 0 1.766000000000e-06 44.48139000 3.40888000 -37.60312000 -0.60475000 0.13452000 0.78497000 0 0 0 6146.67600000
1768 0 1 0 1.767000000000e-06 -32.73399000 -14.16130000 -39.09124000 0.77037000 0.32856000 0.54642000 0 0 0 4418.15500000
1769 0 1 0 1.768000000000e-06 29.77190000 -30.41953000 -40.39401000 -0.65045000 0.33931000 0.67954000 0 0 0 6381.72200000
1770 0 1 0 1.769000000000e-06 -18.33188000 -44.63109000 -31.35855000 0.63720000 0.43750000 0.63449000 0 0 0 4170.78100000
1771 0 1 0 1.770000000000e-06 -37.87688000 -17.23763000 -30.46540000 0.80048000 0.29452000 0.52200000 0 0 0 4488.23500000
1772 0 1 0 1.771000000000e-06 54.17602000 -28.71600000 -22.50826000 -0.44617000 0.55517000 0.70194000 0 0 0 7056.86000000
1773 0 1 0 1.772000000000e-06 51.25121000 -40.31296000 -6.64678000 -0.89199000 0.45051000 0.03724000 0 0 0 5002.23500000
1774 0 1 0 1.773000000000e-06 -33.97971000 -22.36041000 -31.31064000 0.72323000 0.35924000 0.58982000 0 0 0 4410.33400000
1775 0 1 0 1.774000000000e-06 22.83610000 -26.72209000 -41.82238000 -0.30672000 0.49832000 0.81092000 0 0 0 6803.54700000
1776 0 1 0 1.775000000000e-06 50.15214000 -16.42027000 -28.38751000 -0.66941000 0.16301000 0.72479000 0 0 0 6962.04700000
1777 0 1 0 1.776000000000e-06 63.89692000 -15.09232000 8.36819000 -0.92129000 0.38306000 -0.06702000 0 0 0 5713.47000000
1778 0 1 0 1.777000000000e-06 58.77836000 -25.32668000 -9.84909000 -0.90375000 0.42694000 0.03104000 0 0 0 5559.85900000
1779 0 1 0 1.778000000000e-06 -32.67679000 -16.14661000 -38.34861000 0.76135000 0.36185000 0.53797000 0 0 0 4205.67600000
1780 0 1 0 1.779000000000e-06 61.35185000 -22.83369000 -25.40973000 -0.97615000 0.21712000 0.00101000 0 0 0 5694.47400000
1781 0 1 0 1.780000000000e-06 21.62471000 -11.51006000 -53.06665000 -0.61356000 0.17749000 0.76944000 0 0 0 6986.04100000
1782 0 1 0 1.781000000000e-06 53.01573000 -35.36024000 -5.46570000 -0.87007000 0.48855000 0.06550000 0 0 0 5680.69800000
1783 0 1 0 1.782000000000e-06 64.47283000 1.36448000 -17.83954000 -0.98765000 0.14693000 0.05449000 0 0 0 5123.09000000
1784 0 1 0 1.783000000000e-06 48.78754000 -12.74728000 -31.13658000 -0.61207000 0.17924000 0.77022000 0 0 0 7458.46300000
1785 0 1 0 1.784000000000e-06 59.66716000 -28.41266000 -16.06355000 -0.50827000 0.54711000 0.66508000 0 0 0 7159.22000000
1786 0 1 0 1.785000000000e-06 60.60698000 -24.78596000 0.24985000 -0.97548000 0.21382000 0.05223000 0 0 0 5465.93000000
1787 0 1 0 1.786000000000e-06 25.60982000 -21.04470000 -48.64677000 -0.64383000 0.33157000 0.68959000 0 0 0 6308.99600000
1788 0 1 0 1.787000000000e-06 -23.40164000 -14.33137000 -46.40051000 0.72457000 0.15244000 0.67213000 0 0 0 4150.94500000
1789 0 1 0 1.788000000000e-06 39.18919000 -10.78451000 -39.39688000 -0.59319000 0.25256000 0.76442000 0 0 0 6071.64500000
1790 0 1 0 1.789000000000e-06 64.41853000 -11.89863000 -24.27080000 -0.93605000 0.35182000 0.00587000 0 0 0 5547.03300000
1791 0 1 0 1.790000000000e-06 47.35964000 -37.89627000 -23.37368000 -0.41536000 0.43783000 0.79736000 0 0 0 6627.54200000
1792 0 1 0 1.791000000000e-06 -40.99622000 -13.74457000 -27.00526000 0.76392000 0.24477000 0.59709000 0 0 0 4006.44600000
1793 0 1 0 1.792000000000e-06 -51.06328000 -1.76463000 -15.99083000 0.82777000 0.18082000 0.53113000 0 0 0 4879.69000000
1794 0 1 0 1.793000000000e-06 62.55415000 -11.91003000 -8.36794000 -0.97177000 0.22088000 0.08290000 0 0 0 5520.37900000
1795 0 1 0 1.794000000000e-06 49.74147000 -40.63634000 -5.10349000 -0.83043000 0.55691000 0.01520000 0 0 0 5932.44000000
1796 0 1 0 1.795000000000e-06 62.64044000 -18.87052000 8.17489000 -0.89434000 0.44669000 0.02505000 0 0 0 5860.09300000
1797 0 1 0 1.796000000000e-06 66.09549000 -6.09912000 37.54729000 -0.99927000 0.00488000 0.03786000 0 0 0 5913.48000000
1798 0 1 0 1.797000000000e-06 -35.24489000 -18.10867000 -33.50854000 0.77594000 0.33673000 0.53342000 0 0 0 4763.91000000
1799 0 1 0 1.798000000000e-06 -37.88971000 2.93260000 -33.71878000 0.76960000 0.05831000 0.63585000 0 0 0 4706.56000000
1800 0 1 0 1.799000000000e-06 55.81432000 -33.34182000 -14.45151000 -0.48223000 0.65706000 0.57941000 0 0 0 7640.35000000
1801 0 1 0 1.800000000000e-06 56.79669000 -34.10609000 -13.33421000 -0.57399000 0.43195000 0.69567000 0 0 0 6844.80100000
1802 0 1 0 1.801000000000e-06 49.05835000 -32.87736000 -26.81074000 -0.37525000 0.42467000 0.82392000 0 0 0 7700.85500000
1803 0 1 0 1.802000000000e-06 67.19475000 -11.85182000 9.00566000 -0.87270000 0.48291000 0.07212000 0 0 0 5265.88800000
1804 0 1 0 1.803000000000e-06 64.89214000 -5.41405000 2.09094000 -0.99938000 0.03465000 -0.00617000 0 0 0 5016.53300000
1805 0 1 0 1.804000000000e-06 57.48771000 -18.03311000 -30.02776000 -0.90171000 0.41076000 0.13488000 0 0 0 5072.38800000
1806 0 1 0 1.805000000000e-06 57.64375000 -31.97405000 -18.89045000 -0.43295000 0.52372000 0.73367000 0 0 0 6757.05300000
1807 0 1 0 1.806000000000e-06 -49.53823000 -9.29013000 -19.73673000 0.73193000 0.34611000 0.58693000 0 0 0 4152.41900000
1808 0 1 0 1.807000000000e-06 -35.84204000 -20.49179000 -31.08535000 0.75501000 0.38527000 0.53060000 0 0 0 4493.55200000
1809 0 1 0 1.808000000000e-06 63.86155000 -15.09562000 -9.61299000 -0.99628000 0.08613000 0.00308000 0 0 0 5197.88000000
1810 0 1 0 1.809000000000e-06 61.53996000 -18.13857000 -8.27516000 -0.97101000 0.23381000 0.04966000 0 0 0 5035.85500000
1811 0 1 0 1.810000000000e-06 56.22579000 -41.01546000 -11.47866000 -0.95084000 0.30422000 -0.05789000 0 0 0 5210.49400000
1812 0 1 0 1.811000000000e-06 30.11672000 3.20208000 -50.91948000 -0.67730000 0.12892000 0.72433000 0 0 0 6043.80700000
1813 0 1 0 1.812000000000e-06 57.95799000 -25.65528000 -6.40891000 -0.89905000 0.42833000 0.09081000 0 0 0 5574.91000000
1814 0 1 0 1.813000000000e-06 69.38059000 -0.50625000 19.33065000 -0.92790000 0.37276000 -0.00701000 0 0 0 5037.23600000
1815 0 1 0 1.814000000000e-06 -41.89681000 -13.70418000 -26.22769000 0.80493000 0.14396000 0.57564000 0 0 0 4201.08400000
1816 0 1 0 1.815000000000e-06 64.60053000 -7.80749000 -2.14512000 -0.96923000 0.24441000 0.02916000 0 0 0 5916.08600000
1817 0 1 0 1.816000000000e-06 -47.72435000 -7.00759000 -21.29606000 0.74582000 0.18881000 0.63883000 0 0 0 4288.53300000
1818 0 1 0 1.817000000000e-06 55.44507000 -36.44827000 -22.74381000 -0.95813000 0.28317000 0.04240000 0 0 0 5823.48500000
1819 0 1 0 1.818000000000e-06 52.45586000 -39.04181000 14.68946000 -0.85774000 0.50679000 0.08627000 0 0 0 5737.22400000
1820 0 1 0 1.819000000000e-06 -44.60519000 -19.86589000 -19.21238000 0.83438000 0.21764000 0.50640000 0 0 0 4024.11500000
1821 0 1 0 1.820000000000e-06 40.40166000 -5.75944000 -41.19110000 -0.62598000 0.30114000 0.71935000 0 0 0 7573.92900000
1822 0 1 0 1.821000000000e-06 20.75630000 -26.98289000 -43.18133000 -0.40792000 0.45800000 0.78983000 0 0 0 6170.44400000
1823 0 1 0 1.822000000000e-06 49.57352000 -27.77036000 -22.58282000 -0.59206000 0.44973000 0.66873000 0 0 0 7476.49200000
1824 0 1 0 1.823000000000e-06 39.47243000 2.24135000 -42.72656000 -0.67250000 0.17416000 0.71931000 0 0 0 7321.57200000
1825 0 1 0 1.824000000000e-06 52.85066000 -38.01967000 -9.15099000 -0.92245000 0.37672000 0.08471000 0 0 0 5696.07200000
1826 0 1 0 1.825000000000e-06 -46.61964000 -7.68339000 -22.00873000 0.82468000 0.27589000 0.49375000 0 0 0 4835.86100000
1827 0 1 0 1.826000000000e-06 40.91688000 -34.34512000 -29.04840000 -0.43993000 0.39163000 0.80813000 0 0 0 6682.95800000
1828 0 1 0 1.827000000000e-06 -42.00274000 -20.39586000 -23.88627000 0.65345000 0.41274000 0.63455000 0 0 0 4700.90500000
1829 0 1 0 1.828000000000e-06 54.96209000 -26.48369000 -19.03023000 -0.56340000 0.58116000 0.58723000 0 0 0 7699.48600000
1830 0 1 0 1.829000000000e-06 11.93549000 -19.51355000 -57.66824000 -0.41151000 0.60759000 0.67933000 0 0 0 6083.75500000
1831 0 1 0 1.830000000000e-06 -38.12043000 27.69986000 -34.89410000 0.77310000 0.04047000 0.63299000 0 0 0 4954.88000000
1832 0 1 0 1.831000000000e-06 41.18069000 -18.71653000 -37.08137000 -0.57313000 0.50075000 0.64866000 0 0 0 7957.76200000
1833 0 1 0 1.832000000000e-06 57.45326000 -14.17885000 -34.60214000 -0.87203000 0.45559000 0.17887000 0 0 0 5960.12600000
1834 0 1 0 1.833000000000e-06 63.71272000 -11.86754000 -20.58454000 -0.99908000 0.00759000 0.04230000 0 0 0 5201.72200000
1835 0 1 0 1.834000000000e-06 38.12871000 -41.98950000 -20.43974000 -0.48305000 0.60210000 0.63573000 0 0 0 7848.66300000
1836 0 1 0 1.835000000000e-06 47.78862000 -48.95457000 -3.71045000 -0.90708000 0.41589000 0.06511000 0 0 0 5826.44700000
1837 0 1 0 1.836000000000e-06 57.14861000 -25.67971000 -23.96025000 -0.45927000 0.36352000 0.81051000 0 0 0 6083.58100000
1838 0 1 0 1.837000000000e-06 63.09144000 -13.18985000 -3.95488000 -0.98926000 0.13343000 0.05962000 0 0 0 5456.77600000
1839 0 1 0 1.838000000000e-06 34.76231000 -31.52284000 -33.92690000 -0.48051000 0.65393000 0.58437000 0 0 0 6872.09800000
1840 0 1 0 1.839000000000e-06 -53.31923000 9.33480000 -22.81312000 0.79568000 0.31227000 0.51901000 0 0 0 4224.30100000
1841 0 1 0 1.840000000000e-06 -5.33114000 -53.96220000 -26.41985000 0.53688000 0.70014000 0.47071000 0 0 0 4333.00700000
1842 0 1 0 1.841000000000e-06 27.59688000 -26.12486000 -40.30985000 -0.29966000 0.43024000 0.85153000 0 0 0 6570.00500000
1843 0 1 0 1.842000000000e-06 -31.55984000 -15.50592000 -42.01512000 0.80578000 0.31051000 0.50428000 0 0 0 4374.12000000
1844 0 1 0 1.843000000000e-06 -30.79142000 -28.07194000 -32.99938000 0.75594000 0.31479000 0.57398000 0 0 0 4555.74600000
1845 0 1 0 1.844000000000e-06 12.35097000 -20.94470000 -49.96652000 -0.39281000 0.41165000 0.82234000 0 0 0 6776.57000000
1846 0 1 0 1.845000000000e-06 -46.46576000 -9.32910000 -21.86559000 0.75564000 0.20816000 0.62103000 0 0 0 4340.86300000
1847 0 1 0 1.846000000000e-06 24.90876000 -5.75353000 -54.69768000 -0.62365000 0.30581000 0.71941000 0 0 0 6068.82500000
1848 0 1 0 1.847000000000e-06 -34.24712000 -26.34670000 -27.95570000 0.64994000 0.43687000 0.62187000 0 0 0 4567.68500000
1849 0 1 0 1.848000000000e-06 58.86238000 -34.86439000 -19.13212000 -0.41340000 0.43827000 0.79814000 0 0 0 7806.02800000
1850 0 1 0 1.849000000000e-06 64.92339000 -13.61502000 -4.04527000 -0.97371000 0.20873000 -0.09121000 0 0 0 5692.43700000
1851 0 1 0 1.850000000000e-06 55.14324000 -16.83831000 -28.46736000 -0.47691000 0.38596000 0.78967000 0 0 0 6050.86300000
1852 0 1 0 1.851000000000e-06 46.67150000 -31.97920000 -25.05729000 -0.43301000 0.55837000 0.70762000 0 0 0 6128.10000000
1853 0 1 0 1.852000000000e-06 15.32843000 -32.61230000 -41.03722000 -0.30666000 0.53874000 0.78468000 0 0 0 6842.22000000
1854 0 1 0 1.853000000000e-06 54.09944000 -36.49778000 -1.05817000 -0.91689000 0.39535000 0.05486000 0 0 0 5023.31600000
1855 0 1 0 1.854000000000e-06 -38.86630000 -23.75422000 -24.50977000 0.76375000 0.35398000 0.53980000 0 0 0 4875.69900000
1856 0 1 0 1.855000000000e-06 31.24421000 -11.99665000 -45.40355000 -0.53201000 0.35820000 0.76724000 0 0 0 6310.40500000
1857 0 1 0 1.856000000000e-06 58.47336000 -30.77877000 -20.55288000 -0.92389000 0.38076000 -0.03800000 0 0 0 5587.47700000
1858 0 1 0 1.857000000000e-06 59.25481000 -24.30477000 -4.91772000 -0.90017000 0.43316000 0.04554000 0 0 0 5496.31600000
1859 0 1 0 1.858000000000e-06 -44.56969000 -14.36944000 -23.77512000 0.68340000 0.30092000 0.66514000 0 0 0 4236.07400000
1860 0 1 0 1.859000000000e-06 15.34717000 -43.09613000 -38.39389000 -0.51397000 0.63688000 0.57465000 0 0 0 7077.27100000
1861 0 1 0 1.860000000000e-06 62.55873000 -20.89489000 -11.28318000 -0.99409000 0.10450000 0.02949000 0 0 0 5243.22500000
1862 0 1 0 1.861000000000e-06 -43.59715000 -17.05336000 -23.06018000 0.73806000 0.20900000 0.64155000 0 0 0 4180.17200000
1863 0 1 0 1.862000000000e-06 55.25466000 -28.66364000 -21.04466000 -0.93092000 0.34931000 0.10666000 0 0 0 5684.27000000
1864 0 1 0 1.863000000000e-06 58.65934000 -23.85627000 -21.22004000 -0.49455000 0.53322000 0.68636000 0 0 0 7826.93800000
1865 0 1 0 1.864000000000e-06 62.19914000 -20.42983000 -5.67077000 -0.84568000 0.53105000 0.05308000 0 0 0 5727.64900000
1866 0 1 0 1.865000000000e-06 -49.64732000 -9.93973000 -18.84844000 0.73255000 0.30767000 0.60722000 0 0 0 4624.17100000
1867 0 1 0 1.866000000000e-06 -37.97275000 -13.86146000 -31.08029000 0.76951000 0.27145000 0.57807000 0 0 0 4148.29000000
1868 0 1 0 1.867000000000e-06 13.87819000 -44.00048000 -41.16746000 -0.56165000 0.59609000 0.57378000 0 0 0 7096.60300000
1869 0 1 0 1.868000000000e-06 -45.57431000 -18.98369000 -20.45965000 0.83115000 0.09656000 0.54761000 0 0 0 4807.89300000
1870 0 1 0 1.869000000000e-06 -40.37858000 3.50533000 -38.96432000 0.81913000 0.28655000 0.49690000 0 0 0 4154.11900000
1871 0 1 0 1.870000000000e-06 63.85624000 8.32341000 -13.72850000 -0.99831000 0.00780000 0.05755000 0 0 0 5303.55600000
1872 0 1 0 1.871000000000e-06 52.59955000 -28.16161000 -21.12338000 -0.53382000 0.65091000 0.53977000 0 0 0 6251.45700000
1873 0 1 0 1.872000000000e-06 62.16103000 -15.49538000 -21.24232000 -0.98313000 0.17978000 0.03364000 0 0 0 5405.39400000
1874 0 1 0 1.873000000000e-06 -39.71272000 -17.53342000 -27.86284000 0.80488000 0.32352000 0.49750000 0 0 0 4393.23700000
1875 0 1 0 1.874000000000e-06 56.89110000 -29.28687000 0.34123000 -0.89844000 0.41163000 0.15284000 0 0 0 5849.16900000
1876 0 1 0 1.875000000000e-06 54.18971000 -24.94528000 -31.10005000 -0.90554000 0.40210000 0.13532000 0 0 0 5923.04200000
1877 0 1 0 1.876000000000e-06 -40.71084000 -5.04650000 -31.85288000 0.78321000 0.27300000 0.55862000 0 0 0 4172.99500000
1878 0 1 0 1.877000000000e-06 60.40031000 -11.09995000 -26.80382000 -0.92673000 0.35144000 0.13289000 0 0 0 5804.26500000
1879 0 1 0 1.878000000000e-06 53.73183000 -6.41804000 -31.90751000 -0.50891000 0.26571000 0.81878000 0 0 0 6906.41700000
1880 0 1 0 1.879000000000e-06 51.74866000 -37.75784000 -0.17077000 -0.86008000 0.48836000 0.14753000 0 0 0 5821.38900000
1881 0 1 0 1.880000000000e-06 12.74947000 -43.14936000 -35.74960000 -0.40287000 0.61839000 0.67475000 0 0 0 6210.46100000
1882 0 1 0 1.881000000000e-06 61.77308000 -17.70029000 -16.38227000 -0.96915000 0.24520000 0.02515000 0 0 0 5398.37700000
1883 0 1 0 1.882000000000e-06 54.51849000 -36.40706000 7.04285000 -0.90856000 0.40727000 0.09302000 0 0 0 5926.61700000
1884 0 1 0 1.883000000000e-06 55.44120000 -21.12654000 -28.62173000 -0.87754000 0.45001000 0.16556000 0 0 0 5751.51200000
1885 0 1 0 1.884000000000e-06 -36.81360000 -18.26002000 -32.33309000 0.73530000 0.07823000 0.67321000 0 0 0 4432.25200000
1886 0 1 0 1.885000000000e-06 -47.09574000 -16.05215000 -20.23613000 0.81851000 0.03729000 0.57329000 0 0 0 4819.26100000
1887 0 1 0 1.886000000000e-06 53.92540000 -35.80496000 -13.56430000 -0.93920000 0.32765000 0.10273000 0 0 0 5183.46700000
1888 0 1 0 1.887000000000e-06 -48.72273000 -8.49692000 -18.79807000 0.81876000 0.00649000 0.57410000 0 0 0 4747.76600000
1889 0 1 0 1.888000000000e-06 -38.85275000 -17.98910000 -29.97262000 0.82947000 0.14435000 0.53957000 0 0 0 4728.10800000
1890 0 1 0 1.889000000000e-06 54.51706000 -32.44126000 -23.69611000 -0.36235000 0.51047000 0.77982000 0 0 0 7230.24000000
1891 0 1 0 1.890000000000e-06 65.46187000 -1.08359000 -5.12316000 -0.99584000 0.08845000 -0.02170000 0 0 0 5883.07500000
1892 0 1 0 1.891000000000e-06 -45.17152000 -0.32011000 -24.35751000 0.79161000 0.06615000 0.60744000 0 0 0 4879.64100000
1893 0 1 0 1.892000000000e-06 65.61956000 1.75753000 43.53341000 -0.99650000 0.08322000 0.00757000 0 0 0 5515.27600000
1894 0 1 0 1.893000000000e-06 62.44930000 -16.36907000 -13.01933000 -0.97610000 0.21663000 0.01715000 0 0 0 5382.49300000
1895 0 1 0 1.894000000000e-06 48.07553000 -27.88500000 -26.74059000 -0.56349000 0.28956000 0.77371000 0 0 0 7573.94600000
1896 0 1 0 1.895000000000e-06 -39.81510000 -21.16091000 -25.13184000 0.75123000 0.28149000 0.59700000 0 0 0 4498.31400000
1897 0 1 0 1.896000000000e-06 33.66207000 -3.18758000 -51.10412000 -0.49839000 0.45763000 0.73633000 0 0 0 6302.67200000
1898 0 1 0 1.897000000000e-06 65.92008000 -3.91925000 35.30409000 -0.97277000 0.23167000 0.00644000 0 0 0 5448.14000000
1899 0 1 0 1.898000000000e-06 50.78031000 -37.63065000 -19.25458000 -0.87714000 0.47518000 0.06947000 0 0 0 5997.57100000
1900 0 1 0 1.899000000000e-06 46.91070000 -27.08412000 -28.61860000 -0.51173000 0.31115000 0.80082000 0 0 0 7406.72600000
1901 0 1 0 1.900000000000e-06 21.68699000 -14.83718000 -52.78163000 -0.60313000 0.31603000 0.73236000 0 0 0 6160.78800000
1902 0 1 0 1.901000000000e-06 18.08285000 -27.81109000 -46.98192000 -0.51383000 0.46667000 0.71986000 0 0 0 6930.80100000
1903 0 1 0 1.902000000000e-06 43.85981000 -26.82569000 -28.82745000 -0.54272000 0.51641000 0.66240000 0 0 0 6404.80800000
1904 0 1 0 1.903000000000e-06 60.86277000 -23.14002000 14.01225000 -0.88214000 0.46998000 0.03076000 0 0 0 5427.46400000
1905 0 1 0 1.904000000000e-06 22.40906000 -26.81099000 -45.41494000 -0.45750000 0.58926000 0.66593000 0 0 0 6986.59900000
1906 0 1 0 1.905000000000e-06 64.81447000 -2.26982000 -12.70292000 -0.97714000 0.20665000 0.04994000 0 0 0 5743.06400000
1907 0 1 0 1.906000000000e-06 -37.02140000 -13.12586000 -32.48277000 0.75468000 0.11202000 0.64646000 0 0 0 4444.52900000
1908 0 1 0 1.907000000000e-06 58.13375000 -30.69405000 -25.45842000 -0.86812000 0.49488000 -0.03820000 0 0 0 5971.66800000
1909 0 1 0 1.908000000000e-06 50.15326000 -37.10690000 -32.42650000 -0.91250000 0.39717000 0.09800000 0 0 0 5855.90600000
1910 0 1 0 1.909000000000e-06 30.90328000 -22.84524000 -42.09247000 -0.61035000 0.26413000 0.74680000 0 0 0 6431.01600000
1911 0 1 0 1.910000000000e-06 -45.99315000 -9.95720000 -21.37681000 0.81722000 0.23445000 0.52648000 0 0 0 4242.08300000
1912 0 1 0 1.911000000000e-06 -42.63852000 6.53527000 -31.30779000 0.80952000 0.17548000 0.56025000 0 0 0 4243.13500000
1913 0 1 0 1.912000000000e-06 34.81629000 -26.79798000 -36.13179000 -0.42686000 0.52994000 0.73277000 0 0 0 6148.74700000
1914 0 1 0 1.913000000000e-06 50.75789000 -28.13201000 -21.57330000 -0.56580000 0.49979000 0.65580000 0 0 0 6174.51000000
1915 0 1 0 1.914000000000e-06 -28.98031000 -51.27604000 -9.19985000 0.70486000 0.53961000 0.46044000 0 0 0 4484.84500000
1916 0 1 0 1.915000000000e-06 26.28352000 -18.19164000 -46.31079000 -0.56059000 0.31942000 0.76401000 0 0 0 7932.62600000
1917 0 1 0 1.916000000000e-06 55.62127000 -35.70126000 15.37079000 -0.87733000 0.46064000 0.13453000 0 0 0 5085.41900000
1918 0 1 0 1.917000000000e-06 56.52430000 -28.79248000 -17.63276000 -0.84081000 0.53964000 0.04282000 0 0 0 5312.85400000
1919 0 1 0 1.918000000000e-06 -46.57001000 -6.87002000 -21.01257000 0.84093000 0.15109000 0.51962000 0 0 0 4005.78000000
1920 0 1 0 1.919000000000e-06 40.17452000 -32.18130000 -27.66197000 -0.60009000 0.47679000 0.64231000 0 0 0 7110.89200000
1921 0 1 0 1.920000000000e-06 -41.14915000 7.07893000 -34.16085000 0.82546000 0.17583000 0.53637000 0 0 0 4611.61500000
1922 0 1 0 1.921000000000e-06 54.22464000 -34.91777000 16.56400000 -0.86310000 0.50481000 0.01490000 0 0 0 5950.73400000
1923 0 1 0 1.922000000000e-06 -30.76950000 -43.53078000 -22.32193000 0.78712000 0.38457000 0.48224000 0 0 0 4661.88000000
1924 0 1 0 1.923000000000e-06 23.67406000 -23.02601000 -46.52693000 -0.55491000 0.22299000 0.80147000 0 0 0 6688.20900000
1925 0 1 0 1.924000000000e-06 59.16256000 -29.76603000 -18.09050000 -0.47578000 0.47804000 0.73832000 0 0 0 6896.20300000
1926 0 1 0 1.925000000000e-06 -44.82084000 -13.87158000 -23.14513000 0.73171000 0.16462000 0.66144000 0 0 0 4356.98900000
1927 0 1 0 1.926000000000e-06 -25.23779000 -2.97208000 -47.30584000 0.72768000 0.16325000 0.66621000 0 0 0 4835.30600000
1928 0 1 0 1.927000000000e-06 64.64451000 -24.58340000 -13.12563000 -0.63485000 0.23915000 0.73469000 0 0 0 6052.13900000
1929 0 1 0 1.928000000000e-06 60.06663000 -24.85934000 -14.73783000 -0.94302000 0.33262000 -0.00834000 0 0 0 5511.23100000
1930 0 1 0 1.929000000000e-06 55.49084000 -3.29155000 -28.00200000 -0.64524000 0.26156000 0.71781000 0 0 0 7831.70100000
1931 0 1 0 1.930000000000e-06 24.00422000 -44.17818000 -28.88259000 -0.48498000 0.62489000 0.61181000 0 0 0 7258.19100000
1932 0 1 0 1.931000000000e-06 47.24468000 -50.64627000 -4.42076000 -0.90366000 0.42812000 0.01062000 0 0 0 5281.20200000
1933 0 1 0 1.932000000000e-06 -34.80893000 -12.19208000 -35.70326000 0.76442000 0.07934000 0.63982000 0 0 0 4461.85100000
1934 0 1 0 1.933000000000e-06 -34.20178000 -9.60645000 -50.02082000 0.71824000 0.52756000 0.45367000 0 0 0 4320.69500000
1935 0 1 0 1.934000000000e-06 -41.35728000 -10.48162000 -28.45419000 0.84176000 0.12364000 0.52551000 0 0 0 4154.41400000
1936 0 1 0 1.935000000000e-06 63.87147000 -12.70397000 35.25536000 -0.98689000 0.16127000 0.00566000 0 0 0 5530.53000000
1937 0 1 0 1.936000000000e-06 60.63593000 -20.60578000 -19.81141000 -0.96533000 0.25891000 0.03325000 0 0 0 5064.89600000
1938 0 1 0 1.937000000000e-06 62.69949000 -13.10292000 -26.88303000 -0.92605000 0.37455000 0.04625000 0 0 0 5417.44400000
1939 0 1 0 1.938000000000e-06 -32.94586000 1.00628000 -39.47536000 0.77595000 0.01418000 0.63063000 0 0 0 4585.18400000
1940 0 1 0 1.939000000000e-06 -35.99567000 16.79236000 -35.45251000 0.74155000 0.01297000 0.67077000 0 0 0 4937.64400000
1941 0 1 0 1.940000000000e-06 66.71861000 -12.80940000 35.26952000 -0.81377000 0.57380000 -0.09231000 0 0 0 5616.04800000
1942 0 1 0 1.941000000000e-06 29.19538000 -25.82082000 -41.59237000 -0.59334000 0.32349000 0.73709000 0 0 0 7173.38500000
1943 0 1 0 1.942000000000e-06 21.26144000 -28.04886000 -46.85214000 -0.47746000 0.61737000 0.62521000 0 0 0 6361.94100000
1944 0 1 0 1.943000000000e-06 50.71264000 -41.60772000 -4.85981000 -0.83391000 0.54791000 -0.06621000 0 0 0 5754.27200000
1945 0 1 0 1.944000000000e-06 -37.16996000 -17.72036000 -31.48376000 0.81351000 0.22196000 0.53753000 0 0 0 4464.49000000
1946 0 1 0 1.945000000000e-06 61.36361000 -21.85379000 -8.67777000 -0.97715000 0.21191000 0.01659000 0 0 0 5368.37400000
1947 0 1 0 1.946000000000e-06 63.07540000 -16.80419000 4.40802000 -0.93091000 0.36340000 -0.03686000 0 0 0 5489.38100000
1948 0 1 0 1.947000000000e-06 32.91196000 -25.71120000 -37.65113000 -0.40402000 0.45065000 0.79604000 0 0 0 6974.99900000
1949 0 1 0 1.948000000000e-06 36.76987000 -37.19837000 -26.25154000 -0.58411000 0.53896000 0.60691000 0 0 0 7072.78500000
1950 0 1 0 1.949000000000e-06 59.28974000 -20.35331000 -33.09333000 -0.93756000 0.34426000 0.04973000 0 0 0 5434.64300000
1951 0 1 0 1.950000000000e-06 59.15177000 -27.55753000 12.02944000 -0.90062000 0.41985000 0.11230000 0 0 0 5408.28100000
1952 0 1 0 1.951000000000e-06 63.38686000 -4.71755000 40.76041000 -0.95953000 0.26838000 -0.08533000 0 0 0 5532.45900000
1953 0 1 0 1.952000000000e-06 54.69718000 -30.33370000 -17.69158000 -0.87834000 0.47193000 0.07619000 0 0 0 5702.87800000
1954 0 1 0 1.953000000000e-06 -30.14970000 -53.68416000 3.92399000 0.66375000 0.64768000 0.37408000 0 0 0 4941.56300000
1955 0 1 0 1.954000000000e-06 60.59351000 -7.29377000 -25.13892000 -0.55933000 0.21168000 0.80147000 0 0 0 6969.08400000
1956 0 1 0 1.955000000000e-06 60.58081000 -20.63206000 -6.13418000 -0.90546000 0.41894000 0.06808000 0 0 0 5839.18500000
1957 0 1 0 1.956000000000e-06 -34.31466000 -17.81993000 -34.57211000 0.78030000 0.18392000 0.59776000 0 0 0 4697.26400000
1958 0 1 0 1.957000000000e-06 21.64395000 -31.99974000 -39.27101000 -0.35081000 0.55709000 0.75272000 0 0 0 6031.00500000
1959 0 1 0 1.958000000000e-06 60.20856000 -23.50146000 8.11539000 -0.92449000 0.38119000 0.00161000 0 0 0 5834.73000000
1960 0 1 0 1.959000000000e-06 41.96601000 -19.42495000 -34.46519000 -0.53611000 0.35803000 0.76446000 0 0 0 6528.73700000
1961 0 1 0 1.960000000000e-06 39.46998000 -54.70532000 -21.39092000 -0.83766000 0.54440000 0.04423000 0 0 0 5795.13700000
1962 0 1 0 1.961000000000e-06 59.51424000 -16.76853000 -27.48746000 -0.95663000 0.27786000 0.08744000 0 0 0 5311.48700000
1963 0 1 0 1.962000000000e-06 67.99123000 -10.12572000 34.63573000 -0.92130000 0.38173000 0.07408000 0 0 0 5360.02200000
1964 0 1 0 1.963000000000e-06 48.84424000 -32.05276000 -20.92277000 -0.51317000 0.57564000 0.63663000 0 0 0 6988.30400000
1965 0 1 0 1.964000000000e-06 63.91466000 -25.02621000 -15.63361000 -0.50872000 0.53948000 0.67094000 0 0 0 6030.49900000
1966 0 1 0 1.965000000000e-06 62.47761000 -25.29654000 -19.94811000 -0.99612000 0.08571000 0.01994000 0 0 0 5019.30700000
1967 0 1 0 1.966000000000e-06 31.63960000 -35.36016000 -32.34799000 -0.55707000 0.51964000 0.64780000 0 0 0 6476.67200000
1968 0 1 0 1.967000000000e-06 45.77046000 -21.33335000 -30.31963000 -0.62283000 0.26641000 0.73560000 0 0 0 7330.83900000
1969 0 1 0 1.968000000000e-06 49.32552000 -40.93821000 -6.15101000 -0.83500000 0.54926000 0.03319000 0 0 0 5221.63200000
1970 0 1 0 1.969000000000e-06 28.43684000 -29.54118000 -37.87937000 -0.42215000 0.42798000 0.79914000 0 0 0 7975.47900000
1971 0 1 0 1.970000000000e-06 53.91061000 -33.95128000 -25.34144000 -0.85286000 0.52187000 0.01653000 0 0 0 5267.64500000
1972 0 1 0 1.971000000000e-06 27.71365000 -30.36258000 -38.04774000 -0.45031000 0.55293000 0.70106000 0 0 0 6517.46000000
1973 0 1 0 1.972000000000e-06 55.04177000 -28.41199000 -18.54003000 -0.58047000 0.40425000 0.70685000 0 0 0 7301.22400000
1974 0 1 0 1.973000000000e-06 53.73502000 -39.50592000 -22.20305000 -0.94736000 0.31749000 0.04126000 0 0 0 5907.49200000
1975 0 1 0 1.974000000000e-06 -50.73437000 -9.37173000 -15.21235000 0.79427000 0.26012000 0.54907000 0 0 0 4315.51000000
1976 0 1 0 1.975000000000e-06 64.19055000 -9.97476000 1.53220000 -0.98592000 0.16719000 -0.00332000 0 0 0 5108.73300000
1977 0 1 0 1.976000000000e-06 59.08488000 -7.23134000 -28.80911000 -0.49679000 0.27120000 0.82441000 0 0 0 7177.56500000
1978 0 1 0 1.977000000000e-06 34.42316000 -20.43897000 -39.50149000 -0.57132000 0.33201000 0.75058000 0 0 0 6474.81000000
1979 0 1 0 1.978000000000e-06 -47.59139000 6.80624000 -23.50479000 0.74969000 0.10092000 0.65405000 0 0 0 4397.01200000
1980 0 1 0 1.979000000000e-06 38.00547000 -35.13070000 -27.41745000 -0.47541000 0.54688000 0.68913000 0 0 0 6897.10700000
1981 0 1 0 1.980000000000e-06 -45.05595000 -19.29078000 -18.16384000 0.82955000 0.26756000 0.49017000 0 0 0 4031.59800000
1982 0 1 0 1.981000000000e-06 63.18532000 -18.44006000 35.91035000 -0.95978000 0.27838000 0.03636000 0 0 0 5039.29200000
1983 0 1 0 1.982000000000e-06 -35.37242000 -6.10519000 -37.56433000 0.73875000 0.28529000 0.61062000 0 0 0 4711.71400000
1984 0 1 0 1.983000000000e-06 36.56469000 -25.67613000 -35.70703000 -0.55166000 0.51150000 0.65881000 0 0 0 7482.14100000
1985 0 1 0 1.984000000000e-06 41.47928000 -30.29301000 -28.21841000 -0.53972000 0.57317000 0.61658000 0 0 0 7913.41100000
1986 0 1 0 1.985000000000e-06 -42.11954000 5.71685000 -32.83504000 0.74621000 0.22911000 0.62505000 0 0 0 4118.84200000
1987 0 1 0 1.986000000000e-06 -47.50066000 13.34693000 -21.38972000 0.79721000 0.01461000 0.60353000 0 0 0 4424.62500000
1988 0 1 0 1.987000000000e-06 70.38181000 -7.45517000 19.92299000 -0.86934000 0.49202000 0.04645000 0 0 0 5235.68500000
1989 0 1 0 1.988000000000e-06 37.01984000 -36.78231000 -26.01375000 -0.52511000 0.59341000 0.61002000 0 0 0 6332.72200000
1990 0 1 0 1.989000000000e-06 62.47836000 -14.80800000 -23.54252000 -0.99699000 0.04763000 0.06113000 0 0 0 5819.56900000
1991 0 1 0 1.990000000000e-06 42.21934000 -21.44627000 -38.05420000 -0.28993000 0.48734000 0.82368000 0 0 0 6702.11700000
1992 0 1 0 1.991000000000e-06 40.67976000 -38.05252000 -22.11844000 -0.55198000 0.53870000 0.63649000 0 0 0 7853.06000000
1993 0 1 0 1.992000000000e-06 61.19615000 -28.99364000 -13.63097000 -0.52601000 0.53192000 0.66361000 0 0 0 7547.37800000
1994 0 1 0 1.993000000000e-06 -44.43590000 -14.50290000 -38.94494000 0.62580000 0.66694000 0.40443000 0 0 0 4317.15000000
1995 0 1 0 1.994000000000e-06 64.46709000 -17.11083000 38.25966000 -0.98999000 0.13520000 0.04051000 0 0 0 5150.99900000
1996 0 1 0 1.995000000000e-06 57.71956000 -27.17526000 -5.23067000 -0.83966000 0.53724000 0.07969000 0 0 0 5215.58200000
1997 0 1 0 1.996000000000e-06 62.00310000 -34.11347000 -11.76743000 -0.50183000 0.48377000 0.71703000 0 0 0 6577.71400000
1998 0 1 0 1.997000000000e-06 -35.96090000 -8.62071000 -36.17270000 0.78441000 0.24331000 0.57053000 0 0 0 4188.14700000
1999 0 1 0 1.998000000000e-06 48.52783000 -43.76994000 7.99690000 -0.85040000 0.52403000 0.04702000 0 0 0 5037.23500000
2000 0 1 0 1.999000000000e-06 -34.32733000 6.24709000 -37.13690000 0.73899000 0.02092000 0.67339000 0 0 0 4643.84100000
2001 0 1 0 2.000000000000e-06 -37.08669000 2.29965000 -34.77894000 0.79578000 0.00153000 0.60558000 0 0 0 4367.72600000
2002 0 1 0 2.001000000000e-06 63.76081000 12.26221000 -17.89843000 -0.99825000 0.01558000 0.05699000 0 0 0 5535.34200000
2003 0 1 0 2.002000000000e-06 57.02391000 -24.55704000 -27.47160000 -0.86657000 0.49307000 0.07702000 0 0 0 5284.30600000
2004 0 1 0 2.003000000000e-06 34.01198000 -29.22805000 -35.89262000 -0.38931000 0.61975000 0.68143000 0 0 0 6428.73400000
2005 0 1 0 2.004000000000e-06 43.31321000 -29.76691000 -27.49112000 -0.61796000 0.36963000 0.69390000 0 0 0 6910.00100000
2006 0 1 0 2.005000000000e-06 42.60138000 -35.42106000 -22.53951000 -0.51431000 0.62589000 0.58631000 0 0 0 6543.91700000
2007 0 1 0 2.006000000000e-06 64.98682000 -12.23606000 0.13361000 -0.91439000 0.40420000 0.02292000 0 0 0 5373.07700000
2008 0 1 0 2.007000000000e-06 -29.38867000 -8.57053000 -43.35507000 0.78053000 0.09023000 0.61857000 0 0 0 4137.67100000
2009 0 1 0 2.008000000000e-06 62.49008000 -16.03987000 -0.23171000 -0.96476000 0.26018000 0.03927000 0 0 0 5768.82000000
2010 0 1 0 2.009000000000e-06 45.52517000 -28.57381000 -27.43329000 -0.58225000 0.32239000 0.74636000 0 0 0 7497.22900000
2011 0 1 0 2.010000000000e-06 54.33008000 -36.07587000 -8.30796000 -0.83281000 0.55081000 -0.05509000 0 0 0 5413.82700000
2012 0 1 0 2.011000000000e-06 25.46579000 -31.55969000 -38.99286000 -0.47432000 0.55762000 0.68123000 0 0 0 6345.94000000
2013 0 1 0 2.012000000000e-06 50.33175000 -36.77066000 -22.00257000 -0.84352000 0.53246000 0.07041000 0 0 0 5986.20300000
2014 0 1 0 2.013000000000e-06 -29.39010000 3.59362000 -45.25857000 0.75215000 0.15868000 0.63960000 0 0 0 4476.86700000
2015 0 1 0 2.014000000000e-06 30.37140000 -8.78679000 -46.95250000 -0.50763000 0.35031000 0.78714000 0 0 0 7481.92700000
2016 0 1 0 2.015000000000e-06 29.27245000 -28.90035000 -38.57184000 -0.46037000 0.57207000 0.67882000 0 0 0 7362.24900000
2017 0 1 0 2.016000000000e-06 -26.82861000 -14.96631000 -45.47333000 0.78380000 0.13990000 0.60505000 0 0 0 4693.03600000
2018 0 1 0 2.017000000000e-06 54.76059000 -35.83388000 16.61274000 -0.86491000 0.49317000 0.09335000 0 0 0 5768.53100000
2019 0 1 0 2.018000000000e-06 -51.14580000 3.63368000 -19.67107000 0.81354000 0.23946000 0.52992000 0 0 0 4627.49300000
2020 0 1 0 2.019000000000e-06 43.63971000 -40.85792000 -24.57314000 -0.33484000 0.49099000 0.80425000 0 0 0 6232.16000000
2021 0 1 0 2.020000000000e-06 -30.36249000 12.13911000 -42.90388000 0.76588000 0.03381000 0.64209000 0 0 0 4439.83000000
2022 0 1 0 2.021000000000e-06 40.39202000 -20.75235000 -36.42663000 -0.41294000 0.43256000 0.80148000 0 0 0 6319.39300000
2023 0 1 0 2.022000000000e-06 60.43101000 -22.83186000 1.58850000 -0.90949000 0.41550000 0.01338000 0 0 0 5947.06900000
2024 0 1 0 2.023000000000e-06 44.48139000 3.40888000 -37.60312000 -0.60475000 0.13452000 0.78497000 0 0 0 6146.67600000
2025 0 1 0 2.024000000000e-06 -32.73399000 -14.16130000 -39.09124000 0.77037000 0.32856000 0.54642000 0 0 0 4418.15500000
2026 0 1 0 2.025000000000e-06 29.77190000 -30.41953000 -40.39401000 -0.65045000 0.33931000 0.67954000 0 0 0 6381.72200000
2027 0 1 0 2.026000000000e-06 -18.33188000 -44.63109000 -31.35855000 0.63720000 0.43750000 0.63449000 0 0 0 4170.78100000
2028 0 1 0 2.027000000000e-06 -37.87688000 -17.23763000 -30.46540000 0.80048000 0.29452000 0.52200000 0 0 0 4488.23500000
2029 0 1 0 2.028000000000e-06 54.17602000 -28.71600000 -22.50826000 -0.44617000 0.55517000 0.70194000 0 0 0 7056.86000000
2030 0 1 0 2.029000000000e-06 51.25121000 -40.31296000 -6.64678000 -0.89199000 0.45051000 0.03724000 0 0 0 5002.23500000
2031 0 1 0 2.030000000000e-06 -33.97971000 -22.36041000 -31.31064000 0.72323000 0.35924000 0.58982000 0 0 0 4410.33400000
2032 0 1 0 2.031000000000e-06 22.83610000 -26.72209000 -41.82238000 -0.30672000 0.49832000 0.81092000 0 0 0 6803.54700000
2033 0 1 0 2.032000000000e-06 50.15214000 -16.42027000 -28.38751000 -0.66941000 0.16301000 0.72479000 0 0 0 6962.04700000
2034 0 1 0 2.033000000000e-06 63.89692000 -15.09232000 8.36819000 -0.92129000 0.38306000 -0.06702000 0 0 0 5713.47000000
2035 0 1 0 2.034000000000e-06 58.77836000 -25.32668000 -9.84909000 -0.90375000 0.42694000 0.03104000 0 0 0 5559.85900000
2036 0 1 0 2.035000000000e-06 -32.67679000 -16.14661000 -38.34861000 0.76135000 0.36185000 0.53797000 0 0 0 4205.67600000
2037 0 1 0 2.036000000000e-06 61.35185000 -22.83369000 -25.40973000 -0.97615000 0.21712000 0.00101000 0 0 0 5694.47400000
2038 0 1 0 2.037000000000e-06 21.62471000 -11.51006000 -53.06665000 -0.61356000 0.17749000 0.76944000 0 0 0 6986.04100000
2039 0 1 0 2.038000000000e-06 53.01573000 -35.36024000 -5.46570000 -0.87007000 0.48855000 0.06550000 0 0 0 5680.69800000
2040 0 1 0 2.039000000000e-06 64.47283000 1.36448000 -17.83954000 -0.98765000 0.14693000 0.05449000 0 0 0 5123.09000000
2041 0 1 0 2.040000000000e-06 48.78754000 -12.74728000 -31.13658000 -0.61207000 0.17924000 0.77022000 0 0 0 7458.46300000
2042 0 1 0 2.041000000000e-06 59.66716000 -28.41266000 -16.06355000 -0.50827000 0.54711000 0.66508000 0 0 0 7159.22000000
2043 0 1 0 2.042000000000e-06 60.60698000 -24.78596000 0.24985000 -0.97548000 0.21382000 0.05223000 0 0 0 5465.93000000
2044 0 1 0 2.043000000000e-06 25.60982000 -21.04470000 -48.64677000 -0.64383000 0.33157000 0.68959000 0 0 0 6308.99600000
2045 0 1 0 2.044000000000e-06 -23.40164000 -14.33137000 -46.40051000 0.72457000 0.15244000 0.67213000 0 0 0 4150.94500000
2046 0 1 0 2.045000000000e-06 39.18919000 -10.78451000 -39.39688000 -0.59319000 0.25256000 0.76442000 0 0 0 6071.64500000
2047 0 1 0 2.046000000000e-06 64.41853000 -11.89863000 -24.27080000 -0.93605000 0.35182000 0.00587000 0 0 0 5547.03300000
2048 0 1 0 2.047000000000e-06 47.35964000 -37.89627000 -23.37368000 -0.41536000 0.43783000 0.79736000 0 0 0 6627.54200000
2049 0 1 0 2.048000000000e-06 -40.99622000 -13.74457000 -27.00526000 0.76392000 0.24477000 0.59709000 0 0 0 4006.44600000
2050 0 1 0 2.049000000000e-06 -51.06328000 -1.76463000 -15.99083000 0.82777000 0.18082000 0.53113000 0 0 0 4879.69000000
2051 0 1 0 2.050000000000e-06 62.55415000 -11.91003000 -8.36794000 -0.97177000 0.22088000 0.08290000 0 0 0 5520.37900000
2052 0 1 0 2.051000000000e-06 49.74147000 -40.63634000 -5.10349000 -0.83043000 0.55691000 0.01520000 0 0 0 5932.44000000
2053 0 1 0 2.052000000000e-06 62.64044000 -18.87052000 8.17489000 -0.89434000 0.44669000 0.02505000 0 0 0 5860.09300000
2054 0 1 0 2.053000000000e-06 66.09549000 -6.09912000 37.54729000 -0.99927000 0.00488000 0.03786000 0 0 0 5913.48000000
2055 0 1 0 2.054000000000e-06 -35.24489000 -18.10867000 -33.50854000 0.77594000 0.33673000 0.53342000 0 0 0 4763.91000000
2056 0 1 0 2.055000000000e-06 -37.88971000 2.93260000 -33.71878000 0.76960000 0.05831000 0.63585000 0 0 0 4706.56000000
