geometry,time_bin_id,day_mid,elapsed_day,trajectory_quadrature_weight_s,integration_interval_from_previous_s,altitude_km,prompt_occupancy_cps,delayed_occupancy_cps,accidental_live_factor,T_atm_511_vertical,T_atm_511_slant45,prompt_final_cps_noacc,delayed_final_cps_noacc,background_final_cps_noacc,background_mc_counting_sigma_cps,signal_final_cps_noacc_at_reference_flux,prompt_componentwise_upper95_proxy_cps_noacc,delayed_conditional_mixture_upper95_proxy_cps_noacc,background_componentwise_upper95_proxy_cps_noacc,signal_lower95_cps_noacc_at_reference_flux,cumulative_source_counts,cumulative_background_counts,cumulative_source_lower95_counts,cumulative_background_upper95_proxy_counts,counting_Z,counting_Z_conditional_endpoint_proxy,prompt_p_cps,delayed_p_cps,prompt_n_cps,delayed_n_cps,prompt_alpha_cps,delayed_alpha_cps,prompt_gamma_cps,delayed_gamma_cps,prompt_eminus_cps,delayed_eminus_cps,prompt_eplus_cps,delayed_eplus_cps,prompt_muminus_cps,delayed_muminus_cps,prompt_muplus_cps,delayed_muplus_cps
Mass_model_511,0,0.0,0.0,10800.0,0.0,38.75,6578.551410438431,0.0,0.9934430398864613,0.7390423888027,0.6520342542373311,0.11762631198560303,0.0,0.11762631198560303,0.04468462031043645,0.000985664533308472,0.7616084850771723,0.0,0.7616084850771723,0.0009798787157995737,0.0,0.0,0.0,0.0,0.0,0.0,0.0,0.0,0.0,0.0,0.0,0.0,0.09666654776801507,0.0,0.0,0.0,0.020959764217587953,0.0,0.0,0.0,0.0,0.0
Mass_model_511,1,0.25,0.25,21600.0,21600.0,39.52254248593737,6323.407104896321,198.9416602588275,0.9934988755822834,0.7634373037471879,0.6826789626589138,0.11295086871063867,0.07994315371819136,0.19289402242883003,0.043524925467724684,0.0010319894035563766,0.7396951007534097,0.10359735729700875,0.8432924580504184,0.0010259316606242533,21.648404329102764,3331.74638166333,21.521328927103053,17219.787380767793,0.3750506507250069,0.16400428411697904,0.0,0.04539509238865593,0.0,0.017800199038388698,0.0,0.014341520118826124,0.09263659229230975,0.0014727747310560374,0.0,0.00022779047629434306,0.02031427641832892,0.0007054170920509583,0.0,3.598729192596244e-07,0.0,0.0
Mass_model_511,2,0.5,0.5,21600.0,21600.0,40.219463130731185,6115.610640265675,215.6602229485752,0.9936887294008674,0.7837771116149006,0.7085421765182374,0.1091724739182664,0.0845598411951961,0.1937323151134625,0.042138743244807965,0.0010710862032303832,0.7183017874228118,0.10962768780220115,0.8279294752250129,0.0010647989634050966,44.21615561356198,7480.562195999901,43.956608273995634,35153.341789771584,0.5112270921809705,0.23444494125547316,0.0,0.04743240399045082,0.0,0.01931570167559143,0.0,0.015325777227161637,0.08942395010854932,0.001486345594168259,0.0,0.00022870315946903292,0.01974852380971707,0.0007705796719075194,0.0,3.298764474121139e-07,0.0,0.0
Mass_model_511,3,0.75,0.75,21600.0,21600.0,40.77254248593737,5965.473733224301,224.77241124063923,0.9938288739561465,0.7988362482971733,0.7278710495576816,0.10647741984491385,0.08692791674291778,0.19340533658783163,0.04113861293854068,0.0011003051967111582,0.6987870708658106,0.11272183122073763,0.8115089020865482,0.001093846442381331,67.52084233420331,11635.553596013437,67.12449727095802,52748.75758943966,0.6259567486514193,0.2922637339855049,0.0,0.04836070688849703,0.0,0.02007292721624974,0.0,0.01599471501191803,0.08718332986832121,0.0014919283698969278,0.0,0.00022716451254378296,0.019294089976592644,0.0007801772534709829,0.0,2.974903412816926e-07,0.0,0.0
Mass_model_511,4,1.0,1.0,21600.0,21600.0,41.127641290737884,5878.647198194524,231.33415999934746,0.9939086466197297,0.808017462949973,0.7397298852634182,0.10490327228923398,0.08853168726452239,0.19343495955375636,0.040559182474222924,0.0011182319140354633,0.6885598369961727,0.1148175598429814,0.8033773968391541,0.0011116679304806138,91.33414511797177,15787.813252775308,90.79801677194105,70082.59256093981,0.7268958306463634,0.342981964110884,0.0,0.04895546737417599,0.0,0.02057864596457872,0.0,0.01649615753446544,0.0858651192724738,0.0014985087520308197,0.0,0.00022560705115602113,0.01903815301676018,0.0007770285164342219,0.0,2.7207168115856074e-07,0.0,0.0
Mass_model_511,5,1.25,1.25,21600.0,21600.0,41.25,5856.6424128067365,237.64363644264185,0.9939242464454227,0.8110949791979928,0.7437174703023954,0.10448470848829303,0.09016583592573735,0.19465054441403037,0.04041981239918397,0.0011242598506368442,0.686707787468075,0.11694351904859178,0.8036513065166668,0.0011176604832978043,115.40571964387347,19953.638657763273,114.72829196865695,87332.91697381863,0.8169891366949296,0.3882232535867443,0.0,0.049754806954406594,0.0,0.021012349252016845,0.0,0.016887205911705103,0.08550623652594815,0.001510689281667206,0.0,0.00022549957925605688,0.01897847196234488,0.0007750245025270309,0.0,2.604441585039867e-07,0.0,0.0
Mass_model_511,6,1.5,1.5,21600.0,21600.0,41.127641290737884,5899.28103026572,244.30989544672298,0.9938752423413186,0.808017462949973,0.7397298852634182,0.1052227142884084,0.0919909156677099,0.1972136299561183,0.040719365199408476,0.0011182319140354633,0.6928040218591409,0.11931146903293766,0.8121154908920786,0.0011116679304806138,139.47689074948917,24159.95396914286,138.65816611315032,104676.74496900142,0.8973341708296639,0.42856859893059845,0.0,0.050829507691141945,0.0,0.021453780464204018,0.0,0.017170132286905736,0.08611045998524897,0.0015318590640507597,0.0,0.00022720578697376663,0.019112254303159434,0.0007781694574060072,0.0,2.6091702765189207e-07,0.0,0.0
Mass_model_511,7,1.75,1.75,21600.0,21600.0,40.77254248593737,6007.8663098052875,251.82574261183996,0.9937598590040763,0.7988362482971733,0.7278710495576816,0.10713584308371213,0.09417352012609942,0.20130936320981155,0.041466014968163545,0.0011003051967111582,0.707447678123618,0.12213848162366706,0.829586159747285,0.001093846442381331,163.28896998785916,28437.390182727355,162.33046925090503,122297.49474798776,0.9683045690300931,0.46418517261656006,0.0,0.05227916345049027,0.0,0.02195572594901529,0.0,0.01735511904319373,0.08768911627420425,0.0015643132269405485,0.0,0.0002309707489111186,0.01944672680950787,0.0007879541432999098,0.0,2.7356424855735517e-07,0.0,0.0
Mass_model_511,8,2.0,2.0,21600.0,21600.0,40.21946313073118,6179.04876974438,260.62889529239163,0.9935810126224272,0.7837771116149004,0.708542176518237,0.1101629532442773,0.09688190264473288,0.20704485588901017,0.04263971558521737,0.0010710862032303828,0.7311265630759937,0.12564191932760457,0.8567684824035983,0.001064798963405096,186.5915905446714,32819.69540402549,185.49630421235017,140394.82061988258,1.029970518225844,0.4950621437344854,0.0,0.054224368920341284,0.0,0.02255109049530523,0.0,0.017454910225891646,0.09018506545110033,0.0016092890794553356,0.0,0.0002369159044130451,0.01997788779317696,0.000805027855207284,0.0,3.001641190729959e-07,0.0,0.0
Mass_model_511,9,2.25,2.25,21600.0,21600.0,39.522542485937365,6406.0003018783655,269.922791182215,0.9933463113754637,0.7634373037471877,0.6826789626589136,0.11424687793865443,0.09974386457623251,0.21399074251488692,0.04420227260506125,0.0010319894035563761,0.7561484829298144,0.12934707747116356,0.885495560400978,0.001025931660624253,209.15639538825013,37337.14912906126,207.92865441387067,159088.2451858092,1.0824318716765795,0.5213090895889693,0.0,0.05632698419717798,0.0,0.023231580851247043,0.0,0.017444869593109508,0.09363356666930835,0.0016677837404709193,0.0,0.00024426366940814056,0.020613311269346075,0.0008280486876053778,0.0,3.338372135532705e-07,0.0,0.0
Mass_model_511,10,2.5,2.5,21600.0,21600.0,38.75,6677.33980217361,278.58385590112437,0.9930682127827223,0.7390423888027,0.6520342542373311,0.11918358928412448,0.10226486986662585,0.22144845915075034,0.04606888783144848,0.000985664533308472,0.7809330437128023,0.13262210468335903,0.9135551483961613,0.0009798787157995737,230.79910921434043,42007.936804279474,229.4443262410217,178385.96951913604,1.1260779442834694,0.5432465491843035,0.0,0.058138439085676466,0.0,0.023971809625346948,0.0,0.017307773947475538,0.09786663375856064,0.001739635058921918,0.0,0.00025204567037869776,0.021316955525563838,0.0008548013912653784,0.0,3.6508756089545177e-07,0.0,0.0
Mass_model_511,11,2.75,2.75,21600.0,21600.0,37.97745751406263,6972.869084217261,286.99311954744684,0.9927664269388566,0.7126370627291281,0.6193334023908916,0.12456000330478326,0.1046497706197045,0.22920977392448777,0.0480976892567643,0.0009362314403926538,0.8088481980276714,0.1357271048484103,0.9445753028760817,0.0009307357934690268,251.4086548046543,46840.56089765212,249.9328944950337,198311.59396973386,1.1616336412443145,0.5612409695201481,0.0,0.05983403962121744,0.0,0.024758303636132448,0.0,0.017091466034676962,0.10247460903623083,0.001820961646499725,0.0,0.00026020788717966267,0.02208539426855242,0.0008843941438434547,0.0,3.9765015481375725e-07,0.0,0.0
Mass_model_511,12,3.0,3.0,21600.0,21600.0,37.280536869268815,7261.00225426055,295.53113410209374,0.9924719454311963,0.6870515445807625,0.58812289446444,0.12979941767028702,0.10709679682511491,0.23689621449540194,0.05007905571716077,0.000889051264612427,0.8371856431548819,0.13891187293054036,0.9760975160854222,0.0008838325637266026,270.97628466913375,51837.33874120747,269.3856630333198,218901.70810034685,1.190172565643156,0.575771154254317,0.0,0.06159844045148956,0.0,0.02555607996895754,0.0,0.01685311548896151,0.1069615485909118,0.00190497669008685,0.0,0.000268480522898666,0.022837869079375215,0.0009152685494560566,0.0,4.351532647098778e-07,0.0,0.0
Mass_model_511,13,3.25,3.25,21600.0,21600.0,36.727457514062635,7503.44245653849,303.7126915289454,0.992223241532381,0.6655438918795834,0.5622559937833749,0.1342070710784401,0.10941691086512832,0.24362398194356844,0.051751611321404455,0.0008499488916584772,0.8619581038474569,0.14192987371731652,1.0038879775647733,0.0008449597203807812,289.6138174811726,56987.234759809275,287.91379415743893,240121.87624705612,1.2131946495100825,0.5875524055091099,0.0,0.0632899037889378,0.0,0.02629538733305461,0.0,0.01662797927815698,0.11073333800229018,0.001983076890844844,0.0,0.00027596214037455604,0.023473733076149913,0.0009441281210929874,0.0,4.7331266654196173e-07,0.0,0.0
Mass_model_511,14,3.5,3.5,21600.0,21600.0,36.372358709262116,7662.9240261774285,310.80353244464465,0.9920579782797618,0.6511747745022454,0.5451657636924687,0.13711123325866448,0.11132208324982022,0.24843331650848471,0.052860246250365596,0.0008241140009955766,0.8785957200875507,0.1444072854151274,1.0230030055026782,0.0008192764796532152,307.5516229536464,62259.6827723609,305.7463053178353,261840.2364348525,1.2325784527959287,0.5975070383517839,0.0,0.06468864836167788,0.0,0.02689322521169887,0.0,0.016445208729917882,0.11321942021422111,0.002045726602497712,0.0,0.0002816794435825016,0.02389181304444336,0.0009670895854174311,0.0,5.053150279418232e-07,0.0,0.0
Mass_model_511,15,3.75,3.75,21600.0,21600.0,36.25,7712.417794987058,316.018044228868,0.9920037059781065,0.6461225723909806,0.539193661275189,0.13802689697100762,0.1125030642793842,0.25052996125039184,0.05321873931261172,0.0008150861171018328,0.8833448431430349,0.145943636907809,1.029288480050844,0.000810301589132912,325.11390599405166,67605.54133266308,323.20549835015197,283828.34826040897,1.2503868524362935,0.6066676754709323,0.0,0.06555397351964876,0.0,0.027271413135850332,0.0,0.01632725943389614,0.11401106624460902,0.0020845396321977085,0.0,0.00028480101039777753,0.024015830726398606,0.0009805540175932914,0.0,5.235298001896613e-07,0.0,0.0
Mass_model_511,16,4.0,4.0,21600.0,21600.0,36.372358709262116,7642.6698957935705,318.8039993619149,0.9920701346988472,0.6511747745022454,0.5451657636924687,0.13678792165090795,0.11274624238363719,0.24953416403454515,0.052761550123885274,0.0008241140009955766,0.874826682587541,0.14626246794456055,1.0210891505321016,0.0008192764796532152,342.67629723182876,72963.22738350536,340.66479894472553,305796.08866906934,1.268621442218218,0.6160433827271345,0.0,0.06571779208581295,0.0,0.02737781891899507,0.0,0.016288745125344777,0.11296849981370072,0.0020943257328654746,0.0,0.0002848416435982345,0.023819421837207238,0.000982196076688362,0.0,5.228003323214608e-07,0.0,0.0
Mass_model_511,17,4.25,4.25,21600.0,21600.0,36.727457514062635,7464.767771182462,319.0783294026935,0.9922463695805762,0.6655438918795834,0.5622559937833749,0.13359116809577146,0.11202942293614038,0.24562059103191183,0.05156207816563913,0.0008499488916584772,0.8547017476942302,0.14533468108388256,1.0000364287781127,0.0008449597203807812,360.61442320439085,78268.9599233961,358.4976287238855,327453.0539927916,1.2889863297239257,0.6264865690038094,0.0,0.06516414097505012,0.0,0.027202528049330536,0.0,0.016334379699703434,0.11025590015596233,0.002074386410240963,0.0,0.000281787552348195,0.023335267939809126,0.0009716970118617419,0.0,5.032376053917952e-07,0.0,0.0
Mass_model_511,18,4.5,4.5,21600.0,21600.0,37.280536869268815,7207.076379370455,317.2634746990844,0.9925038971251228,0.6870515445807625,0.58812289446444,0.12894361267127472,0.11053320930122651,0.23947682197250122,0.04981274798535129,0.000889051264612427,0.8269391419861665,0.14339329340252865,0.9703324353886951,0.0008838325637266026,379.25247511144016,83468.05636670066,377.02627589594493,348570.73937975446,1.312708427733174,0.6385959420585685,0.0,0.06403739261197237,0.0,0.02678073698674543,0.0,0.016459014084415493,0.10629928130621834,0.0020286521003505206,0.0,0.00027610104973853345,0.022644331365056378,0.0009508422933792461,0.0,4.70174624901367e-07,0.0,0.0
Mass_model_511,19,4.75,4.75,21600.0,21600.0,37.977457514062635,6906.568811469566,314.07402599718534,0.9928053633725292,0.7126370627291283,0.6193334023908919,0.12351202375239448,0.10854910716282169,0.23206113091521618,0.047766668851905,0.0009362314403926541,0.796053570759716,0.14081521068704195,0.9368687814467579,0.0009307357934690273,398.82080546615816,88523.24708310376,396.4797408126156,369017.1597857241,1.340445430033215,0.6526761151073082,0.0,0.06256689511379461,0.0,0.02617904926233897,0.0,0.016646709982325224,0.10166525529956968,0.0019645528806040064,0.0,0.0002685831133795127,0.021846768452824787,0.0009228855247154454,0.0,4.3128566393762046e-07,0.0,0.0
Mass_model_511,20,5.0,5.0,21600.0,21600.0,38.75,6602.978082525517,310.32938581029174,0.99311053446789,0.7390423888027,0.6520342542373311,0.11801290401512986,0.10640173966881762,0.22441464368394748,0.04569528907735272,0.000985664533308472,0.7663420733191435,0.13802113225404747,0.9043632055731909,0.0009798787157995737,419.4311952762444,93418.45597015429,416.96914833085845,388762.3783420385,1.3722852191581008,0.6687469393617116,0.0,0.0609969748147108,0.0,0.025482201163365845,0.0,0.016878806886424624,0.096964361350291,0.0018913715583746002,0.0,0.00026023064629111456,0.021048542664838854,0.0008917612228701605,0.0,3.9337678047971744e-07,0.0,0.0
Mass_model_511,21,5.25,5.25,21600.0,21600.0,39.52254248593737,6327.716130077739,306.74553454099294,0.9933874977862885,0.7634373037471879,0.6826789626589138,0.11301878323366832,0.10436553696727847,0.21738432020094678,0.04381474313024307,0.0010319894035563766,0.7405447522125701,0.135367843910159,0.8759125961227291,0.0010259316606242533,441.07481866670963,98157.6624265991,438.4857243832722,407859.5134267212,1.4078298218978729,0.6865942473769813,0.0,0.05952498179866497,0.0,0.024774840712922668,0.0,0.017133926954198856,0.09268881401632174,0.0018181898046962116,0.0,0.0002520230242538638,0.02032996921734657,0.0008612139685257675,0.0,3.607040161279928e-07,0.0,0.0
Mass_model_511,22,5.5,5.5,21600.0,21600.0,40.219463130731185,6101.13972527774,303.1280334882833,0.9936161958558704,0.7837771116149006,0.7085421765182374,0.108945486598082,0.1023128120834728,0.2112582986815548,0.04226900192089581,0.0010710862032303832,0.7154070393146262,0.13269724114228865,0.8481042804569149,0.0010647989634050966,463.6404895430154,102756.91298279758,460.918935533937,426357.8697532893,1.4463580974825385,0.7058906158766304,0.0,0.05800724144034524,0.0,0.024111177892662355,0.0,0.017363701771151614,0.08924961066085475,0.0017527944940886352,0.0,0.00024428506455487686,0.019695875937227242,0.000833281798230117,0.0,3.29622439984855e-07,0.0,0.0
Mass_model_511,23,5.75,5.75,21600.0,21600.0,40.77254248593737,5934.244363847231,299.118551544242,0.9937860241880264,0.7988362482971733,0.7278710495576816,0.10599015140373763,0.10006447654027938,0.20605462794401702,0.04112682738597131,0.0011003051967111582,0.6924724584932751,0.129784005011218,0.8222564635044931,0.001093846442381331,486.9438280186367,107235.49884952654,484.085484200032,444284.11076339905,1.486995236672691,0.7262592374107473,0.0,0.056268323763791726,0.0,0.023525374426167846,0.0,0.017523810401617376,0.08680921232218268,0.0017005331409196852,0.0,0.0002371074793985817,0.01918093908155495,0.0008090309545121943,0.0,2.963738719723466e-07,0.0,0.0
Mass_model_511,24,6.0,6.0,21600.0,21600.0,41.127641290737884,5832.728396329941,295.88248123479127,0.993890130751816,0.808017462949973,0.7397298852634182,0.10418934775525668,0.09814153841007218,0.20233088616532885,0.04042074541906291,0.0011182319140354633,0.6792040013218293,0.12729593756343346,0.8064999388852628,0.0011116679304806138,510.75639799155,111618.88275758753,507.75827519173487,461766.2793269407,1.5287799558183734,0.7472155520726801,0.0,0.05475815013539159,0.0,0.023066955865067722,0.0,0.017630702648955755,0.0853170744542955,0.0016631440708599627,0.0,0.000231534492736934,0.01887227330096119,0.0007907809116887249,0.0,2.7028537147623947e-07,0.0,0.0
Mass_model_511,25,6.25,6.25,21600.0,21600.0,41.25,5799.242197970337,294.5251135072143,0.9939247620316054,0.8110949791979928,0.7437174703023954,0.1035937809040893,0.09701837372876658,0.20061215463285587,0.04017776806098916,0.0011242598506368442,0.6749690790450574,0.12584092786510764,0.8008100069101651,0.0011176604832978043,534.8277551633307,115944.15379435659,531.6883343101912,479019.4653597565,1.5706864944692136,0.7682110517491306,0.0,0.05388115249831123,0.0,0.022778045171495363,0.0,0.017708715726611823,0.08482231486458737,0.0016413092369984962,0.0,0.00022848772878328205,0.018771466039501927,0.0007804052498874498,0.0,2.5811667893379057e-07,0.0,0.0
Mass_model_511,26,6.5,6.5,21600.0,21600.0,41.127641290737884,5832.728396329941,295.0898826502794,0.9938909185080389,0.808017462949973,0.7397298852634182,0.10418934775525668,0.0966882738387278,0.20087762159398448,0.0403921927273058,0.0011182319140354633,0.6792040013218293,0.12541148061580265,0.804615481937632,0.0011116679304806138,558.8991218487682,120253.82717874553,555.6184028864594,496252.430451903,1.611699138318463,0.7887244399453276,0.0,0.05362624647347153,0.0,0.02267122911044356,0.0,0.01774846295432166,0.0853170744542955,0.0016358795411345899,0.0,0.0002280458145001004,0.01887227330096119,0.0007781518281774318,0.0,2.5811667893379057e-07,0.0,0.0
Mass_model_511,27,6.75,6.75,21600.0,21600.0,40.772542485937365,5932.9605291541375,297.6382796312611,0.9937887711223373,0.7988362482971731,0.7278710495576813,0.10597007966565603,0.09716846351663902,0.20313854318229504,0.04106267439745459,0.0011003051967111578,0.6922140425470054,0.1260298920026048,0.8182439345496102,0.0010938464423813307,582.7117339779722,124590.32144667461,579.2912357869969,513671.336321401,1.6508651907871181,0.808265965668417,0.0,0.05401105144008611,0.0,0.022751454372545037,0.0,0.017744241629871323,0.08679380500301685,0.0016471627365053992,0.0,0.00023021841196405821,0.01917627466263917,0.0007840646707198551,0.0,2.702549472174652e-07,0.0,0.0
Mass_model_511,28,7.0,7.0,21600.0,21600.0,40.219463130731185,6098.4271019315875,302.3873035838347,0.9936196271695149,0.7837771116149006,0.7085421765182374,0.10890289397314633,0.09854937244555238,0.2074522664186987,0.042179739231895504,0.0010710862032303832,0.714865665529302,0.12781177632309224,0.8426774418523942,0.0010647989634050966,606.0151447887406,128996.78027223486,602.4578563636342,531496.3311031535,1.687306744125021,0.8263737946400332,0.0,0.055112765034876936,0.0,0.023023288821496485,0.0,0.017704586681843385,0.08921690053277741,0.0016751535961254756,0.0,0.00023501456760381556,0.01968599344036892,0.0007982674699036579,0.0,2.962737026192476e-07,0.0,0.0
Mass_model_511,29,7.25,7.25,21600.0,21600.0,39.522542485937365,6323.407104896321,308.48452190914435,0.9933900508330018,0.7634373037471877,0.6826789626589136,0.11295086871063861,0.10044087089345792,0.21339173960409652,0.04371350118721991,0.0010319894035563761,0.7396951007534094,0.13025831473038502,0.8699534154837945,0.001025931660624253,628.5808838125049,133512.36691863925,624.8911352617341,549872.5733660087,1.7202850758303736,0.8427006610133201,0.0,0.0565866304004241,0.0,0.023464089446067544,0.0,0.01760863707682379,0.09263659229230975,0.0017202136191960462,0.0,0.00024161377560211745,0.020314276418328857,0.0008193571416517894,0.0,3.29433692536697e-07,0.0,0.0
Mass_model_511,30,7.5,7.5,21600.0,21600.0,38.75,6596.9122282323815,314.73611578924925,0.9931121821630913,0.7390423888027,0.6520342542373311,0.11791699544465098,0.10231867746169215,0.22023567290634313,0.045581703056292194,0.000985664533308472,0.7651638817280413,0.1326985942278771,0.8978624759559184,0.0009798787157995737,650.2245531979224,138163.92649487784,646.4077570391113,568836.090654423,1.7493069895351976,0.8570634759709753,0.0,0.05797085860276384,0.0,0.024036188227141597,0.0,0.017435501356042344,0.0968904711544096,0.0017816766155799265,0.0,0.00024898858797849007,0.021026524290241384,0.0008451036644285413,0.0,3.604077574172228e-07,0.0,0.0
Mass_model_511,31,7.75,7.75,21600.0,21600.0,37.97745751406263,6898.594424409543,321.42892499456644,0.9928059784037908,0.7126370627291281,0.6193334023908916,0.12338550042058523,0.1043447426207803,0.22773024304136552,0.047640447768007826,0.0009362314403926538,0.7945284840994049,0.13533706274899188,0.9298655468483967,0.0009307357934690268,670.834966766781,142967.88180069975,666.8971881766632,588436.5164118818,1.774174980120184,0.8693788657027791,0.0,0.05941616816661547,0.0,0.024715951862526037,0.0,0.017225428400204326,0.10156757091231224,0.0018552090008783493,0.0,0.00025705443219975385,0.021817929508272996,0.0008745378065329254,0.0,3.9295182344096454e-07,0.0,0.0
Mass_model_511,32,8.0,8.0,21600.0,21600.0,37.280536869268815,7197.131512122259,328.8532599408564,0.9925022645389464,0.6870515445807625,0.58812289446444,0.12878530355275652,0.10667565683689513,0.23546096038965164,0.04968130134254723,0.000889051264612427,0.8250635336745359,0.13836965308021804,0.9634331867547539,0.0008838325637266026,690.403287664574,147933.586618742,686.3506436919207,608733.8819028576,1.7950206844485004,0.8796953731754237,0.0,0.06108267262211326,0.0,0.02546039234850088,0.0,0.01702692137481408,0.10617679947143974,0.0019336902186783784,0.0,0.00026552023798511707,0.022608504081316778,0.0009060293247118058,0.0,4.3071009158766387e-07,0.0,0.0
Mass_model_511,33,8.25,8.25,21600.0,21600.0,36.72745751406263,7454.867062370122,336.4743683928,0.9922389323942906,0.6655438918795831,0.5622559937833744,0.1334331471628425,0.10909848716269514,0.24253163432553765,0.05144671532795094,0.0008499488916584765,0.8528542617191301,0.14151887660869297,0.9943731383278231,0.0008449597203807806,709.0412556266681,153056.5111749144,704.8792074117789,629716.8277990875,1.8123647244569319,0.8882639779584978,0.0,0.06281561290583079,0.0,0.026194834972727604,0.0,0.01686945579937906,0.11013342128839834,0.0020083570957650054,0.0,0.00027347268822735594,0.023299725874444146,0.0009362841974316623,0.0,4.6950333365948305e-07,0.0,0.0
Mass_model_511,34,8.5,8.5,21600.0,21600.0,36.372358709262116,7633.255123704906,343.48172668246457,0.9920549928923491,0.6511747745022454,0.5451657636924687,0.13663743897336883,0.1112908724896583,0.24792831146302713,0.0526734872605327,0.0008241140009955766,0.8730804250998822,0.1443664718687212,1.0174468969686035,0.0008192764796532152,726.979178561358,158311.87594607222,722.7118353448922,651273.8331645055,1.8271122307534,0.8955366253539859,0.0,0.06437512625654526,0.0,0.026829327697478537,0.0,0.016775240483107978,0.11285171920364317,0.002069429087676143,0.0,0.00027989911747876674,0.02378571976972565,0.0009613472913216671,0.0,5.025560499531623e-07,0.0,0.0
Mass_model_511,35,8.75,8.75,21600.0,21600.0,36.25,7703.811088409037,348.9707671597447,0.9919795549336506,0.6461225723909806,0.539193661275189,0.1378893440697702,0.1128929226850541,0.2507822667548243,0.05316568707591295,0.0008150861171018328,0.8817493075127668,0.14644642277689168,1.0281957302896585,0.000810301589132912,744.5412224305726,163654.95347284348,740.170790609945,673190.4072687314,1.8404506236373794,0.9021172412235646,0.0,0.06548922827848642,0.0,0.027275146264156634,0.0,0.01675860867702752,0.11390426952707083,0.002108101420194392,0.0,0.00028389196477715057,0.02398507454269936,0.00097742393155602,0.0,5.221488559621596e-07,0.0,0.0
Mass_model_511,36,9.0,9.0,21600.0,21600.0,36.372358709262116,7655.285112033044,352.26980771684254,0.9920244201438656,0.6511747745022454,0.5451657636924687,0.13698936331386868,0.11364168898756492,0.2506310523014336,0.05284455177656915,0.0008241140009955766,0.8771722336999637,0.1474183686865777,1.0245906023865414,0.0008192764796532152,762.1029941891424,169026.90593429634,757.6294753616334,695183.182112987,1.8536841950605125,0.9086721842340163,0.0,0.06595784834522293,0.0,0.027469039669247505,0.0,0.01682874833132423,0.11312483475759055,0.00211870031186008,0.0,0.0002848852502227637,0.023864528556278117,0.0009819441386751497,0.0,5.229410122675193e-07,0.0,0.0
Mass_model_511,37,9.25,9.25,21600.0,21600.0,36.727457514062635,7496.774987902401,353.16896826229,0.9921807863908183,0.6655438918795834,0.5622559937833749,0.13410104609393175,0.11346349524695384,0.2475645413408856,0.05177025624772438,0.0008499488916584772,0.8607025730472302,0.1471865302076792,1.0078891032549093,0.0008449597203807812,780.0401112649705,174364.9237152025,775.4613021662491,716960.5948068062,1.8680451704342418,0.915824983194702,0.0,0.06573097318957993,0.0,0.027389296681780518,0.0,0.016985636684036253,0.11065114183048765,0.0020999965674569445,0.0,0.00028277832558659677,0.023449904263444097,0.0009743089920555444,0.0,5.048064580485071e-07,0.0,0.0
Mass_model_511,38,9.5,9.5,21600.0,21600.0,37.28053686926882,7255.210198309482,351.97331820827486,0.9924216778730098,0.6870515445807628,0.5881228944644403,0.12970771118370486,0.11249190247898262,0.2421996136626875,0.050125682062975685,0.0008890512646124275,0.8360788500201192,0.1459229919428863,0.9820018419630054,0.000883832563726603,798.676771705533,179613.64734064162,793.9885660396831,738285.9304891713,1.8845227638729474,0.9240637895372892,0.0,0.06492202578505725,0.0,0.027060364810164387,0.0,0.01721957332163506,0.10689056962022106,0.002055457898330035,0.0,0.0002779562183347138,0.02281714156348379,0.0009560515591779173,0.0,4.7288628328280525e-07,0.0,0.0
Mass_model_511,39,9.75,9.75,21600.0,21600.0,37.977457514062635,6967.836055072985,349.3368416562599,0.9927095324373241,0.7126370627291283,0.6193334023908919,0.12448069771807596,0.11099488792549501,0.23547558564357096,0.04816535755951318,0.0009362314403926541,0.8078696196541483,0.1439741435591494,0.9518437632132977,0.0009307357934690273,818.2433436359537,184734.17579999793,813.4402828539476,759016.1448514995,1.9037453580022217,0.9336845418804505,0.0,0.06374481118032445,0.0,0.026542956957650004,0.0,0.017512895059301634,0.10241334588966002,0.001992293817377193,0.0,0.0002711862925267185,0.022067351828415946,0.0009303098171584823,0.0,4.3480115653844345e-07,0.0,0.0
Mass_model_511,40,10.0,10.0,21600.0,21600.0,38.75,6672.997957199969,346.0012334991356,0.9930055764516994,0.7390423888027,0.6520342542373311,0.11911549440474734,0.10926580310035809,0.22838129750510544,0.04615225943365467,0.000985664533308472,0.7800734844436189,0.14172024795367041,0.9217937323972893,0.0009798787157995737,838.8516471740916,189708.0376134463,833.9276163465879,779106.8523439086,1.925937971994716,0.9447781574188397,0.0,0.06242466473671672,0.0,0.02591587156819403,0.0,0.017840918935292382,0.09781413360782165,0.001919605183653373,0.0,0.00026342682336364813,0.02130136079692568,0.000900918491210366,0.0,3.973619275712092e-07,0.0,0.0
Mass_model_511,41,10.25,10.25,21600.0,21600.0,39.52254248593737,6402.372532198132,342.5876670350262,0.9932777359878495,0.7634373037471879,0.6826789626589138,0.11419020900702952,0.10754062555985551,0.22173083456688503,0.04430387122887449,0.0010319894035563766,0.7554182539161292,0.13946846009804745,0.8948867140141766,0.0010259316606242533,860.4929299193617,194535.89900948736,855.4418654933148,798592.3998953083,1.9509557905551673,0.957255597460752,0.0,0.061136601870668245,0.0,0.025257810385958864,0.0,0.01817239229358119,0.0935899540417984,0.0018463145433041301,0.0,0.0002556161325641845,0.02060025496523112,0.0008715254780591584,0.0,3.6485571973912024e-07,0.0,0.0
Mass_model_511,42,10.5,10.5,21600.0,21600.0,40.219463130731185,6176.278802952177,338.8488280628818,0.993506049796835,0.7837771116149006,0.7085421765182374,0.11011986220010574,0.10567042285289031,0.21579028505299605,0.04276304134858789,0.0010710862032303832,0.7305619356242711,0.13703338516275537,0.8675953207870264,0.0010647989634050966,883.056103307147,199229.89496397148,877.8725938156324,817501.3881870889,1.9783860612680348,0.9709284829753502,0.0,0.059724326231407644,0.0,0.024621313171533595,0.0,0.018452033374435864,0.09015194030564412,0.0017801848276060787,0.0,0.00024808533382873527,0.019967921894461612,0.0008441462521942538,0.0,3.336618841306043e-07,0.0,0.0
Mass_model_511,43,10.75,10.75,21600.0,21600.0,40.77254248593737,6007.8663098052875,334.459595883757,0.9936777441904782,0.7988362482971733,0.7278710495576816,0.10713584308371213,0.10349077259565498,0.2106266156793671,0.04161139233310575,0.0011003051967111582,0.707447678123618,0.13420876998898884,0.8416564481126068,0.001093846442381331,906.356880919512,203805.68145141215,901.036596650652,835842.9901788783,2.007664283377208,0.9855532136750851,0.0,0.05802145213416476,0.0,0.024044657875873288,0.0,0.0186367058617977,0.08768911627420425,0.0017267228740465363,0.0,0.0002409809412692216,0.01944672680950787,0.0008199528172525435,0.0,3.000912509419767e-07,0.0,0.0
Mass_model_511,44,11.0,11.0,21600.0,21600.0,41.127641290737884,5902.191145546902,330.6108537175511,0.9937865816187905,0.808017462949973,0.7397298852634182,0.10526769873552717,0.10153445428655689,0.20680215302208405,0.040879295738076166,0.0011182319140354633,0.6934046299894707,0.13167758823179765,0.8250822182212684,0.0011116679304806138,930.1669136161418,208285.65305003824,924.7068652597973,853730.9320926786,2.0381268449929437,1.0007914202146178,0.0,0.056488009697709916,0.0,0.023579582657887895,0.0,0.018742051851601625,0.08614501537448546,0.0016877977852465364,0.0,0.00023535272716735276,0.019122683361041715,0.00080138593578955,0.0,2.736311540251714e-07,0.0,0.0
Mass_model_511,45,11.25,11.25,21600.0,21600.0,41.25,5861.018294168429,328.32896621060723,0.9938297672935069,0.8110949791979928,0.7437174703023954,0.10455235727346056,0.1002442584553854,0.20479661572884594,0.040588194552646714,0.0011242598506368442,0.6876106522289808,0.13000691001362286,0.8176175622426036,0.0011176604832978043,954.2358668081973,212703.39496893383,948.6345345098082,871362.2378279262,2.0690382784794035,1.016247671097425,0.0,0.055512429210022536,0.0,0.02326313062121074,0.0,0.018782175324446957,0.0855581914393765,0.0016639451705057749,0.0,0.00023205645895132515,0.018994165834084063,0.0007902605875651433,0.0,2.610826829117105e-07,0.0,0.0
Mass_model_511,46,11.5,11.5,21600.0,21600.0,41.127641290737884,5884.748018622583,327.66950719658456,0.9938068396414477,0.808017462949973,0.7397298852634182,0.10499781033232604,0.0996207017762493,0.20461851210857535,0.04074087622204774,0.0011182319140354633,0.6898121081462529,0.1291985538013786,0.8190106619476315,0.0011116679304806138,978.3050646544614,217097.74486680684,972.5624469779157,888928.5573753021,2.0996487404890796,1.0315352351491696,0.0,0.05508800597227385,0.0,0.0231088936633607,0.0,0.01874945999637611,0.08593771941840872,0.0016560428450074335,0.0,0.00023118532263320362,0.019060090913917315,0.0007868532941524996,0.0,2.6068244552244823e-07,0.0,0.0
Mass_model_511,47,11.75,11.75,21600.0,21600.0,40.772542485937365,5972.446088088357,328.7307608261962,0.9937186339336709,0.7988362482971731,0.7278710495576813,0.10658595144089175,0.09969814092977755,0.2062840923706693,0.041331729790962335,0.0011003051967111578,0.7002044242667909,0.12929689926813234,0.8295013235349232,0.0010938464423813307,1002.1158279102264,221507.81279870158,996.2334418578388,906621.434027545,2.1292340234554437,1.046280484994954,0.0,0.05524142534186709,0.0,0.023123935465476385,0.0,0.018644039695292314,0.08726668093291712,0.0016644404939837245,0.0,0.00023277636620960913,0.019319270507974627,0.0007912511888512638,0.0,2.7237809718277853e-07,0.0,0.0
Mass_model_511,48,12.0,12.0,21600.0,21600.0,40.219463130731185,6123.261987851373,331.7508374380505,0.9935657760152028,0.7837771116149006,0.7085421765182374,0.10929233446182444,0.10057728501942396,0.2098696194812484,0.042354799410746394,0.0010710862032303832,0.7198369293828364,0.1304307757117154,0.8502677050945517,0.0010647989634050966,1025.4177823243456,225973.69507110066,1019.398614586826,924647.5824220091,2.1571080568429375,1.060122177099097,0.0,0.056054306889333244,0.0,0.02331343426832603,0.0,0.01847972214443166,0.08951602261979752,0.0016890988980786715,0.0,0.00023685321124259468,0.01977631184202692,0.0008035717529229675,0.0,2.9785508881132507e-07,0.0,0.0
Mass_model_511,49,12.25,12.25,21600.0,21600.0,39.522542485937365,6331.509327192696,335.9343928851177,0.9933547343650497,0.7634373037471877,0.6826789626589136,0.11307854067556093,0.10189297963098247,0.2149715203065434,0.04377999079386803,0.0010319894035563761,0.7412934812535782,0.1321335661566194,0.8734270474101976,0.001025931660624253,1047.9825047932595,230531.9673580549,1041.8308828972183,943141.7160989328,2.182671884534184,1.0727752608944294,0.0,0.05719399677470261,0.0,0.02365770554362856,0.0,0.01824545856516037,0.09273476552588972,0.0017304090411848826,0.0,0.00024263645388253628,0.020343775149671214,0.0008224429542267224,0.0,3.302981968130451e-07,0.0,0.0
Mass_model_511,50,12.5,12.5,21600.0,21600.0,38.75,6586.90328872956,340.14572593671807,0.9930968876872335,0.7390423888027,0.6520342542373311,0.1177586067252278,0.10314581970672188,0.22090442643194969,0.04552985325714025,0.000985664533308472,0.7632237201907123,0.13376641247185478,0.8969901326625671,0.0009798787157995737,1069.6256177470914,235207.53009686837,1063.3469515092445,962132.662917301,2.2054955462294537,1.0840704616211825,0.0,0.05821164214925294,0.0,0.02412196297867327,0.0,0.01792929237860854,0.09676845410387196,0.00178774844526485,0.0,0.00024912682088437356,0.02099015262135584,0.0008456865942701179,0.0,3.603397677908984e-07,0.0,0.0
Mass_model_511,51,12.75,12.75,21600.0,21600.0,37.97745751406263,6869.862538957609,344.7497591251068,0.9928113505424266,0.7126370627291281,0.6193334023908916,0.12292879515563035,0.10453050405488311,0.22745929921051344,0.04746579996807182,0.0009362314403926538,0.7890577241147649,0.13557596687080764,0.9246336909855726,0.0009307357934690268,1090.2359228228509,240015.72975888045,1083.8362747905483,981667.5401887088,2.2253618338245764,1.0939096835902251,0.0,0.05927708663631422,0.0,0.024686864316723654,0.0,0.01758053534895417,0.10121501563012134,0.0018569089889477885,0.0,0.00025626980153671953,0.021713779525509017,0.0008724471910802042,0.0,3.917713263497125e-07,0.0,0.0
Mass_model_511,52,13.0,13.0,21600.0,21600.0,37.280536869268815,7149.998674002016,350.1115572805805,0.992527945411504,0.6870515445807625,0.58812289446444,0.1280329833307957,0.10623366324538995,0.23426664657618568,0.04938548878103655,0.000889051264612427,0.8162324698611704,0.13779697778243757,0.954029447643608,0.0008838325637266026,1109.804544621359,244965.80572731158,1103.2900294402436,1001808.3274678998,2.242300252066414,1.1022938255013868,0.0,0.06056792631873973,0.0,0.025314637180228083,0.0,0.01725470257082214,0.10559484603654937,0.0019309293223395002,0.0,0.0002638165177987816,0.022438137294246346,0.0009012230584593742,0.0,4.282770023608137e-07,0.0,0.0
Mass_model_511,53,13.25,13.25,21600.0,21600.0,36.72745751406263,7390.333479562323,355.74937049078085,0.992283840736332,0.6655438918795831,0.5622559937833744,0.1323996972562536,0.10806245774033829,0.2404621549965919,0.051035952345641795,0.0008499488916584765,0.8409113549088749,0.14017802181810063,0.9810893767269755,0.0008449597203807806,1128.443171398657,250053.93309176934,1121.8192481080828,1022548.863709561,2.256642940462449,1.1093813283005347,0.0,0.061941400693654496,0.0,0.025935455925449127,0.0,0.01698418631603693,0.10933257207718865,0.002001215191436155,0.0,0.00027089369709392194,0.02306712517906498,0.0009288401798154868,0.0,4.65736852183665e-07,0.0,0.0
Mass_model_511,54,13.5,13.5,21600.0,21600.0,36.372358709262116,7554.644716247663,360.933813453291,0.9921156671650924,0.6511747745022454,0.5451657636924687,0.13537612606465546,0.1097259429671487,0.24510206903180415,0.05216890373323217,0.0008241140009955766,0.8586383102240743,0.14234156918364885,1.0009798794077231,0.0008192764796532152,1146.3820465943295,255257.11727705944,1139.652822712439,1043788.2188313551,2.269031086229693,1.115491782113865,0.0,0.06317765360729458,0.0,0.02646692365751385,0.0,0.01679446292291653,0.11187308371815326,0.002058308580274109,0.0,0.00027655277331383094,0.023503042346502204,0.0009515438919001177,0.0,4.975339356706562e-07,0.0,0.0
Mass_model_511,55,13.75,13.75,21600.0,21600.0,36.25,7616.1330510234975,364.86920055299964,0.9920507613888272,0.6461225723909806,0.539193661275189,0.13648223063501283,0.11090665974300455,0.24738889037801737,0.05259973678887806,0.0008150861171018328,0.8656631523782173,0.14387657119390873,1.009539723572126,0.000810301589132912,1163.94525731618,260533.910226896,1157.1129379807421,1065329.9255321887,2.2803443100130667,1.1210724659382756,0.0,0.06403236497896886,0.0,0.026830082015511944,0.0,0.016704077636771092,0.11281200493075075,0.002093844616207643,0.0,0.0002799674077864218,0.023670225704262093,0.0009658069028514769,0.0,5.161849071205404e-07,0.0,0.0
Mass_model_511,56,14.0,14.0,21600.0,21600.0,36.372358709262116,7564.592754556285,366.96167212998785,0.992099817354004,0.6511747745022454,0.5451657636924687,0.13553621671476593,0.11137100553831278,0.2469072222530787,0.052256713609449765,0.0008241140009955766,0.8604524191826144,0.14448070622467618,1.0049331254072906,0.0008192764796532152,1181.508326967877,265830.00285621657,1174.572913006969,1086913.8186453776,2.2915787629617577,1.126632891669581,0.0,0.06432537564178617,0.0,0.026968869243209653,0.0,0.016723886389761244,0.11199727741135694,0.002102474867265401,0.0,0.00028062514431592987,0.02353893930340898,0.000969257714999089,0.0,5.165369752846258e-07,0.0,0.0
Mass_model_511,57,14.25,14.25,21600.0,21600.0,36.72745751406263,7409.1420613203745,367.04921862961857,0.9922539650776323,0.6655438918795831,0.5622559937833744,0.13270151637055538,0.1110628456193534,0.24376436198990878,0.05120022735291326,0.0008499488916584765,0.8443745538722005,0.14408091790442973,0.9884554717766303,0.0008449597203807806,1199.44678685134,271087.79671637807,1192.406074736984,1108273.9812238778,2.3037004198255437,1.1326627319687668,0.0,0.0640185566227912,0.0,0.026865670266979804,0.0,0.016855157952577308,0.10956643263167179,0.002083118622021456,0.0,0.00027845035827128625,0.02313508373888358,0.0009613932660176949,0.0,4.985306946373826e-07,0.0,0.0
Mass_model_511,58,14.5,14.5,21600.0,21600.0,37.280536869268815,7175.793194953592,365.4470924725865,0.9924871235208942,0.6870515445807625,0.58812289446444,0.1284451214624811,0.11011853756750352,0.2385636590299846,0.04960712957790339,0.000889051264612427,0.8210536101277541,0.14285288475859328,0.9639064948863474,0.0008838325637266026,1218.084747424844,276257.1898725071,1210.934631111623,1129198.5885966376,2.3175051621822598,1.139555643605825,0.0,0.06322694686228858,0.0,0.02654513859268274,0.0,0.01708927591903172,0.1059136315952293,0.0020391737471089568,0.0,0.0002738194609072079,0.022531489867251793,0.0009437157606286379,0.0,4.6722485566419237e-07,0.0,0.0
Mass_model_511,59,14.75,14.75,21600.0,21600.0,37.97745751406263,6900.400797031379,362.7861742048016,0.9927631262268206,0.7126370627291281,0.6193334023908916,0.12341416960260375,0.1087959933205986,0.23221016292320235,0.04772282841728827,0.0009362314403926538,0.7948736932555576,0.14112989701850898,0.9360035902740665,0.0009307357934690268,1237.6524896511135,281304.04118024284,1230.3875113521394,1149566.2506534806,2.3335157375815445,1.1475587050225409,0.0,0.062157265265409996,0.0,0.026064766082729795,0.0,0.017409220906080786,0.1015897048725357,0.0019776170381794558,0.0,0.00026746331603203345,0.02182446473006805,0.0009192306471558146,0.0,4.3006501072267013e-07,0.0,0.0
Mass_model_511,60,15.0,15.0,21600.0,21600.0,38.75,6619.922510387844,359.7641841406361,0.9930446147469625,0.7390423888027,0.6520342542373311,0.11828048769464458,0.10737058922418691,0.2256510769188315,0.04580130802600056,0.000985664533308472,0.7696427587287292,0.13926884426772906,0.9089116029964583,0.0009798787157995737,1258.2617506616725,286213.8429397817,1250.8757966968703,1169349.9025827087,2.351936962470138,1.1567564971954976,0.0,0.0610228852055646,0.0,0.02549802810210668,0.0,0.01779014387385324,0.09717053668307434,0.0019072566499227475,0.0,0.0002602885047460163,0.021109951011570247,0.000891593206210468,0.0,3.9368178314895463e-07,0.0,0.0
Mass_model_511,61,15.25,15.25,21600.0,21600.0,39.52254248593737,6366.908395444616,357.0242539761877,0.9932986224045148,0.7634373037471879,0.6826789626589138,0.11363498357175378,0.10608799484986119,0.21972297842161498,0.0440652814955375,0.0010319894035563766,0.7483165811203625,0.13758921071469088,0.8859057918350534,0.0010259316606242533,1279.9036817657593,290991.0298198291,1272.3906903965694,1188601.537355372,2.3726708114422967,1.1670846015905714,0.0,0.06000384203596795,0.0,0.024922696703330256,0.0,0.018206534703580676,0.09316274398924226,0.0018369336636779089,0.0,0.0002532265847701066,0.02047223958251152,0.0008643988687480285,0.0,3.622897862674929e-07,0.0,0.0
Mass_model_511,62,15.5,15.5,21600.0,21600.0,40.219463130731185,6159.185263628096,354.2829081570698,0.9935076984809873,0.7837771116149006,0.7085421765182374,0.10985362707211258,0.10478398133110105,0.2146376084032136,0.042642843539217865,0.0010710862032303832,0.727087087982914,0.1358857035802048,0.8629727915631188,0.0010647989634050966,1302.4671070143347,295651.17201940576,1294.8216691012626,1207364.7997931333,2.3953940242481058,1.1783944917347895,0.0,0.05893460526475358,0.0,0.024386892565657226,0.0,0.01860178899374603,0.08994730444694773,0.001774240995994546,0.0,0.0002465666503699806,0.01990632262516484,0.0008395546431495257,0.0,3.3221743016694076e-07,0.0,0.0
Mass_model_511,63,15.75,15.75,21600.0,21600.0,40.77254248593737,6007.197473344184,351.0129784327011,0.9936619601959152,0.7988362482971733,0.7278710495576816,0.1071254822046695,0.10320953652242182,0.21033501872709132,0.04159811140258307,0.0011003051967111582,0.7073102333932823,0.13384285004725985,0.8411530834405421,0.001093846442381331,1325.7677161323531,300211.4290714599,1317.9855044309916,1225651.272677244,2.419657120870491,1.1904938974850463,0.0,0.057597638221517505,0.0,0.023914863267828348,0.0,0.01891432651626895,0.087681154953242,0.0017241865108939133,0.0,0.00024033273785616465,0.019444327251427508,0.000817889641354923,0.0,2.99626702009987e-07,0.0,0.0
Mass_model_511,64,16.0,16.0,21600.0,21600.0,41.127641290737884,5917.122608432113,348.3038265849604,0.9937541604211712,0.808017462949973,0.7397298852634182,0.10549824179762647,0.10185611886668183,0.2073543606643083,0.040967326393728444,0.0011182319140354633,0.6964942296350934,0.13209034577262185,0.8285845754077152,0.0011116679304806138,1349.5771697153884,304694.0896599165,1341.6551973259197,1243570.9695377608,2.444925937320034,1.2031108123225331,0.0,0.05642761246724724,0.0,0.02355237259736082,0.0,0.019150162883369244,0.08632213346268593,0.0016884672569450851,0.0,0.0002355400357542596,0.019176108334940548,0.0008016896669154238,0.0,2.7395908976163194e-07,0.0,0.0
Mass_model_511,65,16.25,16.25,21600.0,21600.0,41.25,5890.422431388466,347.164934230444,0.993781825997298,0.8110949791979928,0.7437174703023954,0.10500592728210179,0.1011604084672113,0.2061663357493131,0.04077062042316884,0.0011242598506368442,0.693707348391501,0.1311874289459853,0.8248947773374864,0.0011176604832978043,1373.6451492562064,309132.2807147875,1365.581898639993,1261317.2574549841,2.4705996630371954,1.2159216252170755,0.0,0.05580993913790421,0.0,0.023336335930976775,0.0,0.01932034480910509,0.0859066264754344,0.0016676820160670164,0.0,0.00023305135250314217,0.019099300806667392,0.0007927931272711028,0.0,2.62093383983957e-07,0.0,0.0
Mass_model_511,66,16.5,16.5,21600.0,21600.0,41.127641290737884,5927.215289395927,347.5840095036712,0.9937448461423436,0.808017462949973,0.7397298852634182,0.10565381994994034,0.10109490806850653,0.20674872801844688,0.041009231522274314,0.0011182319140354633,0.6985901928052977,0.13109982950682317,0.8296900223121209,0.0011116679304806138,1397.7130163093668,313563.95099234884,1389.5084881267073,1279075.326168766,2.496059568435878,1.2286074471517783,0.0,0.05572226172749996,0.0,0.023277026493970746,0.0,0.01940832772257875,0.08644168086154644,0.0016626570127167538,0.0,0.0002329256115497634,0.019212139088393903,0.000791447173413693,0.0,2.6232677686835843e-07,0.0,0.0
Mass_model_511,67,16.75,16.75,21600.0,21600.0,40.77254248593737,6027.123803486178,349.6276034755028,0.9936435369248355,0.7988362482971733,0.7278710495576816,0.10743378282252397,0.1016815656012265,0.20911534842375046,0.04168106974840092,0.0011003051967111582,0.7114163030320619,0.1318559713383198,0.8432722743703818,0.001093846442381331,1421.522138475559,318026.9602437057,1413.1778515501978,1297029.378240502,2.5207028858539724,1.2408575160739848,0.0,0.05618478175854574,0.0,0.023380516738126335,0.0,0.019409274046724614,0.08791808569092603,0.001673769834011735,0.0,0.0002351888294631971,0.01951569713159794,0.0007977597184613285,0.0,2.746758935420809e-07,0.0,0.0
Mass_model_511,68,17.0,17.0,21600.0,21600.0,40.219463130731185,6188.4293537729,353.489935745877,0.9934794324785902,0.7837771116149006,0.7085421765182374,0.11030877504494921,0.10300378966290956,0.21331256470785875,0.042775143799257544,0.0010710862032303832,0.733041903467064,0.13356238236859147,0.8666042858356555,0.0010647989634050966,1444.8222016908794,322559.804053429,1436.3411441816593,1315377.1264977148,2.543954170786481,1.2523694307484747,0.0,0.057269713741406145,0.0,0.023649809273322633,0.0,0.019331331394058345,0.09029717085993892,0.0017009558134299739,0.0,0.0002398425241216417,0.02001160418501028,0.0008118360380144085,0.0,3.00878556407996e-07,0.0,0.0
Mass_model_511,69,17.25,17.25,21600.0,21600.0,39.52254248593737,6404.310957576781,358.2816498406501,0.9932602222637733,0.7634373037471879,0.6826789626589138,0.1142204918558195,0.10465836961228511,0.21887886146810462,0.044252918587955034,0.0010319894035563766,0.7558083490420497,0.13570338907676432,0.891511738118814,0.0010259316606242533,1467.3848719777288,327196.5174264544,1458.7713723562263,1334238.8586550008,2.5653090963826104,1.2629042926305378,0.0,0.058620594031789514,0.0,0.02405977537048175,0.0,0.019155024062081524,0.0936132596172073,0.00174440755875716,0.0,0.00024607237325627166,0.02060723223861221,0.0008321621792229512,0.0,3.3403669594574534e-07,0.0,0.0
Mass_model_511,70,17.5,17.5,21600.0,21600.0,38.75,6663.781501741284,362.792407631012,0.9929980547423044,0.7390423888027,0.6520342542373311,0.11897084185289576,0.10611698161588519,0.22508782346878095,0.04603175254491891,0.000985664533308472,0.7782520748712766,0.13760283326321635,0.9158549081344929,0.0009798787157995737,1489.0258794541128,331958.40415082074,1480.285347849886,1353624.2677800716,2.5844040435126727,1.2723200600159545,0.0,0.059769016358873384,0.0,0.0245709099302669,0.0,0.0188641270925565,0.09770261606607072,0.001803299682321326,0.0,0.0002528596918273536,0.021268225786825034,0.0008564042237388915,0.0,3.646363008320003e-07,0.0,0.0
Mass_model_511,71,17.75,17.75,21600.0,21600.0,37.977457514062635,6947.061186762027,367.3606855017358,0.9927122634092914,0.7126370627291283,0.6193334023908919,0.12415291226750248,0.10756691062737661,0.23171982289487908,0.0479721772151396,0.0009362314403926541,0.8038431665045477,0.1394976220163097,0.9433407885208573,0.0009307357934690273,1509.6341305359988,336856.66726252605,1500.7726291941908,1373560.0753847316,2.601052584280159,1.2805338731540412,0.0,0.06088053979574603,0.0,0.02516048328499627,0.0,0.018508431223203854,0.10216016057005209,0.001873307118395632,0.0,0.0002601211070158743,0.021992751697450394,0.0008836316639379864,0.0,3.9643408098196195e-07,0.0,0.0
Mass_model_511,72,18.0,18.0,21600.0,21600.0,37.280536869268815,7223.167780895857,372.3473413511236,0.9924332579079902,0.6870515445807625,0.58812289446444,0.129199448535849,0.10919660211040225,0.23839605064625125,0.049868069825805904,0.000889051264612427,0.8299831645094347,0.1416246000092429,0.9716077645186776,0.0008838325637266026,1529.2008412687383,341896.1986765688,1520.2244839960092,1394087.8711324108,2.615275179878852,1.2875456870253073,0.0,0.062134314617777534,0.0,0.025787965326544374,0.0,0.018146665964975762,0.10649723544601786,0.0019473539137862044,0.0,0.0002675798212584828,0.022702213089831138,0.0009122893834244505,0.0,4.3308263544813367e-07,0.0,0.0
Mass_model_511,73,18.25,18.25,21600.0,21600.0,36.727457514062635,7454.71230663485,377.2679672391821,0.9921986097713262,0.6655438918795834,0.5622559937833749,0.13343067604663747,0.11081478074074588,0.24424545678738335,0.051463569924917754,0.0008499488916584772,0.8528254165457725,0.1437341840273774,0.9965596005731499,0.0008449597203807812,1547.8377765067391,347068.66613290156,1538.7520210538298,1415180.7129538544,2.6273488367068274,1.293488839306734,0.0,0.06338766954915274,0.0,0.026381320798452734,0.0,0.017815138348018983,0.11013150602761648,0.0020167007845452926,0.0,0.00027434673806069586,0.02329917001902099,0.0009391341646749213,0.0,4.7035784051697405e-07,0.0,0.0
Mass_model_511,74,18.5,18.5,21600.0,21600.0,36.372358709262116,7605.568647258004,381.40678781670226,0.9920448357052876,0.6511747745022454,0.5451657636924687,0.13619418685341683,0.11213804971528515,0.248332236568702,0.05251074037179304,0.0008241140009955766,0.8679658706089992,0.14545848446079263,1.013424355069792,0.0008192764796532152,1565.7752388986623,352346.5906602425,1556.584191147547,1436717.5053929877,2.637815306882027,1.298634462290723,0.0,0.06442434308719355,0.0,0.026857858400921843,0.0,0.017543673184137996,0.1125077671429264,0.002071813097423434,0.0,0.0002794751861233701,0.023686419710490424,0.0009603851997088262,0.0,5.015597761395689e-07,0.0,0.0
Mass_model_511,75,18.75,18.75,21600.0,21600.0,36.25,7650.15198592921,384.01714217814174,0.9919980185505826,0.6461225723909806,0.539193661275189,0.13702944307219847,0.11287011977603982,0.24989956284823828,0.05283260771246245,0.0008150861171018328,0.871868651152385,0.14641378344551786,1.018282434597903,0.000810301589132912,1583.3373548984607,357684.5617675422,1574.0432181197796,1458484.8681899137,2.647423137579434,1.3033639022267771,0.0,0.06501233307297737,0.0,0.027141992305747462,0.0,0.01735608572543535,0.11323672868791157,0.0021044232300488405,0.0,0.0002821737109020199,0.0237927143842869,0.0009725925153401698,0.0,5.192155886150511e-07,0.0,0.0
Mass_model_511,76,19.0,19.0,21600.0,21600.0,36.372358709262116,7579.323271451441,384.5643496333054,0.9920677401163294,0.6511747745022454,0.5451657636924687,0.1357730196609457,0.11280161897839752,0.24857463863934323,0.05236458593761579,0.0008241140009955766,0.863145801977118,0.14632913251294433,1.0094749344900622,0.0008192764796532152,1600.899674757394,363025.19148036477,1591.5024477545007,1480210.1662735376,2.657025575649724,1.3081140779492486,0.0,0.06498654522008918,0.0,0.027182885465059696,0.0,0.01726675620698199,0.11218099184487666,0.002109404572483728,0.0,0.00028197863964099496,0.02359202781606904,0.0009735305931376352,0.0,5.182810043011221e-07,0.0,0.0
Mass_model_511,77,19.25,19.25,21600.0,21600.0,36.72745751406263,7404.173013707612,382.95459013403627,0.9922431135262255,0.6655438918795831,0.5622559937833744,0.13262182766473182,0.11190361655450837,0.2445254442192402,0.05117993605030902,0.0008499488916584765,0.843458209715709,0.14516675185137679,0.9886249615670857,0.0008449597203807806,1618.8377495283573,368308.89241599216,1609.3352266326137,1501620.3436044755,2.6674557323283543,1.3133075650655712,0.0,0.06432645623306692,0.0,0.026969617812945032,0.0,0.017279273542430605,0.10950468473476326,0.0020860003397412193,0.0,0.0002788736754347795,0.02311714292996856,0.0009628960682177091,0.0,4.988826720926047e-07,0.0,0.0
Mass_model_511,78,19.5,19.5,21600.0,21600.0,37.280536869268815,7152.505421117862,379.59672259969045,0.9924961930522972,0.6870515445807625,0.58812289446444,0.1280730791930283,0.11034971722953472,0.23842279642256303,0.04946730017985831,0.000889051264612427,0.8166997429829372,0.14315060190851564,0.9598503448914528,0.0008838325637266026,1637.4756975740156,373484.9263996556,1627.863770552945,1522503.268134817,2.6794047555138256,1.3192859608374794,0.0,0.06317076296690173,0.0,0.026535685870211087,0.0,0.01738902729470832,0.10562585758636135,0.00203801768305054,0.0,0.0002733119903093977,0.022447221606666935,0.0009424451316142289,0.0,4.662927394173043e-07,0.0,0.0
Mass_model_511,79,19.75,19.75,21600.0,21600.0,37.97745751406263,6862.863410695287,375.2621776740588,0.9927880065553896,0.7126370627291281,0.6193334023908916,0.12281734288014509,0.10845409264747842,0.23127143552762353,0.04748921710173187,0.0009362314403926538,0.7877307413073362,0.14068681178997244,0.9284175530973087,0.0009307357934690268,1657.0437784561468,378520.28843221464,1647.3169874614243,1542746.4600847652,2.6933289626312256,1.3262637445883498,0.0,0.061760241038304645,0.0,0.025950464615294322,0.0,0.01758842471225717,0.1011289917178435,0.001972911147008526,0.0,0.0002661270301190051,0.021688351162301597,0.0009154959613048516,0.0,4.2814318988799927e-07,0.0,0.0
Mass_model_511,80,20.0,20.0,10800.0,21600.0,38.75,6571.114910708766,370.7245495719781,0.9930821994503494,0.7390423888027,0.6520342542373311,0.11750841872026004,0.106521328920985,0.22402974764124503,0.04549326454541062,0.000985664533308472,0.7601731224961291,0.13817011707613136,0.8983432395722605,0.0009798787157995737,1677.6536911349797,383402.78982160456,1667.8059206491582,1562336.045398433,2.7094097066932985,1.3343147438093572,0.0,0.06032508871989024,0.0,0.02529378099570909,0.0,0.017858259889270152,0.0965757415949882,0.0018996829776827,0.0,0.0002582720457170078,0.020932677125271835,0.0008858531958147988,0.0,3.910969010016057e-07,0.0,0.0
S3d_O8,0,0.0,0.0,10800.0,0.0,38.75,20113.6551067598,0.0,0.9800872750525049,0.7390423888027,0.6520342542373311,0.03220615446855874,0.0,0.03220615446855874,0.022773190220659316,0.0009807703641961667,0.6308480533276806,0.0,0.6308480533276806,0.0009749560953346493,0.0,0.0,0.0,0.0,0.0,0.0,0.0,0.0,0.0,0.0,0.0,0.0,0.03220615446855874,0.0,0.0,0.0,0.0,0.0,0.0,0.0,0.0,0.0
S3d_O8,1,0.25,0.25,21600.0,21600.0,39.52254248593737,19336.313830298597,759.0315347843475,0.9801052203616184,0.7634373037471879,0.6826789626589138,0.03086350417692471,0.0390614681348494,0.06992497231177411,0.023250501166547376,0.0010268652152626587,0.6139935202180785,0.07144961676823877,0.6854431369863173,0.0010207776838036813,21.250906327266797,1081.065663749749,21.124925274567556,13932.999500897922,0.6463256923638334,0.17896696393307415,0.0,0.016759428938485914,0.0,0.01557331827415949,0.0,0.0029072915270581014,0.03086350417692471,0.00054051262715553,0.0,0.00030768676088168057,0.0,0.0029714755245472944,0.0,1.7544825613840647e-06,0.0,0.0
S3d_O8,2,0.5,0.5,21600.0,21600.0,40.219463130731185,18702.91207507549,832.8893239124683,0.9806537857827332,0.7837771116149006,0.7085421765182374,0.029793156131904003,0.04289001345754174,0.07268316958944573,0.0226984900685696,0.0010657678856534373,0.5966924720243921,0.07858389987658473,0.6752763719009769,0.001059449728766388,43.40802724238542,2591.022906573239,43.15069285469504,28340.401756555,0.8527749266865127,0.2563213443158795,0.0,0.01806188272044273,0.0,0.01734829875672368,0.0,0.003430157447398791,0.029793156131904003,0.000576197551151163,0.0,0.00030272029528890566,0.0,0.0031691484452840055,0.0,1.6082412524691377e-06,0.0,0.0
S3d_O8,3,0.75,0.75,21600.0,21600.0,40.77254248593737,18244.91346834878,870.5728775983346,0.9810660559663317,0.7988362482971733,0.7278710495576816,0.029046654232039504,0.0444467254259658,0.0734933796580053,0.02225143450033592,0.0010948417966131782,0.5801024161551394,0.08153630206624748,0.6616387182213869,0.0010883512818110177,66.29605074191994,4139.514870419213,65.90303003336066,42502.696834350485,1.0304168091711623,0.3196665095721374,0.0,0.018286486522170235,0.0,0.01823987710370654,0.0,0.0038210839216421223,0.029046654232039504,0.0005927151428352824,0.0,0.00029744620200762665,0.0,0.003207666183805413,0.0,1.4503497985798446e-06,0.0,0.0
S3d_O8,4,1.0,1.0,21600.0,21600.0,41.127641290737884,17980.04025324345,895.5753686083601,0.9813014132180904,0.808017462949973,0.7397298852634182,0.02860746927041413,0.04528410641255493,0.07389157568296906,0.021980342672520296,0.0011126795015166762,0.5715851861612865,0.0831427929272031,0.6547279790884896,0.0011060832400321447,89.68870052048092,5701.321962263119,89.15700193159302,56451.94204661126,1.1878181257175826,0.3752459491009088,0.0,0.018257546308628084,0.0,0.018805422889709583,0.0,0.004112987715032811,0.02860746927041413,0.0006033268833352416,0.0,0.00029365956284465406,0.0,0.0032098366263842307,0.0,1.3264266203315678e-06,0.0,0.0
S3d_O8,5,1.25,1.25,21600.0,21600.0,41.25,17913.080938426578,918.068274534989,0.9813450491381343,0.8110949791979928,0.7437174703023954,0.028487901193994938,0.046025135045996764,0.0745130362399917,0.02193117832852057,0.0011186775073047544,0.5701841711979666,0.0845584005222913,0.654742571720258,0.0011120456880387506,113.33727260774742,7274.157356275251,112.66537896268137,70330.09186821379,1.3288666786208048,0.4248346093158918,0.0,0.018311414580879624,0.0,0.01925748770329012,0.0,0.004331026249227737,0.028487901193994938,0.0006130726822397814,0.0,0.0002926746203520595,0.0,0.003218189470858259,0.0,1.269739149177037e-06,0.0,0.0
S3d_O8,6,1.5,1.5,21600.0,21600.0,41.127641290737884,18043.53126858992,940.9038908162551,0.9811946342620262,0.808017462949973,0.7397298852634182,0.028689208828467098,0.04685307648183478,0.07554228531030188,0.022109995156375975,0.0011126795015166762,0.5754694641378779,0.08611023107391218,0.66157969521179,0.0011060832400321447,136.98456153885337,8864.399945815887,136.17248044450187,84280.0936138123,1.454946260934435,0.46905832000808545,0.0,0.01850783251035047,0.0,0.019690907162395847,0.0,0.0044883690360519,0.028689208828467098,0.0006245352796781815,0.0,0.00029460991462171163,0.0,0.0032455505342162652,0.0,1.272044520404736e-06,0.0,0.0
S3d_O8,7,1.75,1.75,21600.0,21600.0,40.77254248593737,18375.331673434997,966.2902712711666,0.9808442270889919,0.7988362482971733,0.7278710495576816,0.029215165837057803,0.047883130828211586,0.07709829666526939,0.02252371439967767,0.0010948417966131782,0.5880208208795916,0.08800789990239453,0.6760287207819862,0.0010883512818110177,160.37330519196644,10481.625471271826,159.422569373842,98452.04061801423,1.5664544149706694,0.5080862513094205,0.0,0.018883956017234135,0.0,0.020164844647595694,0.0,0.004596507376575277,0.029215165837057803,0.0006392484522458262,0.0,0.00029957367740262794,0.0,0.003297666953848249,0.0,1.3337033097747805e-06,0.0,0.0
S3d_O8,8,2.0,2.0,21600.0,21600.0,40.21946313073118,18898.0088844175,996.153109378949,0.9803024210701529,0.7837771116149004,0.708542176518237,0.030046735046808614,0.04920358430116794,0.07925031934797655,0.023165433989298816,0.0010657678856534369,0.6083999713697351,0.09041793167155548,0.6988179030412907,0.0010594497287663876,183.25466141136394,12137.38102187505,182.16827879778933,113011.86352194447,1.6633840687284582,0.5418895010746407,0.0,0.01947807488342909,0.0,0.020715790034054507,0.0,0.004664950544845082,0.030046735046808614,0.000658106386990712,0.0,0.00030758582753141197,0.0,0.003377613239093397,0.0,1.4633852237429602e-06,0.0,0.0
S3d_O8,9,2.25,2.25,21600.0,21600.0,39.522542485937365,19590.290572594295,1027.2425108532625,0.9795935550571363,0.7634373037471877,0.6826789626589136,0.0311956636625812,0.05067484388432942,0.08187050754691062,0.024026200455643253,0.0010268652152626582,0.6289841278380254,0.0930592735010985,0.7220434013391239,0.0010207776838036808,205.40206357356018,13842.583317746887,204.1843852403594,128049.37252429282,1.7458069952672564,0.5706026700437753,0.0,0.020158607992266445,0.0,0.021341238568532192,0.0,0.004693851040223692,0.0311956636625812,0.0006817824845919962,0.0,0.0003175013991822741,0.0,0.003480234848421924,0.0,1.627551110899225e-06,0.0,0.0
S3d_O8,10,2.5,2.5,21600.0,21600.0,38.75,20417.45951831515,1054.935815819845,0.9787564953422533,0.7390423888027,0.6520342542373311,0.03260598414779605,0.05208912368115331,0.08469510782894936,0.025047603290745762,0.0009807703641961667,0.6484141826114332,0.0955218308215611,0.7439360134329943,0.0009749560953346493,226.6331994143025,15604.016969044762,225.2896572331309,143552.1382153438,1.8142842183996837,0.5946157676970324,0.0,0.020748147665940443,0.0,0.02202116698396979,0.0,0.00468275592636431,0.03260598414779605,0.0007104474843884255,0.0,0.0003279734765543828,0.0,0.0035968522385174256,0.0,1.7799054185315422e-06,0.0,0.0
S3d_O8,11,2.75,2.75,21600.0,21600.0,37.97745751406263,21317.946442707045,1081.0243038679769,0.9778500236609429,0.7126370627291281,0.6193334023908916,0.034141211866242104,0.053495771553460636,0.08763698341970275,0.026148362769998997,0.0009315827238743077,0.6705106081879237,0.097921884861297,0.7684324930492208,0.0009260600524916043,246.83874178647358,17424.80747184049,245.37541574953582,159531.2127325309,1.8699471395622045,0.6143391820182043,0.0,0.021300382468270925,0.0,0.022744258901589345,0.0,0.004643070581627015,0.034141211866242104,0.0007428334396051418,0.0,0.00033892862451351415,0.0,0.003724358880554244,0.0,1.93865730044857e-06,0.0,0.0
S3d_O8,12,3.0,3.0,21600.0,21600.0,37.280536869268815,22195.468258719575,1107.4889307785231,0.9769664599213325,0.6870515445807625,0.58812289446444,0.03563611441242526,0.054937167057122836,0.0905732814695481,0.02722793932943506,0.000884636814166577,0.6931915408786731,0.1003752678794269,0.7935668087580999,0.0008793924506844318,266.01099558701185,19305.98262413045,264.4340113051403,176019.57151616458,1.91449234027984,0.6302847993322277,0.0,0.021883530731208127,0.0,0.023479819175344255,0.0,0.004588638253500484,0.03563611441242526,0.000776482018543357,0.0,0.0003500004279332029,0.0,0.0038565749549942414,0.0,2.1214955991628478e-06,0.0,0.0
S3d_O8,13,3.25,3.25,21600.0,21600.0,36.727457514062635,22933.46405705972,1132.8063050647174,0.9762210130941461,0.6655438918795834,0.5622559937833749,0.03689275215537277,0.056292710445475645,0.09318546260084842,0.028147502251170388,0.0008457285981691392,0.7132178647290572,0.102682434992963,0.8159002997220203,0.0008407148929909045,284.2616836630574,21244.114604689836,282.57650442418515,192994.87298501728,1.9502891568675265,0.6432253656176812,0.0,0.022446952244468982,0.0,0.024165873828269263,0.0,0.004529496446543904,0.03689275215537277,0.0008081391203593628,0.0,0.0003599768271734992,0.0,0.003979964445153407,0.0,2.3075335072260253e-06,0.0,0.0
S3d_O8,14,3.5,3.5,21600.0,21600.0,36.372358709262116,23418.660110562665,1154.4338455783775,0.9757263666115775,0.6511747745022454,0.5451657636924687,0.037721034012827045,0.057391397825189885,0.09511243183801693,0.028768643251226977,0.0008200219867733009,0.7267369822656693,0.10454774743103827,0.8312847296967075,0.000815160677258343,301.81962277117293,23228.866398511498,300.03035537634133,210357.01180295242,1.980311292080043,0.6541640898416704,0.0,0.02290665282923378,0.0,0.024727580890988483,0.0,0.00447439363594348,0.037721034012827045,0.0008340984681296547,0.0,0.00036757069540141425,0.0,0.004078637751396381,0.0,2.4635540967027192e-06,0.0,0.0
S3d_O8,15,3.75,3.75,21600.0,21600.0,36.25,23568.98969391774,1169.5493443021196,0.9755649508358584,0.6461225723909806,0.539193661275189,0.03798478476143431,0.05805714399605063,0.09604192875748493,0.02898783649798041,0.0008110389294803012,0.7305099712203361,0.10566131180737746,0.8361712830277136,0.0008062308739299885,319.0060756234246,25243.053946579963,317.11492234245014,227926.946718827,2.0078349367315695,0.6642305442937629,0.0,0.02317006669537217,0.0,0.02509342412247993,0.0,0.004430518009328531,0.03798478476143431,0.0008509923874320612,0.0,0.000371700236493814,0.0,0.004137890188665988,0.0,2.5523562781352986e-06,0.0,0.0
S3d_O8,16,4.0,4.0,21600.0,21600.0,36.372358709262116,23356.39287204171,1176.1392391427862,0.9757659446758543,0.6511747745022454,0.5451657636924687,0.03763743548401782,0.058169118487047,0.09580655397106483,0.028765126061853274,0.0008200219867733009,0.7233329295399177,0.10580987752106616,0.8291428070609839,0.000815160677258343,336.19287898841156,27264.596997780427,334.19983774336106,245474.66479784666,2.036052484735876,0.6745325270169513,0.0,0.023172398600202274,0.0,0.025214403928333746,0.0,0.004403157542148412,0.03763743548401782,0.0008565996356764246,0.0,0.000371754896933838,0.0,0.004148255083836942,0.0,2.548799915360679e-06,0.0,0.0
S3d_O8,17,4.25,4.25,21600.0,21600.0,36.727457514062635,22814.556559575198,1173.9121438396576,0.9762969676628893,0.6655438918795834,0.5622559937833749,0.036733685369778314,0.05771064095051268,0.094444326320291,0.028135819123271802,0.0008457285981691392,0.706656920360598,0.10496725499235124,0.8116241753529493,0.0008407148929909045,353.75186236833264,29270.05420382516,351.65472677660046,262770.16858321254,2.067697352093406,0.6860068140268644,0.0,0.022907381096937306,0.0,0.025078984139218368,0.0,0.004395186985540715,0.036733685369778314,0.0008503919678678149,0.0,0.00036775336261193604,0.0,0.0041084899722640435,0.0,2.4534260725001575e-06,0.0,0.0
S3d_O8,18,4.5,4.5,21600.0,21600.0,37.280536869268815,22029.654410395335,1164.448221259612,0.9770728129617564,0.6870515445807625,0.58812289446444,0.035415468460306465,0.05677646683875339,0.09219193529905986,0.02720150649880308,0.000884636814166577,0.6839114671164648,0.10330736693751615,0.787218834053981,0.0008793924506844318,372.0042603086489,31238.720787733815,369.79891962338354,279634.97707556596,2.1047537544665884,0.6993102465877329,0.0,0.0224309026441719,0.0,0.024716380430211182,0.0,0.00440696543876008,0.035415468460306465,0.000833648294802221,0.0,0.0003603404106757617,0.0,0.004025937385468132,0.0,2.2922346641068996e-06,0.0,0.0
S3d_O8,19,4.75,4.75,21600.0,21600.0,37.977457514062635,21114.069776278357,1150.3784417722072,0.9779815753667791,0.7126370627291283,0.6193334023908919,0.03387156148496265,0.05552909861372365,0.0894006600986863,0.02609935447339374,0.0009315827238743081,0.6588994291683605,0.10112223428636984,0.7600216634547303,0.0009260600524916046,391.17885376838933,33155.833452871404,388.8598409680651,295969.51596248045,2.1483023082111856,0.714775409659004,0.0,0.02183238305348618,0.0,0.02418498049265219,0.0,0.004436075295585455,0.03387156148496265,0.0008090780861891153,0.0,0.00035059593671873994,0.0,0.003913883109143623,0.0,2.1026399483334193e-06,0.0,0.0
S3d_O8,20,5.0,5.0,21600.0,21600.0,38.75,20188.790497775877,1134.6762016242249,0.9789022710656629,0.7390423888027,0.6520342542373311,0.03230537628267205,0.05415675149290143,0.08646212777557348,0.02497698621760739,0.0009807703641961667,0.6351449729361927,0.09874501217066586,0.7338899851068585,0.0009749560953346493,411.38726379766297,35014.19130661388,408.94845014133483,311755.8085366957,2.1985117549840503,0.7324218462103964,0.0,0.021206944400259442,0.0,0.023560575703600914,0.0,0.00447888946417362,0.03230537628267205,0.0007802167128442872,0.0,0.00033984298534291607,0.0,0.0037883644032918437,0.0,1.917823388405289e-06,0.0,0.0
S3d_O8,21,5.25,5.25,21600.0,21600.0,39.52254248593737,19349.567518824042,1119.8752801788921,0.9797386340874771,0.7634373037471879,0.6826789626589138,0.030880902759464156,0.05282811070714467,0.08370901346660882,0.02395352714613253,0.0010268652152626587,0.614766489484641,0.09646831132329091,0.7112348008079319,0.0010207776838036813,432.62155268889114,36814.021326370734,430.0568564924661,327040.30101893464,2.254766231000356,0.7520128110941249,0.0,0.02063097383900819,0.0,0.022920031572365798,0.0,0.004530710033506477,0.030880902759464156,0.0007506418476513779,0.0,0.0003293637771706634,0.0,0.003664631103047792,0.0,1.7585343943746713e-06,0.0,0.0
S3d_O8,22,5.5,5.5,21600.0,21600.0,40.219463130731185,18658.396254214153,1104.764881045361,0.9804308499409013,0.7837771116149006,0.7085421765182374,0.02973507188960863,0.051543286657299806,0.08127835854690843,0.02311248939341308,0.0010657678856534373,0.5940538722080874,0.09425396573753812,0.6883078379456254,0.001059449728766388,454.77204205242555,38560.389584769284,452.0760318346197,341854.25548797485,2.315917323077842,0.7731984717885972,0.0,0.02005267929765203,0.0,0.022314112147424965,0.0,0.004580951768041703,0.02973507188960863,0.0007235176074787373,0.0,0.0003195475314254746,0.0,0.0035508713023826924,0.0,1.6070028942106295e-06,0.0,0.0
S3d_O8,23,5.75,5.75,21600.0,21600.0,40.77254248593737,18148.811204420348,1087.532086122801,0.9809474944849943,0.7988362482971733,0.7278710495576816,0.028922010415139664,0.05026207734343,0.07918408775856967,0.022480506042138547,0.0010948417966131782,0.5743372949156546,0.09199330934369199,0.6663306042593465,0.0010883512818110177,477.656097589559,40259.91260530068,474.82442457402595,356201.7701014837,2.3805587956863183,0.7955821195809675,0.0,0.019403066228875745,0.0,0.021775533057632034,0.0,0.004618961053254263,0.028922010415139664,0.0007011259108587675,0.0,0.0003104803450789076,0.0,0.0034514658410362874,0.0,1.4449066940039273e-06,0.0,0.0
S3d_O8,24,6.0,6.0,21600.0,21600.0,41.127641290737884,17838.708773946873,1072.8562823883794,0.981266136621318,0.808017462949973,0.7397298852634182,0.02842487853476169,0.049204883276044206,0.0776297618108059,0.022068990161163374,0.0011126795015166762,0.5630340147929475,0.09010935279853374,0.6531433675914812,0.0011060832400321447,501.0469215459174,41921.50220594741,498.07658147401776,370182.83240329433,2.4471465584242518,0.8186306211935181,0.0,0.018843756252864743,0.0,0.021349751937782702,0.0,0.004645871923619357,0.02842487853476169,0.0006843876869490087,0.0,0.000303549576672656,0.0,0.003376248180301806,0.0,1.3177178539333513e-06,0.0,0.0
S3d_O8,25,6.25,6.25,21600.0,21600.0,41.25,17736.40667698873,1065.2632872371544,0.9813739788793447,0.8110949791979928,0.7437174703023954,0.028260040706796836,0.04857774749457634,0.07683778820137319,0.02190962513843952,0.0011186775073047544,0.5594493896022082,0.08900203257393388,0.6484514221761422,0.0011120456880387506,524.6954192374344,43558.588479806844,521.5848845503945,383977.4652729812,2.514029524582427,0.8417286865671468,0.0,0.018528449503878584,0.0,0.02107584103791474,0.0,0.004665435832631413,0.028260040706796836,0.0006737484004918522,0.0,0.0002999586439831405,0.0,0.0033330556836505525,0.0,1.258392026069504e-06,0.0,0.0
S3d_O8,26,6.5,6.5,21600.0,21600.0,41.127641290737884,17838.708773946873,1064.8758448056676,0.9812739675857206,0.808017462949973,0.7397298852634182,0.02842487853476169,0.048392298049630196,0.07681717658439188,0.02200132403346437,0.0011126795015166762,0.5630340147929475,0.08868694373350106,0.6517209585264485,0.0011060832400321447,548.3440110331699,45187.06973688347,545.0932811731147,397757.07903362944,2.5795622623608407,0.8642947403078365,0.0,0.018456311954031877,0.0,0.02096687168959491,0.0,0.0046755068713870045,0.02842487853476169,0.0006696526853903386,0.0,0.0002997671216795992,0.0,0.0033229293355203885,0.0,1.2583920260691337e-06,0.0,0.0
S3d_O8,27,6.75,6.75,21600.0,21600.0,40.772542485937365,18144.859982874106,1071.9026017827725,0.9809667023174244,0.7988362482971731,0.7278710495576813,0.028916877196746557,0.04865575100648105,0.0775726282032276,0.022343228424928186,0.0010948417966131778,0.5741015180881169,0.08917518461377599,0.6632767027018929,0.0010883512818110172,571.7351562127546,46822.99823486608,568.3457573920358,411690.9060750885,2.64219756611708,0.8857822748047725,0.0,0.018629908623876097,0.0,0.021028414508302964,0.0,0.004674587321954954,0.028916877196746557,0.0006723153457593783,0.0,0.00030296202281353225,0.0,0.0033462456142470823,0.0,1.3175695270406487e-06,0.0,0.0
S3d_O8,28,7.0,7.0,21600.0,21600.0,40.219463130731185,18650.051126694754,1087.2258410798727,0.9804562279056709,0.7837771116149006,0.7085421765182374,0.029724173937195213,0.04939918829412719,0.07912336223132241,0.02293119345332044,0.0010657678856534373,0.5935605674152715,0.09052861926507114,0.6840891866803427,0.001059449728766388,594.6197309767105,48482.668347218525,591.094666280149,425961.72219869733,2.7005116739609494,0.9056736937826623,0.0,0.01907343766200545,0.0,0.021265169635855608,0.0,0.004664052908166028,0.029724173937195213,0.0006818047236637658,0.0,0.00030954236071919664,0.0,0.0034037365853771544,0.0,1.444418339992158e-06,0.0,0.0
S3d_O8,29,7.25,7.25,21600.0,21600.0,39.522542485937365,19336.3138302986,1107.2846103233835,0.9797639551310577,0.7634373037471877,0.6826789626589136,0.03086350417692471,0.050461977878303525,0.08132548205522824,0.02375972036852704,0.0010268652152626582,0.6139935202180783,0.09242917393802798,0.7064226941561063,0.0010207776838036808,616.7707932620871,50181.04145483672,613.1144111477109,440680.46975921676,2.7533027251945423,0.9235908514664972,0.0,0.019656602046145784,0.0,0.021657784122369336,0.0,0.004639630640129453,0.03086350417692471,0.0006982974707416935,0.0,0.00031839409635503403,0.0,0.003489663419865365,0.0,1.6060826968596144e-06,0.0,0.0
S3d_O8,30,7.5,7.5,21600.0,21600.0,38.75,20170.133125198125,1127.1238109136457,0.9789279281987021,0.7390423888027,0.6520342542373311,0.0322807584689897,0.05161724655970984,0.08389800502869954,0.024771271409871985,0.0009807703641961667,0.634075104322985,0.09443200721262351,0.7285071115356085,0.0009749560953346493,638.0056347359048,51928.588117733205,634.2233668055744,455857.5310213152,2.7997629168331146,0.9393505019674687,0.0,0.020201253986024997,0.0,0.022172959439267028,0.0,0.004596603076091032,0.0322807584689897,0.0007215840745846906,0.0,0.0003281507850912122,0.0,0.0035949381086017554,0.0,1.7570900491222587e-06,0.0,0.0
S3d_O8,31,7.75,7.75,21600.0,21600.0,37.97745751406263,21089.543452138885,1148.1160146343848,0.9780077746228765,0.7126370627291281,0.6193334023908916,0.03383901621943056,0.05289337482320219,0.08673239104263275,0.025882430560106386,0.0009315827238743077,0.6575172616686432,0.09661371666905547,0.7541309783376987,0.0009260600524916043,658.2145801269032,53731.70269006922,654.3125081668015,471525.1117278506,2.8395674984420456,0.9528681467571645,0.0,0.02075552757785626,0.0,0.022788952725413897,0.0,0.0045423226099030375,0.03383901621943056,0.0007500797195485585,0.0,0.0003387395211729638,0.0,0.003715836917705168,0.0,1.915751602297738e-06,0.0,0.0
S3d_O8,32,8.0,8.0,21600.0,21600.0,37.280536869268815,21999.070988061216,1171.8455675540438,0.9770954677089303,0.6870515445807625,0.58812289446444,0.03537466149055785,0.054314056979973914,0.08968871847053177,0.02699176553396365,0.000884636814166577,0.6822146697296992,0.09905408143126283,0.7812687511609621,0.0008793924506844318,677.389653625019,55594.264135263074,673.3739067040627,487735.048977629,2.872920219828935,0.9641937249277747,0.0,0.021381331255472848,0.0,0.023467124719497467,0.0,0.00448696982859002,0.03537466149055785,0.0007810842517952634,0.0,0.0003497935673764782,0.0,0.0038456535233719743,0.0,2.0998338698606707e-06,0.0,0.0
S3d_O8,33,8.25,8.25,21600.0,21600.0,36.72745751406263,22784.11321731129,1196.5650358821445,0.9763045734854436,0.6655438918795831,0.5622559937833744,0.036692879388609254,0.055748254544254375,0.09244113393286363,0.027961542540575854,0.0008457285981691386,0.7049878808780843,0.10153318411174479,0.8065210649898291,0.0008407148929909039,695.6423374811334,57515.42367058043,691.5183837716587,504483.52006761526,2.9006400833644848,0.9735992671016175,0.0,0.022025457011859262,0.0,0.024140627304665117,0.0,0.004437898814444901,0.036692879388609254,0.0008111911695848978,0.0,0.00036010389925745183,0.0,0.003970687382513856,0.0,2.2889619288849415e-06,0.0,0.0
S3d_O8,34,8.5,8.5,21600.0,21600.0,36.372358709262116,23327.447397711396,1219.4148731583678,0.9757519618942396,0.6511747745022454,0.5451657636924687,0.0375985279771989,0.05700993190387902,0.09460845988107791,0.028648916126530005,0.0008200219867733009,0.721756565208,0.10372659973924366,0.8254831649472437,0.000815160677258343,713.2012664968059,59487.1266660984,708.9732187629354,521686.5919059698,2.92415648236483,0.9815783993417244,0.0,0.022598492003532464,0.0,0.024728235677480732,0.0,0.004401277305911225,0.0375985279771989,0.0008365329918265373,0.0,0.00036834270447767977,0.0,0.004074601117353977,0.0,2.450103296408137e-06,0.0,0.0
S3d_O8,35,8.75,8.75,21600.0,21600.0,36.25,23542.530564872584,1237.0990833745993,0.9755248651004865,0.6461225723909806,0.539193661275189,0.037949203563375764,0.05789972603269739,0.09584892959607316,0.028944666252507825,0.0008110389294803012,0.7290697100788495,0.10528057909192999,0.8343502891707795,0.0008062308739299885,730.3875949071661,61493.954634212285,726.0576620248775,539176.0716327461,2.945351809788491,0.988793966554958,0.0,0.022997894958090032,0.0,0.02514897719953552,0.0,0.004381684442898992,0.037949203563375764,0.0008535312801170038,0.0,0.0003733341402223717,0.0,0.004141758388050154,0.0,2.545623783313486e-06,0.0,0.0
S3d_O8,36,9.0,9.0,21600.0,21600.0,36.372358709262116,23395.176389483666,1247.1383814274288,0.9756588283750409,0.6511747745022454,0.5451657636924687,0.03768952121034202,0.05827276278507507,0.09596228399541709,0.02880146027909174,0.0008200219867733009,0.7254510693283133,0.1059372037118582,0.8313882730401715,0.000815160677258343,747.573098504965,63514.95284201457,743.1412853639677,556726.9438589873,2.966304119322397,0.9959792009322391,0.0,0.02314822427671856,0.0,0.02534382813728564,0.0,0.00438246518990081,0.03768952121034202,0.0008597376992549812,0.0,0.0003743657183019931,0.0,0.004161592277843078,0.0,2.5494857700023367e-06,0.0,0.0
S3d_O8,37,9.25,9.25,21600.0,21600.0,36.727457514062635,22912.96594147035,1248.7523157936819,0.9761278392999472,0.6655438918795834,0.5622559937833749,0.03686536706025021,0.058086866713484925,0.09495223377373513,0.02824711118512199,0.0008457285981691392,0.7120820342450874,0.1056231965551058,0.8177052308001932,0.0008407148929909045,765.1295884412028,65527.12210031792,760.5936957353244,574107.7742630506,2.988989914957064,1.003820377167169,0.0,0.023031626270054662,0.0,0.025290582929492007,0.0,0.004404834091675556,0.03686536706025021,0.0008543852344121027,0.0,0.00037134481728716125,0.0,0.004131632295889219,0.0,2.4610746742155816e-06,0.0,0.0
S3d_O8,38,9.5,9.5,21600.0,21600.0,37.28053686926882,22177.66060220236,1243.06788256797,0.9768514080909445,0.6870515445807628,0.5881228944644403,0.03561246652443436,0.05741351764891026,0.09302598417334462,0.027377553462152097,0.0008846368141665774,0.6921882911984936,0.10446949802694648,0.7966577892254401,0.0008793924506844323,783.3783262659163,67509.54939044353,778.7342501646483,591132.9063946555,3.015011320668057,1.0128536752349067,0.0,0.022693432125050154,0.0,0.02500865119907658,0.0,0.004447644643425203,0.03561246652443436,0.0008385431372420731,0.0,0.00036481711509872084,0.0,0.004058123974249641,0.0,2.3054547678937283e-06,0.0,0.0
S3d_O8,39,9.75,9.75,21600.0,21600.0,37.977457514062635,21302.47216481041,1232.4818305404547,0.9777170614784296,0.7126370627291283,0.6193334023908919,0.03412080097532641,0.05640324784951346,0.09052404882483987,0.026329962679143826,0.0009315827238743081,0.6696215657527702,0.10274618102216727,0.7723677467749375,0.0009260600524916046,802.5481431074005,69446.84767334397,797.7904232081434,607693.3391894887,3.045403382075457,1.0234027522560727,0.0,0.0222181782934934,0.0,0.024550854568066764,0.0,0.004507632758230816,0.03412080097532641,0.0008148052964552637,0.0,0.00035582157839265585,0.0,0.0039538355759026105,0.0,2.119778971951917e-06,0.0,0.0
S3d_O8,40,10.0,10.0,21600.0,21600.0,38.75,20404.110762585875,1219.6576123320815,0.9786083492083155,0.7390423888027,0.6520342542373311,0.03258849280251309,0.055230563858970315,0.0878190566614834,0.02524746118664932,0.0009807703641961667,0.647631482602604,0.10076040996583754,0.7483918925684415,0.0009749560953346493,822.7507785233847,71330.8792593937,817.8732920015747,623758.7677151805,3.080558874082653,1.0355657892628558,0.0,0.021694977938979114,0.0,0.023987482285629018,0.0,0.004579577190008133,0.03258849280251309,0.0007866145061604256,0.0,0.0003456318130068098,0.0,0.003834342873075928,0.0,1.937252110885979e-06,0.0,0.0
S3d_O8,41,10.25,10.25,21600.0,21600.0,39.52254248593737,19579.13797944058,1206.7405493596298,0.9794286588239999,0.7634373037471879,0.6826789626589138,0.03118113335141569,0.05404834211837649,0.08522947546979218,0.024248776004414982,0.0010268652152626587,0.6283178358577183,0.09877405138835083,0.7270918872460691,0.0010207776838036813,843.9785164298554,73160.5791109316,838.975186203937,639359.5533295373,3.120274662282977,1.0492441023560901,0.0,0.021192847692239843,0.0,0.02338992354724965,0.0,0.004656395270214355,0.03118113335141569,0.000757470250281833,0.0,0.000335476475241229,0.0,0.003714450108022449,0.0,1.7787751271333015e-06,0.0,0.0
S3d_O8,42,10.5,10.5,21600.0,21600.0,40.219463130731185,18889.492048798846,1192.289306813818,0.9801185146082707,0.7837771116149006,0.7085421765182374,0.03003569882408225,0.05284901218693635,0.0828847110110186,0.023416224018284058,0.0010657678856534373,0.6078839364179609,0.09673309101009253,0.7046170274280534,0.001059449728766388,866.1219730517363,74939.47984239987,860.9873704964093,654509.1758531205,3.163907073264314,1.064238365943417,0.0,0.020656065565396366,0.0,0.02280721462655198,0.0,0.004725620505910934,0.03003569882408225,0.0007305124430966995,0.0,0.0003257547238737422,0.0,0.003602217625776395,0.0,1.6266963302325114e-06,0.0,0.0
S3d_O8,43,10.75,10.75,21600.0,21600.0,40.77254248593737,18375.331673434997,1174.6095065991508,0.9806399196509523,0.7988362482971733,0.7278710495576816,0.029215165837057803,0.05160021919201488,0.08081538502907268,0.02278223991960529,0.0010948417966131782,0.5880208208795916,0.09454285595227359,0.6825636768318653,0.0010883512818110177,888.9987966631593,76672.7462736302,883.7285741828937,669196.7155948724,3.21055906096237,1.0802940824648584,0.0,0.020019751247572333,0.0,0.022275512172870007,0.0,0.004776356643631716,0.029215165837057803,0.0007080718537456123,0.0,0.00031662789227420997,0.0,0.0035024363519500536,0.0,1.4630299709366123e-06,0.0,0.0
S3d_O8,44,11.0,11.0,21600.0,21600.0,41.127641290737884,18052.484917530168,1158.4803506740043,0.980972389308312,0.808017462949973,0.7397298852634182,0.02870072156197386,0.05052907451770555,0.07922979607967941,0.02235789733133924,0.0011126795015166762,0.5760193959980345,0.09263858790908237,0.668657983907117,0.0011060832400321447,912.3824538216226,78368.05505212877,906.9736067716838,683509.7850554042,3.25917282432307,1.097039540263237,0.0,0.01945021962103738,0.0,0.021842236370459546,0.0,0.004809274733014174,0.02870072156197386,0.0006911150451983062,0.0,0.00030948852145448773,0.0,0.003425406197048754,0.0,1.334029492909692e-06,0.0,0.0
S3d_O8,45,11.25,11.25,21600.0,21600.0,41.25,17926.54622281265,1148.1119249435737,0.9811061119434041,0.8110949791979928,0.7437174703023954,0.02850521088391259,0.049829429188322824,0.07833464007223541,0.022171954321554586,0.0011186775073047544,0.5710108340712744,0.09139635119636147,0.6624071852676359,0.0011120456880387506,936.0241852771755,80037.48488650643,930.4751837241519,697612.7140435835,3.308570200983101,1.1140318341009483,0.0,0.019096082083502032,0.0,0.021542071360680204,0.0,0.004825841385909227,0.02850521088391259,0.0006800348718149926,0.0,0.00030544899423468156,0.0,0.0033786776400449043,0.0,1.2728521367858062e-06,0.0,0.0
S3d_O8,46,11.5,11.5,21600.0,21600.0,41.127641290737884,17998.813812743196,1143.6785063514621,0.9810395616805219,0.808017462949973,0.7397298852634182,0.028631657281348703,0.049515727821047364,0.07814738510239606,0.022227279456291063,0.0011126795015166762,0.5727309352951895,0.09083706946306955,0.6635680047582591,0.0011060832400321447,959.6667239390022,81695.50380876061,953.9775630975589,711662.1986316048,3.3575412606099855,1.1308401291005812,0.0,0.01895842518274432,0.0,0.021388853586046114,0.0,0.004823906845303197,0.028631657281348703,0.0006752834774307223,0.0,0.00030458851728686103,0.0,0.0033633993113701592,0.0,1.270900865983166e-06,0.0,0.0
S3d_O8,47,11.75,11.75,21600.0,21600.0,40.772542485937365,18266.366453573144,1145.5497995369055,0.9807752817456578,0.7988362482971731,0.7278710495576813,0.02907442409993565,0.04960200234329377,0.07867642644322942,0.022521715487641928,0.0010948417966131778,0.5813974050076153,0.090985345434916,0.6723827504425313,0.0010883512818110172,983.0527888645918,83356.86317274108,977.2249891795883,725814.9813688309,3.404914085109555,1.1470480210450424,0.0,0.01904361663480036,0.0,0.021389972974471753,0.0,0.004802951703949301,0.02907442409993565,0.0006770912238041604,0.0,0.00030692996077675514,0.0,0.0033801119250060755,0.0,1.3279204853651518e-06,0.0,0.0
S3d_O8,48,12.0,12.0,21600.0,21600.0,40.219463130731185,18726.447585454007,1154.713076564218,0.980315166390025,0.7837771116149006,0.7085421765182374,0.02982383170259557,0.050123014967761455,0.07994684667035702,0.023053004439652417,0.0010657678856534373,0.5980923709771833,0.0919109356497454,0.6900033066269287,0.001059449728766388,1005.933476556527,85036.66277930325,999.9700340392828,740242.4539176307,3.4495794916742915,1.1622511680737908,0.0,0.019377937264952388,0.0,0.021550690498266287,0.0,0.004765424891817461,0.02982383170259557,0.0006855157253706903,0.0,0.00031249006567671446,0.0,0.0034295043936316714,0.0,1.4521280462477566e-06,0.0,0.0
S3d_O8,49,12.25,12.25,21600.0,21600.0,39.522542485937365,19361.234336055866,1167.8590973332869,0.9796801937994385,0.7634373037471877,0.6826789626589136,0.03089621231017617,0.0509278052618669,0.08182401757204308,0.023816146591076833,0.0010268652152626582,0.6154477492047514,0.0933153964685265,0.7087631456732779,0.0010207776838036808,1028.0819862572478,86748.83511673837,1021.987241454593,755046.8986780036,3.4905665600726024,1.176138617916465,0.0,0.019835844848130696,0.0,0.0218542547868953,0.0,0.004709181820183338,0.03089621231017617,0.0007007454864115074,0.0,0.0003202083149942372,0.0,0.0035059597078514,0.0,1.610297400428398e-06,0.0,0.0
S3d_O8,50,12.5,12.5,21600.0,21600.0,38.75,20139.346244307973,1180.289156356371,0.978906021539881,0.7390423888027,0.6520342542373311,0.0322401063502563,0.05179955427032507,0.08403966062058138,0.024756395753268125,0.0009807703641961667,0.6323138462106247,0.09477425123739724,0.7270880974480219,0.0009749560953346493,1049.31566676347,88503.06074833687,1043.0950430273874,770232.9097110874,3.5271750349520543,1.188537383167339,0.0,0.0202442524125664,0.0,0.022269956019340956,0.0,0.004631648985347693,0.0322401063502563,0.0007225891734012794,0.0,0.0003287536149501055,0.0,0.003600597306138231,0.0,1.7567585804083118e-06,0.0,0.0
S3d_O8,51,12.75,12.75,21600.0,21600.0,37.97745751406263,21001.16673137358,1193.708207622617,0.9780496191188182,0.7126370627291281,0.6193334023908916,0.033721556248643196,0.0527805903627146,0.0865021466113578,0.025793804261496384,0.0009315827238743077,0.6525624647880877,0.09639171758337116,0.7489541823714588,0.0009260600524916043,1069.5248011135122,90305.26021919609,1063.1843722274587,785830.9746226345,3.5590520186035643,1.1993446790619253,0.0,0.020658559993561653,0.0,0.02277989473809868,0.0,0.004542462885058497,0.033721556248643196,0.0007495109506926909,0.0,0.00033809099493861065,0.0,0.003710160804020342,0.0,1.909996344123191e-06,0.0,0.0
S3d_O8,52,13.0,13.0,21600.0,21600.0,37.280536869268815,21854.105796555978,1210.0090072233593,0.9771998287894665,0.6870515445807625,0.58812289446444,0.035180773504999846,0.05390853510539453,0.08908930861039438,0.026830514715922953,0.000884636814166577,0.674233521955396,0.09827451497501764,0.7725080369304136,0.0008793924506844318,1088.701292686872,92159.20386480237,1082.2471804332347,801894.992624348,3.5862402572624092,1.2085585975754936,0.0,0.021147315963236817,0.0,0.023350130035975702,0.0,0.0044537503906954806,0.035180773504999846,0.000778874112227391,0.0,0.0003479080464939559,0.0,0.0038284685848954604,0.0,2.08797186972019e-06,0.0,0.0
S3d_O8,53,13.25,13.25,21600.0,21600.0,36.72745751406263,22585.652730521157,1227.6531967235865,0.9764679935283571,0.6655438918795831,0.5622559937833744,0.03642606243902562,0.05506299564354391,0.09148905808256952,0.027731360360802086,0.0008457285981691386,0.6942122692969165,0.10022265150291387,0.7944349207998304,0.0008407148929909039,1106.9564662740886,94064.26116104712,1100.3941324721416,818425.850565263,3.609260405555427,1.2163501044430551,0.0,0.021661806339245193,0.0,0.023918235788900937,0.0,0.004373985684600085,0.03642606243902562,0.0008073408416855671,0.0,0.0003570469032149097,0.0,0.003942309486633913,0.0,2.2705992633064344e-06,0.0,0.0
S3d_O8,54,13.5,13.5,21600.0,21600.0,36.372358709262116,23085.723426383618,1244.0910224418328,0.9759637697178061,0.6511747745022454,0.5451657636924687,0.0372724784146373,0.05607416568396215,0.09334664409859945,0.028361086143487306,0.0008200219867733009,0.7087388043546025,0.10194164908249592,0.8106804534370984,0.000815160677258343,1124.518763767383,96013.00322116626,1117.8523159718045,835348.748829596,3.629122929379154,1.2230677581630323,0.0,0.022119907023858295,0.0,0.024409788135598662,0.0,0.004310433261210472,0.0372724784146373,0.0008311697571357218,0.0,0.0003642633823541657,0.0,0.004036178504740103,0.0,2.425619064729621e-06,0.0,0.0
S3d_O8,55,13.75,13.75,21600.0,21600.0,36.25,23272.940614032024,1256.4417318069495,0.9757690181144525,0.6461225723909806,0.539193661275189,0.03758529647119281,0.05676426184503369,0.0943495583162265,0.02861689986147613,0.0008110389294803012,0.714572363308264,0.10311756825958521,0.8176899315678492,0.0008062308739299885,1141.709106588194,97991.19946142776,1134.9407498456992,852510.7183622232,3.6472197276521348,1.2292020208553052,0.0,0.0224292323178682,0.0,0.024752624770224593,0.0,0.0042688973871353375,0.03758529647119281,0.0008469553505219454,0.0,0.00036848778878857154,0.0,0.004095547682654046,0.0,2.516547841002545e-06,0.0,0.0
S3d_O8,56,14.0,14.0,21600.0,21600.0,36.372358709262116,23116.316855803132,1262.5204964601758,0.9759159263128853,0.6511747745022454,0.5451657636924687,0.03731385572002052,0.05700409203955444,0.09431794775957497,0.028455620337548348,0.0008200219867733009,0.7103720938870465,0.1035212014120305,0.813893295299077,0.000815160677258343,1158.89902569645,99979.58490434926,1152.0287625189205,869706.1320153998,3.665134638818113,1.2353131260079906,0.0,0.022521673837271515,0.0,0.02489436746533496,0.0,0.004253408563055156,0.03731385572002052,0.0008523844045971311,0.0,0.00036907564703242895,0.0,0.0041106638579900805,0.0,2.518264273169159e-06,0.0,0.0
S3d_O8,57,14.25,14.25,21600.0,21600.0,36.72745751406263,22643.499783936822,1261.7298626235022,0.9763782370840356,0.6655438918795831,0.5622559937833744,0.03650397718115401,0.05676061386123852,0.09326459104239253,0.0279056899155416,0.0008457285981691386,0.6973345115559563,0.10309612785944718,0.8004306394154035,0.0008407148929909039,1176.460079653598,101957.1502712218,1169.4857098544514,886724.9284622784,3.6844133806705033,1.2419395583674588,0.0,0.02238356758900538,0.0,0.02481672551224244,0.0,0.00426571646469188,0.03650397718115401,0.0008467598331289949,0.0,0.00036596428483316084,0.0,0.004079449698789242,0.0,2.430478547430291e-06,0.0,0.0
S3d_O8,58,14.5,14.5,21600.0,21600.0,37.280536869268815,21933.44486016568,1255.240327958441,0.977078106212884,0.6870515445807625,0.58812289446444,0.035286982500585685,0.05610623987854517,0.09139322237913086,0.027060315354304608,0.000884636814166577,0.6785890243180718,0.10197536559520329,0.780564389913275,0.0008793924506844318,1194.7132704702815,103905.03647439588,1187.6306908772185,903402.2391332152,3.7063411218775397,1.2495131493759448,0.0,0.022060474331978535,0.0,0.024539534661615105,0.0,0.004305105468811442,0.035286982500585685,0.0008311371027122751,0.0,0.0003596849345315955,0.0,0.004008025525193868,0.0,2.277853702356765e-06,0.0,0.0
S3d_O8,59,14.75,14.75,21600.0,21600.0,37.97745751406263,21095.09928400983,1245.3676568916658,0.977907233282179,0.7126370627291281,0.6193334023908916,0.033846390536176295,0.055185300157807406,0.0890316906939837,0.026052174730372024,0.0009315827238743077,0.6578300857049838,0.10041818522545551,0.7582482709304393,0.0009260600524916043,1213.8871665394959,105809.75742480581,1206.6909189656915,919647.26265533,3.7317750832500067,1.2583034958775197,0.0,0.02163380879036568,0.0,0.02411291187327068,0.0,0.004368604735174609,0.033846390536176295,0.0008080303910592352,0.0,0.0003512259711639654,0.0,0.003908621707855574,0.0,2.0966889176652437e-06,0.0,0.0
S3d_O8,60,15.0,15.0,21600.0,21600.0,38.75,20240.90487556157,1234.6139900605333,0.9787534381702965,0.7390423888027,0.6520342542373311,0.032374067208008096,0.05416181934261276,0.08653588655062086,0.02501980998188672,0.0009807703641961667,0.638143469088271,0.09871314454270351,0.7368566136309745,0.0009749560953346493,1234.0932521204672,107664.78735752706,1226.7772174706097,935444.3947135314,3.7610675551279527,1.2684014025716537,0.0,0.021187707405068354,0.0,0.023602459976849764,0.0,0.0044510785823608555,0.032374067208008096,0.0007807743431204868,0.0,0.0003417915011581575,0.0,0.003796088223692208,0.0,1.919310362933519e-06,0.0,0.0
S3d_O8,61,15.25,15.25,21600.0,21600.0,39.52254248593737,19470.09867348414,1225.2254532756624,0.9795173544163686,0.7634373037471879,0.6826789626589138,0.03103880083555753,0.05319005808986317,0.0842288589254207,0.02408454244959576,0.0010268652152626587,0.6218427144548052,0.09712622223400046,0.7189689366888057,0.0010207776838036813,1255.3235105025624,109470.55735343113,1247.8816172065433,950839.1844574016,3.794084491021523,1.279734421968439,0.0,0.020792527060081566,0.0,0.023078610359567417,0.0,0.0045466792646078865,0.03103880083555753,0.0007528331774339359,0.0,0.000332602689153843,0.0,0.0036850392735448957,0.0,1.7662654736174323e-06,0.0,0.0
S3d_O8,62,15.5,15.5,21600.0,21600.0,40.219463130731185,18836.930530683534,1215.625492333561,0.9801471593164167,0.7837771116149006,0.7085421765182374,0.029967520801517527,0.05225424914088749,0.08222176994240502,0.02332199391903725,0.0010657678856534373,0.6047093442752645,0.09558878054934539,0.7002981248246098,0.001059449728766388,1277.468280480352,111231.96243710519,1269.8951070689996,965858.0723571414,3.830322359633553,1.2921448259867185,0.0,0.0203889653425615,0.0,0.0225864482136224,0.0,0.004642842470438105,0.029967520801517527,0.0007272807554484724,0.0,0.0003240030965771253,0.0,0.0035830896080324653,0.0,1.6196542074320204e-06,0.0,0.0
S3d_O8,63,15.75,15.75,21600.0,21600.0,40.77254248593737,18373.274378591566,1203.3040914472451,0.9806137984089236,0.7988362482971733,0.7278710495576816,0.02921251338345721,0.05128502261781012,0.08049753600126733,0.022754478724668726,0.0010948417966131782,0.5878950527869666,0.09393533879667663,0.6818303915836432,0.0010883512818110177,1300.3451249355858,112954.84786796999,1292.636331475727,980492.1534422771,3.8690665183183484,1.3054321282607513,0.0,0.019892991032631237,0.0,0.022149705239784167,0.0,0.004725017254854568,0.02921251338345721,0.0007062594922082739,0.0,0.00031599052897549333,0.0,0.003493598304193272,0.0,1.4607651631211803e-06,0.0,0.0
S3d_O8,64,16.0,16.0,21600.0,21600.0,41.127641290737884,18098.421570358354,1192.610523023148,0.9808938491077877,0.808017462949973,0.7397298852634182,0.0287597315570494,0.050490712023047585,0.07925044358009699,0.022393963822366428,0.0011126795015166762,0.5788493074938673,0.09256453668182232,0.6714138441756896,0.0011060832400321447,1323.7275294161027,114646.91915359546,1315.8801188127807,994825.8918435648,3.909465694903489,1.319297639540082,0.0,0.019460841062249403,0.0,0.021810155077270955,0.0,0.004791556943576522,0.0287597315570494,0.0006906597972292997,0.0,0.0003099152810597141,0.0,0.0034262482333890457,0.0,1.3356282726457536e-06,0.0,0.0
S3d_O8,65,16.25,16.25,21600.0,21600.0,41.25,18017.014332110273,1187.665357501517,0.9809785553067404,0.8110949791979928,0.7437174703023954,0.0286212981224935,0.05006244395082119,0.07868374207331469,0.022268298778430364,0.0011186775073047544,0.5765967085911938,0.09184635326884494,0.6684430618600388,0.0011120456880387506,1347.3667759556913,116320.09118533295,1339.3792255805304,1009020.4832496939,3.9505582260859473,1.333378865875631,0.0,0.019239819346877463,0.0,0.021602039096225992,0.0,0.004842817761855996,0.0286212981224935,0.0006808877529079052,0.0,0.0003069026210306431,0.0,0.0033886995923319884,0.0,1.2777795912041056e-06,0.0,0.0
S3d_O8,66,16.5,16.5,21600.0,21600.0,41.127641290737884,18129.468360909905,1188.351880317035,0.9808675731302811,0.808017462949973,0.7397298852634182,0.028799560868045956,0.050003696466955544,0.0788032573350015,0.022378862720027724,0.0011126795015166762,0.5807700484479152,0.0917795847565416,0.6725496332044568,0.0011060832400321447,1371.0057067384712,117988.50351807619,1362.8780184633622,1023226.9159548131,3.9913463560318867,1.3473207832580605,0.0,0.0192255340321317,0.0,0.02153614046004845,0.0,0.004874420531595567,0.028799560868045956,0.0006773724953128004,0.0,0.00030698716997714894,0.0,0.0033819628604421564,0.0,1.2789174477184159e-06,0.0,0.0
S3d_O8,67,16.75,16.75,21600.0,21600.0,40.77254248593737,18434.561561809336,1194.8958679549396,0.9805619459423356,0.7988362482971733,0.7278710495576816,0.02929145101092389,0.050323861587922056,0.07961531259884594,0.022724682546510326,0.0010948417966131782,0.5916537053194242,0.09237892809259385,0.684032633412018,0.0010883512818110177,1394.3871823435045,119666.42721883349,1386.1208824315543,1037595.4357184977,4.03085540606399,1.3607773756132104,0.0,0.019422164109286415,0.0,0.021618827590235534,0.0,0.004884344644556088,0.02929145101092389,0.000680350812868209,0.0,0.00031017879883935007,0.0,0.0034066565092420575,0.0,1.3391228943997621e-06,0.0,0.0
S3d_O8,68,17.0,17.0,21600.0,21600.0,40.219463130731185,18926.85010015635,1208.0982005661122,0.9800664060862412,0.7837771116149006,0.7085421765182374,0.030084084928408618,0.05105084346372444,0.08113492839213306,0.02330088474233339,0.0010657678856534373,0.6101508829550142,0.09370021665165311,0.7038510996066673,0.001059449728766388,1417.26248418671,121368.34914491509,1408.86057337127,1052289.453345851,4.068155724533022,1.3734106375510957,0.0,0.019852838298114166,0.0,0.02185336319176498,0.0,0.004873435273738985,0.030084084928408618,0.0006898692041354147,0.0,0.000316465686415394,0.0,0.0034634049412470944,0.0,1.4668683084053191e-06,0.0,0.0
S3d_O8,69,17.25,17.25,21600.0,21600.0,39.52254248593737,19585.097176930587,1224.2663246852662,0.9794056572386695,0.7634373037471879,0.6826789626589138,0.031188898012292986,0.05201743139360672,0.0832063294058997,0.024097629734204585,0.0010268652152626587,0.6286737639183129,0.09541332720845383,0.7240870911267667,0.0010207776838036813,1439.405085933325,123107.26111300297,1430.8719078564054,1067398.6081045906,4.102430178085418,1.384960672296819,0.0,0.02038350149630232,0.0,0.022218134748124573,0.0,0.004837398057835672,0.031188898012292986,0.0007060415873651152,0.0,0.0003247413904425221,0.0,0.003545985589892373,0.0,1.6285236441468734e-06,0.0,0.0
S3d_O8,70,17.5,17.5,21600.0,21600.0,38.75,20375.774098262566,1238.4029486411953,0.9786177354070033,0.7390423888027,0.6520342542373311,0.0325513387791357,0.05299325022963634,0.08554458900877204,0.025056729281696315,0.0009807703641961667,0.645973353239578,0.09706782058415715,0.7430411738237352,0.0009749560953346493,1460.632668170514,124891.5096914741,1451.9736473123353,1082910.9533582162,4.133087046844707,1.3952831865526303,0.0,0.020833929853788728,0.0,0.022678123053412408,0.0,0.004772302264210387,0.0325513387791357,0.0007285969649831912,0.0,0.00033365011586715106,0.0,0.0036448702719767577,0.0,1.7777053977197473e-06,0.0,0.0
S3d_O8,71,17.75,17.75,21600.0,21600.0,37.977457514062635,21238.59436296976,1252.1219564619319,0.9777603143656325,0.7126370627291283,0.6193334023908919,0.0340364478490305,0.054015320552303944,0.08805176840133444,0.026097725903233303,0.0009315827238743081,0.6659652194517487,0.0987586072551747,0.7647238267069234,0.0009260600524916046,1480.8358381794565,126725.44664010007,1472.0570475295149,1098839.5480627066,4.159824429609712,1.4042922530025235,0.0,0.02125810711377252,0.0,0.023212267162778105,0.0,0.004687448045267492,0.0340364478490305,0.0007559498234094393,0.0,0.000343119119074009,0.0,0.003756496559406812,0.0,1.9327285955723188e-06,0.0,0.0
S3d_O8,72,18.0,18.0,21600.0,21600.0,37.280536869268815,22079.137371360703,1267.3244364545533,0.9769239582929001,0.6870515445807625,0.58812289446444,0.035481420351123685,0.055119719202338,0.09060113955346169,0.027121412382354305,0.000884636814166577,0.6866665470734605,0.10059086530152014,0.7872574123749807,0.0008793924506844318,1500.0067833425383,128611.16928531438,1491.1143422056155,1115221.0662190304,4.182672680014738,1.411986242349746,0.0,0.02172556316933537,0.0,0.023784040242397882,0.0,0.004595332465090687,0.035481420351123685,0.0007854156132311541,0.0,0.00035279957698321885,0.0,0.003874456734605523,0.0,2.1114006941660816e-06,0.0,0.0
S3d_O8,73,18.25,18.25,21600.0,21600.0,36.727457514062635,22783.63735474251,1282.487552303485,0.9762211550904605,0.6655438918795834,0.5622559937833749,0.03669224128591486,0.05618478572407164,0.0928770270099865,0.027991383945698962,0.0008457285981691392,0.7049618263176685,0.1023636148431379,0.8073254411608064,0.0008407148929909045,1518.2570666517038,130546.30186396308,1509.2564329573463,1132039.029282755,4.202067499913907,1.4185097835650629,0.0,0.02218809042238462,0.0,0.024328934484618862,0.0,0.00450511333886866,0.03669224128591486,0.0008135978929314296,0.0,0.0003615135435820322,0.0,0.0039852429137938235,0.0,2.2931278922009968e-06,0.0,0.0
S3d_O8,74,18.5,18.5,21600.0,21600.0,36.372358709262116,23242.320168017806,1295.1364256795239,0.9757611395453545,0.6511747745022454,0.5451657636924687,0.03748393432041695,0.05704280715134924,0.09452674147176619,0.02857265922047663,0.0008200219867733009,0.7171424880854572,0.10378744200104137,0.8209299300864986,0.000815160677258343,1535.8153150141536,132521.66549126568,1526.7105913304945,1149201.9540294926,4.218864250052319,1.4241592027543548,0.0,0.022565277260894294,0.0,0.02477214358541112,0.0,0.004424963033576784,0.03748393432041695,0.0008367213000662166,0.0,0.00036802034511401033,0.0,0.004073236380107851,0.0,2.4452461789681806e-06,0.0,0.0
S3d_O8,75,18.75,18.75,21600.0,21600.0,36.25,23377.55065199305,1302.5958705587598,0.9756219181907526,0.6461225723909806,0.539193661275189,0.03772680063416774,0.05752537312628998,0.09525217376045772,0.02876638918460051,0.0008110389294803012,0.7201599013474379,0.10456663997014211,0.82472654131758,0.0008062308739299885,1553.0025748133833,134521.45428934746,1543.7959604597838,1166543.0044238372,4.234249051295177,1.4293530851523875,0.0,0.022769632734734764,0.0,0.02504438921759952,0.0,0.004361883779921876,0.03772680063416774,0.000851411392284815,0.0,0.00037129768386453795,0.0,0.004124226994611521,0.0,2.531323272958392e-06,0.0,0.0
S3d_O8,76,19.0,19.0,21600.0,21600.0,36.372358709262116,23161.6161031904,1302.9167276538087,0.9758322983138471,0.6511747745022454,0.5451657636924687,0.037375063403140014,0.057515527822285833,0.09489059122542584,0.028533334529529768,0.0008200219867733009,0.7127980312386735,0.10449490161861971,0.8172929328572932,0.000815160677258343,1570.1904648115637,136525.1503411062,1560.8819560520362,1183846.355441757,4.249579946957863,1.4345721301561494,0.0,0.02273898567938222,0.0,0.025097914927150078,0.0,0.004320840693823179,0.037375063403140014,0.0008554359328509691,0.0,0.00037076599752537074,0.0,0.0041290578246446835,0.0,2.5267669093283864e-06,0.0,0.0
S3d_O8,77,19.25,19.25,21600.0,21600.0,36.72745751406263,22628.217525991517,1295.764394317291,0.9763599279437213,0.6655438918795831,0.5622559937833744,0.036483404787168064,0.056994774166388845,0.09347817895355691,0.0279086127575137,0.0008457285981691386,0.696508185569426,0.10354247772577121,0.8000506632951971,0.0008407148929909039,1587.7506109060075,138510.89938045194,1578.3380009069158,1200896.0805313028,4.26619118377483,1.4402812244740337,0.0,0.022466480896205933,0.0,0.024920435401472978,0.0,0.004304295676821463,0.036483404787168064,0.0008482208900883452,0.0,0.00036644072767023743,0.0,0.0040864683795925295,0.0,2.432194537364951e-06,0.0,0.0
S3d_O8,78,19.5,19.5,21600.0,21600.0,37.280536869268815,21861.81644337212,1282.6698909070349,0.9771212928996896,0.6870515445807625,0.58812289446444,0.0351911055462966,0.05605478964338144,0.09124589518967804,0.026991867774062515,0.000884636814166577,0.6746554905813361,0.10187779450448622,0.7765332850858223,0.0008793924506844318,1606.004047098361,140459.5072560388,1596.4832258507006,1217527.0503783673,4.285199692609593,1.446855136205342,0.0,0.022006636381643154,0.0,0.024539751424517874,0.0,0.004312571545230778,0.0351911055462966,0.0008309805986107815,0.0,0.0003589539254401007,0.0,0.004003622458567492,0.0,2.27330937125314e-06,0.0,0.0
S3d_O8,79,19.75,19.75,21600.0,21600.0,37.97745751406263,20979.63621883398,1266.5009375237116,0.9779994834116973,0.7126370627291281,0.6193334023908916,0.0336928958747002,0.0548671496946646,0.08856004556936481,0.02592499767431604,0.0009315827238743077,0.6513614135095563,0.0998109967999009,0.7511724103094573,0.0009260600524916043,1625.179283913703,142357.82310372946,1615.5447867369999,1233655.9154951428,4.307354425375618,1.4545276432447791,0.0,0.021453621154371293,0.0,0.02401669545633717,0.0,0.004344859238613592,0.0336928958747002,0.0008064174146456178,0.0,0.0003494287488753619,0.0,0.0038940403623255954,0.0,2.0873194959608217e-06,0.0,0.0
S3d_O8,80,20.0,20.0,10800.0,21600.0,38.75,20090.77879421268,1250.0655462190605,0.9788852602011959,0.7390423888027,0.6520342542373311,0.03217590080063816,0.0536105502765886,0.08578645107722677,0.02484448214256489,0.0009807703641961667,0.6295458746510801,0.09765822662563377,0.7272041012767139,0.0009749560953346493,1645.3876939329707,144200.16023379346,1635.633395900323,1249278.0680305834,4.332966919248647,1.4633776284710616,0.0,0.02089796892955143,0.0,0.023422863788937612,0.0,0.004397556741643443,0.03217590080063816,0.0007779537872472436,0.0,0.00033912740406883606,0.0,0.0037731729168107905,0.0,1.9067083292486615e-06,0.0,0.0
