source_family,stream,source_file,local_id,veto_class,tes_total_keV,plastic_skin_keV,active_other_keV,side_compton_class,side_compton_fov_pass,init_x_cm,init_y_cm,init_z_cm,dir_x,dir_y,dir_z,init_energy_keV,tes_x_cm,tes_y_cm,tes_z_cm,first_hit_volume,first_hit_category,source_scope
eplus,prompt,runs/geometry_optimization_20260704/step02_instant_geo_opt_s1_bpe_w5_fullstat_v1/Background_eplus_fullsphere20_rep01_part01.inc1.id1.sim.gz,12403,pass,510.99896,0.0,0.0,keep,True,54.06556,-36.13443,-5.90792,-0.88203,0.36438,0.29876,142.273,-1.239972005526078,-0.5379712016048115,-5.4247586372654455,Vacuum_Jacket_Al_266mmClass_side_port_side_wall_above_side_port,outer_mechanics,current_geo_opt_prompt_or_delayed
eplus,prompt,runs/geometry_optimization_20260704/step02_instant_geo_opt_s1_bpe_w5_fullstat_v1/Background_eplus_fullsphere20_rep01_part01.inc1.id1.sim.gz,34023,pass,510.9989,10.45103344,0.0,single,True,64.65843,16.06134,-3.6973,-0.99989,0.00284,-0.01421,10.451,-5.208798422066858,-1.3667209707016983,-0.8879701621669636,GeoOpt_S1_PlasticFullWrap_TopCap_5mm,geoopt_plastic_active,current_geo_opt_prompt_or_delayed
eplus,prompt,runs/geometry_optimization_20260704/step02_instant_geo_opt_s1_bpe_w5_fullstat_v1/Background_eplus_fullsphere20_rep01_part01.inc1.id1.sim.gz,71105,compton_fov_veto,510.998946,13.46821886,0.0,veto,False,0.65591,-67.77909,-3.85815,-0.24154,0.93213,-0.26981,13.468,-5.792322098795267,0.1363424220874717,-3.202457062232193,GeoOpt_S1_PlasticFullWrap_SideShell_5mm,geoopt_plastic_active,current_geo_opt_prompt_or_delayed
eplus,prompt,runs/geometry_optimization_20260704/step02_instant_geo_opt_s1_bpe_w5_fullstat_v1/Background_eplus_fullsphere20_rep01_part01.inc1.id1.sim.gz,88910,plastic_skin_veto,510.99890000000005,165.2687181,0.0,keep,True,-58.68781,13.93605,-5.26549,0.95985,0.19029,0.20611,165.269,-5.287654230082883,1.4270428580585983,-2.072448228238456,GeoOpt_S1_PlasticFullWrap_SideShell_5mm,geoopt_plastic_active,current_geo_opt_prompt_or_delayed
eplus,prompt,runs/geometry_optimization_20260704/step02_instant_geo_opt_s1_bpe_w5_fullstat_v1/Background_eplus_fullsphere20_rep01_part01.inc1.id1.sim.gz,125566,plastic_skin_veto,510.99894,116.95875600000002,0.0,single,True,-27.19745,-51.92485,3.9516,0.42008,0.90034,-0.11368,116.959,-4.656664277133628,-0.018764357147424998,-2.0980333815352723,GeoOpt_S1_PlasticFullWrap_SideShell_5mm,geoopt_plastic_active,current_geo_opt_prompt_or_delayed
eplus,prompt,runs/geometry_optimization_20260704/step02_instant_geo_opt_s1_bpe_w5_fullstat_v1/Background_eplus_fullsphere20_rep01_part01.inc1.id1.sim.gz,130016,plastic_skin_veto,510.99890500000004,563.0638482300001,0.0,keep,True,-37.46092,-36.74401,36.59293,0.43552,0.82884,-0.35119,563.064,-1.672501463532011,1.1362182244594927,-4.167752720971203,GeoOpt_S1_PlasticFullWrap_SideShell_5mm,geoopt_plastic_active,current_geo_opt_prompt_or_delayed
eplus,prompt,runs/geometry_optimization_20260704/step02_instant_geo_opt_s1_bpe_w5_fullstat_v1/Background_eplus_fullsphere20_rep01_part01.inc1.id1.sim.gz,211256,pass,510.998959,0.0,0.0,single,True,1.64539,52.20651,34.28196,0.11326,-0.84335,-0.5253,121.248,-2.555734129096525,0.18707813987712762,-6.855378488820089,Vacuum_Jacket_Al_266mmClass_side_port_side_wall_above_side_port,outer_mechanics,current_geo_opt_prompt_or_delayed
eplus,prompt,runs/geometry_optimization_20260704/step02_instant_geo_opt_s1_bpe_w5_fullstat_v1/Background_eplus_fullsphere20_rep02_part01.inc1.id1.sim.gz,36753,pass,510.99888,0.0,0.0,single,True,63.07589,-3.63192,-8.84427,-0.98771,0.06388,0.14268,89.022,-2.165922245858347,-0.6619038864766709,-3.066344431786739,Vacuum_Jacket_Al_266mmClass_side_port_side_wall_above_side_port,outer_mechanics,current_geo_opt_prompt_or_delayed
eplus,prompt,runs/geometry_optimization_20260704/step02_instant_geo_opt_s1_bpe_w5_fullstat_v1/Background_eplus_fullsphere20_rep02_part01.inc1.id1.sim.gz,90474,pass,510.9989,0.0,0.0,single,True,45.60996,-71.68236,7.59206,-0.51347,0.57023,0.64124,1228.66,-4.92528310557244,0.27189257966962355,-0.7226851435301916,Vacuum_Jacket_Al_266mmClass_side_port_side_wall_above_side_port,outer_mechanics,current_geo_opt_prompt_or_delayed
eplus,prompt,runs/geometry_optimization_20260704/step02_instant_geo_opt_s1_bpe_w5_fullstat_v1/Background_eplus_fullsphere20_rep02_part01.inc1.id1.sim.gz,130729,plastic_skin_veto,510.99894000000006,168.2195281,0.0,veto,False,-50.22272,10.84363,36.62634,0.83524,0.1996,-0.51239,168.22,-4.161361606802726,-1.337836716044714,-4.402519165867584,GeoOpt_S1_PlasticFullWrap_SideShell_5mm,geoopt_plastic_active,current_geo_opt_prompt_or_delayed
eplus,prompt,runs/geometry_optimization_20260704/step02_instant_geo_opt_s1_bpe_w5_fullstat_v1/Background_eplus_fullsphere20_rep02_part01.inc1.id1.sim.gz,156993,plastic_skin_veto,510.99893000000003,148.23406487,0.0,keep,True,30.16901,53.12517,40.2641,-0.61486,-0.35955,-0.7019,148.234,-2.2757470745112323,1.1489054372908767,-4.945740378005547,GeoOpt_S1_PlasticFullWrap_SideShell_5mm,geoopt_plastic_active,current_geo_opt_prompt_or_delayed
eplus,prompt,runs/geometry_optimization_20260704/step02_instant_geo_opt_s1_bpe_w5_fullstat_v1/Background_eplus_fullsphere20_rep02_part01.inc1.id1.sim.gz,192957,pass,510.998868,0.0,0.0,keep,True,-15.3215,55.5256,18.48458,0.41001,-0.90427,-0.11911,44.81,-4.090964650547377,-0.5422369138636249,-3.166331176780368,Vacuum_Jacket_Al_266mmClass_side_port_side_wall_above_side_port,outer_mechanics,current_geo_opt_prompt_or_delayed
eplus,prompt,runs/geometry_optimization_20260704/step02_instant_geo_opt_s1_bpe_w5_fullstat_v1/Background_eplus_fullsphere20_rep02_part01.inc1.id1.sim.gz,231354,compton_fov_veto,510.99894000000006,0.0,0.0,veto,False,65.77783,27.57023,0.87293,-0.82478,-0.27821,0.49227,365.181,-5.251202228003643,0.9994481623546498,-2.65611776182933,TP_L1_00360,tes,current_geo_opt_prompt_or_delayed
eplus,prompt,runs/geometry_optimization_20260704/step02_instant_geo_opt_s1_bpe_w5_fullstat_v1/Background_eplus_fullsphere20_rep03_part01.inc1.id1.sim.gz,28520,plastic_skin_veto,510.99890000000005,1439.4885858599994,0.0,single,True,48.90007,15.62975,-46.73031,-0.79473,-0.51189,0.32614,1439.489,-1.882351394860341,0.6305100730296874,-4.32357923033983,GeoOpt_S1_PlasticFullWrap_SideShell_5mm,geoopt_plastic_active,current_geo_opt_prompt_or_delayed
eplus,prompt,runs/geometry_optimization_20260704/step02_instant_geo_opt_s1_bpe_w5_fullstat_v1/Background_eplus_fullsphere20_rep03_part01.inc1.id1.sim.gz,71755,plastic_skin_veto,510.99890600000003,279.82020102999996,0.0,keep,True,-15.67733,-54.60262,-25.8746,-0.09723,0.826,0.55522,279.82,-1.213471662304142,0.3013146372288715,-5.452383810803439,GeoOpt_S1_PlasticFullWrap_SideShell_5mm,geoopt_plastic_active,current_geo_opt_prompt_or_delayed
eplus,prompt,runs/geometry_optimization_20260704/step02_instant_geo_opt_s1_bpe_w5_fullstat_v1/Background_eplus_fullsphere20_rep03_part01.inc1.id1.sim.gz,80084,plastic_skin_veto,510.99890000000005,57.4583928,0.0,single,True,68.44518,0.9178,4.86164,-0.93262,-0.34983,-0.08849,57.458,-4.044241263476105,0.5894592769259972,-4.933863893664154,GeoOpt_S1_PlasticFullWrap_TopCap_5mm,geoopt_plastic_active,current_geo_opt_prompt_or_delayed
eplus,prompt,runs/geometry_optimization_20260704/step02_instant_geo_opt_s1_bpe_w5_fullstat_v1/Background_eplus_fullsphere20_rep03_part01.inc1.id1.sim.gz,136894,pass,510.99892000000006,0.0,0.0,keep,True,-46.91764,-31.19892,45.57509,0.4817,-0.02415,-0.876,0.449,-3.8588794464810405,-1.2992103417734815,-2.848427515730014,TP_L2_00019,tes,current_geo_opt_prompt_or_delayed
eplus,prompt,runs/geometry_optimization_20260704/step02_instant_geo_opt_s1_bpe_w5_fullstat_v1/Background_eplus_fullsphere20_rep03_part01.inc1.id1.sim.gz,183364,pass,510.99894,0.0,0.0,single,True,61.40093,14.19736,-10.94499,-0.95971,-0.08952,0.26633,20.113,-2.9006105589843885,-0.08827590580514316,-5.595919830596654,Vacuum_Jacket_Al_266mmClass_side_port_side_wall_above_side_port,outer_mechanics,current_geo_opt_prompt_or_delayed
eplus,prompt,runs/geometry_optimization_20260704/step02_instant_geo_opt_s1_bpe_w5_fullstat_v1/Background_eplus_fullsphere20_rep03_part01.inc1.id1.sim.gz,231882,pass,510.99898200000007,0.0,0.0,single,True,46.68125,43.96283,-6.19237,-0.48777,-0.83402,0.25786,31.35,-2.186794305220991,0.3272848575939949,-4.722066870032297,Vacuum_Jacket_Al_266mmClass_side_port_side_wall_above_side_port,outer_mechanics,current_geo_opt_prompt_or_delayed
eplus,prompt,runs/geometry_optimization_20260704/step02_instant_geo_opt_s1_bpe_w5_fullstat_v1/Background_eplus_fullsphere20_rep03_part01.inc1.id1.sim.gz,235828,plastic_skin_veto,510.99887,129.565724726,0.0,single,True,-55.48752,23.28927,-10.84068,0.98843,0.06073,0.13897,129.566,-3.834270640315213,0.7367171397787475,-2.850085152408576,GeoOpt_S1_PlasticFullWrap_SideShell_5mm,geoopt_plastic_active,current_geo_opt_prompt_or_delayed
eplus,prompt,runs/geometry_optimization_20260704/step02_instant_geo_opt_s1_bpe_w5_fullstat_v1/Background_eplus_fullsphere20_rep04_part01.inc1.id1.sim.gz,2392,plastic_skin_veto,510.998897,80.21698774000001,0.0,single,True,-55.4356,16.1038,12.0147,0.87627,-0.48067,0.03342,80.217,-5.073324921328204,0.2467783029224531,-0.8703515923523136,GeoOpt_S1_PlasticFullWrap_SideShell_5mm,geoopt_plastic_active,current_geo_opt_prompt_or_delayed
eplus,prompt,runs/geometry_optimization_20260704/step02_instant_geo_opt_s1_bpe_w5_fullstat_v1/Background_eplus_fullsphere20_rep04_part01.inc1.id1.sim.gz,10024,plastic_skin_veto,510.99892,789.0177221500003,48552.473045253966,veto,False,-32.16132,48.00657,2.70299,0.52939,-0.84727,-0.04335,95895.346,-5.929698264626097,-0.5636450633101182,-3.1299459887872363,GeoOpt_S1_PlasticFullWrap_SideShell_5mm,geoopt_plastic_active,current_geo_opt_prompt_or_delayed
eplus,prompt,runs/geometry_optimization_20260704/step02_instant_geo_opt_s1_bpe_w5_fullstat_v1/Background_eplus_fullsphere20_rep04_part01.inc1.id1.sim.gz,64214,pass,510.999,0.0,0.0,single,True,14.47161,77.62503,25.57908,-0.34151,-0.84232,0.41698,41.207,-3.3785294883757113,-0.7755371101318006,-4.396498121071665,TP_L3_00081,tes,current_geo_opt_prompt_or_delayed
eplus,prompt,runs/geometry_optimization_20260704/step02_instant_geo_opt_s1_bpe_w5_fullstat_v1/Background_eplus_fullsphere20_rep04_part01.inc1.id1.sim.gz,235494,pass,510.99889999999994,0.0,0.0,single,True,-63.69264,8.4259,6.93738,0.92633,0.315,0.20661,78.458,-4.427419066041434,-0.10389611809387458,-3.5570107836876956,TP_L2_00163,tes,current_geo_opt_prompt_or_delayed
eplus,prompt,runs/geometry_optimization_20260704/step02_instant_geo_opt_s1_bpe_w5_fullstat_v1/Background_eplus_fullsphere20_rep04_part01.inc1.id1.sim.gz,238305,pass,510.999,0.0,0.0,single,True,43.8147,-11.74901,-41.52982,-0.45714,0.30662,0.83487,59.098,-3.0318894497605666,-1.2250291869166083,-4.065841704831125,Vacuum_Jacket_Al_266mmClass_side_port_side_wall_above_side_port,outer_mechanics,current_geo_opt_prompt_or_delayed
eplus,prompt,runs/geometry_optimization_20260704/step02_instant_geo_opt_s1_bpe_w5_fullstat_v1/Background_eplus_fullsphere20_rep05_part01.inc1.id1.sim.gz,30107,plastic_skin_veto,510.9989,380.52368003999993,0.0,single,True,-39.14891,-46.76609,12.5776,0.51208,0.72567,-0.45954,380.524,-5.624683886018934,0.44876692543064184,-3.254443901892353,GeoOpt_S1_PlasticFullWrap_SideShell_5mm,geoopt_plastic_active,current_geo_opt_prompt_or_delayed
eplus,prompt,runs/geometry_optimization_20260704/step02_instant_geo_opt_s1_bpe_w5_fullstat_v1/Background_eplus_fullsphere20_rep05_part01.inc1.id1.sim.gz,31391,plastic_skin_veto,510.99893099999997,1054.2684250000002,79556.46358971,single,True,15.71057,59.89891,-5.19193,-0.32733,-0.94456,-0.02588,201479.525,-1.9516869449553411,-0.5223703441822997,-6.208625701900771,GeoOpt_S1_PlasticFullWrap_SideShell_5mm,geoopt_plastic_active,current_geo_opt_prompt_or_delayed
eplus,prompt,runs/geometry_optimization_20260704/step02_instant_geo_opt_s1_bpe_w5_fullstat_v1/Background_eplus_fullsphere20_rep05_part01.inc1.id1.sim.gz,31997,pass,510.99893299999997,0.0,0.0,single,True,57.45726,-24.69386,26.95075,-0.67146,0.46389,-0.57789,629.605,-2.480845766490716,-0.6912045697520491,-3.42604518326261,Vacuum_Jacket_Al_266mmClass_side_port_side_wall_above_side_port,outer_mechanics,current_geo_opt_prompt_or_delayed
eplus,prompt,runs/geometry_optimization_20260704/step02_instant_geo_opt_s1_bpe_w5_fullstat_v1/Background_eplus_fullsphere20_rep05_part01.inc1.id1.sim.gz,40978,plastic_skin_veto,510.99888,183.89296027999998,0.0,keep,True,-50.46629,15.57909,30.83227,0.7648,-0.52716,-0.37037,183.893,-5.341539875915501,-0.8494922422095329,-1.128516836712284,GeoOpt_S1_PlasticFullWrap_SideShell_5mm,geoopt_plastic_active,current_geo_opt_prompt_or_delayed
eplus,prompt,runs/geometry_optimization_20260704/step02_instant_geo_opt_s1_bpe_w5_fullstat_v1/Background_eplus_fullsphere20_rep05_part01.inc1.id1.sim.gz,55140,pass,510.9989,0.0,0.0,single,True,-47.80923,1.97362,40.23165,0.87704,0.2516,-0.40927,118.797,-0.836734856376779,0.4967108612556388,-4.918207455284503,Vacuum_Jacket_Al_266mmClass_side_port_side_wall_above_side_port,outer_mechanics,current_geo_opt_prompt_or_delayed
eplus,prompt,runs/geometry_optimization_20260704/step02_instant_geo_opt_s1_bpe_w5_fullstat_v1/Background_eplus_fullsphere20_rep05_part01.inc1.id1.sim.gz,67424,pass,510.9989,4.26576295,0.0,single,True,-0.68884,-54.51178,38.12343,-0.27932,0.79482,-0.53874,4.266,-5.924672678861637,-0.8891578276765958,-1.6161752125277569,GeoOpt_S1_PlasticFullWrap_SideShell_5mm,geoopt_plastic_active,current_geo_opt_prompt_or_delayed
eplus,prompt,runs/geometry_optimization_20260704/step02_instant_geo_opt_s1_bpe_w5_fullstat_v1/Background_eplus_fullsphere20_rep05_part01.inc1.id1.sim.gz,81816,compton_fov_veto,510.99894,0.0,0.0,veto,False,-64.78826,-8.01617,33.27407,0.88736,-0.45486,-0.07544,172.683,-4.898857514865334,-1.2387966524681637,-2.2269693634641983,TP_L1_00007,tes,current_geo_opt_prompt_or_delayed
eplus,prompt,runs/geometry_optimization_20260704/step02_instant_geo_opt_s1_bpe_w5_fullstat_v1/Background_eplus_fullsphere20_rep05_part01.inc1.id1.sim.gz,113054,pass,510.9989532108,0.0,0.0,keep,True,-48.93887,25.6585,47.93623,0.59751,-0.78011,-0.1855,1.264,-5.162348105622446,0.3895394927656757,-0.8408071488092655,TP_L0_00237,tes,current_geo_opt_prompt_or_delayed
eplus,prompt,runs/geometry_optimization_20260704/step02_instant_geo_opt_s1_bpe_w5_fullstat_v1/Background_eplus_fullsphere20_rep05_part01.inc1.id1.sim.gz,143314,pass,510.99892,0.0,0.0,single,True,-13.37255,1.18751,80.24261,-0.06825,-0.59775,-0.79878,233.085,-5.766152844711375,-1.1261506752583743,-1.6047932729165064,TP_L0_00046,tes,current_geo_opt_prompt_or_delayed
eplus,prompt,runs/geometry_optimization_20260704/step02_instant_geo_opt_s1_bpe_w5_fullstat_v1/Background_eplus_fullsphere20_rep05_part01.inc1.id1.sim.gz,201276,compton_fov_veto,510.99893,0.0,0.0,veto,False,56.27275,21.05929,-23.7107,-0.7251,-0.58953,0.35592,0.41,-3.0604303632039502,-0.6541398546492299,-4.237421486557203,TP_L4_00113,tes,current_geo_opt_prompt_or_delayed
eplus,prompt,runs/geometry_optimization_20260704/step02_instant_geo_opt_s1_bpe_w5_fullstat_v1/Background_eplus_fullsphere20_rep06_part01.inc1.id1.sim.gz,19036,pass,510.99888400000003,3.5523303000000004,0.0,keep,True,38.61802,12.83633,-46.44608,-0.50868,-0.47658,0.71702,3.552,-2.947493354069172,-0.270380627093469,-3.8279154876220427,GeoOpt_S1_PlasticFullWrap_SideShell_5mm,geoopt_plastic_active,current_geo_opt_prompt_or_delayed
eplus,prompt,runs/geometry_optimization_20260704/step02_instant_geo_opt_s1_bpe_w5_fullstat_v1/Background_eplus_fullsphere20_rep06_part01.inc1.id1.sim.gz,25293,plastic_skin_veto,510.99889999999994,156.10666461,0.0,single,True,45.8748,-40.16594,-20.47679,-0.83667,0.51376,0.1898,156.107,-1.5265804876572142,-0.1740670685787386,-4.217137407844127,GeoOpt_S1_PlasticFullWrap_SideShell_5mm,geoopt_plastic_active,current_geo_opt_prompt_or_delayed
eplus,prompt,runs/geometry_optimization_20260704/step02_instant_geo_opt_s1_bpe_w5_fullstat_v1/Background_eplus_fullsphere20_rep06_part01.inc1.id1.sim.gz,36215,pass,510.99895300000003,33.88231068,0.0,keep,True,62.48022,22.5837,-10.20892,-0.97288,-0.00818,0.23118,33.882,-3.0488996447325225,-0.5261892006325529,-2.2263844701410416,GeoOpt_S1_PlasticFullWrap_TopCap_5mm,geoopt_plastic_active,current_geo_opt_prompt_or_delayed
eplus,prompt,runs/geometry_optimization_20260704/step02_instant_geo_opt_s1_bpe_w5_fullstat_v1/Background_eplus_fullsphere20_rep06_part01.inc1.id1.sim.gz,70159,pass,510.99886000000004,8.178310250000001,0.0,single,True,53.04056,37.32952,23.5485,-0.80843,-0.29619,-0.50864,8.178,-4.479004513599698,0.6597312956737046,-3.6270767409441964,GeoOpt_S1_PlasticFullWrap_TopCap_5mm,geoopt_plastic_active,current_geo_opt_prompt_or_delayed
eplus,prompt,runs/geometry_optimization_20260704/step02_instant_geo_opt_s1_bpe_w5_fullstat_v1/Background_eplus_fullsphere20_rep06_part01.inc1.id1.sim.gz,120181,pass,510.99892,15.958251559999999,0.0,single,True,-44.3232,36.60712,3.96739,0.77442,-0.60368,0.18932,15.958,-2.0968865962665437,1.3565738849517723,-6.318872076943176,GeoOpt_S1_PlasticFullWrap_SideShell_5mm,geoopt_plastic_active,current_geo_opt_prompt_or_delayed
eplus,prompt,runs/geometry_optimization_20260704/step02_instant_geo_opt_s1_bpe_w5_fullstat_v1/Background_eplus_fullsphere20_rep06_part01.inc1.id1.sim.gz,128882,pass,510.99896,11.933693819999998,0.0,single,True,-28.78895,-55.57706,24.09401,0.45745,0.56283,-0.68845,11.934,-1.7681043274673591,-0.29858376744701987,-4.51523485432667,GeoOpt_S1_PlasticFullWrap_SideShell_5mm,geoopt_plastic_active,current_geo_opt_prompt_or_delayed
eplus,prompt,runs/geometry_optimization_20260704/step02_instant_geo_opt_s1_bpe_w5_fullstat_v1/Background_eplus_fullsphere20_rep06_part01.inc1.id1.sim.gz,131723,pass,510.9988953999999,14.582484999999998,0.0,single,True,9.38887,-62.33677,-8.84127,-0.35885,0.93338,0.00435,14.582,-5.897715858300012,-0.24155873293129793,-1.8494538006465213,GeoOpt_S1_PlasticFullWrap_SideShell_5mm,geoopt_plastic_active,current_geo_opt_prompt_or_delayed
eplus,prompt,runs/geometry_optimization_20260704/step02_instant_geo_opt_s1_bpe_w5_fullstat_v1/Background_eplus_fullsphere20_rep06_part01.inc1.id1.sim.gz,144727,plastic_skin_veto,510.998917,894.260884652,724.411976,keep,True,-7.65293,-61.23633,9.40027,-0.07393,0.97941,-0.18788,7309.667,-6.02388862829178,0.8210379791101333,-1.689293829787152,GeoOpt_S1_PlasticFullWrap_SideShell_5mm,geoopt_plastic_active,current_geo_opt_prompt_or_delayed
eplus,prompt,runs/geometry_optimization_20260704/step02_instant_geo_opt_s1_bpe_w5_fullstat_v1/Background_eplus_fullsphere20_rep06_part01.inc1.id1.sim.gz,156362,pass,510.99889500000006,45.621403169999994,0.0,keep,True,50.9296,44.76676,-0.10272,-0.8993,-0.38635,0.20491,225.291,-1.3774327749404858,-0.6169755336793318,-3.904733639258317,GeoOpt_S1_PlasticFullWrap_TopCap_5mm,geoopt_plastic_active,current_geo_opt_prompt_or_delayed
eplus,prompt,runs/geometry_optimization_20260704/step02_instant_geo_opt_s1_bpe_w5_fullstat_v1/Background_eplus_fullsphere20_rep06_part01.inc1.id1.sim.gz,163455,pass,510.99890000000005,0.0,0.0,keep,True,49.03178,-43.50991,-31.31691,-0.69407,0.71744,-0.05951,0.861,-1.3555127939148204,-1.5013810330967445,-5.679285105062456,TP_L5_00006,tes,current_geo_opt_prompt_or_delayed
eplus,prompt,runs/geometry_optimization_20260704/step02_instant_geo_opt_s1_bpe_w5_fullstat_v1/Background_eplus_fullsphere20_rep06_part01.inc1.id1.sim.gz,177789,plastic_skin_veto,510.99886000000004,70.0206271,0.0,keep,True,-23.52179,54.87891,7.72614,0.26476,-0.96206,0.06591,70.021,-5.861339079250235,0.22277183049029503,-3.1616567635023882,GeoOpt_S1_PlasticFullWrap_SideShell_5mm,geoopt_plastic_active,current_geo_opt_prompt_or_delayed
eplus,prompt,runs/geometry_optimization_20260704/step02_instant_geo_opt_s1_bpe_w5_fullstat_v1/Background_eplus_fullsphere20_rep07_part01.inc1.id1.sim.gz,61301,plastic_skin_veto,510.99893199999997,2232.7753136000006,0.0,single,True,69.05237,-11.66529,-20.95716,-0.96157,0.20928,-0.17772,2232.775,-2.3354998768749686,-0.9899889452179225,-4.836172064684441,GeoOpt_S1_PlasticFullWrap_SideShell_5mm,geoopt_plastic_active,current_geo_opt_prompt_or_delayed
eplus,prompt,runs/geometry_optimization_20260704/step02_instant_geo_opt_s1_bpe_w5_fullstat_v1/Background_eplus_fullsphere20_rep07_part01.inc1.id1.sim.gz,106227,pass,510.99890000000005,13.14675642,0.0,keep,True,-9.02853,44.43771,-37.16229,-0.04396,-0.66355,0.74684,13.147,-4.427185884937326,0.5704784687279562,-5.150340070498782,GeoOpt_S1_PlasticFullWrap_SideShell_5mm,geoopt_plastic_active,current_geo_opt_prompt_or_delayed
eplus,prompt,runs/geometry_optimization_20260704/step02_instant_geo_opt_s1_bpe_w5_fullstat_v1/Background_eplus_fullsphere20_rep07_part01.inc1.id1.sim.gz,168995,plastic_skin_veto,510.99891799999995,123.53333450000001,0.0,single,True,-29.15577,50.60919,10.00014,0.41619,-0.90927,0.00373,123.533,-5.539959349085162,0.3575215034166656,-2.792972190256227,GeoOpt_S1_PlasticFullWrap_SideShell_5mm,geoopt_plastic_active,current_geo_opt_prompt_or_delayed
eplus,prompt,runs/geometry_optimization_20260704/step02_instant_geo_opt_s1_bpe_w5_fullstat_v1/Background_eplus_fullsphere20_rep07_part01.inc1.id1.sim.gz,197516,pass,510.99891,14.504205980000002,0.0,single,True,43.08702,-32.69326,-32.31655,-0.81443,0.38228,0.43654,14.504,-5.430000682933179,-1.0900546888911562,-3.002793399821753,GeoOpt_S1_PlasticFullWrap_SideShell_5mm,geoopt_plastic_active,current_geo_opt_prompt_or_delayed
eplus,prompt,runs/geometry_optimization_20260704/step02_instant_geo_opt_s1_bpe_w5_fullstat_v1/Background_eplus_fullsphere20_rep07_part01.inc1.id1.sim.gz,202853,pass,510.998843,6.002913899999999,0.0,single,True,12.92977,-59.59861,-7.79313,-0.23543,0.97186,0.00744,6.003,-5.363950662707957,-1.1777327309189483,-1.0288303445188582,GeoOpt_S1_PlasticFullWrap_SideShell_5mm,geoopt_plastic_active,current_geo_opt_prompt_or_delayed
eplus,prompt,runs/geometry_optimization_20260704/step02_instant_geo_opt_s1_bpe_w5_fullstat_v1/Background_eplus_fullsphere20_rep07_part01.inc1.id1.sim.gz,209358,plastic_skin_veto,510.99888699999997,114.59603899999999,0.0,single,True,37.22303,7.81014,-57.023,-0.84904,0.03035,0.52746,114.596,-1.408231993906615,0.6119963285948621,-3.9811470939212246,GeoOpt_S1_PlasticFullWrap_BottomCap_5mm,geoopt_plastic_active,current_geo_opt_prompt_or_delayed
eplus,prompt,runs/geometry_optimization_20260704/step02_instant_geo_opt_s1_bpe_w5_fullstat_v1/Background_eplus_fullsphere20_rep08_part01.inc1.id1.sim.gz,9911,pass,510.99888,1.23070945,0.0,keep,True,-61.0021,1.50095,-0.59952,0.91605,0.38437,0.11453,1.231,-5.5269524036825475,0.028336496419205433,-2.274185863368448,GeoOpt_S1_PlasticFullWrap_SideShell_5mm,geoopt_plastic_active,current_geo_opt_prompt_or_delayed
eplus,prompt,runs/geometry_optimization_20260704/step02_instant_geo_opt_s1_bpe_w5_fullstat_v1/Background_eplus_fullsphere20_rep08_part01.inc1.id1.sim.gz,41264,pass,510.99886,0.0,0.0,single,True,37.74993,18.8252,-45.26736,-0.2737,-0.24602,0.92982,17.71,-0.533237041029755,0.03611906396012313,-4.645315613546926,Vacuum_Jacket_Al_266mmClass_side_port_side_wall_above_side_port,outer_mechanics,current_geo_opt_prompt_or_delayed
eplus,prompt,runs/geometry_optimization_20260704/step02_instant_geo_opt_s1_bpe_w5_fullstat_v1/Background_eplus_fullsphere20_rep08_part01.inc1.id1.sim.gz,51896,pass,510.998865,28.90073623,0.0,keep,True,-42.20939,-34.62776,19.87169,0.75334,0.57492,-0.31928,28.901,-6.338278635426549,0.3304937497085027,-2.2288026557974545,GeoOpt_S1_PlasticFullWrap_SideShell_5mm,geoopt_plastic_active,current_geo_opt_prompt_or_delayed
eplus,prompt,runs/geometry_optimization_20260704/step02_instant_geo_opt_s1_bpe_w5_fullstat_v1/Background_eplus_fullsphere20_rep08_part01.inc1.id1.sim.gz,69124,pass,510.99893399999996,1.90121827,0.0,keep,True,-56.14024,0.38491,20.86587,0.84771,0.06209,-0.52682,1.901,-3.9662956940867553,-1.016418327598116,-4.7233109197409675,GeoOpt_S1_PlasticFullWrap_SideShell_5mm,geoopt_plastic_active,current_geo_opt_prompt_or_delayed
eplus,prompt,runs/geometry_optimization_20260704/step02_instant_geo_opt_s1_bpe_w5_fullstat_v1/Background_eplus_fullsphere20_rep08_part01.inc1.id1.sim.gz,80763,pass,510.99888999999996,48.59154108,0.0,single,True,63.23848,-13.7068,-18.48038,-0.91708,-0.16303,0.36386,48.592,-5.289591005931715,-0.7223319245886602,-2.7359143386324183,GeoOpt_S1_PlasticFullWrap_TopCap_5mm,geoopt_plastic_active,current_geo_opt_prompt_or_delayed
eplus,prompt,runs/geometry_optimization_20260704/step02_instant_geo_opt_s1_bpe_w5_fullstat_v1/Background_eplus_fullsphere20_rep08_part01.inc1.id1.sim.gz,154485,pass,510.9989,10.26199435,0.0,single,True,52.67865,-3.13462,-35.03062,-0.91506,0.07311,0.39664,10.262,-3.2126171443841467,0.2147024146566421,-5.641061292889632,GeoOpt_S1_PlasticFullWrap_SideShell_5mm,geoopt_plastic_active,current_geo_opt_prompt_or_delayed
eplus,prompt,runs/geometry_optimization_20260704/step02_instant_geo_opt_s1_bpe_w5_fullstat_v1/Background_eplus_fullsphere20_rep08_part01.inc1.id1.sim.gz,164289,compton_fov_veto,510.99887,3.9369272199999994,0.0,veto,False,26.86972,1.18917,64.28188,-0.62111,-0.15675,-0.76789,3.937,-4.9916782268930255,1.5322033055071336,-1.788367770210666,GeoOpt_S1_PlasticFullWrap_TopCap_5mm,geoopt_plastic_active,current_geo_opt_prompt_or_delayed
eplus,prompt,runs/geometry_optimization_20260704/step02_instant_geo_opt_s1_bpe_w5_fullstat_v1/Background_eplus_fullsphere20_rep08_part01.inc1.id1.sim.gz,182558,pass,510.99884099999997,0.0,0.0,single,True,37.2518,-33.31379,45.39836,-0.72721,0.40872,-0.55146,449.892,-5.87280897593177,1.4087350970535741,-1.4367551819170954,TP_L0_00360,tes,current_geo_opt_prompt_or_delayed
eplus,prompt,runs/geometry_optimization_20260704/step02_instant_geo_opt_s1_bpe_w5_fullstat_v1/Background_eplus_fullsphere20_rep08_part01.inc1.id1.sim.gz,213474,plastic_skin_veto,510.99894,763.4998199000003,0.0,single,True,30.61721,-61.08945,-17.76728,-0.69852,0.71144,-0.07692,804.187,-2.7358795508727276,-0.022984283397707635,-5.457518769834786,GeoOpt_S1_PlasticFullWrap_SideShell_5mm,geoopt_plastic_active,current_geo_opt_prompt_or_delayed
eplus,prompt,runs/geometry_optimization_20260704/step02_instant_geo_opt_s1_bpe_w5_fullstat_v1/Background_eplus_fullsphere20_rep08_part01.inc1.id1.sim.gz,230901,plastic_skin_veto,510.99886000000004,1376.16149314,0.0,single,True,46.13261,30.60791,-31.93325,-0.64275,-0.69017,0.33247,1376.161,-1.988930161061768,-1.373338013667271,-6.420248012729069,GeoOpt_S1_PlasticFullWrap_SideShell_5mm,geoopt_plastic_active,current_geo_opt_prompt_or_delayed
gamma,prompt,runs/geometry_optimization_20260704/step02_instant_geo_opt_s1_bpe_w5_fullstat_v1/Background_gamma_fullsphere20_rep01_part12.inc1.id1.sim.gz,528434,active_veto,510.93292,0.0,1161.49799772,single,True,4.42579,63.06536,-1.45905,-0.26507,-0.92645,0.26725,1903.964,-5.9586163202833164,-0.9324185957506339,-3.4461810586258563,CsI_TopAnnulus_Segment_02,csi_active,current_geo_opt_prompt_or_delayed
muminus,prompt,runs/geometry_optimization_20260704/step02_instant_geo_opt_s1_bpe_w5_fullstat_v1/Background_muminus_fullsphere20_rep03_part01.inc1.id1.sim.gz,7838,plastic_skin_veto,510.998862,4670.935241745001,0.0,single,True,18.20161,-52.92219,-25.11215,-0.25264,0.68742,0.6809,1680.164,-2.6205991195926073,0.41283044676130887,-3.6095958116963476,GeoOpt_S1_PlasticFullWrap_SideShell_5mm,geoopt_plastic_active,current_geo_opt_prompt_or_delayed
muplus,prompt,runs/geometry_optimization_20260704/step02_instant_geo_opt_s1_bpe_w5_fullstat_v1/Background_muplus_fullsphere20_rep01_part01.inc1.id1.sim.gz,4293,plastic_skin_veto,510.99899999999997,977.86595243,1063.4464799999998,keep,True,-38.13563,-30.77989,46.74763,0.34133,0.80067,-0.49237,556.224,-5.7506847392075136,1.239108404361163,-1.426552238150936,GeoOpt_S1_PlasticFullWrap_SideShell_5mm,geoopt_plastic_active,current_geo_opt_prompt_or_delayed
muplus,prompt,runs/geometry_optimization_20260704/step02_instant_geo_opt_s1_bpe_w5_fullstat_v1/Background_muplus_fullsphere20_rep01_part01.inc1.id1.sim.gz,8447,plastic_skin_veto,510.998917,2889.0241930300003,24507.025266769968,single,True,-35.07655,39.3334,31.24418,0.44337,-0.69152,-0.57027,2149.973,-3.7817197973060304,1.233784238186497,-4.759302991198541,GeoOpt_S1_PlasticFullWrap_SideShell_5mm,geoopt_plastic_active,current_geo_opt_prompt_or_delayed
muplus,prompt,runs/geometry_optimization_20260704/step02_instant_geo_opt_s1_bpe_w5_fullstat_v1/Background_muplus_fullsphere20_rep02_part01.inc1.id1.sim.gz,9490,plastic_skin_veto,510.998869,1945.2858157499995,24729.406702737946,single,True,-10.50368,51.04364,48.38613,-0.28477,-0.66723,-0.68827,770.151,-4.0021331963323545,0.6531591136552947,-4.709561592875931,GeoOpt_S1_PlasticFullWrap_SideShell_5mm,geoopt_plastic_active,current_geo_opt_prompt_or_delayed
muplus,prompt,runs/geometry_optimization_20260704/step02_instant_geo_opt_s1_bpe_w5_fullstat_v1/Background_muplus_fullsphere20_rep04_part01.inc1.id1.sim.gz,4675,plastic_skin_veto,510.99890500000004,4212.097776237,2411.48476826935,veto,False,35.69302,-61.00087,-8.53631,-0.58977,0.74729,-0.30615,3425.736,-3.477273158729381,-0.14660572766339316,-4.844884380705112,GeoOpt_S1_PlasticFullWrap_SideShell_5mm,geoopt_plastic_active,current_geo_opt_prompt_or_delayed
muplus,prompt,runs/geometry_optimization_20260704/step02_instant_geo_opt_s1_bpe_w5_fullstat_v1/Background_muplus_fullsphere20_rep05_part01.inc1.id1.sim.gz,4435,plastic_skin_veto,510.9989,2997.908733671999,1147.2905899999998,keep,True,-2.21256,5.42137,87.38372,-0.1825,0.6013,-0.7779,14036.603,-4.692612064557282,0.3652806717373755,-2.3364075527514827,GeoOpt_S1_PlasticFullWrap_TopCap_5mm,geoopt_plastic_active,current_geo_opt_prompt_or_delayed
muplus,prompt,runs/geometry_optimization_20260704/step02_instant_geo_opt_s1_bpe_w5_fullstat_v1/Background_muplus_fullsphere20_rep07_part01.inc1.id1.sim.gz,1383,active_veto,510.99889999999994,1.46917,4091.6810864000017,single,True,38.15046,-48.25701,27.6449,-0.34007,0.71058,-0.61598,615.955,-5.948827625661816,-0.5659589502990124,-1.7060725174310551,Vacuum_Jacket_Al_266mmClass_side_port_side_wall_above_side_port,outer_mechanics,current_geo_opt_prompt_or_delayed
muplus,prompt,runs/geometry_optimization_20260704/step02_instant_geo_opt_s1_bpe_w5_fullstat_v1/Background_muplus_fullsphere20_rep07_part01.inc1.id1.sim.gz,2373,active_veto,510.998943,0.0,547.3798799999998,keep,True,-20.23382,28.34115,54.74951,0.5116,-0.62482,-0.5898,1492.262,-1.7284920964753603,0.5001703524283089,-3.957442613210776,Vacuum_Jacket_Al_266mmClass_side_port_side_wall_above_side_port,outer_mechanics,current_geo_opt_prompt_or_delayed
muplus,prompt,runs/geometry_optimization_20260704/step02_instant_geo_opt_s1_bpe_w5_fullstat_v1/Background_muplus_fullsphere20_rep08_part01.inc1.id1.sim.gz,1858,plastic_skin_veto,510.99892,3979.6615324420013,11158.743845329996,keep,True,38.72152,-48.27644,33.88336,-0.55881,0.40651,-0.72283,358.74,-1.7774745998861623,-0.6512356716531627,-6.054480223416411,GeoOpt_S1_PlasticFullWrap_SideShell_5mm,geoopt_plastic_active,current_geo_opt_prompt_or_delayed
n,prompt,runs/geometry_optimization_20260704/step02_instant_geo_opt_s1_bpe_w5_fullstat_v1/Background_n_fullsphere20_rep01_part01.inc1.id1.sim.gz,121496,active_veto,510.998874,0.7304412,3488.9510524150005,single,True,-11.22642,-37.72194,-42.65044,0.45864,0.66997,0.58376,1.287,-6.176303023723758,-0.3140511268098806,-2.1414120283214246,MuMetal_MagShield_Outer_Cylinder_2mm,outer_mechanics,current_geo_opt_prompt_or_delayed
n,prompt,runs/geometry_optimization_20260704/step02_instant_geo_opt_s1_bpe_w5_fullstat_v1/Background_n_fullsphere20_rep01_part01.inc1.id1.sim.gz,167319,active_veto,510.99888,0.0,266.2318574,keep,True,30.07172,58.18795,-15.04729,-0.73052,-0.67481,0.10474,374.36,-2.013043481223481,-0.6409655212615339,-4.370587539828894,Outer_Al_Mechanical_Shell_detector_bay_side_wall_below_side_port,outer_mechanics,current_geo_opt_prompt_or_delayed
n,prompt,runs/geometry_optimization_20260704/step02_instant_geo_opt_s1_bpe_w5_fullstat_v1/Background_n_fullsphere20_rep01_part01.inc1.id1.sim.gz,457587,active_veto,510.99890000000005,20.41795,3862.339604950002,single,True,45.25001,24.76627,-35.08197,-0.6197,-0.60614,0.49857,39.166,-1.6926364897272772,-0.7874963095290811,-6.02634816005866,CsI_TopAnnulus_Segment_07,csi_active,current_geo_opt_prompt_or_delayed
n,prompt,runs/geometry_optimization_20260704/step02_instant_geo_opt_s1_bpe_w5_fullstat_v1/Background_n_fullsphere20_rep01_part01.inc1.id1.sim.gz,506085,plastic_skin_veto,510.9989002489,95.760747,673.0792726433001,keep,True,33.74533,4.65292,-50.79446,-0.60384,-0.29365,0.74104,107.802,-5.311382299637477,1.4323778940509715,-1.0551881637323404,Shield_4K_Al_side_window_bottom_cap,window_or_side_port,current_geo_opt_prompt_or_delayed
n,prompt,runs/geometry_optimization_20260704/step02_instant_geo_opt_s1_bpe_w5_fullstat_v1/Background_n_fullsphere20_rep01_part01.inc1.id1.sim.gz,620364,active_veto,510.999,0.0,220.38625000000002,single,True,44.92282,38.38009,-20.03188,-0.57985,-0.7517,0.3142,0.58,-1.8646649303879264,1.037422865692692,-5.9905933890453795,ColdPlate_CP_100mK_intercept,other,current_geo_opt_prompt_or_delayed
n,prompt,runs/geometry_optimization_20260704/step02_instant_geo_opt_s1_bpe_w5_fullstat_v1/Background_n_fullsphere20_rep01_part01.inc1.id1.sim.gz,737005,pass,510.99891,0.0020770475,0.0,single,True,-5.94772,28.8705,-50.22419,0.3666,-0.60308,0.70845,11.383,-4.97185183788461,1.5921888982128594,-2.58273729073436,GeoOpt_S1_PlasticFullWrap_SideShell_5mm,geoopt_plastic_active,current_geo_opt_prompt_or_delayed
n,prompt,runs/geometry_optimization_20260704/step02_instant_geo_opt_s1_bpe_w5_fullstat_v1/Background_n_fullsphere20_rep01_part01.inc1.id1.sim.gz,745151,pass,510.99894000000006,0.0,0.0,keep,True,42.51448,45.20788,-6.18447,-0.65571,-0.73737,0.16227,28883.468,-4.510965324204449,-1.1423280356852323,-3.585359620421756,ColdPlate_CP_100mK_intercept,other,current_geo_opt_prompt_or_delayed
n,prompt,runs/geometry_optimization_20260704/step02_instant_geo_opt_s1_bpe_w5_fullstat_v1/Background_n_fullsphere20_rep01_part01.inc1.id1.sim.gz,875954,active_veto,510.99892,3.6454891099999998,1247.58978435045,single,True,-8.55558,-64.66189,14.13652,-0.10139,0.87879,-0.46631,3.694,-3.119923548404486,-1.256233124991184,-3.862940474629692,GeoOpt_S1_PlasticFullWrap_SideShell_5mm,geoopt_plastic_active,current_geo_opt_prompt_or_delayed
n,prompt,runs/geometry_optimization_20260704/step02_instant_geo_opt_s1_bpe_w5_fullstat_v1/Background_n_fullsphere20_rep02_part01.inc1.id1.sim.gz,10145,pass,510.998922,0.0,0.0,keep,True,-0.40666,-51.26889,47.87556,0.47642,0.77765,-0.41023,0.0,-5.307702909349603,-0.08216450911418294,-2.8839846298147744,G10_Support_Ring_60K_Top,g10_passive,current_geo_opt_prompt_or_delayed
n,prompt,runs/geometry_optimization_20260704/step02_instant_geo_opt_s1_bpe_w5_fullstat_v1/Background_n_fullsphere20_rep02_part01.inc1.id1.sim.gz,272055,active_veto,510.9988400000001,0.0,287.95718519499997,single,True,-13.23673,39.65654,-41.03185,0.11825,-0.82391,0.55424,189.653,-2.3310728266551046,0.9392212688875771,-6.733694601128173,CsI_Bottom_Quadrant_00,csi_active,current_geo_opt_prompt_or_delayed
n,prompt,runs/geometry_optimization_20260704/step02_instant_geo_opt_s1_bpe_w5_fullstat_v1/Background_n_fullsphere20_rep02_part01.inc1.id1.sim.gz,296032,plastic_skin_veto,510.99895999999995,312.124218,1013.8509832399997,single,True,48.6144,4.35429,49.1759,-0.64746,-0.36764,-0.66756,0.036,-3.7396291101211054,0.7955957262547539,-2.7849015397193377,CsI_Side_Segment_06,csi_active,current_geo_opt_prompt_or_delayed
n,prompt,runs/geometry_optimization_20260704/step02_instant_geo_opt_s1_bpe_w5_fullstat_v1/Background_n_fullsphere20_rep02_part01.inc1.id1.sim.gz,804987,active_veto,510.99889999999994,0.17521899000000002,176.952012,keep,True,7.47393,22.86954,-52.85176,0.19179,-0.38434,0.90305,0.628,-3.1888043612671186,-0.20050330407709296,-4.0315234881662185,GeoOpt_S1_PlasticFullWrap_SideShell_5mm,geoopt_plastic_active,current_geo_opt_prompt_or_delayed
n,prompt,runs/geometry_optimization_20260704/step02_instant_geo_opt_s1_bpe_w5_fullstat_v1/Background_n_fullsphere20_rep03_part01.inc1.id1.sim.gz,305203,active_veto,510.9989,0.9826515,3179.637698269501,single,True,-46.18475,32.94576,-10.1405,0.9379,-0.32649,0.11727,1.951,-2.1096904475156406,-0.13637493126495967,-4.6020127844345655,Outer_Al_Mechanical_Shell_detector_bay_bottom_cap,outer_mechanics,current_geo_opt_prompt_or_delayed
n,prompt,runs/geometry_optimization_20260704/step02_instant_geo_opt_s1_bpe_w5_fullstat_v1/Background_n_fullsphere20_rep03_part01.inc1.id1.sim.gz,314403,active_veto,510.99887,0.0,409.88338,keep,True,52.75632,39.55554,0.1627,-0.86892,-0.42972,0.24561,0.0,-5.6855308069761685,-1.2920552322837036,-1.3165626516404625,Shield_60K_Al_side_window_side_wall_above_side_port,window_or_side_port,current_geo_opt_prompt_or_delayed
n,prompt,runs/geometry_optimization_20260704/step02_instant_geo_opt_s1_bpe_w5_fullstat_v1/Background_n_fullsphere20_rep03_part01.inc1.id1.sim.gz,457664,active_veto,510.9989,0.0,5479.820774827998,single,True,-12.73835,53.55512,-17.83233,0.37395,-0.88666,0.27203,0.157,-5.831103157339086,0.42094394041184824,-3.2912659793727537,CsI_Side_Segment_01,csi_active,current_geo_opt_prompt_or_delayed
n,prompt,runs/geometry_optimization_20260704/step02_instant_geo_opt_s1_bpe_w5_fullstat_v1/Background_n_fullsphere20_rep03_part01.inc1.id1.sim.gz,556865,plastic_skin_veto,510.99885000000006,75.75524,3647.502873140001,single,True,-7.26214,-53.16297,-37.74259,0.5433,0.44099,0.71439,116.244,-5.082687605357134,0.12668377352181906,-0.9382234913746282,ColdPlate_4K,other,current_geo_opt_prompt_or_delayed
n,prompt,runs/geometry_optimization_20260704/step02_instant_geo_opt_s1_bpe_w5_fullstat_v1/Background_n_fullsphere20_rep03_part01.inc1.id1.sim.gz,681084,active_veto,510.9989,0.0,661.0358240539998,single,True,-30.5931,51.44161,-5.17106,0.7016,-0.706,-0.09651,56.234,-3.2766188784373114,-0.5658026001848927,-5.813887564270882,CsI_Side_Segment_01,csi_active,current_geo_opt_prompt_or_delayed
n,prompt,runs/geometry_optimization_20260704/step02_instant_geo_opt_s1_bpe_w5_fullstat_v1/Background_n_fullsphere20_rep03_part01.inc1.id1.sim.gz,714779,active_veto,510.99894,0.0,510.9989648,single,True,-13.72853,57.32434,-18.00477,-0.07595,-0.93683,0.34143,18.446,-4.5476563323863255,0.7985819199366245,-3.7537150533455903,Cu_50mK_StillLike_Can_bottom_cap_2mm,other,current_geo_opt_prompt_or_delayed
n,prompt,runs/geometry_optimization_20260704/step02_instant_geo_opt_s1_bpe_w5_fullstat_v1/Background_n_fullsphere20_rep04_part01.inc1.id1.sim.gz,191496,pass,510.9989268,0.0,0.0,keep,True,64.70867,8.72619,1.49153,-0.9474,-0.30785,0.08749,1.635,-0.428729471601296,0.321062394304296,-4.697315476613213,G10_Support_Ring_Still_4K,g10_passive,current_geo_opt_prompt_or_delayed
n,prompt,runs/geometry_optimization_20260704/step02_instant_geo_opt_s1_bpe_w5_fullstat_v1/Background_n_fullsphere20_rep04_part01.inc1.id1.sim.gz,192808,active_veto,510.9989,0.3068776,1288.4950045157,single,True,53.30601,26.95113,-31.56293,-0.88804,-0.00274,0.45977,0.749,-2.1632545108451313,-1.2121355006198644,-6.51809917315634,GeoOpt_S1_PlasticFullWrap_SideShell_5mm,geoopt_plastic_active,current_geo_opt_prompt_or_delayed
n,prompt,runs/geometry_optimization_20260704/step02_instant_geo_opt_s1_bpe_w5_fullstat_v1/Background_n_fullsphere20_rep04_part01.inc1.id1.sim.gz,264586,active_veto,510.998868,0.0,8134.2222759999995,single,True,47.79147,-30.74047,32.58918,-0.69275,0.50914,-0.51077,0.0,-3.650098362733763,-0.8398484685659499,-4.64908996525413,G10_Support_Ring_4K_60K,g10_passive,current_geo_opt_prompt_or_delayed
n,prompt,runs/geometry_optimization_20260704/step02_instant_geo_opt_s1_bpe_w5_fullstat_v1/Background_n_fullsphere20_rep04_part01.inc1.id1.sim.gz,299408,plastic_skin_veto,510.9989,943.1116384000002,2551.1108052000004,single,True,-33.86019,-37.6643,-39.5984,0.16553,0.86051,0.48179,2.206,-5.486957593950789,0.9141664629220728,-1.1295268515118133,Outer_Al_Mechanical_Shell_detector_bay_side_wall_below_side_port,outer_mechanics,current_geo_opt_prompt_or_delayed
n,prompt,runs/geometry_optimization_20260704/step02_instant_geo_opt_s1_bpe_w5_fullstat_v1/Background_n_fullsphere20_rep04_part01.inc1.id1.sim.gz,533867,active_veto,510.99889999999994,0.0,3363.1043069999987,single,True,-27.19056,46.08781,27.69979,0.62242,-0.72277,-0.30031,0.0,-4.052877843269721,-0.7163736933583617,-3.2413743278964007,ColdPlate_Still_0p7K,other,current_geo_opt_prompt_or_delayed
n,prompt,runs/geometry_optimization_20260704/step02_instant_geo_opt_s1_bpe_w5_fullstat_v1/Background_n_fullsphere20_rep04_part01.inc1.id1.sim.gz,752100,active_veto,510.99889,0.0,4674.527130237,single,True,-53.56949,9.87636,-11.65711,0.91591,-0.33872,0.21534,0.098,-4.918656182080023,-0.7403137129315585,-2.180294863914773,CsI_Bottom_Quadrant_02,csi_active,current_geo_opt_prompt_or_delayed
n,prompt,runs/geometry_optimization_20260704/step02_instant_geo_opt_s1_bpe_w5_fullstat_v1/Background_n_fullsphere20_rep04_part01.inc1.id1.sim.gz,773525,active_veto,510.99892099999994,0.5991804000000001,4187.12679767,keep,True,-50.76374,32.4332,9.84538,0.98439,-0.17539,0.01485,3.332,-5.385012528183456,-0.20700445856856464,-1.1172130953245614,GeoOpt_S1_PlasticFullWrap_SideShell_5mm,geoopt_plastic_active,current_geo_opt_prompt_or_delayed
n,prompt,runs/geometry_optimization_20260704/step02_instant_geo_opt_s1_bpe_w5_fullstat_v1/Background_n_fullsphere20_rep04_part01.inc1.id1.sim.gz,912165,active_veto,510.99886000000004,0.0,1737.892373,single,True,-23.16021,-50.44049,36.51343,0.7151,0.66913,-0.20223,10045.786,-2.707919747209064,-0.9380751803634865,-5.2551556628952945,Plate_300K_Top_Service_Lid,other,current_geo_opt_prompt_or_delayed
n,prompt,runs/geometry_optimization_20260704/step02_instant_geo_opt_s1_bpe_w5_fullstat_v1/Background_n_fullsphere20_rep05_part01.inc1.id1.sim.gz,259704,active_veto,510.9989,0.0,1221.9662791,single,True,-57.11014,-14.0233,-9.81684,0.93456,0.32381,-0.14747,550.368,-3.8843029428304052,-0.0012640197312996173,-1.3280032297721187,CsI_Bottom_Quadrant_01,csi_active,current_geo_opt_prompt_or_delayed
n,prompt,runs/geometry_optimization_20260704/step02_instant_geo_opt_s1_bpe_w5_fullstat_v1/Background_n_fullsphere20_rep05_part01.inc1.id1.sim.gz,365643,active_veto,510.99898999999994,0.0,9524.920378096904,keep,True,-1.21883,60.89165,5.88242,-0.05156,-0.98666,-0.15441,0.617,-4.0997850744132975,0.013798510193112517,-4.968860706144078,Outer_Al_Mechanical_Shell_detector_bay_side_wall_above_side_port,outer_mechanics,current_geo_opt_prompt_or_delayed
n,prompt,runs/geometry_optimization_20260704/step02_instant_geo_opt_s1_bpe_w5_fullstat_v1/Background_n_fullsphere20_rep05_part01.inc1.id1.sim.gz,545609,active_veto,510.99895000000004,0.0,2544.2453912901997,single,True,4.19544,-51.56951,46.6816,-0.42998,0.68059,-0.59322,0.167,-3.152872151152639,-1.3412521330354927,-3.8620107762999902,CsI_Side_Segment_04_rectcut_window_band,csi_active,current_geo_opt_prompt_or_delayed
n,prompt,runs/geometry_optimization_20260704/step02_instant_geo_opt_s1_bpe_w5_fullstat_v1/Background_n_fullsphere20_rep05_part01.inc1.id1.sim.gz,591731,active_veto,510.998882,0.0,3602.2832849500014,keep,True,42.08502,-49.23079,-13.37221,-0.79312,0.60895,0.01138,332.481,-3.7556208630525454,-0.026278229981407435,-2.9965109962278236,ActiveShield_Flex_Kapton_detector_bay_above_side_port,passive_shield_or_collimator,current_geo_opt_prompt_or_delayed
n,prompt,runs/geometry_optimization_20260704/step02_instant_geo_opt_s1_bpe_w5_fullstat_v1/Background_n_fullsphere20_rep05_part01.inc1.id1.sim.gz,610192,pass,510.9988701,0.0,0.137549,single,True,45.39339,24.5078,-40.646,-0.64312,-0.66016,0.38805,41.776,-2.5151409299367624,-1.407672998189085,-5.091813075518064,CsI_Side_Segment_07,csi_active,current_geo_opt_prompt_or_delayed
n,prompt,runs/geometry_optimization_20260704/step02_instant_geo_opt_s1_bpe_w5_fullstat_v1/Background_n_fullsphere20_rep05_part01.inc1.id1.sim.gz,736476,active_veto,510.99895000000004,0.0,1729.6813677159998,keep,True,19.631,51.84134,-22.06943,-0.29287,-0.81933,0.49288,1.191,-4.9486090261370785,1.3674044672328778,-2.2061983621780428,CsI_Side_Segment_01,csi_active,current_geo_opt_prompt_or_delayed
n,prompt,runs/geometry_optimization_20260704/step02_instant_geo_opt_s1_bpe_w5_fullstat_v1/Background_n_fullsphere20_rep05_part01.inc1.id1.sim.gz,795568,active_veto,510.99891,0.0,6401.66093952,single,True,50.46184,42.38474,6.12922,-0.58912,-0.78416,0.19499,1.873,-4.727676057868734,-1.1310225425663238,-2.1940218797654185,ColdPlate_4K,other,current_geo_opt_prompt_or_delayed
n,prompt,runs/geometry_optimization_20260704/step02_instant_geo_opt_s1_bpe_w5_fullstat_v1/Background_n_fullsphere20_rep05_part01.inc1.id1.sim.gz,813973,pass,510.99890000000005,2.108466,0.0,single,True,40.38741,-49.52939,-1.04494,-0.70754,0.70462,-0.05385,2775.03,-4.284856561219799,0.9336208859582867,-3.53350809992272,Nb_MagShield_Inner_Cylinder_2mm,passive_shield_or_collimator,current_geo_opt_prompt_or_delayed
n,prompt,runs/geometry_optimization_20260704/step02_instant_geo_opt_s1_bpe_w5_fullstat_v1/Background_n_fullsphere20_rep05_part01.inc1.id1.sim.gz,841723,active_veto,510.99892,0.0,2002.7457635999997,single,True,-60.39616,4.81298,-14.63702,0.81417,-0.52772,0.24216,0.235,-6.135104041837192,-1.4863575940435256,-1.8781003962737535,CsI_Side_Segment_04_below_side_port,csi_active,current_geo_opt_prompt_or_delayed
n,prompt,runs/geometry_optimization_20260704/step02_instant_geo_opt_s1_bpe_w5_fullstat_v1/Background_n_fullsphere20_rep05_part01.inc1.id1.sim.gz,894429,active_veto,510.99890544929997,0.0,3488.58100151,keep,True,-43.49247,-7.59978,-32.74428,0.86849,0.20872,0.44962,0.0,-1.2124361272289537,0.37236603893396075,-5.367196449265386,CsI_Bottom_Quadrant_03,csi_active,current_geo_opt_prompt_or_delayed
n,prompt,runs/geometry_optimization_20260704/step02_instant_geo_opt_s1_bpe_w5_fullstat_v1/Background_n_fullsphere20_rep06_part01.inc1.id1.sim.gz,79531,plastic_skin_veto,510.99899999999997,92.07477,708.0275248999999,single,True,55.8023,30.44984,-28.06734,-0.78166,-0.62306,0.02823,117.053,-2.5579107772390945,-0.06325788828964832,-6.790613396899015,CsI_Side_Segment_07,csi_active,current_geo_opt_prompt_or_delayed
n,prompt,runs/geometry_optimization_20260704/step02_instant_geo_opt_s1_bpe_w5_fullstat_v1/Background_n_fullsphere20_rep06_part01.inc1.id1.sim.gz,118972,active_veto,510.99898,0.0,113.6213,keep,True,-36.17446,-0.44933,56.88719,0.87351,0.14087,-0.46597,0.555,-4.103259890991582,-1.0265074886890344,-1.4717032785244892,DR_MXC_Sinter_HEX_AgProxy,other,current_geo_opt_prompt_or_delayed
n,prompt,runs/geometry_optimization_20260704/step02_instant_geo_opt_s1_bpe_w5_fullstat_v1/Background_n_fullsphere20_rep06_part01.inc1.id1.sim.gz,158363,active_veto,510.99889999999994,17.492158,514.60466,keep,True,50.64849,3.60773,-36.61864,-0.71205,-0.30287,0.63345,23.704,-3.074166474092606,1.2938742096247176,-5.570366261541856,MuMetal_MagShield_Outer_Back_ColdFingerCap_2mm,outer_mechanics,current_geo_opt_prompt_or_delayed
n,prompt,runs/geometry_optimization_20260704/step02_instant_geo_opt_s1_bpe_w5_fullstat_v1/Background_n_fullsphere20_rep06_part01.inc1.id1.sim.gz,164833,active_veto,510.99892,0.045419163000000005,2807.4503156,keep,True,-42.7525,28.69194,-24.57957,0.54632,-0.5676,0.61592,0.056,-2.757560867808761,0.5045469849271227,-5.373623164363204,Still_Shield_Al_side_window_bottom_cap,window_or_side_port,current_geo_opt_prompt_or_delayed
n,prompt,runs/geometry_optimization_20260704/step02_instant_geo_opt_s1_bpe_w5_fullstat_v1/Background_n_fullsphere20_rep06_part01.inc1.id1.sim.gz,180531,active_veto,510.998864,6.9554058e-05,5648.1196199,keep,True,-47.35727,34.70804,17.29504,0.86883,-0.28025,-0.40815,0.0,-1.8612175992836533,-0.9750262796836864,-6.012389509465183,GeoOpt_S1_PlasticFullWrap_SideShell_5mm,geoopt_plastic_active,current_geo_opt_prompt_or_delayed
n,prompt,runs/geometry_optimization_20260704/step02_instant_geo_opt_s1_bpe_w5_fullstat_v1/Background_n_fullsphere20_rep06_part01.inc1.id1.sim.gz,251935,pass,510.998876,11.679722987000002,0.0,single,True,-42.45693,-5.64216,-48.4389,0.64018,-0.46056,0.61486,27.819,-5.377069720417846,0.374125565970854,-1.018133902912307,GeoOpt_S1_PlasticFullWrap_SideShell_5mm,geoopt_plastic_active,current_geo_opt_prompt_or_delayed
n,prompt,runs/geometry_optimization_20260704/step02_instant_geo_opt_s1_bpe_w5_fullstat_v1/Background_n_fullsphere20_rep06_part01.inc1.id1.sim.gz,399655,active_veto,510.9988900000001,0.1483567,2806.0705782729992,keep,True,22.2071,16.26036,-59.02429,-0.54887,-0.51252,0.66035,1.168,-3.4175943400579007,0.2814572646698841,-6.008982439175493,GeoOpt_S1_PlasticFullWrap_BottomCap_5mm,geoopt_plastic_active,current_geo_opt_prompt_or_delayed
n,prompt,runs/geometry_optimization_20260704/step02_instant_geo_opt_s1_bpe_w5_fullstat_v1/Background_n_fullsphere20_rep06_part01.inc1.id1.sim.gz,634987,pass,510.998891,0.0,0.0,single,True,31.81048,-52.00385,-11.36772,-0.35569,0.84537,0.39855,1.031,-2.2203145355449942,0.15268321263685286,-6.2895781526541175,NbTi_Bundle_Still_4K,other,current_geo_opt_prompt_or_delayed
n,prompt,runs/geometry_optimization_20260704/step02_instant_geo_opt_s1_bpe_w5_fullstat_v1/Background_n_fullsphere20_rep07_part01.inc1.id1.sim.gz,107826,active_veto,510.998895,3.485248,511.1065260000001,single,True,-19.27162,-60.24986,-7.88637,-0.04578,0.95127,0.30495,26.445,-4.8820104603823085,-0.5510411445049962,-4.200665713732753,CsI_Bottom_Quadrant_02,csi_active,current_geo_opt_prompt_or_delayed
n,prompt,runs/geometry_optimization_20260704/step02_instant_geo_opt_s1_bpe_w5_fullstat_v1/Background_n_fullsphere20_rep07_part01.inc1.id1.sim.gz,243793,active_veto,510.9989,0.0,3894.0159938399997,single,True,63.26945,19.53351,10.48338,-0.99408,-0.09597,0.05102,12.063,-6.382714809410353,1.368663880702287,-2.084538115683028,CsI_Side_Segment_03_above_side_port,csi_active,current_geo_opt_prompt_or_delayed
n,prompt,runs/geometry_optimization_20260704/step02_instant_geo_opt_s1_bpe_w5_fullstat_v1/Background_n_fullsphere20_rep07_part01.inc1.id1.sim.gz,252059,active_veto,510.9989,0.0,58.116,single,True,-47.5411,4.77911,-32.4217,0.89186,0.21765,0.39651,27.357,-6.589600605421068,-0.1735883268445196,-2.3636431753402993,Passive_W_Bottom_Plate_detector_bay,other,current_geo_opt_prompt_or_delayed
n,prompt,runs/geometry_optimization_20260704/step02_instant_geo_opt_s1_bpe_w5_fullstat_v1/Background_n_fullsphere20_rep07_part01.inc1.id1.sim.gz,329030,pass,510.99887,0.0,0.01107629,keep,True,34.65676,52.5204,1.89734,-0.58756,-0.79845,0.13137,0.525,-3.437582503740879,-0.5360454101778679,-4.165289045522273,Shield_60K_Al_side_window_side_wall_above_side_port,window_or_side_port,current_geo_opt_prompt_or_delayed
n,prompt,runs/geometry_optimization_20260704/step02_instant_geo_opt_s1_bpe_w5_fullstat_v1/Background_n_fullsphere20_rep07_part01.inc1.id1.sim.gz,361381,pass,510.99890999999997,0.0,0.0023371828,single,True,-10.00281,-31.59404,-44.44335,0.22416,0.54609,0.80718,15.082,-3.4837132132965416,-0.8878760099046963,-2.4924530800460225,CsI_Side_Segment_06,csi_active,current_geo_opt_prompt_or_delayed
n,prompt,runs/geometry_optimization_20260704/step02_instant_geo_opt_s1_bpe_w5_fullstat_v1/Background_n_fullsphere20_rep07_part01.inc1.id1.sim.gz,602847,active_veto,510.99890000000005,0.0,3575.78592693284,single,True,-12.95444,56.31798,-13.66505,0.21302,-0.97382,0.07933,0.015,-2.054995642972617,1.2721055330285445,-6.354715729786111,ActiveShield_Flex_Kapton_detector_bay_below_side_port,passive_shield_or_collimator,current_geo_opt_prompt_or_delayed
n,prompt,runs/geometry_optimization_20260704/step02_instant_geo_opt_s1_bpe_w5_fullstat_v1/Background_n_fullsphere20_rep07_part01.inc1.id1.sim.gz,668801,active_veto,510.998915,0.0,851.2784851,keep,True,35.67774,-49.81339,-28.69434,-0.67334,0.73597,0.07049,0.021,-5.640385619784288,-0.1938243383256328,-3.0478405132312947,CsI_Bottom_Quadrant_03,csi_active,current_geo_opt_prompt_or_delayed
n,prompt,runs/geometry_optimization_20260704/step02_instant_geo_opt_s1_bpe_w5_fullstat_v1/Background_n_fullsphere20_rep07_part01.inc1.id1.sim.gz,928441,pass,510.998873,0.0,0.0,single,True,-11.0468,45.83202,45.69039,0.54826,-0.64788,-0.52883,0.0,-4.7395885632977155,0.46719926732927214,-2.1994435007328326,Vacuum_Jacket_Al_266mmClass_side_port_side_wall_above_side_port,outer_mechanics,current_geo_opt_prompt_or_delayed
n,prompt,runs/geometry_optimization_20260704/step02_instant_geo_opt_s1_bpe_w5_fullstat_v1/Background_n_fullsphere20_rep08_part01.inc1.id1.sim.gz,137864,active_veto,510.998912394,41.07524,2991.6503130399988,keep,True,-40.6185,-39.04288,-6.61988,0.65352,0.6993,0.28964,51.949,-5.64625761576538,-1.1699984205559109,-1.3224492536928956,CsI_Side_Segment_05,csi_active,current_geo_opt_prompt_or_delayed
n,prompt,runs/geometry_optimization_20260704/step02_instant_geo_opt_s1_bpe_w5_fullstat_v1/Background_n_fullsphere20_rep08_part01.inc1.id1.sim.gz,357387,pass,510.99891,0.0,0.0,single,True,55.04151,20.47059,-23.59173,-0.86234,-0.13033,0.48927,0.001,-3.078172621268057,1.3296392630769014,-5.599059930065976,ColdPlate_CP_100mK_intercept,other,current_geo_opt_prompt_or_delayed
n,prompt,runs/geometry_optimization_20260704/step02_instant_geo_opt_s1_bpe_w5_fullstat_v1/Background_n_fullsphere20_rep08_part01.inc1.id1.sim.gz,370386,active_veto,510.99897999999996,0.5666873,6380.742776600004,veto,False,56.87048,-33.01415,-8.54426,-0.9094,0.2406,0.33928,4.173,-4.518969297210926,0.37680669163294617,-3.133257944844665,CsI_TopAnnulus_Segment_04,csi_active,current_geo_opt_prompt_or_delayed
n,prompt,runs/geometry_optimization_20260704/step02_instant_geo_opt_s1_bpe_w5_fullstat_v1/Background_n_fullsphere20_rep08_part01.inc1.id1.sim.gz,585146,active_veto,510.99895559999993,2.91099689e-05,306.2558,veto,False,7.10254,-50.22456,-31.33658,0.11154,0.69093,0.71427,0.0,-5.819650041586634,0.11009128852686548,-3.4615924972309924,GeoOpt_S1_PlasticFullWrap_SideShell_5mm,geoopt_plastic_active,current_geo_opt_prompt_or_delayed
n,prompt,runs/geometry_optimization_20260704/step02_instant_geo_opt_s1_bpe_w5_fullstat_v1/Background_n_fullsphere20_rep08_part01.inc1.id1.sim.gz,745296,active_veto,510.99894280000007,0.0,334.3414946,veto,False,23.20765,37.28393,-41.18614,-0.34224,-0.75915,0.55368,1.076,-2.4647673988598933,0.2235101333691363,-6.72151558693886,CsI_Side_Segment_00,csi_active,current_geo_opt_prompt_or_delayed
n,prompt,runs/geometry_optimization_20260704/step02_instant_geo_opt_s1_bpe_w5_fullstat_v1/Background_n_fullsphere20_rep08_part01.inc1.id1.sim.gz,748880,active_veto,510.998966,0.0,6024.268905000001,keep,True,27.60636,12.85398,-50.30934,-0.52147,-0.14594,0.84069,6.622,-2.6333066435052004,-0.5482322819751682,-6.166693081781892,ColdPlate_MXC_50mK_SD_anchor,other,current_geo_opt_prompt_or_delayed
n,prompt,runs/geometry_optimization_20260704/step02_instant_geo_opt_s1_bpe_w5_fullstat_v1/Background_n_fullsphere20_rep08_part01.inc1.id1.sim.gz,821539,pass,510.9989,0.0,0.0,single,True,51.95579,-36.4594,-13.57523,-0.89606,0.33447,0.29191,0.547,-3.684850991643426,-0.3551758259138131,-2.8263833229071533,ColdPlate_CP_100mK_intercept,other,current_geo_opt_prompt_or_delayed
n,prompt,runs/geometry_optimization_20260704/step02_instant_geo_opt_s1_bpe_w5_fullstat_v1/Background_n_fullsphere20_rep08_part01.inc1.id1.sim.gz,887540,active_veto,510.9989,3.730032,6448.246202439591,single,True,-36.40783,51.9398,3.31397,0.2406,-0.96298,0.1216,10.936,-3.140992555996696,1.0541088114718056,-5.772941393807501,CsI_Bottom_Quadrant_01,csi_active,current_geo_opt_prompt_or_delayed
p,prompt,runs/geometry_optimization_20260704/step02_instant_geo_opt_s1_bpe_w5_fullstat_v1/Background_p_fullsphere20_rep08_part01.inc1.id1.sim.gz,215891,plastic_skin_veto,510.998912,3511.5587740000014,68935.70926850001,keep,True,62.86741,23.51224,-0.05953,-0.96827,-0.18111,-0.17219,141846.916,-3.27160913931958,0.6362111415426627,-5.720543211327699,GeoOpt_S1_PlasticFullWrap_TopCap_5mm,geoopt_plastic_active,current_geo_opt_prompt_or_delayed
activation,delayed,runs/geometry_optimization_20260704/step02_delayed_transport_geo_opt_s1_bpe_w5_fullstat_v1/DelayedDecayGeoOptS1BpeW5FullstatV1.inc1.id1.sim.gz,11555,pass,510.998946,0.0,0.0,single,True,-2.93582,0.63,2.82411,-0.4423,-0.62715,-0.64113,2000.0,-5.66745684097905,0.1799158089800416,-1.2243888048103877,ColdPlate_MXC_50mK_SD_anchor,other,current_geo_opt_prompt_or_delayed
activation,delayed,runs/geometry_optimization_20260704/step02_delayed_transport_geo_opt_s1_bpe_w5_fullstat_v1/DelayedDecayGeoOptS1BpeW5FullstatV1.inc1.id1.sim.gz,15164,pass,510.9989,0.0,0.0,single,True,6.93191,-1.33261,0.19519,0.64288,0.76591,-0.00938,2000.0,-2.294126574538908,-1.5660732704251221,-4.894993404252006,ColdPlate_CP_100mK_intercept,other,current_geo_opt_prompt_or_delayed
activation,delayed,runs/geometry_optimization_20260704/step02_delayed_transport_geo_opt_s1_bpe_w5_fullstat_v1/DelayedDecayGeoOptS1BpeW5FullstatV1.inc1.id1.sim.gz,15495,pass,510.9989,0.0,0.0,single,True,-8.5342,6.32084,8.67781,-0.38603,-0.89279,0.23218,2000.0,-4.569230109019999,0.5566865736099236,-0.5172910030512199,ColdPlate_MXC_50mK_SD_anchor,other,current_geo_opt_prompt_or_delayed
activation,delayed,runs/geometry_optimization_20260704/step02_delayed_transport_geo_opt_s1_bpe_w5_fullstat_v1/DelayedDecayGeoOptS1BpeW5FullstatV1.inc1.id1.sim.gz,96906,active_veto,510.99892,0.0,194.16745,veto,False,9.42656,5.23501,-2.11243,-0.82876,-0.08972,0.55236,2000.0,-3.8351278356422944,0.96137971986995,-4.5285893487581745,ColdPlate_CP_100mK_intercept,other,current_geo_opt_prompt_or_delayed
activation,delayed,runs/geometry_optimization_20260704/step02_delayed_transport_geo_opt_s1_bpe_w5_fullstat_v1/DelayedDecayGeoOptS1BpeW5FullstatV1.inc1.id1.sim.gz,114227,active_veto,510.99890200000004,0.0,130.90938999999997,keep,True,0.18765,0.02242,-0.25931,0.25578,-0.96363,0.07736,2000.0,-4.9333983868551945,-0.5318535195583509,-2.4842227571552256,ColdPlate_MXC_50mK_SD_anchor,other,current_geo_opt_prompt_or_delayed
activation,delayed,runs/geometry_optimization_20260704/step02_delayed_transport_geo_opt_s1_bpe_w5_fullstat_v1/DelayedDecayGeoOptS1BpeW5FullstatV1.inc1.id1.sim.gz,117236,plastic_skin_veto,510.99887700000005,2512.5414969800004,0.0,single,True,19.10341,7.55957,-8.65185,-0.76319,-0.10293,-0.63793,2000.0,-2.8868990842743143,0.6100107169426695,-5.542887254365994,GeoOpt_S1_PlasticFullWrap_TopCap_5mm,geoopt_plastic_active,current_geo_opt_prompt_or_delayed
activation,delayed,runs/geometry_optimization_20260704/step02_delayed_transport_geo_opt_s1_bpe_w5_fullstat_v1/DelayedDecayGeoOptS1BpeW5FullstatV1.inc1.id1.sim.gz,129251,compton_fov_veto,510.99893,0.0,0.0,veto,False,-8.46564,-13.16607,-5.44118,0.73805,0.07031,-0.67108,2000.0,-0.880098025510621,1.4054202919521104,-5.2538289575197545,Cu_50mK_StillLike_Can_bottom_cap_2mm,other,current_geo_opt_prompt_or_delayed
activation,delayed,runs/geometry_optimization_20260704/step02_delayed_transport_geo_opt_s1_bpe_w5_fullstat_v1/DelayedDecayGeoOptS1BpeW5FullstatV1.inc1.id1.sim.gz,207005,active_veto,510.99884599999996,0.0,187.77356999999998,keep,True,-1.38896,1.3645,1.6685,0.43782,0.74509,0.50315,2000.0,-2.40910853324505,-0.9971976897548207,-3.312755538956975,ColdPlate_MXC_50mK_SD_anchor,other,current_geo_opt_prompt_or_delayed
activation,delayed,runs/geometry_optimization_20260704/step02_delayed_transport_geo_opt_s1_bpe_w5_fullstat_v1/DelayedDecayGeoOptS1BpeW5FullstatV1.inc1.id1.sim.gz,251391,pass,510.99888999999996,0.0,0.0,single,True,1.4958,0.5423,-1.89057,-0.83786,-0.49816,-0.22322,2000.0,-3.7474919912786895,1.2773981621597066,-4.7369353505277285,ColdPlate_MXC_50mK_SD_anchor,other,current_geo_opt_prompt_or_delayed
activation,delayed,runs/geometry_optimization_20260704/step02_delayed_transport_geo_opt_s1_bpe_w5_fullstat_v1/DelayedDecayGeoOptS1BpeW5FullstatV1.inc1.id1.sim.gz,254504,pass,510.9989,0.0,0.0,single,True,-10.89593,-5.63766,-3.00144,-0.48443,-0.31604,0.81575,2000.0,-4.649454500861548,-0.4993242485443903,-3.8696921196806877,Cu_50mK_StillLike_Can_bottom_cap_2mm,other,current_geo_opt_prompt_or_delayed
activation,delayed,runs/geometry_optimization_20260704/step02_delayed_transport_geo_opt_s1_bpe_w5_fullstat_v1/DelayedDecayGeoOptS1BpeW5FullstatV1.inc1.id1.sim.gz,268065,active_veto,510.998886,0.0,456.893376,single,True,-14.58625,-5.62058,5.49971,0.38709,-0.30271,-0.87094,2000.0,-5.385760563603374,-0.11508946481235108,-1.275011122453496,Cu_50mK_StillLike_Can_side_wall_rectcut_window_band,window_or_side_port,current_geo_opt_prompt_or_delayed
activation,delayed,runs/geometry_optimization_20260704/step02_delayed_transport_geo_opt_s1_bpe_w5_fullstat_v1/DelayedDecayGeoOptS1BpeW5FullstatV1.inc1.id1.sim.gz,312666,active_veto,510.99890000000005,0.0,510.9989079999999,single,True,-6.52782,0.46758,-7.46004,-0.76118,0.1416,-0.63289,2000.0,-2.5330128385442707,0.4556480102916072,-6.834865133902048,Cu_50mK_StillLike_Can_bottom_cap_2mm,other,current_geo_opt_prompt_or_delayed
activation,delayed,runs/geometry_optimization_20260704/step02_delayed_transport_geo_opt_s1_bpe_w5_fullstat_v1/DelayedDecayGeoOptS1BpeW5FullstatV1.inc1.id1.sim.gz,351355,compton_fov_veto,510.99895,0.0,0.0,veto,False,7.97934,0.84698,-8.3052,0.58844,0.32529,-0.74022,2000.0,-2.5356386489725273,0.43751826800539617,-3.826826043813984,ColdPlate_MXC_50mK_SD_anchor,other,current_geo_opt_prompt_or_delayed
activation,delayed,runs/geometry_optimization_20260704/step02_delayed_transport_geo_opt_s1_bpe_w5_fullstat_v1/DelayedDecayGeoOptS1BpeW5FullstatV1.inc1.id1.sim.gz,400295,pass,510.998865,0.0,0.0,single,True,-0.43968,-4.19602,0.06219,0.62029,0.14548,0.77076,2000.0,-5.36434624518437,0.2961128017024109,-0.9480180045835482,ColdPlate_MXC_50mK_SD_anchor,other,current_geo_opt_prompt_or_delayed
activation,delayed,runs/geometry_optimization_20260704/step02_delayed_transport_geo_opt_s1_bpe_w5_fullstat_v1/DelayedDecayGeoOptS1BpeW5FullstatV1.inc1.id1.sim.gz,433569,pass,510.998893,0.0,0.0,single,True,-17.0641,3.47585,3.25224,-0.29952,0.13739,-0.94415,2000.0,-5.197878848562946,0.12204840598984781,-1.142798198621716,Cu_50mK_StillLike_Can_bottom_cap_2mm,other,current_geo_opt_prompt_or_delayed
activation,delayed,runs/geometry_optimization_20260704/step02_delayed_transport_geo_opt_s1_bpe_w5_fullstat_v1/DelayedDecayGeoOptS1BpeW5FullstatV1.inc1.id1.sim.gz,450836,pass,510.99893499999996,0.0,0.0,keep,True,-0.43968,-4.19602,0.06219,-0.25482,0.94481,-0.2059,2000.0,-2.1328859243835354,-1.1692469513229888,-4.563055121132114,ColdPlate_MXC_50mK_SD_anchor,other,current_geo_opt_prompt_or_delayed
activation,delayed,runs/geometry_optimization_20260704/step02_delayed_transport_geo_opt_s1_bpe_w5_fullstat_v1/DelayedDecayGeoOptS1BpeW5FullstatV1.inc1.id1.sim.gz,470343,plastic_skin_veto,510.99893999999995,2246.5821960100006,0.0,single,True,17.81178,-15.98072,-7.02307,0.55575,-0.46515,-0.68904,2000.0,-0.7963019547809983,-0.4539100180918066,-5.106753480365323,GeoOpt_S1_PlasticFullWrap_TopCap_5mm,geoopt_plastic_active,current_geo_opt_prompt_or_delayed
activation,delayed,runs/geometry_optimization_20260704/step02_delayed_transport_geo_opt_s1_bpe_w5_fullstat_v1/DelayedDecayGeoOptS1BpeW5FullstatV1.inc1.id1.sim.gz,504073,pass,510.99881,0.0,0.0,single,True,-3.65382,-1.73548,10.86352,-0.19341,-0.70666,-0.6806,2000.0,-5.870906261221879,-0.3308319901307676,-1.4363574714396496,ColdPlate_CP_100mK_intercept,other,current_geo_opt_prompt_or_delayed
activation,delayed,runs/geometry_optimization_20260704/step02_delayed_transport_geo_opt_s1_bpe_w5_fullstat_v1/DelayedDecayGeoOptS1BpeW5FullstatV1.inc1.id1.sim.gz,525488,pass,510.9989,0.0,0.0,single,True,-3.42558,-1.86133,10.09294,-0.57231,-0.78224,-0.24607,2000.0,-2.1497727033700076,1.033769494699695,-4.616890653319997,ColdPlate_CP_100mK_intercept,other,current_geo_opt_prompt_or_delayed
activation,delayed,runs/geometry_optimization_20260704/step02_delayed_transport_geo_opt_s1_bpe_w5_fullstat_v1/DelayedDecayGeoOptS1BpeW5FullstatV1.inc1.id1.sim.gz,533430,active_veto,510.99889,0.0,235.05742,single,True,6.51992,6.65534,-6.57984,0.76646,0.42403,0.48243,2000.0,-0.715260224255225,0.19017574664872366,-4.9417344521989275,ColdPlate_MXC_50mK_SD_anchor,other,current_geo_opt_prompt_or_delayed
activation,delayed,runs/geometry_optimization_20260704/step02_delayed_transport_geo_opt_s1_bpe_w5_fullstat_v1/DelayedDecayGeoOptS1BpeW5FullstatV1.inc1.id1.sim.gz,571424,pass,510.998822,0.0,0.0,single,True,4.01067,5.71999,-3.93676,-0.13967,-0.95359,-0.26677,2000.0,-4.171946230275322,1.5767348838735402,-3.2101488436879406,ColdPlate_MXC_50mK_SD_anchor,other,current_geo_opt_prompt_or_delayed
activation,delayed,runs/geometry_optimization_20260704/step02_delayed_transport_geo_opt_s1_bpe_w5_fullstat_v1/DelayedDecayGeoOptS1BpeW5FullstatV1.inc1.id1.sim.gz,572560,pass,510.99889,0.0,0.0,single,True,-6.44439,-3.09336,6.74219,-0.81697,-0.05215,0.57432,2000.0,-5.569385308501843,-1.029063478008103,-1.3164961401820265,ColdPlate_MXC_50mK_SD_anchor,other,current_geo_opt_prompt_or_delayed
activation,delayed,runs/geometry_optimization_20260704/step02_delayed_transport_geo_opt_s1_bpe_w5_fullstat_v1/DelayedDecayGeoOptS1BpeW5FullstatV1.inc1.id1.sim.gz,615007,compton_fov_veto,510.99882899999994,0.0,0.0,veto,False,3.66391,4.35105,-3.50037,0.35249,-0.91968,0.17302,2000.0,-4.0214431891304985,0.34593780341890196,-3.0439168938656866,ColdPlate_MXC_50mK_SD_anchor,other,current_geo_opt_prompt_or_delayed
activation,delayed,runs/geometry_optimization_20260704/step02_delayed_transport_geo_opt_s1_bpe_w5_fullstat_v1/DelayedDecayGeoOptS1BpeW5FullstatV1.inc1.id1.sim.gz,636280,pass,510.9988900000001,0.0,0.0,keep,True,9.62233,10.42158,-2.77972,0.73725,-0.65846,-0.1513,2000.0,-4.262880245565288,1.4067280260268273,-3.4820887822006226,ColdPlate_CP_100mK_intercept,other,current_geo_opt_prompt_or_delayed
activation,delayed,runs/geometry_optimization_20260704/step02_delayed_transport_geo_opt_s1_bpe_w5_fullstat_v1/DelayedDecayGeoOptS1BpeW5FullstatV1.inc1.id1.sim.gz,647478,pass,510.998869,0.0,0.0,single,True,3.51001,-3.69103,-3.6993,-0.21744,-0.97271,-0.08101,2000.0,-4.3409423466462,-0.8128112613019322,-2.0025801250404607,ColdPlate_MXC_50mK_SD_anchor,other,current_geo_opt_prompt_or_delayed
activation,delayed,runs/geometry_optimization_20260704/step02_delayed_transport_geo_opt_s1_bpe_w5_fullstat_v1/DelayedDecayGeoOptS1BpeW5FullstatV1.inc1.id1.sim.gz,668251,pass,510.99889999999994,0.0,0.0,single,True,-3.0384,-6.03341,3.29448,0.69231,0.62726,0.35671,2000.0,-3.5447097823729172,-1.4929383892894879,-2.8690232738557753,ColdPlate_MXC_50mK_SD_anchor,other,current_geo_opt_prompt_or_delayed
activation,delayed,runs/geometry_optimization_20260704/step02_delayed_transport_geo_opt_s1_bpe_w5_fullstat_v1/DelayedDecayGeoOptS1BpeW5FullstatV1.inc1.id1.sim.gz,703229,pass,510.9989,0.0,0.0,single,True,-6.17621,4.99752,6.09838,-0.88342,0.46836,0.01441,2000.0,-5.519644094415468,-0.4596653427414032,-1.1144550179399604,ColdPlate_MXC_50mK_SD_anchor,other,current_geo_opt_prompt_or_delayed
activation,delayed,runs/geometry_optimization_20260704/step02_delayed_transport_geo_opt_s1_bpe_w5_fullstat_v1/DelayedDecayGeoOptS1BpeW5FullstatV1.inc1.id1.sim.gz,708132,pass,510.99898999999994,0.0,0.0,keep,True,-7.63546,-8.73485,7.52796,-0.85296,0.31166,-0.41871,2000.0,-3.7410544196003794,0.16957616708129464,-3.0063418780069413,ColdPlate_MXC_50mK_SD_anchor,other,current_geo_opt_prompt_or_delayed
activation,delayed,runs/geometry_optimization_20260704/step02_delayed_transport_geo_opt_s1_bpe_w5_fullstat_v1/DelayedDecayGeoOptS1BpeW5FullstatV1.inc1.id1.sim.gz,709836,active_veto,510.99897,0.0,152.82072,single,True,-2.85747,-3.4663,2.46519,0.28536,-0.14327,-0.94765,2000.0,-3.2634907110681652,-1.072681004355821,-5.864638577437701,ColdPlate_MXC_50mK_SD_anchor,other,current_geo_opt_prompt_or_delayed
activation,delayed,runs/geometry_optimization_20260704/step02_delayed_transport_geo_opt_s1_bpe_w5_fullstat_v1/DelayedDecayGeoOptS1BpeW5FullstatV1.inc1.id1.sim.gz,771454,active_veto,510.99897,0.0,1267.9703419,single,True,5.74893,17.64014,10.56415,0.3704,0.21026,-0.90476,2000.0,-2.1754143318838,-0.14130493800897487,-6.550084458894448,Shield_4K_Al_side_window_side_wall_above_side_port,window_or_side_port,current_geo_opt_prompt_or_delayed
activation,delayed,runs/geometry_optimization_20260704/step02_delayed_transport_geo_opt_s1_bpe_w5_fullstat_v1/DelayedDecayGeoOptS1BpeW5FullstatV1.inc1.id1.sim.gz,781207,pass,510.99894,0.0,20.94519,single,True,0.63011,-6.04198,-14.38325,0.99316,0.04503,-0.10777,2000.0,-1.6396434132421096,1.2702693184429696,-5.734008329978727,Cu_50mK_StillLike_Can_bottom_cap_2mm,other,current_geo_opt_prompt_or_delayed
activation,delayed,runs/geometry_optimization_20260704/step02_delayed_transport_geo_opt_s1_bpe_w5_fullstat_v1/DelayedDecayGeoOptS1BpeW5FullstatV1.inc1.id1.sim.gz,782565,pass,510.99894,0.0,0.0,single,True,-3.42437,2.11089,3.6312,0.04516,-0.99108,0.12539,2000.0,-4.738487369965074,0.7774944127871225,-0.5522482450631933,ColdPlate_MXC_50mK_SD_anchor,other,current_geo_opt_prompt_or_delayed
activation,delayed,runs/geometry_optimization_20260704/step02_delayed_transport_geo_opt_s1_bpe_w5_fullstat_v1/DelayedDecayGeoOptS1BpeW5FullstatV1.inc1.id1.sim.gz,868540,pass,510.998909,0.0,0.0,keep,True,-7.07221,-1.88121,7.33312,-0.83423,0.55099,-0.02181,2000.0,-5.0567741713326,1.2891663534374842,-2.6155512373443774,ColdPlate_MXC_50mK_SD_anchor,other,current_geo_opt_prompt_or_delayed
activation,delayed,runs/geometry_optimization_20260704/step02_delayed_transport_geo_opt_s1_bpe_w5_fullstat_v1/DelayedDecayGeoOptS1BpeW5FullstatV1.inc1.id1.sim.gz,904439,pass,510.99889999999994,0.0,5.475289,single,True,0.89956,9.15314,-14.62245,0.44853,-0.65812,0.60473,2000.0,-4.466229401551646,-0.0623827506776541,-3.477219051171833,Cu_50mK_StillLike_Can_bottom_cap_2mm,other,current_geo_opt_prompt_or_delayed
activation,delayed,runs/geometry_optimization_20260704/step02_delayed_transport_geo_opt_s1_bpe_w5_fullstat_v1/DelayedDecayGeoOptS1BpeW5FullstatV1.inc1.id1.sim.gz,905843,pass,510.998853,0.0,0.0,single,True,-6.17621,4.99752,6.09838,-0.02312,-0.99972,0.00514,2000.0,-6.0127113349639885,-0.7528127832924185,-1.9125195252488818,ColdPlate_MXC_50mK_SD_anchor,other,current_geo_opt_prompt_or_delayed
activation,delayed,runs/geometry_optimization_20260704/step02_delayed_transport_geo_opt_s1_bpe_w5_fullstat_v1/DelayedDecayGeoOptS1BpeW5FullstatV1.inc1.id1.sim.gz,915159,pass,510.9989,0.0,0.0,single,True,-8.02438,9.47643,-5.76028,0.49875,0.01132,0.86667,2000.0,-5.363207281877905,0.02833238894548305,-2.9369346110975973,Cu_50mK_StillLike_Can_bottom_cap_2mm,other,current_geo_opt_prompt_or_delayed
activation,delayed,runs/geometry_optimization_20260704/step02_delayed_transport_geo_opt_s1_bpe_w5_fullstat_v1/DelayedDecayGeoOptS1BpeW5FullstatV1.inc1.id1.sim.gz,938337,pass,510.99886,0.0,0.0,keep,True,6.20523,3.78061,22.12378,0.72089,-0.60213,0.34316,2000.0,-4.715053998685477,1.255455021162963,-3.837369641177203,ColdPlate_4K,other,current_geo_opt_prompt_or_delayed
activation,delayed,runs/geometry_optimization_20260704/step02_delayed_transport_geo_opt_s1_bpe_w5_fullstat_v1/DelayedDecayGeoOptS1BpeW5FullstatV1.inc1.id1.sim.gz,942128,pass,510.99892,0.0,0.0,single,True,14.18149,-3.02603,13.91497,-0.1509,-0.73439,0.66175,2000.0,-1.0856697325112155,0.3771813332378041,-5.153283771542937,ColdPlate_4K,other,current_geo_opt_prompt_or_delayed
activation,delayed,runs/geometry_optimization_20260704/step02_delayed_transport_geo_opt_s1_bpe_w5_fullstat_v1/DelayedDecayGeoOptS1BpeW5FullstatV1.inc1.id1.sim.gz,965379,active_veto,510.99887,0.0,510.99896,keep,True,-3.43226,-10.58142,-10.46727,-0.03007,-0.01816,0.99938,2000.0,-3.6686866254137707,-0.3713454507079125,-4.4875511598046,Cu_50mK_StillLike_Can_bottom_cap_2mm,other,current_geo_opt_prompt_or_delayed
activation,delayed,runs/geometry_optimization_20260704/step02_delayed_transport_geo_opt_s1_bpe_w5_fullstat_v1/DelayedDecayGeoOptS1BpeW5FullstatV1.inc1.id1.sim.gz,965527,compton_fov_veto,510.99895,0.0,0.0,veto,False,-5.22349,-4.22584,5.17697,0.30603,-0.89296,0.33009,2000.0,-3.5572166723279177,1.0263722576992576,-3.636609525267948,ColdPlate_MXC_50mK_SD_anchor,other,current_geo_opt_prompt_or_delayed
activation,delayed,runs/geometry_optimization_20260704/step02_delayed_transport_geo_opt_s1_bpe_w5_fullstat_v1/DelayedDecayGeoOptS1BpeW5FullstatV1.inc1.id1.sim.gz,971541,pass,510.99892099999994,0.0,0.0,single,True,-5.14617,2.45885,-8.73867,-0.22603,-0.82829,-0.51269,2000.0,-3.2614538305904253,-0.8193887838127134,-6.0101348720563905,Cu_50mK_StillLike_Can_bottom_cap_2mm,other,current_geo_opt_prompt_or_delayed
activation,delayed,runs/geometry_optimization_20260704/step02_delayed_transport_geo_opt_s1_bpe_w5_fullstat_v1/DelayedDecayGeoOptS1BpeW5FullstatV1.inc1.id1.sim.gz,979019,active_veto,510.99890099999993,0.0,510.99892,keep,True,-12.1975,11.35723,2.09384,0.17868,-0.72079,-0.66973,2000.0,-5.876775995094855,0.0034277302315752723,-3.348622892340154,Cu_50mK_StillLike_Can_side_wall_below_side_port,aluminium_passive,current_geo_opt_prompt_or_delayed
atm511,atm511_replay,runs/geometry_optimization_20260704/p2_atm511_sidecar_s1_nominal_geo_opt_s1_bpe_w5_20260708/Atm511SidecarS1Nominal3M_GeoOptS1BpeW5.inc1.id1.sim.gz,11882,pass,510.999968,0.0,0.0,keep,True,12.9,18.05258,-53.21382,-0.31396,-0.31917,0.89418,511.0,-5.471606175334599,-0.5844918073230311,-2.924888547221854,TP_L2_00228,tes,atm511_expacs_like_4pi_sidecar_s1_nominal_replay
atm511,atm511_replay,runs/geometry_optimization_20260704/p2_atm511_sidecar_s1_nominal_geo_opt_s1_bpe_w5_20260708/Atm511SidecarS1Nominal3M_GeoOptS1BpeW5.inc1.id1.sim.gz,12552,pass,510.999974,0.0,0.0,keep,True,14.6812,-21.67825,-51.16849,-0.29027,0.4038,0.86758,511.0,-0.706990634732788,-0.28181728648078846,-4.9113341024956245,TP_L5_00173,tes,atm511_expacs_like_4pi_sidecar_s1_nominal_replay
atm511,atm511_replay,runs/geometry_optimization_20260704/p2_atm511_sidecar_s1_nominal_geo_opt_s1_bpe_w5_20260708/Atm511SidecarS1Nominal3M_GeoOptS1BpeW5.inc1.id1.sim.gz,18572,pass,511.0,0.0,0.0,single,True,4.45379,38.67487,-43.15415,-0.18519,-0.69196,0.69778,511.0,-6.057533956846967,-0.60343309951182,-3.54627514329002,TP_L1_00093,tes,atm511_expacs_like_4pi_sidecar_s1_nominal_replay
atm511,atm511_replay,runs/geometry_optimization_20260704/p2_atm511_sidecar_s1_nominal_geo_opt_s1_bpe_w5_20260708/Atm511SidecarS1Nominal3M_GeoOptS1BpeW5.inc1.id1.sim.gz,35249,pass,510.99989,0.0,0.0,single,True,-14.96201,57.6486,0.34421,0.20697,-0.97591,-0.06898,511.0,-2.9356845859327683,1.047267978039095,-3.688914578758011,TP_L3_00333,tes,atm511_expacs_like_4pi_sidecar_s1_nominal_replay
atm511,atm511_replay,runs/geometry_optimization_20260704/p2_atm511_sidecar_s1_nominal_geo_opt_s1_bpe_w5_20260708/Atm511SidecarS1Nominal3M_GeoOptS1BpeW5.inc1.id1.sim.gz,69816,pass,510.99999,0.0,0.0,keep,True,-28.25873,-49.03271,-11.22124,0.43017,0.89213,0.13803,511.0,-4.434272278147519,0.3284880516780637,-3.6689535264558617,TP_L2_00228,tes,atm511_expacs_like_4pi_sidecar_s1_nominal_replay
atm511,atm511_replay,runs/geometry_optimization_20260704/p2_atm511_sidecar_s1_nominal_geo_opt_s1_bpe_w5_20260708/Atm511SidecarS1Nominal3M_GeoOptS1BpeW5.inc1.id1.sim.gz,124466,pass,511.00000000000006,0.0,0.0,single,True,-52.49438,19.37114,12.21189,0.895,-0.35904,-0.26471,511.0,-5.755798126070253,0.6217729482908807,-1.6110576967450099,TP_L0_00273,tes,atm511_expacs_like_4pi_sidecar_s1_nominal_replay
atm511,atm511_replay,runs/geometry_optimization_20260704/p2_atm511_sidecar_s1_nominal_geo_opt_s1_bpe_w5_20260708/Atm511SidecarS1Nominal3M_GeoOptS1BpeW5.inc1.id1.sim.gz,145895,pass,510.99992000000003,0.0,0.0,keep,True,28.55396,-24.39663,-46.16551,-0.55125,0.42565,0.7176,511.0,-2.0555415561598522,-0.8863070650722451,-6.40312958761113,TP_L5_00078,tes,atm511_expacs_like_4pi_sidecar_s1_nominal_replay
atm511,atm511_replay,runs/geometry_optimization_20260704/p2_atm511_sidecar_s1_nominal_geo_opt_s1_bpe_w5_20260708/Atm511SidecarS1Nominal3M_GeoOptS1BpeW5.inc1.id1.sim.gz,152242,pass,511.00008,0.0,0.0,keep,True,-14.42395,-57.7921,10.21605,0.1969,0.9496,-0.24392,511.0,-2.3745610311003276,0.5061918081632845,-4.761258846274094,TP_L4_00274,tes,atm511_expacs_like_4pi_sidecar_s1_nominal_replay
atm511,atm511_replay,runs/geometry_optimization_20260704/p2_atm511_sidecar_s1_nominal_geo_opt_s1_bpe_w5_20260708/Atm511SidecarS1Nominal3M_GeoOptS1BpeW5.inc1.id1.sim.gz,171045,pass,511.000009,0.0,0.0,single,True,16.28504,-15.25955,-53.49011,-0.37464,0.25018,0.89278,511.0,-4.576273762391126,-1.3251619935731511,-3.7763751449029197,TP_L2_00011,tes,atm511_expacs_like_4pi_sidecar_s1_nominal_replay
atm511,atm511_replay,runs/geometry_optimization_20260704/p2_atm511_sidecar_s1_nominal_geo_opt_s1_bpe_w5_20260708/Atm511SidecarS1Nominal3M_GeoOptS1BpeW5.inc1.id1.sim.gz,189319,pass,510.99999399999996,0.0,0.0,single,True,-35.05967,-42.5151,-13.49687,0.62693,0.76442,0.15044,511.0,-1.2825437900268608,-1.3284210872675746,-5.39314273638721,TP_L5_00019,tes,atm511_expacs_like_4pi_sidecar_s1_nominal_replay
atm511,atm511_replay,runs/geometry_optimization_20260704/p2_atm511_sidecar_s1_nominal_geo_opt_s1_bpe_w5_20260708/Atm511SidecarS1Nominal3M_GeoOptS1BpeW5.inc1.id1.sim.gz,207921,pass,510.99997700000006,0.0,0.0,single,True,10.60188,2.88087,-56.18143,-0.28125,-0.03063,0.95914,511.0,-4.722514416884988,1.2278515890534727,-4.007915840432184,TP_L2_00340,tes,atm511_expacs_like_4pi_sidecar_s1_nominal_replay
atm511,atm511_replay,runs/geometry_optimization_20260704/p2_atm511_sidecar_s1_nominal_geo_opt_s1_bpe_w5_20260708/Atm511SidecarS1Nominal3M_GeoOptS1BpeW5.inc1.id1.sim.gz,281785,pass,511.00002000000006,0.0,0.0,single,True,23.7442,-55.7111,-11.21531,-0.45922,0.87489,0.15391,511.0,-5.526153013674949,0.052385504394218414,-1.4044256041668453,TP_L0_00190,tes,atm511_expacs_like_4pi_sidecar_s1_nominal_replay
atm511,atm511_replay,runs/geometry_optimization_20260704/p2_atm511_sidecar_s1_nominal_geo_opt_s1_bpe_w5_20260708/Atm511SidecarS1Nominal3M_GeoOptS1BpeW5.inc1.id1.sim.gz,288013,pass,511.0,0.0,0.0,single,True,0.77036,49.27746,-31.14109,-0.07992,-0.86329,0.49835,511.0,-3.7491081064225047,0.4558078012193542,-2.9579729092358122,TP_L2_00255,tes,atm511_expacs_like_4pi_sidecar_s1_nominal_replay
atm511,atm511_replay,runs/geometry_optimization_20260704/p2_atm511_sidecar_s1_nominal_geo_opt_s1_bpe_w5_20260708/Atm511SidecarS1Nominal3M_GeoOptS1BpeW5.inc1.id1.sim.gz,298696,pass,511.000036,0.0,0.0,single,True,4.15651,35.26996,-45.09954,-0.13429,-0.64638,0.7511,511.0,-2.9107218474154077,1.2422815774216343,-5.558646937012388,TP_L4_00341,tes,atm511_expacs_like_4pi_sidecar_s1_nominal_replay
atm511,atm511_replay,runs/geometry_optimization_20260704/p2_atm511_sidecar_s1_nominal_geo_opt_s1_bpe_w5_20260708/Atm511SidecarS1Nominal3M_GeoOptS1BpeW5.inc1.id1.sim.gz,355515,pass,511.00000000000006,0.0,0.0,single,True,57.04439,0.16084,-26.15434,-0.93503,-0.01319,0.35432,511.0,-1.3610785364469467,-0.6738708690396045,-4.016061710678082,TP_L4_00112,tes,atm511_expacs_like_4pi_sidecar_s1_nominal_replay
atm511,atm511_replay,runs/geometry_optimization_20260704/p2_atm511_sidecar_s1_nominal_geo_opt_s1_bpe_w5_20260708/Atm511SidecarS1Nominal3M_GeoOptS1BpeW5.inc1.id1.sim.gz,373400,pass,510.99996,0.0,0.0,single,True,38.97979,-9.25365,-44.85059,-0.69659,0.16648,0.69789,511.0,-1.5307436122951756,0.43129755294958333,-4.266437658058897,TP_L4_00259,tes,atm511_expacs_like_4pi_sidecar_s1_nominal_replay
atm511,atm511_replay,runs/geometry_optimization_20260704/p2_atm511_sidecar_s1_nominal_geo_opt_s1_bpe_w5_20260708/Atm511SidecarS1Nominal3M_GeoOptS1BpeW5.inc1.id1.sim.gz,403396,pass,511.00005,0.0,0.0,single,True,9.78574,15.00359,-53.91244,-0.21637,-0.26516,0.93961,511.0,-1.3746932671034375,1.3279671488007292,-5.450849558207361,TP_L5_00362,tes,atm511_expacs_like_4pi_sidecar_s1_nominal_replay
atm511,atm511_replay,runs/geometry_optimization_20260704/p2_atm511_sidecar_s1_nominal_geo_opt_s1_bpe_w5_20260708/Atm511SidecarS1Nominal3M_GeoOptS1BpeW5.inc1.id1.sim.gz,417235,pass,510.99999,0.0,0.0,single,True,0.97364,-36.32574,-44.31626,-0.1083,0.63889,0.76163,511.0,-5.179323601796078,-0.007883076930631915,-1.0234246876531052,TP_L0_00193,tes,atm511_expacs_like_4pi_sidecar_s1_nominal_replay
atm511,atm511_replay,runs/geometry_optimization_20260704/p2_atm511_sidecar_s1_nominal_geo_opt_s1_bpe_w5_20260708/Atm511SidecarS1Nominal3M_GeoOptS1BpeW5.inc1.id1.sim.gz,423986,pass,511.00003,0.0,0.0,single,True,7.38935,17.9076,-53.14142,-0.15289,-0.34271,0.92692,511.0,-0.5927622875565447,-0.010203997787918917,-4.719138618347478,TP_L5_00197,tes,atm511_expacs_like_4pi_sidecar_s1_nominal_replay
atm511,atm511_replay,runs/geometry_optimization_20260704/p2_atm511_sidecar_s1_nominal_geo_opt_s1_bpe_w5_20260708/Atm511SidecarS1Nominal3M_GeoOptS1BpeW5.inc1.id1.sim.gz,426808,compton_fov_veto,511.0000100000001,0.0,0.0,veto,False,-8.83815,50.52424,-26.60392,0.08549,-0.89274,0.44238,511.0,-5.303266546018697,-1.026946767205034,-1.7191004419957443,TP_L1_00218,tes,atm511_expacs_like_4pi_sidecar_s1_nominal_replay
atm511,atm511_replay,runs/geometry_optimization_20260704/p2_atm511_sidecar_s1_nominal_geo_opt_s1_bpe_w5_20260708/Atm511SidecarS1Nominal3M_GeoOptS1BpeW5.inc1.id1.sim.gz,427785,pass,511.00007999999997,0.0,0.0,single,True,61.50307,18.9427,9.70477,-0.95369,-0.25176,-0.16459,511.0,-6.049911897986807,1.1151963008684853,-1.9494209054168055,TP_L0_00327,tes,atm511_expacs_like_4pi_sidecar_s1_nominal_replay
atm511,atm511_replay,runs/geometry_optimization_20260704/p2_atm511_sidecar_s1_nominal_geo_opt_s1_bpe_w5_20260708/Atm511SidecarS1Nominal3M_GeoOptS1BpeW5.inc1.id1.sim.gz,430218,pass,511.0000157199999,0.0,0.0,keep,True,50.73557,-36.0899,-12.73545,-0.82589,0.55387,0.10548,511.0,-3.4119510891163123,0.2278752841520545,-5.827627800698802,TP_L4_00201,tes,atm511_expacs_like_4pi_sidecar_s1_nominal_replay
atm511,atm511_replay,runs/geometry_optimization_20260704/p2_atm511_sidecar_s1_nominal_geo_opt_s1_bpe_w5_20260708/Atm511SidecarS1Nominal3M_GeoOptS1BpeW5.inc1.id1.sim.gz,438572,pass,511.0,0.0,0.0,single,True,-32.20055,-45.16756,-13.8521,0.4776,0.8497,0.22339,511.0,-5.955754923543248,1.5174646848939335,-1.5756201773804304,TP_L0_00370,tes,atm511_expacs_like_4pi_sidecar_s1_nominal_replay
atm511,atm511_replay,runs/geometry_optimization_20260704/p2_atm511_sidecar_s1_nominal_geo_opt_s1_bpe_w5_20260708/Atm511SidecarS1Nominal3M_GeoOptS1BpeW5.inc1.id1.sim.gz,446860,pass,510.99999999999994,0.0,0.0,single,True,-29.25639,40.13246,-25.84868,0.45559,-0.75287,0.475,511.0,-5.7964786245420745,1.3649511145455968,-1.388714347812133,TP_L0_00361,tes,atm511_expacs_like_4pi_sidecar_s1_nominal_replay
atm511,atm511_replay,runs/geometry_optimization_20260704/p2_atm511_sidecar_s1_nominal_geo_opt_s1_bpe_w5_20260708/Atm511SidecarS1Nominal3M_GeoOptS1BpeW5.inc1.id1.sim.gz,461477,pass,511.00005000000004,0.0,0.0,single,True,-48.42512,0.93477,-23.85848,0.8975,-0.01802,0.44065,511.0,-5.1924755123354664,0.04643806207981094,-2.6292846947982684,TP_L1_00186,tes,atm511_expacs_like_4pi_sidecar_s1_nominal_replay
atm511,atm511_replay,runs/geometry_optimization_20260704/p2_atm511_sidecar_s1_nominal_geo_opt_s1_bpe_w5_20260708/Atm511SidecarS1Nominal3M_GeoOptS1BpeW5.inc1.id1.sim.gz,479583,pass,511.0000000000001,0.0,0.0,single,True,5.94546,-35.4602,53.56537,-0.10858,0.4926,-0.86346,511.0,-1.5153418912487278,-1.6122122154919762,-5.764750139850684,TP_L5_00005,tes,atm511_expacs_like_4pi_sidecar_s1_nominal_replay
atm511,atm511_replay,runs/geometry_optimization_20260704/p2_atm511_sidecar_s1_nominal_geo_opt_s1_bpe_w5_20260708/Atm511SidecarS1Nominal3M_GeoOptS1BpeW5.inc1.id1.sim.gz,480447,pass,511.0000100000001,0.0,0.0,single,True,3.42776,-26.94541,58.64122,-0.08774,0.37803,-0.92163,511.0,-2.6319111178829773,-0.826010481645257,-5.03453873557674,TP_L4_00082,tes,atm511_expacs_like_4pi_sidecar_s1_nominal_replay
atm511,atm511_replay,runs/geometry_optimization_20260704/p2_atm511_sidecar_s1_nominal_geo_opt_s1_bpe_w5_20260708/Atm511SidecarS1Nominal3M_GeoOptS1BpeW5.inc1.id1.sim.gz,516512,pass,511.00007000000005,0.0,0.0,single,True,63.89277,7.49515,-7.45587,-0.99552,-0.09361,0.01357,511.0,-2.3657389840947967,1.2615549329211637,-6.551095879300681,TP_L5_00339,tes,atm511_expacs_like_4pi_sidecar_s1_nominal_replay
atm511,atm511_replay,runs/geometry_optimization_20260704/p2_atm511_sidecar_s1_nominal_geo_opt_s1_bpe_w5_20260708/Atm511SidecarS1Nominal3M_GeoOptS1BpeW5.inc1.id1.sim.gz,544766,pass,510.999972,0.0,0.0,single,True,-51.76321,-21.15838,12.95316,0.88649,0.36519,-0.28421,511.0,-3.3552379428967742,-1.2201553171796962,-2.566252863847654,TP_L2_00037,tes,atm511_expacs_like_4pi_sidecar_s1_nominal_replay
atm511,atm511_replay,runs/geometry_optimization_20260704/p2_atm511_sidecar_s1_nominal_geo_opt_s1_bpe_w5_20260708/Atm511SidecarS1Nominal3M_GeoOptS1BpeW5.inc1.id1.sim.gz,545112,pass,511.00001000000003,0.0,0.0,single,True,1.70069,-43.72866,-37.95612,-0.12183,0.75877,0.63987,511.0,-5.328156099378002,-0.058071093231681144,-1.1090564886098533,TP_L0_00192,tes,atm511_expacs_like_4pi_sidecar_s1_nominal_replay
atm511,atm511_replay,runs/geometry_optimization_20260704/p2_atm511_sidecar_s1_nominal_geo_opt_s1_bpe_w5_20260708/Atm511SidecarS1Nominal3M_GeoOptS1BpeW5.inc1.id1.sim.gz,611443,pass,511.0000300000001,0.0,0.0,single,True,57.65226,-24.30758,-13.10947,-0.92442,0.36385,0.1143,511.0,-1.3739762667901405,-1.074728724273382,-5.8106127795873705,TP_L5_00047,tes,atm511_expacs_like_4pi_sidecar_s1_nominal_replay
atm511,atm511_replay,runs/geometry_optimization_20260704/p2_atm511_sidecar_s1_nominal_geo_opt_s1_bpe_w5_20260708/Atm511SidecarS1Nominal3M_GeoOptS1BpeW5.inc1.id1.sim.gz,649803,compton_fov_veto,511.00010000000003,0.0,0.0,veto,False,17.50596,40.96577,-39.09159,-0.36965,-0.71176,0.59729,511.0,-3.002082807891622,1.2227936012069665,-5.880004276894663,TP_L4_00339,tes,atm511_expacs_like_4pi_sidecar_s1_nominal_replay
atm511,atm511_replay,runs/geometry_optimization_20260704/p2_atm511_sidecar_s1_nominal_geo_opt_s1_bpe_w5_20260708/Atm511SidecarS1Nominal3M_GeoOptS1BpeW5.inc1.id1.sim.gz,673641,pass,510.99999569330004,0.0,0.0,keep,True,14.66193,0.26659,-55.49117,-0.32786,0.0024,0.94472,511.0,-2.337638292011665,0.3878639960730751,-6.533688498998986,TP_L5_00245,tes,atm511_expacs_like_4pi_sidecar_s1_nominal_replay
atm511,atm511_replay,runs/geometry_optimization_20260704/p2_atm511_sidecar_s1_nominal_geo_opt_s1_bpe_w5_20260708/Atm511SidecarS1Nominal3M_GeoOptS1BpeW5.inc1.id1.sim.gz,699374,pass,510.99998,0.0,0.0,single,True,3.77834,54.32983,-23.40856,-0.10436,-0.94212,0.31862,511.0,-2.295963160548754,-0.4914891443272698,-4.868012628953234,TP_L4_00125,tes,atm511_expacs_like_4pi_sidecar_s1_nominal_replay
atm511,atm511_replay,runs/geometry_optimization_20260704/p2_atm511_sidecar_s1_nominal_geo_opt_s1_bpe_w5_20260708/Atm511SidecarS1Nominal3M_GeoOptS1BpeW5.inc1.id1.sim.gz,731662,pass,511.0,0.0,0.0,keep,True,63.3101,10.01635,-7.33988,-0.98786,-0.15215,0.03127,511.0,-2.7993846917915457,-0.14571297332593738,-5.264526940795696,TP_L4_00163,tes,atm511_expacs_like_4pi_sidecar_s1_nominal_replay
atm511,atm511_replay,runs/geometry_optimization_20260704/p2_atm511_sidecar_s1_nominal_geo_opt_s1_bpe_w5_20260708/Atm511SidecarS1Nominal3M_GeoOptS1BpeW5.inc1.id1.sim.gz,768726,pass,511.00000000000006,0.0,0.0,single,True,36.61567,48.2664,21.7397,-0.60345,-0.71606,-0.35088,511.0,-4.6384793865135014,-0.6833395053598825,-2.245568522085323,TP_L1_00105,tes,atm511_expacs_like_4pi_sidecar_s1_nominal_replay
atm511,atm511_replay,runs/geometry_optimization_20260704/p2_atm511_sidecar_s1_nominal_geo_opt_s1_bpe_w5_20260708/Atm511SidecarS1Nominal3M_GeoOptS1BpeW5.inc1.id1.sim.gz,794820,pass,510.99997699999994,0.0,0.0,single,True,8.71659,31.96906,-47.4689,-0.25108,-0.55728,0.79145,511.0,-5.4222994680354475,0.5902561501974013,-2.903105714406682,TP_L1_00269,tes,atm511_expacs_like_4pi_sidecar_s1_nominal_replay
atm511,atm511_replay,runs/geometry_optimization_20260704/p2_atm511_sidecar_s1_nominal_geo_opt_s1_bpe_w5_20260708/Atm511SidecarS1Nominal3M_GeoOptS1BpeW5.inc1.id1.sim.gz,795958,pass,510.99998000000005,0.0,0.0,single,True,-29.25365,49.22138,17.44534,0.42563,-0.8361,-0.34608,511.0,-6.018603123378165,1.5700439269544004,-1.777531713665625,TP_L0_00369,tes,atm511_expacs_like_4pi_sidecar_s1_nominal_replay
atm511,atm511_replay,runs/geometry_optimization_20260704/p2_atm511_sidecar_s1_nominal_geo_opt_s1_bpe_w5_20260708/Atm511SidecarS1Nominal3M_GeoOptS1BpeW5.inc1.id1.sim.gz,811824,pass,510.9999600000001,0.0,0.0,keep,True,63.46857,-1.97555,-10.7615,-0.99618,0.04262,0.07624,511.0,-3.037204375739071,0.8061899918465982,-5.691814071864722,TP_L4_00306,tes,atm511_expacs_like_4pi_sidecar_s1_nominal_replay
atm511,atm511_replay,runs/geometry_optimization_20260704/p2_atm511_sidecar_s1_nominal_geo_opt_s1_bpe_w5_20260708/Atm511SidecarS1Nominal3M_GeoOptS1BpeW5.inc1.id1.sim.gz,816609,pass,511.00002,0.0,0.0,keep,True,42.55973,-16.46268,-40.08939,-0.74173,0.28386,0.60767,511.0,-0.6008272134991208,0.09977005809209909,-4.703689894423271,TP_L5_00197,tes,atm511_expacs_like_4pi_sidecar_s1_nominal_replay
atm511,atm511_replay,runs/geometry_optimization_20260704/p2_atm511_sidecar_s1_nominal_geo_opt_s1_bpe_w5_20260708/Atm511SidecarS1Nominal3M_GeoOptS1BpeW5.inc1.id1.sim.gz,822472,pass,510.99998000000005,0.0,0.0,single,True,1.90007,23.3227,-51.5205,-0.1002,-0.43658,0.89407,511.0,-3.231857000919581,0.9751093840295073,-5.7551528106084815,TP_L4_00305,tes,atm511_expacs_like_4pi_sidecar_s1_nominal_replay
atm511,atm511_replay,runs/geometry_optimization_20260704/p2_atm511_sidecar_s1_nominal_geo_opt_s1_bpe_w5_20260708/Atm511SidecarS1Nominal3M_GeoOptS1BpeW5.inc1.id1.sim.gz,830875,pass,510.99997,0.0,0.0,single,True,12.6869,48.84273,-31.66632,-0.32111,-0.80366,0.50101,511.0,-6.266844835384706,1.4063137136437796,-2.094377496450714,TP_L0_00355,tes,atm511_expacs_like_4pi_sidecar_s1_nominal_replay
atm511,atm511_replay,runs/geometry_optimization_20260704/p2_atm511_sidecar_s1_nominal_geo_opt_s1_bpe_w5_20260708/Atm511SidecarS1Nominal3M_GeoOptS1BpeW5.inc1.id1.sim.gz,861508,pass,510.99998999999997,0.0,0.0,single,True,-7.71183,40.61104,-39.21685,0.05589,-0.7438,0.66606,511.0,-4.74973925735071,1.186595426117934,-3.912821582454415,TP_L2_00340,tes,atm511_expacs_like_4pi_sidecar_s1_nominal_replay
atm511,atm511_replay,runs/geometry_optimization_20260704/p2_atm511_sidecar_s1_nominal_geo_opt_s1_bpe_w5_20260708/Atm511SidecarS1Nominal3M_GeoOptS1BpeW5.inc1.id1.sim.gz,863029,pass,510.99999900000006,0.0,0.0,keep,True,10.55984,-1.71608,-55.60723,-0.21781,0.02396,0.9757,511.0,-0.7502923823944436,-0.46729205695103965,-4.948276478841376,TP_L5_00132,tes,atm511_expacs_like_4pi_sidecar_s1_nominal_replay
atm511,atm511_replay,runs/geometry_optimization_20260704/p2_atm511_sidecar_s1_nominal_geo_opt_s1_bpe_w5_20260708/Atm511SidecarS1Nominal3M_GeoOptS1BpeW5.inc1.id1.sim.gz,868864,pass,510.9999700000001,0.0,0.0,single,True,-37.07162,-8.43944,48.26835,0.54246,0.15768,-0.82515,511.0,-4.909840907661835,0.9048372385438025,-0.655232723143872,TP_L0_00320,tes,atm511_expacs_like_4pi_sidecar_s1_nominal_replay
atm511,atm511_replay,runs/geometry_optimization_20260704/p2_atm511_sidecar_s1_nominal_geo_opt_s1_bpe_w5_20260708/Atm511SidecarS1Nominal3M_GeoOptS1BpeW5.inc1.id1.sim.gz,873473,pass,510.99996000000004,0.0,0.0,single,True,47.10974,-17.85194,-35.26867,-0.80693,0.29541,0.51147,511.0,-1.6315196709066473,-0.0070997729438739485,-4.374346062710299,TP_L4_00194,tes,atm511_expacs_like_4pi_sidecar_s1_nominal_replay
atm511,atm511_replay,runs/geometry_optimization_20260704/p2_atm511_sidecar_s1_nominal_geo_opt_s1_bpe_w5_20260708/Atm511SidecarS1Nominal3M_GeoOptS1BpeW5.inc1.id1.sim.gz,912785,pass,511.00001000000003,0.0,0.0,single,True,38.46791,50.43491,3.89687,-0.65324,-0.75072,-0.09843,511.0,-5.125549270735121,0.335283963572441,-2.671409681390084,TP_L1_00229,tes,atm511_expacs_like_4pi_sidecar_s1_nominal_replay
atm511,atm511_replay,runs/geometry_optimization_20260704/p2_atm511_sidecar_s1_nominal_geo_opt_s1_bpe_w5_20260708/Atm511SidecarS1Nominal3M_GeoOptS1BpeW5.inc1.id1.sim.gz,930145,pass,510.99997,0.0,0.0,keep,True,37.50967,-26.94194,-39.6731,-0.69165,0.43798,0.57428,511.0,-2.3421431694005967,0.5299606639828257,-4.763183982195948,TP_L4_00274,tes,atm511_expacs_like_4pi_sidecar_s1_nominal_replay
atm511,atm511_replay,runs/geometry_optimization_20260704/p2_atm511_sidecar_s1_nominal_geo_opt_s1_bpe_w5_20260708/Atm511SidecarS1Nominal3M_GeoOptS1BpeW5.inc1.id1.sim.gz,940993,pass,510.99999399999996,0.0,0.0,single,True,-1.69913,40.76029,-40.1896,-0.03733,-0.73204,0.68024,511.0,-3.7422922373221796,0.687692773550201,-2.9544689454468447,TP_L2_00276,tes,atm511_expacs_like_4pi_sidecar_s1_nominal_replay
atm511,atm511_replay,runs/geometry_optimization_20260704/p2_atm511_sidecar_s1_nominal_geo_opt_s1_bpe_w5_20260708/Atm511SidecarS1Nominal3M_GeoOptS1BpeW5.inc1.id1.sim.gz,1001845,pass,510.999995,0.0,0.0,single,True,46.15137,-2.88273,-39.97396,-0.80323,0.05011,0.59356,511.0,-0.910528123046864,0.05340614378966578,-5.196490885891192,TP_L5_00194,tes,atm511_expacs_like_4pi_sidecar_s1_nominal_replay
atm511,atm511_replay,runs/geometry_optimization_20260704/p2_atm511_sidecar_s1_nominal_geo_opt_s1_bpe_w5_20260708/Atm511SidecarS1Nominal3M_GeoOptS1BpeW5.inc1.id1.sim.gz,1007666,pass,511.00000000000006,0.0,0.0,single,True,44.8034,-30.0658,-30.42328,-0.77031,0.49273,0.40477,511.0,-1.7532857090921716,-0.28602989484769076,-5.959433452325635,TP_L5_00143,tes,atm511_expacs_like_4pi_sidecar_s1_nominal_replay
atm511,atm511_replay,runs/geometry_optimization_20260704/p2_atm511_sidecar_s1_nominal_geo_opt_s1_bpe_w5_20260708/Atm511SidecarS1Nominal3M_GeoOptS1BpeW5.inc1.id1.sim.gz,1010831,pass,510.99994000000004,0.0,0.0,keep,True,50.74328,-6.69671,-34.66985,-0.86071,0.11565,0.49579,511.0,-5.069338853121038,0.8093124506894814,-2.6594532679571348,TP_L1_00292,tes,atm511_expacs_like_4pi_sidecar_s1_nominal_replay
atm511,atm511_replay,runs/geometry_optimization_20260704/p2_atm511_sidecar_s1_nominal_geo_opt_s1_bpe_w5_20260708/Atm511SidecarS1Nominal3M_GeoOptS1BpeW5.inc1.id1.sim.gz,1061416,pass,511.00000000000006,0.0,0.0,single,True,-45.91945,16.0712,36.10643,0.66818,-0.28807,-0.68597,511.0,-3.8752150374925636,-0.9873617676545595,-4.769335867429256,TP_L3_00058,tes,atm511_expacs_like_4pi_sidecar_s1_nominal_replay
atm511,atm511_replay,runs/geometry_optimization_20260704/p2_atm511_sidecar_s1_nominal_geo_opt_s1_bpe_w5_20260708/Atm511SidecarS1Nominal3M_GeoOptS1BpeW5.inc1.id1.sim.gz,1136352,pass,511.0,0.0,0.0,single,True,12.25042,43.57296,-37.64502,-0.24537,-0.79007,0.56177,511.0,-1.6728125308806263,-1.2579297398590998,-5.76833096776321,TP_L5_00030,tes,atm511_expacs_like_4pi_sidecar_s1_nominal_replay
atm511,atm511_replay,runs/geometry_optimization_20260704/p2_atm511_sidecar_s1_nominal_geo_opt_s1_bpe_w5_20260708/Atm511SidecarS1Nominal3M_GeoOptS1BpeW5.inc1.id1.sim.gz,1161529,pass,510.999978,0.0,0.0,single,True,-14.77278,7.23536,61.4912,0.18147,-0.12553,-0.97535,511.0,-2.598644615515346,-1.1102131720877255,-3.532629770750953,TP_L3_00052,tes,atm511_expacs_like_4pi_sidecar_s1_nominal_replay
atm511,atm511_replay,runs/geometry_optimization_20260704/p2_atm511_sidecar_s1_nominal_geo_opt_s1_bpe_w5_20260708/Atm511SidecarS1Nominal3M_GeoOptS1BpeW5.inc1.id1.sim.gz,1179235,pass,510.99999697699997,0.0,0.0,keep,True,-29.36791,47.50672,-13.06193,0.43524,-0.876,0.20783,511.0,-6.429201256127397,1.3508505750741884,-2.1305143663510506,TP_L0_00354,tes,atm511_expacs_like_4pi_sidecar_s1_nominal_replay
atm511,atm511_replay,runs/geometry_optimization_20260704/p2_atm511_sidecar_s1_nominal_geo_opt_s1_bpe_w5_20260708/Atm511SidecarS1Nominal3M_GeoOptS1BpeW5.inc1.id1.sim.gz,1186812,pass,510.9999700000001,0.0,0.0,single,True,16.7548,22.09064,-51.29199,-0.39186,-0.34992,0.85088,511.0,-6.013841614007237,1.2562114063710024,-1.7494442995232464,TP_L0_00344,tes,atm511_expacs_like_4pi_sidecar_s1_nominal_replay
atm511,atm511_replay,runs/geometry_optimization_20260704/p2_atm511_sidecar_s1_nominal_geo_opt_s1_bpe_w5_20260708/Atm511SidecarS1Nominal3M_GeoOptS1BpeW5.inc1.id1.sim.gz,1250347,pass,511.000032,0.0,0.0,single,True,13.58136,-0.11261,-55.54326,-0.29952,-0.00168,0.95409,511.0,-2.7220422668574673,-0.210948461562501,-3.7200373139425205,TP_L3_00170,tes,atm511_expacs_like_4pi_sidecar_s1_nominal_replay
atm511,atm511_replay,runs/geometry_optimization_20260704/p2_atm511_sidecar_s1_nominal_geo_opt_s1_bpe_w5_20260708/Atm511SidecarS1Nominal3M_GeoOptS1BpeW5.inc1.id1.sim.gz,1263755,pass,511.0000049,0.0,0.0,single,True,22.47739,33.97817,-42.81285,-0.4258,-0.60969,0.66856,511.0,-1.9202201694082253,-0.9561320729805849,-4.504737571321125,TP_L4_00068,tes,atm511_expacs_like_4pi_sidecar_s1_nominal_replay
atm511,atm511_replay,runs/geometry_optimization_20260704/p2_atm511_sidecar_s1_nominal_geo_opt_s1_bpe_w5_20260708/Atm511SidecarS1Nominal3M_GeoOptS1BpeW5.inc1.id1.sim.gz,1265679,pass,510.99995000000007,0.0,0.0,single,True,53.61933,28.75614,-16.97614,-0.8757,-0.43686,0.20568,511.0,-2.9767426355621955,0.5231141116117721,-3.682554662966601,TP_L3_00255,tes,atm511_expacs_like_4pi_sidecar_s1_nominal_replay
atm511,atm511_replay,runs/geometry_optimization_20260704/p2_atm511_sidecar_s1_nominal_geo_opt_s1_bpe_w5_20260708/Atm511SidecarS1Nominal3M_GeoOptS1BpeW5.inc1.id1.sim.gz,1286765,pass,511.00002830000005,0.0,0.0,keep,True,16.0976,-41.87724,-38.12831,-0.32007,0.73218,0.60122,511.0,-2.4475958756063974,0.5766861767585014,-3.273615720243975,TP_L3_00280,tes,atm511_expacs_like_4pi_sidecar_s1_nominal_replay
atm511,atm511_replay,runs/geometry_optimization_20260704/p2_atm511_sidecar_s1_nominal_geo_opt_s1_bpe_w5_20260708/Atm511SidecarS1Nominal3M_GeoOptS1BpeW5.inc1.id1.sim.gz,1300469,pass,511.0000265400001,0.0,0.0,single,True,-6.33307,-36.64446,-42.366,0.09309,0.68045,0.72686,511.0,-1.447870821171522,-0.7875270773722938,-4.150243799914282,TP_L4_00091,tes,atm511_expacs_like_4pi_sidecar_s1_nominal_replay
atm511,atm511_replay,runs/geometry_optimization_20260704/p2_atm511_sidecar_s1_nominal_geo_opt_s1_bpe_w5_20260708/Atm511SidecarS1Nominal3M_GeoOptS1BpeW5.inc1.id1.sim.gz,1353472,compton_fov_veto,510.99998999999997,0.0,0.0,veto,False,22.58182,24.83285,-48.35504,-0.45017,-0.46172,0.76431,511.0,-3.092975233988047,-0.6958553623894962,-4.768360942862484,TP_L4_00027,tes,atm511_expacs_like_4pi_sidecar_s1_nominal_replay
atm511,atm511_replay,runs/geometry_optimization_20260704/p2_atm511_sidecar_s1_nominal_geo_opt_s1_bpe_w5_20260708/Atm511SidecarS1Nominal3M_GeoOptS1BpeW5.inc1.id1.sim.gz,1405553,pass,510.999986,0.0,0.0,keep,True,43.65686,8.96728,-41.79008,-0.77892,-0.16165,0.60593,511.0,-2.886903840341679,-0.6927794216057774,-5.583990012405127,TP_L4_00098,tes,atm511_expacs_like_4pi_sidecar_s1_nominal_replay
atm511,atm511_replay,runs/geometry_optimization_20260704/p2_atm511_sidecar_s1_nominal_geo_opt_s1_bpe_w5_20260708/Atm511SidecarS1Nominal3M_GeoOptS1BpeW5.inc1.id1.sim.gz,1415502,pass,510.99991600000004,0.0,0.0,single,True,-25.02871,-52.3945,14.89849,0.33562,0.90236,-0.27038,511.0,-5.366708240472157,0.45555457463969246,-0.9356513906360762,TP_L0_00257,tes,atm511_expacs_like_4pi_sidecar_s1_nominal_replay
atm511,atm511_replay,runs/geometry_optimization_20260704/p2_atm511_sidecar_s1_nominal_geo_opt_s1_bpe_w5_20260708/Atm511SidecarS1Nominal3M_GeoOptS1BpeW5.inc1.id1.sim.gz,1462904,pass,511.000028,0.0,0.0,keep,True,6.61724,-12.38418,-54.93277,-0.17822,0.25804,0.94956,511.0,-2.9569747854471706,1.473949733098144,-3.9232951432529437,TP_L3_00373,tes,atm511_expacs_like_4pi_sidecar_s1_nominal_replay
atm511,atm511_replay,runs/geometry_optimization_20260704/p2_atm511_sidecar_s1_nominal_geo_opt_s1_bpe_w5_20260708/Atm511SidecarS1Nominal3M_GeoOptS1BpeW5.inc1.id1.sim.gz,1479046,pass,511.00003000000004,0.0,0.0,keep,True,-14.38388,-37.51546,-39.07315,0.22816,0.70592,0.67053,511.0,-2.2840089055550936,0.6381001072181034,-3.2552614628243366,TP_L3_00261,tes,atm511_expacs_like_4pi_sidecar_s1_nominal_replay
atm511,atm511_replay,runs/geometry_optimization_20260704/p2_atm511_sidecar_s1_nominal_geo_opt_s1_bpe_w5_20260708/Atm511SidecarS1Nominal3M_GeoOptS1BpeW5.inc1.id1.sim.gz,1524649,pass,511.000011,0.0,0.0,single,True,8.59279,57.47228,-15.70903,-0.16172,-0.97147,0.17346,511.0,-1.5954720626102612,-1.4182766157198599,-4.345558773298399,TP_L4_00022,tes,atm511_expacs_like_4pi_sidecar_s1_nominal_replay
atm511,atm511_replay,runs/geometry_optimization_20260704/p2_atm511_sidecar_s1_nominal_geo_opt_s1_bpe_w5_20260708/Atm511SidecarS1Nominal3M_GeoOptS1BpeW5.inc1.id1.sim.gz,1527851,pass,510.99998,0.0,0.0,single,True,-28.45122,47.3686,-15.33303,0.41041,-0.87766,0.24753,511.0,-6.385799357092264,0.18047495952255807,-2.026074370291482,TP_L0_00205,tes,atm511_expacs_like_4pi_sidecar_s1_nominal_replay
atm511,atm511_replay,runs/geometry_optimization_20260704/p2_atm511_sidecar_s1_nominal_geo_opt_s1_bpe_w5_20260708/Atm511SidecarS1Nominal3M_GeoOptS1BpeW5.inc1.id1.sim.gz,1545992,pass,511.0,0.0,0.0,keep,True,7.48417,27.5803,-49.60278,-0.18254,-0.524,0.83193,511.0,-2.0518964119117418,0.2792591353062231,-6.158421184889628,TP_L5_00206,tes,atm511_expacs_like_4pi_sidecar_s1_nominal_replay
atm511,atm511_replay,runs/geometry_optimization_20260704/p2_atm511_sidecar_s1_nominal_geo_opt_s1_bpe_w5_20260708/Atm511SidecarS1Nominal3M_GeoOptS1BpeW5.inc1.id1.sim.gz,1633187,pass,510.99995000000007,0.0,0.0,single,True,9.94956,-23.30949,-51.45774,-0.23829,0.43942,0.8661,511.0,-3.1065580935448818,0.7444268607810117,-4.022784264346503,TP_L3_00294,tes,atm511_expacs_like_4pi_sidecar_s1_nominal_replay
atm511,atm511_replay,runs/geometry_optimization_20260704/p2_atm511_sidecar_s1_nominal_geo_opt_s1_bpe_w5_20260708/Atm511SidecarS1Nominal3M_GeoOptS1BpeW5.inc1.id1.sim.gz,1698567,pass,511.00002,0.0,0.0,keep,True,-55.454,1.72351,-3.36977,0.9997,-0.02412,0.0041,511.0,-4.0397077008285835,1.382167895470963,-3.0548637602913598,TP_L2_00372,tes,atm511_expacs_like_4pi_sidecar_s1_nominal_replay
atm511,atm511_replay,runs/geometry_optimization_20260704/p2_atm511_sidecar_s1_nominal_geo_opt_s1_bpe_w5_20260708/Atm511SidecarS1Nominal3M_GeoOptS1BpeW5.inc1.id1.sim.gz,1718264,pass,511.00000000000006,0.0,0.0,keep,True,-29.88933,-6.81358,-44.67534,0.47691,0.14885,0.86626,511.0,-6.407603154053267,0.7289799196726614,-2.229720763713385,TP_L0_00244,tes,atm511_expacs_like_4pi_sidecar_s1_nominal_replay
atm511,atm511_replay,runs/geometry_optimization_20260704/p2_atm511_sidecar_s1_nominal_geo_opt_s1_bpe_w5_20260708/Atm511SidecarS1Nominal3M_GeoOptS1BpeW5.inc1.id1.sim.gz,1725543,pass,511.0000427914599,0.0,0.0,keep,True,14.70929,-47.53655,-32.63214,-0.2783,0.84327,0.45982,511.0,-1.5037280583385009,1.4724418475267826,-5.852283695290529,TP_L5_00360,tes,atm511_expacs_like_4pi_sidecar_s1_nominal_replay
atm511,atm511_replay,runs/geometry_optimization_20260704/p2_atm511_sidecar_s1_nominal_geo_opt_s1_bpe_w5_20260708/Atm511SidecarS1Nominal3M_GeoOptS1BpeW5.inc1.id1.sim.gz,1732885,pass,510.99999506441014,0.0,0.0,keep,True,-25.74289,47.38592,-18.20564,0.429,-0.85971,0.27721,511.0,-2.5131516486841727,0.8303867488059272,-3.1908618910232613,TP_L3_00301,tes,atm511_expacs_like_4pi_sidecar_s1_nominal_replay
atm511,atm511_replay,runs/geometry_optimization_20260704/p2_atm511_sidecar_s1_nominal_geo_opt_s1_bpe_w5_20260708/Atm511SidecarS1Nominal3M_GeoOptS1BpeW5.inc1.id1.sim.gz,1768296,pass,511.00001000000015,0.0,0.0,keep,True,31.58405,38.82707,-34.32893,-0.5961,-0.62317,0.50628,511.0,-4.291980116853767,0.8911629394739167,-3.5872686862652587,TP_L2_00342,tes,atm511_expacs_like_4pi_sidecar_s1_nominal_replay
atm511,atm511_replay,runs/geometry_optimization_20260704/p2_atm511_sidecar_s1_nominal_geo_opt_s1_bpe_w5_20260708/Atm511SidecarS1Nominal3M_GeoOptS1BpeW5.inc1.id1.sim.gz,1897913,pass,511.00004000000007,0.0,0.0,single,True,59.69004,-6.84119,-20.60716,-0.96346,0.12231,0.23828,511.0,-1.3502550925516363,0.9389556260833324,-5.777694819237254,TP_L5_00313,tes,atm511_expacs_like_4pi_sidecar_s1_nominal_replay
atm511,atm511_replay,runs/geometry_optimization_20260704/p2_atm511_sidecar_s1_nominal_geo_opt_s1_bpe_w5_20260708/Atm511SidecarS1Nominal3M_GeoOptS1BpeW5.inc1.id1.sim.gz,1900617,compton_fov_veto,510.99988,0.0,0.0,veto,False,3.66105,-52.47155,-24.9041,0.02054,0.90438,0.42622,511.0,-4.460837361817776,0.7991543278584723,-2.9821467666017067,TP_L4_00084,tes,atm511_expacs_like_4pi_sidecar_s1_nominal_replay
atm511,atm511_replay,runs/geometry_optimization_20260704/p2_atm511_sidecar_s1_nominal_geo_opt_s1_bpe_w5_20260708/Atm511SidecarS1Nominal3M_GeoOptS1BpeW5.inc1.id1.sim.gz,1905261,pass,511.0,0.0,0.0,single,True,56.06297,23.39575,-18.90685,-0.91335,-0.35892,0.19229,511.0,-2.334286058304109,0.44812847579589044,-6.612855090942466,TP_L5_00245,tes,atm511_expacs_like_4pi_sidecar_s1_nominal_replay
atm511,atm511_replay,runs/geometry_optimization_20260704/p2_atm511_sidecar_s1_nominal_geo_opt_s1_bpe_w5_20260708/Atm511SidecarS1Nominal3M_GeoOptS1BpeW5.inc1.id1.sim.gz,1909129,pass,511.00003000000004,0.0,0.0,keep,True,-3.22408,39.43131,-40.93254,0.01252,-0.72053,0.69331,511.0,-2.4674749040783617,0.3583065187098365,-3.3400818649138633,TP_L3_00258,tes,atm511_expacs_like_4pi_sidecar_s1_nominal_replay
atm511,atm511_replay,runs/geometry_optimization_20260704/p2_atm511_sidecar_s1_nominal_geo_opt_s1_bpe_w5_20260708/Atm511SidecarS1Nominal3M_GeoOptS1BpeW5.inc1.id1.sim.gz,1941588,pass,510.99998000000005,0.0,0.0,keep,True,63.18471,1.90539,17.4181,-0.96138,-0.0082,-0.27509,511.0,-4.5758145966465404,1.3737145834715103,-1.9771786400047606,TP_L1_00363,tes,atm511_expacs_like_4pi_sidecar_s1_nominal_replay
atm511,atm511_replay,runs/geometry_optimization_20260704/p2_atm511_sidecar_s1_nominal_geo_opt_s1_bpe_w5_20260708/Atm511SidecarS1Nominal3M_GeoOptS1BpeW5.inc1.id1.sim.gz,1954566,pass,511.000006,0.0,0.0,single,True,45.44157,43.94072,-5.70172,-0.72917,-0.68429,0.00696,511.0,-1.1280839318465923,0.24134669894371627,-5.257280510044041,TP_L5_00235,tes,atm511_expacs_like_4pi_sidecar_s1_nominal_replay
atm511,atm511_replay,runs/geometry_optimization_20260704/p2_atm511_sidecar_s1_nominal_geo_opt_s1_bpe_w5_20260708/Atm511SidecarS1Nominal3M_GeoOptS1BpeW5.inc1.id1.sim.gz,1971714,pass,511.0000420000001,0.0,0.0,keep,True,50.97136,38.00622,-6.38595,-0.81594,-0.57806,0.00959,511.0,-1.3325549560997667,0.9783423559146142,-5.734741503381178,TP_L5_00313,tes,atm511_expacs_like_4pi_sidecar_s1_nominal_replay
atm511,atm511_replay,runs/geometry_optimization_20260704/p2_atm511_sidecar_s1_nominal_geo_opt_s1_bpe_w5_20260708/Atm511SidecarS1Nominal3M_GeoOptS1BpeW5.inc1.id1.sim.gz,2068514,pass,510.9999880000001,0.0,0.0,single,True,-41.37735,-39.10652,-2.71362,0.67053,0.74094,0.0373,511.0,-5.056732253221598,1.0276113780284588,-0.6939418355005104,TP_L0_00337,tes,atm511_expacs_like_4pi_sidecar_s1_nominal_replay
atm511,atm511_replay,runs/geometry_optimization_20260704/p2_atm511_sidecar_s1_nominal_geo_opt_s1_bpe_w5_20260708/Atm511SidecarS1Nominal3M_GeoOptS1BpeW5.inc1.id1.sim.gz,2100989,pass,510.999998,0.0,0.0,single,True,35.91991,-33.24168,-35.68223,-0.63288,0.5583,0.53643,511.0,-0.6262346887662188,-0.997568668653711,-4.700892866757251,TP_L5_00073,tes,atm511_expacs_like_4pi_sidecar_s1_nominal_replay
atm511,atm511_replay,runs/geometry_optimization_20260704/p2_atm511_sidecar_s1_nominal_geo_opt_s1_bpe_w5_20260708/Atm511SidecarS1Nominal3M_GeoOptS1BpeW5.inc1.id1.sim.gz,2105090,pass,510.99998,0.0,0.0,single,True,-51.81302,-13.32801,-12.0621,0.93802,0.2712,0.2158,511.0,-5.808737029067888,-0.02485342967850782,-1.499854534722252,TP_L0_00188,tes,atm511_expacs_like_4pi_sidecar_s1_nominal_replay
atm511,atm511_replay,runs/geometry_optimization_20260704/p2_atm511_sidecar_s1_nominal_geo_opt_s1_bpe_w5_20260708/Atm511SidecarS1Nominal3M_GeoOptS1BpeW5.inc1.id1.sim.gz,2111188,pass,510.99999,0.0,0.0,single,True,58.93083,0.77275,-22.26004,-0.95253,-0.01786,0.30391,511.0,-4.540388599163339,-0.4177127973598844,-2.0120211838647983,TP_L1_00128,tes,atm511_expacs_like_4pi_sidecar_s1_nominal_replay
atm511,atm511_replay,runs/geometry_optimization_20260704/p2_atm511_sidecar_s1_nominal_geo_opt_s1_bpe_w5_20260708/Atm511SidecarS1Nominal3M_GeoOptS1BpeW5.inc1.id1.sim.gz,2242496,pass,511.00002,0.0,0.0,single,True,-7.71567,-53.44832,-22.32583,0.05783,0.93827,0.34103,511.0,-4.5176886966456085,-1.5566748820563412,-3.4664597277895135,TP_L2_00002,tes,atm511_expacs_like_4pi_sidecar_s1_nominal_replay
atm511,atm511_replay,runs/geometry_optimization_20260704/p2_atm511_sidecar_s1_nominal_geo_opt_s1_bpe_w5_20260708/Atm511SidecarS1Nominal3M_GeoOptS1BpeW5.inc1.id1.sim.gz,2250264,pass,510.99996400000003,0.0,0.0,keep,True,10.03606,-53.74006,-23.6139,-0.24335,0.8913,0.38257,511.0,-4.616223987478401,-0.0769914156753304,-0.5718689955162141,TP_L0_00198,tes,atm511_expacs_like_4pi_sidecar_s1_nominal_replay
atm511,atm511_replay,runs/geometry_optimization_20260704/p2_atm511_sidecar_s1_nominal_geo_opt_s1_bpe_w5_20260708/Atm511SidecarS1Nominal3M_GeoOptS1BpeW5.inc1.id1.sim.gz,2267968,pass,511.00003000000004,0.0,0.0,single,True,-23.89772,52.18715,-8.57747,0.36742,-0.92455,0.10101,511.0,-3.71557274355068,1.3998782033111428,-3.02731372924389,TP_L2_00363,tes,atm511_expacs_like_4pi_sidecar_s1_nominal_replay
atm511,atm511_replay,runs/geometry_optimization_20260704/p2_atm511_sidecar_s1_nominal_geo_opt_s1_bpe_w5_20260708/Atm511SidecarS1Nominal3M_GeoOptS1BpeW5.inc1.id1.sim.gz,2275072,pass,511.0,0.0,0.0,single,True,8.90613,-27.44623,-49.51717,-0.20005,0.52056,0.83006,511.0,-1.6512182145804304,0.022714054737432487,-5.716556767371428,TP_L5_00188,tes,atm511_expacs_like_4pi_sidecar_s1_nominal_replay
atm511,atm511_replay,runs/geometry_optimization_20260704/p2_atm511_sidecar_s1_nominal_geo_opt_s1_bpe_w5_20260708/Atm511SidecarS1Nominal3M_GeoOptS1BpeW5.inc1.id1.sim.gz,2293914,compton_fov_veto,511.0000059999999,0.0,0.0,veto,False,53.40895,30.93162,-14.31957,-0.87287,-0.45955,0.16404,511.0,-6.826262806861341,-0.1810868270417085,-2.5967197674768805,TP_L2_00271,tes,atm511_expacs_like_4pi_sidecar_s1_nominal_replay
atm511,atm511_replay,runs/geometry_optimization_20260704/p2_atm511_sidecar_s1_nominal_geo_opt_s1_bpe_w5_20260708/Atm511SidecarS1Nominal3M_GeoOptS1BpeW5.inc1.id1.sim.gz,2336934,compton_fov_veto,510.9999133000001,0.0,0.0,veto,False,-28.09113,-51.34509,5.34237,0.41983,0.90025,-0.11534,511.0,-5.21883244482151,-0.09231549916384064,-1.9768500001380382,TP_L0_00192,tes,atm511_expacs_like_4pi_sidecar_s1_nominal_replay
atm511,atm511_replay,runs/geometry_optimization_20260704/p2_atm511_sidecar_s1_nominal_geo_opt_s1_bpe_w5_20260708/Atm511SidecarS1Nominal3M_GeoOptS1BpeW5.inc1.id1.sim.gz,2361639,pass,511.00000000000006,0.0,0.0,single,True,21.36,57.91388,-3.55118,-0.3951,-0.91847,0.01775,511.0,-3.135961579572994,0.9675989294583561,-2.4509862217884537,TP_L2_00320,tes,atm511_expacs_like_4pi_sidecar_s1_nominal_replay
atm511,atm511_replay,runs/geometry_optimization_20260704/p2_atm511_sidecar_s1_nominal_geo_opt_s1_bpe_w5_20260708/Atm511SidecarS1Nominal3M_GeoOptS1BpeW5.inc1.id1.sim.gz,2374073,pass,511.00001299999997,0.0,0.0,single,True,3.56426,-58.72433,-11.41866,-0.12441,0.97743,0.17073,511.0,-3.861045359961889,-0.3755103878158207,-1.2264764569201976,TP_L1_00155,tes,atm511_expacs_like_4pi_sidecar_s1_nominal_replay
atm511,atm511_replay,runs/geometry_optimization_20260704/p2_atm511_sidecar_s1_nominal_geo_opt_s1_bpe_w5_20260708/Atm511SidecarS1Nominal3M_GeoOptS1BpeW5.inc1.id1.sim.gz,2443221,pass,511.00005460000006,0.0,0.0,keep,True,-18.13079,51.53022,-19.69237,0.18745,-0.9177,0.35027,511.0,-5.370513311856626,0.6570748133754275,-1.0209557926379627,TP_L0_00277,tes,atm511_expacs_like_4pi_sidecar_s1_nominal_replay
atm511,atm511_replay,runs/geometry_optimization_20260704/p2_atm511_sidecar_s1_nominal_geo_opt_s1_bpe_w5_20260708/Atm511SidecarS1Nominal3M_GeoOptS1BpeW5.inc1.id1.sim.gz,2551379,pass,510.99998820000013,0.0,0.0,keep,True,14.61515,-59.09971,-7.64735,-0.27649,0.96031,0.03677,511.0,-2.7603503111951526,1.1642486662838467,-5.348134433908895,TP_L4_00343,tes,atm511_expacs_like_4pi_sidecar_s1_nominal_replay
atm511,atm511_replay,runs/geometry_optimization_20260704/p2_atm511_sidecar_s1_nominal_geo_opt_s1_bpe_w5_20260708/Atm511SidecarS1Nominal3M_GeoOptS1BpeW5.inc1.id1.sim.gz,2565320,pass,510.9999990300001,0.0,0.0,keep,True,-18.75606,56.28925,4.44239,0.25285,-0.96159,-0.1068,511.0,-4.223815367274497,0.8777705316546696,-1.7052163079203202,TP_L1_00319,tes,atm511_expacs_like_4pi_sidecar_s1_nominal_replay
atm511,atm511_replay,runs/geometry_optimization_20260704/p2_atm511_sidecar_s1_nominal_geo_opt_s1_bpe_w5_20260708/Atm511SidecarS1Nominal3M_GeoOptS1BpeW5.inc1.id1.sim.gz,2581987,pass,511.00000891,0.0,0.0,keep,True,7.32211,-40.31963,-41.07242,-0.19898,0.70561,0.68009,511.0,-4.1769408188020165,0.47542296907844606,-1.7729860266757882,TP_L1_00258,tes,atm511_expacs_like_4pi_sidecar_s1_nominal_replay
atm511,atm511_replay,runs/geometry_optimization_20260704/p2_atm511_sidecar_s1_nominal_geo_opt_s1_bpe_w5_20260708/Atm511SidecarS1Nominal3M_GeoOptS1BpeW5.inc1.id1.sim.gz,2683590,pass,510.9999869999999,0.0,0.0,single,True,22.23387,-51.25024,-23.34167,-0.39036,0.86626,0.31178,511.0,-0.6603223489242835,-0.44454174168291827,-5.0564433514358145,TP_L5_00131,tes,atm511_expacs_like_4pi_sidecar_s1_nominal_replay
atm511,atm511_replay,runs/geometry_optimization_20260704/p2_atm511_sidecar_s1_nominal_geo_opt_s1_bpe_w5_20260708/Atm511SidecarS1Nominal3M_GeoOptS1BpeW5.inc1.id1.sim.gz,2715391,pass,511.00000000000006,0.0,0.0,single,True,24.41338,55.85039,18.70502,-0.45123,-0.82969,-0.32865,511.0,-5.524426928825009,0.8024997685285246,-3.100499013917925,TP_L1_00287,tes,atm511_expacs_like_4pi_sidecar_s1_nominal_replay
atm511,atm511_replay,runs/geometry_optimization_20260704/p2_atm511_sidecar_s1_nominal_geo_opt_s1_bpe_w5_20260708/Atm511SidecarS1Nominal3M_GeoOptS1BpeW5.inc1.id1.sim.gz,2725078,pass,510.999989,0.0,0.0,single,True,11.27188,-34.33529,-45.21918,-0.25532,0.60393,0.75504,511.0,-2.7488064734030595,-1.1742251783759237,-3.7524161788717527,TP_L3_00034,tes,atm511_expacs_like_4pi_sidecar_s1_nominal_replay
atm511,atm511_replay,runs/geometry_optimization_20260704/p2_atm511_sidecar_s1_nominal_geo_opt_s1_bpe_w5_20260708/Atm511SidecarS1Nominal3M_GeoOptS1BpeW5.inc1.id1.sim.gz,2750843,pass,510.99998600000004,0.0,0.0,single,True,-7.74323,-59.93319,7.12336,0.0993,0.97136,-0.21586,511.0,-1.6922457394761727,-0.7119216289686963,-6.033162277572654,TP_L5_00081,tes,atm511_expacs_like_4pi_sidecar_s1_nominal_replay
atm511,atm511_replay,runs/geometry_optimization_20260704/p2_atm511_sidecar_s1_nominal_geo_opt_s1_bpe_w5_20260708/Atm511SidecarS1Nominal3M_GeoOptS1BpeW5.inc1.id1.sim.gz,2773521,pass,510.99995,0.0,0.0,keep,True,-48.73112,-28.48433,13.7289,0.79653,0.5159,-0.31526,511.0,-3.224249143040523,1.2265215507739093,-3.98664542562421,TP_L3_00311,tes,atm511_expacs_like_4pi_sidecar_s1_nominal_replay
atm511,atm511_replay,runs/geometry_optimization_20260704/p2_atm511_sidecar_s1_nominal_geo_opt_s1_bpe_w5_20260708/Atm511SidecarS1Nominal3M_GeoOptS1BpeW5.inc1.id1.sim.gz,2773815,pass,510.99997,0.0,0.0,single,True,49.59154,-39.41055,13.92305,-0.75429,0.59057,-0.28682,511.0,-1.4158710146773588,0.5208184577981579,-5.4716432769097025,TP_L5_00254,tes,atm511_expacs_like_4pi_sidecar_s1_nominal_replay
atm511,atm511_replay,runs/geometry_optimization_20260704/p2_atm511_sidecar_s1_nominal_geo_opt_s1_bpe_w5_20260708/Atm511SidecarS1Nominal3M_GeoOptS1BpeW5.inc1.id1.sim.gz,2777097,pass,511.0,0.0,0.0,single,True,10.82835,-24.45764,-51.10508,-0.27364,0.45003,0.85005,511.0,-4.457191988987085,0.6807263131942466,-3.622373850179452,TP_L2_00270,tes,atm511_expacs_like_4pi_sidecar_s1_nominal_replay
atm511,atm511_replay,runs/geometry_optimization_20260704/p2_atm511_sidecar_s1_nominal_geo_opt_s1_bpe_w5_20260708/Atm511SidecarS1Nominal3M_GeoOptS1BpeW5.inc1.id1.sim.gz,2777134,pass,510.9999801000001,0.0,0.0,single,True,63.81495,-10.97957,8.63657,-0.96888,0.15754,-0.19093,511.0,-1.7828699318168253,-0.28380191355413503,-4.2698709256884655,TP_L4_00151,tes,atm511_expacs_like_4pi_sidecar_s1_nominal_replay
atm511,atm511_replay,runs/geometry_optimization_20260704/p2_atm511_sidecar_s1_nominal_geo_opt_s1_bpe_w5_20260708/Atm511SidecarS1Nominal3M_GeoOptS1BpeW5.inc1.id1.sim.gz,2788583,pass,511.00000000000006,0.0,0.0,single,True,16.77026,9.36901,-54.87271,-0.3993,-0.15097,0.9043,511.0,-5.910776890223874,0.7941565664614012,-3.5031447696137765,TP_L1_00284,tes,atm511_expacs_like_4pi_sidecar_s1_nominal_replay
atm511,atm511_replay,runs/geometry_optimization_20260704/p2_atm511_sidecar_s1_nominal_geo_opt_s1_bpe_w5_20260708/Atm511SidecarS1Nominal3M_GeoOptS1BpeW5.inc1.id1.sim.gz,2789775,compton_fov_veto,510.9999473,0.0,0.0,veto,False,19.57232,-38.60208,-40.40584,-0.40163,0.66464,0.63003,511.0,-3.3558024637990522,-0.5521901527688314,-4.095955090305508,TP_L3_00101,tes,atm511_expacs_like_4pi_sidecar_s1_nominal_replay
atm511,atm511_replay,runs/geometry_optimization_20260704/p2_atm511_sidecar_s1_nominal_geo_opt_s1_bpe_w5_20260708/Atm511SidecarS1Nominal3M_GeoOptS1BpeW5.inc1.id1.sim.gz,2794956,pass,510.99993900000004,0.0,0.0,single,True,-29.02777,-48.73217,-10.22337,0.42239,0.89187,0.16174,511.0,-5.774213947730697,0.45781334294919546,-1.3640821982499627,TP_L0_00253,tes,atm511_expacs_like_4pi_sidecar_s1_nominal_replay
atm511,atm511_replay,runs/geometry_optimization_20260704/p2_atm511_sidecar_s1_nominal_geo_opt_s1_bpe_w5_20260708/Atm511SidecarS1Nominal3M_GeoOptS1BpeW5.inc1.id1.sim.gz,2877853,pass,510.99998000000005,0.0,0.0,single,True,46.72649,-43.20153,-3.28458,-0.7348,0.67724,-0.03768,511.0,-1.2960392612924563,1.0578717791427505,-5.745227544577712,TP_L5_00331,tes,atm511_expacs_like_4pi_sidecar_s1_nominal_replay
atm511,atm511_replay,runs/geometry_optimization_20260704/p2_atm511_sidecar_s1_nominal_geo_opt_s1_bpe_w5_20260708/Atm511SidecarS1Nominal3M_GeoOptS1BpeW5.inc1.id1.sim.gz,2890235,pass,511.00004598000004,0.0,0.0,keep,True,20.87235,-58.56035,-6.62968,-0.37853,0.92499,-0.03319,511.0,-2.8835756303148066,-0.23243528520786674,-5.411965961664756,TP_L4_00162,tes,atm511_expacs_like_4pi_sidecar_s1_nominal_replay
atm511,atm511_replay,runs/geometry_optimization_20260704/p2_atm511_sidecar_s1_nominal_geo_opt_s1_bpe_w5_20260708/Atm511SidecarS1Nominal3M_GeoOptS1BpeW5.inc1.id1.sim.gz,2901569,pass,510.999982,0.0,0.0,keep,True,-49.39171,-19.85958,24.61618,0.80526,0.35564,-0.47442,511.0,-3.2981319275305183,0.48405193635421423,-2.4287250596189085,TP_L1_00193,tes,atm511_expacs_like_4pi_sidecar_s1_nominal_replay
atm511,atm511_replay,runs/geometry_optimization_20260704/p2_atm511_sidecar_s1_nominal_geo_opt_s1_bpe_w5_20260708/Atm511SidecarS1Nominal3M_GeoOptS1BpeW5.inc1.id1.sim.gz,2906242,pass,511.000017,0.0,0.0,keep,True,47.95884,-41.54419,-4.41389,-0.79113,0.61114,0.02484,511.0,-5.205981295345367,-0.44798280675139185,-2.6917001957940636,TP_L1_00122,tes,atm511_expacs_like_4pi_sidecar_s1_nominal_replay
