{
  "d_spacing_A": 3.266590088,
  "energy_keV": 511.0,
  "focal_length_mm": 10000.0,
  "model": "balloon511_f10m_ge111_511line",
  "mosaic_fwhm_arcsec": 30.0,
  "natural_passband_fwhm_keV": [
    500.993937,
    521.006063
  ],
  "radius_mm": 74.27792854692053,
  "rocking_curve_map_csv": "data/laue/ge111_balloon511_f10m_511keV_xop_map.csv",
  "theta_b_rad": 0.003713828128443618,
  "thickness_mm": 10.218801,
  "variants": {
    "a1": {
      "config_csv": "data/laue/ge111_balloon511_f10m_511keV_line_config.csv",
      "expected_aeff_cm2": 20.39904,
      "gap_mm": 0.6680795717498498,
      "ge_mass_g": 440.62999847154003,
      "geometric_area_cm2": 81.0,
      "n_tiles": 25,
      "pitch_mm": 18.66807957174985,
      "tile_size_mm": 18.0
    },
    "a2": {
      "config_csv": "data/laue/ge111_balloon511_f10m_511keV_line_config_a2.csv",
      "expected_aeff_cm2": 16.999200000000002,
      "gap_mm": 0.5567329764582087,
      "ge_mass_g": 367.19166539295003,
      "geometric_area_cm2": 67.5,
      "n_tiles": 30,
      "pitch_mm": 15.556732976458209,
      "tile_size_mm": 15.0
    }
  },
  "z_offset_mm": 0.0
}
