roughness_nm,theta_rad,R_xraydb_multilayer,R_manual_parratt,abs_delta_R,A_stack_attenuation,T_stack_attenuation
0.0,1e-08,0.9999997959313599,0.9999997959313599,0.0,2.0406864009725467e-07,0.0
0.0,1.0617510376121387e-08,0.9999997833299081,0.9999997833299081,0.0,2.1667009186820962e-07,0.0
0.0,1.1273152658704557e-08,0.999999769950307,0.999999769950307,0.0,2.3004969296192002e-07,0.0
0.0,1.1969281532539604e-08,0.9999997557445015,0.9999997557445015,0.0,2.4425549849382833e-07,0.0
0.0,1.2708397086645736e-08,0.9999997406614733,0.9999997406614733,0.0,2.5933852665360746e-07,0.0
0.0,1.349315379313322e-08,0.9999997246470522,0.9999997246470522,0.0,2.7535294777614183e-07,0.0
0.0,1.4326370040519364e-08,0.9999997076437249,0.9999997076437249,0.0,2.92356275077843e-07,0.0
0.0,1.5211038255736894e-08,0.9999996895904245,0.9999996895904245,0.0,3.104095754880021e-07,0.0
0.0,1.6150335651186618e-08,0.9999996704223147,0.9999996704223147,0.0,3.2957768525410103e-07,0.0
0.0,1.7147635635431708e-08,0.999999650070555,0.999999650070555,0.0,3.4992944497602707e-07,0.0
0.0,1.8206519928514504e-08,0.9999996284620528,0.9999996284620528,0.0,3.7153794718580713e-07,0.0
0.0,1.93307914254064e-08,0.9999996055191991,0.9999996055191991,0.0,3.944808009137546e-07,0.0
0.0,2.052448785378908e-08,0.9999995811596063,0.9999995811596063,0.0,4.1884039370110315e-07,0.0
0.0,2.1791896275218293e-08,0.9999995552957839,0.9999995552957839,0.0,4.447042161181969e-07,0.0
0.0,2.3137568481749175e-08,0.9999995278348448,0.9999995278348448,0.0,4.7216515519643565e-07,0.0
0.0,2.4566337343319104e-08,0.9999994986781584,0.9999994986781584,0.0,5.013218415950149e-07,0.0
0.0,2.6083334164598893e-08,0.9999994677210244,0.9999994677210244,0.0,5.322789755624058e-07,0.0
0.0,2.769400711364708e-08,0.999999434852257,0.999999434852257,0.0,5.651477430479446e-07,0.0
0.0,2.9404140788552742e-08,0.9999993999538018,0.9999993999538018,0.0,6.000461981736649e-07,0.0
0.0,3.121987699233929e-08,0.9999993629003411,0.9999993629003411,0.0,6.370996589177835e-07,0.0
0.0,3.314773679073964e-08,0.9999993235587837,0.9999993235587837,0.0,6.764412162629796e-07,0.0
0.0,3.519464393206189e-08,0.9999992817878458,0.9999992817878458,0.0,7.182121541937647e-07,0.0
0.0,3.7367949713256476e-08,0.9999992374375226,0.9999992374375226,0.0,7.625624773854867e-07,0.0
0.0,3.967545938148837e-08,0.9999991903485119,0.9999991903485119,0.0,8.096514880762129e-07,0.0
0.0,4.212546016603354e-08,0.999999140351709,0.999999140351709,0.0,8.596482909961622e-07,0.0
0.0,4.472675104117493e-08,0.9999990872675556,0.9999990872675556,0.0,9.127324444024865e-07,0.0
0.0,4.748867432698739e-08,0.9999990309054045,0.9999990309054045,0.0,9.690945954599073e-07,0.0
0.0,5.04211492415038e-08,0.9999989710628363,0.9999989710628363,0.0,1.0289371636940103e-06,0.0
0.0,5.353470752476317e-08,0.9999989075249176,0.9999989075249176,0.0,1.092475082398181e-06,0.0
0.0,5.6840531262679785e-08,0.9999988400634731,0.9999988400634731,0.0,1.1599365269399087e-06,0.0
0.0,6.035049304657548e-08,0.9999987684362368,0.9999987684362368,0.0,1.231563763193222e-06,0.0
0.0,6.407719861260568e-08,0.9999986923859353,0.9999986923859353,0.0,1.3076140646939294e-06,0.0
0.0,6.803403211421332e-08,0.9999986116394389,0.9999986116394389,0.0,1.388360561072055e-06,0.0
0.0,7.223520419020356e-08,0.9999985259067926,0.9999985259067926,0.0,1.4740932073875612e-06,0.0
0.0,7.669580300107335e-08,0.9999984348800571,0.9999984348800571,0.0,1.565119942870119e-06,0.0
0.0,8.1431848416886e-08,0.9999983382323175,0.9999983382323175,0.0,1.661767682459292e-06,0.0
0.0,8.646034955130311e-08,0.9999982356164943,0.9999982356164943,0.0,1.764383505742373e-06,0.0
0.0,9.17993658484043e-08,0.9999981266640545,0.9999981266640545,0.0,1.8733359454792264e-06,0.0
0.0,9.74680719416798e-08,0.9999980109836831,0.9999980109836831,0.0,1.9890163168723163e-06,0.0
0.0,1.0348682651813312e-07,0.9999978881599522,0.9999978881599522,0.0,2.1118400478359334e-06,0.0
0.0,1.0987724543481525e-07,0.999997757751726,0.999997757751726,0.0,2.2422482740536154e-06,0.0
0.0,1.1666227935037872e-07,0.9999976192906558,0.9999976192906558,0.0,2.3807093442185234e-06,0.0
0.0,1.2386629615046206e-07,0.999997472279473,0.999997472279473,0.0,2.5277205270013425e-06,0.0
0.0,1.3151516846292555e-07,0.9999973161902024,0.9999973161902024,0.0,2.6838097976211728e-06,0.0
0.0,1.3963636657724647e-07,0.9999971504622673,0.9999971504622673,0.0,2.8495377326631655e-06,0.0
0.0,1.482590571017807e-07,0.9999969745004756,0.9999969745004756,0.0,3.0254995243561567e-06,0.0
0.0,1.57414207713213e-07,0.9999967876728394,0.9999967876728394,0.0,3.2123271606065984e-06,0.0
0.0,1.6713469837439665e-07,0.999996589308432,0.999996589308432,0.0,3.4106915679510408e-06,0.0
0.0,1.7745543942000785e-07,0.9999963786948071,0.9999963786948071,0.0,3.6213051929356865e-06,0.0
0.0,1.8841349693411138e-07,0.9999961550755714,0.9999961550755714,0.0,3.844924428619834e-06,0.0
0.0,2.000482258699243e-07,0.9999959176476255,0.9999959176476255,0.0,4.082352374479292e-06,0.0
0.0,2.1240141138986008e-07,0.9999956655582215,0.9999956655582215,0.0,4.3344417784974e-06,0.0
0.0,2.2551741893346668e-07,0.999995397902011,0.999995397902011,0.0,4.6020979890259994e-06,0.0
0.0,2.3944335355221965e-07,0.9999951137177427,0.9999951137177427,0.0,4.886282257254848e-06,0.0
0.0,2.5422922908339995e-07,0.9999948119847426,0.9999948119847426,0.0,5.188015257395762e-06,0.0
0.0,2.69928147770634e-07,0.9999944916193764,0.9999944916193764,0.0,5.508380623631126e-06,0.0
0.0,2.865964909761934e-07,0.9999941514710255,0.9999941514710255,0.0,5.848528974450318e-06,0.0
0.0,3.0429412166997193e-07,0.9999937903180933,0.9999937903180933,0.0,6.209681906677034e-06,0.0
0.0,3.230845994223671e-07,0.999993406863475,0.999993406863475,0.0,6.593136524957188e-06,0.0
0.0,3.430354086732005e-07,0.9999929997299614,0.9999929997299614,0.0,7.000270038637346e-06,0.0
0.0,3.6421820109647547e-07,0.9999925674553991,0.9999925674553991,0.0,7.43254460089382e-06,0.0
0.0,3.867090529314095e-07,0.9999921084871493,0.9999921084871493,0.0,7.891512850743965e-06,0.0
0.0,4.1058873820393155e-07,0.9999916211767916,0.9999916211767916,0.0,8.378823208365915e-06,0.0
0.0,4.35943018819884e-07,0.9999911037741188,0.9999911037741188,0.0,8.896225881183106e-06,0.0
0.0,4.6286295257178003e-07,0.9999905544208556,0.9999905544208556,0.0,9.445579144395921e-06,4.331234358189223e-309
0.0,4.914452201653056e-07,0.9999899711438494,0.9999899711438494,0.0,1.0028856150645638e-05,2.0169419250378247e-291
0.0,5.217924724400403e-07,0.9999893518482459,0.9999893518482459,0.0,1.0648151754111268e-05,8.84544464309506e-275
0.0,5.540136990314162e-07,0.9999886943095437,0.9999886943095437,0.0,1.1305690456264728e-05,4.191461827476079e-259
0.0,5.882246197979453e-07,0.9999879961660201,0.9999879961660201,0.0,1.2003833979923328e-05,2.442503844206857e-244
0.0,6.245481004194755e-07,0.9999872549099499,0.9999872549099499,0.0,1.2745090050114705e-05,1.97726280560284e-230
0.0,6.631145936590684e-07,0.9999864678791135,0.9999864678791135,0.0,1.3532120886505794e-05,2.4940762263394788e-217
0.0,7.040626078732677e-07,0.9999856322461819,0.9999856322461819,0.0,1.4367753818134155e-05,5.461706870091495e-205
0.0,7.475392044533519e-07,0.9999847450093874,0.9999847450093874,0.0,1.525499061261204e-05,2.2990400142162967e-193
0.0,7.937005259840992e-07,0.9999838029820352,0.9999838029820352,0.0,1.6197017964847404e-05,2.0474726001444663e-182
0.0,8.427123570169176e-07,0.9999828027798036,0.9999828027798036,0.0,1.7197220196440988e-05,4.2225469372021176e-172
0.0,8.947507194712853e-07,0.9999817408095844,0.9999817408095844,0.0,1.8259190415648163e-05,2.1956615368083822e-162
0.0,9.500025048028449e-07,0.9999806132558826,0.9999806132558826,0.0,1.9386744117388943e-05,3.118828933996012e-153
0.0,1.0086661452085515e-06,0.9999794160683902,0.9999794160683902,0.0,2.058393160975225e-05,1.3050576047193e-144
0.0,1.070952326279418e-06,0.9999781449453412,0.9999781449453412,0.0,2.185505465879256e-05,1.727230245475811e-136
0.0,1.137084743660306e-06,0.9999767953192646,0.9999767953192646,0.0,2.3204680735355865e-05,7.730867943284695e-129
0.0,1.2073009064342625e-06,0.9999753623409574,0.9999753623409574,0.0,2.4637659042592297e-05,1.2463722845122085e-121
0.0,1.2818529901166567e-06,0.9999738408604493,0.9999738408604493,0.0,2.6159139550729904e-05,7.6806899285095825e-115
0.0,1.3610087423225829e-06,0.9999722254100635,0.9999722254100635,0.0,2.7774589936524485e-05,1.9132732060175116e-108
0.0,1.4450524443601944e-06,0.9999705101833712,0.9999705101833712,0.0,2.948981662875827e-05,2.0307509882516185e-102
0.0,1.5342859322033973e-06,0.9999686890145211,0.9999686890145211,0.0,3.13109854789273e-05,9.65133296548617e-97
0.0,1.6290296805106646e-06,0.999966755357329,0.999966755357329,0.0,3.3244642670959834e-05,2.1521059337902222e-91
0.0,1.7296239535831692e-06,0.9999647022582119,0.9999647022582119,0.0,3.529774178812062e-05,2.352882218405318e-86
0.0,1.8364300273957434e-06,0.9999625223350133,0.9999625223350133,0.0,3.747766498674032e-05,1.3146183603206944e-81
0.0,1.949831487089519e-06,0.9999602077466574,0.9999602077466574,0.0,3.979225334260761e-05,3.90317408121929e-77
0.0,2.0702356045861164e-06,0.9999577501671858,0.9999577501671858,0.0,4.2249832814200694e-05,6.388876391658489e-73
0.0,2.198074801270907e-06,0.999955140754158,0.999955140754158,0.0,4.48592458419661e-05,5.968431688904674e-69
0.0,2.3338082009984817e-06,0.9999523701152621,0.9999523701152621,0.0,4.762988473794305e-05,3.287692876518292e-65
0.0,2.477923278997857e-06,0.9999494282773234,0.9999494282773234,0.0,5.057172267664001e-05,1.101183554748105e-61
0.0,2.630937612599253e-06,0.9999463046464188,0.9999463046464188,0.0,5.369535358124011e-05,2.3085107252936226e-58
0.0,2.79340074007006e-06,0.9999429879689906,0.9999429879689906,0.0,5.701203100938468e-05,3.1127425036094486e-55
0.0,2.965896134235903e-06,0.9999394662930488,0.9999394662930488,0.0,6.0533706951249044e-05,2.769750771118098e-52
0.0,3.149043297974808e-06,0.9999357269207948,0.9999357269207948,0.0,6.427307920520153e-05,1.666184855597023e-49
0.0,3.3434999891103037e-06,0.9999317563636604,0.9999317563636604,0.0,6.82436363396155e-05,6.932324384468015e-47
0.0,3.54996458269404e-06,0.9999275402912611,0.9999275402912611,0.0,7.24597087389256e-05,2.0380785192972278e-44
0.0,3.769178579161748e-06,0.9999230634746898,0.9999230634746898,0.0,7.693652531015616e-05,4.320368818532226e-42
0.0,4.001929267370433e-06,0.9999183097341142,0.9999183097341142,0.0,8.169026588578099e-05,6.730386638414923e-40
0.0,4.249052552080944e-06,0.9999132618739855,0.9999132618739855,0.0,8.673812601445174e-05,7.844394909860711e-38
0.0,4.511435956040458e-06,0.9999079016178231,0.9999079016178231,0.0,9.209838217694166e-05,6.956769271866186e-36
0.0,4.7900218074466675e-06,0.9999022095375216,0.9999022095375216,0.0,9.779046247837542e-05,4.769652773783991e-34
0.0,5.0858106242412715e-06,0.9998961649778438,0.9998961649778438,0.0,0.00010383502215616236,2.5662434845044625e-32
0.0,5.399864707387021e-06,0.9998897459773066,0.9998897459773066,0.0,0.00011025402269337903,1.098914154819461e-30
0.0,5.733311956033338e-06,0.9998829291746724,0.9998829291746724,0.0,0.00011707082532763646,3.795345780078569e-29
0.0,6.087349918272477e-06,0.9998756897221647,0.9998756897221647,0.0,0.00012431027783532667,1.0705134637972876e-27
0.0,6.463250092033984e-06,0.9998680011823577,0.9998680011823577,0.0,0.00013199881764225374,2.4951797645206266e-26
0.0,6.862362491563834e-06,0.9998598354150241,0.9998598354150241,0.0,0.00014016458497589923,4.859580320102506e-25
0.0,7.286120495888524e-06,0.9998511624626707,0.9998511624626707,0.0,0.00014883753732930494,7.991367132429912e-24
0.0,7.736045996676727e-06,0.9998419504181274,0.9998419504181274,0.0,0.0001580495818725991,1.1205807683920034e-22
0.0,8.213754863986747e-06,0.9998321652877158,0.9998321652877158,0.0,0.00016783471228420943,1.3523556645561562e-21
0.0,8.720962749529681e-06,0.9998217708423842,0.9998217708423842,0.0,0.00017822915761578348,1.4169557348132715e-20
0.0,9.259491248289969e-06,0.9998107284425313,0.9998107284425313,0.0,0.00018927155746872857,1.2996033458241278e-19
0.0,9.831274440632393e-06,0.9997989968595543,0.9997989968595543,0.0,0.00020100314044568695,1.051522580169574e-18
0.0,1.0438365838391144e-05,0.9997865320840017,0.9997865320840017,0.0,0.0002134679159982924,7.560460709049899e-18
0.0,1.1082945759886921e-05,0.9997732870889576,0.9997732870889576,0.0,0.00022671291104232183,4.8638975603180606e-17
0.0,1.1767329160358994e-05,0.9997592115973842,0.9997592115973842,0.0,0.00024078840261548403,2.81798327706854e-16
0.0,1.249397394593474e-05,0.9997442518079351,0.9997442518079351,0.0,0.0002557481920633848,1.4793072945017315e-15
0.0,1.3265489800995265e-05,0.9997283500832481,0.9997283500832481,0.0,0.0002716499167448047,7.076832603336438e-15
0.0,1.4084647560639968e-05,0.9997114446255848,0.9997114446255848,0.0,0.00028855537438417006,3.101914797668714e-14
0.0,1.4954389161910767e-05,0.9996934690830639,0.9996934690830639,0.0,0.000306530916810898,1.2521170679180671e-13
0.0,1.587783820951451e-05,0.9996743521251517,0.9996743521251517,0.0,0.0003256478743806424,4.677024588901746e-13
0.0,1.6858311193989696e-05,0.9996540169421262,0.9996540169421262,0.0,0.0003459830562498751,1.6239359137155713e-12
0.0,1.7899329402606895e-05,0.999632380706558,0.999632380706558,0.0,0.00036761928817824463,5.26373398635875e-12
0.0,1.9004631565779373e-05,0.9996093539096235,0.9996093539096235,0.0,0.0003906460743850322,1.5991501889313514e-11
0.0,2.0178187284402656e-05,0.9995848396403658,0.9995848396403658,0.0,0.00041516031392549105,4.570869023790333e-11
0.0,2.1424211286346587e-05,0.9995587327207655,0.9995587327207655,0.0,0.00044126715587524925,1.233592981128268e-10
0.0,2.274717856330023e-05,0.9995309187204594,0.9995309187204594,0.0,0.00046908096413523104,3.154053641757076e-10
0.0,2.415184044233262e-05,0.9995012727740816,0.9995012727740816,0.0,0.0004987264594975865,7.664207852460741e-10
0.0,2.564324164988948e-05,0.999469658229128,0.999469658229128,0.0,0.000530339995599874,1.7752720930213564e-09
0.0,2.7226738429509024e-05,0.9994359249938931,0.9994359249938931,0.0,0.0005640710752540015,3.930852888522905e-09
0.0,2.89080177783255e-05,0.9993999076186733,0.9993999076186733,0.0,0.0006000840389751272,8.342351617210918e-09
0.0,3.0693117871447255e-05,0.9993614229616717,0.9993614229616717,0.0,0.0006385600261133463,1.701221491222551e-08
0.0,3.258844974756087e-05,0.9993202673676203,0.9993202673676203,0.0,0.0006796992179464046,3.3414433343565794e-08
0.0,3.4600820333643795e-05,0.9992762132665186,0.9992762132665186,0.0,0.0007237233783577732,6.335512361762025e-08
0.0,3.6737456891477496e-05,0.9992290049526512,0.9992290049526512,0.0,0.0007708788424329358,1.1620491585232952e-07
0.0,3.9006032973757526e-05,0.9991783534719483,0.9991783534719483,0.0,0.0008214399263233679,2.0660172835474868e-07
0.0,4.1414695983020355e-05,0.999123930084577,0.999123930084577,0.0,0.0008757131882290233,3.567271939712702e-07
0.0,4.397209643236314e-05,0.9990653582960172,0.9990653582960172,0.0,0.0009340424436921926,5.992602906376706e-07
0.0,4.668741901304269e-05,0.9990022034950758,0.9990022034950758,0.0,0.0009968153948911194,9.811100330338268e-07
0.0,4.957041558053077e-05,0.9989339598139813,0.9989339598139813,0.0,0.0010644721567925576,1.5680292261887164e-06
0.0,5.263144017749348e-05,0.9988600331193389,0.9988600331193389,0.0,0.0011375166597052244,2.450220955867431e-06
0.0,5.5881486219475024e-05,0.9987797184498578,0.9987797184498578,0.0,0.0012165324700024074,3.7490801397919075e-06
0.0,5.9332225976836046e-05,0.9986921702796706,0.9986921702796706,0.0,0.0013022044424285558,5.625277900834019e-06
0.0,6.299605249474357e-05,0.9985963618808995,0.9985963618808995,0.0,0.0013953495935594752,8.288525541016964e-06
0.0,6.688612410176288e-05,0.9984910296289895,0.9984910296289895,0.0,0.0014969607939263412,1.2009577084157163e-05
0.0,7.101641166690103e-05,0.9983745944583455,0.9983745944583455,0.0,0.0016082701245744946,1.7135417079973153e-05
0.0,7.540174877482297e-05,0.9982450488515858,0.9982450488515858,0.0,0.0017308419125774647,2.410923583670976e-05
0.0,8.005788499943827e-05,0.9980997899439642,0.9980997899439642,0.0,0.0018667121250006433,3.3497931035157046e-05
0.0,8.500154246718686e-05,0.9979353649829507,0.9979353649829507,0.0,0.002018603101131143,4.603191591820026e-05
0.0,9.025047591316794e-05,0.9977470693669857,0.9977470693669857,0.0,0.0021902648129992802,6.266582001506922e-05
0.0,9.582353644579559e-05,0.9975282835581489,0.9975282835581489,0.0,0.0023870402205720975,8.46762212789711e-05
0.0,0.00010174073924898807,0.9972693210271676,0.9972693210271676,0.0,0.0026168504481753805,0.00011382852465703145
0.0,0.00010802333546503914,0.9969552921081644,0.9969552921081644,0.0,0.0028920260091848987,0.00015268188265074218
0.0,0.00011469388851632969,0.9965618036428273,0.9965618036428273,0.0,0.0032330017282762133,0.00020519462889647167
0.0,0.00012177635513998402,0.9960452942977448,0.9960452942977448,0.0,0.003676640632641816,0.0002780650696133853
0.0,0.00012929617142650235,0.9953176816329602,0.9953176816329602,0.0,0.004298125434392801,0.0003841929326470046
0.0,0.00013728034417136612,0.9941604709288544,0.9941604709288544,0.0,0.005285385292951629,0.0005541437781939705
0.0,0.00014575754786769952,0.9918483696012055,0.9918483696012055,0.0,0.00726453121349498,0.000887099185299538
0.0,0.00015475822768833096,0.9815479384312522,0.9815479384312522,0.0,0.01616753535140332,0.00228452621734447
0.0,0.00016431470882710136,0.9328456756724391,0.9328456756724391,0.0,0.05776594825689148,0.00938837607066938
0.0,0.00017446131259211132,0.10138379377466102,0.10138379377466102,0.0,0.7577563707417775,0.1408598354835615
0.0,0.0001852344796678499,0.9418855323488613,0.9418855323488613,0.0,0.047968270327355185,0.010146197323783518
0.0,0.00019667290098888466,0.0136033080053282,0.0136033080053282,0.0,0.7957828074064216,0.1906138845882502
0.0,0.00020881765669513772,0.25695936513792633,0.25695936513792633,0.0,0.5850484982643691,0.1579921365977046
0.0,0.00022171236366779788,0.011726435091092434,0.011726435091092434,0.0,0.7583384595596298,0.22993510534927789
0.0,0.00023540333217572475,0.025951736643157076,0.025951736643157076,0.0,0.7273651433830517,0.24668311997379125
0.0,0.00024993973219493074,0.0027847965543989755,0.0027847965543989755,0.0,0.7236652586059866,0.27354994483961437
0.0,0.0002653737699984678,0.023603072251012124,0.023603072251012124,0.0,0.6876313364834521,0.28876559126553586
0.0,0.00028176087565091884,0.024689814995814355,0.024689814995814355,0.0,0.6656873770623812,0.3096228079418044
0.0,0.00029915990208086786,0.0033885118372400332,0.0033885118372400332,0.0,0.6583928134297683,0.33821867473299166
0.0,0.00031763333644630734,0.002910024110230543,0.002910024110230543,0.0,0.6367586664162447,0.36033130947352476
0.0,0.0003372475245520731,0.0036293675069372085,0.0036293675069372085,0.0,0.6143410435512153,0.3820295889418475
0.0,0.00035807290912528885,5.098401980768024e-05,5.098401980768024e-05,0.0,0.5945644777504093,0.405384538229783
0.0,0.0003801842828045725,0.673337282625551,0.673337282625551,0.0,0.18709213180123163,0.13957058557321733
0.0,0.00040366105675158253,0.0012992967613553298,0.0012992967613553298,0.0,0.5503597999905154,0.4483409032481292
0.0,0.00042858754584960523,0.00018704168474728802,0.00018704168474728802,0.0,0.5295711348148486,0.47024182350040417
0.0,0.00045505327151345844,0.00046181552169718244,0.00046181552169718244,0.0,0.5083421783124926,0.4911960061658102
0.0,0.0004831532831982138,0.00019472851694267722,0.00019472851694267722,0.0,0.48775135416268456,0.5120539173203728
0.0,0.0005129884997614151,0.00017686709190935696,0.00017686709190935696,0.0,0.4674395923185979,0.5323835405894928
0.0,0.0005446660719047769,0.00015462159302257025,0.00015462159302257025,0.0,0.4475740642179409,0.5522713141890365
0.0,0.0005782997669970258,0.001981340185026357,0.001981340185026357,0.0,0.42739377135305257,0.570624888461921
0.0,0.0006140103776599503,7.481170353373824e-05,7.481170353373824e-05,0.0,0.40931625627840584,0.5906089320180604
0.0,0.0006519261555850734,0.002531104259275318,0.002531104259275318,0.0,0.38999016437626255,0.6074787313644622
0.0,0.0006921832721389458,0.0009094340453320634,0.0009094340453320634,0.0,0.3728195549303507,0.6262710110243173
0.0,0.0007349263074112912,0.00024380655485639258,0.00024380655485639258,0.0,0.3558111594542923,0.6439450339908513
0.0,0.0007803087694623961,7.072033058958273e-05,7.072033058958273e-05,0.0,0.33918243032038486,0.6607468493490255
0.0,0.0008284936456345519,6.552396840937929e-05,6.552396840937929e-05,0.0,0.3230691614596126,0.676865314571978
0.0,0.0008796539879075492,0.0016127897970764807,0.0016127897970764807,0.0,0.3070562716029991,0.6913309385999244
0.0,0.0009339735344004961,0.04404862619889416,0.04404862619889416,0.0,0.2797036508704792,0.6762477229306266
0.0,0.0009916473692520055,6.228271161240793e-06,6.228271161240793e-06,0.0,0.27820446865993886,0.7217893030688999
0.0,0.0010528826232486645,8.040141311268941e-05,8.040141311268941e-05,0.0,0.26436847698199784,0.7355511216048894
0.0,0.0011178992177180603,4.2374831784593024e-05,4.2374831784593024e-05,0.0,0.2511244278925714,0.748833197275644
0.0,0.0011869306543579512,2.9068431961377376e-06,2.9068431961377376e-06,0.0,0.23843227558728963,0.7615648175695142
0.0,0.0012602248538382094,2.815687461297826e-07,2.815687461297826e-07,0.0,0.22627259899554264,0.7737271194357113
0.0,0.001338045046187325,2.689662855765571e-07,2.689662855765571e-07,0.0,0.214642034297164,0.7853576967365504
0.0,0.0014206707161611772,1.9951728542088186e-06,1.9951728542088186e-06,0.0,0.2035277187272706,0.7964702860998751
0.0,0.0015083986069893104,2.5608508115824833e-06,2.5608508115824833e-06,0.0,0.19291626337692358,0.8070811757722648
0.0,0.001601543786103605,4.405358060430181e-06,4.405358060430181e-06,0.0,0.18279249106343087,0.8172031035785087
0.0,0.0017004407766767794,0.0011425210110058725,0.0011425210110058725,0.0,0.17294470332007705,0.8259127756689171
0.0,0.0018054447590345618,1.140959004400061e-05,1.140959004400061e-05,0.0,0.16394696682109777,0.8360416235888583
0.0,0.001916932846256344,1.7880902620863972e-05,1.7880902620863972e-05,0.0,0.15519362136902437,0.8447884977283547
0.0,0.002035305438545468,1.93219335035394e-06,1.93219335035394e-06,0.0,0.14686893899623088,0.8531291288104188
0.0,0.0021609876612332796,3.583418200565943e-06,3.583418200565943e-06,0.0,0.13895081285929656,0.8610456037225028
0.0,0.0022944308915814637,4.6403360760910326e-07,4.6403360760910326e-07,0.0,0.13142665374096318,0.8685728822254292
0.0,0.002436114379865969,1.3963524550916533e-07,1.3963524550916533e-07,0.0,0.1242796087421334,0.8757202516226211
0.0,0.002586546970564545,1.342371336591317e-07,1.342371336591317e-07,0.0,0.11749442402649879,0.8825054417363676
0.0,0.0027462689298294396,1.0373895001676728e-06,1.0373895001676728e-06,0.0,0.11105569526447345,0.8889432673460264
0.0,0.0029158538858083914,1.2748881084843251e-08,1.2748881084843251e-08,0.0,0.10494869840269838,0.8950512888484206
0.0,0.0030959108887824464,3.82495804406726e-06,3.82495804406726e-06,0.0,0.09915803605551599,0.9008381389864399
0.0,0.0032870865985194816,3.121328109068049e-07,3.121328109068049e-07,0.0,0.09367061366304341,0.9063290742041457
0.0,0.0034900676066990225,3.889148838051366e-07,3.889148838051366e-07,0.0,0.08847143690999504,0.9115281741751211
0.0,0.003705582902749201,5.533263187903951e-09,5.533263187903951e-09,0.0,0.08354741171112223,0.9164525827556146
0.0,0.0039344064919517654,1.114149442392983e-07,1.114149442392983e-07,0.0,0.07888540536080868,0.921114483224247
0.0,0.004177360175217731,2.1152420231015618e-07,2.1152420231015618e-07,0.0,0.07447285713770657,0.9255269313380912
0.0,0.004435316500517051,2.399249779369711e-06,2.399249779369711e-06,0.0,0.07029746826458427,0.9297001324856363
0.0,0.00470920189656222,7.560015321880735e-08,7.560015321880735e-08,0.0,0.06634800515771089,0.9336519192421359
0.0,0.005,1.5551258315788304e-07,1.5551258315788304e-07,0.0,0.06261274173717435,0.9373871027502425
0.2,1e-08,0.9999997945933455,0.9999997945933455,0.0,2.0540665446322492e-07,0.0
0.2,1.0617510376121387e-08,0.9999997819092699,0.9999997819092699,0.0,2.180907301418955e-07,0.0
0.2,1.1273152658704557e-08,0.9999997684419432,0.9999997684419432,0.0,2.3155805684016428e-07,0.0
0.2,1.1969281532539604e-08,0.9999997541429945,0.9999997541429945,0.0,2.4585700553192424e-07,0.0
0.2,1.2708397086645736e-08,0.9999997389610717,0.9999997389610717,0.0,2.610389282509118e-07,0.0
0.2,1.349315379313322e-08,0.9999997228416491,0.9999997228416491,0.0,2.7715835093644614e-07,0.0
0.2,1.4326370040519364e-08,0.999999705726836,0.999999705726836,0.0,2.942731639477003e-07,0.0
0.2,1.5211038255736894e-08,0.999999687555166,0.999999687555166,0.0,3.1244483400527656e-07,0.0
0.2,1.6150335651186618e-08,0.9999996682613769,0.9999996682613769,0.0,3.3173862312718683e-07,0.0
0.2,1.7147635635431708e-08,0.9999996477761772,0.9999996477761772,0.0,3.522238227748886e-07,0.0
0.2,1.8206519928514504e-08,0.9999996260259949,0.9999996260259949,0.0,3.739740050967555e-07,0.0
0.2,1.93307914254064e-08,0.9999996029327122,0.9999996029327122,0.0,3.9706728782729073e-07,0.0
0.2,2.052448785378908e-08,0.9999995784134008,0.9999995784134008,0.0,4.21586599186341e-07,0.0
0.2,2.1791896275218293e-08,0.9999995523799976,0.9999995523799976,0.0,4.476200023972865e-07,0.0
0.2,2.3137568481749175e-08,0.9999995247390057,0.9999995247390057,0.0,4.752609943370345e-07,0.0
0.2,2.4566337343319104e-08,0.9999994953911481,0.9999994953911481,0.0,5.046088519256031e-07,0.0
0.2,2.6083334164598893e-08,0.9999994642310379,0.9999994642310379,0.0,5.357689620844042e-07,0.0
0.2,2.769400711364708e-08,0.9999994311467602,0.9999994311467602,0.0,5.688532398462343e-07,0.0
0.2,2.9404140788552742e-08,0.9999993960194871,0.9999993960194871,0.0,6.039805129365305e-07,0.0
0.2,3.121987699233929e-08,0.9999993587230785,0.9999993587230785,0.0,6.412769214536596e-07,0.0
0.2,3.314773679073964e-08,0.999999319123571,0.999999319123571,0.0,6.808764290155978e-07,0.0
0.2,3.519464393206189e-08,0.9999992770787544,0.9999992770787544,0.0,7.229212456438816e-07,0.0
0.2,3.7367949713256476e-08,0.9999992324376399,0.9999992324376399,0.0,7.675623601155479e-07,0.0
0.2,3.967545938148837e-08,0.9999991850398817,0.9999991850398817,0.0,8.149601182783073e-07,0.0
0.2,4.212546016603354e-08,0.9999991347152655,0.9999991347152655,0.0,8.652847345302916e-07,0.0
0.2,4.472675104117493e-08,0.9999990812830561,0.9999990812830561,0.0,9.187169438540366e-07,0.0
0.2,4.748867432698739e-08,0.9999990245513563,0.9999990245513563,0.0,9.754486437474341e-07,0.0
0.2,5.04211492415038e-08,0.9999989643164193,0.9999989643164193,0.0,1.035683580674629e-06,0.0
0.2,5.353470752476317e-08,0.9999989003619026,0.9999989003619026,0.0,1.0996380973571362e-06,0.0
0.2,5.6840531262679785e-08,0.9999988324581351,0.9999988324581351,0.0,1.167541864854904e-06,0.0
0.2,6.035049304657548e-08,0.9999987603612619,0.9999987603612619,0.0,1.2396387381041762e-06,0.0
0.2,6.407719861260568e-08,0.9999986838123229,0.9999986838123229,0.0,1.3161876770695358e-06,0.0
0.2,6.803403211421332e-08,0.9999986025363977,0.9999986025363977,0.0,1.3974636022817677e-06,0.0
0.2,7.223520419020356e-08,0.9999985162416297,0.9999985162416297,0.0,1.4837583702798085e-06,0.0
0.2,7.669580300107335e-08,0.9999984246180613,0.9999984246180613,0.0,1.5753819386787882e-06,0.0
0.2,8.1431848416886e-08,0.9999983273366337,0.9999983273366337,0.0,1.6726633662589308e-06,0.0
0.2,8.646034955130311e-08,0.9999982240479918,0.9999982240479918,0.0,1.7759520082316627e-06,0.0
0.2,9.17993658484043e-08,0.9999981143811859,0.9999981143811859,0.0,1.8856188140903285e-06,0.0
0.2,9.74680719416798e-08,0.9999979979423359,0.9999979979423359,0.0,2.002057664096668e-06,0.0
0.2,1.0348682651813312e-07,0.9999978743132896,0.9999978743132896,0.0,2.12568671043023e-06,0.0
0.2,1.0987724543481525e-07,0.9999977430500191,0.9999977430500191,0.0,2.2569499809055316e-06,0.0
0.2,1.1666227935037872e-07,0.9999976036811051,0.9999976036811051,0.0,2.396318894870575e-06,0.0
0.2,1.2386629615046206e-07,0.9999974557060182,0.9999974557060182,0.0,2.544293981832091e-06,0.0
0.2,1.3151516846292555e-07,0.9999972985933214,0.9999972985933214,0.0,2.701406678573548e-06,0.0
0.2,1.3963636657724647e-07,0.9999971317787631,0.9999971317787631,0.0,2.868221236851376e-06,0.0
0.2,1.482590571017807e-07,0.9999969546632481,0.9999969546632481,0.0,3.045336751883454e-06,0.0
0.2,1.57414207713213e-07,0.9999967666106452,0.9999967666106452,0.0,3.2333893548175396e-06,0.0
0.2,1.6713469837439665e-07,0.9999965669456287,0.9999965669456287,0.0,3.433054371337896e-06,0.0
0.2,1.7745543942000785e-07,0.9999963549510806,0.9999963549510806,0.0,3.6450489193651237e-06,0.0
0.2,1.8841349693411138e-07,0.9999961298656488,0.9999961298656488,0.0,3.87013435121375e-06,0.0
0.2,2.000482258699243e-07,0.9999958908809681,0.9999958908809681,0.0,4.109119031925346e-06,0.0
0.2,2.1240141138986008e-07,0.9999956371386994,0.9999956371386994,0.0,4.362861300566401e-06,0.0
0.2,2.2551741893346668e-07,0.9999953677275584,0.9999953677275584,0.0,4.632272441629226e-06,0.0
0.2,2.3944335355221965e-07,0.9999950816799911,0.9999950816799911,0.0,4.918320008928667e-06,0.0
0.2,2.5422922908339995e-07,0.9999947779686318,0.9999947779686318,0.0,5.222031368212754e-06,0.0
0.2,2.69928147770634e-07,0.999994455502741,0.999994455502741,0.0,5.544497258980208e-06,0.0
0.2,2.865964909761934e-07,0.9999941131241562,0.9999941131241562,0.0,5.886875843796879e-06,0.0
0.2,3.0429412166997193e-07,0.9999937496032714,0.9999937496032714,0.0,6.250396728635366e-06,0.0
0.2,3.230845994223671e-07,0.9999933636344764,0.9999933636344764,0.0,6.636365523560173e-06,0.0
0.2,3.430354086732005e-07,0.9999929538315334,0.9999929538315334,0.0,7.046168466584568e-06,0.0
0.2,3.6421820109647547e-07,0.9999925187227021,0.9999925187227021,0.0,7.481277297882727e-06,0.0
0.2,3.867090529314095e-07,0.9999920567451637,0.9999920567451637,0.0,7.943254836328961e-06,0.0
0.2,4.1058873820393155e-07,0.9999915662396902,0.9999915662396902,0.0,8.433760309789484e-06,0.0
0.2,4.35943018819884e-07,0.9999910454445988,0.9999910454445988,0.0,8.954555401174957e-06,0.0
0.2,4.6286295257178003e-07,0.9999904924894306,0.9999904924894306,0.0,9.507510569384259e-06,4.35963277735024e-309
0.2,4.914452201653056e-07,0.9999899053880964,0.9999899053880964,0.0,1.0094611903599393e-05,2.030166318024688e-291
0.2,5.217924724400403e-07,0.9999892820320069,0.9999892820320069,0.0,1.0717967993123523e-05,8.903441156633999e-275
0.2,5.540136990314162e-07,0.9999886201820756,0.9999886201820756,0.0,1.1379817924428437e-05,4.218943780425133e-259
0.2,5.882246197979453e-07,0.999987917461096,0.999987917461096,0.0,1.2082538903945839e-05,2.4585184841797613e-244
0.2,6.245481004194755e-07,0.999987171344902,0.999987171344902,0.0,1.2828655097996133e-05,1.990227018517356e-230
0.2,6.631145936590684e-07,0.9999863791538174,0.9999863791538174,0.0,1.3620846182615942e-05,2.510428995691689e-217
0.2,7.040626078732677e-07,0.9999855380419775,0.9999855380419775,0.0,1.4461958022460308e-05,5.497517321500417e-205
0.2,7.475392044533519e-07,0.9999846449879354,0.9999846449879354,0.0,1.5355012064621754e-05,2.3141139874680553e-193
0.2,7.937005259840992e-07,0.9999836967841007,0.9999836967841007,0.0,1.6303215899293733e-05,2.060897130600795e-182
0.2,8.427123570169176e-07,0.9999826900239649,0.9999826900239649,0.0,1.7309976035106978e-05,4.250232622200747e-172
0.2,8.947507194712853e-07,0.999981621090862,0.999981621090862,0.0,1.83789091380282e-05,2.2100576731091687e-162
0.2,9.500025048028449e-07,0.9999804861442829,0.9999804861442829,0.0,1.951385571707931e-05,3.139277923912026e-153
0.2,1.0086661452085515e-06,0.9999792811073624,0.9999792811073624,0.0,2.0718892637550113e-05,1.313614372153607e-144
0.2,1.070952326279418e-06,0.9999780016501333,0.9999780016501333,0.0,2.199834986671423e-05,1.738555031481527e-136
0.2,1.137084743660306e-06,0.9999766431751802,0.9999766431751802,0.0,2.335682481979795e-05,7.781556243571523e-129
0.2,1.2073009064342625e-06,0.9999752008015064,0.9999752008015064,0.0,2.4799198493630215e-05,1.2545442579241676e-121
0.2,1.2818529901166567e-06,0.99997366934538,0.99997366934538,0.0,2.633065461998818e-05,7.7310491562083745e-115
0.2,1.3610087423225829e-06,0.9999720433032767,0.9999720433032767,0.0,2.7956696723285823e-05,1.925817766946788e-108
0.2,1.4450524443601944e-06,0.9999703168307014,0.9999703168307014,0.0,2.968316929863324e-05,2.0440657921506283e-102
0.2,1.5342859322033973e-06,0.9999684837213813,0.9999684837213813,0.0,3.1516278618748395e-05,9.714612751083367e-97
0.2,1.6290296805106646e-06,0.999966537386212,0.999966537386212,0.0,3.3462613788004525e-05,2.1662163857818308e-91
0.2,1.7296239535831692e-06,0.9999644708260287,0.9999644708260287,0.0,3.552917397131594e-05,2.368309059926105e-86
0.2,1.8364300273957434e-06,0.9999622766102757,0.9999622766102757,0.0,3.7723389724297895e-05,1.3232377407354685e-81
0.2,1.949831487089519e-06,0.9999599468464763,0.9999599468464763,0.0,4.005315352373362e-05,3.9287654649488985e-77
0.2,2.0702356045861164e-06,0.9999574731540873,0.9999574731540873,0.0,4.252684591266043e-05,6.430765372680319e-73
0.2,2.198074801270907e-06,0.9999548466327005,0.9999548466327005,0.0,4.51533672994886e-05,6.007563952377144e-69
0.2,2.3338082009984817e-06,0.999952057828436,0.999952057828436,0.0,4.794217156400826e-05,3.309248737489486e-65
0.2,2.477923278997857e-06,0.9999490967027359,0.9999490967027359,0.0,5.090329726409326e-05,1.1084034884096602e-61
0.2,2.630937612599253e-06,0.9999459525922297,0.9999459525922297,0.0,5.404740777026351e-05,2.3236465018001584e-58
0.2,2.79340074007006e-06,0.9999426141695934,0.9999426141695934,0.0,5.7385830406597726e-05,3.1331512007024728e-55
0.2,2.965896134235903e-06,0.9999390694044853,0.9999390694044853,0.0,6.09305955147077e-05,2.7879106106530018e-52
0.2,3.149043297974808e-06,0.9999353055158737,0.9999353055158737,0.0,6.469448412627088e-05,1.677109157127966e-49
0.2,3.3434999891103037e-06,0.9999313089267701,0.9999313089267701,0.0,6.869107322993173e-05,6.977775914187412e-47
0.2,3.54996458269404e-06,0.999927065212852,0.999927065212852,0.0,7.29347871479824e-05,2.05144107784641e-44
0.2,3.769178579161748e-06,0.9999225590453972,0.9999225590453972,0.0,7.744095460282541e-05,4.348695033921041e-42
0.2,4.001929267370433e-06,0.9999177741385152,0.9999177741385152,0.0,8.222586148476374e-05,6.7745138722279146e-40
0.2,4.249052552080944e-06,0.9999126931839468,0.9999126931839468,0.0,8.730681605317869e-05,7.895825917769907e-38
0.2,4.511435956040458e-06,0.9999072977854182,0.9999072977854182,0.0,9.270221458179684e-05,7.002380526050684e-36
0.2,4.7900218074466675e-06,0.9999015683874868,0.9999015683874868,0.0,9.843161251321675e-05,4.800924361672931e-34
0.2,5.0858106242412715e-06,0.9998954841995379,0.9998954841995379,0.0,0.00010451580046211273,2.5830686640610255e-32
0.2,5.399864707387021e-06,0.9998890231161449,0.9998890231161449,0.0,0.00011097688385508508,1.1061189927307016e-30
0.2,5.733311956033338e-06,0.9998821616229746,0.9998821616229746,0.0,0.00011783837702539213,3.820229213580608e-29
0.2,6.087349918272477e-06,0.9998748747094037,0.9998748747094037,0.0,0.00012512529059627298,1.0775320478512578e-27
0.2,6.463250092033984e-06,0.9998671357647402,0.9998671357647402,0.0,0.00013286423525982194,2.5115387938345725e-26
0.2,6.862362491563834e-06,0.9998589164643485,0.9998589164643485,0.0,0.00014108353565145393,4.891440826227062e-25
0.2,7.286120495888524e-06,0.9998501866544164,0.9998501866544164,0.0,0.00014981334558361592,8.04376011172116e-24
0.2,7.736045996676727e-06,0.9998409142186949,0.9998409142186949,0.0,0.00015908578130507944,1.1279274829008225e-22
0.2,8.213754863986747e-06,0.9998310649407598,0.9998310649407598,0.0,0.00016893505924020502,1.361221890253245e-21
0.2,8.720962749529681e-06,0.9998206023541564,0.9998206023541564,0.0,0.00017939764584362636,1.4262454386846944e-20
0.2,9.259491248289969e-06,0.999809487566117,0.999809487566117,0.0,0.0001905124338830165,1.3081236283289584e-19
0.2,9.831274440632393e-06,0.9997976790779234,0.9997976790779234,0.0,0.00020232092207661428,1.0584163885826182e-18
0.2,1.0438365838391144e-05,0.9997851325917689,0.9997851325917689,0.0,0.00021486740823105992,7.610026968171218e-18
0.2,1.1082945759886921e-05,0.9997718007726614,0.9997718007726614,0.0,0.00022819922733858345,4.895784982053378e-17
0.2,1.1767329160358994e-05,0.9997576330141938,0.9997576330141938,0.0,0.00024236698580586914,2.8364576760995864e-16
0.2,1.249397394593474e-05,0.9997425751625728,0.9997425751625728,0.0,0.00025742483742570026,1.489005402999605e-15
0.2,1.3265489800995265e-05,0.9997265692029117,0.9997265692029117,0.0,0.00027343079708118,7.123226845521834e-15
0.2,1.4084647560639968e-05,0.9997095529326845,0.9997095529326845,0.0,0.00029044706728429103,3.122250132652694e-14
0.2,1.4954389161910767e-05,0.9996914595654351,0.9996914595654351,0.0,0.0003085404344388198,1.2603255427641964e-13
0.2,1.587783820951451e-05,0.9996722173034626,0.9996722173034626,0.0,0.00032778269606666897,4.707685355650053e-13
0.2,1.6858311193989696e-05,0.9996517488340592,0.9996517488340592,0.0,0.0003482511643062566,1.6345817013124223e-12
0.2,1.7899329402606895e-05,0.9996299707873854,0.9996299707873854,0.0,0.0003700292073164018,5.298240264129854e-12
0.2,1.9004631565779373e-05,0.9996067930685439,0.9996067930685439,0.0,0.0003932069153597257,1.609633256846346e-11
0.2,2.0178187284402656e-05,0.9995821181320544,0.9995821181320544,0.0,0.00041788182193723235,4.600832525241722e-11
0.2,2.1424211286346587e-05,0.9995558401113154,0.9995558401113154,0.0,0.00044415976451667844,1.2416794694827896e-10
0.2,2.274717856330023e-05,0.9995278438268377,0.9995278438268377,0.0,0.0004721558556894286,3.1747289060420047e-10
0.2,2.415184044233262e-05,0.9994980035959264,0.9994980035959264,0.0,0.0005019956326288509,7.714447060560771e-10
0.2,2.564324164988948e-05,0.9994661818716183,0.9994661818716183,0.0,0.0005338163414728216,1.7869088918016426e-09
0.2,2.7226738429509024e-05,0.9994322275799241,0.9994322275799241,0.0,0.0005677684634569365,3.9566189483956845e-09
0.2,2.89080177783255e-05,0.9993959741884032,0.9993959741884032,0.0,0.0006040174145635025,8.397033295225255e-09
0.2,3.0693117871447255e-05,0.9993572373568386,0.9993572373568386,0.0,0.0006427455194385815,1.7123722850478362e-08
0.2,3.258844974756087e-05,0.9993158120974686,0.9993158120974686,0.0,0.0006841542690850322,3.363344640902674e-08
0.2,3.4600820333643795e-05,0.9992714693514221,0.9992714693514221,0.0,0.0007284668782058397,6.377037207889886e-08
0.2,3.6737456891477496e-05,0.9992239517402941,0.9992239517402941,0.0,0.0007759312931663239,1.1696653957320948e-07
0.2,3.9006032973757526e-05,0.9991729684198475,0.9991729684198475,0.0,0.0008268236243612717,2.0795579124349743e-07
0.2,4.1414695983020355e-05,0.99911818850031,0.99911818850031,0.0,0.0008814524345784842,3.590651115375152e-07
0.2,4.397209643236314e-05,0.9990592330248714,0.9990592330248714,0.0,0.0009401637875235928,6.03187604977903e-07
0.2,4.668741901304269e-05,0.9989956645404283,0.9989956645404283,0.0,0.0010033479199370418,9.875396346395476e-07
0.2,4.957041558053077e-05,0.9989269738717589,0.9989269738717589,0.0,0.0010714478234533492,1.5783047877677338e-06
0.2,5.263144017749348e-05,0.9988525630011315,0.9988525630011315,0.0,0.0011449707217969386,2.4662770716065954e-06
0.2,5.5881486219475024e-05,0.9987717223592324,0.9987717223592324,0.0,0.0012245039941787379,3.773646588867691e-06
0.2,5.9332225976836046e-05,0.9986836008936534,0.9986836008936534,0.0,0.0013107369695359182,5.662136810703655e-06
0.2,6.299605249474357e-05,0.998587165166765,0.998587165166765,0.0,0.0014044920008188541,8.342832416100819e-06
0.2,6.688612410176288e-05,0.9984811432970964,0.9984811432970964,0.0,0.001506768442588032,1.2088260315605042e-05
0.2,7.101641166690103e-05,0.99836394590238,0.99836394590238,0.0,0.0016188064208958587,1.7247676724162296e-05
0.2,7.540174877482297e-05,0.9982335523515525,0.9982335523515525,0.0,0.001742180475547466,2.4267172900000578e-05
0.2,8.005788499943827e-05,0.9980873427799198,0.9980873427799198,0.0,0.001878939863702307,3.371735637785369e-05
0.2,8.500154246718686e-05,0.9979218418887068,0.9979218418887068,0.0,0.0020318246922366437,4.6333419056549835e-05
0.2,9.025047591316794e-05,0.9977323143622029,0.9977323143622029,0.0,0.0022046094036927283,6.307623410438406e-05
0.2,9.582353644579559e-05,0.9975120974574243,0.9975120974574243,0.0,0.0024026718168141704,8.523072576152234e-05
0.2,0.00010174073924898807,0.9972514414401085,0.9972514414401085,0.0,0.0026339847235238747,0.00011457383636765915
0.2,0.00010802333546503914,0.9969353595231629,0.9969353595231629,0.0,0.0029109590419428254,0.00015368143489425165
0.2,0.00011469388851632969,0.9965392995067622,0.9965392995067622,0.0,0.0032541627974047964,0.00020653769583297077
0.2,0.00012177635513998402,0.996019416215515,0.996019416215515,0.0,0.003700699163360427,0.00027988462112453185
0.2,0.00012929617142650235,0.9952870539896882,0.9952870539896882,0.0,0.0043262400225569765,0.00038670598775482584
0.2,0.00013728034417136612,0.994122310851115,0.994122310851115,0.0,0.0053199241592205215,0.0005577649896644576
0.2,0.00014575754786769952,0.9917948920759188,0.9917948920759188,0.0,0.007312189060166162,0.000892918863915083
0.2,0.00015475822768833096,0.9814049364435834,0.9814049364435834,0.0,0.016292832445299443,0.0023022311111171576
0.2,0.00016431470882710136,0.92456704885127,0.92456704885127,0.0,0.06488719820435772,0.010545752944372334
0.2,0.00017446131259211132,0.09992510165303095,0.09992510165303095,0.0,0.7589864100404888,0.14108848830648027
0.2,0.0001852344796678499,0.9234709906657659,0.9234709906657659,0.0,0.0631678195809353,0.013361189753298818
0.2,0.00019667290098888466,0.013265060712495341,0.013265060712495341,0.0,0.7960556909049904,0.1906792483825143
0.2,0.00020881765669513772,0.24911204851704422,0.24911204851704422,0.0,0.5912272462211404,0.1596607052618154
0.2,0.00022171236366779788,0.011295992653743826,0.011295992653743826,0.0,0.7586687537883315,0.23003525355792462
0.2,0.00023540333217572475,0.02482341294304636,0.02482341294304636,0.0,0.7282077128539782,0.2469688742029754
0.2,0.00024993973219493074,0.0026429050867867883,0.0026429050867867883,0.0,0.7237682272783943,0.2735888676348189
0.2,0.0002653737699984678,0.022205063046408412,0.022205063046408412,0.0,0.6886158899068164,0.2891790470467751
0.2,0.00028176087565091884,0.023000702632457598,0.023000702632457598,0.0,0.6668402623659647,0.3101590350015777
0.2,0.00029915990208086786,0.0031221449398101805,0.0031221449398101805,0.0,0.658568783758313,0.3383090713018768
0.2,0.00031763333644630734,0.002648330709687136,0.002648330709687136,0.0,0.6369257882856539,0.3604258810046589
0.2,0.0003372475245520731,0.0032573971361197023,0.0032573971361197023,0.0,0.6145703926090116,0.38217221025486875
0.2,0.00035807290912528885,4.504877641178298e-05,4.504877641178298e-05,0.0,0.5945680068152253,0.405386944408363
0.2,0.0003801842828045725,0.5845714432560426,0.5845714432560426,0.0,0.2379316957779502,0.1774968609660072
0.2,0.00040366105675158253,0.0011058744945253473,0.0011058744945253473,0.0,0.5504663903230755,0.44842773518239903
0.2,0.00042858754584960523,0.0001556829069629579,0.0001556829069629579,0.0,0.529587744625113,0.47025657246792396
0.2,0.00045505327151345844,0.0003748426199996331,0.0003748426199996331,0.0,0.5083864107340145,0.4912387466459859
0.2,0.0004831532831982138,0.00015363974325445146,0.00015363974325445146,0.0,0.48777139917102663,0.5120749610857189
0.2,0.0005129884997614151,0.00013516156803645608,0.00013516156803645608,0.0,0.46745909058027524,0.5324057478516883
0.2,0.0005446660719047769,0.00011398497258925246,0.00011398497258925246,0.0,0.4475922549279808,0.5522937600994299
0.2,0.0005782997669970258,0.0014025620457963088,0.0014025620457963088,0.0,0.42764162861430666,0.570955809339897
0.2,0.0006140103776599503,5.0591684771843576e-05,5.0591684771843576e-05,0.0,0.40932617066752475,0.5906232376477034
0.2,0.0006519261555850734,0.001625704751959737,0.001625704751959737,0.0,0.39034415727187244,0.6080301379761678
0.2,0.0006921832721389458,0.0005511611214136647,0.0005511611214136647,0.0,0.372953247667116,0.6264955912114704
0.2,0.0007349263074112912,0.0001383946943873056,0.0001383946943873056,0.0,0.3558486753171993,0.6440129299884134
0.2,0.0007803087694623961,3.728783456816249e-05,3.728783456816249e-05,0.0,0.33919377083764224,0.6607689413277896
0.2,0.0008284936456345519,3.179019175385629e-05,3.179019175385629e-05,0.0,0.32308006051669913,0.6768881492915471
0.2,0.0008796539879075492,0.0007124305689838287,0.0007124305689838287,0.0,0.307333179144338,0.6919543902866782
0.2,0.0009339735344004961,0.01750592639486643,0.01750592639486643,0.0,0.287469830450959,0.6950242431541745
0.2,0.0009916473692520055,2.19717255931482e-06,2.19717255931482e-06,0.0,0.2782055901365684,0.7217922126908722
0.2,0.0010528826232486645,2.4797965445979635e-05,2.4797965445979635e-05,0.0,0.264383177962752,0.735592024071802
0.2,0.0011178992177180603,1.1232823917324384e-05,1.1232823917324384e-05,0.0,0.25113224874288764,0.748856518433195
0.2,0.0011869306543579512,6.496184416881085e-07,6.496184416881085e-07,0.0,0.23843281378408876,0.7615665365974695
0.2,0.0012602248538382094,5.1908449518815414e-08,5.1908449518815414e-08,0.0,0.2262726509613895,0.773727297130161
0.2,0.001338045046187325,3.9914217084749824e-08,3.9914217084749824e-08,0.0,0.21464208346137925,0.7853578766244037
0.2,0.0014206707161611772,2.318413758697528e-07,2.318413758697528e-07,0.0,0.20352807761481984,0.7964716905438043
0.2,0.0015083986069893104,2.2586688200829427e-07,2.2586688200829427e-07,0.0,0.19291671383445186,0.8070830602986662
0.2,0.001601543786103605,2.847494206144239e-07,2.847494206144239e-07,0.0,0.1827932442830671,0.8172064709675123
0.2,0.0017004407766767794,5.202041129877726e-05,5.202041129877726e-05,0.0,0.17313351534446875,0.8268144642442324
0.2,0.0018054447590345618,3.4997269656226697e-07,3.4997269656226697e-07,0.0,0.16394878003250402,0.8360508699947994
0.2,0.001916932846256344,3.51372787375397e-07,3.51372787375397e-07,0.0,0.15519634188888543,0.8448033067383272
0.2,0.002035305438545468,2.2983875971565123e-08,2.2983875971565123e-08,0.0,0.14686921940034248,0.8531307576157815
0.2,0.0021609876612332796,2.4205219813756806e-08,2.4205219813756806e-08,0.0,0.13895130741660555,0.8610486683781746
0.2,0.0022944308915814637,1.656193240518118e-09,1.656193240518118e-09,0.0,0.13142671450970778,0.8685732838340989
0.2,0.002436114379865969,2.4279196362405325e-10,2.4279196362405325e-10,0.0,0.12427962606577536,0.8757203736914326
0.2,0.002586546970564545,1.0375918595975524e-10,1.0375918595975524e-10,0.0,0.11749443978642449,0.8825055601098163
0.2,0.0027462689298294396,3.215029003084154e-10,3.215029003084154e-10,0.0,0.11105581043690038,0.8889441892415967
0.2,0.0029158538858083914,1.4101713332281257e-12,1.4101713332281257e-12,0.0,0.1049486997405289,0.8950513002580609
0.2,0.0030959108887824464,1.3243944940909592e-10,1.3243944940909592e-10,0.0,0.09915841531916181,0.9008415845483987
0.2,0.0032870865985194816,2.9181160558885714e-12,2.9181160558885714e-12,0.0,0.09367064290045113,0.9063293570966308
0.2,0.0034900676066990225,8.309900655705561e-13,8.309900655705561e-13,0.0,0.08847147131779354,0.9115285286813755
0.2,0.003705582902749201,2.239183316996956e-15,2.239183316996956e-15,0.0,0.08354741217341188,0.9164525878265859
0.2,0.0039344064919517654,6.909038157761869e-15,6.909038157761869e-15,0.0,0.0788854141498222,0.9211145858501709
0.2,0.004177360175217731,1.5830180700081243e-15,1.5830180700081243e-15,0.0,0.07447287289052151,0.9255271271094769
0.2,0.004435316500517051,1.6555209368188708e-15,1.6555209368188708e-15,0.0,0.07029763692617408,0.9297023630738243
0.2,0.00470920189656222,3.5506833908601935e-18,3.5506833908601935e-18,0.0,0.06634801017363068,0.9336519898263693
0.2,0.005,3.531030200604431e-19,3.531030200604431e-19,0.0,0.06261275147424505,0.937387248525755
0.5,1e-08,0.99999978756877,0.99999978756877,0.0,2.124312300511022e-07,0.0
0.5,1.0617510376121387e-08,0.9999997744509198,0.9999997744509198,0.0,2.2554908019056796e-07,0.0
0.5,1.1273152658704557e-08,0.9999997605230322,0.9999997605230322,0.0,2.3947696781156935e-07,0.0
0.5,1.1969281532539604e-08,0.999999745735083,0.999999745735083,0.0,2.54264917010083e-07,0.0
0.5,1.2708397086645736e-08,0.9999997300339629,0.9999997300339629,0.0,2.6996603708084876e-07,0.0
0.5,1.349315379313322e-08,0.9999997133632821,0.9999997133632821,0.0,2.866367179166218e-07,0.0
0.5,1.4326370040519364e-08,0.9999996956631707,0.9999996956631707,0.0,3.043368292932058e-07,0.0
0.5,1.5211038255736894e-08,0.9999996768700586,0.9999996768700586,0.0,3.231299413597455e-07,0.0
0.5,1.6150335651186618e-08,0.9999996569164531,0.9999996569164531,0.0,3.430835469053761e-07,0.0
0.5,1.7147635635431708e-08,0.9999996357306931,0.9999996357306931,0.0,3.642693069405567e-07,0.0
0.5,1.8206519928514504e-08,0.99999961323669,0.99999961323669,0.0,3.867633100451684e-07,0.0
0.5,1.93307914254064e-08,0.9999995893536544,0.9999995893536544,0.0,4.1064634559440094e-07,0.0
0.5,2.052448785378908e-08,0.9999995639958228,0.9999995639958228,0.0,4.360041772066836e-07,0.0
0.5,2.1791896275218293e-08,0.9999995370721194,0.9999995370721194,0.0,4.629278805845516e-07,0.0
0.5,2.3137568481749175e-08,0.9999995084858507,0.9999995084858507,0.0,4.91514149270067e-07,0.0
0.5,2.4566337343319104e-08,0.9999994781343445,0.9999994781343445,0.0,5.218656554673018e-07,0.0
0.5,2.6083334164598893e-08,0.9999994459086091,0.9999994459086091,0.0,5.540913908808065e-07,0.0
0.5,2.769400711364708e-08,0.9999994116929034,0.9999994116929034,0.0,5.883070965939652e-07,0.0
0.5,2.9404140788552742e-08,0.9999993753643349,0.9999993753643349,0.0,6.246356650807527e-07,0.0
0.5,3.121987699233929e-08,0.99999933679245,0.99999933679245,0.0,6.632075499890533e-07,0.0
0.5,3.314773679073964e-08,0.9999992958387042,0.9999992958387042,0.0,7.041612958280652e-07,0.0
0.5,3.519464393206189e-08,0.9999992523560237,0.9999992523560237,0.0,7.476439762843512e-07,0.0
0.5,3.7367949713256476e-08,0.9999992061882564,0.9999992061882564,0.0,7.93811743560191e-07,0.0
0.5,3.967545938148837e-08,0.9999991571695724,0.9999991571695724,0.0,8.428304275609477e-07,0.0
0.5,4.212546016603354e-08,0.9999991051239373,0.9999991051239373,0.0,8.948760626958929e-07,0.0
0.5,4.472675104117493e-08,0.9999990498644342,0.9999990498644342,0.0,9.501355657803856e-07,0.0
0.5,4.748867432698739e-08,0.9999989911926037,0.9999989911926037,0.0,1.0088073962855049e-06,0.0
0.5,5.04211492415038e-08,0.9999989288977316,0.9999989288977316,0.0,1.071102268435098e-06,0.0
0.5,5.353470752476317e-08,0.9999988627560762,0.9999988627560762,0.0,1.137243923809983e-06,0.0
0.5,5.6840531262679785e-08,0.9999987925301118,0.9999987925301118,0.0,1.207469888186985e-06,0.0
0.5,6.035049304657548e-08,0.9999987179676447,0.9999987179676447,0.0,1.2820323552764634e-06,0.0
0.5,6.407719861260568e-08,0.999998638800859,0.999998638800859,0.0,1.3611991409590019e-06,0.0
0.5,6.803403211421332e-08,0.9999985547454325,0.9999985547454325,0.0,1.4452545674670247e-06,0.0
0.5,7.223520419020356e-08,0.9999984654995269,0.9999984654995269,0.0,1.5345004731326384e-06,0.0
0.5,7.669580300107335e-08,0.9999983707425851,0.9999983707425851,0.0,1.6292574148701888e-06,0.0
0.5,8.1431848416886e-08,0.9999982701342959,0.9999982701342959,0.0,1.7298657041253662e-06,0.0
0.5,8.646034955130311e-08,0.9999981633133552,0.9999981633133552,0.0,1.8366866447738772e-06,0.0
0.5,9.17993658484043e-08,0.9999980498961286,0.9999980498961286,0.0,1.950103871384279e-06,0.0
0.5,9.74680719416798e-08,0.9999979294752662,0.9999979294752662,0.0,2.0705247337771127e-06,0.0
0.5,1.0348682651813312e-07,0.999997801618315,0.999997801618315,0.0,2.19838168502573e-06,0.0
0.5,1.0987724543481525e-07,0.9999976658660623,0.9999976658660623,0.0,2.3341339376869996e-06,0.0
0.5,1.1666227935037872e-07,0.999997521730968,0.999997521730968,0.0,2.4782690319913314e-06,0.0
0.5,1.2386629615046206e-07,0.9999973686953849,0.9999973686953849,0.0,2.631304615086094e-06,0.0
0.5,1.3151516846292555e-07,0.9999972062097023,0.9999972062097023,0.0,2.7937902976615803e-06,0.0
0.5,1.3963636657724647e-07,0.999997033690372,0.999997033690372,0.0,2.966309628038566e-06,0.0
0.5,1.482590571017807e-07,0.9999968505178104,0.9999968505178104,0.0,3.149482189601649e-06,0.0
0.5,1.57414207713213e-07,0.9999966560341333,0.9999966560341333,0.0,3.34396586665342e-06,0.0
0.5,1.6713469837439665e-07,0.9999964495409186,0.9999964495409186,0.0,3.5504590814028347e-06,0.0
0.5,1.7745543942000785e-07,0.9999962302965258,0.9999962302965258,0.0,3.7697034741546176e-06,0.0
0.5,1.8841349693411138e-07,0.999995997513565,0.999995997513565,0.0,4.002486434950825e-06,0.0
0.5,2.000482258699243e-07,0.9999957503560273,0.9999957503560273,0.0,4.249643972720207e-06,0.0
0.5,2.1240141138986008e-07,0.9999954879362207,0.9999954879362207,0.0,4.512063779271713e-06,0.0
0.5,2.2551741893346668e-07,0.9999952093116969,0.9999952093116969,0.0,4.790688303057955e-06,0.0
0.5,2.3944335355221965e-07,0.9999949134818126,0.9999949134818126,0.0,5.086518187424893e-06,0.0
0.5,2.5422922908339995e-07,0.9999945993840698,0.9999945993840698,0.0,5.400615930239994e-06,0.0
0.5,2.69928147770634e-07,0.9999942658904272,0.9999942658904272,0.0,5.7341095728302705e-06,0.0
0.5,2.865964909761934e-07,0.9999939118031168,0.9999939118031168,0.0,6.088196883191621e-06,0.0
0.5,3.0429412166997193e-07,0.9999935358504822,0.9999935358504822,0.0,6.464149517770856e-06,0.0
0.5,3.230845994223671e-07,0.9999931366822652,0.9999931366822652,0.0,6.863317734806529e-06,0.0
0.5,3.430354086732005e-07,0.9999927128648228,0.9999927128648228,0.0,7.2871351771697235e-06,0.0
0.5,3.6421820109647547e-07,0.999992262876082,0.999992262876082,0.0,7.737123917994637e-06,0.0
0.5,3.867090529314095e-07,0.9999917850997834,0.9999917850997834,0.0,8.21490021662985e-06,0.0
0.5,4.1058873820393155e-07,0.9999912778199568,0.9999912778199568,0.0,8.722180043219119e-06,0.0
0.5,4.35943018819884e-07,0.9999907392146751,0.9999907392146751,0.0,9.260785324927134e-06,0.0
0.5,4.6286295257178003e-07,0.9999901673495133,0.9999901673495133,0.0,9.83265048670745e-06,4.508724448660253e-309
0.5,4.914452201653056e-07,0.9999895601704647,0.9999895601704647,0.0,1.0439829535302536e-05,2.0995943668654835e-291
0.5,5.217924724400403e-07,0.9999889154968311,0.9999889154968311,0.0,1.1084503168889981e-05,9.207922787048171e-275
0.5,5.540136990314162e-07,0.9999882310129588,0.9999882310129588,0.0,1.1768987041249623e-05,4.3632239996562113e-259
0.5,5.882246197979453e-07,0.9999875042603474,0.9999875042603474,0.0,1.2495739652562676e-05,2.542595323180847e-244
0.5,6.245481004194755e-07,0.9999867326285146,0.9999867326285146,0.0,1.3267371485436996e-05,2.0582891186425298e-230
0.5,6.631145936590684e-07,0.9999859133461413,0.9999859133461413,0.0,1.408665385871366e-05,2.5962810111108137e-217
0.5,7.040626078732677e-07,0.9999850434700515,0.9999850434700515,0.0,1.495652994853991e-05,5.685522135656826e-205
0.5,7.475392044533519e-07,0.9999841198754766,0.9999841198754766,0.0,1.588012452335974e-05,2.3932523222766026e-193
0.5,7.937005259840992e-07,0.99998313924513,0.99998313924513,0.0,1.6860754869951755e-05,2.1313758920871723e-182
0.5,8.427123570169176e-07,0.9999820980560198,0.9999820980560198,0.0,1.7901943980214163e-05,4.395582417399129e-172
0.5,8.947507194712853e-07,0.9999809925678034,0.9999809925678034,0.0,1.900743219662715e-05,2.2856373605623534e-162
0.5,9.500025048028449e-07,0.9999798188086493,0.9999798188086493,0.0,2.018119135072105e-05,3.2466350783824145e-153
0.5,1.0086661452085515e-06,0.9999785725622657,0.9999785725622657,0.0,2.142743773425604e-05,1.3585373822118286e-144
0.5,1.070952326279418e-06,0.9999772493506286,0.9999772493506286,0.0,2.2750649371405807e-05,1.7980101313861618e-136
0.5,1.137084743660306e-06,0.9999758444191166,0.9999758444191166,0.0,2.4155580883422623e-05,8.047669693577822e-129
0.5,1.2073009064342625e-06,0.9999743527198168,0.9999743527198168,0.0,2.5647280183171972e-05,1.2974470966646422e-121
0.5,1.2818529901166567e-06,0.9999727688917495,0.9999727688917495,0.0,2.7231108250536096e-05,7.99543495979442e-115
0.5,1.3610087423225829e-06,0.9999710872431904,0.9999710872431904,0.0,2.8912756809607032e-05,1.9916766743395376e-108
0.5,1.4450524443601944e-06,0.999969301729798,0.999969301729798,0.0,3.069827020196758e-05,2.1139684703724744e-102
0.5,1.5342859322033973e-06,0.9999674059330884,0.9999674059330884,0.0,3.2594066911584285e-05,1.0046831412404737e-96
0.5,1.6290296805106646e-06,0.9999653930386267,0.9999653930386267,0.0,3.4606961373251366e-05,2.24029620829349e-91
0.5,1.7296239535831692e-06,0.9999632558079464,0.9999632558079464,0.0,3.674419205357271e-05,2.4492999192831477e-86
0.5,1.8364300273957434e-06,0.9999609865563949,0.9999609865563949,0.0,3.901344360512926e-05,1.3684894531392133e-81
0.5,1.949831487089519e-06,0.9999585771216413,0.9999585771216413,0.0,4.142287835873226e-05,4.063120120070792e-77
0.5,2.0702356045861164e-06,0.9999560188365794,0.9999560188365794,0.0,4.3981163420636626e-05,6.650682332672686e-73
0.5,2.198074801270907e-06,0.9999533024964669,0.9999533024964669,0.0,4.669750353314406e-05,6.213008146900661e-69
0.5,2.3338082009984817e-06,0.9999504183241993,0.9999504183241993,0.0,4.958167580071393e-05,3.4224168971374737e-65
0.5,2.477923278997857e-06,0.9999473559379561,0.9999473559379561,0.0,5.264406204386063e-05,1.1463081008433984e-61
0.5,2.630937612599253e-06,0.9999441043097714,0.9999441043097714,0.0,5.5895690228568995e-05,2.4031092410093286e-58
0.5,2.79340074007006e-06,0.9999406517250506,0.9999406517250506,0.0,5.9348274949355684e-05,3.240296735268915e-55
0.5,2.965896134235903e-06,0.9999369857421119,0.9999369857421119,0.0,6.301425788812764e-05,2.8832496499452347e-52
0.5,3.149043297974808e-06,0.9999330931429519,0.9999330931429519,0.0,6.690685704813237e-05,1.7344616646306755e-49
0.5,3.3434999891103037e-06,0.9999289598863815,0.9999289598863815,0.0,7.104011361847018e-05,7.216396111454249e-47
0.5,3.54996458269404e-06,0.9999245710549083,0.9999245710549083,0.0,7.54289450917156e-05,2.1215944060521916e-44
0.5,3.769178579161748e-06,0.9999199107957859,0.9999199107957859,0.0,8.008920421409549e-05,4.4974074302516174e-42
0.5,4.001929267370433e-06,0.9999149622663267,0.9999149622663267,0.0,8.503773367329881e-05,7.0061814620128205e-40
0.5,4.249052552080944e-06,0.9999097075665486,0.9999097075665486,0.0,9.029243345137772e-05,8.165838229510674e-38
0.5,4.511435956040458e-06,0.9999041276712742,0.9999041276712742,0.0,9.587232872576568e-05,7.241839158697462e-36
0.5,4.7900218074466675e-06,0.9998982023565475,0.9998982023565475,0.0,0.00010179764345252806,4.965099869175814e-34
0.5,5.0858106242412715e-06,0.9998919101210356,0.9998919101210356,0.0,0.00010808987896437916,2.6714006688036503e-32
0.5,5.399864707387021e-06,0.9998852281036192,0.9998852281036192,0.0,0.00011477189638076091,1.1439443063138654e-30
0.5,5.733311956033338e-06,0.999878131986227,0.999878131986227,0.0,0.00012186801377300771,3.9508669261149707e-29
0.5,6.087349918272477e-06,0.9998705959033058,0.9998705959033058,0.0,0.00012940409669415232,1.1143795202929618e-27
0.5,6.463250092033984e-06,0.9998625923345373,0.9998625923345373,0.0,0.00013740766546266325,2.597423465425847e-26
0.5,6.862362491563834e-06,0.9998540919871586,0.9998540919871586,0.0,0.00014590801284142252,5.058708002962084e-25
0.5,7.286120495888524e-06,0.9998450636767057,0.9998450636767057,0.0,0.00015493632329433016,8.318822414095817e-24
0.5,7.736045996676727e-06,0.9998354741892936,0.9998354741892936,0.0,0.00016452581070636185,1.166497609150685e-22
0.5,8.213754863986747e-06,0.9998252881391082,0.9998252881391082,0.0,0.00017471186089179636,1.4077694150782505e-21
0.5,8.720962749529681e-06,0.9998144678133652,0.9998144678133652,0.0,0.00018553218663475143,1.4750162058852505e-20
0.5,9.259491248289969e-06,0.999802972990208,0.999802972990208,0.0,0.00019702700979196117,1.3528549379938483e-19
0.5,9.831274440632393e-06,0.999790760752857,0.999790760752857,0.0,0.00020923924714299938,1.0946087336779566e-18
0.5,1.0438365838391144e-05,0.9997777852896862,0.9997777852896862,0.0,0.00022221471031379827,7.870248690270702e-18
0.5,1.1082945759886921e-05,0.9997639976483589,0.9997639976483589,0.0,0.00023600235164106741,5.063193168394496e-17
0.5,1.1767329160358994e-05,0.9997493454933365,0.9997493454933365,0.0,0.0002506545066632124,2.933447792445199e-16
0.5,1.249397394593474e-05,0.999733772820551,0.999733772820551,0.0,0.000266227179447479,1.539920205784562e-15
0.5,1.3265489800995265e-05,0.9997172196331926,0.9997172196331926,0.0,0.0002827803668000335,7.366795261100282e-15
0.5,1.4084647560639968e-05,0.9996996216036856,0.9996996216036856,0.0,0.00030037839628207016,3.229010010005433e-14
0.5,1.4954389161910767e-05,0.9996809096641563,0.9996809096641563,0.0,0.00031909033571331057,1.3034197649981957e-13
0.5,1.587783820951451e-05,0.9996610095643892,0.9996610095643892,0.0,0.00033899043512394334,4.86865330686596e-13
0.5,1.6858311193989696e-05,0.9996398413511356,0.9996398413511356,0.0,0.00036015864717393425,1.6904716899158213e-12
0.5,1.7899329402606895e-05,0.9996173188070478,0.9996173188070478,0.0,0.0003826811874727532,5.479396857609338e-12
0.5,1.9004631565779373e-05,0.9995933487605086,0.9995933487605086,0.0,0.00040665122284466206,1.6646689227964835e-11
0.5,2.0178187284402656e-05,0.9995678303349844,0.9995678303349844,0.0,0.0004321696174341847,4.758139569447762e-11
0.5,2.1424211286346587e-05,0.9995406540490369,0.9995406540490369,0.0,0.000459345822549771,1.2841331494161442e-10
0.5,2.274717856330023e-05,0.9995117007905152,0.9995117007905152,0.0,0.0004882988811574882,3.283273000045854e-10
0.5,2.415184044233262e-05,0.9994808405860409,0.9994808405860409,0.0,0.0005191586161390597,7.978200207171661e-10
0.5,2.564324164988948e-05,0.9994479311930665,0.9994479311930665,0.0,0.0005520669589320598,1.8480014213574157e-09
0.5,2.7226738429509024e-05,0.9994128163810012,0.9994128163810012,0.0,0.0005871795271095889,4.0918891988583085e-09
0.5,2.89080177783255e-05,0.9993753239334711,0.9993753239334711,0.0,0.0006246673824203657,8.684108573948334e-09
0.5,3.0693117871447255e-05,0.9993352632190727,0.9993352632190727,0.0,0.0006647190717954022,1.770913186418465e-08
0.5,3.258844974756087e-05,0.9992924222550471,0.9992924222550471,0.0,0.0007075429617039087,3.478324898327101e-08
0.5,3.4600820333643795e-05,0.9992465641666493,0.9992465641666493,0.0,0.0007533698829565877,6.595039415862483e-08
0.5,3.6737456891477496e-05,0.9991974227946723,0.9991974227946723,0.0,0.000802456240326808,1.2096500091772317e-07
0.5,3.9006032973757526e-05,0.9991446973724657,0.9991446973724657,0.0,0.0008550875630326216,2.150645016829201e-07
0.5,4.1414695983020355e-05,0.9990880457242208,0.9990880457242208,0.0,0.0009115829368208268,3.713389583429889e-07
0.5,4.397209643236314e-05,0.9990270759674715,0.9990270759674715,0.0,0.0009723002269182339,6.238056102321042e-07
0.5,4.668741901304269e-05,0.9989613357307193,0.9989613357307193,0.0,0.0010376429749280537,1.0212943526220122e-06
0.5,4.957041558053077e-05,0.9988902984766208,0.9988902984766208,0.0,0.0011080692730720968,1.632250307095004e-06
0.5,5.263144017749348e-05,0.9988133457970891,0.9988133457970891,0.0,0.0011841036332016332,2.5505697092306758e-06
0.5,5.5881486219475024e-05,0.9987297439336924,0.9987297439336924,0.0,0.0012663534490877507,3.90261721984492e-06
0.5,5.9332225976836046e-05,0.998638612823411,0.998638612823411,0.0,0.0013555315356902204,5.8556408987371035e-06
0.5,6.299605249474357e-05,0.9985388838071252,0.9985388838071252,0.0,0.0014524882575699504,8.627935304861373e-06
0.5,6.688612410176288e-05,0.9984292416605984,0.9984292416605984,0.0,0.0015582570049022077,1.2501334499360149e-05
0.5,7.101641166690103e-05,0.9983080428468936,0.9983080428468936,0.0,0.0016741201328939858,1.7837020212452357e-05
0.5,7.540174877482297e-05,0.9981731978985615,0.9981731978985615,0.0,0.0018017057887973178,2.509631264116713e-05
0.5,8.005788499943827e-05,0.9980219977153326,0.9980219977153326,0.0,0.0019431329901340162,3.4869294533363215e-05
0.5,8.500154246718686e-05,0.9978508486503552,0.9978508486503552,0.0,0.0021012351061414935,4.791624350327992e-05
0.5,9.025047591316794e-05,0.9976548541668921,0.9976548541668921,0.0,0.00227991502460755,6.523080850030338e-05
0.5,9.582353644579559e-05,0.9974271247374425,0.9974271247374425,0.0,0.0024847335358744536,8.814172668299651e-05
0.5,0.00010174073924898807,0.9971575788670203,0.9971575788670203,0.0,0.0027239346293518544,0.00011848650362786767
0.5,0.00010802333546503914,0.9968307199899608,0.9968307199899608,0.0,0.0030103512537281024,0.00015892875631114115
0.5,0.00011469388851632969,0.9964211611295376,0.9964211611295376,0.0,0.003365250570779397,0.00021358829968300035
0.5,0.00012177635513998402,0.9958835673138838,0.9958835673138838,0.0,0.0038269961951097773,0.00028943649100638996
0.5,0.00012929617142650235,0.995126274324159,0.995126274324159,0.0,0.00447382741742715,0.0003998982584138401
0.5,0.00013728034417136612,0.9939219944726485,0.9939219944726485,0.0,0.00550123145776892,0.0005767740695825735
0.5,0.00014575754786769952,0.9915141823695054,0.9915141823695054,0.0,0.0075623506014048875,0.0009234670290897199
0.5,0.00015475822768833096,0.9806545177455738,0.9806545177455738,0.0,0.016950342761055885,0.002395139493370341
0.5,0.00016431470882710136,0.8822945709222446,0.8822945709222446,0.0,0.1012498568594829,0.016455572218272485
0.5,0.00017446131259211132,0.09260435585466376,0.09260435585466376,0.0,0.7651596147177064,0.1422360294276298
0.5,0.0001852344796678499,0.832540168524651,0.832540168524651,0.0,0.13822304135010846,0.029236790125240584
0.5,0.00019667290098888466,0.011622484418958672,0.011622484418958672,0.0,0.7973808514462394,0.190996664134802
0.5,0.00020881765669513772,0.2116794585729138,0.2116794585729138,0.0,0.6207005744692309,0.16761996695785533
0.5,0.00022171236366779788,0.009282308262329498,0.009282308262329498,0.0,0.760213927486836,0.23050376425083455
0.5,0.00023540333217572475,0.019656699180569854,0.019656699180569854,0.0,0.7320659277269368,0.24827737309249326
0.5,0.00024993973219493074,0.0020083715461008656,0.0020083715461008656,0.0,0.7242286994786056,0.2737629289752936
0.5,0.0002653737699984678,0.01611536896615496,0.01611536896615496,0.0,0.6929045806637958,0.29098005037004926
0.5,0.00028176087565091884,0.015854890879682896,0.015854890879682896,0.0,0.6717175585901045,0.3124275505302125
0.5,0.00029915990208086786,0.002031348046666667,0.002031348046666667,0.0,0.6592893984049304,0.33867925354840295
0.5,0.00031763333644630734,0.0016148019702890788,0.0016148019702890788,0.0,0.637585817367999,0.3607993806617119
0.5,0.0003372475245520731,0.0018464156324150113,0.0018464156324150113,0.0,0.6154403739404046,0.38271321042718026
0.5,0.00035807290912528885,2.3522845541359144e-05,2.3522845541359144e-05,0.0,0.5945808060216262,0.4053956711328323
0.5,0.0003801842828045725,0.27830018767039844,0.27830018767039844,0.0,0.4133448637620846,0.30835494856751694
0.5,0.00040366105675158253,0.00047445239414403554,0.00047445239414403554,0.0,0.5508143517691311,0.448711195836725
0.5,0.00042858754584960523,5.940584763905319e-05,5.940584763905319e-05,0.0,0.5296387397148834,0.4703018544374775
0.5,0.00045505327151345844,0.00012534189913718737,0.00012534189913718737,0.0,0.5085133010738767,0.4913613570269861
0.5,0.0004831532831982138,4.427332702368766e-05,4.427332702368766e-05,0.0,0.48782475317818974,0.5121309734947865
0.5,0.0005129884997614151,3.29371259012887e-05,3.29371259012887e-05,0.0,0.4675068827847002,0.5324601800893985
0.5,0.0005446660719047769,2.2994779099250572e-05,2.2994779099250572e-05,0.0,0.4476329860766003,0.5523440191443004
0.5,0.0005782997669970258,0.00022867991068826823,0.00022867991068826823,0.0,0.4281443345586432,0.5716269855306685
0.5,0.0006140103776599503,6.488652740489987e-06,6.488652740489987e-06,0.0,0.40934422410609483,0.5906492872411647
0.5,0.0006519261555850734,0.0001590863024857284,0.0001590863024857284,0.0,0.3909175754231853,0.608923338274329
0.5,0.0006921832721389458,3.975962235775223e-05,3.975962235775223e-05,0.0,0.3731440816973488,0.6268161586802934
0.5,0.0007349263074112912,7.079592709808002e-06,7.079592709808002e-06,0.0,0.3558954100900249,0.6440975103172653
0.5,0.0007803087694623961,1.2947540799104853e-06,1.2947540799104853e-06,0.0,0.3392059799215873,0.6607927253243328
0.5,0.0008284936456345519,7.132325625822681e-07,7.132325625822681e-07,0.0,0.32309010118174997,0.6769091855856875
0.5,0.0008796539879075492,9.769169243878781e-06,9.769169243878781e-06,0.0,0.30754928426607686,0.6924409465646792
0.5,0.0009339735344004961,0.0001378040339383418,0.0001378040339383418,0.0,0.2925516027735411,0.7073105931925205
0.5,0.0009916473692520055,9.2517012615319e-09,9.2517012615319e-09,0.0,0.2782061988297193,0.7217937919185794
0.5,0.0010528826232486645,5.1578176734723966e-08,5.1578176734723966e-08,0.0,0.26438972065350685,0.7356102277683164
0.5,0.0011178992177180603,1.0549673315011077e-08,1.0549673315011077e-08,0.0,0.25113506704951216,0.7488649224008145
0.5,0.0011869306543579512,2.489724144752111e-10,2.489724144752111e-10,0.0,0.23843296861517915,0.7615670311358484
0.5,0.0012602248538382094,7.2430170846383415e-12,7.2430170846383415e-12,0.0,0.22627266270521362,0.7737273372875434
0.5,0.001338045046187325,1.7829284110043198e-12,1.7829284110043198e-12,0.0,0.21464209202826756,0.7853579079699495
0.5,0.0014206707161611772,2.8677787409188516e-12,2.8677787409188516e-12,0.0,0.20352812480047666,0.7964718751966555
0.5,0.0015083986069893104,6.569934166474865e-13,6.569934166474865e-13,0.0,0.19291675740783154,0.8070832425915114
0.5,0.001601543786103605,1.619912060570597e-13,1.619912060570597e-13,0.0,0.18279329633332264,0.8172067036665154
0.5,0.0017004407766767794,4.7021784706003495e-12,4.7021784706003495e-12,0.0,0.1731425222888775,0.8268574777064204
0.5,0.0018054447590345618,3.976910460082624e-15,3.976910460082624e-15,0.0,0.16394883741012012,0.8360511625898759
0.5,0.001916932846256344,3.8548388239821815e-16,3.8548388239821815e-16,0.0,0.15519639642067584,0.8448036035793238
0.5,0.002035305438545468,1.8077146273528216e-18,1.8077146273528216e-18,0.0,0.14686922277596648,0.8531307772240335
0.5,0.0021609876612332796,9.758197272491589e-20,9.758197272491589e-20,0.0,0.1389513107799526,0.8610486892200474
0.5,0.0022944308915814637,2.3445487245095815e-22,2.3445487245095815e-22,0.0,0.13142671472737577,0.8685732852726242
0.5,0.002436114379865969,7.879350037638469e-25,7.879350037638469e-25,0.0,0.12427962609594945,0.8757203739040506
0.5,0.002586546970564545,4.7734728370940235e-27,4.7734728370940235e-27,0.0,0.11749443979861562,0.8825055602013844
0.5,0.0027462689298294396,1.2195816807827054e-28,1.2195816807827054e-28,0.0,0.11105581047260515,0.8889441895273948
0.5,0.0029158538858083914,2.3945333641926468e-33,2.3945333641926468e-33,0.0,0.10494869974067689,0.8950513002593231
0.5,0.0030959108887824464,5.056133048090772e-34,5.056133048090772e-34,0.0,0.0991584153322943,0.9008415846677057
0.5,0.0032870865985194816,1.1524153331337262e-38,1.1524153331337262e-38,0.0,0.09367064290072447,0.9063293570992755
0.5,0.0034900676066990225,1.4149382543117649e-42,1.4149382543117649e-42,0.0,0.08847147131786703,0.911528528682133
0.5,0.003705582902749201,6.129264175774097e-49,6.129264175774097e-49,0.0,0.0835474121734121,0.9164525878265879
0.5,0.0039344064919517654,9.997855306849839e-53,9.997855306849839e-53,0.0,0.07888541414982275,0.9211145858501772
0.5,0.004177360175217731,3.4565779552948676e-58,3.4565779552948676e-58,0.0,0.07447287289052162,0.9255271271094784
0.5,0.004435316500517051,1.327228047500623e-63,1.327228047500623e-63,0.0,0.07029763692617419,0.9297023630738258
0.5,0.00470920189656222,2.124250023000649e-72,2.124250023000649e-72,0.0,0.06634801017363068,0.9336519898263693
0.5,0.005,2.615862366975679e-80,2.615862366975679e-80,0.0,0.06261275147424505,0.937387248525755
1.0,1e-08,0.9999997624810012,0.9999997624810012,0.0,2.3751899880242178e-07,0.0
1.0,1.0617510376121387e-08,0.9999997478139557,0.9999997478139557,0.0,2.5218604426946456e-07,0.0
1.0,1.1273152658704557e-08,0.9999997322412082,0.9999997322412082,0.0,2.6775879180540585e-07,0.0
1.0,1.1969281532539604e-08,0.9999997157068273,0.9999997157068273,0.0,2.842931726698694e-07,0.0
1.0,1.2708397086645736e-08,0.9999996981514321,0.9999996981514321,0.0,3.0184856791848347e-07,0.0
1.0,1.349315379313322e-08,0.9999996795119723,0.9999996795119723,0.0,3.2048802767192797e-07,0.0
1.0,1.4326370040519364e-08,0.999999659721508,0.999999659721508,0.0,3.4027849205031657e-07,0.0
1.0,1.5211038255736894e-08,0.9999996387089619,0.9999996387089619,0.0,3.612910380867973e-07,0.0
1.0,1.6150335651186618e-08,0.99999961639887,0.99999961639887,0.0,3.836011299718223e-07,0.0
1.0,1.7147635635431708e-08,0.999999592711108,0.999999592711108,0.0,4.072888919459672e-07,0.0
1.0,1.8206519928514504e-08,0.9999995675606019,0.9999995675606019,0.0,4.324393980681407e-07,0.0
1.0,1.93307914254064e-08,0.9999995408570215,0.9999995408570215,0.0,4.5914297852611696e-07,0.0
1.0,2.052448785378908e-08,0.9999995125044743,0.9999995125044743,0.0,4.874955257250235e-07,0.0
1.0,2.1791896275218293e-08,0.9999994824011282,0.9999994824011282,0.0,5.175988717631697e-07,0.0
1.0,2.3137568481749175e-08,0.9999994504388705,0.9999994504388705,0.0,5.495611294925595e-07,0.0
1.0,2.4566337343319104e-08,0.999999416502905,0.999999416502905,0.0,5.834970949747387e-07,0.0
1.0,2.6083334164598893e-08,0.9999993804713668,0.9999993804713668,0.0,6.195286331722727e-07,0.0
1.0,2.769400711364708e-08,0.9999993422148457,0.9999993422148457,0.0,6.577851543454472e-07,0.0
1.0,2.9404140788552742e-08,0.9999993015959375,0.9999993015959375,0.0,6.984040624713472e-07,0.0
1.0,3.121987699233929e-08,0.9999992584687806,0.9999992584687806,0.0,7.415312194281043e-07,0.0
1.0,3.314773679073964e-08,0.9999992126784703,0.9999992126784703,0.0,7.87321529749363e-07,0.0
1.0,3.519464393206189e-08,0.9999991640605628,0.9999991640605628,0.0,8.359394372270401e-07,0.0
1.0,3.7367949713256476e-08,0.9999991124404638,0.9999991124404638,0.0,8.875595362001221e-07,0.0
1.0,3.967545938148837e-08,0.999999057632761,0.999999057632761,0.0,9.423672390207471e-07,0.0
1.0,4.212546016603354e-08,0.9999989994406296,0.9999989994406296,0.0,1.0005593703565907e-06,0.0
1.0,4.472675104117493e-08,0.9999989376550791,0.9999989376550791,0.0,1.0623449209212765e-06,0.0
1.0,4.748867432698739e-08,0.9999988720542111,0.9999988720542111,0.0,1.1279457888813127e-06,0.0
1.0,5.04211492415038e-08,0.999998802402427,0.999998802402427,0.0,1.1975975729994204e-06,0.0
1.0,5.353470752476317e-08,0.9999987284495637,0.9999987284495637,0.0,1.2715504362770247e-06,0.0
1.0,5.6840531262679785e-08,0.9999986499300425,0.9999986499300425,0.0,1.3500699574953146e-06,0.0
1.0,6.035049304657548e-08,0.9999985665618842,0.9999985665618842,0.0,1.433438115761021e-06,0.0
1.0,6.407719861260568e-08,0.9999984780456479,0.9999984780456479,0.0,1.5219543521016732e-06,0.0
1.0,6.803403211421332e-08,0.9999983840634331,0.9999983840634331,0.0,1.615936566889964e-06,0.0
1.0,7.223520419020356e-08,0.9999982842777523,0.9999982842777523,0.0,1.7157222477193201e-06,0.0
1.0,7.669580300107335e-08,0.9999981783301949,0.9999981783301949,0.0,1.821669805113224e-06,0.0
1.0,8.1431848416886e-08,0.9999980658402586,0.9999980658402586,0.0,1.9341597413680134e-06,0.0
1.0,8.646034955130311e-08,0.9999979464039699,0.9999979464039699,0.0,2.0535960301160117e-06,0.0
1.0,9.17993658484043e-08,0.9999978195923875,0.9999978195923875,0.0,2.1804076124620764e-06,0.0
1.0,9.74680719416798e-08,0.9999976849500554,0.9999976849500554,0.0,2.315049944634495e-06,0.0
1.0,1.0348682651813312e-07,0.9999975419934478,0.9999975419934478,0.0,2.4580065521861982e-06,0.0
1.0,1.0987724543481525e-07,0.9999973902091226,0.9999973902091226,0.0,2.609790877405871e-06,0.0
1.0,1.1666227935037872e-07,0.9999972290519612,0.9999972290519612,0.0,2.7709480387994034e-06,0.0
1.0,1.2386629615046206e-07,0.9999970579431848,0.9999970579431848,0.0,2.942056815169458e-06,0.0
1.0,1.3151516846292555e-07,0.9999968762682749,0.9999968762682749,0.0,3.1237317250631946e-06,0.0
1.0,1.3963636657724647e-07,0.999996683374767,0.999996683374767,0.0,3.316625233007464e-06,0.0
1.0,1.482590571017807e-07,0.9999964785699071,0.9999964785699071,0.0,3.521430092856548e-06,0.0
1.0,1.57414207713213e-07,0.9999962611181189,0.9999962611181189,0.0,3.7388818810990543e-06,0.0
1.0,1.6713469837439665e-07,0.9999960302384957,0.9999960302384957,0.0,3.9697615042966206e-06,0.0
1.0,1.7745543942000785e-07,0.9999957851018141,0.9999957851018141,0.0,4.2148981859169155e-06,0.0
1.0,1.8841349693411138e-07,0.9999955248276962,0.9999955248276962,0.0,4.475172303841646e-06,0.0
1.0,2.000482258699243e-07,0.9999952484814011,0.9999952484814011,0.0,4.7515185989110975e-06,0.0
1.0,2.1240141138986008e-07,0.9999949550704078,0.9999949550704078,0.0,5.044929592190606e-06,0.0
1.0,2.2551741893346668e-07,0.9999946435409672,0.9999946435409672,0.0,5.356459032768157e-06,0.0
1.0,2.3944335355221965e-07,0.9999943127742625,0.9999943127742625,0.0,5.6872257374607216e-06,0.0
1.0,2.5422922908339995e-07,0.9999939615823212,0.9999939615823212,0.0,6.03841767876645e-06,0.0
1.0,2.69928147770634e-07,0.9999935887038847,0.9999935887038847,0.0,6.411296115338416e-06,0.0
1.0,2.865964909761934e-07,0.9999931927997352,0.9999931927997352,0.0,6.8072002648023044e-06,0.0
1.0,3.0429412166997193e-07,0.9999927724480363,0.9999927724480363,0.0,7.227551963695511e-06,0.0
1.0,3.230845994223671e-07,0.9999923261390743,0.9999923261390743,0.0,7.673860925705434e-06,0.0
1.0,3.430354086732005e-07,0.9999918522699001,0.9999918522699001,0.0,8.147730099938855e-06,0.0
1.0,3.6421820109647547e-07,0.9999913491386877,0.9999913491386877,0.0,8.650861312298197e-06,0.0
1.0,3.867090529314095e-07,0.9999908149383125,0.9999908149383125,0.0,9.185061687455587e-06,0.0
1.0,4.1058873820393155e-07,0.9999902477501595,0.9999902477501595,0.0,9.75224984045564e-06,0.0
1.0,4.35943018819884e-07,0.9999896455371412,0.9999896455371412,0.0,1.0354462858797042e-05,0.0
1.0,4.6286295257178003e-07,0.9999890061363851,0.9999890061363851,0.0,1.09938636149165e-05,5.041194307966174e-309
1.0,4.914452201653056e-07,0.9999883272513256,0.9999883272513256,0.0,1.1672748674418365e-05,2.3475514882470847e-291
1.0,5.217924724400403e-07,0.9999876064437284,0.9999876064437284,0.0,1.2393556271583783e-05,1.0295356270542537e-274
1.0,5.540136990314162e-07,0.9999868411244913,0.9999868411244913,0.0,1.3158875508678669e-05,4.878510038860473e-259
1.0,5.882246197979453e-07,0.9999860285447816,0.9999860285447816,0.0,1.3971455218420026e-05,2.8428694646418986e-244
1.0,6.245481004194755e-07,0.9999851657858452,0.9999851657858452,0.0,1.483421415482411e-05,2.3013678038639594e-230
1.0,6.631145936590684e-07,0.9999842497490697,0.9999842497490697,0.0,1.5750250930257614e-05,2.90289502536214e-217
1.0,7.040626078732677e-07,0.9999832771437401,0.9999832771437401,0.0,1.672285625986536e-05,6.3569671417101374e-205
1.0,7.475392044533519e-07,0.9999822444760893,0.9999822444760893,0.0,1.7755523910700788e-05,2.6758888930634225e-193
1.0,7.937005259840992e-07,0.9999811480370587,0.9999811480370587,0.0,1.8851962941268674e-05,2.3830854336865055e-182
1.0,8.427123570169176e-07,0.9999799838876485,0.9999799838876485,0.0,2.0016112351473048e-05,4.914688126276212e-172
1.0,8.947507194712853e-07,0.9999787478458194,0.9999787478458194,0.0,2.125215418058435e-05,2.5555644279080756e-162
1.0,9.500025048028449e-07,0.999977435470737,0.999977435470737,0.0,2.256452926296948e-05,3.6300529021903233e-153
1.0,1.0086661452085515e-06,0.9999760420481616,0.9999760420481616,0.0,2.3957951838404767e-05,1.5189764440042852e-144
1.0,1.070952326279418e-06,0.9999745625713029,0.9999745625713029,0.0,2.5437428697094866e-05,2.0103494088073803e-136
1.0,1.137084743660306e-06,0.9999729917240984,0.9999729917240984,0.0,2.7008275901629908e-05,8.998073136734198e-129
1.0,1.2073009064342625e-06,0.9999713238625112,0.9999713238625112,0.0,2.8676137488803377e-05,1.450671223719698e-121
1.0,1.2818529901166567e-06,0.9999695529925445,0.9999695529925445,0.0,3.0447007455469688e-05,8.939668029331535e-115
1.0,1.3610087423225829e-06,0.9999676727503439,0.9999676727503439,0.0,3.2327249656072254e-05,2.226886543871741e-108
1.0,1.4450524443601944e-06,0.9999656763778421,0.9999656763778421,0.0,3.432362215793905e-05,2.363620313245225e-102
1.0,1.5342859322033973e-06,0.9999635566986684,0.9999635566986684,0.0,3.644330133156792e-05,1.1233323708358653e-96
1.0,1.6290296805106646e-06,0.9999613060936559,0.9999613060936559,0.0,3.8693906344144935e-05,2.5048663109108753e-91
1.0,1.7296239535831692e-06,0.9999589164697033,0.9999589164697033,0.0,4.108353029674827e-05,2.738552185144815e-86
1.0,1.8364300273957434e-06,0.9999563792346918,0.9999563792346918,0.0,4.362076530817216e-05,1.5301022351753179e-81
1.0,1.949831487089519e-06,0.9999536852625476,0.9999536852625476,0.0,4.6314737452424204e-05,4.542956671649804e-77
1.0,2.0702356045861164e-06,0.9999508248627457,0.9999508248627457,0.0,4.9175137254331425e-05,7.436097435991892e-73
1.0,2.198074801270907e-06,0.9999477877436697,0.9999477877436697,0.0,5.2212256330341766e-05,6.946734823163213e-69
1.0,2.3338082009984817e-06,0.9999445629738696,0.9999445629738696,0.0,5.543702613042267e-05,3.8265873811606485e-65
1.0,2.477923278997857e-06,0.9999411389456241,0.9999411389456241,0.0,5.8861054375913824e-05,1.2816811780040538e-61
1.0,2.630937612599253e-06,0.9999375033288794,0.9999375033288794,0.0,6.2496671120571e-05,2.686903539217821e-58
1.0,2.79340074007006e-06,0.9999336430259814,0.9999336430259814,0.0,6.635697401857765e-05,3.622957642125295e-55
1.0,2.965896134235903e-06,0.9999295441262226,0.9999295441262226,0.0,7.045587377740858e-05,3.22374459707114e-52
1.0,3.149043297974808e-06,0.9999251918510464,0.9999251918510464,0.0,7.480814895355348e-05,1.9392910127070715e-49
1.0,3.3434999891103037e-06,0.9999205705014702,0.9999205705014702,0.0,7.942949852979275e-05,8.068606525653539e-47
1.0,3.54996458269404e-06,0.9999156633987527,0.9999156633987527,0.0,8.433660124729236e-05,2.372140578317083e-44
1.0,3.769178579161748e-06,0.9999104528187154,0.9999104528187154,0.0,8.954718128462158e-05,5.028519916254408e-42
1.0,4.001929267370433e-06,0.999904919930203,0.999904919930203,0.0,9.508006979697115e-05,7.833560393056309e-40
1.0,4.249052552080944e-06,0.9998990447200437,0.9998990447200437,0.0,0.00010095527995634956,9.130161332759309e-38
1.0,4.511435956040458e-06,0.999892805917091,0.999892805917091,0.0,0.00010719408290904564,8.0970423636196e-36
1.0,4.7900218074466675e-06,0.9998861809099794,0.9998861809099794,0.0,0.00011381909002061708,5.551436455742843e-34
1.0,5.0858106242412715e-06,0.9998791456592449,0.9998791456592449,0.0,0.00012085434075514989,2.9868695368557725e-32
1.0,5.399864707387021e-06,0.9998716746050375,0.9998716746050375,0.0,0.00012832539496254736,1.2790335400216623e-30
1.0,5.733311956033338e-06,0.9998637405589857,0.9998637405589857,0.0,0.00013625944101425258,4.4174258872951346e-29
1.0,6.087349918272477e-06,0.9998553146024306,0.9998553146024306,0.0,0.00014468539756939958,1.2459763489394231e-27
1.0,6.463250092033984e-06,0.9998463659666326,0.9998463659666326,0.0,0.00015363403336743353,2.9041512495896453e-26
1.0,6.862362491563834e-06,0.9998368619015106,0.9998368619015106,0.0,0.00016313809848944594,5.656084188559984e-25
1.0,7.286120495888524e-06,0.9998267675420146,0.9998267675420146,0.0,0.000173232457985395,9.301176274850663e-24
1.0,7.736045996676727e-06,0.9998160457544797,0.9998160457544797,0.0,0.00018395424552031248,1.3042463469488024e-22
1.0,8.213754863986747e-06,0.9998046569771032,0.9998046569771032,0.0,0.00019534302289681005,1.5740083797365824e-21
1.0,8.720962749529681e-06,0.9997925590463692,0.9997925590463692,0.0,0.0002074409536307886,1.6491950745563632e-20
1.0,9.259491248289969e-06,0.9997797069941874,0.9997797069941874,0.0,0.00022029300581261052,1.512607236103206e-19
1.0,9.831274440632393e-06,0.9997660528398467,0.9997660528398467,0.0,0.00023394716015334594,1.2238650646071011e-18
1.0,1.0438365838391144e-05,0.9997515453658739,0.9997515453658739,0.0,0.00024845463412614076,8.799596372632791e-18
1.0,1.1082945759886921e-05,0.9997361298444396,0.9997361298444396,0.0,0.0002638701555603407,5.661068882094242e-17
1.0,1.1767329160358994e-05,0.9997197477653706,0.9997197477653706,0.0,0.00028025223462902437,3.27983450185858e-16
1.0,1.249397394593474e-05,0.9997023365174172,0.9997023365174172,0.0,0.00029766348258103333,1.7217551277147586e-15
1.0,1.3265489800995265e-05,0.9996838290265437,0.9996838290265437,0.0,0.00031617097344802786,8.23666386479176e-15
1.0,1.4084647560639968e-05,0.999664153376927,0.999664153376927,0.0,0.00033584662303685225,3.6102866285835116e-14
1.0,1.4954389161910767e-05,0.9996432323541493,0.9996432323541493,0.0,0.00035676764570495394,1.457323989096022e-13
1.0,1.587783820951451e-05,0.9996209829505832,0.9996209829505832,0.0,0.00037901704887243306,5.443524114999468e-13
1.0,1.6858311193989696e-05,0.999597315784254,0.999597315784254,0.0,0.00040268421385588975,1.8900733575074805e-12
1.0,1.7899329402606895e-05,0.9995721344701685,0.9995721344701685,0.0,0.0004278655237051733,6.126365974644165e-12
1.0,1.9004631565779373e-05,0.999545334850737,0.999545334850737,0.0,0.0004546651306507678,1.8612188301783464e-11
1.0,2.0178187284402656e-05,0.9995168041554406,0.9995168041554406,0.0,0.00048319579136003784,5.3199320866440914e-11
1.0,2.1424211286346587e-05,0.9994864199957229,0.9994864199957229,0.0,0.0005135798607023307,1.435748169733121e-10
1.0,2.274717856330023e-05,0.9994540492176669,0.9994540492176669,0.0,0.0005459504152414877,3.6709161681410296e-10
1.0,2.415184044233262e-05,0.9994195465279805,0.9994195465279805,0.0,0.0005804525800056394,8.92013875931491e-10
1.0,2.564324164988948e-05,0.9993827529187286,0.9993827529187286,0.0,0.0006172450150915012,2.066179920315156e-09
1.0,2.7226738429509024e-05,0.9993434937481321,0.9993434937481321,0.0,0.0006565016768920713,4.5749757896543075e-09
1.0,2.89080177783255e-05,0.9993015765061277,0.9993015765061277,0.0,0.0006984137845432751,9.70932900484708e-09
1.0,3.0693117871447255e-05,0.9992567880998208,0.9992567880998208,0.0,0.0007431921004059653,1.9799773265059237e-08
1.0,3.258844974756087e-05,0.9992088915725066,0.9992088915725066,0.0,0.0007910695380263522,3.8889467062166354e-08
1.0,3.4600820333643795e-05,0.9991576221451715,0.9991576221451715,0.0,0.0008423041190847748,7.373574377179505e-08
1.0,3.6737456891477496e-05,0.9991026823098232,0.9991026823098232,0.0,0.0008971824458233233,1.3524435343438102e-07
1.0,3.9006032973757526e-05,0.9990437358758525,0.9990437358758525,0.0,0.0009560236730361532,2.404511113568276e-07
1.0,4.1414695983020355e-05,0.9989804003758653,0.9989804003758653,0.0,0.0010191844530318983,4.151711027722116e-07
1.0,4.397209643236314e-05,0.9989122377830564,0.9989122377830564,0.0,0.0010870647810176488,6.974359259730685e-07
1.0,4.668741901304269e-05,0.9988387424684303,0.9988387424684303,0.0,0.0011601156941213498,1.1418374483539979e-06
1.0,4.957041558053077e-05,0.9987593259142861,0.9987593259142861,0.0,0.001238849189005452,1.8248967084813083e-06
1.0,5.263144017749348e-05,0.9986732969230946,0.9986732969230946,0.0,0.0013238514890773839,2.8515878280273162e-06
1.0,5.5881486219475024e-05,0.9985798353877182,0.9985798353877182,0.0,0.001415801429914139,4.3631823676433225e-06
1.0,5.9332225976836046e-05,0.9984779576869605,0.9984779576869605,0.0,0.0015154956572673197,6.546655772220268e-06
1.0,6.299605249474357e-05,0.9983664694352772,0.9983664694352772,0.0,0.0016238845173381735,9.646047384644726e-06
1.0,6.688612410176288e-05,0.9982439006956149,0.9982439006956149,0.0,0.0017421228802163035,1.3976424168835699e-05
1.0,7.101641166690103e-05,0.9981084146293228,0.9981084146293228,0.0,0.0018716438216679157,1.9941549009324453e-05
1.0,7.540174877482297e-05,0.9979576760678126,0.9979576760678126,0.0,0.002014266815394967,2.8057116792428118e-05
1.0,8.005788499943827e-05,0.9977886574064606,0.9977886574064606,0.0,0.002172359849785247,3.898274375414219e-05
1.0,8.500154246718686e-05,0.9975973425968758,0.9975973425968758,0.0,0.0023490891343272455,5.3568268796930026e-05
1.0,9.025047591316794e-05,0.9973782597005272,0.9973782597005272,0.0,0.0025488159478192583,7.292435165356062e-05
1.0,9.582353644579559e-05,0.9971237098219401,0.9971237098219401,0.0,0.002777754043632795,9.853613442710867e-05
1.0,0.00010174073924898807,0.996822427503965,0.996822427503965,0.0,0.0030451151867676167,0.00013245730926739156
1.0,0.00010802333546503914,0.9964570970212032,0.9964570970212032,0.0,0.0033652382844915783,0.00017766469430520194
1.0,0.00011469388851632969,0.9959993526698236,0.9959993526698236,0.0,0.0037618851249437675,0.0002387622052325869
1.0,0.00012177635513998402,0.9953985439020409,0.9953985439020409,0.0,0.00427791641977973,0.00032353967817941515
1.0,0.00012929617142650235,0.9945522732241019,0.9945522732241019,0.0,0.005000730659396296,0.0004469961165018134
1.0,0.00013728034417136612,0.9932069082795704,0.9932069082795704,0.0,0.0061484593424220415,0.0006446323780075926
1.0,0.00014575754786769952,0.9905122961164907,0.9905122961164907,0.0,0.008455206827868851,0.0010324970556404277
1.0,0.00015475822768833096,0.9779791319635163,0.9779791319635163,0.0,0.019294492440423767,0.002726375596059965
1.0,0.00016431470882710136,0.7464917622429508,0.7464917622429508,0.0,0.21806702534209452,0.03544121241495471
1.0,0.00017446131259211132,0.07056998828612569,0.07056998828612569,0.0,0.7837400523780292,0.14568995933584503
1.0,0.0001852344796678499,0.5749451412729292,0.5749451412729292,0.0,0.350844586407846,0.07421027231922486
1.0,0.00019667290098888466,0.007248736221544765,0.007248736221544765,0.0,0.800909405067388,0.1918418587110673
1.0,0.00020881765669513772,0.11833726080215683,0.11833726080215683,0.0,0.6941954952962917,0.1874672439015515
1.0,0.00022171236366779788,0.0046039005788911045,0.0046039005788911045,0.0,0.7638038408487071,0.2315922585724017
1.0,0.00023540333217572475,0.00854167591584222,0.00854167591584222,0.0,0.7403660097606469,0.25109231432351087
1.0,0.00024993973219493074,0.0007533483136915075,0.0007533483136915075,0.0,0.7251394524523869,0.27410719923392163
1.0,0.0002653737699984678,0.005129268170817806,0.005129268170817806,0.0,0.7006415849065843,0.2942291469225979
1.0,0.00028176087565091884,0.0041985518640420645,0.0041985518640420645,0.0,0.6796734662231604,0.31612798191279756
1.0,0.00029915990208086786,0.00043763328130413145,0.00043763328130413145,0.0,0.6603422563747958,0.3392201103439001
1.0,0.00031763333644630734,0.00027592262996043495,0.00027592262996043495,0.0,0.6384408485526012,0.3612832288174384
1.0,0.0003372475245520731,0.00024312243304239444,0.00024312243304239444,0.0,0.6164289305930197,0.38332794697393796
1.0,0.00035807290912528885,2.31024056290232e-06,2.31024056290232e-06,0.0,0.5945934189260836,0.4054042708333535
1.0,0.0003801842828045725,0.01964970392011045,0.01964970392011045,0.0,0.5614838089873235,0.418866487092566
1.0,0.00040366105675158253,2.3101783108153754e-05,2.3101783108153754e-05,0.0,0.5510630801731561,0.44891381804373576
1.0,0.00042858754584960523,1.9032751230571647e-06,1.9032751230571647e-06,0.0,0.5296691971142687,0.4703288996106082
1.0,0.00045505327151345844,2.505990995535803e-06,2.505990995535803e-06,0.0,0.5085757725973157,0.4914217214116888
1.0,0.0004831532831982138,5.203313205309385e-07,5.203313205309385e-07,0.0,0.4878460979175221,0.5121533817511573
1.0,0.0005129884997614151,2.1271675256012178e-07,2.1271675256012178e-07,0.0,0.4675221821751302,0.5324776051081173
1.0,0.0005446660719047769,7.56321658498786e-08,7.56321658498786e-08,0.0,0.4476432456786976,0.5523566786891365
1.0,0.0005782997669970258,3.5158870292300454e-07,3.5158870292300454e-07,0.0,0.42824211439640514,0.5717575340148919
1.0,0.0006140103776599503,4.233596821278322e-09,4.233596821278322e-09,0.0,0.40934687848284135,0.5906531172835618
1.0,0.0006519261555850734,3.950035948382615e-08,3.950035948382615e-08,0.0,0.3909797595060871,0.6090202009935534
1.0,0.0006921832721389458,3.3224264695418117e-09,3.3224264695418117e-09,0.0,0.37315891711522897,0.6268410795623446
1.0,0.0007349263074112912,1.7333926891254346e-10,1.7333926891254346e-10,0.0,0.3558979296407224,0.6441020701859383
1.0,0.0007803087694623961,7.945409884238954e-12,7.945409884238954e-12,0.0,0.33920641910778726,0.6607935808842673
1.0,0.0008284936456345519,9.198649557145941e-13,9.198649557145941e-13,0.0,0.3230903316199979,0.6769096683790823
1.0,0.0008796539879075492,2.171187010559673e-12,2.171187010559673e-12,0.0,0.3075522887957698,0.6924477112020591
1.0,0.0009339735344004961,4.219399229873029e-12,4.219399229873029e-12,0.0,0.29259192311961035,0.7074080768761702
1.0,0.0009916473692520055,3.0323816985535426e-17,3.0323816985535426e-17,0.0,0.2782062014036,0.7217937985964
1.0,0.0010528826232486645,1.3616732262419627e-17,1.3616732262419627e-17,0.0,0.26438973429024726,0.7356102657097527
1.0,0.0011178992177180603,1.6279163450156699e-19,1.6279163450156699e-19,0.0,0.2511350696989051,0.7488649303010949
1.0,0.0011869306543579512,1.564372267225547e-22,1.564372267225547e-22,0.0,0.23843296867454233,0.7615670313254577
1.0,0.0012602248538382094,1.2328910441661308e-25,1.2328910441661308e-25,0.0,0.22627266270685253,0.7737273372931475
1.0,0.001338045046187325,5.193284153022676e-28,5.193284153022676e-28,0.0,0.21464209202865026,0.7853579079713497
1.0,0.0014206707161611772,8.516104500786503e-30,8.516104500786503e-30,0.0,0.2035281248010603,0.7964718751989397
1.0,0.0015083986069893104,1.1094078537067656e-32,1.1094078537067656e-32,0.0,0.19291675740795833,0.8070832425920417
1.0,0.001601543786103605,8.054194562756849e-36,8.054194562756849e-36,0.0,0.18279329633335228,0.8172067036666477
1.0,0.0017004407766767794,3.2779614986864864e-37,3.2779614986864864e-37,0.0,0.17314252228969162,0.8268574777103084
1.0,0.0018054447590345618,1.684120380384013e-43,1.684120380384013e-43,0.0,0.16394883741012078,0.8360511625898792
1.0,0.001916932846256344,3.8623940841772125e-48,3.8623940841772125e-48,0.0,0.15519639642067584,0.8448036035793242
1.0,0.002035305438545468,1.4803613550873363e-54,1.4803613550873363e-54,0.0,0.14686922277596648,0.8531307772240335
1.0,0.0021609876612332796,1.9705428757029127e-60,1.9705428757029127e-60,0.0,0.1389513107799526,0.8610486892200474
1.0,0.0022944308915814637,3.024048446307424e-68,3.024048446307424e-68,0.0,0.13142671472737577,0.8685732852726242
1.0,0.002436114379865969,1.415716906298604e-76,1.415716906298604e-76,0.0,0.12427962609594945,0.8757203739040506
1.0,0.002586546970564545,2.1464452332757156e-85,2.1464452332757156e-85,0.0,0.11749443979861562,0.8825055602013844
1.0,0.0027462689298294396,1.981609268782445e-94,1.981609268782445e-94,0.0,0.11105581047260515,0.8889441895273948
1.0,0.0029158538858083914,1.5865996708176362e-107,1.5865996708176362e-107,0.0,0.10494869974067689,0.8950513002593231
1.0,0.0030959108887824464,1.1678685059237468e-117,1.1678685059237468e-117,0.0,0.0991584153322943,0.9008415846677057
1.0,0.0032870865985194816,5.799864425837988e-133,5.799864425837988e-133,0.0,0.09367064290072447,0.9063293570992755
1.0,0.0034900676066990225,6.81375104305058e-149,6.81375104305058e-149,0.0,0.08847147131786703,0.911528528682133
1.0,0.003705582902749201,8.330851196992612e-169,8.330851196992612e-169,0.0,0.0835474121734121,0.9164525878265879
1.0,0.0039344064919517654,7.224321200573302e-188,7.224321200573302e-188,0.0,0.07888541414982275,0.9211145858501772
1.0,0.004177360175217731,1.5083607597100806e-210,1.5083607597100806e-210,0.0,0.07447287289052162,0.9255271271094784
1.0,0.004435316500517051,2.246755495094961e-235,2.246755495094961e-235,0.0,0.07029763692617419,0.9297023630738258
1.0,0.00470920189656222,4.712534031211065e-266,4.712534031211065e-266,0.0,0.06634801017363068,0.9336519898263693
1.0,0.005,1.244981659944358e-298,1.244981659944358e-298,0.0,0.06261275147424505,0.937387248525755
2.0,1e-08,0.9999996621299329,0.9999996621299329,0.0,3.378700671463619e-07,0.0
2.0,1.0617510376121387e-08,0.9999996412661061,0.9999996412661061,0.0,3.587338939237128e-07,0.0
2.0,1.1273152658704557e-08,0.9999996191139205,0.9999996191139205,0.0,3.8088607945407915e-07,0.0
2.0,1.1969281532539604e-08,0.9999995955938148,0.9999995955938148,0.0,4.044061852059855e-07,0.0
2.0,1.2708397086645736e-08,0.9999995706213188,0.9999995706213188,0.0,4.2937868116599276e-07,0.0
2.0,1.349315379313322e-08,0.9999995441067453,0.9999995441067453,0.0,4.558932547027439e-07,0.0
2.0,1.4326370040519364e-08,0.9999995159548711,0.9999995159548711,0.0,4.840451288679049e-07,0.0
2.0,1.5211038255736894e-08,0.9999994860645898,0.9999994860645898,0.0,5.139354102290383e-07,0.0
2.0,1.6150335651186618e-08,0.9999994543285542,0.9999994543285542,0.0,5.456714458063061e-07,0.0
2.0,1.7147635635431708e-08,0.9999994206327868,0.9999994206327868,0.0,5.7936721320484e-07,0.0
2.0,1.8206519928514504e-08,0.9999993848562713,0.9999993848562713,0.0,6.151437287327255e-07,0.0
2.0,1.93307914254064e-08,0.9999993468705146,0.9999993468705146,0.0,6.531294853839853e-07,0.0
2.0,2.052448785378908e-08,0.999999306539106,0.999999306539106,0.0,6.93460894041209e-07,0.0
2.0,2.1791896275218293e-08,0.9999992637171929,0.9999992637171929,0.0,7.362828070567318e-07,0.0
2.0,2.3137568481749175e-08,0.9999992182509844,0.9999992182509844,0.0,7.817490156325491e-07,0.0
2.0,2.4566337343319104e-08,0.9999991699771845,0.9999991699771845,0.0,8.30022815478948e-07,0.0
2.0,2.6083334164598893e-08,0.9999991187224387,0.9999991187224387,0.0,8.812775612598855e-07,0.0
2.0,2.769400711364708e-08,0.9999990643026628,0.9999990643026628,0.0,9.356973371676958e-07,0.0
2.0,2.9404140788552742e-08,0.9999990065224025,0.9999990065224025,0.0,9.934775975217747e-07,0.0
2.0,3.121987699233929e-08,0.9999989451741645,0.9999989451741645,0.0,1.0548258354559081e-06,0.0
2.0,3.314773679073964e-08,0.9999988800376038,0.9999988800376038,0.0,1.1199623961566374e-06,0.0
2.0,3.519464393206189e-08,0.9999988108787967,0.9999988108787967,0.0,1.189121203282184e-06,0.0
2.0,3.7367949713256476e-08,0.9999987374493807,0.9999987374493807,0.0,1.262550619274272e-06,0.0
2.0,3.967545938148837e-08,0.999998659485614,0.999998659485614,0.0,1.3405143860500957e-06,0.0
2.0,4.212546016603354e-08,0.9999985767075115,0.9999985767075115,0.0,1.4232924885337894e-06,0.0
2.0,4.472675104117493e-08,0.9999984888177833,0.9999984888177833,0.0,1.5111822166957722e-06,0.0
2.0,4.748867432698739e-08,0.9999983955007826,0.9999983955007826,0.0,1.6044992173780415e-06,0.0
2.0,5.04211492415038e-08,0.9999982964213702,0.9999982964213702,0.0,1.7035786298302824e-06,0.0
2.0,5.353470752476317e-08,0.9999981912236946,0.9999981912236946,0.0,1.8087763054008832e-06,0.0
2.0,5.6840531262679785e-08,0.9999980795299677,0.9999980795299677,0.0,1.9204700323349755e-06,0.0
2.0,6.035049304657548e-08,0.9999979609390717,0.9999979609390717,0.0,2.0390609283271743e-06,0.0
2.0,6.407719861260568e-08,0.999997835025061,0.999997835025061,0.0,2.1649749389895945e-06,0.0
2.0,6.803403211421332e-08,0.999997701335726,0.999997701335726,0.0,2.298664274036355e-06,0.0
2.0,7.223520419020356e-08,0.9999975593909823,0.9999975593909823,0.0,2.4406090176620765e-06,0.0
2.0,7.669580300107335e-08,0.9999974086810028,0.9999974086810028,0.0,2.591318997158254e-06,0.0
2.0,8.1431848416886e-08,0.999997248664527,0.999997248664527,0.0,2.751335473005767e-06,0.0
2.0,8.646034955130311e-08,0.9999970787668987,0.9999970787668987,0.0,2.9212331013050985e-06,0.0
2.0,9.17993658484043e-08,0.9999968983779514,0.9999968983779514,0.0,3.1016220486401735e-06,0.0
2.0,9.74680719416798e-08,0.9999967068498092,0.9999967068498092,0.0,3.293150190764038e-06,0.0
2.0,1.0348682651813312e-07,0.9999965034946527,0.9999965034946527,0.0,3.4965053472557628e-06,0.0
2.0,1.0987724543481525e-07,0.999996287582122,0.999996287582122,0.0,3.7124178779990302e-06,0.0
2.0,1.1666227935037872e-07,0.999996058336791,0.999996058336791,0.0,3.941663209050539e-06,0.0
2.0,1.2386629615046206e-07,0.9999958149353505,0.9999958149353505,0.0,4.1850646494978605e-06,0.0
2.0,1.3151516846292555e-07,0.9999955565036535,0.9999955565036535,0.0,4.443496346540066e-06,0.0
2.0,1.3963636657724647e-07,0.9999952821135742,0.9999952821135742,0.0,4.717886425753548e-06,0.0
2.0,1.482590571017807e-07,0.9999949907796768,0.9999949907796768,0.0,5.009220323204389e-06,0.0
2.0,1.57414207713213e-07,0.999994681455621,0.999994681455621,0.0,5.318544379018242e-06,0.0
2.0,1.6713469837439665e-07,0.9999943530305618,0.9999943530305618,0.0,5.646969438166671e-06,0.0
2.0,1.7745543942000785e-07,0.9999940043249492,0.9999940043249492,0.0,5.995675050773919e-06,0.0
2.0,1.8841349693411138e-07,0.9999936340864533,0.9999936340864533,0.0,6.365913546746427e-06,0.0
2.0,2.000482258699243e-07,0.9999932409854145,0.9999932409854145,0.0,6.759014585466794e-06,0.0
2.0,2.1240141138986008e-07,0.9999928236099961,0.9999928236099961,0.0,7.176390003915678e-06,0.0
2.0,2.2551741893346668e-07,0.9999923804612499,0.9999923804612499,0.0,7.61953875005883e-06,0.0
2.0,2.3944335355221965e-07,0.9999919099476708,0.9999919099476708,0.0,8.09005232915716e-06,0.0
2.0,2.5422922908339995e-07,0.9999914103793974,0.9999914103793974,0.0,8.589620602572623e-06,0.0
2.0,2.69928147770634e-07,0.999990879962301,0.999990879962301,0.0,9.120037699039685e-06,0.0
2.0,2.865964909761934e-07,0.9999903167913786,0.9999903167913786,0.0,9.683208621380501e-06,0.0
2.0,3.0429412166997193e-07,0.9999897188440826,0.9999897188440826,0.0,1.0281155917390983e-05,0.0
2.0,3.230845994223671e-07,0.9999890839728798,0.9999890839728798,0.0,1.0916027120222438e-05,0.0
2.0,3.430354086732005e-07,0.9999884098976171,0.9999884098976171,0.0,1.1590102382941225e-05,0.0
2.0,3.6421820109647547e-07,0.9999876941974593,0.9999876941974593,0.0,1.2305802540746313e-05,0.0
2.0,3.867090529314095e-07,0.9999869343018422,0.9999869343018422,0.0,1.3065698157843642e-05,0.0
2.0,4.1058873820393155e-07,0.9999861274815821,0.9999861274815821,0.0,1.3872518417890056e-05,0.0
2.0,4.35943018819884e-07,0.999985270838967,0.999985270838967,0.0,1.4729161032955851e-05,0.0
2.0,4.6286295257178003e-07,0.9999843612973573,0.9999843612973573,0.0,1.563870264265077e-05,7.1710675616477e-309
2.0,4.914452201653056e-07,0.9999833955899682,0.9999833955899682,0.0,1.660441003181745e-05,3.3393769170310844e-291
2.0,5.217924724400403e-07,0.9999823702484549,0.9999823702484549,0.0,1.7629751545067407e-05,1.4645075968531676e-274
2.0,5.540136990314162e-07,0.9999812815899409,0.9999812815899409,0.0,1.8718410059070933e-05,6.939647033248206e-259
2.0,5.882246197979453e-07,0.9999801257042947,0.9999801257042947,0.0,1.9874295705268885e-05,4.043961599453339e-244
2.0,6.245481004194755e-07,0.9999788984397181,0.9999788984397181,0.0,2.11015602818998e-05,3.2736787360094912e-230
2.0,6.631145936590684e-07,0.9999775953884598,0.9999775953884598,0.0,2.240461154023876e-05,4.129345981427263e-217
2.0,7.040626078732677e-07,0.9999762118696938,0.9999762118696938,0.0,2.3788130306234834e-05,9.042735306072137e-205
2.0,7.475392044533519e-07,0.9999747429137124,0.9999747429137124,0.0,2.5257086287644448e-05,3.8064298754665553e-193
2.0,7.937005259840992e-07,0.9999731832444221,0.9999731832444221,0.0,2.6816755577918627e-05,3.3899185880835665e-182
2.0,8.427123570169176e-07,0.9999715272588601,0.9999715272588601,0.0,2.8472741139928814e-05,6.991099987138418e-172
2.0,8.947507194712853e-07,0.9999697690082733,0.9999697690082733,0.0,3.0230991726720724e-05,3.635266637947314e-162
2.0,9.500025048028449e-07,0.9999679021758909,0.9999679021758909,0.0,3.2097824109067474e-05,5.163715059295741e-153
2.0,1.0086661452085515e-06,0.9999659200557811,0.9999659200557811,0.0,3.4079944218889935e-05,2.1607286311716994e-144
2.0,1.070952326279418e-06,0.9999638155261896,0.9999638155261896,0.0,3.6184473810374485e-05,2.8597008132744288e-136
2.0,1.137084743660306e-06,0.9999615810254049,0.9999615810254049,0.0,3.8418974595111344e-05,1.2799659797028464e-128
2.0,1.2073009064342625e-06,0.999959208525031,0.999959208525031,0.0,4.079147496904856e-05,2.063563090872543e-121
2.0,1.2818529901166567e-06,0.9999566894991485,0.9999566894991485,0.0,4.331050085149002e-05,1.2716569940828318e-114
2.0,1.3610087423225829e-06,0.9999540148955479,0.9999540148955479,0.0,4.598510445208426e-05,3.167717990622433e-108
2.0,1.4450524443601944e-06,0.9999511751014526,0.9999511751014526,0.0,4.8824898547406015e-05,3.3622186337957144e-102
2.0,1.5342859322033973e-06,0.9999481599091595,0.9999481599091595,0.0,5.1840090840471476e-05,1.5979247219771025e-96
2.0,1.6290296805106646e-06,0.9999449584808081,0.9999449584808081,0.0,5.50415191918896e-05,3.563135908245693e-91
2.0,1.7296239535831692e-06,0.9999415593050365,0.9999415593050365,0.0,5.844069496352411e-05,3.8955486964665204e-86
2.0,1.8364300273957434e-06,0.9999379501601612,0.9999379501601612,0.0,6.204983983881807e-05,2.176545917039629e-81
2.0,1.949831487089519e-06,0.9999341180654837,0.9999341180654837,0.0,6.588193451628754e-05,6.462279404248208e-77
2.0,2.0702356045861164e-06,0.9999300492371953,0.9999300492371953,0.0,6.995076280469359e-05,1.0577717053384379e-72
2.0,2.198074801270907e-06,0.9999257290366182,0.9999257290366182,0.0,7.427096338175065e-05,9.881601063351514e-69
2.0,2.3338082009984817e-06,0.9999211419154159,0.9999211419154159,0.0,7.885808458407695e-05,5.443245650695714e-65
2.0,2.477923278997857e-06,0.9999162713628227,0.9999162713628227,0.0,8.372863717731605e-05,1.823165070145422e-61
2.0,2.630937612599253e-06,0.9999110998410621,0.9999110998410621,0.0,8.890015893792125e-05,3.822061997934219e-58
2.0,2.79340074007006e-06,0.9999056087209474,0.9999056087209474,0.0,9.439127905264133e-05,5.153574448678249e-55
2.0,2.965896134235903e-06,0.9998997782164732,0.9998997782164732,0.0,0.00010022178352675493,4.5856990458162056e-52
2.0,3.149043297974808e-06,0.9998935873077656,0.9998935873077656,0.0,0.00010641269223443661,2.7585922198975076e-49
2.0,3.3434999891103037e-06,0.9998870136656861,0.9998870136656861,0.0,0.00011298633431389149,1.147737668283018e-46
2.0,3.54996458269404e-06,0.9998800335676448,0.9998800335676448,0.0,0.00011996643235523408,3.374302948151098e-44
2.0,3.769178579161748e-06,0.999872621805029,0.999872621805029,0.0,0.00012737819497099512,7.152919624262775e-42
2.0,4.001929267370433e-06,0.9998647515942686,0.9998647515942686,0.0,0.00013524840573142516,1.1142993022870629e-39
2.0,4.249052552080944e-06,0.9998563944710767,0.9998563944710767,0.0,0.00014360552892334066,1.2987350913327535e-37
2.0,4.511435956040458e-06,0.999847520182288,0.999847520182288,0.0,0.00015247981771204788,1.1517758351074623e-35
2.0,4.7900218074466675e-06,0.9998380965689886,0.9998380965689886,0.0,0.00016190343101141202,7.896712309541325e-34
2.0,5.0858106242412715e-06,0.9998280894415522,0.9998280894415522,0.0,0.00017191055844778536,4.2487047373155565e-32
2.0,5.399864707387021e-06,0.9998174624478688,0.9998174624478688,0.0,0.00018253755213115674,1.8193721636885858e-30
2.0,5.733311956033338e-06,0.9998061769213743,0.9998061769213743,0.0,0.00019382307862569892,6.283594580333302e-29
2.0,6.087349918272477e-06,0.9997941917343764,0.9997941917343764,0.0,0.0002058082656235527,1.7723435515335213e-27
2.0,6.463250092033984e-06,0.9997814631282819,0.9997814631282819,0.0,0.00021853687171813352,4.131012609450647e-26
2.0,6.862362491563834e-06,0.9997679445280595,0.9997679445280595,0.0,0.00023205547194049547,8.04548598926065e-25
2.0,7.286120495888524e-06,0.9997535863511932,0.9997535863511932,0.0,0.00024641364880684247,1.3230411960527726e-23
2.0,7.736045996676727e-06,0.999738335790413,0.999738335790413,0.0,0.0002616642095869537,1.85521453182958e-22
2.0,8.213754863986747e-06,0.9997221365861869,0.9997221365861869,0.0,0.0002778634138130842,2.2389299360594172e-21
2.0,8.720962749529681e-06,0.9997049287791113,0.9997049287791113,0.0,0.0002950712208886763,2.3458723825530635e-20
2.0,9.259491248289969e-06,0.9996866484241108,0.9996866484241108,0.0,0.0003133515758891867,2.151579254120805e-19
2.0,9.831274440632393e-06,0.9996672272937391,0.9996672272937391,0.0,0.00033277270626086257,1.7408584459006764e-18
2.0,1.0438365838391144e-05,0.9996465925573098,0.9996465925573098,0.0,0.00035340744269017757,1.251674319416818e-17
2.0,1.1082945759886921e-05,0.9996246663965239,0.9996246663965239,0.0,0.00037533360347599963,8.052405087381672e-17
2.0,1.1767329160358994e-05,0.999601365615698,0.999601365615698,0.0,0.0003986343843015214,4.665278794261844e-16
2.0,1.249397394593474e-05,0.9995766011896142,0.9995766011896142,0.0,0.0004233988103833287,2.449037639836695e-15
2.0,1.3265489800995265e-05,0.9995502777520548,0.9995502777520548,0.0,0.0004497222479334343,1.1715847752719578e-14
2.0,1.4084647560639968e-05,0.9995222930531767,0.9995222930531767,0.0,0.0004777069467719005,5.135257835011198e-14
2.0,1.4954389161910767e-05,0.9994925373139155,0.9994925373139155,0.0,0.0005074626858771928,2.072882882186935e-13
2.0,1.587783820951451e-05,0.9994608925214494,0.9994608925214494,0.0,0.0005391074777762935,7.742777177391605e-13
2.0,1.6858311193989696e-05,0.999427231606712,0.999427231606712,0.0,0.0005727683905996195,2.688395119164527e-12
2.0,1.7899329402606895e-05,0.9993914175457885,0.9993914175457885,0.0,0.0006085824454975204,8.713950015357749e-12
2.0,1.9004631565779373e-05,0.9993533022732776,0.9993533022732776,0.0,0.0006466977002491933,2.647324054549856e-11
2.0,2.0178187284402656e-05,0.9993127254839027,0.9993127254839027,0.0,0.0006872744404291377,7.566815384873651e-11
2.0,2.1424211286346587e-05,0.9992695132077124,0.9992695132077124,0.0,0.000730486588075,2.04212599070576e-10
2.0,2.274717856330023e-05,0.9992234761776323,0.9992234761776323,0.0,0.0007765233002411767,5.221265261851107e-10
2.0,2.415184044233262e-05,0.9991744078825637,0.9991744078825637,0.0,0.000825590848704734,1.268731535105803e-09
2.0,2.564324164988948e-05,0.9991220823241442,0.9991220823241442,0.0,0.0008779147371041242,2.938751641897669e-09
2.0,2.7226738429509024e-05,0.9990662512978289,0.9990662512978289,0.0,0.0009337421951840201,6.50698709098324e-09
2.0,2.89080177783255e-05,0.9990066412135641,0.9990066412135641,0.0,0.0009933449769816782,1.3809454237983696e-08
2.0,3.0693117871447255e-05,0.9989429492423803,0.9989429492423803,0.0,0.0010570225969224758,2.816069727285429e-08
2.0,3.258844974756087e-05,0.998874838659663,0.998874838659663,0.0,0.001125106029429738,5.531090728397508e-08
2.0,3.4600820333643795e-05,0.9988019332186927,0.9988019332186927,0.0,0.0011979619110941214,1.048702131728691e-07
2.0,3.6737456891477496e-05,0.9987238101915993,0.9987238101915993,0.0,0.0012759974601751277,1.923482255907634e-07
2.0,3.9006032973757526e-05,0.9986399918985858,0.9986399918985858,0.0,0.0013596661295142312,3.4197190000290897e-07
2.0,4.1414695983020355e-05,0.9985499349509276,0.9985499349509276,0.0,0.0014494745966131689,5.904524592442556e-07
2.0,4.397209643236314e-05,0.9984530170367416,0.9984530170367416,0.0,0.001545991090697791,9.918725606008045e-07
2.0,4.668741901304269e-05,0.9983485198481559,0.9983485198481559,0.0,0.0016498562899260605,1.6238619180708293e-06
2.0,4.957041558053077e-05,0.9982356073711205,0.9982356073711205,0.0,0.0017617973991265962,2.595229752911358e-06
2.0,5.263144017749348e-05,0.9981132977694787,0.9981132977694787,0.0,0.0018826469922322926,4.05523828904953e-06
2.0,5.5881486219475024e-05,0.9979804261815914,0.9979804261815914,0.0,0.0020133690666506096,6.204751757950392e-06
2.0,5.9332225976836046e-05,0.9978355955521665,0.9978355955521665,0.0,0.002155094844052821,9.30960378068038e-06
2.0,6.299605249474357e-05,0.9976771095986192,0.9976771095986192,0.0,0.002309173663313592,1.3716738067192197e-05
2.0,6.688612410176288e-05,0.9975028808249754,0.9975028808249754,0.0,0.002477245129916143,1.9874045108455084e-05
2.0,7.101641166690103e-05,0.9973103008688868,0.9973103008688868,0.0,0.002661343674428582,2.8355456684583652e-05
2.0,7.540174877482297e-05,0.9970960539910431,0.9970960539910431,0.0,0.0028640520670370835,3.9893941919853264e-05
2.0,8.005788499943827e-05,0.9968558415995421,0.9968558415995421,0.0,0.0030887314749305835,5.542692552731339e-05
2.0,8.500154246718686e-05,0.9965839622566863,0.9965839622566863,0.0,0.003339875728780787,7.616201453288409e-05
2.0,9.025047591316794e-05,0.9962726484658431,0.9962726484658431,0.0,0.0036236743339140404,0.00010367720024289032
2.0,9.582353644579559e-05,0.9959109728600279,0.9959109728600279,0.0,0.003948944984487955,0.00014008215548410178
2.0,0.00010174073924898807,0.9954829481394493,0.9954829481394493,0.0,0.0043287582697620446,0.00018829359078869097
2.0,0.00010802333546503914,0.9949640050008155,0.9949640050008155,0.0,0.004783456750915422,0.00025253824826907876
2.0,0.00011469388851632969,0.9943139036894268,0.9943139036894268,0.0,0.0053467450050889275,0.00033935130548422423
2.0,0.00012177635513998402,0.9934608113054325,0.9934608113054325,0.0,0.0060794022789732605,0.00045978641559422733
2.0,0.00012929617142650235,0.992259577823741,0.992259577823741,0.0,0.007105306137000272,0.0006351160392587601
2.0,0.00013728034417136612,0.9903517045596206,0.9903517045596206,0.0,0.00873271769030327,0.0009155777500761031
2.0,0.00014575754786769952,0.9865148645482706,0.9865148645482706,0.0,0.012017618882939377,0.0014675165687899803
2.0,0.00015475822768833096,0.9673503788773502,0.9673503788773502,0.0,0.028607313158135507,0.004042307964514291
2.0,0.00016431470882710136,0.3825345535188454,0.3825345535188454,0.0,0.5311419240534305,0.08632352242772409
2.0,0.00017446131259211132,0.023799868966769742,0.023799868966769742,0.0,0.8231788646641588,0.1530212663690714
2.0,0.0001852344796678499,0.1307709427529692,0.1307709427529692,0.0,0.7174704695690468,0.15175858767798395
2.0,0.00019667290098888466,0.0010967700707006458,0.0010967700707006458,0.0,0.8058725491394632,0.19303068078983615
2.0,0.00020881765669513772,0.011558266326769156,0.011558266326769156,0.0,0.778270157478934,0.21017157619429686
2.0,0.00022171236366779788,0.00027861579542439515,0.00027861579542439515,0.0,0.7671227900914234,0.2325985941131522
2.0,0.00023540333217572475,0.0003045601532776455,0.0003045601532776455,0.0,0.7465170303138304,0.253178409532892
2.0,0.00024993973219493074,1.4914299604111863e-05,1.4914299604111863e-05,0.0,0.7256753237868006,0.27430976191359535
2.0,0.0002653737699984678,5.2640016312500034e-05,5.2640016312500034e-05,0.0,0.7042168200425243,0.2957305399411632
2.0,0.00028176087565091884,2.064641165293476e-05,2.064641165293476e-05,0.0,0.6825250502268727,0.31745430336147445
2.0,0.00029915990208086786,9.427886522222775e-07,9.427886522222775e-07,0.0,0.6606307478135058,0.33936830939784185
2.0,0.00031763333644630734,2.3521202547392516e-07,2.3521202547392516e-07,0.0,0.6386169072402189,0.36138285754775556
2.0,0.0003372475245520731,7.308147311226208e-08,7.308147311226208e-08,0.0,0.6165787896789945,0.3834211372395325
2.0,0.00035807290912528885,2.1494462869171985e-10,2.1494462869171985e-10,0.0,0.594594792455287,0.40540520732976837
2.0,0.0003801842828045725,4.883442263580931e-07,4.883442263580931e-07,0.0,0.5727376602375112,0.4272618514182625
2.0,0.00040366105675158253,1.2985448101020926e-10,1.2985448101020926e-10,0.0,0.5510758109354585,0.44892418893468705
2.0,0.00042858754584960523,2.00535408760325e-12,2.00535408760325e-12,0.0,0.5296702052213316,0.47032979477666303
2.0,0.00045505327151345844,4.0041694519348164e-13,4.0041694519348164e-13,0.0,0.5085770470866124,0.49142295291298704
2.0,0.0004831532831982138,9.927301333115169e-15,9.927301333115169e-15,0.0,0.4878463517592537,0.5121536482407364
2.0,0.0005129884997614151,3.700544844910789e-16,3.700544844910789e-16,0.0,0.4675222816249516,0.5324777183750481
2.0,0.0005446660719047769,8.85147646774775e-18,8.85147646774775e-18,0.0,0.44764327953492844,0.5523567204650716
2.0,0.0005782997669970258,1.964547368011337e-18,1.964547368011337e-18,0.0,0.4282422649615476,0.5717577350384524
2.0,0.0006140103776599503,7.672366726779525e-22,7.672366726779525e-22,0.0,0.409346880215851,0.590653119784149
2.0,0.0006519261555850734,1.5013228283170524e-22,1.5013228283170524e-22,0.0,0.39097977494992875,0.6090202250500713
2.0,0.0006921832721389458,1.619973415080876e-25,1.619973415080876e-25,0.0,0.373158918355022,0.626841081644978
2.0,0.0007349263074112912,6.229478756013343e-29,6.229478756013343e-29,0.0,0.3558979297024135,0.6441020702975865
2.0,0.0007803087694623961,1.1267624845119526e-32,1.1267624845119526e-32,0.0,0.33920641911048244,0.6607935808895176
2.0,0.0008284936456345519,2.5450464802258492e-36,2.5450464802258492e-36,0.0,0.3230903316202951,0.6769096683797049
2.0,0.0008796539879075492,5.2973128995998245e-39,5.2973128995998245e-39,0.0,0.3075522887964375,0.6924477112035625
2.0,0.0009339735344004961,3.708560539283934e-42,3.708560539283934e-42,0.0,0.2925919231208449,0.7074080768791551
2.0,0.0009916473692520055,3.499717028677938e-51,3.499717028677938e-51,0.0,0.2782062014036,0.7217937985964
2.0,0.0010528826232486645,6.614553714260212e-56,6.614553714260212e-56,0.0,0.26438973429024726,0.7356102657097527
2.0,0.0011178992177180603,9.230056792096455e-63,9.230056792096455e-63,0.0,0.2511350696989051,0.7488649303010949
2.0,0.0011869306543579512,2.438347603495443e-71,2.438347603495443e-71,0.0,0.23843296867454233,0.7615670313254577
2.0,0.0012602248538382094,1.0350121566020253e-80,1.0350121566020253e-80,0.0,0.22627266270685253,0.7737273372931475
2.0,0.001338045046187325,3.7383056512990687e-90,3.7383056512990687e-90,0.0,0.21464209202865026,0.7853579079713497
2.0,0.0014206707161611772,6.622505782845944e-100,6.622505782845944e-100,0.0,0.2035281248010603,0.7964718751989397
2.0,0.0015083986069893104,9.020115715350206e-112,9.020115715350206e-112,0.0,0.19291675740795833,0.8070832425920417
2.0,0.001601543786103605,4.922036469503031e-125,4.922036469503031e-125,0.0,0.18279329633335228,0.8172067036666477
2.0,0.0017004407766767794,7.741458794353973e-138,7.741458794353973e-138,0.0,0.17314252228969162,0.8268574777103084
2.0,0.0018054447590345618,5.416046764698754e-157,5.416046764698754e-157,0.0,0.16394883741012078,0.8360511625898792
2.0,0.001916932846256344,3.892763494179056e-176,3.892763494179056e-176,0.0,0.15519639642067584,0.8448036035793242
2.0,0.002035305438545468,6.657623136515923e-199,6.657623136515923e-199,0.0,0.14686922277596648,0.8531307772240335
2.0,0.0021609876612332796,3.2768085619573037e-223,3.2768085619573037e-223,0.0,0.1389513107799526,0.8610486892200474
2.0,0.0022944308915814637,8.369637940412853e-252,8.369637940412853e-252,0.0,0.13142671472737577,0.8685732852726242
2.0,0.002436114379865969,1.4754364716641035e-283,1.4754364716641035e-283,0.0,0.12427962609594945,0.8757203739040506
2.0,0.002586546970564545,8.77525e-319,8.77525e-319,0.0,0.11749443979861562,0.8825055602013844
2.0,0.0027462689298294396,0.0,0.0,0.0,0.11105581047260515,0.8889441895273948
2.0,0.0029158538858083914,0.0,0.0,0.0,0.10494869974067689,0.8950513002593231
2.0,0.0030959108887824464,0.0,0.0,0.0,0.0991584153322943,0.9008415846677057
2.0,0.0032870865985194816,0.0,0.0,0.0,0.09367064290072447,0.9063293570992755
2.0,0.0034900676066990225,0.0,0.0,0.0,0.08847147131786703,0.911528528682133
2.0,0.003705582902749201,0.0,0.0,0.0,0.0835474121734121,0.9164525878265879
2.0,0.0039344064919517654,0.0,0.0,0.0,0.07888541414982275,0.9211145858501772
2.0,0.004177360175217731,0.0,0.0,0.0,0.07447287289052162,0.9255271271094784
2.0,0.004435316500517051,0.0,0.0,0.0,0.07029763692617419,0.9297023630738258
2.0,0.00470920189656222,0.0,0.0,0.0,0.06634801017363068,0.9336519898263693
2.0,0.005,0.0,0.0,0.0,0.06261275147424505,0.937387248525755
5.0,1e-08,0.9999989596727354,0.9999989596727354,0.0,1.0403272645564954e-06,0.0
5.0,1.0617510376121387e-08,0.9999988954314761,0.9999988954314761,0.0,1.1045685238686431e-06,0.0
5.0,1.1273152658704557e-08,0.9999988272232639,0.9999988272232639,0.0,1.1727767360580899e-06,0.0
5.0,1.1969281532539604e-08,0.9999987548031288,0.9999987548031288,0.0,1.2451968711690853e-06,0.0
5.0,1.2708397086645736e-08,0.9999986779109811,0.9999986779109811,0.0,1.3220890189291623e-06,0.0
5.0,1.349315379313322e-08,0.9999985962706693,0.9999985962706693,0.0,1.403729330662351e-06,0.0
5.0,1.4326370040519364e-08,0.999998509588992,0.999998509588992,0.0,1.4904110080538047e-06,0.0
5.0,1.5211038255736894e-08,0.9999984175546385,0.9999984175546385,0.0,1.5824453615254086e-06,0.0
5.0,1.6150335651186618e-08,0.9999983198370781,0.9999983198370781,0.0,1.6801629219020953e-06,0.0
5.0,1.7147635635431708e-08,0.9999982160853677,0.9999982160853677,0.0,1.7839146323472832e-06,0.0
5.0,1.8206519928514504e-08,0.9999981059268925,0.9999981059268925,0.0,1.8940731074668093e-06,0.0
5.0,1.93307914254064e-08,0.9999979889660184,0.9999979889660184,0.0,2.01103398156377e-06,0.0
5.0,2.052448785378908e-08,0.9999978647827169,0.9999978647827169,0.0,2.135217283094626e-06,0.0
5.0,2.1791896275218293e-08,0.9999977329309842,0.9999977329309842,0.0,2.2670690158488327e-06,0.0
5.0,2.3137568481749175e-08,0.9999975929372902,0.9999975929372902,0.0,2.4070627098193853e-06,0.0
5.0,2.4566337343319104e-08,0.9999974442988453,0.9999974442988453,0.0,2.555701154705048e-06,0.0
5.0,2.6083334164598893e-08,0.9999972864818628,0.9999972864818628,0.0,2.713518137187343e-06,0.0
5.0,2.769400711364708e-08,0.9999971189195463,0.9999971189195463,0.0,2.8810804536538726e-06,0.0
5.0,2.9404140788552742e-08,0.9999969410100931,0.9999969410100931,0.0,3.0589899069344284e-06,0.0
5.0,3.121987699233929e-08,0.9999967521146025,0.9999967521146025,0.0,3.2478853975170807e-06,0.0
5.0,3.314773679073964e-08,0.9999965515546365,0.9999965515546365,0.0,3.4484453634853196e-06,0.0
5.0,3.519464393206189e-08,0.9999963386099278,0.9999963386099278,0.0,3.6613900722404225e-06,0.0
5.0,3.7367949713256476e-08,0.9999961125157365,0.9999961125157365,0.0,3.887484263498386e-06,0.0
5.0,3.967545938148837e-08,0.9999958724600244,0.9999958724600244,0.0,4.127539975584682e-06,0.0
5.0,4.212546016603354e-08,0.999995617580686,0.999995617580686,0.0,4.38241931399741e-06,0.0
5.0,4.472675104117493e-08,0.9999953469623549,0.9999953469623549,0.0,4.653037645074853e-06,0.0
5.0,4.748867432698739e-08,0.9999950596331411,0.9999950596331411,0.0,4.940366858940948e-06,0.0
5.0,5.04211492415038e-08,0.9999947545611402,0.9999947545611402,0.0,5.245438859824425e-06,0.0
5.0,5.353470752476317e-08,0.9999944306506932,0.9999944306506932,0.0,5.5693493068442734e-06,0.0
5.0,5.6840531262679785e-08,0.9999940867385544,0.9999940867385544,0.0,5.91326144561144e-06,0.0
5.0,6.035049304657548e-08,0.9999937215896515,0.9999937215896515,0.0,6.278410348503627e-06,0.0
5.0,6.407719861260568e-08,0.9999933338925308,0.9999933338925308,0.0,6.666107469244231e-06,0.0
5.0,6.803403211421332e-08,0.9999929222548296,0.9999929222548296,0.0,7.077745170391836e-06,0.0
5.0,7.223520419020356e-08,0.9999924851983046,0.9999924851983046,0.0,7.514801695363005e-06,0.0
5.0,7.669580300107335e-08,0.9999920211532449,0.9999920211532449,0.0,7.978846755074542e-06,0.0
5.0,8.1431848416886e-08,0.9999915284531024,0.9999915284531024,0.0,8.471546897648174e-06,0.0
5.0,8.646034955130311e-08,0.9999910053284774,0.9999910053284774,0.0,8.994671522599695e-06,0.0
5.0,9.17993658484043e-08,0.9999904499006611,0.9999904499006611,0.0,9.55009933889528e-06,0.0
5.0,9.74680719416798e-08,0.9999898601748742,0.9999898601748742,0.0,1.0139825125765611e-05,0.0
5.0,1.0348682651813312e-07,0.9999892340332864,0.9999892340332864,0.0,1.0765966713566222e-05,0.0
5.0,1.0987724543481525e-07,0.9999885692271622,0.9999885692271622,0.0,1.143077283782823e-05,0.0
5.0,1.1666227935037872e-07,0.9999878633689744,0.9999878633689744,0.0,1.2136631025616573e-05,0.0
5.0,1.2386629615046206e-07,0.9999871139237715,0.9999871139237715,0.0,1.2886076228513232e-05,0.0
5.0,1.3151516846292555e-07,0.9999863182000729,0.9999863182000729,0.0,1.368179992711216e-05,0.0
5.0,1.3963636657724647e-07,0.9999854733402054,0.9999854733402054,0.0,1.4526659794622532e-05,0.0
5.0,1.482590571017807e-07,0.9999845763100428,0.9999845763100428,0.0,1.542368995721688e-05,0.0
5.0,1.57414207713213e-07,0.9999836238880038,0.9999836238880038,0.0,1.6376111996230236e-05,0.0
5.0,1.6713469837439665e-07,0.9999826126537883,0.9999826126537883,0.0,1.738734621170579e-05,0.0
5.0,1.7745543942000785e-07,0.9999815389756878,0.9999815389756878,0.0,1.8461024312244056e-05,0.0
5.0,1.8841349693411138e-07,0.9999803989978528,0.9999803989978528,0.0,1.9601002147151547e-05,0.0
5.0,2.000482258699243e-07,0.9999791886263503,0.9999791886263503,0.0,2.0811373649731735e-05,0.0
5.0,2.1240141138986008e-07,0.9999779035143206,0.9999779035143206,0.0,2.209648567941258e-05,0.0
5.0,2.2551741893346668e-07,0.9999765390466323,0.9999765390466323,0.0,2.346095336769327e-05,0.0
5.0,2.3944335355221965e-07,0.9999750903231884,0.9999750903231884,0.0,2.4909676811568637e-05,0.0
5.0,2.5422922908339995e-07,0.9999735521411699,0.9999735521411699,0.0,2.6447858830103144e-05,0.0
5.0,2.69928147770634e-07,0.9999719189766587,0.9999719189766587,0.0,2.8081023341286482e-05,0.0
5.0,2.865964909761934e-07,0.9999701849644821,0.9999701849644821,0.0,2.9815035517910538e-05,0.0
5.0,3.0429412166997193e-07,0.9999683438774909,0.9999683438774909,0.0,3.165612250910499e-05,0.0
5.0,3.230845994223671e-07,0.9999663891038457,0.9999663891038457,0.0,3.3610896154279146e-05,0.0
5.0,3.430354086732005e-07,0.9999643136234324,0.9999643136234324,0.0,3.568637656758966e-05,0.0
5.0,3.6421820109647547e-07,0.999962109982901,0.999962109982901,0.0,3.789001709897377e-05,0.0
5.0,3.867090529314095e-07,0.9999597702682115,0.9999597702682115,0.0,4.0229731788521406e-05,0.0
5.0,4.1058873820393155e-07,0.9999572860768831,0.9999572860768831,0.0,4.2713923116943775e-05,0.0
5.0,4.35943018819884e-07,0.9999546484876128,0.9999546484876128,0.0,4.535151238715951e-05,0.0
5.0,4.6286295257178003e-07,0.9999518480282502,0.9999518480282502,0.0,4.8151971749788025e-05,2.2079903335623024e-308
5.0,4.914452201653056e-07,0.9999488746414645,0.9999488746414645,0.0,5.1125358535464294e-05,1.0282017960356315e-290
5.0,5.217924724400403e-07,0.9999457176492372,0.9999457176492372,0.0,5.428235076276877e-05,4.509247612701921e-274
5.0,5.540136990314162e-07,0.9999423657135247,0.9999423657135247,0.0,5.763428647531654e-05,2.136728514278842e-258
5.0,5.882246197979453e-07,0.9999388067965087,0.9999388067965087,0.0,6.119320349129431e-05,1.2451408026535658e-243
5.0,6.245481004194755e-07,0.9999350281166615,0.9999350281166615,0.0,6.49718833385382e-05,1.0079684633856491e-229
5.0,6.631145936590684e-07,0.9999310161040458,0.9999310161040458,0.0,6.898389595422216e-05,1.2714274158699742e-216
5.0,7.040626078732677e-07,0.9999267563490817,0.9999267563490817,0.0,7.324365091831986e-05,2.7842581135143694e-204
5.0,7.475392044533519e-07,0.9999222335527331,0.9999222335527331,0.0,7.776644726686932e-05,1.1719979288755594e-192
5.0,7.937005259840992e-07,0.9999174314722333,0.9999174314722333,0.0,8.256852776666879e-05,1.0437526130021468e-181
5.0,8.427123570169176e-07,0.9999123328597572,0.9999123328597572,0.0,8.766714024277533e-05,2.1525491346677584e-171
5.0,8.947507194712853e-07,0.9999069194028011,0.9999069194028011,0.0,9.308059719892459e-05,1.1192910662549653e-161
5.0,9.500025048028449e-07,0.9999011716567203,0.9999011716567203,0.0,9.882834327967771e-05,1.5898940773818919e-152
5.0,1.0086661452085515e-06,0.9998950689778595,0.9998950689778595,0.0,0.00010493102214048644,6.652812058048774e-144
5.0,1.070952326279418e-06,0.9998885894443809,0.9998885894443809,0.0,0.00011141055561914026,8.804905059032944e-136
5.0,1.137084743660306e-06,0.9998817097802792,0.9998817097802792,0.0,0.00011829021972076248,3.9409551808656725e-128
5.0,1.2073009064342625e-06,0.9998744052725668,0.9998744052725668,0.0,0.0001255947274332314,6.353598249047543e-121
5.0,1.2818529901166567e-06,0.9998666496785421,0.9998666496785421,0.0,0.00013335032145789238,3.9153522958922056e-114
5.0,1.3610087423225829e-06,0.9998584151350384,0.9998584151350384,0.0,0.00014158486496163025,9.753178323344567e-108
5.0,1.4450524443601944e-06,0.9998496720547931,0.9998496720547931,0.0,0.00015032794520686288,1.0352001408953024e-101
5.0,1.5342859322033973e-06,0.9998403890203442,0.9998403890203442,0.0,0.00015961097965577764,4.919866577313888e-96
5.0,1.6290296805106646e-06,0.9998305326737645,0.9998305326737645,0.0,0.0001694673262354618,1.097053868151475e-90
5.0,1.7296239535831692e-06,0.9998200675880147,0.9998200675880147,0.0,0.0001799324119853285,1.1993961971174604e-85
5.0,1.8364300273957434e-06,0.9998089561481718,0.9998089561481718,0.0,0.00019104385182822092,6.701318113831873e-81
5.0,1.949831487089519e-06,0.9997971584066186,0.9997971584066186,0.0,0.0002028415933813532,1.9896486963495942e-76
5.0,2.0702356045861164e-06,0.9997846319439814,0.9997846319439814,0.0,0.00021536805601862774,3.256722682586134e-72
5.0,2.198074801270907e-06,0.9997713317117928,0.9997713317117928,0.0,0.0002286682882072233,3.0423852027998383e-68
5.0,2.3338082009984817e-06,0.9997572098656606,0.9997572098656606,0.0,0.0002427901343393657,1.6758793340530004e-64
5.0,2.477923278997857e-06,0.9997422155984781,0.9997422155984781,0.0,0.00025778440152190996,5.613175280612565e-61
5.0,2.630937612599253e-06,0.9997262949465697,0.9997262949465697,0.0,0.0002737050534302732,1.1767331980687497e-57
5.0,2.79340074007006e-06,0.9997093905917606,0.9997093905917606,0.0,0.0002906094082394395,1.5866690608282124e-54
5.0,2.965896134235903e-06,0.9996914416567599,0.9996914416567599,0.0,0.0003085583432400618,1.4118245059935978e-51
5.0,3.149043297974808e-06,0.9996723834728446,0.9996723834728446,0.0,0.00032761652715540546,8.492975639876469e-49
5.0,3.3434999891103037e-06,0.9996521473453001,0.9996521473453001,0.0,0.00034785265469994275,3.533556489249547e-46
5.0,3.54996458269404e-06,0.9996306602959324,0.9996306602959324,0.0,0.0003693397040676061,1.0388439731326254e-43
5.0,3.769178579161748e-06,0.9996078447829768,0.9996078447829768,0.0,0.00039215521702318235,2.2021467239670644e-41
5.0,4.001929267370433e-06,0.9995836184212589,0.9995836184212589,0.0,0.0004163815787411318,3.4305299213491873e-39
5.0,4.249052552080944e-06,0.9995578936623285,0.9995578936623285,0.0,0.00044210633767149954,3.99830716226178e-37
5.0,4.511435956040458e-06,0.9995305774619603,0.9995305774619603,0.0,0.000469422538039721,3.5458432721240346e-35
5.0,4.7900218074466675e-06,0.9995015709221025,0.9995015709221025,0.0,0.0004984290778975442,2.4310485641218053e-33
5.0,5.0858106242412715e-06,0.999470768907718,0.999470768907718,0.0,0.0005292310922819787,1.3079747219808397e-31
5.0,5.399864707387021e-06,0.9994380596401496,0.9994380596401496,0.0,0.0005619403598503547,5.600922311209058e-30
5.0,5.733311956033338e-06,0.9994033242400808,0.9994033242400808,0.0,0.0005966757599191741,1.93437675112197e-28
5.0,6.087349918272477e-06,0.999366436268485,0.999366436268485,0.0,0.0006335637315150189,5.4560131034292875e-27
5.0,6.463250092033984e-06,0.9993272612092334,0.9993272612092334,0.0,0.0006727387907665694,1.2716812525383461e-25
5.0,6.862362491563834e-06,0.9992856559061888,0.9992856559061888,0.0,0.0007143440938112144,2.47666876812237e-24
5.0,7.286120495888524e-06,0.9992414679730987,0.9992414679730987,0.0,0.0007585320269013485,4.0727010251878006e-23
5.0,7.736045996676727e-06,0.9991945351342477,0.9991945351342477,0.0,0.0008054648657522812,5.710792951701785e-22
5.0,8.213754863986747e-06,0.9991446845247672,0.9991446845247672,0.0,0.0008553154752327652,6.891844435344481e-21
5.0,8.720962749529681e-06,0.9990917319290062,0.9990917319290062,0.0,0.0009082680709937562,7.220904083027656e-20
5.0,9.259491248289969e-06,0.9990354809189868,0.9990354809189868,0.0,0.000964519081013248,6.622718392345516e-19
5.0,9.831274440632393e-06,0.99897572194259,0.99897572194259,0.0,0.0010242780574100053,5.358381482750405e-18
5.0,1.0438365838391144e-05,0.9989122313318218,0.9989122313318218,0.0,0.0010877686681781298,3.852584702406555e-17
5.0,1.1082945759886921e-05,0.998844770150157,0.998844770150157,0.0,0.0011552298498427058,2.4784294914759483e-16
5.0,1.1767329160358994e-05,0.9987730829863828,0.9987730829863828,0.0,0.0012269170136157766,1.4358796308978878e-15
5.0,1.249397394593474e-05,0.9986968965778664,0.9986968965778664,0.0,0.0013031034221260406,7.537454643524756e-15
5.0,1.3265489800995265e-05,0.9986159182615308,0.9986159182615308,0.0,0.001384081738433099,3.605712414566112e-14
5.0,1.4084647560639968e-05,0.9985298342981224,0.9985298342981224,0.0,0.0014701657017195948,1.580399864296964e-13
5.0,1.4954389161910767e-05,0.9984383079193345,0.9984383079193345,0.0,0.0015616920800275579,6.379197663253304e-13
5.0,1.587783820951451e-05,0.9983409771701836,0.9983409771701836,0.0,0.0016590228274337235,2.3827241532635233e-12
5.0,1.6858311193989696e-05,0.9982374524160931,0.9982374524160931,0.0,0.0017625475756340807,8.272845320024335e-12
5.0,1.7899329402606895e-05,0.9981273135768239,0.9981273135768239,0.0,0.001872686396362118,2.6813944064718202e-11
5.0,1.9004631565779373e-05,0.9980101068462073,0.9980101068462073,0.0,0.0019898930723343863,8.1458335082111e-11
5.0,2.0178187284402656e-05,0.9978853410174955,0.9978853410174955,0.0,0.00211465874968293,2.328215836292009e-10
5.0,2.1424211286346587e-05,0.9977524831561692,0.9977524831561692,0.0,0.002247516215522076,6.283087674949959e-10
5.0,2.274717856330023e-05,0.9976109536134715,0.9976109536134715,0.0,0.002389044780158587,1.6063698946025903e-09
5.0,2.415184044233262e-05,0.9974601201189929,0.9974601201189929,0.0,0.0025398759778379526,3.903169170777923e-09
5.0,2.564324164988948e-05,0.9972992909207954,0.9972992909207954,0.0,0.002700700038820234,9.040384376660416e-09
5.0,2.7226738429509024e-05,0.9971277065395853,0.9971277065395853,0.0,0.0028722734443478557,2.0016066876427393e-08
5.0,2.89080177783255e-05,0.9969445300608768,0.9969445300608768,0.0,0.0030554274626556086,4.247646759258693e-08
5.0,3.0693117871447255e-05,0.9967488354137507,0.9967488354137507,0.0,0.0032510779725639706,8.661368532931518e-08
5.0,3.258844974756087e-05,0.9965395932113728,0.9965395932113728,0.0,0.0034602366812549173,1.7010737232872722e-07
5.0,3.4600820333643795e-05,0.9963156536059332,0.9963156536059332,0.0,0.0036840238926855785,3.2250138120587153e-07
5.0,3.6737456891477496e-05,0.9960757251585161,0.9960757251585161,0.0,0.0039236833720195105,5.914694644332234e-07
5.0,3.9006032973757526e-05,0.9958183489933342,0.9958183489933342,0.0,0.0041805995370911495,1.0514695746382336e-06
5.0,4.1414695983020355e-05,0.9955418662117881,0.9955418662117881,0.0,0.004456318479263828,1.8153089480871854e-06
5.0,4.397209643236314e-05,0.9952443775540571,0.9952443775540571,0.0,0.004752573303499311,3.0491424435422977e-06
5.0,4.668741901304269e-05,0.9949236916307853,0.9949236916307853,0.0,0.005071316953583112,4.991415631575796e-06
5.0,4.957041558053077e-05,0.9945772589212662,0.9945772589212662,0.0,0.005414764816104042,7.976262629708335e-06
5.0,5.263144017749348e-05,0.9942020862788894,0.9942020862788894,0.0,0.0057854518066981974,1.2461914412406478e-05
5.0,5.5881486219475024e-05,0.9937946241196448,0.9937946241196448,0.0,0.0061863110575933675,1.9064822761822765e-05
5.0,5.9332225976836046e-05,0.9933506169591173,0.9933506169591173,0.0,0.006620782507577306,2.8600533305388725e-05
5.0,6.299605249474357e-05,0.9928649001994699,0.9928649001994699,0.0,0.007092966820433815,4.2132980096249767e-05
5.0,6.688612410176288e-05,0.9923311210252175,0.9923311210252175,0.0,0.00760784398366136,6.103499112116237e-05
5.0,7.101641166690103e-05,0.9917413453942776,0.9917413453942776,0.0,0.008171589877836423,8.706472788597032e-05
5.0,7.540174877482297e-05,0.9910854930581622,0.9910854930581622,0.0,0.00879204088321108,0.0001224660586267396
5.0,8.005788499943827e-05,0.9903505034142911,0.9903505034142911,0.0,0.00947939003873778,0.00017010654697112622
5.0,8.500154246718686e-05,0.989519064955631,0.989519064955631,0.0,0.010247258139384574,0.0002336769049844033
5.0,9.025047591316794e-05,0.9885676103501154,0.9885676103501154,0.0,0.011114394918203355,0.0003179947316812235
5.0,9.582353644579559e-05,0.9874630130749361,0.9874630130749361,0.0,0.012107494018408601,0.0004294929066552862
5.0,0.00010174073924898807,0.9861568552528935,0.9861568552528935,0.0,0.013266092388021419,0.0005770523590850422
5.0,0.00010802333546503914,0.9845748164846153,0.9845748164846153,0.0,0.014651662329435313,0.0007735211859493756
5.0,0.00011469388851632969,0.9825953512796164,0.9825953512796164,0.0,0.016365923742445068,0.0010387249779385398
5.0,0.00012177635513998402,0.980001893528908,0.980001893528908,0.0,0.018591990495167684,0.0014061159759243317
5.0,0.00012929617142650235,0.9763580165426727,0.9763580165426727,0.0,0.02170211473289345,0.0019398687244338148
5.0,0.00013728034417136612,0.970593784378246,0.970593784378246,0.0,0.026615704395849916,0.002790511225904136
5.0,0.00014575754786769952,0.9589809265002079,0.9589809265002079,0.0,0.03655518285421169,0.004463890645580367
5.0,0.00015475822768833096,0.8961141459472082,0.8961141459472082,0.0,0.09102387891193335,0.012861975140858479
5.0,0.00016431470882710136,0.003549688344154351,0.003549688344154351,0.0,0.8571435677456642,0.13930674391018144
5.0,0.00017446131259211132,1.1810171672880749e-05,1.1810171672880749e-05,0.0,0.8432380990455212,0.15675009078280602
5.0,0.0001852344796678499,4.11817862265083e-06,4.11817862265083e-06,0.0,0.825406731304883,0.17458915051649437
5.0,0.00019667290098888466,1.991079732227885e-09,1.991079732227885e-09,0.0,0.8067573748779899,0.19324262313093035
5.0,0.00020881765669513772,9.80146497880479e-10,9.80146497880479e-10,0.0,0.7873707980984579,0.21262920092139553
5.0,0.00022171236366779788,8.282554777570269e-13,8.282554777570269e-13,0.0,0.7673365821829912,0.23266341781618058
5.0,0.00023540333217572475,2.231428788275157e-14,2.231428788275157e-14,0.0,0.7467444589206818,0.2532555410792959
5.0,0.00024993973219493074,1.7776741680553186e-17,1.7776741680553186e-17,0.0,0.7256861468874138,0.2743138531125862
5.0,0.0002653737699984678,6.311611836714462e-19,6.311611836714462e-19,0.0,0.7042538919788861,0.29574610802111384
5.0,0.00028176087565091884,1.4356877704214096e-21,1.4356877704214096e-21,0.0,0.6825391422109719,0.31746085778902805
5.0,0.00029915990208086786,2.0302166190364996e-25,2.0302166190364996e-25,0.0,0.6606313706492655,0.33936862935073453
5.0,0.00031763333644630734,7.694225813165907e-29,7.694225813165907e-29,0.0,0.6386170574506305,0.3613829425493695
5.0,0.0003372475245520731,1.620627149616264e-32,1.620627149616264e-32,0.0,0.6165788347394839,0.38342116526051606
5.0,0.00035807290912528885,1.2972161324531334e-38,1.2972161324531334e-38,0.0,0.5945947925830919,0.40540520741690805
5.0,0.0003801842828045725,2.85967305815861e-39,2.85967305815861e-39,0.0,0.5727379399307773,0.4272620600692227
5.0,0.00040366105675158253,2.3021679927928174e-47,2.3021679927928174e-47,0.0,0.5510758110070182,0.44892418899298187
5.0,0.00042858754584960523,2.8907966491958227e-54,2.8907966491958227e-54,0.0,0.5296702052223938,0.4703297947776062
5.0,0.00045505327151345844,1.0647387039329223e-60,1.0647387039329223e-60,0.0,0.5085770470868162,0.49142295291318383
5.0,0.0004831532831982138,9.134606816798412e-69,9.134606816798412e-69,0.0,0.4878463517592585,0.5121536482407415
5.0,0.0005129884997614151,1.7844875114544083e-77,1.7844875114544083e-77,0.0,0.4675222816249517,0.5324777183750483
5.0,0.0005446660719047769,2.661828015409816e-87,2.661828015409816e-87,0.0,0.44764327953492844,0.5523567204650716
5.0,0.0005782997669970258,3.340839818207797e-97,3.340839818207797e-97,0.0,0.4282422649615476,0.5717577350384524
5.0,0.0006140103776599503,4.9257044610807374e-111,4.9257044610807374e-111,0.0,0.409346880215851,0.590653119784149
5.0,0.0006519261555850734,1.7202254555587283e-123,1.7202254555587283e-123,0.0,0.39097977494992875,0.6090202250500713
5.0,0.0006921832721389458,1.0613911286686486e-139,1.0613911286686486e-139,0.0,0.373158918355022,0.626841081644978
5.0,0.0007349263074112912,4.823196429083098e-158,4.823196429083098e-158,0.0,0.3558979297024135,0.6441020702975865
5.0,0.0007803087694623961,1.2997052876438878e-178,1.2997052876438878e-178,0.0,0.33920641911048244,0.6607935808895176
5.0,0.0008284936456345519,3.1586189008372816e-201,3.1586189008372816e-201,0.0,0.3230903316202951,0.6769096683797049
5.0,0.0008796539879075492,2.7262418907781177e-225,2.7262418907781177e-225,0.0,0.3075522887964375,0.6924477112035625
5.0,0.0009339735344004961,1.5027566151442274e-252,1.5027566151442274e-252,0.0,0.2925919231208449,0.7074080768791551
5.0,0.0009916473692520055,9.54500977292155e-289,9.54500977292155e-289,0.0,0.2782062014036,0.7217937985964
5.0,0.0010528826232486645,5e-324,5e-324,0.0,0.26438973429024726,0.7356102657097527
5.0,0.0011178992177180603,0.0,0.0,0.0,0.2511350696989051,0.7488649303010949
5.0,0.0011869306543579512,0.0,0.0,0.0,0.23843296867454233,0.7615670313254577
5.0,0.0012602248538382094,0.0,0.0,0.0,0.22627266270685253,0.7737273372931475
5.0,0.001338045046187325,0.0,0.0,0.0,0.21464209202865026,0.7853579079713497
5.0,0.0014206707161611772,0.0,0.0,0.0,0.2035281248010603,0.7964718751989397
5.0,0.0015083986069893104,0.0,0.0,0.0,0.19291675740795833,0.8070832425920417
5.0,0.001601543786103605,0.0,0.0,0.0,0.18279329633335228,0.8172067036666477
5.0,0.0017004407766767794,0.0,0.0,0.0,0.17314252228969162,0.8268574777103084
5.0,0.0018054447590345618,0.0,0.0,0.0,0.16394883741012078,0.8360511625898792
5.0,0.001916932846256344,0.0,0.0,0.0,0.15519639642067584,0.8448036035793242
5.0,0.002035305438545468,0.0,0.0,0.0,0.14686922277596648,0.8531307772240335
5.0,0.0021609876612332796,0.0,0.0,0.0,0.1389513107799526,0.8610486892200474
5.0,0.0022944308915814637,0.0,0.0,0.0,0.13142671472737577,0.8685732852726242
5.0,0.002436114379865969,0.0,0.0,0.0,0.12427962609594945,0.8757203739040506
5.0,0.002586546970564545,0.0,0.0,0.0,0.11749443979861562,0.8825055602013844
5.0,0.0027462689298294396,0.0,0.0,0.0,0.11105581047260515,0.8889441895273948
5.0,0.0029158538858083914,0.0,0.0,0.0,0.10494869974067689,0.8950513002593231
5.0,0.0030959108887824464,0.0,0.0,0.0,0.0991584153322943,0.9008415846677057
5.0,0.0032870865985194816,0.0,0.0,0.0,0.09367064290072447,0.9063293570992755
5.0,0.0034900676066990225,0.0,0.0,0.0,0.08847147131786703,0.911528528682133
5.0,0.003705582902749201,0.0,0.0,0.0,0.0835474121734121,0.9164525878265879
5.0,0.0039344064919517654,0.0,0.0,0.0,0.07888541414982275,0.9211145858501772
5.0,0.004177360175217731,0.0,0.0,0.0,0.07447287289052162,0.9255271271094784
5.0,0.004435316500517051,0.0,0.0,0.0,0.07029763692617419,0.9297023630738258
5.0,0.00470920189656222,0.0,0.0,0.0,0.06634801017363068,0.9336519898263693
5.0,0.005,0.0,0.0,0.0,0.06261275147424505,0.937387248525755
10.0,1e-08,0.9999964509010587,0.9999964509010587,0.0,3.5490989412911844e-06,0.0
10.0,1.0617510376121387e-08,0.9999962317409107,0.9999962317409107,0.0,3.768259089320658e-06,0.0
10.0,1.1273152658704557e-08,0.9999959990474674,0.9999959990474674,0.0,4.000952532612345e-06,0.0
10.0,1.1969281532539604e-08,0.999995751985022,0.999995751985022,0.0,4.248014978003312e-06,0.0
10.0,1.2708397086645736e-08,0.9999954896662809,0.9999954896662809,0.0,4.510333719065507e-06,0.0
10.0,1.349315379313322e-08,0.9999952111491607,0.9999952111491607,0.0,4.788850839321235e-06,0.0
10.0,1.4326370040519364e-08,0.9999949154334048,0.9999949154334048,0.0,5.084566595203732e-06,0.0
10.0,1.5211038255736894e-08,0.999994601456989,0.999994601456989,0.0,5.3985430109593224e-06,0.0
10.0,1.6150335651186618e-08,0.9999942680923124,0.9999942680923124,0.0,5.731907687600568e-06,0.0
10.0,1.7147635635431708e-08,0.9999939141421432,0.9999939141421432,0.0,6.0858578567746235e-06,0.0
10.0,1.8206519928514504e-08,0.9999935383353201,0.9999935383353201,0.0,6.461664679879853e-06,0.0
10.0,1.93307914254064e-08,0.999993139322156,0.999993139322156,0.0,6.860677843945062e-06,0.0
10.0,2.052448785378908e-08,0.9999927156697245,0.9999927156697245,0.0,7.284330275525441e-06,0.0
10.0,2.1791896275218293e-08,0.9999922658565118,0.9999922658565118,0.0,7.734143488202783e-06,0.0
10.0,2.3137568481749175e-08,0.9999917882670887,0.9999917882670887,0.0,8.211732911322933e-06,0.0
10.0,2.4566337343319104e-08,0.9999912811862284,0.9999912811862284,0.0,8.718813771624312e-06,0.0
10.0,2.6083334164598893e-08,0.9999907427929252,0.9999907427929252,0.0,9.2572070747865e-06,0.0
10.0,2.769400711364708e-08,0.9999901711535945,0.9999901711535945,0.0,9.828846405546265e-06,0.0
10.0,2.9404140788552742e-08,0.9999895642152468,0.9999895642152468,0.0,1.0435784753237698e-05,0.0
10.0,3.121987699233929e-08,0.9999889197982829,0.9999889197982829,0.0,1.1080201717139637e-05,0.0
10.0,3.314773679073964e-08,0.9999882355882982,0.9999882355882982,0.0,1.1764411701808974e-05,0.0
10.0,3.519464393206189e-08,0.9999875091281467,0.9999875091281467,0.0,1.24908718532879e-05,0.0
10.0,3.7367949713256476e-08,0.9999867378089696,0.9999867378089696,0.0,1.3262191030372072e-05,0.0
10.0,3.967545938148837e-08,0.9999859188606123,0.9999859188606123,0.0,1.4081139387722708e-05,0.0
10.0,4.212546016603354e-08,0.9999850493420757,0.9999850493420757,0.0,1.4950657924339694e-05,0.0
10.0,4.472675104117493e-08,0.9999841261306918,0.9999841261306918,0.0,1.5873869308236088e-05,0.0
10.0,4.748867432698739e-08,0.9999831459109763,0.9999831459109763,0.0,1.6854089023743413e-05,0.0
10.0,5.04211492415038e-08,0.9999821051627246,0.9999821051627246,0.0,1.789483727543395e-05,0.0
10.0,5.353470752476317e-08,0.999981000148274,0.999981000148274,0.0,1.899985172604257e-05,0.0
10.0,5.6840531262679785e-08,0.9999798268993634,0.9999798268993634,0.0,2.0173100636622365e-05,0.0
10.0,6.035049304657548e-08,0.99997858120272,0.99997858120272,0.0,2.1418797280015056e-05,0.0
10.0,6.407719861260568e-08,0.999977258584597,0.999977258584597,0.0,2.274141540303809e-05,0.0
10.0,6.803403211421332e-08,0.9999758542952163,0.9999758542952163,0.0,2.4145704783706812e-05,0.0
10.0,7.223520419020356e-08,0.9999743632917808,0.9999743632917808,0.0,2.5636708219201054e-05,0.0
10.0,7.669580300107335e-08,0.999972780219622,0.999972780219622,0.0,2.7219780378007208e-05,0.0
10.0,8.1431848416886e-08,0.9999710993936949,0.9999710993936949,0.0,2.8900606305115595e-05,0.0
10.0,8.646034955130311e-08,0.9999693147780886,0.9999693147780886,0.0,3.0685221911408433e-05,0.0
10.0,9.17993658484043e-08,0.9999674199640761,0.9999674199640761,0.0,3.258003592387926e-05,0.0
10.0,9.74680719416798e-08,0.9999654081470609,0.9999654081470609,0.0,3.459185293908096e-05,0.0
10.0,1.0348682651813312e-07,0.9999632721026512,0.9999632721026512,0.0,3.6727897348765026e-05,0.0
10.0,1.0987724543481525e-07,0.9999610041600424,0.9999610041600424,0.0,3.8995839957589595e-05,0.0
10.0,1.1666227935037872e-07,0.999958596174996,0.999958596174996,0.0,4.140382500394946e-05,0.0
10.0,1.2386629615046206e-07,0.9999560395004373,0.9999560395004373,0.0,4.396049956267856e-05,0.0
10.0,1.3151516846292555e-07,0.9999533249554156,0.9999533249554156,0.0,4.667504458444327e-05,0.0
10.0,1.3963636657724647e-07,0.9999504427921481,0.9999504427921481,0.0,4.9557207851935736e-05,0.0
10.0,1.482590571017807e-07,0.9999473826610294,0.9999473826610294,0.0,5.2617338970550875e-05,0.0
10.0,1.57414207713213e-07,0.9999441335732024,0.9999441335732024,0.0,5.586642679755727e-05,0.0
10.0,1.6713469837439665e-07,0.9999406838619318,0.9999406838619318,0.0,5.9316138068199464e-05,0.0
10.0,1.7745543942000785e-07,0.9999370211396251,0.9999370211396251,0.0,6.297886037487377e-05,0.0
10.0,1.8841349693411138e-07,0.9999331322542121,0.9999331322542121,0.0,6.686774578790189e-05,0.0
10.0,2.000482258699243e-07,0.9999290032416723,0.9999290032416723,0.0,7.099675832766827e-05,0.0
10.0,2.1240141138986008e-07,0.9999246192755448,0.9999246192755448,0.0,7.53807244552318e-05,0.0
10.0,2.2551741893346668e-07,0.9999199646144175,0.9999199646144175,0.0,8.00353855825442e-05,0.0
10.0,2.3944335355221965e-07,0.9999150225451228,0.9999150225451228,0.0,8.497745487723307e-05,0.0
10.0,2.5422922908339995e-07,0.999909775322313,0.999909775322313,0.0,9.022467768704523e-05,0.0
10.0,2.69928147770634e-07,0.9999042041056219,0.9999042041056219,0.0,9.579589437813674e-05,0.0
10.0,2.865964909761934e-07,0.9998982888911776,0.9998982888911776,0.0,0.00010171110882239986,0.0
10.0,3.0429412166997193e-07,0.9998920084407701,0.9998920084407701,0.0,0.0001079915592299141,0.0
10.0,3.230845994223671e-07,0.9998853402046632,0.9998853402046632,0.0,0.00011465979533675785,0.0
10.0,3.430354086732005e-07,0.9998782602411415,0.9998782602411415,0.0,0.00012173975885854116,0.0
10.0,3.6421820109647547e-07,0.9998707431312803,0.9998707431312803,0.0,0.0001292568687196738,0.0
10.0,3.867090529314095e-07,0.9998627618858755,0.9998627618858755,0.0,0.00013723811412447162,0.0
10.0,4.1058873820393155e-07,0.9998542878504495,0.9998542878504495,0.0,0.00014571214955050316,0.0
10.0,4.35943018819884e-07,0.9998452906018997,0.9998452906018997,0.0,0.00015470939810025008,0.0
10.0,4.6286295257178003e-07,0.9998357378393963,0.9998357378393963,0.0,0.00016426216060372312,7.532178841350889e-308
10.0,4.914452201653056e-07,0.9998255952676698,0.9998255952676698,0.0,0.00017440473233021336,3.507520810727365e-290
10.0,5.217924724400403e-07,0.9998148264756609,0.9998148264756609,0.0,0.0001851735243391106,1.5382408109238362e-273
10.0,5.540136990314162e-07,0.9998033928032479,0.9998033928032479,0.0,0.0001966071967520744,7.2889980791643105e-258
10.0,5.882246197979453e-07,0.9997912532052374,0.9997912532052374,0.0,0.00020874679476257096,4.2475166644773605e-243
10.0,6.245481004194755e-07,0.9997783641022621,0.9997783641022621,0.0,0.00022163589773793735,3.4384411193679565e-229
10.0,6.631145936590684e-07,0.9997646792278067,0.9997646792278067,0.0,0.00023532077219334813,4.337146766672336e-216
10.0,7.040626078732677e-07,0.9997501494554909,0.9997501494554909,0.0,0.0002498505445091004,9.497729796282571e-204
10.0,7.475392044533519e-07,0.9997347226282439,0.9997347226282439,0.0,0.00026527737175607857,3.99792637059466e-192
10.0,7.937005259840992e-07,0.9997183433731502,0.9997183433731502,0.0,0.0002816566268497578,3.56043456502659e-181
10.0,8.427123570169176e-07,0.9997009528947889,0.9997009528947889,0.0,0.00029904710521111433,7.342700877027078e-171
10.0,8.947507194712853e-07,0.9996824887708471,0.9996824887708471,0.0,0.0003175112291529114,3.81806190464142e-161
10.0,9.500025048028449e-07,0.9996628847237684,0.9996628847237684,0.0,0.0003371152762315921,5.423318486264486e-152
10.0,1.0086661452085515e-06,0.9996420703913365,0.9996420703913365,0.0,0.00035792960866354306,2.269336910929341e-143
10.0,1.070952326279418e-06,0.9996199710608049,0.9996199710608049,0.0,0.0003800289391950873,3.00341265753717e-135
10.0,1.137084743660306e-06,0.9995965074087017,0.9995965074087017,0.0,0.0004034925912983489,1.3442753102258704e-127
10.0,1.2073009064342625e-06,0.9995715952187642,0.9995715952187642,0.0,0.00042840478123584713,2.1672182611254083e-120
10.0,1.2818529901166567e-06,0.9995451450693944,0.9995451450693944,0.0,0.0004548549306055971,1.3355178130611924e-113
10.0,1.3610087423225829e-06,0.9995170620228968,0.9995170620228968,0.0,0.00048293797710319275,3.326754036230639e-107
10.0,1.4450524443601944e-06,0.9994872452757039,0.9994872452757039,0.0,0.0005127547242961272,3.530971983323898e-101
10.0,1.5342859322033973e-06,0.9994555877977901,0.9994555877977901,0.0,0.0005444122022099096,1.678102223111961e-95
10.0,1.6290296805106646e-06,0.9994219759563779,0.9994219759563779,0.0,0.0005780240436220607,3.7418629716212844e-90
10.0,1.7296239535831692e-06,0.9993862890848781,0.9993862890848781,0.0,0.0006137109151218567,4.0908835134531007e-85
10.0,1.8364300273957434e-06,0.9993483990739059,0.9993483990739059,0.0,0.0006516009260940647,2.2856454406865917e-80
10.0,1.949831487089519e-06,0.9993081698860344,0.9993081698860344,0.0,0.0006918301139655636,6.786078049382516e-76
10.0,2.0702356045861164e-06,0.9992654570807267,0.9992654570807267,0.0,0.0007345429192733288,1.1107508842089275e-71
10.0,2.198074801270907e-06,0.9992201072835335,0.9992201072835335,0.0,0.0007798927164665015,1.0376314437613841e-67
10.0,2.3338082009984817e-06,0.9991719576231463,0.9991719576231463,0.0,0.0008280423768537437,5.715632189360817e-64
10.0,2.477923278997857e-06,0.9991208351619467,0.9991208351619467,0.0,0.0008791648380532813,1.9143541298114554e-60
10.0,2.630937612599253e-06,0.9990665562456265,0.9990665562456265,0.0,0.0009334437543735419,4.013131071330772e-57
10.0,2.79340074007006e-06,0.999008925834155,0.999008925834155,0.0,0.000991074165844985,5.411066095412657e-54
10.0,2.965896134235903e-06,0.9989477368065253,0.9989477368065253,0.0,0.001052263193474734,4.814684145963573e-51
10.0,3.149043297974808e-06,0.9988827691813131,0.9988827691813131,0.0,0.0011172308186868651,2.896256244950014e-48
10.0,3.3434999891103037e-06,0.9988137893220057,0.9988137893220057,0.0,0.0011862106779942927,1.2049764123431678e-45
10.0,3.54996458269404e-06,0.9987405490699843,0.9987405490699843,0.0,0.0012594509300156709,3.5424650902508105e-43
10.0,3.769178579161748e-06,0.9986627848053573,0.9986627848053573,0.0,0.0013372151946426936,7.509128866051293e-41
10.0,4.001929267370433e-06,0.9985802164972736,0.9985802164972736,0.0,0.0014197835027264238,1.1697467026919206e-38
10.0,4.249052552080944e-06,0.9984925466329538,0.9984925466329538,0.0,0.0015074533670461632,1.3633058566816509e-36
10.0,4.511435956040458e-06,0.9983994590992614,0.9983994590992614,0.0,0.0016005409007385785,1.2089890716246368e-34
10.0,4.7900218074466675e-06,0.9983006179805813,0.9983006179805813,0.0,0.0016993820194186604,8.288601932352277e-33
10.0,5.0858106242412715e-06,0.9981956662730384,0.9981956662730384,0.0,0.0018043337269616488,4.459342883100819e-31
10.0,5.399864707387021e-06,0.9980842245182882,0.9980842245182882,0.0,0.0019157754817118455,1.9094748135984742e-29
10.0,5.733311956033338e-06,0.9979658892819295,0.9979658892819295,0.0,0.00203411071807047,6.594429917475672e-28
10.0,6.087349918272477e-06,0.9978402316070409,0.9978402316070409,0.0,0.0021597683929590605,1.859911492120775e-26
10.0,6.463250092033984e-06,0.9977067952872508,0.9977067952872508,0.0,0.002293204712749186,4.33485549140515e-25
10.0,6.862362491563834e-06,0.9975650949923393,0.9975650949923393,0.0,0.002434905007660748,8.441944488746417e-24
10.0,7.286120495888524e-06,0.997414614293926,0.997414614293926,0.0,0.002585385706074028,1.388142180185492e-22
10.0,7.736045996676727e-06,0.9972548034738309,0.9972548034738309,0.0,0.0027451965261691136,1.9463603738992014e-21
10.0,8.213754863986747e-06,0.9970850771908313,0.9970850771908313,0.0,0.0029149228091687185,2.3487467634513534e-20
10.0,8.720962749529681e-06,0.9969048119432083,0.9969048119432083,0.0,0.003095188056791653,2.4607334322092364e-19
10.0,9.259491248289969e-06,0.9967133432192766,0.9967133432192766,0.0,0.0032866567807233716,2.2567311253352803e-18
10.0,9.831274440632393e-06,0.996509962466372,0.996509962466372,0.0,0.0034900375336279583,1.825769121871386e-17
10.0,1.0438365838391144e-05,0.9962939137915491,0.9962939137915491,0.0,0.003706086208450789,1.312596276227667e-16
10.0,1.1082945759886921e-05,0.9960643901662405,0.9960643901662405,0.0,0.0039356098337586685,8.443455196607277e-16
10.0,1.1767329160358994e-05,0.9958205294197253,0.9958205294197253,0.0,0.004179470580269789,4.891297950511359e-15
10.0,1.249397394593474e-05,0.9955614096924763,0.9955614096924763,0.0,0.004438590307498019,2.567384334650222e-14
10.0,1.3265489800995265e-05,0.9952860443332647,0.9952860443332647,0.0,0.0047139556666124655,1.2280465811261344e-13
10.0,1.4084647560639968e-05,0.9949933763505897,0.9949933763505897,0.0,0.005006623648872089,5.382024166397379e-13
10.0,1.4954389161910767e-05,0.9946822719917842,0.9946822719917842,0.0,0.005317728006043653,2.1721848054305123e-12
10.0,1.587783820951451e-05,0.9943515136274429,0.9943515136274429,0.0,0.0056484863644446276,8.112477216941457e-12
10.0,1.6858311193989696e-05,0.993999791561318,0.993999791561318,0.0,0.0060002084105188905,2.816309571120325e-11
10.0,1.7899329402606895e-05,0.9936256949061258,0.9936256949061258,0.0,0.006374305002604064,9.127009098977203e-11
10.0,1.9004631565779373e-05,0.9932277008328765,0.9932277008328765,0.0,0.006772298889892446,2.772310733269214e-10
10.0,2.0178187284402656e-05,0.992804162477345,0.992804162477345,0.0,0.007195836730401312,7.922536453507709e-10
10.0,2.1424211286346587e-05,0.9923532947470517,0.9923532947470517,0.0,0.0076467031152593415,2.1376889637402264e-09
10.0,2.274717856330023e-05,0.9918731579454196,0.9918731579454196,0.0,0.008126836590176453,5.464403909560725e-09
10.0,2.415184044233262e-05,0.9913616384191897,0.9913616384191897,0.0,0.008638348305778362,1.327503196524464e-08
10.0,2.564324164988948e-05,0.9908164260431042,0.9908164260431042,0.0,0.009183543215695627,3.074120021334466e-08
10.0,2.7226738429509024e-05,0.9902349872346715,0.9902349872346715,0.0,0.009764944716171512,6.804915697289508e-08
10.0,2.89080177783255e-05,0.9896145331341214,0.9896145331341214,0.0,0.010385322489414242,1.4437646435787448e-07
10.0,3.0693117871447255e-05,0.9889519812463908,0.9889519812463908,0.0,0.011047724425347879,2.9432826128972276e-07
10.0,3.258844974756087e-05,0.9882439091319486,0.9882439091319486,0.0,0.011755512959773975,5.779082774298036e-07
10.0,3.4600820333643795e-05,0.9874864983267164,0.9874864983267164,0.0,0.012512406330679567,1.0953426040110784e-06
10.0,3.6737456891477496e-05,0.9866754653402392,0.9866754653402392,0.0,0.013322526376524438,2.00828323636233e-06
10.0,3.9006032973757526e-05,0.9858059771856403,0.9858059771856403,0.0,0.014190453749627283,3.569064732381902e-06
10.0,4.1414695983020355e-05,0.9848725451822391,0.9848725451822391,0.0,0.015121295064510543,6.1597532503572805e-06
10.0,4.397209643236314e-05,0.9838688932941715,0.9838688932941715,0.0,0.016120763991982503,1.0342713846010506e-05
10.0,4.668741901304269e-05,0.9827877896402525,0.9827877896402525,0.0,0.01719528599471787,1.692436502964171e-05
10.0,4.957041558053077e-05,0.9816208317143823,0.9816208317143823,0.0,0.018352134527038187,2.7033758579512435e-05
10.0,5.263144017749348e-05,0.9803581684441807,0.9803581684441807,0.0,0.01959961381414093,4.2217741678404645e-05
10.0,5.5881486219475024e-05,0.9789881341633221,0.9789881341633221,0.0,0.02094731092400298,6.455491267493273e-05
10.0,5.9332225976836046e-05,0.9774967639280885,0.9774967639280885,0.0,0.022406444452479062,9.67916194324538e-05
10.0,6.299605249474357e-05,0.9758671359751442,0.9758671359751442,0.0,0.023990358732981804,0.00014250529187401345
10.0,6.688612410176288e-05,0.9740784698000096,0.9740784698000096,0.0,0.025715226205520605,0.00020630399446983387
10.0,7.101641166690103e-05,0.9721048586559328,0.9721048586559328,0.0,0.02760106403893583,0.0002940773051314034
10.0,7.540174877482297e-05,0.969913451308324,0.969913451308324,0.0,0.02967322453813722,0.0004133241535388202
10.0,8.005788499943827e-05,0.9674617735502773,0.9674617735502773,0.0,0.0319646249880543,0.0005736014616684035
10.0,8.500154246718686e-05,0.9646936593323492,0.9646936593323492,0.0,0.0345191707845616,0.0007871698830892177
10.0,9.025047591316794e-05,0.961532848928258,0.961532848928258,0.0,0.037397177797718506,0.0010699732740235281
10.0,9.582353644579559e-05,0.9578724770849504,0.9578724770849504,0.0,0.04068431551799958,0.00144320739705004
10.0,0.00010174073924898807,0.9535569043604011,0.9535569043604011,0.0,0.04450711227804051,0.0019359833615584085
10.0,0.00010802333546503914,0.948348242060331,0.948348242060331,0.0,0.049061595623738456,0.0025901623159305704
10.0,0.00011469388851632969,0.9418594686241766,0.9418594686241766,0.0,0.05467065254397096,0.0034698788318524645
10.0,0.00012177635513998402,0.933405585076544,0.933405585076544,0.0,0.06191199807231237,0.004682416851143603
10.0,0.00012929617142650235,0.9216185933801087,0.9216185933801087,0.0,0.0719500663918813,0.006431340228010043
10.0,0.00013728034417136612,0.9031929729535724,0.9031929729535724,0.0,0.0876204965797321,0.00918653046669553
10.0,0.00014575754786769952,0.8667703092824945,0.8667703092824945,0.0,0.11873100219616543,0.014498688521340028
10.0,0.00015475822768833096,0.6818970108581975,0.6818970108581975,0.0,0.27871906362201526,0.03938392551978721
10.0,0.00016431470882710136,1.9558317414920254e-10,1.9558317414920254e-10,0.0,0.8601969988384748,0.13980300096594198
10.0,0.00017446131259211132,1.866892138564372e-17,1.866892138564372e-17,0.0,0.8432480579498483,0.1567519420501517
10.0,0.0001852344796678499,3.4421226516068126e-22,3.4421226516068126e-22,0.0,0.8254101304912373,0.1745898695087627
10.0,0.00019667290098888466,6.243397871328409e-30,6.243397871328409e-30,0.0,0.8067573764843081,0.19324262351569182
10.0,0.00020881765669513772,5.43964575540115e-35,5.43964575540115e-35,0.0,0.7873707988701967,0.2126292011298033
10.0,0.00022171236366779788,2.918497027833813e-43,2.918497027833813e-43,0.0,0.7673365821836267,0.23266341781637329
10.0,0.00023540333217572475,1.4185114668324725e-50,1.4185114668324725e-50,0.0,0.7467444589206984,0.25325554107930154
10.0,0.00024993973219493074,4.624110754873714e-60,4.624110754873714e-60,0.0,0.7256861468874138,0.2743138531125862
10.0,0.0002653737699984678,1.2068561849729465e-68,1.2068561849729465e-68,0.0,0.7042538919788861,0.29574610802111384
10.0,0.00028176087565091884,2.822841520175136e-79,2.822841520175136e-79,0.0,0.6825391422109719,0.31746085778902805
10.0,0.00029915990208086786,4.3665907729265753e-92,4.3665907729265753e-92,0.0,0.6606313706492655,0.33936862935073453
10.0,0.00031763333644630734,1.4222303768186326e-105,1.4222303768186326e-105,0.0,0.6386170574506305,0.3613829425493695
10.0,0.0003372475245520731,1.4429111865791351e-120,1.4429111865791351e-120,0.0,0.6165788347394839,0.38342116526051606
10.0,0.00035807290912528885,2.1367176697285314e-139,2.1367176697285314e-139,0.0,0.5945947925830919,0.40540520741690805
10.0,0.0003801842828045725,2.190622525917628e-154,2.190622525917628e-154,0.0,0.5727379399307773,0.4272620600692227
10.0,0.00040366105675158253,1.2806279572235506e-178,1.2806279572235506e-178,0.0,0.5510758110070182,0.44892418899298187
10.0,0.00042858754584960523,1.0672224527224356e-203,1.0672224527224356e-203,0.0,0.5296702052223938,0.4703297947776062
10.0,0.00045505327151345844,1.3048680225935538e-230,1.3048680225935538e-230,0.0,0.5085770470868162,0.49142295291318383
10.0,0.0004831532831982138,9.429111379309606e-262,9.429111379309606e-262,0.0,0.4878463517592585,0.5121536482407415
10.0,0.0005129884997614151,1.8327910121344034e-296,1.8327910121344034e-296,0.0,0.4675222816249517,0.5324777183750483
10.0,0.0005446660719047769,0.0,0.0,0.0,0.44764327953492844,0.5523567204650716
10.0,0.0005782997669970258,0.0,0.0,0.0,0.4282422649615476,0.5717577350384524
10.0,0.0006140103776599503,0.0,0.0,0.0,0.409346880215851,0.590653119784149
10.0,0.0006519261555850734,0.0,0.0,0.0,0.39097977494992875,0.6090202250500713
10.0,0.0006921832721389458,0.0,0.0,0.0,0.373158918355022,0.626841081644978
10.0,0.0007349263074112912,0.0,0.0,0.0,0.3558979297024135,0.6441020702975865
10.0,0.0007803087694623961,0.0,0.0,0.0,0.33920641911048244,0.6607935808895176
10.0,0.0008284936456345519,0.0,0.0,0.0,0.3230903316202951,0.6769096683797049
10.0,0.0008796539879075492,0.0,0.0,0.0,0.3075522887964375,0.6924477112035625
10.0,0.0009339735344004961,0.0,0.0,0.0,0.2925919231208449,0.7074080768791551
10.0,0.0009916473692520055,0.0,0.0,0.0,0.2782062014036,0.7217937985964
10.0,0.0010528826232486645,0.0,0.0,0.0,0.26438973429024726,0.7356102657097527
10.0,0.0011178992177180603,0.0,0.0,0.0,0.2511350696989051,0.7488649303010949
10.0,0.0011869306543579512,0.0,0.0,0.0,0.23843296867454233,0.7615670313254577
10.0,0.0012602248538382094,0.0,0.0,0.0,0.22627266270685253,0.7737273372931475
10.0,0.001338045046187325,0.0,0.0,0.0,0.21464209202865026,0.7853579079713497
10.0,0.0014206707161611772,0.0,0.0,0.0,0.2035281248010603,0.7964718751989397
10.0,0.0015083986069893104,0.0,0.0,0.0,0.19291675740795833,0.8070832425920417
10.0,0.001601543786103605,0.0,0.0,0.0,0.18279329633335228,0.8172067036666477
10.0,0.0017004407766767794,0.0,0.0,0.0,0.17314252228969162,0.8268574777103084
10.0,0.0018054447590345618,0.0,0.0,0.0,0.16394883741012078,0.8360511625898792
10.0,0.001916932846256344,0.0,0.0,0.0,0.15519639642067584,0.8448036035793242
10.0,0.002035305438545468,0.0,0.0,0.0,0.14686922277596648,0.8531307772240335
10.0,0.0021609876612332796,0.0,0.0,0.0,0.1389513107799526,0.8610486892200474
10.0,0.0022944308915814637,0.0,0.0,0.0,0.13142671472737577,0.8685732852726242
10.0,0.002436114379865969,0.0,0.0,0.0,0.12427962609594945,0.8757203739040506
10.0,0.002586546970564545,0.0,0.0,0.0,0.11749443979861562,0.8825055602013844
10.0,0.0027462689298294396,0.0,0.0,0.0,0.11105581047260515,0.8889441895273948
10.0,0.0029158538858083914,0.0,0.0,0.0,0.10494869974067689,0.8950513002593231
10.0,0.0030959108887824464,0.0,0.0,0.0,0.0991584153322943,0.9008415846677057
10.0,0.0032870865985194816,0.0,0.0,0.0,0.09367064290072447,0.9063293570992755
10.0,0.0034900676066990225,0.0,0.0,0.0,0.08847147131786703,0.911528528682133
10.0,0.003705582902749201,0.0,0.0,0.0,0.0835474121734121,0.9164525878265879
10.0,0.0039344064919517654,0.0,0.0,0.0,0.07888541414982275,0.9211145858501772
10.0,0.004177360175217731,0.0,0.0,0.0,0.07447287289052162,0.9255271271094784
10.0,0.004435316500517051,0.0,0.0,0.0,0.07029763692617419,0.9297023630738258
10.0,0.00470920189656222,0.0,0.0,0.0,0.06634801017363068,0.9336519898263693
10.0,0.005,0.0,0.0,0.0,0.06261275147424505,0.937387248525755
