tag,files,division,is_gamma,gamma_div_mode,tt_count,tt_files,tt_line_count,tt_sum_s,tt_mean_s,tt_min_s,tt_max_s,tt_relative_spread,rp_raw_total,rp_scaled_total,warnings
alpha,1,1.0,False,,1,1,1,0.00310883,0.00310883,0.00310883,0.00310883,0.0,0.0,0.0,
eminus,1,1.0,False,,1,1,1,0.0211142,0.0211142,0.0211142,0.0211142,0.0,0.0,0.0,
eplus,1,1.0,False,,1,1,1,0.0158153,0.0158153,0.0158153,0.0158153,0.0,0.0,0.0,
gamma,1,1.0,True,auto,1,1,1,0.0184288,0.0184288,0.0184288,0.0184288,0.0,0.0,0.0,
muminus,1,1.0,False,,1,1,1,0.0299113,0.0299113,0.0299113,0.0299113,0.0,0.0,0.0,
muplus,1,1.0,False,,1,1,1,0.0542506,0.0542506,0.0542506,0.0542506,0.0,0.0,0.0,
n,1,1.0,False,,1,1,1,0.0170676,0.0170676,0.0170676,0.0170676,0.0,1.0,1.0,
p,1,1.0,False,,1,1,1,0.0194835,0.0194835,0.0194835,0.0194835,0.0,0.0,0.0,
