run_id,selected_events,selected_rate_cps,sigma_cps,relative_uncertainty,provenance_status,sampling_audit_status
fix5_fullstat_v2_exactpos_m50000_s260613,30,0.0025752034889400762,0.00047016568035282826,0.18257418583505536,PASS,PASS
fix5_pi02_exactpos_m50000_s260614,18,0.0015481452285469328,0.0003649013297890445,0.23570226039551587,PASS,PASS
fix5_pi02_exactpos_m50000_s260615,20,0.0017179001848149826,0.00038413415918057546,0.22360679774997896,PASS,PASS
fix5_pi02_exactpos_m50000_s260617,35,0.0030096560652930525,0.0005087247257703821,0.1690308509457033,PASS,PASS
