isotope,ZA,energy_band,events,rate_hz,sum_w2,mc_sigma_cps,fraction_of_rate
Cu-64,29064,W2_510p58_511p42,85,0.007304249787479492,6.276717680595129e-07,0.0007922573875070606,0.8252545716197178
Cu-62,29062,W2_510p58_511p42,16,0.001374674833527393,1.1810825845716086e-07,0.00034366882089762065,0.1553146077785666
Na-24,11024,W2_510p58_511p42,1,8.599017329408725e-05,7.394309903147155e-09,8.599017329408725e-05,0.009715410300857884
W-187,74187,W2_510p58_511p42,1,8.599017329408725e-05,7.394309903147155e-09,8.599017329408725e-05,0.009715410300857884
