{
  "combined_focal_crossings": "stepwise_maintenance/step04_opticsim/outputs/opticsim_laue_bfull_f10m_a1_r2_3seed/focal_crossings.csv",
  "per_seed": [
    {
      "seed": 12345,
      "source_focal_crossings": "/home/ubuntu/opticsim/opticsim_full/runs/f10m_ge111_511line/a1_R2_tilefoot_seed12345/focal_crossings.csv",
      "diffracted_rows": 12522,
      "within_be_rows": 12504,
      "outside_be_rows": 18,
      "aeff_cm2": 20.256480000000003,
      "r50_mm": 7.089393574837358,
      "r90_mm": 10.285654234035201
    },
    {
      "seed": 24680,
      "source_focal_crossings": "/home/ubuntu/opticsim/opticsim_full/runs/f10m_ge111_511line/a1_R2_tilefoot_seed24680/focal_crossings.csv",
      "diffracted_rows": 12505,
      "within_be_rows": 12485,
      "outside_be_rows": 20,
      "aeff_cm2": 20.2257,
      "r50_mm": 7.165503416434568,
      "r90_mm": 10.238788954691712
    },
    {
      "seed": 98765,
      "source_focal_crossings": "/home/ubuntu/opticsim/opticsim_full/runs/f10m_ge111_511line/a1_R2_tilefoot_seed98765/focal_crossings.csv",
      "diffracted_rows": 12229,
      "within_be_rows": 12205,
      "outside_be_rows": 24,
      "aeff_cm2": 19.772100000000002,
      "r50_mm": 7.217906499508449,
      "r90_mm": 10.342580397467533
    }
  ],
  "diffracted_focal_rows": 37256,
  "within_be_rows": 37194,
  "outside_be_rows": 62,
  "within_be_fraction": 0.9983358385226541,
  "r50_cm": 0.7156475612216279,
  "r90_cm": 1.0285254697529675,
  "r95_cm": 1.1063830117891582,
  "r99_cm": 1.2452743097695802,
  "r999_cm": 9.36297966974589,
  "rmax_within_be_cm": 1.553563110869786,
  "rmax_all_diffracted_cm": 21.09044857948191,
  "be_radius_cm": 1.898,
  "pass_r99_within_be": true
}
