window,stream,raw_events,active_veto_pass_events,side_compton_fov_pass_events,raw_rate_s-1,active_veto_pass_rate_s-1,side_compton_fov_pass_rate_s-1
broad_480_550,prompt,212,67,58,0.15817580257421998,0.054972624653910264,0.048864818711696824
broad_480_550,delayed,383,185,159,0.011850744467925093,0.005724249938814992,0.004919760758224784
broad_480_550,science,30271,30271,29643,0.8138678281443245,0.8138678281443245,0.7969833844171679
w2_510p58_511p42,prompt,95,45,43,0.07398996556527603,0.03529087406150801,0.03393357719954057
w2_510p58_511p42,delayed,284,127,115,0.008787497203370041,0.00392962022826759,0.003558317529533648
w2_510p58_511p42,science,30183,30183,29582,0.8115018551379256,0.8115018551379256,0.7953433349468205
