tag,files,tt_files,tt_line_count,tt_sum_s,tt_mean_s,tt_min_s,tt_max_s,rate_hz_per_event,rate_times_tt_sum,expected_files_from_normalization,warnings
alpha,8,8,8,1479.1399999999999,184.89249999999998,183.517,186.768,0.0006760685263058264,1.0,8,
eminus,8,8,8,1472.3449999999998,184.04312499999997,183.841,184.346,0.0006791886412491639,1.0,8,
eplus,8,8,8,1473.504,184.188,183.743,184.475,0.000678654418311725,1.0,8,
gamma,12,12,12,184.15529999999998,15.346274999999999,15.323,15.3649,0.005430199402352254,1.0,12,
muminus,8,8,8,1470.301,183.787625,179.762,187.436,0.0006801328435470016,1.0,8,
muplus,8,8,8,1463.815,182.976875,180.879,185.763,0.0006831464358542576,1.0,8,
n,8,8,8,1473.53,184.19125,184.054,184.408,0.0006786424436557112,1.0,8,
p,8,8,8,1473.1499999999999,184.14374999999998,183.661,184.731,0.0006788174999151479,1.0,8,
