event_index,event_key,source_family,stream,local_id,source_file_basename,tes_total_keV,init_energy_keV,init_x_cm,init_y_cm,init_z_cm,dir_x,dir_y,dir_z,theta_local_deg,phi_local_deg,entry_class,entry_surface_proxy,entry_region_proxy,entry_phi_deg_local,xz_init_quadrant,first_hit_volume,first_hit_category,tes_x_cm,tes_y_cm,tes_z_cm,path_length_init_to_tes_cm,plastic_skin_keV,active_other_keV,side_compton_class,side_compton_fov_pass,computed_veto_layer,final_pass_flag
1,eplus::Background_eplus_fullsphere20_rep01_part01.inc1.id1.sim.gz::12403,eplus,prompt,12403,Background_eplus_fullsphere20_rep01_part01.inc1.id1.sim.gz,510.99896,142.273,54.06556,-36.13443,-5.90792,-0.88203,0.36438,0.29876,114.3577437538264,156.42295739258745,top,top,top_phi05_225deg,229.59167688584725,right_lower,Vacuum_Jacket_Al_266mmClass_side_port_side_wall_above_side_port,outer_mechanics,-1.239972005526078,-0.5379712016048115,-5.4247586372654455,65.7726629710441,0.0,0.0,keep,True,final_pass,True
2,eplus::Background_eplus_fullsphere20_rep01_part01.inc1.id1.sim.gz::34023,eplus,prompt,34023,Background_eplus_fullsphere20_rep01_part01.inc1.id1.sim.gz,510.9989,10.451,64.65843,16.06134,-3.6973,-0.99989,0.00284,-0.01421,135.81397005697005,179.76653723639228,top,top,top_phi01_045deg,49.32953729471958,right_lower,GeoOpt_S1_PlasticFullWrap_TopCap_5mm,geoopt_plastic_active,-5.208798422066858,-1.3667209707016983,-0.8879701621669636,72.0628840022206,10.45103344,0.0,single,True,final_pass,True
3,eplus::Background_eplus_fullsphere20_rep01_part01.inc1.id1.sim.gz::71105,eplus,prompt,71105,Background_eplus_fullsphere20_rep01_part01.inc1.id1.sim.gz,510.998946,13.468,0.65591,-67.77909,-3.85815,-0.24154,0.93213,-0.26981,111.19714337672853,88.77145691299302,side_wall,side,side_phi06_270deg,278.35387206925384,right_lower,GeoOpt_S1_PlasticFullWrap_SideShell_5mm,geoopt_plastic_active,-5.792322098795267,0.1363424220874717,-3.202457062232193,68.22401037397098,13.46821886,0.0,veto,False,compton_fov_veto,False
4,eplus::Background_eplus_fullsphere20_rep01_part01.inc1.id1.sim.gz::88910,eplus,prompt,88910,Background_eplus_fullsphere20_rep01_part01.inc1.id1.sim.gz,510.99890000000005,165.269,-58.68781,13.93605,-5.26549,0.95985,0.19029,0.20611,34.46655006642085,19.648285054861972,side_wall,side,side_phi03_135deg,131.87767010936255,left_lower,GeoOpt_S1_PlasticFullWrap_SideShell_5mm,geoopt_plastic_active,-5.287654230082883,1.4270428580585983,-2.072448228238456,54.93857853716973,165.2687181,0.0,keep,True,plastic_skin_veto,False
5,eplus::Background_eplus_fullsphere20_rep01_part01.inc1.id1.sim.gz::125566,eplus,prompt,125566,Background_eplus_fullsphere20_rep01_part01.inc1.id1.sim.gz,510.99894,116.959,-27.19745,-51.92485,3.9516,0.42008,0.90034,-0.11368,77.48722725354446,67.25641798466273,side_wall,side,side_phi05_225deg,246.76655292475238,left_upper,GeoOpt_S1_PlasticFullWrap_SideShell_5mm,geoopt_plastic_active,-4.656664277133628,-0.018764357147424998,-2.0980333815352723,56.91157010501738,116.95875600000002,0.0,single,True,plastic_skin_veto,False
6,eplus::Background_eplus_fullsphere20_rep01_part01.inc1.id1.sim.gz::130016,eplus,prompt,130016,Background_eplus_fullsphere20_rep01_part01.inc1.id1.sim.gz,510.99890500000004,563.064,-37.46092,-36.74401,36.59293,0.43552,0.82884,-0.35119,86.58138580151456,56.13189060206396,side_window,side,side_neg_x_window_axis_pm15deg,180.599024297157,left_upper,GeoOpt_S1_PlasticFullWrap_SideShell_5mm,geoopt_plastic_active,-1.672501463532011,1.1362182244594927,-4.167752720971203,66.16007744522541,563.0638482300001,0.0,keep,True,plastic_skin_veto,False
7,eplus::Background_eplus_fullsphere20_rep01_part01.inc1.id1.sim.gz::211256,eplus,prompt,211256,Background_eplus_fullsphere20_rep01_part01.inc1.id1.sim.gz,510.998959,121.248,1.64539,52.20651,34.28196,0.11326,-0.84335,-0.5253,106.93910957169473,298.1646237815541,top,top,top_phi00_000deg,12.414202989186135,right_upper,Vacuum_Jacket_Al_266mmClass_side_port_side_wall_above_side_port,outer_mechanics,-2.555734129096525,0.18707813987712762,-6.855378488820089,66.45262487623647,0.0,0.0,single,True,final_pass,True
8,eplus::Background_eplus_fullsphere20_rep02_part01.inc1.id1.sim.gz::36753,eplus,prompt,36753,Background_eplus_fullsphere20_rep02_part01.inc1.id1.sim.gz,510.99888,89.022,63.07589,-3.63192,-8.84427,-0.98771,0.06388,0.14268,126.69274872258234,175.43067389869523,top,top,top_phi00_000deg,357.9349139912734,right_lower,Vacuum_Jacket_Al_266mmClass_side_port_side_wall_above_side_port,outer_mechanics,-2.165922245858347,-0.6619038864766709,-3.066344431786739,65.56446815699974,0.0,0.0,single,True,final_pass,True
9,eplus::Background_eplus_fullsphere20_rep02_part01.inc1.id1.sim.gz::90474,eplus,prompt,90474,Background_eplus_fullsphere20_rep02_part01.inc1.id1.sim.gz,510.9989,1228.66,45.60996,-71.68236,7.59206,-0.51347,0.57023,0.64124,84.81643434139049,145.07030095638774,envelope_miss,miss_current_outer_envelope,phi06_270deg,,right_upper,Vacuum_Jacket_Al_266mmClass_side_port_side_wall_above_side_port,outer_mechanics,-4.92528310557244,0.27189257966962355,-0.7226851435301916,88.31964813584834,0.0,0.0,single,True,final_pass,True
10,eplus::Background_eplus_fullsphere20_rep02_part01.inc1.id1.sim.gz::130729,eplus,prompt,130729,Background_eplus_fullsphere20_rep02_part01.inc1.id1.sim.gz,510.99894000000006,168.22,-50.22272,10.84363,36.62634,0.83524,0.1996,-0.51239,76.80368011484765,11.830242669254709,side_wall,side,side_phi03_135deg,135.5600867175841,left_upper,GeoOpt_S1_PlasticFullWrap_SideShell_5mm,geoopt_plastic_active,-4.161361606802726,-1.337836716044714,-4.402519165867584,62.876101603337865,168.2195281,0.0,veto,False,plastic_skin_veto,False
11,eplus::Background_eplus_fullsphere20_rep02_part01.inc1.id1.sim.gz::156993,eplus,prompt,156993,Background_eplus_fullsphere20_rep02_part01.inc1.id1.sim.gz,510.99893000000003,148.234,30.16901,53.12517,40.2641,-0.61486,-0.35955,-0.7019,158.6058955077283,279.7135575086142,side_wall,side,side_phi02_090deg,95.75216983529693,right_upper,GeoOpt_S1_PlasticFullWrap_SideShell_5mm,geoopt_plastic_active,-2.2757470745112323,1.1489054372908767,-4.945740378005547,76.14541356195735,148.23406487,0.0,keep,True,plastic_skin_veto,False
12,eplus::Background_eplus_fullsphere20_rep02_part01.inc1.id1.sim.gz::192957,eplus,prompt,192957,Background_eplus_fullsphere20_rep02_part01.inc1.id1.sim.gz,510.998868,44.81,-15.3215,55.5256,18.48458,0.41001,-0.90427,-0.11911,78.12967270884198,292.4774679149748,envelope_miss,miss_current_outer_envelope,phi03_135deg,,left_upper,Vacuum_Jacket_Al_266mmClass_side_port_side_wall_above_side_port,outer_mechanics,-4.090964650547377,-0.5422369138636249,-3.166331176780368,61.14318617163932,0.0,0.0,keep,True,final_pass,True
13,eplus::Background_eplus_fullsphere20_rep02_part01.inc1.id1.sim.gz::231354,eplus,prompt,231354,Background_eplus_fullsphere20_rep02_part01.inc1.id1.sim.gz,510.99894000000006,365.181,65.77783,27.57023,0.87293,-0.82478,-0.27821,0.49227,103.59875217988333,196.63270343425836,envelope_miss,miss_current_outer_envelope,phi01_045deg,,right_upper,TP_L1_00360,tes,-5.251202228003643,0.9994481623546498,-2.65611776182933,75.9182721406105,0.0,0.0,veto,False,compton_fov_veto,False
14,eplus::Background_eplus_fullsphere20_rep03_part01.inc1.id1.sim.gz::28520,eplus,prompt,28520,Background_eplus_fullsphere20_rep03_part01.inc1.id1.sim.gz,510.99890000000005,1439.489,48.90007,15.62975,-46.73031,-0.79473,-0.51189,0.32614,109.35037641150807,212.85668044139638,side_wall,side,side_phi07_315deg,335.2536519621229,right_lower,GeoOpt_S1_PlasticFullWrap_SideShell_5mm,geoopt_plastic_active,-1.882351394860341,0.6305100730296874,-4.32357923033983,67.83923890848448,1439.4885858599994,0.0,single,True,plastic_skin_veto,False
15,eplus::Background_eplus_fullsphere20_rep03_part01.inc1.id1.sim.gz::71755,eplus,prompt,71755,Background_eplus_fullsphere20_rep03_part01.inc1.id1.sim.gz,510.99890600000003,279.82,-15.67733,-54.60262,-25.8746,-0.09723,0.826,0.55522,71.10420340742594,119.18498793252438,side_wall,side,side_phi06_270deg,252.40741047152272,left_lower,GeoOpt_S1_PlasticFullWrap_SideShell_5mm,geoopt_plastic_active,-1.213471662304142,0.3013146372288715,-5.452383810803439,60.338314119142545,279.82020102999996,0.0,keep,True,plastic_skin_veto,False
16,eplus::Background_eplus_fullsphere20_rep03_part01.inc1.id1.sim.gz::80084,eplus,prompt,80084,Background_eplus_fullsphere20_rep03_part01.inc1.id1.sim.gz,510.99890000000005,57.458,68.44518,0.9178,4.86164,-0.93262,-0.34983,-0.08849,136.2229033953679,210.3740490159797,top,top,top_phi06_270deg,292.4925054440556,right_upper,GeoOpt_S1_PlasticFullWrap_TopCap_5mm,geoopt_plastic_active,-4.044241263476105,0.5894592769259972,-4.933863893664154,73.14899793759939,57.4583928,0.0,single,True,plastic_skin_veto,False
17,eplus::Background_eplus_fullsphere20_rep03_part01.inc1.id1.sim.gz::136894,eplus,prompt,136894,Background_eplus_fullsphere20_rep03_part01.inc1.id1.sim.gz,510.99892000000006,0.449,-46.91764,-31.19892,45.57509,0.4817,-0.02415,-0.876,106.1893750823825,358.55901530757876,envelope_miss,miss_current_outer_envelope,phi05_225deg,,left_upper,TP_L2_00019,tes,-3.8588794464810405,-1.2992103417734815,-2.848427515730014,71.36446277138037,0.0,0.0,keep,True,final_pass,True
18,eplus::Background_eplus_fullsphere20_rep03_part01.inc1.id1.sim.gz::183364,eplus,prompt,183364,Background_eplus_fullsphere20_rep03_part01.inc1.id1.sim.gz,510.99894,20.113,61.40093,14.19736,-10.94499,-0.95971,-0.08952,0.26633,119.36006821288724,185.8954449521219,top,top,top_phi02_090deg,79.49222116766131,right_lower,Vacuum_Jacket_Al_266mmClass_side_port_side_wall_above_side_port,outer_mechanics,-2.9006105589843885,-0.08827590580514316,-5.595919830596654,66.08615636552896,0.0,0.0,single,True,final_pass,True
19,eplus::Background_eplus_fullsphere20_rep03_part01.inc1.id1.sim.gz::231882,eplus,prompt,231882,Background_eplus_fullsphere20_rep03_part01.inc1.id1.sim.gz,510.99898200000007,31.35,46.68125,43.96283,-6.19237,-0.48777,-0.83402,0.25786,99.35614987354694,237.7002713390542,envelope_miss,miss_current_outer_envelope,phi01_045deg,,right_lower,Vacuum_Jacket_Al_266mmClass_side_port_side_wall_above_side_port,outer_mechanics,-2.186794305220991,0.3272848575939949,-4.722066870032297,65.53097241294368,0.0,0.0,single,True,final_pass,True
20,eplus::Background_eplus_fullsphere20_rep03_part01.inc1.id1.sim.gz::235828,eplus,prompt,235828,Background_eplus_fullsphere20_rep03_part01.inc1.id1.sim.gz,510.99887,129.566,-55.48752,23.28927,-10.84068,0.98843,0.06073,0.13897,37.13699180844649,5.773307051715723,side_wall,side,side_phi03_135deg,114.98103958413681,left_lower,GeoOpt_S1_PlasticFullWrap_SideShell_5mm,geoopt_plastic_active,-3.834270640315213,0.7367171397787475,-2.850085152408576,56.925613004562415,129.565724726,0.0,single,True,plastic_skin_veto,False
21,eplus::Background_eplus_fullsphere20_rep04_part01.inc1.id1.sim.gz::2392,eplus,prompt,2392,Background_eplus_fullsphere20_rep04_part01.inc1.id1.sim.gz,510.998897,80.217,-55.4356,16.1038,12.0147,0.87627,-0.48067,0.03342,49.96579158746626,321.11334975782927,side_window,side,side_neg_x_window_axis_pm15deg,179.71468135254543,left_upper,GeoOpt_S1_PlasticFullWrap_SideShell_5mm,geoopt_plastic_active,-5.073324921328204,0.2467783029224531,-0.8703515923523136,54.34913470092211,80.21698774000001,0.0,single,True,plastic_skin_veto,False
22,eplus::Background_eplus_fullsphere20_rep04_part01.inc1.id1.sim.gz::10024,eplus,prompt,10024,Background_eplus_fullsphere20_rep04_part01.inc1.id1.sim.gz,510.99892,95895.346,-32.16132,48.00657,2.70299,0.52939,-0.84727,-0.04335,69.89862233136525,295.54742956905403,side_wall,side,side_phi03_135deg,118.71001560122033,left_upper,GeoOpt_S1_PlasticFullWrap_SideShell_5mm,geoopt_plastic_active,-5.929698264626097,-0.5636450633101182,-3.1299459887872363,55.50844001062566,789.0177221500003,48552.473045253966,veto,False,plastic_skin_veto,False
23,eplus::Background_eplus_fullsphere20_rep04_part01.inc1.id1.sim.gz::64214,eplus,prompt,64214,Background_eplus_fullsphere20_rep04_part01.inc1.id1.sim.gz,510.999,41.207,14.47161,77.62503,25.57908,-0.34151,-0.84232,0.41698,86.94094431592063,237.5137238451018,envelope_miss,miss_current_outer_envelope,phi02_090deg,,right_upper,TP_L3_00081,tes,-3.3785294883757113,-0.7755371101318006,-4.396498121071665,85.81265458332601,0.0,0.0,single,True,final_pass,True
24,eplus::Background_eplus_fullsphere20_rep04_part01.inc1.id1.sim.gz::235494,eplus,prompt,235494,Background_eplus_fullsphere20_rep04_part01.inc1.id1.sim.gz,510.99889999999994,78.458,-63.69264,8.4259,6.93738,0.92633,0.315,0.20661,36.76381028320487,31.755814952485082,envelope_miss,miss_current_outer_envelope,phi04_180deg,,left_upper,TP_L2_00163,tes,-4.427419066041434,-0.10389611809387458,-3.5570107836876956,60.7886179484936,0.0,0.0,single,True,final_pass,True
25,eplus::Background_eplus_fullsphere20_rep04_part01.inc1.id1.sim.gz::238305,eplus,prompt,238305,Background_eplus_fullsphere20_rep04_part01.inc1.id1.sim.gz,510.999,59.098,43.8147,-11.74901,-41.52982,-0.45714,0.30662,0.83487,74.50850401322965,161.4471470642834,envelope_miss,miss_current_outer_envelope,phi00_000deg,,right_lower,Vacuum_Jacket_Al_266mmClass_side_port_side_wall_above_side_port,outer_mechanics,-3.0318894497605666,-1.2250291869166083,-4.065841704831125,60.90079461656843,0.0,0.0,single,True,final_pass,True
26,eplus::Background_eplus_fullsphere20_rep05_part01.inc1.id1.sim.gz::30107,eplus,prompt,30107,Background_eplus_fullsphere20_rep05_part01.inc1.id1.sim.gz,510.9989,380.524,-39.14891,-46.76609,12.5776,0.51208,0.72567,-0.45954,87.87089204665693,46.566378120144996,side_wall,side,side_phi05_225deg,238.12799966384372,left_upper,GeoOpt_S1_PlasticFullWrap_SideShell_5mm,geoopt_plastic_active,-5.624683886018934,0.44876692543064184,-3.254443901892353,60.03140898847588,380.52368003999993,0.0,single,True,plastic_skin_veto,False
27,eplus::Background_eplus_fullsphere20_rep05_part01.inc1.id1.sim.gz::31391,eplus,prompt,31391,Background_eplus_fullsphere20_rep05_part01.inc1.id1.sim.gz,510.99893099999997,201479.525,15.71057,59.89891,-5.19193,-0.32733,-0.94456,-0.02588,104.46308287841265,257.283170843158,side_wall,side,side_phi02_090deg,74.75224236857808,right_lower,GeoOpt_S1_PlasticFullWrap_SideShell_5mm,geoopt_plastic_active,-1.9516869449553411,-0.5223703441822997,-6.208625701900771,62.95808215765595,1054.2684250000002,79556.46358971,single,True,plastic_skin_veto,False
28,eplus::Background_eplus_fullsphere20_rep05_part01.inc1.id1.sim.gz::31997,eplus,prompt,31997,Background_eplus_fullsphere20_rep05_part01.inc1.id1.sim.gz,510.99893299999997,629.605,57.45726,-24.69386,26.95075,-0.67146,0.46389,-0.57789,152.0576771927726,98.11726932510435,top,top,top_phi00_000deg,8.379413202828507,right_upper,Vacuum_Jacket_Al_266mmClass_side_port_side_wall_above_side_port,outer_mechanics,-2.480845766490716,-0.6912045697520491,-3.42604518326261,71.35442296160852,0.0,0.0,single,True,final_pass,True
29,eplus::Background_eplus_fullsphere20_rep05_part01.inc1.id1.sim.gz::40978,eplus,prompt,40978,Background_eplus_fullsphere20_rep05_part01.inc1.id1.sim.gz,510.99888,183.893,-50.46629,15.57909,30.83227,0.7648,-0.52716,-0.37037,73.80511162463058,326.70530667681163,side_window,side,side_neg_x_window_axis_pm15deg,188.33728821360995,left_upper,GeoOpt_S1_PlasticFullWrap_SideShell_5mm,geoopt_plastic_active,-5.341539875915501,-0.8494922422095329,-1.128516836712284,57.68564191782794,183.89296027999998,0.0,keep,True,plastic_skin_veto,False
30,eplus::Background_eplus_fullsphere20_rep05_part01.inc1.id1.sim.gz::55140,eplus,prompt,55140,Background_eplus_fullsphere20_rep05_part01.inc1.id1.sim.gz,510.9989,118.797,-47.80923,1.97362,40.23165,0.87704,0.2516,-0.40927,70.68492309143389,15.462387050890017,envelope_miss,miss_current_outer_envelope,phi04_180deg,,left_upper,Vacuum_Jacket_Al_266mmClass_side_port_side_wall_above_side_port,outer_mechanics,-0.836734856376779,0.4967108612556388,-4.918207455284503,65.16982575436522,0.0,0.0,single,True,final_pass,True
31,eplus::Background_eplus_fullsphere20_rep05_part01.inc1.id1.sim.gz::67424,eplus,prompt,67424,Background_eplus_fullsphere20_rep05_part01.inc1.id1.sim.gz,510.9989,4.266,-0.68884,-54.51178,38.12343,-0.27932,0.79482,-0.53874,125.34201768588736,77.00417582258784,side_wall,side,side_phi05_225deg,225.73234911218265,left_upper,GeoOpt_S1_PlasticFullWrap_SideShell_5mm,geoopt_plastic_active,-5.924672678861637,-0.8891578276765958,-1.6161752125277569,66.94800799817982,4.26576295,0.0,single,True,final_pass,True
32,eplus::Background_eplus_fullsphere20_rep05_part01.inc1.id1.sim.gz::81816,eplus,prompt,81816,Background_eplus_fullsphere20_rep05_part01.inc1.id1.sim.gz,510.99894,172.683,-64.78826,-8.01617,33.27407,0.88736,-0.45486,-0.07544,54.96231305581762,326.25218925717735,envelope_miss,miss_current_outer_envelope,phi04_180deg,,left_upper,TP_L1_00007,tes,-4.898857514865334,-1.2387966524681637,-2.2269693634641983,69.94996151110108,0.0,0.0,veto,False,compton_fov_veto,False
33,eplus::Background_eplus_fullsphere20_rep05_part01.inc1.id1.sim.gz::113054,eplus,prompt,113054,Background_eplus_fullsphere20_rep05_part01.inc1.id1.sim.gz,510.9989532108,1.264,-48.93887,25.6585,47.93623,0.59751,-0.78011,-0.1855,73.06209921791039,305.3646710544395,envelope_miss,miss_current_outer_envelope,phi04_180deg,,left_upper,TP_L0_00237,tes,-5.162348105622446,0.3895394927656757,-0.8408071488092655,70.24317466701946,0.0,0.0,keep,True,final_pass,True
34,eplus::Background_eplus_fullsphere20_rep05_part01.inc1.id1.sim.gz::143314,eplus,prompt,143314,Background_eplus_fullsphere20_rep05_part01.inc1.id1.sim.gz,510.99892,233.085,-13.37255,1.18751,80.24261,-0.06825,-0.59775,-0.79878,127.8124638721426,310.8328719158656,envelope_miss,miss_current_outer_envelope,phi04_180deg,,left_upper,TP_L0_00046,tes,-5.766152844711375,-1.1261506752583743,-1.6047932729165064,82.23264391908874,0.0,0.0,single,True,final_pass,True
35,eplus::Background_eplus_fullsphere20_rep05_part01.inc1.id1.sim.gz::201276,eplus,prompt,201276,Background_eplus_fullsphere20_rep05_part01.inc1.id1.sim.gz,510.99893,0.41,56.27275,21.05929,-23.7107,-0.7251,-0.58953,0.35592,105.13239687521401,217.6406955766612,top,top,top_phi07_315deg,310.77106176979447,right_lower,TP_L4_00113,tes,-3.0604303632039502,-0.6541398546492299,-4.237421486557203,66.1143547508964,0.0,0.0,veto,False,compton_fov_veto,False
36,eplus::Background_eplus_fullsphere20_rep06_part01.inc1.id1.sim.gz::19036,eplus,prompt,19036,Background_eplus_fullsphere20_rep06_part01.inc1.id1.sim.gz,510.99888400000003,3.552,38.61802,12.83633,-46.44608,-0.50868,-0.47658,0.71702,81.52843760330069,208.80544241019055,side_wall,side,side_phi00_000deg,349.33831538396356,right_lower,GeoOpt_S1_PlasticFullWrap_SideShell_5mm,geoopt_plastic_active,-2.947493354069172,-0.270380627093469,-3.8279154876220427,60.95724493654368,3.5523303000000004,0.0,keep,True,final_pass,True
37,eplus::Background_eplus_fullsphere20_rep06_part01.inc1.id1.sim.gz::25293,eplus,prompt,25293,Background_eplus_fullsphere20_rep06_part01.inc1.id1.sim.gz,510.99889999999994,156.107,45.8748,-40.16594,-20.47679,-0.83667,0.51376,0.1898,117.22000459381012,144.7079911028141,side_wall,side,side_phi07_315deg,312.96600550929327,right_lower,GeoOpt_S1_PlasticFullWrap_SideShell_5mm,geoopt_plastic_active,-1.5265804876572142,-0.1740670685787386,-4.217137407844127,64.11409420023179,156.10666461,0.0,single,True,plastic_skin_veto,False
38,eplus::Background_eplus_fullsphere20_rep06_part01.inc1.id1.sim.gz::36215,eplus,prompt,36215,Background_eplus_fullsphere20_rep06_part01.inc1.id1.sim.gz,510.99895300000003,33.882,62.48022,22.5837,-10.20892,-0.97288,-0.00818,0.23118,121.63185537491337,180.55046466017222,top,top,top_phi02_090deg,80.01249982607035,right_lower,GeoOpt_S1_PlasticFullWrap_TopCap_5mm,geoopt_plastic_active,-3.0488996447325225,-0.5261892006325529,-2.2263844701410416,69.94178560606417,33.88231068,0.0,keep,True,final_pass,True
39,eplus::Background_eplus_fullsphere20_rep06_part01.inc1.id1.sim.gz::70159,eplus,prompt,70159,Background_eplus_fullsphere20_rep06_part01.inc1.id1.sim.gz,510.99886000000004,8.178,53.04056,37.32952,23.5485,-0.80843,-0.29619,-0.50864,158.63964898733957,234.4086554542161,top,top,top_phi01_045deg,65.49812601020432,right_upper,GeoOpt_S1_PlasticFullWrap_TopCap_5mm,geoopt_plastic_active,-4.479004513599698,0.6597312956737046,-3.6270767409441964,73.42809868610954,8.178310250000001,0.0,single,True,final_pass,True
40,eplus::Background_eplus_fullsphere20_rep06_part01.inc1.id1.sim.gz::120181,eplus,prompt,120181,Background_eplus_fullsphere20_rep06_part01.inc1.id1.sim.gz,510.99892,15.958,-44.3232,36.60712,3.96739,0.77442,-0.60368,0.18932,47.041551859437774,304.4245376823644,side_wall,side,side_phi03_135deg,139.95833935508577,left_upper,GeoOpt_S1_PlasticFullWrap_SideShell_5mm,geoopt_plastic_active,-2.0968865962665437,1.3565738849517723,-6.318872076943176,55.95953656522739,15.958251559999999,0.0,single,True,final_pass,True
41,eplus::Background_eplus_fullsphere20_rep06_part01.inc1.id1.sim.gz::128882,eplus,prompt,128882,Background_eplus_fullsphere20_rep06_part01.inc1.id1.sim.gz,510.99896,11.934,-28.78895,-55.57706,24.09401,0.45745,0.56283,-0.68845,99.4009048523466,34.78450759119331,side_wall,side,side_phi06_270deg,275.4090562430125,left_upper,GeoOpt_S1_PlasticFullWrap_SideShell_5mm,geoopt_plastic_active,-1.7681043274673591,-0.29858376744701987,-4.51523485432667,67.85517612228685,11.933693819999998,0.0,single,True,final_pass,True
42,eplus::Background_eplus_fullsphere20_rep06_part01.inc1.id1.sim.gz::131723,eplus,prompt,131723,Background_eplus_fullsphere20_rep06_part01.inc1.id1.sim.gz,510.9988953999999,14.582,9.38887,-62.33677,-8.84127,-0.35885,0.93338,0.00435,104.5171953258521,105.38433669363641,side_wall,side,side_phi06_270deg,276.91581245853797,right_lower,GeoOpt_S1_PlasticFullWrap_SideShell_5mm,geoopt_plastic_active,-5.897715858300012,-0.24155873293129793,-1.8494538006465213,64.33024532263666,14.582484999999998,0.0,single,True,final_pass,True
43,eplus::Background_eplus_fullsphere20_rep06_part01.inc1.id1.sim.gz::144727,eplus,prompt,144727,Background_eplus_fullsphere20_rep06_part01.inc1.id1.sim.gz,510.998917,7309.667,-7.65293,-61.23633,9.40027,-0.07393,0.97941,-0.18788,100.66852757806053,85.29694018087591,side_wall,side,side_phi06_270deg,250.77284695382122,left_upper,GeoOpt_S1_PlasticFullWrap_SideShell_5mm,geoopt_plastic_active,-6.02388862829178,0.8210379791101333,-1.689293829787152,63.0614709804675,894.260884652,724.411976,keep,True,plastic_skin_veto,False
44,eplus::Background_eplus_fullsphere20_rep06_part01.inc1.id1.sim.gz::156362,eplus,prompt,156362,Background_eplus_fullsphere20_rep06_part01.inc1.id1.sim.gz,510.99889500000006,225.291,50.9296,44.76676,-0.10272,-0.8993,-0.38635,0.20491,119.40693002127557,206.3269681906483,top,top,top_phi02_090deg,111.36899164330453,right_lower,GeoOpt_S1_PlasticFullWrap_TopCap_5mm,geoopt_plastic_active,-1.3774327749404858,-0.6169755336793318,-3.904733639258317,69.35534901089282,45.621403169999994,0.0,keep,True,final_pass,True
45,eplus::Background_eplus_fullsphere20_rep06_part01.inc1.id1.sim.gz::163455,eplus,prompt,163455,Background_eplus_fullsphere20_rep06_part01.inc1.id1.sim.gz,510.99890000000005,0.861,49.03178,-43.50991,-31.31691,-0.69407,0.71744,-0.05951,122.19909597863428,122.02270489211686,side_wall,side,side_phi00_000deg,6.127332137258569,right_lower,TP_L5_00006,tes,-1.3555127939148204,-1.5013810330967445,-5.679285105062456,70.43354024409373,0.0,0.0,keep,True,final_pass,True
46,eplus::Background_eplus_fullsphere20_rep06_part01.inc1.id1.sim.gz::177789,eplus,prompt,177789,Background_eplus_fullsphere20_rep06_part01.inc1.id1.sim.gz,510.99886000000004,70.021,-23.52179,54.87891,7.72614,0.26476,-0.96206,0.06591,76.47799278987424,278.3150915994104,side_wall,side,side_phi03_135deg,128.26040960311602,left_upper,GeoOpt_S1_PlasticFullWrap_SideShell_5mm,geoopt_plastic_active,-5.861339079250235,0.22277183049029503,-3.1616567635023882,58.46134692847984,70.0206271,0.0,keep,True,plastic_skin_veto,False
47,eplus::Background_eplus_fullsphere20_rep07_part01.inc1.id1.sim.gz::61301,eplus,prompt,61301,Background_eplus_fullsphere20_rep07_part01.inc1.id1.sim.gz,510.99893199999997,2232.775,69.05237,-11.66529,-20.95716,-0.96157,0.20928,-0.17772,143.66823400954098,159.31443249961572,side_wall,side,side_phi00_000deg,3.812581217548663,right_lower,GeoOpt_S1_PlasticFullWrap_SideShell_5mm,geoopt_plastic_active,-2.3354998768749686,-0.9899889452179225,-4.836172064684441,73.95996396820684,2232.7753136000006,0.0,single,True,plastic_skin_veto,False
48,eplus::Background_eplus_fullsphere20_rep07_part01.inc1.id1.sim.gz::106227,eplus,prompt,106227,Background_eplus_fullsphere20_rep07_part01.inc1.id1.sim.gz,510.99890000000005,13.147,-9.02853,44.43771,-37.16229,-0.04396,-0.66355,0.74684,60.19755780334112,229.8788348005883,side_wall,side,side_phi02_090deg,78.63835026234918,left_lower,GeoOpt_S1_PlasticFullWrap_SideShell_5mm,geoopt_plastic_active,-4.427185884937326,0.5704784687279562,-5.150340070498782,54.500195487469064,13.14675642,0.0,keep,True,final_pass,True
49,eplus::Background_eplus_fullsphere20_rep07_part01.inc1.id1.sim.gz::168995,eplus,prompt,168995,Background_eplus_fullsphere20_rep07_part01.inc1.id1.sim.gz,510.99891799999995,123.533,-29.15577,50.60919,10.00014,0.41619,-0.90927,0.00373,72.72679811999117,287.7839239495576,side_wall,side,side_phi03_135deg,130.79619629056785,left_upper,GeoOpt_S1_PlasticFullWrap_SideShell_5mm,geoopt_plastic_active,-5.539959349085162,0.3575215034166656,-2.792972190256227,56.97894715509274,123.53333450000001,0.0,single,True,plastic_skin_veto,False
50,eplus::Background_eplus_fullsphere20_rep07_part01.inc1.id1.sim.gz::197516,eplus,prompt,197516,Background_eplus_fullsphere20_rep07_part01.inc1.id1.sim.gz,510.99891,14.504,43.08702,-32.69326,-32.31655,-0.81443,0.38228,0.43654,105.49821739586395,156.62768476023894,side_wall,side,side_phi07_315deg,318.1141994931429,right_lower,GeoOpt_S1_PlasticFullWrap_SideShell_5mm,geoopt_plastic_active,-5.430000682933179,-1.0900546888911562,-3.002793399821753,64.89961639253931,14.504205980000002,0.0,single,True,final_pass,True
51,eplus::Background_eplus_fullsphere20_rep07_part01.inc1.id1.sim.gz::202853,eplus,prompt,202853,Background_eplus_fullsphere20_rep07_part01.inc1.id1.sim.gz,510.998843,6.003,12.92977,-59.59861,-7.79313,-0.23543,0.97186,0.00744,99.27735179761329,100.02114753056549,side_wall,side,side_phi06_270deg,288.3862270765634,right_lower,GeoOpt_S1_PlasticFullWrap_SideShell_5mm,geoopt_plastic_active,-5.363950662707957,-1.1777327309189483,-1.0288303445188582,61.59070438307522,6.002913899999999,0.0,single,True,final_pass,True
52,eplus::Background_eplus_fullsphere20_rep07_part01.inc1.id1.sim.gz::209358,eplus,prompt,209358,Background_eplus_fullsphere20_rep07_part01.inc1.id1.sim.gz,510.99888699999997,114.596,37.22303,7.81014,-57.023,-0.84904,0.03035,0.52746,103.14351357276068,178.21400838304316,side_wall,side,side_phi00_000deg,18.96097014337739,right_lower,GeoOpt_S1_PlasticFullWrap_BottomCap_5mm,geoopt_plastic_active,-1.408231993906615,0.6119963285948621,-3.9811470939212246,66.01231578475445,114.59603899999999,0.0,single,True,plastic_skin_veto,False
53,eplus::Background_eplus_fullsphere20_rep08_part01.inc1.id1.sim.gz::9911,eplus,prompt,9911,Background_eplus_fullsphere20_rep08_part01.inc1.id1.sim.gz,510.99888,1.231,-61.0021,1.50095,-0.59952,0.91605,0.38437,0.11453,43.220113257274505,34.14465048524635,side_wall,side,side_phi03_135deg,149.48610907913206,left_lower,GeoOpt_S1_PlasticFullWrap_SideShell_5mm,geoopt_plastic_active,-5.5269524036825475,0.028336496419205433,-2.274185863368448,55.519952243477896,1.23070945,0.0,keep,True,final_pass,True
54,eplus::Background_eplus_fullsphere20_rep08_part01.inc1.id1.sim.gz::41264,eplus,prompt,41264,Background_eplus_fullsphere20_rep08_part01.inc1.id1.sim.gz,510.99886,17.71,37.74993,18.8252,-45.26736,-0.2737,-0.24602,0.92982,62.357952873247335,196.12401879624798,envelope_miss,miss_current_outer_envelope,phi00_000deg,,right_lower,Vacuum_Jacket_Al_266mmClass_side_port_side_wall_above_side_port,outer_mechanics,-0.533237041029755,0.03611906396012313,-4.645315613546926,58.89635753802953,0.0,0.0,single,True,final_pass,True
55,eplus::Background_eplus_fullsphere20_rep08_part01.inc1.id1.sim.gz::51896,eplus,prompt,51896,Background_eplus_fullsphere20_rep08_part01.inc1.id1.sim.gz,510.998865,28.901,-42.20939,-34.62776,19.87169,0.75334,0.57492,-0.31928,72.12582287184638,37.16259214057976,side_wall,side,side_phi05_225deg,219.37669296288377,left_upper,GeoOpt_S1_PlasticFullWrap_SideShell_5mm,geoopt_plastic_active,-6.338278635426549,0.3304937497085027,-2.2288026557974545,54.7471269692538,28.90073623,0.0,keep,True,final_pass,True
56,eplus::Background_eplus_fullsphere20_rep08_part01.inc1.id1.sim.gz::69124,eplus,prompt,69124,Background_eplus_fullsphere20_rep08_part01.inc1.id1.sim.gz,510.99893399999996,1.901,-56.14024,0.38491,20.86587,0.84771,0.06209,-0.52682,76.88520907549625,3.655235191177163,side_window,side,side_neg_x_window_axis_pm15deg,175.71199890755992,left_upper,GeoOpt_S1_PlasticFullWrap_SideShell_5mm,geoopt_plastic_active,-3.9662956940867553,-1.016418327598116,-4.7233109197409675,58.12822348619903,1.90121827,0.0,keep,True,final_pass,True
57,eplus::Background_eplus_fullsphere20_rep08_part01.inc1.id1.sim.gz::80763,eplus,prompt,80763,Background_eplus_fullsphere20_rep08_part01.inc1.id1.sim.gz,510.99888999999996,48.592,63.23848,-13.7068,-18.48038,-0.91708,-0.16303,0.36386,113.02818706332978,190.2035420701306,top,top,top_phi06_270deg,275.623458176816,right_lower,GeoOpt_S1_PlasticFullWrap_TopCap_5mm,geoopt_plastic_active,-5.289591005931715,-0.7223319245886602,-2.7359143386324183,71.5023155286413,48.59154108,0.0,single,True,final_pass,True
58,eplus::Background_eplus_fullsphere20_rep08_part01.inc1.id1.sim.gz::154485,eplus,prompt,154485,Background_eplus_fullsphere20_rep08_part01.inc1.id1.sim.gz,510.9989,10.262,52.67865,-3.13462,-35.03062,-0.91506,0.07311,0.39664,111.50471042305445,175.49304878698376,side_wall,side,side_phi00_000deg,359.0863355018087,right_lower,GeoOpt_S1_PlasticFullWrap_SideShell_5mm,geoopt_plastic_active,-3.2126171443841467,0.2147024146566421,-5.641061292889632,63.23604877473705,10.26199435,0.0,single,True,final_pass,True
59,eplus::Background_eplus_fullsphere20_rep08_part01.inc1.id1.sim.gz::164289,eplus,prompt,164289,Background_eplus_fullsphere20_rep08_part01.inc1.id1.sim.gz,510.99887,3.937,26.86972,1.18917,64.28188,-0.62111,-0.15675,-0.76789,169.16412281450394,303.5098027293647,top,top,top_phi04_180deg,201.03849874224056,right_upper,GeoOpt_S1_PlasticFullWrap_TopCap_5mm,geoopt_plastic_active,-4.9916782268930255,1.5322033055071336,-1.788367770210666,73.35219157760984,3.9369272199999994,0.0,veto,False,compton_fov_veto,False
60,eplus::Background_eplus_fullsphere20_rep08_part01.inc1.id1.sim.gz::182558,eplus,prompt,182558,Background_eplus_fullsphere20_rep08_part01.inc1.id1.sim.gz,510.99884099999997,449.892,37.2518,-33.31379,45.39836,-0.72721,0.40872,-0.55146,154.71021002812205,106.91224077514298,top,top,top_phi05_225deg,219.1716682706403,right_upper,TP_L0_00360,tes,-5.87280897593177,1.4087350970535741,-1.4367551819170954,72.51836775980256,0.0,0.0,single,True,final_pass,True
61,eplus::Background_eplus_fullsphere20_rep08_part01.inc1.id1.sim.gz::213474,eplus,prompt,213474,Background_eplus_fullsphere20_rep08_part01.inc1.id1.sim.gz,510.99894,804.187,30.61721,-61.08945,-17.76728,-0.69852,0.71144,-0.07692,123.2518749432295,121.70835187575813,side_wall,side,side_phi07_315deg,295.53109934075405,right_lower,GeoOpt_S1_PlasticFullWrap_SideShell_5mm,geoopt_plastic_active,-2.7358795508727276,-0.022984283397707635,-5.457518769834786,70.66167305724638,763.4998199000003,0.0,single,True,plastic_skin_veto,False
62,eplus::Background_eplus_fullsphere20_rep08_part01.inc1.id1.sim.gz::230901,eplus,prompt,230901,Background_eplus_fullsphere20_rep08_part01.inc1.id1.sim.gz,510.99886000000004,1376.161,46.13261,30.60791,-31.93325,-0.64275,-0.69017,0.33247,102.67386840896744,225.02430623516867,side_wall,side,side_phi00_000deg,6.399687773593559,right_lower,GeoOpt_S1_PlasticFullWrap_SideShell_5mm,geoopt_plastic_active,-1.988930161061768,-1.373338013667271,-6.420248012729069,63.161666558022894,1376.16149314,0.0,single,True,plastic_skin_veto,False
63,gamma::Background_gamma_fullsphere20_rep01_part12.inc1.id1.sim.gz::528434,gamma,prompt,528434,Background_gamma_fullsphere20_rep01_part12.inc1.id1.sim.gz,510.93292,1903.964,4.42579,63.06536,-1.45905,-0.26507,-0.92645,0.26725,89.91167868136132,247.88859983944187,side_wall,side,side_phi03_135deg,113.34024143430025,right_lower,CsI_TopAnnulus_Segment_02,csi_active,-5.9586163202833164,-0.9324185957506339,-3.4461810586258563,64.86524685576718,0.0,1161.49799772,single,True,non_plastic_active_veto,False
64,muminus::Background_muminus_fullsphere20_rep03_part01.inc1.id1.sim.gz::7838,muminus,prompt,7838,Background_muminus_fullsphere20_rep03_part01.inc1.id1.sim.gz,510.998862,1680.164,18.20161,-52.92219,-25.11215,-0.25264,0.68742,0.6809,72.37259060454305,133.839068853114,side_wall,side,side_phi06_270deg,282.370754450458,right_lower,GeoOpt_S1_PlasticFullWrap_SideShell_5mm,geoopt_plastic_active,-2.6205991195926073,0.41283044676130887,-3.6095958116963476,61.16002481439513,4670.935241745001,0.0,single,True,plastic_skin_veto,False
65,muplus::Background_muplus_fullsphere20_rep01_part01.inc1.id1.sim.gz::4293,muplus,prompt,4293,Background_muplus_fullsphere20_rep01_part01.inc1.id1.sim.gz,510.99899999999997,556.224,-38.13563,-30.77989,46.74763,0.34133,0.80067,-0.49237,96.1309423110723,53.63663777724051,envelope_miss,miss_current_outer_envelope,phi05_225deg,,left_upper,GeoOpt_S1_PlasticFullWrap_SideShell_5mm,geoopt_plastic_active,-5.7506847392075136,1.239108404361163,-1.426552238150936,66.29293154385003,977.86595243,1063.4464799999998,keep,True,plastic_skin_veto,False
66,muplus::Background_muplus_fullsphere20_rep01_part01.inc1.id1.sim.gz::8447,muplus,prompt,8447,Background_muplus_fullsphere20_rep01_part01.inc1.id1.sim.gz,510.998917,2149.973,-35.07655,39.3334,31.24418,0.44337,-0.69152,-0.57027,95.14822022806845,316.02644699336196,side_wall,side,side_phi03_135deg,144.7973918446583,left_upper,GeoOpt_S1_PlasticFullWrap_SideShell_5mm,geoopt_plastic_active,-3.7817197973060304,1.233784238186497,-4.759302991198541,61.05078137182846,2889.0241930300003,24507.025266769968,single,True,plastic_skin_veto,False
67,muplus::Background_muplus_fullsphere20_rep02_part01.inc1.id1.sim.gz::9490,muplus,prompt,9490,Background_muplus_fullsphere20_rep02_part01.inc1.id1.sim.gz,510.998869,770.151,-10.50368,51.04364,48.38613,-0.28477,-0.66723,-0.68827,133.4752615256811,293.1522806688805,side_wall,side,side_phi03_135deg,153.92009874736576,left_upper,GeoOpt_S1_PlasticFullWrap_SideShell_5mm,geoopt_plastic_active,-4.0021331963323545,0.6531591136552947,-4.709561592875931,73.48893209540569,1945.2858157499995,24729.406702737946,single,True,plastic_skin_veto,False
68,muplus::Background_muplus_fullsphere20_rep04_part01.inc1.id1.sim.gz::4675,muplus,prompt,4675,Background_muplus_fullsphere20_rep04_part01.inc1.id1.sim.gz,510.99890500000004,3425.736,35.69302,-61.00087,-8.53631,-0.58977,0.74729,-0.30615,129.30967104626333,105.02245069165099,side_wall,side,side_phi07_315deg,316.0828061545361,right_lower,GeoOpt_S1_PlasticFullWrap_SideShell_5mm,geoopt_plastic_active,-3.477273158729381,-0.14660572766339316,-4.844884380705112,72.46502583571589,4212.097776237,2411.48476826935,veto,False,plastic_skin_veto,False
69,muplus::Background_muplus_fullsphere20_rep05_part01.inc1.id1.sim.gz::4435,muplus,prompt,4435,Background_muplus_fullsphere20_rep05_part01.inc1.id1.sim.gz,510.9989,14036.603,-2.21256,5.42137,87.38372,-0.1825,0.6013,-0.7779,132.77386837935543,55.0014971537945,envelope_miss,miss_current_outer_envelope,phi04_180deg,,left_upper,GeoOpt_S1_PlasticFullWrap_TopCap_5mm,geoopt_plastic_active,-4.692612064557282,0.3652806717373755,-2.3364075527514827,89.89669618857125,2997.908733671999,1147.2905899999998,keep,True,plastic_skin_veto,False
70,muplus::Background_muplus_fullsphere20_rep07_part01.inc1.id1.sim.gz::1383,muplus,prompt,1383,Background_muplus_fullsphere20_rep07_part01.inc1.id1.sim.gz,510.99889999999994,615.955,38.15046,-48.25701,27.6449,-0.34007,0.71058,-0.61598,132.53406683194623,74.64711503579512,top,top,top_phi00_000deg,338.2112579394134,right_upper,Vacuum_Jacket_Al_266mmClass_side_port_side_wall_above_side_port,outer_mechanics,-5.948827625661816,-0.5659589502990124,-1.7060725174310551,71.27877038105404,1.46917,4091.6810864000017,single,True,non_plastic_active_veto,False
71,muplus::Background_muplus_fullsphere20_rep07_part01.inc1.id1.sim.gz::2373,muplus,prompt,2373,Background_muplus_fullsphere20_rep07_part01.inc1.id1.sim.gz,510.998943,1492.262,-20.23382,28.34115,54.74951,0.5116,-0.62482,-0.5898,93.1698320438007,321.2606971523479,envelope_miss,miss_current_outer_envelope,phi03_135deg,,left_upper,Vacuum_Jacket_Al_266mmClass_side_port_side_wall_above_side_port,outer_mechanics,-1.7284920964753603,0.5001703524283089,-3.957442613210776,67.55792768937813,0.0,547.3798799999998,keep,True,non_plastic_active_veto,False
72,muplus::Background_muplus_fullsphere20_rep08_part01.inc1.id1.sim.gz::1858,muplus,prompt,1858,Background_muplus_fullsphere20_rep08_part01.inc1.id1.sim.gz,510.99892,358.74,38.72152,-48.27644,33.88336,-0.55881,0.40651,-0.72283,154.99288996202966,74.07624541079662,side_wall,side,side_phi06_270deg,290.4213008870109,right_upper,GeoOpt_S1_PlasticFullWrap_SideShell_5mm,geoopt_plastic_active,-1.7774745998861623,-0.6512356716531627,-6.054480223416411,74.18463272558228,3979.6615324420013,11158.743845329996,keep,True,plastic_skin_veto,False
73,n::Background_n_fullsphere20_rep01_part01.inc1.id1.sim.gz::121496,n,prompt,121496,Background_n_fullsphere20_rep01_part01.inc1.id1.sim.gz,510.998874,1.287,-11.22642,-37.72194,-42.65044,0.45864,0.66997,0.58376,42.51561412171598,97.52269383790312,side_wall,side,side_phi07_315deg,315.2974099528881,left_lower,MuMetal_MagShield_Outer_Cylinder_2mm,outer_mechanics,-6.176303023723758,-0.3140511268098806,-2.1414120283214246,55.369984455779395,0.7304412,3488.9510524150005,single,True,non_plastic_active_veto,False
74,n::Background_n_fullsphere20_rep01_part01.inc1.id1.sim.gz::167319,n,prompt,167319,Background_n_fullsphere20_rep01_part01.inc1.id1.sim.gz,510.99888,374.36,30.07172,58.18795,-15.04729,-0.73052,-0.67481,0.10474,116.26309240758793,228.8064171277889,side_wall,side,side_phi02_090deg,79.67702600673444,right_lower,Outer_Al_Mechanical_Shell_detector_bay_side_wall_below_side_port,outer_mechanics,-2.013043481223481,-0.6409655212615339,-4.370587539828894,67.85473693469604,0.0,266.2318574,keep,True,non_plastic_active_veto,False
75,n::Background_n_fullsphere20_rep01_part01.inc1.id1.sim.gz::457587,n,prompt,457587,Background_n_fullsphere20_rep01_part01.inc1.id1.sim.gz,510.99890000000005,39.166,45.25001,24.76627,-35.08197,-0.6197,-0.60614,0.49857,94.91349513745675,217.4720190536553,side_wall,side,side_phi00_000deg,5.187944725103808,right_lower,CsI_TopAnnulus_Segment_07,csi_active,-1.6926364897272772,-0.7874963095290811,-6.02634816005866,60.83449837524104,20.41795,3862.339604950002,single,True,non_plastic_active_veto,False
76,n::Background_n_fullsphere20_rep01_part01.inc1.id1.sim.gz::506085,n,prompt,506085,Background_n_fullsphere20_rep01_part01.inc1.id1.sim.gz,510.9989002489,107.802,33.74533,4.65292,-50.79446,-0.60384,-0.29365,0.74104,84.43267191249814,197.16009951463028,side_wall,side,side_phi00_000deg,348.94308467725074,right_lower,Shield_4K_Al_side_window_bottom_cap,window_or_side_port,-5.311382299637477,1.4323778940509715,-1.0551881637323404,63.322932890975395,95.760747,673.0792726433001,keep,True,plastic_skin_veto,False
77,n::Background_n_fullsphere20_rep01_part01.inc1.id1.sim.gz::620364,n,prompt,620364,Background_n_fullsphere20_rep01_part01.inc1.id1.sim.gz,510.999,0.58,44.92282,38.38009,-20.03188,-0.57985,-0.7517,0.3142,100.82692292921789,229.9357574684037,top,top,top_phi00_000deg,354.38622311791244,right_lower,ColdPlate_CP_100mK_intercept,other,-1.8646649303879264,1.037422865692692,-5.9905933890453795,61.48740736529656,0.0,220.38625000000002,single,True,non_plastic_active_veto,False
78,n::Background_n_fullsphere20_rep01_part01.inc1.id1.sim.gz::737005,n,prompt,737005,Background_n_fullsphere20_rep01_part01.inc1.id1.sim.gz,510.99891,11.383,-5.94772,28.8705,-50.22419,0.3666,-0.60308,0.70845,40.52044135448122,248.15826942073775,side_wall,side,side_phi01_045deg,27.115823725746274,left_lower,GeoOpt_S1_PlasticFullWrap_SideShell_5mm,geoopt_plastic_active,-4.97185183788461,1.5921888982128594,-2.58273729073436,54.90689020045579,0.0020770475,0.0,single,True,final_pass,True
79,n::Background_n_fullsphere20_rep01_part01.inc1.id1.sim.gz::745151,n,prompt,745151,Background_n_fullsphere20_rep01_part01.inc1.id1.sim.gz,510.99894000000006,28883.468,42.51448,45.20788,-6.18447,-0.65571,-0.73737,0.16227,110.42093411717266,231.88906561159394,top,top,top_phi01_045deg,57.311053531877164,right_lower,ColdPlate_CP_100mK_intercept,other,-4.510965324204449,-1.1423280356852323,-3.585359620421756,66.07941939557485,0.0,0.0,keep,True,final_pass,True
80,n::Background_n_fullsphere20_rep01_part01.inc1.id1.sim.gz::875954,n,prompt,875954,Background_n_fullsphere20_rep01_part01.inc1.id1.sim.gz,510.99892,3.694,-8.55558,-64.66189,14.13652,-0.10139,0.87879,-0.46631,113.66730235623831,73.63628075230802,side_wall,side,side_phi06_270deg,259.4408478366459,left_upper,GeoOpt_S1_PlasticFullWrap_SideShell_5mm,geoopt_plastic_active,-3.119923548404486,-1.256233124991184,-3.862940474629692,66.13474323068687,3.6454891099999998,1247.58978435045,single,True,non_plastic_active_veto,False
81,n::Background_n_fullsphere20_rep02_part01.inc1.id1.sim.gz::10145,n,prompt,10145,Background_n_fullsphere20_rep02_part01.inc1.id1.sim.gz,510.998922,0.0,-0.40666,-51.26889,47.87556,0.47642,0.77765,-0.41023,87.31738844976576,51.12357912764623,envelope_miss,miss_current_outer_envelope,phi05_225deg,,left_upper,G10_Support_Ring_60K_Top,g10_passive,-5.307702909349603,-0.08216450911418294,-2.8839846298147744,72.25394424600461,0.0,0.0,keep,True,final_pass,True
82,n::Background_n_fullsphere20_rep02_part01.inc1.id1.sim.gz::272055,n,prompt,272055,Background_n_fullsphere20_rep02_part01.inc1.id1.sim.gz,510.9988400000001,189.653,-13.23673,39.65654,-41.03185,0.11825,-0.82391,0.55424,61.60652897045375,249.48510470611293,bottom,bottom,bottom_phi01_045deg,54.37108058656015,left_lower,CsI_Bottom_Quadrant_00,csi_active,-2.3310728266551046,0.9392212688875771,-6.733694601128173,52.86139982893225,0.0,287.95718519499997,single,True,non_plastic_active_veto,False
83,n::Background_n_fullsphere20_rep02_part01.inc1.id1.sim.gz::296032,n,prompt,296032,Background_n_fullsphere20_rep02_part01.inc1.id1.sim.gz,510.99895999999995,0.036,48.6144,4.35429,49.1759,-0.64746,-0.36764,-0.66756,158.41293526957568,272.21393422084907,top,top,top_phi06_270deg,271.5575088686222,right_upper,CsI_Side_Segment_06,csi_active,-3.7396291101211054,0.7955957262547539,-2.7849015397193377,73.84804374963154,312.124218,1013.8509832399997,single,True,plastic_skin_veto,False
84,n::Background_n_fullsphere20_rep02_part01.inc1.id1.sim.gz::804987,n,prompt,804987,Background_n_fullsphere20_rep02_part01.inc1.id1.sim.gz,510.99889999999994,0.628,7.47393,22.86954,-52.85176,0.19179,-0.38434,0.90305,39.270265253327025,217.38675480226306,side_wall,side,side_phi00_000deg,21.302505243534544,right_lower,GeoOpt_S1_PlasticFullWrap_SideShell_5mm,geoopt_plastic_active,-3.1888043612671186,-0.20050330407709296,-4.0315234881662185,55.03940674809574,0.17521899000000002,176.952012,keep,True,non_plastic_active_veto,False
85,n::Background_n_fullsphere20_rep03_part01.inc1.id1.sim.gz::305203,n,prompt,305203,Background_n_fullsphere20_rep03_part01.inc1.id1.sim.gz,510.9989,1.951,-46.18475,32.94576,-10.1405,0.9379,-0.32649,0.11727,41.74493581837809,330.635765071102,side_wall,side,side_phi03_135deg,115.10192565233977,left_lower,Outer_Al_Mechanical_Shell_detector_bay_bottom_cap,outer_mechanics,-2.1096904475156406,-0.13637493126495967,-4.6020127844345655,55.38694220484144,0.9826515,3179.637698269501,single,True,non_plastic_active_veto,False
86,n::Background_n_fullsphere20_rep03_part01.inc1.id1.sim.gz::314403,n,prompt,314403,Background_n_fullsphere20_rep03_part01.inc1.id1.sim.gz,510.99887,0.0,52.75632,39.55554,0.1627,-0.86892,-0.42972,0.24561,116.15145741101729,208.6021545170244,top,top,top_phi03_135deg,146.44598412245435,right_upper,Shield_60K_Al_side_window_side_wall_above_side_port,window_or_side_port,-5.6855308069761685,-1.2920552322837036,-1.3165626516404625,71.31734838030566,0.0,409.88338,keep,True,non_plastic_active_veto,False
87,n::Background_n_fullsphere20_rep03_part01.inc1.id1.sim.gz::457664,n,prompt,457664,Background_n_fullsphere20_rep03_part01.inc1.id1.sim.gz,510.9989,0.157,-12.73835,53.55512,-17.83233,0.37395,-0.88666,0.27203,62.82075422296453,274.6468244330574,side_wall,side,side_phi02_090deg,78.1365263770651,left_lower,CsI_Side_Segment_01,csi_active,-5.831103157339086,0.42094394041184824,-3.2912659793727537,55.51930535704441,0.0,5479.820774827998,single,True,non_plastic_active_veto,False
88,n::Background_n_fullsphere20_rep03_part01.inc1.id1.sim.gz::556865,n,prompt,556865,Background_n_fullsphere20_rep03_part01.inc1.id1.sim.gz,510.99885000000006,116.244,-7.26214,-53.16297,-37.74259,0.5433,0.44099,0.71439,27.211944245725736,105.34081121709046,envelope_miss,miss_current_outer_envelope,phi06_270deg,,left_lower,ColdPlate_4K,other,-5.082687605357134,0.12668377352181906,-0.9382234913746282,64.80045220632005,75.75524,3647.502873140001,single,True,plastic_skin_veto,False
89,n::Background_n_fullsphere20_rep03_part01.inc1.id1.sim.gz::681084,n,prompt,681084,Background_n_fullsphere20_rep03_part01.inc1.id1.sim.gz,510.9989,56.234,-30.5931,51.44161,-5.17106,0.7016,-0.706,-0.09651,64.66786917942218,308.6374831973313,side_wall,side,side_phi02_090deg,88.24888444849398,left_lower,CsI_Side_Segment_01,csi_active,-3.2766188784373114,-0.5658026001848927,-5.813887564270882,58.74839856121993,0.0,661.0358240539998,single,True,non_plastic_active_veto,False
90,n::Background_n_fullsphere20_rep03_part01.inc1.id1.sim.gz::714779,n,prompt,714779,Background_n_fullsphere20_rep03_part01.inc1.id1.sim.gz,510.99894,18.446,-13.72853,57.32434,-18.00477,-0.07595,-0.93683,0.34143,79.18004950161291,252.51386023335692,side_wall,side,side_phi02_090deg,103.44427275403041,left_lower,Cu_50mK_StillLike_Can_bottom_cap_2mm,other,-4.5476563323863255,0.7985819199366245,-3.7537150533455903,59.01306918741895,0.0,510.9989648,single,True,non_plastic_active_veto,False
91,n::Background_n_fullsphere20_rep04_part01.inc1.id1.sim.gz::191496,n,prompt,191496,Background_n_fullsphere20_rep04_part01.inc1.id1.sim.gz,510.9989268,1.635,64.70867,8.72619,1.49153,-0.9474,-0.30785,0.08749,127.44866413148209,202.8158985943407,top,top,top_phi06_270deg,257.9321438905076,right_upper,G10_Support_Ring_Still_4K,g10_passive,-0.428729471601296,0.321062394304296,-4.697315476613213,65.96839234303341,0.0,0.0,keep,True,final_pass,True
92,n::Background_n_fullsphere20_rep04_part01.inc1.id1.sim.gz::192808,n,prompt,192808,Background_n_fullsphere20_rep04_part01.inc1.id1.sim.gz,510.9989,0.749,53.30601,26.95113,-31.56293,-0.88804,-0.00274,0.45977,107.62771647001306,180.16472454712775,side_wall,side,side_phi02_090deg,73.86413395870403,right_lower,GeoOpt_S1_PlasticFullWrap_SideShell_5mm,geoopt_plastic_active,-2.1632545108451313,-1.2121355006198644,-6.51809917315634,67.06155664893059,0.3068776,1288.4950045157,single,True,non_plastic_active_veto,False
93,n::Background_n_fullsphere20_rep04_part01.inc1.id1.sim.gz::264586,n,prompt,264586,Background_n_fullsphere20_rep04_part01.inc1.id1.sim.gz,510.998868,0.0,47.79147,-30.74047,32.58918,-0.69275,0.50914,-0.51077,148.32191200552896,104.18382414954556,top,top,top_phi00_000deg,337.97781534027365,right_upper,G10_Support_Ring_4K_60K,g10_passive,-3.650098362733763,-0.8398484685659499,-4.64908996525413,70.19238472647169,0.0,8134.2222759999995,single,True,non_plastic_active_veto,False
94,n::Background_n_fullsphere20_rep04_part01.inc1.id1.sim.gz::299408,n,prompt,299408,Background_n_fullsphere20_rep04_part01.inc1.id1.sim.gz,510.9989,2.206,-33.86019,-37.6643,-39.5984,0.16553,0.86051,0.48179,62.75962694182918,104.56779157595079,bottom,bottom,bottom_phi03_135deg,122.07795821315925,left_lower,Outer_Al_Mechanical_Shell_detector_bay_side_wall_below_side_port,outer_mechanics,-5.486957593950789,0.9141664629220728,-1.1295268515118133,61.42631840760897,943.1116384000002,2551.1108052000004,single,True,plastic_skin_veto,False
95,n::Background_n_fullsphere20_rep04_part01.inc1.id1.sim.gz::533867,n,prompt,533867,Background_n_fullsphere20_rep04_part01.inc1.id1.sim.gz,510.99889999999994,0.0,-27.19056,46.08781,27.69979,0.62242,-0.72277,-0.30031,76.83433565183184,312.0736220151578,envelope_miss,miss_current_outer_envelope,phi03_135deg,,left_upper,ColdPlate_Still_0p7K,other,-4.052877843269721,-0.7163736933583617,-3.2413743278964007,60.690523121434666,0.0,3363.1043069999987,single,True,non_plastic_active_veto,False
96,n::Background_n_fullsphere20_rep04_part01.inc1.id1.sim.gz::752100,n,prompt,752100,Background_n_fullsphere20_rep04_part01.inc1.id1.sim.gz,510.99889,0.098,-53.56949,9.87636,-11.65711,0.91591,-0.33872,0.21534,36.87781585013144,325.63720360723585,bottom,bottom,bottom_phi04_180deg,178.76050191684172,left_lower,CsI_Bottom_Quadrant_02,csi_active,-4.918656182080023,-0.7403137129315585,-2.180294863914773,50.68951979481807,0.0,4674.527130237,single,True,non_plastic_active_veto,False
97,n::Background_n_fullsphere20_rep04_part01.inc1.id1.sim.gz::773525,n,prompt,773525,Background_n_fullsphere20_rep04_part01.inc1.id1.sim.gz,510.99892099999994,3.332,-50.76374,32.4332,9.84538,0.98439,-0.17539,0.01485,45.04369550249382,345.64972191805947,side_wall,side,side_phi03_135deg,117.44863143832995,left_upper,GeoOpt_S1_PlasticFullWrap_SideShell_5mm,geoopt_plastic_active,-5.385012528183456,-0.20700445856856464,-1.1172130953245614,56.963060850275724,0.5991804000000001,4187.12679767,keep,True,non_plastic_active_veto,False
98,n::Background_n_fullsphere20_rep04_part01.inc1.id1.sim.gz::912165,n,prompt,912165,Background_n_fullsphere20_rep04_part01.inc1.id1.sim.gz,510.99886000000004,10045.786,-23.16021,-50.44049,36.51343,0.7151,0.66913,-0.20223,68.73673126892547,45.890366959777204,envelope_miss,miss_current_outer_envelope,phi05_225deg,,left_upper,Plate_300K_Top_Service_Lid,other,-2.707919747209064,-0.9380751803634865,-5.2551556628952945,67.92201408850003,0.0,1737.892373,single,True,non_plastic_active_veto,False
99,n::Background_n_fullsphere20_rep05_part01.inc1.id1.sim.gz::259704,n,prompt,259704,Background_n_fullsphere20_rep05_part01.inc1.id1.sim.gz,510.9989,550.368,-57.11014,-14.0233,-9.81684,0.93456,0.32381,-0.14747,56.182050164927446,22.93904230328651,bottom,bottom,bottom_phi04_180deg,194.91000982516638,left_lower,CsI_Bottom_Quadrant_01,csi_active,-3.8843029428304052,-0.0012640197312996173,-1.3280032297721187,55.69261686417591,0.0,1221.9662791,single,True,non_plastic_active_veto,False
100,n::Background_n_fullsphere20_rep05_part01.inc1.id1.sim.gz::365643,n,prompt,365643,Background_n_fullsphere20_rep05_part01.inc1.id1.sim.gz,510.99898999999994,0.617,-1.21883,60.89165,5.88242,-0.05156,-0.98666,-0.15441,98.37450803815474,274.21560334059393,side_wall,side,side_phi02_090deg,95.30741933293504,left_upper,Outer_Al_Mechanical_Shell_detector_bay_side_wall_above_side_port,outer_mechanics,-4.0997850744132975,0.013798510193112517,-4.968860706144078,61.904466697640686,0.0,9524.920378096904,keep,True,non_plastic_active_veto,False
101,n::Background_n_fullsphere20_rep05_part01.inc1.id1.sim.gz::545609,n,prompt,545609,Background_n_fullsphere20_rep05_part01.inc1.id1.sim.gz,510.99895000000004,0.167,4.19544,-51.56951,46.6816,-0.42998,0.68059,-0.59322,136.34531039044083,80.37422688865998,side_wall,side,side_phi05_225deg,211.5622081301798,right_upper,CsI_Side_Segment_04_rectcut_window_band,csi_active,-3.152872151152639,-1.3412521330354927,-3.8620107762999902,71.63471344346377,0.0,2544.2453912901997,single,True,non_plastic_active_veto,False
102,n::Background_n_fullsphere20_rep05_part01.inc1.id1.sim.gz::591731,n,prompt,591731,Background_n_fullsphere20_rep05_part01.inc1.id1.sim.gz,510.998882,332.481,42.08502,-49.23079,-13.37221,-0.79312,0.60895,0.01138,123.55771632707572,133.05090540015803,side_wall,side,side_phi07_315deg,302.8280268231445,right_lower,ActiveShield_Flex_Kapton_detector_bay_above_side_port,passive_shield_or_collimator,-3.7556208630525454,-0.026278229981407435,-2.9965109962278236,68.04486360540477,0.0,3602.2832849500014,keep,True,non_plastic_active_veto,False
103,n::Background_n_fullsphere20_rep05_part01.inc1.id1.sim.gz::610192,n,prompt,610192,Background_n_fullsphere20_rep05_part01.inc1.id1.sim.gz,510.9988701,41.776,45.39339,24.5078,-40.646,-0.64312,-0.66016,0.38805,100.39084391916282,222.15726161922802,side_wall,side,side_phi00_000deg,347.82801655360464,right_lower,CsI_Side_Segment_07,csi_active,-2.5151409299367624,-1.407672998189085,-5.091813075518064,65.04567075867214,0.0,0.137549,single,True,final_pass,True
104,n::Background_n_fullsphere20_rep05_part01.inc1.id1.sim.gz::736476,n,prompt,736476,Background_n_fullsphere20_rep05_part01.inc1.id1.sim.gz,510.99895000000004,1.191,19.631,51.84134,-22.06943,-0.29287,-0.81933,0.49288,81.86950959132291,235.85777531950575,side_wall,side,side_phi01_045deg,65.53800411845565,right_lower,CsI_Side_Segment_01,csi_active,-4.9486090261370785,1.3674044672328778,-2.2061983621780428,59.55101442579682,0.0,1729.6813677159998,keep,True,non_plastic_active_veto,False
105,n::Background_n_fullsphere20_rep05_part01.inc1.id1.sim.gz::795568,n,prompt,795568,Background_n_fullsphere20_rep05_part01.inc1.id1.sim.gz,510.99891,1.873,50.46184,42.38474,6.12922,-0.58912,-0.78416,0.19499,106.18223440527117,234.73733254635377,envelope_miss,miss_current_outer_envelope,phi01_045deg,,right_upper,ColdPlate_4K,other,-4.727676057868734,-1.1310225425663238,-2.1940218797654185,70.77273929806483,0.0,6401.66093952,single,True,non_plastic_active_veto,False
106,n::Background_n_fullsphere20_rep05_part01.inc1.id1.sim.gz::813973,n,prompt,813973,Background_n_fullsphere20_rep05_part01.inc1.id1.sim.gz,510.99890000000005,2775.03,40.38741,-49.52939,-1.04494,-0.70754,0.70462,-0.05385,122.57366358043376,123.26475602695739,top,top,top_phi07_315deg,297.3981703611101,right_lower,Nb_MagShield_Inner_Cylinder_2mm,passive_shield_or_collimator,-4.284856561219799,0.9336208859582867,-3.53350809992272,67.44123248118301,2.108466,0.0,single,True,final_pass,True
107,n::Background_n_fullsphere20_rep05_part01.inc1.id1.sim.gz::841723,n,prompt,841723,Background_n_fullsphere20_rep05_part01.inc1.id1.sim.gz,510.99892,0.235,-60.39616,4.81298,-14.63702,0.81417,-0.52772,0.24216,41.674246623735115,307.468439272407,bottom,bottom,bottom_phi05_225deg,224.279731034039,left_lower,CsI_Side_Segment_04_below_side_port,csi_active,-6.135104041837192,-1.4863575940435256,-1.8781003962737535,56.095756321427345,0.0,2002.7457635999997,single,True,non_plastic_active_veto,False
108,n::Background_n_fullsphere20_rep05_part01.inc1.id1.sim.gz::894429,n,prompt,894429,Background_n_fullsphere20_rep05_part01.inc1.id1.sim.gz,510.99890544929997,0.0,-43.49247,-7.59978,-32.74428,0.86849,0.20872,0.44962,21.243989008317154,35.17207574401585,bottom,bottom,bottom_phi00_000deg,338.1896392431825,left_lower,CsI_Bottom_Quadrant_03,csi_active,-1.2124361272289537,0.37236603893396075,-5.367196449265386,50.996677151483716,0.0,3488.58100151,keep,True,non_plastic_active_veto,False
109,n::Background_n_fullsphere20_rep06_part01.inc1.id1.sim.gz::79531,n,prompt,79531,Background_n_fullsphere20_rep06_part01.inc1.id1.sim.gz,510.99899999999997,117.053,55.8023,30.44984,-28.06734,-0.78166,-0.62306,0.02823,122.19194535624105,227.41267496329,side_wall,side,side_phi00_000deg,351.67980954381227,right_lower,CsI_Side_Segment_07,csi_active,-2.5579107772390945,-0.06325788828964832,-6.790613396899015,69.20738717541087,92.07477,708.0275248999999,single,True,plastic_skin_veto,False
110,n::Background_n_fullsphere20_rep06_part01.inc1.id1.sim.gz::118972,n,prompt,118972,Background_n_fullsphere20_rep06_part01.inc1.id1.sim.gz,510.99898,0.555,-36.17446,-0.44933,56.88719,0.87351,0.14087,-0.46597,73.25124663603061,8.459563009049056,envelope_miss,miss_current_outer_envelope,phi04_180deg,,left_upper,DR_MXC_Sinter_HEX_AgProxy,other,-4.103259890991582,-1.0265074886890344,-1.4717032785244892,66.59320862505216,0.0,113.6213,keep,True,non_plastic_active_veto,False
111,n::Background_n_fullsphere20_rep06_part01.inc1.id1.sim.gz::158363,n,prompt,158363,Background_n_fullsphere20_rep06_part01.inc1.id1.sim.gz,510.99889999999994,23.704,50.64849,3.60773,-36.61864,-0.71205,-0.30287,0.63345,93.18605360377003,197.65821427932235,top,top,top_phi00_000deg,340.27971079728565,right_lower,MuMetal_MagShield_Outer_Back_ColdFingerCap_2mm,outer_mechanics,-3.074166474092606,1.2938742096247176,-5.570366261541856,62.09245565598326,17.492158,514.60466,keep,True,non_plastic_active_veto,False
112,n::Background_n_fullsphere20_rep06_part01.inc1.id1.sim.gz::164833,n,prompt,164833,Background_n_fullsphere20_rep06_part01.inc1.id1.sim.gz,510.99892,0.056,-42.7525,28.69194,-24.57957,0.54632,-0.5676,0.61592,34.73151750169648,265.04447500134813,bottom,bottom,bottom_phi03_135deg,139.71993266163116,left_lower,Still_Shield_Al_side_window_bottom_cap,window_or_side_port,-2.757560867808761,0.5045469849271227,-5.373623164363204,52.56417672737934,0.045419163000000005,2807.4503156,keep,True,non_plastic_active_veto,False
113,n::Background_n_fullsphere20_rep06_part01.inc1.id1.sim.gz::180531,n,prompt,180531,Background_n_fullsphere20_rep06_part01.inc1.id1.sim.gz,510.998864,0.0,-47.35727,34.70804,17.29504,0.86883,-0.28025,-0.40815,70.98890478369107,342.7573450288039,side_wall,side,side_phi03_135deg,118.13716350681467,left_upper,GeoOpt_S1_PlasticFullWrap_SideShell_5mm,geoopt_plastic_active,-1.8612175992836533,-0.9750262796836864,-6.012389509465183,62.34106410310715,6.9554058e-05,5648.1196199,keep,True,non_plastic_active_veto,False
114,n::Background_n_fullsphere20_rep06_part01.inc1.id1.sim.gz::251935,n,prompt,251935,Background_n_fullsphere20_rep06_part01.inc1.id1.sim.gz,510.998876,27.819,-42.45693,-5.64216,-48.4389,0.64018,-0.46056,0.61486,27.44572460175091,272.2262118619291,bottom,bottom,bottom_phi06_270deg,280.69158327427124,left_lower,GeoOpt_S1_PlasticFullWrap_SideShell_5mm,geoopt_plastic_active,-5.377069720417846,0.374125565970854,-1.018133902912307,60.49661798480429,11.679722987000002,0.0,single,True,final_pass,True
115,n::Background_n_fullsphere20_rep06_part01.inc1.id1.sim.gz::399655,n,prompt,399655,Background_n_fullsphere20_rep06_part01.inc1.id1.sim.gz,510.9988900000001,1.168,22.2071,16.26036,-59.02429,-0.54887,-0.51252,0.66035,85.47877604619771,210.9386907481106,side_wall,side,side_phi00_000deg,356.9822164881973,right_lower,GeoOpt_S1_PlasticFullWrap_BottomCap_5mm,geoopt_plastic_active,-3.4175943400579007,0.2814572646698841,-6.008982439175493,61.0128931326433,0.1483567,2806.0705782729992,keep,True,non_plastic_active_veto,False
116,n::Background_n_fullsphere20_rep06_part01.inc1.id1.sim.gz::634987,n,prompt,634987,Background_n_fullsphere20_rep06_part01.inc1.id1.sim.gz,510.998891,1.031,31.81048,-52.00385,-11.36772,-0.35569,0.84537,0.39855,88.26330086952977,122.24706565185517,envelope_miss,miss_current_outer_envelope,phi07_315deg,,right_lower,NbTi_Bundle_Still_4K,other,-2.2203145355449942,0.15268321263685286,-6.2895781526541175,62.483489484047986,0.0,0.0,single,True,final_pass,True
117,n::Background_n_fullsphere20_rep07_part01.inc1.id1.sim.gz::107826,n,prompt,107826,Background_n_fullsphere20_rep07_part01.inc1.id1.sim.gz,510.998895,26.445,-19.27162,-60.24986,-7.88637,-0.04578,0.95127,0.30495,79.44027242584282,104.61219869718907,side_wall,side,side_phi05_225deg,229.12441150303826,left_lower,CsI_Bottom_Quadrant_02,csi_active,-4.8820104603823085,-0.5510411445049962,-4.200665713732753,61.519056003239115,3.485248,511.1065260000001,single,True,non_plastic_active_veto,False
118,n::Background_n_fullsphere20_rep07_part01.inc1.id1.sim.gz::243793,n,prompt,243793,Background_n_fullsphere20_rep07_part01.inc1.id1.sim.gz,510.9989,12.063,63.26945,19.53351,10.48338,-0.99408,-0.09597,0.05102,131.82374384621053,187.39931446115122,top,top,top_phi03_135deg,132.2577960940133,right_upper,CsI_Side_Segment_03_above_side_port,csi_active,-6.382714809410353,1.368663880702287,-2.084538115683028,73.07077571052288,0.0,3894.0159938399997,single,True,non_plastic_active_veto,False
119,n::Background_n_fullsphere20_rep07_part01.inc1.id1.sim.gz::252059,n,prompt,252059,Background_n_fullsphere20_rep07_part01.inc1.id1.sim.gz,510.9989,27.357,-47.5411,4.77911,-32.4217,0.89186,0.21765,0.39651,24.354358592059025,31.856241452223262,bottom,bottom,bottom_phi02_090deg,81.12782271185945,left_lower,Passive_W_Bottom_Plate_detector_bay,other,-6.589600605421068,-0.1735883268445196,-2.3636431753402993,51.03960524392208,0.0,58.116,single,True,non_plastic_active_veto,False
120,n::Background_n_fullsphere20_rep07_part01.inc1.id1.sim.gz::329030,n,prompt,329030,Background_n_fullsphere20_rep07_part01.inc1.id1.sim.gz,510.99887,0.525,34.65676,52.5204,1.89734,-0.58756,-0.79845,0.13137,108.81865361611032,237.51574796442316,top,top,top_phi03_135deg,125.56885907972746,right_upper,Shield_60K_Al_side_window_side_wall_above_side_port,window_or_side_port,-3.437582503740879,-0.5360454101778679,-4.165289045522273,65.59665236350948,0.0,0.01107629,keep,True,final_pass,True
121,n::Background_n_fullsphere20_rep07_part01.inc1.id1.sim.gz::361381,n,prompt,361381,Background_n_fullsphere20_rep07_part01.inc1.id1.sim.gz,510.99890999999997,15.082,-10.00281,-31.59404,-44.44335,0.22416,0.54609,0.80718,43.17502546396819,127.05009431383442,bottom,bottom,bottom_phi07_315deg,307.9359907762586,left_lower,CsI_Side_Segment_06,csi_active,-3.4837132132965416,-0.8878760099046963,-2.4924530800460225,52.395084524119596,0.0,0.0023371828,single,True,final_pass,True
122,n::Background_n_fullsphere20_rep07_part01.inc1.id1.sim.gz::602847,n,prompt,602847,Background_n_fullsphere20_rep07_part01.inc1.id1.sim.gz,510.99890000000005,0.015,-12.95444,56.31798,-13.66505,0.21302,-0.97382,0.07933,78.06961578343555,275.54458723840514,side_wall,side,side_phi02_090deg,83.24870574518162,left_lower,ActiveShield_Flex_Kapton_detector_bay_below_side_port,passive_shield_or_collimator,-2.054995642972617,1.2721055330285445,-6.354715729786111,56.58875480400483,0.0,3575.78592693284,single,True,non_plastic_active_veto,False
123,n::Background_n_fullsphere20_rep07_part01.inc1.id1.sim.gz::668801,n,prompt,668801,Background_n_fullsphere20_rep07_part01.inc1.id1.sim.gz,510.998915,0.021,35.67774,-49.81339,-28.69434,-0.67334,0.73597,0.07049,115.23156689627821,125.55181952402098,side_wall,side,side_phi07_315deg,322.36361749152917,right_lower,CsI_Bottom_Quadrant_03,csi_active,-5.640385619784288,-0.1938243383256328,-3.0478405132312947,69.47684317173828,0.0,851.2784851,keep,True,non_plastic_active_veto,False
124,n::Background_n_fullsphere20_rep07_part01.inc1.id1.sim.gz::928441,n,prompt,928441,Background_n_fullsphere20_rep07_part01.inc1.id1.sim.gz,510.998873,0.0,-11.0468,45.83202,45.69039,0.54826,-0.64788,-0.52883,89.21278314619052,319.6134149452179,envelope_miss,miss_current_outer_envelope,phi03_135deg,,left_upper,Vacuum_Jacket_Al_266mmClass_side_port_side_wall_above_side_port,outer_mechanics,-4.7395885632977155,0.46719926732927214,-2.1994435007328326,66.26600960479311,0.0,0.0,single,True,final_pass,True
125,n::Background_n_fullsphere20_rep08_part01.inc1.id1.sim.gz::137864,n,prompt,137864,Background_n_fullsphere20_rep08_part01.inc1.id1.sim.gz,510.998912394,51.949,-40.6185,-39.04288,-6.61988,0.65352,0.6993,0.28964,48.17061110956641,69.79929905924571,side_wall,side,side_phi05_225deg,230.80657648428104,left_lower,CsI_Side_Segment_05,csi_active,-5.64625761576538,-1.1699984205559109,-1.3224492536928956,51.8215753236446,41.07524,2991.6503130399988,keep,True,non_plastic_active_veto,False
126,n::Background_n_fullsphere20_rep08_part01.inc1.id1.sim.gz::357387,n,prompt,357387,Background_n_fullsphere20_rep08_part01.inc1.id1.sim.gz,510.99891,0.001,55.04151,20.47059,-23.59173,-0.86234,-0.13033,0.48927,105.29566988971007,187.76533244593165,top,top,top_phi02_090deg,77.56306276795665,right_lower,ColdPlate_CP_100mK_intercept,other,-3.078172621268057,1.3296392630769014,-5.599059930065976,63.78095075612894,0.0,0.0,single,True,final_pass,True
127,n::Background_n_fullsphere20_rep08_part01.inc1.id1.sim.gz::370386,n,prompt,370386,Background_n_fullsphere20_rep08_part01.inc1.id1.sim.gz,510.99897999999996,4.173,56.87048,-33.01415,-8.54426,-0.9094,0.2406,0.33928,113.77425789452232,164.75723790232018,top,top,top_phi05_225deg,235.7453396978903,right_lower,CsI_TopAnnulus_Segment_04,csi_active,-4.518969297210926,0.37680669163294617,-3.133257944844665,70.09207813325436,0.5666873,6380.742776600004,veto,False,non_plastic_active_veto,False
128,n::Background_n_fullsphere20_rep08_part01.inc1.id1.sim.gz::585146,n,prompt,585146,Background_n_fullsphere20_rep08_part01.inc1.id1.sim.gz,510.99895559999993,0.0,7.10254,-50.22456,-31.33658,0.11154,0.69093,0.71427,54.27229738993553,121.66801828807532,side_wall,side,side_phi07_315deg,295.01119194117376,right_lower,GeoOpt_S1_PlasticFullWrap_SideShell_5mm,geoopt_plastic_active,-5.819650041586634,0.11009128852686548,-3.4615924972309924,58.97096780694724,2.91099689e-05,306.2558,veto,False,non_plastic_active_veto,False
129,n::Background_n_fullsphere20_rep08_part01.inc1.id1.sim.gz::745296,n,prompt,745296,Background_n_fullsphere20_rep08_part01.inc1.id1.sim.gz,510.99894280000007,1.076,23.20765,37.28393,-41.18614,-0.34224,-0.75915,0.55368,81.4014238897099,230.15498274505666,side_wall,side,side_phi01_045deg,26.775495945017994,right_lower,CsI_Side_Segment_00,csi_active,-2.4647673988598933,0.2235101333691363,-6.72151558693886,56.74819884124624,0.0,334.3414946,veto,False,non_plastic_active_veto,False
130,n::Background_n_fullsphere20_rep08_part01.inc1.id1.sim.gz::748880,n,prompt,748880,Background_n_fullsphere20_rep08_part01.inc1.id1.sim.gz,510.998966,6.622,27.60636,12.85398,-50.30934,-0.52147,-0.14594,0.84069,76.95455294467665,188.61574886296893,side_wall,side,side_phi00_000deg,17.80463915473385,right_lower,ColdPlate_MXC_50mK_SD_anchor,other,-2.6333066435052004,-0.5482322819751682,-6.166693081781892,55.16003997195721,0.0,6024.268905000001,keep,True,non_plastic_active_veto,False
131,n::Background_n_fullsphere20_rep08_part01.inc1.id1.sim.gz::821539,n,prompt,821539,Background_n_fullsphere20_rep08_part01.inc1.id1.sim.gz,510.9989,0.547,51.95579,-36.4594,-13.57523,-0.89606,0.33447,0.29191,115.289835021981,158.2891200000182,top,top,top_phi06_270deg,290.9060934802841,right_lower,ColdPlate_CP_100mK_intercept,other,-3.684850991643426,-0.3551758259138131,-2.8263833229071533,67.19325589716031,0.0,0.0,single,True,final_pass,True
132,n::Background_n_fullsphere20_rep08_part01.inc1.id1.sim.gz::887540,n,prompt,887540,Background_n_fullsphere20_rep08_part01.inc1.id1.sim.gz,510.9989,10.936,-36.40783,51.9398,3.31397,0.2406,-0.96298,0.1216,75.16043157087718,274.99385165706485,side_wall,side,side_phi03_135deg,152.22353713123505,left_upper,CsI_Bottom_Quadrant_01,csi_active,-3.140992555996696,1.0541088114718056,-5.772941393807501,61.47038311202318,3.730032,6448.246202439591,single,True,non_plastic_active_veto,False
133,p::Background_p_fullsphere20_rep08_part01.inc1.id1.sim.gz::215891,p,prompt,215891,Background_p_fullsphere20_rep08_part01.inc1.id1.sim.gz,510.998912,141846.916,62.86741,23.51224,-0.05953,-0.96827,-0.18111,-0.17219,143.7484105937436,197.83489306577877,top,top,top_phi01_045deg,38.975794654865474,right_lower,GeoOpt_S1_PlasticFullWrap_TopCap_5mm,geoopt_plastic_active,-3.27160913931958,0.6362111415426627,-5.720543211327699,70.2120332964591,3511.5587740000014,68935.70926850001,keep,True,plastic_skin_veto,False
134,activation::DelayedDecayGeoOptS1BpeW5FullstatV1.inc1.id1.sim.gz::11555,activation,delayed,11555,DelayedDecayGeoOptS1BpeW5FullstatV1.inc1.id1.sim.gz,510.998946,2000.0,-2.93582,0.63,2.82411,-0.4423,-0.62715,-0.64113,140.0052166249785,282.635618219364,bottom,bottom,bottom_phi06_270deg,270.7495487192017,left_upper,ColdPlate_MXC_50mK_SD_anchor,other,-5.66745684097905,0.1799158089800416,-1.2243888048103877,4.90456503500068,0.0,0.0,single,True,final_pass,True
135,activation::DelayedDecayGeoOptS1BpeW5FullstatV1.inc1.id1.sim.gz::15164,activation,delayed,15164,DelayedDecayGeoOptS1BpeW5FullstatV1.inc1.id1.sim.gz,510.9989,2000.0,6.93191,-1.33261,0.19519,0.64288,0.76591,-0.00938,63.38764010416801,58.944392015299684,top,top,top_phi01_045deg,23.202809586224056,right_upper,ColdPlate_CP_100mK_intercept,other,-2.294126574538908,-1.5660732704251221,-4.894993404252006,10.539650044583537,0.0,0.0,single,True,final_pass,True
136,activation::DelayedDecayGeoOptS1BpeW5FullstatV1.inc1.id1.sim.gz::15495,activation,delayed,15495,DelayedDecayGeoOptS1BpeW5FullstatV1.inc1.id1.sim.gz,510.9989,2000.0,-8.5342,6.32084,8.67781,-0.38603,-0.89279,0.23218,96.24547341955059,243.91205109702838,side_wall,side,side_phi05_225deg,214.47868528851194,left_upper,ColdPlate_MXC_50mK_SD_anchor,other,-4.569230109019999,0.5566865736099236,-0.5172910030512199,11.554061338579432,0.0,0.0,single,True,final_pass,True
137,activation::DelayedDecayGeoOptS1BpeW5FullstatV1.inc1.id1.sim.gz::96906,activation,delayed,96906,DelayedDecayGeoOptS1BpeW5FullstatV1.inc1.id1.sim.gz,510.99892,2000.0,9.42656,5.23501,-2.11243,-0.82876,-0.08972,0.55236,101.27071241457834,185.24901848523822,side_window,side,side_neg_x_window_axis_pm15deg,176.0366982380218,right_lower,ColdPlate_CP_100mK_intercept,other,-3.8351278356422944,0.96137971986995,-4.5285893487581745,14.141220103649431,0.0,194.16745,veto,False,non_plastic_active_veto,False
138,activation::DelayedDecayGeoOptS1BpeW5FullstatV1.inc1.id1.sim.gz::114227,activation,delayed,114227,DelayedDecayGeoOptS1BpeW5FullstatV1.inc1.id1.sim.gz,510.99890200000004,2000.0,0.18765,0.02242,-0.25931,0.25578,-0.96363,0.07736,76.3749732752378,277.45894976007924,side_wall,side,side_phi06_270deg,278.1084894838932,right_lower,ColdPlate_MXC_50mK_SD_anchor,other,-4.9333983868551945,-0.5318535195583509,-2.4842227571552256,5.61093508177985,0.0,130.90938999999997,keep,True,non_plastic_active_veto,False
139,activation::DelayedDecayGeoOptS1BpeW5FullstatV1.inc1.id1.sim.gz::117236,activation,delayed,117236,DelayedDecayGeoOptS1BpeW5FullstatV1.inc1.id1.sim.gz,510.99887700000005,2000.0,19.10341,7.55957,-8.65185,-0.76319,-0.10293,-0.63793,172.19558023709052,229.2877073700229,bottom,bottom,bottom_phi00_000deg,14.438873230268115,right_lower,GeoOpt_S1_PlasticFullWrap_TopCap_5mm,geoopt_plastic_active,-2.8868990842743143,0.6100107169426695,-5.542887254365994,23.27091999050287,2512.5414969800004,0.0,single,True,plastic_skin_veto,False
140,activation::DelayedDecayGeoOptS1BpeW5FullstatV1.inc1.id1.sim.gz::129251,activation,delayed,129251,DelayedDecayGeoOptS1BpeW5FullstatV1.inc1.id1.sim.gz,510.99893,2000.0,-8.46564,-13.16607,-5.44118,0.73805,0.07031,-0.67108,87.28575976699913,4.036308946547753,side_wall,side,side_phi07_315deg,336.304328227226,left_lower,Cu_50mK_StillLike_Can_bottom_cap_2mm,other,-0.880098025510621,1.4054202919521104,-5.2538289575197545,16.42875152859502,0.0,0.0,veto,False,compton_fov_veto,False
141,activation::DelayedDecayGeoOptS1BpeW5FullstatV1.inc1.id1.sim.gz::207005,activation,delayed,207005,DelayedDecayGeoOptS1BpeW5FullstatV1.inc1.id1.sim.gz,510.99884599999996,2000.0,-1.38896,1.3645,1.6685,0.43782,0.74509,0.50315,48.28970684400271,93.54777454942993,top,top,top_phi02_090deg,105.36120383607496,left_upper,ColdPlate_MXC_50mK_SD_anchor,other,-2.40910853324505,-0.9971976897548207,-3.312755538956975,5.606355835305571,0.0,187.77356999999998,keep,True,non_plastic_active_veto,False
142,activation::DelayedDecayGeoOptS1BpeW5FullstatV1.inc1.id1.sim.gz::251391,activation,delayed,251391,DelayedDecayGeoOptS1BpeW5FullstatV1.inc1.id1.sim.gz,510.99888999999996,2000.0,1.4958,0.5423,-1.89057,-0.83786,-0.49816,-0.22322,138.6161018165224,228.89716258022196,bottom,bottom,bottom_phi05_225deg,233.35632900098966,right_lower,ColdPlate_MXC_50mK_SD_anchor,other,-3.7474919912786895,1.2773981621597066,-4.7369353505277285,6.011179245580909,0.0,0.0,single,True,final_pass,True
143,activation::DelayedDecayGeoOptS1BpeW5FullstatV1.inc1.id1.sim.gz::254504,activation,delayed,254504,DelayedDecayGeoOptS1BpeW5FullstatV1.inc1.id1.sim.gz,510.9989,2000.0,-10.89593,-5.63766,-3.00144,-0.48443,-0.31604,0.81575,76.45090856894566,198.970848388949,side_wall,side,side_phi05_225deg,206.2121080195808,left_lower,Cu_50mK_StillLike_Can_bottom_cap_2mm,other,-4.649454500861548,-0.4993242485443903,-3.8696921196806877,8.13479023696087,0.0,0.0,single,True,final_pass,True
144,activation::DelayedDecayGeoOptS1BpeW5FullstatV1.inc1.id1.sim.gz::268065,activation,delayed,268065,DelayedDecayGeoOptS1BpeW5FullstatV1.inc1.id1.sim.gz,510.998886,2000.0,-14.58625,-5.62058,5.49971,0.38709,-0.30271,-0.87094,110.0068302960028,341.20701044267,side_wall,side,side_phi07_315deg,320.4313411388787,left_upper,Cu_50mK_StillLike_Can_side_wall_rectcut_window_band,window_or_side_port,-5.385760563603374,-0.11508946481235108,-1.275011122453496,12.682912843243237,0.0,456.893376,single,True,non_plastic_active_veto,False
145,activation::DelayedDecayGeoOptS1BpeW5FullstatV1.inc1.id1.sim.gz::312666,activation,delayed,312666,DelayedDecayGeoOptS1BpeW5FullstatV1.inc1.id1.sim.gz,510.99890000000005,2000.0,-6.52782,0.46758,-7.46004,-0.76118,0.1416,-0.63289,170.31878762734448,122.64527959850689,bottom,bottom,bottom_phi02_090deg,103.88561521157956,left_lower,Cu_50mK_StillLike_Can_bottom_cap_2mm,other,-2.5330128385442707,0.4556480102916072,-6.834865133902048,4.043447816257429,0.0,510.9989079999999,single,True,non_plastic_active_veto,False
146,activation::DelayedDecayGeoOptS1BpeW5FullstatV1.inc1.id1.sim.gz::351355,activation,delayed,351355,DelayedDecayGeoOptS1BpeW5FullstatV1.inc1.id1.sim.gz,510.99895,2000.0,7.97934,0.84698,-8.3052,0.58844,0.32529,-0.74022,96.16111451549284,19.097680125999386,side_wall,side,side_phi00_000deg,12.992905096469679,right_lower,ColdPlate_MXC_50mK_SD_anchor,other,-2.5356386489725273,0.43751826800539617,-3.826826043813984,11.436269854710552,0.0,0.0,veto,False,compton_fov_veto,False
147,activation::DelayedDecayGeoOptS1BpeW5FullstatV1.inc1.id1.sim.gz::400295,activation,delayed,400295,DelayedDecayGeoOptS1BpeW5FullstatV1.inc1.id1.sim.gz,510.998865,2000.0,-0.43968,-4.19602,0.06219,0.62029,0.14548,0.77076,10.383536263557454,126.18027129029237,top,top,top_phi06_270deg,248.0419253169636,left_upper,ColdPlate_MXC_50mK_SD_anchor,other,-5.36434624518437,0.2961128017024109,-0.9480180045835482,6.741818370967416,0.0,0.0,single,True,final_pass,True
148,activation::DelayedDecayGeoOptS1BpeW5FullstatV1.inc1.id1.sim.gz::433569,activation,delayed,433569,DelayedDecayGeoOptS1BpeW5FullstatV1.inc1.id1.sim.gz,510.998893,2000.0,-17.0641,3.47585,3.25224,-0.29952,0.13739,-0.94415,151.57057672965558,16.7734031343196,bottom,bottom,bottom_phi03_135deg,141.92429604354376,left_upper,Cu_50mK_StillLike_Can_bottom_cap_2mm,other,-5.197878848562946,0.12204840598984781,-1.142798198621716,13.090895703279479,0.0,0.0,single,True,final_pass,True
149,activation::DelayedDecayGeoOptS1BpeW5FullstatV1.inc1.id1.sim.gz::450836,activation,delayed,450836,DelayedDecayGeoOptS1BpeW5FullstatV1.inc1.id1.sim.gz,510.99893499999996,2000.0,-0.43968,-4.19602,0.06219,-0.25482,0.94481,-0.2059,109.01279029529107,92.09679350563898,side_wall,side,side_phi02_090deg,93.14041710781238,left_upper,ColdPlate_MXC_50mK_SD_anchor,other,-2.1328859243835354,-1.1692469513229888,-4.563055121132114,5.781106625994842,0.0,0.0,keep,True,final_pass,True
150,activation::DelayedDecayGeoOptS1BpeW5FullstatV1.inc1.id1.sim.gz::470343,activation,delayed,470343,DelayedDecayGeoOptS1BpeW5FullstatV1.inc1.id1.sim.gz,510.99893999999995,2000.0,17.81178,-15.98072,-7.02307,0.55575,-0.46515,-0.68904,95.40817292878756,332.1453499730239,side_wall,side,side_phi07_315deg,319.886123342612,right_lower,GeoOpt_S1_PlasticFullWrap_TopCap_5mm,geoopt_plastic_active,-0.7963019547809983,-0.4539100180918066,-5.106753480365323,24.310796187158388,2246.5821960100006,0.0,single,True,plastic_skin_veto,False
151,activation::DelayedDecayGeoOptS1BpeW5FullstatV1.inc1.id1.sim.gz::504073,activation,delayed,504073,DelayedDecayGeoOptS1BpeW5FullstatV1.inc1.id1.sim.gz,510.99881,2000.0,-3.65382,-1.73548,10.86352,-0.19341,-0.70666,-0.6806,128.1717482783988,295.9891420474147,side_wall,side,side_phi06_270deg,275.01273283477906,left_upper,ColdPlate_CP_100mK_intercept,other,-5.870906261221879,-0.3308319901307676,-1.4363574714396496,12.576783902642083,0.0,0.0,single,True,final_pass,True
152,activation::DelayedDecayGeoOptS1BpeW5FullstatV1.inc1.id1.sim.gz::525488,activation,delayed,525488,DelayedDecayGeoOptS1BpeW5FullstatV1.inc1.id1.sim.gz,510.9989,2000.0,-3.42558,-1.86133,10.09294,-0.57231,-0.78224,-0.24607,125.35812994404277,253.5689462795888,side_wall,side,side_phi05_225deg,235.52449947991096,left_upper,ColdPlate_CP_100mK_intercept,other,-2.1497727033700076,1.033769494699695,-4.616890653319997,15.046208930880143,0.0,0.0,single,True,final_pass,True
153,activation::DelayedDecayGeoOptS1BpeW5FullstatV1.inc1.id1.sim.gz::533430,activation,delayed,533430,DelayedDecayGeoOptS1BpeW5FullstatV1.inc1.id1.sim.gz,510.99889,2000.0,6.51992,6.65534,-6.57984,0.76646,0.42403,0.48243,27.981624602442942,64.65567556318223,top,top,top_phi01_045deg,43.25778764380769,right_lower,ColdPlate_MXC_50mK_SD_anchor,other,-0.715260224255225,0.19017574664872366,-4.9417344521989275,9.840201801081202,0.0,235.05742,single,True,non_plastic_active_veto,False
154,activation::DelayedDecayGeoOptS1BpeW5FullstatV1.inc1.id1.sim.gz::571424,activation,delayed,571424,DelayedDecayGeoOptS1BpeW5FullstatV1.inc1.id1.sim.gz,510.998822,2000.0,4.01067,5.71999,-3.93676,-0.13967,-0.95359,-0.26677,106.70208380834505,275.3840680296012,side_wall,side,side_phi06_270deg,288.079635028471,right_lower,ColdPlate_MXC_50mK_SD_anchor,other,-4.171946230275322,1.5767348838735402,-3.2101488436879406,9.200529066404298,0.0,0.0,single,True,final_pass,True
155,activation::DelayedDecayGeoOptS1BpeW5FullstatV1.inc1.id1.sim.gz::572560,activation,delayed,572560,DelayedDecayGeoOptS1BpeW5FullstatV1.inc1.id1.sim.gz,510.99889,2000.0,-6.44439,-3.09336,6.74219,-0.81697,-0.05215,0.57432,99.87964963441942,183.03436616816518,side_window,side,side_neg_x_window_axis_pm15deg,188.37211266779317,left_upper,ColdPlate_MXC_50mK_SD_anchor,other,-5.569385308501843,-1.029063478008103,-1.3164961401820265,8.364769909974424,0.0,0.0,single,True,final_pass,True
156,activation::DelayedDecayGeoOptS1BpeW5FullstatV1.inc1.id1.sim.gz::615007,activation,delayed,615007,DelayedDecayGeoOptS1BpeW5FullstatV1.inc1.id1.sim.gz,510.99882899999994,2000.0,3.66391,4.35105,-3.50037,0.35249,-0.91968,0.17302,68.1861448542661,277.8564948385153,top,top,top_phi07_315deg,297.96534067346306,right_lower,ColdPlate_MXC_50mK_SD_anchor,other,-4.0214431891304985,0.34593780341890196,-3.0439168938656866,8.678359682968933,0.0,0.0,veto,False,compton_fov_veto,False
157,activation::DelayedDecayGeoOptS1BpeW5FullstatV1.inc1.id1.sim.gz::636280,activation,delayed,636280,DelayedDecayGeoOptS1BpeW5FullstatV1.inc1.id1.sim.gz,510.9988900000001,2000.0,9.62233,10.42158,-2.77972,0.73725,-0.65846,-0.1513,65.5229033880733,313.65729415986976,top,top,top_phi01_045deg,24.136653689075445,right_lower,ColdPlate_CP_100mK_intercept,other,-4.262880245565288,1.4067280260268273,-3.4820887822006226,16.569850378998876,0.0,0.0,keep,True,final_pass,True
158,activation::DelayedDecayGeoOptS1BpeW5FullstatV1.inc1.id1.sim.gz::647478,activation,delayed,647478,DelayedDecayGeoOptS1BpeW5FullstatV1.inc1.id1.sim.gz,510.998869,2000.0,3.51001,-3.69103,-3.6993,-0.21744,-0.97271,-0.08101,102.18302599980655,264.33609129654,side_wall,side,side_phi06_270deg,275.57378608443474,right_lower,ColdPlate_MXC_50mK_SD_anchor,other,-4.3409423466462,-0.8128112613019322,-2.0025801250404607,8.532318219053066,0.0,0.0,single,True,final_pass,True
159,activation::DelayedDecayGeoOptS1BpeW5FullstatV1.inc1.id1.sim.gz::668251,activation,delayed,668251,DelayedDecayGeoOptS1BpeW5FullstatV1.inc1.id1.sim.gz,510.99889999999994,2000.0,-3.0384,-6.03341,3.29448,0.69231,0.62726,0.35671,42.11735229177957,69.27736451761139,top,top,top_phi04_180deg,171.09361419861355,left_upper,ColdPlate_MXC_50mK_SD_anchor,other,-3.5447097823729172,-1.4929383892894879,-2.8690232738557753,7.67209258613486,0.0,0.0,single,True,final_pass,True
160,activation::DelayedDecayGeoOptS1BpeW5FullstatV1.inc1.id1.sim.gz::703229,activation,delayed,703229,DelayedDecayGeoOptS1BpeW5FullstatV1.inc1.id1.sim.gz,510.9989,2000.0,-6.17621,4.99752,6.09838,-0.88342,0.46836,0.01441,127.91436203046847,143.58248678949747,side_wall,side,side_phi03_135deg,145.90599723030724,left_upper,ColdPlate_MXC_50mK_SD_anchor,other,-5.519644094415468,-0.4596653427414032,-1.1144550179399604,9.068458504587678,0.0,0.0,single,True,final_pass,True
161,activation::DelayedDecayGeoOptS1BpeW5FullstatV1.inc1.id1.sim.gz::708132,activation,delayed,708132,DelayedDecayGeoOptS1BpeW5FullstatV1.inc1.id1.sim.gz,510.99898999999994,2000.0,-7.63546,-8.73485,7.52796,-0.85296,0.31166,-0.41871,154.05450065594948,134.57413514881694,bottom,bottom,bottom_phi04_180deg,181.77608068554926,left_upper,ColdPlate_MXC_50mK_SD_anchor,other,-3.7410544196003794,0.16957616708129464,-3.0063418780069413,14.332714894486331,0.0,0.0,keep,True,final_pass,True
162,activation::DelayedDecayGeoOptS1BpeW5FullstatV1.inc1.id1.sim.gz::709836,activation,delayed,709836,DelayedDecayGeoOptS1BpeW5FullstatV1.inc1.id1.sim.gz,510.99897,2000.0,-2.85747,-3.4663,2.46519,0.28536,-0.14327,-0.94765,117.92467793557726,350.6682682207777,side_wall,side,side_phi00_000deg,342.36168379966347,left_upper,ColdPlate_MXC_50mK_SD_anchor,other,-3.2634907110681652,-1.072681004355821,-5.864638577437701,8.67642258327836,0.0,152.82072,single,True,non_plastic_active_veto,False
163,activation::DelayedDecayGeoOptS1BpeW5FullstatV1.inc1.id1.sim.gz::771454,activation,delayed,771454,DelayedDecayGeoOptS1BpeW5FullstatV1.inc1.id1.sim.gz,510.99897,2000.0,5.74893,17.64014,10.56415,0.3704,0.21026,-0.90476,112.20058989493177,13.12614775261198,top,top,top_phi02_090deg,73.79472611337565,right_upper,Shield_4K_Al_side_window_side_wall_above_side_port,window_or_side_port,-2.1754143318838,-0.14130493800897487,-6.550084458894448,25.920494561017044,0.0,1267.9703419,single,True,non_plastic_active_veto,False
164,activation::DelayedDecayGeoOptS1BpeW5FullstatV1.inc1.id1.sim.gz::781207,activation,delayed,781207,DelayedDecayGeoOptS1BpeW5FullstatV1.inc1.id1.sim.gz,510.99894,2000.0,0.63011,-6.04198,-14.38325,0.99316,0.04503,-0.10777,51.23978533120819,3.3105198894651573,side_wall,side,side_phi00_000deg,349.53195660448137,right_lower,Cu_50mK_StillLike_Can_bottom_cap_2mm,other,-1.6396434132421096,1.2702693184429696,-5.734008329978727,11.551196999377433,0.0,20.94519,single,True,final_pass,True
165,activation::DelayedDecayGeoOptS1BpeW5FullstatV1.inc1.id1.sim.gz::782565,activation,delayed,782565,DelayedDecayGeoOptS1BpeW5FullstatV1.inc1.id1.sim.gz,510.99894,2000.0,-3.42437,2.11089,3.6312,0.04516,-0.99108,0.12539,83.07344378406033,266.7238630546909,side_wall,side,side_phi06_270deg,256.1880411499981,left_upper,ColdPlate_MXC_50mK_SD_anchor,other,-4.738487369965074,0.7774944127871225,-0.5522482450631933,4.583239844603924,0.0,0.0,single,True,final_pass,True
166,activation::DelayedDecayGeoOptS1BpeW5FullstatV1.inc1.id1.sim.gz::868540,activation,delayed,868540,DelayedDecayGeoOptS1BpeW5FullstatV1.inc1.id1.sim.gz,510.998909,2000.0,-7.07221,-1.88121,7.33312,-0.83423,0.55099,-0.02181,127.25115758184837,136.19504940523208,side_wall,side,side_phi03_135deg,153.73565939720345,left_upper,ColdPlate_MXC_50mK_SD_anchor,other,-5.0567741713326,1.2891663534374842,-2.6155512373443774,10.634346580334643,0.0,0.0,keep,True,final_pass,True
167,activation::DelayedDecayGeoOptS1BpeW5FullstatV1.inc1.id1.sim.gz::904439,activation,delayed,904439,DelayedDecayGeoOptS1BpeW5FullstatV1.inc1.id1.sim.gz,510.99889999999994,2000.0,0.89956,9.15314,-14.62245,0.44853,-0.65812,0.60473,41.86086834245034,260.4730237400512,top,top,top_phi07_315deg,323.4388810018096,right_lower,Cu_50mK_StillLike_Can_bottom_cap_2mm,other,-4.466229401551646,-0.0623827506776541,-3.477219051171833,15.425100595223963,0.0,5.475289,single,True,final_pass,True
168,activation::DelayedDecayGeoOptS1BpeW5FullstatV1.inc1.id1.sim.gz::905843,activation,delayed,905843,DelayedDecayGeoOptS1BpeW5FullstatV1.inc1.id1.sim.gz,510.998853,2000.0,-6.17621,4.99752,6.09838,-0.02312,-0.99972,0.00514,90.72846518113407,268.85489955720413,side_wall,side,side_phi06_270deg,250.5177014068961,left_upper,ColdPlate_MXC_50mK_SD_anchor,other,-6.0127113349639885,-0.7528127832924185,-1.9125195252488818,9.862432262667706,0.0,0.0,single,True,final_pass,True
169,activation::DelayedDecayGeoOptS1BpeW5FullstatV1.inc1.id1.sim.gz::915159,activation,delayed,915159,DelayedDecayGeoOptS1BpeW5FullstatV1.inc1.id1.sim.gz,510.9989,2000.0,-8.02438,9.47643,-5.76028,0.49875,0.01132,0.86667,15.094114422987687,177.50852344938983,top,top,top_phi03_135deg,123.06366090475376,left_lower,Cu_50mK_StillLike_Can_bottom_cap_2mm,other,-5.363207281877905,0.02833238894548305,-2.9369346110975973,10.213700009728496,0.0,0.0,single,True,final_pass,True
170,activation::DelayedDecayGeoOptS1BpeW5FullstatV1.inc1.id1.sim.gz::938337,activation,delayed,938337,DelayedDecayGeoOptS1BpeW5FullstatV1.inc1.id1.sim.gz,510.99886,2000.0,6.20523,3.78061,22.12378,0.72089,-0.60213,0.34316,41.201616442169986,293.9213246671899,envelope_miss,miss_current_outer_envelope,phi04_180deg,,right_upper,ColdPlate_4K,other,-4.715053998685477,1.255455021162963,-3.837369641177203,28.277381437655905,0.0,0.0,keep,True,final_pass,True
171,activation::DelayedDecayGeoOptS1BpeW5FullstatV1.inc1.id1.sim.gz::942128,activation,delayed,942128,DelayedDecayGeoOptS1BpeW5FullstatV1.inc1.id1.sim.gz,510.99892,2000.0,14.18149,-3.02603,13.91497,-0.1509,-0.73439,0.66175,68.82466200584139,231.9582643417847,envelope_miss,miss_current_outer_envelope,phi06_270deg,,right_upper,ColdPlate_4K,other,-1.0856697325112155,0.3771813332378041,-5.153283771542937,24.66305568198417,0.0,0.0,single,True,final_pass,True
172,activation::DelayedDecayGeoOptS1BpeW5FullstatV1.inc1.id1.sim.gz::965379,activation,delayed,965379,DelayedDecayGeoOptS1BpeW5FullstatV1.inc1.id1.sim.gz,510.99887,2000.0,-3.43226,-10.58142,-10.46727,-0.03007,-0.01816,0.99938,46.732328842861854,181.42908527037824,top,top,top_phi05_225deg,218.99792767580655,left_lower,Cu_50mK_StillLike_Can_bottom_cap_2mm,other,-3.6686866254137707,-0.3713454507079125,-4.4875511598046,11.83463380333732,0.0,510.99896,keep,True,non_plastic_active_veto,False
173,activation::DelayedDecayGeoOptS1BpeW5FullstatV1.inc1.id1.sim.gz::965527,activation,delayed,965527,DelayedDecayGeoOptS1BpeW5FullstatV1.inc1.id1.sim.gz,510.99895,2000.0,-5.22349,-4.22584,5.17697,0.30603,-0.89296,0.33009,63.26871630970494,268.9085126363289,top,top,top_phi06_270deg,248.6648427308578,left_upper,ColdPlate_MXC_50mK_SD_anchor,other,-3.5572166723279177,1.0263722576992576,-3.636609525267948,10.39429576501747,0.0,0.0,veto,False,compton_fov_veto,False
174,activation::DelayedDecayGeoOptS1BpeW5FullstatV1.inc1.id1.sim.gz::971541,activation,delayed,971541,DelayedDecayGeoOptS1BpeW5FullstatV1.inc1.id1.sim.gz,510.99892099999994,2000.0,-5.14617,2.45885,-8.73867,-0.22603,-0.82829,-0.51269,121.49019439342045,283.7511719270186,bottom,bottom,bottom_phi06_270deg,292.13262236961134,left_lower,Cu_50mK_StillLike_Can_bottom_cap_2mm,other,-3.2614538305904253,-0.8193887838127134,-6.0101348720563905,4.663036404248847,0.0,0.0,single,True,final_pass,True
175,activation::DelayedDecayGeoOptS1BpeW5FullstatV1.inc1.id1.sim.gz::979019,activation,delayed,979019,DelayedDecayGeoOptS1BpeW5FullstatV1.inc1.id1.sim.gz,510.99890099999993,2000.0,-12.1975,11.35723,2.09384,0.17868,-0.72079,-0.66973,110.31763196759657,309.7707506993246,side_wall,side,side_phi07_315deg,308.74024343852494,left_upper,Cu_50mK_StillLike_Can_side_wall_below_side_port,aluminium_passive,-5.876775995094855,0.0034277302315752723,-3.348622892340154,14.08832070410389,0.0,510.99892,keep,True,non_plastic_active_veto,False
176,atm511::Atm511SidecarS1Nominal3M_GeoOptS1BpeW5.inc1.id1.sim.gz::11882,atm511,atm511_replay,11882,Atm511SidecarS1Nominal3M_GeoOptS1BpeW5.inc1.id1.sim.gz,510.999968,511.0,12.9,18.05258,-53.21382,-0.31396,-0.31917,0.89418,65.77770946091863,200.4862474533991,side_wall,side,side_phi00_000deg,21.614466077185696,right_lower,TP_L2_00228,tes,-5.471606175334599,-0.5844918073230311,-2.924888547221854,56.69067811973258,0.0,0.0,keep,True,final_pass,True
177,atm511::Atm511SidecarS1Nominal3M_GeoOptS1BpeW5.inc1.id1.sim.gz::12552,atm511,atm511_replay,12552,Atm511SidecarS1Nominal3M_GeoOptS1BpeW5.inc1.id1.sim.gz,510.999974,511.0,14.6812,-21.67825,-51.16849,-0.29027,0.4038,0.86758,65.9070236595349,153.747173753229,side_wall,side,side_phi07_315deg,336.11789225577746,right_lower,TP_L5_00173,tes,-0.706990634732788,-0.28181728648078846,-4.9113341024956245,53.23840921365942,0.0,0.0,keep,True,final_pass,True
178,atm511::Atm511SidecarS1Nominal3M_GeoOptS1BpeW5.inc1.id1.sim.gz::18572,atm511,atm511_replay,18572,Atm511SidecarS1Nominal3M_GeoOptS1BpeW5.inc1.id1.sim.gz,511.0,511.0,4.45379,38.67487,-43.15415,-0.18519,-0.69196,0.69778,68.74891418410785,227.94012934646608,side_wall,side,side_phi01_045deg,49.81943561624478,right_lower,TP_L1_00093,tes,-6.057533956846967,-0.60343309951182,-3.54627514329002,56.76316390378274,0.0,0.0,single,True,final_pass,True
179,atm511::Atm511SidecarS1Nominal3M_GeoOptS1BpeW5.inc1.id1.sim.gz::35249,atm511,atm511_replay,35249,Atm511SidecarS1Nominal3M_GeoOptS1BpeW5.inc1.id1.sim.gz,510.99989,511.0,-14.96201,57.6486,0.34421,0.20697,-0.97591,-0.06898,84.40051804119648,281.3067776894725,side_wall,side,side_phi02_090deg,99.89038621434031,left_upper,TP_L3_00333,tes,-2.9356845859327683,1.047267978039095,-3.688914578758011,58.00525306808926,0.0,0.0,single,True,final_pass,True
180,atm511::Atm511SidecarS1Nominal3M_GeoOptS1BpeW5.inc1.id1.sim.gz::69816,atm511,atm511_replay,69816,Atm511SidecarS1Nominal3M_GeoOptS1BpeW5.inc1.id1.sim.gz,510.99999,511.0,-28.25873,-49.03271,-11.22124,0.43017,0.89213,0.13803,66.31054863415477,76.9628277484429,side_wall,side,side_phi06_270deg,255.5747821262085,left_lower,TP_L2_00228,tes,-4.434272278147519,0.3284880516780637,-3.6689535264558617,55.327838289741635,0.0,0.0,keep,True,final_pass,True
181,atm511::Atm511SidecarS1Nominal3M_GeoOptS1BpeW5.inc1.id1.sim.gz::124466,atm511,atm511_replay,124466,Atm511SidecarS1Nominal3M_GeoOptS1BpeW5.inc1.id1.sim.gz,511.00000000000006,511.0,-52.49438,19.37114,12.21189,0.895,-0.35904,-0.26471,63.533084576174645,336.35461290680075,side_wall,side,side_phi04_180deg,157.59926567939203,left_upper,TP_L0_00273,tes,-5.755798126070253,0.6217729482908807,-1.6110576967450099,52.22171658852951,0.0,0.0,single,True,final_pass,True
182,atm511::Atm511SidecarS1Nominal3M_GeoOptS1BpeW5.inc1.id1.sim.gz::145895,atm511,atm511_replay,145895,Atm511SidecarS1Nominal3M_GeoOptS1BpeW5.inc1.id1.sim.gz,510.99992000000003,511.0,28.55396,-24.39663,-46.16551,-0.55125,0.42565,0.7176,83.24483240343136,154.61968997676664,side_wall,side,side_phi07_315deg,335.8607851512089,right_lower,TP_L5_00078,tes,-2.0555415561598522,-0.8863070650722451,-6.40312958761113,55.41411161500893,0.0,0.0,keep,True,final_pass,True
183,atm511::Atm511SidecarS1Nominal3M_GeoOptS1BpeW5.inc1.id1.sim.gz::152242,atm511,atm511_replay,152242,Atm511SidecarS1Nominal3M_GeoOptS1BpeW5.inc1.id1.sim.gz,511.00008,511.0,-14.42395,-57.7921,10.21605,0.1969,0.9496,-0.24392,91.90532402164317,71.82754459188119,side_wall,side,side_phi06_270deg,254.84777905926387,left_upper,TP_L4_00274,tes,-2.3745610311003276,0.5061918081632845,-4.761258846274094,61.38565290481384,0.0,0.0,keep,True,final_pass,True
184,atm511::Atm511SidecarS1Nominal3M_GeoOptS1BpeW5.inc1.id1.sim.gz::171045,atm511,atm511_replay,171045,Atm511SidecarS1Nominal3M_GeoOptS1BpeW5.inc1.id1.sim.gz,511.000009,511.0,16.28504,-15.25955,-53.49011,-0.37464,0.25018,0.89278,68.50746065158863,164.40260322528624,side_wall,side,side_phi00_000deg,341.4612015711153,right_lower,TP_L2_00011,tes,-4.576273762391126,-1.3251619935731511,-3.7763751449029197,55.68498014949342,0.0,0.0,single,True,final_pass,True
185,atm511::Atm511SidecarS1Nominal3M_GeoOptS1BpeW5.inc1.id1.sim.gz::189319,atm511,atm511_replay,189319,Atm511SidecarS1Nominal3M_GeoOptS1BpeW5.inc1.id1.sim.gz,510.99999399999996,511.0,-35.05967,-42.5151,-13.49687,0.62693,0.76442,0.15044,56.654904832189324,66.21381097175977,side_wall,side,side_phi06_270deg,252.79021789397993,left_lower,TP_L5_00019,tes,-1.2825437900268608,-1.3284210872675746,-5.39314273638721,53.87863370973686,0.0,0.0,single,True,final_pass,True
186,atm511::Atm511SidecarS1Nominal3M_GeoOptS1BpeW5.inc1.id1.sim.gz::207921,atm511,atm511_replay,207921,Atm511SidecarS1Nominal3M_GeoOptS1BpeW5.inc1.id1.sim.gz,510.99997700000006,511.0,10.60188,2.88087,-56.18143,-0.28125,-0.03063,0.95914,61.35748710886633,182.00009172405797,side_wall,side,side_phi00_000deg,4.528873893119219,right_lower,TP_L2_00340,tes,-4.722514416884988,1.2278515890534727,-4.007915840432184,54.40262046877712,0.0,0.0,single,True,final_pass,True
187,atm511::Atm511SidecarS1Nominal3M_GeoOptS1BpeW5.inc1.id1.sim.gz::281785,atm511,atm511_replay,281785,Atm511SidecarS1Nominal3M_GeoOptS1BpeW5.inc1.id1.sim.gz,511.00002000000006,511.0,23.7442,-55.7111,-11.21531,-0.45922,0.87489,0.15391,102.46753329756051,116.36053875351338,side_wall,side,side_phi06_270deg,291.04002484018986,right_lower,TP_L0_00190,tes,-5.526153013674949,0.052385504394218414,-1.4044256041668453,63.73831919475393,0.0,0.0,single,True,final_pass,True
188,atm511::Atm511SidecarS1Nominal3M_GeoOptS1BpeW5.inc1.id1.sim.gz::288013,atm511,atm511_replay,288013,Atm511SidecarS1Nominal3M_GeoOptS1BpeW5.inc1.id1.sim.gz,511.0,511.0,0.77036,49.27746,-31.14109,-0.07992,-0.86329,0.49835,72.79008972304601,244.65535290206824,side_wall,side,side_phi01_045deg,66.09487216148003,right_lower,TP_L2_00255,tes,-3.7491081064225047,0.4558078012193542,-2.9579729092358122,56.553226294663304,0.0,0.0,single,True,final_pass,True
189,atm511::Atm511SidecarS1Nominal3M_GeoOptS1BpeW5.inc1.id1.sim.gz::298696,atm511,atm511_replay,298696,Atm511SidecarS1Nominal3M_GeoOptS1BpeW5.inc1.id1.sim.gz,511.000036,511.0,4.15651,35.26996,-45.09954,-0.13429,-0.64638,0.7511,64.14136382072105,225.9146556385008,side_wall,side,side_phi01_045deg,44.929512042613034,right_lower,TP_L4_00341,tes,-2.9107218474154077,1.2422815774216343,-5.558646937012388,52.643241627336636,0.0,0.0,single,True,final_pass,True
190,atm511::Atm511SidecarS1Nominal3M_GeoOptS1BpeW5.inc1.id1.sim.gz::355515,atm511,atm511_replay,355515,Atm511SidecarS1Nominal3M_GeoOptS1BpeW5.inc1.id1.sim.gz,511.00000000000006,511.0,57.04439,0.16084,-26.15434,-0.93503,-0.01319,0.35432,114.24406737265772,180.828860233894,top,top,top_phi00_000deg,359.3870674342684,right_lower,TP_L4_00112,tes,-1.3610785364469467,-0.6738708690396045,-4.016061710678082,62.46598164450992,0.0,0.0,single,True,final_pass,True
191,atm511::Atm511SidecarS1Nominal3M_GeoOptS1BpeW5.inc1.id1.sim.gz::373400,atm511,atm511_replay,373400,Atm511SidecarS1Nominal3M_GeoOptS1BpeW5.inc1.id1.sim.gz,510.99996,511.0,38.97979,-9.25365,-44.85059,-0.69659,0.16648,0.69789,89.9473315847496,170.4167921913799,side_wall,side,side_phi00_000deg,351.9446798359886,right_lower,TP_L4_00259,tes,-1.5307436122951756,0.43129755294958333,-4.266437658058897,58.154750141069,0.0,0.0,single,True,final_pass,True
192,atm511::Atm511SidecarS1Nominal3M_GeoOptS1BpeW5.inc1.id1.sim.gz::403396,atm511,atm511_replay,403396,Atm511SidecarS1Nominal3M_GeoOptS1BpeW5.inc1.id1.sim.gz,511.00005,511.0,9.78574,15.00359,-53.91244,-0.21637,-0.26516,0.93961,59.24222107602112,197.97274699784765,side_wall,side,side_phi00_000deg,18.73934262037418,right_lower,TP_L5_00362,tes,-1.3746932671034375,1.3279671488007292,-5.450849558207361,51.57619295009821,0.0,0.0,single,True,final_pass,True
193,atm511::Atm511SidecarS1Nominal3M_GeoOptS1BpeW5.inc1.id1.sim.gz::417235,atm511,atm511_replay,417235,Atm511SidecarS1Nominal3M_GeoOptS1BpeW5.inc1.id1.sim.gz,510.99999,511.0,0.97364,-36.32574,-44.31626,-0.1083,0.63889,0.76163,62.48528010640041,133.91470127948355,side_wall,side,side_phi07_315deg,309.54603783869015,right_lower,TP_L0_00193,tes,-5.179323601796078,-0.007883076930631915,-1.0234246876531052,56.84290001355979,0.0,0.0,single,True,final_pass,True
194,atm511::Atm511SidecarS1Nominal3M_GeoOptS1BpeW5.inc1.id1.sim.gz::423986,atm511,atm511_replay,423986,Atm511SidecarS1Nominal3M_GeoOptS1BpeW5.inc1.id1.sim.gz,511.00003,511.0,7.38935,17.9076,-53.14142,-0.15289,-0.34271,0.92692,56.81664103139999,204.1725923055566,side_wall,side,side_phi00_000deg,21.729406486345095,right_lower,TP_L5_00197,tes,-0.5927622875565447,-0.010203997787918917,-4.719138618347478,52.244417413521205,0.0,0.0,single,True,final_pass,True
195,atm511::Atm511SidecarS1Nominal3M_GeoOptS1BpeW5.inc1.id1.sim.gz::426808,atm511,atm511_replay,426808,Atm511SidecarS1Nominal3M_GeoOptS1BpeW5.inc1.id1.sim.gz,511.0000100000001,511.0,-8.83815,50.52424,-26.60392,0.08549,-0.89274,0.44238,68.0830837430587,254.2154874981207,side_wall,side,side_phi02_090deg,77.616251362781,left_lower,TP_L1_00218,tes,-5.303266546018697,-1.026946767205034,-1.7191004419957443,57.35219701611192,0.0,0.0,veto,False,compton_fov_veto,False
196,atm511::Atm511SidecarS1Nominal3M_GeoOptS1BpeW5.inc1.id1.sim.gz::427785,atm511,atm511_replay,427785,Atm511SidecarS1Nominal3M_GeoOptS1BpeW5.inc1.id1.sim.gz,511.00007999999997,511.0,61.50307,18.9427,9.70477,-0.95369,-0.25176,-0.16459,142.25512454014546,204.28492564306532,top,top,top_phi01_045deg,39.39472247919398,right_upper,TP_L0_00327,tes,-6.049911897986807,1.1151963008684853,-1.9494209054168055,70.83110487005113,0.0,0.0,single,True,final_pass,True
197,atm511::Atm511SidecarS1Nominal3M_GeoOptS1BpeW5.inc1.id1.sim.gz::430218,atm511,atm511_replay,430218,Atm511SidecarS1Nominal3M_GeoOptS1BpeW5.inc1.id1.sim.gz,511.0000157199999,511.0,50.73557,-36.0899,-12.73545,-0.82589,0.55387,0.10548,120.62445540615295,139.93586560932886,top,top,top_phi07_315deg,322.8143666083127,right_lower,TP_L4_00201,tes,-3.4119510891163123,0.2278752841520545,-5.827627800698802,65.56411250999759,0.0,0.0,keep,True,final_pass,True
198,atm511::Atm511SidecarS1Nominal3M_GeoOptS1BpeW5.inc1.id1.sim.gz::438572,atm511,atm511_replay,438572,Atm511SidecarS1Nominal3M_GeoOptS1BpeW5.inc1.id1.sim.gz,511.0,511.0,-32.20055,-45.16756,-13.8521,0.4776,0.8497,0.22339,60.28566119464675,78.05521714191477,side_wall,side,side_phi06_270deg,251.16910177905368,left_lower,TP_L0_00370,tes,-5.955754923543248,1.5174646848939335,-1.5756201773804304,54.945361544624944,0.0,0.0,single,True,final_pass,True
199,atm511::Atm511SidecarS1Nominal3M_GeoOptS1BpeW5.inc1.id1.sim.gz::446860,atm511,atm511_replay,446860,Atm511SidecarS1Nominal3M_GeoOptS1BpeW5.inc1.id1.sim.gz,510.99999999999994,511.0,-29.25639,40.13246,-25.84868,0.45559,-0.75287,0.475,48.85047660110803,268.9556043026005,bottom,bottom,bottom_phi02_090deg,96.90231803520322,left_lower,TP_L0_00361,tes,-5.7964786245420745,1.3649511145455968,-1.388714347812133,51.49346664028687,0.0,0.0,single,True,final_pass,True
200,atm511::Atm511SidecarS1Nominal3M_GeoOptS1BpeW5.inc1.id1.sim.gz::461477,atm511,atm511_replay,461477,Atm511SidecarS1Nominal3M_GeoOptS1BpeW5.inc1.id1.sim.gz,511.00005000000004,511.0,-48.42512,0.93477,-23.85848,0.8975,-0.01802,0.44065,18.877350167020566,356.8072204376783,bottom,bottom,bottom_phi04_180deg,177.05238160519374,left_lower,TP_L1_00186,tes,-5.1924755123354664,0.04643806207981094,-2.6292846947982684,48.1718737058786,0.0,0.0,single,True,final_pass,True
201,atm511::Atm511SidecarS1Nominal3M_GeoOptS1BpeW5.inc1.id1.sim.gz::479583,atm511,atm511_replay,479583,Atm511SidecarS1Nominal3M_GeoOptS1BpeW5.inc1.id1.sim.gz,511.0000000000001,511.0,5.94546,-35.4602,53.56537,-0.10858,0.4926,-0.86346,133.41939971963515,42.702393357747745,top,top,top_phi05_225deg,237.20216564469223,right_upper,TP_L5_00005,tes,-1.5153418912487278,-1.6122122154919762,-5.764750139850684,68.71253886831559,0.0,0.0,single,True,final_pass,True
202,atm511::Atm511SidecarS1Nominal3M_GeoOptS1BpeW5.inc1.id1.sim.gz::480447,atm511,atm511_replay,480447,Atm511SidecarS1Nominal3M_GeoOptS1BpeW5.inc1.id1.sim.gz,511.0000100000001,511.0,3.42776,-26.94541,58.64122,-0.08774,0.37803,-0.92163,135.5392086893856,32.66433516159639,top,top,top_phi05_225deg,220.38355839557704,right_upper,TP_L4_00082,tes,-2.6319111178829773,-0.826010481645257,-5.03453873557674,69.09084523877033,0.0,0.0,single,True,final_pass,True
203,atm511::Atm511SidecarS1Nominal3M_GeoOptS1BpeW5.inc1.id1.sim.gz::516512,atm511,atm511_replay,516512,Atm511SidecarS1Nominal3M_GeoOptS1BpeW5.inc1.id1.sim.gz,511.00007000000005,511.0,63.89277,7.49515,-7.45587,-0.99552,-0.09361,0.01357,133.9747312135209,187.47406319720557,top,top,top_phi00_000deg,10.29781597378892,right_lower,TP_L5_00339,tes,-2.3657389840947967,1.2615549329211637,-6.551095879300681,66.55724105208363,0.0,0.0,single,True,final_pass,True
204,atm511::Atm511SidecarS1Nominal3M_GeoOptS1BpeW5.inc1.id1.sim.gz::544766,atm511,atm511_replay,544766,Atm511SidecarS1Nominal3M_GeoOptS1BpeW5.inc1.id1.sim.gz,510.999972,511.0,-51.76321,-21.15838,12.95316,0.88649,0.36519,-0.28421,64.79390708281036,23.80477005988949,side_wall,side,side_phi05_225deg,205.62884264924216,left_upper,TP_L2_00037,tes,-3.3552379428967742,-1.2201553171796962,-2.566252863847654,54.605098093698835,0.0,0.0,single,True,final_pass,True
205,atm511::Atm511SidecarS1Nominal3M_GeoOptS1BpeW5.inc1.id1.sim.gz::545112,atm511,atm511_replay,545112,Atm511SidecarS1Nominal3M_GeoOptS1BpeW5.inc1.id1.sim.gz,511.00001000000003,511.0,1.70069,-43.72866,-37.95612,-0.12183,0.75877,0.63987,68.51189133161554,125.36855297885884,side_wall,side,side_phi07_315deg,300.34056261166535,right_lower,TP_L0_00192,tes,-5.328156099378002,-0.058071093231681144,-1.1090564886098533,57.56935905814061,0.0,0.0,single,True,final_pass,True
206,atm511::Atm511SidecarS1Nominal3M_GeoOptS1BpeW5.inc1.id1.sim.gz::611443,atm511,atm511_replay,611443,Atm511SidecarS1Nominal3M_GeoOptS1BpeW5.inc1.id1.sim.gz,511.0000300000001,511.0,57.65226,-24.30758,-13.10947,-0.92442,0.36385,0.1143,124.94852698694154,153.64708337108945,top,top,top_phi07_315deg,334.7875037923475,right_lower,TP_L5_00047,tes,-1.3739762667901405,-1.074728724273382,-5.8106127795873705,63.85244915386514,0.0,0.0,single,True,final_pass,True
207,atm511::Atm511SidecarS1Nominal3M_GeoOptS1BpeW5.inc1.id1.sim.gz::649803,atm511,atm511_replay,649803,Atm511SidecarS1Nominal3M_GeoOptS1BpeW5.inc1.id1.sim.gz,511.00010000000003,511.0,17.50596,40.96577,-39.09159,-0.36965,-0.71176,0.59729,80.73703580151287,226.15070308182717,side_wall,side,side_phi01_045deg,45.161300184728326,right_lower,TP_L4_00339,tes,-3.002082807891622,1.2227936012069665,-5.880004276894663,55.705416425052505,0.0,0.0,veto,False,compton_fov_veto,False
208,atm511::Atm511SidecarS1Nominal3M_GeoOptS1BpeW5.inc1.id1.sim.gz::673641,atm511,atm511_replay,673641,Atm511SidecarS1Nominal3M_GeoOptS1BpeW5.inc1.id1.sim.gz,510.99999569330004,511.0,14.66193,0.26659,-55.49117,-0.32786,0.0024,0.94472,64.13913628196019,179.84718613904337,side_wall,side,side_phi00_000deg,0.6663847337232147,right_lower,TP_L5_00245,tes,-2.337638292011665,0.3878639960730751,-6.533688498998986,51.82504244491989,0.0,0.0,keep,True,final_pass,True
209,atm511::Atm511SidecarS1Nominal3M_GeoOptS1BpeW5.inc1.id1.sim.gz::699374,atm511,atm511_replay,699374,Atm511SidecarS1Nominal3M_GeoOptS1BpeW5.inc1.id1.sim.gz,510.99998,511.0,3.77834,54.32983,-23.40856,-0.10436,-0.94212,0.31862,81.28586302315611,252.38707343211894,side_wall,side,side_phi02_090deg,68.51619834847507,right_lower,TP_L4_00125,tes,-2.295963160548754,-0.4914891443272698,-4.868012628953234,58.189570271900664,0.0,0.0,single,True,final_pass,True
210,atm511::Atm511SidecarS1Nominal3M_GeoOptS1BpeW5.inc1.id1.sim.gz::731662,atm511,atm511_replay,731662,Atm511SidecarS1Nominal3M_GeoOptS1BpeW5.inc1.id1.sim.gz,511.0,511.0,63.3101,10.01635,-7.33988,-0.98786,-0.15215,0.03127,132.56397640990104,191.92197249331056,top,top,top_phi00_000deg,10.088565928542849,right_lower,TP_L4_00163,tes,-2.7993846917915457,-0.14571297332593738,-5.264526940795696,66.91814836356735,0.0,0.0,keep,True,final_pass,True
211,atm511::Atm511SidecarS1Nominal3M_GeoOptS1BpeW5.inc1.id1.sim.gz::768726,atm511,atm511_replay,768726,Atm511SidecarS1Nominal3M_GeoOptS1BpeW5.inc1.id1.sim.gz,511.00000000000006,511.0,36.61567,48.2664,21.7397,-0.60345,-0.71606,-0.35088,132.43936923459398,255.9954688484987,top,top,top_phi02_090deg,82.6313458850807,right_upper,TP_L1_00105,tes,-4.6384793865135014,-0.6833395053598825,-2.245568522085323,68.3613556428184,0.0,0.0,single,True,final_pass,True
212,atm511::Atm511SidecarS1Nominal3M_GeoOptS1BpeW5.inc1.id1.sim.gz::794820,atm511,atm511_replay,794820,Atm511SidecarS1Nominal3M_GeoOptS1BpeW5.inc1.id1.sim.gz,510.99997699999994,511.0,8.71659,31.96906,-47.4689,-0.25108,-0.55728,0.79145,67.53616558435178,217.0878905543449,side_wall,side,side_phi01_045deg,40.259971745333175,right_lower,TP_L1_00269,tes,-5.4222994680354475,0.5902561501974013,-2.903105714406682,56.308503325337384,0.0,0.0,single,True,final_pass,True
213,atm511::Atm511SidecarS1Nominal3M_GeoOptS1BpeW5.inc1.id1.sim.gz::795958,atm511,atm511_replay,795958,Atm511SidecarS1Nominal3M_GeoOptS1BpeW5.inc1.id1.sim.gz,510.99998000000005,511.0,-29.25365,49.22138,17.44534,0.42563,-0.8361,-0.34608,86.77538333568653,303.1305097237012,side_wall,side,side_phi03_135deg,124.67296456837677,left_upper,TP_L0_00369,tes,-6.018603123378165,1.5700439269544004,-1.777531713665625,56.391808180135506,0.0,0.0,single,True,final_pass,True
214,atm511::Atm511SidecarS1Nominal3M_GeoOptS1BpeW5.inc1.id1.sim.gz::811824,atm511,atm511_replay,811824,Atm511SidecarS1Nominal3M_GeoOptS1BpeW5.inc1.id1.sim.gz,510.9999600000001,511.0,63.46857,-1.97555,-10.7615,-0.99618,0.04262,0.07624,130.578906240245,176.78315965260288,top,top,top_phi00_000deg,359.87860080540815,right_lower,TP_L4_00306,tes,-3.037204375739071,0.8061899918465982,-5.691814071864722,66.7567061658144,0.0,0.0,keep,True,final_pass,True
215,atm511::Atm511SidecarS1Nominal3M_GeoOptS1BpeW5.inc1.id1.sim.gz::816609,atm511,atm511_replay,816609,Atm511SidecarS1Nominal3M_GeoOptS1BpeW5.inc1.id1.sim.gz,511.00002,511.0,42.55973,-16.46268,-40.08939,-0.74173,0.28386,0.60767,95.43949825885623,163.43256410753227,side_wall,side,side_phi00_000deg,345.25045321370607,right_lower,TP_L5_00197,tes,-0.6008272134991208,0.09977005809209909,-4.703689894423271,58.21766246482539,0.0,0.0,keep,True,final_pass,True
216,atm511::Atm511SidecarS1Nominal3M_GeoOptS1BpeW5.inc1.id1.sim.gz::822472,atm511,atm511_replay,822472,Atm511SidecarS1Nominal3M_GeoOptS1BpeW5.inc1.id1.sim.gz,510.99998000000005,511.0,1.90007,23.3227,-51.5205,-0.1002,-0.43658,0.89407,55.850793841492106,211.839269877089,bottom,bottom,bottom_phi01_045deg,31.601633918608734,right_lower,TP_L4_00305,tes,-3.231857000919581,0.9751093840295073,-5.7551528106084815,51.188069747230415,0.0,0.0,single,True,final_pass,True
217,atm511::Atm511SidecarS1Nominal3M_GeoOptS1BpeW5.inc1.id1.sim.gz::830875,atm511,atm511_replay,830875,Atm511SidecarS1Nominal3M_GeoOptS1BpeW5.inc1.id1.sim.gz,510.99997,511.0,12.6869,48.84273,-31.66632,-0.32111,-0.80366,0.50101,82.69165839028685,234.11994252660475,side_wall,side,side_phi01_045deg,60.73691017724155,right_lower,TP_L0_00355,tes,-6.266844835384706,1.4063137136437796,-2.094377496450714,59.025060921701545,0.0,0.0,single,True,final_pass,True
218,atm511::Atm511SidecarS1Nominal3M_GeoOptS1BpeW5.inc1.id1.sim.gz::861508,atm511,atm511_replay,861508,Atm511SidecarS1Nominal3M_GeoOptS1BpeW5.inc1.id1.sim.gz,510.99998999999997,511.0,-7.71183,40.61104,-39.21685,0.05589,-0.7438,0.66606,59.303110509418865,239.88330738950563,side_wall,side,side_phi01_045deg,62.157310431342296,left_lower,TP_L2_00340,tes,-4.74973925735071,1.186595426117934,-3.912821582454415,53.00410582241393,0.0,0.0,single,True,final_pass,True
219,atm511::Atm511SidecarS1Nominal3M_GeoOptS1BpeW5.inc1.id1.sim.gz::863029,atm511,atm511_replay,863029,Atm511SidecarS1Nominal3M_GeoOptS1BpeW5.inc1.id1.sim.gz,510.99999900000006,511.0,10.55984,-1.71608,-55.60723,-0.21781,0.02396,0.9757,57.594515558042666,178.37377086431036,side_wall,side,side_phi00_000deg,357.5777569788998,right_lower,TP_L5_00132,tes,-0.7502923823944436,-0.46729205695103965,-4.948276478841376,51.921172345132014,0.0,0.0,keep,True,final_pass,True
220,atm511::Atm511SidecarS1Nominal3M_GeoOptS1BpeW5.inc1.id1.sim.gz::868864,atm511,atm511_replay,868864,Atm511SidecarS1Nominal3M_GeoOptS1BpeW5.inc1.id1.sim.gz,510.9999700000001,511.0,-37.07162,-8.43944,48.26835,0.54246,0.15768,-0.82515,101.53065409917845,9.26076443389323,side_window,side,side_neg_x_window_axis_pm15deg,186.42218252681752,left_upper,TP_L0_00320,tes,-4.909840907661835,0.9048372385438025,-0.655232723143872,59.28922750351391,0.0,0.0,single,True,final_pass,True
221,atm511::Atm511SidecarS1Nominal3M_GeoOptS1BpeW5.inc1.id1.sim.gz::873473,atm511,atm511_replay,873473,Atm511SidecarS1Nominal3M_GeoOptS1BpeW5.inc1.id1.sim.gz,510.99996000000004,511.0,47.10974,-17.85194,-35.26867,-0.80693,0.29541,0.51147,102.05914419473685,162.4177024478608,side_wall,side,side_phi00_000deg,343.60481894460855,right_lower,TP_L4_00194,tes,-1.6315196709066473,-0.0070997729438739485,-4.374346062710299,60.40370823532362,0.0,0.0,single,True,final_pass,True
222,atm511::Atm511SidecarS1Nominal3M_GeoOptS1BpeW5.inc1.id1.sim.gz::912785,atm511,atm511_replay,912785,Atm511SidecarS1Nominal3M_GeoOptS1BpeW5.inc1.id1.sim.gz,511.00001000000003,511.0,38.46791,50.43491,3.89687,-0.65324,-0.75072,-0.09843,122.10775401135301,242.40941237458918,top,top,top_phi01_045deg,67.11986373251416,right_upper,TP_L1_00229,tes,-5.125549270735121,0.335283963572441,-2.671409681390084,66.73458262514342,0.0,0.0,single,True,final_pass,True
223,atm511::Atm511SidecarS1Nominal3M_GeoOptS1BpeW5.inc1.id1.sim.gz::930145,atm511,atm511_replay,930145,Atm511SidecarS1Nominal3M_GeoOptS1BpeW5.inc1.id1.sim.gz,510.99997,511.0,37.50967,-26.94194,-39.6731,-0.69165,0.43798,0.57428,94.76062258894049,153.92831079860383,side_wall,side,side_phi07_315deg,333.4881015241886,right_lower,TP_L4_00274,tes,-2.3421431694005967,0.5299606639828257,-4.763183982195948,59.67892907342325,0.0,0.0,keep,True,final_pass,True
224,atm511::Atm511SidecarS1Nominal3M_GeoOptS1BpeW5.inc1.id1.sim.gz::940993,atm511,atm511_replay,940993,Atm511SidecarS1Nominal3M_GeoOptS1BpeW5.inc1.id1.sim.gz,510.99999399999996,511.0,-1.69913,40.76029,-40.1896,-0.03733,-0.73204,0.68024,62.96044948406906,235.27302353858457,side_wall,side,side_phi01_045deg,57.02067576543281,left_lower,TP_L2_00276,tes,-3.7422922373221796,0.687692773550201,-2.9544689454468447,54.7397711454025,0.0,0.0,single,True,final_pass,True
225,atm511::Atm511SidecarS1Nominal3M_GeoOptS1BpeW5.inc1.id1.sim.gz::1001845,atm511,atm511_replay,1001845,Atm511SidecarS1Nominal3M_GeoOptS1BpeW5.inc1.id1.sim.gz,510.999995,511.0,46.15137,-2.88273,-39.97396,-0.80323,0.05011,0.59356,98.52603855060894,177.0955848110576,side_wall,side,side_phi00_000deg,357.52019368952875,right_lower,TP_L5_00194,tes,-0.910528123046864,0.05340614378966578,-5.196490885891192,58.591087277688416,0.0,0.0,single,True,final_pass,True
226,atm511::Atm511SidecarS1Nominal3M_GeoOptS1BpeW5.inc1.id1.sim.gz::1007666,atm511,atm511_replay,1007666,Atm511SidecarS1Nominal3M_GeoOptS1BpeW5.inc1.id1.sim.gz,511.00000000000006,511.0,44.8034,-30.0658,-30.42328,-0.77031,0.49273,0.40477,104.97964835730116,149.33195061255796,side_wall,side,side_phi07_315deg,331.94350563832194,right_lower,TP_L5_00143,tes,-1.7532857090921716,-0.28602989484769076,-5.959433452325635,60.438725000111226,0.0,0.0,single,True,final_pass,True
227,atm511::Atm511SidecarS1Nominal3M_GeoOptS1BpeW5.inc1.id1.sim.gz::1010831,atm511,atm511_replay,1010831,Atm511SidecarS1Nominal3M_GeoOptS1BpeW5.inc1.id1.sim.gz,510.99994000000004,511.0,50.74328,-6.69671,-34.66985,-0.86071,0.11565,0.49579,104.95360731478233,173.1250090664272,side_wall,side,side_phi00_000deg,354.31840477302757,right_lower,TP_L1_00292,tes,-5.069338853121038,0.8093124506894814,-2.6594532679571348,64.77695805776,0.0,0.0,keep,True,final_pass,True
228,atm511::Atm511SidecarS1Nominal3M_GeoOptS1BpeW5.inc1.id1.sim.gz::1061416,atm511,atm511_replay,1061416,Atm511SidecarS1Nominal3M_GeoOptS1BpeW5.inc1.id1.sim.gz,511.00000000000006,511.0,-45.91945,16.0712,36.10643,0.66818,-0.28807,-0.68597,90.72076591140349,343.2562228601364,side_window,side,side_neg_x_window_axis_pm15deg,165.96765743115878,left_upper,TP_L3_00058,tes,-3.8752150374925636,-0.9873617676545595,-4.769335867429256,61.06996363526273,0.0,0.0,single,True,final_pass,True
229,atm511::Atm511SidecarS1Nominal3M_GeoOptS1BpeW5.inc1.id1.sim.gz::1136352,atm511,atm511_replay,1136352,Atm511SidecarS1Nominal3M_GeoOptS1BpeW5.inc1.id1.sim.gz,511.0,511.0,12.25042,43.57296,-37.64502,-0.24537,-0.79007,0.56177,77.07189124408734,234.15624433842933,side_wall,side,side_phi01_045deg,47.80914580456158,right_lower,TP_L5_00030,tes,-1.6728125308806263,-1.2579297398590998,-5.76833096776321,56.74317917278078,0.0,0.0,single,True,final_pass,True
230,atm511::Atm511SidecarS1Nominal3M_GeoOptS1BpeW5.inc1.id1.sim.gz::1161529,atm511,atm511_replay,1161529,Atm511SidecarS1Nominal3M_GeoOptS1BpeW5.inc1.id1.sim.gz,510.999978,511.0,-14.77278,7.23536,61.4912,0.18147,-0.12553,-0.97535,124.14982274014471,351.2754218687733,top,top,top_phi04_180deg,174.7264268137569,left_upper,TP_L3_00052,tes,-2.598644615515346,-1.1102131720877255,-3.532629770750953,66.67800688372463,0.0,0.0,single,True,final_pass,True
231,atm511::Atm511SidecarS1Nominal3M_GeoOptS1BpeW5.inc1.id1.sim.gz::1179235,atm511,atm511_replay,1179235,Atm511SidecarS1Nominal3M_GeoOptS1BpeW5.inc1.id1.sim.gz,510.99999697699997,511.0,-29.36791,47.50672,-13.06193,0.43524,-0.876,0.20783,62.95318051073069,280.40171266389325,side_wall,side,side_phi02_090deg,106.08581016428224,left_lower,TP_L0_00354,tes,-6.429201256127397,1.3508505750741884,-2.1305143663510506,52.68818168206798,0.0,0.0,keep,True,final_pass,True
232,atm511::Atm511SidecarS1Nominal3M_GeoOptS1BpeW5.inc1.id1.sim.gz::1186812,atm511,atm511_replay,1186812,Atm511SidecarS1Nominal3M_GeoOptS1BpeW5.inc1.id1.sim.gz,510.9999700000001,511.0,16.7548,22.09064,-51.29199,-0.39186,-0.34992,0.85088,71.0600528096948,201.71254824301215,side_wall,side,side_phi01_045deg,27.312810529975028,right_lower,TP_L0_00344,tes,-6.013841614007237,1.2562114063710024,-1.7494442995232464,58.36906963670018,0.0,0.0,single,True,final_pass,True
233,atm511::Atm511SidecarS1Nominal3M_GeoOptS1BpeW5.inc1.id1.sim.gz::1250347,atm511,atm511_replay,1250347,Atm511SidecarS1Nominal3M_GeoOptS1BpeW5.inc1.id1.sim.gz,511.000032,511.0,13.58136,-0.11261,-55.54326,-0.29952,-0.00168,0.95409,62.42881809252804,180.10858852754657,side_wall,side,side_phi00_000deg,359.6870898885414,right_lower,TP_L3_00170,tes,-2.7220422668574673,-0.210948461562501,-3.7200373139425205,54.327313623045065,0.0,0.0,single,True,final_pass,True
234,atm511::Atm511SidecarS1Nominal3M_GeoOptS1BpeW5.inc1.id1.sim.gz::1263755,atm511,atm511_replay,1263755,Atm511SidecarS1Nominal3M_GeoOptS1BpeW5.inc1.id1.sim.gz,511.0000049,511.0,22.47739,33.97817,-42.81285,-0.4258,-0.60969,0.66856,80.11581143627399,218.23411062488245,side_wall,side,side_phi01_045deg,34.365666138570646,right_lower,TP_L4_00068,tes,-1.9202201694082253,-0.9561320729805849,-4.504737571321125,57.29886841075457,0.0,0.0,single,True,final_pass,True
235,atm511::Atm511SidecarS1Nominal3M_GeoOptS1BpeW5.inc1.id1.sim.gz::1265679,atm511,atm511_replay,1265679,Atm511SidecarS1Nominal3M_GeoOptS1BpeW5.inc1.id1.sim.gz,510.99995000000007,511.0,53.61933,28.75614,-16.97614,-0.8757,-0.43686,0.20568,118.27964316863262,209.7401642860933,top,top,top_phi01_045deg,30.23581163976622,right_lower,TP_L3_00255,tes,-2.9767426355621955,0.5231141116117721,-3.682554662966601,64.62923951043538,0.0,0.0,single,True,final_pass,True
236,atm511::Atm511SidecarS1Nominal3M_GeoOptS1BpeW5.inc1.id1.sim.gz::1286765,atm511,atm511_replay,1286765,Atm511SidecarS1Nominal3M_GeoOptS1BpeW5.inc1.id1.sim.gz,511.00002830000005,511.0,16.0976,-41.87724,-38.12831,-0.32007,0.73218,0.60122,78.53301283816207,131.66079404375523,side_wall,side,side_phi07_315deg,313.3235608283591,right_lower,TP_L3_00280,tes,-2.4475958756063974,0.5766861767585014,-3.273615720243975,57.97507957063558,0.0,0.0,keep,True,final_pass,True
237,atm511::Atm511SidecarS1Nominal3M_GeoOptS1BpeW5.inc1.id1.sim.gz::1300469,atm511,atm511_replay,1300469,Atm511SidecarS1Nominal3M_GeoOptS1BpeW5.inc1.id1.sim.gz,511.0000265400001,511.0,-6.33307,-36.64446,-42.366,0.09309,0.68045,0.72686,54.564140730274744,123.36882359693305,side_wall,side,side_phi07_315deg,305.6764858551809,left_lower,TP_L4_00091,tes,-1.447870821171522,-0.7875270773722938,-4.150243799914282,52.631063371159804,0.0,0.0,single,True,final_pass,True
238,atm511::Atm511SidecarS1Nominal3M_GeoOptS1BpeW5.inc1.id1.sim.gz::1353472,atm511,atm511_replay,1353472,Atm511SidecarS1Nominal3M_GeoOptS1BpeW5.inc1.id1.sim.gz,510.99998999999997,511.0,22.58182,24.83285,-48.35504,-0.45017,-0.46172,0.76431,77.16585345917564,208.26489895242258,side_wall,side,side_phi01_045deg,24.3987059198102,right_lower,TP_L4_00027,tes,-3.092975233988047,-0.6958553623894962,-4.768360942862484,56.6631140956515,0.0,0.0,veto,False,compton_fov_veto,False
239,atm511::Atm511SidecarS1Nominal3M_GeoOptS1BpeW5.inc1.id1.sim.gz::1405553,atm511,atm511_replay,1405553,Atm511SidecarS1Nominal3M_GeoOptS1BpeW5.inc1.id1.sim.gz,510.999986,511.0,43.65686,8.96728,-41.79008,-0.77892,-0.16165,0.60593,97.02616019179916,189.3737096512028,side_wall,side,side_phi00_000deg,7.333466441882825,right_lower,TP_L4_00098,tes,-2.886903840341679,-0.6927794216057774,-5.583990012405127,59.753825422681274,0.0,0.0,keep,True,final_pass,True
240,atm511::Atm511SidecarS1Nominal3M_GeoOptS1BpeW5.inc1.id1.sim.gz::1415502,atm511,atm511_replay,1415502,Atm511SidecarS1Nominal3M_GeoOptS1BpeW5.inc1.id1.sim.gz,510.99991600000004,511.0,-25.02871,-52.3945,14.89849,0.33562,0.90236,-0.27038,87.35591256761968,64.598203190429,side_wall,side,side_phi05_225deg,238.36764819988292,left_upper,TP_L0_00257,tes,-5.366708240472157,0.45555457463969246,-0.9356513906360762,58.56998049609309,0.0,0.0,single,True,final_pass,True
241,atm511::Atm511SidecarS1Nominal3M_GeoOptS1BpeW5.inc1.id1.sim.gz::1462904,atm511,atm511_replay,1462904,Atm511SidecarS1Nominal3M_GeoOptS1BpeW5.inc1.id1.sim.gz,511.000028,511.0,6.61724,-12.38418,-54.93277,-0.17822,0.25804,0.94956,56.946856680911054,162.06961208780507,side_wall,side,side_phi00_000deg,345.39046668994814,right_lower,TP_L3_00373,tes,-2.9569747854471706,1.473949733098144,-3.9232951432529437,53.71852449219323,0.0,0.0,keep,True,final_pass,True
242,atm511::Atm511SidecarS1Nominal3M_GeoOptS1BpeW5.inc1.id1.sim.gz::1479046,atm511,atm511_replay,1479046,Atm511SidecarS1Nominal3M_GeoOptS1BpeW5.inc1.id1.sim.gz,511.00003000000004,511.0,-14.38388,-37.51546,-39.07315,0.22816,0.70592,0.67053,50.544939451187155,113.89878841643618,bottom,bottom,bottom_phi07_315deg,295.71031071338336,left_lower,TP_L3_00261,tes,-2.2840089055550936,0.6381001072181034,-3.2552614628243366,53.71240237243934,0.0,0.0,keep,True,final_pass,True
243,atm511::Atm511SidecarS1Nominal3M_GeoOptS1BpeW5.inc1.id1.sim.gz::1524649,atm511,atm511_replay,1524649,Atm511SidecarS1Nominal3M_GeoOptS1BpeW5.inc1.id1.sim.gz,511.000011,511.0,8.59279,57.47228,-15.70903,-0.16172,-0.97147,0.17346,89.52435640218877,256.2894681032701,side_wall,side,side_phi02_090deg,69.96704050027317,right_lower,TP_L4_00022,tes,-1.5954720626102612,-1.4182766157198599,-4.345558773298399,60.83606513151393,0.0,0.0,single,True,final_pass,True
244,atm511::Atm511SidecarS1Nominal3M_GeoOptS1BpeW5.inc1.id1.sim.gz::1527851,atm511,atm511_replay,1527851,Atm511SidecarS1Nominal3M_GeoOptS1BpeW5.inc1.id1.sim.gz,510.99998,511.0,-28.45122,47.3686,-15.33303,0.41041,-0.87766,0.24753,62.27456132282535,277.47609024653707,side_wall,side,side_phi02_090deg,103.71881455493248,left_lower,TP_L0_00205,tes,-6.385799357092264,0.18047495952255807,-2.026074370291482,53.76501651739005,0.0,0.0,single,True,final_pass,True
245,atm511::Atm511SidecarS1Nominal3M_GeoOptS1BpeW5.inc1.id1.sim.gz::1545992,atm511,atm511_replay,1545992,Atm511SidecarS1Nominal3M_GeoOptS1BpeW5.inc1.id1.sim.gz,511.0,511.0,7.48417,27.5803,-49.60278,-0.18254,-0.524,0.83193,62.66533709302801,216.14730241211552,side_wall,side,side_phi01_045deg,32.98400629181468,right_lower,TP_L5_00206,tes,-2.0518964119117418,0.2792591353062231,-6.158421184889628,52.18903819543075,0.0,0.0,keep,True,final_pass,True
246,atm511::Atm511SidecarS1Nominal3M_GeoOptS1BpeW5.inc1.id1.sim.gz::1633187,atm511,atm511_replay,1633187,Atm511SidecarS1Nominal3M_GeoOptS1BpeW5.inc1.id1.sim.gz,510.99995000000007,511.0,9.94956,-23.30949,-51.45774,-0.23829,0.43942,0.8661,63.64519984738887,150.63379960649465,side_wall,side,side_phi07_315deg,332.64504837422913,right_lower,TP_L3_00294,tes,-3.1065580935448818,0.7444268607810117,-4.022784264346503,54.76429641346049,0.0,0.0,single,True,final_pass,True
247,atm511::Atm511SidecarS1Nominal3M_GeoOptS1BpeW5.inc1.id1.sim.gz::1698567,atm511,atm511_replay,1698567,Atm511SidecarS1Nominal3M_GeoOptS1BpeW5.inc1.id1.sim.gz,511.00002,511.0,-55.454,1.72351,-3.36977,0.9997,-0.02412,0.0041,44.78182198837536,358.037723516867,bottom,bottom,bottom_phi04_180deg,176.64717942107112,left_lower,TP_L2_00372,tes,-4.0397077008285835,1.382167895470963,-3.0548637602913598,51.416389731259514,0.0,0.0,keep,True,final_pass,True
248,atm511::Atm511SidecarS1Nominal3M_GeoOptS1BpeW5.inc1.id1.sim.gz::1718264,atm511,atm511_replay,1718264,Atm511SidecarS1Nominal3M_GeoOptS1BpeW5.inc1.id1.sim.gz,511.00000000000006,511.0,-29.88933,-6.81358,-44.67534,0.47691,0.14885,0.86626,18.23852375016873,151.6017161188318,bottom,bottom,bottom_phi07_315deg,311.82581767700003,left_lower,TP_L0_00244,tes,-6.407603154053267,0.7289799196726614,-2.229720763713385,49.0908575822559,0.0,0.0,keep,True,final_pass,True
249,atm511::Atm511SidecarS1Nominal3M_GeoOptS1BpeW5.inc1.id1.sim.gz::1725543,atm511,atm511_replay,1725543,Atm511SidecarS1Nominal3M_GeoOptS1BpeW5.inc1.id1.sim.gz,511.0000427914599,511.0,14.70929,-47.53655,-32.63214,-0.2783,0.84327,0.45982,82.6254735579039,121.75483163683919,side_wall,side,side_phi07_315deg,308.85100354333235,right_lower,TP_L5_00360,tes,-1.5037280583385009,1.4724418475267826,-5.852283695290529,58.15413949300466,0.0,0.0,keep,True,final_pass,True
250,atm511::Atm511SidecarS1Nominal3M_GeoOptS1BpeW5.inc1.id1.sim.gz::1732885,atm511,atm511_replay,1732885,Atm511SidecarS1Nominal3M_GeoOptS1BpeW5.inc1.id1.sim.gz,510.99999506441014,511.0,-25.74289,47.38592,-18.20564,0.429,-0.85971,0.27721,60.04174056135359,277.11635355771654,side_wall,side,side_phi02_090deg,95.92146212383514,left_lower,TP_L3_00301,tes,-2.5131516486841727,0.8303867488059272,-3.1908618910232613,54.152395901155074,0.0,0.0,keep,True,final_pass,True
251,atm511::Atm511SidecarS1Nominal3M_GeoOptS1BpeW5.inc1.id1.sim.gz::1768296,atm511,atm511_replay,1768296,Atm511SidecarS1Nominal3M_GeoOptS1BpeW5.inc1.id1.sim.gz,511.00001000000015,511.0,31.58405,38.82707,-34.32893,-0.5961,-0.62317,0.50628,93.64144768094481,218.64051748725208,side_wall,side,side_phi01_045deg,41.154501534703066,right_lower,TP_L2_00342,tes,-4.291980116853767,0.8911629394739167,-3.5872686862652587,60.59102509265417,0.0,0.0,keep,True,final_pass,True
252,atm511::Atm511SidecarS1Nominal3M_GeoOptS1BpeW5.inc1.id1.sim.gz::1897913,atm511,atm511_replay,1897913,Atm511SidecarS1Nominal3M_GeoOptS1BpeW5.inc1.id1.sim.gz,511.00004000000007,511.0,59.69004,-6.84119,-20.60716,-0.96346,0.12231,0.23828,120.84929422814007,171.80938461785348,top,top,top_phi00_000deg,354.9787040210941,right_lower,TP_L5_00313,tes,-1.3502550925516363,0.9389556260833324,-5.777694819237254,63.29582394199717,0.0,0.0,single,True,final_pass,True
253,atm511::Atm511SidecarS1Nominal3M_GeoOptS1BpeW5.inc1.id1.sim.gz::1900617,atm511,atm511_replay,1900617,Atm511SidecarS1Nominal3M_GeoOptS1BpeW5.inc1.id1.sim.gz,510.99988,511.0,3.66105,-52.47155,-24.9041,0.02054,0.90438,0.42622,71.58431214338223,107.59843685643635,side_wall,side,side_phi07_315deg,294.575031254369,right_lower,TP_L4_00084,tes,-4.460837361817776,0.7991543278584723,-2.9821467666017067,58.17477999504147,0.0,0.0,veto,False,compton_fov_veto,False
254,atm511::Atm511SidecarS1Nominal3M_GeoOptS1BpeW5.inc1.id1.sim.gz::1905261,atm511,atm511_replay,1905261,Atm511SidecarS1Nominal3M_GeoOptS1BpeW5.inc1.id1.sim.gz,511.0,511.0,56.06297,23.39575,-18.90685,-0.91335,-0.35892,0.19229,120.65480935450425,204.6594361609592,top,top,top_phi01_045deg,22.817245143325966,right_lower,TP_L5_00245,tes,-2.334286058304109,0.44812847579589044,-6.612855090942466,63.937275196720606,0.0,0.0,single,True,final_pass,True
255,atm511::Atm511SidecarS1Nominal3M_GeoOptS1BpeW5.inc1.id1.sim.gz::1909129,atm511,atm511_replay,1909129,Atm511SidecarS1Nominal3M_GeoOptS1BpeW5.inc1.id1.sim.gz,511.00003000000004,511.0,-3.22408,39.43131,-40.93254,0.01252,-0.72053,0.69331,60.059695470840175,236.25283285579343,side_wall,side,side_phi01_045deg,55.707137906586304,left_lower,TP_L3_00258,tes,-2.4674749040783617,0.3583065187098365,-3.3400818649138633,54.22605426322564,0.0,0.0,keep,True,final_pass,True
256,atm511::Atm511SidecarS1Nominal3M_GeoOptS1BpeW5.inc1.id1.sim.gz::1941588,atm511,atm511_replay,1941588,Atm511SidecarS1Nominal3M_GeoOptS1BpeW5.inc1.id1.sim.gz,510.99998000000005,511.0,63.18471,1.90539,17.4181,-0.96138,-0.0082,-0.27509,150.96451372941868,180.9680604627224,top,top,top_phi00_000deg,16.094839829044393,right_upper,TP_L1_00363,tes,-4.5758145966465404,1.3737145834715103,-1.9771786400047606,70.4836733285426,0.0,0.0,keep,True,final_pass,True
257,atm511::Atm511SidecarS1Nominal3M_GeoOptS1BpeW5.inc1.id1.sim.gz::1954566,atm511,atm511_replay,1954566,Atm511SidecarS1Nominal3M_GeoOptS1BpeW5.inc1.id1.sim.gz,511.000006,511.0,45.44157,43.94072,-5.70172,-0.72917,-0.68429,0.00696,120.70927526611895,232.74064750367054,top,top,top_phi01_045deg,47.21162845318541,right_lower,TP_L5_00235,tes,-1.1280839318465923,0.24134669894371627,-5.257280510044041,63.86364709830826,0.0,0.0,single,True,final_pass,True
258,atm511::Atm511SidecarS1Nominal3M_GeoOptS1BpeW5.inc1.id1.sim.gz::1971714,atm511,atm511_replay,1971714,Atm511SidecarS1Nominal3M_GeoOptS1BpeW5.inc1.id1.sim.gz,511.0000420000001,511.0,50.97136,38.00622,-6.38595,-0.81594,-0.57806,0.00959,124.76240059949967,224.71999011436594,top,top,top_phi01_045deg,40.590950073101496,right_lower,TP_L5_00313,tes,-1.3325549560997667,0.9783423559146142,-5.734741503381178,64.08734130127684,0.0,0.0,keep,True,final_pass,True
259,atm511::Atm511SidecarS1Nominal3M_GeoOptS1BpeW5.inc1.id1.sim.gz::2068514,atm511,atm511_replay,2068514,Atm511SidecarS1Nominal3M_GeoOptS1BpeW5.inc1.id1.sim.gz,510.9999880000001,511.0,-41.37735,-39.10652,-2.71362,0.67053,0.74094,0.0373,59.96605895997729,58.85479775084329,side_wall,side,side_phi05_225deg,232.32572456148324,left_lower,TP_L0_00337,tes,-5.056732253221598,1.0276113780284588,-0.6939418355005104,54.16654756272177,0.0,0.0,single,True,final_pass,True
260,atm511::Atm511SidecarS1Nominal3M_GeoOptS1BpeW5.inc1.id1.sim.gz::2100989,atm511,atm511_replay,2100989,Atm511SidecarS1Nominal3M_GeoOptS1BpeW5.inc1.id1.sim.gz,510.999998,511.0,35.91991,-33.24168,-35.68223,-0.63288,0.5583,0.53643,93.9106469404514,145.97152239310674,side_wall,side,side_phi07_315deg,327.5810205763037,right_lower,TP_L5_00073,tes,-0.6262346887662188,-0.997568668653711,-4.700892866757251,57.75072863370761,0.0,0.0,single,True,final_pass,True
261,atm511::Atm511SidecarS1Nominal3M_GeoOptS1BpeW5.inc1.id1.sim.gz::2105090,atm511,atm511_replay,2105090,Atm511SidecarS1Nominal3M_GeoOptS1BpeW5.inc1.id1.sim.gz,510.99998,511.0,-51.81302,-13.32801,-12.0621,0.93802,0.2712,0.2158,35.32615668287819,27.97052355459269,bottom,bottom,bottom_phi05_225deg,202.86068767111763,left_lower,TP_L0_00188,tes,-5.808737029067888,-0.02485342967850782,-1.499854534722252,49.04007601618152,0.0,0.0,single,True,final_pass,True
262,atm511::Atm511SidecarS1Nominal3M_GeoOptS1BpeW5.inc1.id1.sim.gz::2111188,atm511,atm511_replay,2111188,Atm511SidecarS1Nominal3M_GeoOptS1BpeW5.inc1.id1.sim.gz,510.99999,511.0,58.93083,0.77275,-22.26004,-0.95253,-0.01786,0.30391,117.29970971408859,181.1516455628866,top,top,top_phi00_000deg,0.1629665760570898,right_lower,TP_L1_00128,tes,-4.540388599163339,-0.4177127973598844,-2.0120211838647983,66.63328791312372,0.0,0.0,single,True,final_pass,True
263,atm511::Atm511SidecarS1Nominal3M_GeoOptS1BpeW5.inc1.id1.sim.gz::2242496,atm511,atm511_replay,2242496,Atm511SidecarS1Nominal3M_GeoOptS1BpeW5.inc1.id1.sim.gz,511.00002,511.0,-7.71567,-53.44832,-22.32583,0.05783,0.93827,0.34103,73.61817568917816,102.0477367050353,side_wall,side,side_phi06_270deg,279.88540538845723,left_lower,TP_L2_00002,tes,-4.5176886966456085,-1.5566748820563412,-3.4664597277895135,55.30502476744357,0.0,0.0,single,True,final_pass,True
264,atm511::Atm511SidecarS1Nominal3M_GeoOptS1BpeW5.inc1.id1.sim.gz::2250264,atm511,atm511_replay,2250264,Atm511SidecarS1Nominal3M_GeoOptS1BpeW5.inc1.id1.sim.gz,510.99996400000003,511.0,10.03606,-53.74006,-23.6139,-0.24335,0.8913,0.38257,84.35044310899903,116.40758684164255,side_wall,side,side_phi06_270deg,291.08141805313863,right_lower,TP_L0_00198,tes,-4.616223987478401,-0.0769914156753304,-0.5718689955162141,60.21087566833123,0.0,0.0,keep,True,final_pass,True
265,atm511::Atm511SidecarS1Nominal3M_GeoOptS1BpeW5.inc1.id1.sim.gz::2267968,atm511,atm511_replay,2267968,Atm511SidecarS1Nominal3M_GeoOptS1BpeW5.inc1.id1.sim.gz,511.00003000000004,511.0,-23.89772,52.18715,-8.57747,0.36742,-0.92455,0.10101,70.65648112065047,281.51657174115417,side_wall,side,side_phi02_090deg,101.91849940385954,left_lower,TP_L2_00363,tes,-3.71557274355068,1.3998782033111428,-3.02731372924389,54.93150534130269,0.0,0.0,single,True,final_pass,True
266,atm511::Atm511SidecarS1Nominal3M_GeoOptS1BpeW5.inc1.id1.sim.gz::2275072,atm511,atm511_replay,2275072,Atm511SidecarS1Nominal3M_GeoOptS1BpeW5.inc1.id1.sim.gz,511.0,511.0,8.90613,-27.44623,-49.51717,-0.20005,0.52056,0.83006,63.54570199933275,144.4479553222629,side_wall,side,side_phi07_315deg,327.9213890053841,right_lower,TP_L5_00188,tes,-1.6512182145804304,0.022714054737432487,-5.716556767371428,52.7683068551618,0.0,0.0,single,True,final_pass,True
267,atm511::Atm511SidecarS1Nominal3M_GeoOptS1BpeW5.inc1.id1.sim.gz::2293914,atm511,atm511_replay,2293914,Atm511SidecarS1Nominal3M_GeoOptS1BpeW5.inc1.id1.sim.gz,511.0000059999999,511.0,53.40895,30.93162,-14.31957,-0.87287,-0.45955,0.16404,120.08069187911697,212.07816299495008,top,top,top_phi01_045deg,34.04439012413026,right_lower,TP_L2_00271,tes,-6.826262806861341,-0.1810868270417085,-2.5967197674768805,68.80193751317972,0.0,0.0,veto,False,compton_fov_veto,False
268,atm511::Atm511SidecarS1Nominal3M_GeoOptS1BpeW5.inc1.id1.sim.gz::2336934,atm511,atm511_replay,2336934,Atm511SidecarS1Nominal3M_GeoOptS1BpeW5.inc1.id1.sim.gz,510.9999133000001,511.0,-28.09113,-51.34509,5.34237,0.41983,0.90025,-0.11534,77.5665313554854,67.20042826255262,side_wall,side,side_phi05_225deg,243.30127204920265,left_upper,TP_L0_00192,tes,-5.21883244482151,-0.09231549916384064,-1.9768500001380382,56.59999885951064,0.0,0.0,veto,False,compton_fov_veto,False
269,atm511::Atm511SidecarS1Nominal3M_GeoOptS1BpeW5.inc1.id1.sim.gz::2361639,atm511,atm511_replay,2361639,Atm511SidecarS1Nominal3M_GeoOptS1BpeW5.inc1.id1.sim.gz,511.00000000000006,511.0,21.36,57.91388,-3.55118,-0.3951,-0.91847,0.01775,105.47547723716927,252.3675184679206,side_wall,side,side_phi02_090deg,73.91901441326246,right_lower,TP_L2_00320,tes,-3.135961579572994,0.9675989294583561,-2.4509862217884537,62.0011410203285,0.0,0.0,single,True,final_pass,True
270,atm511::Atm511SidecarS1Nominal3M_GeoOptS1BpeW5.inc1.id1.sim.gz::2374073,atm511,atm511_replay,2374073,Atm511SidecarS1Nominal3M_GeoOptS1BpeW5.inc1.id1.sim.gz,511.00001299999997,511.0,3.56426,-58.72433,-11.41866,-0.12441,0.97743,0.17073,88.12304120949186,102.05250400625363,side_wall,side,side_phi06_270deg,278.1453110997723,right_lower,TP_L1_00155,tes,-3.861045359961889,-0.3755103878158207,-1.2264764569201976,59.69590032154398,0.0,0.0,single,True,final_pass,True
271,atm511::Atm511SidecarS1Nominal3M_GeoOptS1BpeW5.inc1.id1.sim.gz::2443221,atm511,atm511_replay,2443221,Atm511SidecarS1Nominal3M_GeoOptS1BpeW5.inc1.id1.sim.gz,511.00005460000006,511.0,-18.13079,51.53022,-19.69237,0.18745,-0.9177,0.35027,67.65234964964692,262.8492506510062,side_wall,side,side_phi02_090deg,93.83944952319473,left_lower,TP_L0_00277,tes,-5.370513311856626,0.6570748133754275,-1.0209557926379627,55.67336230945854,0.0,0.0,keep,True,final_pass,True
272,atm511::Atm511SidecarS1Nominal3M_GeoOptS1BpeW5.inc1.id1.sim.gz::2551379,atm511,atm511_replay,2551379,Atm511SidecarS1Nominal3M_GeoOptS1BpeW5.inc1.id1.sim.gz,510.99998820000013,511.0,14.61515,-59.09971,-7.64735,-0.27649,0.96031,0.03677,99.75922263051523,102.98885396156561,side_wall,side,side_phi06_270deg,287.214598908458,right_lower,TP_L4_00343,tes,-2.7603503111951526,1.1642486662838467,-5.348134433908895,62.760968104509566,0.0,0.0,keep,True,final_pass,True
273,atm511::Atm511SidecarS1Nominal3M_GeoOptS1BpeW5.inc1.id1.sim.gz::2565320,atm511,atm511_replay,2565320,Atm511SidecarS1Nominal3M_GeoOptS1BpeW5.inc1.id1.sim.gz,510.9999990300001,511.0,-18.75606,56.28925,4.44239,0.25285,-0.96159,-0.1068,84.07231154670625,284.81380719127077,side_wall,side,side_phi02_090deg,107.82699247215022,left_upper,TP_L1_00319,tes,-4.223815367274497,0.8777705316546696,-1.7052163079203202,57.614332021237715,0.0,0.0,keep,True,final_pass,True
274,atm511::Atm511SidecarS1Nominal3M_GeoOptS1BpeW5.inc1.id1.sim.gz::2581987,atm511,atm511_replay,2581987,Atm511SidecarS1Nominal3M_GeoOptS1BpeW5.inc1.id1.sim.gz,511.00000891,511.0,7.32211,-40.31963,-41.07242,-0.19898,0.70561,0.68009,70.111184902818,131.37794602680412,side_wall,side,side_phi07_315deg,309.3760442014189,right_lower,TP_L1_00258,tes,-4.1769408188020165,0.47542296907844606,-1.7729860266757882,57.80060576764725,0.0,0.0,keep,True,final_pass,True
275,atm511::Atm511SidecarS1Nominal3M_GeoOptS1BpeW5.inc1.id1.sim.gz::2683590,atm511,atm511_replay,2683590,Atm511SidecarS1Nominal3M_GeoOptS1BpeW5.inc1.id1.sim.gz,510.9999869999999,511.0,22.23387,-51.25024,-23.34167,-0.39036,0.86626,0.31178,93.18525841809165,119.81873218133074,side_wall,side,side_phi07_315deg,304.90908035380676,right_lower,TP_L5_00131,tes,-0.6603223489242835,-0.44454174168291827,-5.0564433514358145,58.649062502431086,0.0,0.0,single,True,final_pass,True
276,atm511::Atm511SidecarS1Nominal3M_GeoOptS1BpeW5.inc1.id1.sim.gz::2715391,atm511,atm511_replay,2715391,Atm511SidecarS1Nominal3M_GeoOptS1BpeW5.inc1.id1.sim.gz,511.00000000000006,511.0,24.41338,55.85039,18.70502,-0.45123,-0.82969,-0.32865,123.46703394969177,264.03598292204765,top,top,top_phi02_090deg,88.79266919627894,right_upper,TP_L1_00287,tes,-5.524426928825009,0.8024997685285246,-3.100499013917925,66.3477442126714,0.0,0.0,single,True,final_pass,True
277,atm511::Atm511SidecarS1Nominal3M_GeoOptS1BpeW5.inc1.id1.sim.gz::2725078,atm511,atm511_replay,2725078,Atm511SidecarS1Nominal3M_GeoOptS1BpeW5.inc1.id1.sim.gz,510.999989,511.0,11.27188,-34.33529,-45.21918,-0.25532,0.60393,0.75504,69.30737140689848,139.79121441806063,side_wall,side,side_phi07_315deg,318.89962808945324,right_lower,TP_L3_00034,tes,-2.7488064734030595,-1.1742251783759237,-3.7524161788717527,54.91564777990561,0.0,0.0,single,True,final_pass,True
278,atm511::Atm511SidecarS1Nominal3M_GeoOptS1BpeW5.inc1.id1.sim.gz::2750843,atm511,atm511_replay,2750843,Atm511SidecarS1Nominal3M_GeoOptS1BpeW5.inc1.id1.sim.gz,510.99998600000004,511.0,-7.74323,-59.93319,7.12336,0.0993,0.97136,-0.21586,94.72771093418585,77.07866905491346,side_wall,side,side_phi06_270deg,263.5732860726969,left_upper,TP_L5_00081,tes,-1.6922457394761727,-0.7119216289686963,-6.033162277572654,60.966114493504385,0.0,0.0,single,True,final_pass,True
279,atm511::Atm511SidecarS1Nominal3M_GeoOptS1BpeW5.inc1.id1.sim.gz::2773521,atm511,atm511_replay,2773521,Atm511SidecarS1Nominal3M_GeoOptS1BpeW5.inc1.id1.sim.gz,510.99995,511.0,-48.73112,-28.48433,13.7289,0.79653,0.5159,-0.31526,70.10429958877859,33.27418877706836,side_wall,side,side_phi05_225deg,212.41779724789703,left_upper,TP_L3_00311,tes,-3.224249143040523,1.2265215507739093,-3.98664542562421,57.16161775869772,0.0,0.0,keep,True,final_pass,True
280,atm511::Atm511SidecarS1Nominal3M_GeoOptS1BpeW5.inc1.id1.sim.gz::2773815,atm511,atm511_replay,2773815,Atm511SidecarS1Nominal3M_GeoOptS1BpeW5.inc1.id1.sim.gz,510.99997,511.0,49.59154,-39.41055,13.92305,-0.75429,0.59057,-0.28682,137.40692319922698,119.23641747452334,top,top,top_phi07_315deg,311.6877125310709,right_upper,TP_L5_00254,tes,-1.4158710146773588,0.5208184577981579,-5.4716432769097025,67.61970343500533,0.0,0.0,single,True,final_pass,True
281,atm511::Atm511SidecarS1Nominal3M_GeoOptS1BpeW5.inc1.id1.sim.gz::2777097,atm511,atm511_replay,2777097,Atm511SidecarS1Nominal3M_GeoOptS1BpeW5.inc1.id1.sim.gz,511.0,511.0,10.82835,-24.45764,-51.10508,-0.27364,0.45003,0.85005,65.94676389654508,150.47353650324396,side_wall,side,side_phi07_315deg,331.09229383795184,right_lower,TP_L2_00270,tes,-4.457191988987085,0.6807263131942466,-3.622373850179452,55.85868453610085,0.0,0.0,single,True,final_pass,True
282,atm511::Atm511SidecarS1Nominal3M_GeoOptS1BpeW5.inc1.id1.sim.gz::2777134,atm511,atm511_replay,2777134,Atm511SidecarS1Nominal3M_GeoOptS1BpeW5.inc1.id1.sim.gz,510.9999801000001,511.0,63.81495,-10.97957,8.63657,-0.96888,0.15754,-0.19093,145.0956937153258,164.0189458920211,top,top,top_phi00_000deg,345.0728819768165,right_upper,TP_L4_00151,tes,-1.7828699318168253,-0.28380191355413503,-4.2698709256884655,67.70561019689863,0.0,0.0,single,True,final_pass,True
283,atm511::Atm511SidecarS1Nominal3M_GeoOptS1BpeW5.inc1.id1.sim.gz::2788583,atm511,atm511_replay,2788583,Atm511SidecarS1Nominal3M_GeoOptS1BpeW5.inc1.id1.sim.gz,511.00000000000006,511.0,16.77026,9.36901,-54.87271,-0.3993,-0.15097,0.9043,69.07837639746302,189.30133269219255,side_wall,side,side_phi00_000deg,11.474447799975446,right_lower,TP_L1_00284,tes,-5.910776890223874,0.7941565664614012,-3.5031447696137765,56.804839386985954,0.0,0.0,single,True,final_pass,True
284,atm511::Atm511SidecarS1Nominal3M_GeoOptS1BpeW5.inc1.id1.sim.gz::2789775,atm511,atm511_replay,2789775,Atm511SidecarS1Nominal3M_GeoOptS1BpeW5.inc1.id1.sim.gz,510.9999473,511.0,19.57232,-38.60208,-40.40584,-0.40163,0.66464,0.63003,80.7057993615122,137.66342521626353,side_wall,side,side_phi07_315deg,317.7217863533376,right_lower,TP_L3_00101,tes,-3.3558024637990522,-0.5521901527688314,-4.095955090305508,57.37508744443578,0.0,0.0,veto,False,compton_fov_veto,False
285,atm511::Atm511SidecarS1Nominal3M_GeoOptS1BpeW5.inc1.id1.sim.gz::2794956,atm511,atm511_replay,2794956,Atm511SidecarS1Nominal3M_GeoOptS1BpeW5.inc1.id1.sim.gz,510.99993900000004,511.0,-29.02777,-48.73217,-10.22337,0.42239,0.89187,0.16174,65.60397788442319,78.32402722266387,side_wall,side,side_phi06_270deg,251.82204794938275,left_lower,TP_L0_00253,tes,-5.774213947730697,0.45781334294919546,-1.3640821982499627,55.125940451931406,0.0,0.0,single,True,final_pass,True
286,atm511::Atm511SidecarS1Nominal3M_GeoOptS1BpeW5.inc1.id1.sim.gz::2877853,atm511,atm511_replay,2877853,Atm511SidecarS1Nominal3M_GeoOptS1BpeW5.inc1.id1.sim.gz,510.99998000000005,511.0,46.72649,-43.20153,-3.28458,-0.7348,0.67724,-0.03768,123.1083831284686,126.04950624031972,top,top,top_phi07_315deg,314.8592715622707,right_lower,TP_L5_00331,tes,-1.2960392612924563,1.0578717791427505,-5.745227544577712,65.35375083985548,0.0,0.0,single,True,final_pass,True
287,atm511::Atm511SidecarS1Nominal3M_GeoOptS1BpeW5.inc1.id1.sim.gz::2890235,atm511,atm511_replay,2890235,Atm511SidecarS1Nominal3M_GeoOptS1BpeW5.inc1.id1.sim.gz,511.00004598000004,511.0,20.87235,-58.56035,-6.62968,-0.37853,0.92499,-0.03319,106.92568052393561,104.78838204969621,side_wall,side,side_phi07_315deg,292.7308501733409,right_lower,TP_L4_00162,tes,-2.8835756303148066,-0.23243528520786674,-5.411965961664756,62.991844432499924,0.0,0.0,keep,True,final_pass,True
288,atm511::Atm511SidecarS1Nominal3M_GeoOptS1BpeW5.inc1.id1.sim.gz::2901569,atm511,atm511_replay,2901569,Atm511SidecarS1Nominal3M_GeoOptS1BpeW5.inc1.id1.sim.gz,510.999982,511.0,-49.39171,-19.85958,24.61618,0.80526,0.35564,-0.47442,76.47088398513111,21.4562489574614,side_wall,side,side_phi04_180deg,200.10256272887509,left_upper,TP_L1_00193,tes,-3.2981319275305183,0.48405193635421423,-2.4287250596189085,57.183111051852464,0.0,0.0,keep,True,final_pass,True
289,atm511::Atm511SidecarS1Nominal3M_GeoOptS1BpeW5.inc1.id1.sim.gz::2906242,atm511,atm511_replay,2906242,Atm511SidecarS1Nominal3M_GeoOptS1BpeW5.inc1.id1.sim.gz,511.000017,511.0,47.95884,-41.54419,-4.41389,-0.79113,0.61114,0.02484,122.80966487858717,133.35302218899884,top,top,top_phi07_315deg,308.76069656984515,right_lower,TP_L1_00122,tes,-5.205981295345367,-0.44798280675139185,-2.6917001957940636,67.21876528736703,0.0,0.0,keep,True,final_pass,True
