event_uid,source_file,local_event_id,sim_line_no,cc_seq,volume,volume_role,edep_keV,world_x_cm,world_y_cm,world_z_cm,IF_x_cm,IF_y_cm,IF_z_cm,time_s,secondary_particle,track_id,parent_track_id,secondary_process,transport_primary,parent_particle,creator_process,primary_track_id,tes_pixel_uid,tes_layer,coordinate_frame,trajectory_semantics
S3d_O8__gamma__Background_gamma_fullsphere20_batch0003_shard0032__ID3883,/home/ubuntu/TES_511_Balloon/runs/particle_source_unit_repair_20260811/s3d_o8/instant_gamma_batch0003_v1/shards/shard0032/attempt01/Background_gamma_fullsphere20_batch0003_shard0032.inc1.id1.sim.gz,3883,365557,1,Nb_MagShield_Inner_Cylinder_2mm,passive_or_uninstrumented,125.9344,0.5922582,-0.2575826,-2.109643,1.9105326606160704,-0.2575826,-1.0729530817493935,1.671951e-09,e-,2,1,eBrem,gamma,gamma,conv,1,,,world,recorded energy-deposit sample; not a complete Geant4 step or boundary path
S3d_O8__gamma__Background_gamma_fullsphere20_batch0003_shard0032__ID3883,/home/ubuntu/TES_511_Balloon/runs/particle_source_unit_repair_20260811/s3d_o8/instant_gamma_batch0003_v1/shards/shard0032/attempt01/Background_gamma_fullsphere20_batch0003_shard0032.inc1.id1.sim.gz,3883,365558,2,Nb_MagShield_Inner_Cylinder_2mm,passive_or_uninstrumented,225.116,0.5968774,-0.2543407,-2.105433,1.9108220087109318,-0.2543407,-1.066709894556941,1.672179e-09,e-,2,1,eIoni,gamma,gamma,conv,1,,,world,recorded energy-deposit sample; not a complete Geant4 step or boundary path
S3d_O8__gamma__Background_gamma_fullsphere20_batch0003_shard0032__ID3883,/home/ubuntu/TES_511_Balloon/runs/particle_source_unit_repair_20260811/s3d_o8/instant_gamma_batch0003_v1/shards/shard0032/attempt01/Background_gamma_fullsphere20_batch0003_shard0032.inc1.id1.sim.gz,3883,365559,3,Nb_MagShield_Inner_Cylinder_2mm,passive_or_uninstrumented,150.4928,0.5914126,-0.2541684,-2.102842,1.905125697903049,-0.2541684,-1.068741978024715,1.6723e-09,e-,2,1,eIoni,gamma,gamma,conv,1,,,world,recorded energy-deposit sample; not a complete Geant4 step or boundary path
S3d_O8__gamma__Background_gamma_fullsphere20_batch0003_shard0032__ID3883,/home/ubuntu/TES_511_Balloon/runs/particle_source_unit_repair_20260811/s3d_o8/instant_gamma_batch0003_v1/shards/shard0032/attempt01/Background_gamma_fullsphere20_batch0003_shard0032.inc1.id1.sim.gz,3883,365560,4,Nb_MagShield_Inner_Cylinder_2mm,passive_or_uninstrumented,13.00296,0.5924957,-0.2525796,-2.105069,1.907466292059455,-0.2525796,-1.0695508374717142,1.672334e-09,e-,2,1,eIoni,gamma,gamma,conv,1,,,world,recorded energy-deposit sample; not a complete Geant4 step or boundary path
S3d_O8__gamma__Background_gamma_fullsphere20_batch0003_shard0032__ID3883,/home/ubuntu/TES_511_Balloon/runs/particle_source_unit_repair_20260811/s3d_o8/instant_gamma_batch0003_v1/shards/shard0032/attempt01/Background_gamma_fullsphere20_batch0003_shard0032.inc1.id1.sim.gz,3883,365561,5,Nb_MagShield_Inner_Cylinder_2mm,passive_or_uninstrumented,85.51174,0.5929806,-0.252334,-2.105485,1.9081033245586254,-0.252334,-1.0695021178144903,1.672353e-09,e-,2,1,eIoni,gamma,gamma,conv,1,,,world,recorded energy-deposit sample; not a complete Geant4 step or boundary path
S3d_O8__gamma__Background_gamma_fullsphere20_batch0003_shard0032__ID3883,/home/ubuntu/TES_511_Balloon/runs/particle_source_unit_repair_20260811/s3d_o8/instant_gamma_batch0003_v1/shards/shard0032/attempt01/Background_gamma_fullsphere20_batch0003_shard0032.inc1.id1.sim.gz,3883,365562,6,Nb_MagShield_Inner_Cylinder_2mm,passive_or_uninstrumented,72.84866,0.5929806,-0.252334,-2.105485,1.9081033245586254,-0.252334,-1.0695021178144903,1.67235e-09,e-,6,2,eIoni,gamma,e-,eIoni,1,,,world,recorded energy-deposit sample; not a complete Geant4 step or boundary path
S3d_O8__gamma__Background_gamma_fullsphere20_batch0003_shard0032__ID3883,/home/ubuntu/TES_511_Balloon/runs/particle_source_unit_repair_20260811/s3d_o8/instant_gamma_batch0003_v1/shards/shard0032/attempt01/Background_gamma_fullsphere20_batch0003_shard0032.inc1.id1.sim.gz,3883,365563,7,Nb_MagShield_Inner_Cylinder_2mm,passive_or_uninstrumented,43.68556,0.5924957,-0.2525796,-2.105069,1.907466292059455,-0.2525796,-1.0695508374717142,1.672308e-09,e-,5,2,eIoni,gamma,e-,eIoni,1,,,world,recorded energy-deposit sample; not a complete Geant4 step or boundary path
S3d_O8__gamma__Background_gamma_fullsphere20_batch0003_shard0032__ID3883,/home/ubuntu/TES_511_Balloon/runs/particle_source_unit_repair_20260811/s3d_o8/instant_gamma_batch0003_v1/shards/shard0032/attempt01/Background_gamma_fullsphere20_batch0003_shard0032.inc1.id1.sim.gz,3883,365564,8,Nb_MagShield_Inner_Cylinder_2mm,passive_or_uninstrumented,2.3691,0.5968774,-0.2543407,-2.105433,1.9108220087109318,-0.2543407,-1.066709894556941,1.671952e-09,gamma,4,2,phot,gamma,e-,eBrem,1,,,world,recorded energy-deposit sample; not a complete Geant4 step or boundary path
S3d_O8__gamma__Background_gamma_fullsphere20_batch0003_shard0032__ID3883,/home/ubuntu/TES_511_Balloon/runs/particle_source_unit_repair_20260811/s3d_o8/instant_gamma_batch0003_v1/shards/shard0032/attempt01/Background_gamma_fullsphere20_batch0003_shard0032.inc1.id1.sim.gz,3883,365565,9,Nb_MagShield_Inner_Cylinder_2mm,passive_or_uninstrumented,89.99844,0.5922582,-0.2575826,-2.109643,1.9105326606160704,-0.2575826,-1.0729530817493935,1.672095e-09,e+,3,1,msc,gamma,gamma,conv,1,,,world,recorded energy-deposit sample; not a complete Geant4 step or boundary path
S3d_O8__gamma__Background_gamma_fullsphere20_batch0003_shard0032__ID3883,/home/ubuntu/TES_511_Balloon/runs/particle_source_unit_repair_20260811/s3d_o8/instant_gamma_batch0003_v1/shards/shard0032/attempt01/Background_gamma_fullsphere20_batch0003_shard0032.inc1.id1.sim.gz,3883,365566,10,Nb_MagShield_Inner_Cylinder_2mm,passive_or_uninstrumented,70.80233,0.5971419,-0.2483773,-2.102401,1.9088650906939981,-0.2483773,-1.0643789170527596,1.672421e-09,e+,3,1,msc,gamma,gamma,conv,1,,,world,recorded energy-deposit sample; not a complete Geant4 step or boundary path
S3d_O8__gamma__Background_gamma_fullsphere20_batch0003_shard0032__ID3883,/home/ubuntu/TES_511_Balloon/runs/particle_source_unit_repair_20260811/s3d_o8/instant_gamma_batch0003_v1/shards/shard0032/attempt01/Background_gamma_fullsphere20_batch0003_shard0032.inc1.id1.sim.gz,3883,365567,11,Nb_MagShield_Inner_Cylinder_2mm,passive_or_uninstrumented,85.21756,0.6023817,-0.2435391,-2.095173,1.907459220991643,-0.2435391,-1.0555628511262818,1.672746e-09,e+,3,1,msc,gamma,gamma,conv,1,,,world,recorded energy-deposit sample; not a complete Geant4 step or boundary path
S3d_O8__gamma__Background_gamma_fullsphere20_batch0003_shard0032__ID3883,/home/ubuntu/TES_511_Balloon/runs/particle_source_unit_repair_20260811/s3d_o8/instant_gamma_batch0003_v1/shards/shard0032/attempt01/Background_gamma_fullsphere20_batch0003_shard0032.inc1.id1.sim.gz,3883,365568,12,Nb_MagShield_Inner_Cylinder_2mm,passive_or_uninstrumented,71.74784,0.6091702,-0.2431215,-2.087716,1.9069865201084197,-0.2431215,-1.045489761474889,1.673069e-09,e+,3,1,msc,gamma,gamma,conv,1,,,world,recorded energy-deposit sample; not a complete Geant4 step or boundary path
S3d_O8__gamma__Background_gamma_fullsphere20_batch0003_shard0032__ID3883,/home/ubuntu/TES_511_Balloon/runs/particle_source_unit_repair_20260811/s3d_o8/instant_gamma_batch0003_v1/shards/shard0032/attempt01/Background_gamma_fullsphere20_batch0003_shard0032.inc1.id1.sim.gz,3883,365569,13,Nb_MagShield_Inner_Cylinder_2mm,passive_or_uninstrumented,74.79923,0.6141126,-0.2456376,-2.079493,1.904666785602059,-0.2456376,-1.0361804178578555,1.673392e-09,e+,3,1,msc,gamma,gamma,conv,1,,,world,recorded energy-deposit sample; not a complete Geant4 step or boundary path
S3d_O8__gamma__Background_gamma_fullsphere20_batch0003_shard0032__ID3883,/home/ubuntu/TES_511_Balloon/runs/particle_source_unit_repair_20260811/s3d_o8/instant_gamma_batch0003_v1/shards/shard0032/attempt01/Background_gamma_fullsphere20_batch0003_shard0032.inc1.id1.sim.gz,3883,365570,14,Nb_MagShield_Inner_Cylinder_2mm,passive_or_uninstrumented,95.29611,0.6170697,-0.2473574,-2.069981,1.9000317713620594,-0.2473574,-1.0273634326925623,1.673713e-09,e+,3,1,msc,gamma,gamma,conv,1,,,world,recorded energy-deposit sample; not a complete Geant4 step or boundary path
S3d_O8__gamma__Background_gamma_fullsphere20_batch0003_shard0032__ID3883,/home/ubuntu/TES_511_Balloon/runs/particle_source_unit_repair_20260811/s3d_o8/instant_gamma_batch0003_v1/shards/shard0032/attempt01/Background_gamma_fullsphere20_batch0003_shard0032.inc1.id1.sim.gz,3883,365571,15,Nb_MagShield_Inner_Cylinder_2mm,passive_or_uninstrumented,53.50824,0.6167738,-0.2518384,-2.061109,1.8935490871028193,-0.2518384,-1.0212992142264286,1.674032e-09,e+,3,1,msc,gamma,gamma,conv,1,,,world,recorded energy-deposit sample; not a complete Geant4 step or boundary path
S3d_O8__gamma__Background_gamma_fullsphere20_batch0003_shard0032__ID3883,/home/ubuntu/TES_511_Balloon/runs/particle_source_unit_repair_20260811/s3d_o8/instant_gamma_batch0003_v1/shards/shard0032/attempt01/Background_gamma_fullsphere20_batch0003_shard0032.inc1.id1.sim.gz,3883,365572,16,Nb_MagShield_Inner_Cylinder_2mm,passive_or_uninstrumented,86.1214,0.6124055,-0.2523478,-2.052217,1.8841726390522515,-0.2523478,-1.018100475280375,1.67435e-09,e+,3,1,msc,gamma,gamma,conv,1,,,world,recorded energy-deposit sample; not a complete Geant4 step or boundary path
S3d_O8__gamma__Background_gamma_fullsphere20_batch0003_shard0032__ID3883,/home/ubuntu/TES_511_Balloon/runs/particle_source_unit_repair_20260811/s3d_o8/instant_gamma_batch0003_v1/shards/shard0032/attempt01/Background_gamma_fullsphere20_batch0003_shard0032.inc1.id1.sim.gz,3883,365573,17,Nb_MagShield_Inner_Cylinder_2mm,passive_or_uninstrumented,96.36539,0.6056557,-0.2535372,-2.04497,1.8742754068573395,-0.2535372,-1.017748901788769,1.674666e-09,e+,3,1,msc,gamma,gamma,conv,1,,,world,recorded energy-deposit sample; not a complete Geant4 step or boundary path
S3d_O8__gamma__Background_gamma_fullsphere20_batch0003_shard0032__ID3883,/home/ubuntu/TES_511_Balloon/runs/particle_source_unit_repair_20260811/s3d_o8/instant_gamma_batch0003_v1/shards/shard0032/attempt01/Background_gamma_fullsphere20_batch0003_shard0032.inc1.id1.sim.gz,3883,365574,18,Nb_MagShield_Inner_Cylinder_2mm,passive_or_uninstrumented,36.91765,0.6010529,-0.2502922,-2.036719,1.865186397713324,-0.2502922,-1.0151692348296442,1.674838e-09,e+,3,1,eIoni,gamma,gamma,conv,1,,,world,recorded energy-deposit sample; not a complete Geant4 step or boundary path
S3d_O8__gamma__Background_gamma_fullsphere20_batch0003_shard0032__ID3883,/home/ubuntu/TES_511_Balloon/runs/particle_source_unit_repair_20260811/s3d_o8/instant_gamma_batch0003_v1/shards/shard0032/attempt01/Background_gamma_fullsphere20_batch0003_shard0032.inc1.id1.sim.gz,3883,365575,19,Nb_MagShield_Inner_Cylinder_2mm,passive_or_uninstrumented,58.50735,0.5998044,-0.2518016,-2.031934,1.8609200689490348,-0.2518016,-1.0126685516979779,1.675039e-09,e+,3,1,msc,gamma,gamma,conv,1,,,world,recorded energy-deposit sample; not a complete Geant4 step or boundary path
S3d_O8__gamma__Background_gamma_fullsphere20_batch0003_shard0032__ID3883,/home/ubuntu/TES_511_Balloon/runs/particle_source_unit_repair_20260811/s3d_o8/instant_gamma_batch0003_v1/shards/shard0032/attempt01/Background_gamma_fullsphere20_batch0003_shard0032.inc1.id1.sim.gz,3883,365576,20,Nb_MagShield_Inner_Cylinder_2mm,passive_or_uninstrumented,3.194383,0.6008781,-0.2511548,-2.026211,1.8576325173912642,-0.2511548,-1.0078625590382873,1.675054e-09,e+,3,1,msc,gamma,gamma,conv,1,,,world,recorded energy-deposit sample; not a complete Geant4 step or boundary path
S3d_O8__gamma__Background_gamma_fullsphere20_batch0003_shard0032__ID3883,/home/ubuntu/TES_511_Balloon/runs/particle_source_unit_repair_20260811/s3d_o8/instant_gamma_batch0003_v1/shards/shard0032/attempt01/Background_gamma_fullsphere20_batch0003_shard0032.inc1.id1.sim.gz,3883,365577,21,Nb_MagShield_Inner_Cylinder_2mm,passive_or_uninstrumented,0.04327842,0.6009363,-0.2510885,-2.025776,1.857366079556113,-0.2510885,-1.0075138139738062,1.675055e-09,e+,3,1,msc,gamma,gamma,conv,1,,,world,recorded energy-deposit sample; not a complete Geant4 step or boundary path
S3d_O8__gamma__Background_gamma_fullsphere20_batch0003_shard0032__ID3883,/home/ubuntu/TES_511_Balloon/runs/particle_source_unit_repair_20260811/s3d_o8/instant_gamma_batch0003_v1/shards/shard0032/attempt01/Background_gamma_fullsphere20_batch0003_shard0032.inc1.id1.sim.gz,3883,365578,22,Nb_MagShield_Inner_Cylinder_2mm,passive_or_uninstrumented,7.903851e-05,0.6009366,-0.2510882,-2.025774,1.857364877474585,-0.2510882,-1.0075121876282094,1.675055e-09,e+,3,1,Transportation,gamma,gamma,conv,1,,,world,recorded energy-deposit sample; not a complete Geant4 step or boundary path
S3d_O8__gamma__Background_gamma_fullsphere20_batch0003_shard0032__ID3883,/home/ubuntu/TES_511_Balloon/runs/particle_source_unit_repair_20260811/s3d_o8/instant_gamma_batch0003_v1/shards/shard0032/attempt01/Background_gamma_fullsphere20_batch0003_shard0032.inc1.id1.sim.gz,3883,365579,23,MuMetal_MagShield_Outer_Cylinder_2mm,passive_or_uninstrumented,0.0126056,0.6098801,-0.245803,-1.963444,1.8196149213007693,-0.245803,-0.9571142124593099,1.677241e-09,e+,3,1,msc,gamma,gamma,conv,1,,,world,recorded energy-deposit sample; not a complete Geant4 step or boundary path
S3d_O8__gamma__Background_gamma_fullsphere20_batch0003_shard0032__ID3883,/home/ubuntu/TES_511_Balloon/runs/particle_source_unit_repair_20260811/s3d_o8/instant_gamma_batch0003_v1/shards/shard0032/attempt01/Background_gamma_fullsphere20_batch0003_shard0032.inc1.id1.sim.gz,3883,365580,24,MuMetal_MagShield_Outer_Cylinder_2mm,passive_or_uninstrumented,33.4379,0.6098805,-0.2458028,-1.963441,1.8196130828231385,-0.2458028,-0.9571118082962539,1.677389e-09,e+,3,1,msc,gamma,gamma,conv,1,,,world,recorded energy-deposit sample; not a complete Geant4 step or boundary path
S3d_O8__gamma__Background_gamma_fullsphere20_batch0003_shard0032__ID3883,/home/ubuntu/TES_511_Balloon/runs/particle_source_unit_repair_20260811/s3d_o8/instant_gamma_batch0003_v1/shards/shard0032/attempt01/Background_gamma_fullsphere20_batch0003_shard0032.inc1.id1.sim.gz,3883,365581,25,MuMetal_MagShield_Outer_Cylinder_2mm,passive_or_uninstrumented,42.20719,0.6108866,-0.2463793,-1.959195,1.817322127562772,-0.2463793,-0.9533980127707841,1.677548e-09,e+,3,1,msc,gamma,gamma,conv,1,,,world,recorded energy-deposit sample; not a complete Geant4 step or boundary path
S3d_O8__gamma__Background_gamma_fullsphere20_batch0003_shard0032__ID3883,/home/ubuntu/TES_511_Balloon/runs/particle_source_unit_repair_20260811/s3d_o8/instant_gamma_batch0003_v1/shards/shard0032/attempt01/Background_gamma_fullsphere20_batch0003_shard0032.inc1.id1.sim.gz,3883,365582,26,MuMetal_MagShield_Outer_Cylinder_2mm,passive_or_uninstrumented,45.08284,0.6132379,-0.2487192,-1.955656,1.8164822968387568,-0.2487192,-0.949232941697561,1.677707e-09,e+,3,1,msc,gamma,gamma,conv,1,,,world,recorded energy-deposit sample; not a complete Geant4 step or boundary path
S3d_O8__gamma__Background_gamma_fullsphere20_batch0003_shard0032__ID3883,/home/ubuntu/TES_511_Balloon/runs/particle_source_unit_repair_20260811/s3d_o8/instant_gamma_batch0003_v1/shards/shard0032/attempt01/Background_gamma_fullsphere20_batch0003_shard0032.inc1.id1.sim.gz,3883,365583,27,MuMetal_MagShield_Outer_Cylinder_2mm,passive_or_uninstrumented,37.8914,0.6165555,-0.250836,-1.952974,1.8169317339088789,-0.250836,-0.944990583853154,1.677865e-09,e+,3,1,msc,gamma,gamma,conv,1,,,world,recorded energy-deposit sample; not a complete Geant4 step or boundary path
S3d_O8__gamma__Background_gamma_fullsphere20_batch0003_shard0032__ID3883,/home/ubuntu/TES_511_Balloon/runs/particle_source_unit_repair_20260811/s3d_o8/instant_gamma_batch0003_v1/shards/shard0032/attempt01/Background_gamma_fullsphere20_batch0003_shard0032.inc1.id1.sim.gz,3883,365584,28,MuMetal_MagShield_Outer_Cylinder_2mm,passive_or_uninstrumented,37.18454,0.6208806,-0.2518387,-1.954483,1.8210570655809997,-0.2518387,-0.9429993004466547,1.678023e-09,e+,3,1,msc,gamma,gamma,conv,1,,,world,recorded energy-deposit sample; not a complete Geant4 step or boundary path
S3d_O8__gamma__Background_gamma_fullsphere20_batch0003_shard0032__ID3883,/home/ubuntu/TES_511_Balloon/runs/particle_source_unit_repair_20260811/s3d_o8/instant_gamma_batch0003_v1/shards/shard0032/attempt01/Background_gamma_fullsphere20_batch0003_shard0032.inc1.id1.sim.gz,3883,365585,29,MuMetal_MagShield_Outer_Cylinder_2mm,passive_or_uninstrumented,61.39499,0.6250616,-0.253503,-1.955769,1.8249228183537463,-0.253503,-0.9409522263151197,1.678182e-09,e+,3,1,msc,gamma,gamma,conv,1,,,world,recorded energy-deposit sample; not a complete Geant4 step or boundary path
S3d_O8__gamma__Background_gamma_fullsphere20_batch0003_shard0032__ID3883,/home/ubuntu/TES_511_Balloon/runs/particle_source_unit_repair_20260811/s3d_o8/instant_gamma_batch0003_v1/shards/shard0032/attempt01/Background_gamma_fullsphere20_batch0003_shard0032.inc1.id1.sim.gz,3883,365586,30,MuMetal_MagShield_Outer_Cylinder_2mm,passive_or_uninstrumented,13.60633,0.6287547,-0.2539614,-1.958503,1.8294674643471105,-0.2539614,-0.9402740402012837,1.678223e-09,e+,3,1,eIoni,gamma,gamma,conv,1,,,world,recorded energy-deposit sample; not a complete Geant4 step or boundary path
S3d_O8__gamma__Background_gamma_fullsphere20_batch0003_shard0032__ID3883,/home/ubuntu/TES_511_Balloon/runs/particle_source_unit_repair_20260811/s3d_o8/instant_gamma_batch0003_v1/shards/shard0032/attempt01/Background_gamma_fullsphere20_batch0003_shard0032.inc1.id1.sim.gz,3883,365587,31,MuMetal_MagShield_Outer_Cylinder_2mm,passive_or_uninstrumented,50.40038,0.6298143,-0.254024,-1.959033,1.8305914812864847,-0.254024,-0.9398995564499673,1.67838e-09,e+,3,1,msc,gamma,gamma,conv,1,,,world,recorded energy-deposit sample; not a complete Geant4 step or boundary path
S3d_O8__gamma__Background_gamma_fullsphere20_batch0003_shard0032__ID3883,/home/ubuntu/TES_511_Balloon/runs/particle_source_unit_repair_20260811/s3d_o8/instant_gamma_batch0003_v1/shards/shard0032/attempt01/Background_gamma_fullsphere20_batch0003_shard0032.inc1.id1.sim.gz,3883,365588,32,MuMetal_MagShield_Outer_Cylinder_2mm,passive_or_uninstrumented,45.11539,0.6340048,-0.2543274,-1.960537,1.8346181008519513,-0.2543274,-0.9379999140823095,1.678536e-09,e+,3,1,msc,gamma,gamma,conv,1,,,world,recorded energy-deposit sample; not a complete Geant4 step or boundary path
S3d_O8__gamma__Background_gamma_fullsphere20_batch0003_shard0032__ID3883,/home/ubuntu/TES_511_Balloon/runs/particle_source_unit_repair_20260811/s3d_o8/instant_gamma_batch0003_v1/shards/shard0032/attempt01/Background_gamma_fullsphere20_batch0003_shard0032.inc1.id1.sim.gz,3883,365589,33,MuMetal_MagShield_Outer_Cylinder_2mm,passive_or_uninstrumented,37.17921,0.6387713,-0.2542053,-1.960422,1.8379072080446406,-0.2542053,-0.9345481723299476,1.678692e-09,e+,3,1,msc,gamma,gamma,conv,1,,,world,recorded energy-deposit sample; not a complete Geant4 step or boundary path
S3d_O8__gamma__Background_gamma_fullsphere20_batch0003_shard0032__ID3883,/home/ubuntu/TES_511_Balloon/runs/particle_source_unit_repair_20260811/s3d_o8/instant_gamma_batch0003_v1/shards/shard0032/attempt01/Background_gamma_fullsphere20_batch0003_shard0032.inc1.id1.sim.gz,3883,365590,34,MuMetal_MagShield_Outer_Cylinder_2mm,passive_or_uninstrumented,43.07503,0.6427671,-0.2560392,-1.961556,1.8415345244107715,-0.2560392,-0.9325245741435477,1.678848e-09,e+,3,1,msc,gamma,gamma,conv,1,,,world,recorded energy-deposit sample; not a complete Geant4 step or boundary path
S3d_O8__gamma__Background_gamma_fullsphere20_batch0003_shard0032__ID3883,/home/ubuntu/TES_511_Balloon/runs/particle_source_unit_repair_20260811/s3d_o8/instant_gamma_batch0003_v1/shards/shard0032/attempt01/Background_gamma_fullsphere20_batch0003_shard0032.inc1.id1.sim.gz,3883,365591,35,MuMetal_MagShield_Outer_Cylinder_2mm,passive_or_uninstrumented,48.1542,0.6445935,-0.2600241,-1.962142,1.8432403488097058,-0.2600241,-0.9316474788921639,1.679003e-09,e+,3,1,msc,gamma,gamma,conv,1,,,world,recorded energy-deposit sample; not a complete Geant4 step or boundary path
S3d_O8__gamma__Background_gamma_fullsphere20_batch0003_shard0032__ID3883,/home/ubuntu/TES_511_Balloon/runs/particle_source_unit_repair_20260811/s3d_o8/instant_gamma_batch0003_v1/shards/shard0032/attempt01/Background_gamma_fullsphere20_batch0003_shard0032.inc1.id1.sim.gz,3883,365592,36,MuMetal_MagShield_Outer_Cylinder_2mm,passive_or_uninstrumented,68.02716,0.647963,-0.2628237,-1.960873,1.844725626603588,-0.2628237,-0.9283675640876302,1.679157e-09,e+,3,1,msc,gamma,gamma,conv,1,,,world,recorded energy-deposit sample; not a complete Geant4 step or boundary path
S3d_O8__gamma__Background_gamma_fullsphere20_batch0003_shard0032__ID3883,/home/ubuntu/TES_511_Balloon/runs/particle_source_unit_repair_20260811/s3d_o8/instant_gamma_batch0003_v1/shards/shard0032/attempt01/Background_gamma_fullsphere20_batch0003_shard0032.inc1.id1.sim.gz,3883,365593,37,MuMetal_MagShield_Outer_Cylinder_2mm,passive_or_uninstrumented,49.15756,0.6487093,-0.2673928,-1.961496,1.8456938679190669,-0.2673928,-0.9282803778215097,1.67931e-09,e+,3,1,msc,gamma,gamma,conv,1,,,world,recorded energy-deposit sample; not a complete Geant4 step or boundary path
S3d_O8__gamma__Background_gamma_fullsphere20_batch0003_shard0032__ID3883,/home/ubuntu/TES_511_Balloon/runs/particle_source_unit_repair_20260811/s3d_o8/instant_gamma_batch0003_v1/shards/shard0032/attempt01/Background_gamma_fullsphere20_batch0003_shard0032.inc1.id1.sim.gz,3883,365594,38,MuMetal_MagShield_Outer_Cylinder_2mm,passive_or_uninstrumented,37.416,0.6475011,-0.2716426,-1.963001,1.845903737211723,-0.2716426,-0.9301988999402251,1.679462e-09,e+,3,1,msc,gamma,gamma,conv,1,,,world,recorded energy-deposit sample; not a complete Geant4 step or boundary path
S3d_O8__gamma__Background_gamma_fullsphere20_batch0003_shard0032__ID3883,/home/ubuntu/TES_511_Balloon/runs/particle_source_unit_repair_20260811/s3d_o8/instant_gamma_batch0003_v1/shards/shard0032/attempt01/Background_gamma_fullsphere20_batch0003_shard0032.inc1.id1.sim.gz,3883,365595,39,MuMetal_MagShield_Outer_Cylinder_2mm,passive_or_uninstrumented,78.47872,0.6450632,-0.2738269,-1.966017,1.8463125156419269,-0.2738269,-0.9340553896141384,1.679613e-09,e+,3,1,msc,gamma,gamma,conv,1,,,world,recorded energy-deposit sample; not a complete Geant4 step or boundary path
S3d_O8__gamma__Background_gamma_fullsphere20_batch0003_shard0032__ID3883,/home/ubuntu/TES_511_Balloon/runs/particle_source_unit_repair_20260811/s3d_o8/instant_gamma_batch0003_v1/shards/shard0032/attempt01/Background_gamma_fullsphere20_batch0003_shard0032.inc1.id1.sim.gz,3883,365596,40,MuMetal_MagShield_Outer_Cylinder_2mm,passive_or_uninstrumented,50.40603,0.642892,-0.2737652,-1.970192,1.8477294162100684,-0.2737652,-0.9385428306689045,1.679762e-09,e+,3,1,msc,gamma,gamma,conv,1,,,world,recorded energy-deposit sample; not a complete Geant4 step or boundary path
S3d_O8__gamma__Background_gamma_fullsphere20_batch0003_shard0032__ID3883,/home/ubuntu/TES_511_Balloon/runs/particle_source_unit_repair_20260811/s3d_o8/instant_gamma_batch0003_v1/shards/shard0032/attempt01/Background_gamma_fullsphere20_batch0003_shard0032.inc1.id1.sim.gz,3883,365597,41,MuMetal_MagShield_Outer_Cylinder_2mm,passive_or_uninstrumented,69.52323,0.6382541,-0.2743709,-1.970767,1.8448565120687856,-0.2743709,-0.9422289076085518,1.679908e-09,e+,3,1,msc,gamma,gamma,conv,1,,,world,recorded energy-deposit sample; not a complete Geant4 step or boundary path
S3d_O8__gamma__Background_gamma_fullsphere20_batch0003_shard0032__ID3883,/home/ubuntu/TES_511_Balloon/runs/particle_source_unit_repair_20260811/s3d_o8/instant_gamma_batch0003_v1/shards/shard0032/attempt01/Background_gamma_fullsphere20_batch0003_shard0032.inc1.id1.sim.gz,3883,365598,42,MuMetal_MagShield_Outer_Cylinder_2mm,passive_or_uninstrumented,41.28407,0.6423118,-0.2736906,-1.968871,1.8463850647976765,-0.2736906,-0.9380190059654017,1.68005e-09,e+,3,1,msc,gamma,gamma,conv,1,,,world,recorded energy-deposit sample; not a complete Geant4 step or boundary path
S3d_O8__gamma__Background_gamma_fullsphere20_batch0003_shard0032__ID3883,/home/ubuntu/TES_511_Balloon/runs/particle_source_unit_repair_20260811/s3d_o8/instant_gamma_batch0003_v1/shards/shard0032/attempt01/Background_gamma_fullsphere20_batch0003_shard0032.inc1.id1.sim.gz,3883,365599,43,MuMetal_MagShield_Outer_Cylinder_2mm,passive_or_uninstrumented,214.6921,0.6446178,-0.2739919,-1.965522,1.845647552424899,-0.2739919,-0.9340203171177917,1.680281e-09,e+,3,1,eIoni,gamma,gamma,conv,1,,,world,recorded energy-deposit sample; not a complete Geant4 step or boundary path
S3d_O8__gamma__Background_gamma_fullsphere20_batch0003_shard0032__ID3883,/home/ubuntu/TES_511_Balloon/runs/particle_source_unit_repair_20260811/s3d_o8/instant_gamma_batch0003_v1/shards/shard0032/attempt01/Background_gamma_fullsphere20_batch0003_shard0032.inc1.id1.sim.gz,3883,365600,44,MuMetal_MagShield_Outer_Cylinder_2mm,passive_or_uninstrumented,231.5324,0.6481986,-0.2743419,-1.960836,1.8448660580103318,-0.2743419,-0.9281748067790788,1.680382e-09,e+,3,1,eIoni,gamma,gamma,conv,1,,,world,recorded energy-deposit sample; not a complete Geant4 step or boundary path
S3d_O8__gamma__Background_gamma_fullsphere20_batch0003_shard0032__ID3883,/home/ubuntu/TES_511_Balloon/runs/particle_source_unit_repair_20260811/s3d_o8/instant_gamma_batch0003_v1/shards/shard0032/attempt01/Background_gamma_fullsphere20_batch0003_shard0032.inc1.id1.sim.gz,3883,365601,45,MuMetal_MagShield_Outer_Cylinder_2mm,passive_or_uninstrumented,15.13242,0.6477852,-0.273973,-1.958668,1.8430407325653766,-0.273973,-0.9269341172208089,1.680385e-09,e+,3,1,eIoni,gamma,gamma,conv,1,,,world,recorded energy-deposit sample; not a complete Geant4 step or boundary path
S3d_O8__gamma__Background_gamma_fullsphere20_batch0003_shard0032__ID3883,/home/ubuntu/TES_511_Balloon/runs/particle_source_unit_repair_20260811/s3d_o8/instant_gamma_batch0003_v1/shards/shard0032/attempt01/Background_gamma_fullsphere20_batch0003_shard0032.inc1.id1.sim.gz,3883,365602,46,MuMetal_MagShield_Outer_Cylinder_2mm,passive_or_uninstrumented,63.41714,0.6298143,-0.254024,-1.959033,1.8305914812864847,-0.254024,-0.9398995564499673,1.678238e-09,e-,9,3,eIoni,gamma,e+,eIoni,1,,,world,recorded energy-deposit sample; not a complete Geant4 step or boundary path
S3d_O8__gamma__Background_gamma_fullsphere20_batch0003_shard0032__ID3883,/home/ubuntu/TES_511_Balloon/runs/particle_source_unit_repair_20260811/s3d_o8/instant_gamma_batch0003_v1/shards/shard0032/attempt01/Background_gamma_fullsphere20_batch0003_shard0032.inc1.id1.sim.gz,3883,365603,47,Nb_MagShield_Inner_Cylinder_2mm,passive_or_uninstrumented,56.73883,0.5998044,-0.2518016,-2.031934,1.8609200689490348,-0.2518016,-1.0126685516979779,1.674881e-09,e-,8,3,eIoni,gamma,e+,eIoni,1,,,world,recorded energy-deposit sample; not a complete Geant4 step or boundary path
S3d_O8__gamma__Background_gamma_fullsphere20_batch0003_shard0032__ID3883,/home/ubuntu/TES_511_Balloon/runs/particle_source_unit_repair_20260811/s3d_o8/instant_gamma_batch0003_v1/shards/shard0032/attempt01/Background_gamma_fullsphere20_batch0003_shard0032.inc1.id1.sim.gz,3883,365604,48,Nb_MagShield_Inner_Cylinder_2mm,passive_or_uninstrumented,111.6146,0.6005878,-0.2514489,-2.031811,1.8613870422673302,-0.2514489,-1.0120276301115103,1.674907e-09,e-,8,3,eIoni,gamma,e+,eIoni,1,,,world,recorded energy-deposit sample; not a complete Geant4 step or boundary path
S3d_O8__gamma__Background_gamma_fullsphere20_batch0003_shard0032__ID3883,/home/ubuntu/TES_511_Balloon/runs/particle_source_unit_repair_20260811/s3d_o8/instant_gamma_batch0003_v1/shards/shard0032/attempt01/Background_gamma_fullsphere20_batch0003_shard0032.inc1.id1.sim.gz,3883,365605,49,Nb_MagShield_Inner_Cylinder_2mm,passive_or_uninstrumented,2.649208,0.5968484,-0.2543378,-2.105441,1.9108071594685268,-0.2543378,-1.0667360575078448,1.671953e-09,e-,7,4,eIoni,gamma,gamma,phot,1,,,world,recorded energy-deposit sample; not a complete Geant4 step or boundary path
S3d_O8__gamma__Background_gamma_fullsphere20_batch0003_shard0032__ID3883,/home/ubuntu/TES_511_Balloon/runs/particle_source_unit_repair_20260811/s3d_o8/instant_gamma_batch0003_v1/shards/shard0032/attempt01/Background_gamma_fullsphere20_batch0003_shard0032.inc1.id1.sim.gz,3883,365606,50,DR_MXC_Sinter_HEX_AgProxy,passive_or_uninstrumented,0.37655,2.102665,-0.809584,-1.536979,2.573616953504931,-0.809584,0.4000004066222933,1.735682e-09,gamma,11,3,compt,gamma,e+,annihil,1,,,world,recorded energy-deposit sample; not a complete Geant4 step or boundary path
S3d_O8__gamma__Background_gamma_fullsphere20_batch0003_shard0032__ID3883,/home/ubuntu/TES_511_Balloon/runs/particle_source_unit_repair_20260811/s3d_o8/instant_gamma_batch0003_v1/shards/shard0032/attempt01/Background_gamma_fullsphere20_batch0003_shard0032.inc1.id1.sim.gz,3883,365607,51,ColdPlate_MXC_50mK_SD_anchor,passive_or_uninstrumented,0.00711,2.114108,-1.253076,-1.689843,2.6897995474013485,-1.253076,0.30000065852011054,1.754973e-09,gamma,11,3,compt,gamma,e+,annihil,1,,,world,recorded energy-deposit sample; not a complete Geant4 step or boundary path
S3d_O8__gamma__Background_gamma_fullsphere20_batch0003_shard0032__ID3883,/home/ubuntu/TES_511_Balloon/runs/particle_source_unit_repair_20260811/s3d_o8/instant_gamma_batch0003_v1/shards/shard0032/attempt01/Background_gamma_fullsphere20_batch0003_shard0032.inc1.id1.sim.gz,3883,365608,52,ColdPlate_MXC_50mK_SD_anchor,passive_or_uninstrumented,0.95853,2.105061,-1.36389,-1.733048,2.713952900833119,-1.36389,0.26305291498955125,1.761411e-09,gamma,11,3,compt,gamma,e+,annihil,1,,,world,recorded energy-deposit sample; not a complete Geant4 step or boundary path
S3d_O8__gamma__Background_gamma_fullsphere20_batch0003_shard0032__ID3883,/home/ubuntu/TES_511_Balloon/runs/particle_source_unit_repair_20260811/s3d_o8/instant_gamma_batch0003_v1/shards/shard0032/attempt01/Background_gamma_fullsphere20_batch0003_shard0032.inc1.id1.sim.gz,3883,365609,53,ColdPlate_MXC_50mK_SD_anchor,passive_or_uninstrumented,0.0098,2.20847,-1.51703,-1.788809,2.826503087194582,-1.51703,0.2967451388995278,1.764851e-09,gamma,11,3,compt,gamma,e+,annihil,1,,,world,recorded energy-deposit sample; not a complete Geant4 step or boundary path
S3d_O8__gamma__Background_gamma_fullsphere20_batch0003_shard0032__ID3883,/home/ubuntu/TES_511_Balloon/runs/particle_source_unit_repair_20260811/s3d_o8/instant_gamma_batch0003_v1/shards/shard0032/attempt01/Background_gamma_fullsphere20_batch0003_shard0032.inc1.id1.sim.gz,3883,365610,54,ColdPlate_MXC_50mK_SD_anchor,passive_or_uninstrumented,0.95853,2.133445,-1.583561,-1.812855,2.7904554905964725,-1.583561,0.22669136298059522,1.786299e-09,gamma,11,3,compt,gamma,e+,annihil,1,,,world,recorded energy-deposit sample; not a complete Geant4 step or boundary path
S3d_O8__gamma__Background_gamma_fullsphere20_batch0003_shard0032__ID3883,/home/ubuntu/TES_511_Balloon/runs/particle_source_unit_repair_20260811/s3d_o8/instant_gamma_batch0003_v1/shards/shard0032/attempt01/Background_gamma_fullsphere20_batch0003_shard0032.inc1.id1.sim.gz,3883,365611,55,MuMetal_MagShield_Outer_Cylinder_2mm,passive_or_uninstrumented,0.88498,1.217412,0.07467841,-2.278958,2.4723069365372092,0.07467841,-0.7506263751414547,1.834153e-09,gamma,11,3,compt,gamma,e+,annihil,1,,,world,recorded energy-deposit sample; not a complete Geant4 step or boundary path
S3d_O8__gamma__Background_gamma_fullsphere20_batch0003_shard0032__ID3883,/home/ubuntu/TES_511_Balloon/runs/particle_source_unit_repair_20260811/s3d_o8/instant_gamma_batch0003_v1/shards/shard0032/attempt01/Background_gamma_fullsphere20_batch0003_shard0032.inc1.id1.sim.gz,3883,365612,56,MuMetal_MagShield_Outer_Cylinder_2mm,passive_or_uninstrumented,8.3028,1.212117,0.09261458,-2.282912,2.471358706343638,0.09261458,-0.7571664057606492,1.836159e-09,gamma,11,3,phot,gamma,e+,annihil,1,,,world,recorded energy-deposit sample; not a complete Geant4 step or boundary path
S3d_O8__gamma__Background_gamma_fullsphere20_batch0003_shard0032__ID3883,/home/ubuntu/TES_511_Balloon/runs/particle_source_unit_repair_20260811/s3d_o8/instant_gamma_batch0003_v1/shards/shard0032/attempt01/Background_gamma_fullsphere20_batch0003_shard0032.inc1.id1.sim.gz,3883,365613,57,DR_MXC_Sinter_HEX_AgProxy,passive_or_uninstrumented,3.35,2.248014,-1.363313,-1.682328,2.779171480582298,-1.363313,0.4000004066222933,1.767808e-09,gamma,15,11,phot,gamma,gamma,compt,1,,,world,recorded energy-deposit sample; not a complete Geant4 step or boundary path
S3d_O8__gamma__Background_gamma_fullsphere20_batch0003_shard0032__ID3883,/home/ubuntu/TES_511_Balloon/runs/particle_source_unit_repair_20260811/s3d_o8/instant_gamma_batch0003_v1/shards/shard0032/attempt01/Background_gamma_fullsphere20_batch0003_shard0032.inc1.id1.sim.gz,3883,365614,58,TP_L2_00361,tes,9.8792,-3.918553,1.407024,-3.282157,-0.4499999271199941,1.407024,-5.0916708703577855,1.849285e-09,gamma,10,3,phot,gamma,e+,annihil,1,TP_L2_00361,2,world,recorded energy-deposit sample; not a complete Geant4 step or boundary path
S3d_O8__gamma__Background_gamma_fullsphere20_batch0003_shard0032__ID3883,/home/ubuntu/TES_511_Balloon/runs/particle_source_unit_repair_20260811/s3d_o8/instant_gamma_batch0003_v1/shards/shard0032/attempt01/Background_gamma_fullsphere20_batch0003_shard0032.inc1.id1.sim.gz,3883,365615,59,TP_L2_00361,tes,0.39736,-3.937378,1.413954,-3.287613,-0.45945323767767704,1.413954,-5.108840130111775,1.849297e-09,gamma,22,10,phot,gamma,gamma,phot,1,TP_L2_00361,2,world,recorded energy-deposit sample; not a complete Geant4 step or boundary path
S3d_O8__gamma__Background_gamma_fullsphere20_batch0003_shard0032__ID3883,/home/ubuntu/TES_511_Balloon/runs/particle_source_unit_repair_20260811/s3d_o8/instant_gamma_batch0003_v1/shards/shard0032/attempt01/Background_gamma_fullsphere20_batch0003_shard0032.inc1.id1.sim.gz,3883,365616,60,TP_L2_00361,tes,57.28844,-3.937117,1.414046,-3.287824,-0.4591194832769571,1.414046,-5.108804774772716,1.849301e-09,e-,23,22,eIoni,gamma,gamma,phot,1,TP_L2_00361,2,world,recorded energy-deposit sample; not a complete Geant4 step or boundary path
S3d_O8__gamma__Background_gamma_fullsphere20_batch0003_shard0032__ID3883,/home/ubuntu/TES_511_Balloon/runs/particle_source_unit_repair_20260811/s3d_o8/instant_gamma_batch0003_v1/shards/shard0032/attempt01/Background_gamma_fullsphere20_batch0003_shard0032.inc1.id1.sim.gz,3883,365617,61,TP_L2_00361,tes,66.54527,-3.937378,1.413954,-3.287613,-0.45945323767767704,1.413954,-5.108840130111775,1.849334e-09,e-,21,10,eBrem,gamma,gamma,phot,1,TP_L2_00361,2,world,recorded energy-deposit sample; not a complete Geant4 step or boundary path
S3d_O8__gamma__Background_gamma_fullsphere20_batch0003_shard0032__ID3883,/home/ubuntu/TES_511_Balloon/runs/particle_source_unit_repair_20260811/s3d_o8/instant_gamma_batch0003_v1/shards/shard0032/attempt01/Background_gamma_fullsphere20_batch0003_shard0032.inc1.id1.sim.gz,3883,365618,62,TP_L2_00361,tes,270.2889,-3.938259,1.414696,-3.288028,-0.45978274943770986,1.414696,-5.109756540500193,1.849373e-09,e-,21,10,eIoni,gamma,gamma,phot,1,TP_L2_00361,2,world,recorded energy-deposit sample; not a complete Geant4 step or boundary path
S3d_O8__gamma__Background_gamma_fullsphere20_batch0003_shard0032__ID3883,/home/ubuntu/TES_511_Balloon/runs/particle_source_unit_repair_20260811/s3d_o8/instant_gamma_batch0003_v1/shards/shard0032/attempt01/Background_gamma_fullsphere20_batch0003_shard0032.inc1.id1.sim.gz,3883,365619,63,TP_L2_00361,tes,92.7779,-3.938965,1.414846,-3.288677,-0.4598230545242378,1.414846,-5.110714670188701,1.849381e-09,e-,21,10,eIoni,gamma,gamma,phot,1,TP_L2_00361,2,world,recorded energy-deposit sample; not a complete Geant4 step or boundary path
S3d_O8__gamma__Background_gamma_fullsphere20_batch0003_shard0032__ID3883,/home/ubuntu/TES_511_Balloon/runs/particle_source_unit_repair_20260811/s3d_o8/instant_gamma_batch0003_v1/shards/shard0032/attempt01/Background_gamma_fullsphere20_batch0003_shard0032.inc1.id1.sim.gz,3883,365620,64,DR_MXC_Sinter_HEX_AgProxy,passive_or_uninstrumented,4.63467,2.248146,-1.362799,-1.681972,2.779013088663312,-1.362799,0.4003454747315125,1.767809e-09,e-,20,15,eIoni,gamma,gamma,phot,1,,,world,recorded energy-deposit sample; not a complete Geant4 step or boundary path
S3d_O8__gamma__Background_gamma_fullsphere20_batch0003_shard0032__ID3883,/home/ubuntu/TES_511_Balloon/runs/particle_source_unit_repair_20260811/s3d_o8/instant_gamma_batch0003_v1/shards/shard0032/attempt01/Background_gamma_fullsphere20_batch0003_shard0032.inc1.id1.sim.gz,3883,365621,65,MuMetal_MagShield_Outer_Cylinder_2mm,passive_or_uninstrumented,93.63623,1.196227,0.05598055,-2.327861,2.491906522298138,0.05598055,-0.8001860752212576,1.836184e-09,e-,19,11,eIoni,gamma,gamma,phot,1,,,world,recorded energy-deposit sample; not a complete Geant4 step or boundary path
S3d_O8__gamma__Background_gamma_fullsphere20_batch0003_shard0032__ID3883,/home/ubuntu/TES_511_Balloon/runs/particle_source_unit_repair_20260811/s3d_o8/instant_gamma_batch0003_v1/shards/shard0032/attempt01/Background_gamma_fullsphere20_batch0003_shard0032.inc1.id1.sim.gz,3883,365622,66,MuMetal_MagShield_Outer_Cylinder_2mm,passive_or_uninstrumented,49.49531,1.212117,0.09261458,-2.282912,2.471358706343638,0.09261458,-0.7571664057606492,1.834165e-09,e-,18,11,eIoni,gamma,gamma,compt,1,,,world,recorded energy-deposit sample; not a complete Geant4 step or boundary path
S3d_O8__gamma__Background_gamma_fullsphere20_batch0003_shard0032__ID3883,/home/ubuntu/TES_511_Balloon/runs/particle_source_unit_repair_20260811/s3d_o8/instant_gamma_batch0003_v1/shards/shard0032/attempt01/Background_gamma_fullsphere20_batch0003_shard0032.inc1.id1.sim.gz,3883,365623,67,ColdPlate_MXC_50mK_SD_anchor,passive_or_uninstrumented,12.0203,1.609498,-1.253558,-1.986148,2.5425056693462853,-1.253558,-0.2663317691339131,1.786301e-09,e-,17,11,eIoni,gamma,gamma,compt,1,,,world,recorded energy-deposit sample; not a complete Geant4 step or boundary path
S3d_O8__gamma__Background_gamma_fullsphere20_batch0003_shard0032__ID3883,/home/ubuntu/TES_511_Balloon/runs/particle_source_unit_repair_20260811/s3d_o8/instant_gamma_batch0003_v1/shards/shard0032/attempt01/Background_gamma_fullsphere20_batch0003_shard0032.inc1.id1.sim.gz,3883,365624,68,ColdPlate_MXC_50mK_SD_anchor,passive_or_uninstrumented,39.42373,2.133445,-1.583561,-1.812855,2.7904554905964725,-1.583561,0.22669136298059522,1.764861e-09,e-,16,11,eIoni,gamma,gamma,compt,1,,,world,recorded energy-deposit sample; not a complete Geant4 step or boundary path
S3d_O8__gamma__Background_gamma_fullsphere20_batch0003_shard0032__ID3883,/home/ubuntu/TES_511_Balloon/runs/particle_source_unit_repair_20260811/s3d_o8/instant_gamma_batch0003_v1/shards/shard0032/attempt01/Background_gamma_fullsphere20_batch0003_shard0032.inc1.id1.sim.gz,3883,365625,69,ColdPlate_MXC_50mK_SD_anchor,passive_or_uninstrumented,10.35075,2.20847,-1.51703,-1.788809,2.826503087194582,-1.51703,0.2967451388995278,1.761413e-09,e-,14,11,eIoni,gamma,gamma,compt,1,,,world,recorded energy-deposit sample; not a complete Geant4 step or boundary path
S3d_O8__gamma__Background_gamma_fullsphere20_batch0003_shard0032__ID3883,/home/ubuntu/TES_511_Balloon/runs/particle_source_unit_repair_20260811/s3d_o8/instant_gamma_batch0003_v1/shards/shard0032/attempt01/Background_gamma_fullsphere20_batch0003_shard0032.inc1.id1.sim.gz,3883,365626,70,ColdPlate_MXC_50mK_SD_anchor,passive_or_uninstrumented,23.12277,2.105061,-1.36389,-1.733048,2.713952900833119,-1.36389,0.26305291498955125,1.754977e-09,e-,13,11,eIoni,gamma,gamma,compt,1,,,world,recorded energy-deposit sample; not a complete Geant4 step or boundary path
S3d_O8__gamma__Background_gamma_fullsphere20_batch0003_shard0032__ID3883,/home/ubuntu/TES_511_Balloon/runs/particle_source_unit_repair_20260811/s3d_o8/instant_gamma_batch0003_v1/shards/shard0032/attempt01/Background_gamma_fullsphere20_batch0003_shard0032.inc1.id1.sim.gz,3883,365627,71,DR_MXC_Sinter_HEX_AgProxy,passive_or_uninstrumented,8.730263,2.148921,-0.8266127,-1.523572,2.596844704160128,-0.8266127,0.44218851850822644,1.735731e-09,e-,12,11,eIoni,gamma,gamma,compt,1,,,world,recorded energy-deposit sample; not a complete Geant4 step or boundary path
S3d_O8__gamma__Background_gamma_fullsphere20_batch0003_shard0032__ID3883,/home/ubuntu/TES_511_Balloon/runs/particle_source_unit_repair_20260811/s3d_o8/instant_gamma_batch0003_v1/shards/shard0032/attempt01/Background_gamma_fullsphere20_batch0003_shard0032.inc1.id1.sim.gz,3883,365628,72,DR_MXC_Sinter_HEX_AgProxy,passive_or_uninstrumented,128.3251,2.149908,-0.8264762,-1.523108,2.597214521006688,-0.8264762,0.443214530447728,1.73578e-09,e-,12,11,eIoni,gamma,gamma,compt,1,,,world,recorded energy-deposit sample; not a complete Geant4 step or boundary path
S3d_O8__gamma__Background_gamma_fullsphere20_batch0003_shard0032__ID3883,/home/ubuntu/TES_511_Balloon/runs/particle_source_unit_repair_20260811/s3d_o8/instant_gamma_batch0003_v1/shards/shard0032/attempt01/Background_gamma_fullsphere20_batch0003_shard0032.inc1.id1.sim.gz,3883,365629,73,DR_MXC_Sinter_HEX_AgProxy,passive_or_uninstrumented,118.4057,2.149908,-0.8264762,-1.523108,2.597214521006688,-0.8264762,0.443214530447728,1.735775e-09,e-,26,12,eIoni,gamma,e-,eIoni,1,,,world,recorded energy-deposit sample; not a complete Geant4 step or boundary path
S3d_O8__gamma__Background_gamma_fullsphere20_batch0003_shard0032__ID3883,/home/ubuntu/TES_511_Balloon/runs/particle_source_unit_repair_20260811/s3d_o8/instant_gamma_batch0003_v1/shards/shard0032/attempt01/Background_gamma_fullsphere20_batch0003_shard0032.inc1.id1.sim.gz,3883,365630,74,ColdPlate_MXC_50mK_SD_anchor,passive_or_uninstrumented,0.93749,2.13344,-1.583617,-1.812856,2.790452662169348,-1.583617,0.22668712033990798,1.764881e-09,gamma,25,16,phot,gamma,e-,eIoni,1,,,world,recorded energy-deposit sample; not a complete Geant4 step or boundary path
S3d_O8__gamma__Background_gamma_fullsphere20_batch0003_shard0032__ID3883,/home/ubuntu/TES_511_Balloon/runs/particle_source_unit_repair_20260811/s3d_o8/instant_gamma_batch0003_v1/shards/shard0032/attempt01/Background_gamma_fullsphere20_batch0003_shard0032.inc1.id1.sim.gz,3883,365631,75,TP_L2_00361,tes,1.7416,-3.938259,1.414696,-3.288028,-0.45978274943770986,1.414696,-5.109756540500193,1.849342e-09,gamma,24,21,phot,gamma,e-,eBrem,1,TP_L2_00361,2,world,recorded energy-deposit sample; not a complete Geant4 step or boundary path
S3d_O8__gamma__Background_gamma_fullsphere20_batch0003_shard0032__ID3883,/home/ubuntu/TES_511_Balloon/runs/particle_source_unit_repair_20260811/s3d_o8/instant_gamma_batch0003_v1/shards/shard0032/attempt01/Background_gamma_fullsphere20_batch0003_shard0032.inc1.id1.sim.gz,3883,365632,76,TP_L2_00361,tes,1.7416,-3.938397,1.414692,-3.28823,-0.4597374946037142,1.414692,-5.109996956805797,1.849351e-09,gamma,29,24,phot,gamma,gamma,phot,1,TP_L2_00361,2,world,recorded energy-deposit sample; not a complete Geant4 step or boundary path
S3d_O8__gamma__Background_gamma_fullsphere20_batch0003_shard0032__ID3883,/home/ubuntu/TES_511_Balloon/runs/particle_source_unit_repair_20260811/s3d_o8/instant_gamma_batch0003_v1/shards/shard0032/attempt01/Background_gamma_fullsphere20_batch0003_shard0032.inc1.id1.sim.gz,3883,365633,77,TP_L2_00361,tes,6.396,-3.938411,1.414839,-3.288008,-0.459904371804074,1.414839,-5.10984987859531,1.849351e-09,e-,30,29,eIoni,gamma,gamma,phot,1,TP_L2_00361,2,world,recorded energy-deposit sample; not a complete Geant4 step or boundary path
S3d_O8__gamma__Background_gamma_fullsphere20_batch0003_shard0032__ID3883,/home/ubuntu/TES_511_Balloon/runs/particle_source_unit_repair_20260811/s3d_o8/instant_gamma_batch0003_v1/shards/shard0032/attempt01/Background_gamma_fullsphere20_batch0003_shard0032.inc1.id1.sim.gz,3883,365634,78,TP_L2_00361,tes,3.942639,-3.938397,1.414692,-3.28823,-0.4597374946037142,1.414692,-5.109996956805797,1.849342e-09,e-,28,24,eIoni,gamma,gamma,phot,1,TP_L2_00361,2,world,recorded energy-deposit sample; not a complete Geant4 step or boundary path
S3d_O8__gamma__Background_gamma_fullsphere20_batch0003_shard0032__ID3883,/home/ubuntu/TES_511_Balloon/runs/particle_source_unit_repair_20260811/s3d_o8/instant_gamma_batch0003_v1/shards/shard0032/attempt01/Background_gamma_fullsphere20_batch0003_shard0032.inc1.id1.sim.gz,3883,365635,79,ColdPlate_MXC_50mK_SD_anchor,passive_or_uninstrumented,7.06822,2.133596,-1.583096,-1.812314,2.79017971895181,-1.583096,0.22718068087317628,1.764882e-09,e-,27,25,eIoni,gamma,gamma,phot,1,,,world,recorded energy-deposit sample; not a complete Geant4 step or boundary path
S3d_O8__gamma__s10_gamma_instant_S3d_O8_shard0014__ID19932,/home/ubuntu/TES_511_Balloon/runs/particle_source_unit_repair_20260811/m05_16h_90gb_campaign_batch0006_v1/stage10_seven_family/S3d_O8/instant/gamma/shard0014/attempt01/s10_gamma_instant_S3d_O8_shard0014.inc1.id1.sim.gz,19932,1616324,1,DR_MixingChamber_Cu,passive_or_uninstrumented,54.90885,-0.2353897,0.875935,2.321661,-1.8081078898078082,0.875935,1.4752165836248745,2.168912e-09,e-,2,1,eIoni,gamma,gamma,conv,1,,,world,recorded energy-deposit sample; not a complete Geant4 step or boundary path
S3d_O8__gamma__s10_gamma_instant_S3d_O8_shard0014__ID19932,/home/ubuntu/TES_511_Balloon/runs/particle_source_unit_repair_20260811/m05_16h_90gb_campaign_batch0006_v1/stage10_seven_family/S3d_O8/instant/gamma/shard0014/attempt01/s10_gamma_instant_S3d_O8_shard0014.inc1.id1.sim.gz,19932,1616325,2,DR_MixingChamber_Cu,passive_or_uninstrumented,88.63899,-0.2410043,0.8771363,2.320638,-1.8113546413043047,0.8771363,1.4705230916540704,2.169294e-09,e-,2,1,eBrem,gamma,gamma,conv,1,,,world,recorded energy-deposit sample; not a complete Geant4 step or boundary path
S3d_O8__gamma__s10_gamma_instant_S3d_O8_shard0014__ID19932,/home/ubuntu/TES_511_Balloon/runs/particle_source_unit_repair_20260811/m05_16h_90gb_campaign_batch0006_v1/stage10_seven_family/S3d_O8/instant/gamma/shard0014/attempt01/s10_gamma_instant_S3d_O8_shard0014.inc1.id1.sim.gz,19932,1616326,3,DR_MixingChamber_Cu,passive_or_uninstrumented,136.0271,-0.2519997,0.8790053,2.317517,-1.8169226829420797,0.8790053,1.4605412894881287,2.169721e-09,e-,2,1,eIoni,gamma,gamma,conv,1,,,world,recorded energy-deposit sample; not a complete Geant4 step or boundary path
S3d_O8__gamma__s10_gamma_instant_S3d_O8_shard0014__ID19932,/home/ubuntu/TES_511_Balloon/runs/particle_source_unit_repair_20260811/m05_16h_90gb_campaign_batch0006_v1/stage10_seven_family/S3d_O8/instant/gamma/shard0014/attempt01/s10_gamma_instant_S3d_O8_shard0014.inc1.id1.sim.gz,19932,1616327,4,DR_MixingChamber_Cu,passive_or_uninstrumented,153.9429,-0.263605,0.8837799,2.314004,-1.8226448031474758,0.8837799,1.449851037038116,2.170136e-09,e-,2,1,msc,gamma,gamma,conv,1,,,world,recorded energy-deposit sample; not a complete Geant4 step or boundary path
S3d_O8__gamma__s10_gamma_instant_S3d_O8_shard0014__ID19932,/home/ubuntu/TES_511_Balloon/runs/particle_source_unit_repair_20260811/m05_16h_90gb_campaign_batch0006_v1/stage10_seven_family/S3d_O8/instant/gamma/shard0014/attempt01/s10_gamma_instant_S3d_O8_shard0014.inc1.id1.sim.gz,19932,1616328,5,DR_MixingChamber_Cu,passive_or_uninstrumented,160.762,-0.2713384,0.8906502,2.306746,-1.8229809617112516,0.8906502,1.439250516438636,2.170612e-09,e-,2,1,msc,gamma,gamma,conv,1,,,world,recorded energy-deposit sample; not a complete Geant4 step or boundary path
S3d_O8__gamma__s10_gamma_instant_S3d_O8_shard0014__ID19932,/home/ubuntu/TES_511_Balloon/runs/particle_source_unit_repair_20260811/m05_16h_90gb_campaign_batch0006_v1/stage10_seven_family/S3d_O8/instant/gamma/shard0014/attempt01/s10_gamma_instant_S3d_O8_shard0014.inc1.id1.sim.gz,19932,1616329,6,DR_MixingChamber_Cu,passive_or_uninstrumented,163.6807,-0.2755476,0.9025258,2.299815,-1.8210563584742183,0.9025258,1.4313732054748618,2.171086e-09,e-,2,1,msc,gamma,gamma,conv,1,,,world,recorded energy-deposit sample; not a complete Geant4 step or boundary path
S3d_O8__gamma__s10_gamma_instant_S3d_O8_shard0014__ID19932,/home/ubuntu/TES_511_Balloon/runs/particle_source_unit_repair_20260811/m05_16h_90gb_campaign_batch0006_v1/stage10_seven_family/S3d_O8/instant/gamma/shard0014/attempt01/s10_gamma_instant_S3d_O8_shard0014.inc1.id1.sim.gz,19932,1616330,7,DR_MixingChamber_Cu,passive_or_uninstrumented,176.3059,-0.282987,0.9123804,2.291967,-1.8207674346434255,0.9123804,1.4205633812681504,2.171559e-09,e-,2,1,msc,gamma,gamma,conv,1,,,world,recorded energy-deposit sample; not a complete Geant4 step or boundary path
S3d_O8__gamma__s10_gamma_instant_S3d_O8_shard0014__ID19932,/home/ubuntu/TES_511_Balloon/runs/particle_source_unit_repair_20260811/m05_16h_90gb_campaign_batch0006_v1/stage10_seven_family/S3d_O8/instant/gamma/shard0014/attempt01/s10_gamma_instant_S3d_O8_shard0014.inc1.id1.sim.gz,19932,1616331,8,DR_MixingChamber_Cu,passive_or_uninstrumented,127.0306,-0.2901937,0.9214372,2.283403,-1.819807678609321,0.9214372,1.4094118123540915,2.17203e-09,e-,2,1,msc,gamma,gamma,conv,1,,,world,recorded energy-deposit sample; not a complete Geant4 step or boundary path
S3d_O8__gamma__s10_gamma_instant_S3d_O8_shard0014__ID19932,/home/ubuntu/TES_511_Balloon/runs/particle_source_unit_repair_20260811/m05_16h_90gb_campaign_batch0006_v1/stage10_seven_family/S3d_O8/instant/gamma/shard0014/attempt01/s10_gamma_instant_S3d_O8_shard0014.inc1.id1.sim.gz,19932,1616332,9,DR_MixingChamber_Cu,passive_or_uninstrumented,131.6401,-0.2910497,0.9357141,2.280135,-1.818102137053099,0.9357141,1.4064957039884782,2.172498e-09,e-,2,1,msc,gamma,gamma,conv,1,,,world,recorded energy-deposit sample; not a complete Geant4 step or boundary path
S3d_O8__gamma__s10_gamma_instant_S3d_O8_shard0014__ID19932,/home/ubuntu/TES_511_Balloon/runs/particle_source_unit_repair_20260811/m05_16h_90gb_campaign_batch0006_v1/stage10_seven_family/S3d_O8/instant/gamma/shard0014/attempt01/s10_gamma_instant_S3d_O8_shard0014.inc1.id1.sim.gz,19932,1616333,10,DR_MixingChamber_Cu,passive_or_uninstrumented,109.2725,-0.2953714,0.9490022,2.283315,-1.823406639993526,0.9490022,1.4056884001763976,2.172964e-09,e-,2,1,msc,gamma,gamma,conv,1,,,world,recorded energy-deposit sample; not a complete Geant4 step or boundary path
S3d_O8__gamma__s10_gamma_instant_S3d_O8_shard0014__ID19932,/home/ubuntu/TES_511_Balloon/runs/particle_source_unit_repair_20260811/m05_16h_90gb_campaign_batch0006_v1/stage10_seven_family/S3d_O8/instant/gamma/shard0014/attempt01/s10_gamma_instant_S3d_O8_shard0014.inc1.id1.sim.gz,19932,1616334,11,DR_MixingChamber_Cu,passive_or_uninstrumented,69.95563,-0.2828233,0.9545005,2.279099,-1.8115526312030368,0.9545005,1.411580084587922,2.173203e-09,e-,2,1,eIoni,gamma,gamma,conv,1,,,world,recorded energy-deposit sample; not a complete Geant4 step or boundary path
S3d_O8__gamma__s10_gamma_instant_S3d_O8_shard0014__ID19932,/home/ubuntu/TES_511_Balloon/runs/particle_source_unit_repair_20260811/m05_16h_90gb_campaign_batch0006_v1/stage10_seven_family/S3d_O8/instant/gamma/shard0014/attempt01/s10_gamma_instant_S3d_O8_shard0014.inc1.id1.sim.gz,19932,1616335,12,DR_MixingChamber_Cu,passive_or_uninstrumented,36.39519,-0.2761111,0.9555742,2.276451,-1.8049339703097742,0.9555742,1.4144539079680203,2.173345e-09,e-,2,1,eIoni,gamma,gamma,conv,1,,,world,recorded energy-deposit sample; not a complete Geant4 step or boundary path
S3d_O8__gamma__s10_gamma_instant_S3d_O8_shard0014__ID19932,/home/ubuntu/TES_511_Balloon/runs/particle_source_unit_repair_20260811/m05_16h_90gb_campaign_batch0006_v1/stage10_seven_family/S3d_O8/instant/gamma/shard0014/attempt01/s10_gamma_instant_S3d_O8_shard0014.inc1.id1.sim.gz,19932,1616336,13,DR_MixingChamber_Cu,passive_or_uninstrumented,127.4092,-0.2718823,0.955489,2.276204,-1.8017691017785396,0.955489,1.417269465749349,2.17378e-09,e-,2,1,eIoni,gamma,gamma,conv,1,,,world,recorded energy-deposit sample; not a complete Geant4 step or boundary path
S3d_O8__gamma__s10_gamma_instant_S3d_O8_shard0014__ID19932,/home/ubuntu/TES_511_Balloon/runs/particle_source_unit_repair_20260811/m05_16h_90gb_campaign_batch0006_v1/stage10_seven_family/S3d_O8/instant/gamma/shard0014/attempt01/s10_gamma_instant_S3d_O8_shard0014.inc1.id1.sim.gz,19932,1616337,14,DR_MixingChamber_Cu,passive_or_uninstrumented,189.0266,-0.2592146,0.9553319,2.272191,-1.789974065693601,0.9553319,1.423389262808484,2.174236e-09,e-,2,1,msc,gamma,gamma,conv,1,,,world,recorded energy-deposit sample; not a complete Geant4 step or boundary path
S3d_O8__gamma__s10_gamma_instant_S3d_O8_shard0014__ID19932,/home/ubuntu/TES_511_Balloon/runs/particle_source_unit_repair_20260811/m05_16h_90gb_campaign_batch0006_v1/stage10_seven_family/S3d_O8/instant/gamma/shard0014/attempt01/s10_gamma_instant_S3d_O8_shard0014.inc1.id1.sim.gz,19932,1616338,15,DR_MixingChamber_Cu,passive_or_uninstrumented,487.304,-0.2448663,0.9545194,2.2721,-1.7797639387480142,0.9545194,1.4334706963198953,2.175439e-09,e-,2,1,eIoni,gamma,gamma,conv,1,,,world,recorded energy-deposit sample; not a complete Geant4 step or boundary path
S3d_O8__gamma__s10_gamma_instant_S3d_O8_shard0014__ID19932,/home/ubuntu/TES_511_Balloon/runs/particle_source_unit_repair_20260811/m05_16h_90gb_campaign_batch0006_v1/stage10_seven_family/S3d_O8/instant/gamma/shard0014/attempt01/s10_gamma_instant_S3d_O8_shard0014.inc1.id1.sim.gz,19932,1616339,16,DR_MixingChamber_Cu,passive_or_uninstrumented,376.2263,-0.21134,0.9551787,2.260886,-1.7481277692256938,0.9551787,1.449247874953764,2.176334e-09,e-,2,1,eIoni,gamma,gamma,conv,1,,,world,recorded energy-deposit sample; not a complete Geant4 step or boundary path
S3d_O8__gamma__s10_gamma_instant_S3d_O8_shard0014__ID19932,/home/ubuntu/TES_511_Balloon/runs/particle_source_unit_repair_20260811/m05_16h_90gb_campaign_batch0006_v1/stage10_seven_family/S3d_O8/instant/gamma/shard0014/attempt01/s10_gamma_instant_S3d_O8_shard0014.inc1.id1.sim.gz,19932,1616340,17,DR_MixingChamber_Cu,passive_or_uninstrumented,376.9073,-0.2100999,0.9369009,2.242364,-1.7341538543052069,0.9369009,1.437027726271976,2.176998e-09,e-,2,1,eIoni,gamma,gamma,conv,1,,,world,recorded energy-deposit sample; not a complete Geant4 step or boundary path
S3d_O8__gamma__s10_gamma_instant_S3d_O8_shard0014__ID19932,/home/ubuntu/TES_511_Balloon/runs/particle_source_unit_repair_20260811/m05_16h_90gb_campaign_batch0006_v1/stage10_seven_family/S3d_O8/instant/gamma/shard0014/attempt01/s10_gamma_instant_S3d_O8_shard0014.inc1.id1.sim.gz,19932,1616341,18,DR_MixingChamber_Cu,passive_or_uninstrumented,167.2171,-0.2289007,0.9374916,2.239699,-1.745563587905077,0.9374916,1.4218491135283817,2.177397e-09,e-,2,1,eIoni,gamma,gamma,conv,1,,,world,recorded energy-deposit sample; not a complete Geant4 step or boundary path
S3d_O8__gamma__s10_gamma_instant_S3d_O8_shard0014__ID19932,/home/ubuntu/TES_511_Balloon/runs/particle_source_unit_repair_20260811/m05_16h_90gb_campaign_batch0006_v1/stage10_seven_family/S3d_O8/instant/gamma/shard0014/attempt01/s10_gamma_instant_S3d_O8_shard0014.inc1.id1.sim.gz,19932,1616342,19,DR_MixingChamber_Cu,passive_or_uninstrumented,178.3392,-0.2269463,0.9315216,2.248861,-1.7506601307411571,0.9315216,1.4297095953507644,2.177657e-09,e-,2,1,eIoni,gamma,gamma,conv,1,,,world,recorded energy-deposit sample; not a complete Geant4 step or boundary path
S3d_O8__gamma__s10_gamma_instant_S3d_O8_shard0014__ID19932,/home/ubuntu/TES_511_Balloon/runs/particle_source_unit_repair_20260811/m05_16h_90gb_campaign_batch0006_v1/stage10_seven_family/S3d_O8/instant/gamma/shard0014/attempt01/s10_gamma_instant_S3d_O8_shard0014.inc1.id1.sim.gz,19932,1616343,20,DR_MixingChamber_Cu,passive_or_uninstrumented,197.0144,-0.2206539,0.9340947,2.24741,-1.745184720091717,0.9340947,1.4331329821212007,2.177791e-09,e-,2,1,eIoni,gamma,gamma,conv,1,,,world,recorded energy-deposit sample; not a complete Geant4 step or boundary path
S3d_O8__gamma__s10_gamma_instant_S3d_O8_shard0014__ID19932,/home/ubuntu/TES_511_Balloon/runs/particle_source_unit_repair_20260811/m05_16h_90gb_campaign_batch0006_v1/stage10_seven_family/S3d_O8/instant/gamma/shard0014/attempt01/s10_gamma_instant_S3d_O8_shard0014.inc1.id1.sim.gz,19932,1616344,21,DR_MixingChamber_Cu,passive_or_uninstrumented,139.8895,-0.217657,0.9345036,2.248515,-1.7438469447723903,0.9345036,1.4360334634269496,2.177833e-09,e-,2,1,eIoni,gamma,gamma,conv,1,,,world,recorded energy-deposit sample; not a complete Geant4 step or boundary path
S3d_O8__gamma__s10_gamma_instant_S3d_O8_shard0014__ID19932,/home/ubuntu/TES_511_Balloon/runs/particle_source_unit_repair_20260811/m05_16h_90gb_campaign_batch0006_v1/stage10_seven_family/S3d_O8/instant/gamma/shard0014/attempt01/s10_gamma_instant_S3d_O8_shard0014.inc1.id1.sim.gz,19932,1616345,22,DR_MixingChamber_Cu,passive_or_uninstrumented,71.39972,-0.2206539,0.9340947,2.24741,-1.745184720091717,0.9340947,1.4331329821212007,2.177691e-09,e-,13,2,eIoni,gamma,e-,eIoni,1,,,world,recorded energy-deposit sample; not a complete Geant4 step or boundary path
S3d_O8__gamma__s10_gamma_instant_S3d_O8_shard0014__ID19932,/home/ubuntu/TES_511_Balloon/runs/particle_source_unit_repair_20260811/m05_16h_90gb_campaign_batch0006_v1/stage10_seven_family/S3d_O8/instant/gamma/shard0014/attempt01/s10_gamma_instant_S3d_O8_shard0014.inc1.id1.sim.gz,19932,1616346,23,DR_MixingChamber_Cu,passive_or_uninstrumented,48.15889,-0.2203991,0.9335963,2.247187,-1.7448468644716661,0.9335963,1.4331554681168421,2.177701e-09,e-,13,2,eIoni,gamma,e-,eIoni,1,,,world,recorded energy-deposit sample; not a complete Geant4 step or boundary path
S3d_O8__gamma__s10_gamma_instant_S3d_O8_shard0014__ID19932,/home/ubuntu/TES_511_Balloon/runs/particle_source_unit_repair_20260811/m05_16h_90gb_campaign_batch0006_v1/stage10_seven_family/S3d_O8/instant/gamma/shard0014/attempt01/s10_gamma_instant_S3d_O8_shard0014.inc1.id1.sim.gz,19932,1616347,24,DR_MixingChamber_Cu,passive_or_uninstrumented,45.59207,-0.2269463,0.9315216,2.248861,-1.7506601307411571,0.9315216,1.4297095953507644,2.177407e-09,e-,12,2,eIoni,gamma,e-,eIoni,1,,,world,recorded energy-deposit sample; not a complete Geant4 step or boundary path
S3d_O8__gamma__s10_gamma_instant_S3d_O8_shard0014__ID19932,/home/ubuntu/TES_511_Balloon/runs/particle_source_unit_repair_20260811/m05_16h_90gb_campaign_batch0006_v1/stage10_seven_family/S3d_O8/instant/gamma/shard0014/attempt01/s10_gamma_instant_S3d_O8_shard0014.inc1.id1.sim.gz,19932,1616348,25,DR_MixingChamber_Cu,passive_or_uninstrumented,41.20531,-0.2592146,0.9553319,2.272191,-1.789974065693601,0.9553319,1.423389262808484,2.173789e-09,e-,11,2,eIoni,gamma,e-,eIoni,1,,,world,recorded energy-deposit sample; not a complete Geant4 step or boundary path
S3d_O8__gamma__s10_gamma_instant_S3d_O8_shard0014__ID19932,/home/ubuntu/TES_511_Balloon/runs/particle_source_unit_repair_20260811/m05_16h_90gb_campaign_batch0006_v1/stage10_seven_family/S3d_O8/instant/gamma/shard0014/attempt01/s10_gamma_instant_S3d_O8_shard0014.inc1.id1.sim.gz,19932,1616349,26,DR_MixingChamber_Cu,passive_or_uninstrumented,43.00072,-0.2718823,0.955489,2.276204,-1.8017691017785396,0.955489,1.417269465749349,2.173354e-09,e-,9,2,eIoni,gamma,e-,eIoni,1,,,world,recorded energy-deposit sample; not a complete Geant4 step or boundary path
S3d_O8__gamma__s10_gamma_instant_S3d_O8_shard0014__ID19932,/home/ubuntu/TES_511_Balloon/runs/particle_source_unit_repair_20260811/m05_16h_90gb_campaign_batch0006_v1/stage10_seven_family/S3d_O8/instant/gamma/shard0014/attempt01/s10_gamma_instant_S3d_O8_shard0014.inc1.id1.sim.gz,19932,1616350,27,DR_MixingChamber_Cu,passive_or_uninstrumented,52.86888,-0.2761111,0.9555742,2.276451,-1.8049339703097742,0.9555742,1.4144539079680203,2.173215e-09,e-,8,2,eIoni,gamma,e-,eIoni,1,,,world,recorded energy-deposit sample; not a complete Geant4 step or boundary path
S3d_O8__gamma__s10_gamma_instant_S3d_O8_shard0014__ID19932,/home/ubuntu/TES_511_Balloon/runs/particle_source_unit_repair_20260811/m05_16h_90gb_campaign_batch0006_v1/stage10_seven_family/S3d_O8/instant/gamma/shard0014/attempt01/s10_gamma_instant_S3d_O8_shard0014.inc1.id1.sim.gz,19932,1616351,28,DR_MixingChamber_Cu,passive_or_uninstrumented,84.49193,-0.263605,0.8837799,2.314004,-1.8226448031474758,0.8837799,1.449851037038116,2.169743e-09,e-,6,2,eIoni,gamma,e-,eIoni,1,,,world,recorded energy-deposit sample; not a complete Geant4 step or boundary path
S3d_O8__gamma__s10_gamma_instant_S3d_O8_shard0014__ID19932,/home/ubuntu/TES_511_Balloon/runs/particle_source_unit_repair_20260811/m05_16h_90gb_campaign_batch0006_v1/stage10_seven_family/S3d_O8/instant/gamma/shard0014/attempt01/s10_gamma_instant_S3d_O8_shard0014.inc1.id1.sim.gz,19932,1616352,29,DR_MixingChamber_Cu,passive_or_uninstrumented,90.37841,-0.2410043,0.8771363,2.320638,-1.8113546413043047,0.8771363,1.4705230916540704,2.168936e-09,e-,4,2,eIoni,gamma,e-,eIoni,1,,,world,recorded energy-deposit sample; not a complete Geant4 step or boundary path
S3d_O8__gamma__s10_gamma_instant_S3d_O8_shard0014__ID19932,/home/ubuntu/TES_511_Balloon/runs/particle_source_unit_repair_20260811/m05_16h_90gb_campaign_batch0006_v1/stage10_seven_family/S3d_O8/instant/gamma/shard0014/attempt01/s10_gamma_instant_S3d_O8_shard0014.inc1.id1.sim.gz,19932,1616353,30,DR_MixingChamber_Cu,passive_or_uninstrumented,0.93749,-0.2692064,0.9550652,2.275939,-1.7996895714457481,0.9550652,1.4189742294881118,2.173614e-09,gamma,10,2,phot,gamma,e-,eIoni,1,,,world,recorded energy-deposit sample; not a complete Geant4 step or boundary path
S3d_O8__gamma__s10_gamma_instant_S3d_O8_shard0014__ID19932,/home/ubuntu/TES_511_Balloon/runs/particle_source_unit_repair_20260811/m05_16h_90gb_campaign_batch0006_v1/stage10_seven_family/S3d_O8/instant/gamma/shard0014/attempt01/s10_gamma_instant_S3d_O8_shard0014.inc1.id1.sim.gz,19932,1616354,31,DR_MixingChamber_Cu,passive_or_uninstrumented,0.93749,-0.2887677,0.9499862,2.281932,-1.8177591902642236,0.9499862,1.409379992548938,2.172842e-09,gamma,7,2,phot,gamma,e-,eIoni,1,,,world,recorded energy-deposit sample; not a complete Geant4 step or boundary path
S3d_O8__gamma__s10_gamma_instant_S3d_O8_shard0014__ID19932,/home/ubuntu/TES_511_Balloon/runs/particle_source_unit_repair_20260811/m05_16h_90gb_campaign_batch0006_v1/stage10_seven_family/S3d_O8/instant/gamma/shard0014/attempt01/s10_gamma_instant_S3d_O8_shard0014.inc1.id1.sim.gz,19932,1616355,32,DR_MixingChamber_Cu,passive_or_uninstrumented,1.0861,-0.2519997,0.8790053,2.317517,-1.8169226829420797,0.8790053,1.4605412894881287,2.177445e-09,gamma,5,2,compt,gamma,e-,eBrem,1,,,world,recorded energy-deposit sample; not a complete Geant4 step or boundary path
S3d_O8__gamma__s10_gamma_instant_S3d_O8_shard0014__ID19932,/home/ubuntu/TES_511_Balloon/runs/particle_source_unit_repair_20260811/m05_16h_90gb_campaign_batch0006_v1/stage10_seven_family/S3d_O8/instant/gamma/shard0014/attempt01/s10_gamma_instant_S3d_O8_shard0014.inc1.id1.sim.gz,19932,1616356,33,DR_MixingChamber_Cu,passive_or_uninstrumented,8.9432,-0.4552291,0.9663325,2.213693,-1.887212915368641,0.9663325,1.2434217481617431,2.195452e-09,gamma,5,2,phot,gamma,e-,eBrem,1,,,world,recorded energy-deposit sample; not a complete Geant4 step or boundary path
S3d_O8__gamma__s10_gamma_instant_S3d_O8_shard0014__ID19932,/home/ubuntu/TES_511_Balloon/runs/particle_source_unit_repair_20260811/m05_16h_90gb_campaign_batch0006_v1/stage10_seven_family/S3d_O8/instant/gamma/shard0014/attempt01/s10_gamma_instant_S3d_O8_shard0014.inc1.id1.sim.gz,19932,1616357,34,DR_MixingChamber_Cu,passive_or_uninstrumented,172.2315,-0.2353897,0.875935,2.321661,-1.8081078898078082,0.875935,1.4752165836248745,2.168965e-09,e+,3,1,eIoni,gamma,gamma,conv,1,,,world,recorded energy-deposit sample; not a complete Geant4 step or boundary path
S3d_O8__gamma__s10_gamma_instant_S3d_O8_shard0014__ID19932,/home/ubuntu/TES_511_Balloon/runs/particle_source_unit_repair_20260811/m05_16h_90gb_campaign_batch0006_v1/stage10_seven_family/S3d_O8/instant/gamma/shard0014/attempt01/s10_gamma_instant_S3d_O8_shard0014.inc1.id1.sim.gz,19932,1616358,35,DR_MixingChamber_Cu,passive_or_uninstrumented,201.582,-0.2395792,0.8794084,2.325009,-1.813437707171002,0.8794084,1.4746215532685056,2.169085e-09,e+,3,1,eIoni,gamma,gamma,conv,1,,,world,recorded energy-deposit sample; not a complete Geant4 step or boundary path
S3d_O8__gamma__s10_gamma_instant_S3d_O8_shard0014__ID19932,/home/ubuntu/TES_511_Balloon/runs/particle_source_unit_repair_20260811/m05_16h_90gb_campaign_batch0006_v1/stage10_seven_family/S3d_O8/instant/gamma/shard0014/attempt01/s10_gamma_instant_S3d_O8_shard0014.inc1.id1.sim.gz,19932,1616359,36,DR_MixingChamber_Cu,passive_or_uninstrumented,82.69788,-0.2395487,0.8774309,2.326944,-1.8147843920357716,0.8774309,1.476011371646928,2.169109e-09,e+,3,1,eIoni,gamma,gamma,conv,1,,,world,recorded energy-deposit sample; not a complete Geant4 step or boundary path
S3d_O8__gamma__s10_gamma_instant_S3d_O8_shard0014__ID19932,/home/ubuntu/TES_511_Balloon/runs/particle_source_unit_repair_20260811/m05_16h_90gb_campaign_batch0006_v1/stage10_seven_family/S3d_O8/instant/gamma/shard0014/attempt01/s10_gamma_instant_S3d_O8_shard0014.inc1.id1.sim.gz,19932,1616360,37,DR_MixingChamber_Cu,passive_or_uninstrumented,42.20109,-0.2395792,0.8794084,2.325009,-1.813437707171002,0.8794084,1.4746215532685056,2.168974e-09,e-,18,3,eIoni,gamma,e+,eIoni,1,,,world,recorded energy-deposit sample; not a complete Geant4 step or boundary path
S3d_O8__gamma__s10_gamma_instant_S3d_O8_shard0014__ID19932,/home/ubuntu/TES_511_Balloon/runs/particle_source_unit_repair_20260811/m05_16h_90gb_campaign_batch0006_v1/stage10_seven_family/S3d_O8/instant/gamma/shard0014/attempt01/s10_gamma_instant_S3d_O8_shard0014.inc1.id1.sim.gz,19932,1616361,38,DR_MixingChamber_Cu,passive_or_uninstrumented,80.49746,-0.4960925,0.5479067,1.875045,-1.6766474053757174,0.5479067,0.9750666636841427,2.195473e-09,e-,17,5,eIoni,gamma,gamma,phot,1,,,world,recorded energy-deposit sample; not a complete Geant4 step or boundary path
S3d_O8__gamma__s10_gamma_instant_S3d_O8_shard0014__ID19932,/home/ubuntu/TES_511_Balloon/runs/particle_source_unit_repair_20260811/m05_16h_90gb_campaign_batch0006_v1/stage10_seven_family/S3d_O8/instant/gamma/shard0014/attempt01/s10_gamma_instant_S3d_O8_shard0014.inc1.id1.sim.gz,19932,1616362,39,DR_MixingChamber_Cu,passive_or_uninstrumented,16.58147,-0.4552291,0.9663325,2.213693,-1.887212915368641,0.9663325,1.2434217481617431,2.177448e-09,e-,16,5,eIoni,gamma,gamma,compt,1,,,world,recorded energy-deposit sample; not a complete Geant4 step or boundary path
S3d_O8__gamma__s10_gamma_instant_S3d_O8_shard0014__ID19932,/home/ubuntu/TES_511_Balloon/runs/particle_source_unit_repair_20260811/m05_16h_90gb_campaign_batch0006_v1/stage10_seven_family/S3d_O8/instant/gamma/shard0014/attempt01/s10_gamma_instant_S3d_O8_shard0014.inc1.id1.sim.gz,19932,1616363,40,DR_MixingChamber_Cu,passive_or_uninstrumented,7.06822,-0.2878514,0.9522722,2.279554,-1.8154297683949607,0.9522722,1.4083464145668778,2.172843e-09,e-,15,7,eIoni,gamma,gamma,phot,1,,,world,recorded energy-deposit sample; not a complete Geant4 step or boundary path
S3d_O8__gamma__s10_gamma_instant_S3d_O8_shard0014__ID19932,/home/ubuntu/TES_511_Balloon/runs/particle_source_unit_repair_20260811/m05_16h_90gb_campaign_batch0006_v1/stage10_seven_family/S3d_O8/instant/gamma/shard0014/attempt01/s10_gamma_instant_S3d_O8_shard0014.inc1.id1.sim.gz,19932,1616364,41,DR_MixingChamber_Cu,passive_or_uninstrumented,7.06822,-0.2685224,0.9562194,2.270811,-1.7955798668334921,0.9562194,1.4158318469525186,2.173615e-09,e-,14,10,eIoni,gamma,gamma,phot,1,,,world,recorded energy-deposit sample; not a complete Geant4 step or boundary path
S3d_O8__gamma__s10_gamma_instant_S3d_O8_shard0014__ID19932,/home/ubuntu/TES_511_Balloon/runs/particle_source_unit_repair_20260811/m05_16h_90gb_campaign_batch0006_v1/stage10_seven_family/S3d_O8/instant/gamma/shard0014/attempt01/s10_gamma_instant_S3d_O8_shard0014.inc1.id1.sim.gz,19932,1616365,42,ColdPlate_Still_0p7K,passive_or_uninstrumented,0.0098,5.186105,0.5993155,9.94598,-3.3657398901003184,0.5993155,10.699999916991239,2.494669e-09,gamma,20,3,compt,gamma,e+,annihil,1,,,world,recorded energy-deposit sample; not a complete Geant4 step or boundary path
S3d_O8__gamma__s10_gamma_instant_S3d_O8_shard0014__ID19932,/home/ubuntu/TES_511_Balloon/runs/particle_source_unit_repair_20260811/m05_16h_90gb_campaign_batch0006_v1/stage10_seven_family/S3d_O8/instant/gamma/shard0014/attempt01/s10_gamma_instant_S3d_O8_shard0014.inc1.id1.sim.gz,19932,1616366,43,ColdPlate_Still_0p7K,passive_or_uninstrumented,0.0098,5.419373,0.5873725,10.27354,-3.4324144027119603,0.5873725,11.096565198870529,2.532276e-09,gamma,20,3,compt,gamma,e+,annihil,1,,,world,recorded energy-deposit sample; not a complete Geant4 step or boundary path
S3d_O8__gamma__s10_gamma_instant_S3d_O8_shard0014__ID19932,/home/ubuntu/TES_511_Balloon/runs/particle_source_unit_repair_20260811/m05_16h_90gb_campaign_batch0006_v1/stage10_seven_family/S3d_O8/instant/gamma/shard0014/attempt01/s10_gamma_instant_S3d_O8_shard0014.inc1.id1.sim.gz,19932,1616367,44,ColdPlate_Still_0p7K,passive_or_uninstrumented,0.95853,5.233489,1.654707,9.96157,-3.3432581370992733,1.654707,10.744529259429681,2.538569e-09,gamma,20,3,compt,gamma,e+,annihil,1,,,world,recorded energy-deposit sample; not a complete Geant4 step or boundary path
S3d_O8__gamma__s10_gamma_instant_S3d_O8_shard0014__ID19932,/home/ubuntu/TES_511_Balloon/runs/particle_source_unit_repair_20260811/m05_16h_90gb_campaign_batch0006_v1/stage10_seven_family/S3d_O8/instant/gamma/shard0014/attempt01/s10_gamma_instant_S3d_O8_shard0014.inc1.id1.sim.gz,19932,1616368,45,ColdPlate_Still_0p7K,passive_or_uninstrumented,8.9432,5.324418,1.56274,9.824238,-3.1818532361188505,1.56274,10.71171738346228,2.542777e-09,gamma,20,3,phot,gamma,e+,annihil,1,,,world,recorded energy-deposit sample; not a complete Geant4 step or boundary path
S3d_O8__gamma__s10_gamma_instant_S3d_O8_shard0014__ID19932,/home/ubuntu/TES_511_Balloon/runs/particle_source_unit_repair_20260811/m05_16h_90gb_campaign_batch0006_v1/stage10_seven_family/S3d_O8/instant/gamma/shard0014/attempt01/s10_gamma_instant_S3d_O8_shard0014.inc1.id1.sim.gz,19932,1616369,46,TP_L2_00329,tes,2.6847,-4.213598,1.080567,-3.253449,-0.6789278688494828,1.080567,-5.279999569138666,2.401627e-09,gamma,19,3,compt,gamma,e+,annihil,1,TP_L2_00329,2,world,recorded energy-deposit sample; not a complete Geant4 step or boundary path
S3d_O8__gamma__s10_gamma_instant_S3d_O8_shard0014__ID19932,/home/ubuntu/TES_511_Balloon/runs/particle_source_unit_repair_20260811/m05_16h_90gb_campaign_batch0006_v1/stage10_seven_family/S3d_O8/instant/gamma/shard0014/attempt01/s10_gamma_instant_S3d_O8_shard0014.inc1.id1.sim.gz,19932,1616370,47,TP_L2_00329,tes,0.03404,-4.281441,1.08404,-3.348717,-0.6595354653754413,1.08404,-5.395336463324785,2.401838e-09,gamma,19,3,compt,gamma,e+,annihil,1,TP_L2_00329,2,world,recorded energy-deposit sample; not a complete Geant4 step or boundary path
S3d_O8__gamma__s10_gamma_instant_S3d_O8_shard0014__ID19932,/home/ubuntu/TES_511_Balloon/runs/particle_source_unit_repair_20260811/m05_16h_90gb_campaign_batch0006_v1/stage10_seven_family/S3d_O8/instant/gamma/shard0014/attempt01/s10_gamma_instant_S3d_O8_shard0014.inc1.id1.sim.gz,19932,1616371,48,TP_L2_00329,tes,9.8792,-4.286281,1.084323,-3.352766,-0.6600947868393598,1.084323,-5.401621935502752,2.40289e-09,gamma,19,3,phot,gamma,e+,annihil,1,TP_L2_00329,2,world,recorded energy-deposit sample; not a complete Geant4 step or boundary path
S3d_O8__gamma__s10_gamma_instant_S3d_O8_shard0014__ID19932,/home/ubuntu/TES_511_Balloon/runs/particle_source_unit_repair_20260811/m05_16h_90gb_campaign_batch0006_v1/stage10_seven_family/S3d_O8/instant/gamma/shard0014/attempt01/s10_gamma_instant_S3d_O8_shard0014.inc1.id1.sim.gz,19932,1616372,49,TP_L2_00329,tes,0.46141,-4.273151,1.084372,-3.381457,-0.6305228741433575,1.084372,-5.412625224124797,2.403195e-09,gamma,28,19,phot,gamma,gamma,phot,1,TP_L2_00329,2,world,recorded energy-deposit sample; not a complete Geant4 step or boundary path
S3d_O8__gamma__s10_gamma_instant_S3d_O8_shard0014__ID19932,/home/ubuntu/TES_511_Balloon/runs/particle_source_unit_repair_20260811/m05_16h_90gb_campaign_batch0006_v1/stage10_seven_family/S3d_O8/instant/gamma/shard0014/attempt01/s10_gamma_instant_S3d_O8_shard0014.inc1.id1.sim.gz,19932,1616373,50,TP_L2_00329,tes,57.22439,-4.264617,1.085111,-3.378312,-0.6267122756995431,1.085111,-5.404366924027319,2.403199e-09,e-,29,28,eIoni,gamma,gamma,phot,1,TP_L2_00329,2,world,recorded energy-deposit sample; not a complete Geant4 step or boundary path
S3d_O8__gamma__s10_gamma_instant_S3d_O8_shard0014__ID19932,/home/ubuntu/TES_511_Balloon/runs/particle_source_unit_repair_20260811/m05_16h_90gb_campaign_batch0006_v1/stage10_seven_family/S3d_O8/instant/gamma/shard0014/attempt01/s10_gamma_instant_S3d_O8_shard0014.inc1.id1.sim.gz,19932,1616374,51,TP_L2_00329,tes,185.7514,-4.273151,1.084372,-3.381457,-0.6305228741433575,1.084372,-5.412625224124797,2.402911e-09,e-,27,19,eBrem,gamma,gamma,phot,1,TP_L2_00329,2,world,recorded energy-deposit sample; not a complete Geant4 step or boundary path
S3d_O8__gamma__s10_gamma_instant_S3d_O8_shard0014__ID19932,/home/ubuntu/TES_511_Balloon/runs/particle_source_unit_repair_20260811/m05_16h_90gb_campaign_batch0006_v1/stage10_seven_family/S3d_O8/instant/gamma/shard0014/attempt01/s10_gamma_instant_S3d_O8_shard0014.inc1.id1.sim.gz,19932,1616375,52,TP_L2_00329,tes,23.54289,-4.273005,1.084764,-3.381595,-0.6303220558175007,1.084764,-5.412619567270547,2.402913e-09,e-,27,19,eIoni,gamma,gamma,phot,1,TP_L2_00329,2,world,recorded energy-deposit sample; not a complete Geant4 step or boundary path
S3d_O8__gamma__s10_gamma_instant_S3d_O8_shard0014__ID19932,/home/ubuntu/TES_511_Balloon/runs/particle_source_unit_repair_20260811/m05_16h_90gb_campaign_batch0006_v1/stage10_seven_family/S3d_O8/instant/gamma/shard0014/attempt01/s10_gamma_instant_S3d_O8_shard0014.inc1.id1.sim.gz,19932,1616376,53,TP_L2_00329,tes,196.5581,-4.286281,1.084323,-3.352766,-0.6600947868393598,1.084323,-5.401621935502752,2.401856e-09,e-,26,19,eIoni,gamma,gamma,compt,1,TP_L2_00329,2,world,recorded energy-deposit sample; not a complete Geant4 step or boundary path
S3d_O8__gamma__s10_gamma_instant_S3d_O8_shard0014__ID19932,/home/ubuntu/TES_511_Balloon/runs/particle_source_unit_repair_20260811/m05_16h_90gb_campaign_batch0006_v1/stage10_seven_family/S3d_O8/instant/gamma/shard0014/attempt01/s10_gamma_instant_S3d_O8_shard0014.inc1.id1.sim.gz,19932,1616377,54,TP_L2_00329,tes,28.8215,-4.281441,1.08404,-3.348717,-0.6595354653754413,1.08404,-5.395336463324785,2.401629e-09,e-,25,19,eIoni,gamma,gamma,compt,1,TP_L2_00329,2,world,recorded energy-deposit sample; not a complete Geant4 step or boundary path
S3d_O8__gamma__s10_gamma_instant_S3d_O8_shard0014__ID19932,/home/ubuntu/TES_511_Balloon/runs/particle_source_unit_repair_20260811/m05_16h_90gb_campaign_batch0006_v1/stage10_seven_family/S3d_O8/instant/gamma/shard0014/attempt01/s10_gamma_instant_S3d_O8_shard0014.inc1.id1.sim.gz,19932,1616378,55,ColdPlate_Still_0p7K,passive_or_uninstrumented,90.14269,5.264772,1.462013,9.871321,-3.2573220357681096,1.462013,10.702834000970233,2.542801e-09,e-,24,20,eIoni,gamma,gamma,phot,1,,,world,recorded energy-deposit sample; not a complete Geant4 step or boundary path
S3d_O8__gamma__s10_gamma_instant_S3d_O8_shard0014__ID19932,/home/ubuntu/TES_511_Balloon/runs/particle_source_unit_repair_20260811/m05_16h_90gb_campaign_batch0006_v1/stage10_seven_family/S3d_O8/instant/gamma/shard0014/attempt01/s10_gamma_instant_S3d_O8_shard0014.inc1.id1.sim.gz,19932,1616379,56,ColdPlate_Still_0p7K,passive_or_uninstrumented,37.56584,5.324418,1.56274,9.824238,-3.1818532361188505,1.56274,10.71171738346228,2.538576e-09,e-,23,20,eIoni,gamma,gamma,compt,1,,,world,recorded energy-deposit sample; not a complete Geant4 step or boundary path
S3d_O8__gamma__s10_gamma_instant_S3d_O8_shard0014__ID19932,/home/ubuntu/TES_511_Balloon/runs/particle_source_unit_repair_20260811/m05_16h_90gb_campaign_batch0006_v1/stage10_seven_family/S3d_O8/instant/gamma/shard0014/attempt01/s10_gamma_instant_S3d_O8_shard0014.inc1.id1.sim.gz,19932,1616380,57,ColdPlate_Still_0p7K,passive_or_uninstrumented,82.83181,5.233489,1.654707,9.96157,-3.3432581370992733,1.654707,10.744529259429681,2.532297e-09,e-,22,20,eIoni,gamma,gamma,compt,1,,,world,recorded energy-deposit sample; not a complete Geant4 step or boundary path
S3d_O8__gamma__s10_gamma_instant_S3d_O8_shard0014__ID19932,/home/ubuntu/TES_511_Balloon/runs/particle_source_unit_repair_20260811/m05_16h_90gb_campaign_batch0006_v1/stage10_seven_family/S3d_O8/instant/gamma/shard0014/attempt01/s10_gamma_instant_S3d_O8_shard0014.inc1.id1.sim.gz,19932,1616381,58,ColdPlate_Still_0p7K,passive_or_uninstrumented,239.9007,5.419373,0.5873725,10.27354,-3.4324144027119603,0.5873725,11.096565198870529,2.49478e-09,e-,21,20,eIoni,gamma,gamma,compt,1,,,world,recorded energy-deposit sample; not a complete Geant4 step or boundary path
S3d_O8__gamma__s10_gamma_instant_S3d_O8_shard0014__ID19932,/home/ubuntu/TES_511_Balloon/runs/particle_source_unit_repair_20260811/m05_16h_90gb_campaign_batch0006_v1/stage10_seven_family/S3d_O8/instant/gamma/shard0014/attempt01/s10_gamma_instant_S3d_O8_shard0014.inc1.id1.sim.gz,19932,1616382,59,ColdPlate_Still_0p7K,passive_or_uninstrumented,50.63653,5.420737,0.5864548,10.2755,-3.432835838353547,0.5864548,11.098915621811193,2.494791e-09,e-,21,20,eIoni,gamma,gamma,compt,1,,,world,recorded energy-deposit sample; not a complete Geant4 step or boundary path
S3d_O8__gamma__s10_gamma_instant_S3d_O8_shard0014__ID19932,/home/ubuntu/TES_511_Balloon/runs/particle_source_unit_repair_20260811/m05_16h_90gb_campaign_batch0006_v1/stage10_seven_family/S3d_O8/instant/gamma/shard0014/attempt01/s10_gamma_instant_S3d_O8_shard0014.inc1.id1.sim.gz,19932,1616383,60,TP_L2_00329,tes,1.7416,-4.273005,1.084764,-3.381595,-0.6303220558175007,1.084764,-5.412619567270547,2.402911e-09,gamma,30,27,phot,gamma,e-,eBrem,1,TP_L2_00329,2,world,recorded energy-deposit sample; not a complete Geant4 step or boundary path
S3d_O8__gamma__s10_gamma_instant_S3d_O8_shard0014__ID19932,/home/ubuntu/TES_511_Balloon/runs/particle_source_unit_repair_20260811/m05_16h_90gb_campaign_batch0006_v1/stage10_seven_family/S3d_O8/instant/gamma/shard0014/attempt01/s10_gamma_instant_S3d_O8_shard0014.inc1.id1.sim.gz,19932,1616384,61,TP_L2_00329,tes,4.299713,-4.273005,1.08477,-3.381594,-0.6303227629242817,1.08477,-5.412618860163767,2.402911e-09,e-,31,30,eIoni,gamma,gamma,phot,1,TP_L2_00329,2,world,recorded energy-deposit sample; not a complete Geant4 step or boundary path
S3d_O8__gamma__r6_s10_gamma_instant_S3d_O8_bundle0015__ID8081,/home/ubuntu/TES_511_Balloon/runs/particle_source_unit_repair_20260811/m05_16h_90gb_campaign_batch0006_v1/recovery0007_efficiency_scheduler/attempts/stage10_seven_family/S3d_O8/instant/gamma/r6_s10_gamma_instant_S3d_O8_bundle0015/attempt01/r6_s10_gamma_instant_S3d_O8_bundle0015.inc1.id1.sim.gz,8081,927907,1,Nb_MagShield_Inner_Cylinder_2mm,passive_or_uninstrumented,316.2672,0.7355841,-2.486147,-3.474744,2.9771515505302726,-2.486147,-1.9368785400442654,1.73957e-09,e-,2,1,eIoni,gamma,gamma,conv,1,,,world,recorded energy-deposit sample; not a complete Geant4 step or boundary path
S3d_O8__gamma__r6_s10_gamma_instant_S3d_O8_bundle0015__ID8081,/home/ubuntu/TES_511_Balloon/runs/particle_source_unit_repair_20260811/m05_16h_90gb_campaign_batch0006_v1/recovery0007_efficiency_scheduler/attempts/stage10_seven_family/S3d_O8/instant/gamma/r6_s10_gamma_instant_S3d_O8_bundle0015/attempt01/r6_s10_gamma_instant_S3d_O8_bundle0015.inc1.id1.sim.gz,8081,927908,2,Nb_MagShield_Inner_Cylinder_2mm,passive_or_uninstrumented,233.5762,0.7320596,-2.48763,-3.463353,2.966604699335485,-2.48763,-1.9313160845500617,1.739828e-09,e-,2,1,eIoni,gamma,gamma,conv,1,,,world,recorded energy-deposit sample; not a complete Geant4 step or boundary path
S3d_O8__gamma__r6_s10_gamma_instant_S3d_O8_bundle0015__ID8081,/home/ubuntu/TES_511_Balloon/runs/particle_source_unit_repair_20260811/m05_16h_90gb_campaign_batch0006_v1/recovery0007_efficiency_scheduler/attempts/stage10_seven_family/S3d_O8/instant/gamma/r6_s10_gamma_instant_S3d_O8_bundle0015/attempt01/r6_s10_gamma_instant_S3d_O8_bundle0015.inc1.id1.sim.gz,8081,927909,3,Nb_MagShield_Inner_Cylinder_2mm,passive_or_uninstrumented,196.8628,0.7363142,-2.492519,-3.460892,2.967872966058221,-2.492519,-1.9265674382503248,1.739971e-09,e-,2,1,eIoni,gamma,gamma,conv,1,,,world,recorded energy-deposit sample; not a complete Geant4 step or boundary path
S3d_O8__gamma__r6_s10_gamma_instant_S3d_O8_bundle0015__ID8081,/home/ubuntu/TES_511_Balloon/runs/particle_source_unit_repair_20260811/m05_16h_90gb_campaign_batch0006_v1/recovery0007_efficiency_scheduler/attempts/stage10_seven_family/S3d_O8/instant/gamma/r6_s10_gamma_instant_S3d_O8_bundle0015/attempt01/r6_s10_gamma_instant_S3d_O8_bundle0015.inc1.id1.sim.gz,8081,927910,4,Nb_MagShield_Inner_Cylinder_2mm,passive_or_uninstrumented,200.9925,0.7368075,-2.489311,-3.462441,2.969317090237438,-2.489311,-1.927313930879224,1.740033e-09,e-,2,1,eIoni,gamma,gamma,conv,1,,,world,recorded energy-deposit sample; not a complete Geant4 step or boundary path
S3d_O8__gamma__r6_s10_gamma_instant_S3d_O8_bundle0015__ID8081,/home/ubuntu/TES_511_Balloon/runs/particle_source_unit_repair_20260811/m05_16h_90gb_campaign_batch0006_v1/recovery0007_efficiency_scheduler/attempts/stage10_seven_family/S3d_O8/instant/gamma/r6_s10_gamma_instant_S3d_O8_bundle0015/attempt01/r6_s10_gamma_instant_S3d_O8_bundle0015.inc1.id1.sim.gz,8081,927911,5,Nb_MagShield_Inner_Cylinder_2mm,passive_or_uninstrumented,17.82893,0.7372948,-2.489702,-3.461273,2.9688357626514845,-2.489702,-1.9261434570243257,1.740036e-09,e-,2,1,eIoni,gamma,gamma,conv,1,,,world,recorded energy-deposit sample; not a complete Geant4 step or boundary path
S3d_O8__gamma__r6_s10_gamma_instant_S3d_O8_bundle0015__ID8081,/home/ubuntu/TES_511_Balloon/runs/particle_source_unit_repair_20260811/m05_16h_90gb_campaign_batch0006_v1/recovery0007_efficiency_scheduler/attempts/stage10_seven_family/S3d_O8/instant/gamma/r6_s10_gamma_instant_S3d_O8_bundle0015/attempt01/r6_s10_gamma_instant_S3d_O8_bundle0015.inc1.id1.sim.gz,8081,927912,6,Nb_MagShield_Inner_Cylinder_2mm,passive_or_uninstrumented,194.7072,0.7355841,-2.486147,-3.474744,2.9771515505302726,-2.486147,-1.9368785400442654,1.739762e-09,e+,3,1,msc,gamma,gamma,conv,1,,,world,recorded energy-deposit sample; not a complete Geant4 step or boundary path
S3d_O8__gamma__r6_s10_gamma_instant_S3d_O8_bundle0015__ID8081,/home/ubuntu/TES_511_Balloon/runs/particle_source_unit_repair_20260811/m05_16h_90gb_campaign_batch0006_v1/recovery0007_efficiency_scheduler/attempts/stage10_seven_family/S3d_O8/instant/gamma/r6_s10_gamma_instant_S3d_O8_bundle0015/attempt01/r6_s10_gamma_instant_S3d_O8_bundle0015.inc1.id1.sim.gz,8081,927913,7,Nb_MagShield_Inner_Cylinder_2mm,passive_or_uninstrumented,37.98405,0.7244739,-2.476252,-3.462693,2.9607741089498543,-2.476252,-1.9362132939845251,1.7399e-09,e+,3,1,eIoni,gamma,gamma,conv,1,,,world,recorded energy-deposit sample; not a complete Geant4 step or boundary path
S3d_O8__gamma__r6_s10_gamma_instant_S3d_O8_bundle0015__ID8081,/home/ubuntu/TES_511_Balloon/runs/particle_source_unit_repair_20260811/m05_16h_90gb_campaign_batch0006_v1/recovery0007_efficiency_scheduler/attempts/stage10_seven_family/S3d_O8/instant/gamma/r6_s10_gamma_instant_S3d_O8_bundle0015/attempt01/r6_s10_gamma_instant_S3d_O8_bundle0015.inc1.id1.sim.gz,8081,927914,8,Nb_MagShield_Inner_Cylinder_2mm,passive_or_uninstrumented,198.7822,0.7223089,-2.473452,-3.460488,2.9576840523160692,-2.473452,-1.9361850097132778,1.740518e-09,e+,3,1,msc,gamma,gamma,conv,1,,,world,recorded energy-deposit sample; not a complete Geant4 step or boundary path
S3d_O8__gamma__r6_s10_gamma_instant_S3d_O8_bundle0015__ID8081,/home/ubuntu/TES_511_Balloon/runs/particle_source_unit_repair_20260811/m05_16h_90gb_campaign_batch0006_v1/recovery0007_efficiency_scheduler/attempts/stage10_seven_family/S3d_O8/instant/gamma/r6_s10_gamma_instant_S3d_O8_bundle0015/attempt01/r6_s10_gamma_instant_S3d_O8_bundle0015.inc1.id1.sim.gz,8081,927915,9,Nb_MagShield_Inner_Cylinder_2mm,passive_or_uninstrumented,207.5619,0.7098771,-2.460398,-3.455231,2.9451761818850173,-2.460398,-1.941258359446935,1.741133e-09,e+,3,1,msc,gamma,gamma,conv,1,,,world,recorded energy-deposit sample; not a complete Geant4 step or boundary path
S3d_O8__gamma__r6_s10_gamma_instant_S3d_O8_bundle0015__ID8081,/home/ubuntu/TES_511_Balloon/runs/particle_source_unit_repair_20260811/m05_16h_90gb_campaign_batch0006_v1/recovery0007_efficiency_scheduler/attempts/stage10_seven_family/S3d_O8/instant/gamma/r6_s10_gamma_instant_S3d_O8_bundle0015/attempt01/r6_s10_gamma_instant_S3d_O8_bundle0015.inc1.id1.sim.gz,8081,927916,10,Nb_MagShield_Inner_Cylinder_2mm,passive_or_uninstrumented,183.8812,0.6955091,-2.448131,-3.452863,2.9333420427950787,-2.448131,-1.9497436408211737,1.741745e-09,e+,3,1,msc,gamma,gamma,conv,1,,,world,recorded energy-deposit sample; not a complete Geant4 step or boundary path
S3d_O8__gamma__r6_s10_gamma_instant_S3d_O8_bundle0015__ID8081,/home/ubuntu/TES_511_Balloon/runs/particle_source_unit_repair_20260811/m05_16h_90gb_campaign_batch0006_v1/recovery0007_efficiency_scheduler/attempts/stage10_seven_family/S3d_O8/instant/gamma/r6_s10_gamma_instant_S3d_O8_bundle0015/attempt01/r6_s10_gamma_instant_S3d_O8_bundle0015.inc1.id1.sim.gz,8081,927917,11,Nb_MagShield_Inner_Cylinder_2mm,passive_or_uninstrumented,70.92868,0.68616,-2.431946,-3.45678,2.9295009680489956,-2.431946,-1.9591241900910725,1.742046e-09,e+,3,1,eIoni,gamma,gamma,conv,1,,,world,recorded energy-deposit sample; not a complete Geant4 step or boundary path
S3d_O8__gamma__r6_s10_gamma_instant_S3d_O8_bundle0015__ID8081,/home/ubuntu/TES_511_Balloon/runs/particle_source_unit_repair_20260811/m05_16h_90gb_campaign_batch0006_v1/recovery0007_efficiency_scheduler/attempts/stage10_seven_family/S3d_O8/instant/gamma/r6_s10_gamma_instant_S3d_O8_bundle0015/attempt01/r6_s10_gamma_instant_S3d_O8_bundle0015.inc1.id1.sim.gz,8081,927918,12,Nb_MagShield_Inner_Cylinder_2mm,passive_or_uninstrumented,26.65811,0.6832955,-2.423805,-3.459767,2.929587588629691,-2.423805,-1.9632618254211855,1.742186e-09,e+,3,1,eBrem,gamma,gamma,conv,1,,,world,recorded energy-deposit sample; not a complete Geant4 step or boundary path
S3d_O8__gamma__r6_s10_gamma_instant_S3d_O8_bundle0015__ID8081,/home/ubuntu/TES_511_Balloon/runs/particle_source_unit_repair_20260811/m05_16h_90gb_campaign_batch0006_v1/recovery0007_efficiency_scheduler/attempts/stage10_seven_family/S3d_O8/instant/gamma/r6_s10_gamma_instant_S3d_O8_bundle0015/attempt01/r6_s10_gamma_instant_S3d_O8_bundle0015.inc1.id1.sim.gz,8081,927919,13,Nb_MagShield_Inner_Cylinder_2mm,passive_or_uninstrumented,143.6325,0.6828477,-2.419694,-3.460576,2.929842995599055,-2.419694,-1.964150517223781,1.74279e-09,e+,3,1,msc,gamma,gamma,conv,1,,,world,recorded energy-deposit sample; not a complete Geant4 step or boundary path
S3d_O8__gamma__r6_s10_gamma_instant_S3d_O8_bundle0015__ID8081,/home/ubuntu/TES_511_Balloon/runs/particle_source_unit_repair_20260811/m05_16h_90gb_campaign_batch0006_v1/recovery0007_efficiency_scheduler/attempts/stage10_seven_family/S3d_O8/instant/gamma/r6_s10_gamma_instant_S3d_O8_bundle0015/attempt01/r6_s10_gamma_instant_S3d_O8_bundle0015.inc1.id1.sim.gz,8081,927920,14,Nb_MagShield_Inner_Cylinder_2mm,passive_or_uninstrumented,169.1726,0.6784244,-2.401387,-3.458096,2.9249616253564903,-2.401387,-1.9655246378316604,1.743389e-09,e+,3,1,msc,gamma,gamma,conv,1,,,world,recorded energy-deposit sample; not a complete Geant4 step or boundary path
S3d_O8__gamma__r6_s10_gamma_instant_S3d_O8_bundle0015__ID8081,/home/ubuntu/TES_511_Balloon/runs/particle_source_unit_repair_20260811/m05_16h_90gb_campaign_batch0006_v1/recovery0007_efficiency_scheduler/attempts/stage10_seven_family/S3d_O8/instant/gamma/r6_s10_gamma_instant_S3d_O8_bundle0015/attempt01/r6_s10_gamma_instant_S3d_O8_bundle0015.inc1.id1.sim.gz,8081,927921,15,Nb_MagShield_Inner_Cylinder_2mm,passive_or_uninstrumented,154.1583,0.6809452,-2.383417,-3.462677,2.9299833562951205,-2.383417,-1.966981419222261,1.743984e-09,e+,3,1,msc,gamma,gamma,conv,1,,,world,recorded energy-deposit sample; not a complete Geant4 step or boundary path
S3d_O8__gamma__r6_s10_gamma_instant_S3d_O8_bundle0015__ID8081,/home/ubuntu/TES_511_Balloon/runs/particle_source_unit_repair_20260811/m05_16h_90gb_campaign_batch0006_v1/recovery0007_efficiency_scheduler/attempts/stage10_seven_family/S3d_O8/instant/gamma/r6_s10_gamma_instant_S3d_O8_bundle0015/attempt01/r6_s10_gamma_instant_S3d_O8_bundle0015.inc1.id1.sim.gz,8081,927922,16,Nb_MagShield_Inner_Cylinder_2mm,passive_or_uninstrumented,45.255,0.6845812,-2.371299,-3.477165,2.9427989595973454,-2.371299,-1.9746549420116977,1.744149e-09,e+,3,1,msc,gamma,gamma,conv,1,,,world,recorded energy-deposit sample; not a complete Geant4 step or boundary path
S3d_O8__gamma__r6_s10_gamma_instant_S3d_O8_bundle0015__ID8081,/home/ubuntu/TES_511_Balloon/runs/particle_source_unit_repair_20260811/m05_16h_90gb_campaign_batch0006_v1/recovery0007_efficiency_scheduler/attempts/stage10_seven_family/S3d_O8/instant/gamma/r6_s10_gamma_instant_S3d_O8_bundle0015/attempt01/r6_s10_gamma_instant_S3d_O8_bundle0015.inc1.id1.sim.gz,8081,927923,17,Nb_MagShield_Inner_Cylinder_2mm,passive_or_uninstrumented,0.01426448,0.6857684,-2.367799,-3.480352,2.945891986079612,-2.367799,-1.9760690141527144,1.74415e-09,e+,3,1,msc,gamma,gamma,conv,1,,,world,recorded energy-deposit sample; not a complete Geant4 step or boundary path
S3d_O8__gamma__r6_s10_gamma_instant_S3d_O8_bundle0015__ID8081,/home/ubuntu/TES_511_Balloon/runs/particle_source_unit_repair_20260811/m05_16h_90gb_campaign_batch0006_v1/recovery0007_efficiency_scheduler/attempts/stage10_seven_family/S3d_O8/instant/gamma/r6_s10_gamma_instant_S3d_O8_bundle0015/attempt01/r6_s10_gamma_instant_S3d_O8_bundle0015.inc1.id1.sim.gz,8081,927924,18,Nb_MagShield_Inner_Cylinder_2mm,passive_or_uninstrumented,0.02059609,0.685767,-2.367777,-3.480367,2.9459016027318365,-2.367777,-1.976080610703926,1.74415e-09,e+,3,1,msc,gamma,gamma,conv,1,,,world,recorded energy-deposit sample; not a complete Geant4 step or boundary path
S3d_O8__gamma__r6_s10_gamma_instant_S3d_O8_bundle0015__ID8081,/home/ubuntu/TES_511_Balloon/runs/particle_source_unit_repair_20260811/m05_16h_90gb_campaign_batch0006_v1/recovery0007_efficiency_scheduler/attempts/stage10_seven_family/S3d_O8/instant/gamma/r6_s10_gamma_instant_S3d_O8_bundle0015/attempt01/r6_s10_gamma_instant_S3d_O8_bundle0015.inc1.id1.sim.gz,8081,927925,19,Nb_MagShield_Inner_Cylinder_2mm,passive_or_uninstrumented,0.0002254722,0.6857669,-2.367774,-3.480369,2.9459029462347206,-2.367774,-1.9760820956281664,1.74415e-09,e+,3,1,Transportation,gamma,gamma,conv,1,,,world,recorded energy-deposit sample; not a complete Geant4 step or boundary path
S3d_O8__gamma__r6_s10_gamma_instant_S3d_O8_bundle0015__ID8081,/home/ubuntu/TES_511_Balloon/runs/particle_source_unit_repair_20260811/m05_16h_90gb_campaign_batch0006_v1/recovery0007_efficiency_scheduler/attempts/stage10_seven_family/S3d_O8/instant/gamma/r6_s10_gamma_instant_S3d_O8_bundle0015/attempt01/r6_s10_gamma_instant_S3d_O8_bundle0015.inc1.id1.sim.gz,8081,927926,20,Nb_MagShield_Inner_Back_ColdFingerCap_2mm,passive_or_uninstrumented,0.02860419,0.5456472,0.1528573,-5.252628,4.0999997131057855,0.1528573,-3.32833804259488,1.848386e-09,e+,3,1,msc,gamma,gamma,conv,1,,,world,recorded energy-deposit sample; not a complete Geant4 step or boundary path
S3d_O8__gamma__r6_s10_gamma_instant_S3d_O8_bundle0015__ID8081,/home/ubuntu/TES_511_Balloon/runs/particle_source_unit_repair_20260811/m05_16h_90gb_campaign_batch0006_v1/recovery0007_efficiency_scheduler/attempts/stage10_seven_family/S3d_O8/instant/gamma/r6_s10_gamma_instant_S3d_O8_bundle0015/attempt01/r6_s10_gamma_instant_S3d_O8_bundle0015.inc1.id1.sim.gz,8081,927927,21,Nb_MagShield_Inner_Back_ColdFingerCap_2mm,passive_or_uninstrumented,90.4059,0.5456471,0.1528594,-5.25263,4.1000010566086695,0.1528594,-3.328339527519121,1.848722e-09,e+,3,1,msc,gamma,gamma,conv,1,,,world,recorded energy-deposit sample; not a complete Geant4 step or boundary path
S3d_O8__gamma__r6_s10_gamma_instant_S3d_O8_bundle0015__ID8081,/home/ubuntu/TES_511_Balloon/runs/particle_source_unit_repair_20260811/m05_16h_90gb_campaign_batch0006_v1/recovery0007_efficiency_scheduler/attempts/stage10_seven_family/S3d_O8/instant/gamma/r6_s10_gamma_instant_S3d_O8_bundle0015/attempt01/r6_s10_gamma_instant_S3d_O8_bundle0015.inc1.id1.sim.gz,8081,927928,22,Nb_MagShield_Inner_Back_ColdFingerCap_2mm,passive_or_uninstrumented,82.1023,0.5474201,0.1622084,-5.256798,4.104201977995698,0.1622084,-3.330033048260063,1.849089e-09,e+,3,1,msc,gamma,gamma,conv,1,,,world,recorded energy-deposit sample; not a complete Geant4 step or boundary path
S3d_O8__gamma__r6_s10_gamma_instant_S3d_O8_bundle0015__ID8081,/home/ubuntu/TES_511_Balloon/runs/particle_source_unit_repair_20260811/m05_16h_90gb_campaign_batch0006_v1/recovery0007_efficiency_scheduler/attempts/stage10_seven_family/S3d_O8/instant/gamma/r6_s10_gamma_instant_S3d_O8_bundle0015/attempt01/r6_s10_gamma_instant_S3d_O8_bundle0015.inc1.id1.sim.gz,8081,927929,23,Nb_MagShield_Inner_Back_ColdFingerCap_2mm,passive_or_uninstrumented,9.224742,0.5519579,0.1720726,-5.259498,4.1093198754565705,0.1720726,-3.328733527417598,1.849129e-09,e+,3,1,eBrem,gamma,gamma,conv,1,,,world,recorded energy-deposit sample; not a complete Geant4 step or boundary path
S3d_O8__gamma__r6_s10_gamma_instant_S3d_O8_bundle0015__ID8081,/home/ubuntu/TES_511_Balloon/runs/particle_source_unit_repair_20260811/m05_16h_90gb_campaign_batch0006_v1/recovery0007_efficiency_scheduler/attempts/stage10_seven_family/S3d_O8/instant/gamma/r6_s10_gamma_instant_S3d_O8_bundle0015/attempt01/r6_s10_gamma_instant_S3d_O8_bundle0015.inc1.id1.sim.gz,8081,927930,24,Nb_MagShield_Inner_Back_ColdFingerCap_2mm,passive_or_uninstrumented,83.20813,0.5518247,0.1724036,-5.260623,4.110021183962152,0.1724036,-3.329623209169687,1.849494e-09,e+,3,1,msc,gamma,gamma,conv,1,,,world,recorded energy-deposit sample; not a complete Geant4 step or boundary path
S3d_O8__gamma__r6_s10_gamma_instant_S3d_O8_bundle0015__ID8081,/home/ubuntu/TES_511_Balloon/runs/particle_source_unit_repair_20260811/m05_16h_90gb_campaign_batch0006_v1/recovery0007_efficiency_scheduler/attempts/stage10_seven_family/S3d_O8/instant/gamma/r6_s10_gamma_instant_S3d_O8_bundle0015/attempt01/r6_s10_gamma_instant_S3d_O8_bundle0015.inc1.id1.sim.gz,8081,927931,25,Nb_MagShield_Inner_Back_ColdFingerCap_2mm,passive_or_uninstrumented,92.75864,0.5509004,0.1739923,-5.271612,4.11713800158276,0.1739923,-3.338047184385997,1.849859e-09,e+,3,1,msc,gamma,gamma,conv,1,,,world,recorded energy-deposit sample; not a complete Geant4 step or boundary path
S3d_O8__gamma__r6_s10_gamma_instant_S3d_O8_bundle0015__ID8081,/home/ubuntu/TES_511_Balloon/runs/particle_source_unit_repair_20260811/m05_16h_90gb_campaign_batch0006_v1/recovery0007_efficiency_scheduler/attempts/stage10_seven_family/S3d_O8/instant/gamma/r6_s10_gamma_instant_S3d_O8_bundle0015/attempt01/r6_s10_gamma_instant_S3d_O8_bundle0015.inc1.id1.sim.gz,8081,927932,26,Nb_MagShield_Inner_Back_ColdFingerCap_2mm,passive_or_uninstrumented,71.94847,0.556089,0.1640911,-5.269612,4.119392682265252,0.1640911,-3.3329640765787594,1.850222e-09,e+,3,1,msc,gamma,gamma,conv,1,,,world,recorded energy-deposit sample; not a complete Geant4 step or boundary path
S3d_O8__gamma__r6_s10_gamma_instant_S3d_O8_bundle0015__ID8081,/home/ubuntu/TES_511_Balloon/runs/particle_source_unit_repair_20260811/m05_16h_90gb_campaign_batch0006_v1/recovery0007_efficiency_scheduler/attempts/stage10_seven_family/S3d_O8/instant/gamma/r6_s10_gamma_instant_S3d_O8_bundle0015/attempt01/r6_s10_gamma_instant_S3d_O8_bundle0015.inc1.id1.sim.gz,8081,927933,27,Nb_MagShield_Inner_Back_ColdFingerCap_2mm,passive_or_uninstrumented,135.7786,0.5599585,0.1555084,-5.263381,4.117722849601479,0.1555084,-3.325821944535385,1.850584e-09,e+,3,1,msc,gamma,gamma,conv,1,,,world,recorded energy-deposit sample; not a complete Geant4 step or boundary path
S3d_O8__gamma__r6_s10_gamma_instant_S3d_O8_bundle0015__ID8081,/home/ubuntu/TES_511_Balloon/runs/particle_source_unit_repair_20260811/m05_16h_90gb_campaign_batch0006_v1/recovery0007_efficiency_scheduler/attempts/stage10_seven_family/S3d_O8/instant/gamma/r6_s10_gamma_instant_S3d_O8_bundle0015/attempt01/r6_s10_gamma_instant_S3d_O8_bundle0015.inc1.id1.sim.gz,8081,927934,28,Nb_MagShield_Inner_Back_ColdFingerCap_2mm,passive_or_uninstrumented,67.97596,0.5593386,0.1442248,-5.265048,4.11846326111206,0.1442248,-3.32743902703328,1.850942e-09,e+,3,1,msc,gamma,gamma,conv,1,,,world,recorded energy-deposit sample; not a complete Geant4 step or boundary path
S3d_O8__gamma__r6_s10_gamma_instant_S3d_O8_bundle0015__ID8081,/home/ubuntu/TES_511_Balloon/runs/particle_source_unit_repair_20260811/m05_16h_90gb_campaign_batch0006_v1/recovery0007_efficiency_scheduler/attempts/stage10_seven_family/S3d_O8/instant/gamma/r6_s10_gamma_instant_S3d_O8_bundle0015/attempt01/r6_s10_gamma_instant_S3d_O8_bundle0015.inc1.id1.sim.gz,8081,927935,29,Nb_MagShield_Inner_Back_ColdFingerCap_2mm,passive_or_uninstrumented,63.86752,0.559308,0.1355686,-5.271556,4.123043474576518,0.1355686,-3.332062515432747,1.851222e-09,e+,3,1,eBrem,gamma,gamma,conv,1,,,world,recorded energy-deposit sample; not a complete Geant4 step or boundary path
S3d_O8__gamma__r6_s10_gamma_instant_S3d_O8_bundle0015__ID8081,/home/ubuntu/TES_511_Balloon/runs/particle_source_unit_repair_20260811/m05_16h_90gb_campaign_batch0006_v1/recovery0007_efficiency_scheduler/attempts/stage10_seven_family/S3d_O8/instant/gamma/r6_s10_gamma_instant_S3d_O8_bundle0015/attempt01/r6_s10_gamma_instant_S3d_O8_bundle0015.inc1.id1.sim.gz,8081,927936,30,Nb_MagShield_Inner_Back_ColdFingerCap_2mm,passive_or_uninstrumented,48.0746,0.5592678,0.1280503,-5.275947,4.126119954760104,0.1280503,-3.3351958470015406,1.85146e-09,e+,3,1,eIoni,gamma,gamma,conv,1,,,world,recorded energy-deposit sample; not a complete Geant4 step or boundary path
S3d_O8__gamma__r6_s10_gamma_instant_S3d_O8_bundle0015__ID8081,/home/ubuntu/TES_511_Balloon/runs/particle_source_unit_repair_20260811/m05_16h_90gb_campaign_batch0006_v1/recovery0007_efficiency_scheduler/attempts/stage10_seven_family/S3d_O8/instant/gamma/r6_s10_gamma_instant_S3d_O8_bundle0015/attempt01/r6_s10_gamma_instant_S3d_O8_bundle0015.inc1.id1.sim.gz,8081,927937,31,Nb_MagShield_Inner_Back_ColdFingerCap_2mm,passive_or_uninstrumented,91.58208,0.5564009,0.1217337,-5.278406,4.125831525904058,0.1217337,-3.338961827007462,1.851812e-09,e+,3,1,msc,gamma,gamma,conv,1,,,world,recorded energy-deposit sample; not a complete Geant4 step or boundary path
S3d_O8__gamma__r6_s10_gamma_instant_S3d_O8_bundle0015__ID8081,/home/ubuntu/TES_511_Balloon/runs/particle_source_unit_repair_20260811/m05_16h_90gb_campaign_batch0006_v1/recovery0007_efficiency_scheduler/attempts/stage10_seven_family/S3d_O8/instant/gamma/r6_s10_gamma_instant_S3d_O8_bundle0015/attempt01/r6_s10_gamma_instant_S3d_O8_bundle0015.inc1.id1.sim.gz,8081,927938,32,Nb_MagShield_Inner_Back_ColdFingerCap_2mm,passive_or_uninstrumented,135.7672,0.55355,0.1118686,-5.274766,4.121241766498054,0.1118686,-3.3384038490464274,1.852161e-09,e+,3,1,msc,gamma,gamma,conv,1,,,world,recorded energy-deposit sample; not a complete Geant4 step or boundary path
S3d_O8__gamma__r6_s10_gamma_instant_S3d_O8_bundle0015__ID8081,/home/ubuntu/TES_511_Balloon/runs/particle_source_unit_repair_20260811/m05_16h_90gb_campaign_batch0006_v1/recovery0007_efficiency_scheduler/attempts/stage10_seven_family/S3d_O8/instant/gamma/r6_s10_gamma_instant_S3d_O8_bundle0015/attempt01/r6_s10_gamma_instant_S3d_O8_bundle0015.inc1.id1.sim.gz,8081,927939,33,Nb_MagShield_Inner_Back_ColdFingerCap_2mm,passive_or_uninstrumented,86.7309,0.5523584,0.1007602,-5.276508,4.121630958070419,0.1007602,-3.340478217499716,1.852505e-09,e+,3,1,msc,gamma,gamma,conv,1,,,world,recorded energy-deposit sample; not a complete Geant4 step or boundary path
S3d_O8__gamma__r6_s10_gamma_instant_S3d_O8_bundle0015__ID8081,/home/ubuntu/TES_511_Balloon/runs/particle_source_unit_repair_20260811/m05_16h_90gb_campaign_batch0006_v1/recovery0007_efficiency_scheduler/attempts/stage10_seven_family/S3d_O8/instant/gamma/r6_s10_gamma_instant_S3d_O8_bundle0015/attempt01/r6_s10_gamma_instant_S3d_O8_bundle0015.inc1.id1.sim.gz,8081,927940,34,Nb_MagShield_Inner_Back_ColdFingerCap_2mm,passive_or_uninstrumented,33.8967,0.548591,0.0911786,-5.277369,4.119575822921579,0.0911786,-3.34375099052576,1.852653e-09,e+,3,1,eIoni,gamma,gamma,conv,1,,,world,recorded energy-deposit sample; not a complete Geant4 step or boundary path
S3d_O8__gamma__r6_s10_gamma_instant_S3d_O8_bundle0015__ID8081,/home/ubuntu/TES_511_Balloon/runs/particle_source_unit_repair_20260811/m05_16h_90gb_campaign_batch0006_v1/recovery0007_efficiency_scheduler/attempts/stage10_seven_family/S3d_O8/instant/gamma/r6_s10_gamma_instant_S3d_O8_bundle0015/attempt01/r6_s10_gamma_instant_S3d_O8_bundle0015.inc1.id1.sim.gz,8081,927941,35,Nb_MagShield_Inner_Back_ColdFingerCap_2mm,passive_or_uninstrumented,97.68153,0.5446542,0.08916691,-5.276676,4.116302059946041,0.08916691,-3.346044703502573,1.852978e-09,e+,3,1,msc,gamma,gamma,conv,1,,,world,recorded energy-deposit sample; not a complete Geant4 step or boundary path
S3d_O8__gamma__r6_s10_gamma_instant_S3d_O8_bundle0015__ID8081,/home/ubuntu/TES_511_Balloon/runs/particle_source_unit_repair_20260811/m05_16h_90gb_campaign_batch0006_v1/recovery0007_efficiency_scheduler/attempts/stage10_seven_family/S3d_O8/instant/gamma/r6_s10_gamma_instant_S3d_O8_bundle0015/attempt01/r6_s10_gamma_instant_S3d_O8_bundle0015.inc1.id1.sim.gz,8081,927942,36,Nb_MagShield_Inner_Back_ColdFingerCap_2mm,passive_or_uninstrumented,64.29887,0.5381086,0.08360287,-5.272461,4.108693166716405,0.08360287,-3.347692686566806,1.853184e-09,e+,3,1,msc,gamma,gamma,conv,1,,,world,recorded energy-deposit sample; not a complete Geant4 step or boundary path
S3d_O8__gamma__r6_s10_gamma_instant_S3d_O8_bundle0015__ID8081,/home/ubuntu/TES_511_Balloon/runs/particle_source_unit_repair_20260811/m05_16h_90gb_campaign_batch0006_v1/recovery0007_efficiency_scheduler/attempts/stage10_seven_family/S3d_O8/instant/gamma/r6_s10_gamma_instant_S3d_O8_bundle0015/attempt01/r6_s10_gamma_instant_S3d_O8_bundle0015.inc1.id1.sim.gz,8081,927943,37,Nb_MagShield_Inner_Back_ColdFingerCap_2mm,passive_or_uninstrumented,74.23683,0.533697,0.07967289,-5.27228,4.105445708113129,0.07967289,-3.3506841725152943,1.853445e-09,e+,3,1,msc,gamma,gamma,conv,1,,,world,recorded energy-deposit sample; not a complete Geant4 step or boundary path
S3d_O8__gamma__r6_s10_gamma_instant_S3d_O8_bundle0015__ID8081,/home/ubuntu/TES_511_Balloon/runs/particle_source_unit_repair_20260811/m05_16h_90gb_campaign_batch0006_v1/recovery0007_efficiency_scheduler/attempts/stage10_seven_family/S3d_O8/instant/gamma/r6_s10_gamma_instant_S3d_O8_bundle0015/attempt01/r6_s10_gamma_instant_S3d_O8_bundle0015.inc1.id1.sim.gz,8081,927944,38,Nb_MagShield_Inner_Back_ColdFingerCap_2mm,passive_or_uninstrumented,42.39863,0.5304867,0.07342189,-5.26998,4.101549337616756,0.07342189,-3.3513278518182084,1.853504e-09,e+,3,1,msc,gamma,gamma,conv,1,,,world,recorded energy-deposit sample; not a complete Geant4 step or boundary path
S3d_O8__gamma__r6_s10_gamma_instant_S3d_O8_bundle0015__ID8081,/home/ubuntu/TES_511_Balloon/runs/particle_source_unit_repair_20260811/m05_16h_90gb_campaign_batch0006_v1/recovery0007_efficiency_scheduler/attempts/stage10_seven_family/S3d_O8/instant/gamma/r6_s10_gamma_instant_S3d_O8_bundle0015/attempt01/r6_s10_gamma_instant_S3d_O8_bundle0015.inc1.id1.sim.gz,8081,927945,39,Nb_MagShield_Inner_Back_ColdFingerCap_2mm,passive_or_uninstrumented,1.458579,0.5294096,0.07261455,-5.269003,4.10009686957752,0.07261455,-3.3513986332070047,1.853506e-09,e+,3,1,msc,gamma,gamma,conv,1,,,world,recorded energy-deposit sample; not a complete Geant4 step or boundary path
S3d_O8__gamma__r6_s10_gamma_instant_S3d_O8_bundle0015__ID8081,/home/ubuntu/TES_511_Balloon/runs/particle_source_unit_repair_20260811/m05_16h_90gb_campaign_batch0006_v1/recovery0007_efficiency_scheduler/attempts/stage10_seven_family/S3d_O8/instant/gamma/r6_s10_gamma_instant_S3d_O8_bundle0015/attempt01/r6_s10_gamma_instant_S3d_O8_bundle0015.inc1.id1.sim.gz,8081,927946,40,Nb_MagShield_Inner_Back_ColdFingerCap_2mm,passive_or_uninstrumented,0.00466701,0.5293765,0.07257474,-5.269006,4.100075585663406,0.07257474,-3.351424159761806,1.853506e-09,e+,3,1,Transportation,gamma,gamma,conv,1,,,world,recorded energy-deposit sample; not a complete Geant4 step or boundary path
S3d_O8__gamma__r6_s10_gamma_instant_S3d_O8_bundle0015__ID8081,/home/ubuntu/TES_511_Balloon/runs/particle_source_unit_repair_20260811/m05_16h_90gb_campaign_batch0006_v1/recovery0007_efficiency_scheduler/attempts/stage10_seven_family/S3d_O8/instant/gamma/r6_s10_gamma_instant_S3d_O8_bundle0015/attempt01/r6_s10_gamma_instant_S3d_O8_bundle0015.inc1.id1.sim.gz,8081,927947,41,Cu_SubstrateSupport_SolidDisk_L0_deepest,passive_or_uninstrumented,17.91278,-0.2352819,-0.914723,-5.319378,3.59499882851408,-0.914723,-3.9277376824749908,1.898098e-09,e+,3,1,msc,gamma,gamma,conv,1,,,world,recorded energy-deposit sample; not a complete Geant4 step or boundary path
S3d_O8__gamma__r6_s10_gamma_instant_S3d_O8_bundle0015__ID8081,/home/ubuntu/TES_511_Balloon/runs/particle_source_unit_repair_20260811/m05_16h_90gb_campaign_batch0006_v1/recovery0007_efficiency_scheduler/attempts/stage10_seven_family/S3d_O8/instant/gamma/r6_s10_gamma_instant_S3d_O8_bundle0015/attempt01/r6_s10_gamma_instant_S3d_O8_bundle0015.inc1.id1.sim.gz,8081,927948,42,Cu_SubstrateSupport_SolidDisk_L0_deepest,passive_or_uninstrumented,27.67834,-0.2371159,-0.9165252,-5.318783,3.5932812661425775,-0.9165252,-3.92861378777688,1.8982e-09,e+,3,1,msc,gamma,gamma,conv,1,,,world,recorded energy-deposit sample; not a complete Geant4 step or boundary path
S3d_O8__gamma__r6_s10_gamma_instant_S3d_O8_bundle0015__ID8081,/home/ubuntu/TES_511_Balloon/runs/particle_source_unit_repair_20260811/m05_16h_90gb_campaign_batch0006_v1/recovery0007_efficiency_scheduler/attempts/stage10_seven_family/S3d_O8/instant/gamma/r6_s10_gamma_instant_S3d_O8_bundle0015/attempt01/r6_s10_gamma_instant_S3d_O8_bundle0015.inc1.id1.sim.gz,8081,927949,43,Cu_SubstrateSupport_SolidDisk_L0_deepest,passive_or_uninstrumented,29.68089,-0.238728,-0.9186666,-5.317413,3.5911726030104014,-0.9186666,-3.928784978328606,1.898302e-09,e+,3,1,msc,gamma,gamma,conv,1,,,world,recorded energy-deposit sample; not a complete Geant4 step or boundary path
S3d_O8__gamma__r6_s10_gamma_instant_S3d_O8_bundle0015__ID8081,/home/ubuntu/TES_511_Balloon/runs/particle_source_unit_repair_20260811/m05_16h_90gb_campaign_batch0006_v1/recovery0007_efficiency_scheduler/attempts/stage10_seven_family/S3d_O8/instant/gamma/r6_s10_gamma_instant_S3d_O8_bundle0015/attempt01/r6_s10_gamma_instant_S3d_O8_bundle0015.inc1.id1.sim.gz,8081,927950,44,Cu_SubstrateSupport_SolidDisk_L0_deepest,passive_or_uninstrumented,26.85054,-0.2411672,-0.9204891,-5.317244,3.589328327103711,-0.9204891,-3.9303902521432548,1.898404e-09,e+,3,1,msc,gamma,gamma,conv,1,,,world,recorded energy-deposit sample; not a complete Geant4 step or boundary path
S3d_O8__gamma__r6_s10_gamma_instant_S3d_O8_bundle0015__ID8081,/home/ubuntu/TES_511_Balloon/runs/particle_source_unit_repair_20260811/m05_16h_90gb_campaign_batch0006_v1/recovery0007_efficiency_scheduler/attempts/stage10_seven_family/S3d_O8/instant/gamma/r6_s10_gamma_instant_S3d_O8_bundle0015/attempt01/r6_s10_gamma_instant_S3d_O8_bundle0015.inc1.id1.sim.gz,8081,927951,45,Cu_SubstrateSupport_SolidDisk_L0_deepest,passive_or_uninstrumented,14.26582,-0.2437244,-0.9213371,-5.318487,3.5883990473718756,-0.9213371,-3.9330773993331203,1.898476e-09,e+,3,1,eIoni,gamma,gamma,conv,1,,,world,recorded energy-deposit sample; not a complete Geant4 step or boundary path
S3d_O8__gamma__r6_s10_gamma_instant_S3d_O8_bundle0015__ID8081,/home/ubuntu/TES_511_Balloon/runs/particle_source_unit_repair_20260811/m05_16h_90gb_campaign_batch0006_v1/recovery0007_efficiency_scheduler/attempts/stage10_seven_family/S3d_O8/instant/gamma/r6_s10_gamma_instant_S3d_O8_bundle0015/attempt01/r6_s10_gamma_instant_S3d_O8_bundle0015.inc1.id1.sim.gz,8081,927952,46,Cu_SubstrateSupport_SolidDisk_L0_deepest,passive_or_uninstrumented,27.22661,-0.2456856,-0.9213746,-5.319153,3.5874832026688828,-0.9213746,-3.9349351102686536,1.898578e-09,e+,3,1,msc,gamma,gamma,conv,1,,,world,recorded energy-deposit sample; not a complete Geant4 step or boundary path
S3d_O8__gamma__r6_s10_gamma_instant_S3d_O8_bundle0015__ID8081,/home/ubuntu/TES_511_Balloon/runs/particle_source_unit_repair_20260811/m05_16h_90gb_campaign_batch0006_v1/recovery0007_efficiency_scheduler/attempts/stage10_seven_family/S3d_O8/instant/gamma/r6_s10_gamma_instant_S3d_O8_bundle0015/attempt01/r6_s10_gamma_instant_S3d_O8_bundle0015.inc1.id1.sim.gz,8081,927953,47,Cu_SubstrateSupport_SolidDisk_L0_deepest,passive_or_uninstrumented,32.63294,-0.2482364,-0.9201078,-5.319384,3.5858428563578864,-0.9201078,-3.9369021399125583,1.898679e-09,e+,3,1,msc,gamma,gamma,conv,1,,,world,recorded energy-deposit sample; not a complete Geant4 step or boundary path
S3d_O8__gamma__r6_s10_gamma_instant_S3d_O8_bundle0015__ID8081,/home/ubuntu/TES_511_Balloon/runs/particle_source_unit_repair_20260811/m05_16h_90gb_campaign_batch0006_v1/recovery0007_efficiency_scheduler/attempts/stage10_seven_family/S3d_O8/instant/gamma/r6_s10_gamma_instant_S3d_O8_bundle0015/attempt01/r6_s10_gamma_instant_S3d_O8_bundle0015.inc1.id1.sim.gz,8081,927954,48,Cu_SubstrateSupport_SolidDisk_L0_deepest,passive_or_uninstrumented,26.58999,-0.2497556,-0.9176016,-5.319399,3.584779226337625,-0.9176016,-3.937986983136255,1.898781e-09,e+,3,1,msc,gamma,gamma,conv,1,,,world,recorded energy-deposit sample; not a complete Geant4 step or boundary path
S3d_O8__gamma__r6_s10_gamma_instant_S3d_O8_bundle0015__ID8081,/home/ubuntu/TES_511_Balloon/runs/particle_source_unit_repair_20260811/m05_16h_90gb_campaign_batch0006_v1/recovery0007_efficiency_scheduler/attempts/stage10_seven_family/S3d_O8/instant/gamma/r6_s10_gamma_instant_S3d_O8_bundle0015/attempt01/r6_s10_gamma_instant_S3d_O8_bundle0015.inc1.id1.sim.gz,8081,927955,49,Cu_SubstrateSupport_SolidDisk_L0_deepest,passive_or_uninstrumented,33.89828,-0.2497545,-0.9148404,-5.319473,3.5848323300568925,-0.9148404,-3.9380385312206037,1.898882e-09,e+,3,1,msc,gamma,gamma,conv,1,,,world,recorded energy-deposit sample; not a complete Geant4 step or boundary path
S3d_O8__gamma__r6_s10_gamma_instant_S3d_O8_bundle0015__ID8081,/home/ubuntu/TES_511_Balloon/runs/particle_source_unit_repair_20260811/m05_16h_90gb_campaign_batch0006_v1/recovery0007_efficiency_scheduler/attempts/stage10_seven_family/S3d_O8/instant/gamma/r6_s10_gamma_instant_S3d_O8_bundle0015/attempt01/r6_s10_gamma_instant_S3d_O8_bundle0015.inc1.id1.sim.gz,8081,927956,50,Cu_SubstrateSupport_SolidDisk_L0_deepest,passive_or_uninstrumented,25.96921,-0.2485391,-0.912388,-5.319931,3.58601560254453,-0.912388,-3.9375029685445333,1.898982e-09,e+,3,1,msc,gamma,gamma,conv,1,,,world,recorded energy-deposit sample; not a complete Geant4 step or boundary path
S3d_O8__gamma__r6_s10_gamma_instant_S3d_O8_bundle0015__ID8081,/home/ubuntu/TES_511_Balloon/runs/particle_source_unit_repair_20260811/m05_16h_90gb_campaign_batch0006_v1/recovery0007_efficiency_scheduler/attempts/stage10_seven_family/S3d_O8/instant/gamma/r6_s10_gamma_instant_S3d_O8_bundle0015/attempt01/r6_s10_gamma_instant_S3d_O8_bundle0015.inc1.id1.sim.gz,8081,927957,51,Cu_SubstrateSupport_SolidDisk_L0_deepest,passive_or_uninstrumented,46.63644,-0.2461082,-0.9106285,-5.319509,3.5874361093572555,-0.9106285,-3.935485663608486,1.899083e-09,e+,3,1,msc,gamma,gamma,conv,1,,,world,recorded energy-deposit sample; not a complete Geant4 step or boundary path
S3d_O8__gamma__r6_s10_gamma_instant_S3d_O8_bundle0015__ID8081,/home/ubuntu/TES_511_Balloon/runs/particle_source_unit_repair_20260811/m05_16h_90gb_campaign_batch0006_v1/recovery0007_efficiency_scheduler/attempts/stage10_seven_family/S3d_O8/instant/gamma/r6_s10_gamma_instant_S3d_O8_bundle0015/attempt01/r6_s10_gamma_instant_S3d_O8_bundle0015.inc1.id1.sim.gz,8081,927958,52,Cu_SubstrateSupport_SolidDisk_L0_deepest,passive_or_uninstrumented,47.72725,-0.2451367,-0.9079638,-5.32016,3.5885833901097306,-0.9079638,-3.9352590358851147,1.899183e-09,e+,3,1,msc,gamma,gamma,conv,1,,,world,recorded energy-deposit sample; not a complete Geant4 step or boundary path
S3d_O8__gamma__r6_s10_gamma_instant_S3d_O8_bundle0015__ID8081,/home/ubuntu/TES_511_Balloon/runs/particle_source_unit_repair_20260811/m05_16h_90gb_campaign_batch0006_v1/recovery0007_efficiency_scheduler/attempts/stage10_seven_family/S3d_O8/instant/gamma/r6_s10_gamma_instant_S3d_O8_bundle0015/attempt01/r6_s10_gamma_instant_S3d_O8_bundle0015.inc1.id1.sim.gz,8081,927959,53,Cu_SubstrateSupport_SolidDisk_L0_deepest,passive_or_uninstrumented,30.37856,-0.2477464,-0.9089528,-5.319721,3.5864276336659278,-0.9089528,-3.936793952575037,1.899282e-09,e+,3,1,msc,gamma,gamma,conv,1,,,world,recorded energy-deposit sample; not a complete Geant4 step or boundary path
S3d_O8__gamma__r6_s10_gamma_instant_S3d_O8_bundle0015__ID8081,/home/ubuntu/TES_511_Balloon/runs/particle_source_unit_repair_20260811/m05_16h_90gb_campaign_batch0006_v1/recovery0007_efficiency_scheduler/attempts/stage10_seven_family/S3d_O8/instant/gamma/r6_s10_gamma_instant_S3d_O8_bundle0015/attempt01/r6_s10_gamma_instant_S3d_O8_bundle0015.inc1.id1.sim.gz,8081,927960,54,Cu_SubstrateSupport_SolidDisk_L0_deepest,passive_or_uninstrumented,29.77096,-0.2455426,-0.9072976,-5.31904,3.587504415872318,-0.9072976,-3.93475409093267,1.899381e-09,e+,3,1,msc,gamma,gamma,conv,1,,,world,recorded energy-deposit sample; not a complete Geant4 step or boundary path
S3d_O8__gamma__r6_s10_gamma_instant_S3d_O8_bundle0015__ID8081,/home/ubuntu/TES_511_Balloon/runs/particle_source_unit_repair_20260811/m05_16h_90gb_campaign_batch0006_v1/recovery0007_efficiency_scheduler/attempts/stage10_seven_family/S3d_O8/instant/gamma/r6_s10_gamma_instant_S3d_O8_bundle0015/attempt01/r6_s10_gamma_instant_S3d_O8_bundle0015.inc1.id1.sim.gz,8081,927961,55,Cu_SubstrateSupport_SolidDisk_L0_deepest,passive_or_uninstrumented,14.14623,-0.2440087,-0.9048463,-5.318553,3.588244685961542,-0.9048463,-3.93332509883857,1.899416e-09,e+,3,1,eBrem,gamma,gamma,conv,1,,,world,recorded energy-deposit sample; not a complete Geant4 step or boundary path
S3d_O8__gamma__r6_s10_gamma_instant_S3d_O8_bundle0015__ID8081,/home/ubuntu/TES_511_Balloon/runs/particle_source_unit_repair_20260811/m05_16h_90gb_campaign_batch0006_v1/recovery0007_efficiency_scheduler/attempts/stage10_seven_family/S3d_O8/instant/gamma/r6_s10_gamma_instant_S3d_O8_bundle0015/attempt01/r6_s10_gamma_instant_S3d_O8_bundle0015.inc1.id1.sim.gz,8081,927962,56,Cu_SubstrateSupport_SolidDisk_L0_deepest,passive_or_uninstrumented,63.54886,-0.2435963,-0.9041234,-5.318187,3.588277495716189,-0.9041234,-3.9327746869200944,1.89951e-09,e+,3,1,msc,gamma,gamma,conv,1,,,world,recorded energy-deposit sample; not a complete Geant4 step or boundary path
S3d_O8__gamma__r6_s10_gamma_instant_S3d_O8_bundle0015__ID8081,/home/ubuntu/TES_511_Balloon/runs/particle_source_unit_repair_20260811/m05_16h_90gb_campaign_batch0006_v1/recovery0007_efficiency_scheduler/attempts/stage10_seven_family/S3d_O8/instant/gamma/r6_s10_gamma_instant_S3d_O8_bundle0015/attempt01/r6_s10_gamma_instant_S3d_O8_bundle0015.inc1.id1.sim.gz,8081,927963,57,Cu_SubstrateSupport_SolidDisk_L0_deepest,passive_or_uninstrumented,35.7607,-0.2434546,-0.9013247,-5.318232,3.588409512552237,-0.9013247,-3.9327063096943538,1.899599e-09,e+,3,1,msc,gamma,gamma,conv,1,,,world,recorded energy-deposit sample; not a complete Geant4 step or boundary path
S3d_O8__gamma__r6_s10_gamma_instant_S3d_O8_bundle0015__ID8081,/home/ubuntu/TES_511_Balloon/runs/particle_source_unit_repair_20260811/m05_16h_90gb_campaign_batch0006_v1/recovery0007_efficiency_scheduler/attempts/stage10_seven_family/S3d_O8/instant/gamma/r6_s10_gamma_instant_S3d_O8_bundle0015/attempt01/r6_s10_gamma_instant_S3d_O8_bundle0015.inc1.id1.sim.gz,8081,927964,58,Cu_SubstrateSupport_SolidDisk_L0_deepest,passive_or_uninstrumented,48.27492,-0.2453802,-0.9017757,-5.32015,3.5884041385407,-0.9017757,-3.935424145318522,1.899684e-09,e+,3,1,msc,gamma,gamma,conv,1,,,world,recorded energy-deposit sample; not a complete Geant4 step or boundary path
S3d_O8__gamma__r6_s10_gamma_instant_S3d_O8_bundle0015__ID8081,/home/ubuntu/TES_511_Balloon/runs/particle_source_unit_repair_20260811/m05_16h_90gb_campaign_batch0006_v1/recovery0007_efficiency_scheduler/attempts/stage10_seven_family/S3d_O8/instant/gamma/r6_s10_gamma_instant_S3d_O8_bundle0015/attempt01/r6_s10_gamma_instant_S3d_O8_bundle0015.inc1.id1.sim.gz,8081,927965,59,Cu_SubstrateSupport_SolidDisk_L0_deepest,passive_or_uninstrumented,225.8687,-0.2478332,-0.9014994,-5.320835,3.587153973751562,-0.9014994,-3.937643046397885,1.899773e-09,e+,3,1,eIoni,gamma,gamma,conv,1,,,world,recorded energy-deposit sample; not a complete Geant4 step or boundary path
S3d_O8__gamma__r6_s10_gamma_instant_S3d_O8_bundle0015__ID8081,/home/ubuntu/TES_511_Balloon/runs/particle_source_unit_repair_20260811/m05_16h_90gb_campaign_batch0006_v1/recovery0007_efficiency_scheduler/attempts/stage10_seven_family/S3d_O8/instant/gamma/r6_s10_gamma_instant_S3d_O8_bundle0015/attempt01/r6_s10_gamma_instant_S3d_O8_bundle0015.inc1.id1.sim.gz,8081,927966,60,Cu_SubstrateSupport_SolidDisk_L0_deepest,passive_or_uninstrumented,80.93923,-0.2456856,-0.9213746,-5.319153,3.5874832026688828,-0.9213746,-3.9349351102686536,1.898497e-09,e-,15,3,eIoni,gamma,e+,eIoni,1,,,world,recorded energy-deposit sample; not a complete Geant4 step or boundary path
S3d_O8__gamma__r6_s10_gamma_instant_S3d_O8_bundle0015__ID8081,/home/ubuntu/TES_511_Balloon/runs/particle_source_unit_repair_20260811/m05_16h_90gb_campaign_batch0006_v1/recovery0007_efficiency_scheduler/attempts/stage10_seven_family/S3d_O8/instant/gamma/r6_s10_gamma_instant_S3d_O8_bundle0015/attempt01/r6_s10_gamma_instant_S3d_O8_bundle0015.inc1.id1.sim.gz,8081,927967,61,Nb_MagShield_Inner_Back_ColdFingerCap_2mm,passive_or_uninstrumented,2.549917,0.5446542,0.08916691,-5.276676,4.116302059946041,0.08916691,-3.346044703502573,1.852666e-09,e-,14,3,msc,gamma,e+,eIoni,1,,,world,recorded energy-deposit sample; not a complete Geant4 step or boundary path
S3d_O8__gamma__r6_s10_gamma_instant_S3d_O8_bundle0015__ID8081,/home/ubuntu/TES_511_Balloon/runs/particle_source_unit_repair_20260811/m05_16h_90gb_campaign_batch0006_v1/recovery0007_efficiency_scheduler/attempts/stage10_seven_family/S3d_O8/instant/gamma/r6_s10_gamma_instant_S3d_O8_bundle0015/attempt01/r6_s10_gamma_instant_S3d_O8_bundle0015.inc1.id1.sim.gz,8081,927968,62,Nb_MagShield_Inner_Back_ColdFingerCap_2mm,passive_or_uninstrumented,3.417044,0.5444008,0.08913074,-5.276803,4.116212681648899,0.08913074,-3.3463136869221364,1.852686e-09,e-,14,3,msc,gamma,e+,eIoni,1,,,world,recorded energy-deposit sample; not a complete Geant4 step or boundary path
S3d_O8__gamma__r6_s10_gamma_instant_S3d_O8_bundle0015__ID8081,/home/ubuntu/TES_511_Balloon/runs/particle_source_unit_repair_20260811/m05_16h_90gb_campaign_batch0006_v1/recovery0007_efficiency_scheduler/attempts/stage10_seven_family/S3d_O8/instant/gamma/r6_s10_gamma_instant_S3d_O8_bundle0015/attempt01/r6_s10_gamma_instant_S3d_O8_bundle0015.inc1.id1.sim.gz,8081,927969,63,Nb_MagShield_Inner_Back_ColdFingerCap_2mm,passive_or_uninstrumented,4.645364,0.5439242,0.08918975,-5.276906,4.115948506555449,0.08918975,-3.346723526012512,1.852707e-09,e-,14,3,msc,gamma,e+,eIoni,1,,,world,recorded energy-deposit sample; not a complete Geant4 step or boundary path
S3d_O8__gamma__r6_s10_gamma_instant_S3d_O8_bundle0015__ID8081,/home/ubuntu/TES_511_Balloon/runs/particle_source_unit_repair_20260811/m05_16h_90gb_campaign_batch0006_v1/recovery0007_efficiency_scheduler/attempts/stage10_seven_family/S3d_O8/instant/gamma/r6_s10_gamma_instant_S3d_O8_bundle0015/attempt01/r6_s10_gamma_instant_S3d_O8_bundle0015.inc1.id1.sim.gz,8081,927970,64,Nb_MagShield_Inner_Back_ColdFingerCap_2mm,passive_or_uninstrumented,4.222685,0.5435008,0.08908813,-5.27715,4.115821651598903,0.08908813,-3.3471954490782756,1.852727e-09,e-,14,3,msc,gamma,e+,eIoni,1,,,world,recorded energy-deposit sample; not a complete Geant4 step or boundary path
S3d_O8__gamma__r6_s10_gamma_instant_S3d_O8_bundle0015__ID8081,/home/ubuntu/TES_511_Balloon/runs/particle_source_unit_repair_20260811/m05_16h_90gb_campaign_batch0006_v1/recovery0007_efficiency_scheduler/attempts/stage10_seven_family/S3d_O8/instant/gamma/r6_s10_gamma_instant_S3d_O8_bundle0015/attempt01/r6_s10_gamma_instant_S3d_O8_bundle0015.inc1.id1.sim.gz,8081,927971,65,Nb_MagShield_Inner_Back_ColdFingerCap_2mm,passive_or_uninstrumented,4.731523,0.5432346,0.08916586,-5.277574,4.115933233048975,0.08916586,-3.3476834941786513,1.852748e-09,e-,14,3,msc,gamma,e+,eIoni,1,,,world,recorded energy-deposit sample; not a complete Geant4 step or boundary path
S3d_O8__gamma__r6_s10_gamma_instant_S3d_O8_bundle0015__ID8081,/home/ubuntu/TES_511_Balloon/runs/particle_source_unit_repair_20260811/m05_16h_90gb_campaign_batch0006_v1/recovery0007_efficiency_scheduler/attempts/stage10_seven_family/S3d_O8/instant/gamma/r6_s10_gamma_instant_S3d_O8_bundle0015/attempt01/r6_s10_gamma_instant_S3d_O8_bundle0015.inc1.id1.sim.gz,8081,927972,66,Nb_MagShield_Inner_Back_ColdFingerCap_2mm,passive_or_uninstrumented,3.224823,0.5430177,0.08941853,-5.277961,4.116053511912455,0.08941853,-3.3481105159638096,1.852769e-09,e-,14,3,msc,gamma,e+,eIoni,1,,,world,recorded energy-deposit sample; not a complete Geant4 step or boundary path
S3d_O8__gamma__r6_s10_gamma_instant_S3d_O8_bundle0015__ID8081,/home/ubuntu/TES_511_Balloon/runs/particle_source_unit_repair_20260811/m05_16h_90gb_campaign_batch0006_v1/recovery0007_efficiency_scheduler/attempts/stage10_seven_family/S3d_O8/instant/gamma/r6_s10_gamma_instant_S3d_O8_bundle0015/attempt01/r6_s10_gamma_instant_S3d_O8_bundle0015.inc1.id1.sim.gz,8081,927973,67,Nb_MagShield_Inner_Back_ColdFingerCap_2mm,passive_or_uninstrumented,7.906312,0.5432532,0.08981035,-5.278174,4.116370649303816,0.08981035,-3.348094606061233,1.85279e-09,e-,14,3,msc,gamma,e+,eIoni,1,,,world,recorded energy-deposit sample; not a complete Geant4 step or boundary path
S3d_O8__gamma__r6_s10_gamma_instant_S3d_O8_bundle0015__ID8081,/home/ubuntu/TES_511_Balloon/runs/particle_source_unit_repair_20260811/m05_16h_90gb_campaign_batch0006_v1/recovery0007_efficiency_scheduler/attempts/stage10_seven_family/S3d_O8/instant/gamma/r6_s10_gamma_instant_S3d_O8_bundle0015/attempt01/r6_s10_gamma_instant_S3d_O8_bundle0015.inc1.id1.sim.gz,8081,927974,68,Nb_MagShield_Inner_Back_ColdFingerCap_2mm,passive_or_uninstrumented,2.540234,0.5432888,0.09030254,-5.278294,4.116480675118969,0.09030254,-3.348154285873565,1.85281e-09,e-,14,3,msc,gamma,e+,eIoni,1,,,world,recorded energy-deposit sample; not a complete Geant4 step or boundary path
S3d_O8__gamma__r6_s10_gamma_instant_S3d_O8_bundle0015__ID8081,/home/ubuntu/TES_511_Balloon/runs/particle_source_unit_repair_20260811/m05_16h_90gb_campaign_batch0006_v1/recovery0007_efficiency_scheduler/attempts/stage10_seven_family/S3d_O8/instant/gamma/r6_s10_gamma_instant_S3d_O8_bundle0015/attempt01/r6_s10_gamma_instant_S3d_O8_bundle0015.inc1.id1.sim.gz,8081,927975,69,Nb_MagShield_Inner_Back_ColdFingerCap_2mm,passive_or_uninstrumented,2.130015,0.543279,0.09080049,-5.278281,4.1164645530843575,0.09080049,-3.348152023131865,1.852831e-09,e-,14,3,msc,gamma,e+,eIoni,1,,,world,recorded energy-deposit sample; not a complete Geant4 step or boundary path
S3d_O8__gamma__r6_s10_gamma_instant_S3d_O8_bundle0015__ID8081,/home/ubuntu/TES_511_Balloon/runs/particle_source_unit_repair_20260811/m05_16h_90gb_campaign_batch0006_v1/recovery0007_efficiency_scheduler/attempts/stage10_seven_family/S3d_O8/instant/gamma/r6_s10_gamma_instant_S3d_O8_bundle0015/attempt01/r6_s10_gamma_instant_S3d_O8_bundle0015.inc1.id1.sim.gz,8081,927976,70,Nb_MagShield_Inner_Back_ColdFingerCap_2mm,passive_or_uninstrumented,13.80285,0.5431412,0.09121508,-5.278455,4.116490150349837,0.09121508,-3.3483724990262393,1.852852e-09,e-,14,3,msc,gamma,e+,eIoni,1,,,world,recorded energy-deposit sample; not a complete Geant4 step or boundary path
S3d_O8__gamma__r6_s10_gamma_instant_S3d_O8_bundle0015__ID8081,/home/ubuntu/TES_511_Balloon/runs/particle_source_unit_repair_20260811/m05_16h_90gb_campaign_batch0006_v1/recovery0007_efficiency_scheduler/attempts/stage10_seven_family/S3d_O8/instant/gamma/r6_s10_gamma_instant_S3d_O8_bundle0015/attempt01/r6_s10_gamma_instant_S3d_O8_bundle0015.inc1.id1.sim.gz,8081,927977,71,Nb_MagShield_Inner_Back_ColdFingerCap_2mm,passive_or_uninstrumented,5.050774,0.5429224,0.09154011,-5.278756,4.116548274527251,0.09154011,-3.3487400531310993,1.852872e-09,e-,14,3,msc,gamma,e+,eIoni,1,,,world,recorded energy-deposit sample; not a complete Geant4 step or boundary path
S3d_O8__gamma__r6_s10_gamma_instant_S3d_O8_bundle0015__ID8081,/home/ubuntu/TES_511_Balloon/runs/particle_source_unit_repair_20260811/m05_16h_90gb_campaign_batch0006_v1/recovery0007_efficiency_scheduler/attempts/stage10_seven_family/S3d_O8/instant/gamma/r6_s10_gamma_instant_S3d_O8_bundle0015/attempt01/r6_s10_gamma_instant_S3d_O8_bundle0015.inc1.id1.sim.gz,8081,927978,72,Nb_MagShield_Inner_Back_ColdFingerCap_2mm,passive_or_uninstrumented,6.875462,0.543121,0.09176462,-5.279127,4.116951042549815,0.09176462,-3.3488619583401764,1.852893e-09,e-,14,3,msc,gamma,e+,eIoni,1,,,world,recorded energy-deposit sample; not a complete Geant4 step or boundary path
S3d_O8__gamma__r6_s10_gamma_instant_S3d_O8_bundle0015__ID8081,/home/ubuntu/TES_511_Balloon/runs/particle_source_unit_repair_20260811/m05_16h_90gb_campaign_batch0006_v1/recovery0007_efficiency_scheduler/attempts/stage10_seven_family/S3d_O8/instant/gamma/r6_s10_gamma_instant_S3d_O8_bundle0015/attempt01/r6_s10_gamma_instant_S3d_O8_bundle0015.inc1.id1.sim.gz,8081,927979,73,Nb_MagShield_Inner_Back_ColdFingerCap_2mm,passive_or_uninstrumented,10.24869,0.5432963,0.0918614,-5.279568,4.11738683245906,0.0918614,-3.349049836611938,1.852914e-09,e-,14,3,msc,gamma,e+,eIoni,1,,,world,recorded energy-deposit sample; not a complete Geant4 step or boundary path
S3d_O8__gamma__r6_s10_gamma_instant_S3d_O8_bundle0015__ID8081,/home/ubuntu/TES_511_Balloon/runs/particle_source_unit_repair_20260811/m05_16h_90gb_campaign_batch0006_v1/recovery0007_efficiency_scheduler/attempts/stage10_seven_family/S3d_O8/instant/gamma/r6_s10_gamma_instant_S3d_O8_bundle0015/attempt01/r6_s10_gamma_instant_S3d_O8_bundle0015.inc1.id1.sim.gz,8081,927980,74,Nb_MagShield_Inner_Back_ColdFingerCap_2mm,passive_or_uninstrumented,9.75883,0.5429469,0.09209235,-5.279838,4.117330688180633,0.09209235,-3.349487818552204,1.852935e-09,e-,14,3,msc,gamma,e+,eIoni,1,,,world,recorded energy-deposit sample; not a complete Geant4 step or boundary path
S3d_O8__gamma__r6_s10_gamma_instant_S3d_O8_bundle0015__ID8081,/home/ubuntu/TES_511_Balloon/runs/particle_source_unit_repair_20260811/m05_16h_90gb_campaign_batch0006_v1/recovery0007_efficiency_scheduler/attempts/stage10_seven_family/S3d_O8/instant/gamma/r6_s10_gamma_instant_S3d_O8_bundle0015/attempt01/r6_s10_gamma_instant_S3d_O8_bundle0015.inc1.id1.sim.gz,8081,927981,75,Nb_MagShield_Inner_Back_ColdFingerCap_2mm,passive_or_uninstrumented,5.252179,0.5428775,0.09179863,-5.279455,4.117010793072825,0.09179863,-3.349266069865624,1.852955e-09,e-,14,3,msc,gamma,e+,eIoni,1,,,world,recorded energy-deposit sample; not a complete Geant4 step or boundary path
S3d_O8__gamma__r6_s10_gamma_instant_S3d_O8_bundle0015__ID8081,/home/ubuntu/TES_511_Balloon/runs/particle_source_unit_repair_20260811/m05_16h_90gb_campaign_batch0006_v1/recovery0007_efficiency_scheduler/attempts/stage10_seven_family/S3d_O8/instant/gamma/r6_s10_gamma_instant_S3d_O8_bundle0015/attempt01/r6_s10_gamma_instant_S3d_O8_bundle0015.inc1.id1.sim.gz,8081,927982,76,Nb_MagShield_Inner_Back_ColdFingerCap_2mm,passive_or_uninstrumented,4.160649,0.5430029,0.09148908,-5.279102,4.116849855569426,0.09148908,-3.348927789981505,1.852976e-09,e-,14,3,msc,gamma,e+,eIoni,1,,,world,recorded energy-deposit sample; not a complete Geant4 step or boundary path
S3d_O8__gamma__r6_s10_gamma_instant_S3d_O8_bundle0015__ID8081,/home/ubuntu/TES_511_Balloon/runs/particle_source_unit_repair_20260811/m05_16h_90gb_campaign_batch0006_v1/recovery0007_efficiency_scheduler/attempts/stage10_seven_family/S3d_O8/instant/gamma/r6_s10_gamma_instant_S3d_O8_bundle0015/attempt01/r6_s10_gamma_instant_S3d_O8_bundle0015.inc1.id1.sim.gz,8081,927983,77,Nb_MagShield_Inner_Back_ColdFingerCap_2mm,passive_or_uninstrumented,6.795577,0.5427316,0.0912678,-5.278775,4.116426793582242,0.0912678,-3.348888404133793,1.852996e-09,e-,14,3,msc,gamma,e+,eIoni,1,,,world,recorded energy-deposit sample; not a complete Geant4 step or boundary path
S3d_O8__gamma__r6_s10_gamma_instant_S3d_O8_bundle0015__ID8081,/home/ubuntu/TES_511_Balloon/runs/particle_source_unit_repair_20260811/m05_16h_90gb_campaign_batch0006_v1/recovery0007_efficiency_scheduler/attempts/stage10_seven_family/S3d_O8/instant/gamma/r6_s10_gamma_instant_S3d_O8_bundle0015/attempt01/r6_s10_gamma_instant_S3d_O8_bundle0015.inc1.id1.sim.gz,8081,927984,78,Nb_MagShield_Inner_Back_ColdFingerCap_2mm,passive_or_uninstrumented,11.96335,0.5424328,0.09087472,-5.27864,4.116120050660564,0.09087472,-3.349004228224551,1.853017e-09,e-,14,3,msc,gamma,e+,eIoni,1,,,world,recorded energy-deposit sample; not a complete Geant4 step or boundary path
S3d_O8__gamma__r6_s10_gamma_instant_S3d_O8_bundle0015__ID8081,/home/ubuntu/TES_511_Balloon/runs/particle_source_unit_repair_20260811/m05_16h_90gb_campaign_batch0006_v1/recovery0007_efficiency_scheduler/attempts/stage10_seven_family/S3d_O8/instant/gamma/r6_s10_gamma_instant_S3d_O8_bundle0015/attempt01/r6_s10_gamma_instant_S3d_O8_bundle0015.inc1.id1.sim.gz,8081,927985,79,Nb_MagShield_Inner_Back_ColdFingerCap_2mm,passive_or_uninstrumented,6.049724,0.54208,0.09057,-5.278535,4.115796337176136,0.09057,-3.3491794492849287,1.853037e-09,e-,14,3,msc,gamma,e+,eIoni,1,,,world,recorded energy-deposit sample; not a complete Geant4 step or boundary path
S3d_O8__gamma__r6_s10_gamma_instant_S3d_O8_bundle0015__ID8081,/home/ubuntu/TES_511_Balloon/runs/particle_source_unit_repair_20260811/m05_16h_90gb_campaign_batch0006_v1/recovery0007_efficiency_scheduler/attempts/stage10_seven_family/S3d_O8/instant/gamma/r6_s10_gamma_instant_S3d_O8_bundle0015/attempt01/r6_s10_gamma_instant_S3d_O8_bundle0015.inc1.id1.sim.gz,8081,927986,80,Nb_MagShield_Inner_Back_ColdFingerCap_2mm,passive_or_uninstrumented,5.807218,0.5416494,0.09036702,-5.27864,4.115566103208183,0.09036702,-3.349558175676933,1.853057e-09,e-,14,3,msc,gamma,e+,eIoni,1,,,world,recorded energy-deposit sample; not a complete Geant4 step or boundary path
S3d_O8__gamma__r6_s10_gamma_instant_S3d_O8_bundle0015__ID8081,/home/ubuntu/TES_511_Balloon/runs/particle_source_unit_repair_20260811/m05_16h_90gb_campaign_batch0006_v1/recovery0007_efficiency_scheduler/attempts/stage10_seven_family/S3d_O8/instant/gamma/r6_s10_gamma_instant_S3d_O8_bundle0015/attempt01/r6_s10_gamma_instant_S3d_O8_bundle0015.inc1.id1.sim.gz,8081,927987,81,Nb_MagShield_Inner_Back_ColdFingerCap_2mm,passive_or_uninstrumented,10.41732,0.5412387,0.09031061,-5.278823,4.115405094994106,0.09031061,-3.349977984972923,1.853077e-09,e-,14,3,msc,gamma,e+,eIoni,1,,,world,recorded energy-deposit sample; not a complete Geant4 step or boundary path
S3d_O8__gamma__r6_s10_gamma_instant_S3d_O8_bundle0015__ID8081,/home/ubuntu/TES_511_Balloon/runs/particle_source_unit_repair_20260811/m05_16h_90gb_campaign_batch0006_v1/recovery0007_efficiency_scheduler/attempts/stage10_seven_family/S3d_O8/instant/gamma/r6_s10_gamma_instant_S3d_O8_bundle0015/attempt01/r6_s10_gamma_instant_S3d_O8_bundle0015.inc1.id1.sim.gz,8081,927988,82,Nb_MagShield_Inner_Back_ColdFingerCap_2mm,passive_or_uninstrumented,2.521738,0.5410273,0.08995397,-5.278891,4.115303695881684,0.08995397,-3.3501755506075868,1.853096e-09,e-,14,3,msc,gamma,e+,eIoni,1,,,world,recorded energy-deposit sample; not a complete Geant4 step or boundary path
S3d_O8__gamma__r6_s10_gamma_instant_S3d_O8_bundle0015__ID8081,/home/ubuntu/TES_511_Balloon/runs/particle_source_unit_repair_20260811/m05_16h_90gb_campaign_batch0006_v1/recovery0007_efficiency_scheduler/attempts/stage10_seven_family/S3d_O8/instant/gamma/r6_s10_gamma_instant_S3d_O8_bundle0015/attempt01/r6_s10_gamma_instant_S3d_O8_bundle0015.inc1.id1.sim.gz,8081,927989,83,Nb_MagShield_Inner_Back_ColdFingerCap_2mm,passive_or_uninstrumented,8.578575,0.5410703,0.08958201,-5.278833,4.115293089279966,0.08958201,-3.350104132822686,1.853116e-09,e-,14,3,msc,gamma,e+,eIoni,1,,,world,recorded energy-deposit sample; not a complete Geant4 step or boundary path
S3d_O8__gamma__r6_s10_gamma_instant_S3d_O8_bundle0015__ID8081,/home/ubuntu/TES_511_Balloon/runs/particle_source_unit_repair_20260811/m05_16h_90gb_campaign_batch0006_v1/recovery0007_efficiency_scheduler/attempts/stage10_seven_family/S3d_O8/instant/gamma/r6_s10_gamma_instant_S3d_O8_bundle0015/attempt01/r6_s10_gamma_instant_S3d_O8_bundle0015.inc1.id1.sim.gz,8081,927990,84,Nb_MagShield_Inner_Back_ColdFingerCap_2mm,passive_or_uninstrumented,8.093073,0.5415349,0.08941773,-5.278949,4.115703635477123,0.08941773,-3.349857635398765,1.853135e-09,e-,14,3,msc,gamma,e+,eIoni,1,,,world,recorded energy-deposit sample; not a complete Geant4 step or boundary path
S3d_O8__gamma__r6_s10_gamma_instant_S3d_O8_bundle0015__ID8081,/home/ubuntu/TES_511_Balloon/runs/particle_source_unit_repair_20260811/m05_16h_90gb_campaign_batch0006_v1/recovery0007_efficiency_scheduler/attempts/stage10_seven_family/S3d_O8/instant/gamma/r6_s10_gamma_instant_S3d_O8_bundle0015/attempt01/r6_s10_gamma_instant_S3d_O8_bundle0015.inc1.id1.sim.gz,8081,927991,85,Nb_MagShield_Inner_Back_ColdFingerCap_2mm,passive_or_uninstrumented,104.9802,0.5417498,0.08907499,-5.278943,4.115851350083712,0.08907499,-3.3497014355108012,1.853159e-09,e-,14,3,eIoni,gamma,e+,eIoni,1,,,world,recorded energy-deposit sample; not a complete Geant4 step or boundary path
S3d_O8__gamma__r6_s10_gamma_instant_S3d_O8_bundle0015__ID8081,/home/ubuntu/TES_511_Balloon/runs/particle_source_unit_repair_20260811/m05_16h_90gb_campaign_batch0006_v1/recovery0007_efficiency_scheduler/attempts/stage10_seven_family/S3d_O8/instant/gamma/r6_s10_gamma_instant_S3d_O8_bundle0015/attempt01/r6_s10_gamma_instant_S3d_O8_bundle0015.inc1.id1.sim.gz,8081,927992,86,Nb_MagShield_Inner_Back_ColdFingerCap_2mm,passive_or_uninstrumented,54.73884,0.5564009,0.1217337,-5.278406,4.125831525904058,0.1217337,-3.338961827007462,1.85147e-09,e-,13,3,eIoni,gamma,e+,eIoni,1,,,world,recorded energy-deposit sample; not a complete Geant4 step or boundary path
S3d_O8__gamma__r6_s10_gamma_instant_S3d_O8_bundle0015__ID8081,/home/ubuntu/TES_511_Balloon/runs/particle_source_unit_repair_20260811/m05_16h_90gb_campaign_batch0006_v1/recovery0007_efficiency_scheduler/attempts/stage10_seven_family/S3d_O8/instant/gamma/r6_s10_gamma_instant_S3d_O8_bundle0015/attempt01/r6_s10_gamma_instant_S3d_O8_bundle0015.inc1.id1.sim.gz,8081,927993,87,Nb_MagShield_Inner_Cylinder_2mm,passive_or_uninstrumented,41.55101,0.6832955,-2.423805,-3.459767,2.929587588629691,-2.423805,-1.9632618254211855,1.742054e-09,e-,5,3,eIoni,gamma,e+,eIoni,1,,,world,recorded energy-deposit sample; not a complete Geant4 step or boundary path
S3d_O8__gamma__r6_s10_gamma_instant_S3d_O8_bundle0015__ID8081,/home/ubuntu/TES_511_Balloon/runs/particle_source_unit_repair_20260811/m05_16h_90gb_campaign_batch0006_v1/recovery0007_efficiency_scheduler/attempts/stage10_seven_family/S3d_O8/instant/gamma/r6_s10_gamma_instant_S3d_O8_bundle0015/attempt01/r6_s10_gamma_instant_S3d_O8_bundle0015.inc1.id1.sim.gz,8081,927994,88,Nb_MagShield_Inner_Cylinder_2mm,passive_or_uninstrumented,179.6606,0.7223089,-2.473452,-3.460488,2.9576840523160692,-2.473452,-1.9361850097132778,1.739948e-09,e-,4,3,eIoni,gamma,e+,eIoni,1,,,world,recorded energy-deposit sample; not a complete Geant4 step or boundary path
S3d_O8__gamma__r6_s10_gamma_instant_S3d_O8_bundle0015__ID8081,/home/ubuntu/TES_511_Balloon/runs/particle_source_unit_repair_20260811/m05_16h_90gb_campaign_batch0006_v1/recovery0007_efficiency_scheduler/attempts/stage10_seven_family/S3d_O8/instant/gamma/r6_s10_gamma_instant_S3d_O8_bundle0015/attempt01/r6_s10_gamma_instant_S3d_O8_bundle0015.inc1.id1.sim.gz,8081,927995,89,ColdPlate_MXC_50mK_SD_anchor,passive_or_uninstrumented,0.93749,4.089288,1.060437,-4.513552,6.083126501462879,1.060437,-0.2999999514133294,2.066292e-09,gamma,18,3,compt,gamma,e+,annihil,1,,,world,recorded energy-deposit sample; not a complete Geant4 step or boundary path
S3d_O8__gamma__r6_s10_gamma_instant_S3d_O8_bundle0015__ID8081,/home/ubuntu/TES_511_Balloon/runs/particle_source_unit_repair_20260811/m05_16h_90gb_campaign_batch0006_v1/recovery0007_efficiency_scheduler/attempts/stage10_seven_family/S3d_O8/instant/gamma/r6_s10_gamma_instant_S3d_O8_bundle0015/attempt01/r6_s10_gamma_instant_S3d_O8_bundle0015.inc1.id1.sim.gz,8081,927996,90,ColdPlate_MXC_50mK_SD_anchor,passive_or_uninstrumented,0.95853,4.2357,1.126683,-4.486354,6.167423529275252,1.126683,-0.17723914313153347,2.095606e-09,gamma,18,3,compt,gamma,e+,annihil,1,,,world,recorded energy-deposit sample; not a complete Geant4 step or boundary path
S3d_O8__gamma__r6_s10_gamma_instant_S3d_O8_bundle0015__ID8081,/home/ubuntu/TES_511_Balloon/runs/particle_source_unit_repair_20260811/m05_16h_90gb_campaign_batch0006_v1/recovery0007_efficiency_scheduler/attempts/stage10_seven_family/S3d_O8/instant/gamma/r6_s10_gamma_instant_S3d_O8_bundle0015/attempt01/r6_s10_gamma_instant_S3d_O8_bundle0015.inc1.id1.sim.gz,8081,927997,91,ColdPlate_MXC_50mK_SD_anchor,passive_or_uninstrumented,0.12126,4.496181,1.901236,-4.163076,6.123019344737081,1.901236,0.23554080434714475,2.099353e-09,gamma,18,3,compt,gamma,e+,annihil,1,,,world,recorded energy-deposit sample; not a complete Geant4 step or boundary path
S3d_O8__gamma__r6_s10_gamma_instant_S3d_O8_bundle0015__ID8081,/home/ubuntu/TES_511_Balloon/runs/particle_source_unit_repair_20260811/m05_16h_90gb_campaign_batch0006_v1/recovery0007_efficiency_scheduler/attempts/stage10_seven_family/S3d_O8/instant/gamma/r6_s10_gamma_instant_S3d_O8_bundle0015/attempt01/r6_s10_gamma_instant_S3d_O8_bundle0015.inc1.id1.sim.gz,8081,927998,92,ColdPlate_MXC_50mK_SD_anchor,passive_or_uninstrumented,0.0098,4.443287,1.826879,-4.097524,6.039265374932659,1.826879,0.24449136198340413,2.14794e-09,gamma,18,3,compt,gamma,e+,annihil,1,,,world,recorded energy-deposit sample; not a complete Geant4 step or boundary path
S3d_O8__gamma__r6_s10_gamma_instant_S3d_O8_bundle0015__ID8081,/home/ubuntu/TES_511_Balloon/runs/particle_source_unit_repair_20260811/m05_16h_90gb_campaign_batch0006_v1/recovery0007_efficiency_scheduler/attempts/stage10_seven_family/S3d_O8/instant/gamma/r6_s10_gamma_instant_S3d_O8_bundle0015/attempt01/r6_s10_gamma_instant_S3d_O8_bundle0015.inc1.id1.sim.gz,8081,927999,93,ColdPlate_MXC_50mK_SD_anchor,passive_or_uninstrumented,0.12126,3.526149,0.8154084,-3.590117,5.031959945327268,0.8154084,-0.04523220657894078,2.152959e-09,gamma,18,3,compt,gamma,e+,annihil,1,,,world,recorded energy-deposit sample; not a complete Geant4 step or boundary path
S3d_O8__gamma__r6_s10_gamma_instant_S3d_O8_bundle0015__ID8081,/home/ubuntu/TES_511_Balloon/runs/particle_source_unit_repair_20260811/m05_16h_90gb_campaign_batch0006_v1/recovery0007_efficiency_scheduler/attempts/stage10_seven_family/S3d_O8/instant/gamma/r6_s10_gamma_instant_S3d_O8_bundle0015/attempt01/r6_s10_gamma_instant_S3d_O8_bundle0015.inc1.id1.sim.gz,8081,928000,94,MuMetal_MagShield_Outer_Back_ColdFingerCap_2mm,passive_or_uninstrumented,0.08048,1.779257,-2.790862,-4.584704,4.499999978306723,-2.790862,-1.9837505979594563,2.303174e-09,gamma,18,3,compt,gamma,e+,annihil,1,,,world,recorded energy-deposit sample; not a complete Geant4 step or boundary path
S3d_O8__gamma__r6_s10_gamma_instant_S3d_O8_bundle0015__ID8081,/home/ubuntu/TES_511_Balloon/runs/particle_source_unit_repair_20260811/m05_16h_90gb_campaign_batch0006_v1/recovery0007_efficiency_scheduler/attempts/stage10_seven_family/S3d_O8/instant/gamma/r6_s10_gamma_instant_S3d_O8_bundle0015/attempt01/r6_s10_gamma_instant_S3d_O8_bundle0015.inc1.id1.sim.gz,8081,928001,95,MuMetal_MagShield_Outer_Back_ColdFingerCap_2mm,passive_or_uninstrumented,8.3028,1.577499,-3.21072,-4.68711,4.429747505382276,-3.21072,-2.198827024952281,2.305646e-09,gamma,18,3,compt,gamma,e+,annihil,1,,,world,recorded energy-deposit sample; not a complete Geant4 step or boundary path
S3d_O8__gamma__r6_s10_gamma_instant_S3d_O8_bundle0015__ID8081,/home/ubuntu/TES_511_Balloon/runs/particle_source_unit_repair_20260811/m05_16h_90gb_campaign_batch0006_v1/recovery0007_efficiency_scheduler/attempts/stage10_seven_family/S3d_O8/instant/gamma/r6_s10_gamma_instant_S3d_O8_bundle0015/attempt01/r6_s10_gamma_instant_S3d_O8_bundle0015.inc1.id1.sim.gz,8081,928002,96,MuMetal_MagShield_Outer_Back_ColdFingerCap_2mm,passive_or_uninstrumented,0.01466,1.55331,-3.222267,-4.756173,4.461478215081242,-3.222267,-2.26476614651149,2.305854e-09,gamma,18,3,compt,gamma,e+,annihil,1,,,world,recorded energy-deposit sample; not a complete Geant4 step or boundary path
S3d_O8__gamma__r6_s10_gamma_instant_S3d_O8_bundle0015__ID8081,/home/ubuntu/TES_511_Balloon/runs/particle_source_unit_repair_20260811/m05_16h_90gb_campaign_batch0006_v1/recovery0007_efficiency_scheduler/attempts/stage10_seven_family/S3d_O8/instant/gamma/r6_s10_gamma_instant_S3d_O8_bundle0015/attempt01/r6_s10_gamma_instant_S3d_O8_bundle0015.inc1.id1.sim.gz,8081,928003,97,Cu_50mK_StillLike_Can_bottom_cap_2mm,passive_or_uninstrumented,0.93749,-2.773318,-9.586981,-10.94455,5.777933557848516,-9.586981,-9.699997486221942,2.635328e-09,gamma,18,3,phot,gamma,e+,annihil,1,,,world,recorded energy-deposit sample; not a complete Geant4 step or boundary path
S3d_O8__gamma__r6_s10_gamma_instant_S3d_O8_bundle0015__ID8081,/home/ubuntu/TES_511_Balloon/runs/particle_source_unit_repair_20260811/m05_16h_90gb_campaign_batch0006_v1/recovery0007_efficiency_scheduler/attempts/stage10_seven_family/S3d_O8/instant/gamma/r6_s10_gamma_instant_S3d_O8_bundle0015/attempt01/r6_s10_gamma_instant_S3d_O8_bundle0015.inc1.id1.sim.gz,8081,928004,98,Cu_50mK_StillLike_Can_bottom_cap_2mm,passive_or_uninstrumented,1.274695,-2.773754,-9.587623,-10.94518,5.778070736564066,-9.587623,-9.700751262050689,2.635333e-09,e-,28,18,msc,gamma,gamma,phot,1,,,world,recorded energy-deposit sample; not a complete Geant4 step or boundary path
S3d_O8__gamma__r6_s10_gamma_instant_S3d_O8_bundle0015__ID8081,/home/ubuntu/TES_511_Balloon/runs/particle_source_unit_repair_20260811/m05_16h_90gb_campaign_batch0006_v1/recovery0007_efficiency_scheduler/attempts/stage10_seven_family/S3d_O8/instant/gamma/r6_s10_gamma_instant_S3d_O8_bundle0015/attempt01/r6_s10_gamma_instant_S3d_O8_bundle0015.inc1.id1.sim.gz,8081,928005,99,Cu_50mK_StillLike_Can_bottom_cap_2mm,passive_or_uninstrumented,2.295344,-2.773805,-9.587674,-10.94523,5.778070029457285,-9.587674,-9.700822679835587,2.635337e-09,e-,28,18,msc,gamma,gamma,phot,1,,,world,recorded energy-deposit sample; not a complete Geant4 step or boundary path
S3d_O8__gamma__r6_s10_gamma_instant_S3d_O8_bundle0015__ID8081,/home/ubuntu/TES_511_Balloon/runs/particle_source_unit_repair_20260811/m05_16h_90gb_campaign_batch0006_v1/recovery0007_efficiency_scheduler/attempts/stage10_seven_family/S3d_O8/instant/gamma/r6_s10_gamma_instant_S3d_O8_bundle0015/attempt01/r6_s10_gamma_instant_S3d_O8_bundle0015.inc1.id1.sim.gz,8081,928006,100,Cu_50mK_StillLike_Can_bottom_cap_2mm,passive_or_uninstrumented,2.567549,-2.773854,-9.587702,-10.94525,5.77804952336063,-9.587702,-9.70087147020349,2.635341e-09,e-,28,18,msc,gamma,gamma,phot,1,,,world,recorded energy-deposit sample; not a complete Geant4 step or boundary path
S3d_O8__gamma__r6_s10_gamma_instant_S3d_O8_bundle0015__ID8081,/home/ubuntu/TES_511_Balloon/runs/particle_source_unit_repair_20260811/m05_16h_90gb_campaign_batch0006_v1/recovery0007_efficiency_scheduler/attempts/stage10_seven_family/S3d_O8/instant/gamma/r6_s10_gamma_instant_S3d_O8_bundle0015/attempt01/r6_s10_gamma_instant_S3d_O8_bundle0015.inc1.id1.sim.gz,8081,928007,101,Cu_50mK_StillLike_Can_bottom_cap_2mm,passive_or_uninstrumented,1.594373,-2.773906,-9.587713,-10.94527,5.778026895943633,-9.587713,-9.700922381891736,2.635345e-09,e-,28,18,msc,gamma,gamma,phot,1,,,world,recorded energy-deposit sample; not a complete Geant4 step or boundary path
S3d_O8__gamma__r6_s10_gamma_instant_S3d_O8_bundle0015__ID8081,/home/ubuntu/TES_511_Balloon/runs/particle_source_unit_repair_20260811/m05_16h_90gb_campaign_batch0006_v1/recovery0007_efficiency_scheduler/attempts/stage10_seven_family/S3d_O8/instant/gamma/r6_s10_gamma_instant_S3d_O8_bundle0015/attempt01/r6_s10_gamma_instant_S3d_O8_bundle0015.inc1.id1.sim.gz,8081,928008,102,Cu_50mK_StillLike_Can_bottom_cap_2mm,passive_or_uninstrumented,1.047033,-2.773958,-9.587741,-10.94528,5.777997197458823,-9.587741,-9.70096622251217,2.635349e-09,e-,28,18,msc,gamma,gamma,phot,1,,,world,recorded energy-deposit sample; not a complete Geant4 step or boundary path
S3d_O8__gamma__r6_s10_gamma_instant_S3d_O8_bundle0015__ID8081,/home/ubuntu/TES_511_Balloon/runs/particle_source_unit_repair_20260811/m05_16h_90gb_campaign_batch0006_v1/recovery0007_efficiency_scheduler/attempts/stage10_seven_family/S3d_O8/instant/gamma/r6_s10_gamma_instant_S3d_O8_bundle0015/attempt01/r6_s10_gamma_instant_S3d_O8_bundle0015.inc1.id1.sim.gz,8081,928009,103,Cu_50mK_StillLike_Can_bottom_cap_2mm,passive_or_uninstrumented,0.9192266,-2.774018,-9.587732,-10.94528,5.777954771051951,-9.587732,-9.70100864891904,2.635353e-09,e-,28,18,msc,gamma,gamma,phot,1,,,world,recorded energy-deposit sample; not a complete Geant4 step or boundary path
S3d_O8__gamma__r6_s10_gamma_instant_S3d_O8_bundle0015__ID8081,/home/ubuntu/TES_511_Balloon/runs/particle_source_unit_repair_20260811/m05_16h_90gb_campaign_batch0006_v1/recovery0007_efficiency_scheduler/attempts/stage10_seven_family/S3d_O8/instant/gamma/r6_s10_gamma_instant_S3d_O8_bundle0015/attempt01/r6_s10_gamma_instant_S3d_O8_bundle0015.inc1.id1.sim.gz,8081,928010,104,Cu_50mK_StillLike_Can_bottom_cap_2mm,passive_or_uninstrumented,66.40429,-2.774071,-9.587707,-10.9453,5.777931436528172,-9.587707,-9.701060267714066,2.635369e-09,e-,28,18,eIoni,gamma,gamma,phot,1,,,world,recorded energy-deposit sample; not a complete Geant4 step or boundary path
S3d_O8__gamma__r6_s10_gamma_instant_S3d_O8_bundle0015__ID8081,/home/ubuntu/TES_511_Balloon/runs/particle_source_unit_repair_20260811/m05_16h_90gb_campaign_batch0006_v1/recovery0007_efficiency_scheduler/attempts/stage10_seven_family/S3d_O8/instant/gamma/r6_s10_gamma_instant_S3d_O8_bundle0015/attempt01/r6_s10_gamma_instant_S3d_O8_bundle0015.inc1.id1.sim.gz,8081,928011,105,MuMetal_MagShield_Outer_Back_ColdFingerCap_2mm,passive_or_uninstrumented,21.67377,1.555031,-3.217979,-4.760396,4.4656812577886145,-3.217979,-2.2665353276780182,2.305858e-09,e-,27,18,eIoni,gamma,gamma,compt,1,,,world,recorded energy-deposit sample; not a complete Geant4 step or boundary path
S3d_O8__gamma__r6_s10_gamma_instant_S3d_O8_bundle0015__ID8081,/home/ubuntu/TES_511_Balloon/runs/particle_source_unit_repair_20260811/m05_16h_90gb_campaign_batch0006_v1/recovery0007_efficiency_scheduler/attempts/stage10_seven_family/S3d_O8/instant/gamma/r6_s10_gamma_instant_S3d_O8_bundle0015/attempt01/r6_s10_gamma_instant_S3d_O8_bundle0015.inc1.id1.sim.gz,8081,928012,106,MuMetal_MagShield_Outer_Back_ColdFingerCap_2mm,passive_or_uninstrumented,6.61468,1.55331,-3.222267,-4.756173,4.461478215081242,-3.222267,-2.26476614651149,2.305647e-09,e-,26,18,eIoni,gamma,gamma,compt,1,,,world,recorded energy-deposit sample; not a complete Geant4 step or boundary path
S3d_O8__gamma__r6_s10_gamma_instant_S3d_O8_bundle0015__ID8081,/home/ubuntu/TES_511_Balloon/runs/particle_source_unit_repair_20260811/m05_16h_90gb_campaign_batch0006_v1/recovery0007_efficiency_scheduler/attempts/stage10_seven_family/S3d_O8/instant/gamma/r6_s10_gamma_instant_S3d_O8_bundle0015/attempt01/r6_s10_gamma_instant_S3d_O8_bundle0015.inc1.id1.sim.gz,8081,928013,107,MuMetal_MagShield_Outer_Back_ColdFingerCap_2mm,passive_or_uninstrumented,12.2059,1.577499,-3.21072,-4.68711,4.429747505382276,-3.21072,-2.198827024952281,2.303176e-09,e-,25,18,eIoni,gamma,gamma,compt,1,,,world,recorded energy-deposit sample; not a complete Geant4 step or boundary path
S3d_O8__gamma__r6_s10_gamma_instant_S3d_O8_bundle0015__ID8081,/home/ubuntu/TES_511_Balloon/runs/particle_source_unit_repair_20260811/m05_16h_90gb_campaign_batch0006_v1/recovery0007_efficiency_scheduler/attempts/stage10_seven_family/S3d_O8/instant/gamma/r6_s10_gamma_instant_S3d_O8_bundle0015/attempt01/r6_s10_gamma_instant_S3d_O8_bundle0015.inc1.id1.sim.gz,8081,928014,108,ColdPlate_MXC_50mK_SD_anchor,passive_or_uninstrumented,14.27774,3.482518,0.753642,-3.720179,5.093075891532003,0.753642,-0.16805170472357617,2.152961e-09,e-,24,18,eIoni,gamma,gamma,compt,1,,,world,recorded energy-deposit sample; not a complete Geant4 step or boundary path
S3d_O8__gamma__r6_s10_gamma_instant_S3d_O8_bundle0015__ID8081,/home/ubuntu/TES_511_Balloon/runs/particle_source_unit_repair_20260811/m05_16h_90gb_campaign_batch0006_v1/recovery0007_efficiency_scheduler/attempts/stage10_seven_family/S3d_O8/instant/gamma/r6_s10_gamma_instant_S3d_O8_bundle0015/attempt01/r6_s10_gamma_instant_S3d_O8_bundle0015.inc1.id1.sim.gz,8081,928015,109,ColdPlate_MXC_50mK_SD_anchor,passive_or_uninstrumented,49.78043,3.526149,0.8154084,-3.590117,5.031959945327268,0.8154084,-0.04523220657894078,2.147951e-09,e-,23,18,eIoni,gamma,gamma,compt,1,,,world,recorded energy-deposit sample; not a complete Geant4 step or boundary path
S3d_O8__gamma__r6_s10_gamma_instant_S3d_O8_bundle0015__ID8081,/home/ubuntu/TES_511_Balloon/runs/particle_source_unit_repair_20260811/m05_16h_90gb_campaign_batch0006_v1/recovery0007_efficiency_scheduler/attempts/stage10_seven_family/S3d_O8/instant/gamma/r6_s10_gamma_instant_S3d_O8_bundle0015/attempt01/r6_s10_gamma_instant_S3d_O8_bundle0015.inc1.id1.sim.gz,8081,928016,110,ColdPlate_MXC_50mK_SD_anchor,passive_or_uninstrumented,3.681031,4.443287,1.826879,-4.097524,6.039265374932659,1.826879,0.24449136198340413,2.099354e-09,e-,22,18,eIoni,gamma,gamma,compt,1,,,world,recorded energy-deposit sample; not a complete Geant4 step or boundary path
S3d_O8__gamma__r6_s10_gamma_instant_S3d_O8_bundle0015__ID8081,/home/ubuntu/TES_511_Balloon/runs/particle_source_unit_repair_20260811/m05_16h_90gb_campaign_batch0006_v1/recovery0007_efficiency_scheduler/attempts/stage10_seven_family/S3d_O8/instant/gamma/r6_s10_gamma_instant_S3d_O8_bundle0015/attempt01/r6_s10_gamma_instant_S3d_O8_bundle0015.inc1.id1.sim.gz,8081,928017,111,ColdPlate_MXC_50mK_SD_anchor,passive_or_uninstrumented,36.17016,4.496181,1.901236,-4.163076,6.123019344737081,1.901236,0.23554080434714475,2.095659e-09,e-,21,18,eIoni,gamma,gamma,compt,1,,,world,recorded energy-deposit sample; not a complete Geant4 step or boundary path
S3d_O8__gamma__r6_s10_gamma_instant_S3d_O8_bundle0015__ID8081,/home/ubuntu/TES_511_Balloon/runs/particle_source_unit_repair_20260811/m05_16h_90gb_campaign_batch0006_v1/recovery0007_efficiency_scheduler/attempts/stage10_seven_family/S3d_O8/instant/gamma/r6_s10_gamma_instant_S3d_O8_bundle0015/attempt01/r6_s10_gamma_instant_S3d_O8_bundle0015.inc1.id1.sim.gz,8081,928018,112,ColdPlate_MXC_50mK_SD_anchor,passive_or_uninstrumented,139.6048,4.496617,1.902221,-4.16303,6.123295116381743,1.902221,0.2358816298156766,2.095701e-09,e-,21,18,eIoni,gamma,gamma,compt,1,,,world,recorded energy-deposit sample; not a complete Geant4 step or boundary path
S3d_O8__gamma__r6_s10_gamma_instant_S3d_O8_bundle0015__ID8081,/home/ubuntu/TES_511_Balloon/runs/particle_source_unit_repair_20260811/m05_16h_90gb_campaign_batch0006_v1/recovery0007_efficiency_scheduler/attempts/stage10_seven_family/S3d_O8/instant/gamma/r6_s10_gamma_instant_S3d_O8_bundle0015/attempt01/r6_s10_gamma_instant_S3d_O8_bundle0015.inc1.id1.sim.gz,8081,928019,113,ColdPlate_MXC_50mK_SD_anchor,passive_or_uninstrumented,123.3927,4.2357,1.126683,-4.486354,6.167423529275252,1.126683,-0.17723914313153347,2.066328e-09,e-,19,18,eIoni,gamma,gamma,compt,1,,,world,recorded energy-deposit sample; not a complete Geant4 step or boundary path
S3d_O8__gamma__r6_s10_gamma_instant_S3d_O8_bundle0015__ID8081,/home/ubuntu/TES_511_Balloon/runs/particle_source_unit_repair_20260811/m05_16h_90gb_campaign_batch0006_v1/recovery0007_efficiency_scheduler/attempts/stage10_seven_family/S3d_O8/instant/gamma/r6_s10_gamma_instant_S3d_O8_bundle0015/attempt01/r6_s10_gamma_instant_S3d_O8_bundle0015.inc1.id1.sim.gz,8081,928020,114,Cu_50mK_StillLike_Can_bottom_cap_2mm,passive_or_uninstrumented,0.93749,-2.773754,-9.587623,-10.94518,5.778070736564066,-9.587623,-9.700751262050689,2.635429e-09,gamma,29,18,phot,gamma,gamma,phot,1,,,world,recorded energy-deposit sample; not a complete Geant4 step or boundary path
S3d_O8__gamma__r6_s10_gamma_instant_S3d_O8_bundle0015__ID8081,/home/ubuntu/TES_511_Balloon/runs/particle_source_unit_repair_20260811/m05_16h_90gb_campaign_batch0006_v1/recovery0007_efficiency_scheduler/attempts/stage10_seven_family/S3d_O8/instant/gamma/r6_s10_gamma_instant_S3d_O8_bundle0015/attempt01/r6_s10_gamma_instant_S3d_O8_bundle0015.inc1.id1.sim.gz,8081,928021,115,Cu_50mK_StillLike_Can_bottom_cap_2mm,passive_or_uninstrumented,7.06822,-2.773908,-9.590626,-10.94467,5.777601217661358,-9.590626,-9.700499532036586,2.63543e-09,e-,30,29,eIoni,gamma,gamma,phot,1,,,world,recorded energy-deposit sample; not a complete Geant4 step or boundary path
S3d_O8__gamma__r6_s10_gamma_instant_S3d_O8_bundle0015__ID8081,/home/ubuntu/TES_511_Balloon/runs/particle_source_unit_repair_20260811/m05_16h_90gb_campaign_batch0006_v1/recovery0007_efficiency_scheduler/attempts/stage10_seven_family/S3d_O8/instant/gamma/r6_s10_gamma_instant_S3d_O8_bundle0015/attempt01/r6_s10_gamma_instant_S3d_O8_bundle0015.inc1.id1.sim.gz,8081,928022,116,ColdPlate_MXC_50mK_SD_anchor,passive_or_uninstrumented,1.0861,4.2357,1.126683,-4.486354,6.167423529275252,1.126683,-0.17723914313153347,2.066382e-09,gamma,20,18,phot,gamma,gamma,compt,1,,,world,recorded energy-deposit sample; not a complete Geant4 step or boundary path
S3d_O8__gamma__r6_s10_gamma_instant_S3d_O8_bundle0015__ID8081,/home/ubuntu/TES_511_Balloon/runs/particle_source_unit_repair_20260811/m05_16h_90gb_campaign_batch0006_v1/recovery0007_efficiency_scheduler/attempts/stage10_seven_family/S3d_O8/instant/gamma/r6_s10_gamma_instant_S3d_O8_bundle0015/attempt01/r6_s10_gamma_instant_S3d_O8_bundle0015.inc1.id1.sim.gz,8081,928023,117,ColdPlate_MXC_50mK_SD_anchor,passive_or_uninstrumented,6.91961,4.236534,1.125987,-4.483867,6.16625468176595,1.125987,-0.17489084151121254,2.066383e-09,e-,31,20,eIoni,gamma,gamma,phot,1,,,world,recorded energy-deposit sample; not a complete Geant4 step or boundary path
S3d_O8__gamma__r6_s10_gamma_instant_S3d_O8_bundle0015__ID8081,/home/ubuntu/TES_511_Balloon/runs/particle_source_unit_repair_20260811/m05_16h_90gb_campaign_batch0006_v1/recovery0007_efficiency_scheduler/attempts/stage10_seven_family/S3d_O8/instant/gamma/r6_s10_gamma_instant_S3d_O8_bundle0015/attempt01/r6_s10_gamma_instant_S3d_O8_bundle0015.inc1.id1.sim.gz,8081,928024,118,TP_L5_00019,tes,0.24248,-1.171813,-1.32,-5.490856,3.05402459353629,-1.32,-4.711218430701394,1.936822e-09,gamma,17,3,compt,gamma,e+,annihil,1,TP_L5_00019,5,world,recorded energy-deposit sample; not a complete Geant4 step or boundary path
S3d_O8__gamma__r6_s10_gamma_instant_S3d_O8_bundle0015__ID8081,/home/ubuntu/TES_511_Balloon/runs/particle_source_unit_repair_20260811/m05_16h_90gb_campaign_batch0006_v1/recovery0007_efficiency_scheduler/attempts/stage10_seven_family/S3d_O8/instant/gamma/r6_s10_gamma_instant_S3d_O8_bundle0015/attempt01/r6_s10_gamma_instant_S3d_O8_bundle0015.inc1.id1.sim.gz,8081,928025,119,TP_L5_00006,tes,0.05115,-1.401495,-1.578441,-5.627147,2.9879871841344974,-1.578441,-4.970000420732577,1.947412e-09,gamma,17,3,compt,gamma,e+,annihil,1,TP_L5_00006,5,world,recorded energy-deposit sample; not a complete Geant4 step or boundary path
S3d_O8__gamma__r6_s10_gamma_instant_S3d_O8_bundle0015__ID8081,/home/ubuntu/TES_511_Balloon/runs/particle_source_unit_repair_20260811/m05_16h_90gb_campaign_batch0006_v1/recovery0007_efficiency_scheduler/attempts/stage10_seven_family/S3d_O8/instant/gamma/r6_s10_gamma_instant_S3d_O8_bundle0015/attempt01/r6_s10_gamma_instant_S3d_O8_bundle0015.inc1.id1.sim.gz,8081,928026,120,TP_L5_00006,tes,9.8792,-1.411,-1.592219,-5.634654,2.986574384785686,-1.592219,-4.982029721294124,1.951562e-09,gamma,17,3,phot,gamma,e+,annihil,1,TP_L5_00006,5,world,recorded energy-deposit sample; not a complete Geant4 step or boundary path
S3d_O8__gamma__r6_s10_gamma_instant_S3d_O8_bundle0015__ID8081,/home/ubuntu/TES_511_Balloon/runs/particle_source_unit_repair_20260811/m05_16h_90gb_campaign_batch0006_v1/recovery0007_efficiency_scheduler/attempts/stage10_seven_family/S3d_O8/instant/gamma/r6_s10_gamma_instant_S3d_O8_bundle0015/attempt01/r6_s10_gamma_instant_S3d_O8_bundle0015.inc1.id1.sim.gz,8081,928027,121,TP_L5_00006,tes,11.656,-1.351368,-1.532799,-5.726275,3.0935264067604957,-1.532799,-5.0046493601175,1.95201e-09,gamma,35,17,phot,gamma,gamma,phot,1,TP_L5_00006,5,world,recorded energy-deposit sample; not a complete Geant4 step or boundary path
S3d_O8__gamma__r6_s10_gamma_instant_S3d_O8_bundle0015__ID8081,/home/ubuntu/TES_511_Balloon/runs/particle_source_unit_repair_20260811/m05_16h_90gb_campaign_batch0006_v1/recovery0007_efficiency_scheduler/attempts/stage10_seven_family/S3d_O8/instant/gamma/r6_s10_gamma_instant_S3d_O8_bundle0015/attempt01/r6_s10_gamma_instant_S3d_O8_bundle0015.inc1.id1.sim.gz,8081,928028,122,Nb_MagShield_Inner_Back_ColdFingerCap_2mm,passive_or_uninstrumented,2.3691,1.109123,1.008966,-4.689153,4.10000027879121,1.008966,-2.5314634898512756,1.980848e-09,gamma,16,3,phot,gamma,e+,eBrem,1,,,world,recorded energy-deposit sample; not a complete Geant4 step or boundary path
S3d_O8__gamma__r6_s10_gamma_instant_S3d_O8_bundle0015__ID8081,/home/ubuntu/TES_511_Balloon/runs/particle_source_unit_repair_20260811/m05_16h_90gb_campaign_batch0006_v1/recovery0007_efficiency_scheduler/attempts/stage10_seven_family/S3d_O8/instant/gamma/r6_s10_gamma_instant_S3d_O8_bundle0015/attempt01/r6_s10_gamma_instant_S3d_O8_bundle0015.inc1.id1.sim.gz,8081,928029,123,Cu_SubstrateSupport_SolidDisk_L0_deepest,passive_or_uninstrumented,8.9432,0.3875694,1.622491,-4.63021,3.548105840238166,1.622491,-2.999999938397363,2.012746e-09,gamma,38,16,phot,gamma,gamma,phot,1,,,world,recorded energy-deposit sample; not a complete Geant4 step or boundary path
S3d_O8__gamma__r6_s10_gamma_instant_S3d_O8_bundle0015__ID8081,/home/ubuntu/TES_511_Balloon/runs/particle_source_unit_repair_20260811/m05_16h_90gb_campaign_batch0006_v1/recovery0007_efficiency_scheduler/attempts/stage10_seven_family/S3d_O8/instant/gamma/r6_s10_gamma_instant_S3d_O8_bundle0015/attempt01/r6_s10_gamma_instant_S3d_O8_bundle0015.inc1.id1.sim.gz,8081,928030,124,Nb_MagShield_Inner_Back_ColdFingerCap_2mm,passive_or_uninstrumented,2.6763,0.5590246,0.1256523,-5.277204,4.126836819614871,0.1256523,-3.3362566485946767,1.851394e-09,gamma,12,3,phot,gamma,e+,eIoni,1,,,world,recorded energy-deposit sample; not a complete Geant4 step or boundary path
S3d_O8__gamma__r6_s10_gamma_instant_S3d_O8_bundle0015__ID8081,/home/ubuntu/TES_511_Balloon/runs/particle_source_unit_repair_20260811/m05_16h_90gb_campaign_batch0006_v1/recovery0007_efficiency_scheduler/attempts/stage10_seven_family/S3d_O8/instant/gamma/r6_s10_gamma_instant_S3d_O8_bundle0015/attempt01/r6_s10_gamma_instant_S3d_O8_bundle0015.inc1.id1.sim.gz,8081,928031,125,Nb_MagShield_Inner_Back_ColdFingerCap_2mm,passive_or_uninstrumented,2.3691,0.5592678,0.1280503,-5.275947,4.126119954760104,0.1280503,-3.3351958470015406,1.851319e-09,gamma,11,3,phot,gamma,e+,eBrem,1,,,world,recorded energy-deposit sample; not a complete Geant4 step or boundary path
S3d_O8__gamma__r6_s10_gamma_instant_S3d_O8_bundle0015__ID8081,/home/ubuntu/TES_511_Balloon/runs/particle_source_unit_repair_20260811/m05_16h_90gb_campaign_batch0006_v1/recovery0007_efficiency_scheduler/attempts/stage10_seven_family/S3d_O8/instant/gamma/r6_s10_gamma_instant_S3d_O8_bundle0015/attempt01/r6_s10_gamma_instant_S3d_O8_bundle0015.inc1.id1.sim.gz,8081,928032,126,Nb_MagShield_Inner_Back_ColdFingerCap_2mm,passive_or_uninstrumented,2.4666,0.5554116,0.1536918,-5.269372,4.118743982504191,0.1536918,-3.33327336508485,1.850418e-09,gamma,10,3,phot,gamma,e+,eIoni,1,,,world,recorded energy-deposit sample; not a complete Geant4 step or boundary path
S3d_O8__gamma__r6_s10_gamma_instant_S3d_O8_bundle0015__ID8081,/home/ubuntu/TES_511_Balloon/runs/particle_source_unit_repair_20260811/m05_16h_90gb_campaign_batch0006_v1/recovery0007_efficiency_scheduler/attempts/stage10_seven_family/S3d_O8/instant/gamma/r6_s10_gamma_instant_S3d_O8_bundle0015/attempt01/r6_s10_gamma_instant_S3d_O8_bundle0015.inc1.id1.sim.gz,8081,928033,127,Nb_MagShield_Inner_Back_ColdFingerCap_2mm,passive_or_uninstrumented,2.6763,0.5518247,0.1724036,-5.260623,4.110021183962152,0.1724036,-3.329623209169687,1.849143e-09,gamma,9,3,phot,gamma,e+,eBrem,1,,,world,recorded energy-deposit sample; not a complete Geant4 step or boundary path
S3d_O8__gamma__r6_s10_gamma_instant_S3d_O8_bundle0015__ID8081,/home/ubuntu/TES_511_Balloon/runs/particle_source_unit_repair_20260811/m05_16h_90gb_campaign_batch0006_v1/recovery0007_efficiency_scheduler/attempts/stage10_seven_family/S3d_O8/instant/gamma/r6_s10_gamma_instant_S3d_O8_bundle0015/attempt01/r6_s10_gamma_instant_S3d_O8_bundle0015.inc1.id1.sim.gz,8081,928034,128,Nb_MagShield_Inner_Cylinder_2mm,passive_or_uninstrumented,0.35928,0.6780537,-2.398796,-3.458352,2.924880520208688,-2.398796,-1.9659677816514303,1.742878e-09,gamma,8,3,phot,gamma,e+,eIoni,1,,,world,recorded energy-deposit sample; not a complete Geant4 step or boundary path
S3d_O8__gamma__r6_s10_gamma_instant_S3d_O8_bundle0015__ID8081,/home/ubuntu/TES_511_Balloon/runs/particle_source_unit_repair_20260811/m05_16h_90gb_campaign_batch0006_v1/recovery0007_efficiency_scheduler/attempts/stage10_seven_family/S3d_O8/instant/gamma/r6_s10_gamma_instant_S3d_O8_bundle0015/attempt01/r6_s10_gamma_instant_S3d_O8_bundle0015.inc1.id1.sim.gz,8081,928035,129,Nb_MagShield_Inner_Cylinder_2mm,passive_or_uninstrumented,0.35928,0.680691,-2.409467,-3.462767,2.9298672493616498,-2.409467,-1.9672248053763455,1.742549e-09,gamma,7,3,phot,gamma,e+,eIoni,1,,,world,recorded energy-deposit sample; not a complete Geant4 step or boundary path
S3d_O8__gamma__r6_s10_gamma_instant_S3d_O8_bundle0015__ID8081,/home/ubuntu/TES_511_Balloon/runs/particle_source_unit_repair_20260811/m05_16h_90gb_campaign_batch0006_v1/recovery0007_efficiency_scheduler/attempts/stage10_seven_family/S3d_O8/instant/gamma/r6_s10_gamma_instant_S3d_O8_bundle0015/attempt01/r6_s10_gamma_instant_S3d_O8_bundle0015.inc1.id1.sim.gz,8081,928036,130,Nb_MagShield_Inner_Cylinder_2mm,passive_or_uninstrumented,2.3691,0.6828477,-2.419694,-3.460576,2.929842995599055,-2.419694,-1.964150517223781,1.742201e-09,gamma,6,3,phot,gamma,e+,eBrem,1,,,world,recorded energy-deposit sample; not a complete Geant4 step or boundary path
S3d_O8__gamma__r6_s10_gamma_instant_S3d_O8_bundle0015__ID8081,/home/ubuntu/TES_511_Balloon/runs/particle_source_unit_repair_20260811/m05_16h_90gb_campaign_batch0006_v1/recovery0007_efficiency_scheduler/attempts/stage10_seven_family/S3d_O8/instant/gamma/r6_s10_gamma_instant_S3d_O8_bundle0015/attempt01/r6_s10_gamma_instant_S3d_O8_bundle0015.inc1.id1.sim.gz,8081,928037,131,Nb_MagShield_Inner_Cylinder_2mm,passive_or_uninstrumented,2.6763,0.6827911,-2.419271,-3.460632,2.9298425713349863,-2.419271,-1.9642301374473425,1.742253e-09,gamma,47,6,phot,gamma,gamma,phot,1,,,world,recorded energy-deposit sample; not a complete Geant4 step or boundary path
S3d_O8__gamma__r6_s10_gamma_instant_S3d_O8_bundle0015__ID8081,/home/ubuntu/TES_511_Balloon/runs/particle_source_unit_repair_20260811/m05_16h_90gb_campaign_batch0006_v1/recovery0007_efficiency_scheduler/attempts/stage10_seven_family/S3d_O8/instant/gamma/r6_s10_gamma_instant_S3d_O8_bundle0015/attempt01/r6_s10_gamma_instant_S3d_O8_bundle0015.inc1.id1.sim.gz,8081,928038,132,Nb_MagShield_Inner_Cylinder_2mm,passive_or_uninstrumented,13.9026,0.6841265,-2.419139,-3.461432,2.9313525271555325,-2.419139,-1.9638515524766949,1.742255e-09,e-,48,47,eIoni,gamma,gamma,phot,1,,,world,recorded energy-deposit sample; not a complete Geant4 step or boundary path
S3d_O8__gamma__r6_s10_gamma_instant_S3d_O8_bundle0015__ID8081,/home/ubuntu/TES_511_Balloon/runs/particle_source_unit_repair_20260811/m05_16h_90gb_campaign_batch0006_v1/recovery0007_efficiency_scheduler/attempts/stage10_seven_family/S3d_O8/instant/gamma/r6_s10_gamma_instant_S3d_O8_bundle0015/attempt01/r6_s10_gamma_instant_S3d_O8_bundle0015.inc1.id1.sim.gz,8081,928039,133,Nb_MagShield_Inner_Cylinder_2mm,passive_or_uninstrumented,3.934222,0.6827911,-2.419271,-3.460632,2.9298425713349863,-2.419271,-1.9642301374473425,1.742201e-09,e-,46,6,eIoni,gamma,gamma,phot,1,,,world,recorded energy-deposit sample; not a complete Geant4 step or boundary path
S3d_O8__gamma__r6_s10_gamma_instant_S3d_O8_bundle0015__ID8081,/home/ubuntu/TES_511_Balloon/runs/particle_source_unit_repair_20260811/m05_16h_90gb_campaign_batch0006_v1/recovery0007_efficiency_scheduler/attempts/stage10_seven_family/S3d_O8/instant/gamma/r6_s10_gamma_instant_S3d_O8_bundle0015/attempt01/r6_s10_gamma_instant_S3d_O8_bundle0015.inc1.id1.sim.gz,8081,928040,134,Nb_MagShield_Inner_Cylinder_2mm,passive_or_uninstrumented,1.79801,0.6806351,-2.409419,-3.462827,2.929870148499453,-2.409419,-1.967306759052285,1.742549e-09,e-,45,7,eIoni,gamma,gamma,phot,1,,,world,recorded energy-deposit sample; not a complete Geant4 step or boundary path
S3d_O8__gamma__r6_s10_gamma_instant_S3d_O8_bundle0015__ID8081,/home/ubuntu/TES_511_Balloon/runs/particle_source_unit_repair_20260811/m05_16h_90gb_campaign_batch0006_v1/recovery0007_efficiency_scheduler/attempts/stage10_seven_family/S3d_O8/instant/gamma/r6_s10_gamma_instant_S3d_O8_bundle0015/attempt01/r6_s10_gamma_instant_S3d_O8_bundle0015.inc1.id1.sim.gz,8081,928041,135,Nb_MagShield_Inner_Cylinder_2mm,passive_or_uninstrumented,1.55384,0.6780496,-2.398794,-3.458352,2.9248776210708853,-2.398794,-1.9659706807892332,1.742879e-09,e-,44,8,eIoni,gamma,gamma,phot,1,,,world,recorded energy-deposit sample; not a complete Geant4 step or boundary path
S3d_O8__gamma__r6_s10_gamma_instant_S3d_O8_bundle0015__ID8081,/home/ubuntu/TES_511_Balloon/runs/particle_source_unit_repair_20260811/m05_16h_90gb_campaign_batch0006_v1/recovery0007_efficiency_scheduler/attempts/stage10_seven_family/S3d_O8/instant/gamma/r6_s10_gamma_instant_S3d_O8_bundle0015/attempt01/r6_s10_gamma_instant_S3d_O8_bundle0015.inc1.id1.sim.gz,8081,928042,136,Nb_MagShield_Inner_Back_ColdFingerCap_2mm,passive_or_uninstrumented,1.15955,0.5517058,0.1726744,-5.260952,4.1101697470968785,0.1726744,-3.3299399222969805,1.849143e-09,e-,43,9,eIoni,gamma,gamma,phot,1,,,world,recorded energy-deposit sample; not a complete Geant4 step or boundary path
S3d_O8__gamma__r6_s10_gamma_instant_S3d_O8_bundle0015__ID8081,/home/ubuntu/TES_511_Balloon/runs/particle_source_unit_repair_20260811/m05_16h_90gb_campaign_batch0006_v1/recovery0007_efficiency_scheduler/attempts/stage10_seven_family/S3d_O8/instant/gamma/r6_s10_gamma_instant_S3d_O8_bundle0015/attempt01/r6_s10_gamma_instant_S3d_O8_bundle0015.inc1.id1.sim.gz,8081,928043,137,Nb_MagShield_Inner_Back_ColdFingerCap_2mm,passive_or_uninstrumented,14.0148,0.5520439,0.1484295,-5.269111,4.116178104127299,0.1484295,-3.3354701337219623,1.85042e-09,e-,42,10,eIoni,gamma,gamma,phot,1,,,world,recorded energy-deposit sample; not a complete Geant4 step or boundary path
S3d_O8__gamma__r6_s10_gamma_instant_S3d_O8_bundle0015__ID8081,/home/ubuntu/TES_511_Balloon/runs/particle_source_unit_repair_20260811/m05_16h_90gb_campaign_batch0006_v1/recovery0007_efficiency_scheduler/attempts/stage10_seven_family/S3d_O8/instant/gamma/r6_s10_gamma_instant_S3d_O8_bundle0015/attempt01/r6_s10_gamma_instant_S3d_O8_bundle0015.inc1.id1.sim.gz,8081,928044,138,Nb_MagShield_Inner_Back_ColdFingerCap_2mm,passive_or_uninstrumented,4.891698,0.55956,0.1253977,-5.277102,4.127143279693837,0.1253977,-3.335805938732348,1.85132e-09,e-,41,11,eIoni,gamma,gamma,phot,1,,,world,recorded energy-deposit sample; not a complete Geant4 step or boundary path
S3d_O8__gamma__r6_s10_gamma_instant_S3d_O8_bundle0015__ID8081,/home/ubuntu/TES_511_Balloon/runs/particle_source_unit_repair_20260811/m05_16h_90gb_campaign_batch0006_v1/recovery0007_efficiency_scheduler/attempts/stage10_seven_family/S3d_O8/instant/gamma/r6_s10_gamma_instant_S3d_O8_bundle0015/attempt01/r6_s10_gamma_instant_S3d_O8_bundle0015.inc1.id1.sim.gz,8081,928045,139,Nb_MagShield_Inner_Back_ColdFingerCap_2mm,passive_or_uninstrumented,13.9026,0.5591833,0.124619,-5.27509,4.125454213725616,0.124619,-3.3346496070130733,1.851396e-09,e-,40,12,eIoni,gamma,gamma,phot,1,,,world,recorded energy-deposit sample; not a complete Geant4 step or boundary path
S3d_O8__gamma__r6_s10_gamma_instant_S3d_O8_bundle0015__ID8081,/home/ubuntu/TES_511_Balloon/runs/particle_source_unit_repair_20260811/m05_16h_90gb_campaign_batch0006_v1/recovery0007_efficiency_scheduler/attempts/stage10_seven_family/S3d_O8/instant/gamma/r6_s10_gamma_instant_S3d_O8_bundle0015/attempt01/r6_s10_gamma_instant_S3d_O8_bundle0015.inc1.id1.sim.gz,8081,928046,140,Cu_SubstrateSupport_SolidDisk_L0_deepest,passive_or_uninstrumented,7.6357,0.3871327,1.622845,-4.630177,3.5477737121830426,1.622845,-3.0002853974049275,2.012747e-09,e-,39,38,eIoni,gamma,gamma,phot,1,,,world,recorded energy-deposit sample; not a complete Geant4 step or boundary path
S3d_O8__gamma__r6_s10_gamma_instant_S3d_O8_bundle0015__ID8081,/home/ubuntu/TES_511_Balloon/runs/particle_source_unit_repair_20260811/m05_16h_90gb_campaign_batch0006_v1/recovery0007_efficiency_scheduler/attempts/stage10_seven_family/S3d_O8/instant/gamma/r6_s10_gamma_instant_S3d_O8_bundle0015/attempt01/r6_s10_gamma_instant_S3d_O8_bundle0015.inc1.id1.sim.gz,8081,928047,141,Nb_MagShield_Inner_Back_ColdFingerCap_2mm,passive_or_uninstrumented,44.73828,1.117645,1.021018,-4.68519,4.10322397860664,1.021018,-2.522635261688162,1.980856e-09,e-,37,16,eIoni,gamma,gamma,phot,1,,,world,recorded energy-deposit sample; not a complete Geant4 step or boundary path
S3d_O8__gamma__r6_s10_gamma_instant_S3d_O8_bundle0015__ID8081,/home/ubuntu/TES_511_Balloon/runs/particle_source_unit_repair_20260811/m05_16h_90gb_campaign_batch0006_v1/recovery0007_efficiency_scheduler/attempts/stage10_seven_family/S3d_O8/instant/gamma/r6_s10_gamma_instant_S3d_O8_bundle0015/attempt01/r6_s10_gamma_instant_S3d_O8_bundle0015.inc1.id1.sim.gz,8081,928048,142,TP_L5_00006,tes,46.0298,-1.357516,-1.530793,-5.73804,3.0974982255504195,-1.530793,-5.017315763888895,1.952013e-09,e-,36,35,eIoni,gamma,gamma,phot,1,TP_L5_00006,5,world,recorded energy-deposit sample; not a complete Geant4 step or boundary path
S3d_O8__gamma__r6_s10_gamma_instant_S3d_O8_bundle0015__ID8081,/home/ubuntu/TES_511_Balloon/runs/particle_source_unit_repair_20260811/m05_16h_90gb_campaign_batch0006_v1/recovery0007_efficiency_scheduler/attempts/stage10_seven_family/S3d_O8/instant/gamma/r6_s10_gamma_instant_S3d_O8_bundle0015/attempt01/r6_s10_gamma_instant_S3d_O8_bundle0015.inc1.id1.sim.gz,8081,928049,143,TP_L5_00006,tes,137.0228,-1.351368,-1.532799,-5.726275,3.0935264067604957,-1.532799,-5.0046493601175,1.951574e-09,e-,34,17,eIoni,gamma,gamma,phot,1,TP_L5_00006,5,world,recorded energy-deposit sample; not a complete Geant4 step or boundary path
S3d_O8__gamma__r6_s10_gamma_instant_S3d_O8_bundle0015__ID8081,/home/ubuntu/TES_511_Balloon/runs/particle_source_unit_repair_20260811/m05_16h_90gb_campaign_batch0006_v1/recovery0007_efficiency_scheduler/attempts/stage10_seven_family/S3d_O8/instant/gamma/r6_s10_gamma_instant_S3d_O8_bundle0015/attempt01/r6_s10_gamma_instant_S3d_O8_bundle0015.inc1.id1.sim.gz,8081,928050,144,TP_L5_00006,tes,236.7756,-1.411,-1.592219,-5.634654,2.986574384785686,-1.592219,-4.982029721294124,1.947435e-09,e-,33,17,eIoni,gamma,gamma,compt,1,TP_L5_00006,5,world,recorded energy-deposit sample; not a complete Geant4 step or boundary path
S3d_O8__gamma__r6_s10_gamma_instant_S3d_O8_bundle0015__ID8081,/home/ubuntu/TES_511_Balloon/runs/particle_source_unit_repair_20260811/m05_16h_90gb_campaign_batch0006_v1/recovery0007_efficiency_scheduler/attempts/stage10_seven_family/S3d_O8/instant/gamma/r6_s10_gamma_instant_S3d_O8_bundle0015/attempt01/r6_s10_gamma_instant_S3d_O8_bundle0015.inc1.id1.sim.gz,8081,928051,145,TP_L5_00019,tes,69.34191,-1.246519,-1.353801,-5.504733,3.0110119951434933,-1.353801,-4.7738560706992414,1.936828e-09,e-,32,17,eIoni,gamma,gamma,compt,1,TP_L5_00019,5,world,recorded energy-deposit sample; not a complete Geant4 step or boundary path
