event_uid,segment_id,segment_kind,from_vertex_id,to_vertex_id,track_id,particle,process,start_world_x_cm,start_world_y_cm,start_world_z_cm,end_world_x_cm,end_world_y_cm,end_world_z_cm,start_IF_x_cm,start_IF_y_cm,start_IF_z_cm,end_IF_x_cm,end_IF_y_cm,end_IF_z_cm,start_time_s,end_time_s,start_volume,end_volume,is_complete_geant4_step_path,segment_semantics
S3d_O8__gamma__Background_gamma_fullsphere20_batch0003_shard0032__ID3883,S3d_O8__gamma__Background_gamma_fullsphere20_batch0003_shard0032__ID3883__SEG00001,ia_chord,IA:1,IA:2,,2,PAIR,-37.97275,-13.86146,-31.08029,0.59226,-0.25758,-2.10964,-4.873705205057029,-13.86146,-48.82787284554591,1.910531812087933,-0.25758,-1.0729496876368436,0.0,1.671693333255e-09,,Nb_MagShield_Inner_Cylinder_2mm,False,straight chord between recorded IA vertices; boundary crossings and unrecorded steps absent
S3d_O8__gamma__Background_gamma_fullsphere20_batch0003_shard0032__ID3883,S3d_O8__gamma__Background_gamma_fullsphere20_batch0003_shard0032__ID3883__SEG00002,ia_chord,IA:1,IA:3,,3,PAIR,-37.97275,-13.86146,-31.08029,0.59226,-0.25758,-2.10964,-4.873705205057029,-13.86146,-48.82787284554591,1.910531812087933,-0.25758,-1.0729496876368436,0.0,1.671693333255e-09,,Nb_MagShield_Inner_Cylinder_2mm,False,straight chord between recorded IA vertices; boundary crossings and unrecorded steps absent
S3d_O8__gamma__Background_gamma_fullsphere20_batch0003_shard0032__ID3883,S3d_O8__gamma__Background_gamma_fullsphere20_batch0003_shard0032__ID3883__SEG00003,ia_chord,IA:3,IA:4,,1,BREM,0.59226,-0.25758,-2.10964,0.59688,-0.25434,-2.10543,1.910531812087933,-0.25758,-1.0729496876368436,1.9108217258682194,-0.25434,-1.0667059347589665,1.671693333255e-09,1.671951419674e-09,Nb_MagShield_Inner_Cylinder_2mm,Nb_MagShield_Inner_Cylinder_2mm,False,straight chord between recorded IA vertices; boundary crossings and unrecorded steps absent
S3d_O8__gamma__Background_gamma_fullsphere20_batch0003_shard0032__ID3883,S3d_O8__gamma__Background_gamma_fullsphere20_batch0003_shard0032__ID3883__SEG00004,ia_chord,IA:4,IA:5,,3,PHOT,0.59688,-0.25434,-2.10543,0.59685,-0.25434,-2.10544,1.9108217258682194,-0.25434,-1.0667059347589665,1.9108075837325957,-0.25434,-1.066734219030214,1.671951419674e-09,1.671952424786e-09,Nb_MagShield_Inner_Cylinder_2mm,Nb_MagShield_Inner_Cylinder_2mm,False,straight chord between recorded IA vertices; boundary crossings and unrecorded steps absent
S3d_O8__gamma__Background_gamma_fullsphere20_batch0003_shard0032__ID3883,S3d_O8__gamma__Background_gamma_fullsphere20_batch0003_shard0032__ID3883__SEG00005,ia_chord,IA:2,IA:6,,1,ANNI,0.59226,-0.25758,-2.10964,0.64778,-0.27399,-1.95866,1.910531812087933,-0.25758,-1.0729496876368436,1.843031398755865,-0.27399,-0.9269321373218216,1.671693333255e-09,1.680385418468e-09,Nb_MagShield_Inner_Cylinder_2mm,MuMetal_MagShield_Outer_Cylinder_2mm,False,straight chord between recorded IA vertices; boundary crossings and unrecorded steps absent
S3d_O8__gamma__Background_gamma_fullsphere20_batch0003_shard0032__ID3883,S3d_O8__gamma__Background_gamma_fullsphere20_batch0003_shard0032__ID3883__SEG00006,ia_chord,IA:2,IA:7,,1,ANNI,0.59226,-0.25758,-2.10964,0.64778,-0.27399,-1.95866,1.910531812087933,-0.25758,-1.0729496876368436,1.843031398755865,-0.27399,-0.9269321373218216,1.671693333255e-09,1.680385418468e-09,Nb_MagShield_Inner_Cylinder_2mm,MuMetal_MagShield_Outer_Cylinder_2mm,False,straight chord between recorded IA vertices; boundary crossings and unrecorded steps absent
S3d_O8__gamma__Background_gamma_fullsphere20_batch0003_shard0032__ID3883,S3d_O8__gamma__Background_gamma_fullsphere20_batch0003_shard0032__ID3883__SEG00007,ia_chord,IA:6,IA:8,,3,COMP,0.64778,-0.27399,-1.95866,2.14892,-0.82661,-1.52357,1.843031398755865,-0.27399,-0.9269321373218216,2.596842582839784,-0.82661,0.4421892256150074,1.680385418468e-09,1.735681955566e-09,MuMetal_MagShield_Outer_Cylinder_2mm,DR_MXC_Sinter_HEX_AgProxy,False,straight chord between recorded IA vertices; boundary crossings and unrecorded steps absent
S3d_O8__gamma__Background_gamma_fullsphere20_batch0003_shard0032__ID3883,S3d_O8__gamma__Background_gamma_fullsphere20_batch0003_shard0032__ID3883__SEG00008,ia_chord,IA:6,IA:9,,3,COMP,0.64778,-0.27399,-1.95866,2.10506,-1.36389,-1.73305,1.843031398755865,-0.27399,-0.9269321373218216,2.7139536079399003,-1.36389,0.2630507936692075,1.680385418468e-09,1.754973111914e-09,MuMetal_MagShield_Outer_Cylinder_2mm,ColdPlate_MXC_50mK_SD_anchor,False,straight chord between recorded IA vertices; boundary crossings and unrecorded steps absent
S3d_O8__gamma__Background_gamma_fullsphere20_batch0003_shard0032__ID3883,S3d_O8__gamma__Background_gamma_fullsphere20_batch0003_shard0032__ID3883__SEG00009,ia_chord,IA:6,IA:10,,3,COMP,0.64778,-0.27399,-1.95866,2.20847,-1.51703,-1.78881,1.843031398755865,-0.27399,-0.9269321373218216,2.8265037943013627,-1.51703,0.2967444317927467,1.680385418468e-09,1.761411377384e-09,MuMetal_MagShield_Outer_Cylinder_2mm,ColdPlate_MXC_50mK_SD_anchor,False,straight chord between recorded IA vertices; boundary crossings and unrecorded steps absent
S3d_O8__gamma__Background_gamma_fullsphere20_batch0003_shard0032__ID3883,S3d_O8__gamma__Background_gamma_fullsphere20_batch0003_shard0032__ID3883__SEG00010,ia_chord,IA:6,IA:11,,1,COMP,0.64778,-0.27399,-1.95866,2.20847,-1.51703,-1.78881,1.843031398755865,-0.27399,-0.9269321373218216,2.8265037943013627,-1.51703,0.2967444317927467,1.680385418468e-09,1.761411377384e-09,MuMetal_MagShield_Outer_Cylinder_2mm,ColdPlate_MXC_50mK_SD_anchor,False,straight chord between recorded IA vertices; boundary crossings and unrecorded steps absent
S3d_O8__gamma__Background_gamma_fullsphere20_batch0003_shard0032__ID3883,S3d_O8__gamma__Background_gamma_fullsphere20_batch0003_shard0032__ID3883__SEG00011,ia_chord,IA:6,IA:12,,3,COMP,0.64778,-0.27399,-1.95866,2.13345,-1.58356,-1.81286,1.843031398755865,-0.27399,-0.9269321373218216,2.790462561664284,-1.58356,0.22669136298059522,1.680385418468e-09,1.764851019484e-09,MuMetal_MagShield_Outer_Cylinder_2mm,ColdPlate_MXC_50mK_SD_anchor,False,straight chord between recorded IA vertices; boundary crossings and unrecorded steps absent
S3d_O8__gamma__Background_gamma_fullsphere20_batch0003_shard0032__ID3883,S3d_O8__gamma__Background_gamma_fullsphere20_batch0003_shard0032__ID3883__SEG00012,ia_chord,IA:6,IA:13,,3,COMP,0.64778,-0.27399,-1.95866,1.6095,-1.25356,-1.98615,1.843031398755865,-0.27399,-0.9269321373218216,2.54250849777341,-1.25356,-0.26633176913391327,1.680385418468e-09,1.786299287966e-09,MuMetal_MagShield_Outer_Cylinder_2mm,ColdPlate_MXC_50mK_SD_anchor,False,straight chord between recorded IA vertices; boundary crossings and unrecorded steps absent
S3d_O8__gamma__Background_gamma_fullsphere20_batch0003_shard0032__ID3883,S3d_O8__gamma__Background_gamma_fullsphere20_batch0003_shard0032__ID3883__SEG00013,ia_chord,IA:6,IA:14,,3,COMP,0.64778,-0.27399,-1.95866,1.21212,0.09261,-2.28291,1.843031398755865,-0.27399,-0.9269321373218216,2.4713594134504198,0.09261,-0.7571628702267433,1.680385418468e-09,1.834153382048e-09,MuMetal_MagShield_Outer_Cylinder_2mm,MuMetal_MagShield_Outer_Cylinder_2mm,False,straight chord between recorded IA vertices; boundary crossings and unrecorded steps absent
S3d_O8__gamma__Background_gamma_fullsphere20_batch0003_shard0032__ID3883,S3d_O8__gamma__Background_gamma_fullsphere20_batch0003_shard0032__ID3883__SEG00014,ia_chord,IA:6,IA:15,,3,PHOT,0.64778,-0.27399,-1.95866,1.19623,0.05598,-2.32786,1.843031398755865,-0.27399,-0.9269321373218216,2.4919079365117,0.05598,-0.8001832467941328,1.680385418468e-09,1.836158917181e-09,MuMetal_MagShield_Outer_Cylinder_2mm,MuMetal_MagShield_Outer_Cylinder_2mm,False,straight chord between recorded IA vertices; boundary crossings and unrecorded steps absent
S3d_O8__gamma__Background_gamma_fullsphere20_batch0003_shard0032__ID3883,S3d_O8__gamma__Background_gamma_fullsphere20_batch0003_shard0032__ID3883__SEG00015,ia_chord,IA:11,IA:16,,3,PHOT,2.20847,-1.51703,-1.78881,2.24815,-1.3628,-1.68197,2.8265037943013627,-1.51703,0.2967444317927467,2.779014502876874,-1.3628,0.40034971737219943,1.761411377384e-09,1.767808117233e-09,ColdPlate_MXC_50mK_SD_anchor,DR_MXC_Sinter_HEX_AgProxy,False,straight chord between recorded IA vertices; boundary crossings and unrecorded steps absent
S3d_O8__gamma__Background_gamma_fullsphere20_batch0003_shard0032__ID3883,S3d_O8__gamma__Background_gamma_fullsphere20_batch0003_shard0032__ID3883__SEG00016,ia_chord,IA:7,IA:17,,3,PHOT,0.64778,-0.27399,-1.95866,-3.93738,1.41395,-3.28761,1.843031398755865,-0.27399,-0.9269321373218216,-0.4594567732115831,1.41395,-5.108839423004994,1.680385418468e-09,1.849285198013e-09,MuMetal_MagShield_Outer_Cylinder_2mm,TP_L2_00361,False,straight chord between recorded IA vertices; boundary crossings and unrecorded steps absent
S3d_O8__gamma__Background_gamma_fullsphere20_batch0003_shard0032__ID3883,S3d_O8__gamma__Background_gamma_fullsphere20_batch0003_shard0032__ID3883__SEG00017,ia_chord,IA:7,IA:18,,1,PHOT,0.64778,-0.27399,-1.95866,-3.93738,1.41395,-3.28761,1.843031398755865,-0.27399,-0.9269321373218216,-0.4594567732115831,1.41395,-5.108839423004994,1.680385418468e-09,1.849285198013e-09,MuMetal_MagShield_Outer_Cylinder_2mm,TP_L2_00361,False,straight chord between recorded IA vertices; boundary crossings and unrecorded steps absent
S3d_O8__gamma__Background_gamma_fullsphere20_batch0003_shard0032__ID3883,S3d_O8__gamma__Background_gamma_fullsphere20_batch0003_shard0032__ID3883__SEG00018,ia_chord,IA:18,IA:19,,3,PHOT,-3.93738,1.41395,-3.28761,-3.93712,1.41405,-3.28782,-0.4594567732115831,1.41395,-5.108839423004994,-0.45912443302442546,1.41405,-5.108804067665935,1.849285198013e-09,1.849296786598e-09,TP_L2_00361,TP_L2_00361,False,straight chord between recorded IA vertices; boundary crossings and unrecorded steps absent
S3d_O8__gamma__Background_gamma_fullsphere20_batch0003_shard0032__ID3883,S3d_O8__gamma__Background_gamma_fullsphere20_batch0003_shard0032__ID3883__SEG00019,ia_chord,IA:17,IA:20,,1,BREM,-3.93738,1.41395,-3.28761,-3.93826,1.4147,-3.28803,-0.4594567732115831,1.41395,-5.108839423004994,-0.4597820423309289,1.4147,-5.109758661820537,1.849285198013e-09,1.849333540733e-09,TP_L2_00361,TP_L2_00361,False,straight chord between recorded IA vertices; boundary crossings and unrecorded steps absent
S3d_O8__gamma__Background_gamma_fullsphere20_batch0003_shard0032__ID3883,S3d_O8__gamma__Background_gamma_fullsphere20_batch0003_shard0032__ID3883__SEG00020,ia_chord,IA:12,IA:21,,3,PHOT,2.13345,-1.58356,-1.81286,2.1336,-1.5831,-1.81231,2.790462561664284,-1.58356,0.22669136298059522,2.79017971895181,-1.5831,0.22718633772742577,1.764851019484e-09,1.764881299222e-09,ColdPlate_MXC_50mK_SD_anchor,ColdPlate_MXC_50mK_SD_anchor,False,straight chord between recorded IA vertices; boundary crossings and unrecorded steps absent
S3d_O8__gamma__Background_gamma_fullsphere20_batch0003_shard0032__ID3883,S3d_O8__gamma__Background_gamma_fullsphere20_batch0003_shard0032__ID3883__SEG00021,ia_chord,IA:20,IA:22,,3,PHOT,-3.93826,1.4147,-3.28803,-3.9384,1.41469,-3.28823,-0.4597820423309289,1.4147,-5.109758661820537,-0.4597396159240577,1.41469,-5.10999907812614,1.849333540733e-09,1.849341708134e-09,TP_L2_00361,TP_L2_00361,False,straight chord between recorded IA vertices; boundary crossings and unrecorded steps absent
S3d_O8__gamma__Background_gamma_fullsphere20_batch0003_shard0032__ID3883,S3d_O8__gamma__Background_gamma_fullsphere20_batch0003_shard0032__ID3883__SEG00022,ia_chord,IA:20,IA:23,,1,PHOT,-3.93826,1.4147,-3.28803,-3.9384,1.41469,-3.28823,-0.4597820423309289,1.4147,-5.109758661820537,-0.4597396159240577,1.41469,-5.10999907812614,1.849333540733e-09,1.849341708134e-09,TP_L2_00361,TP_L2_00361,False,straight chord between recorded IA vertices; boundary crossings and unrecorded steps absent
S3d_O8__gamma__Background_gamma_fullsphere20_batch0003_shard0032__ID3883,S3d_O8__gamma__Background_gamma_fullsphere20_batch0003_shard0032__ID3883__SEG00023,ia_chord,IA:23,IA:24,,3,PHOT,-3.9384,1.41469,-3.28823,-3.93841,1.41484,-3.28801,-0.4597396159240577,1.41469,-5.10999907812614,-0.45990225048373073,1.41484,-5.109850585702091,1.849341708134e-09,1.849350599011e-09,TP_L2_00361,TP_L2_00361,False,straight chord between recorded IA vertices; boundary crossings and unrecorded steps absent
S3d_O8__gamma__Background_gamma_fullsphere20_batch0003_shard0032__ID3883,S3d_O8__gamma__Background_gamma_fullsphere20_batch0003_shard0032__ID3883__SEG00024,cc_deposit_polyline,CC:1,CC:2,2,e-,eIoni,0.5922582,-0.2575826,-2.109643,0.5968774,-0.2543407,-2.105433,1.9105326606160704,-0.2575826,-1.0729530817493935,1.9108220087109318,-0.2543407,-1.066709894556941,1.671951e-09,1.672179e-09,Nb_MagShield_Inner_Cylinder_2mm,Nb_MagShield_Inner_Cylinder_2mm,False,polyline between successive recorded deposits on one tid; not a complete Geant4 step path
S3d_O8__gamma__Background_gamma_fullsphere20_batch0003_shard0032__ID3883,S3d_O8__gamma__Background_gamma_fullsphere20_batch0003_shard0032__ID3883__SEG00025,cc_deposit_polyline,CC:2,CC:3,2,e-,eIoni,0.5968774,-0.2543407,-2.105433,0.5914126,-0.2541684,-2.102842,1.9108220087109318,-0.2543407,-1.066709894556941,1.905125697903049,-0.2541684,-1.068741978024715,1.672179e-09,1.6723e-09,Nb_MagShield_Inner_Cylinder_2mm,Nb_MagShield_Inner_Cylinder_2mm,False,polyline between successive recorded deposits on one tid; not a complete Geant4 step path
S3d_O8__gamma__Background_gamma_fullsphere20_batch0003_shard0032__ID3883,S3d_O8__gamma__Background_gamma_fullsphere20_batch0003_shard0032__ID3883__SEG00026,cc_deposit_polyline,CC:3,CC:4,2,e-,eIoni,0.5914126,-0.2541684,-2.102842,0.5924957,-0.2525796,-2.105069,1.905125697903049,-0.2541684,-1.068741978024715,1.907466292059455,-0.2525796,-1.0695508374717142,1.6723e-09,1.672334e-09,Nb_MagShield_Inner_Cylinder_2mm,Nb_MagShield_Inner_Cylinder_2mm,False,polyline between successive recorded deposits on one tid; not a complete Geant4 step path
S3d_O8__gamma__Background_gamma_fullsphere20_batch0003_shard0032__ID3883,S3d_O8__gamma__Background_gamma_fullsphere20_batch0003_shard0032__ID3883__SEG00027,cc_deposit_polyline,CC:4,CC:5,2,e-,eIoni,0.5924957,-0.2525796,-2.105069,0.5929806,-0.252334,-2.105485,1.907466292059455,-0.2525796,-1.0695508374717142,1.9081033245586254,-0.252334,-1.0695021178144903,1.672334e-09,1.672353e-09,Nb_MagShield_Inner_Cylinder_2mm,Nb_MagShield_Inner_Cylinder_2mm,False,polyline between successive recorded deposits on one tid; not a complete Geant4 step path
S3d_O8__gamma__Background_gamma_fullsphere20_batch0003_shard0032__ID3883,S3d_O8__gamma__Background_gamma_fullsphere20_batch0003_shard0032__ID3883__SEG00028,cc_deposit_polyline,CC:9,CC:10,3,e+,msc,0.5922582,-0.2575826,-2.109643,0.5971419,-0.2483773,-2.102401,1.9105326606160704,-0.2575826,-1.0729530817493935,1.9088650906939981,-0.2483773,-1.0643789170527596,1.672095e-09,1.672421e-09,Nb_MagShield_Inner_Cylinder_2mm,Nb_MagShield_Inner_Cylinder_2mm,False,polyline between successive recorded deposits on one tid; not a complete Geant4 step path
S3d_O8__gamma__Background_gamma_fullsphere20_batch0003_shard0032__ID3883,S3d_O8__gamma__Background_gamma_fullsphere20_batch0003_shard0032__ID3883__SEG00029,cc_deposit_polyline,CC:10,CC:11,3,e+,msc,0.5971419,-0.2483773,-2.102401,0.6023817,-0.2435391,-2.095173,1.9088650906939981,-0.2483773,-1.0643789170527596,1.907459220991643,-0.2435391,-1.0555628511262818,1.672421e-09,1.672746e-09,Nb_MagShield_Inner_Cylinder_2mm,Nb_MagShield_Inner_Cylinder_2mm,False,polyline between successive recorded deposits on one tid; not a complete Geant4 step path
S3d_O8__gamma__Background_gamma_fullsphere20_batch0003_shard0032__ID3883,S3d_O8__gamma__Background_gamma_fullsphere20_batch0003_shard0032__ID3883__SEG00030,cc_deposit_polyline,CC:11,CC:12,3,e+,msc,0.6023817,-0.2435391,-2.095173,0.6091702,-0.2431215,-2.087716,1.907459220991643,-0.2435391,-1.0555628511262818,1.9069865201084197,-0.2431215,-1.045489761474889,1.672746e-09,1.673069e-09,Nb_MagShield_Inner_Cylinder_2mm,Nb_MagShield_Inner_Cylinder_2mm,False,polyline between successive recorded deposits on one tid; not a complete Geant4 step path
S3d_O8__gamma__Background_gamma_fullsphere20_batch0003_shard0032__ID3883,S3d_O8__gamma__Background_gamma_fullsphere20_batch0003_shard0032__ID3883__SEG00031,cc_deposit_polyline,CC:12,CC:13,3,e+,msc,0.6091702,-0.2431215,-2.087716,0.6141126,-0.2456376,-2.079493,1.9069865201084197,-0.2431215,-1.045489761474889,1.904666785602059,-0.2456376,-1.0361804178578555,1.673069e-09,1.673392e-09,Nb_MagShield_Inner_Cylinder_2mm,Nb_MagShield_Inner_Cylinder_2mm,False,polyline between successive recorded deposits on one tid; not a complete Geant4 step path
S3d_O8__gamma__Background_gamma_fullsphere20_batch0003_shard0032__ID3883,S3d_O8__gamma__Background_gamma_fullsphere20_batch0003_shard0032__ID3883__SEG00032,cc_deposit_polyline,CC:13,CC:14,3,e+,msc,0.6141126,-0.2456376,-2.079493,0.6170697,-0.2473574,-2.069981,1.904666785602059,-0.2456376,-1.0361804178578555,1.9000317713620594,-0.2473574,-1.0273634326925623,1.673392e-09,1.673713e-09,Nb_MagShield_Inner_Cylinder_2mm,Nb_MagShield_Inner_Cylinder_2mm,False,polyline between successive recorded deposits on one tid; not a complete Geant4 step path
S3d_O8__gamma__Background_gamma_fullsphere20_batch0003_shard0032__ID3883,S3d_O8__gamma__Background_gamma_fullsphere20_batch0003_shard0032__ID3883__SEG00033,cc_deposit_polyline,CC:14,CC:15,3,e+,msc,0.6170697,-0.2473574,-2.069981,0.6167738,-0.2518384,-2.061109,1.9000317713620594,-0.2473574,-1.0273634326925623,1.8935490871028193,-0.2518384,-1.0212992142264286,1.673713e-09,1.674032e-09,Nb_MagShield_Inner_Cylinder_2mm,Nb_MagShield_Inner_Cylinder_2mm,False,polyline between successive recorded deposits on one tid; not a complete Geant4 step path
S3d_O8__gamma__Background_gamma_fullsphere20_batch0003_shard0032__ID3883,S3d_O8__gamma__Background_gamma_fullsphere20_batch0003_shard0032__ID3883__SEG00034,cc_deposit_polyline,CC:15,CC:16,3,e+,msc,0.6167738,-0.2518384,-2.061109,0.6124055,-0.2523478,-2.052217,1.8935490871028193,-0.2518384,-1.0212992142264286,1.8841726390522515,-0.2523478,-1.018100475280375,1.674032e-09,1.67435e-09,Nb_MagShield_Inner_Cylinder_2mm,Nb_MagShield_Inner_Cylinder_2mm,False,polyline between successive recorded deposits on one tid; not a complete Geant4 step path
S3d_O8__gamma__Background_gamma_fullsphere20_batch0003_shard0032__ID3883,S3d_O8__gamma__Background_gamma_fullsphere20_batch0003_shard0032__ID3883__SEG00035,cc_deposit_polyline,CC:16,CC:17,3,e+,msc,0.6124055,-0.2523478,-2.052217,0.6056557,-0.2535372,-2.04497,1.8841726390522515,-0.2523478,-1.018100475280375,1.8742754068573395,-0.2535372,-1.017748901788769,1.67435e-09,1.674666e-09,Nb_MagShield_Inner_Cylinder_2mm,Nb_MagShield_Inner_Cylinder_2mm,False,polyline between successive recorded deposits on one tid; not a complete Geant4 step path
S3d_O8__gamma__Background_gamma_fullsphere20_batch0003_shard0032__ID3883,S3d_O8__gamma__Background_gamma_fullsphere20_batch0003_shard0032__ID3883__SEG00036,cc_deposit_polyline,CC:17,CC:18,3,e+,eIoni,0.6056557,-0.2535372,-2.04497,0.6010529,-0.2502922,-2.036719,1.8742754068573395,-0.2535372,-1.017748901788769,1.865186397713324,-0.2502922,-1.0151692348296442,1.674666e-09,1.674838e-09,Nb_MagShield_Inner_Cylinder_2mm,Nb_MagShield_Inner_Cylinder_2mm,False,polyline between successive recorded deposits on one tid; not a complete Geant4 step path
S3d_O8__gamma__Background_gamma_fullsphere20_batch0003_shard0032__ID3883,S3d_O8__gamma__Background_gamma_fullsphere20_batch0003_shard0032__ID3883__SEG00037,cc_deposit_polyline,CC:18,CC:19,3,e+,msc,0.6010529,-0.2502922,-2.036719,0.5998044,-0.2518016,-2.031934,1.865186397713324,-0.2502922,-1.0151692348296442,1.8609200689490348,-0.2518016,-1.0126685516979779,1.674838e-09,1.675039e-09,Nb_MagShield_Inner_Cylinder_2mm,Nb_MagShield_Inner_Cylinder_2mm,False,polyline between successive recorded deposits on one tid; not a complete Geant4 step path
S3d_O8__gamma__Background_gamma_fullsphere20_batch0003_shard0032__ID3883,S3d_O8__gamma__Background_gamma_fullsphere20_batch0003_shard0032__ID3883__SEG00038,cc_deposit_polyline,CC:19,CC:20,3,e+,msc,0.5998044,-0.2518016,-2.031934,0.6008781,-0.2511548,-2.026211,1.8609200689490348,-0.2518016,-1.0126685516979779,1.8576325173912642,-0.2511548,-1.0078625590382873,1.675039e-09,1.675054e-09,Nb_MagShield_Inner_Cylinder_2mm,Nb_MagShield_Inner_Cylinder_2mm,False,polyline between successive recorded deposits on one tid; not a complete Geant4 step path
S3d_O8__gamma__Background_gamma_fullsphere20_batch0003_shard0032__ID3883,S3d_O8__gamma__Background_gamma_fullsphere20_batch0003_shard0032__ID3883__SEG00039,cc_deposit_polyline,CC:20,CC:21,3,e+,msc,0.6008781,-0.2511548,-2.026211,0.6009363,-0.2510885,-2.025776,1.8576325173912642,-0.2511548,-1.0078625590382873,1.857366079556113,-0.2510885,-1.0075138139738062,1.675054e-09,1.675055e-09,Nb_MagShield_Inner_Cylinder_2mm,Nb_MagShield_Inner_Cylinder_2mm,False,polyline between successive recorded deposits on one tid; not a complete Geant4 step path
S3d_O8__gamma__Background_gamma_fullsphere20_batch0003_shard0032__ID3883,S3d_O8__gamma__Background_gamma_fullsphere20_batch0003_shard0032__ID3883__SEG00040,cc_deposit_polyline,CC:21,CC:22,3,e+,Transportation,0.6009363,-0.2510885,-2.025776,0.6009366,-0.2510882,-2.025774,1.857366079556113,-0.2510885,-1.0075138139738062,1.857364877474585,-0.2510882,-1.0075121876282094,1.675055e-09,1.675055e-09,Nb_MagShield_Inner_Cylinder_2mm,Nb_MagShield_Inner_Cylinder_2mm,False,polyline between successive recorded deposits on one tid; not a complete Geant4 step path
S3d_O8__gamma__Background_gamma_fullsphere20_batch0003_shard0032__ID3883,S3d_O8__gamma__Background_gamma_fullsphere20_batch0003_shard0032__ID3883__SEG00041,cc_deposit_polyline,CC:22,CC:23,3,e+,msc,0.6009366,-0.2510882,-2.025774,0.6098801,-0.245803,-1.963444,1.857364877474585,-0.2510882,-1.0075121876282094,1.8196149213007693,-0.245803,-0.9571142124593099,1.675055e-09,1.677241e-09,Nb_MagShield_Inner_Cylinder_2mm,MuMetal_MagShield_Outer_Cylinder_2mm,False,polyline between successive recorded deposits on one tid; not a complete Geant4 step path
S3d_O8__gamma__Background_gamma_fullsphere20_batch0003_shard0032__ID3883,S3d_O8__gamma__Background_gamma_fullsphere20_batch0003_shard0032__ID3883__SEG00042,cc_deposit_polyline,CC:23,CC:24,3,e+,msc,0.6098801,-0.245803,-1.963444,0.6098805,-0.2458028,-1.963441,1.8196149213007693,-0.245803,-0.9571142124593099,1.8196130828231385,-0.2458028,-0.9571118082962539,1.677241e-09,1.677389e-09,MuMetal_MagShield_Outer_Cylinder_2mm,MuMetal_MagShield_Outer_Cylinder_2mm,False,polyline between successive recorded deposits on one tid; not a complete Geant4 step path
S3d_O8__gamma__Background_gamma_fullsphere20_batch0003_shard0032__ID3883,S3d_O8__gamma__Background_gamma_fullsphere20_batch0003_shard0032__ID3883__SEG00043,cc_deposit_polyline,CC:24,CC:25,3,e+,msc,0.6098805,-0.2458028,-1.963441,0.6108866,-0.2463793,-1.959195,1.8196130828231385,-0.2458028,-0.9571118082962539,1.817322127562772,-0.2463793,-0.9533980127707841,1.677389e-09,1.677548e-09,MuMetal_MagShield_Outer_Cylinder_2mm,MuMetal_MagShield_Outer_Cylinder_2mm,False,polyline between successive recorded deposits on one tid; not a complete Geant4 step path
S3d_O8__gamma__Background_gamma_fullsphere20_batch0003_shard0032__ID3883,S3d_O8__gamma__Background_gamma_fullsphere20_batch0003_shard0032__ID3883__SEG00044,cc_deposit_polyline,CC:25,CC:26,3,e+,msc,0.6108866,-0.2463793,-1.959195,0.6132379,-0.2487192,-1.955656,1.817322127562772,-0.2463793,-0.9533980127707841,1.8164822968387568,-0.2487192,-0.949232941697561,1.677548e-09,1.677707e-09,MuMetal_MagShield_Outer_Cylinder_2mm,MuMetal_MagShield_Outer_Cylinder_2mm,False,polyline between successive recorded deposits on one tid; not a complete Geant4 step path
S3d_O8__gamma__Background_gamma_fullsphere20_batch0003_shard0032__ID3883,S3d_O8__gamma__Background_gamma_fullsphere20_batch0003_shard0032__ID3883__SEG00045,cc_deposit_polyline,CC:26,CC:27,3,e+,msc,0.6132379,-0.2487192,-1.955656,0.6165555,-0.250836,-1.952974,1.8164822968387568,-0.2487192,-0.949232941697561,1.8169317339088789,-0.250836,-0.944990583853154,1.677707e-09,1.677865e-09,MuMetal_MagShield_Outer_Cylinder_2mm,MuMetal_MagShield_Outer_Cylinder_2mm,False,polyline between successive recorded deposits on one tid; not a complete Geant4 step path
S3d_O8__gamma__Background_gamma_fullsphere20_batch0003_shard0032__ID3883,S3d_O8__gamma__Background_gamma_fullsphere20_batch0003_shard0032__ID3883__SEG00046,cc_deposit_polyline,CC:27,CC:28,3,e+,msc,0.6165555,-0.250836,-1.952974,0.6208806,-0.2518387,-1.954483,1.8169317339088789,-0.250836,-0.944990583853154,1.8210570655809997,-0.2518387,-0.9429993004466547,1.677865e-09,1.678023e-09,MuMetal_MagShield_Outer_Cylinder_2mm,MuMetal_MagShield_Outer_Cylinder_2mm,False,polyline between successive recorded deposits on one tid; not a complete Geant4 step path
S3d_O8__gamma__Background_gamma_fullsphere20_batch0003_shard0032__ID3883,S3d_O8__gamma__Background_gamma_fullsphere20_batch0003_shard0032__ID3883__SEG00047,cc_deposit_polyline,CC:28,CC:29,3,e+,msc,0.6208806,-0.2518387,-1.954483,0.6250616,-0.253503,-1.955769,1.8210570655809997,-0.2518387,-0.9429993004466547,1.8249228183537463,-0.253503,-0.9409522263151197,1.678023e-09,1.678182e-09,MuMetal_MagShield_Outer_Cylinder_2mm,MuMetal_MagShield_Outer_Cylinder_2mm,False,polyline between successive recorded deposits on one tid; not a complete Geant4 step path
S3d_O8__gamma__Background_gamma_fullsphere20_batch0003_shard0032__ID3883,S3d_O8__gamma__Background_gamma_fullsphere20_batch0003_shard0032__ID3883__SEG00048,cc_deposit_polyline,CC:29,CC:30,3,e+,eIoni,0.6250616,-0.253503,-1.955769,0.6287547,-0.2539614,-1.958503,1.8249228183537463,-0.253503,-0.9409522263151197,1.8294674643471105,-0.2539614,-0.9402740402012837,1.678182e-09,1.678223e-09,MuMetal_MagShield_Outer_Cylinder_2mm,MuMetal_MagShield_Outer_Cylinder_2mm,False,polyline between successive recorded deposits on one tid; not a complete Geant4 step path
S3d_O8__gamma__Background_gamma_fullsphere20_batch0003_shard0032__ID3883,S3d_O8__gamma__Background_gamma_fullsphere20_batch0003_shard0032__ID3883__SEG00049,cc_deposit_polyline,CC:30,CC:31,3,e+,msc,0.6287547,-0.2539614,-1.958503,0.6298143,-0.254024,-1.959033,1.8294674643471105,-0.2539614,-0.9402740402012837,1.8305914812864847,-0.254024,-0.9398995564499673,1.678223e-09,1.67838e-09,MuMetal_MagShield_Outer_Cylinder_2mm,MuMetal_MagShield_Outer_Cylinder_2mm,False,polyline between successive recorded deposits on one tid; not a complete Geant4 step path
S3d_O8__gamma__Background_gamma_fullsphere20_batch0003_shard0032__ID3883,S3d_O8__gamma__Background_gamma_fullsphere20_batch0003_shard0032__ID3883__SEG00050,cc_deposit_polyline,CC:31,CC:32,3,e+,msc,0.6298143,-0.254024,-1.959033,0.6340048,-0.2543274,-1.960537,1.8305914812864847,-0.254024,-0.9398995564499673,1.8346181008519513,-0.2543274,-0.9379999140823095,1.67838e-09,1.678536e-09,MuMetal_MagShield_Outer_Cylinder_2mm,MuMetal_MagShield_Outer_Cylinder_2mm,False,polyline between successive recorded deposits on one tid; not a complete Geant4 step path
S3d_O8__gamma__Background_gamma_fullsphere20_batch0003_shard0032__ID3883,S3d_O8__gamma__Background_gamma_fullsphere20_batch0003_shard0032__ID3883__SEG00051,cc_deposit_polyline,CC:32,CC:33,3,e+,msc,0.6340048,-0.2543274,-1.960537,0.6387713,-0.2542053,-1.960422,1.8346181008519513,-0.2543274,-0.9379999140823095,1.8379072080446406,-0.2542053,-0.9345481723299476,1.678536e-09,1.678692e-09,MuMetal_MagShield_Outer_Cylinder_2mm,MuMetal_MagShield_Outer_Cylinder_2mm,False,polyline between successive recorded deposits on one tid; not a complete Geant4 step path
S3d_O8__gamma__Background_gamma_fullsphere20_batch0003_shard0032__ID3883,S3d_O8__gamma__Background_gamma_fullsphere20_batch0003_shard0032__ID3883__SEG00052,cc_deposit_polyline,CC:33,CC:34,3,e+,msc,0.6387713,-0.2542053,-1.960422,0.6427671,-0.2560392,-1.961556,1.8379072080446406,-0.2542053,-0.9345481723299476,1.8415345244107715,-0.2560392,-0.9325245741435477,1.678692e-09,1.678848e-09,MuMetal_MagShield_Outer_Cylinder_2mm,MuMetal_MagShield_Outer_Cylinder_2mm,False,polyline between successive recorded deposits on one tid; not a complete Geant4 step path
S3d_O8__gamma__Background_gamma_fullsphere20_batch0003_shard0032__ID3883,S3d_O8__gamma__Background_gamma_fullsphere20_batch0003_shard0032__ID3883__SEG00053,cc_deposit_polyline,CC:34,CC:35,3,e+,msc,0.6427671,-0.2560392,-1.961556,0.6445935,-0.2600241,-1.962142,1.8415345244107715,-0.2560392,-0.9325245741435477,1.8432403488097058,-0.2600241,-0.9316474788921639,1.678848e-09,1.679003e-09,MuMetal_MagShield_Outer_Cylinder_2mm,MuMetal_MagShield_Outer_Cylinder_2mm,False,polyline between successive recorded deposits on one tid; not a complete Geant4 step path
S3d_O8__gamma__Background_gamma_fullsphere20_batch0003_shard0032__ID3883,S3d_O8__gamma__Background_gamma_fullsphere20_batch0003_shard0032__ID3883__SEG00054,cc_deposit_polyline,CC:35,CC:36,3,e+,msc,0.6445935,-0.2600241,-1.962142,0.647963,-0.2628237,-1.960873,1.8432403488097058,-0.2600241,-0.9316474788921639,1.844725626603588,-0.2628237,-0.9283675640876302,1.679003e-09,1.679157e-09,MuMetal_MagShield_Outer_Cylinder_2mm,MuMetal_MagShield_Outer_Cylinder_2mm,False,polyline between successive recorded deposits on one tid; not a complete Geant4 step path
S3d_O8__gamma__Background_gamma_fullsphere20_batch0003_shard0032__ID3883,S3d_O8__gamma__Background_gamma_fullsphere20_batch0003_shard0032__ID3883__SEG00055,cc_deposit_polyline,CC:36,CC:37,3,e+,msc,0.647963,-0.2628237,-1.960873,0.6487093,-0.2673928,-1.961496,1.844725626603588,-0.2628237,-0.9283675640876302,1.8456938679190669,-0.2673928,-0.9282803778215097,1.679157e-09,1.67931e-09,MuMetal_MagShield_Outer_Cylinder_2mm,MuMetal_MagShield_Outer_Cylinder_2mm,False,polyline between successive recorded deposits on one tid; not a complete Geant4 step path
S3d_O8__gamma__Background_gamma_fullsphere20_batch0003_shard0032__ID3883,S3d_O8__gamma__Background_gamma_fullsphere20_batch0003_shard0032__ID3883__SEG00056,cc_deposit_polyline,CC:37,CC:38,3,e+,msc,0.6487093,-0.2673928,-1.961496,0.6475011,-0.2716426,-1.963001,1.8456938679190669,-0.2673928,-0.9282803778215097,1.845903737211723,-0.2716426,-0.9301988999402251,1.67931e-09,1.679462e-09,MuMetal_MagShield_Outer_Cylinder_2mm,MuMetal_MagShield_Outer_Cylinder_2mm,False,polyline between successive recorded deposits on one tid; not a complete Geant4 step path
S3d_O8__gamma__Background_gamma_fullsphere20_batch0003_shard0032__ID3883,S3d_O8__gamma__Background_gamma_fullsphere20_batch0003_shard0032__ID3883__SEG00057,cc_deposit_polyline,CC:38,CC:39,3,e+,msc,0.6475011,-0.2716426,-1.963001,0.6450632,-0.2738269,-1.966017,1.845903737211723,-0.2716426,-0.9301988999402251,1.8463125156419269,-0.2738269,-0.9340553896141384,1.679462e-09,1.679613e-09,MuMetal_MagShield_Outer_Cylinder_2mm,MuMetal_MagShield_Outer_Cylinder_2mm,False,polyline between successive recorded deposits on one tid; not a complete Geant4 step path
S3d_O8__gamma__Background_gamma_fullsphere20_batch0003_shard0032__ID3883,S3d_O8__gamma__Background_gamma_fullsphere20_batch0003_shard0032__ID3883__SEG00058,cc_deposit_polyline,CC:39,CC:40,3,e+,msc,0.6450632,-0.2738269,-1.966017,0.642892,-0.2737652,-1.970192,1.8463125156419269,-0.2738269,-0.9340553896141384,1.8477294162100684,-0.2737652,-0.9385428306689045,1.679613e-09,1.679762e-09,MuMetal_MagShield_Outer_Cylinder_2mm,MuMetal_MagShield_Outer_Cylinder_2mm,False,polyline between successive recorded deposits on one tid; not a complete Geant4 step path
S3d_O8__gamma__Background_gamma_fullsphere20_batch0003_shard0032__ID3883,S3d_O8__gamma__Background_gamma_fullsphere20_batch0003_shard0032__ID3883__SEG00059,cc_deposit_polyline,CC:40,CC:41,3,e+,msc,0.642892,-0.2737652,-1.970192,0.6382541,-0.2743709,-1.970767,1.8477294162100684,-0.2737652,-0.9385428306689045,1.8448565120687856,-0.2743709,-0.9422289076085518,1.679762e-09,1.679908e-09,MuMetal_MagShield_Outer_Cylinder_2mm,MuMetal_MagShield_Outer_Cylinder_2mm,False,polyline between successive recorded deposits on one tid; not a complete Geant4 step path
S3d_O8__gamma__Background_gamma_fullsphere20_batch0003_shard0032__ID3883,S3d_O8__gamma__Background_gamma_fullsphere20_batch0003_shard0032__ID3883__SEG00060,cc_deposit_polyline,CC:41,CC:42,3,e+,msc,0.6382541,-0.2743709,-1.970767,0.6423118,-0.2736906,-1.968871,1.8448565120687856,-0.2743709,-0.9422289076085518,1.8463850647976765,-0.2736906,-0.9380190059654017,1.679908e-09,1.68005e-09,MuMetal_MagShield_Outer_Cylinder_2mm,MuMetal_MagShield_Outer_Cylinder_2mm,False,polyline between successive recorded deposits on one tid; not a complete Geant4 step path
S3d_O8__gamma__Background_gamma_fullsphere20_batch0003_shard0032__ID3883,S3d_O8__gamma__Background_gamma_fullsphere20_batch0003_shard0032__ID3883__SEG00061,cc_deposit_polyline,CC:42,CC:43,3,e+,eIoni,0.6423118,-0.2736906,-1.968871,0.6446178,-0.2739919,-1.965522,1.8463850647976765,-0.2736906,-0.9380190059654017,1.845647552424899,-0.2739919,-0.9340203171177917,1.68005e-09,1.680281e-09,MuMetal_MagShield_Outer_Cylinder_2mm,MuMetal_MagShield_Outer_Cylinder_2mm,False,polyline between successive recorded deposits on one tid; not a complete Geant4 step path
S3d_O8__gamma__Background_gamma_fullsphere20_batch0003_shard0032__ID3883,S3d_O8__gamma__Background_gamma_fullsphere20_batch0003_shard0032__ID3883__SEG00062,cc_deposit_polyline,CC:43,CC:44,3,e+,eIoni,0.6446178,-0.2739919,-1.965522,0.6481986,-0.2743419,-1.960836,1.845647552424899,-0.2739919,-0.9340203171177917,1.8448660580103318,-0.2743419,-0.9281748067790788,1.680281e-09,1.680382e-09,MuMetal_MagShield_Outer_Cylinder_2mm,MuMetal_MagShield_Outer_Cylinder_2mm,False,polyline between successive recorded deposits on one tid; not a complete Geant4 step path
S3d_O8__gamma__Background_gamma_fullsphere20_batch0003_shard0032__ID3883,S3d_O8__gamma__Background_gamma_fullsphere20_batch0003_shard0032__ID3883__SEG00063,cc_deposit_polyline,CC:44,CC:45,3,e+,eIoni,0.6481986,-0.2743419,-1.960836,0.6477852,-0.273973,-1.958668,1.8448660580103318,-0.2743419,-0.9281748067790788,1.8430407325653766,-0.273973,-0.9269341172208089,1.680382e-09,1.680385e-09,MuMetal_MagShield_Outer_Cylinder_2mm,MuMetal_MagShield_Outer_Cylinder_2mm,False,polyline between successive recorded deposits on one tid; not a complete Geant4 step path
S3d_O8__gamma__Background_gamma_fullsphere20_batch0003_shard0032__ID3883,S3d_O8__gamma__Background_gamma_fullsphere20_batch0003_shard0032__ID3883__SEG00064,cc_deposit_polyline,CC:47,CC:48,8,e-,eIoni,0.5998044,-0.2518016,-2.031934,0.6005878,-0.2514489,-2.031811,1.8609200689490348,-0.2518016,-1.0126685516979779,1.8613870422673302,-0.2514489,-1.0120276301115103,1.674881e-09,1.674907e-09,Nb_MagShield_Inner_Cylinder_2mm,Nb_MagShield_Inner_Cylinder_2mm,False,polyline between successive recorded deposits on one tid; not a complete Geant4 step path
S3d_O8__gamma__Background_gamma_fullsphere20_batch0003_shard0032__ID3883,S3d_O8__gamma__Background_gamma_fullsphere20_batch0003_shard0032__ID3883__SEG00065,cc_deposit_polyline,CC:50,CC:51,11,gamma,compt,2.102665,-0.809584,-1.536979,2.114108,-1.253076,-1.689843,2.573616953504931,-0.809584,0.4000004066222933,2.6897995474013485,-1.253076,0.30000065852011054,1.735682e-09,1.754973e-09,DR_MXC_Sinter_HEX_AgProxy,ColdPlate_MXC_50mK_SD_anchor,False,polyline between successive recorded deposits on one tid; not a complete Geant4 step path
S3d_O8__gamma__Background_gamma_fullsphere20_batch0003_shard0032__ID3883,S3d_O8__gamma__Background_gamma_fullsphere20_batch0003_shard0032__ID3883__SEG00066,cc_deposit_polyline,CC:51,CC:52,11,gamma,compt,2.114108,-1.253076,-1.689843,2.105061,-1.36389,-1.733048,2.6897995474013485,-1.253076,0.30000065852011054,2.713952900833119,-1.36389,0.26305291498955125,1.754973e-09,1.761411e-09,ColdPlate_MXC_50mK_SD_anchor,ColdPlate_MXC_50mK_SD_anchor,False,polyline between successive recorded deposits on one tid; not a complete Geant4 step path
S3d_O8__gamma__Background_gamma_fullsphere20_batch0003_shard0032__ID3883,S3d_O8__gamma__Background_gamma_fullsphere20_batch0003_shard0032__ID3883__SEG00067,cc_deposit_polyline,CC:52,CC:53,11,gamma,compt,2.105061,-1.36389,-1.733048,2.20847,-1.51703,-1.788809,2.713952900833119,-1.36389,0.26305291498955125,2.826503087194582,-1.51703,0.2967451388995278,1.761411e-09,1.764851e-09,ColdPlate_MXC_50mK_SD_anchor,ColdPlate_MXC_50mK_SD_anchor,False,polyline between successive recorded deposits on one tid; not a complete Geant4 step path
S3d_O8__gamma__Background_gamma_fullsphere20_batch0003_shard0032__ID3883,S3d_O8__gamma__Background_gamma_fullsphere20_batch0003_shard0032__ID3883__SEG00068,cc_deposit_polyline,CC:53,CC:54,11,gamma,compt,2.20847,-1.51703,-1.788809,2.133445,-1.583561,-1.812855,2.826503087194582,-1.51703,0.2967451388995278,2.7904554905964725,-1.583561,0.22669136298059522,1.764851e-09,1.786299e-09,ColdPlate_MXC_50mK_SD_anchor,ColdPlate_MXC_50mK_SD_anchor,False,polyline between successive recorded deposits on one tid; not a complete Geant4 step path
S3d_O8__gamma__Background_gamma_fullsphere20_batch0003_shard0032__ID3883,S3d_O8__gamma__Background_gamma_fullsphere20_batch0003_shard0032__ID3883__SEG00069,cc_deposit_polyline,CC:54,CC:55,11,gamma,compt,2.133445,-1.583561,-1.812855,1.217412,0.07467841,-2.278958,2.7904554905964725,-1.583561,0.22669136298059522,2.4723069365372092,0.07467841,-0.7506263751414547,1.786299e-09,1.834153e-09,ColdPlate_MXC_50mK_SD_anchor,MuMetal_MagShield_Outer_Cylinder_2mm,False,polyline between successive recorded deposits on one tid; not a complete Geant4 step path
S3d_O8__gamma__Background_gamma_fullsphere20_batch0003_shard0032__ID3883,S3d_O8__gamma__Background_gamma_fullsphere20_batch0003_shard0032__ID3883__SEG00070,cc_deposit_polyline,CC:55,CC:56,11,gamma,phot,1.217412,0.07467841,-2.278958,1.212117,0.09261458,-2.282912,2.4723069365372092,0.07467841,-0.7506263751414547,2.471358706343638,0.09261458,-0.7571664057606492,1.834153e-09,1.836159e-09,MuMetal_MagShield_Outer_Cylinder_2mm,MuMetal_MagShield_Outer_Cylinder_2mm,False,polyline between successive recorded deposits on one tid; not a complete Geant4 step path
S3d_O8__gamma__Background_gamma_fullsphere20_batch0003_shard0032__ID3883,S3d_O8__gamma__Background_gamma_fullsphere20_batch0003_shard0032__ID3883__SEG00071,cc_deposit_polyline,CC:71,CC:72,12,e-,eIoni,2.148921,-0.8266127,-1.523572,2.149908,-0.8264762,-1.523108,2.596844704160128,-0.8266127,0.44218851850822644,2.597214521006688,-0.8264762,0.443214530447728,1.735731e-09,1.73578e-09,DR_MXC_Sinter_HEX_AgProxy,DR_MXC_Sinter_HEX_AgProxy,False,polyline between successive recorded deposits on one tid; not a complete Geant4 step path
S3d_O8__gamma__Background_gamma_fullsphere20_batch0003_shard0032__ID3883,S3d_O8__gamma__Background_gamma_fullsphere20_batch0003_shard0032__ID3883__SEG00072,cc_deposit_polyline,CC:61,CC:62,21,e-,eIoni,-3.937378,1.413954,-3.287613,-3.938259,1.414696,-3.288028,-0.45945323767767704,1.413954,-5.108840130111775,-0.45978274943770986,1.414696,-5.109756540500193,1.849334e-09,1.849373e-09,TP_L2_00361,TP_L2_00361,False,polyline between successive recorded deposits on one tid; not a complete Geant4 step path
S3d_O8__gamma__Background_gamma_fullsphere20_batch0003_shard0032__ID3883,S3d_O8__gamma__Background_gamma_fullsphere20_batch0003_shard0032__ID3883__SEG00073,cc_deposit_polyline,CC:62,CC:63,21,e-,eIoni,-3.938259,1.414696,-3.288028,-3.938965,1.414846,-3.288677,-0.45978274943770986,1.414696,-5.109756540500193,-0.4598230545242378,1.414846,-5.110714670188701,1.849373e-09,1.849381e-09,TP_L2_00361,TP_L2_00361,False,polyline between successive recorded deposits on one tid; not a complete Geant4 step path
S3d_O8__gamma__s10_gamma_instant_S3d_O8_shard0014__ID19932,S3d_O8__gamma__s10_gamma_instant_S3d_O8_shard0014__ID19932__SEG00001,ia_chord,IA:1,IA:2,,2,PAIR,62.49008,-16.03987,-0.23171,-0.23539,0.87593,2.32166,44.351003037158584,-16.03987,44.02331561262112,-1.8081073948330617,0.87593,1.4752156643860586,0.0,2.168717876484e-09,,DR_MixingChamber_Cu,False,straight chord between recorded IA vertices; boundary crossings and unrecorded steps absent
S3d_O8__gamma__s10_gamma_instant_S3d_O8_shard0014__ID19932,S3d_O8__gamma__s10_gamma_instant_S3d_O8_shard0014__ID19932__SEG00002,ia_chord,IA:1,IA:3,,3,PAIR,62.49008,-16.03987,-0.23171,-0.23539,0.87593,2.32166,44.351003037158584,-16.03987,44.02331561262112,-1.8081073948330617,0.87593,1.4752156643860586,0.0,2.168717876484e-09,,DR_MixingChamber_Cu,False,straight chord between recorded IA vertices; boundary crossings and unrecorded steps absent
S3d_O8__gamma__s10_gamma_instant_S3d_O8_shard0014__ID19932,S3d_O8__gamma__s10_gamma_instant_S3d_O8_shard0014__ID19932__SEG00003,ia_chord,IA:3,IA:4,,1,BREM,-0.23539,0.87593,2.32166,-0.252,0.87901,2.31752,-1.8081073948330617,0.87593,1.4752156643860586,-1.8169250163944575,0.87901,1.460543198676438,2.168717876484e-09,2.169294341444e-09,DR_MixingChamber_Cu,DR_MixingChamber_Cu,False,straight chord between recorded IA vertices; boundary crossings and unrecorded steps absent
S3d_O8__gamma__s10_gamma_instant_S3d_O8_shard0014__ID19932,S3d_O8__gamma__s10_gamma_instant_S3d_O8_shard0014__ID19932__SEG00004,ia_chord,IA:3,IA:5,,3,PHOT,-0.23539,0.87593,2.32166,-0.26852,0.95622,2.27081,-1.8081073948330617,0.87593,1.4752156643860586,-1.795577462670436,0.95622,1.4158328369020123,2.168717876484e-09,2.173613741239e-09,DR_MixingChamber_Cu,DR_MixingChamber_Cu,False,straight chord between recorded IA vertices; boundary crossings and unrecorded steps absent
S3d_O8__gamma__s10_gamma_instant_S3d_O8_shard0014__ID19932,S3d_O8__gamma__s10_gamma_instant_S3d_O8_shard0014__ID19932__SEG00005,ia_chord,IA:3,IA:6,,3,PHOT,-0.23539,0.87593,2.32166,-0.28785,0.95227,2.27955,-1.8081073948330617,0.87593,1.4752156643860586,-1.8154259500183423,0.95227,1.4083445760892468,2.168717876484e-09,2.172842362709e-09,DR_MixingChamber_Cu,DR_MixingChamber_Cu,False,straight chord between recorded IA vertices; boundary crossings and unrecorded steps absent
S3d_O8__gamma__s10_gamma_instant_S3d_O8_shard0014__ID19932,S3d_O8__gamma__s10_gamma_instant_S3d_O8_shard0014__ID19932__SEG00006,ia_chord,IA:4,IA:7,,3,COMP,-0.252,0.87901,2.31752,-0.45523,0.96633,2.21369,-1.8169250163944575,0.87901,1.460543198676438,-1.8872114304444005,0.96633,1.2434189904452966,2.169294341444e-09,2.177445027804e-09,DR_MixingChamber_Cu,DR_MixingChamber_Cu,False,straight chord between recorded IA vertices; boundary crossings and unrecorded steps absent
S3d_O8__gamma__s10_gamma_instant_S3d_O8_shard0014__ID19932,S3d_O8__gamma__s10_gamma_instant_S3d_O8_shard0014__ID19932__SEG00007,ia_chord,IA:4,IA:8,,3,PHOT,-0.252,0.87901,2.31752,-0.49609,0.54791,1.87504,-1.8169250163944575,0.87901,1.460543198676438,-1.6766421020748585,0.54791,0.9750648959171898,2.169294341444e-09,2.195452305914e-09,DR_MixingChamber_Cu,DR_MixingChamber_Cu,False,straight chord between recorded IA vertices; boundary crossings and unrecorded steps absent
S3d_O8__gamma__s10_gamma_instant_S3d_O8_shard0014__ID19932,S3d_O8__gamma__s10_gamma_instant_S3d_O8_shard0014__ID19932__SEG00008,ia_chord,IA:2,IA:9,,1,ANNI,-0.23539,0.87593,2.32166,-0.23969,0.87711,2.32687,-1.8081073948330617,0.87593,1.4752156643860586,-1.8148319803221455,0.87711,1.4758591315569385,2.168717876484e-09,2.169109061073e-09,DR_MixingChamber_Cu,DR_MixingChamber_Cu,False,straight chord between recorded IA vertices; boundary crossings and unrecorded steps absent
S3d_O8__gamma__s10_gamma_instant_S3d_O8_shard0014__ID19932,S3d_O8__gamma__s10_gamma_instant_S3d_O8_shard0014__ID19932__SEG00009,ia_chord,IA:2,IA:10,,1,ANNI,-0.23539,0.87593,2.32166,-0.23969,0.87711,2.32687,-1.8081073948330617,0.87593,1.4752156643860586,-1.8148319803221455,0.87711,1.4758591315569385,2.168717876484e-09,2.169109061073e-09,DR_MixingChamber_Cu,DR_MixingChamber_Cu,False,straight chord between recorded IA vertices; boundary crossings and unrecorded steps absent
S3d_O8__gamma__s10_gamma_instant_S3d_O8_shard0014__ID19932,S3d_O8__gamma__s10_gamma_instant_S3d_O8_shard0014__ID19932__SEG00010,ia_chord,IA:9,IA:11,,3,COMP,-0.23969,0.87711,2.32687,5.41937,0.58737,10.27354,-1.8148319803221455,0.87711,1.4758591315569385,-3.432416524032304,0.58737,11.096563077550185,2.169109061073e-09,2.494669317167e-09,DR_MixingChamber_Cu,ColdPlate_Still_0p7K,False,straight chord between recorded IA vertices; boundary crossings and unrecorded steps absent
S3d_O8__gamma__s10_gamma_instant_S3d_O8_shard0014__ID19932,S3d_O8__gamma__s10_gamma_instant_S3d_O8_shard0014__ID19932__SEG00011,ia_chord,IA:9,IA:12,,3,COMP,-0.23969,0.87711,2.32687,5.23349,1.65471,9.96157,-1.8148319803221455,0.87711,1.4758591315569385,-3.343257429992492,1.65471,10.744529966536462,2.169109061073e-09,2.532276106344e-09,DR_MixingChamber_Cu,ColdPlate_Still_0p7K,False,straight chord between recorded IA vertices; boundary crossings and unrecorded steps absent
S3d_O8__gamma__s10_gamma_instant_S3d_O8_shard0014__ID19932,S3d_O8__gamma__s10_gamma_instant_S3d_O8_shard0014__ID19932__SEG00012,ia_chord,IA:9,IA:13,,3,COMP,-0.23969,0.87711,2.32687,5.32442,1.56274,9.82424,-1.8148319803221455,0.87711,1.4758591315569385,-3.1818532361188505,1.56274,10.711720211889405,2.169109061073e-09,2.538568556621e-09,DR_MixingChamber_Cu,ColdPlate_Still_0p7K,False,straight chord between recorded IA vertices; boundary crossings and unrecorded steps absent
S3d_O8__gamma__s10_gamma_instant_S3d_O8_shard0014__ID19932,S3d_O8__gamma__s10_gamma_instant_S3d_O8_shard0014__ID19932__SEG00013,ia_chord,IA:9,IA:14,,3,PHOT,-0.23969,0.87711,2.32687,5.26477,1.46201,9.87132,-1.8148319803221455,0.87711,1.4758591315569385,-3.2573227428748908,1.46201,10.702831879649892,2.169109061073e-09,2.542777321788e-09,DR_MixingChamber_Cu,ColdPlate_Still_0p7K,False,straight chord between recorded IA vertices; boundary crossings and unrecorded steps absent
S3d_O8__gamma__s10_gamma_instant_S3d_O8_shard0014__ID19932,S3d_O8__gamma__s10_gamma_instant_S3d_O8_shard0014__ID19932__SEG00014,ia_chord,IA:10,IA:15,,3,COMP,-0.23969,0.87711,2.32687,-4.28144,1.08404,-3.34872,-1.8148319803221455,0.87711,1.4758591315569385,-0.6595326369483165,1.08404,-5.395337877538348,2.169109061073e-09,2.401627015892e-09,DR_MixingChamber_Cu,TP_L2_00329,False,straight chord between recorded IA vertices; boundary crossings and unrecorded steps absent
S3d_O8__gamma__s10_gamma_instant_S3d_O8_shard0014__ID19932,S3d_O8__gamma__s10_gamma_instant_S3d_O8_shard0014__ID19932__SEG00015,ia_chord,IA:10,IA:16,,3,COMP,-0.23969,0.87711,2.32687,-4.28628,1.08432,-3.35277,-1.8148319803221455,0.87711,1.4758591315569385,-0.6600912513054538,1.08432,-5.4016240568230955,2.169109061073e-09,2.401837714296e-09,DR_MixingChamber_Cu,TP_L2_00329,False,straight chord between recorded IA vertices; boundary crossings and unrecorded steps absent
S3d_O8__gamma__s10_gamma_instant_S3d_O8_shard0014__ID19932,S3d_O8__gamma__s10_gamma_instant_S3d_O8_shard0014__ID19932__SEG00016,ia_chord,IA:10,IA:17,,3,PHOT,-0.23969,0.87711,2.32687,-4.27315,1.08437,-3.38146,-1.8148319803221455,0.87711,1.4758591315569385,-0.6305200457162327,1.08437,-5.4126266383383586,2.169109061073e-09,2.402890182908e-09,DR_MixingChamber_Cu,TP_L2_00329,False,straight chord between recorded IA vertices; boundary crossings and unrecorded steps absent
S3d_O8__gamma__s10_gamma_instant_S3d_O8_shard0014__ID19932,S3d_O8__gamma__s10_gamma_instant_S3d_O8_shard0014__ID19932__SEG00017,ia_chord,IA:10,IA:18,,1,PHOT,-0.23969,0.87711,2.32687,-4.27315,1.08437,-3.38146,-1.8148319803221455,0.87711,1.4758591315569385,-0.6305200457162327,1.08437,-5.4126266383383586,2.169109061073e-09,2.402890182908e-09,DR_MixingChamber_Cu,TP_L2_00329,False,straight chord between recorded IA vertices; boundary crossings and unrecorded steps absent
S3d_O8__gamma__s10_gamma_instant_S3d_O8_shard0014__ID19932,S3d_O8__gamma__s10_gamma_instant_S3d_O8_shard0014__ID19932__SEG00018,ia_chord,IA:18,IA:19,,3,PHOT,-4.27315,1.08437,-3.38146,-4.26462,1.08511,-3.37831,-0.6305200457162327,1.08437,-5.4126266383383586,-0.6267158112334489,1.08511,-5.4043676311341,2.402890182908e-09,2.403194555298e-09,TP_L2_00329,TP_L2_00329,False,straight chord between recorded IA vertices; boundary crossings and unrecorded steps absent
S3d_O8__gamma__s10_gamma_instant_S3d_O8_shard0014__ID19932,S3d_O8__gamma__s10_gamma_instant_S3d_O8_shard0014__ID19932__SEG00019,ia_chord,IA:17,IA:20,,1,BREM,-4.27315,1.08437,-3.38146,-4.273,1.08476,-3.38159,-0.6305200457162327,1.08437,-5.4126266383383586,-0.6303220558175001,1.08476,-5.412612496202735,2.402890182908e-09,2.402910878918e-09,TP_L2_00329,TP_L2_00329,False,straight chord between recorded IA vertices; boundary crossings and unrecorded steps absent
S3d_O8__gamma__s10_gamma_instant_S3d_O8_shard0014__ID19932,S3d_O8__gamma__s10_gamma_instant_S3d_O8_shard0014__ID19932__SEG00020,ia_chord,IA:20,IA:21,,3,PHOT,-4.273,1.08476,-3.38159,-4.27301,1.08477,-3.38159,-0.6303220558175001,1.08476,-5.412612496202735,-0.6303291268853123,1.08477,-5.412619567270547,2.402910878918e-09,2.40291106971e-09,TP_L2_00329,TP_L2_00329,False,straight chord between recorded IA vertices; boundary crossings and unrecorded steps absent
S3d_O8__gamma__s10_gamma_instant_S3d_O8_shard0014__ID19932,S3d_O8__gamma__s10_gamma_instant_S3d_O8_shard0014__ID19932__SEG00021,cc_deposit_polyline,CC:1,CC:2,2,e-,eBrem,-0.2353897,0.875935,2.321661,-0.2410043,0.8771363,2.320638,-1.8081078898078082,0.875935,1.4752165836248745,-1.8113546413043047,0.8771363,1.4705230916540704,2.168912e-09,2.169294e-09,DR_MixingChamber_Cu,DR_MixingChamber_Cu,False,polyline between successive recorded deposits on one tid; not a complete Geant4 step path
S3d_O8__gamma__s10_gamma_instant_S3d_O8_shard0014__ID19932,S3d_O8__gamma__s10_gamma_instant_S3d_O8_shard0014__ID19932__SEG00022,cc_deposit_polyline,CC:2,CC:3,2,e-,eIoni,-0.2410043,0.8771363,2.320638,-0.2519997,0.8790053,2.317517,-1.8113546413043047,0.8771363,1.4705230916540704,-1.8169226829420797,0.8790053,1.4605412894881287,2.169294e-09,2.169721e-09,DR_MixingChamber_Cu,DR_MixingChamber_Cu,False,polyline between successive recorded deposits on one tid; not a complete Geant4 step path
S3d_O8__gamma__s10_gamma_instant_S3d_O8_shard0014__ID19932,S3d_O8__gamma__s10_gamma_instant_S3d_O8_shard0014__ID19932__SEG00023,cc_deposit_polyline,CC:3,CC:4,2,e-,msc,-0.2519997,0.8790053,2.317517,-0.263605,0.8837799,2.314004,-1.8169226829420797,0.8790053,1.4605412894881287,-1.8226448031474758,0.8837799,1.449851037038116,2.169721e-09,2.170136e-09,DR_MixingChamber_Cu,DR_MixingChamber_Cu,False,polyline between successive recorded deposits on one tid; not a complete Geant4 step path
S3d_O8__gamma__s10_gamma_instant_S3d_O8_shard0014__ID19932,S3d_O8__gamma__s10_gamma_instant_S3d_O8_shard0014__ID19932__SEG00024,cc_deposit_polyline,CC:4,CC:5,2,e-,msc,-0.263605,0.8837799,2.314004,-0.2713384,0.8906502,2.306746,-1.8226448031474758,0.8837799,1.449851037038116,-1.8229809617112516,0.8906502,1.439250516438636,2.170136e-09,2.170612e-09,DR_MixingChamber_Cu,DR_MixingChamber_Cu,False,polyline between successive recorded deposits on one tid; not a complete Geant4 step path
S3d_O8__gamma__s10_gamma_instant_S3d_O8_shard0014__ID19932,S3d_O8__gamma__s10_gamma_instant_S3d_O8_shard0014__ID19932__SEG00025,cc_deposit_polyline,CC:5,CC:6,2,e-,msc,-0.2713384,0.8906502,2.306746,-0.2755476,0.9025258,2.299815,-1.8229809617112516,0.8906502,1.439250516438636,-1.8210563584742183,0.9025258,1.4313732054748618,2.170612e-09,2.171086e-09,DR_MixingChamber_Cu,DR_MixingChamber_Cu,False,polyline between successive recorded deposits on one tid; not a complete Geant4 step path
S3d_O8__gamma__s10_gamma_instant_S3d_O8_shard0014__ID19932,S3d_O8__gamma__s10_gamma_instant_S3d_O8_shard0014__ID19932__SEG00026,cc_deposit_polyline,CC:6,CC:7,2,e-,msc,-0.2755476,0.9025258,2.299815,-0.282987,0.9123804,2.291967,-1.8210563584742183,0.9025258,1.4313732054748618,-1.8207674346434255,0.9123804,1.4205633812681504,2.171086e-09,2.171559e-09,DR_MixingChamber_Cu,DR_MixingChamber_Cu,False,polyline between successive recorded deposits on one tid; not a complete Geant4 step path
S3d_O8__gamma__s10_gamma_instant_S3d_O8_shard0014__ID19932,S3d_O8__gamma__s10_gamma_instant_S3d_O8_shard0014__ID19932__SEG00027,cc_deposit_polyline,CC:7,CC:8,2,e-,msc,-0.282987,0.9123804,2.291967,-0.2901937,0.9214372,2.283403,-1.8207674346434255,0.9123804,1.4205633812681504,-1.819807678609321,0.9214372,1.4094118123540915,2.171559e-09,2.17203e-09,DR_MixingChamber_Cu,DR_MixingChamber_Cu,False,polyline between successive recorded deposits on one tid; not a complete Geant4 step path
S3d_O8__gamma__s10_gamma_instant_S3d_O8_shard0014__ID19932,S3d_O8__gamma__s10_gamma_instant_S3d_O8_shard0014__ID19932__SEG00028,cc_deposit_polyline,CC:8,CC:9,2,e-,msc,-0.2901937,0.9214372,2.283403,-0.2910497,0.9357141,2.280135,-1.819807678609321,0.9214372,1.4094118123540915,-1.818102137053099,0.9357141,1.4064957039884782,2.17203e-09,2.172498e-09,DR_MixingChamber_Cu,DR_MixingChamber_Cu,False,polyline between successive recorded deposits on one tid; not a complete Geant4 step path
S3d_O8__gamma__s10_gamma_instant_S3d_O8_shard0014__ID19932,S3d_O8__gamma__s10_gamma_instant_S3d_O8_shard0014__ID19932__SEG00029,cc_deposit_polyline,CC:9,CC:10,2,e-,msc,-0.2910497,0.9357141,2.280135,-0.2953714,0.9490022,2.283315,-1.818102137053099,0.9357141,1.4064957039884782,-1.823406639993526,0.9490022,1.4056884001763976,2.172498e-09,2.172964e-09,DR_MixingChamber_Cu,DR_MixingChamber_Cu,False,polyline between successive recorded deposits on one tid; not a complete Geant4 step path
S3d_O8__gamma__s10_gamma_instant_S3d_O8_shard0014__ID19932,S3d_O8__gamma__s10_gamma_instant_S3d_O8_shard0014__ID19932__SEG00030,cc_deposit_polyline,CC:10,CC:11,2,e-,eIoni,-0.2953714,0.9490022,2.283315,-0.2828233,0.9545005,2.279099,-1.823406639993526,0.9490022,1.4056884001763976,-1.8115526312030368,0.9545005,1.411580084587922,2.172964e-09,2.173203e-09,DR_MixingChamber_Cu,DR_MixingChamber_Cu,False,polyline between successive recorded deposits on one tid; not a complete Geant4 step path
S3d_O8__gamma__s10_gamma_instant_S3d_O8_shard0014__ID19932,S3d_O8__gamma__s10_gamma_instant_S3d_O8_shard0014__ID19932__SEG00031,cc_deposit_polyline,CC:11,CC:12,2,e-,eIoni,-0.2828233,0.9545005,2.279099,-0.2761111,0.9555742,2.276451,-1.8115526312030368,0.9545005,1.411580084587922,-1.8049339703097742,0.9555742,1.4144539079680203,2.173203e-09,2.173345e-09,DR_MixingChamber_Cu,DR_MixingChamber_Cu,False,polyline between successive recorded deposits on one tid; not a complete Geant4 step path
S3d_O8__gamma__s10_gamma_instant_S3d_O8_shard0014__ID19932,S3d_O8__gamma__s10_gamma_instant_S3d_O8_shard0014__ID19932__SEG00032,cc_deposit_polyline,CC:12,CC:13,2,e-,eIoni,-0.2761111,0.9555742,2.276451,-0.2718823,0.955489,2.276204,-1.8049339703097742,0.9555742,1.4144539079680203,-1.8017691017785396,0.955489,1.417269465749349,2.173345e-09,2.17378e-09,DR_MixingChamber_Cu,DR_MixingChamber_Cu,False,polyline between successive recorded deposits on one tid; not a complete Geant4 step path
S3d_O8__gamma__s10_gamma_instant_S3d_O8_shard0014__ID19932,S3d_O8__gamma__s10_gamma_instant_S3d_O8_shard0014__ID19932__SEG00033,cc_deposit_polyline,CC:13,CC:14,2,e-,msc,-0.2718823,0.955489,2.276204,-0.2592146,0.9553319,2.272191,-1.8017691017785396,0.955489,1.417269465749349,-1.789974065693601,0.9553319,1.423389262808484,2.17378e-09,2.174236e-09,DR_MixingChamber_Cu,DR_MixingChamber_Cu,False,polyline between successive recorded deposits on one tid; not a complete Geant4 step path
S3d_O8__gamma__s10_gamma_instant_S3d_O8_shard0014__ID19932,S3d_O8__gamma__s10_gamma_instant_S3d_O8_shard0014__ID19932__SEG00034,cc_deposit_polyline,CC:14,CC:15,2,e-,eIoni,-0.2592146,0.9553319,2.272191,-0.2448663,0.9545194,2.2721,-1.789974065693601,0.9553319,1.423389262808484,-1.7797639387480142,0.9545194,1.4334706963198953,2.174236e-09,2.175439e-09,DR_MixingChamber_Cu,DR_MixingChamber_Cu,False,polyline between successive recorded deposits on one tid; not a complete Geant4 step path
S3d_O8__gamma__s10_gamma_instant_S3d_O8_shard0014__ID19932,S3d_O8__gamma__s10_gamma_instant_S3d_O8_shard0014__ID19932__SEG00035,cc_deposit_polyline,CC:15,CC:16,2,e-,eIoni,-0.2448663,0.9545194,2.2721,-0.21134,0.9551787,2.260886,-1.7797639387480142,0.9545194,1.4334706963198953,-1.7481277692256938,0.9551787,1.449247874953764,2.175439e-09,2.176334e-09,DR_MixingChamber_Cu,DR_MixingChamber_Cu,False,polyline between successive recorded deposits on one tid; not a complete Geant4 step path
S3d_O8__gamma__s10_gamma_instant_S3d_O8_shard0014__ID19932,S3d_O8__gamma__s10_gamma_instant_S3d_O8_shard0014__ID19932__SEG00036,cc_deposit_polyline,CC:16,CC:17,2,e-,eIoni,-0.21134,0.9551787,2.260886,-0.2100999,0.9369009,2.242364,-1.7481277692256938,0.9551787,1.449247874953764,-1.7341538543052069,0.9369009,1.437027726271976,2.176334e-09,2.176998e-09,DR_MixingChamber_Cu,DR_MixingChamber_Cu,False,polyline between successive recorded deposits on one tid; not a complete Geant4 step path
S3d_O8__gamma__s10_gamma_instant_S3d_O8_shard0014__ID19932,S3d_O8__gamma__s10_gamma_instant_S3d_O8_shard0014__ID19932__SEG00037,cc_deposit_polyline,CC:17,CC:18,2,e-,eIoni,-0.2100999,0.9369009,2.242364,-0.2289007,0.9374916,2.239699,-1.7341538543052069,0.9369009,1.437027726271976,-1.745563587905077,0.9374916,1.4218491135283817,2.176998e-09,2.177397e-09,DR_MixingChamber_Cu,DR_MixingChamber_Cu,False,polyline between successive recorded deposits on one tid; not a complete Geant4 step path
S3d_O8__gamma__s10_gamma_instant_S3d_O8_shard0014__ID19932,S3d_O8__gamma__s10_gamma_instant_S3d_O8_shard0014__ID19932__SEG00038,cc_deposit_polyline,CC:18,CC:19,2,e-,eIoni,-0.2289007,0.9374916,2.239699,-0.2269463,0.9315216,2.248861,-1.745563587905077,0.9374916,1.4218491135283817,-1.7506601307411571,0.9315216,1.4297095953507644,2.177397e-09,2.177657e-09,DR_MixingChamber_Cu,DR_MixingChamber_Cu,False,polyline between successive recorded deposits on one tid; not a complete Geant4 step path
S3d_O8__gamma__s10_gamma_instant_S3d_O8_shard0014__ID19932,S3d_O8__gamma__s10_gamma_instant_S3d_O8_shard0014__ID19932__SEG00039,cc_deposit_polyline,CC:19,CC:20,2,e-,eIoni,-0.2269463,0.9315216,2.248861,-0.2206539,0.9340947,2.24741,-1.7506601307411571,0.9315216,1.4297095953507644,-1.745184720091717,0.9340947,1.4331329821212007,2.177657e-09,2.177791e-09,DR_MixingChamber_Cu,DR_MixingChamber_Cu,False,polyline between successive recorded deposits on one tid; not a complete Geant4 step path
S3d_O8__gamma__s10_gamma_instant_S3d_O8_shard0014__ID19932,S3d_O8__gamma__s10_gamma_instant_S3d_O8_shard0014__ID19932__SEG00040,cc_deposit_polyline,CC:20,CC:21,2,e-,eIoni,-0.2206539,0.9340947,2.24741,-0.217657,0.9345036,2.248515,-1.745184720091717,0.9340947,1.4331329821212007,-1.7438469447723903,0.9345036,1.4360334634269496,2.177791e-09,2.177833e-09,DR_MixingChamber_Cu,DR_MixingChamber_Cu,False,polyline between successive recorded deposits on one tid; not a complete Geant4 step path
S3d_O8__gamma__s10_gamma_instant_S3d_O8_shard0014__ID19932,S3d_O8__gamma__s10_gamma_instant_S3d_O8_shard0014__ID19932__SEG00041,cc_deposit_polyline,CC:34,CC:35,3,e+,eIoni,-0.2353897,0.875935,2.321661,-0.2395792,0.8794084,2.325009,-1.8081078898078082,0.875935,1.4752165836248745,-1.813437707171002,0.8794084,1.4746215532685056,2.168965e-09,2.169085e-09,DR_MixingChamber_Cu,DR_MixingChamber_Cu,False,polyline between successive recorded deposits on one tid; not a complete Geant4 step path
S3d_O8__gamma__s10_gamma_instant_S3d_O8_shard0014__ID19932,S3d_O8__gamma__s10_gamma_instant_S3d_O8_shard0014__ID19932__SEG00042,cc_deposit_polyline,CC:35,CC:36,3,e+,eIoni,-0.2395792,0.8794084,2.325009,-0.2395487,0.8774309,2.326944,-1.813437707171002,0.8794084,1.4746215532685056,-1.8147843920357716,0.8774309,1.476011371646928,2.169085e-09,2.169109e-09,DR_MixingChamber_Cu,DR_MixingChamber_Cu,False,polyline between successive recorded deposits on one tid; not a complete Geant4 step path
S3d_O8__gamma__s10_gamma_instant_S3d_O8_shard0014__ID19932,S3d_O8__gamma__s10_gamma_instant_S3d_O8_shard0014__ID19932__SEG00043,cc_deposit_polyline,CC:32,CC:33,5,gamma,phot,-0.2519997,0.8790053,2.317517,-0.4552291,0.9663325,2.213693,-1.8169226829420797,0.8790053,1.4605412894881287,-1.887212915368641,0.9663325,1.2434217481617431,2.177445e-09,2.195452e-09,DR_MixingChamber_Cu,DR_MixingChamber_Cu,False,polyline between successive recorded deposits on one tid; not a complete Geant4 step path
S3d_O8__gamma__s10_gamma_instant_S3d_O8_shard0014__ID19932,S3d_O8__gamma__s10_gamma_instant_S3d_O8_shard0014__ID19932__SEG00044,cc_deposit_polyline,CC:22,CC:23,13,e-,eIoni,-0.2206539,0.9340947,2.24741,-0.2203991,0.9335963,2.247187,-1.745184720091717,0.9340947,1.4331329821212007,-1.7448468644716661,0.9335963,1.4331554681168421,2.177691e-09,2.177701e-09,DR_MixingChamber_Cu,DR_MixingChamber_Cu,False,polyline between successive recorded deposits on one tid; not a complete Geant4 step path
S3d_O8__gamma__s10_gamma_instant_S3d_O8_shard0014__ID19932,S3d_O8__gamma__s10_gamma_instant_S3d_O8_shard0014__ID19932__SEG00045,cc_deposit_polyline,CC:46,CC:47,19,gamma,compt,-4.213598,1.080567,-3.253449,-4.281441,1.08404,-3.348717,-0.6789278688494828,1.080567,-5.279999569138666,-0.6595354653754413,1.08404,-5.395336463324785,2.401627e-09,2.401838e-09,TP_L2_00329,TP_L2_00329,False,polyline between successive recorded deposits on one tid; not a complete Geant4 step path
S3d_O8__gamma__s10_gamma_instant_S3d_O8_shard0014__ID19932,S3d_O8__gamma__s10_gamma_instant_S3d_O8_shard0014__ID19932__SEG00046,cc_deposit_polyline,CC:47,CC:48,19,gamma,phot,-4.281441,1.08404,-3.348717,-4.286281,1.084323,-3.352766,-0.6595354653754413,1.08404,-5.395336463324785,-0.6600947868393598,1.084323,-5.401621935502752,2.401838e-09,2.40289e-09,TP_L2_00329,TP_L2_00329,False,polyline between successive recorded deposits on one tid; not a complete Geant4 step path
S3d_O8__gamma__s10_gamma_instant_S3d_O8_shard0014__ID19932,S3d_O8__gamma__s10_gamma_instant_S3d_O8_shard0014__ID19932__SEG00047,cc_deposit_polyline,CC:42,CC:43,20,gamma,compt,5.186105,0.5993155,9.94598,5.419373,0.5873725,10.27354,-3.3657398901003184,0.5993155,10.699999916991239,-3.4324144027119603,0.5873725,11.096565198870529,2.494669e-09,2.532276e-09,ColdPlate_Still_0p7K,ColdPlate_Still_0p7K,False,polyline between successive recorded deposits on one tid; not a complete Geant4 step path
S3d_O8__gamma__s10_gamma_instant_S3d_O8_shard0014__ID19932,S3d_O8__gamma__s10_gamma_instant_S3d_O8_shard0014__ID19932__SEG00048,cc_deposit_polyline,CC:43,CC:44,20,gamma,compt,5.419373,0.5873725,10.27354,5.233489,1.654707,9.96157,-3.4324144027119603,0.5873725,11.096565198870529,-3.3432581370992733,1.654707,10.744529259429681,2.532276e-09,2.538569e-09,ColdPlate_Still_0p7K,ColdPlate_Still_0p7K,False,polyline between successive recorded deposits on one tid; not a complete Geant4 step path
S3d_O8__gamma__s10_gamma_instant_S3d_O8_shard0014__ID19932,S3d_O8__gamma__s10_gamma_instant_S3d_O8_shard0014__ID19932__SEG00049,cc_deposit_polyline,CC:44,CC:45,20,gamma,phot,5.233489,1.654707,9.96157,5.324418,1.56274,9.824238,-3.3432581370992733,1.654707,10.744529259429681,-3.1818532361188505,1.56274,10.71171738346228,2.538569e-09,2.542777e-09,ColdPlate_Still_0p7K,ColdPlate_Still_0p7K,False,polyline between successive recorded deposits on one tid; not a complete Geant4 step path
S3d_O8__gamma__s10_gamma_instant_S3d_O8_shard0014__ID19932,S3d_O8__gamma__s10_gamma_instant_S3d_O8_shard0014__ID19932__SEG00050,cc_deposit_polyline,CC:58,CC:59,21,e-,eIoni,5.419373,0.5873725,10.27354,5.420737,0.5864548,10.2755,-3.4324144027119603,0.5873725,11.096565198870529,-3.432835838353547,0.5864548,11.098915621811193,2.49478e-09,2.494791e-09,ColdPlate_Still_0p7K,ColdPlate_Still_0p7K,False,polyline between successive recorded deposits on one tid; not a complete Geant4 step path
S3d_O8__gamma__s10_gamma_instant_S3d_O8_shard0014__ID19932,S3d_O8__gamma__s10_gamma_instant_S3d_O8_shard0014__ID19932__SEG00051,cc_deposit_polyline,CC:51,CC:52,27,e-,eIoni,-4.273151,1.084372,-3.381457,-4.273005,1.084764,-3.381595,-0.6305228741433575,1.084372,-5.412625224124797,-0.6303220558175007,1.084764,-5.412619567270547,2.402911e-09,2.402913e-09,TP_L2_00329,TP_L2_00329,False,polyline between successive recorded deposits on one tid; not a complete Geant4 step path
S3d_O8__gamma__r6_s10_gamma_instant_S3d_O8_bundle0015__ID8081,S3d_O8__gamma__r6_s10_gamma_instant_S3d_O8_bundle0015__ID8081__SEG00001,ia_chord,IA:1,IA:2,,2,PAIR,25.46579,-31.55969,-38.99286,0.73558,-2.48615,-3.47474,45.57914852113026,-31.55969,-9.565082926585113,2.9771458229653454,-2.48615,-1.9368786107549436,0.0,1.739142800375e-09,,Nb_MagShield_Inner_Cylinder_2mm,False,straight chord between recorded IA vertices; boundary crossings and unrecorded steps absent
S3d_O8__gamma__r6_s10_gamma_instant_S3d_O8_bundle0015__ID8081,S3d_O8__gamma__r6_s10_gamma_instant_S3d_O8_bundle0015__ID8081__SEG00002,ia_chord,IA:1,IA:3,,3,PAIR,25.46579,-31.55969,-38.99286,0.73558,-2.48615,-3.47474,45.57914852113026,-31.55969,-9.565082926585113,2.9771458229653454,-2.48615,-1.9368786107549436,0.0,1.739142800375e-09,,Nb_MagShield_Inner_Cylinder_2mm,False,straight chord between recorded IA vertices; boundary crossings and unrecorded steps absent
S3d_O8__gamma__r6_s10_gamma_instant_S3d_O8_bundle0015__ID8081,S3d_O8__gamma__r6_s10_gamma_instant_S3d_O8_bundle0015__ID8081__SEG00003,ia_chord,IA:2,IA:4,,1,BREM,0.73558,-2.48615,-3.47474,0.68285,-2.41969,-3.46058,2.9771458229653454,-2.48615,-1.9368786107549436,2.9298474503717773,-2.41969,-1.9641517193053089,1.739142800375e-09,1.742186132884e-09,Nb_MagShield_Inner_Cylinder_2mm,Nb_MagShield_Inner_Cylinder_2mm,False,straight chord between recorded IA vertices; boundary crossings and unrecorded steps absent
S3d_O8__gamma__r6_s10_gamma_instant_S3d_O8_bundle0015__ID8081,S3d_O8__gamma__r6_s10_gamma_instant_S3d_O8_bundle0015__ID8081__SEG00004,ia_chord,IA:2,IA:5,,1,BREM,0.73558,-2.48615,-3.47474,0.55182,0.1724,-5.26062,2.9771458229653454,-2.48615,-1.9368786107549436,4.110015739239937,0.1724,-3.329624411251215,1.739142800375e-09,1.849128508655e-09,Nb_MagShield_Inner_Cylinder_2mm,Nb_MagShield_Inner_Back_ColdFingerCap_2mm,False,straight chord between recorded IA vertices; boundary crossings and unrecorded steps absent
S3d_O8__gamma__r6_s10_gamma_instant_S3d_O8_bundle0015__ID8081,S3d_O8__gamma__r6_s10_gamma_instant_S3d_O8_bundle0015__ID8081__SEG00005,ia_chord,IA:2,IA:6,,1,BREM,0.73558,-2.48615,-3.47474,0.55927,0.12805,-5.27595,2.9771458229653454,-2.48615,-1.9368786107549436,4.126123631715366,0.12805,-3.3351964126869653,1.739142800375e-09,1.851222200224e-09,Nb_MagShield_Inner_Cylinder_2mm,Nb_MagShield_Inner_Back_ColdFingerCap_2mm,False,straight chord between recorded IA vertices; boundary crossings and unrecorded steps absent
S3d_O8__gamma__r6_s10_gamma_instant_S3d_O8_bundle0015__ID8081,S3d_O8__gamma__r6_s10_gamma_instant_S3d_O8_bundle0015__ID8081__SEG00006,ia_chord,IA:2,IA:7,,1,BREM,0.73558,-2.48615,-3.47474,-0.2436,-0.90412,-5.31819,2.9771458229653454,-2.48615,-1.9368786107549436,3.588277000741443,-0.90412,-3.9327794245355285,1.739142800375e-09,1.899415651464e-09,Nb_MagShield_Inner_Cylinder_2mm,Cu_SubstrateSupport_SolidDisk_L0_deepest,False,straight chord between recorded IA vertices; boundary crossings and unrecorded steps absent
S3d_O8__gamma__r6_s10_gamma_instant_S3d_O8_bundle0015__ID8081,S3d_O8__gamma__r6_s10_gamma_instant_S3d_O8_bundle0015__ID8081__SEG00007,ia_chord,IA:2,IA:8,,1,ANNI,0.73558,-2.48615,-3.47474,-0.24875,-0.90235,-5.31939,2.9771458229653454,-2.48615,-1.9368786107549436,3.5854839289557554,-0.90235,-3.9372695525960633,1.739142800375e-09,1.89977281485e-09,Nb_MagShield_Inner_Cylinder_2mm,Cu_SubstrateSupport_SolidDisk_L0_deepest,False,straight chord between recorded IA vertices; boundary crossings and unrecorded steps absent
S3d_O8__gamma__r6_s10_gamma_instant_S3d_O8_bundle0015__ID8081,S3d_O8__gamma__r6_s10_gamma_instant_S3d_O8_bundle0015__ID8081__SEG00008,ia_chord,IA:2,IA:9,,1,ANNI,0.73558,-2.48615,-3.47474,-0.24875,-0.90235,-5.31939,2.9771458229653454,-2.48615,-1.9368786107549436,3.5854839289557554,-0.90235,-3.9372695525960633,1.739142800375e-09,1.89977281485e-09,Nb_MagShield_Inner_Cylinder_2mm,Cu_SubstrateSupport_SolidDisk_L0_deepest,False,straight chord between recorded IA vertices; boundary crossings and unrecorded steps absent
S3d_O8__gamma__r6_s10_gamma_instant_S3d_O8_bundle0015__ID8081,S3d_O8__gamma__r6_s10_gamma_instant_S3d_O8_bundle0015__ID8081__SEG00009,ia_chord,IA:8,IA:10,,3,COMP,-0.24875,-0.90235,-5.31939,4.2357,1.12668,-4.48635,3.5854839289557554,-0.90235,-3.9372695525960633,6.167420700848127,1.12668,-0.17723631470440834,1.89977281485e-09,2.066291908595e-09,Cu_SubstrateSupport_SolidDisk_L0_deepest,ColdPlate_MXC_50mK_SD_anchor,False,straight chord between recorded IA vertices; boundary crossings and unrecorded steps absent
S3d_O8__gamma__r6_s10_gamma_instant_S3d_O8_bundle0015__ID8081,S3d_O8__gamma__r6_s10_gamma_instant_S3d_O8_bundle0015__ID8081__SEG00010,ia_chord,IA:8,IA:11,,1,COMP,-0.24875,-0.90235,-5.31939,4.2357,1.12668,-4.48635,3.5854839289557554,-0.90235,-3.9372695525960633,6.167420700848127,1.12668,-0.17723631470440834,1.89977281485e-09,2.066291908595e-09,Cu_SubstrateSupport_SolidDisk_L0_deepest,ColdPlate_MXC_50mK_SD_anchor,False,straight chord between recorded IA vertices; boundary crossings and unrecorded steps absent
S3d_O8__gamma__r6_s10_gamma_instant_S3d_O8_bundle0015__ID8081,S3d_O8__gamma__r6_s10_gamma_instant_S3d_O8_bundle0015__ID8081__SEG00011,ia_chord,IA:8,IA:12,,3,COMP,-0.24875,-0.90235,-5.31939,4.49618,1.90124,-4.16308,3.5854839289557554,-0.90235,-3.9372695525960633,6.123021466057423,1.90124,0.23553726881323897,1.89977281485e-09,2.095605562535e-09,Cu_SubstrateSupport_SolidDisk_L0_deepest,ColdPlate_MXC_50mK_SD_anchor,False,straight chord between recorded IA vertices; boundary crossings and unrecorded steps absent
S3d_O8__gamma__r6_s10_gamma_instant_S3d_O8_bundle0015__ID8081,S3d_O8__gamma__r6_s10_gamma_instant_S3d_O8_bundle0015__ID8081__SEG00012,ia_chord,IA:8,IA:13,,3,COMP,-0.24875,-0.90235,-5.31939,4.44329,1.82688,-4.09752,3.5854839289557554,-0.90235,-3.9372695525960633,6.0392646678258775,1.82688,0.2444963117308725,1.89977281485e-09,2.099353328171e-09,Cu_SubstrateSupport_SolidDisk_L0_deepest,ColdPlate_MXC_50mK_SD_anchor,False,straight chord between recorded IA vertices; boundary crossings and unrecorded steps absent
S3d_O8__gamma__r6_s10_gamma_instant_S3d_O8_bundle0015__ID8081,S3d_O8__gamma__r6_s10_gamma_instant_S3d_O8_bundle0015__ID8081__SEG00013,ia_chord,IA:8,IA:14,,3,COMP,-0.24875,-0.90235,-5.31939,3.52615,0.81541,-3.59012,3.5854839289557554,-0.90235,-3.9372695525960633,5.031962773754393,0.81541,-0.04523362079250366,1.89977281485e-09,2.147940205989e-09,Cu_SubstrateSupport_SolidDisk_L0_deepest,ColdPlate_MXC_50mK_SD_anchor,False,straight chord between recorded IA vertices; boundary crossings and unrecorded steps absent
S3d_O8__gamma__r6_s10_gamma_instant_S3d_O8_bundle0015__ID8081,S3d_O8__gamma__r6_s10_gamma_instant_S3d_O8_bundle0015__ID8081__SEG00014,ia_chord,IA:8,IA:15,,3,COMP,-0.24875,-0.90235,-5.31939,3.48252,0.75364,-3.72018,3.5854839289557554,-0.90235,-3.9372695525960633,5.093078012852346,0.75364,-0.16805099761679487,1.89977281485e-09,2.152958637838e-09,Cu_SubstrateSupport_SolidDisk_L0_deepest,ColdPlate_MXC_50mK_SD_anchor,False,straight chord between recorded IA vertices; boundary crossings and unrecorded steps absent
S3d_O8__gamma__r6_s10_gamma_instant_S3d_O8_bundle0015__ID8081,S3d_O8__gamma__r6_s10_gamma_instant_S3d_O8_bundle0015__ID8081__SEG00015,ia_chord,IA:8,IA:16,,3,COMP,-0.24875,-0.90235,-5.31939,1.5775,-3.21072,-4.68711,3.5854839289557554,-0.90235,-3.9372695525960633,4.4297482124890575,-3.21072,-2.1988263178455,1.89977281485e-09,2.303174444304e-09,Cu_SubstrateSupport_SolidDisk_L0_deepest,MuMetal_MagShield_Outer_Back_ColdFingerCap_2mm,False,straight chord between recorded IA vertices; boundary crossings and unrecorded steps absent
S3d_O8__gamma__r6_s10_gamma_instant_S3d_O8_bundle0015__ID8081,S3d_O8__gamma__r6_s10_gamma_instant_S3d_O8_bundle0015__ID8081__SEG00016,ia_chord,IA:8,IA:17,,3,COMP,-0.24875,-0.90235,-5.31939,1.55331,-3.22227,-4.75617,3.5854839289557554,-0.90235,-3.9372695525960633,4.461476093760898,-3.22227,-2.264764025191146,1.89977281485e-09,2.305645557024e-09,Cu_SubstrateSupport_SolidDisk_L0_deepest,MuMetal_MagShield_Outer_Back_ColdFingerCap_2mm,False,straight chord between recorded IA vertices; boundary crossings and unrecorded steps absent
S3d_O8__gamma__r6_s10_gamma_instant_S3d_O8_bundle0015__ID8081,S3d_O8__gamma__r6_s10_gamma_instant_S3d_O8_bundle0015__ID8081__SEG00017,ia_chord,IA:8,IA:18,,3,COMP,-0.24875,-0.90235,-5.31939,1.55503,-3.21798,-4.7604,3.5854839289557554,-0.90235,-3.9372695525960633,4.465683379108958,-3.21798,-2.266538863211924,1.89977281485e-09,2.305854362295e-09,Cu_SubstrateSupport_SolidDisk_L0_deepest,MuMetal_MagShield_Outer_Back_ColdFingerCap_2mm,False,straight chord between recorded IA vertices; boundary crossings and unrecorded steps absent
S3d_O8__gamma__r6_s10_gamma_instant_S3d_O8_bundle0015__ID8081,S3d_O8__gamma__r6_s10_gamma_instant_S3d_O8_bundle0015__ID8081__SEG00018,ia_chord,IA:8,IA:19,,3,PHOT,-0.24875,-0.90235,-5.31939,-2.77375,-9.58762,-10.94518,3.5854839289557554,-0.90235,-3.9372695525960633,5.778073564991191,-9.58762,-9.700748433623563,1.89977281485e-09,2.635327661169e-09,Cu_SubstrateSupport_SolidDisk_L0_deepest,Cu_50mK_StillLike_Can_bottom_cap_2mm,False,straight chord between recorded IA vertices; boundary crossings and unrecorded steps absent
S3d_O8__gamma__r6_s10_gamma_instant_S3d_O8_bundle0015__ID8081,S3d_O8__gamma__r6_s10_gamma_instant_S3d_O8_bundle0015__ID8081__SEG00019,ia_chord,IA:8,IA:20,,1,PHOT,-0.24875,-0.90235,-5.31939,-2.77375,-9.58762,-10.94518,3.5854839289557554,-0.90235,-3.9372695525960633,5.778073564991191,-9.58762,-9.700748433623563,1.89977281485e-09,2.635327661169e-09,Cu_SubstrateSupport_SolidDisk_L0_deepest,Cu_50mK_StillLike_Can_bottom_cap_2mm,False,straight chord between recorded IA vertices; boundary crossings and unrecorded steps absent
S3d_O8__gamma__r6_s10_gamma_instant_S3d_O8_bundle0015__ID8081,S3d_O8__gamma__r6_s10_gamma_instant_S3d_O8_bundle0015__ID8081__SEG00020,ia_chord,IA:20,IA:21,,3,PHOT,-2.77375,-9.58762,-10.94518,-2.77391,-9.59063,-10.94467,5.778073564991191,-9.58762,-9.700748433623563,5.777599803447797,-9.59063,-9.700500946250147,2.635327661169e-09,2.635429386645e-09,Cu_50mK_StillLike_Can_bottom_cap_2mm,Cu_50mK_StillLike_Can_bottom_cap_2mm,False,straight chord between recorded IA vertices; boundary crossings and unrecorded steps absent
S3d_O8__gamma__r6_s10_gamma_instant_S3d_O8_bundle0015__ID8081,S3d_O8__gamma__r6_s10_gamma_instant_S3d_O8_bundle0015__ID8081__SEG00021,ia_chord,IA:11,IA:22,,3,PHOT,4.2357,1.12668,-4.48635,4.23653,1.12599,-4.48387,6.167420700848127,1.12668,-0.17723631470440834,6.16625397465917,1.12599,-0.1748957912586803,2.066291908595e-09,2.066382448523e-09,ColdPlate_MXC_50mK_SD_anchor,ColdPlate_MXC_50mK_SD_anchor,False,straight chord between recorded IA vertices; boundary crossings and unrecorded steps absent
S3d_O8__gamma__r6_s10_gamma_instant_S3d_O8_bundle0015__ID8081,S3d_O8__gamma__r6_s10_gamma_instant_S3d_O8_bundle0015__ID8081__SEG00022,ia_chord,IA:9,IA:23,,3,COMP,-0.24875,-0.90235,-5.31939,-1.24652,-1.3538,-5.50473,3.5854839289557554,-0.90235,-3.9372695525960633,3.0110091667163688,-1.3538,-4.77385465648568,1.89977281485e-09,1.936822463099e-09,Cu_SubstrateSupport_SolidDisk_L0_deepest,TP_L5_00019,False,straight chord between recorded IA vertices; boundary crossings and unrecorded steps absent
S3d_O8__gamma__r6_s10_gamma_instant_S3d_O8_bundle0015__ID8081,S3d_O8__gamma__r6_s10_gamma_instant_S3d_O8_bundle0015__ID8081__SEG00023,ia_chord,IA:9,IA:24,,3,COMP,-0.24875,-0.90235,-5.31939,-1.411,-1.59222,-5.63465,3.5854839289557554,-0.90235,-3.9372695525960633,2.986571556358561,-1.59222,-4.982026892866999,1.89977281485e-09,1.947411548991e-09,Cu_SubstrateSupport_SolidDisk_L0_deepest,TP_L5_00006,False,straight chord between recorded IA vertices; boundary crossings and unrecorded steps absent
S3d_O8__gamma__r6_s10_gamma_instant_S3d_O8_bundle0015__ID8081,S3d_O8__gamma__r6_s10_gamma_instant_S3d_O8_bundle0015__ID8081__SEG00024,ia_chord,IA:9,IA:25,,3,PHOT,-0.24875,-0.90235,-5.31939,-1.35137,-1.5328,-5.72628,3.5854839289557554,-0.90235,-3.9372695525960633,3.0935285280808387,-1.5328,-5.004654309864969,1.89977281485e-09,1.951561841027e-09,Cu_SubstrateSupport_SolidDisk_L0_deepest,TP_L5_00006,False,straight chord between recorded IA vertices; boundary crossings and unrecorded steps absent
S3d_O8__gamma__r6_s10_gamma_instant_S3d_O8_bundle0015__ID8081,S3d_O8__gamma__r6_s10_gamma_instant_S3d_O8_bundle0015__ID8081__SEG00025,ia_chord,IA:9,IA:26,,1,PHOT,-0.24875,-0.90235,-5.31939,-1.35137,-1.5328,-5.72628,3.5854839289557554,-0.90235,-3.9372695525960633,3.0935285280808387,-1.5328,-5.004654309864969,1.89977281485e-09,1.951561841027e-09,Cu_SubstrateSupport_SolidDisk_L0_deepest,TP_L5_00006,False,straight chord between recorded IA vertices; boundary crossings and unrecorded steps absent
S3d_O8__gamma__r6_s10_gamma_instant_S3d_O8_bundle0015__ID8081,S3d_O8__gamma__r6_s10_gamma_instant_S3d_O8_bundle0015__ID8081__SEG00026,ia_chord,IA:26,IA:27,,3,PHOT,-1.35137,-1.5328,-5.72628,-1.35752,-1.53079,-5.73804,3.0935285280808387,-1.5328,-5.004654309864969,3.097495397123295,-1.53079,-5.01731859231602,1.951561841027e-09,1.952009624508e-09,TP_L5_00006,TP_L5_00006,False,straight chord between recorded IA vertices; boundary crossings and unrecorded steps absent
S3d_O8__gamma__r6_s10_gamma_instant_S3d_O8_bundle0015__ID8081,S3d_O8__gamma__r6_s10_gamma_instant_S3d_O8_bundle0015__ID8081__SEG00027,ia_chord,IA:7,IA:28,,3,PHOT,-0.2436,-0.90412,-5.31819,1.11764,1.02102,-4.68519,3.588277000741443,-0.90412,-3.9327794245355285,4.103220443072734,1.02102,-2.522638797222068,1.899415651464e-09,1.980847868676e-09,Cu_SubstrateSupport_SolidDisk_L0_deepest,Nb_MagShield_Inner_Back_ColdFingerCap_2mm,False,straight chord between recorded IA vertices; boundary crossings and unrecorded steps absent
S3d_O8__gamma__r6_s10_gamma_instant_S3d_O8_bundle0015__ID8081,S3d_O8__gamma__r6_s10_gamma_instant_S3d_O8_bundle0015__ID8081__SEG00028,ia_chord,IA:7,IA:29,,1,PHOT,-0.2436,-0.90412,-5.31819,1.11764,1.02102,-4.68519,3.588277000741443,-0.90412,-3.9327794245355285,4.103220443072734,1.02102,-2.522638797222068,1.899415651464e-09,1.980847868676e-09,Cu_SubstrateSupport_SolidDisk_L0_deepest,Nb_MagShield_Inner_Back_ColdFingerCap_2mm,False,straight chord between recorded IA vertices; boundary crossings and unrecorded steps absent
S3d_O8__gamma__r6_s10_gamma_instant_S3d_O8_bundle0015__ID8081,S3d_O8__gamma__r6_s10_gamma_instant_S3d_O8_bundle0015__ID8081__SEG00029,ia_chord,IA:29,IA:30,,0,RAYL,1.11764,1.02102,-4.68519,1.12265,1.02794,-4.68639,4.103220443072734,1.02102,-2.522638797222068,4.107611576183903,1.02794,-2.5199447203857472,1.980847868676e-09,1.981135515554e-09,Nb_MagShield_Inner_Back_ColdFingerCap_2mm,Nb_MagShield_Inner_Back_ColdFingerCap_2mm,False,straight chord between recorded IA vertices; boundary crossings and unrecorded steps absent
S3d_O8__gamma__r6_s10_gamma_instant_S3d_O8_bundle0015__ID8081,S3d_O8__gamma__r6_s10_gamma_instant_S3d_O8_bundle0015__ID8081__SEG00030,ia_chord,IA:29,IA:31,,3,PHOT,1.11764,1.02102,-4.68519,0.38713,1.62284,-4.63018,4.103220443072734,1.02102,-2.522638797222068,3.547773924315077,1.62284,-3.000289427913581,1.980847868676e-09,2.012746125917e-09,Nb_MagShield_Inner_Back_ColdFingerCap_2mm,Cu_SubstrateSupport_SolidDisk_L0_deepest,False,straight chord between recorded IA vertices; boundary crossings and unrecorded steps absent
S3d_O8__gamma__r6_s10_gamma_instant_S3d_O8_bundle0015__ID8081,S3d_O8__gamma__r6_s10_gamma_instant_S3d_O8_bundle0015__ID8081__SEG00031,ia_chord,IA:2,IA:32,,3,PHOT,0.73558,-2.48615,-3.47474,0.55918,0.12462,-5.27509,2.9771458229653454,-2.48615,-1.9368786107549436,4.125451880273239,0.12462,-3.334651940465451,1.739142800375e-09,1.85139354971e-09,Nb_MagShield_Inner_Cylinder_2mm,Nb_MagShield_Inner_Back_ColdFingerCap_2mm,False,straight chord between recorded IA vertices; boundary crossings and unrecorded steps absent
S3d_O8__gamma__r6_s10_gamma_instant_S3d_O8_bundle0015__ID8081,S3d_O8__gamma__r6_s10_gamma_instant_S3d_O8_bundle0015__ID8081__SEG00032,ia_chord,IA:6,IA:33,,3,PHOT,0.55927,0.12805,-5.27595,0.55956,0.1254,-5.2771,4.126123631715366,0.12805,-3.3351964126869653,4.127141865480275,0.1254,-3.3358045245187853,1.851222200224e-09,1.85131919045e-09,Nb_MagShield_Inner_Back_ColdFingerCap_2mm,Nb_MagShield_Inner_Back_ColdFingerCap_2mm,False,straight chord between recorded IA vertices; boundary crossings and unrecorded steps absent
S3d_O8__gamma__r6_s10_gamma_instant_S3d_O8_bundle0015__ID8081,S3d_O8__gamma__r6_s10_gamma_instant_S3d_O8_bundle0015__ID8081__SEG00033,ia_chord,IA:2,IA:34,,0,RAYL,0.73558,-2.48615,-3.47474,0.55541,0.15369,-5.26937,2.9771458229653454,-2.48615,-1.9368786107549436,4.118741436919779,0.15369,-3.3332730822421377,1.739142800375e-09,1.850209752145e-09,Nb_MagShield_Inner_Cylinder_2mm,Nb_MagShield_Inner_Back_ColdFingerCap_2mm,False,straight chord between recorded IA vertices; boundary crossings and unrecorded steps absent
S3d_O8__gamma__r6_s10_gamma_instant_S3d_O8_bundle0015__ID8081,S3d_O8__gamma__r6_s10_gamma_instant_S3d_O8_bundle0015__ID8081__SEG00034,ia_chord,IA:2,IA:35,,3,PHOT,0.73558,-2.48615,-3.47474,0.55204,0.14843,-5.26911,2.9771458229653454,-2.48615,-1.9368786107549436,4.116174639304072,0.14843,-3.3354721843316284,1.739142800375e-09,1.850418332092e-09,Nb_MagShield_Inner_Cylinder_2mm,Nb_MagShield_Inner_Back_ColdFingerCap_2mm,False,straight chord between recorded IA vertices; boundary crossings and unrecorded steps absent
S3d_O8__gamma__r6_s10_gamma_instant_S3d_O8_bundle0015__ID8081,S3d_O8__gamma__r6_s10_gamma_instant_S3d_O8_bundle0015__ID8081__SEG00035,ia_chord,IA:5,IA:36,,3,PHOT,0.55182,0.1724,-5.26062,0.55171,0.17267,-5.26095,4.110015739239937,0.1724,-3.329624411251215,4.110171302731798,0.17267,-3.3299355382349374,1.849128508655e-09,1.849143275365e-09,Nb_MagShield_Inner_Back_ColdFingerCap_2mm,Nb_MagShield_Inner_Back_ColdFingerCap_2mm,False,straight chord between recorded IA vertices; boundary crossings and unrecorded steps absent
S3d_O8__gamma__r6_s10_gamma_instant_S3d_O8_bundle0015__ID8081,S3d_O8__gamma__r6_s10_gamma_instant_S3d_O8_bundle0015__ID8081__SEG00036,ia_chord,IA:2,IA:37,,3,PHOT,0.73558,-2.48615,-3.47474,0.67805,-2.39879,-3.45835,2.9771458229653454,-2.48615,-1.9368786107549436,2.9248764897000354,-2.39879,-1.965968983732958,1.739142800375e-09,1.742878350509e-09,Nb_MagShield_Inner_Cylinder_2mm,Nb_MagShield_Inner_Cylinder_2mm,False,straight chord between recorded IA vertices; boundary crossings and unrecorded steps absent
S3d_O8__gamma__r6_s10_gamma_instant_S3d_O8_bundle0015__ID8081,S3d_O8__gamma__r6_s10_gamma_instant_S3d_O8_bundle0015__ID8081__SEG00037,ia_chord,IA:2,IA:38,,3,PHOT,0.73558,-2.48615,-3.47474,0.68064,-2.40942,-3.46283,2.9771458229653454,-2.48615,-1.9368786107549436,2.929875734643024,-2.40942,-1.9673054155494007,1.739142800375e-09,1.742548979302e-09,Nb_MagShield_Inner_Cylinder_2mm,Nb_MagShield_Inner_Cylinder_2mm,False,straight chord between recorded IA vertices; boundary crossings and unrecorded steps absent
S3d_O8__gamma__r6_s10_gamma_instant_S3d_O8_bundle0015__ID8081,S3d_O8__gamma__r6_s10_gamma_instant_S3d_O8_bundle0015__ID8081__SEG00038,ia_chord,IA:4,IA:39,,3,PHOT,0.68285,-2.41969,-3.46058,0.68279,-2.41927,-3.46063,2.9298474503717773,-2.41969,-1.9641517193053089,2.9298403793039647,-2.41927,-1.9642295010512396,1.742186132884e-09,1.742200519483e-09,Nb_MagShield_Inner_Cylinder_2mm,Nb_MagShield_Inner_Cylinder_2mm,False,straight chord between recorded IA vertices; boundary crossings and unrecorded steps absent
S3d_O8__gamma__r6_s10_gamma_instant_S3d_O8_bundle0015__ID8081,S3d_O8__gamma__r6_s10_gamma_instant_S3d_O8_bundle0015__ID8081__SEG00039,ia_chord,IA:4,IA:40,,1,PHOT,0.68285,-2.41969,-3.46058,0.68279,-2.41927,-3.46063,2.9298474503717773,-2.41969,-1.9641517193053089,2.9298403793039647,-2.41927,-1.9642295010512396,1.742186132884e-09,1.742200519483e-09,Nb_MagShield_Inner_Cylinder_2mm,Nb_MagShield_Inner_Cylinder_2mm,False,straight chord between recorded IA vertices; boundary crossings and unrecorded steps absent
S3d_O8__gamma__r6_s10_gamma_instant_S3d_O8_bundle0015__ID8081,S3d_O8__gamma__r6_s10_gamma_instant_S3d_O8_bundle0015__ID8081__SEG00040,ia_chord,IA:40,IA:41,,3,PHOT,0.68279,-2.41927,-3.46063,0.68413,-2.41914,-3.46143,2.9298403793039647,-2.41927,-1.9642295010512396,2.9313535878157038,-2.41914,-1.9638476633893984,1.742200519483e-09,1.742252621924e-09,Nb_MagShield_Inner_Cylinder_2mm,Nb_MagShield_Inner_Cylinder_2mm,False,straight chord between recorded IA vertices; boundary crossings and unrecorded steps absent
S3d_O8__gamma__r6_s10_gamma_instant_S3d_O8_bundle0015__ID8081,S3d_O8__gamma__r6_s10_gamma_instant_S3d_O8_bundle0015__ID8081__SEG00041,cc_deposit_polyline,CC:1,CC:2,2,e-,eIoni,0.7355841,-2.486147,-3.474744,0.7320596,-2.48763,-3.463353,2.9771515505302726,-2.486147,-1.9368785400442654,2.966604699335485,-2.48763,-1.9313160845500617,1.73957e-09,1.739828e-09,Nb_MagShield_Inner_Cylinder_2mm,Nb_MagShield_Inner_Cylinder_2mm,False,polyline between successive recorded deposits on one tid; not a complete Geant4 step path
S3d_O8__gamma__r6_s10_gamma_instant_S3d_O8_bundle0015__ID8081,S3d_O8__gamma__r6_s10_gamma_instant_S3d_O8_bundle0015__ID8081__SEG00042,cc_deposit_polyline,CC:2,CC:3,2,e-,eIoni,0.7320596,-2.48763,-3.463353,0.7363142,-2.492519,-3.460892,2.966604699335485,-2.48763,-1.9313160845500617,2.967872966058221,-2.492519,-1.9265674382503248,1.739828e-09,1.739971e-09,Nb_MagShield_Inner_Cylinder_2mm,Nb_MagShield_Inner_Cylinder_2mm,False,polyline between successive recorded deposits on one tid; not a complete Geant4 step path
S3d_O8__gamma__r6_s10_gamma_instant_S3d_O8_bundle0015__ID8081,S3d_O8__gamma__r6_s10_gamma_instant_S3d_O8_bundle0015__ID8081__SEG00043,cc_deposit_polyline,CC:3,CC:4,2,e-,eIoni,0.7363142,-2.492519,-3.460892,0.7368075,-2.489311,-3.462441,2.967872966058221,-2.492519,-1.9265674382503248,2.969317090237438,-2.489311,-1.927313930879224,1.739971e-09,1.740033e-09,Nb_MagShield_Inner_Cylinder_2mm,Nb_MagShield_Inner_Cylinder_2mm,False,polyline between successive recorded deposits on one tid; not a complete Geant4 step path
S3d_O8__gamma__r6_s10_gamma_instant_S3d_O8_bundle0015__ID8081,S3d_O8__gamma__r6_s10_gamma_instant_S3d_O8_bundle0015__ID8081__SEG00044,cc_deposit_polyline,CC:4,CC:5,2,e-,eIoni,0.7368075,-2.489311,-3.462441,0.7372948,-2.489702,-3.461273,2.969317090237438,-2.489311,-1.927313930879224,2.9688357626514845,-2.489702,-1.9261434570243257,1.740033e-09,1.740036e-09,Nb_MagShield_Inner_Cylinder_2mm,Nb_MagShield_Inner_Cylinder_2mm,False,polyline between successive recorded deposits on one tid; not a complete Geant4 step path
S3d_O8__gamma__r6_s10_gamma_instant_S3d_O8_bundle0015__ID8081,S3d_O8__gamma__r6_s10_gamma_instant_S3d_O8_bundle0015__ID8081__SEG00045,cc_deposit_polyline,CC:6,CC:7,3,e+,eIoni,0.7355841,-2.486147,-3.474744,0.7244739,-2.476252,-3.462693,2.9771515505302726,-2.486147,-1.9368785400442654,2.9607741089498543,-2.476252,-1.9362132939845251,1.739762e-09,1.7399e-09,Nb_MagShield_Inner_Cylinder_2mm,Nb_MagShield_Inner_Cylinder_2mm,False,polyline between successive recorded deposits on one tid; not a complete Geant4 step path
S3d_O8__gamma__r6_s10_gamma_instant_S3d_O8_bundle0015__ID8081,S3d_O8__gamma__r6_s10_gamma_instant_S3d_O8_bundle0015__ID8081__SEG00046,cc_deposit_polyline,CC:7,CC:8,3,e+,msc,0.7244739,-2.476252,-3.462693,0.7223089,-2.473452,-3.460488,2.9607741089498543,-2.476252,-1.9362132939845251,2.9576840523160692,-2.473452,-1.9361850097132778,1.7399e-09,1.740518e-09,Nb_MagShield_Inner_Cylinder_2mm,Nb_MagShield_Inner_Cylinder_2mm,False,polyline between successive recorded deposits on one tid; not a complete Geant4 step path
S3d_O8__gamma__r6_s10_gamma_instant_S3d_O8_bundle0015__ID8081,S3d_O8__gamma__r6_s10_gamma_instant_S3d_O8_bundle0015__ID8081__SEG00047,cc_deposit_polyline,CC:8,CC:9,3,e+,msc,0.7223089,-2.473452,-3.460488,0.7098771,-2.460398,-3.455231,2.9576840523160692,-2.473452,-1.9361850097132778,2.9451761818850173,-2.460398,-1.941258359446935,1.740518e-09,1.741133e-09,Nb_MagShield_Inner_Cylinder_2mm,Nb_MagShield_Inner_Cylinder_2mm,False,polyline between successive recorded deposits on one tid; not a complete Geant4 step path
S3d_O8__gamma__r6_s10_gamma_instant_S3d_O8_bundle0015__ID8081,S3d_O8__gamma__r6_s10_gamma_instant_S3d_O8_bundle0015__ID8081__SEG00048,cc_deposit_polyline,CC:9,CC:10,3,e+,msc,0.7098771,-2.460398,-3.455231,0.6955091,-2.448131,-3.452863,2.9451761818850173,-2.460398,-1.941258359446935,2.9333420427950787,-2.448131,-1.9497436408211737,1.741133e-09,1.741745e-09,Nb_MagShield_Inner_Cylinder_2mm,Nb_MagShield_Inner_Cylinder_2mm,False,polyline between successive recorded deposits on one tid; not a complete Geant4 step path
S3d_O8__gamma__r6_s10_gamma_instant_S3d_O8_bundle0015__ID8081,S3d_O8__gamma__r6_s10_gamma_instant_S3d_O8_bundle0015__ID8081__SEG00049,cc_deposit_polyline,CC:10,CC:11,3,e+,eIoni,0.6955091,-2.448131,-3.452863,0.68616,-2.431946,-3.45678,2.9333420427950787,-2.448131,-1.9497436408211737,2.9295009680489956,-2.431946,-1.9591241900910725,1.741745e-09,1.742046e-09,Nb_MagShield_Inner_Cylinder_2mm,Nb_MagShield_Inner_Cylinder_2mm,False,polyline between successive recorded deposits on one tid; not a complete Geant4 step path
S3d_O8__gamma__r6_s10_gamma_instant_S3d_O8_bundle0015__ID8081,S3d_O8__gamma__r6_s10_gamma_instant_S3d_O8_bundle0015__ID8081__SEG00050,cc_deposit_polyline,CC:11,CC:12,3,e+,eBrem,0.68616,-2.431946,-3.45678,0.6832955,-2.423805,-3.459767,2.9295009680489956,-2.431946,-1.9591241900910725,2.929587588629691,-2.423805,-1.9632618254211855,1.742046e-09,1.742186e-09,Nb_MagShield_Inner_Cylinder_2mm,Nb_MagShield_Inner_Cylinder_2mm,False,polyline between successive recorded deposits on one tid; not a complete Geant4 step path
S3d_O8__gamma__r6_s10_gamma_instant_S3d_O8_bundle0015__ID8081,S3d_O8__gamma__r6_s10_gamma_instant_S3d_O8_bundle0015__ID8081__SEG00051,cc_deposit_polyline,CC:12,CC:13,3,e+,msc,0.6832955,-2.423805,-3.459767,0.6828477,-2.419694,-3.460576,2.929587588629691,-2.423805,-1.9632618254211855,2.929842995599055,-2.419694,-1.964150517223781,1.742186e-09,1.74279e-09,Nb_MagShield_Inner_Cylinder_2mm,Nb_MagShield_Inner_Cylinder_2mm,False,polyline between successive recorded deposits on one tid; not a complete Geant4 step path
S3d_O8__gamma__r6_s10_gamma_instant_S3d_O8_bundle0015__ID8081,S3d_O8__gamma__r6_s10_gamma_instant_S3d_O8_bundle0015__ID8081__SEG00052,cc_deposit_polyline,CC:13,CC:14,3,e+,msc,0.6828477,-2.419694,-3.460576,0.6784244,-2.401387,-3.458096,2.929842995599055,-2.419694,-1.964150517223781,2.9249616253564903,-2.401387,-1.9655246378316604,1.74279e-09,1.743389e-09,Nb_MagShield_Inner_Cylinder_2mm,Nb_MagShield_Inner_Cylinder_2mm,False,polyline between successive recorded deposits on one tid; not a complete Geant4 step path
S3d_O8__gamma__r6_s10_gamma_instant_S3d_O8_bundle0015__ID8081,S3d_O8__gamma__r6_s10_gamma_instant_S3d_O8_bundle0015__ID8081__SEG00053,cc_deposit_polyline,CC:14,CC:15,3,e+,msc,0.6784244,-2.401387,-3.458096,0.6809452,-2.383417,-3.462677,2.9249616253564903,-2.401387,-1.9655246378316604,2.9299833562951205,-2.383417,-1.966981419222261,1.743389e-09,1.743984e-09,Nb_MagShield_Inner_Cylinder_2mm,Nb_MagShield_Inner_Cylinder_2mm,False,polyline between successive recorded deposits on one tid; not a complete Geant4 step path
S3d_O8__gamma__r6_s10_gamma_instant_S3d_O8_bundle0015__ID8081,S3d_O8__gamma__r6_s10_gamma_instant_S3d_O8_bundle0015__ID8081__SEG00054,cc_deposit_polyline,CC:15,CC:16,3,e+,msc,0.6809452,-2.383417,-3.462677,0.6845812,-2.371299,-3.477165,2.9299833562951205,-2.383417,-1.966981419222261,2.9427989595973454,-2.371299,-1.9746549420116977,1.743984e-09,1.744149e-09,Nb_MagShield_Inner_Cylinder_2mm,Nb_MagShield_Inner_Cylinder_2mm,False,polyline between successive recorded deposits on one tid; not a complete Geant4 step path
S3d_O8__gamma__r6_s10_gamma_instant_S3d_O8_bundle0015__ID8081,S3d_O8__gamma__r6_s10_gamma_instant_S3d_O8_bundle0015__ID8081__SEG00055,cc_deposit_polyline,CC:16,CC:17,3,e+,msc,0.6845812,-2.371299,-3.477165,0.6857684,-2.367799,-3.480352,2.9427989595973454,-2.371299,-1.9746549420116977,2.945891986079612,-2.367799,-1.9760690141527144,1.744149e-09,1.74415e-09,Nb_MagShield_Inner_Cylinder_2mm,Nb_MagShield_Inner_Cylinder_2mm,False,polyline between successive recorded deposits on one tid; not a complete Geant4 step path
S3d_O8__gamma__r6_s10_gamma_instant_S3d_O8_bundle0015__ID8081,S3d_O8__gamma__r6_s10_gamma_instant_S3d_O8_bundle0015__ID8081__SEG00056,cc_deposit_polyline,CC:17,CC:18,3,e+,msc,0.6857684,-2.367799,-3.480352,0.685767,-2.367777,-3.480367,2.945891986079612,-2.367799,-1.9760690141527144,2.9459016027318365,-2.367777,-1.976080610703926,1.74415e-09,1.74415e-09,Nb_MagShield_Inner_Cylinder_2mm,Nb_MagShield_Inner_Cylinder_2mm,False,polyline between successive recorded deposits on one tid; not a complete Geant4 step path
S3d_O8__gamma__r6_s10_gamma_instant_S3d_O8_bundle0015__ID8081,S3d_O8__gamma__r6_s10_gamma_instant_S3d_O8_bundle0015__ID8081__SEG00057,cc_deposit_polyline,CC:18,CC:19,3,e+,Transportation,0.685767,-2.367777,-3.480367,0.6857669,-2.367774,-3.480369,2.9459016027318365,-2.367777,-1.976080610703926,2.9459029462347206,-2.367774,-1.9760820956281664,1.74415e-09,1.74415e-09,Nb_MagShield_Inner_Cylinder_2mm,Nb_MagShield_Inner_Cylinder_2mm,False,polyline between successive recorded deposits on one tid; not a complete Geant4 step path
S3d_O8__gamma__r6_s10_gamma_instant_S3d_O8_bundle0015__ID8081,S3d_O8__gamma__r6_s10_gamma_instant_S3d_O8_bundle0015__ID8081__SEG00058,cc_deposit_polyline,CC:19,CC:20,3,e+,msc,0.6857669,-2.367774,-3.480369,0.5456472,0.1528573,-5.252628,2.9459029462347206,-2.367774,-1.9760820956281664,4.0999997131057855,0.1528573,-3.32833804259488,1.74415e-09,1.848386e-09,Nb_MagShield_Inner_Cylinder_2mm,Nb_MagShield_Inner_Back_ColdFingerCap_2mm,False,polyline between successive recorded deposits on one tid; not a complete Geant4 step path
S3d_O8__gamma__r6_s10_gamma_instant_S3d_O8_bundle0015__ID8081,S3d_O8__gamma__r6_s10_gamma_instant_S3d_O8_bundle0015__ID8081__SEG00059,cc_deposit_polyline,CC:20,CC:21,3,e+,msc,0.5456472,0.1528573,-5.252628,0.5456471,0.1528594,-5.25263,4.0999997131057855,0.1528573,-3.32833804259488,4.1000010566086695,0.1528594,-3.328339527519121,1.848386e-09,1.848722e-09,Nb_MagShield_Inner_Back_ColdFingerCap_2mm,Nb_MagShield_Inner_Back_ColdFingerCap_2mm,False,polyline between successive recorded deposits on one tid; not a complete Geant4 step path
S3d_O8__gamma__r6_s10_gamma_instant_S3d_O8_bundle0015__ID8081,S3d_O8__gamma__r6_s10_gamma_instant_S3d_O8_bundle0015__ID8081__SEG00060,cc_deposit_polyline,CC:21,CC:22,3,e+,msc,0.5456471,0.1528594,-5.25263,0.5474201,0.1622084,-5.256798,4.1000010566086695,0.1528594,-3.328339527519121,4.104201977995698,0.1622084,-3.330033048260063,1.848722e-09,1.849089e-09,Nb_MagShield_Inner_Back_ColdFingerCap_2mm,Nb_MagShield_Inner_Back_ColdFingerCap_2mm,False,polyline between successive recorded deposits on one tid; not a complete Geant4 step path
S3d_O8__gamma__r6_s10_gamma_instant_S3d_O8_bundle0015__ID8081,S3d_O8__gamma__r6_s10_gamma_instant_S3d_O8_bundle0015__ID8081__SEG00061,cc_deposit_polyline,CC:22,CC:23,3,e+,eBrem,0.5474201,0.1622084,-5.256798,0.5519579,0.1720726,-5.259498,4.104201977995698,0.1622084,-3.330033048260063,4.1093198754565705,0.1720726,-3.328733527417598,1.849089e-09,1.849129e-09,Nb_MagShield_Inner_Back_ColdFingerCap_2mm,Nb_MagShield_Inner_Back_ColdFingerCap_2mm,False,polyline between successive recorded deposits on one tid; not a complete Geant4 step path
S3d_O8__gamma__r6_s10_gamma_instant_S3d_O8_bundle0015__ID8081,S3d_O8__gamma__r6_s10_gamma_instant_S3d_O8_bundle0015__ID8081__SEG00062,cc_deposit_polyline,CC:23,CC:24,3,e+,msc,0.5519579,0.1720726,-5.259498,0.5518247,0.1724036,-5.260623,4.1093198754565705,0.1720726,-3.328733527417598,4.110021183962152,0.1724036,-3.329623209169687,1.849129e-09,1.849494e-09,Nb_MagShield_Inner_Back_ColdFingerCap_2mm,Nb_MagShield_Inner_Back_ColdFingerCap_2mm,False,polyline between successive recorded deposits on one tid; not a complete Geant4 step path
S3d_O8__gamma__r6_s10_gamma_instant_S3d_O8_bundle0015__ID8081,S3d_O8__gamma__r6_s10_gamma_instant_S3d_O8_bundle0015__ID8081__SEG00063,cc_deposit_polyline,CC:24,CC:25,3,e+,msc,0.5518247,0.1724036,-5.260623,0.5509004,0.1739923,-5.271612,4.110021183962152,0.1724036,-3.329623209169687,4.11713800158276,0.1739923,-3.338047184385997,1.849494e-09,1.849859e-09,Nb_MagShield_Inner_Back_ColdFingerCap_2mm,Nb_MagShield_Inner_Back_ColdFingerCap_2mm,False,polyline between successive recorded deposits on one tid; not a complete Geant4 step path
S3d_O8__gamma__r6_s10_gamma_instant_S3d_O8_bundle0015__ID8081,S3d_O8__gamma__r6_s10_gamma_instant_S3d_O8_bundle0015__ID8081__SEG00064,cc_deposit_polyline,CC:25,CC:26,3,e+,msc,0.5509004,0.1739923,-5.271612,0.556089,0.1640911,-5.269612,4.11713800158276,0.1739923,-3.338047184385997,4.119392682265252,0.1640911,-3.3329640765787594,1.849859e-09,1.850222e-09,Nb_MagShield_Inner_Back_ColdFingerCap_2mm,Nb_MagShield_Inner_Back_ColdFingerCap_2mm,False,polyline between successive recorded deposits on one tid; not a complete Geant4 step path
S3d_O8__gamma__r6_s10_gamma_instant_S3d_O8_bundle0015__ID8081,S3d_O8__gamma__r6_s10_gamma_instant_S3d_O8_bundle0015__ID8081__SEG00065,cc_deposit_polyline,CC:26,CC:27,3,e+,msc,0.556089,0.1640911,-5.269612,0.5599585,0.1555084,-5.263381,4.119392682265252,0.1640911,-3.3329640765787594,4.117722849601479,0.1555084,-3.325821944535385,1.850222e-09,1.850584e-09,Nb_MagShield_Inner_Back_ColdFingerCap_2mm,Nb_MagShield_Inner_Back_ColdFingerCap_2mm,False,polyline between successive recorded deposits on one tid; not a complete Geant4 step path
S3d_O8__gamma__r6_s10_gamma_instant_S3d_O8_bundle0015__ID8081,S3d_O8__gamma__r6_s10_gamma_instant_S3d_O8_bundle0015__ID8081__SEG00066,cc_deposit_polyline,CC:27,CC:28,3,e+,msc,0.5599585,0.1555084,-5.263381,0.5593386,0.1442248,-5.265048,4.117722849601479,0.1555084,-3.325821944535385,4.11846326111206,0.1442248,-3.32743902703328,1.850584e-09,1.850942e-09,Nb_MagShield_Inner_Back_ColdFingerCap_2mm,Nb_MagShield_Inner_Back_ColdFingerCap_2mm,False,polyline between successive recorded deposits on one tid; not a complete Geant4 step path
S3d_O8__gamma__r6_s10_gamma_instant_S3d_O8_bundle0015__ID8081,S3d_O8__gamma__r6_s10_gamma_instant_S3d_O8_bundle0015__ID8081__SEG00067,cc_deposit_polyline,CC:28,CC:29,3,e+,eBrem,0.5593386,0.1442248,-5.265048,0.559308,0.1355686,-5.271556,4.11846326111206,0.1442248,-3.32743902703328,4.123043474576518,0.1355686,-3.332062515432747,1.850942e-09,1.851222e-09,Nb_MagShield_Inner_Back_ColdFingerCap_2mm,Nb_MagShield_Inner_Back_ColdFingerCap_2mm,False,polyline between successive recorded deposits on one tid; not a complete Geant4 step path
S3d_O8__gamma__r6_s10_gamma_instant_S3d_O8_bundle0015__ID8081,S3d_O8__gamma__r6_s10_gamma_instant_S3d_O8_bundle0015__ID8081__SEG00068,cc_deposit_polyline,CC:29,CC:30,3,e+,eIoni,0.559308,0.1355686,-5.271556,0.5592678,0.1280503,-5.275947,4.123043474576518,0.1355686,-3.332062515432747,4.126119954760104,0.1280503,-3.3351958470015406,1.851222e-09,1.85146e-09,Nb_MagShield_Inner_Back_ColdFingerCap_2mm,Nb_MagShield_Inner_Back_ColdFingerCap_2mm,False,polyline between successive recorded deposits on one tid; not a complete Geant4 step path
S3d_O8__gamma__r6_s10_gamma_instant_S3d_O8_bundle0015__ID8081,S3d_O8__gamma__r6_s10_gamma_instant_S3d_O8_bundle0015__ID8081__SEG00069,cc_deposit_polyline,CC:30,CC:31,3,e+,msc,0.5592678,0.1280503,-5.275947,0.5564009,0.1217337,-5.278406,4.126119954760104,0.1280503,-3.3351958470015406,4.125831525904058,0.1217337,-3.338961827007462,1.85146e-09,1.851812e-09,Nb_MagShield_Inner_Back_ColdFingerCap_2mm,Nb_MagShield_Inner_Back_ColdFingerCap_2mm,False,polyline between successive recorded deposits on one tid; not a complete Geant4 step path
S3d_O8__gamma__r6_s10_gamma_instant_S3d_O8_bundle0015__ID8081,S3d_O8__gamma__r6_s10_gamma_instant_S3d_O8_bundle0015__ID8081__SEG00070,cc_deposit_polyline,CC:31,CC:32,3,e+,msc,0.5564009,0.1217337,-5.278406,0.55355,0.1118686,-5.274766,4.125831525904058,0.1217337,-3.338961827007462,4.121241766498054,0.1118686,-3.3384038490464274,1.851812e-09,1.852161e-09,Nb_MagShield_Inner_Back_ColdFingerCap_2mm,Nb_MagShield_Inner_Back_ColdFingerCap_2mm,False,polyline between successive recorded deposits on one tid; not a complete Geant4 step path
S3d_O8__gamma__r6_s10_gamma_instant_S3d_O8_bundle0015__ID8081,S3d_O8__gamma__r6_s10_gamma_instant_S3d_O8_bundle0015__ID8081__SEG00071,cc_deposit_polyline,CC:32,CC:33,3,e+,msc,0.55355,0.1118686,-5.274766,0.5523584,0.1007602,-5.276508,4.121241766498054,0.1118686,-3.3384038490464274,4.121630958070419,0.1007602,-3.340478217499716,1.852161e-09,1.852505e-09,Nb_MagShield_Inner_Back_ColdFingerCap_2mm,Nb_MagShield_Inner_Back_ColdFingerCap_2mm,False,polyline between successive recorded deposits on one tid; not a complete Geant4 step path
S3d_O8__gamma__r6_s10_gamma_instant_S3d_O8_bundle0015__ID8081,S3d_O8__gamma__r6_s10_gamma_instant_S3d_O8_bundle0015__ID8081__SEG00072,cc_deposit_polyline,CC:33,CC:34,3,e+,eIoni,0.5523584,0.1007602,-5.276508,0.548591,0.0911786,-5.277369,4.121630958070419,0.1007602,-3.340478217499716,4.119575822921579,0.0911786,-3.34375099052576,1.852505e-09,1.852653e-09,Nb_MagShield_Inner_Back_ColdFingerCap_2mm,Nb_MagShield_Inner_Back_ColdFingerCap_2mm,False,polyline between successive recorded deposits on one tid; not a complete Geant4 step path
S3d_O8__gamma__r6_s10_gamma_instant_S3d_O8_bundle0015__ID8081,S3d_O8__gamma__r6_s10_gamma_instant_S3d_O8_bundle0015__ID8081__SEG00073,cc_deposit_polyline,CC:34,CC:35,3,e+,msc,0.548591,0.0911786,-5.277369,0.5446542,0.08916691,-5.276676,4.119575822921579,0.0911786,-3.34375099052576,4.116302059946041,0.08916691,-3.346044703502573,1.852653e-09,1.852978e-09,Nb_MagShield_Inner_Back_ColdFingerCap_2mm,Nb_MagShield_Inner_Back_ColdFingerCap_2mm,False,polyline between successive recorded deposits on one tid; not a complete Geant4 step path
S3d_O8__gamma__r6_s10_gamma_instant_S3d_O8_bundle0015__ID8081,S3d_O8__gamma__r6_s10_gamma_instant_S3d_O8_bundle0015__ID8081__SEG00074,cc_deposit_polyline,CC:35,CC:36,3,e+,msc,0.5446542,0.08916691,-5.276676,0.5381086,0.08360287,-5.272461,4.116302059946041,0.08916691,-3.346044703502573,4.108693166716405,0.08360287,-3.347692686566806,1.852978e-09,1.853184e-09,Nb_MagShield_Inner_Back_ColdFingerCap_2mm,Nb_MagShield_Inner_Back_ColdFingerCap_2mm,False,polyline between successive recorded deposits on one tid; not a complete Geant4 step path
S3d_O8__gamma__r6_s10_gamma_instant_S3d_O8_bundle0015__ID8081,S3d_O8__gamma__r6_s10_gamma_instant_S3d_O8_bundle0015__ID8081__SEG00075,cc_deposit_polyline,CC:36,CC:37,3,e+,msc,0.5381086,0.08360287,-5.272461,0.533697,0.07967289,-5.27228,4.108693166716405,0.08360287,-3.347692686566806,4.105445708113129,0.07967289,-3.3506841725152943,1.853184e-09,1.853445e-09,Nb_MagShield_Inner_Back_ColdFingerCap_2mm,Nb_MagShield_Inner_Back_ColdFingerCap_2mm,False,polyline between successive recorded deposits on one tid; not a complete Geant4 step path
S3d_O8__gamma__r6_s10_gamma_instant_S3d_O8_bundle0015__ID8081,S3d_O8__gamma__r6_s10_gamma_instant_S3d_O8_bundle0015__ID8081__SEG00076,cc_deposit_polyline,CC:37,CC:38,3,e+,msc,0.533697,0.07967289,-5.27228,0.5304867,0.07342189,-5.26998,4.105445708113129,0.07967289,-3.3506841725152943,4.101549337616756,0.07342189,-3.3513278518182084,1.853445e-09,1.853504e-09,Nb_MagShield_Inner_Back_ColdFingerCap_2mm,Nb_MagShield_Inner_Back_ColdFingerCap_2mm,False,polyline between successive recorded deposits on one tid; not a complete Geant4 step path
S3d_O8__gamma__r6_s10_gamma_instant_S3d_O8_bundle0015__ID8081,S3d_O8__gamma__r6_s10_gamma_instant_S3d_O8_bundle0015__ID8081__SEG00077,cc_deposit_polyline,CC:38,CC:39,3,e+,msc,0.5304867,0.07342189,-5.26998,0.5294096,0.07261455,-5.269003,4.101549337616756,0.07342189,-3.3513278518182084,4.10009686957752,0.07261455,-3.3513986332070047,1.853504e-09,1.853506e-09,Nb_MagShield_Inner_Back_ColdFingerCap_2mm,Nb_MagShield_Inner_Back_ColdFingerCap_2mm,False,polyline between successive recorded deposits on one tid; not a complete Geant4 step path
S3d_O8__gamma__r6_s10_gamma_instant_S3d_O8_bundle0015__ID8081,S3d_O8__gamma__r6_s10_gamma_instant_S3d_O8_bundle0015__ID8081__SEG00078,cc_deposit_polyline,CC:39,CC:40,3,e+,Transportation,0.5294096,0.07261455,-5.269003,0.5293765,0.07257474,-5.269006,4.10009686957752,0.07261455,-3.3513986332070047,4.100075585663406,0.07257474,-3.351424159761806,1.853506e-09,1.853506e-09,Nb_MagShield_Inner_Back_ColdFingerCap_2mm,Nb_MagShield_Inner_Back_ColdFingerCap_2mm,False,polyline between successive recorded deposits on one tid; not a complete Geant4 step path
S3d_O8__gamma__r6_s10_gamma_instant_S3d_O8_bundle0015__ID8081,S3d_O8__gamma__r6_s10_gamma_instant_S3d_O8_bundle0015__ID8081__SEG00079,cc_deposit_polyline,CC:40,CC:41,3,e+,msc,0.5293765,0.07257474,-5.269006,-0.2352819,-0.914723,-5.319378,4.100075585663406,0.07257474,-3.351424159761806,3.59499882851408,-0.914723,-3.9277376824749908,1.853506e-09,1.898098e-09,Nb_MagShield_Inner_Back_ColdFingerCap_2mm,Cu_SubstrateSupport_SolidDisk_L0_deepest,False,polyline between successive recorded deposits on one tid; not a complete Geant4 step path
S3d_O8__gamma__r6_s10_gamma_instant_S3d_O8_bundle0015__ID8081,S3d_O8__gamma__r6_s10_gamma_instant_S3d_O8_bundle0015__ID8081__SEG00080,cc_deposit_polyline,CC:41,CC:42,3,e+,msc,-0.2352819,-0.914723,-5.319378,-0.2371159,-0.9165252,-5.318783,3.59499882851408,-0.914723,-3.9277376824749908,3.5932812661425775,-0.9165252,-3.92861378777688,1.898098e-09,1.8982e-09,Cu_SubstrateSupport_SolidDisk_L0_deepest,Cu_SubstrateSupport_SolidDisk_L0_deepest,False,polyline between successive recorded deposits on one tid; not a complete Geant4 step path
S3d_O8__gamma__r6_s10_gamma_instant_S3d_O8_bundle0015__ID8081,S3d_O8__gamma__r6_s10_gamma_instant_S3d_O8_bundle0015__ID8081__SEG00081,cc_deposit_polyline,CC:42,CC:43,3,e+,msc,-0.2371159,-0.9165252,-5.318783,-0.238728,-0.9186666,-5.317413,3.5932812661425775,-0.9165252,-3.92861378777688,3.5911726030104014,-0.9186666,-3.928784978328606,1.8982e-09,1.898302e-09,Cu_SubstrateSupport_SolidDisk_L0_deepest,Cu_SubstrateSupport_SolidDisk_L0_deepest,False,polyline between successive recorded deposits on one tid; not a complete Geant4 step path
S3d_O8__gamma__r6_s10_gamma_instant_S3d_O8_bundle0015__ID8081,S3d_O8__gamma__r6_s10_gamma_instant_S3d_O8_bundle0015__ID8081__SEG00082,cc_deposit_polyline,CC:43,CC:44,3,e+,msc,-0.238728,-0.9186666,-5.317413,-0.2411672,-0.9204891,-5.317244,3.5911726030104014,-0.9186666,-3.928784978328606,3.589328327103711,-0.9204891,-3.9303902521432548,1.898302e-09,1.898404e-09,Cu_SubstrateSupport_SolidDisk_L0_deepest,Cu_SubstrateSupport_SolidDisk_L0_deepest,False,polyline between successive recorded deposits on one tid; not a complete Geant4 step path
S3d_O8__gamma__r6_s10_gamma_instant_S3d_O8_bundle0015__ID8081,S3d_O8__gamma__r6_s10_gamma_instant_S3d_O8_bundle0015__ID8081__SEG00083,cc_deposit_polyline,CC:44,CC:45,3,e+,eIoni,-0.2411672,-0.9204891,-5.317244,-0.2437244,-0.9213371,-5.318487,3.589328327103711,-0.9204891,-3.9303902521432548,3.5883990473718756,-0.9213371,-3.9330773993331203,1.898404e-09,1.898476e-09,Cu_SubstrateSupport_SolidDisk_L0_deepest,Cu_SubstrateSupport_SolidDisk_L0_deepest,False,polyline between successive recorded deposits on one tid; not a complete Geant4 step path
S3d_O8__gamma__r6_s10_gamma_instant_S3d_O8_bundle0015__ID8081,S3d_O8__gamma__r6_s10_gamma_instant_S3d_O8_bundle0015__ID8081__SEG00084,cc_deposit_polyline,CC:45,CC:46,3,e+,msc,-0.2437244,-0.9213371,-5.318487,-0.2456856,-0.9213746,-5.319153,3.5883990473718756,-0.9213371,-3.9330773993331203,3.5874832026688828,-0.9213746,-3.9349351102686536,1.898476e-09,1.898578e-09,Cu_SubstrateSupport_SolidDisk_L0_deepest,Cu_SubstrateSupport_SolidDisk_L0_deepest,False,polyline between successive recorded deposits on one tid; not a complete Geant4 step path
S3d_O8__gamma__r6_s10_gamma_instant_S3d_O8_bundle0015__ID8081,S3d_O8__gamma__r6_s10_gamma_instant_S3d_O8_bundle0015__ID8081__SEG00085,cc_deposit_polyline,CC:46,CC:47,3,e+,msc,-0.2456856,-0.9213746,-5.319153,-0.2482364,-0.9201078,-5.319384,3.5874832026688828,-0.9213746,-3.9349351102686536,3.5858428563578864,-0.9201078,-3.9369021399125583,1.898578e-09,1.898679e-09,Cu_SubstrateSupport_SolidDisk_L0_deepest,Cu_SubstrateSupport_SolidDisk_L0_deepest,False,polyline between successive recorded deposits on one tid; not a complete Geant4 step path
S3d_O8__gamma__r6_s10_gamma_instant_S3d_O8_bundle0015__ID8081,S3d_O8__gamma__r6_s10_gamma_instant_S3d_O8_bundle0015__ID8081__SEG00086,cc_deposit_polyline,CC:47,CC:48,3,e+,msc,-0.2482364,-0.9201078,-5.319384,-0.2497556,-0.9176016,-5.319399,3.5858428563578864,-0.9201078,-3.9369021399125583,3.584779226337625,-0.9176016,-3.937986983136255,1.898679e-09,1.898781e-09,Cu_SubstrateSupport_SolidDisk_L0_deepest,Cu_SubstrateSupport_SolidDisk_L0_deepest,False,polyline between successive recorded deposits on one tid; not a complete Geant4 step path
S3d_O8__gamma__r6_s10_gamma_instant_S3d_O8_bundle0015__ID8081,S3d_O8__gamma__r6_s10_gamma_instant_S3d_O8_bundle0015__ID8081__SEG00087,cc_deposit_polyline,CC:48,CC:49,3,e+,msc,-0.2497556,-0.9176016,-5.319399,-0.2497545,-0.9148404,-5.319473,3.584779226337625,-0.9176016,-3.937986983136255,3.5848323300568925,-0.9148404,-3.9380385312206037,1.898781e-09,1.898882e-09,Cu_SubstrateSupport_SolidDisk_L0_deepest,Cu_SubstrateSupport_SolidDisk_L0_deepest,False,polyline between successive recorded deposits on one tid; not a complete Geant4 step path
S3d_O8__gamma__r6_s10_gamma_instant_S3d_O8_bundle0015__ID8081,S3d_O8__gamma__r6_s10_gamma_instant_S3d_O8_bundle0015__ID8081__SEG00088,cc_deposit_polyline,CC:49,CC:50,3,e+,msc,-0.2497545,-0.9148404,-5.319473,-0.2485391,-0.912388,-5.319931,3.5848323300568925,-0.9148404,-3.9380385312206037,3.58601560254453,-0.912388,-3.9375029685445333,1.898882e-09,1.898982e-09,Cu_SubstrateSupport_SolidDisk_L0_deepest,Cu_SubstrateSupport_SolidDisk_L0_deepest,False,polyline between successive recorded deposits on one tid; not a complete Geant4 step path
S3d_O8__gamma__r6_s10_gamma_instant_S3d_O8_bundle0015__ID8081,S3d_O8__gamma__r6_s10_gamma_instant_S3d_O8_bundle0015__ID8081__SEG00089,cc_deposit_polyline,CC:50,CC:51,3,e+,msc,-0.2485391,-0.912388,-5.319931,-0.2461082,-0.9106285,-5.319509,3.58601560254453,-0.912388,-3.9375029685445333,3.5874361093572555,-0.9106285,-3.935485663608486,1.898982e-09,1.899083e-09,Cu_SubstrateSupport_SolidDisk_L0_deepest,Cu_SubstrateSupport_SolidDisk_L0_deepest,False,polyline between successive recorded deposits on one tid; not a complete Geant4 step path
S3d_O8__gamma__r6_s10_gamma_instant_S3d_O8_bundle0015__ID8081,S3d_O8__gamma__r6_s10_gamma_instant_S3d_O8_bundle0015__ID8081__SEG00090,cc_deposit_polyline,CC:51,CC:52,3,e+,msc,-0.2461082,-0.9106285,-5.319509,-0.2451367,-0.9079638,-5.32016,3.5874361093572555,-0.9106285,-3.935485663608486,3.5885833901097306,-0.9079638,-3.9352590358851147,1.899083e-09,1.899183e-09,Cu_SubstrateSupport_SolidDisk_L0_deepest,Cu_SubstrateSupport_SolidDisk_L0_deepest,False,polyline between successive recorded deposits on one tid; not a complete Geant4 step path
S3d_O8__gamma__r6_s10_gamma_instant_S3d_O8_bundle0015__ID8081,S3d_O8__gamma__r6_s10_gamma_instant_S3d_O8_bundle0015__ID8081__SEG00091,cc_deposit_polyline,CC:52,CC:53,3,e+,msc,-0.2451367,-0.9079638,-5.32016,-0.2477464,-0.9089528,-5.319721,3.5885833901097306,-0.9079638,-3.9352590358851147,3.5864276336659278,-0.9089528,-3.936793952575037,1.899183e-09,1.899282e-09,Cu_SubstrateSupport_SolidDisk_L0_deepest,Cu_SubstrateSupport_SolidDisk_L0_deepest,False,polyline between successive recorded deposits on one tid; not a complete Geant4 step path
S3d_O8__gamma__r6_s10_gamma_instant_S3d_O8_bundle0015__ID8081,S3d_O8__gamma__r6_s10_gamma_instant_S3d_O8_bundle0015__ID8081__SEG00092,cc_deposit_polyline,CC:53,CC:54,3,e+,msc,-0.2477464,-0.9089528,-5.319721,-0.2455426,-0.9072976,-5.31904,3.5864276336659278,-0.9089528,-3.936793952575037,3.587504415872318,-0.9072976,-3.93475409093267,1.899282e-09,1.899381e-09,Cu_SubstrateSupport_SolidDisk_L0_deepest,Cu_SubstrateSupport_SolidDisk_L0_deepest,False,polyline between successive recorded deposits on one tid; not a complete Geant4 step path
S3d_O8__gamma__r6_s10_gamma_instant_S3d_O8_bundle0015__ID8081,S3d_O8__gamma__r6_s10_gamma_instant_S3d_O8_bundle0015__ID8081__SEG00093,cc_deposit_polyline,CC:54,CC:55,3,e+,eBrem,-0.2455426,-0.9072976,-5.31904,-0.2440087,-0.9048463,-5.318553,3.587504415872318,-0.9072976,-3.93475409093267,3.588244685961542,-0.9048463,-3.93332509883857,1.899381e-09,1.899416e-09,Cu_SubstrateSupport_SolidDisk_L0_deepest,Cu_SubstrateSupport_SolidDisk_L0_deepest,False,polyline between successive recorded deposits on one tid; not a complete Geant4 step path
S3d_O8__gamma__r6_s10_gamma_instant_S3d_O8_bundle0015__ID8081,S3d_O8__gamma__r6_s10_gamma_instant_S3d_O8_bundle0015__ID8081__SEG00094,cc_deposit_polyline,CC:55,CC:56,3,e+,msc,-0.2440087,-0.9048463,-5.318553,-0.2435963,-0.9041234,-5.318187,3.588244685961542,-0.9048463,-3.93332509883857,3.588277495716189,-0.9041234,-3.9327746869200944,1.899416e-09,1.89951e-09,Cu_SubstrateSupport_SolidDisk_L0_deepest,Cu_SubstrateSupport_SolidDisk_L0_deepest,False,polyline between successive recorded deposits on one tid; not a complete Geant4 step path
S3d_O8__gamma__r6_s10_gamma_instant_S3d_O8_bundle0015__ID8081,S3d_O8__gamma__r6_s10_gamma_instant_S3d_O8_bundle0015__ID8081__SEG00095,cc_deposit_polyline,CC:56,CC:57,3,e+,msc,-0.2435963,-0.9041234,-5.318187,-0.2434546,-0.9013247,-5.318232,3.588277495716189,-0.9041234,-3.9327746869200944,3.588409512552237,-0.9013247,-3.9327063096943538,1.89951e-09,1.899599e-09,Cu_SubstrateSupport_SolidDisk_L0_deepest,Cu_SubstrateSupport_SolidDisk_L0_deepest,False,polyline between successive recorded deposits on one tid; not a complete Geant4 step path
S3d_O8__gamma__r6_s10_gamma_instant_S3d_O8_bundle0015__ID8081,S3d_O8__gamma__r6_s10_gamma_instant_S3d_O8_bundle0015__ID8081__SEG00096,cc_deposit_polyline,CC:57,CC:58,3,e+,msc,-0.2434546,-0.9013247,-5.318232,-0.2453802,-0.9017757,-5.32015,3.588409512552237,-0.9013247,-3.9327063096943538,3.5884041385407,-0.9017757,-3.935424145318522,1.899599e-09,1.899684e-09,Cu_SubstrateSupport_SolidDisk_L0_deepest,Cu_SubstrateSupport_SolidDisk_L0_deepest,False,polyline between successive recorded deposits on one tid; not a complete Geant4 step path
S3d_O8__gamma__r6_s10_gamma_instant_S3d_O8_bundle0015__ID8081,S3d_O8__gamma__r6_s10_gamma_instant_S3d_O8_bundle0015__ID8081__SEG00097,cc_deposit_polyline,CC:58,CC:59,3,e+,eIoni,-0.2453802,-0.9017757,-5.32015,-0.2478332,-0.9014994,-5.320835,3.5884041385407,-0.9017757,-3.935424145318522,3.587153973751562,-0.9014994,-3.937643046397885,1.899684e-09,1.899773e-09,Cu_SubstrateSupport_SolidDisk_L0_deepest,Cu_SubstrateSupport_SolidDisk_L0_deepest,False,polyline between successive recorded deposits on one tid; not a complete Geant4 step path
S3d_O8__gamma__r6_s10_gamma_instant_S3d_O8_bundle0015__ID8081,S3d_O8__gamma__r6_s10_gamma_instant_S3d_O8_bundle0015__ID8081__SEG00098,cc_deposit_polyline,CC:61,CC:62,14,e-,msc,0.5446542,0.08916691,-5.276676,0.5444008,0.08913074,-5.276803,4.116302059946041,0.08916691,-3.346044703502573,4.116212681648899,0.08913074,-3.3463136869221364,1.852666e-09,1.852686e-09,Nb_MagShield_Inner_Back_ColdFingerCap_2mm,Nb_MagShield_Inner_Back_ColdFingerCap_2mm,False,polyline between successive recorded deposits on one tid; not a complete Geant4 step path
S3d_O8__gamma__r6_s10_gamma_instant_S3d_O8_bundle0015__ID8081,S3d_O8__gamma__r6_s10_gamma_instant_S3d_O8_bundle0015__ID8081__SEG00099,cc_deposit_polyline,CC:62,CC:63,14,e-,msc,0.5444008,0.08913074,-5.276803,0.5439242,0.08918975,-5.276906,4.116212681648899,0.08913074,-3.3463136869221364,4.115948506555449,0.08918975,-3.346723526012512,1.852686e-09,1.852707e-09,Nb_MagShield_Inner_Back_ColdFingerCap_2mm,Nb_MagShield_Inner_Back_ColdFingerCap_2mm,False,polyline between successive recorded deposits on one tid; not a complete Geant4 step path
S3d_O8__gamma__r6_s10_gamma_instant_S3d_O8_bundle0015__ID8081,S3d_O8__gamma__r6_s10_gamma_instant_S3d_O8_bundle0015__ID8081__SEG00100,cc_deposit_polyline,CC:63,CC:64,14,e-,msc,0.5439242,0.08918975,-5.276906,0.5435008,0.08908813,-5.27715,4.115948506555449,0.08918975,-3.346723526012512,4.115821651598903,0.08908813,-3.3471954490782756,1.852707e-09,1.852727e-09,Nb_MagShield_Inner_Back_ColdFingerCap_2mm,Nb_MagShield_Inner_Back_ColdFingerCap_2mm,False,polyline between successive recorded deposits on one tid; not a complete Geant4 step path
S3d_O8__gamma__r6_s10_gamma_instant_S3d_O8_bundle0015__ID8081,S3d_O8__gamma__r6_s10_gamma_instant_S3d_O8_bundle0015__ID8081__SEG00101,cc_deposit_polyline,CC:64,CC:65,14,e-,msc,0.5435008,0.08908813,-5.27715,0.5432346,0.08916586,-5.277574,4.115821651598903,0.08908813,-3.3471954490782756,4.115933233048975,0.08916586,-3.3476834941786513,1.852727e-09,1.852748e-09,Nb_MagShield_Inner_Back_ColdFingerCap_2mm,Nb_MagShield_Inner_Back_ColdFingerCap_2mm,False,polyline between successive recorded deposits on one tid; not a complete Geant4 step path
S3d_O8__gamma__r6_s10_gamma_instant_S3d_O8_bundle0015__ID8081,S3d_O8__gamma__r6_s10_gamma_instant_S3d_O8_bundle0015__ID8081__SEG00102,cc_deposit_polyline,CC:65,CC:66,14,e-,msc,0.5432346,0.08916586,-5.277574,0.5430177,0.08941853,-5.277961,4.115933233048975,0.08916586,-3.3476834941786513,4.116053511912455,0.08941853,-3.3481105159638096,1.852748e-09,1.852769e-09,Nb_MagShield_Inner_Back_ColdFingerCap_2mm,Nb_MagShield_Inner_Back_ColdFingerCap_2mm,False,polyline between successive recorded deposits on one tid; not a complete Geant4 step path
S3d_O8__gamma__r6_s10_gamma_instant_S3d_O8_bundle0015__ID8081,S3d_O8__gamma__r6_s10_gamma_instant_S3d_O8_bundle0015__ID8081__SEG00103,cc_deposit_polyline,CC:66,CC:67,14,e-,msc,0.5430177,0.08941853,-5.277961,0.5432532,0.08981035,-5.278174,4.116053511912455,0.08941853,-3.3481105159638096,4.116370649303816,0.08981035,-3.348094606061233,1.852769e-09,1.85279e-09,Nb_MagShield_Inner_Back_ColdFingerCap_2mm,Nb_MagShield_Inner_Back_ColdFingerCap_2mm,False,polyline between successive recorded deposits on one tid; not a complete Geant4 step path
S3d_O8__gamma__r6_s10_gamma_instant_S3d_O8_bundle0015__ID8081,S3d_O8__gamma__r6_s10_gamma_instant_S3d_O8_bundle0015__ID8081__SEG00104,cc_deposit_polyline,CC:67,CC:68,14,e-,msc,0.5432532,0.08981035,-5.278174,0.5432888,0.09030254,-5.278294,4.116370649303816,0.08981035,-3.348094606061233,4.116480675118969,0.09030254,-3.348154285873565,1.85279e-09,1.85281e-09,Nb_MagShield_Inner_Back_ColdFingerCap_2mm,Nb_MagShield_Inner_Back_ColdFingerCap_2mm,False,polyline between successive recorded deposits on one tid; not a complete Geant4 step path
S3d_O8__gamma__r6_s10_gamma_instant_S3d_O8_bundle0015__ID8081,S3d_O8__gamma__r6_s10_gamma_instant_S3d_O8_bundle0015__ID8081__SEG00105,cc_deposit_polyline,CC:68,CC:69,14,e-,msc,0.5432888,0.09030254,-5.278294,0.543279,0.09080049,-5.278281,4.116480675118969,0.09030254,-3.348154285873565,4.1164645530843575,0.09080049,-3.348152023131865,1.85281e-09,1.852831e-09,Nb_MagShield_Inner_Back_ColdFingerCap_2mm,Nb_MagShield_Inner_Back_ColdFingerCap_2mm,False,polyline between successive recorded deposits on one tid; not a complete Geant4 step path
S3d_O8__gamma__r6_s10_gamma_instant_S3d_O8_bundle0015__ID8081,S3d_O8__gamma__r6_s10_gamma_instant_S3d_O8_bundle0015__ID8081__SEG00106,cc_deposit_polyline,CC:69,CC:70,14,e-,msc,0.543279,0.09080049,-5.278281,0.5431412,0.09121508,-5.278455,4.1164645530843575,0.09080049,-3.348152023131865,4.116490150349837,0.09121508,-3.3483724990262393,1.852831e-09,1.852852e-09,Nb_MagShield_Inner_Back_ColdFingerCap_2mm,Nb_MagShield_Inner_Back_ColdFingerCap_2mm,False,polyline between successive recorded deposits on one tid; not a complete Geant4 step path
S3d_O8__gamma__r6_s10_gamma_instant_S3d_O8_bundle0015__ID8081,S3d_O8__gamma__r6_s10_gamma_instant_S3d_O8_bundle0015__ID8081__SEG00107,cc_deposit_polyline,CC:70,CC:71,14,e-,msc,0.5431412,0.09121508,-5.278455,0.5429224,0.09154011,-5.278756,4.116490150349837,0.09121508,-3.3483724990262393,4.116548274527251,0.09154011,-3.3487400531310993,1.852852e-09,1.852872e-09,Nb_MagShield_Inner_Back_ColdFingerCap_2mm,Nb_MagShield_Inner_Back_ColdFingerCap_2mm,False,polyline between successive recorded deposits on one tid; not a complete Geant4 step path
S3d_O8__gamma__r6_s10_gamma_instant_S3d_O8_bundle0015__ID8081,S3d_O8__gamma__r6_s10_gamma_instant_S3d_O8_bundle0015__ID8081__SEG00108,cc_deposit_polyline,CC:71,CC:72,14,e-,msc,0.5429224,0.09154011,-5.278756,0.543121,0.09176462,-5.279127,4.116548274527251,0.09154011,-3.3487400531310993,4.116951042549815,0.09176462,-3.3488619583401764,1.852872e-09,1.852893e-09,Nb_MagShield_Inner_Back_ColdFingerCap_2mm,Nb_MagShield_Inner_Back_ColdFingerCap_2mm,False,polyline between successive recorded deposits on one tid; not a complete Geant4 step path
S3d_O8__gamma__r6_s10_gamma_instant_S3d_O8_bundle0015__ID8081,S3d_O8__gamma__r6_s10_gamma_instant_S3d_O8_bundle0015__ID8081__SEG00109,cc_deposit_polyline,CC:72,CC:73,14,e-,msc,0.543121,0.09176462,-5.279127,0.5432963,0.0918614,-5.279568,4.116951042549815,0.09176462,-3.3488619583401764,4.11738683245906,0.0918614,-3.349049836611938,1.852893e-09,1.852914e-09,Nb_MagShield_Inner_Back_ColdFingerCap_2mm,Nb_MagShield_Inner_Back_ColdFingerCap_2mm,False,polyline between successive recorded deposits on one tid; not a complete Geant4 step path
S3d_O8__gamma__r6_s10_gamma_instant_S3d_O8_bundle0015__ID8081,S3d_O8__gamma__r6_s10_gamma_instant_S3d_O8_bundle0015__ID8081__SEG00110,cc_deposit_polyline,CC:73,CC:74,14,e-,msc,0.5432963,0.0918614,-5.279568,0.5429469,0.09209235,-5.279838,4.11738683245906,0.0918614,-3.349049836611938,4.117330688180633,0.09209235,-3.349487818552204,1.852914e-09,1.852935e-09,Nb_MagShield_Inner_Back_ColdFingerCap_2mm,Nb_MagShield_Inner_Back_ColdFingerCap_2mm,False,polyline between successive recorded deposits on one tid; not a complete Geant4 step path
S3d_O8__gamma__r6_s10_gamma_instant_S3d_O8_bundle0015__ID8081,S3d_O8__gamma__r6_s10_gamma_instant_S3d_O8_bundle0015__ID8081__SEG00111,cc_deposit_polyline,CC:74,CC:75,14,e-,msc,0.5429469,0.09209235,-5.279838,0.5428775,0.09179863,-5.279455,4.117330688180633,0.09209235,-3.349487818552204,4.117010793072825,0.09179863,-3.349266069865624,1.852935e-09,1.852955e-09,Nb_MagShield_Inner_Back_ColdFingerCap_2mm,Nb_MagShield_Inner_Back_ColdFingerCap_2mm,False,polyline between successive recorded deposits on one tid; not a complete Geant4 step path
S3d_O8__gamma__r6_s10_gamma_instant_S3d_O8_bundle0015__ID8081,S3d_O8__gamma__r6_s10_gamma_instant_S3d_O8_bundle0015__ID8081__SEG00112,cc_deposit_polyline,CC:75,CC:76,14,e-,msc,0.5428775,0.09179863,-5.279455,0.5430029,0.09148908,-5.279102,4.117010793072825,0.09179863,-3.349266069865624,4.116849855569426,0.09148908,-3.348927789981505,1.852955e-09,1.852976e-09,Nb_MagShield_Inner_Back_ColdFingerCap_2mm,Nb_MagShield_Inner_Back_ColdFingerCap_2mm,False,polyline between successive recorded deposits on one tid; not a complete Geant4 step path
S3d_O8__gamma__r6_s10_gamma_instant_S3d_O8_bundle0015__ID8081,S3d_O8__gamma__r6_s10_gamma_instant_S3d_O8_bundle0015__ID8081__SEG00113,cc_deposit_polyline,CC:76,CC:77,14,e-,msc,0.5430029,0.09148908,-5.279102,0.5427316,0.0912678,-5.278775,4.116849855569426,0.09148908,-3.348927789981505,4.116426793582242,0.0912678,-3.348888404133793,1.852976e-09,1.852996e-09,Nb_MagShield_Inner_Back_ColdFingerCap_2mm,Nb_MagShield_Inner_Back_ColdFingerCap_2mm,False,polyline between successive recorded deposits on one tid; not a complete Geant4 step path
S3d_O8__gamma__r6_s10_gamma_instant_S3d_O8_bundle0015__ID8081,S3d_O8__gamma__r6_s10_gamma_instant_S3d_O8_bundle0015__ID8081__SEG00114,cc_deposit_polyline,CC:77,CC:78,14,e-,msc,0.5427316,0.0912678,-5.278775,0.5424328,0.09087472,-5.27864,4.116426793582242,0.0912678,-3.348888404133793,4.116120050660564,0.09087472,-3.349004228224551,1.852996e-09,1.853017e-09,Nb_MagShield_Inner_Back_ColdFingerCap_2mm,Nb_MagShield_Inner_Back_ColdFingerCap_2mm,False,polyline between successive recorded deposits on one tid; not a complete Geant4 step path
S3d_O8__gamma__r6_s10_gamma_instant_S3d_O8_bundle0015__ID8081,S3d_O8__gamma__r6_s10_gamma_instant_S3d_O8_bundle0015__ID8081__SEG00115,cc_deposit_polyline,CC:78,CC:79,14,e-,msc,0.5424328,0.09087472,-5.27864,0.54208,0.09057,-5.278535,4.116120050660564,0.09087472,-3.349004228224551,4.115796337176136,0.09057,-3.3491794492849287,1.853017e-09,1.853037e-09,Nb_MagShield_Inner_Back_ColdFingerCap_2mm,Nb_MagShield_Inner_Back_ColdFingerCap_2mm,False,polyline between successive recorded deposits on one tid; not a complete Geant4 step path
S3d_O8__gamma__r6_s10_gamma_instant_S3d_O8_bundle0015__ID8081,S3d_O8__gamma__r6_s10_gamma_instant_S3d_O8_bundle0015__ID8081__SEG00116,cc_deposit_polyline,CC:79,CC:80,14,e-,msc,0.54208,0.09057,-5.278535,0.5416494,0.09036702,-5.27864,4.115796337176136,0.09057,-3.3491794492849287,4.115566103208183,0.09036702,-3.349558175676933,1.853037e-09,1.853057e-09,Nb_MagShield_Inner_Back_ColdFingerCap_2mm,Nb_MagShield_Inner_Back_ColdFingerCap_2mm,False,polyline between successive recorded deposits on one tid; not a complete Geant4 step path
S3d_O8__gamma__r6_s10_gamma_instant_S3d_O8_bundle0015__ID8081,S3d_O8__gamma__r6_s10_gamma_instant_S3d_O8_bundle0015__ID8081__SEG00117,cc_deposit_polyline,CC:80,CC:81,14,e-,msc,0.5416494,0.09036702,-5.27864,0.5412387,0.09031061,-5.278823,4.115566103208183,0.09036702,-3.349558175676933,4.115405094994106,0.09031061,-3.349977984972923,1.853057e-09,1.853077e-09,Nb_MagShield_Inner_Back_ColdFingerCap_2mm,Nb_MagShield_Inner_Back_ColdFingerCap_2mm,False,polyline between successive recorded deposits on one tid; not a complete Geant4 step path
S3d_O8__gamma__r6_s10_gamma_instant_S3d_O8_bundle0015__ID8081,S3d_O8__gamma__r6_s10_gamma_instant_S3d_O8_bundle0015__ID8081__SEG00118,cc_deposit_polyline,CC:81,CC:82,14,e-,msc,0.5412387,0.09031061,-5.278823,0.5410273,0.08995397,-5.278891,4.115405094994106,0.09031061,-3.349977984972923,4.115303695881684,0.08995397,-3.3501755506075868,1.853077e-09,1.853096e-09,Nb_MagShield_Inner_Back_ColdFingerCap_2mm,Nb_MagShield_Inner_Back_ColdFingerCap_2mm,False,polyline between successive recorded deposits on one tid; not a complete Geant4 step path
S3d_O8__gamma__r6_s10_gamma_instant_S3d_O8_bundle0015__ID8081,S3d_O8__gamma__r6_s10_gamma_instant_S3d_O8_bundle0015__ID8081__SEG00119,cc_deposit_polyline,CC:82,CC:83,14,e-,msc,0.5410273,0.08995397,-5.278891,0.5410703,0.08958201,-5.278833,4.115303695881684,0.08995397,-3.3501755506075868,4.115293089279966,0.08958201,-3.350104132822686,1.853096e-09,1.853116e-09,Nb_MagShield_Inner_Back_ColdFingerCap_2mm,Nb_MagShield_Inner_Back_ColdFingerCap_2mm,False,polyline between successive recorded deposits on one tid; not a complete Geant4 step path
S3d_O8__gamma__r6_s10_gamma_instant_S3d_O8_bundle0015__ID8081,S3d_O8__gamma__r6_s10_gamma_instant_S3d_O8_bundle0015__ID8081__SEG00120,cc_deposit_polyline,CC:83,CC:84,14,e-,msc,0.5410703,0.08958201,-5.278833,0.5415349,0.08941773,-5.278949,4.115293089279966,0.08958201,-3.350104132822686,4.115703635477123,0.08941773,-3.349857635398765,1.853116e-09,1.853135e-09,Nb_MagShield_Inner_Back_ColdFingerCap_2mm,Nb_MagShield_Inner_Back_ColdFingerCap_2mm,False,polyline between successive recorded deposits on one tid; not a complete Geant4 step path
S3d_O8__gamma__r6_s10_gamma_instant_S3d_O8_bundle0015__ID8081,S3d_O8__gamma__r6_s10_gamma_instant_S3d_O8_bundle0015__ID8081__SEG00121,cc_deposit_polyline,CC:84,CC:85,14,e-,eIoni,0.5415349,0.08941773,-5.278949,0.5417498,0.08907499,-5.278943,4.115703635477123,0.08941773,-3.349857635398765,4.115851350083712,0.08907499,-3.3497014355108012,1.853135e-09,1.853159e-09,Nb_MagShield_Inner_Back_ColdFingerCap_2mm,Nb_MagShield_Inner_Back_ColdFingerCap_2mm,False,polyline between successive recorded deposits on one tid; not a complete Geant4 step path
S3d_O8__gamma__r6_s10_gamma_instant_S3d_O8_bundle0015__ID8081,S3d_O8__gamma__r6_s10_gamma_instant_S3d_O8_bundle0015__ID8081__SEG00122,cc_deposit_polyline,CC:118,CC:119,17,gamma,compt,-1.171813,-1.32,-5.490856,-1.401495,-1.578441,-5.627147,3.05402459353629,-1.32,-4.711218430701394,2.9879871841344974,-1.578441,-4.970000420732577,1.936822e-09,1.947412e-09,TP_L5_00019,TP_L5_00006,False,polyline between successive recorded deposits on one tid; not a complete Geant4 step path
S3d_O8__gamma__r6_s10_gamma_instant_S3d_O8_bundle0015__ID8081,S3d_O8__gamma__r6_s10_gamma_instant_S3d_O8_bundle0015__ID8081__SEG00123,cc_deposit_polyline,CC:119,CC:120,17,gamma,phot,-1.401495,-1.578441,-5.627147,-1.411,-1.592219,-5.634654,2.9879871841344974,-1.578441,-4.970000420732577,2.986574384785686,-1.592219,-4.982029721294124,1.947412e-09,1.951562e-09,TP_L5_00006,TP_L5_00006,False,polyline between successive recorded deposits on one tid; not a complete Geant4 step path
S3d_O8__gamma__r6_s10_gamma_instant_S3d_O8_bundle0015__ID8081,S3d_O8__gamma__r6_s10_gamma_instant_S3d_O8_bundle0015__ID8081__SEG00124,cc_deposit_polyline,CC:89,CC:90,18,gamma,compt,4.089288,1.060437,-4.513552,4.2357,1.126683,-4.486354,6.083126501462879,1.060437,-0.2999999514133294,6.167423529275252,1.126683,-0.17723914313153347,2.066292e-09,2.095606e-09,ColdPlate_MXC_50mK_SD_anchor,ColdPlate_MXC_50mK_SD_anchor,False,polyline between successive recorded deposits on one tid; not a complete Geant4 step path
S3d_O8__gamma__r6_s10_gamma_instant_S3d_O8_bundle0015__ID8081,S3d_O8__gamma__r6_s10_gamma_instant_S3d_O8_bundle0015__ID8081__SEG00125,cc_deposit_polyline,CC:90,CC:91,18,gamma,compt,4.2357,1.126683,-4.486354,4.496181,1.901236,-4.163076,6.167423529275252,1.126683,-0.17723914313153347,6.123019344737081,1.901236,0.23554080434714475,2.095606e-09,2.099353e-09,ColdPlate_MXC_50mK_SD_anchor,ColdPlate_MXC_50mK_SD_anchor,False,polyline between successive recorded deposits on one tid; not a complete Geant4 step path
S3d_O8__gamma__r6_s10_gamma_instant_S3d_O8_bundle0015__ID8081,S3d_O8__gamma__r6_s10_gamma_instant_S3d_O8_bundle0015__ID8081__SEG00126,cc_deposit_polyline,CC:91,CC:92,18,gamma,compt,4.496181,1.901236,-4.163076,4.443287,1.826879,-4.097524,6.123019344737081,1.901236,0.23554080434714475,6.039265374932659,1.826879,0.24449136198340413,2.099353e-09,2.14794e-09,ColdPlate_MXC_50mK_SD_anchor,ColdPlate_MXC_50mK_SD_anchor,False,polyline between successive recorded deposits on one tid; not a complete Geant4 step path
S3d_O8__gamma__r6_s10_gamma_instant_S3d_O8_bundle0015__ID8081,S3d_O8__gamma__r6_s10_gamma_instant_S3d_O8_bundle0015__ID8081__SEG00127,cc_deposit_polyline,CC:92,CC:93,18,gamma,compt,4.443287,1.826879,-4.097524,3.526149,0.8154084,-3.590117,6.039265374932659,1.826879,0.24449136198340413,5.031959945327268,0.8154084,-0.04523220657894078,2.14794e-09,2.152959e-09,ColdPlate_MXC_50mK_SD_anchor,ColdPlate_MXC_50mK_SD_anchor,False,polyline between successive recorded deposits on one tid; not a complete Geant4 step path
S3d_O8__gamma__r6_s10_gamma_instant_S3d_O8_bundle0015__ID8081,S3d_O8__gamma__r6_s10_gamma_instant_S3d_O8_bundle0015__ID8081__SEG00128,cc_deposit_polyline,CC:93,CC:94,18,gamma,compt,3.526149,0.8154084,-3.590117,1.779257,-2.790862,-4.584704,5.031959945327268,0.8154084,-0.04523220657894078,4.499999978306723,-2.790862,-1.9837505979594563,2.152959e-09,2.303174e-09,ColdPlate_MXC_50mK_SD_anchor,MuMetal_MagShield_Outer_Back_ColdFingerCap_2mm,False,polyline between successive recorded deposits on one tid; not a complete Geant4 step path
S3d_O8__gamma__r6_s10_gamma_instant_S3d_O8_bundle0015__ID8081,S3d_O8__gamma__r6_s10_gamma_instant_S3d_O8_bundle0015__ID8081__SEG00129,cc_deposit_polyline,CC:94,CC:95,18,gamma,compt,1.779257,-2.790862,-4.584704,1.577499,-3.21072,-4.68711,4.499999978306723,-2.790862,-1.9837505979594563,4.429747505382276,-3.21072,-2.198827024952281,2.303174e-09,2.305646e-09,MuMetal_MagShield_Outer_Back_ColdFingerCap_2mm,MuMetal_MagShield_Outer_Back_ColdFingerCap_2mm,False,polyline between successive recorded deposits on one tid; not a complete Geant4 step path
S3d_O8__gamma__r6_s10_gamma_instant_S3d_O8_bundle0015__ID8081,S3d_O8__gamma__r6_s10_gamma_instant_S3d_O8_bundle0015__ID8081__SEG00130,cc_deposit_polyline,CC:95,CC:96,18,gamma,compt,1.577499,-3.21072,-4.68711,1.55331,-3.222267,-4.756173,4.429747505382276,-3.21072,-2.198827024952281,4.461478215081242,-3.222267,-2.26476614651149,2.305646e-09,2.305854e-09,MuMetal_MagShield_Outer_Back_ColdFingerCap_2mm,MuMetal_MagShield_Outer_Back_ColdFingerCap_2mm,False,polyline between successive recorded deposits on one tid; not a complete Geant4 step path
S3d_O8__gamma__r6_s10_gamma_instant_S3d_O8_bundle0015__ID8081,S3d_O8__gamma__r6_s10_gamma_instant_S3d_O8_bundle0015__ID8081__SEG00131,cc_deposit_polyline,CC:96,CC:97,18,gamma,phot,1.55331,-3.222267,-4.756173,-2.773318,-9.586981,-10.94455,4.461478215081242,-3.222267,-2.26476614651149,5.777933557848516,-9.586981,-9.699997486221942,2.305854e-09,2.635328e-09,MuMetal_MagShield_Outer_Back_ColdFingerCap_2mm,Cu_50mK_StillLike_Can_bottom_cap_2mm,False,polyline between successive recorded deposits on one tid; not a complete Geant4 step path
S3d_O8__gamma__r6_s10_gamma_instant_S3d_O8_bundle0015__ID8081,S3d_O8__gamma__r6_s10_gamma_instant_S3d_O8_bundle0015__ID8081__SEG00132,cc_deposit_polyline,CC:111,CC:112,21,e-,eIoni,4.496181,1.901236,-4.163076,4.496617,1.902221,-4.16303,6.123019344737081,1.901236,0.23554080434714475,6.123295116381743,1.902221,0.2358816298156766,2.095659e-09,2.095701e-09,ColdPlate_MXC_50mK_SD_anchor,ColdPlate_MXC_50mK_SD_anchor,False,polyline between successive recorded deposits on one tid; not a complete Geant4 step path
S3d_O8__gamma__r6_s10_gamma_instant_S3d_O8_bundle0015__ID8081,S3d_O8__gamma__r6_s10_gamma_instant_S3d_O8_bundle0015__ID8081__SEG00133,cc_deposit_polyline,CC:98,CC:99,28,e-,msc,-2.773754,-9.587623,-10.94518,-2.773805,-9.587674,-10.94523,5.778070736564066,-9.587623,-9.700751262050689,5.778070029457285,-9.587674,-9.700822679835587,2.635333e-09,2.635337e-09,Cu_50mK_StillLike_Can_bottom_cap_2mm,Cu_50mK_StillLike_Can_bottom_cap_2mm,False,polyline between successive recorded deposits on one tid; not a complete Geant4 step path
S3d_O8__gamma__r6_s10_gamma_instant_S3d_O8_bundle0015__ID8081,S3d_O8__gamma__r6_s10_gamma_instant_S3d_O8_bundle0015__ID8081__SEG00134,cc_deposit_polyline,CC:99,CC:100,28,e-,msc,-2.773805,-9.587674,-10.94523,-2.773854,-9.587702,-10.94525,5.778070029457285,-9.587674,-9.700822679835587,5.77804952336063,-9.587702,-9.70087147020349,2.635337e-09,2.635341e-09,Cu_50mK_StillLike_Can_bottom_cap_2mm,Cu_50mK_StillLike_Can_bottom_cap_2mm,False,polyline between successive recorded deposits on one tid; not a complete Geant4 step path
S3d_O8__gamma__r6_s10_gamma_instant_S3d_O8_bundle0015__ID8081,S3d_O8__gamma__r6_s10_gamma_instant_S3d_O8_bundle0015__ID8081__SEG00135,cc_deposit_polyline,CC:100,CC:101,28,e-,msc,-2.773854,-9.587702,-10.94525,-2.773906,-9.587713,-10.94527,5.77804952336063,-9.587702,-9.70087147020349,5.778026895943633,-9.587713,-9.700922381891736,2.635341e-09,2.635345e-09,Cu_50mK_StillLike_Can_bottom_cap_2mm,Cu_50mK_StillLike_Can_bottom_cap_2mm,False,polyline between successive recorded deposits on one tid; not a complete Geant4 step path
S3d_O8__gamma__r6_s10_gamma_instant_S3d_O8_bundle0015__ID8081,S3d_O8__gamma__r6_s10_gamma_instant_S3d_O8_bundle0015__ID8081__SEG00136,cc_deposit_polyline,CC:101,CC:102,28,e-,msc,-2.773906,-9.587713,-10.94527,-2.773958,-9.587741,-10.94528,5.778026895943633,-9.587713,-9.700922381891736,5.777997197458823,-9.587741,-9.70096622251217,2.635345e-09,2.635349e-09,Cu_50mK_StillLike_Can_bottom_cap_2mm,Cu_50mK_StillLike_Can_bottom_cap_2mm,False,polyline between successive recorded deposits on one tid; not a complete Geant4 step path
S3d_O8__gamma__r6_s10_gamma_instant_S3d_O8_bundle0015__ID8081,S3d_O8__gamma__r6_s10_gamma_instant_S3d_O8_bundle0015__ID8081__SEG00137,cc_deposit_polyline,CC:102,CC:103,28,e-,msc,-2.773958,-9.587741,-10.94528,-2.774018,-9.587732,-10.94528,5.777997197458823,-9.587741,-9.70096622251217,5.777954771051951,-9.587732,-9.70100864891904,2.635349e-09,2.635353e-09,Cu_50mK_StillLike_Can_bottom_cap_2mm,Cu_50mK_StillLike_Can_bottom_cap_2mm,False,polyline between successive recorded deposits on one tid; not a complete Geant4 step path
S3d_O8__gamma__r6_s10_gamma_instant_S3d_O8_bundle0015__ID8081,S3d_O8__gamma__r6_s10_gamma_instant_S3d_O8_bundle0015__ID8081__SEG00138,cc_deposit_polyline,CC:103,CC:104,28,e-,eIoni,-2.774018,-9.587732,-10.94528,-2.774071,-9.587707,-10.9453,5.777954771051951,-9.587732,-9.70100864891904,5.777931436528172,-9.587707,-9.701060267714066,2.635353e-09,2.635369e-09,Cu_50mK_StillLike_Can_bottom_cap_2mm,Cu_50mK_StillLike_Can_bottom_cap_2mm,False,polyline between successive recorded deposits on one tid; not a complete Geant4 step path
