event_uid,edge_id,graph_kind,relation,from_id,to_id,from_type,to_type,process,particle,source_record,notes
S3d_O8__gamma__Background_gamma_fullsphere20_batch0003_shard0032__ID3883,S3d_O8__gamma__Background_gamma_fullsphere20_batch0003_shard0032__ID3883__EDGE00001,ia_ancestry,initializes,EVENT_ROOT,IA:1,event_root,ia_node,INIT,1,IA line 365636,exact SIM IA origin relation
S3d_O8__gamma__Background_gamma_fullsphere20_batch0003_shard0032__ID3883,S3d_O8__gamma__Background_gamma_fullsphere20_batch0003_shard0032__ID3883__EDGE00002,ia_ancestry,origin_interaction,IA:1,IA:2,ia_node,ia_node,PAIR,2,IA line 365637,exact SIM IA origin relation
S3d_O8__gamma__Background_gamma_fullsphere20_batch0003_shard0032__ID3883,S3d_O8__gamma__Background_gamma_fullsphere20_batch0003_shard0032__ID3883__EDGE00003,ia_ancestry,origin_interaction,IA:1,IA:3,ia_node,ia_node,PAIR,3,IA line 365638,exact SIM IA origin relation
S3d_O8__gamma__Background_gamma_fullsphere20_batch0003_shard0032__ID3883,S3d_O8__gamma__Background_gamma_fullsphere20_batch0003_shard0032__ID3883__EDGE00004,ia_ancestry,origin_interaction,IA:3,IA:4,ia_node,ia_node,BREM,1,IA line 365639,exact SIM IA origin relation
S3d_O8__gamma__Background_gamma_fullsphere20_batch0003_shard0032__ID3883,S3d_O8__gamma__Background_gamma_fullsphere20_batch0003_shard0032__ID3883__EDGE00005,ia_ancestry,origin_interaction,IA:4,IA:5,ia_node,ia_node,PHOT,3,IA line 365640,exact SIM IA origin relation
S3d_O8__gamma__Background_gamma_fullsphere20_batch0003_shard0032__ID3883,S3d_O8__gamma__Background_gamma_fullsphere20_batch0003_shard0032__ID3883__EDGE00006,ia_ancestry,origin_interaction,IA:2,IA:6,ia_node,ia_node,ANNI,1,IA line 365641,exact SIM IA origin relation
S3d_O8__gamma__Background_gamma_fullsphere20_batch0003_shard0032__ID3883,S3d_O8__gamma__Background_gamma_fullsphere20_batch0003_shard0032__ID3883__EDGE00007,ia_ancestry,origin_interaction,IA:2,IA:7,ia_node,ia_node,ANNI,1,IA line 365642,exact SIM IA origin relation
S3d_O8__gamma__Background_gamma_fullsphere20_batch0003_shard0032__ID3883,S3d_O8__gamma__Background_gamma_fullsphere20_batch0003_shard0032__ID3883__EDGE00008,ia_ancestry,origin_interaction,IA:6,IA:8,ia_node,ia_node,COMP,3,IA line 365643,exact SIM IA origin relation
S3d_O8__gamma__Background_gamma_fullsphere20_batch0003_shard0032__ID3883,S3d_O8__gamma__Background_gamma_fullsphere20_batch0003_shard0032__ID3883__EDGE00009,ia_ancestry,origin_interaction,IA:6,IA:9,ia_node,ia_node,COMP,3,IA line 365644,exact SIM IA origin relation
S3d_O8__gamma__Background_gamma_fullsphere20_batch0003_shard0032__ID3883,S3d_O8__gamma__Background_gamma_fullsphere20_batch0003_shard0032__ID3883__EDGE00010,ia_ancestry,origin_interaction,IA:6,IA:10,ia_node,ia_node,COMP,3,IA line 365645,exact SIM IA origin relation
S3d_O8__gamma__Background_gamma_fullsphere20_batch0003_shard0032__ID3883,S3d_O8__gamma__Background_gamma_fullsphere20_batch0003_shard0032__ID3883__EDGE00011,ia_ancestry,origin_interaction,IA:6,IA:11,ia_node,ia_node,COMP,1,IA line 365646,exact SIM IA origin relation
S3d_O8__gamma__Background_gamma_fullsphere20_batch0003_shard0032__ID3883,S3d_O8__gamma__Background_gamma_fullsphere20_batch0003_shard0032__ID3883__EDGE00012,ia_ancestry,origin_interaction,IA:6,IA:12,ia_node,ia_node,COMP,3,IA line 365647,exact SIM IA origin relation
S3d_O8__gamma__Background_gamma_fullsphere20_batch0003_shard0032__ID3883,S3d_O8__gamma__Background_gamma_fullsphere20_batch0003_shard0032__ID3883__EDGE00013,ia_ancestry,origin_interaction,IA:6,IA:13,ia_node,ia_node,COMP,3,IA line 365648,exact SIM IA origin relation
S3d_O8__gamma__Background_gamma_fullsphere20_batch0003_shard0032__ID3883,S3d_O8__gamma__Background_gamma_fullsphere20_batch0003_shard0032__ID3883__EDGE00014,ia_ancestry,origin_interaction,IA:6,IA:14,ia_node,ia_node,COMP,3,IA line 365649,exact SIM IA origin relation
S3d_O8__gamma__Background_gamma_fullsphere20_batch0003_shard0032__ID3883,S3d_O8__gamma__Background_gamma_fullsphere20_batch0003_shard0032__ID3883__EDGE00015,ia_ancestry,origin_interaction,IA:6,IA:15,ia_node,ia_node,PHOT,3,IA line 365650,exact SIM IA origin relation
S3d_O8__gamma__Background_gamma_fullsphere20_batch0003_shard0032__ID3883,S3d_O8__gamma__Background_gamma_fullsphere20_batch0003_shard0032__ID3883__EDGE00016,ia_ancestry,origin_interaction,IA:11,IA:16,ia_node,ia_node,PHOT,3,IA line 365651,exact SIM IA origin relation
S3d_O8__gamma__Background_gamma_fullsphere20_batch0003_shard0032__ID3883,S3d_O8__gamma__Background_gamma_fullsphere20_batch0003_shard0032__ID3883__EDGE00017,ia_ancestry,origin_interaction,IA:7,IA:17,ia_node,ia_node,PHOT,3,IA line 365652,exact SIM IA origin relation
S3d_O8__gamma__Background_gamma_fullsphere20_batch0003_shard0032__ID3883,S3d_O8__gamma__Background_gamma_fullsphere20_batch0003_shard0032__ID3883__EDGE00018,ia_ancestry,origin_interaction,IA:7,IA:18,ia_node,ia_node,PHOT,1,IA line 365653,exact SIM IA origin relation
S3d_O8__gamma__Background_gamma_fullsphere20_batch0003_shard0032__ID3883,S3d_O8__gamma__Background_gamma_fullsphere20_batch0003_shard0032__ID3883__EDGE00019,ia_ancestry,origin_interaction,IA:18,IA:19,ia_node,ia_node,PHOT,3,IA line 365654,exact SIM IA origin relation
S3d_O8__gamma__Background_gamma_fullsphere20_batch0003_shard0032__ID3883,S3d_O8__gamma__Background_gamma_fullsphere20_batch0003_shard0032__ID3883__EDGE00020,ia_ancestry,origin_interaction,IA:17,IA:20,ia_node,ia_node,BREM,1,IA line 365655,exact SIM IA origin relation
S3d_O8__gamma__Background_gamma_fullsphere20_batch0003_shard0032__ID3883,S3d_O8__gamma__Background_gamma_fullsphere20_batch0003_shard0032__ID3883__EDGE00021,ia_ancestry,origin_interaction,IA:12,IA:21,ia_node,ia_node,PHOT,3,IA line 365656,exact SIM IA origin relation
S3d_O8__gamma__Background_gamma_fullsphere20_batch0003_shard0032__ID3883,S3d_O8__gamma__Background_gamma_fullsphere20_batch0003_shard0032__ID3883__EDGE00022,ia_ancestry,origin_interaction,IA:20,IA:22,ia_node,ia_node,PHOT,3,IA line 365657,exact SIM IA origin relation
S3d_O8__gamma__Background_gamma_fullsphere20_batch0003_shard0032__ID3883,S3d_O8__gamma__Background_gamma_fullsphere20_batch0003_shard0032__ID3883__EDGE00023,ia_ancestry,origin_interaction,IA:20,IA:23,ia_node,ia_node,PHOT,1,IA line 365658,exact SIM IA origin relation
S3d_O8__gamma__Background_gamma_fullsphere20_batch0003_shard0032__ID3883,S3d_O8__gamma__Background_gamma_fullsphere20_batch0003_shard0032__ID3883__EDGE00024,ia_ancestry,origin_interaction,IA:23,IA:24,ia_node,ia_node,PHOT,3,IA line 365659,exact SIM IA origin relation
S3d_O8__gamma__Background_gamma_fullsphere20_batch0003_shard0032__ID3883,S3d_O8__gamma__Background_gamma_fullsphere20_batch0003_shard0032__ID3883__EDGE00025,cc_track_ancestry,parent_track,TRACK:1,TRACK:2,track,track,conv,e-,deduplicated CC HIT tid/pid,deposit-bearing track ancestry; tracks without CC deposits may be absent
S3d_O8__gamma__Background_gamma_fullsphere20_batch0003_shard0032__ID3883,S3d_O8__gamma__Background_gamma_fullsphere20_batch0003_shard0032__ID3883__EDGE00026,cc_track_ancestry,parent_track,TRACK:1,TRACK:3,track,track,conv,e+,deduplicated CC HIT tid/pid,deposit-bearing track ancestry; tracks without CC deposits may be absent
S3d_O8__gamma__Background_gamma_fullsphere20_batch0003_shard0032__ID3883,S3d_O8__gamma__Background_gamma_fullsphere20_batch0003_shard0032__ID3883__EDGE00027,cc_track_ancestry,parent_track,TRACK:2,TRACK:4,track,track,eBrem,gamma,deduplicated CC HIT tid/pid,deposit-bearing track ancestry; tracks without CC deposits may be absent
S3d_O8__gamma__Background_gamma_fullsphere20_batch0003_shard0032__ID3883,S3d_O8__gamma__Background_gamma_fullsphere20_batch0003_shard0032__ID3883__EDGE00028,cc_track_ancestry,parent_track,TRACK:2,TRACK:5,track,track,eIoni,e-,deduplicated CC HIT tid/pid,deposit-bearing track ancestry; tracks without CC deposits may be absent
S3d_O8__gamma__Background_gamma_fullsphere20_batch0003_shard0032__ID3883,S3d_O8__gamma__Background_gamma_fullsphere20_batch0003_shard0032__ID3883__EDGE00029,cc_track_ancestry,parent_track,TRACK:2,TRACK:6,track,track,eIoni,e-,deduplicated CC HIT tid/pid,deposit-bearing track ancestry; tracks without CC deposits may be absent
S3d_O8__gamma__Background_gamma_fullsphere20_batch0003_shard0032__ID3883,S3d_O8__gamma__Background_gamma_fullsphere20_batch0003_shard0032__ID3883__EDGE00030,cc_track_ancestry,parent_track,TRACK:4,TRACK:7,track,track,phot,e-,deduplicated CC HIT tid/pid,deposit-bearing track ancestry; tracks without CC deposits may be absent
S3d_O8__gamma__Background_gamma_fullsphere20_batch0003_shard0032__ID3883,S3d_O8__gamma__Background_gamma_fullsphere20_batch0003_shard0032__ID3883__EDGE00031,cc_track_ancestry,parent_track,TRACK:3,TRACK:8,track,track,eIoni,e-,deduplicated CC HIT tid/pid,deposit-bearing track ancestry; tracks without CC deposits may be absent
S3d_O8__gamma__Background_gamma_fullsphere20_batch0003_shard0032__ID3883,S3d_O8__gamma__Background_gamma_fullsphere20_batch0003_shard0032__ID3883__EDGE00032,cc_track_ancestry,parent_track,TRACK:3,TRACK:9,track,track,eIoni,e-,deduplicated CC HIT tid/pid,deposit-bearing track ancestry; tracks without CC deposits may be absent
S3d_O8__gamma__Background_gamma_fullsphere20_batch0003_shard0032__ID3883,S3d_O8__gamma__Background_gamma_fullsphere20_batch0003_shard0032__ID3883__EDGE00033,cc_track_ancestry,parent_track,TRACK:3,TRACK:10,track,track,annihil,gamma,deduplicated CC HIT tid/pid,deposit-bearing track ancestry; tracks without CC deposits may be absent
S3d_O8__gamma__Background_gamma_fullsphere20_batch0003_shard0032__ID3883,S3d_O8__gamma__Background_gamma_fullsphere20_batch0003_shard0032__ID3883__EDGE00034,cc_track_ancestry,parent_track,TRACK:3,TRACK:11,track,track,annihil,gamma,deduplicated CC HIT tid/pid,deposit-bearing track ancestry; tracks without CC deposits may be absent
S3d_O8__gamma__Background_gamma_fullsphere20_batch0003_shard0032__ID3883,S3d_O8__gamma__Background_gamma_fullsphere20_batch0003_shard0032__ID3883__EDGE00035,cc_track_ancestry,parent_track,TRACK:11,TRACK:12,track,track,compt,e-,deduplicated CC HIT tid/pid,deposit-bearing track ancestry; tracks without CC deposits may be absent
S3d_O8__gamma__Background_gamma_fullsphere20_batch0003_shard0032__ID3883,S3d_O8__gamma__Background_gamma_fullsphere20_batch0003_shard0032__ID3883__EDGE00036,cc_track_ancestry,parent_track,TRACK:11,TRACK:13,track,track,compt,e-,deduplicated CC HIT tid/pid,deposit-bearing track ancestry; tracks without CC deposits may be absent
S3d_O8__gamma__Background_gamma_fullsphere20_batch0003_shard0032__ID3883,S3d_O8__gamma__Background_gamma_fullsphere20_batch0003_shard0032__ID3883__EDGE00037,cc_track_ancestry,parent_track,TRACK:11,TRACK:14,track,track,compt,e-,deduplicated CC HIT tid/pid,deposit-bearing track ancestry; tracks without CC deposits may be absent
S3d_O8__gamma__Background_gamma_fullsphere20_batch0003_shard0032__ID3883,S3d_O8__gamma__Background_gamma_fullsphere20_batch0003_shard0032__ID3883__EDGE00038,cc_track_ancestry,parent_track,TRACK:11,TRACK:15,track,track,compt,gamma,deduplicated CC HIT tid/pid,deposit-bearing track ancestry; tracks without CC deposits may be absent
S3d_O8__gamma__Background_gamma_fullsphere20_batch0003_shard0032__ID3883,S3d_O8__gamma__Background_gamma_fullsphere20_batch0003_shard0032__ID3883__EDGE00039,cc_track_ancestry,parent_track,TRACK:11,TRACK:16,track,track,compt,e-,deduplicated CC HIT tid/pid,deposit-bearing track ancestry; tracks without CC deposits may be absent
S3d_O8__gamma__Background_gamma_fullsphere20_batch0003_shard0032__ID3883,S3d_O8__gamma__Background_gamma_fullsphere20_batch0003_shard0032__ID3883__EDGE00040,cc_track_ancestry,parent_track,TRACK:11,TRACK:17,track,track,compt,e-,deduplicated CC HIT tid/pid,deposit-bearing track ancestry; tracks without CC deposits may be absent
S3d_O8__gamma__Background_gamma_fullsphere20_batch0003_shard0032__ID3883,S3d_O8__gamma__Background_gamma_fullsphere20_batch0003_shard0032__ID3883__EDGE00041,cc_track_ancestry,parent_track,TRACK:11,TRACK:18,track,track,compt,e-,deduplicated CC HIT tid/pid,deposit-bearing track ancestry; tracks without CC deposits may be absent
S3d_O8__gamma__Background_gamma_fullsphere20_batch0003_shard0032__ID3883,S3d_O8__gamma__Background_gamma_fullsphere20_batch0003_shard0032__ID3883__EDGE00042,cc_track_ancestry,parent_track,TRACK:11,TRACK:19,track,track,phot,e-,deduplicated CC HIT tid/pid,deposit-bearing track ancestry; tracks without CC deposits may be absent
S3d_O8__gamma__Background_gamma_fullsphere20_batch0003_shard0032__ID3883,S3d_O8__gamma__Background_gamma_fullsphere20_batch0003_shard0032__ID3883__EDGE00043,cc_track_ancestry,parent_track,TRACK:15,TRACK:20,track,track,phot,e-,deduplicated CC HIT tid/pid,deposit-bearing track ancestry; tracks without CC deposits may be absent
S3d_O8__gamma__Background_gamma_fullsphere20_batch0003_shard0032__ID3883,S3d_O8__gamma__Background_gamma_fullsphere20_batch0003_shard0032__ID3883__EDGE00044,cc_track_ancestry,parent_track,TRACK:10,TRACK:21,track,track,phot,e-,deduplicated CC HIT tid/pid,deposit-bearing track ancestry; tracks without CC deposits may be absent
S3d_O8__gamma__Background_gamma_fullsphere20_batch0003_shard0032__ID3883,S3d_O8__gamma__Background_gamma_fullsphere20_batch0003_shard0032__ID3883__EDGE00045,cc_track_ancestry,parent_track,TRACK:10,TRACK:22,track,track,phot,gamma,deduplicated CC HIT tid/pid,deposit-bearing track ancestry; tracks without CC deposits may be absent
S3d_O8__gamma__Background_gamma_fullsphere20_batch0003_shard0032__ID3883,S3d_O8__gamma__Background_gamma_fullsphere20_batch0003_shard0032__ID3883__EDGE00046,cc_track_ancestry,parent_track,TRACK:22,TRACK:23,track,track,phot,e-,deduplicated CC HIT tid/pid,deposit-bearing track ancestry; tracks without CC deposits may be absent
S3d_O8__gamma__Background_gamma_fullsphere20_batch0003_shard0032__ID3883,S3d_O8__gamma__Background_gamma_fullsphere20_batch0003_shard0032__ID3883__EDGE00047,cc_track_ancestry,parent_track,TRACK:21,TRACK:24,track,track,eBrem,gamma,deduplicated CC HIT tid/pid,deposit-bearing track ancestry; tracks without CC deposits may be absent
S3d_O8__gamma__Background_gamma_fullsphere20_batch0003_shard0032__ID3883,S3d_O8__gamma__Background_gamma_fullsphere20_batch0003_shard0032__ID3883__EDGE00048,cc_track_ancestry,parent_track,TRACK:16,TRACK:25,track,track,eIoni,gamma,deduplicated CC HIT tid/pid,deposit-bearing track ancestry; tracks without CC deposits may be absent
S3d_O8__gamma__Background_gamma_fullsphere20_batch0003_shard0032__ID3883,S3d_O8__gamma__Background_gamma_fullsphere20_batch0003_shard0032__ID3883__EDGE00049,cc_track_ancestry,parent_track,TRACK:12,TRACK:26,track,track,eIoni,e-,deduplicated CC HIT tid/pid,deposit-bearing track ancestry; tracks without CC deposits may be absent
S3d_O8__gamma__Background_gamma_fullsphere20_batch0003_shard0032__ID3883,S3d_O8__gamma__Background_gamma_fullsphere20_batch0003_shard0032__ID3883__EDGE00050,cc_track_ancestry,parent_track,TRACK:25,TRACK:27,track,track,phot,e-,deduplicated CC HIT tid/pid,deposit-bearing track ancestry; tracks without CC deposits may be absent
S3d_O8__gamma__Background_gamma_fullsphere20_batch0003_shard0032__ID3883,S3d_O8__gamma__Background_gamma_fullsphere20_batch0003_shard0032__ID3883__EDGE00051,cc_track_ancestry,parent_track,TRACK:24,TRACK:28,track,track,phot,e-,deduplicated CC HIT tid/pid,deposit-bearing track ancestry; tracks without CC deposits may be absent
S3d_O8__gamma__Background_gamma_fullsphere20_batch0003_shard0032__ID3883,S3d_O8__gamma__Background_gamma_fullsphere20_batch0003_shard0032__ID3883__EDGE00052,cc_track_ancestry,parent_track,TRACK:24,TRACK:29,track,track,phot,gamma,deduplicated CC HIT tid/pid,deposit-bearing track ancestry; tracks without CC deposits may be absent
S3d_O8__gamma__Background_gamma_fullsphere20_batch0003_shard0032__ID3883,S3d_O8__gamma__Background_gamma_fullsphere20_batch0003_shard0032__ID3883__EDGE00053,cc_track_ancestry,parent_track,TRACK:29,TRACK:30,track,track,phot,e-,deduplicated CC HIT tid/pid,deposit-bearing track ancestry; tracks without CC deposits may be absent
S3d_O8__gamma__Background_gamma_fullsphere20_batch0003_shard0032__ID3883,S3d_O8__gamma__Background_gamma_fullsphere20_batch0003_shard0032__ID3883__EDGE00054,cc_track_ancestry,deposits_at,TRACK:2,CC:1,track,cc_deposit,eBrem,e-,CC HIT line 365557,exact deposit membership; not a full step path
S3d_O8__gamma__Background_gamma_fullsphere20_batch0003_shard0032__ID3883,S3d_O8__gamma__Background_gamma_fullsphere20_batch0003_shard0032__ID3883__EDGE00055,cc_track_ancestry,deposits_at,TRACK:2,CC:2,track,cc_deposit,eIoni,e-,CC HIT line 365558,exact deposit membership; not a full step path
S3d_O8__gamma__Background_gamma_fullsphere20_batch0003_shard0032__ID3883,S3d_O8__gamma__Background_gamma_fullsphere20_batch0003_shard0032__ID3883__EDGE00056,cc_track_ancestry,deposits_at,TRACK:2,CC:3,track,cc_deposit,eIoni,e-,CC HIT line 365559,exact deposit membership; not a full step path
S3d_O8__gamma__Background_gamma_fullsphere20_batch0003_shard0032__ID3883,S3d_O8__gamma__Background_gamma_fullsphere20_batch0003_shard0032__ID3883__EDGE00057,cc_track_ancestry,deposits_at,TRACK:2,CC:4,track,cc_deposit,eIoni,e-,CC HIT line 365560,exact deposit membership; not a full step path
S3d_O8__gamma__Background_gamma_fullsphere20_batch0003_shard0032__ID3883,S3d_O8__gamma__Background_gamma_fullsphere20_batch0003_shard0032__ID3883__EDGE00058,cc_track_ancestry,deposits_at,TRACK:2,CC:5,track,cc_deposit,eIoni,e-,CC HIT line 365561,exact deposit membership; not a full step path
S3d_O8__gamma__Background_gamma_fullsphere20_batch0003_shard0032__ID3883,S3d_O8__gamma__Background_gamma_fullsphere20_batch0003_shard0032__ID3883__EDGE00059,cc_track_ancestry,deposits_at,TRACK:6,CC:6,track,cc_deposit,eIoni,e-,CC HIT line 365562,exact deposit membership; not a full step path
S3d_O8__gamma__Background_gamma_fullsphere20_batch0003_shard0032__ID3883,S3d_O8__gamma__Background_gamma_fullsphere20_batch0003_shard0032__ID3883__EDGE00060,cc_track_ancestry,deposits_at,TRACK:5,CC:7,track,cc_deposit,eIoni,e-,CC HIT line 365563,exact deposit membership; not a full step path
S3d_O8__gamma__Background_gamma_fullsphere20_batch0003_shard0032__ID3883,S3d_O8__gamma__Background_gamma_fullsphere20_batch0003_shard0032__ID3883__EDGE00061,cc_track_ancestry,deposits_at,TRACK:4,CC:8,track,cc_deposit,phot,gamma,CC HIT line 365564,exact deposit membership; not a full step path
S3d_O8__gamma__Background_gamma_fullsphere20_batch0003_shard0032__ID3883,S3d_O8__gamma__Background_gamma_fullsphere20_batch0003_shard0032__ID3883__EDGE00062,cc_track_ancestry,deposits_at,TRACK:3,CC:9,track,cc_deposit,msc,e+,CC HIT line 365565,exact deposit membership; not a full step path
S3d_O8__gamma__Background_gamma_fullsphere20_batch0003_shard0032__ID3883,S3d_O8__gamma__Background_gamma_fullsphere20_batch0003_shard0032__ID3883__EDGE00063,cc_track_ancestry,deposits_at,TRACK:3,CC:10,track,cc_deposit,msc,e+,CC HIT line 365566,exact deposit membership; not a full step path
S3d_O8__gamma__Background_gamma_fullsphere20_batch0003_shard0032__ID3883,S3d_O8__gamma__Background_gamma_fullsphere20_batch0003_shard0032__ID3883__EDGE00064,cc_track_ancestry,deposits_at,TRACK:3,CC:11,track,cc_deposit,msc,e+,CC HIT line 365567,exact deposit membership; not a full step path
S3d_O8__gamma__Background_gamma_fullsphere20_batch0003_shard0032__ID3883,S3d_O8__gamma__Background_gamma_fullsphere20_batch0003_shard0032__ID3883__EDGE00065,cc_track_ancestry,deposits_at,TRACK:3,CC:12,track,cc_deposit,msc,e+,CC HIT line 365568,exact deposit membership; not a full step path
S3d_O8__gamma__Background_gamma_fullsphere20_batch0003_shard0032__ID3883,S3d_O8__gamma__Background_gamma_fullsphere20_batch0003_shard0032__ID3883__EDGE00066,cc_track_ancestry,deposits_at,TRACK:3,CC:13,track,cc_deposit,msc,e+,CC HIT line 365569,exact deposit membership; not a full step path
S3d_O8__gamma__Background_gamma_fullsphere20_batch0003_shard0032__ID3883,S3d_O8__gamma__Background_gamma_fullsphere20_batch0003_shard0032__ID3883__EDGE00067,cc_track_ancestry,deposits_at,TRACK:3,CC:14,track,cc_deposit,msc,e+,CC HIT line 365570,exact deposit membership; not a full step path
S3d_O8__gamma__Background_gamma_fullsphere20_batch0003_shard0032__ID3883,S3d_O8__gamma__Background_gamma_fullsphere20_batch0003_shard0032__ID3883__EDGE00068,cc_track_ancestry,deposits_at,TRACK:3,CC:15,track,cc_deposit,msc,e+,CC HIT line 365571,exact deposit membership; not a full step path
S3d_O8__gamma__Background_gamma_fullsphere20_batch0003_shard0032__ID3883,S3d_O8__gamma__Background_gamma_fullsphere20_batch0003_shard0032__ID3883__EDGE00069,cc_track_ancestry,deposits_at,TRACK:3,CC:16,track,cc_deposit,msc,e+,CC HIT line 365572,exact deposit membership; not a full step path
S3d_O8__gamma__Background_gamma_fullsphere20_batch0003_shard0032__ID3883,S3d_O8__gamma__Background_gamma_fullsphere20_batch0003_shard0032__ID3883__EDGE00070,cc_track_ancestry,deposits_at,TRACK:3,CC:17,track,cc_deposit,msc,e+,CC HIT line 365573,exact deposit membership; not a full step path
S3d_O8__gamma__Background_gamma_fullsphere20_batch0003_shard0032__ID3883,S3d_O8__gamma__Background_gamma_fullsphere20_batch0003_shard0032__ID3883__EDGE00071,cc_track_ancestry,deposits_at,TRACK:3,CC:18,track,cc_deposit,eIoni,e+,CC HIT line 365574,exact deposit membership; not a full step path
S3d_O8__gamma__Background_gamma_fullsphere20_batch0003_shard0032__ID3883,S3d_O8__gamma__Background_gamma_fullsphere20_batch0003_shard0032__ID3883__EDGE00072,cc_track_ancestry,deposits_at,TRACK:3,CC:19,track,cc_deposit,msc,e+,CC HIT line 365575,exact deposit membership; not a full step path
S3d_O8__gamma__Background_gamma_fullsphere20_batch0003_shard0032__ID3883,S3d_O8__gamma__Background_gamma_fullsphere20_batch0003_shard0032__ID3883__EDGE00073,cc_track_ancestry,deposits_at,TRACK:3,CC:20,track,cc_deposit,msc,e+,CC HIT line 365576,exact deposit membership; not a full step path
S3d_O8__gamma__Background_gamma_fullsphere20_batch0003_shard0032__ID3883,S3d_O8__gamma__Background_gamma_fullsphere20_batch0003_shard0032__ID3883__EDGE00074,cc_track_ancestry,deposits_at,TRACK:3,CC:21,track,cc_deposit,msc,e+,CC HIT line 365577,exact deposit membership; not a full step path
S3d_O8__gamma__Background_gamma_fullsphere20_batch0003_shard0032__ID3883,S3d_O8__gamma__Background_gamma_fullsphere20_batch0003_shard0032__ID3883__EDGE00075,cc_track_ancestry,deposits_at,TRACK:3,CC:22,track,cc_deposit,Transportation,e+,CC HIT line 365578,exact deposit membership; not a full step path
S3d_O8__gamma__Background_gamma_fullsphere20_batch0003_shard0032__ID3883,S3d_O8__gamma__Background_gamma_fullsphere20_batch0003_shard0032__ID3883__EDGE00076,cc_track_ancestry,deposits_at,TRACK:3,CC:23,track,cc_deposit,msc,e+,CC HIT line 365579,exact deposit membership; not a full step path
S3d_O8__gamma__Background_gamma_fullsphere20_batch0003_shard0032__ID3883,S3d_O8__gamma__Background_gamma_fullsphere20_batch0003_shard0032__ID3883__EDGE00077,cc_track_ancestry,deposits_at,TRACK:3,CC:24,track,cc_deposit,msc,e+,CC HIT line 365580,exact deposit membership; not a full step path
S3d_O8__gamma__Background_gamma_fullsphere20_batch0003_shard0032__ID3883,S3d_O8__gamma__Background_gamma_fullsphere20_batch0003_shard0032__ID3883__EDGE00078,cc_track_ancestry,deposits_at,TRACK:3,CC:25,track,cc_deposit,msc,e+,CC HIT line 365581,exact deposit membership; not a full step path
S3d_O8__gamma__Background_gamma_fullsphere20_batch0003_shard0032__ID3883,S3d_O8__gamma__Background_gamma_fullsphere20_batch0003_shard0032__ID3883__EDGE00079,cc_track_ancestry,deposits_at,TRACK:3,CC:26,track,cc_deposit,msc,e+,CC HIT line 365582,exact deposit membership; not a full step path
S3d_O8__gamma__Background_gamma_fullsphere20_batch0003_shard0032__ID3883,S3d_O8__gamma__Background_gamma_fullsphere20_batch0003_shard0032__ID3883__EDGE00080,cc_track_ancestry,deposits_at,TRACK:3,CC:27,track,cc_deposit,msc,e+,CC HIT line 365583,exact deposit membership; not a full step path
S3d_O8__gamma__Background_gamma_fullsphere20_batch0003_shard0032__ID3883,S3d_O8__gamma__Background_gamma_fullsphere20_batch0003_shard0032__ID3883__EDGE00081,cc_track_ancestry,deposits_at,TRACK:3,CC:28,track,cc_deposit,msc,e+,CC HIT line 365584,exact deposit membership; not a full step path
S3d_O8__gamma__Background_gamma_fullsphere20_batch0003_shard0032__ID3883,S3d_O8__gamma__Background_gamma_fullsphere20_batch0003_shard0032__ID3883__EDGE00082,cc_track_ancestry,deposits_at,TRACK:3,CC:29,track,cc_deposit,msc,e+,CC HIT line 365585,exact deposit membership; not a full step path
S3d_O8__gamma__Background_gamma_fullsphere20_batch0003_shard0032__ID3883,S3d_O8__gamma__Background_gamma_fullsphere20_batch0003_shard0032__ID3883__EDGE00083,cc_track_ancestry,deposits_at,TRACK:3,CC:30,track,cc_deposit,eIoni,e+,CC HIT line 365586,exact deposit membership; not a full step path
S3d_O8__gamma__Background_gamma_fullsphere20_batch0003_shard0032__ID3883,S3d_O8__gamma__Background_gamma_fullsphere20_batch0003_shard0032__ID3883__EDGE00084,cc_track_ancestry,deposits_at,TRACK:3,CC:31,track,cc_deposit,msc,e+,CC HIT line 365587,exact deposit membership; not a full step path
S3d_O8__gamma__Background_gamma_fullsphere20_batch0003_shard0032__ID3883,S3d_O8__gamma__Background_gamma_fullsphere20_batch0003_shard0032__ID3883__EDGE00085,cc_track_ancestry,deposits_at,TRACK:3,CC:32,track,cc_deposit,msc,e+,CC HIT line 365588,exact deposit membership; not a full step path
S3d_O8__gamma__Background_gamma_fullsphere20_batch0003_shard0032__ID3883,S3d_O8__gamma__Background_gamma_fullsphere20_batch0003_shard0032__ID3883__EDGE00086,cc_track_ancestry,deposits_at,TRACK:3,CC:33,track,cc_deposit,msc,e+,CC HIT line 365589,exact deposit membership; not a full step path
S3d_O8__gamma__Background_gamma_fullsphere20_batch0003_shard0032__ID3883,S3d_O8__gamma__Background_gamma_fullsphere20_batch0003_shard0032__ID3883__EDGE00087,cc_track_ancestry,deposits_at,TRACK:3,CC:34,track,cc_deposit,msc,e+,CC HIT line 365590,exact deposit membership; not a full step path
S3d_O8__gamma__Background_gamma_fullsphere20_batch0003_shard0032__ID3883,S3d_O8__gamma__Background_gamma_fullsphere20_batch0003_shard0032__ID3883__EDGE00088,cc_track_ancestry,deposits_at,TRACK:3,CC:35,track,cc_deposit,msc,e+,CC HIT line 365591,exact deposit membership; not a full step path
S3d_O8__gamma__Background_gamma_fullsphere20_batch0003_shard0032__ID3883,S3d_O8__gamma__Background_gamma_fullsphere20_batch0003_shard0032__ID3883__EDGE00089,cc_track_ancestry,deposits_at,TRACK:3,CC:36,track,cc_deposit,msc,e+,CC HIT line 365592,exact deposit membership; not a full step path
S3d_O8__gamma__Background_gamma_fullsphere20_batch0003_shard0032__ID3883,S3d_O8__gamma__Background_gamma_fullsphere20_batch0003_shard0032__ID3883__EDGE00090,cc_track_ancestry,deposits_at,TRACK:3,CC:37,track,cc_deposit,msc,e+,CC HIT line 365593,exact deposit membership; not a full step path
S3d_O8__gamma__Background_gamma_fullsphere20_batch0003_shard0032__ID3883,S3d_O8__gamma__Background_gamma_fullsphere20_batch0003_shard0032__ID3883__EDGE00091,cc_track_ancestry,deposits_at,TRACK:3,CC:38,track,cc_deposit,msc,e+,CC HIT line 365594,exact deposit membership; not a full step path
S3d_O8__gamma__Background_gamma_fullsphere20_batch0003_shard0032__ID3883,S3d_O8__gamma__Background_gamma_fullsphere20_batch0003_shard0032__ID3883__EDGE00092,cc_track_ancestry,deposits_at,TRACK:3,CC:39,track,cc_deposit,msc,e+,CC HIT line 365595,exact deposit membership; not a full step path
S3d_O8__gamma__Background_gamma_fullsphere20_batch0003_shard0032__ID3883,S3d_O8__gamma__Background_gamma_fullsphere20_batch0003_shard0032__ID3883__EDGE00093,cc_track_ancestry,deposits_at,TRACK:3,CC:40,track,cc_deposit,msc,e+,CC HIT line 365596,exact deposit membership; not a full step path
S3d_O8__gamma__Background_gamma_fullsphere20_batch0003_shard0032__ID3883,S3d_O8__gamma__Background_gamma_fullsphere20_batch0003_shard0032__ID3883__EDGE00094,cc_track_ancestry,deposits_at,TRACK:3,CC:41,track,cc_deposit,msc,e+,CC HIT line 365597,exact deposit membership; not a full step path
S3d_O8__gamma__Background_gamma_fullsphere20_batch0003_shard0032__ID3883,S3d_O8__gamma__Background_gamma_fullsphere20_batch0003_shard0032__ID3883__EDGE00095,cc_track_ancestry,deposits_at,TRACK:3,CC:42,track,cc_deposit,msc,e+,CC HIT line 365598,exact deposit membership; not a full step path
S3d_O8__gamma__Background_gamma_fullsphere20_batch0003_shard0032__ID3883,S3d_O8__gamma__Background_gamma_fullsphere20_batch0003_shard0032__ID3883__EDGE00096,cc_track_ancestry,deposits_at,TRACK:3,CC:43,track,cc_deposit,eIoni,e+,CC HIT line 365599,exact deposit membership; not a full step path
S3d_O8__gamma__Background_gamma_fullsphere20_batch0003_shard0032__ID3883,S3d_O8__gamma__Background_gamma_fullsphere20_batch0003_shard0032__ID3883__EDGE00097,cc_track_ancestry,deposits_at,TRACK:3,CC:44,track,cc_deposit,eIoni,e+,CC HIT line 365600,exact deposit membership; not a full step path
S3d_O8__gamma__Background_gamma_fullsphere20_batch0003_shard0032__ID3883,S3d_O8__gamma__Background_gamma_fullsphere20_batch0003_shard0032__ID3883__EDGE00098,cc_track_ancestry,deposits_at,TRACK:3,CC:45,track,cc_deposit,eIoni,e+,CC HIT line 365601,exact deposit membership; not a full step path
S3d_O8__gamma__Background_gamma_fullsphere20_batch0003_shard0032__ID3883,S3d_O8__gamma__Background_gamma_fullsphere20_batch0003_shard0032__ID3883__EDGE00099,cc_track_ancestry,deposits_at,TRACK:9,CC:46,track,cc_deposit,eIoni,e-,CC HIT line 365602,exact deposit membership; not a full step path
S3d_O8__gamma__Background_gamma_fullsphere20_batch0003_shard0032__ID3883,S3d_O8__gamma__Background_gamma_fullsphere20_batch0003_shard0032__ID3883__EDGE00100,cc_track_ancestry,deposits_at,TRACK:8,CC:47,track,cc_deposit,eIoni,e-,CC HIT line 365603,exact deposit membership; not a full step path
S3d_O8__gamma__Background_gamma_fullsphere20_batch0003_shard0032__ID3883,S3d_O8__gamma__Background_gamma_fullsphere20_batch0003_shard0032__ID3883__EDGE00101,cc_track_ancestry,deposits_at,TRACK:8,CC:48,track,cc_deposit,eIoni,e-,CC HIT line 365604,exact deposit membership; not a full step path
S3d_O8__gamma__Background_gamma_fullsphere20_batch0003_shard0032__ID3883,S3d_O8__gamma__Background_gamma_fullsphere20_batch0003_shard0032__ID3883__EDGE00102,cc_track_ancestry,deposits_at,TRACK:7,CC:49,track,cc_deposit,eIoni,e-,CC HIT line 365605,exact deposit membership; not a full step path
S3d_O8__gamma__Background_gamma_fullsphere20_batch0003_shard0032__ID3883,S3d_O8__gamma__Background_gamma_fullsphere20_batch0003_shard0032__ID3883__EDGE00103,cc_track_ancestry,deposits_at,TRACK:11,CC:50,track,cc_deposit,compt,gamma,CC HIT line 365606,exact deposit membership; not a full step path
S3d_O8__gamma__Background_gamma_fullsphere20_batch0003_shard0032__ID3883,S3d_O8__gamma__Background_gamma_fullsphere20_batch0003_shard0032__ID3883__EDGE00104,cc_track_ancestry,deposits_at,TRACK:11,CC:51,track,cc_deposit,compt,gamma,CC HIT line 365607,exact deposit membership; not a full step path
S3d_O8__gamma__Background_gamma_fullsphere20_batch0003_shard0032__ID3883,S3d_O8__gamma__Background_gamma_fullsphere20_batch0003_shard0032__ID3883__EDGE00105,cc_track_ancestry,deposits_at,TRACK:11,CC:52,track,cc_deposit,compt,gamma,CC HIT line 365608,exact deposit membership; not a full step path
S3d_O8__gamma__Background_gamma_fullsphere20_batch0003_shard0032__ID3883,S3d_O8__gamma__Background_gamma_fullsphere20_batch0003_shard0032__ID3883__EDGE00106,cc_track_ancestry,deposits_at,TRACK:11,CC:53,track,cc_deposit,compt,gamma,CC HIT line 365609,exact deposit membership; not a full step path
S3d_O8__gamma__Background_gamma_fullsphere20_batch0003_shard0032__ID3883,S3d_O8__gamma__Background_gamma_fullsphere20_batch0003_shard0032__ID3883__EDGE00107,cc_track_ancestry,deposits_at,TRACK:11,CC:54,track,cc_deposit,compt,gamma,CC HIT line 365610,exact deposit membership; not a full step path
S3d_O8__gamma__Background_gamma_fullsphere20_batch0003_shard0032__ID3883,S3d_O8__gamma__Background_gamma_fullsphere20_batch0003_shard0032__ID3883__EDGE00108,cc_track_ancestry,deposits_at,TRACK:11,CC:55,track,cc_deposit,compt,gamma,CC HIT line 365611,exact deposit membership; not a full step path
S3d_O8__gamma__Background_gamma_fullsphere20_batch0003_shard0032__ID3883,S3d_O8__gamma__Background_gamma_fullsphere20_batch0003_shard0032__ID3883__EDGE00109,cc_track_ancestry,deposits_at,TRACK:11,CC:56,track,cc_deposit,phot,gamma,CC HIT line 365612,exact deposit membership; not a full step path
S3d_O8__gamma__Background_gamma_fullsphere20_batch0003_shard0032__ID3883,S3d_O8__gamma__Background_gamma_fullsphere20_batch0003_shard0032__ID3883__EDGE00110,cc_track_ancestry,deposits_at,TRACK:15,CC:57,track,cc_deposit,phot,gamma,CC HIT line 365613,exact deposit membership; not a full step path
S3d_O8__gamma__Background_gamma_fullsphere20_batch0003_shard0032__ID3883,S3d_O8__gamma__Background_gamma_fullsphere20_batch0003_shard0032__ID3883__EDGE00111,cc_track_ancestry,deposits_at,TRACK:10,CC:58,track,cc_deposit,phot,gamma,CC HIT line 365614,exact deposit membership; not a full step path
S3d_O8__gamma__Background_gamma_fullsphere20_batch0003_shard0032__ID3883,S3d_O8__gamma__Background_gamma_fullsphere20_batch0003_shard0032__ID3883__EDGE00112,cc_track_ancestry,deposits_at,TRACK:22,CC:59,track,cc_deposit,phot,gamma,CC HIT line 365615,exact deposit membership; not a full step path
S3d_O8__gamma__Background_gamma_fullsphere20_batch0003_shard0032__ID3883,S3d_O8__gamma__Background_gamma_fullsphere20_batch0003_shard0032__ID3883__EDGE00113,cc_track_ancestry,deposits_at,TRACK:23,CC:60,track,cc_deposit,eIoni,e-,CC HIT line 365616,exact deposit membership; not a full step path
S3d_O8__gamma__Background_gamma_fullsphere20_batch0003_shard0032__ID3883,S3d_O8__gamma__Background_gamma_fullsphere20_batch0003_shard0032__ID3883__EDGE00114,cc_track_ancestry,deposits_at,TRACK:21,CC:61,track,cc_deposit,eBrem,e-,CC HIT line 365617,exact deposit membership; not a full step path
S3d_O8__gamma__Background_gamma_fullsphere20_batch0003_shard0032__ID3883,S3d_O8__gamma__Background_gamma_fullsphere20_batch0003_shard0032__ID3883__EDGE00115,cc_track_ancestry,deposits_at,TRACK:21,CC:62,track,cc_deposit,eIoni,e-,CC HIT line 365618,exact deposit membership; not a full step path
S3d_O8__gamma__Background_gamma_fullsphere20_batch0003_shard0032__ID3883,S3d_O8__gamma__Background_gamma_fullsphere20_batch0003_shard0032__ID3883__EDGE00116,cc_track_ancestry,deposits_at,TRACK:21,CC:63,track,cc_deposit,eIoni,e-,CC HIT line 365619,exact deposit membership; not a full step path
S3d_O8__gamma__Background_gamma_fullsphere20_batch0003_shard0032__ID3883,S3d_O8__gamma__Background_gamma_fullsphere20_batch0003_shard0032__ID3883__EDGE00117,cc_track_ancestry,deposits_at,TRACK:20,CC:64,track,cc_deposit,eIoni,e-,CC HIT line 365620,exact deposit membership; not a full step path
S3d_O8__gamma__Background_gamma_fullsphere20_batch0003_shard0032__ID3883,S3d_O8__gamma__Background_gamma_fullsphere20_batch0003_shard0032__ID3883__EDGE00118,cc_track_ancestry,deposits_at,TRACK:19,CC:65,track,cc_deposit,eIoni,e-,CC HIT line 365621,exact deposit membership; not a full step path
S3d_O8__gamma__Background_gamma_fullsphere20_batch0003_shard0032__ID3883,S3d_O8__gamma__Background_gamma_fullsphere20_batch0003_shard0032__ID3883__EDGE00119,cc_track_ancestry,deposits_at,TRACK:18,CC:66,track,cc_deposit,eIoni,e-,CC HIT line 365622,exact deposit membership; not a full step path
S3d_O8__gamma__Background_gamma_fullsphere20_batch0003_shard0032__ID3883,S3d_O8__gamma__Background_gamma_fullsphere20_batch0003_shard0032__ID3883__EDGE00120,cc_track_ancestry,deposits_at,TRACK:17,CC:67,track,cc_deposit,eIoni,e-,CC HIT line 365623,exact deposit membership; not a full step path
S3d_O8__gamma__Background_gamma_fullsphere20_batch0003_shard0032__ID3883,S3d_O8__gamma__Background_gamma_fullsphere20_batch0003_shard0032__ID3883__EDGE00121,cc_track_ancestry,deposits_at,TRACK:16,CC:68,track,cc_deposit,eIoni,e-,CC HIT line 365624,exact deposit membership; not a full step path
S3d_O8__gamma__Background_gamma_fullsphere20_batch0003_shard0032__ID3883,S3d_O8__gamma__Background_gamma_fullsphere20_batch0003_shard0032__ID3883__EDGE00122,cc_track_ancestry,deposits_at,TRACK:14,CC:69,track,cc_deposit,eIoni,e-,CC HIT line 365625,exact deposit membership; not a full step path
S3d_O8__gamma__Background_gamma_fullsphere20_batch0003_shard0032__ID3883,S3d_O8__gamma__Background_gamma_fullsphere20_batch0003_shard0032__ID3883__EDGE00123,cc_track_ancestry,deposits_at,TRACK:13,CC:70,track,cc_deposit,eIoni,e-,CC HIT line 365626,exact deposit membership; not a full step path
S3d_O8__gamma__Background_gamma_fullsphere20_batch0003_shard0032__ID3883,S3d_O8__gamma__Background_gamma_fullsphere20_batch0003_shard0032__ID3883__EDGE00124,cc_track_ancestry,deposits_at,TRACK:12,CC:71,track,cc_deposit,eIoni,e-,CC HIT line 365627,exact deposit membership; not a full step path
S3d_O8__gamma__Background_gamma_fullsphere20_batch0003_shard0032__ID3883,S3d_O8__gamma__Background_gamma_fullsphere20_batch0003_shard0032__ID3883__EDGE00125,cc_track_ancestry,deposits_at,TRACK:12,CC:72,track,cc_deposit,eIoni,e-,CC HIT line 365628,exact deposit membership; not a full step path
S3d_O8__gamma__Background_gamma_fullsphere20_batch0003_shard0032__ID3883,S3d_O8__gamma__Background_gamma_fullsphere20_batch0003_shard0032__ID3883__EDGE00126,cc_track_ancestry,deposits_at,TRACK:26,CC:73,track,cc_deposit,eIoni,e-,CC HIT line 365629,exact deposit membership; not a full step path
S3d_O8__gamma__Background_gamma_fullsphere20_batch0003_shard0032__ID3883,S3d_O8__gamma__Background_gamma_fullsphere20_batch0003_shard0032__ID3883__EDGE00127,cc_track_ancestry,deposits_at,TRACK:25,CC:74,track,cc_deposit,phot,gamma,CC HIT line 365630,exact deposit membership; not a full step path
S3d_O8__gamma__Background_gamma_fullsphere20_batch0003_shard0032__ID3883,S3d_O8__gamma__Background_gamma_fullsphere20_batch0003_shard0032__ID3883__EDGE00128,cc_track_ancestry,deposits_at,TRACK:24,CC:75,track,cc_deposit,phot,gamma,CC HIT line 365631,exact deposit membership; not a full step path
S3d_O8__gamma__Background_gamma_fullsphere20_batch0003_shard0032__ID3883,S3d_O8__gamma__Background_gamma_fullsphere20_batch0003_shard0032__ID3883__EDGE00129,cc_track_ancestry,deposits_at,TRACK:29,CC:76,track,cc_deposit,phot,gamma,CC HIT line 365632,exact deposit membership; not a full step path
S3d_O8__gamma__Background_gamma_fullsphere20_batch0003_shard0032__ID3883,S3d_O8__gamma__Background_gamma_fullsphere20_batch0003_shard0032__ID3883__EDGE00130,cc_track_ancestry,deposits_at,TRACK:30,CC:77,track,cc_deposit,eIoni,e-,CC HIT line 365633,exact deposit membership; not a full step path
S3d_O8__gamma__Background_gamma_fullsphere20_batch0003_shard0032__ID3883,S3d_O8__gamma__Background_gamma_fullsphere20_batch0003_shard0032__ID3883__EDGE00131,cc_track_ancestry,deposits_at,TRACK:28,CC:78,track,cc_deposit,eIoni,e-,CC HIT line 365634,exact deposit membership; not a full step path
S3d_O8__gamma__Background_gamma_fullsphere20_batch0003_shard0032__ID3883,S3d_O8__gamma__Background_gamma_fullsphere20_batch0003_shard0032__ID3883__EDGE00132,cc_track_ancestry,deposits_at,TRACK:27,CC:79,track,cc_deposit,eIoni,e-,CC HIT line 365635,exact deposit membership; not a full step path
S3d_O8__gamma__Background_gamma_fullsphere20_batch0003_shard0032__ID3883,S3d_O8__gamma__Background_gamma_fullsphere20_batch0003_shard0032__ID3883__EDGE00133,htsim_attribution,contributes_to_detector_hit,IA:17,HT:1,ia_node,htsim_hit,,,HTsim line 365660,exact IA IDs printed by SIM HTsim record
S3d_O8__gamma__Background_gamma_fullsphere20_batch0003_shard0032__ID3883,S3d_O8__gamma__Background_gamma_fullsphere20_batch0003_shard0032__ID3883__EDGE00134,htsim_attribution,contributes_to_detector_hit,IA:18,HT:1,ia_node,htsim_hit,,,HTsim line 365660,exact IA IDs printed by SIM HTsim record
S3d_O8__gamma__Background_gamma_fullsphere20_batch0003_shard0032__ID3883,S3d_O8__gamma__Background_gamma_fullsphere20_batch0003_shard0032__ID3883__EDGE00135,htsim_attribution,contributes_to_detector_hit,IA:19,HT:1,ia_node,htsim_hit,,,HTsim line 365660,exact IA IDs printed by SIM HTsim record
S3d_O8__gamma__Background_gamma_fullsphere20_batch0003_shard0032__ID3883,S3d_O8__gamma__Background_gamma_fullsphere20_batch0003_shard0032__ID3883__EDGE00136,htsim_attribution,contributes_to_detector_hit,IA:22,HT:1,ia_node,htsim_hit,,,HTsim line 365660,exact IA IDs printed by SIM HTsim record
S3d_O8__gamma__Background_gamma_fullsphere20_batch0003_shard0032__ID3883,S3d_O8__gamma__Background_gamma_fullsphere20_batch0003_shard0032__ID3883__EDGE00137,htsim_attribution,contributes_to_detector_hit,IA:23,HT:1,ia_node,htsim_hit,,,HTsim line 365660,exact IA IDs printed by SIM HTsim record
S3d_O8__gamma__Background_gamma_fullsphere20_batch0003_shard0032__ID3883,S3d_O8__gamma__Background_gamma_fullsphere20_batch0003_shard0032__ID3883__EDGE00138,htsim_attribution,contributes_to_detector_hit,IA:24,HT:1,ia_node,htsim_hit,,,HTsim line 365660,exact IA IDs printed by SIM HTsim record
S3d_O8__gamma__Background_gamma_fullsphere20_batch0003_shard0032__ID3883,S3d_O8__gamma__Background_gamma_fullsphere20_batch0003_shard0032__ID3883__EDGE00139,htsim_attribution,contributes_to_detector_hit,IA:9,HT:2,ia_node,htsim_hit,,,HTsim line 365661,exact IA IDs printed by SIM HTsim record
S3d_O8__gamma__Background_gamma_fullsphere20_batch0003_shard0032__ID3883,S3d_O8__gamma__Background_gamma_fullsphere20_batch0003_shard0032__ID3883__EDGE00140,htsim_attribution,contributes_to_detector_hit,IA:10,HT:2,ia_node,htsim_hit,,,HTsim line 365661,exact IA IDs printed by SIM HTsim record
S3d_O8__gamma__Background_gamma_fullsphere20_batch0003_shard0032__ID3883,S3d_O8__gamma__Background_gamma_fullsphere20_batch0003_shard0032__ID3883__EDGE00141,htsim_attribution,contributes_to_detector_hit,IA:11,HT:2,ia_node,htsim_hit,,,HTsim line 365661,exact IA IDs printed by SIM HTsim record
S3d_O8__gamma__Background_gamma_fullsphere20_batch0003_shard0032__ID3883,S3d_O8__gamma__Background_gamma_fullsphere20_batch0003_shard0032__ID3883__EDGE00142,htsim_attribution,contributes_to_detector_hit,IA:12,HT:2,ia_node,htsim_hit,,,HTsim line 365661,exact IA IDs printed by SIM HTsim record
S3d_O8__gamma__Background_gamma_fullsphere20_batch0003_shard0032__ID3883,S3d_O8__gamma__Background_gamma_fullsphere20_batch0003_shard0032__ID3883__EDGE00143,htsim_attribution,contributes_to_detector_hit,IA:13,HT:2,ia_node,htsim_hit,,,HTsim line 365661,exact IA IDs printed by SIM HTsim record
S3d_O8__gamma__Background_gamma_fullsphere20_batch0003_shard0032__ID3883,S3d_O8__gamma__Background_gamma_fullsphere20_batch0003_shard0032__ID3883__EDGE00144,htsim_attribution,contributes_to_detector_hit,IA:21,HT:2,ia_node,htsim_hit,,,HTsim line 365661,exact IA IDs printed by SIM HTsim record
S3d_O8__gamma__Background_gamma_fullsphere20_batch0003_shard0032__ID3883,S3d_O8__gamma__Background_gamma_fullsphere20_batch0003_shard0032__ID3883__EDGE00145,htsim_attribution,contributes_to_detector_hit,IA:8,HT:3,ia_node,htsim_hit,,,HTsim line 365662,exact IA IDs printed by SIM HTsim record
S3d_O8__gamma__Background_gamma_fullsphere20_batch0003_shard0032__ID3883,S3d_O8__gamma__Background_gamma_fullsphere20_batch0003_shard0032__ID3883__EDGE00146,htsim_attribution,contributes_to_detector_hit,IA:16,HT:3,ia_node,htsim_hit,,,HTsim line 365662,exact IA IDs printed by SIM HTsim record
S3d_O8__gamma__Background_gamma_fullsphere20_batch0003_shard0032__ID3883,S3d_O8__gamma__Background_gamma_fullsphere20_batch0003_shard0032__ID3883__EDGE00147,htsim_attribution,contributes_to_detector_hit,IA:2,HT:4,ia_node,htsim_hit,,,HTsim line 365663,exact IA IDs printed by SIM HTsim record
S3d_O8__gamma__Background_gamma_fullsphere20_batch0003_shard0032__ID3883,S3d_O8__gamma__Background_gamma_fullsphere20_batch0003_shard0032__ID3883__EDGE00148,htsim_attribution,contributes_to_detector_hit,IA:3,HT:4,ia_node,htsim_hit,,,HTsim line 365663,exact IA IDs printed by SIM HTsim record
S3d_O8__gamma__Background_gamma_fullsphere20_batch0003_shard0032__ID3883,S3d_O8__gamma__Background_gamma_fullsphere20_batch0003_shard0032__ID3883__EDGE00149,htsim_attribution,contributes_to_detector_hit,IA:5,HT:4,ia_node,htsim_hit,,,HTsim line 365663,exact IA IDs printed by SIM HTsim record
S3d_O8__gamma__Background_gamma_fullsphere20_batch0003_shard0032__ID3883,S3d_O8__gamma__Background_gamma_fullsphere20_batch0003_shard0032__ID3883__EDGE00150,htsim_attribution,contributes_to_detector_hit,IA:2,HT:5,ia_node,htsim_hit,,,HTsim line 365664,exact IA IDs printed by SIM HTsim record
S3d_O8__gamma__Background_gamma_fullsphere20_batch0003_shard0032__ID3883,S3d_O8__gamma__Background_gamma_fullsphere20_batch0003_shard0032__ID3883__EDGE00151,htsim_attribution,contributes_to_detector_hit,IA:14,HT:5,ia_node,htsim_hit,,,HTsim line 365664,exact IA IDs printed by SIM HTsim record
S3d_O8__gamma__Background_gamma_fullsphere20_batch0003_shard0032__ID3883,S3d_O8__gamma__Background_gamma_fullsphere20_batch0003_shard0032__ID3883__EDGE00152,htsim_attribution,contributes_to_detector_hit,IA:15,HT:5,ia_node,htsim_hit,,,HTsim line 365664,exact IA IDs printed by SIM HTsim record
S3d_O8__gamma__s10_gamma_instant_S3d_O8_shard0014__ID19932,S3d_O8__gamma__s10_gamma_instant_S3d_O8_shard0014__ID19932__EDGE00001,ia_ancestry,initializes,EVENT_ROOT,IA:1,event_root,ia_node,INIT,1,IA line 1616385,exact SIM IA origin relation
S3d_O8__gamma__s10_gamma_instant_S3d_O8_shard0014__ID19932,S3d_O8__gamma__s10_gamma_instant_S3d_O8_shard0014__ID19932__EDGE00002,ia_ancestry,origin_interaction,IA:1,IA:2,ia_node,ia_node,PAIR,2,IA line 1616386,exact SIM IA origin relation
S3d_O8__gamma__s10_gamma_instant_S3d_O8_shard0014__ID19932,S3d_O8__gamma__s10_gamma_instant_S3d_O8_shard0014__ID19932__EDGE00003,ia_ancestry,origin_interaction,IA:1,IA:3,ia_node,ia_node,PAIR,3,IA line 1616387,exact SIM IA origin relation
S3d_O8__gamma__s10_gamma_instant_S3d_O8_shard0014__ID19932,S3d_O8__gamma__s10_gamma_instant_S3d_O8_shard0014__ID19932__EDGE00004,ia_ancestry,origin_interaction,IA:3,IA:4,ia_node,ia_node,BREM,1,IA line 1616388,exact SIM IA origin relation
S3d_O8__gamma__s10_gamma_instant_S3d_O8_shard0014__ID19932,S3d_O8__gamma__s10_gamma_instant_S3d_O8_shard0014__ID19932__EDGE00005,ia_ancestry,origin_interaction,IA:3,IA:5,ia_node,ia_node,PHOT,3,IA line 1616389,exact SIM IA origin relation
S3d_O8__gamma__s10_gamma_instant_S3d_O8_shard0014__ID19932,S3d_O8__gamma__s10_gamma_instant_S3d_O8_shard0014__ID19932__EDGE00006,ia_ancestry,origin_interaction,IA:3,IA:6,ia_node,ia_node,PHOT,3,IA line 1616390,exact SIM IA origin relation
S3d_O8__gamma__s10_gamma_instant_S3d_O8_shard0014__ID19932,S3d_O8__gamma__s10_gamma_instant_S3d_O8_shard0014__ID19932__EDGE00007,ia_ancestry,origin_interaction,IA:4,IA:7,ia_node,ia_node,COMP,3,IA line 1616391,exact SIM IA origin relation
S3d_O8__gamma__s10_gamma_instant_S3d_O8_shard0014__ID19932,S3d_O8__gamma__s10_gamma_instant_S3d_O8_shard0014__ID19932__EDGE00008,ia_ancestry,origin_interaction,IA:4,IA:8,ia_node,ia_node,PHOT,3,IA line 1616392,exact SIM IA origin relation
S3d_O8__gamma__s10_gamma_instant_S3d_O8_shard0014__ID19932,S3d_O8__gamma__s10_gamma_instant_S3d_O8_shard0014__ID19932__EDGE00009,ia_ancestry,origin_interaction,IA:2,IA:9,ia_node,ia_node,ANNI,1,IA line 1616393,exact SIM IA origin relation
S3d_O8__gamma__s10_gamma_instant_S3d_O8_shard0014__ID19932,S3d_O8__gamma__s10_gamma_instant_S3d_O8_shard0014__ID19932__EDGE00010,ia_ancestry,origin_interaction,IA:2,IA:10,ia_node,ia_node,ANNI,1,IA line 1616394,exact SIM IA origin relation
S3d_O8__gamma__s10_gamma_instant_S3d_O8_shard0014__ID19932,S3d_O8__gamma__s10_gamma_instant_S3d_O8_shard0014__ID19932__EDGE00011,ia_ancestry,origin_interaction,IA:9,IA:11,ia_node,ia_node,COMP,3,IA line 1616395,exact SIM IA origin relation
S3d_O8__gamma__s10_gamma_instant_S3d_O8_shard0014__ID19932,S3d_O8__gamma__s10_gamma_instant_S3d_O8_shard0014__ID19932__EDGE00012,ia_ancestry,origin_interaction,IA:9,IA:12,ia_node,ia_node,COMP,3,IA line 1616396,exact SIM IA origin relation
S3d_O8__gamma__s10_gamma_instant_S3d_O8_shard0014__ID19932,S3d_O8__gamma__s10_gamma_instant_S3d_O8_shard0014__ID19932__EDGE00013,ia_ancestry,origin_interaction,IA:9,IA:13,ia_node,ia_node,COMP,3,IA line 1616397,exact SIM IA origin relation
S3d_O8__gamma__s10_gamma_instant_S3d_O8_shard0014__ID19932,S3d_O8__gamma__s10_gamma_instant_S3d_O8_shard0014__ID19932__EDGE00014,ia_ancestry,origin_interaction,IA:9,IA:14,ia_node,ia_node,PHOT,3,IA line 1616398,exact SIM IA origin relation
S3d_O8__gamma__s10_gamma_instant_S3d_O8_shard0014__ID19932,S3d_O8__gamma__s10_gamma_instant_S3d_O8_shard0014__ID19932__EDGE00015,ia_ancestry,origin_interaction,IA:10,IA:15,ia_node,ia_node,COMP,3,IA line 1616399,exact SIM IA origin relation
S3d_O8__gamma__s10_gamma_instant_S3d_O8_shard0014__ID19932,S3d_O8__gamma__s10_gamma_instant_S3d_O8_shard0014__ID19932__EDGE00016,ia_ancestry,origin_interaction,IA:10,IA:16,ia_node,ia_node,COMP,3,IA line 1616400,exact SIM IA origin relation
S3d_O8__gamma__s10_gamma_instant_S3d_O8_shard0014__ID19932,S3d_O8__gamma__s10_gamma_instant_S3d_O8_shard0014__ID19932__EDGE00017,ia_ancestry,origin_interaction,IA:10,IA:17,ia_node,ia_node,PHOT,3,IA line 1616401,exact SIM IA origin relation
S3d_O8__gamma__s10_gamma_instant_S3d_O8_shard0014__ID19932,S3d_O8__gamma__s10_gamma_instant_S3d_O8_shard0014__ID19932__EDGE00018,ia_ancestry,origin_interaction,IA:10,IA:18,ia_node,ia_node,PHOT,1,IA line 1616402,exact SIM IA origin relation
S3d_O8__gamma__s10_gamma_instant_S3d_O8_shard0014__ID19932,S3d_O8__gamma__s10_gamma_instant_S3d_O8_shard0014__ID19932__EDGE00019,ia_ancestry,origin_interaction,IA:18,IA:19,ia_node,ia_node,PHOT,3,IA line 1616403,exact SIM IA origin relation
S3d_O8__gamma__s10_gamma_instant_S3d_O8_shard0014__ID19932,S3d_O8__gamma__s10_gamma_instant_S3d_O8_shard0014__ID19932__EDGE00020,ia_ancestry,origin_interaction,IA:17,IA:20,ia_node,ia_node,BREM,1,IA line 1616404,exact SIM IA origin relation
S3d_O8__gamma__s10_gamma_instant_S3d_O8_shard0014__ID19932,S3d_O8__gamma__s10_gamma_instant_S3d_O8_shard0014__ID19932__EDGE00021,ia_ancestry,origin_interaction,IA:20,IA:21,ia_node,ia_node,PHOT,3,IA line 1616405,exact SIM IA origin relation
S3d_O8__gamma__s10_gamma_instant_S3d_O8_shard0014__ID19932,S3d_O8__gamma__s10_gamma_instant_S3d_O8_shard0014__ID19932__EDGE00022,cc_track_ancestry,parent_track,TRACK:1,TRACK:2,track,track,conv,e-,deduplicated CC HIT tid/pid,deposit-bearing track ancestry; tracks without CC deposits may be absent
S3d_O8__gamma__s10_gamma_instant_S3d_O8_shard0014__ID19932,S3d_O8__gamma__s10_gamma_instant_S3d_O8_shard0014__ID19932__EDGE00023,cc_track_ancestry,parent_track,TRACK:1,TRACK:3,track,track,conv,e+,deduplicated CC HIT tid/pid,deposit-bearing track ancestry; tracks without CC deposits may be absent
S3d_O8__gamma__s10_gamma_instant_S3d_O8_shard0014__ID19932,S3d_O8__gamma__s10_gamma_instant_S3d_O8_shard0014__ID19932__EDGE00024,cc_track_ancestry,parent_track,TRACK:2,TRACK:4,track,track,eIoni,e-,deduplicated CC HIT tid/pid,deposit-bearing track ancestry; tracks without CC deposits may be absent
S3d_O8__gamma__s10_gamma_instant_S3d_O8_shard0014__ID19932,S3d_O8__gamma__s10_gamma_instant_S3d_O8_shard0014__ID19932__EDGE00025,cc_track_ancestry,parent_track,TRACK:2,TRACK:5,track,track,eBrem,gamma,deduplicated CC HIT tid/pid,deposit-bearing track ancestry; tracks without CC deposits may be absent
S3d_O8__gamma__s10_gamma_instant_S3d_O8_shard0014__ID19932,S3d_O8__gamma__s10_gamma_instant_S3d_O8_shard0014__ID19932__EDGE00026,cc_track_ancestry,parent_track,TRACK:2,TRACK:6,track,track,eIoni,e-,deduplicated CC HIT tid/pid,deposit-bearing track ancestry; tracks without CC deposits may be absent
S3d_O8__gamma__s10_gamma_instant_S3d_O8_shard0014__ID19932,S3d_O8__gamma__s10_gamma_instant_S3d_O8_shard0014__ID19932__EDGE00027,cc_track_ancestry,parent_track,TRACK:2,TRACK:7,track,track,eIoni,gamma,deduplicated CC HIT tid/pid,deposit-bearing track ancestry; tracks without CC deposits may be absent
S3d_O8__gamma__s10_gamma_instant_S3d_O8_shard0014__ID19932,S3d_O8__gamma__s10_gamma_instant_S3d_O8_shard0014__ID19932__EDGE00028,cc_track_ancestry,parent_track,TRACK:2,TRACK:8,track,track,eIoni,e-,deduplicated CC HIT tid/pid,deposit-bearing track ancestry; tracks without CC deposits may be absent
S3d_O8__gamma__s10_gamma_instant_S3d_O8_shard0014__ID19932,S3d_O8__gamma__s10_gamma_instant_S3d_O8_shard0014__ID19932__EDGE00029,cc_track_ancestry,parent_track,TRACK:2,TRACK:9,track,track,eIoni,e-,deduplicated CC HIT tid/pid,deposit-bearing track ancestry; tracks without CC deposits may be absent
S3d_O8__gamma__s10_gamma_instant_S3d_O8_shard0014__ID19932,S3d_O8__gamma__s10_gamma_instant_S3d_O8_shard0014__ID19932__EDGE00030,cc_track_ancestry,parent_track,TRACK:2,TRACK:10,track,track,eIoni,gamma,deduplicated CC HIT tid/pid,deposit-bearing track ancestry; tracks without CC deposits may be absent
S3d_O8__gamma__s10_gamma_instant_S3d_O8_shard0014__ID19932,S3d_O8__gamma__s10_gamma_instant_S3d_O8_shard0014__ID19932__EDGE00031,cc_track_ancestry,parent_track,TRACK:2,TRACK:11,track,track,eIoni,e-,deduplicated CC HIT tid/pid,deposit-bearing track ancestry; tracks without CC deposits may be absent
S3d_O8__gamma__s10_gamma_instant_S3d_O8_shard0014__ID19932,S3d_O8__gamma__s10_gamma_instant_S3d_O8_shard0014__ID19932__EDGE00032,cc_track_ancestry,parent_track,TRACK:2,TRACK:12,track,track,eIoni,e-,deduplicated CC HIT tid/pid,deposit-bearing track ancestry; tracks without CC deposits may be absent
S3d_O8__gamma__s10_gamma_instant_S3d_O8_shard0014__ID19932,S3d_O8__gamma__s10_gamma_instant_S3d_O8_shard0014__ID19932__EDGE00033,cc_track_ancestry,parent_track,TRACK:2,TRACK:13,track,track,eIoni,e-,deduplicated CC HIT tid/pid,deposit-bearing track ancestry; tracks without CC deposits may be absent
S3d_O8__gamma__s10_gamma_instant_S3d_O8_shard0014__ID19932,S3d_O8__gamma__s10_gamma_instant_S3d_O8_shard0014__ID19932__EDGE00034,cc_track_ancestry,parent_track,TRACK:10,TRACK:14,track,track,phot,e-,deduplicated CC HIT tid/pid,deposit-bearing track ancestry; tracks without CC deposits may be absent
S3d_O8__gamma__s10_gamma_instant_S3d_O8_shard0014__ID19932,S3d_O8__gamma__s10_gamma_instant_S3d_O8_shard0014__ID19932__EDGE00035,cc_track_ancestry,parent_track,TRACK:7,TRACK:15,track,track,phot,e-,deduplicated CC HIT tid/pid,deposit-bearing track ancestry; tracks without CC deposits may be absent
S3d_O8__gamma__s10_gamma_instant_S3d_O8_shard0014__ID19932,S3d_O8__gamma__s10_gamma_instant_S3d_O8_shard0014__ID19932__EDGE00036,cc_track_ancestry,parent_track,TRACK:5,TRACK:16,track,track,compt,e-,deduplicated CC HIT tid/pid,deposit-bearing track ancestry; tracks without CC deposits may be absent
S3d_O8__gamma__s10_gamma_instant_S3d_O8_shard0014__ID19932,S3d_O8__gamma__s10_gamma_instant_S3d_O8_shard0014__ID19932__EDGE00037,cc_track_ancestry,parent_track,TRACK:5,TRACK:17,track,track,phot,e-,deduplicated CC HIT tid/pid,deposit-bearing track ancestry; tracks without CC deposits may be absent
S3d_O8__gamma__s10_gamma_instant_S3d_O8_shard0014__ID19932,S3d_O8__gamma__s10_gamma_instant_S3d_O8_shard0014__ID19932__EDGE00038,cc_track_ancestry,parent_track,TRACK:3,TRACK:18,track,track,eIoni,e-,deduplicated CC HIT tid/pid,deposit-bearing track ancestry; tracks without CC deposits may be absent
S3d_O8__gamma__s10_gamma_instant_S3d_O8_shard0014__ID19932,S3d_O8__gamma__s10_gamma_instant_S3d_O8_shard0014__ID19932__EDGE00039,cc_track_ancestry,parent_track,TRACK:3,TRACK:19,track,track,annihil,gamma,deduplicated CC HIT tid/pid,deposit-bearing track ancestry; tracks without CC deposits may be absent
S3d_O8__gamma__s10_gamma_instant_S3d_O8_shard0014__ID19932,S3d_O8__gamma__s10_gamma_instant_S3d_O8_shard0014__ID19932__EDGE00040,cc_track_ancestry,parent_track,TRACK:3,TRACK:20,track,track,annihil,gamma,deduplicated CC HIT tid/pid,deposit-bearing track ancestry; tracks without CC deposits may be absent
S3d_O8__gamma__s10_gamma_instant_S3d_O8_shard0014__ID19932,S3d_O8__gamma__s10_gamma_instant_S3d_O8_shard0014__ID19932__EDGE00041,cc_track_ancestry,parent_track,TRACK:20,TRACK:21,track,track,compt,e-,deduplicated CC HIT tid/pid,deposit-bearing track ancestry; tracks without CC deposits may be absent
S3d_O8__gamma__s10_gamma_instant_S3d_O8_shard0014__ID19932,S3d_O8__gamma__s10_gamma_instant_S3d_O8_shard0014__ID19932__EDGE00042,cc_track_ancestry,parent_track,TRACK:20,TRACK:22,track,track,compt,e-,deduplicated CC HIT tid/pid,deposit-bearing track ancestry; tracks without CC deposits may be absent
S3d_O8__gamma__s10_gamma_instant_S3d_O8_shard0014__ID19932,S3d_O8__gamma__s10_gamma_instant_S3d_O8_shard0014__ID19932__EDGE00043,cc_track_ancestry,parent_track,TRACK:20,TRACK:23,track,track,compt,e-,deduplicated CC HIT tid/pid,deposit-bearing track ancestry; tracks without CC deposits may be absent
S3d_O8__gamma__s10_gamma_instant_S3d_O8_shard0014__ID19932,S3d_O8__gamma__s10_gamma_instant_S3d_O8_shard0014__ID19932__EDGE00044,cc_track_ancestry,parent_track,TRACK:20,TRACK:24,track,track,phot,e-,deduplicated CC HIT tid/pid,deposit-bearing track ancestry; tracks without CC deposits may be absent
S3d_O8__gamma__s10_gamma_instant_S3d_O8_shard0014__ID19932,S3d_O8__gamma__s10_gamma_instant_S3d_O8_shard0014__ID19932__EDGE00045,cc_track_ancestry,parent_track,TRACK:19,TRACK:25,track,track,compt,e-,deduplicated CC HIT tid/pid,deposit-bearing track ancestry; tracks without CC deposits may be absent
S3d_O8__gamma__s10_gamma_instant_S3d_O8_shard0014__ID19932,S3d_O8__gamma__s10_gamma_instant_S3d_O8_shard0014__ID19932__EDGE00046,cc_track_ancestry,parent_track,TRACK:19,TRACK:26,track,track,compt,e-,deduplicated CC HIT tid/pid,deposit-bearing track ancestry; tracks without CC deposits may be absent
S3d_O8__gamma__s10_gamma_instant_S3d_O8_shard0014__ID19932,S3d_O8__gamma__s10_gamma_instant_S3d_O8_shard0014__ID19932__EDGE00047,cc_track_ancestry,parent_track,TRACK:19,TRACK:27,track,track,phot,e-,deduplicated CC HIT tid/pid,deposit-bearing track ancestry; tracks without CC deposits may be absent
S3d_O8__gamma__s10_gamma_instant_S3d_O8_shard0014__ID19932,S3d_O8__gamma__s10_gamma_instant_S3d_O8_shard0014__ID19932__EDGE00048,cc_track_ancestry,parent_track,TRACK:19,TRACK:28,track,track,phot,gamma,deduplicated CC HIT tid/pid,deposit-bearing track ancestry; tracks without CC deposits may be absent
S3d_O8__gamma__s10_gamma_instant_S3d_O8_shard0014__ID19932,S3d_O8__gamma__s10_gamma_instant_S3d_O8_shard0014__ID19932__EDGE00049,cc_track_ancestry,parent_track,TRACK:28,TRACK:29,track,track,phot,e-,deduplicated CC HIT tid/pid,deposit-bearing track ancestry; tracks without CC deposits may be absent
S3d_O8__gamma__s10_gamma_instant_S3d_O8_shard0014__ID19932,S3d_O8__gamma__s10_gamma_instant_S3d_O8_shard0014__ID19932__EDGE00050,cc_track_ancestry,parent_track,TRACK:27,TRACK:30,track,track,eBrem,gamma,deduplicated CC HIT tid/pid,deposit-bearing track ancestry; tracks without CC deposits may be absent
S3d_O8__gamma__s10_gamma_instant_S3d_O8_shard0014__ID19932,S3d_O8__gamma__s10_gamma_instant_S3d_O8_shard0014__ID19932__EDGE00051,cc_track_ancestry,parent_track,TRACK:30,TRACK:31,track,track,phot,e-,deduplicated CC HIT tid/pid,deposit-bearing track ancestry; tracks without CC deposits may be absent
S3d_O8__gamma__s10_gamma_instant_S3d_O8_shard0014__ID19932,S3d_O8__gamma__s10_gamma_instant_S3d_O8_shard0014__ID19932__EDGE00052,cc_track_ancestry,deposits_at,TRACK:2,CC:1,track,cc_deposit,eIoni,e-,CC HIT line 1616324,exact deposit membership; not a full step path
S3d_O8__gamma__s10_gamma_instant_S3d_O8_shard0014__ID19932,S3d_O8__gamma__s10_gamma_instant_S3d_O8_shard0014__ID19932__EDGE00053,cc_track_ancestry,deposits_at,TRACK:2,CC:2,track,cc_deposit,eBrem,e-,CC HIT line 1616325,exact deposit membership; not a full step path
S3d_O8__gamma__s10_gamma_instant_S3d_O8_shard0014__ID19932,S3d_O8__gamma__s10_gamma_instant_S3d_O8_shard0014__ID19932__EDGE00054,cc_track_ancestry,deposits_at,TRACK:2,CC:3,track,cc_deposit,eIoni,e-,CC HIT line 1616326,exact deposit membership; not a full step path
S3d_O8__gamma__s10_gamma_instant_S3d_O8_shard0014__ID19932,S3d_O8__gamma__s10_gamma_instant_S3d_O8_shard0014__ID19932__EDGE00055,cc_track_ancestry,deposits_at,TRACK:2,CC:4,track,cc_deposit,msc,e-,CC HIT line 1616327,exact deposit membership; not a full step path
S3d_O8__gamma__s10_gamma_instant_S3d_O8_shard0014__ID19932,S3d_O8__gamma__s10_gamma_instant_S3d_O8_shard0014__ID19932__EDGE00056,cc_track_ancestry,deposits_at,TRACK:2,CC:5,track,cc_deposit,msc,e-,CC HIT line 1616328,exact deposit membership; not a full step path
S3d_O8__gamma__s10_gamma_instant_S3d_O8_shard0014__ID19932,S3d_O8__gamma__s10_gamma_instant_S3d_O8_shard0014__ID19932__EDGE00057,cc_track_ancestry,deposits_at,TRACK:2,CC:6,track,cc_deposit,msc,e-,CC HIT line 1616329,exact deposit membership; not a full step path
S3d_O8__gamma__s10_gamma_instant_S3d_O8_shard0014__ID19932,S3d_O8__gamma__s10_gamma_instant_S3d_O8_shard0014__ID19932__EDGE00058,cc_track_ancestry,deposits_at,TRACK:2,CC:7,track,cc_deposit,msc,e-,CC HIT line 1616330,exact deposit membership; not a full step path
S3d_O8__gamma__s10_gamma_instant_S3d_O8_shard0014__ID19932,S3d_O8__gamma__s10_gamma_instant_S3d_O8_shard0014__ID19932__EDGE00059,cc_track_ancestry,deposits_at,TRACK:2,CC:8,track,cc_deposit,msc,e-,CC HIT line 1616331,exact deposit membership; not a full step path
S3d_O8__gamma__s10_gamma_instant_S3d_O8_shard0014__ID19932,S3d_O8__gamma__s10_gamma_instant_S3d_O8_shard0014__ID19932__EDGE00060,cc_track_ancestry,deposits_at,TRACK:2,CC:9,track,cc_deposit,msc,e-,CC HIT line 1616332,exact deposit membership; not a full step path
S3d_O8__gamma__s10_gamma_instant_S3d_O8_shard0014__ID19932,S3d_O8__gamma__s10_gamma_instant_S3d_O8_shard0014__ID19932__EDGE00061,cc_track_ancestry,deposits_at,TRACK:2,CC:10,track,cc_deposit,msc,e-,CC HIT line 1616333,exact deposit membership; not a full step path
S3d_O8__gamma__s10_gamma_instant_S3d_O8_shard0014__ID19932,S3d_O8__gamma__s10_gamma_instant_S3d_O8_shard0014__ID19932__EDGE00062,cc_track_ancestry,deposits_at,TRACK:2,CC:11,track,cc_deposit,eIoni,e-,CC HIT line 1616334,exact deposit membership; not a full step path
S3d_O8__gamma__s10_gamma_instant_S3d_O8_shard0014__ID19932,S3d_O8__gamma__s10_gamma_instant_S3d_O8_shard0014__ID19932__EDGE00063,cc_track_ancestry,deposits_at,TRACK:2,CC:12,track,cc_deposit,eIoni,e-,CC HIT line 1616335,exact deposit membership; not a full step path
S3d_O8__gamma__s10_gamma_instant_S3d_O8_shard0014__ID19932,S3d_O8__gamma__s10_gamma_instant_S3d_O8_shard0014__ID19932__EDGE00064,cc_track_ancestry,deposits_at,TRACK:2,CC:13,track,cc_deposit,eIoni,e-,CC HIT line 1616336,exact deposit membership; not a full step path
S3d_O8__gamma__s10_gamma_instant_S3d_O8_shard0014__ID19932,S3d_O8__gamma__s10_gamma_instant_S3d_O8_shard0014__ID19932__EDGE00065,cc_track_ancestry,deposits_at,TRACK:2,CC:14,track,cc_deposit,msc,e-,CC HIT line 1616337,exact deposit membership; not a full step path
S3d_O8__gamma__s10_gamma_instant_S3d_O8_shard0014__ID19932,S3d_O8__gamma__s10_gamma_instant_S3d_O8_shard0014__ID19932__EDGE00066,cc_track_ancestry,deposits_at,TRACK:2,CC:15,track,cc_deposit,eIoni,e-,CC HIT line 1616338,exact deposit membership; not a full step path
S3d_O8__gamma__s10_gamma_instant_S3d_O8_shard0014__ID19932,S3d_O8__gamma__s10_gamma_instant_S3d_O8_shard0014__ID19932__EDGE00067,cc_track_ancestry,deposits_at,TRACK:2,CC:16,track,cc_deposit,eIoni,e-,CC HIT line 1616339,exact deposit membership; not a full step path
S3d_O8__gamma__s10_gamma_instant_S3d_O8_shard0014__ID19932,S3d_O8__gamma__s10_gamma_instant_S3d_O8_shard0014__ID19932__EDGE00068,cc_track_ancestry,deposits_at,TRACK:2,CC:17,track,cc_deposit,eIoni,e-,CC HIT line 1616340,exact deposit membership; not a full step path
S3d_O8__gamma__s10_gamma_instant_S3d_O8_shard0014__ID19932,S3d_O8__gamma__s10_gamma_instant_S3d_O8_shard0014__ID19932__EDGE00069,cc_track_ancestry,deposits_at,TRACK:2,CC:18,track,cc_deposit,eIoni,e-,CC HIT line 1616341,exact deposit membership; not a full step path
S3d_O8__gamma__s10_gamma_instant_S3d_O8_shard0014__ID19932,S3d_O8__gamma__s10_gamma_instant_S3d_O8_shard0014__ID19932__EDGE00070,cc_track_ancestry,deposits_at,TRACK:2,CC:19,track,cc_deposit,eIoni,e-,CC HIT line 1616342,exact deposit membership; not a full step path
S3d_O8__gamma__s10_gamma_instant_S3d_O8_shard0014__ID19932,S3d_O8__gamma__s10_gamma_instant_S3d_O8_shard0014__ID19932__EDGE00071,cc_track_ancestry,deposits_at,TRACK:2,CC:20,track,cc_deposit,eIoni,e-,CC HIT line 1616343,exact deposit membership; not a full step path
S3d_O8__gamma__s10_gamma_instant_S3d_O8_shard0014__ID19932,S3d_O8__gamma__s10_gamma_instant_S3d_O8_shard0014__ID19932__EDGE00072,cc_track_ancestry,deposits_at,TRACK:2,CC:21,track,cc_deposit,eIoni,e-,CC HIT line 1616344,exact deposit membership; not a full step path
S3d_O8__gamma__s10_gamma_instant_S3d_O8_shard0014__ID19932,S3d_O8__gamma__s10_gamma_instant_S3d_O8_shard0014__ID19932__EDGE00073,cc_track_ancestry,deposits_at,TRACK:13,CC:22,track,cc_deposit,eIoni,e-,CC HIT line 1616345,exact deposit membership; not a full step path
S3d_O8__gamma__s10_gamma_instant_S3d_O8_shard0014__ID19932,S3d_O8__gamma__s10_gamma_instant_S3d_O8_shard0014__ID19932__EDGE00074,cc_track_ancestry,deposits_at,TRACK:13,CC:23,track,cc_deposit,eIoni,e-,CC HIT line 1616346,exact deposit membership; not a full step path
S3d_O8__gamma__s10_gamma_instant_S3d_O8_shard0014__ID19932,S3d_O8__gamma__s10_gamma_instant_S3d_O8_shard0014__ID19932__EDGE00075,cc_track_ancestry,deposits_at,TRACK:12,CC:24,track,cc_deposit,eIoni,e-,CC HIT line 1616347,exact deposit membership; not a full step path
S3d_O8__gamma__s10_gamma_instant_S3d_O8_shard0014__ID19932,S3d_O8__gamma__s10_gamma_instant_S3d_O8_shard0014__ID19932__EDGE00076,cc_track_ancestry,deposits_at,TRACK:11,CC:25,track,cc_deposit,eIoni,e-,CC HIT line 1616348,exact deposit membership; not a full step path
S3d_O8__gamma__s10_gamma_instant_S3d_O8_shard0014__ID19932,S3d_O8__gamma__s10_gamma_instant_S3d_O8_shard0014__ID19932__EDGE00077,cc_track_ancestry,deposits_at,TRACK:9,CC:26,track,cc_deposit,eIoni,e-,CC HIT line 1616349,exact deposit membership; not a full step path
S3d_O8__gamma__s10_gamma_instant_S3d_O8_shard0014__ID19932,S3d_O8__gamma__s10_gamma_instant_S3d_O8_shard0014__ID19932__EDGE00078,cc_track_ancestry,deposits_at,TRACK:8,CC:27,track,cc_deposit,eIoni,e-,CC HIT line 1616350,exact deposit membership; not a full step path
S3d_O8__gamma__s10_gamma_instant_S3d_O8_shard0014__ID19932,S3d_O8__gamma__s10_gamma_instant_S3d_O8_shard0014__ID19932__EDGE00079,cc_track_ancestry,deposits_at,TRACK:6,CC:28,track,cc_deposit,eIoni,e-,CC HIT line 1616351,exact deposit membership; not a full step path
S3d_O8__gamma__s10_gamma_instant_S3d_O8_shard0014__ID19932,S3d_O8__gamma__s10_gamma_instant_S3d_O8_shard0014__ID19932__EDGE00080,cc_track_ancestry,deposits_at,TRACK:4,CC:29,track,cc_deposit,eIoni,e-,CC HIT line 1616352,exact deposit membership; not a full step path
S3d_O8__gamma__s10_gamma_instant_S3d_O8_shard0014__ID19932,S3d_O8__gamma__s10_gamma_instant_S3d_O8_shard0014__ID19932__EDGE00081,cc_track_ancestry,deposits_at,TRACK:10,CC:30,track,cc_deposit,phot,gamma,CC HIT line 1616353,exact deposit membership; not a full step path
S3d_O8__gamma__s10_gamma_instant_S3d_O8_shard0014__ID19932,S3d_O8__gamma__s10_gamma_instant_S3d_O8_shard0014__ID19932__EDGE00082,cc_track_ancestry,deposits_at,TRACK:7,CC:31,track,cc_deposit,phot,gamma,CC HIT line 1616354,exact deposit membership; not a full step path
S3d_O8__gamma__s10_gamma_instant_S3d_O8_shard0014__ID19932,S3d_O8__gamma__s10_gamma_instant_S3d_O8_shard0014__ID19932__EDGE00083,cc_track_ancestry,deposits_at,TRACK:5,CC:32,track,cc_deposit,compt,gamma,CC HIT line 1616355,exact deposit membership; not a full step path
S3d_O8__gamma__s10_gamma_instant_S3d_O8_shard0014__ID19932,S3d_O8__gamma__s10_gamma_instant_S3d_O8_shard0014__ID19932__EDGE00084,cc_track_ancestry,deposits_at,TRACK:5,CC:33,track,cc_deposit,phot,gamma,CC HIT line 1616356,exact deposit membership; not a full step path
S3d_O8__gamma__s10_gamma_instant_S3d_O8_shard0014__ID19932,S3d_O8__gamma__s10_gamma_instant_S3d_O8_shard0014__ID19932__EDGE00085,cc_track_ancestry,deposits_at,TRACK:3,CC:34,track,cc_deposit,eIoni,e+,CC HIT line 1616357,exact deposit membership; not a full step path
S3d_O8__gamma__s10_gamma_instant_S3d_O8_shard0014__ID19932,S3d_O8__gamma__s10_gamma_instant_S3d_O8_shard0014__ID19932__EDGE00086,cc_track_ancestry,deposits_at,TRACK:3,CC:35,track,cc_deposit,eIoni,e+,CC HIT line 1616358,exact deposit membership; not a full step path
S3d_O8__gamma__s10_gamma_instant_S3d_O8_shard0014__ID19932,S3d_O8__gamma__s10_gamma_instant_S3d_O8_shard0014__ID19932__EDGE00087,cc_track_ancestry,deposits_at,TRACK:3,CC:36,track,cc_deposit,eIoni,e+,CC HIT line 1616359,exact deposit membership; not a full step path
S3d_O8__gamma__s10_gamma_instant_S3d_O8_shard0014__ID19932,S3d_O8__gamma__s10_gamma_instant_S3d_O8_shard0014__ID19932__EDGE00088,cc_track_ancestry,deposits_at,TRACK:18,CC:37,track,cc_deposit,eIoni,e-,CC HIT line 1616360,exact deposit membership; not a full step path
S3d_O8__gamma__s10_gamma_instant_S3d_O8_shard0014__ID19932,S3d_O8__gamma__s10_gamma_instant_S3d_O8_shard0014__ID19932__EDGE00089,cc_track_ancestry,deposits_at,TRACK:17,CC:38,track,cc_deposit,eIoni,e-,CC HIT line 1616361,exact deposit membership; not a full step path
S3d_O8__gamma__s10_gamma_instant_S3d_O8_shard0014__ID19932,S3d_O8__gamma__s10_gamma_instant_S3d_O8_shard0014__ID19932__EDGE00090,cc_track_ancestry,deposits_at,TRACK:16,CC:39,track,cc_deposit,eIoni,e-,CC HIT line 1616362,exact deposit membership; not a full step path
S3d_O8__gamma__s10_gamma_instant_S3d_O8_shard0014__ID19932,S3d_O8__gamma__s10_gamma_instant_S3d_O8_shard0014__ID19932__EDGE00091,cc_track_ancestry,deposits_at,TRACK:15,CC:40,track,cc_deposit,eIoni,e-,CC HIT line 1616363,exact deposit membership; not a full step path
S3d_O8__gamma__s10_gamma_instant_S3d_O8_shard0014__ID19932,S3d_O8__gamma__s10_gamma_instant_S3d_O8_shard0014__ID19932__EDGE00092,cc_track_ancestry,deposits_at,TRACK:14,CC:41,track,cc_deposit,eIoni,e-,CC HIT line 1616364,exact deposit membership; not a full step path
S3d_O8__gamma__s10_gamma_instant_S3d_O8_shard0014__ID19932,S3d_O8__gamma__s10_gamma_instant_S3d_O8_shard0014__ID19932__EDGE00093,cc_track_ancestry,deposits_at,TRACK:20,CC:42,track,cc_deposit,compt,gamma,CC HIT line 1616365,exact deposit membership; not a full step path
S3d_O8__gamma__s10_gamma_instant_S3d_O8_shard0014__ID19932,S3d_O8__gamma__s10_gamma_instant_S3d_O8_shard0014__ID19932__EDGE00094,cc_track_ancestry,deposits_at,TRACK:20,CC:43,track,cc_deposit,compt,gamma,CC HIT line 1616366,exact deposit membership; not a full step path
S3d_O8__gamma__s10_gamma_instant_S3d_O8_shard0014__ID19932,S3d_O8__gamma__s10_gamma_instant_S3d_O8_shard0014__ID19932__EDGE00095,cc_track_ancestry,deposits_at,TRACK:20,CC:44,track,cc_deposit,compt,gamma,CC HIT line 1616367,exact deposit membership; not a full step path
S3d_O8__gamma__s10_gamma_instant_S3d_O8_shard0014__ID19932,S3d_O8__gamma__s10_gamma_instant_S3d_O8_shard0014__ID19932__EDGE00096,cc_track_ancestry,deposits_at,TRACK:20,CC:45,track,cc_deposit,phot,gamma,CC HIT line 1616368,exact deposit membership; not a full step path
S3d_O8__gamma__s10_gamma_instant_S3d_O8_shard0014__ID19932,S3d_O8__gamma__s10_gamma_instant_S3d_O8_shard0014__ID19932__EDGE00097,cc_track_ancestry,deposits_at,TRACK:19,CC:46,track,cc_deposit,compt,gamma,CC HIT line 1616369,exact deposit membership; not a full step path
S3d_O8__gamma__s10_gamma_instant_S3d_O8_shard0014__ID19932,S3d_O8__gamma__s10_gamma_instant_S3d_O8_shard0014__ID19932__EDGE00098,cc_track_ancestry,deposits_at,TRACK:19,CC:47,track,cc_deposit,compt,gamma,CC HIT line 1616370,exact deposit membership; not a full step path
S3d_O8__gamma__s10_gamma_instant_S3d_O8_shard0014__ID19932,S3d_O8__gamma__s10_gamma_instant_S3d_O8_shard0014__ID19932__EDGE00099,cc_track_ancestry,deposits_at,TRACK:19,CC:48,track,cc_deposit,phot,gamma,CC HIT line 1616371,exact deposit membership; not a full step path
S3d_O8__gamma__s10_gamma_instant_S3d_O8_shard0014__ID19932,S3d_O8__gamma__s10_gamma_instant_S3d_O8_shard0014__ID19932__EDGE00100,cc_track_ancestry,deposits_at,TRACK:28,CC:49,track,cc_deposit,phot,gamma,CC HIT line 1616372,exact deposit membership; not a full step path
S3d_O8__gamma__s10_gamma_instant_S3d_O8_shard0014__ID19932,S3d_O8__gamma__s10_gamma_instant_S3d_O8_shard0014__ID19932__EDGE00101,cc_track_ancestry,deposits_at,TRACK:29,CC:50,track,cc_deposit,eIoni,e-,CC HIT line 1616373,exact deposit membership; not a full step path
S3d_O8__gamma__s10_gamma_instant_S3d_O8_shard0014__ID19932,S3d_O8__gamma__s10_gamma_instant_S3d_O8_shard0014__ID19932__EDGE00102,cc_track_ancestry,deposits_at,TRACK:27,CC:51,track,cc_deposit,eBrem,e-,CC HIT line 1616374,exact deposit membership; not a full step path
S3d_O8__gamma__s10_gamma_instant_S3d_O8_shard0014__ID19932,S3d_O8__gamma__s10_gamma_instant_S3d_O8_shard0014__ID19932__EDGE00103,cc_track_ancestry,deposits_at,TRACK:27,CC:52,track,cc_deposit,eIoni,e-,CC HIT line 1616375,exact deposit membership; not a full step path
S3d_O8__gamma__s10_gamma_instant_S3d_O8_shard0014__ID19932,S3d_O8__gamma__s10_gamma_instant_S3d_O8_shard0014__ID19932__EDGE00104,cc_track_ancestry,deposits_at,TRACK:26,CC:53,track,cc_deposit,eIoni,e-,CC HIT line 1616376,exact deposit membership; not a full step path
S3d_O8__gamma__s10_gamma_instant_S3d_O8_shard0014__ID19932,S3d_O8__gamma__s10_gamma_instant_S3d_O8_shard0014__ID19932__EDGE00105,cc_track_ancestry,deposits_at,TRACK:25,CC:54,track,cc_deposit,eIoni,e-,CC HIT line 1616377,exact deposit membership; not a full step path
S3d_O8__gamma__s10_gamma_instant_S3d_O8_shard0014__ID19932,S3d_O8__gamma__s10_gamma_instant_S3d_O8_shard0014__ID19932__EDGE00106,cc_track_ancestry,deposits_at,TRACK:24,CC:55,track,cc_deposit,eIoni,e-,CC HIT line 1616378,exact deposit membership; not a full step path
S3d_O8__gamma__s10_gamma_instant_S3d_O8_shard0014__ID19932,S3d_O8__gamma__s10_gamma_instant_S3d_O8_shard0014__ID19932__EDGE00107,cc_track_ancestry,deposits_at,TRACK:23,CC:56,track,cc_deposit,eIoni,e-,CC HIT line 1616379,exact deposit membership; not a full step path
S3d_O8__gamma__s10_gamma_instant_S3d_O8_shard0014__ID19932,S3d_O8__gamma__s10_gamma_instant_S3d_O8_shard0014__ID19932__EDGE00108,cc_track_ancestry,deposits_at,TRACK:22,CC:57,track,cc_deposit,eIoni,e-,CC HIT line 1616380,exact deposit membership; not a full step path
S3d_O8__gamma__s10_gamma_instant_S3d_O8_shard0014__ID19932,S3d_O8__gamma__s10_gamma_instant_S3d_O8_shard0014__ID19932__EDGE00109,cc_track_ancestry,deposits_at,TRACK:21,CC:58,track,cc_deposit,eIoni,e-,CC HIT line 1616381,exact deposit membership; not a full step path
S3d_O8__gamma__s10_gamma_instant_S3d_O8_shard0014__ID19932,S3d_O8__gamma__s10_gamma_instant_S3d_O8_shard0014__ID19932__EDGE00110,cc_track_ancestry,deposits_at,TRACK:21,CC:59,track,cc_deposit,eIoni,e-,CC HIT line 1616382,exact deposit membership; not a full step path
S3d_O8__gamma__s10_gamma_instant_S3d_O8_shard0014__ID19932,S3d_O8__gamma__s10_gamma_instant_S3d_O8_shard0014__ID19932__EDGE00111,cc_track_ancestry,deposits_at,TRACK:30,CC:60,track,cc_deposit,phot,gamma,CC HIT line 1616383,exact deposit membership; not a full step path
S3d_O8__gamma__s10_gamma_instant_S3d_O8_shard0014__ID19932,S3d_O8__gamma__s10_gamma_instant_S3d_O8_shard0014__ID19932__EDGE00112,cc_track_ancestry,deposits_at,TRACK:31,CC:61,track,cc_deposit,eIoni,e-,CC HIT line 1616384,exact deposit membership; not a full step path
S3d_O8__gamma__s10_gamma_instant_S3d_O8_shard0014__ID19932,S3d_O8__gamma__s10_gamma_instant_S3d_O8_shard0014__ID19932__EDGE00113,htsim_attribution,contributes_to_detector_hit,IA:15,HT:1,ia_node,htsim_hit,,,HTsim line 1616406,exact IA IDs printed by SIM HTsim record
S3d_O8__gamma__s10_gamma_instant_S3d_O8_shard0014__ID19932,S3d_O8__gamma__s10_gamma_instant_S3d_O8_shard0014__ID19932__EDGE00114,htsim_attribution,contributes_to_detector_hit,IA:16,HT:1,ia_node,htsim_hit,,,HTsim line 1616406,exact IA IDs printed by SIM HTsim record
S3d_O8__gamma__s10_gamma_instant_S3d_O8_shard0014__ID19932,S3d_O8__gamma__s10_gamma_instant_S3d_O8_shard0014__ID19932__EDGE00115,htsim_attribution,contributes_to_detector_hit,IA:17,HT:1,ia_node,htsim_hit,,,HTsim line 1616406,exact IA IDs printed by SIM HTsim record
S3d_O8__gamma__s10_gamma_instant_S3d_O8_shard0014__ID19932,S3d_O8__gamma__s10_gamma_instant_S3d_O8_shard0014__ID19932__EDGE00116,htsim_attribution,contributes_to_detector_hit,IA:18,HT:1,ia_node,htsim_hit,,,HTsim line 1616406,exact IA IDs printed by SIM HTsim record
S3d_O8__gamma__s10_gamma_instant_S3d_O8_shard0014__ID19932,S3d_O8__gamma__s10_gamma_instant_S3d_O8_shard0014__ID19932__EDGE00117,htsim_attribution,contributes_to_detector_hit,IA:19,HT:1,ia_node,htsim_hit,,,HTsim line 1616406,exact IA IDs printed by SIM HTsim record
S3d_O8__gamma__s10_gamma_instant_S3d_O8_shard0014__ID19932,S3d_O8__gamma__s10_gamma_instant_S3d_O8_shard0014__ID19932__EDGE00118,htsim_attribution,contributes_to_detector_hit,IA:21,HT:1,ia_node,htsim_hit,,,HTsim line 1616406,exact IA IDs printed by SIM HTsim record
S3d_O8__gamma__s10_gamma_instant_S3d_O8_shard0014__ID19932,S3d_O8__gamma__s10_gamma_instant_S3d_O8_shard0014__ID19932__EDGE00119,htsim_attribution,contributes_to_detector_hit,IA:11,HT:2,ia_node,htsim_hit,,,HTsim line 1616407,exact IA IDs printed by SIM HTsim record
S3d_O8__gamma__s10_gamma_instant_S3d_O8_shard0014__ID19932,S3d_O8__gamma__s10_gamma_instant_S3d_O8_shard0014__ID19932__EDGE00120,htsim_attribution,contributes_to_detector_hit,IA:12,HT:2,ia_node,htsim_hit,,,HTsim line 1616407,exact IA IDs printed by SIM HTsim record
S3d_O8__gamma__s10_gamma_instant_S3d_O8_shard0014__ID19932,S3d_O8__gamma__s10_gamma_instant_S3d_O8_shard0014__ID19932__EDGE00121,htsim_attribution,contributes_to_detector_hit,IA:13,HT:2,ia_node,htsim_hit,,,HTsim line 1616407,exact IA IDs printed by SIM HTsim record
S3d_O8__gamma__s10_gamma_instant_S3d_O8_shard0014__ID19932,S3d_O8__gamma__s10_gamma_instant_S3d_O8_shard0014__ID19932__EDGE00122,htsim_attribution,contributes_to_detector_hit,IA:14,HT:2,ia_node,htsim_hit,,,HTsim line 1616407,exact IA IDs printed by SIM HTsim record
S3d_O8__gamma__s10_gamma_instant_S3d_O8_shard0014__ID19932,S3d_O8__gamma__s10_gamma_instant_S3d_O8_shard0014__ID19932__EDGE00123,htsim_attribution,contributes_to_detector_hit,IA:2,HT:3,ia_node,htsim_hit,,,HTsim line 1616408,exact IA IDs printed by SIM HTsim record
S3d_O8__gamma__s10_gamma_instant_S3d_O8_shard0014__ID19932,S3d_O8__gamma__s10_gamma_instant_S3d_O8_shard0014__ID19932__EDGE00124,htsim_attribution,contributes_to_detector_hit,IA:3,HT:3,ia_node,htsim_hit,,,HTsim line 1616408,exact IA IDs printed by SIM HTsim record
S3d_O8__gamma__s10_gamma_instant_S3d_O8_shard0014__ID19932,S3d_O8__gamma__s10_gamma_instant_S3d_O8_shard0014__ID19932__EDGE00125,htsim_attribution,contributes_to_detector_hit,IA:5,HT:3,ia_node,htsim_hit,,,HTsim line 1616408,exact IA IDs printed by SIM HTsim record
S3d_O8__gamma__s10_gamma_instant_S3d_O8_shard0014__ID19932,S3d_O8__gamma__s10_gamma_instant_S3d_O8_shard0014__ID19932__EDGE00126,htsim_attribution,contributes_to_detector_hit,IA:6,HT:3,ia_node,htsim_hit,,,HTsim line 1616408,exact IA IDs printed by SIM HTsim record
S3d_O8__gamma__s10_gamma_instant_S3d_O8_shard0014__ID19932,S3d_O8__gamma__s10_gamma_instant_S3d_O8_shard0014__ID19932__EDGE00127,htsim_attribution,contributes_to_detector_hit,IA:7,HT:3,ia_node,htsim_hit,,,HTsim line 1616408,exact IA IDs printed by SIM HTsim record
S3d_O8__gamma__s10_gamma_instant_S3d_O8_shard0014__ID19932,S3d_O8__gamma__s10_gamma_instant_S3d_O8_shard0014__ID19932__EDGE00128,htsim_attribution,contributes_to_detector_hit,IA:8,HT:3,ia_node,htsim_hit,,,HTsim line 1616408,exact IA IDs printed by SIM HTsim record
S3d_O8__gamma__r6_s10_gamma_instant_S3d_O8_bundle0015__ID8081,S3d_O8__gamma__r6_s10_gamma_instant_S3d_O8_bundle0015__ID8081__EDGE00001,ia_ancestry,initializes,EVENT_ROOT,IA:1,event_root,ia_node,INIT,1,IA line 928052,exact SIM IA origin relation
S3d_O8__gamma__r6_s10_gamma_instant_S3d_O8_bundle0015__ID8081,S3d_O8__gamma__r6_s10_gamma_instant_S3d_O8_bundle0015__ID8081__EDGE00002,ia_ancestry,origin_interaction,IA:1,IA:2,ia_node,ia_node,PAIR,2,IA line 928053,exact SIM IA origin relation
S3d_O8__gamma__r6_s10_gamma_instant_S3d_O8_bundle0015__ID8081,S3d_O8__gamma__r6_s10_gamma_instant_S3d_O8_bundle0015__ID8081__EDGE00003,ia_ancestry,origin_interaction,IA:1,IA:3,ia_node,ia_node,PAIR,3,IA line 928054,exact SIM IA origin relation
S3d_O8__gamma__r6_s10_gamma_instant_S3d_O8_bundle0015__ID8081,S3d_O8__gamma__r6_s10_gamma_instant_S3d_O8_bundle0015__ID8081__EDGE00004,ia_ancestry,origin_interaction,IA:2,IA:4,ia_node,ia_node,BREM,1,IA line 928055,exact SIM IA origin relation
S3d_O8__gamma__r6_s10_gamma_instant_S3d_O8_bundle0015__ID8081,S3d_O8__gamma__r6_s10_gamma_instant_S3d_O8_bundle0015__ID8081__EDGE00005,ia_ancestry,origin_interaction,IA:2,IA:5,ia_node,ia_node,BREM,1,IA line 928056,exact SIM IA origin relation
S3d_O8__gamma__r6_s10_gamma_instant_S3d_O8_bundle0015__ID8081,S3d_O8__gamma__r6_s10_gamma_instant_S3d_O8_bundle0015__ID8081__EDGE00006,ia_ancestry,origin_interaction,IA:2,IA:6,ia_node,ia_node,BREM,1,IA line 928057,exact SIM IA origin relation
S3d_O8__gamma__r6_s10_gamma_instant_S3d_O8_bundle0015__ID8081,S3d_O8__gamma__r6_s10_gamma_instant_S3d_O8_bundle0015__ID8081__EDGE00007,ia_ancestry,origin_interaction,IA:2,IA:7,ia_node,ia_node,BREM,1,IA line 928058,exact SIM IA origin relation
S3d_O8__gamma__r6_s10_gamma_instant_S3d_O8_bundle0015__ID8081,S3d_O8__gamma__r6_s10_gamma_instant_S3d_O8_bundle0015__ID8081__EDGE00008,ia_ancestry,origin_interaction,IA:2,IA:8,ia_node,ia_node,ANNI,1,IA line 928059,exact SIM IA origin relation
S3d_O8__gamma__r6_s10_gamma_instant_S3d_O8_bundle0015__ID8081,S3d_O8__gamma__r6_s10_gamma_instant_S3d_O8_bundle0015__ID8081__EDGE00009,ia_ancestry,origin_interaction,IA:2,IA:9,ia_node,ia_node,ANNI,1,IA line 928060,exact SIM IA origin relation
S3d_O8__gamma__r6_s10_gamma_instant_S3d_O8_bundle0015__ID8081,S3d_O8__gamma__r6_s10_gamma_instant_S3d_O8_bundle0015__ID8081__EDGE00010,ia_ancestry,origin_interaction,IA:8,IA:10,ia_node,ia_node,COMP,3,IA line 928061,exact SIM IA origin relation
S3d_O8__gamma__r6_s10_gamma_instant_S3d_O8_bundle0015__ID8081,S3d_O8__gamma__r6_s10_gamma_instant_S3d_O8_bundle0015__ID8081__EDGE00011,ia_ancestry,origin_interaction,IA:8,IA:11,ia_node,ia_node,COMP,1,IA line 928062,exact SIM IA origin relation
S3d_O8__gamma__r6_s10_gamma_instant_S3d_O8_bundle0015__ID8081,S3d_O8__gamma__r6_s10_gamma_instant_S3d_O8_bundle0015__ID8081__EDGE00012,ia_ancestry,origin_interaction,IA:8,IA:12,ia_node,ia_node,COMP,3,IA line 928063,exact SIM IA origin relation
S3d_O8__gamma__r6_s10_gamma_instant_S3d_O8_bundle0015__ID8081,S3d_O8__gamma__r6_s10_gamma_instant_S3d_O8_bundle0015__ID8081__EDGE00013,ia_ancestry,origin_interaction,IA:8,IA:13,ia_node,ia_node,COMP,3,IA line 928064,exact SIM IA origin relation
S3d_O8__gamma__r6_s10_gamma_instant_S3d_O8_bundle0015__ID8081,S3d_O8__gamma__r6_s10_gamma_instant_S3d_O8_bundle0015__ID8081__EDGE00014,ia_ancestry,origin_interaction,IA:8,IA:14,ia_node,ia_node,COMP,3,IA line 928065,exact SIM IA origin relation
S3d_O8__gamma__r6_s10_gamma_instant_S3d_O8_bundle0015__ID8081,S3d_O8__gamma__r6_s10_gamma_instant_S3d_O8_bundle0015__ID8081__EDGE00015,ia_ancestry,origin_interaction,IA:8,IA:15,ia_node,ia_node,COMP,3,IA line 928066,exact SIM IA origin relation
S3d_O8__gamma__r6_s10_gamma_instant_S3d_O8_bundle0015__ID8081,S3d_O8__gamma__r6_s10_gamma_instant_S3d_O8_bundle0015__ID8081__EDGE00016,ia_ancestry,origin_interaction,IA:8,IA:16,ia_node,ia_node,COMP,3,IA line 928067,exact SIM IA origin relation
S3d_O8__gamma__r6_s10_gamma_instant_S3d_O8_bundle0015__ID8081,S3d_O8__gamma__r6_s10_gamma_instant_S3d_O8_bundle0015__ID8081__EDGE00017,ia_ancestry,origin_interaction,IA:8,IA:17,ia_node,ia_node,COMP,3,IA line 928068,exact SIM IA origin relation
S3d_O8__gamma__r6_s10_gamma_instant_S3d_O8_bundle0015__ID8081,S3d_O8__gamma__r6_s10_gamma_instant_S3d_O8_bundle0015__ID8081__EDGE00018,ia_ancestry,origin_interaction,IA:8,IA:18,ia_node,ia_node,COMP,3,IA line 928069,exact SIM IA origin relation
S3d_O8__gamma__r6_s10_gamma_instant_S3d_O8_bundle0015__ID8081,S3d_O8__gamma__r6_s10_gamma_instant_S3d_O8_bundle0015__ID8081__EDGE00019,ia_ancestry,origin_interaction,IA:8,IA:19,ia_node,ia_node,PHOT,3,IA line 928070,exact SIM IA origin relation
S3d_O8__gamma__r6_s10_gamma_instant_S3d_O8_bundle0015__ID8081,S3d_O8__gamma__r6_s10_gamma_instant_S3d_O8_bundle0015__ID8081__EDGE00020,ia_ancestry,origin_interaction,IA:8,IA:20,ia_node,ia_node,PHOT,1,IA line 928071,exact SIM IA origin relation
S3d_O8__gamma__r6_s10_gamma_instant_S3d_O8_bundle0015__ID8081,S3d_O8__gamma__r6_s10_gamma_instant_S3d_O8_bundle0015__ID8081__EDGE00021,ia_ancestry,origin_interaction,IA:20,IA:21,ia_node,ia_node,PHOT,3,IA line 928072,exact SIM IA origin relation
S3d_O8__gamma__r6_s10_gamma_instant_S3d_O8_bundle0015__ID8081,S3d_O8__gamma__r6_s10_gamma_instant_S3d_O8_bundle0015__ID8081__EDGE00022,ia_ancestry,origin_interaction,IA:11,IA:22,ia_node,ia_node,PHOT,3,IA line 928073,exact SIM IA origin relation
S3d_O8__gamma__r6_s10_gamma_instant_S3d_O8_bundle0015__ID8081,S3d_O8__gamma__r6_s10_gamma_instant_S3d_O8_bundle0015__ID8081__EDGE00023,ia_ancestry,origin_interaction,IA:9,IA:23,ia_node,ia_node,COMP,3,IA line 928074,exact SIM IA origin relation
S3d_O8__gamma__r6_s10_gamma_instant_S3d_O8_bundle0015__ID8081,S3d_O8__gamma__r6_s10_gamma_instant_S3d_O8_bundle0015__ID8081__EDGE00024,ia_ancestry,origin_interaction,IA:9,IA:24,ia_node,ia_node,COMP,3,IA line 928075,exact SIM IA origin relation
S3d_O8__gamma__r6_s10_gamma_instant_S3d_O8_bundle0015__ID8081,S3d_O8__gamma__r6_s10_gamma_instant_S3d_O8_bundle0015__ID8081__EDGE00025,ia_ancestry,origin_interaction,IA:9,IA:25,ia_node,ia_node,PHOT,3,IA line 928076,exact SIM IA origin relation
S3d_O8__gamma__r6_s10_gamma_instant_S3d_O8_bundle0015__ID8081,S3d_O8__gamma__r6_s10_gamma_instant_S3d_O8_bundle0015__ID8081__EDGE00026,ia_ancestry,origin_interaction,IA:9,IA:26,ia_node,ia_node,PHOT,1,IA line 928077,exact SIM IA origin relation
S3d_O8__gamma__r6_s10_gamma_instant_S3d_O8_bundle0015__ID8081,S3d_O8__gamma__r6_s10_gamma_instant_S3d_O8_bundle0015__ID8081__EDGE00027,ia_ancestry,origin_interaction,IA:26,IA:27,ia_node,ia_node,PHOT,3,IA line 928078,exact SIM IA origin relation
S3d_O8__gamma__r6_s10_gamma_instant_S3d_O8_bundle0015__ID8081,S3d_O8__gamma__r6_s10_gamma_instant_S3d_O8_bundle0015__ID8081__EDGE00028,ia_ancestry,origin_interaction,IA:7,IA:28,ia_node,ia_node,PHOT,3,IA line 928079,exact SIM IA origin relation
S3d_O8__gamma__r6_s10_gamma_instant_S3d_O8_bundle0015__ID8081,S3d_O8__gamma__r6_s10_gamma_instant_S3d_O8_bundle0015__ID8081__EDGE00029,ia_ancestry,origin_interaction,IA:7,IA:29,ia_node,ia_node,PHOT,1,IA line 928080,exact SIM IA origin relation
S3d_O8__gamma__r6_s10_gamma_instant_S3d_O8_bundle0015__ID8081,S3d_O8__gamma__r6_s10_gamma_instant_S3d_O8_bundle0015__ID8081__EDGE00030,ia_ancestry,origin_interaction,IA:29,IA:30,ia_node,ia_node,RAYL,0,IA line 928081,exact SIM IA origin relation
S3d_O8__gamma__r6_s10_gamma_instant_S3d_O8_bundle0015__ID8081,S3d_O8__gamma__r6_s10_gamma_instant_S3d_O8_bundle0015__ID8081__EDGE00031,ia_ancestry,origin_interaction,IA:29,IA:31,ia_node,ia_node,PHOT,3,IA line 928082,exact SIM IA origin relation
S3d_O8__gamma__r6_s10_gamma_instant_S3d_O8_bundle0015__ID8081,S3d_O8__gamma__r6_s10_gamma_instant_S3d_O8_bundle0015__ID8081__EDGE00032,ia_ancestry,origin_interaction,IA:2,IA:32,ia_node,ia_node,PHOT,3,IA line 928083,exact SIM IA origin relation
S3d_O8__gamma__r6_s10_gamma_instant_S3d_O8_bundle0015__ID8081,S3d_O8__gamma__r6_s10_gamma_instant_S3d_O8_bundle0015__ID8081__EDGE00033,ia_ancestry,origin_interaction,IA:6,IA:33,ia_node,ia_node,PHOT,3,IA line 928084,exact SIM IA origin relation
S3d_O8__gamma__r6_s10_gamma_instant_S3d_O8_bundle0015__ID8081,S3d_O8__gamma__r6_s10_gamma_instant_S3d_O8_bundle0015__ID8081__EDGE00034,ia_ancestry,origin_interaction,IA:2,IA:34,ia_node,ia_node,RAYL,0,IA line 928085,exact SIM IA origin relation
S3d_O8__gamma__r6_s10_gamma_instant_S3d_O8_bundle0015__ID8081,S3d_O8__gamma__r6_s10_gamma_instant_S3d_O8_bundle0015__ID8081__EDGE00035,ia_ancestry,origin_interaction,IA:2,IA:35,ia_node,ia_node,PHOT,3,IA line 928086,exact SIM IA origin relation
S3d_O8__gamma__r6_s10_gamma_instant_S3d_O8_bundle0015__ID8081,S3d_O8__gamma__r6_s10_gamma_instant_S3d_O8_bundle0015__ID8081__EDGE00036,ia_ancestry,origin_interaction,IA:5,IA:36,ia_node,ia_node,PHOT,3,IA line 928087,exact SIM IA origin relation
S3d_O8__gamma__r6_s10_gamma_instant_S3d_O8_bundle0015__ID8081,S3d_O8__gamma__r6_s10_gamma_instant_S3d_O8_bundle0015__ID8081__EDGE00037,ia_ancestry,origin_interaction,IA:2,IA:37,ia_node,ia_node,PHOT,3,IA line 928088,exact SIM IA origin relation
S3d_O8__gamma__r6_s10_gamma_instant_S3d_O8_bundle0015__ID8081,S3d_O8__gamma__r6_s10_gamma_instant_S3d_O8_bundle0015__ID8081__EDGE00038,ia_ancestry,origin_interaction,IA:2,IA:38,ia_node,ia_node,PHOT,3,IA line 928089,exact SIM IA origin relation
S3d_O8__gamma__r6_s10_gamma_instant_S3d_O8_bundle0015__ID8081,S3d_O8__gamma__r6_s10_gamma_instant_S3d_O8_bundle0015__ID8081__EDGE00039,ia_ancestry,origin_interaction,IA:4,IA:39,ia_node,ia_node,PHOT,3,IA line 928090,exact SIM IA origin relation
S3d_O8__gamma__r6_s10_gamma_instant_S3d_O8_bundle0015__ID8081,S3d_O8__gamma__r6_s10_gamma_instant_S3d_O8_bundle0015__ID8081__EDGE00040,ia_ancestry,origin_interaction,IA:4,IA:40,ia_node,ia_node,PHOT,1,IA line 928091,exact SIM IA origin relation
S3d_O8__gamma__r6_s10_gamma_instant_S3d_O8_bundle0015__ID8081,S3d_O8__gamma__r6_s10_gamma_instant_S3d_O8_bundle0015__ID8081__EDGE00041,ia_ancestry,origin_interaction,IA:40,IA:41,ia_node,ia_node,PHOT,3,IA line 928092,exact SIM IA origin relation
S3d_O8__gamma__r6_s10_gamma_instant_S3d_O8_bundle0015__ID8081,S3d_O8__gamma__r6_s10_gamma_instant_S3d_O8_bundle0015__ID8081__EDGE00042,cc_track_ancestry,parent_track,TRACK:1,TRACK:2,track,track,conv,e-,deduplicated CC HIT tid/pid,deposit-bearing track ancestry; tracks without CC deposits may be absent
S3d_O8__gamma__r6_s10_gamma_instant_S3d_O8_bundle0015__ID8081,S3d_O8__gamma__r6_s10_gamma_instant_S3d_O8_bundle0015__ID8081__EDGE00043,cc_track_ancestry,parent_track,TRACK:1,TRACK:3,track,track,conv,e+,deduplicated CC HIT tid/pid,deposit-bearing track ancestry; tracks without CC deposits may be absent
S3d_O8__gamma__r6_s10_gamma_instant_S3d_O8_bundle0015__ID8081,S3d_O8__gamma__r6_s10_gamma_instant_S3d_O8_bundle0015__ID8081__EDGE00044,cc_track_ancestry,parent_track,TRACK:3,TRACK:4,track,track,eIoni,e-,deduplicated CC HIT tid/pid,deposit-bearing track ancestry; tracks without CC deposits may be absent
S3d_O8__gamma__r6_s10_gamma_instant_S3d_O8_bundle0015__ID8081,S3d_O8__gamma__r6_s10_gamma_instant_S3d_O8_bundle0015__ID8081__EDGE00045,cc_track_ancestry,parent_track,TRACK:3,TRACK:5,track,track,eIoni,e-,deduplicated CC HIT tid/pid,deposit-bearing track ancestry; tracks without CC deposits may be absent
S3d_O8__gamma__r6_s10_gamma_instant_S3d_O8_bundle0015__ID8081,S3d_O8__gamma__r6_s10_gamma_instant_S3d_O8_bundle0015__ID8081__EDGE00046,cc_track_ancestry,parent_track,TRACK:3,TRACK:6,track,track,eBrem,gamma,deduplicated CC HIT tid/pid,deposit-bearing track ancestry; tracks without CC deposits may be absent
S3d_O8__gamma__r6_s10_gamma_instant_S3d_O8_bundle0015__ID8081,S3d_O8__gamma__r6_s10_gamma_instant_S3d_O8_bundle0015__ID8081__EDGE00047,cc_track_ancestry,parent_track,TRACK:3,TRACK:7,track,track,eIoni,gamma,deduplicated CC HIT tid/pid,deposit-bearing track ancestry; tracks without CC deposits may be absent
S3d_O8__gamma__r6_s10_gamma_instant_S3d_O8_bundle0015__ID8081,S3d_O8__gamma__r6_s10_gamma_instant_S3d_O8_bundle0015__ID8081__EDGE00048,cc_track_ancestry,parent_track,TRACK:3,TRACK:8,track,track,eIoni,gamma,deduplicated CC HIT tid/pid,deposit-bearing track ancestry; tracks without CC deposits may be absent
S3d_O8__gamma__r6_s10_gamma_instant_S3d_O8_bundle0015__ID8081,S3d_O8__gamma__r6_s10_gamma_instant_S3d_O8_bundle0015__ID8081__EDGE00049,cc_track_ancestry,parent_track,TRACK:3,TRACK:9,track,track,eBrem,gamma,deduplicated CC HIT tid/pid,deposit-bearing track ancestry; tracks without CC deposits may be absent
S3d_O8__gamma__r6_s10_gamma_instant_S3d_O8_bundle0015__ID8081,S3d_O8__gamma__r6_s10_gamma_instant_S3d_O8_bundle0015__ID8081__EDGE00050,cc_track_ancestry,parent_track,TRACK:3,TRACK:10,track,track,eIoni,gamma,deduplicated CC HIT tid/pid,deposit-bearing track ancestry; tracks without CC deposits may be absent
S3d_O8__gamma__r6_s10_gamma_instant_S3d_O8_bundle0015__ID8081,S3d_O8__gamma__r6_s10_gamma_instant_S3d_O8_bundle0015__ID8081__EDGE00051,cc_track_ancestry,parent_track,TRACK:3,TRACK:11,track,track,eBrem,gamma,deduplicated CC HIT tid/pid,deposit-bearing track ancestry; tracks without CC deposits may be absent
S3d_O8__gamma__r6_s10_gamma_instant_S3d_O8_bundle0015__ID8081,S3d_O8__gamma__r6_s10_gamma_instant_S3d_O8_bundle0015__ID8081__EDGE00052,cc_track_ancestry,parent_track,TRACK:3,TRACK:12,track,track,eIoni,gamma,deduplicated CC HIT tid/pid,deposit-bearing track ancestry; tracks without CC deposits may be absent
S3d_O8__gamma__r6_s10_gamma_instant_S3d_O8_bundle0015__ID8081,S3d_O8__gamma__r6_s10_gamma_instant_S3d_O8_bundle0015__ID8081__EDGE00053,cc_track_ancestry,parent_track,TRACK:3,TRACK:13,track,track,eIoni,e-,deduplicated CC HIT tid/pid,deposit-bearing track ancestry; tracks without CC deposits may be absent
S3d_O8__gamma__r6_s10_gamma_instant_S3d_O8_bundle0015__ID8081,S3d_O8__gamma__r6_s10_gamma_instant_S3d_O8_bundle0015__ID8081__EDGE00054,cc_track_ancestry,parent_track,TRACK:3,TRACK:14,track,track,eIoni,e-,deduplicated CC HIT tid/pid,deposit-bearing track ancestry; tracks without CC deposits may be absent
S3d_O8__gamma__r6_s10_gamma_instant_S3d_O8_bundle0015__ID8081,S3d_O8__gamma__r6_s10_gamma_instant_S3d_O8_bundle0015__ID8081__EDGE00055,cc_track_ancestry,parent_track,TRACK:3,TRACK:15,track,track,eIoni,e-,deduplicated CC HIT tid/pid,deposit-bearing track ancestry; tracks without CC deposits may be absent
S3d_O8__gamma__r6_s10_gamma_instant_S3d_O8_bundle0015__ID8081,S3d_O8__gamma__r6_s10_gamma_instant_S3d_O8_bundle0015__ID8081__EDGE00056,cc_track_ancestry,parent_track,TRACK:3,TRACK:16,track,track,eBrem,gamma,deduplicated CC HIT tid/pid,deposit-bearing track ancestry; tracks without CC deposits may be absent
S3d_O8__gamma__r6_s10_gamma_instant_S3d_O8_bundle0015__ID8081,S3d_O8__gamma__r6_s10_gamma_instant_S3d_O8_bundle0015__ID8081__EDGE00057,cc_track_ancestry,parent_track,TRACK:3,TRACK:17,track,track,annihil,gamma,deduplicated CC HIT tid/pid,deposit-bearing track ancestry; tracks without CC deposits may be absent
S3d_O8__gamma__r6_s10_gamma_instant_S3d_O8_bundle0015__ID8081,S3d_O8__gamma__r6_s10_gamma_instant_S3d_O8_bundle0015__ID8081__EDGE00058,cc_track_ancestry,parent_track,TRACK:3,TRACK:18,track,track,annihil,gamma,deduplicated CC HIT tid/pid,deposit-bearing track ancestry; tracks without CC deposits may be absent
S3d_O8__gamma__r6_s10_gamma_instant_S3d_O8_bundle0015__ID8081,S3d_O8__gamma__r6_s10_gamma_instant_S3d_O8_bundle0015__ID8081__EDGE00059,cc_track_ancestry,parent_track,TRACK:18,TRACK:19,track,track,compt,e-,deduplicated CC HIT tid/pid,deposit-bearing track ancestry; tracks without CC deposits may be absent
S3d_O8__gamma__r6_s10_gamma_instant_S3d_O8_bundle0015__ID8081,S3d_O8__gamma__r6_s10_gamma_instant_S3d_O8_bundle0015__ID8081__EDGE00060,cc_track_ancestry,parent_track,TRACK:18,TRACK:20,track,track,compt,gamma,deduplicated CC HIT tid/pid,deposit-bearing track ancestry; tracks without CC deposits may be absent
S3d_O8__gamma__r6_s10_gamma_instant_S3d_O8_bundle0015__ID8081,S3d_O8__gamma__r6_s10_gamma_instant_S3d_O8_bundle0015__ID8081__EDGE00061,cc_track_ancestry,parent_track,TRACK:18,TRACK:21,track,track,compt,e-,deduplicated CC HIT tid/pid,deposit-bearing track ancestry; tracks without CC deposits may be absent
S3d_O8__gamma__r6_s10_gamma_instant_S3d_O8_bundle0015__ID8081,S3d_O8__gamma__r6_s10_gamma_instant_S3d_O8_bundle0015__ID8081__EDGE00062,cc_track_ancestry,parent_track,TRACK:18,TRACK:22,track,track,compt,e-,deduplicated CC HIT tid/pid,deposit-bearing track ancestry; tracks without CC deposits may be absent
S3d_O8__gamma__r6_s10_gamma_instant_S3d_O8_bundle0015__ID8081,S3d_O8__gamma__r6_s10_gamma_instant_S3d_O8_bundle0015__ID8081__EDGE00063,cc_track_ancestry,parent_track,TRACK:18,TRACK:23,track,track,compt,e-,deduplicated CC HIT tid/pid,deposit-bearing track ancestry; tracks without CC deposits may be absent
S3d_O8__gamma__r6_s10_gamma_instant_S3d_O8_bundle0015__ID8081,S3d_O8__gamma__r6_s10_gamma_instant_S3d_O8_bundle0015__ID8081__EDGE00064,cc_track_ancestry,parent_track,TRACK:18,TRACK:24,track,track,compt,e-,deduplicated CC HIT tid/pid,deposit-bearing track ancestry; tracks without CC deposits may be absent
S3d_O8__gamma__r6_s10_gamma_instant_S3d_O8_bundle0015__ID8081,S3d_O8__gamma__r6_s10_gamma_instant_S3d_O8_bundle0015__ID8081__EDGE00065,cc_track_ancestry,parent_track,TRACK:18,TRACK:25,track,track,compt,e-,deduplicated CC HIT tid/pid,deposit-bearing track ancestry; tracks without CC deposits may be absent
S3d_O8__gamma__r6_s10_gamma_instant_S3d_O8_bundle0015__ID8081,S3d_O8__gamma__r6_s10_gamma_instant_S3d_O8_bundle0015__ID8081__EDGE00066,cc_track_ancestry,parent_track,TRACK:18,TRACK:26,track,track,compt,e-,deduplicated CC HIT tid/pid,deposit-bearing track ancestry; tracks without CC deposits may be absent
S3d_O8__gamma__r6_s10_gamma_instant_S3d_O8_bundle0015__ID8081,S3d_O8__gamma__r6_s10_gamma_instant_S3d_O8_bundle0015__ID8081__EDGE00067,cc_track_ancestry,parent_track,TRACK:18,TRACK:27,track,track,compt,e-,deduplicated CC HIT tid/pid,deposit-bearing track ancestry; tracks without CC deposits may be absent
S3d_O8__gamma__r6_s10_gamma_instant_S3d_O8_bundle0015__ID8081,S3d_O8__gamma__r6_s10_gamma_instant_S3d_O8_bundle0015__ID8081__EDGE00068,cc_track_ancestry,parent_track,TRACK:18,TRACK:28,track,track,phot,e-,deduplicated CC HIT tid/pid,deposit-bearing track ancestry; tracks without CC deposits may be absent
S3d_O8__gamma__r6_s10_gamma_instant_S3d_O8_bundle0015__ID8081,S3d_O8__gamma__r6_s10_gamma_instant_S3d_O8_bundle0015__ID8081__EDGE00069,cc_track_ancestry,parent_track,TRACK:18,TRACK:29,track,track,phot,gamma,deduplicated CC HIT tid/pid,deposit-bearing track ancestry; tracks without CC deposits may be absent
S3d_O8__gamma__r6_s10_gamma_instant_S3d_O8_bundle0015__ID8081,S3d_O8__gamma__r6_s10_gamma_instant_S3d_O8_bundle0015__ID8081__EDGE00070,cc_track_ancestry,parent_track,TRACK:29,TRACK:30,track,track,phot,e-,deduplicated CC HIT tid/pid,deposit-bearing track ancestry; tracks without CC deposits may be absent
S3d_O8__gamma__r6_s10_gamma_instant_S3d_O8_bundle0015__ID8081,S3d_O8__gamma__r6_s10_gamma_instant_S3d_O8_bundle0015__ID8081__EDGE00071,cc_track_ancestry,parent_track,TRACK:20,TRACK:31,track,track,phot,e-,deduplicated CC HIT tid/pid,deposit-bearing track ancestry; tracks without CC deposits may be absent
S3d_O8__gamma__r6_s10_gamma_instant_S3d_O8_bundle0015__ID8081,S3d_O8__gamma__r6_s10_gamma_instant_S3d_O8_bundle0015__ID8081__EDGE00072,cc_track_ancestry,parent_track,TRACK:17,TRACK:32,track,track,compt,e-,deduplicated CC HIT tid/pid,deposit-bearing track ancestry; tracks without CC deposits may be absent
S3d_O8__gamma__r6_s10_gamma_instant_S3d_O8_bundle0015__ID8081,S3d_O8__gamma__r6_s10_gamma_instant_S3d_O8_bundle0015__ID8081__EDGE00073,cc_track_ancestry,parent_track,TRACK:17,TRACK:33,track,track,compt,e-,deduplicated CC HIT tid/pid,deposit-bearing track ancestry; tracks without CC deposits may be absent
S3d_O8__gamma__r6_s10_gamma_instant_S3d_O8_bundle0015__ID8081,S3d_O8__gamma__r6_s10_gamma_instant_S3d_O8_bundle0015__ID8081__EDGE00074,cc_track_ancestry,parent_track,TRACK:17,TRACK:34,track,track,phot,e-,deduplicated CC HIT tid/pid,deposit-bearing track ancestry; tracks without CC deposits may be absent
S3d_O8__gamma__r6_s10_gamma_instant_S3d_O8_bundle0015__ID8081,S3d_O8__gamma__r6_s10_gamma_instant_S3d_O8_bundle0015__ID8081__EDGE00075,cc_track_ancestry,parent_track,TRACK:17,TRACK:35,track,track,phot,gamma,deduplicated CC HIT tid/pid,deposit-bearing track ancestry; tracks without CC deposits may be absent
S3d_O8__gamma__r6_s10_gamma_instant_S3d_O8_bundle0015__ID8081,S3d_O8__gamma__r6_s10_gamma_instant_S3d_O8_bundle0015__ID8081__EDGE00076,cc_track_ancestry,parent_track,TRACK:35,TRACK:36,track,track,phot,e-,deduplicated CC HIT tid/pid,deposit-bearing track ancestry; tracks without CC deposits may be absent
S3d_O8__gamma__r6_s10_gamma_instant_S3d_O8_bundle0015__ID8081,S3d_O8__gamma__r6_s10_gamma_instant_S3d_O8_bundle0015__ID8081__EDGE00077,cc_track_ancestry,parent_track,TRACK:16,TRACK:37,track,track,phot,e-,deduplicated CC HIT tid/pid,deposit-bearing track ancestry; tracks without CC deposits may be absent
S3d_O8__gamma__r6_s10_gamma_instant_S3d_O8_bundle0015__ID8081,S3d_O8__gamma__r6_s10_gamma_instant_S3d_O8_bundle0015__ID8081__EDGE00078,cc_track_ancestry,parent_track,TRACK:16,TRACK:38,track,track,phot,gamma,deduplicated CC HIT tid/pid,deposit-bearing track ancestry; tracks without CC deposits may be absent
S3d_O8__gamma__r6_s10_gamma_instant_S3d_O8_bundle0015__ID8081,S3d_O8__gamma__r6_s10_gamma_instant_S3d_O8_bundle0015__ID8081__EDGE00079,cc_track_ancestry,parent_track,TRACK:38,TRACK:39,track,track,phot,e-,deduplicated CC HIT tid/pid,deposit-bearing track ancestry; tracks without CC deposits may be absent
S3d_O8__gamma__r6_s10_gamma_instant_S3d_O8_bundle0015__ID8081,S3d_O8__gamma__r6_s10_gamma_instant_S3d_O8_bundle0015__ID8081__EDGE00080,cc_track_ancestry,parent_track,TRACK:12,TRACK:40,track,track,phot,e-,deduplicated CC HIT tid/pid,deposit-bearing track ancestry; tracks without CC deposits may be absent
S3d_O8__gamma__r6_s10_gamma_instant_S3d_O8_bundle0015__ID8081,S3d_O8__gamma__r6_s10_gamma_instant_S3d_O8_bundle0015__ID8081__EDGE00081,cc_track_ancestry,parent_track,TRACK:11,TRACK:41,track,track,phot,e-,deduplicated CC HIT tid/pid,deposit-bearing track ancestry; tracks without CC deposits may be absent
S3d_O8__gamma__r6_s10_gamma_instant_S3d_O8_bundle0015__ID8081,S3d_O8__gamma__r6_s10_gamma_instant_S3d_O8_bundle0015__ID8081__EDGE00082,cc_track_ancestry,parent_track,TRACK:10,TRACK:42,track,track,phot,e-,deduplicated CC HIT tid/pid,deposit-bearing track ancestry; tracks without CC deposits may be absent
S3d_O8__gamma__r6_s10_gamma_instant_S3d_O8_bundle0015__ID8081,S3d_O8__gamma__r6_s10_gamma_instant_S3d_O8_bundle0015__ID8081__EDGE00083,cc_track_ancestry,parent_track,TRACK:9,TRACK:43,track,track,phot,e-,deduplicated CC HIT tid/pid,deposit-bearing track ancestry; tracks without CC deposits may be absent
S3d_O8__gamma__r6_s10_gamma_instant_S3d_O8_bundle0015__ID8081,S3d_O8__gamma__r6_s10_gamma_instant_S3d_O8_bundle0015__ID8081__EDGE00084,cc_track_ancestry,parent_track,TRACK:8,TRACK:44,track,track,phot,e-,deduplicated CC HIT tid/pid,deposit-bearing track ancestry; tracks without CC deposits may be absent
S3d_O8__gamma__r6_s10_gamma_instant_S3d_O8_bundle0015__ID8081,S3d_O8__gamma__r6_s10_gamma_instant_S3d_O8_bundle0015__ID8081__EDGE00085,cc_track_ancestry,parent_track,TRACK:7,TRACK:45,track,track,phot,e-,deduplicated CC HIT tid/pid,deposit-bearing track ancestry; tracks without CC deposits may be absent
S3d_O8__gamma__r6_s10_gamma_instant_S3d_O8_bundle0015__ID8081,S3d_O8__gamma__r6_s10_gamma_instant_S3d_O8_bundle0015__ID8081__EDGE00086,cc_track_ancestry,parent_track,TRACK:6,TRACK:46,track,track,phot,e-,deduplicated CC HIT tid/pid,deposit-bearing track ancestry; tracks without CC deposits may be absent
S3d_O8__gamma__r6_s10_gamma_instant_S3d_O8_bundle0015__ID8081,S3d_O8__gamma__r6_s10_gamma_instant_S3d_O8_bundle0015__ID8081__EDGE00087,cc_track_ancestry,parent_track,TRACK:6,TRACK:47,track,track,phot,gamma,deduplicated CC HIT tid/pid,deposit-bearing track ancestry; tracks without CC deposits may be absent
S3d_O8__gamma__r6_s10_gamma_instant_S3d_O8_bundle0015__ID8081,S3d_O8__gamma__r6_s10_gamma_instant_S3d_O8_bundle0015__ID8081__EDGE00088,cc_track_ancestry,parent_track,TRACK:47,TRACK:48,track,track,phot,e-,deduplicated CC HIT tid/pid,deposit-bearing track ancestry; tracks without CC deposits may be absent
S3d_O8__gamma__r6_s10_gamma_instant_S3d_O8_bundle0015__ID8081,S3d_O8__gamma__r6_s10_gamma_instant_S3d_O8_bundle0015__ID8081__EDGE00089,cc_track_ancestry,deposits_at,TRACK:2,CC:1,track,cc_deposit,eIoni,e-,CC HIT line 927907,exact deposit membership; not a full step path
S3d_O8__gamma__r6_s10_gamma_instant_S3d_O8_bundle0015__ID8081,S3d_O8__gamma__r6_s10_gamma_instant_S3d_O8_bundle0015__ID8081__EDGE00090,cc_track_ancestry,deposits_at,TRACK:2,CC:2,track,cc_deposit,eIoni,e-,CC HIT line 927908,exact deposit membership; not a full step path
S3d_O8__gamma__r6_s10_gamma_instant_S3d_O8_bundle0015__ID8081,S3d_O8__gamma__r6_s10_gamma_instant_S3d_O8_bundle0015__ID8081__EDGE00091,cc_track_ancestry,deposits_at,TRACK:2,CC:3,track,cc_deposit,eIoni,e-,CC HIT line 927909,exact deposit membership; not a full step path
S3d_O8__gamma__r6_s10_gamma_instant_S3d_O8_bundle0015__ID8081,S3d_O8__gamma__r6_s10_gamma_instant_S3d_O8_bundle0015__ID8081__EDGE00092,cc_track_ancestry,deposits_at,TRACK:2,CC:4,track,cc_deposit,eIoni,e-,CC HIT line 927910,exact deposit membership; not a full step path
S3d_O8__gamma__r6_s10_gamma_instant_S3d_O8_bundle0015__ID8081,S3d_O8__gamma__r6_s10_gamma_instant_S3d_O8_bundle0015__ID8081__EDGE00093,cc_track_ancestry,deposits_at,TRACK:2,CC:5,track,cc_deposit,eIoni,e-,CC HIT line 927911,exact deposit membership; not a full step path
S3d_O8__gamma__r6_s10_gamma_instant_S3d_O8_bundle0015__ID8081,S3d_O8__gamma__r6_s10_gamma_instant_S3d_O8_bundle0015__ID8081__EDGE00094,cc_track_ancestry,deposits_at,TRACK:3,CC:6,track,cc_deposit,msc,e+,CC HIT line 927912,exact deposit membership; not a full step path
S3d_O8__gamma__r6_s10_gamma_instant_S3d_O8_bundle0015__ID8081,S3d_O8__gamma__r6_s10_gamma_instant_S3d_O8_bundle0015__ID8081__EDGE00095,cc_track_ancestry,deposits_at,TRACK:3,CC:7,track,cc_deposit,eIoni,e+,CC HIT line 927913,exact deposit membership; not a full step path
S3d_O8__gamma__r6_s10_gamma_instant_S3d_O8_bundle0015__ID8081,S3d_O8__gamma__r6_s10_gamma_instant_S3d_O8_bundle0015__ID8081__EDGE00096,cc_track_ancestry,deposits_at,TRACK:3,CC:8,track,cc_deposit,msc,e+,CC HIT line 927914,exact deposit membership; not a full step path
S3d_O8__gamma__r6_s10_gamma_instant_S3d_O8_bundle0015__ID8081,S3d_O8__gamma__r6_s10_gamma_instant_S3d_O8_bundle0015__ID8081__EDGE00097,cc_track_ancestry,deposits_at,TRACK:3,CC:9,track,cc_deposit,msc,e+,CC HIT line 927915,exact deposit membership; not a full step path
S3d_O8__gamma__r6_s10_gamma_instant_S3d_O8_bundle0015__ID8081,S3d_O8__gamma__r6_s10_gamma_instant_S3d_O8_bundle0015__ID8081__EDGE00098,cc_track_ancestry,deposits_at,TRACK:3,CC:10,track,cc_deposit,msc,e+,CC HIT line 927916,exact deposit membership; not a full step path
S3d_O8__gamma__r6_s10_gamma_instant_S3d_O8_bundle0015__ID8081,S3d_O8__gamma__r6_s10_gamma_instant_S3d_O8_bundle0015__ID8081__EDGE00099,cc_track_ancestry,deposits_at,TRACK:3,CC:11,track,cc_deposit,eIoni,e+,CC HIT line 927917,exact deposit membership; not a full step path
S3d_O8__gamma__r6_s10_gamma_instant_S3d_O8_bundle0015__ID8081,S3d_O8__gamma__r6_s10_gamma_instant_S3d_O8_bundle0015__ID8081__EDGE00100,cc_track_ancestry,deposits_at,TRACK:3,CC:12,track,cc_deposit,eBrem,e+,CC HIT line 927918,exact deposit membership; not a full step path
S3d_O8__gamma__r6_s10_gamma_instant_S3d_O8_bundle0015__ID8081,S3d_O8__gamma__r6_s10_gamma_instant_S3d_O8_bundle0015__ID8081__EDGE00101,cc_track_ancestry,deposits_at,TRACK:3,CC:13,track,cc_deposit,msc,e+,CC HIT line 927919,exact deposit membership; not a full step path
S3d_O8__gamma__r6_s10_gamma_instant_S3d_O8_bundle0015__ID8081,S3d_O8__gamma__r6_s10_gamma_instant_S3d_O8_bundle0015__ID8081__EDGE00102,cc_track_ancestry,deposits_at,TRACK:3,CC:14,track,cc_deposit,msc,e+,CC HIT line 927920,exact deposit membership; not a full step path
S3d_O8__gamma__r6_s10_gamma_instant_S3d_O8_bundle0015__ID8081,S3d_O8__gamma__r6_s10_gamma_instant_S3d_O8_bundle0015__ID8081__EDGE00103,cc_track_ancestry,deposits_at,TRACK:3,CC:15,track,cc_deposit,msc,e+,CC HIT line 927921,exact deposit membership; not a full step path
S3d_O8__gamma__r6_s10_gamma_instant_S3d_O8_bundle0015__ID8081,S3d_O8__gamma__r6_s10_gamma_instant_S3d_O8_bundle0015__ID8081__EDGE00104,cc_track_ancestry,deposits_at,TRACK:3,CC:16,track,cc_deposit,msc,e+,CC HIT line 927922,exact deposit membership; not a full step path
S3d_O8__gamma__r6_s10_gamma_instant_S3d_O8_bundle0015__ID8081,S3d_O8__gamma__r6_s10_gamma_instant_S3d_O8_bundle0015__ID8081__EDGE00105,cc_track_ancestry,deposits_at,TRACK:3,CC:17,track,cc_deposit,msc,e+,CC HIT line 927923,exact deposit membership; not a full step path
S3d_O8__gamma__r6_s10_gamma_instant_S3d_O8_bundle0015__ID8081,S3d_O8__gamma__r6_s10_gamma_instant_S3d_O8_bundle0015__ID8081__EDGE00106,cc_track_ancestry,deposits_at,TRACK:3,CC:18,track,cc_deposit,msc,e+,CC HIT line 927924,exact deposit membership; not a full step path
S3d_O8__gamma__r6_s10_gamma_instant_S3d_O8_bundle0015__ID8081,S3d_O8__gamma__r6_s10_gamma_instant_S3d_O8_bundle0015__ID8081__EDGE00107,cc_track_ancestry,deposits_at,TRACK:3,CC:19,track,cc_deposit,Transportation,e+,CC HIT line 927925,exact deposit membership; not a full step path
S3d_O8__gamma__r6_s10_gamma_instant_S3d_O8_bundle0015__ID8081,S3d_O8__gamma__r6_s10_gamma_instant_S3d_O8_bundle0015__ID8081__EDGE00108,cc_track_ancestry,deposits_at,TRACK:3,CC:20,track,cc_deposit,msc,e+,CC HIT line 927926,exact deposit membership; not a full step path
S3d_O8__gamma__r6_s10_gamma_instant_S3d_O8_bundle0015__ID8081,S3d_O8__gamma__r6_s10_gamma_instant_S3d_O8_bundle0015__ID8081__EDGE00109,cc_track_ancestry,deposits_at,TRACK:3,CC:21,track,cc_deposit,msc,e+,CC HIT line 927927,exact deposit membership; not a full step path
S3d_O8__gamma__r6_s10_gamma_instant_S3d_O8_bundle0015__ID8081,S3d_O8__gamma__r6_s10_gamma_instant_S3d_O8_bundle0015__ID8081__EDGE00110,cc_track_ancestry,deposits_at,TRACK:3,CC:22,track,cc_deposit,msc,e+,CC HIT line 927928,exact deposit membership; not a full step path
S3d_O8__gamma__r6_s10_gamma_instant_S3d_O8_bundle0015__ID8081,S3d_O8__gamma__r6_s10_gamma_instant_S3d_O8_bundle0015__ID8081__EDGE00111,cc_track_ancestry,deposits_at,TRACK:3,CC:23,track,cc_deposit,eBrem,e+,CC HIT line 927929,exact deposit membership; not a full step path
S3d_O8__gamma__r6_s10_gamma_instant_S3d_O8_bundle0015__ID8081,S3d_O8__gamma__r6_s10_gamma_instant_S3d_O8_bundle0015__ID8081__EDGE00112,cc_track_ancestry,deposits_at,TRACK:3,CC:24,track,cc_deposit,msc,e+,CC HIT line 927930,exact deposit membership; not a full step path
S3d_O8__gamma__r6_s10_gamma_instant_S3d_O8_bundle0015__ID8081,S3d_O8__gamma__r6_s10_gamma_instant_S3d_O8_bundle0015__ID8081__EDGE00113,cc_track_ancestry,deposits_at,TRACK:3,CC:25,track,cc_deposit,msc,e+,CC HIT line 927931,exact deposit membership; not a full step path
S3d_O8__gamma__r6_s10_gamma_instant_S3d_O8_bundle0015__ID8081,S3d_O8__gamma__r6_s10_gamma_instant_S3d_O8_bundle0015__ID8081__EDGE00114,cc_track_ancestry,deposits_at,TRACK:3,CC:26,track,cc_deposit,msc,e+,CC HIT line 927932,exact deposit membership; not a full step path
S3d_O8__gamma__r6_s10_gamma_instant_S3d_O8_bundle0015__ID8081,S3d_O8__gamma__r6_s10_gamma_instant_S3d_O8_bundle0015__ID8081__EDGE00115,cc_track_ancestry,deposits_at,TRACK:3,CC:27,track,cc_deposit,msc,e+,CC HIT line 927933,exact deposit membership; not a full step path
S3d_O8__gamma__r6_s10_gamma_instant_S3d_O8_bundle0015__ID8081,S3d_O8__gamma__r6_s10_gamma_instant_S3d_O8_bundle0015__ID8081__EDGE00116,cc_track_ancestry,deposits_at,TRACK:3,CC:28,track,cc_deposit,msc,e+,CC HIT line 927934,exact deposit membership; not a full step path
S3d_O8__gamma__r6_s10_gamma_instant_S3d_O8_bundle0015__ID8081,S3d_O8__gamma__r6_s10_gamma_instant_S3d_O8_bundle0015__ID8081__EDGE00117,cc_track_ancestry,deposits_at,TRACK:3,CC:29,track,cc_deposit,eBrem,e+,CC HIT line 927935,exact deposit membership; not a full step path
S3d_O8__gamma__r6_s10_gamma_instant_S3d_O8_bundle0015__ID8081,S3d_O8__gamma__r6_s10_gamma_instant_S3d_O8_bundle0015__ID8081__EDGE00118,cc_track_ancestry,deposits_at,TRACK:3,CC:30,track,cc_deposit,eIoni,e+,CC HIT line 927936,exact deposit membership; not a full step path
S3d_O8__gamma__r6_s10_gamma_instant_S3d_O8_bundle0015__ID8081,S3d_O8__gamma__r6_s10_gamma_instant_S3d_O8_bundle0015__ID8081__EDGE00119,cc_track_ancestry,deposits_at,TRACK:3,CC:31,track,cc_deposit,msc,e+,CC HIT line 927937,exact deposit membership; not a full step path
S3d_O8__gamma__r6_s10_gamma_instant_S3d_O8_bundle0015__ID8081,S3d_O8__gamma__r6_s10_gamma_instant_S3d_O8_bundle0015__ID8081__EDGE00120,cc_track_ancestry,deposits_at,TRACK:3,CC:32,track,cc_deposit,msc,e+,CC HIT line 927938,exact deposit membership; not a full step path
S3d_O8__gamma__r6_s10_gamma_instant_S3d_O8_bundle0015__ID8081,S3d_O8__gamma__r6_s10_gamma_instant_S3d_O8_bundle0015__ID8081__EDGE00121,cc_track_ancestry,deposits_at,TRACK:3,CC:33,track,cc_deposit,msc,e+,CC HIT line 927939,exact deposit membership; not a full step path
S3d_O8__gamma__r6_s10_gamma_instant_S3d_O8_bundle0015__ID8081,S3d_O8__gamma__r6_s10_gamma_instant_S3d_O8_bundle0015__ID8081__EDGE00122,cc_track_ancestry,deposits_at,TRACK:3,CC:34,track,cc_deposit,eIoni,e+,CC HIT line 927940,exact deposit membership; not a full step path
S3d_O8__gamma__r6_s10_gamma_instant_S3d_O8_bundle0015__ID8081,S3d_O8__gamma__r6_s10_gamma_instant_S3d_O8_bundle0015__ID8081__EDGE00123,cc_track_ancestry,deposits_at,TRACK:3,CC:35,track,cc_deposit,msc,e+,CC HIT line 927941,exact deposit membership; not a full step path
S3d_O8__gamma__r6_s10_gamma_instant_S3d_O8_bundle0015__ID8081,S3d_O8__gamma__r6_s10_gamma_instant_S3d_O8_bundle0015__ID8081__EDGE00124,cc_track_ancestry,deposits_at,TRACK:3,CC:36,track,cc_deposit,msc,e+,CC HIT line 927942,exact deposit membership; not a full step path
S3d_O8__gamma__r6_s10_gamma_instant_S3d_O8_bundle0015__ID8081,S3d_O8__gamma__r6_s10_gamma_instant_S3d_O8_bundle0015__ID8081__EDGE00125,cc_track_ancestry,deposits_at,TRACK:3,CC:37,track,cc_deposit,msc,e+,CC HIT line 927943,exact deposit membership; not a full step path
S3d_O8__gamma__r6_s10_gamma_instant_S3d_O8_bundle0015__ID8081,S3d_O8__gamma__r6_s10_gamma_instant_S3d_O8_bundle0015__ID8081__EDGE00126,cc_track_ancestry,deposits_at,TRACK:3,CC:38,track,cc_deposit,msc,e+,CC HIT line 927944,exact deposit membership; not a full step path
S3d_O8__gamma__r6_s10_gamma_instant_S3d_O8_bundle0015__ID8081,S3d_O8__gamma__r6_s10_gamma_instant_S3d_O8_bundle0015__ID8081__EDGE00127,cc_track_ancestry,deposits_at,TRACK:3,CC:39,track,cc_deposit,msc,e+,CC HIT line 927945,exact deposit membership; not a full step path
S3d_O8__gamma__r6_s10_gamma_instant_S3d_O8_bundle0015__ID8081,S3d_O8__gamma__r6_s10_gamma_instant_S3d_O8_bundle0015__ID8081__EDGE00128,cc_track_ancestry,deposits_at,TRACK:3,CC:40,track,cc_deposit,Transportation,e+,CC HIT line 927946,exact deposit membership; not a full step path
S3d_O8__gamma__r6_s10_gamma_instant_S3d_O8_bundle0015__ID8081,S3d_O8__gamma__r6_s10_gamma_instant_S3d_O8_bundle0015__ID8081__EDGE00129,cc_track_ancestry,deposits_at,TRACK:3,CC:41,track,cc_deposit,msc,e+,CC HIT line 927947,exact deposit membership; not a full step path
S3d_O8__gamma__r6_s10_gamma_instant_S3d_O8_bundle0015__ID8081,S3d_O8__gamma__r6_s10_gamma_instant_S3d_O8_bundle0015__ID8081__EDGE00130,cc_track_ancestry,deposits_at,TRACK:3,CC:42,track,cc_deposit,msc,e+,CC HIT line 927948,exact deposit membership; not a full step path
S3d_O8__gamma__r6_s10_gamma_instant_S3d_O8_bundle0015__ID8081,S3d_O8__gamma__r6_s10_gamma_instant_S3d_O8_bundle0015__ID8081__EDGE00131,cc_track_ancestry,deposits_at,TRACK:3,CC:43,track,cc_deposit,msc,e+,CC HIT line 927949,exact deposit membership; not a full step path
S3d_O8__gamma__r6_s10_gamma_instant_S3d_O8_bundle0015__ID8081,S3d_O8__gamma__r6_s10_gamma_instant_S3d_O8_bundle0015__ID8081__EDGE00132,cc_track_ancestry,deposits_at,TRACK:3,CC:44,track,cc_deposit,msc,e+,CC HIT line 927950,exact deposit membership; not a full step path
S3d_O8__gamma__r6_s10_gamma_instant_S3d_O8_bundle0015__ID8081,S3d_O8__gamma__r6_s10_gamma_instant_S3d_O8_bundle0015__ID8081__EDGE00133,cc_track_ancestry,deposits_at,TRACK:3,CC:45,track,cc_deposit,eIoni,e+,CC HIT line 927951,exact deposit membership; not a full step path
S3d_O8__gamma__r6_s10_gamma_instant_S3d_O8_bundle0015__ID8081,S3d_O8__gamma__r6_s10_gamma_instant_S3d_O8_bundle0015__ID8081__EDGE00134,cc_track_ancestry,deposits_at,TRACK:3,CC:46,track,cc_deposit,msc,e+,CC HIT line 927952,exact deposit membership; not a full step path
S3d_O8__gamma__r6_s10_gamma_instant_S3d_O8_bundle0015__ID8081,S3d_O8__gamma__r6_s10_gamma_instant_S3d_O8_bundle0015__ID8081__EDGE00135,cc_track_ancestry,deposits_at,TRACK:3,CC:47,track,cc_deposit,msc,e+,CC HIT line 927953,exact deposit membership; not a full step path
S3d_O8__gamma__r6_s10_gamma_instant_S3d_O8_bundle0015__ID8081,S3d_O8__gamma__r6_s10_gamma_instant_S3d_O8_bundle0015__ID8081__EDGE00136,cc_track_ancestry,deposits_at,TRACK:3,CC:48,track,cc_deposit,msc,e+,CC HIT line 927954,exact deposit membership; not a full step path
S3d_O8__gamma__r6_s10_gamma_instant_S3d_O8_bundle0015__ID8081,S3d_O8__gamma__r6_s10_gamma_instant_S3d_O8_bundle0015__ID8081__EDGE00137,cc_track_ancestry,deposits_at,TRACK:3,CC:49,track,cc_deposit,msc,e+,CC HIT line 927955,exact deposit membership; not a full step path
S3d_O8__gamma__r6_s10_gamma_instant_S3d_O8_bundle0015__ID8081,S3d_O8__gamma__r6_s10_gamma_instant_S3d_O8_bundle0015__ID8081__EDGE00138,cc_track_ancestry,deposits_at,TRACK:3,CC:50,track,cc_deposit,msc,e+,CC HIT line 927956,exact deposit membership; not a full step path
S3d_O8__gamma__r6_s10_gamma_instant_S3d_O8_bundle0015__ID8081,S3d_O8__gamma__r6_s10_gamma_instant_S3d_O8_bundle0015__ID8081__EDGE00139,cc_track_ancestry,deposits_at,TRACK:3,CC:51,track,cc_deposit,msc,e+,CC HIT line 927957,exact deposit membership; not a full step path
S3d_O8__gamma__r6_s10_gamma_instant_S3d_O8_bundle0015__ID8081,S3d_O8__gamma__r6_s10_gamma_instant_S3d_O8_bundle0015__ID8081__EDGE00140,cc_track_ancestry,deposits_at,TRACK:3,CC:52,track,cc_deposit,msc,e+,CC HIT line 927958,exact deposit membership; not a full step path
S3d_O8__gamma__r6_s10_gamma_instant_S3d_O8_bundle0015__ID8081,S3d_O8__gamma__r6_s10_gamma_instant_S3d_O8_bundle0015__ID8081__EDGE00141,cc_track_ancestry,deposits_at,TRACK:3,CC:53,track,cc_deposit,msc,e+,CC HIT line 927959,exact deposit membership; not a full step path
S3d_O8__gamma__r6_s10_gamma_instant_S3d_O8_bundle0015__ID8081,S3d_O8__gamma__r6_s10_gamma_instant_S3d_O8_bundle0015__ID8081__EDGE00142,cc_track_ancestry,deposits_at,TRACK:3,CC:54,track,cc_deposit,msc,e+,CC HIT line 927960,exact deposit membership; not a full step path
S3d_O8__gamma__r6_s10_gamma_instant_S3d_O8_bundle0015__ID8081,S3d_O8__gamma__r6_s10_gamma_instant_S3d_O8_bundle0015__ID8081__EDGE00143,cc_track_ancestry,deposits_at,TRACK:3,CC:55,track,cc_deposit,eBrem,e+,CC HIT line 927961,exact deposit membership; not a full step path
S3d_O8__gamma__r6_s10_gamma_instant_S3d_O8_bundle0015__ID8081,S3d_O8__gamma__r6_s10_gamma_instant_S3d_O8_bundle0015__ID8081__EDGE00144,cc_track_ancestry,deposits_at,TRACK:3,CC:56,track,cc_deposit,msc,e+,CC HIT line 927962,exact deposit membership; not a full step path
S3d_O8__gamma__r6_s10_gamma_instant_S3d_O8_bundle0015__ID8081,S3d_O8__gamma__r6_s10_gamma_instant_S3d_O8_bundle0015__ID8081__EDGE00145,cc_track_ancestry,deposits_at,TRACK:3,CC:57,track,cc_deposit,msc,e+,CC HIT line 927963,exact deposit membership; not a full step path
S3d_O8__gamma__r6_s10_gamma_instant_S3d_O8_bundle0015__ID8081,S3d_O8__gamma__r6_s10_gamma_instant_S3d_O8_bundle0015__ID8081__EDGE00146,cc_track_ancestry,deposits_at,TRACK:3,CC:58,track,cc_deposit,msc,e+,CC HIT line 927964,exact deposit membership; not a full step path
S3d_O8__gamma__r6_s10_gamma_instant_S3d_O8_bundle0015__ID8081,S3d_O8__gamma__r6_s10_gamma_instant_S3d_O8_bundle0015__ID8081__EDGE00147,cc_track_ancestry,deposits_at,TRACK:3,CC:59,track,cc_deposit,eIoni,e+,CC HIT line 927965,exact deposit membership; not a full step path
S3d_O8__gamma__r6_s10_gamma_instant_S3d_O8_bundle0015__ID8081,S3d_O8__gamma__r6_s10_gamma_instant_S3d_O8_bundle0015__ID8081__EDGE00148,cc_track_ancestry,deposits_at,TRACK:15,CC:60,track,cc_deposit,eIoni,e-,CC HIT line 927966,exact deposit membership; not a full step path
S3d_O8__gamma__r6_s10_gamma_instant_S3d_O8_bundle0015__ID8081,S3d_O8__gamma__r6_s10_gamma_instant_S3d_O8_bundle0015__ID8081__EDGE00149,cc_track_ancestry,deposits_at,TRACK:14,CC:61,track,cc_deposit,msc,e-,CC HIT line 927967,exact deposit membership; not a full step path
S3d_O8__gamma__r6_s10_gamma_instant_S3d_O8_bundle0015__ID8081,S3d_O8__gamma__r6_s10_gamma_instant_S3d_O8_bundle0015__ID8081__EDGE00150,cc_track_ancestry,deposits_at,TRACK:14,CC:62,track,cc_deposit,msc,e-,CC HIT line 927968,exact deposit membership; not a full step path
S3d_O8__gamma__r6_s10_gamma_instant_S3d_O8_bundle0015__ID8081,S3d_O8__gamma__r6_s10_gamma_instant_S3d_O8_bundle0015__ID8081__EDGE00151,cc_track_ancestry,deposits_at,TRACK:14,CC:63,track,cc_deposit,msc,e-,CC HIT line 927969,exact deposit membership; not a full step path
S3d_O8__gamma__r6_s10_gamma_instant_S3d_O8_bundle0015__ID8081,S3d_O8__gamma__r6_s10_gamma_instant_S3d_O8_bundle0015__ID8081__EDGE00152,cc_track_ancestry,deposits_at,TRACK:14,CC:64,track,cc_deposit,msc,e-,CC HIT line 927970,exact deposit membership; not a full step path
S3d_O8__gamma__r6_s10_gamma_instant_S3d_O8_bundle0015__ID8081,S3d_O8__gamma__r6_s10_gamma_instant_S3d_O8_bundle0015__ID8081__EDGE00153,cc_track_ancestry,deposits_at,TRACK:14,CC:65,track,cc_deposit,msc,e-,CC HIT line 927971,exact deposit membership; not a full step path
S3d_O8__gamma__r6_s10_gamma_instant_S3d_O8_bundle0015__ID8081,S3d_O8__gamma__r6_s10_gamma_instant_S3d_O8_bundle0015__ID8081__EDGE00154,cc_track_ancestry,deposits_at,TRACK:14,CC:66,track,cc_deposit,msc,e-,CC HIT line 927972,exact deposit membership; not a full step path
S3d_O8__gamma__r6_s10_gamma_instant_S3d_O8_bundle0015__ID8081,S3d_O8__gamma__r6_s10_gamma_instant_S3d_O8_bundle0015__ID8081__EDGE00155,cc_track_ancestry,deposits_at,TRACK:14,CC:67,track,cc_deposit,msc,e-,CC HIT line 927973,exact deposit membership; not a full step path
S3d_O8__gamma__r6_s10_gamma_instant_S3d_O8_bundle0015__ID8081,S3d_O8__gamma__r6_s10_gamma_instant_S3d_O8_bundle0015__ID8081__EDGE00156,cc_track_ancestry,deposits_at,TRACK:14,CC:68,track,cc_deposit,msc,e-,CC HIT line 927974,exact deposit membership; not a full step path
S3d_O8__gamma__r6_s10_gamma_instant_S3d_O8_bundle0015__ID8081,S3d_O8__gamma__r6_s10_gamma_instant_S3d_O8_bundle0015__ID8081__EDGE00157,cc_track_ancestry,deposits_at,TRACK:14,CC:69,track,cc_deposit,msc,e-,CC HIT line 927975,exact deposit membership; not a full step path
S3d_O8__gamma__r6_s10_gamma_instant_S3d_O8_bundle0015__ID8081,S3d_O8__gamma__r6_s10_gamma_instant_S3d_O8_bundle0015__ID8081__EDGE00158,cc_track_ancestry,deposits_at,TRACK:14,CC:70,track,cc_deposit,msc,e-,CC HIT line 927976,exact deposit membership; not a full step path
S3d_O8__gamma__r6_s10_gamma_instant_S3d_O8_bundle0015__ID8081,S3d_O8__gamma__r6_s10_gamma_instant_S3d_O8_bundle0015__ID8081__EDGE00159,cc_track_ancestry,deposits_at,TRACK:14,CC:71,track,cc_deposit,msc,e-,CC HIT line 927977,exact deposit membership; not a full step path
S3d_O8__gamma__r6_s10_gamma_instant_S3d_O8_bundle0015__ID8081,S3d_O8__gamma__r6_s10_gamma_instant_S3d_O8_bundle0015__ID8081__EDGE00160,cc_track_ancestry,deposits_at,TRACK:14,CC:72,track,cc_deposit,msc,e-,CC HIT line 927978,exact deposit membership; not a full step path
S3d_O8__gamma__r6_s10_gamma_instant_S3d_O8_bundle0015__ID8081,S3d_O8__gamma__r6_s10_gamma_instant_S3d_O8_bundle0015__ID8081__EDGE00161,cc_track_ancestry,deposits_at,TRACK:14,CC:73,track,cc_deposit,msc,e-,CC HIT line 927979,exact deposit membership; not a full step path
S3d_O8__gamma__r6_s10_gamma_instant_S3d_O8_bundle0015__ID8081,S3d_O8__gamma__r6_s10_gamma_instant_S3d_O8_bundle0015__ID8081__EDGE00162,cc_track_ancestry,deposits_at,TRACK:14,CC:74,track,cc_deposit,msc,e-,CC HIT line 927980,exact deposit membership; not a full step path
S3d_O8__gamma__r6_s10_gamma_instant_S3d_O8_bundle0015__ID8081,S3d_O8__gamma__r6_s10_gamma_instant_S3d_O8_bundle0015__ID8081__EDGE00163,cc_track_ancestry,deposits_at,TRACK:14,CC:75,track,cc_deposit,msc,e-,CC HIT line 927981,exact deposit membership; not a full step path
S3d_O8__gamma__r6_s10_gamma_instant_S3d_O8_bundle0015__ID8081,S3d_O8__gamma__r6_s10_gamma_instant_S3d_O8_bundle0015__ID8081__EDGE00164,cc_track_ancestry,deposits_at,TRACK:14,CC:76,track,cc_deposit,msc,e-,CC HIT line 927982,exact deposit membership; not a full step path
S3d_O8__gamma__r6_s10_gamma_instant_S3d_O8_bundle0015__ID8081,S3d_O8__gamma__r6_s10_gamma_instant_S3d_O8_bundle0015__ID8081__EDGE00165,cc_track_ancestry,deposits_at,TRACK:14,CC:77,track,cc_deposit,msc,e-,CC HIT line 927983,exact deposit membership; not a full step path
S3d_O8__gamma__r6_s10_gamma_instant_S3d_O8_bundle0015__ID8081,S3d_O8__gamma__r6_s10_gamma_instant_S3d_O8_bundle0015__ID8081__EDGE00166,cc_track_ancestry,deposits_at,TRACK:14,CC:78,track,cc_deposit,msc,e-,CC HIT line 927984,exact deposit membership; not a full step path
S3d_O8__gamma__r6_s10_gamma_instant_S3d_O8_bundle0015__ID8081,S3d_O8__gamma__r6_s10_gamma_instant_S3d_O8_bundle0015__ID8081__EDGE00167,cc_track_ancestry,deposits_at,TRACK:14,CC:79,track,cc_deposit,msc,e-,CC HIT line 927985,exact deposit membership; not a full step path
S3d_O8__gamma__r6_s10_gamma_instant_S3d_O8_bundle0015__ID8081,S3d_O8__gamma__r6_s10_gamma_instant_S3d_O8_bundle0015__ID8081__EDGE00168,cc_track_ancestry,deposits_at,TRACK:14,CC:80,track,cc_deposit,msc,e-,CC HIT line 927986,exact deposit membership; not a full step path
S3d_O8__gamma__r6_s10_gamma_instant_S3d_O8_bundle0015__ID8081,S3d_O8__gamma__r6_s10_gamma_instant_S3d_O8_bundle0015__ID8081__EDGE00169,cc_track_ancestry,deposits_at,TRACK:14,CC:81,track,cc_deposit,msc,e-,CC HIT line 927987,exact deposit membership; not a full step path
S3d_O8__gamma__r6_s10_gamma_instant_S3d_O8_bundle0015__ID8081,S3d_O8__gamma__r6_s10_gamma_instant_S3d_O8_bundle0015__ID8081__EDGE00170,cc_track_ancestry,deposits_at,TRACK:14,CC:82,track,cc_deposit,msc,e-,CC HIT line 927988,exact deposit membership; not a full step path
S3d_O8__gamma__r6_s10_gamma_instant_S3d_O8_bundle0015__ID8081,S3d_O8__gamma__r6_s10_gamma_instant_S3d_O8_bundle0015__ID8081__EDGE00171,cc_track_ancestry,deposits_at,TRACK:14,CC:83,track,cc_deposit,msc,e-,CC HIT line 927989,exact deposit membership; not a full step path
S3d_O8__gamma__r6_s10_gamma_instant_S3d_O8_bundle0015__ID8081,S3d_O8__gamma__r6_s10_gamma_instant_S3d_O8_bundle0015__ID8081__EDGE00172,cc_track_ancestry,deposits_at,TRACK:14,CC:84,track,cc_deposit,msc,e-,CC HIT line 927990,exact deposit membership; not a full step path
S3d_O8__gamma__r6_s10_gamma_instant_S3d_O8_bundle0015__ID8081,S3d_O8__gamma__r6_s10_gamma_instant_S3d_O8_bundle0015__ID8081__EDGE00173,cc_track_ancestry,deposits_at,TRACK:14,CC:85,track,cc_deposit,eIoni,e-,CC HIT line 927991,exact deposit membership; not a full step path
S3d_O8__gamma__r6_s10_gamma_instant_S3d_O8_bundle0015__ID8081,S3d_O8__gamma__r6_s10_gamma_instant_S3d_O8_bundle0015__ID8081__EDGE00174,cc_track_ancestry,deposits_at,TRACK:13,CC:86,track,cc_deposit,eIoni,e-,CC HIT line 927992,exact deposit membership; not a full step path
S3d_O8__gamma__r6_s10_gamma_instant_S3d_O8_bundle0015__ID8081,S3d_O8__gamma__r6_s10_gamma_instant_S3d_O8_bundle0015__ID8081__EDGE00175,cc_track_ancestry,deposits_at,TRACK:5,CC:87,track,cc_deposit,eIoni,e-,CC HIT line 927993,exact deposit membership; not a full step path
S3d_O8__gamma__r6_s10_gamma_instant_S3d_O8_bundle0015__ID8081,S3d_O8__gamma__r6_s10_gamma_instant_S3d_O8_bundle0015__ID8081__EDGE00176,cc_track_ancestry,deposits_at,TRACK:4,CC:88,track,cc_deposit,eIoni,e-,CC HIT line 927994,exact deposit membership; not a full step path
S3d_O8__gamma__r6_s10_gamma_instant_S3d_O8_bundle0015__ID8081,S3d_O8__gamma__r6_s10_gamma_instant_S3d_O8_bundle0015__ID8081__EDGE00177,cc_track_ancestry,deposits_at,TRACK:18,CC:89,track,cc_deposit,compt,gamma,CC HIT line 927995,exact deposit membership; not a full step path
S3d_O8__gamma__r6_s10_gamma_instant_S3d_O8_bundle0015__ID8081,S3d_O8__gamma__r6_s10_gamma_instant_S3d_O8_bundle0015__ID8081__EDGE00178,cc_track_ancestry,deposits_at,TRACK:18,CC:90,track,cc_deposit,compt,gamma,CC HIT line 927996,exact deposit membership; not a full step path
S3d_O8__gamma__r6_s10_gamma_instant_S3d_O8_bundle0015__ID8081,S3d_O8__gamma__r6_s10_gamma_instant_S3d_O8_bundle0015__ID8081__EDGE00179,cc_track_ancestry,deposits_at,TRACK:18,CC:91,track,cc_deposit,compt,gamma,CC HIT line 927997,exact deposit membership; not a full step path
S3d_O8__gamma__r6_s10_gamma_instant_S3d_O8_bundle0015__ID8081,S3d_O8__gamma__r6_s10_gamma_instant_S3d_O8_bundle0015__ID8081__EDGE00180,cc_track_ancestry,deposits_at,TRACK:18,CC:92,track,cc_deposit,compt,gamma,CC HIT line 927998,exact deposit membership; not a full step path
S3d_O8__gamma__r6_s10_gamma_instant_S3d_O8_bundle0015__ID8081,S3d_O8__gamma__r6_s10_gamma_instant_S3d_O8_bundle0015__ID8081__EDGE00181,cc_track_ancestry,deposits_at,TRACK:18,CC:93,track,cc_deposit,compt,gamma,CC HIT line 927999,exact deposit membership; not a full step path
S3d_O8__gamma__r6_s10_gamma_instant_S3d_O8_bundle0015__ID8081,S3d_O8__gamma__r6_s10_gamma_instant_S3d_O8_bundle0015__ID8081__EDGE00182,cc_track_ancestry,deposits_at,TRACK:18,CC:94,track,cc_deposit,compt,gamma,CC HIT line 928000,exact deposit membership; not a full step path
S3d_O8__gamma__r6_s10_gamma_instant_S3d_O8_bundle0015__ID8081,S3d_O8__gamma__r6_s10_gamma_instant_S3d_O8_bundle0015__ID8081__EDGE00183,cc_track_ancestry,deposits_at,TRACK:18,CC:95,track,cc_deposit,compt,gamma,CC HIT line 928001,exact deposit membership; not a full step path
S3d_O8__gamma__r6_s10_gamma_instant_S3d_O8_bundle0015__ID8081,S3d_O8__gamma__r6_s10_gamma_instant_S3d_O8_bundle0015__ID8081__EDGE00184,cc_track_ancestry,deposits_at,TRACK:18,CC:96,track,cc_deposit,compt,gamma,CC HIT line 928002,exact deposit membership; not a full step path
S3d_O8__gamma__r6_s10_gamma_instant_S3d_O8_bundle0015__ID8081,S3d_O8__gamma__r6_s10_gamma_instant_S3d_O8_bundle0015__ID8081__EDGE00185,cc_track_ancestry,deposits_at,TRACK:18,CC:97,track,cc_deposit,phot,gamma,CC HIT line 928003,exact deposit membership; not a full step path
S3d_O8__gamma__r6_s10_gamma_instant_S3d_O8_bundle0015__ID8081,S3d_O8__gamma__r6_s10_gamma_instant_S3d_O8_bundle0015__ID8081__EDGE00186,cc_track_ancestry,deposits_at,TRACK:28,CC:98,track,cc_deposit,msc,e-,CC HIT line 928004,exact deposit membership; not a full step path
S3d_O8__gamma__r6_s10_gamma_instant_S3d_O8_bundle0015__ID8081,S3d_O8__gamma__r6_s10_gamma_instant_S3d_O8_bundle0015__ID8081__EDGE00187,cc_track_ancestry,deposits_at,TRACK:28,CC:99,track,cc_deposit,msc,e-,CC HIT line 928005,exact deposit membership; not a full step path
S3d_O8__gamma__r6_s10_gamma_instant_S3d_O8_bundle0015__ID8081,S3d_O8__gamma__r6_s10_gamma_instant_S3d_O8_bundle0015__ID8081__EDGE00188,cc_track_ancestry,deposits_at,TRACK:28,CC:100,track,cc_deposit,msc,e-,CC HIT line 928006,exact deposit membership; not a full step path
S3d_O8__gamma__r6_s10_gamma_instant_S3d_O8_bundle0015__ID8081,S3d_O8__gamma__r6_s10_gamma_instant_S3d_O8_bundle0015__ID8081__EDGE00189,cc_track_ancestry,deposits_at,TRACK:28,CC:101,track,cc_deposit,msc,e-,CC HIT line 928007,exact deposit membership; not a full step path
S3d_O8__gamma__r6_s10_gamma_instant_S3d_O8_bundle0015__ID8081,S3d_O8__gamma__r6_s10_gamma_instant_S3d_O8_bundle0015__ID8081__EDGE00190,cc_track_ancestry,deposits_at,TRACK:28,CC:102,track,cc_deposit,msc,e-,CC HIT line 928008,exact deposit membership; not a full step path
S3d_O8__gamma__r6_s10_gamma_instant_S3d_O8_bundle0015__ID8081,S3d_O8__gamma__r6_s10_gamma_instant_S3d_O8_bundle0015__ID8081__EDGE00191,cc_track_ancestry,deposits_at,TRACK:28,CC:103,track,cc_deposit,msc,e-,CC HIT line 928009,exact deposit membership; not a full step path
S3d_O8__gamma__r6_s10_gamma_instant_S3d_O8_bundle0015__ID8081,S3d_O8__gamma__r6_s10_gamma_instant_S3d_O8_bundle0015__ID8081__EDGE00192,cc_track_ancestry,deposits_at,TRACK:28,CC:104,track,cc_deposit,eIoni,e-,CC HIT line 928010,exact deposit membership; not a full step path
S3d_O8__gamma__r6_s10_gamma_instant_S3d_O8_bundle0015__ID8081,S3d_O8__gamma__r6_s10_gamma_instant_S3d_O8_bundle0015__ID8081__EDGE00193,cc_track_ancestry,deposits_at,TRACK:27,CC:105,track,cc_deposit,eIoni,e-,CC HIT line 928011,exact deposit membership; not a full step path
S3d_O8__gamma__r6_s10_gamma_instant_S3d_O8_bundle0015__ID8081,S3d_O8__gamma__r6_s10_gamma_instant_S3d_O8_bundle0015__ID8081__EDGE00194,cc_track_ancestry,deposits_at,TRACK:26,CC:106,track,cc_deposit,eIoni,e-,CC HIT line 928012,exact deposit membership; not a full step path
S3d_O8__gamma__r6_s10_gamma_instant_S3d_O8_bundle0015__ID8081,S3d_O8__gamma__r6_s10_gamma_instant_S3d_O8_bundle0015__ID8081__EDGE00195,cc_track_ancestry,deposits_at,TRACK:25,CC:107,track,cc_deposit,eIoni,e-,CC HIT line 928013,exact deposit membership; not a full step path
S3d_O8__gamma__r6_s10_gamma_instant_S3d_O8_bundle0015__ID8081,S3d_O8__gamma__r6_s10_gamma_instant_S3d_O8_bundle0015__ID8081__EDGE00196,cc_track_ancestry,deposits_at,TRACK:24,CC:108,track,cc_deposit,eIoni,e-,CC HIT line 928014,exact deposit membership; not a full step path
S3d_O8__gamma__r6_s10_gamma_instant_S3d_O8_bundle0015__ID8081,S3d_O8__gamma__r6_s10_gamma_instant_S3d_O8_bundle0015__ID8081__EDGE00197,cc_track_ancestry,deposits_at,TRACK:23,CC:109,track,cc_deposit,eIoni,e-,CC HIT line 928015,exact deposit membership; not a full step path
S3d_O8__gamma__r6_s10_gamma_instant_S3d_O8_bundle0015__ID8081,S3d_O8__gamma__r6_s10_gamma_instant_S3d_O8_bundle0015__ID8081__EDGE00198,cc_track_ancestry,deposits_at,TRACK:22,CC:110,track,cc_deposit,eIoni,e-,CC HIT line 928016,exact deposit membership; not a full step path
S3d_O8__gamma__r6_s10_gamma_instant_S3d_O8_bundle0015__ID8081,S3d_O8__gamma__r6_s10_gamma_instant_S3d_O8_bundle0015__ID8081__EDGE00199,cc_track_ancestry,deposits_at,TRACK:21,CC:111,track,cc_deposit,eIoni,e-,CC HIT line 928017,exact deposit membership; not a full step path
S3d_O8__gamma__r6_s10_gamma_instant_S3d_O8_bundle0015__ID8081,S3d_O8__gamma__r6_s10_gamma_instant_S3d_O8_bundle0015__ID8081__EDGE00200,cc_track_ancestry,deposits_at,TRACK:21,CC:112,track,cc_deposit,eIoni,e-,CC HIT line 928018,exact deposit membership; not a full step path
S3d_O8__gamma__r6_s10_gamma_instant_S3d_O8_bundle0015__ID8081,S3d_O8__gamma__r6_s10_gamma_instant_S3d_O8_bundle0015__ID8081__EDGE00201,cc_track_ancestry,deposits_at,TRACK:19,CC:113,track,cc_deposit,eIoni,e-,CC HIT line 928019,exact deposit membership; not a full step path
S3d_O8__gamma__r6_s10_gamma_instant_S3d_O8_bundle0015__ID8081,S3d_O8__gamma__r6_s10_gamma_instant_S3d_O8_bundle0015__ID8081__EDGE00202,cc_track_ancestry,deposits_at,TRACK:29,CC:114,track,cc_deposit,phot,gamma,CC HIT line 928020,exact deposit membership; not a full step path
S3d_O8__gamma__r6_s10_gamma_instant_S3d_O8_bundle0015__ID8081,S3d_O8__gamma__r6_s10_gamma_instant_S3d_O8_bundle0015__ID8081__EDGE00203,cc_track_ancestry,deposits_at,TRACK:30,CC:115,track,cc_deposit,eIoni,e-,CC HIT line 928021,exact deposit membership; not a full step path
S3d_O8__gamma__r6_s10_gamma_instant_S3d_O8_bundle0015__ID8081,S3d_O8__gamma__r6_s10_gamma_instant_S3d_O8_bundle0015__ID8081__EDGE00204,cc_track_ancestry,deposits_at,TRACK:20,CC:116,track,cc_deposit,phot,gamma,CC HIT line 928022,exact deposit membership; not a full step path
S3d_O8__gamma__r6_s10_gamma_instant_S3d_O8_bundle0015__ID8081,S3d_O8__gamma__r6_s10_gamma_instant_S3d_O8_bundle0015__ID8081__EDGE00205,cc_track_ancestry,deposits_at,TRACK:31,CC:117,track,cc_deposit,eIoni,e-,CC HIT line 928023,exact deposit membership; not a full step path
S3d_O8__gamma__r6_s10_gamma_instant_S3d_O8_bundle0015__ID8081,S3d_O8__gamma__r6_s10_gamma_instant_S3d_O8_bundle0015__ID8081__EDGE00206,cc_track_ancestry,deposits_at,TRACK:17,CC:118,track,cc_deposit,compt,gamma,CC HIT line 928024,exact deposit membership; not a full step path
S3d_O8__gamma__r6_s10_gamma_instant_S3d_O8_bundle0015__ID8081,S3d_O8__gamma__r6_s10_gamma_instant_S3d_O8_bundle0015__ID8081__EDGE00207,cc_track_ancestry,deposits_at,TRACK:17,CC:119,track,cc_deposit,compt,gamma,CC HIT line 928025,exact deposit membership; not a full step path
S3d_O8__gamma__r6_s10_gamma_instant_S3d_O8_bundle0015__ID8081,S3d_O8__gamma__r6_s10_gamma_instant_S3d_O8_bundle0015__ID8081__EDGE00208,cc_track_ancestry,deposits_at,TRACK:17,CC:120,track,cc_deposit,phot,gamma,CC HIT line 928026,exact deposit membership; not a full step path
S3d_O8__gamma__r6_s10_gamma_instant_S3d_O8_bundle0015__ID8081,S3d_O8__gamma__r6_s10_gamma_instant_S3d_O8_bundle0015__ID8081__EDGE00209,cc_track_ancestry,deposits_at,TRACK:35,CC:121,track,cc_deposit,phot,gamma,CC HIT line 928027,exact deposit membership; not a full step path
S3d_O8__gamma__r6_s10_gamma_instant_S3d_O8_bundle0015__ID8081,S3d_O8__gamma__r6_s10_gamma_instant_S3d_O8_bundle0015__ID8081__EDGE00210,cc_track_ancestry,deposits_at,TRACK:16,CC:122,track,cc_deposit,phot,gamma,CC HIT line 928028,exact deposit membership; not a full step path
S3d_O8__gamma__r6_s10_gamma_instant_S3d_O8_bundle0015__ID8081,S3d_O8__gamma__r6_s10_gamma_instant_S3d_O8_bundle0015__ID8081__EDGE00211,cc_track_ancestry,deposits_at,TRACK:38,CC:123,track,cc_deposit,phot,gamma,CC HIT line 928029,exact deposit membership; not a full step path
S3d_O8__gamma__r6_s10_gamma_instant_S3d_O8_bundle0015__ID8081,S3d_O8__gamma__r6_s10_gamma_instant_S3d_O8_bundle0015__ID8081__EDGE00212,cc_track_ancestry,deposits_at,TRACK:12,CC:124,track,cc_deposit,phot,gamma,CC HIT line 928030,exact deposit membership; not a full step path
S3d_O8__gamma__r6_s10_gamma_instant_S3d_O8_bundle0015__ID8081,S3d_O8__gamma__r6_s10_gamma_instant_S3d_O8_bundle0015__ID8081__EDGE00213,cc_track_ancestry,deposits_at,TRACK:11,CC:125,track,cc_deposit,phot,gamma,CC HIT line 928031,exact deposit membership; not a full step path
S3d_O8__gamma__r6_s10_gamma_instant_S3d_O8_bundle0015__ID8081,S3d_O8__gamma__r6_s10_gamma_instant_S3d_O8_bundle0015__ID8081__EDGE00214,cc_track_ancestry,deposits_at,TRACK:10,CC:126,track,cc_deposit,phot,gamma,CC HIT line 928032,exact deposit membership; not a full step path
S3d_O8__gamma__r6_s10_gamma_instant_S3d_O8_bundle0015__ID8081,S3d_O8__gamma__r6_s10_gamma_instant_S3d_O8_bundle0015__ID8081__EDGE00215,cc_track_ancestry,deposits_at,TRACK:9,CC:127,track,cc_deposit,phot,gamma,CC HIT line 928033,exact deposit membership; not a full step path
S3d_O8__gamma__r6_s10_gamma_instant_S3d_O8_bundle0015__ID8081,S3d_O8__gamma__r6_s10_gamma_instant_S3d_O8_bundle0015__ID8081__EDGE00216,cc_track_ancestry,deposits_at,TRACK:8,CC:128,track,cc_deposit,phot,gamma,CC HIT line 928034,exact deposit membership; not a full step path
S3d_O8__gamma__r6_s10_gamma_instant_S3d_O8_bundle0015__ID8081,S3d_O8__gamma__r6_s10_gamma_instant_S3d_O8_bundle0015__ID8081__EDGE00217,cc_track_ancestry,deposits_at,TRACK:7,CC:129,track,cc_deposit,phot,gamma,CC HIT line 928035,exact deposit membership; not a full step path
S3d_O8__gamma__r6_s10_gamma_instant_S3d_O8_bundle0015__ID8081,S3d_O8__gamma__r6_s10_gamma_instant_S3d_O8_bundle0015__ID8081__EDGE00218,cc_track_ancestry,deposits_at,TRACK:6,CC:130,track,cc_deposit,phot,gamma,CC HIT line 928036,exact deposit membership; not a full step path
S3d_O8__gamma__r6_s10_gamma_instant_S3d_O8_bundle0015__ID8081,S3d_O8__gamma__r6_s10_gamma_instant_S3d_O8_bundle0015__ID8081__EDGE00219,cc_track_ancestry,deposits_at,TRACK:47,CC:131,track,cc_deposit,phot,gamma,CC HIT line 928037,exact deposit membership; not a full step path
S3d_O8__gamma__r6_s10_gamma_instant_S3d_O8_bundle0015__ID8081,S3d_O8__gamma__r6_s10_gamma_instant_S3d_O8_bundle0015__ID8081__EDGE00220,cc_track_ancestry,deposits_at,TRACK:48,CC:132,track,cc_deposit,eIoni,e-,CC HIT line 928038,exact deposit membership; not a full step path
S3d_O8__gamma__r6_s10_gamma_instant_S3d_O8_bundle0015__ID8081,S3d_O8__gamma__r6_s10_gamma_instant_S3d_O8_bundle0015__ID8081__EDGE00221,cc_track_ancestry,deposits_at,TRACK:46,CC:133,track,cc_deposit,eIoni,e-,CC HIT line 928039,exact deposit membership; not a full step path
S3d_O8__gamma__r6_s10_gamma_instant_S3d_O8_bundle0015__ID8081,S3d_O8__gamma__r6_s10_gamma_instant_S3d_O8_bundle0015__ID8081__EDGE00222,cc_track_ancestry,deposits_at,TRACK:45,CC:134,track,cc_deposit,eIoni,e-,CC HIT line 928040,exact deposit membership; not a full step path
S3d_O8__gamma__r6_s10_gamma_instant_S3d_O8_bundle0015__ID8081,S3d_O8__gamma__r6_s10_gamma_instant_S3d_O8_bundle0015__ID8081__EDGE00223,cc_track_ancestry,deposits_at,TRACK:44,CC:135,track,cc_deposit,eIoni,e-,CC HIT line 928041,exact deposit membership; not a full step path
S3d_O8__gamma__r6_s10_gamma_instant_S3d_O8_bundle0015__ID8081,S3d_O8__gamma__r6_s10_gamma_instant_S3d_O8_bundle0015__ID8081__EDGE00224,cc_track_ancestry,deposits_at,TRACK:43,CC:136,track,cc_deposit,eIoni,e-,CC HIT line 928042,exact deposit membership; not a full step path
S3d_O8__gamma__r6_s10_gamma_instant_S3d_O8_bundle0015__ID8081,S3d_O8__gamma__r6_s10_gamma_instant_S3d_O8_bundle0015__ID8081__EDGE00225,cc_track_ancestry,deposits_at,TRACK:42,CC:137,track,cc_deposit,eIoni,e-,CC HIT line 928043,exact deposit membership; not a full step path
S3d_O8__gamma__r6_s10_gamma_instant_S3d_O8_bundle0015__ID8081,S3d_O8__gamma__r6_s10_gamma_instant_S3d_O8_bundle0015__ID8081__EDGE00226,cc_track_ancestry,deposits_at,TRACK:41,CC:138,track,cc_deposit,eIoni,e-,CC HIT line 928044,exact deposit membership; not a full step path
S3d_O8__gamma__r6_s10_gamma_instant_S3d_O8_bundle0015__ID8081,S3d_O8__gamma__r6_s10_gamma_instant_S3d_O8_bundle0015__ID8081__EDGE00227,cc_track_ancestry,deposits_at,TRACK:40,CC:139,track,cc_deposit,eIoni,e-,CC HIT line 928045,exact deposit membership; not a full step path
S3d_O8__gamma__r6_s10_gamma_instant_S3d_O8_bundle0015__ID8081,S3d_O8__gamma__r6_s10_gamma_instant_S3d_O8_bundle0015__ID8081__EDGE00228,cc_track_ancestry,deposits_at,TRACK:39,CC:140,track,cc_deposit,eIoni,e-,CC HIT line 928046,exact deposit membership; not a full step path
S3d_O8__gamma__r6_s10_gamma_instant_S3d_O8_bundle0015__ID8081,S3d_O8__gamma__r6_s10_gamma_instant_S3d_O8_bundle0015__ID8081__EDGE00229,cc_track_ancestry,deposits_at,TRACK:37,CC:141,track,cc_deposit,eIoni,e-,CC HIT line 928047,exact deposit membership; not a full step path
S3d_O8__gamma__r6_s10_gamma_instant_S3d_O8_bundle0015__ID8081,S3d_O8__gamma__r6_s10_gamma_instant_S3d_O8_bundle0015__ID8081__EDGE00230,cc_track_ancestry,deposits_at,TRACK:36,CC:142,track,cc_deposit,eIoni,e-,CC HIT line 928048,exact deposit membership; not a full step path
S3d_O8__gamma__r6_s10_gamma_instant_S3d_O8_bundle0015__ID8081,S3d_O8__gamma__r6_s10_gamma_instant_S3d_O8_bundle0015__ID8081__EDGE00231,cc_track_ancestry,deposits_at,TRACK:34,CC:143,track,cc_deposit,eIoni,e-,CC HIT line 928049,exact deposit membership; not a full step path
S3d_O8__gamma__r6_s10_gamma_instant_S3d_O8_bundle0015__ID8081,S3d_O8__gamma__r6_s10_gamma_instant_S3d_O8_bundle0015__ID8081__EDGE00232,cc_track_ancestry,deposits_at,TRACK:33,CC:144,track,cc_deposit,eIoni,e-,CC HIT line 928050,exact deposit membership; not a full step path
S3d_O8__gamma__r6_s10_gamma_instant_S3d_O8_bundle0015__ID8081,S3d_O8__gamma__r6_s10_gamma_instant_S3d_O8_bundle0015__ID8081__EDGE00233,cc_track_ancestry,deposits_at,TRACK:32,CC:145,track,cc_deposit,eIoni,e-,CC HIT line 928051,exact deposit membership; not a full step path
S3d_O8__gamma__r6_s10_gamma_instant_S3d_O8_bundle0015__ID8081,S3d_O8__gamma__r6_s10_gamma_instant_S3d_O8_bundle0015__ID8081__EDGE00234,htsim_attribution,contributes_to_detector_hit,IA:23,HT:1,ia_node,htsim_hit,,,HTsim line 928093,exact IA IDs printed by SIM HTsim record
S3d_O8__gamma__r6_s10_gamma_instant_S3d_O8_bundle0015__ID8081,S3d_O8__gamma__r6_s10_gamma_instant_S3d_O8_bundle0015__ID8081__EDGE00235,htsim_attribution,contributes_to_detector_hit,IA:24,HT:2,ia_node,htsim_hit,,,HTsim line 928094,exact IA IDs printed by SIM HTsim record
S3d_O8__gamma__r6_s10_gamma_instant_S3d_O8_bundle0015__ID8081,S3d_O8__gamma__r6_s10_gamma_instant_S3d_O8_bundle0015__ID8081__EDGE00236,htsim_attribution,contributes_to_detector_hit,IA:25,HT:2,ia_node,htsim_hit,,,HTsim line 928094,exact IA IDs printed by SIM HTsim record
S3d_O8__gamma__r6_s10_gamma_instant_S3d_O8_bundle0015__ID8081,S3d_O8__gamma__r6_s10_gamma_instant_S3d_O8_bundle0015__ID8081__EDGE00237,htsim_attribution,contributes_to_detector_hit,IA:26,HT:2,ia_node,htsim_hit,,,HTsim line 928094,exact IA IDs printed by SIM HTsim record
S3d_O8__gamma__r6_s10_gamma_instant_S3d_O8_bundle0015__ID8081,S3d_O8__gamma__r6_s10_gamma_instant_S3d_O8_bundle0015__ID8081__EDGE00238,htsim_attribution,contributes_to_detector_hit,IA:27,HT:2,ia_node,htsim_hit,,,HTsim line 928094,exact IA IDs printed by SIM HTsim record
S3d_O8__gamma__r6_s10_gamma_instant_S3d_O8_bundle0015__ID8081,S3d_O8__gamma__r6_s10_gamma_instant_S3d_O8_bundle0015__ID8081__EDGE00239,htsim_attribution,contributes_to_detector_hit,IA:2,HT:3,ia_node,htsim_hit,,,HTsim line 928095,exact IA IDs printed by SIM HTsim record
S3d_O8__gamma__r6_s10_gamma_instant_S3d_O8_bundle0015__ID8081,S3d_O8__gamma__r6_s10_gamma_instant_S3d_O8_bundle0015__ID8081__EDGE00240,htsim_attribution,contributes_to_detector_hit,IA:31,HT:3,ia_node,htsim_hit,,,HTsim line 928095,exact IA IDs printed by SIM HTsim record
S3d_O8__gamma__r6_s10_gamma_instant_S3d_O8_bundle0015__ID8081,S3d_O8__gamma__r6_s10_gamma_instant_S3d_O8_bundle0015__ID8081__EDGE00241,htsim_attribution,contributes_to_detector_hit,IA:10,HT:4,ia_node,htsim_hit,,,HTsim line 928096,exact IA IDs printed by SIM HTsim record
S3d_O8__gamma__r6_s10_gamma_instant_S3d_O8_bundle0015__ID8081,S3d_O8__gamma__r6_s10_gamma_instant_S3d_O8_bundle0015__ID8081__EDGE00242,htsim_attribution,contributes_to_detector_hit,IA:11,HT:4,ia_node,htsim_hit,,,HTsim line 928096,exact IA IDs printed by SIM HTsim record
S3d_O8__gamma__r6_s10_gamma_instant_S3d_O8_bundle0015__ID8081,S3d_O8__gamma__r6_s10_gamma_instant_S3d_O8_bundle0015__ID8081__EDGE00243,htsim_attribution,contributes_to_detector_hit,IA:12,HT:4,ia_node,htsim_hit,,,HTsim line 928096,exact IA IDs printed by SIM HTsim record
S3d_O8__gamma__r6_s10_gamma_instant_S3d_O8_bundle0015__ID8081,S3d_O8__gamma__r6_s10_gamma_instant_S3d_O8_bundle0015__ID8081__EDGE00244,htsim_attribution,contributes_to_detector_hit,IA:13,HT:4,ia_node,htsim_hit,,,HTsim line 928096,exact IA IDs printed by SIM HTsim record
S3d_O8__gamma__r6_s10_gamma_instant_S3d_O8_bundle0015__ID8081,S3d_O8__gamma__r6_s10_gamma_instant_S3d_O8_bundle0015__ID8081__EDGE00245,htsim_attribution,contributes_to_detector_hit,IA:14,HT:4,ia_node,htsim_hit,,,HTsim line 928096,exact IA IDs printed by SIM HTsim record
S3d_O8__gamma__r6_s10_gamma_instant_S3d_O8_bundle0015__ID8081,S3d_O8__gamma__r6_s10_gamma_instant_S3d_O8_bundle0015__ID8081__EDGE00246,htsim_attribution,contributes_to_detector_hit,IA:15,HT:4,ia_node,htsim_hit,,,HTsim line 928096,exact IA IDs printed by SIM HTsim record
S3d_O8__gamma__r6_s10_gamma_instant_S3d_O8_bundle0015__ID8081,S3d_O8__gamma__r6_s10_gamma_instant_S3d_O8_bundle0015__ID8081__EDGE00247,htsim_attribution,contributes_to_detector_hit,IA:22,HT:4,ia_node,htsim_hit,,,HTsim line 928096,exact IA IDs printed by SIM HTsim record
S3d_O8__gamma__r6_s10_gamma_instant_S3d_O8_bundle0015__ID8081,S3d_O8__gamma__r6_s10_gamma_instant_S3d_O8_bundle0015__ID8081__EDGE00248,htsim_attribution,contributes_to_detector_hit,IA:2,HT:5,ia_node,htsim_hit,,,HTsim line 928097,exact IA IDs printed by SIM HTsim record
S3d_O8__gamma__r6_s10_gamma_instant_S3d_O8_bundle0015__ID8081,S3d_O8__gamma__r6_s10_gamma_instant_S3d_O8_bundle0015__ID8081__EDGE00249,htsim_attribution,contributes_to_detector_hit,IA:3,HT:5,ia_node,htsim_hit,,,HTsim line 928097,exact IA IDs printed by SIM HTsim record
S3d_O8__gamma__r6_s10_gamma_instant_S3d_O8_bundle0015__ID8081,S3d_O8__gamma__r6_s10_gamma_instant_S3d_O8_bundle0015__ID8081__EDGE00250,htsim_attribution,contributes_to_detector_hit,IA:37,HT:5,ia_node,htsim_hit,,,HTsim line 928097,exact IA IDs printed by SIM HTsim record
S3d_O8__gamma__r6_s10_gamma_instant_S3d_O8_bundle0015__ID8081,S3d_O8__gamma__r6_s10_gamma_instant_S3d_O8_bundle0015__ID8081__EDGE00251,htsim_attribution,contributes_to_detector_hit,IA:38,HT:5,ia_node,htsim_hit,,,HTsim line 928097,exact IA IDs printed by SIM HTsim record
S3d_O8__gamma__r6_s10_gamma_instant_S3d_O8_bundle0015__ID8081,S3d_O8__gamma__r6_s10_gamma_instant_S3d_O8_bundle0015__ID8081__EDGE00252,htsim_attribution,contributes_to_detector_hit,IA:39,HT:5,ia_node,htsim_hit,,,HTsim line 928097,exact IA IDs printed by SIM HTsim record
S3d_O8__gamma__r6_s10_gamma_instant_S3d_O8_bundle0015__ID8081,S3d_O8__gamma__r6_s10_gamma_instant_S3d_O8_bundle0015__ID8081__EDGE00253,htsim_attribution,contributes_to_detector_hit,IA:40,HT:5,ia_node,htsim_hit,,,HTsim line 928097,exact IA IDs printed by SIM HTsim record
S3d_O8__gamma__r6_s10_gamma_instant_S3d_O8_bundle0015__ID8081,S3d_O8__gamma__r6_s10_gamma_instant_S3d_O8_bundle0015__ID8081__EDGE00254,htsim_attribution,contributes_to_detector_hit,IA:41,HT:5,ia_node,htsim_hit,,,HTsim line 928097,exact IA IDs printed by SIM HTsim record
S3d_O8__gamma__r6_s10_gamma_instant_S3d_O8_bundle0015__ID8081,S3d_O8__gamma__r6_s10_gamma_instant_S3d_O8_bundle0015__ID8081__EDGE00255,htsim_attribution,contributes_to_detector_hit,IA:19,HT:6,ia_node,htsim_hit,,,HTsim line 928098,exact IA IDs printed by SIM HTsim record
S3d_O8__gamma__r6_s10_gamma_instant_S3d_O8_bundle0015__ID8081,S3d_O8__gamma__r6_s10_gamma_instant_S3d_O8_bundle0015__ID8081__EDGE00256,htsim_attribution,contributes_to_detector_hit,IA:20,HT:6,ia_node,htsim_hit,,,HTsim line 928098,exact IA IDs printed by SIM HTsim record
S3d_O8__gamma__r6_s10_gamma_instant_S3d_O8_bundle0015__ID8081,S3d_O8__gamma__r6_s10_gamma_instant_S3d_O8_bundle0015__ID8081__EDGE00257,htsim_attribution,contributes_to_detector_hit,IA:21,HT:6,ia_node,htsim_hit,,,HTsim line 928098,exact IA IDs printed by SIM HTsim record
S3d_O8__gamma__r6_s10_gamma_instant_S3d_O8_bundle0015__ID8081,S3d_O8__gamma__r6_s10_gamma_instant_S3d_O8_bundle0015__ID8081__EDGE00258,htsim_attribution,contributes_to_detector_hit,IA:2,HT:7,ia_node,htsim_hit,,,HTsim line 928099,exact IA IDs printed by SIM HTsim record
S3d_O8__gamma__r6_s10_gamma_instant_S3d_O8_bundle0015__ID8081,S3d_O8__gamma__r6_s10_gamma_instant_S3d_O8_bundle0015__ID8081__EDGE00259,htsim_attribution,contributes_to_detector_hit,IA:28,HT:7,ia_node,htsim_hit,,,HTsim line 928099,exact IA IDs printed by SIM HTsim record
S3d_O8__gamma__r6_s10_gamma_instant_S3d_O8_bundle0015__ID8081,S3d_O8__gamma__r6_s10_gamma_instant_S3d_O8_bundle0015__ID8081__EDGE00260,htsim_attribution,contributes_to_detector_hit,IA:29,HT:7,ia_node,htsim_hit,,,HTsim line 928099,exact IA IDs printed by SIM HTsim record
S3d_O8__gamma__r6_s10_gamma_instant_S3d_O8_bundle0015__ID8081,S3d_O8__gamma__r6_s10_gamma_instant_S3d_O8_bundle0015__ID8081__EDGE00261,htsim_attribution,contributes_to_detector_hit,IA:32,HT:7,ia_node,htsim_hit,,,HTsim line 928099,exact IA IDs printed by SIM HTsim record
S3d_O8__gamma__r6_s10_gamma_instant_S3d_O8_bundle0015__ID8081,S3d_O8__gamma__r6_s10_gamma_instant_S3d_O8_bundle0015__ID8081__EDGE00262,htsim_attribution,contributes_to_detector_hit,IA:33,HT:7,ia_node,htsim_hit,,,HTsim line 928099,exact IA IDs printed by SIM HTsim record
S3d_O8__gamma__r6_s10_gamma_instant_S3d_O8_bundle0015__ID8081,S3d_O8__gamma__r6_s10_gamma_instant_S3d_O8_bundle0015__ID8081__EDGE00263,htsim_attribution,contributes_to_detector_hit,IA:35,HT:7,ia_node,htsim_hit,,,HTsim line 928099,exact IA IDs printed by SIM HTsim record
S3d_O8__gamma__r6_s10_gamma_instant_S3d_O8_bundle0015__ID8081,S3d_O8__gamma__r6_s10_gamma_instant_S3d_O8_bundle0015__ID8081__EDGE00264,htsim_attribution,contributes_to_detector_hit,IA:36,HT:7,ia_node,htsim_hit,,,HTsim line 928099,exact IA IDs printed by SIM HTsim record
S3d_O8__gamma__r6_s10_gamma_instant_S3d_O8_bundle0015__ID8081,S3d_O8__gamma__r6_s10_gamma_instant_S3d_O8_bundle0015__ID8081__EDGE00265,htsim_attribution,contributes_to_detector_hit,IA:16,HT:8,ia_node,htsim_hit,,,HTsim line 928100,exact IA IDs printed by SIM HTsim record
S3d_O8__gamma__r6_s10_gamma_instant_S3d_O8_bundle0015__ID8081,S3d_O8__gamma__r6_s10_gamma_instant_S3d_O8_bundle0015__ID8081__EDGE00266,htsim_attribution,contributes_to_detector_hit,IA:17,HT:8,ia_node,htsim_hit,,,HTsim line 928100,exact IA IDs printed by SIM HTsim record
S3d_O8__gamma__r6_s10_gamma_instant_S3d_O8_bundle0015__ID8081,S3d_O8__gamma__r6_s10_gamma_instant_S3d_O8_bundle0015__ID8081__EDGE00267,htsim_attribution,contributes_to_detector_hit,IA:18,HT:8,ia_node,htsim_hit,,,HTsim line 928100,exact IA IDs printed by SIM HTsim record
