event_uid,vertex_id,vertex_kind,source_record,source_record_id,process_or_role,particle,volume,track_id,world_x_cm,world_y_cm,world_z_cm,IF_x_cm,IF_y_cm,IF_z_cm,time_s,energy_keV,coordinate_frame,coordinate_semantics
S3d_O8__gamma__Background_gamma_fullsphere20_batch0003_shard0032__ID3883,IA:1,ia_interaction,IA,1,INIT,1,,,-37.97275,-13.86146,-31.08029,-4.873705205057029,-13.86146,-48.82787284554591,0.0,4148.29,world_and_InstrumentFrame,recorded SIM interaction vertex
S3d_O8__gamma__Background_gamma_fullsphere20_batch0003_shard0032__ID3883,IA:2,ia_interaction,IA,2,PAIR,2,Nb_MagShield_Inner_Cylinder_2mm,,0.59226,-0.25758,-2.10964,1.910531812087933,-0.25758,-1.0729496876368436,1.671693333255e-09,2404.682,world_and_InstrumentFrame,recorded SIM interaction vertex
S3d_O8__gamma__Background_gamma_fullsphere20_batch0003_shard0032__ID3883,IA:3,ia_interaction,IA,3,PAIR,3,Nb_MagShield_Inner_Cylinder_2mm,,0.59226,-0.25758,-2.10964,1.910531812087933,-0.25758,-1.0729496876368436,1.671693333255e-09,721.61,world_and_InstrumentFrame,recorded SIM interaction vertex
S3d_O8__gamma__Background_gamma_fullsphere20_batch0003_shard0032__ID3883,IA:4,ia_interaction,IA,4,BREM,1,Nb_MagShield_Inner_Cylinder_2mm,,0.59688,-0.25434,-2.10543,1.9108217258682194,-0.25434,-1.0667059347589665,1.671951419674e-09,5.018,world_and_InstrumentFrame,recorded SIM interaction vertex
S3d_O8__gamma__Background_gamma_fullsphere20_batch0003_shard0032__ID3883,IA:5,ia_interaction,IA,5,PHOT,3,Nb_MagShield_Inner_Cylinder_2mm,,0.59685,-0.25434,-2.10544,1.9108075837325957,-0.25434,-1.066734219030214,1.671952424786e-09,2.649,world_and_InstrumentFrame,recorded SIM interaction vertex
S3d_O8__gamma__Background_gamma_fullsphere20_batch0003_shard0032__ID3883,IA:6,ia_interaction,IA,6,ANNI,1,MuMetal_MagShield_Outer_Cylinder_2mm,,0.64778,-0.27399,-1.95866,1.843031398755865,-0.27399,-0.9269321373218216,1.680385418468e-09,510.999,world_and_InstrumentFrame,recorded SIM interaction vertex
S3d_O8__gamma__Background_gamma_fullsphere20_batch0003_shard0032__ID3883,IA:7,ia_interaction,IA,7,ANNI,1,MuMetal_MagShield_Outer_Cylinder_2mm,,0.64778,-0.27399,-1.95866,1.843031398755865,-0.27399,-0.9269321373218216,1.680385418468e-09,510.999,world_and_InstrumentFrame,recorded SIM interaction vertex
S3d_O8__gamma__Background_gamma_fullsphere20_batch0003_shard0032__ID3883,IA:8,ia_interaction,IA,8,COMP,3,DR_MXC_Sinter_HEX_AgProxy,,2.14892,-0.82661,-1.52357,2.596842582839784,-0.82661,0.4421892256150074,1.735681955566e-09,255.461,world_and_InstrumentFrame,recorded SIM interaction vertex
S3d_O8__gamma__Background_gamma_fullsphere20_batch0003_shard0032__ID3883,IA:9,ia_interaction,IA,9,COMP,3,ColdPlate_MXC_50mK_SD_anchor,,2.10506,-1.36389,-1.73305,2.7139536079399003,-1.36389,0.2630507936692075,1.754973111914e-09,23.123,world_and_InstrumentFrame,recorded SIM interaction vertex
S3d_O8__gamma__Background_gamma_fullsphere20_batch0003_shard0032__ID3883,IA:10,ia_interaction,IA,10,COMP,3,ColdPlate_MXC_50mK_SD_anchor,,2.20847,-1.51703,-1.78881,2.8265037943013627,-1.51703,0.2967444317927467,1.761411377384e-09,10.351,world_and_InstrumentFrame,recorded SIM interaction vertex
S3d_O8__gamma__Background_gamma_fullsphere20_batch0003_shard0032__ID3883,IA:11,ia_interaction,IA,11,COMP,1,ColdPlate_MXC_50mK_SD_anchor,,2.20847,-1.51703,-1.78881,2.8265037943013627,-1.51703,0.2967444317927467,1.761411377384e-09,7.985,world_and_InstrumentFrame,recorded SIM interaction vertex
S3d_O8__gamma__Background_gamma_fullsphere20_batch0003_shard0032__ID3883,IA:12,ia_interaction,IA,12,COMP,3,ColdPlate_MXC_50mK_SD_anchor,,2.13345,-1.58356,-1.81286,2.790462561664284,-1.58356,0.22669136298059522,1.764851019484e-09,47.429,world_and_InstrumentFrame,recorded SIM interaction vertex
S3d_O8__gamma__Background_gamma_fullsphere20_batch0003_shard0032__ID3883,IA:13,ia_interaction,IA,13,COMP,3,ColdPlate_MXC_50mK_SD_anchor,,1.6095,-1.25356,-1.98615,2.54250849777341,-1.25356,-0.26633176913391327,1.786299287966e-09,12.02,world_and_InstrumentFrame,recorded SIM interaction vertex
S3d_O8__gamma__Background_gamma_fullsphere20_batch0003_shard0032__ID3883,IA:14,ia_interaction,IA,14,COMP,3,MuMetal_MagShield_Outer_Cylinder_2mm,,1.21212,0.09261,-2.28291,2.4713594134504198,0.09261,-0.7571628702267433,1.834153382048e-09,49.495,world_and_InstrumentFrame,recorded SIM interaction vertex
S3d_O8__gamma__Background_gamma_fullsphere20_batch0003_shard0032__ID3883,IA:15,ia_interaction,IA,15,PHOT,3,MuMetal_MagShield_Outer_Cylinder_2mm,,1.19623,0.05598,-2.32786,2.4919079365117,0.05598,-0.8001832467941328,1.836158917181e-09,93.636,world_and_InstrumentFrame,recorded SIM interaction vertex
S3d_O8__gamma__Background_gamma_fullsphere20_batch0003_shard0032__ID3883,IA:16,ia_interaction,IA,16,PHOT,3,DR_MXC_Sinter_HEX_AgProxy,,2.24815,-1.3628,-1.68197,2.779014502876874,-1.3628,0.40034971737219943,1.767808117233e-09,4.635,world_and_InstrumentFrame,recorded SIM interaction vertex
S3d_O8__gamma__Background_gamma_fullsphere20_batch0003_shard0032__ID3883,IA:17,ia_interaction,IA,17,PHOT,3,TP_L2_00361,,-3.93738,1.41395,-3.28761,-0.4594567732115831,1.41395,-5.108839423004994,1.849285198013e-09,443.434,world_and_InstrumentFrame,recorded SIM interaction vertex
S3d_O8__gamma__Background_gamma_fullsphere20_batch0003_shard0032__ID3883,IA:18,ia_interaction,IA,18,PHOT,1,TP_L2_00361,,-3.93738,1.41395,-3.28761,-0.4594567732115831,1.41395,-5.108839423004994,1.849285198013e-09,57.686,world_and_InstrumentFrame,recorded SIM interaction vertex
S3d_O8__gamma__Background_gamma_fullsphere20_batch0003_shard0032__ID3883,IA:19,ia_interaction,IA,19,PHOT,3,TP_L2_00361,,-3.93712,1.41405,-3.28782,-0.45912443302442546,1.41405,-5.108804067665935,1.849296786598e-09,57.288,world_and_InstrumentFrame,recorded SIM interaction vertex
S3d_O8__gamma__Background_gamma_fullsphere20_batch0003_shard0032__ID3883,IA:20,ia_interaction,IA,20,BREM,1,TP_L2_00361,,-3.93826,1.4147,-3.28803,-0.4597820423309289,1.4147,-5.109758661820537,1.849333540733e-09,13.822,world_and_InstrumentFrame,recorded SIM interaction vertex
S3d_O8__gamma__Background_gamma_fullsphere20_batch0003_shard0032__ID3883,IA:21,ia_interaction,IA,21,PHOT,3,ColdPlate_MXC_50mK_SD_anchor,,2.1336,-1.5831,-1.81231,2.79017971895181,-1.5831,0.22718633772742577,1.764881299222e-09,7.068,world_and_InstrumentFrame,recorded SIM interaction vertex
S3d_O8__gamma__Background_gamma_fullsphere20_batch0003_shard0032__ID3883,IA:22,ia_interaction,IA,22,PHOT,3,TP_L2_00361,,-3.9384,1.41469,-3.28823,-0.4597396159240577,1.41469,-5.10999907812614,1.849341708134e-09,3.943,world_and_InstrumentFrame,recorded SIM interaction vertex
S3d_O8__gamma__Background_gamma_fullsphere20_batch0003_shard0032__ID3883,IA:23,ia_interaction,IA,23,PHOT,1,TP_L2_00361,,-3.9384,1.41469,-3.28823,-0.4597396159240577,1.41469,-5.10999907812614,1.849341708134e-09,8.138,world_and_InstrumentFrame,recorded SIM interaction vertex
S3d_O8__gamma__Background_gamma_fullsphere20_batch0003_shard0032__ID3883,IA:24,ia_interaction,IA,24,PHOT,3,TP_L2_00361,,-3.93841,1.41484,-3.28801,-0.45990225048373073,1.41484,-5.109850585702091,1.849350599011e-09,6.396,world_and_InstrumentFrame,recorded SIM interaction vertex
S3d_O8__gamma__Background_gamma_fullsphere20_batch0003_shard0032__ID3883,CC:1,cc_energy_deposit,CC HIT,1,eBrem,e-,Nb_MagShield_Inner_Cylinder_2mm,2,0.5922582,-0.2575826,-2.109643,1.9105326606160704,-0.2575826,-1.0729530817493935,1.671951e-09,125.9344,world_and_InstrumentFrame,recorded deposit sample; not a full Geant4 step
S3d_O8__gamma__Background_gamma_fullsphere20_batch0003_shard0032__ID3883,CC:2,cc_energy_deposit,CC HIT,2,eIoni,e-,Nb_MagShield_Inner_Cylinder_2mm,2,0.5968774,-0.2543407,-2.105433,1.9108220087109318,-0.2543407,-1.066709894556941,1.672179e-09,225.116,world_and_InstrumentFrame,recorded deposit sample; not a full Geant4 step
S3d_O8__gamma__Background_gamma_fullsphere20_batch0003_shard0032__ID3883,CC:3,cc_energy_deposit,CC HIT,3,eIoni,e-,Nb_MagShield_Inner_Cylinder_2mm,2,0.5914126,-0.2541684,-2.102842,1.905125697903049,-0.2541684,-1.068741978024715,1.6723e-09,150.4928,world_and_InstrumentFrame,recorded deposit sample; not a full Geant4 step
S3d_O8__gamma__Background_gamma_fullsphere20_batch0003_shard0032__ID3883,CC:4,cc_energy_deposit,CC HIT,4,eIoni,e-,Nb_MagShield_Inner_Cylinder_2mm,2,0.5924957,-0.2525796,-2.105069,1.907466292059455,-0.2525796,-1.0695508374717142,1.672334e-09,13.00296,world_and_InstrumentFrame,recorded deposit sample; not a full Geant4 step
S3d_O8__gamma__Background_gamma_fullsphere20_batch0003_shard0032__ID3883,CC:5,cc_energy_deposit,CC HIT,5,eIoni,e-,Nb_MagShield_Inner_Cylinder_2mm,2,0.5929806,-0.252334,-2.105485,1.9081033245586254,-0.252334,-1.0695021178144903,1.672353e-09,85.51174,world_and_InstrumentFrame,recorded deposit sample; not a full Geant4 step
S3d_O8__gamma__Background_gamma_fullsphere20_batch0003_shard0032__ID3883,CC:6,cc_energy_deposit,CC HIT,6,eIoni,e-,Nb_MagShield_Inner_Cylinder_2mm,6,0.5929806,-0.252334,-2.105485,1.9081033245586254,-0.252334,-1.0695021178144903,1.67235e-09,72.84866,world_and_InstrumentFrame,recorded deposit sample; not a full Geant4 step
S3d_O8__gamma__Background_gamma_fullsphere20_batch0003_shard0032__ID3883,CC:7,cc_energy_deposit,CC HIT,7,eIoni,e-,Nb_MagShield_Inner_Cylinder_2mm,5,0.5924957,-0.2525796,-2.105069,1.907466292059455,-0.2525796,-1.0695508374717142,1.672308e-09,43.68556,world_and_InstrumentFrame,recorded deposit sample; not a full Geant4 step
S3d_O8__gamma__Background_gamma_fullsphere20_batch0003_shard0032__ID3883,CC:8,cc_energy_deposit,CC HIT,8,phot,gamma,Nb_MagShield_Inner_Cylinder_2mm,4,0.5968774,-0.2543407,-2.105433,1.9108220087109318,-0.2543407,-1.066709894556941,1.671952e-09,2.3691,world_and_InstrumentFrame,recorded deposit sample; not a full Geant4 step
S3d_O8__gamma__Background_gamma_fullsphere20_batch0003_shard0032__ID3883,CC:9,cc_energy_deposit,CC HIT,9,msc,e+,Nb_MagShield_Inner_Cylinder_2mm,3,0.5922582,-0.2575826,-2.109643,1.9105326606160704,-0.2575826,-1.0729530817493935,1.672095e-09,89.99844,world_and_InstrumentFrame,recorded deposit sample; not a full Geant4 step
S3d_O8__gamma__Background_gamma_fullsphere20_batch0003_shard0032__ID3883,CC:10,cc_energy_deposit,CC HIT,10,msc,e+,Nb_MagShield_Inner_Cylinder_2mm,3,0.5971419,-0.2483773,-2.102401,1.9088650906939981,-0.2483773,-1.0643789170527596,1.672421e-09,70.80233,world_and_InstrumentFrame,recorded deposit sample; not a full Geant4 step
S3d_O8__gamma__Background_gamma_fullsphere20_batch0003_shard0032__ID3883,CC:11,cc_energy_deposit,CC HIT,11,msc,e+,Nb_MagShield_Inner_Cylinder_2mm,3,0.6023817,-0.2435391,-2.095173,1.907459220991643,-0.2435391,-1.0555628511262818,1.672746e-09,85.21756,world_and_InstrumentFrame,recorded deposit sample; not a full Geant4 step
S3d_O8__gamma__Background_gamma_fullsphere20_batch0003_shard0032__ID3883,CC:12,cc_energy_deposit,CC HIT,12,msc,e+,Nb_MagShield_Inner_Cylinder_2mm,3,0.6091702,-0.2431215,-2.087716,1.9069865201084197,-0.2431215,-1.045489761474889,1.673069e-09,71.74784,world_and_InstrumentFrame,recorded deposit sample; not a full Geant4 step
S3d_O8__gamma__Background_gamma_fullsphere20_batch0003_shard0032__ID3883,CC:13,cc_energy_deposit,CC HIT,13,msc,e+,Nb_MagShield_Inner_Cylinder_2mm,3,0.6141126,-0.2456376,-2.079493,1.904666785602059,-0.2456376,-1.0361804178578555,1.673392e-09,74.79923,world_and_InstrumentFrame,recorded deposit sample; not a full Geant4 step
S3d_O8__gamma__Background_gamma_fullsphere20_batch0003_shard0032__ID3883,CC:14,cc_energy_deposit,CC HIT,14,msc,e+,Nb_MagShield_Inner_Cylinder_2mm,3,0.6170697,-0.2473574,-2.069981,1.9000317713620594,-0.2473574,-1.0273634326925623,1.673713e-09,95.29611,world_and_InstrumentFrame,recorded deposit sample; not a full Geant4 step
S3d_O8__gamma__Background_gamma_fullsphere20_batch0003_shard0032__ID3883,CC:15,cc_energy_deposit,CC HIT,15,msc,e+,Nb_MagShield_Inner_Cylinder_2mm,3,0.6167738,-0.2518384,-2.061109,1.8935490871028193,-0.2518384,-1.0212992142264286,1.674032e-09,53.50824,world_and_InstrumentFrame,recorded deposit sample; not a full Geant4 step
S3d_O8__gamma__Background_gamma_fullsphere20_batch0003_shard0032__ID3883,CC:16,cc_energy_deposit,CC HIT,16,msc,e+,Nb_MagShield_Inner_Cylinder_2mm,3,0.6124055,-0.2523478,-2.052217,1.8841726390522515,-0.2523478,-1.018100475280375,1.67435e-09,86.1214,world_and_InstrumentFrame,recorded deposit sample; not a full Geant4 step
S3d_O8__gamma__Background_gamma_fullsphere20_batch0003_shard0032__ID3883,CC:17,cc_energy_deposit,CC HIT,17,msc,e+,Nb_MagShield_Inner_Cylinder_2mm,3,0.6056557,-0.2535372,-2.04497,1.8742754068573395,-0.2535372,-1.017748901788769,1.674666e-09,96.36539,world_and_InstrumentFrame,recorded deposit sample; not a full Geant4 step
S3d_O8__gamma__Background_gamma_fullsphere20_batch0003_shard0032__ID3883,CC:18,cc_energy_deposit,CC HIT,18,eIoni,e+,Nb_MagShield_Inner_Cylinder_2mm,3,0.6010529,-0.2502922,-2.036719,1.865186397713324,-0.2502922,-1.0151692348296442,1.674838e-09,36.91765,world_and_InstrumentFrame,recorded deposit sample; not a full Geant4 step
S3d_O8__gamma__Background_gamma_fullsphere20_batch0003_shard0032__ID3883,CC:19,cc_energy_deposit,CC HIT,19,msc,e+,Nb_MagShield_Inner_Cylinder_2mm,3,0.5998044,-0.2518016,-2.031934,1.8609200689490348,-0.2518016,-1.0126685516979779,1.675039e-09,58.50735,world_and_InstrumentFrame,recorded deposit sample; not a full Geant4 step
S3d_O8__gamma__Background_gamma_fullsphere20_batch0003_shard0032__ID3883,CC:20,cc_energy_deposit,CC HIT,20,msc,e+,Nb_MagShield_Inner_Cylinder_2mm,3,0.6008781,-0.2511548,-2.026211,1.8576325173912642,-0.2511548,-1.0078625590382873,1.675054e-09,3.194383,world_and_InstrumentFrame,recorded deposit sample; not a full Geant4 step
S3d_O8__gamma__Background_gamma_fullsphere20_batch0003_shard0032__ID3883,CC:21,cc_energy_deposit,CC HIT,21,msc,e+,Nb_MagShield_Inner_Cylinder_2mm,3,0.6009363,-0.2510885,-2.025776,1.857366079556113,-0.2510885,-1.0075138139738062,1.675055e-09,0.04327842,world_and_InstrumentFrame,recorded deposit sample; not a full Geant4 step
S3d_O8__gamma__Background_gamma_fullsphere20_batch0003_shard0032__ID3883,CC:22,cc_energy_deposit,CC HIT,22,Transportation,e+,Nb_MagShield_Inner_Cylinder_2mm,3,0.6009366,-0.2510882,-2.025774,1.857364877474585,-0.2510882,-1.0075121876282094,1.675055e-09,7.903851e-05,world_and_InstrumentFrame,recorded deposit sample; not a full Geant4 step
S3d_O8__gamma__Background_gamma_fullsphere20_batch0003_shard0032__ID3883,CC:23,cc_energy_deposit,CC HIT,23,msc,e+,MuMetal_MagShield_Outer_Cylinder_2mm,3,0.6098801,-0.245803,-1.963444,1.8196149213007693,-0.245803,-0.9571142124593099,1.677241e-09,0.0126056,world_and_InstrumentFrame,recorded deposit sample; not a full Geant4 step
S3d_O8__gamma__Background_gamma_fullsphere20_batch0003_shard0032__ID3883,CC:24,cc_energy_deposit,CC HIT,24,msc,e+,MuMetal_MagShield_Outer_Cylinder_2mm,3,0.6098805,-0.2458028,-1.963441,1.8196130828231385,-0.2458028,-0.9571118082962539,1.677389e-09,33.4379,world_and_InstrumentFrame,recorded deposit sample; not a full Geant4 step
S3d_O8__gamma__Background_gamma_fullsphere20_batch0003_shard0032__ID3883,CC:25,cc_energy_deposit,CC HIT,25,msc,e+,MuMetal_MagShield_Outer_Cylinder_2mm,3,0.6108866,-0.2463793,-1.959195,1.817322127562772,-0.2463793,-0.9533980127707841,1.677548e-09,42.20719,world_and_InstrumentFrame,recorded deposit sample; not a full Geant4 step
S3d_O8__gamma__Background_gamma_fullsphere20_batch0003_shard0032__ID3883,CC:26,cc_energy_deposit,CC HIT,26,msc,e+,MuMetal_MagShield_Outer_Cylinder_2mm,3,0.6132379,-0.2487192,-1.955656,1.8164822968387568,-0.2487192,-0.949232941697561,1.677707e-09,45.08284,world_and_InstrumentFrame,recorded deposit sample; not a full Geant4 step
S3d_O8__gamma__Background_gamma_fullsphere20_batch0003_shard0032__ID3883,CC:27,cc_energy_deposit,CC HIT,27,msc,e+,MuMetal_MagShield_Outer_Cylinder_2mm,3,0.6165555,-0.250836,-1.952974,1.8169317339088789,-0.250836,-0.944990583853154,1.677865e-09,37.8914,world_and_InstrumentFrame,recorded deposit sample; not a full Geant4 step
S3d_O8__gamma__Background_gamma_fullsphere20_batch0003_shard0032__ID3883,CC:28,cc_energy_deposit,CC HIT,28,msc,e+,MuMetal_MagShield_Outer_Cylinder_2mm,3,0.6208806,-0.2518387,-1.954483,1.8210570655809997,-0.2518387,-0.9429993004466547,1.678023e-09,37.18454,world_and_InstrumentFrame,recorded deposit sample; not a full Geant4 step
S3d_O8__gamma__Background_gamma_fullsphere20_batch0003_shard0032__ID3883,CC:29,cc_energy_deposit,CC HIT,29,msc,e+,MuMetal_MagShield_Outer_Cylinder_2mm,3,0.6250616,-0.253503,-1.955769,1.8249228183537463,-0.253503,-0.9409522263151197,1.678182e-09,61.39499,world_and_InstrumentFrame,recorded deposit sample; not a full Geant4 step
S3d_O8__gamma__Background_gamma_fullsphere20_batch0003_shard0032__ID3883,CC:30,cc_energy_deposit,CC HIT,30,eIoni,e+,MuMetal_MagShield_Outer_Cylinder_2mm,3,0.6287547,-0.2539614,-1.958503,1.8294674643471105,-0.2539614,-0.9402740402012837,1.678223e-09,13.60633,world_and_InstrumentFrame,recorded deposit sample; not a full Geant4 step
S3d_O8__gamma__Background_gamma_fullsphere20_batch0003_shard0032__ID3883,CC:31,cc_energy_deposit,CC HIT,31,msc,e+,MuMetal_MagShield_Outer_Cylinder_2mm,3,0.6298143,-0.254024,-1.959033,1.8305914812864847,-0.254024,-0.9398995564499673,1.67838e-09,50.40038,world_and_InstrumentFrame,recorded deposit sample; not a full Geant4 step
S3d_O8__gamma__Background_gamma_fullsphere20_batch0003_shard0032__ID3883,CC:32,cc_energy_deposit,CC HIT,32,msc,e+,MuMetal_MagShield_Outer_Cylinder_2mm,3,0.6340048,-0.2543274,-1.960537,1.8346181008519513,-0.2543274,-0.9379999140823095,1.678536e-09,45.11539,world_and_InstrumentFrame,recorded deposit sample; not a full Geant4 step
S3d_O8__gamma__Background_gamma_fullsphere20_batch0003_shard0032__ID3883,CC:33,cc_energy_deposit,CC HIT,33,msc,e+,MuMetal_MagShield_Outer_Cylinder_2mm,3,0.6387713,-0.2542053,-1.960422,1.8379072080446406,-0.2542053,-0.9345481723299476,1.678692e-09,37.17921,world_and_InstrumentFrame,recorded deposit sample; not a full Geant4 step
S3d_O8__gamma__Background_gamma_fullsphere20_batch0003_shard0032__ID3883,CC:34,cc_energy_deposit,CC HIT,34,msc,e+,MuMetal_MagShield_Outer_Cylinder_2mm,3,0.6427671,-0.2560392,-1.961556,1.8415345244107715,-0.2560392,-0.9325245741435477,1.678848e-09,43.07503,world_and_InstrumentFrame,recorded deposit sample; not a full Geant4 step
S3d_O8__gamma__Background_gamma_fullsphere20_batch0003_shard0032__ID3883,CC:35,cc_energy_deposit,CC HIT,35,msc,e+,MuMetal_MagShield_Outer_Cylinder_2mm,3,0.6445935,-0.2600241,-1.962142,1.8432403488097058,-0.2600241,-0.9316474788921639,1.679003e-09,48.1542,world_and_InstrumentFrame,recorded deposit sample; not a full Geant4 step
S3d_O8__gamma__Background_gamma_fullsphere20_batch0003_shard0032__ID3883,CC:36,cc_energy_deposit,CC HIT,36,msc,e+,MuMetal_MagShield_Outer_Cylinder_2mm,3,0.647963,-0.2628237,-1.960873,1.844725626603588,-0.2628237,-0.9283675640876302,1.679157e-09,68.02716,world_and_InstrumentFrame,recorded deposit sample; not a full Geant4 step
S3d_O8__gamma__Background_gamma_fullsphere20_batch0003_shard0032__ID3883,CC:37,cc_energy_deposit,CC HIT,37,msc,e+,MuMetal_MagShield_Outer_Cylinder_2mm,3,0.6487093,-0.2673928,-1.961496,1.8456938679190669,-0.2673928,-0.9282803778215097,1.67931e-09,49.15756,world_and_InstrumentFrame,recorded deposit sample; not a full Geant4 step
S3d_O8__gamma__Background_gamma_fullsphere20_batch0003_shard0032__ID3883,CC:38,cc_energy_deposit,CC HIT,38,msc,e+,MuMetal_MagShield_Outer_Cylinder_2mm,3,0.6475011,-0.2716426,-1.963001,1.845903737211723,-0.2716426,-0.9301988999402251,1.679462e-09,37.416,world_and_InstrumentFrame,recorded deposit sample; not a full Geant4 step
S3d_O8__gamma__Background_gamma_fullsphere20_batch0003_shard0032__ID3883,CC:39,cc_energy_deposit,CC HIT,39,msc,e+,MuMetal_MagShield_Outer_Cylinder_2mm,3,0.6450632,-0.2738269,-1.966017,1.8463125156419269,-0.2738269,-0.9340553896141384,1.679613e-09,78.47872,world_and_InstrumentFrame,recorded deposit sample; not a full Geant4 step
S3d_O8__gamma__Background_gamma_fullsphere20_batch0003_shard0032__ID3883,CC:40,cc_energy_deposit,CC HIT,40,msc,e+,MuMetal_MagShield_Outer_Cylinder_2mm,3,0.642892,-0.2737652,-1.970192,1.8477294162100684,-0.2737652,-0.9385428306689045,1.679762e-09,50.40603,world_and_InstrumentFrame,recorded deposit sample; not a full Geant4 step
S3d_O8__gamma__Background_gamma_fullsphere20_batch0003_shard0032__ID3883,CC:41,cc_energy_deposit,CC HIT,41,msc,e+,MuMetal_MagShield_Outer_Cylinder_2mm,3,0.6382541,-0.2743709,-1.970767,1.8448565120687856,-0.2743709,-0.9422289076085518,1.679908e-09,69.52323,world_and_InstrumentFrame,recorded deposit sample; not a full Geant4 step
S3d_O8__gamma__Background_gamma_fullsphere20_batch0003_shard0032__ID3883,CC:42,cc_energy_deposit,CC HIT,42,msc,e+,MuMetal_MagShield_Outer_Cylinder_2mm,3,0.6423118,-0.2736906,-1.968871,1.8463850647976765,-0.2736906,-0.9380190059654017,1.68005e-09,41.28407,world_and_InstrumentFrame,recorded deposit sample; not a full Geant4 step
S3d_O8__gamma__Background_gamma_fullsphere20_batch0003_shard0032__ID3883,CC:43,cc_energy_deposit,CC HIT,43,eIoni,e+,MuMetal_MagShield_Outer_Cylinder_2mm,3,0.6446178,-0.2739919,-1.965522,1.845647552424899,-0.2739919,-0.9340203171177917,1.680281e-09,214.6921,world_and_InstrumentFrame,recorded deposit sample; not a full Geant4 step
S3d_O8__gamma__Background_gamma_fullsphere20_batch0003_shard0032__ID3883,CC:44,cc_energy_deposit,CC HIT,44,eIoni,e+,MuMetal_MagShield_Outer_Cylinder_2mm,3,0.6481986,-0.2743419,-1.960836,1.8448660580103318,-0.2743419,-0.9281748067790788,1.680382e-09,231.5324,world_and_InstrumentFrame,recorded deposit sample; not a full Geant4 step
S3d_O8__gamma__Background_gamma_fullsphere20_batch0003_shard0032__ID3883,CC:45,cc_energy_deposit,CC HIT,45,eIoni,e+,MuMetal_MagShield_Outer_Cylinder_2mm,3,0.6477852,-0.273973,-1.958668,1.8430407325653766,-0.273973,-0.9269341172208089,1.680385e-09,15.13242,world_and_InstrumentFrame,recorded deposit sample; not a full Geant4 step
S3d_O8__gamma__Background_gamma_fullsphere20_batch0003_shard0032__ID3883,CC:46,cc_energy_deposit,CC HIT,46,eIoni,e-,MuMetal_MagShield_Outer_Cylinder_2mm,9,0.6298143,-0.254024,-1.959033,1.8305914812864847,-0.254024,-0.9398995564499673,1.678238e-09,63.41714,world_and_InstrumentFrame,recorded deposit sample; not a full Geant4 step
S3d_O8__gamma__Background_gamma_fullsphere20_batch0003_shard0032__ID3883,CC:47,cc_energy_deposit,CC HIT,47,eIoni,e-,Nb_MagShield_Inner_Cylinder_2mm,8,0.5998044,-0.2518016,-2.031934,1.8609200689490348,-0.2518016,-1.0126685516979779,1.674881e-09,56.73883,world_and_InstrumentFrame,recorded deposit sample; not a full Geant4 step
S3d_O8__gamma__Background_gamma_fullsphere20_batch0003_shard0032__ID3883,CC:48,cc_energy_deposit,CC HIT,48,eIoni,e-,Nb_MagShield_Inner_Cylinder_2mm,8,0.6005878,-0.2514489,-2.031811,1.8613870422673302,-0.2514489,-1.0120276301115103,1.674907e-09,111.6146,world_and_InstrumentFrame,recorded deposit sample; not a full Geant4 step
S3d_O8__gamma__Background_gamma_fullsphere20_batch0003_shard0032__ID3883,CC:49,cc_energy_deposit,CC HIT,49,eIoni,e-,Nb_MagShield_Inner_Cylinder_2mm,7,0.5968484,-0.2543378,-2.105441,1.9108071594685268,-0.2543378,-1.0667360575078448,1.671953e-09,2.649208,world_and_InstrumentFrame,recorded deposit sample; not a full Geant4 step
S3d_O8__gamma__Background_gamma_fullsphere20_batch0003_shard0032__ID3883,CC:50,cc_energy_deposit,CC HIT,50,compt,gamma,DR_MXC_Sinter_HEX_AgProxy,11,2.102665,-0.809584,-1.536979,2.573616953504931,-0.809584,0.4000004066222933,1.735682e-09,0.37655,world_and_InstrumentFrame,recorded deposit sample; not a full Geant4 step
S3d_O8__gamma__Background_gamma_fullsphere20_batch0003_shard0032__ID3883,CC:51,cc_energy_deposit,CC HIT,51,compt,gamma,ColdPlate_MXC_50mK_SD_anchor,11,2.114108,-1.253076,-1.689843,2.6897995474013485,-1.253076,0.30000065852011054,1.754973e-09,0.00711,world_and_InstrumentFrame,recorded deposit sample; not a full Geant4 step
S3d_O8__gamma__Background_gamma_fullsphere20_batch0003_shard0032__ID3883,CC:52,cc_energy_deposit,CC HIT,52,compt,gamma,ColdPlate_MXC_50mK_SD_anchor,11,2.105061,-1.36389,-1.733048,2.713952900833119,-1.36389,0.26305291498955125,1.761411e-09,0.95853,world_and_InstrumentFrame,recorded deposit sample; not a full Geant4 step
S3d_O8__gamma__Background_gamma_fullsphere20_batch0003_shard0032__ID3883,CC:53,cc_energy_deposit,CC HIT,53,compt,gamma,ColdPlate_MXC_50mK_SD_anchor,11,2.20847,-1.51703,-1.788809,2.826503087194582,-1.51703,0.2967451388995278,1.764851e-09,0.0098,world_and_InstrumentFrame,recorded deposit sample; not a full Geant4 step
S3d_O8__gamma__Background_gamma_fullsphere20_batch0003_shard0032__ID3883,CC:54,cc_energy_deposit,CC HIT,54,compt,gamma,ColdPlate_MXC_50mK_SD_anchor,11,2.133445,-1.583561,-1.812855,2.7904554905964725,-1.583561,0.22669136298059522,1.786299e-09,0.95853,world_and_InstrumentFrame,recorded deposit sample; not a full Geant4 step
S3d_O8__gamma__Background_gamma_fullsphere20_batch0003_shard0032__ID3883,CC:55,cc_energy_deposit,CC HIT,55,compt,gamma,MuMetal_MagShield_Outer_Cylinder_2mm,11,1.217412,0.07467841,-2.278958,2.4723069365372092,0.07467841,-0.7506263751414547,1.834153e-09,0.88498,world_and_InstrumentFrame,recorded deposit sample; not a full Geant4 step
S3d_O8__gamma__Background_gamma_fullsphere20_batch0003_shard0032__ID3883,CC:56,cc_energy_deposit,CC HIT,56,phot,gamma,MuMetal_MagShield_Outer_Cylinder_2mm,11,1.212117,0.09261458,-2.282912,2.471358706343638,0.09261458,-0.7571664057606492,1.836159e-09,8.3028,world_and_InstrumentFrame,recorded deposit sample; not a full Geant4 step
S3d_O8__gamma__Background_gamma_fullsphere20_batch0003_shard0032__ID3883,CC:57,cc_energy_deposit,CC HIT,57,phot,gamma,DR_MXC_Sinter_HEX_AgProxy,15,2.248014,-1.363313,-1.682328,2.779171480582298,-1.363313,0.4000004066222933,1.767808e-09,3.35,world_and_InstrumentFrame,recorded deposit sample; not a full Geant4 step
S3d_O8__gamma__Background_gamma_fullsphere20_batch0003_shard0032__ID3883,CC:58,cc_energy_deposit,CC HIT,58,phot,gamma,TP_L2_00361,10,-3.918553,1.407024,-3.282157,-0.4499999271199941,1.407024,-5.0916708703577855,1.849285e-09,9.8792,world_and_InstrumentFrame,recorded deposit sample; not a full Geant4 step
S3d_O8__gamma__Background_gamma_fullsphere20_batch0003_shard0032__ID3883,CC:59,cc_energy_deposit,CC HIT,59,phot,gamma,TP_L2_00361,22,-3.937378,1.413954,-3.287613,-0.45945323767767704,1.413954,-5.108840130111775,1.849297e-09,0.39736,world_and_InstrumentFrame,recorded deposit sample; not a full Geant4 step
S3d_O8__gamma__Background_gamma_fullsphere20_batch0003_shard0032__ID3883,CC:60,cc_energy_deposit,CC HIT,60,eIoni,e-,TP_L2_00361,23,-3.937117,1.414046,-3.287824,-0.4591194832769571,1.414046,-5.108804774772716,1.849301e-09,57.28844,world_and_InstrumentFrame,recorded deposit sample; not a full Geant4 step
S3d_O8__gamma__Background_gamma_fullsphere20_batch0003_shard0032__ID3883,CC:61,cc_energy_deposit,CC HIT,61,eBrem,e-,TP_L2_00361,21,-3.937378,1.413954,-3.287613,-0.45945323767767704,1.413954,-5.108840130111775,1.849334e-09,66.54527,world_and_InstrumentFrame,recorded deposit sample; not a full Geant4 step
S3d_O8__gamma__Background_gamma_fullsphere20_batch0003_shard0032__ID3883,CC:62,cc_energy_deposit,CC HIT,62,eIoni,e-,TP_L2_00361,21,-3.938259,1.414696,-3.288028,-0.45978274943770986,1.414696,-5.109756540500193,1.849373e-09,270.2889,world_and_InstrumentFrame,recorded deposit sample; not a full Geant4 step
S3d_O8__gamma__Background_gamma_fullsphere20_batch0003_shard0032__ID3883,CC:63,cc_energy_deposit,CC HIT,63,eIoni,e-,TP_L2_00361,21,-3.938965,1.414846,-3.288677,-0.4598230545242378,1.414846,-5.110714670188701,1.849381e-09,92.7779,world_and_InstrumentFrame,recorded deposit sample; not a full Geant4 step
S3d_O8__gamma__Background_gamma_fullsphere20_batch0003_shard0032__ID3883,CC:64,cc_energy_deposit,CC HIT,64,eIoni,e-,DR_MXC_Sinter_HEX_AgProxy,20,2.248146,-1.362799,-1.681972,2.779013088663312,-1.362799,0.4003454747315125,1.767809e-09,4.63467,world_and_InstrumentFrame,recorded deposit sample; not a full Geant4 step
S3d_O8__gamma__Background_gamma_fullsphere20_batch0003_shard0032__ID3883,CC:65,cc_energy_deposit,CC HIT,65,eIoni,e-,MuMetal_MagShield_Outer_Cylinder_2mm,19,1.196227,0.05598055,-2.327861,2.491906522298138,0.05598055,-0.8001860752212576,1.836184e-09,93.63623,world_and_InstrumentFrame,recorded deposit sample; not a full Geant4 step
S3d_O8__gamma__Background_gamma_fullsphere20_batch0003_shard0032__ID3883,CC:66,cc_energy_deposit,CC HIT,66,eIoni,e-,MuMetal_MagShield_Outer_Cylinder_2mm,18,1.212117,0.09261458,-2.282912,2.471358706343638,0.09261458,-0.7571664057606492,1.834165e-09,49.49531,world_and_InstrumentFrame,recorded deposit sample; not a full Geant4 step
S3d_O8__gamma__Background_gamma_fullsphere20_batch0003_shard0032__ID3883,CC:67,cc_energy_deposit,CC HIT,67,eIoni,e-,ColdPlate_MXC_50mK_SD_anchor,17,1.609498,-1.253558,-1.986148,2.5425056693462853,-1.253558,-0.2663317691339131,1.786301e-09,12.0203,world_and_InstrumentFrame,recorded deposit sample; not a full Geant4 step
S3d_O8__gamma__Background_gamma_fullsphere20_batch0003_shard0032__ID3883,CC:68,cc_energy_deposit,CC HIT,68,eIoni,e-,ColdPlate_MXC_50mK_SD_anchor,16,2.133445,-1.583561,-1.812855,2.7904554905964725,-1.583561,0.22669136298059522,1.764861e-09,39.42373,world_and_InstrumentFrame,recorded deposit sample; not a full Geant4 step
S3d_O8__gamma__Background_gamma_fullsphere20_batch0003_shard0032__ID3883,CC:69,cc_energy_deposit,CC HIT,69,eIoni,e-,ColdPlate_MXC_50mK_SD_anchor,14,2.20847,-1.51703,-1.788809,2.826503087194582,-1.51703,0.2967451388995278,1.761413e-09,10.35075,world_and_InstrumentFrame,recorded deposit sample; not a full Geant4 step
S3d_O8__gamma__Background_gamma_fullsphere20_batch0003_shard0032__ID3883,CC:70,cc_energy_deposit,CC HIT,70,eIoni,e-,ColdPlate_MXC_50mK_SD_anchor,13,2.105061,-1.36389,-1.733048,2.713952900833119,-1.36389,0.26305291498955125,1.754977e-09,23.12277,world_and_InstrumentFrame,recorded deposit sample; not a full Geant4 step
S3d_O8__gamma__Background_gamma_fullsphere20_batch0003_shard0032__ID3883,CC:71,cc_energy_deposit,CC HIT,71,eIoni,e-,DR_MXC_Sinter_HEX_AgProxy,12,2.148921,-0.8266127,-1.523572,2.596844704160128,-0.8266127,0.44218851850822644,1.735731e-09,8.730263,world_and_InstrumentFrame,recorded deposit sample; not a full Geant4 step
S3d_O8__gamma__Background_gamma_fullsphere20_batch0003_shard0032__ID3883,CC:72,cc_energy_deposit,CC HIT,72,eIoni,e-,DR_MXC_Sinter_HEX_AgProxy,12,2.149908,-0.8264762,-1.523108,2.597214521006688,-0.8264762,0.443214530447728,1.73578e-09,128.3251,world_and_InstrumentFrame,recorded deposit sample; not a full Geant4 step
S3d_O8__gamma__Background_gamma_fullsphere20_batch0003_shard0032__ID3883,CC:73,cc_energy_deposit,CC HIT,73,eIoni,e-,DR_MXC_Sinter_HEX_AgProxy,26,2.149908,-0.8264762,-1.523108,2.597214521006688,-0.8264762,0.443214530447728,1.735775e-09,118.4057,world_and_InstrumentFrame,recorded deposit sample; not a full Geant4 step
S3d_O8__gamma__Background_gamma_fullsphere20_batch0003_shard0032__ID3883,CC:74,cc_energy_deposit,CC HIT,74,phot,gamma,ColdPlate_MXC_50mK_SD_anchor,25,2.13344,-1.583617,-1.812856,2.790452662169348,-1.583617,0.22668712033990798,1.764881e-09,0.93749,world_and_InstrumentFrame,recorded deposit sample; not a full Geant4 step
S3d_O8__gamma__Background_gamma_fullsphere20_batch0003_shard0032__ID3883,CC:75,cc_energy_deposit,CC HIT,75,phot,gamma,TP_L2_00361,24,-3.938259,1.414696,-3.288028,-0.45978274943770986,1.414696,-5.109756540500193,1.849342e-09,1.7416,world_and_InstrumentFrame,recorded deposit sample; not a full Geant4 step
S3d_O8__gamma__Background_gamma_fullsphere20_batch0003_shard0032__ID3883,CC:76,cc_energy_deposit,CC HIT,76,phot,gamma,TP_L2_00361,29,-3.938397,1.414692,-3.28823,-0.4597374946037142,1.414692,-5.109996956805797,1.849351e-09,1.7416,world_and_InstrumentFrame,recorded deposit sample; not a full Geant4 step
S3d_O8__gamma__Background_gamma_fullsphere20_batch0003_shard0032__ID3883,CC:77,cc_energy_deposit,CC HIT,77,eIoni,e-,TP_L2_00361,30,-3.938411,1.414839,-3.288008,-0.459904371804074,1.414839,-5.10984987859531,1.849351e-09,6.396,world_and_InstrumentFrame,recorded deposit sample; not a full Geant4 step
S3d_O8__gamma__Background_gamma_fullsphere20_batch0003_shard0032__ID3883,CC:78,cc_energy_deposit,CC HIT,78,eIoni,e-,TP_L2_00361,28,-3.938397,1.414692,-3.28823,-0.4597374946037142,1.414692,-5.109996956805797,1.849342e-09,3.942639,world_and_InstrumentFrame,recorded deposit sample; not a full Geant4 step
S3d_O8__gamma__Background_gamma_fullsphere20_batch0003_shard0032__ID3883,CC:79,cc_energy_deposit,CC HIT,79,eIoni,e-,ColdPlate_MXC_50mK_SD_anchor,27,2.133596,-1.583096,-1.812314,2.79017971895181,-1.583096,0.22718068087317628,1.764882e-09,7.06822,world_and_InstrumentFrame,recorded deposit sample; not a full Geant4 step
S3d_O8__gamma__Background_gamma_fullsphere20_batch0003_shard0032__ID3883,HT:1,tes_fixed_pixel_center,HTsim type 2,1,tes_pixel_aggregate,,TP_L2_00361,,-3.99162,1.395,-3.14309,-0.6000013170402214,1.395,-5.045001822799473,0.0,510.99891,world_and_InstrumentFrame,"fixed TES pixel center, not deposit centroid"
S3d_O8__gamma__s10_gamma_instant_S3d_O8_shard0014__ID19932,IA:1,ia_interaction,IA,1,INIT,1,,,62.49008,-16.03987,-0.23171,44.351003037158584,-16.03987,44.02331561262112,0.0,5768.82,world_and_InstrumentFrame,recorded SIM interaction vertex
S3d_O8__gamma__s10_gamma_instant_S3d_O8_shard0014__ID19932,IA:2,ia_interaction,IA,2,PAIR,2,DR_MixingChamber_Cu,,-0.23539,0.87593,2.32166,-1.8081073948330617,0.87593,1.4752156643860586,2.168717876484e-09,498.712,world_and_InstrumentFrame,recorded SIM interaction vertex
S3d_O8__gamma__s10_gamma_instant_S3d_O8_shard0014__ID19932,IA:3,ia_interaction,IA,3,PAIR,3,DR_MixingChamber_Cu,,-0.23539,0.87593,2.32166,-1.8081073948330617,0.87593,1.4752156643860586,2.168717876484e-09,4248.11,world_and_InstrumentFrame,recorded SIM interaction vertex
S3d_O8__gamma__s10_gamma_instant_S3d_O8_shard0014__ID19932,IA:4,ia_interaction,IA,4,BREM,1,DR_MixingChamber_Cu,,-0.252,0.87901,2.31752,-1.8169250163944575,0.87901,1.460543198676438,2.169294341444e-09,107.108,world_and_InstrumentFrame,recorded SIM interaction vertex
S3d_O8__gamma__s10_gamma_instant_S3d_O8_shard0014__ID19932,IA:5,ia_interaction,IA,5,PHOT,3,DR_MixingChamber_Cu,,-0.26852,0.95622,2.27081,-1.795577462670436,0.95622,1.4158328369020123,2.173613741239e-09,7.068,world_and_InstrumentFrame,recorded SIM interaction vertex
S3d_O8__gamma__s10_gamma_instant_S3d_O8_shard0014__ID19932,IA:6,ia_interaction,IA,6,PHOT,3,DR_MixingChamber_Cu,,-0.28785,0.95227,2.27955,-1.8154259500183423,0.95227,1.4083445760892468,2.172842362709e-09,7.068,world_and_InstrumentFrame,recorded SIM interaction vertex
S3d_O8__gamma__s10_gamma_instant_S3d_O8_shard0014__ID19932,IA:7,ia_interaction,IA,7,COMP,3,DR_MixingChamber_Cu,,-0.45523,0.96633,2.21369,-1.8872114304444005,0.96633,1.2434189904452966,2.177445027804e-09,16.581,world_and_InstrumentFrame,recorded SIM interaction vertex
S3d_O8__gamma__s10_gamma_instant_S3d_O8_shard0014__ID19932,IA:8,ia_interaction,IA,8,PHOT,3,DR_MixingChamber_Cu,,-0.49609,0.54791,1.87504,-1.6766421020748585,0.54791,0.9750648959171898,2.195452305914e-09,80.497,world_and_InstrumentFrame,recorded SIM interaction vertex
S3d_O8__gamma__s10_gamma_instant_S3d_O8_shard0014__ID19932,IA:9,ia_interaction,IA,9,ANNI,1,DR_MixingChamber_Cu,,-0.23969,0.87711,2.32687,-1.8148319803221455,0.87711,1.4758591315569385,2.169109061073e-09,510.999,world_and_InstrumentFrame,recorded SIM interaction vertex
S3d_O8__gamma__s10_gamma_instant_S3d_O8_shard0014__ID19932,IA:10,ia_interaction,IA,10,ANNI,1,DR_MixingChamber_Cu,,-0.23969,0.87711,2.32687,-1.8148319803221455,0.87711,1.4758591315569385,2.169109061073e-09,510.999,world_and_InstrumentFrame,recorded SIM interaction vertex
S3d_O8__gamma__s10_gamma_instant_S3d_O8_shard0014__ID19932,IA:11,ia_interaction,IA,11,COMP,3,ColdPlate_Still_0p7K,,5.41937,0.58737,10.27354,-3.432416524032304,0.58737,11.096563077550185,2.494669317167e-09,290.537,world_and_InstrumentFrame,recorded SIM interaction vertex
S3d_O8__gamma__s10_gamma_instant_S3d_O8_shard0014__ID19932,IA:12,ia_interaction,IA,12,COMP,3,ColdPlate_Still_0p7K,,5.23349,1.65471,9.96157,-3.343257429992492,1.65471,10.744529966536462,2.532276106344e-09,82.832,world_and_InstrumentFrame,recorded SIM interaction vertex
S3d_O8__gamma__s10_gamma_instant_S3d_O8_shard0014__ID19932,IA:13,ia_interaction,IA,13,COMP,3,ColdPlate_Still_0p7K,,5.32442,1.56274,9.82424,-3.1818532361188505,1.56274,10.711720211889405,2.538568556621e-09,37.566,world_and_InstrumentFrame,recorded SIM interaction vertex
S3d_O8__gamma__s10_gamma_instant_S3d_O8_shard0014__ID19932,IA:14,ia_interaction,IA,14,PHOT,3,ColdPlate_Still_0p7K,,5.26477,1.46201,9.87132,-3.2573227428748908,1.46201,10.702831879649892,2.542777321788e-09,90.143,world_and_InstrumentFrame,recorded SIM interaction vertex
S3d_O8__gamma__s10_gamma_instant_S3d_O8_shard0014__ID19932,IA:15,ia_interaction,IA,15,COMP,3,TP_L2_00329,,-4.28144,1.08404,-3.34872,-0.6595326369483165,1.08404,-5.395337877538348,2.401627015892e-09,28.821,world_and_InstrumentFrame,recorded SIM interaction vertex
S3d_O8__gamma__s10_gamma_instant_S3d_O8_shard0014__ID19932,IA:16,ia_interaction,IA,16,COMP,3,TP_L2_00329,,-4.28628,1.08432,-3.35277,-0.6600912513054538,1.08432,-5.4016240568230955,2.401837714296e-09,196.558,world_and_InstrumentFrame,recorded SIM interaction vertex
S3d_O8__gamma__s10_gamma_instant_S3d_O8_shard0014__ID19932,IA:17,ia_interaction,IA,17,PHOT,3,TP_L2_00329,,-4.27315,1.08437,-3.38146,-0.6305200457162327,1.08437,-5.4126266383383586,2.402890182908e-09,215.336,world_and_InstrumentFrame,recorded SIM interaction vertex
S3d_O8__gamma__s10_gamma_instant_S3d_O8_shard0014__ID19932,IA:18,ia_interaction,IA,18,PHOT,1,TP_L2_00329,,-4.27315,1.08437,-3.38146,-0.6305200457162327,1.08437,-5.4126266383383586,2.402890182908e-09,57.686,world_and_InstrumentFrame,recorded SIM interaction vertex
S3d_O8__gamma__s10_gamma_instant_S3d_O8_shard0014__ID19932,IA:19,ia_interaction,IA,19,PHOT,3,TP_L2_00329,,-4.26462,1.08511,-3.37831,-0.6267158112334489,1.08511,-5.4043676311341,2.403194555298e-09,57.224,world_and_InstrumentFrame,recorded SIM interaction vertex
S3d_O8__gamma__s10_gamma_instant_S3d_O8_shard0014__ID19932,IA:20,ia_interaction,IA,20,BREM,1,TP_L2_00329,,-4.273,1.08476,-3.38159,-0.6303220558175001,1.08476,-5.412612496202735,2.402910878918e-09,6.041,world_and_InstrumentFrame,recorded SIM interaction vertex
S3d_O8__gamma__s10_gamma_instant_S3d_O8_shard0014__ID19932,IA:21,ia_interaction,IA,21,PHOT,3,TP_L2_00329,,-4.27301,1.08477,-3.38159,-0.6303291268853123,1.08477,-5.412619567270547,2.40291106971e-09,4.3,world_and_InstrumentFrame,recorded SIM interaction vertex
S3d_O8__gamma__s10_gamma_instant_S3d_O8_shard0014__ID19932,CC:1,cc_energy_deposit,CC HIT,1,eIoni,e-,DR_MixingChamber_Cu,2,-0.2353897,0.875935,2.321661,-1.8081078898078082,0.875935,1.4752165836248745,2.168912e-09,54.90885,world_and_InstrumentFrame,recorded deposit sample; not a full Geant4 step
S3d_O8__gamma__s10_gamma_instant_S3d_O8_shard0014__ID19932,CC:2,cc_energy_deposit,CC HIT,2,eBrem,e-,DR_MixingChamber_Cu,2,-0.2410043,0.8771363,2.320638,-1.8113546413043047,0.8771363,1.4705230916540704,2.169294e-09,88.63899,world_and_InstrumentFrame,recorded deposit sample; not a full Geant4 step
S3d_O8__gamma__s10_gamma_instant_S3d_O8_shard0014__ID19932,CC:3,cc_energy_deposit,CC HIT,3,eIoni,e-,DR_MixingChamber_Cu,2,-0.2519997,0.8790053,2.317517,-1.8169226829420797,0.8790053,1.4605412894881287,2.169721e-09,136.0271,world_and_InstrumentFrame,recorded deposit sample; not a full Geant4 step
S3d_O8__gamma__s10_gamma_instant_S3d_O8_shard0014__ID19932,CC:4,cc_energy_deposit,CC HIT,4,msc,e-,DR_MixingChamber_Cu,2,-0.263605,0.8837799,2.314004,-1.8226448031474758,0.8837799,1.449851037038116,2.170136e-09,153.9429,world_and_InstrumentFrame,recorded deposit sample; not a full Geant4 step
S3d_O8__gamma__s10_gamma_instant_S3d_O8_shard0014__ID19932,CC:5,cc_energy_deposit,CC HIT,5,msc,e-,DR_MixingChamber_Cu,2,-0.2713384,0.8906502,2.306746,-1.8229809617112516,0.8906502,1.439250516438636,2.170612e-09,160.762,world_and_InstrumentFrame,recorded deposit sample; not a full Geant4 step
S3d_O8__gamma__s10_gamma_instant_S3d_O8_shard0014__ID19932,CC:6,cc_energy_deposit,CC HIT,6,msc,e-,DR_MixingChamber_Cu,2,-0.2755476,0.9025258,2.299815,-1.8210563584742183,0.9025258,1.4313732054748618,2.171086e-09,163.6807,world_and_InstrumentFrame,recorded deposit sample; not a full Geant4 step
S3d_O8__gamma__s10_gamma_instant_S3d_O8_shard0014__ID19932,CC:7,cc_energy_deposit,CC HIT,7,msc,e-,DR_MixingChamber_Cu,2,-0.282987,0.9123804,2.291967,-1.8207674346434255,0.9123804,1.4205633812681504,2.171559e-09,176.3059,world_and_InstrumentFrame,recorded deposit sample; not a full Geant4 step
S3d_O8__gamma__s10_gamma_instant_S3d_O8_shard0014__ID19932,CC:8,cc_energy_deposit,CC HIT,8,msc,e-,DR_MixingChamber_Cu,2,-0.2901937,0.9214372,2.283403,-1.819807678609321,0.9214372,1.4094118123540915,2.17203e-09,127.0306,world_and_InstrumentFrame,recorded deposit sample; not a full Geant4 step
S3d_O8__gamma__s10_gamma_instant_S3d_O8_shard0014__ID19932,CC:9,cc_energy_deposit,CC HIT,9,msc,e-,DR_MixingChamber_Cu,2,-0.2910497,0.9357141,2.280135,-1.818102137053099,0.9357141,1.4064957039884782,2.172498e-09,131.6401,world_and_InstrumentFrame,recorded deposit sample; not a full Geant4 step
S3d_O8__gamma__s10_gamma_instant_S3d_O8_shard0014__ID19932,CC:10,cc_energy_deposit,CC HIT,10,msc,e-,DR_MixingChamber_Cu,2,-0.2953714,0.9490022,2.283315,-1.823406639993526,0.9490022,1.4056884001763976,2.172964e-09,109.2725,world_and_InstrumentFrame,recorded deposit sample; not a full Geant4 step
S3d_O8__gamma__s10_gamma_instant_S3d_O8_shard0014__ID19932,CC:11,cc_energy_deposit,CC HIT,11,eIoni,e-,DR_MixingChamber_Cu,2,-0.2828233,0.9545005,2.279099,-1.8115526312030368,0.9545005,1.411580084587922,2.173203e-09,69.95563,world_and_InstrumentFrame,recorded deposit sample; not a full Geant4 step
S3d_O8__gamma__s10_gamma_instant_S3d_O8_shard0014__ID19932,CC:12,cc_energy_deposit,CC HIT,12,eIoni,e-,DR_MixingChamber_Cu,2,-0.2761111,0.9555742,2.276451,-1.8049339703097742,0.9555742,1.4144539079680203,2.173345e-09,36.39519,world_and_InstrumentFrame,recorded deposit sample; not a full Geant4 step
S3d_O8__gamma__s10_gamma_instant_S3d_O8_shard0014__ID19932,CC:13,cc_energy_deposit,CC HIT,13,eIoni,e-,DR_MixingChamber_Cu,2,-0.2718823,0.955489,2.276204,-1.8017691017785396,0.955489,1.417269465749349,2.17378e-09,127.4092,world_and_InstrumentFrame,recorded deposit sample; not a full Geant4 step
S3d_O8__gamma__s10_gamma_instant_S3d_O8_shard0014__ID19932,CC:14,cc_energy_deposit,CC HIT,14,msc,e-,DR_MixingChamber_Cu,2,-0.2592146,0.9553319,2.272191,-1.789974065693601,0.9553319,1.423389262808484,2.174236e-09,189.0266,world_and_InstrumentFrame,recorded deposit sample; not a full Geant4 step
S3d_O8__gamma__s10_gamma_instant_S3d_O8_shard0014__ID19932,CC:15,cc_energy_deposit,CC HIT,15,eIoni,e-,DR_MixingChamber_Cu,2,-0.2448663,0.9545194,2.2721,-1.7797639387480142,0.9545194,1.4334706963198953,2.175439e-09,487.304,world_and_InstrumentFrame,recorded deposit sample; not a full Geant4 step
S3d_O8__gamma__s10_gamma_instant_S3d_O8_shard0014__ID19932,CC:16,cc_energy_deposit,CC HIT,16,eIoni,e-,DR_MixingChamber_Cu,2,-0.21134,0.9551787,2.260886,-1.7481277692256938,0.9551787,1.449247874953764,2.176334e-09,376.2263,world_and_InstrumentFrame,recorded deposit sample; not a full Geant4 step
S3d_O8__gamma__s10_gamma_instant_S3d_O8_shard0014__ID19932,CC:17,cc_energy_deposit,CC HIT,17,eIoni,e-,DR_MixingChamber_Cu,2,-0.2100999,0.9369009,2.242364,-1.7341538543052069,0.9369009,1.437027726271976,2.176998e-09,376.9073,world_and_InstrumentFrame,recorded deposit sample; not a full Geant4 step
S3d_O8__gamma__s10_gamma_instant_S3d_O8_shard0014__ID19932,CC:18,cc_energy_deposit,CC HIT,18,eIoni,e-,DR_MixingChamber_Cu,2,-0.2289007,0.9374916,2.239699,-1.745563587905077,0.9374916,1.4218491135283817,2.177397e-09,167.2171,world_and_InstrumentFrame,recorded deposit sample; not a full Geant4 step
S3d_O8__gamma__s10_gamma_instant_S3d_O8_shard0014__ID19932,CC:19,cc_energy_deposit,CC HIT,19,eIoni,e-,DR_MixingChamber_Cu,2,-0.2269463,0.9315216,2.248861,-1.7506601307411571,0.9315216,1.4297095953507644,2.177657e-09,178.3392,world_and_InstrumentFrame,recorded deposit sample; not a full Geant4 step
S3d_O8__gamma__s10_gamma_instant_S3d_O8_shard0014__ID19932,CC:20,cc_energy_deposit,CC HIT,20,eIoni,e-,DR_MixingChamber_Cu,2,-0.2206539,0.9340947,2.24741,-1.745184720091717,0.9340947,1.4331329821212007,2.177791e-09,197.0144,world_and_InstrumentFrame,recorded deposit sample; not a full Geant4 step
S3d_O8__gamma__s10_gamma_instant_S3d_O8_shard0014__ID19932,CC:21,cc_energy_deposit,CC HIT,21,eIoni,e-,DR_MixingChamber_Cu,2,-0.217657,0.9345036,2.248515,-1.7438469447723903,0.9345036,1.4360334634269496,2.177833e-09,139.8895,world_and_InstrumentFrame,recorded deposit sample; not a full Geant4 step
S3d_O8__gamma__s10_gamma_instant_S3d_O8_shard0014__ID19932,CC:22,cc_energy_deposit,CC HIT,22,eIoni,e-,DR_MixingChamber_Cu,13,-0.2206539,0.9340947,2.24741,-1.745184720091717,0.9340947,1.4331329821212007,2.177691e-09,71.39972,world_and_InstrumentFrame,recorded deposit sample; not a full Geant4 step
S3d_O8__gamma__s10_gamma_instant_S3d_O8_shard0014__ID19932,CC:23,cc_energy_deposit,CC HIT,23,eIoni,e-,DR_MixingChamber_Cu,13,-0.2203991,0.9335963,2.247187,-1.7448468644716661,0.9335963,1.4331554681168421,2.177701e-09,48.15889,world_and_InstrumentFrame,recorded deposit sample; not a full Geant4 step
S3d_O8__gamma__s10_gamma_instant_S3d_O8_shard0014__ID19932,CC:24,cc_energy_deposit,CC HIT,24,eIoni,e-,DR_MixingChamber_Cu,12,-0.2269463,0.9315216,2.248861,-1.7506601307411571,0.9315216,1.4297095953507644,2.177407e-09,45.59207,world_and_InstrumentFrame,recorded deposit sample; not a full Geant4 step
S3d_O8__gamma__s10_gamma_instant_S3d_O8_shard0014__ID19932,CC:25,cc_energy_deposit,CC HIT,25,eIoni,e-,DR_MixingChamber_Cu,11,-0.2592146,0.9553319,2.272191,-1.789974065693601,0.9553319,1.423389262808484,2.173789e-09,41.20531,world_and_InstrumentFrame,recorded deposit sample; not a full Geant4 step
S3d_O8__gamma__s10_gamma_instant_S3d_O8_shard0014__ID19932,CC:26,cc_energy_deposit,CC HIT,26,eIoni,e-,DR_MixingChamber_Cu,9,-0.2718823,0.955489,2.276204,-1.8017691017785396,0.955489,1.417269465749349,2.173354e-09,43.00072,world_and_InstrumentFrame,recorded deposit sample; not a full Geant4 step
S3d_O8__gamma__s10_gamma_instant_S3d_O8_shard0014__ID19932,CC:27,cc_energy_deposit,CC HIT,27,eIoni,e-,DR_MixingChamber_Cu,8,-0.2761111,0.9555742,2.276451,-1.8049339703097742,0.9555742,1.4144539079680203,2.173215e-09,52.86888,world_and_InstrumentFrame,recorded deposit sample; not a full Geant4 step
S3d_O8__gamma__s10_gamma_instant_S3d_O8_shard0014__ID19932,CC:28,cc_energy_deposit,CC HIT,28,eIoni,e-,DR_MixingChamber_Cu,6,-0.263605,0.8837799,2.314004,-1.8226448031474758,0.8837799,1.449851037038116,2.169743e-09,84.49193,world_and_InstrumentFrame,recorded deposit sample; not a full Geant4 step
S3d_O8__gamma__s10_gamma_instant_S3d_O8_shard0014__ID19932,CC:29,cc_energy_deposit,CC HIT,29,eIoni,e-,DR_MixingChamber_Cu,4,-0.2410043,0.8771363,2.320638,-1.8113546413043047,0.8771363,1.4705230916540704,2.168936e-09,90.37841,world_and_InstrumentFrame,recorded deposit sample; not a full Geant4 step
S3d_O8__gamma__s10_gamma_instant_S3d_O8_shard0014__ID19932,CC:30,cc_energy_deposit,CC HIT,30,phot,gamma,DR_MixingChamber_Cu,10,-0.2692064,0.9550652,2.275939,-1.7996895714457481,0.9550652,1.4189742294881118,2.173614e-09,0.93749,world_and_InstrumentFrame,recorded deposit sample; not a full Geant4 step
S3d_O8__gamma__s10_gamma_instant_S3d_O8_shard0014__ID19932,CC:31,cc_energy_deposit,CC HIT,31,phot,gamma,DR_MixingChamber_Cu,7,-0.2887677,0.9499862,2.281932,-1.8177591902642236,0.9499862,1.409379992548938,2.172842e-09,0.93749,world_and_InstrumentFrame,recorded deposit sample; not a full Geant4 step
S3d_O8__gamma__s10_gamma_instant_S3d_O8_shard0014__ID19932,CC:32,cc_energy_deposit,CC HIT,32,compt,gamma,DR_MixingChamber_Cu,5,-0.2519997,0.8790053,2.317517,-1.8169226829420797,0.8790053,1.4605412894881287,2.177445e-09,1.0861,world_and_InstrumentFrame,recorded deposit sample; not a full Geant4 step
S3d_O8__gamma__s10_gamma_instant_S3d_O8_shard0014__ID19932,CC:33,cc_energy_deposit,CC HIT,33,phot,gamma,DR_MixingChamber_Cu,5,-0.4552291,0.9663325,2.213693,-1.887212915368641,0.9663325,1.2434217481617431,2.195452e-09,8.9432,world_and_InstrumentFrame,recorded deposit sample; not a full Geant4 step
S3d_O8__gamma__s10_gamma_instant_S3d_O8_shard0014__ID19932,CC:34,cc_energy_deposit,CC HIT,34,eIoni,e+,DR_MixingChamber_Cu,3,-0.2353897,0.875935,2.321661,-1.8081078898078082,0.875935,1.4752165836248745,2.168965e-09,172.2315,world_and_InstrumentFrame,recorded deposit sample; not a full Geant4 step
S3d_O8__gamma__s10_gamma_instant_S3d_O8_shard0014__ID19932,CC:35,cc_energy_deposit,CC HIT,35,eIoni,e+,DR_MixingChamber_Cu,3,-0.2395792,0.8794084,2.325009,-1.813437707171002,0.8794084,1.4746215532685056,2.169085e-09,201.582,world_and_InstrumentFrame,recorded deposit sample; not a full Geant4 step
S3d_O8__gamma__s10_gamma_instant_S3d_O8_shard0014__ID19932,CC:36,cc_energy_deposit,CC HIT,36,eIoni,e+,DR_MixingChamber_Cu,3,-0.2395487,0.8774309,2.326944,-1.8147843920357716,0.8774309,1.476011371646928,2.169109e-09,82.69788,world_and_InstrumentFrame,recorded deposit sample; not a full Geant4 step
S3d_O8__gamma__s10_gamma_instant_S3d_O8_shard0014__ID19932,CC:37,cc_energy_deposit,CC HIT,37,eIoni,e-,DR_MixingChamber_Cu,18,-0.2395792,0.8794084,2.325009,-1.813437707171002,0.8794084,1.4746215532685056,2.168974e-09,42.20109,world_and_InstrumentFrame,recorded deposit sample; not a full Geant4 step
S3d_O8__gamma__s10_gamma_instant_S3d_O8_shard0014__ID19932,CC:38,cc_energy_deposit,CC HIT,38,eIoni,e-,DR_MixingChamber_Cu,17,-0.4960925,0.5479067,1.875045,-1.6766474053757174,0.5479067,0.9750666636841427,2.195473e-09,80.49746,world_and_InstrumentFrame,recorded deposit sample; not a full Geant4 step
S3d_O8__gamma__s10_gamma_instant_S3d_O8_shard0014__ID19932,CC:39,cc_energy_deposit,CC HIT,39,eIoni,e-,DR_MixingChamber_Cu,16,-0.4552291,0.9663325,2.213693,-1.887212915368641,0.9663325,1.2434217481617431,2.177448e-09,16.58147,world_and_InstrumentFrame,recorded deposit sample; not a full Geant4 step
S3d_O8__gamma__s10_gamma_instant_S3d_O8_shard0014__ID19932,CC:40,cc_energy_deposit,CC HIT,40,eIoni,e-,DR_MixingChamber_Cu,15,-0.2878514,0.9522722,2.279554,-1.8154297683949607,0.9522722,1.4083464145668778,2.172843e-09,7.06822,world_and_InstrumentFrame,recorded deposit sample; not a full Geant4 step
S3d_O8__gamma__s10_gamma_instant_S3d_O8_shard0014__ID19932,CC:41,cc_energy_deposit,CC HIT,41,eIoni,e-,DR_MixingChamber_Cu,14,-0.2685224,0.9562194,2.270811,-1.7955798668334921,0.9562194,1.4158318469525186,2.173615e-09,7.06822,world_and_InstrumentFrame,recorded deposit sample; not a full Geant4 step
S3d_O8__gamma__s10_gamma_instant_S3d_O8_shard0014__ID19932,CC:42,cc_energy_deposit,CC HIT,42,compt,gamma,ColdPlate_Still_0p7K,20,5.186105,0.5993155,9.94598,-3.3657398901003184,0.5993155,10.699999916991239,2.494669e-09,0.0098,world_and_InstrumentFrame,recorded deposit sample; not a full Geant4 step
S3d_O8__gamma__s10_gamma_instant_S3d_O8_shard0014__ID19932,CC:43,cc_energy_deposit,CC HIT,43,compt,gamma,ColdPlate_Still_0p7K,20,5.419373,0.5873725,10.27354,-3.4324144027119603,0.5873725,11.096565198870529,2.532276e-09,0.0098,world_and_InstrumentFrame,recorded deposit sample; not a full Geant4 step
S3d_O8__gamma__s10_gamma_instant_S3d_O8_shard0014__ID19932,CC:44,cc_energy_deposit,CC HIT,44,compt,gamma,ColdPlate_Still_0p7K,20,5.233489,1.654707,9.96157,-3.3432581370992733,1.654707,10.744529259429681,2.538569e-09,0.95853,world_and_InstrumentFrame,recorded deposit sample; not a full Geant4 step
S3d_O8__gamma__s10_gamma_instant_S3d_O8_shard0014__ID19932,CC:45,cc_energy_deposit,CC HIT,45,phot,gamma,ColdPlate_Still_0p7K,20,5.324418,1.56274,9.824238,-3.1818532361188505,1.56274,10.71171738346228,2.542777e-09,8.9432,world_and_InstrumentFrame,recorded deposit sample; not a full Geant4 step
S3d_O8__gamma__s10_gamma_instant_S3d_O8_shard0014__ID19932,CC:46,cc_energy_deposit,CC HIT,46,compt,gamma,TP_L2_00329,19,-4.213598,1.080567,-3.253449,-0.6789278688494828,1.080567,-5.279999569138666,2.401627e-09,2.6847,world_and_InstrumentFrame,recorded deposit sample; not a full Geant4 step
S3d_O8__gamma__s10_gamma_instant_S3d_O8_shard0014__ID19932,CC:47,cc_energy_deposit,CC HIT,47,compt,gamma,TP_L2_00329,19,-4.281441,1.08404,-3.348717,-0.6595354653754413,1.08404,-5.395336463324785,2.401838e-09,0.03404,world_and_InstrumentFrame,recorded deposit sample; not a full Geant4 step
S3d_O8__gamma__s10_gamma_instant_S3d_O8_shard0014__ID19932,CC:48,cc_energy_deposit,CC HIT,48,phot,gamma,TP_L2_00329,19,-4.286281,1.084323,-3.352766,-0.6600947868393598,1.084323,-5.401621935502752,2.40289e-09,9.8792,world_and_InstrumentFrame,recorded deposit sample; not a full Geant4 step
S3d_O8__gamma__s10_gamma_instant_S3d_O8_shard0014__ID19932,CC:49,cc_energy_deposit,CC HIT,49,phot,gamma,TP_L2_00329,28,-4.273151,1.084372,-3.381457,-0.6305228741433575,1.084372,-5.412625224124797,2.403195e-09,0.46141,world_and_InstrumentFrame,recorded deposit sample; not a full Geant4 step
S3d_O8__gamma__s10_gamma_instant_S3d_O8_shard0014__ID19932,CC:50,cc_energy_deposit,CC HIT,50,eIoni,e-,TP_L2_00329,29,-4.264617,1.085111,-3.378312,-0.6267122756995431,1.085111,-5.404366924027319,2.403199e-09,57.22439,world_and_InstrumentFrame,recorded deposit sample; not a full Geant4 step
S3d_O8__gamma__s10_gamma_instant_S3d_O8_shard0014__ID19932,CC:51,cc_energy_deposit,CC HIT,51,eBrem,e-,TP_L2_00329,27,-4.273151,1.084372,-3.381457,-0.6305228741433575,1.084372,-5.412625224124797,2.402911e-09,185.7514,world_and_InstrumentFrame,recorded deposit sample; not a full Geant4 step
S3d_O8__gamma__s10_gamma_instant_S3d_O8_shard0014__ID19932,CC:52,cc_energy_deposit,CC HIT,52,eIoni,e-,TP_L2_00329,27,-4.273005,1.084764,-3.381595,-0.6303220558175007,1.084764,-5.412619567270547,2.402913e-09,23.54289,world_and_InstrumentFrame,recorded deposit sample; not a full Geant4 step
S3d_O8__gamma__s10_gamma_instant_S3d_O8_shard0014__ID19932,CC:53,cc_energy_deposit,CC HIT,53,eIoni,e-,TP_L2_00329,26,-4.286281,1.084323,-3.352766,-0.6600947868393598,1.084323,-5.401621935502752,2.401856e-09,196.5581,world_and_InstrumentFrame,recorded deposit sample; not a full Geant4 step
S3d_O8__gamma__s10_gamma_instant_S3d_O8_shard0014__ID19932,CC:54,cc_energy_deposit,CC HIT,54,eIoni,e-,TP_L2_00329,25,-4.281441,1.08404,-3.348717,-0.6595354653754413,1.08404,-5.395336463324785,2.401629e-09,28.8215,world_and_InstrumentFrame,recorded deposit sample; not a full Geant4 step
S3d_O8__gamma__s10_gamma_instant_S3d_O8_shard0014__ID19932,CC:55,cc_energy_deposit,CC HIT,55,eIoni,e-,ColdPlate_Still_0p7K,24,5.264772,1.462013,9.871321,-3.2573220357681096,1.462013,10.702834000970233,2.542801e-09,90.14269,world_and_InstrumentFrame,recorded deposit sample; not a full Geant4 step
S3d_O8__gamma__s10_gamma_instant_S3d_O8_shard0014__ID19932,CC:56,cc_energy_deposit,CC HIT,56,eIoni,e-,ColdPlate_Still_0p7K,23,5.324418,1.56274,9.824238,-3.1818532361188505,1.56274,10.71171738346228,2.538576e-09,37.56584,world_and_InstrumentFrame,recorded deposit sample; not a full Geant4 step
S3d_O8__gamma__s10_gamma_instant_S3d_O8_shard0014__ID19932,CC:57,cc_energy_deposit,CC HIT,57,eIoni,e-,ColdPlate_Still_0p7K,22,5.233489,1.654707,9.96157,-3.3432581370992733,1.654707,10.744529259429681,2.532297e-09,82.83181,world_and_InstrumentFrame,recorded deposit sample; not a full Geant4 step
S3d_O8__gamma__s10_gamma_instant_S3d_O8_shard0014__ID19932,CC:58,cc_energy_deposit,CC HIT,58,eIoni,e-,ColdPlate_Still_0p7K,21,5.419373,0.5873725,10.27354,-3.4324144027119603,0.5873725,11.096565198870529,2.49478e-09,239.9007,world_and_InstrumentFrame,recorded deposit sample; not a full Geant4 step
S3d_O8__gamma__s10_gamma_instant_S3d_O8_shard0014__ID19932,CC:59,cc_energy_deposit,CC HIT,59,eIoni,e-,ColdPlate_Still_0p7K,21,5.420737,0.5864548,10.2755,-3.432835838353547,0.5864548,11.098915621811193,2.494791e-09,50.63653,world_and_InstrumentFrame,recorded deposit sample; not a full Geant4 step
S3d_O8__gamma__s10_gamma_instant_S3d_O8_shard0014__ID19932,CC:60,cc_energy_deposit,CC HIT,60,phot,gamma,TP_L2_00329,30,-4.273005,1.084764,-3.381595,-0.6303220558175007,1.084764,-5.412619567270547,2.402911e-09,1.7416,world_and_InstrumentFrame,recorded deposit sample; not a full Geant4 step
S3d_O8__gamma__s10_gamma_instant_S3d_O8_shard0014__ID19932,CC:61,cc_energy_deposit,CC HIT,61,eIoni,e-,TP_L2_00329,31,-4.273005,1.08477,-3.381594,-0.6303227629242817,1.08477,-5.412618860163767,2.402911e-09,4.299713,world_and_InstrumentFrame,recorded deposit sample; not a full Geant4 step
S3d_O8__gamma__s10_gamma_instant_S3d_O8_shard0014__ID19932,HT:1,tes_fixed_pixel_center,HTsim type 2,1,tes_pixel_aggregate,,TP_L2_00329,,-4.21082,1.085,-3.36229,-0.6000013170402214,1.085,-5.354997435671655,0.0,510.99891,world_and_InstrumentFrame,"fixed TES pixel center, not deposit centroid"
S3d_O8__gamma__r6_s10_gamma_instant_S3d_O8_bundle0015__ID8081,IA:1,ia_interaction,IA,1,INIT,1,,,25.46579,-31.55969,-38.99286,45.57914852113026,-31.55969,-9.565082926585113,0.0,6345.94,world_and_InstrumentFrame,recorded SIM interaction vertex
S3d_O8__gamma__r6_s10_gamma_instant_S3d_O8_bundle0015__ID8081,IA:2,ia_interaction,IA,2,PAIR,2,Nb_MagShield_Inner_Cylinder_2mm,,0.73558,-2.48615,-3.47474,2.9771458229653454,-2.48615,-1.9368786107549436,1.739142800375e-09,4358.414,world_and_InstrumentFrame,recorded SIM interaction vertex
S3d_O8__gamma__r6_s10_gamma_instant_S3d_O8_bundle0015__ID8081,IA:3,ia_interaction,IA,3,PAIR,3,Nb_MagShield_Inner_Cylinder_2mm,,0.73558,-2.48615,-3.47474,2.9771458229653454,-2.48615,-1.9368786107549436,1.739142800375e-09,965.528,world_and_InstrumentFrame,recorded SIM interaction vertex
S3d_O8__gamma__r6_s10_gamma_instant_S3d_O8_bundle0015__ID8081,IA:4,ia_interaction,IA,4,BREM,1,Nb_MagShield_Inner_Cylinder_2mm,,0.68285,-2.41969,-3.46058,2.9298474503717773,-2.41969,-1.9641517193053089,1.742186132884e-09,22.882,world_and_InstrumentFrame,recorded SIM interaction vertex
S3d_O8__gamma__r6_s10_gamma_instant_S3d_O8_bundle0015__ID8081,IA:5,ia_interaction,IA,5,BREM,1,Nb_MagShield_Inner_Back_ColdFingerCap_2mm,,0.55182,0.1724,-5.26062,4.110015739239937,0.1724,-3.329624411251215,1.849128508655e-09,3.836,world_and_InstrumentFrame,recorded SIM interaction vertex
S3d_O8__gamma__r6_s10_gamma_instant_S3d_O8_bundle0015__ID8081,IA:6,ia_interaction,IA,6,BREM,1,Nb_MagShield_Inner_Back_ColdFingerCap_2mm,,0.55927,0.12805,-5.27595,4.126123631715366,0.12805,-3.3351964126869653,1.851222200224e-09,7.261,world_and_InstrumentFrame,recorded SIM interaction vertex
S3d_O8__gamma__r6_s10_gamma_instant_S3d_O8_bundle0015__ID8081,IA:7,ia_interaction,IA,7,BREM,1,Cu_SubstrateSupport_SolidDisk_L0_deepest,,-0.2436,-0.90412,-5.31819,3.588277000741443,-0.90412,-3.9327794245355285,1.899415651464e-09,63.686,world_and_InstrumentFrame,recorded SIM interaction vertex
S3d_O8__gamma__r6_s10_gamma_instant_S3d_O8_bundle0015__ID8081,IA:8,ia_interaction,IA,8,ANNI,1,Cu_SubstrateSupport_SolidDisk_L0_deepest,,-0.24875,-0.90235,-5.31939,3.5854839289557554,-0.90235,-3.9372695525960633,1.89977281485e-09,510.999,world_and_InstrumentFrame,recorded SIM interaction vertex
S3d_O8__gamma__r6_s10_gamma_instant_S3d_O8_bundle0015__ID8081,IA:9,ia_interaction,IA,9,ANNI,1,Cu_SubstrateSupport_SolidDisk_L0_deepest,,-0.24875,-0.90235,-5.31939,3.5854839289557554,-0.90235,-3.9372695525960633,1.89977281485e-09,510.999,world_and_InstrumentFrame,recorded SIM interaction vertex
S3d_O8__gamma__r6_s10_gamma_instant_S3d_O8_bundle0015__ID8081,IA:10,ia_interaction,IA,10,COMP,3,ColdPlate_MXC_50mK_SD_anchor,,4.2357,1.12668,-4.48635,6.167420700848127,1.12668,-0.17723631470440834,2.066291908595e-09,123.393,world_and_InstrumentFrame,recorded SIM interaction vertex
S3d_O8__gamma__r6_s10_gamma_instant_S3d_O8_bundle0015__ID8081,IA:11,ia_interaction,IA,11,COMP,1,ColdPlate_MXC_50mK_SD_anchor,,4.2357,1.12668,-4.48635,6.167420700848127,1.12668,-0.17723631470440834,2.066291908595e-09,8.006,world_and_InstrumentFrame,recorded SIM interaction vertex
S3d_O8__gamma__r6_s10_gamma_instant_S3d_O8_bundle0015__ID8081,IA:12,ia_interaction,IA,12,COMP,3,ColdPlate_MXC_50mK_SD_anchor,,4.49618,1.90124,-4.16308,6.123021466057423,1.90124,0.23553726881323897,2.095605562535e-09,175.775,world_and_InstrumentFrame,recorded SIM interaction vertex
S3d_O8__gamma__r6_s10_gamma_instant_S3d_O8_bundle0015__ID8081,IA:13,ia_interaction,IA,13,COMP,3,ColdPlate_MXC_50mK_SD_anchor,,4.44329,1.82688,-4.09752,6.0392646678258775,1.82688,0.2444963117308725,2.099353328171e-09,3.681,world_and_InstrumentFrame,recorded SIM interaction vertex
S3d_O8__gamma__r6_s10_gamma_instant_S3d_O8_bundle0015__ID8081,IA:14,ia_interaction,IA,14,COMP,3,ColdPlate_MXC_50mK_SD_anchor,,3.52615,0.81541,-3.59012,5.031962773754393,0.81541,-0.04523362079250366,2.147940205989e-09,49.78,world_and_InstrumentFrame,recorded SIM interaction vertex
S3d_O8__gamma__r6_s10_gamma_instant_S3d_O8_bundle0015__ID8081,IA:15,ia_interaction,IA,15,COMP,3,ColdPlate_MXC_50mK_SD_anchor,,3.48252,0.75364,-3.72018,5.093078012852346,0.75364,-0.16805099761679487,2.152958637838e-09,14.278,world_and_InstrumentFrame,recorded SIM interaction vertex
S3d_O8__gamma__r6_s10_gamma_instant_S3d_O8_bundle0015__ID8081,IA:16,ia_interaction,IA,16,COMP,3,MuMetal_MagShield_Outer_Back_ColdFingerCap_2mm,,1.5775,-3.21072,-4.68711,4.4297482124890575,-3.21072,-2.1988263178455,2.303174444304e-09,12.206,world_and_InstrumentFrame,recorded SIM interaction vertex
S3d_O8__gamma__r6_s10_gamma_instant_S3d_O8_bundle0015__ID8081,IA:17,ia_interaction,IA,17,COMP,3,MuMetal_MagShield_Outer_Back_ColdFingerCap_2mm,,1.55331,-3.22227,-4.75617,4.461476093760898,-3.22227,-2.264764025191146,2.305645557024e-09,6.615,world_and_InstrumentFrame,recorded SIM interaction vertex
S3d_O8__gamma__r6_s10_gamma_instant_S3d_O8_bundle0015__ID8081,IA:18,ia_interaction,IA,18,COMP,3,MuMetal_MagShield_Outer_Back_ColdFingerCap_2mm,,1.55503,-3.21798,-4.7604,4.465683379108958,-3.21798,-2.266538863211924,2.305854362295e-09,21.674,world_and_InstrumentFrame,recorded SIM interaction vertex
S3d_O8__gamma__r6_s10_gamma_instant_S3d_O8_bundle0015__ID8081,IA:19,ia_interaction,IA,19,PHOT,3,Cu_50mK_StillLike_Can_bottom_cap_2mm,,-2.77375,-9.58762,-10.94518,5.778073564991191,-9.58762,-9.700748433623563,2.635327661169e-09,76.103,world_and_InstrumentFrame,recorded SIM interaction vertex
S3d_O8__gamma__r6_s10_gamma_instant_S3d_O8_bundle0015__ID8081,IA:20,ia_interaction,IA,20,PHOT,1,Cu_50mK_StillLike_Can_bottom_cap_2mm,,-2.77375,-9.58762,-10.94518,5.778073564991191,-9.58762,-9.700748433623563,2.635327661169e-09,8.006,world_and_InstrumentFrame,recorded SIM interaction vertex
S3d_O8__gamma__r6_s10_gamma_instant_S3d_O8_bundle0015__ID8081,IA:21,ia_interaction,IA,21,PHOT,3,Cu_50mK_StillLike_Can_bottom_cap_2mm,,-2.77391,-9.59063,-10.94467,5.777599803447797,-9.59063,-9.700500946250147,2.635429386645e-09,7.068,world_and_InstrumentFrame,recorded SIM interaction vertex
S3d_O8__gamma__r6_s10_gamma_instant_S3d_O8_bundle0015__ID8081,IA:22,ia_interaction,IA,22,PHOT,3,ColdPlate_MXC_50mK_SD_anchor,,4.23653,1.12599,-4.48387,6.16625397465917,1.12599,-0.1748957912586803,2.066382448523e-09,6.92,world_and_InstrumentFrame,recorded SIM interaction vertex
S3d_O8__gamma__r6_s10_gamma_instant_S3d_O8_bundle0015__ID8081,IA:23,ia_interaction,IA,23,COMP,3,TP_L5_00019,,-1.24652,-1.3538,-5.50473,3.0110091667163688,-1.3538,-4.77385465648568,1.936822463099e-09,69.342,world_and_InstrumentFrame,recorded SIM interaction vertex
S3d_O8__gamma__r6_s10_gamma_instant_S3d_O8_bundle0015__ID8081,IA:24,ia_interaction,IA,24,COMP,3,TP_L5_00006,,-1.411,-1.59222,-5.63465,2.986571556358561,-1.59222,-4.982026892866999,1.947411548991e-09,236.776,world_and_InstrumentFrame,recorded SIM interaction vertex
S3d_O8__gamma__r6_s10_gamma_instant_S3d_O8_bundle0015__ID8081,IA:25,ia_interaction,IA,25,PHOT,3,TP_L5_00006,,-1.35137,-1.5328,-5.72628,3.0935285280808387,-1.5328,-5.004654309864969,1.951561841027e-09,137.023,world_and_InstrumentFrame,recorded SIM interaction vertex
S3d_O8__gamma__r6_s10_gamma_instant_S3d_O8_bundle0015__ID8081,IA:26,ia_interaction,IA,26,PHOT,1,TP_L5_00006,,-1.35137,-1.5328,-5.72628,3.0935285280808387,-1.5328,-5.004654309864969,1.951561841027e-09,57.686,world_and_InstrumentFrame,recorded SIM interaction vertex
S3d_O8__gamma__r6_s10_gamma_instant_S3d_O8_bundle0015__ID8081,IA:27,ia_interaction,IA,27,PHOT,3,TP_L5_00006,,-1.35752,-1.53079,-5.73804,3.097495397123295,-1.53079,-5.01731859231602,1.952009624508e-09,46.03,world_and_InstrumentFrame,recorded SIM interaction vertex
S3d_O8__gamma__r6_s10_gamma_instant_S3d_O8_bundle0015__ID8081,IA:28,ia_interaction,IA,28,PHOT,3,Nb_MagShield_Inner_Back_ColdFingerCap_2mm,,1.11764,1.02102,-4.68519,4.103220443072734,1.02102,-2.522638797222068,1.980847868676e-09,44.738,world_and_InstrumentFrame,recorded SIM interaction vertex
S3d_O8__gamma__r6_s10_gamma_instant_S3d_O8_bundle0015__ID8081,IA:29,ia_interaction,IA,29,PHOT,1,Nb_MagShield_Inner_Back_ColdFingerCap_2mm,,1.11764,1.02102,-4.68519,4.103220443072734,1.02102,-2.522638797222068,1.980847868676e-09,16.579,world_and_InstrumentFrame,recorded SIM interaction vertex
S3d_O8__gamma__r6_s10_gamma_instant_S3d_O8_bundle0015__ID8081,IA:30,ia_interaction,IA,30,RAYL,0,Nb_MagShield_Inner_Back_ColdFingerCap_2mm,,1.12265,1.02794,-4.68639,4.107611576183903,1.02794,-2.5199447203857472,1.981135515554e-09,0.0,world_and_InstrumentFrame,recorded SIM interaction vertex
S3d_O8__gamma__r6_s10_gamma_instant_S3d_O8_bundle0015__ID8081,IA:31,ia_interaction,IA,31,PHOT,3,Cu_SubstrateSupport_SolidDisk_L0_deepest,,0.38713,1.62284,-4.63018,3.547773924315077,1.62284,-3.000289427913581,2.012746125917e-09,7.636,world_and_InstrumentFrame,recorded SIM interaction vertex
S3d_O8__gamma__r6_s10_gamma_instant_S3d_O8_bundle0015__ID8081,IA:32,ia_interaction,IA,32,PHOT,3,Nb_MagShield_Inner_Back_ColdFingerCap_2mm,,0.55918,0.12462,-5.27509,4.125451880273239,0.12462,-3.334651940465451,1.85139354971e-09,13.903,world_and_InstrumentFrame,recorded SIM interaction vertex
S3d_O8__gamma__r6_s10_gamma_instant_S3d_O8_bundle0015__ID8081,IA:33,ia_interaction,IA,33,PHOT,3,Nb_MagShield_Inner_Back_ColdFingerCap_2mm,,0.55956,0.1254,-5.2771,4.127141865480275,0.1254,-3.3358045245187853,1.85131919045e-09,4.892,world_and_InstrumentFrame,recorded SIM interaction vertex
S3d_O8__gamma__r6_s10_gamma_instant_S3d_O8_bundle0015__ID8081,IA:34,ia_interaction,IA,34,RAYL,0,Nb_MagShield_Inner_Back_ColdFingerCap_2mm,,0.55541,0.15369,-5.26937,4.118741436919779,0.15369,-3.3332730822421377,1.850209752145e-09,0.0,world_and_InstrumentFrame,recorded SIM interaction vertex
S3d_O8__gamma__r6_s10_gamma_instant_S3d_O8_bundle0015__ID8081,IA:35,ia_interaction,IA,35,PHOT,3,Nb_MagShield_Inner_Back_ColdFingerCap_2mm,,0.55204,0.14843,-5.26911,4.116174639304072,0.14843,-3.3354721843316284,1.850418332092e-09,14.015,world_and_InstrumentFrame,recorded SIM interaction vertex
S3d_O8__gamma__r6_s10_gamma_instant_S3d_O8_bundle0015__ID8081,IA:36,ia_interaction,IA,36,PHOT,3,Nb_MagShield_Inner_Back_ColdFingerCap_2mm,,0.55171,0.17267,-5.26095,4.110171302731798,0.17267,-3.3299355382349374,1.849143275365e-09,1.16,world_and_InstrumentFrame,recorded SIM interaction vertex
S3d_O8__gamma__r6_s10_gamma_instant_S3d_O8_bundle0015__ID8081,IA:37,ia_interaction,IA,37,PHOT,3,Nb_MagShield_Inner_Cylinder_2mm,,0.67805,-2.39879,-3.45835,2.9248764897000354,-2.39879,-1.965968983732958,1.742878350509e-09,1.554,world_and_InstrumentFrame,recorded SIM interaction vertex
S3d_O8__gamma__r6_s10_gamma_instant_S3d_O8_bundle0015__ID8081,IA:38,ia_interaction,IA,38,PHOT,3,Nb_MagShield_Inner_Cylinder_2mm,,0.68064,-2.40942,-3.46283,2.929875734643024,-2.40942,-1.9673054155494007,1.742548979302e-09,1.798,world_and_InstrumentFrame,recorded SIM interaction vertex
S3d_O8__gamma__r6_s10_gamma_instant_S3d_O8_bundle0015__ID8081,IA:39,ia_interaction,IA,39,PHOT,3,Nb_MagShield_Inner_Cylinder_2mm,,0.68279,-2.41927,-3.46063,2.9298403793039647,-2.41927,-1.9642295010512396,1.742200519483e-09,3.934,world_and_InstrumentFrame,recorded SIM interaction vertex
S3d_O8__gamma__r6_s10_gamma_instant_S3d_O8_bundle0015__ID8081,IA:40,ia_interaction,IA,40,PHOT,1,Nb_MagShield_Inner_Cylinder_2mm,,0.68279,-2.41927,-3.46063,2.9298403793039647,-2.41927,-1.9642295010512396,1.742200519483e-09,16.579,world_and_InstrumentFrame,recorded SIM interaction vertex
S3d_O8__gamma__r6_s10_gamma_instant_S3d_O8_bundle0015__ID8081,IA:41,ia_interaction,IA,41,PHOT,3,Nb_MagShield_Inner_Cylinder_2mm,,0.68413,-2.41914,-3.46143,2.9313535878157038,-2.41914,-1.9638476633893984,1.742252621924e-09,13.903,world_and_InstrumentFrame,recorded SIM interaction vertex
S3d_O8__gamma__r6_s10_gamma_instant_S3d_O8_bundle0015__ID8081,CC:1,cc_energy_deposit,CC HIT,1,eIoni,e-,Nb_MagShield_Inner_Cylinder_2mm,2,0.7355841,-2.486147,-3.474744,2.9771515505302726,-2.486147,-1.9368785400442654,1.73957e-09,316.2672,world_and_InstrumentFrame,recorded deposit sample; not a full Geant4 step
S3d_O8__gamma__r6_s10_gamma_instant_S3d_O8_bundle0015__ID8081,CC:2,cc_energy_deposit,CC HIT,2,eIoni,e-,Nb_MagShield_Inner_Cylinder_2mm,2,0.7320596,-2.48763,-3.463353,2.966604699335485,-2.48763,-1.9313160845500617,1.739828e-09,233.5762,world_and_InstrumentFrame,recorded deposit sample; not a full Geant4 step
S3d_O8__gamma__r6_s10_gamma_instant_S3d_O8_bundle0015__ID8081,CC:3,cc_energy_deposit,CC HIT,3,eIoni,e-,Nb_MagShield_Inner_Cylinder_2mm,2,0.7363142,-2.492519,-3.460892,2.967872966058221,-2.492519,-1.9265674382503248,1.739971e-09,196.8628,world_and_InstrumentFrame,recorded deposit sample; not a full Geant4 step
S3d_O8__gamma__r6_s10_gamma_instant_S3d_O8_bundle0015__ID8081,CC:4,cc_energy_deposit,CC HIT,4,eIoni,e-,Nb_MagShield_Inner_Cylinder_2mm,2,0.7368075,-2.489311,-3.462441,2.969317090237438,-2.489311,-1.927313930879224,1.740033e-09,200.9925,world_and_InstrumentFrame,recorded deposit sample; not a full Geant4 step
S3d_O8__gamma__r6_s10_gamma_instant_S3d_O8_bundle0015__ID8081,CC:5,cc_energy_deposit,CC HIT,5,eIoni,e-,Nb_MagShield_Inner_Cylinder_2mm,2,0.7372948,-2.489702,-3.461273,2.9688357626514845,-2.489702,-1.9261434570243257,1.740036e-09,17.82893,world_and_InstrumentFrame,recorded deposit sample; not a full Geant4 step
S3d_O8__gamma__r6_s10_gamma_instant_S3d_O8_bundle0015__ID8081,CC:6,cc_energy_deposit,CC HIT,6,msc,e+,Nb_MagShield_Inner_Cylinder_2mm,3,0.7355841,-2.486147,-3.474744,2.9771515505302726,-2.486147,-1.9368785400442654,1.739762e-09,194.7072,world_and_InstrumentFrame,recorded deposit sample; not a full Geant4 step
S3d_O8__gamma__r6_s10_gamma_instant_S3d_O8_bundle0015__ID8081,CC:7,cc_energy_deposit,CC HIT,7,eIoni,e+,Nb_MagShield_Inner_Cylinder_2mm,3,0.7244739,-2.476252,-3.462693,2.9607741089498543,-2.476252,-1.9362132939845251,1.7399e-09,37.98405,world_and_InstrumentFrame,recorded deposit sample; not a full Geant4 step
S3d_O8__gamma__r6_s10_gamma_instant_S3d_O8_bundle0015__ID8081,CC:8,cc_energy_deposit,CC HIT,8,msc,e+,Nb_MagShield_Inner_Cylinder_2mm,3,0.7223089,-2.473452,-3.460488,2.9576840523160692,-2.473452,-1.9361850097132778,1.740518e-09,198.7822,world_and_InstrumentFrame,recorded deposit sample; not a full Geant4 step
S3d_O8__gamma__r6_s10_gamma_instant_S3d_O8_bundle0015__ID8081,CC:9,cc_energy_deposit,CC HIT,9,msc,e+,Nb_MagShield_Inner_Cylinder_2mm,3,0.7098771,-2.460398,-3.455231,2.9451761818850173,-2.460398,-1.941258359446935,1.741133e-09,207.5619,world_and_InstrumentFrame,recorded deposit sample; not a full Geant4 step
S3d_O8__gamma__r6_s10_gamma_instant_S3d_O8_bundle0015__ID8081,CC:10,cc_energy_deposit,CC HIT,10,msc,e+,Nb_MagShield_Inner_Cylinder_2mm,3,0.6955091,-2.448131,-3.452863,2.9333420427950787,-2.448131,-1.9497436408211737,1.741745e-09,183.8812,world_and_InstrumentFrame,recorded deposit sample; not a full Geant4 step
S3d_O8__gamma__r6_s10_gamma_instant_S3d_O8_bundle0015__ID8081,CC:11,cc_energy_deposit,CC HIT,11,eIoni,e+,Nb_MagShield_Inner_Cylinder_2mm,3,0.68616,-2.431946,-3.45678,2.9295009680489956,-2.431946,-1.9591241900910725,1.742046e-09,70.92868,world_and_InstrumentFrame,recorded deposit sample; not a full Geant4 step
S3d_O8__gamma__r6_s10_gamma_instant_S3d_O8_bundle0015__ID8081,CC:12,cc_energy_deposit,CC HIT,12,eBrem,e+,Nb_MagShield_Inner_Cylinder_2mm,3,0.6832955,-2.423805,-3.459767,2.929587588629691,-2.423805,-1.9632618254211855,1.742186e-09,26.65811,world_and_InstrumentFrame,recorded deposit sample; not a full Geant4 step
S3d_O8__gamma__r6_s10_gamma_instant_S3d_O8_bundle0015__ID8081,CC:13,cc_energy_deposit,CC HIT,13,msc,e+,Nb_MagShield_Inner_Cylinder_2mm,3,0.6828477,-2.419694,-3.460576,2.929842995599055,-2.419694,-1.964150517223781,1.74279e-09,143.6325,world_and_InstrumentFrame,recorded deposit sample; not a full Geant4 step
S3d_O8__gamma__r6_s10_gamma_instant_S3d_O8_bundle0015__ID8081,CC:14,cc_energy_deposit,CC HIT,14,msc,e+,Nb_MagShield_Inner_Cylinder_2mm,3,0.6784244,-2.401387,-3.458096,2.9249616253564903,-2.401387,-1.9655246378316604,1.743389e-09,169.1726,world_and_InstrumentFrame,recorded deposit sample; not a full Geant4 step
S3d_O8__gamma__r6_s10_gamma_instant_S3d_O8_bundle0015__ID8081,CC:15,cc_energy_deposit,CC HIT,15,msc,e+,Nb_MagShield_Inner_Cylinder_2mm,3,0.6809452,-2.383417,-3.462677,2.9299833562951205,-2.383417,-1.966981419222261,1.743984e-09,154.1583,world_and_InstrumentFrame,recorded deposit sample; not a full Geant4 step
S3d_O8__gamma__r6_s10_gamma_instant_S3d_O8_bundle0015__ID8081,CC:16,cc_energy_deposit,CC HIT,16,msc,e+,Nb_MagShield_Inner_Cylinder_2mm,3,0.6845812,-2.371299,-3.477165,2.9427989595973454,-2.371299,-1.9746549420116977,1.744149e-09,45.255,world_and_InstrumentFrame,recorded deposit sample; not a full Geant4 step
S3d_O8__gamma__r6_s10_gamma_instant_S3d_O8_bundle0015__ID8081,CC:17,cc_energy_deposit,CC HIT,17,msc,e+,Nb_MagShield_Inner_Cylinder_2mm,3,0.6857684,-2.367799,-3.480352,2.945891986079612,-2.367799,-1.9760690141527144,1.74415e-09,0.01426448,world_and_InstrumentFrame,recorded deposit sample; not a full Geant4 step
S3d_O8__gamma__r6_s10_gamma_instant_S3d_O8_bundle0015__ID8081,CC:18,cc_energy_deposit,CC HIT,18,msc,e+,Nb_MagShield_Inner_Cylinder_2mm,3,0.685767,-2.367777,-3.480367,2.9459016027318365,-2.367777,-1.976080610703926,1.74415e-09,0.02059609,world_and_InstrumentFrame,recorded deposit sample; not a full Geant4 step
S3d_O8__gamma__r6_s10_gamma_instant_S3d_O8_bundle0015__ID8081,CC:19,cc_energy_deposit,CC HIT,19,Transportation,e+,Nb_MagShield_Inner_Cylinder_2mm,3,0.6857669,-2.367774,-3.480369,2.9459029462347206,-2.367774,-1.9760820956281664,1.74415e-09,0.0002254722,world_and_InstrumentFrame,recorded deposit sample; not a full Geant4 step
S3d_O8__gamma__r6_s10_gamma_instant_S3d_O8_bundle0015__ID8081,CC:20,cc_energy_deposit,CC HIT,20,msc,e+,Nb_MagShield_Inner_Back_ColdFingerCap_2mm,3,0.5456472,0.1528573,-5.252628,4.0999997131057855,0.1528573,-3.32833804259488,1.848386e-09,0.02860419,world_and_InstrumentFrame,recorded deposit sample; not a full Geant4 step
S3d_O8__gamma__r6_s10_gamma_instant_S3d_O8_bundle0015__ID8081,CC:21,cc_energy_deposit,CC HIT,21,msc,e+,Nb_MagShield_Inner_Back_ColdFingerCap_2mm,3,0.5456471,0.1528594,-5.25263,4.1000010566086695,0.1528594,-3.328339527519121,1.848722e-09,90.4059,world_and_InstrumentFrame,recorded deposit sample; not a full Geant4 step
S3d_O8__gamma__r6_s10_gamma_instant_S3d_O8_bundle0015__ID8081,CC:22,cc_energy_deposit,CC HIT,22,msc,e+,Nb_MagShield_Inner_Back_ColdFingerCap_2mm,3,0.5474201,0.1622084,-5.256798,4.104201977995698,0.1622084,-3.330033048260063,1.849089e-09,82.1023,world_and_InstrumentFrame,recorded deposit sample; not a full Geant4 step
S3d_O8__gamma__r6_s10_gamma_instant_S3d_O8_bundle0015__ID8081,CC:23,cc_energy_deposit,CC HIT,23,eBrem,e+,Nb_MagShield_Inner_Back_ColdFingerCap_2mm,3,0.5519579,0.1720726,-5.259498,4.1093198754565705,0.1720726,-3.328733527417598,1.849129e-09,9.224742,world_and_InstrumentFrame,recorded deposit sample; not a full Geant4 step
S3d_O8__gamma__r6_s10_gamma_instant_S3d_O8_bundle0015__ID8081,CC:24,cc_energy_deposit,CC HIT,24,msc,e+,Nb_MagShield_Inner_Back_ColdFingerCap_2mm,3,0.5518247,0.1724036,-5.260623,4.110021183962152,0.1724036,-3.329623209169687,1.849494e-09,83.20813,world_and_InstrumentFrame,recorded deposit sample; not a full Geant4 step
S3d_O8__gamma__r6_s10_gamma_instant_S3d_O8_bundle0015__ID8081,CC:25,cc_energy_deposit,CC HIT,25,msc,e+,Nb_MagShield_Inner_Back_ColdFingerCap_2mm,3,0.5509004,0.1739923,-5.271612,4.11713800158276,0.1739923,-3.338047184385997,1.849859e-09,92.75864,world_and_InstrumentFrame,recorded deposit sample; not a full Geant4 step
S3d_O8__gamma__r6_s10_gamma_instant_S3d_O8_bundle0015__ID8081,CC:26,cc_energy_deposit,CC HIT,26,msc,e+,Nb_MagShield_Inner_Back_ColdFingerCap_2mm,3,0.556089,0.1640911,-5.269612,4.119392682265252,0.1640911,-3.3329640765787594,1.850222e-09,71.94847,world_and_InstrumentFrame,recorded deposit sample; not a full Geant4 step
S3d_O8__gamma__r6_s10_gamma_instant_S3d_O8_bundle0015__ID8081,CC:27,cc_energy_deposit,CC HIT,27,msc,e+,Nb_MagShield_Inner_Back_ColdFingerCap_2mm,3,0.5599585,0.1555084,-5.263381,4.117722849601479,0.1555084,-3.325821944535385,1.850584e-09,135.7786,world_and_InstrumentFrame,recorded deposit sample; not a full Geant4 step
S3d_O8__gamma__r6_s10_gamma_instant_S3d_O8_bundle0015__ID8081,CC:28,cc_energy_deposit,CC HIT,28,msc,e+,Nb_MagShield_Inner_Back_ColdFingerCap_2mm,3,0.5593386,0.1442248,-5.265048,4.11846326111206,0.1442248,-3.32743902703328,1.850942e-09,67.97596,world_and_InstrumentFrame,recorded deposit sample; not a full Geant4 step
S3d_O8__gamma__r6_s10_gamma_instant_S3d_O8_bundle0015__ID8081,CC:29,cc_energy_deposit,CC HIT,29,eBrem,e+,Nb_MagShield_Inner_Back_ColdFingerCap_2mm,3,0.559308,0.1355686,-5.271556,4.123043474576518,0.1355686,-3.332062515432747,1.851222e-09,63.86752,world_and_InstrumentFrame,recorded deposit sample; not a full Geant4 step
S3d_O8__gamma__r6_s10_gamma_instant_S3d_O8_bundle0015__ID8081,CC:30,cc_energy_deposit,CC HIT,30,eIoni,e+,Nb_MagShield_Inner_Back_ColdFingerCap_2mm,3,0.5592678,0.1280503,-5.275947,4.126119954760104,0.1280503,-3.3351958470015406,1.85146e-09,48.0746,world_and_InstrumentFrame,recorded deposit sample; not a full Geant4 step
S3d_O8__gamma__r6_s10_gamma_instant_S3d_O8_bundle0015__ID8081,CC:31,cc_energy_deposit,CC HIT,31,msc,e+,Nb_MagShield_Inner_Back_ColdFingerCap_2mm,3,0.5564009,0.1217337,-5.278406,4.125831525904058,0.1217337,-3.338961827007462,1.851812e-09,91.58208,world_and_InstrumentFrame,recorded deposit sample; not a full Geant4 step
S3d_O8__gamma__r6_s10_gamma_instant_S3d_O8_bundle0015__ID8081,CC:32,cc_energy_deposit,CC HIT,32,msc,e+,Nb_MagShield_Inner_Back_ColdFingerCap_2mm,3,0.55355,0.1118686,-5.274766,4.121241766498054,0.1118686,-3.3384038490464274,1.852161e-09,135.7672,world_and_InstrumentFrame,recorded deposit sample; not a full Geant4 step
S3d_O8__gamma__r6_s10_gamma_instant_S3d_O8_bundle0015__ID8081,CC:33,cc_energy_deposit,CC HIT,33,msc,e+,Nb_MagShield_Inner_Back_ColdFingerCap_2mm,3,0.5523584,0.1007602,-5.276508,4.121630958070419,0.1007602,-3.340478217499716,1.852505e-09,86.7309,world_and_InstrumentFrame,recorded deposit sample; not a full Geant4 step
S3d_O8__gamma__r6_s10_gamma_instant_S3d_O8_bundle0015__ID8081,CC:34,cc_energy_deposit,CC HIT,34,eIoni,e+,Nb_MagShield_Inner_Back_ColdFingerCap_2mm,3,0.548591,0.0911786,-5.277369,4.119575822921579,0.0911786,-3.34375099052576,1.852653e-09,33.8967,world_and_InstrumentFrame,recorded deposit sample; not a full Geant4 step
S3d_O8__gamma__r6_s10_gamma_instant_S3d_O8_bundle0015__ID8081,CC:35,cc_energy_deposit,CC HIT,35,msc,e+,Nb_MagShield_Inner_Back_ColdFingerCap_2mm,3,0.5446542,0.08916691,-5.276676,4.116302059946041,0.08916691,-3.346044703502573,1.852978e-09,97.68153,world_and_InstrumentFrame,recorded deposit sample; not a full Geant4 step
S3d_O8__gamma__r6_s10_gamma_instant_S3d_O8_bundle0015__ID8081,CC:36,cc_energy_deposit,CC HIT,36,msc,e+,Nb_MagShield_Inner_Back_ColdFingerCap_2mm,3,0.5381086,0.08360287,-5.272461,4.108693166716405,0.08360287,-3.347692686566806,1.853184e-09,64.29887,world_and_InstrumentFrame,recorded deposit sample; not a full Geant4 step
S3d_O8__gamma__r6_s10_gamma_instant_S3d_O8_bundle0015__ID8081,CC:37,cc_energy_deposit,CC HIT,37,msc,e+,Nb_MagShield_Inner_Back_ColdFingerCap_2mm,3,0.533697,0.07967289,-5.27228,4.105445708113129,0.07967289,-3.3506841725152943,1.853445e-09,74.23683,world_and_InstrumentFrame,recorded deposit sample; not a full Geant4 step
S3d_O8__gamma__r6_s10_gamma_instant_S3d_O8_bundle0015__ID8081,CC:38,cc_energy_deposit,CC HIT,38,msc,e+,Nb_MagShield_Inner_Back_ColdFingerCap_2mm,3,0.5304867,0.07342189,-5.26998,4.101549337616756,0.07342189,-3.3513278518182084,1.853504e-09,42.39863,world_and_InstrumentFrame,recorded deposit sample; not a full Geant4 step
S3d_O8__gamma__r6_s10_gamma_instant_S3d_O8_bundle0015__ID8081,CC:39,cc_energy_deposit,CC HIT,39,msc,e+,Nb_MagShield_Inner_Back_ColdFingerCap_2mm,3,0.5294096,0.07261455,-5.269003,4.10009686957752,0.07261455,-3.3513986332070047,1.853506e-09,1.458579,world_and_InstrumentFrame,recorded deposit sample; not a full Geant4 step
S3d_O8__gamma__r6_s10_gamma_instant_S3d_O8_bundle0015__ID8081,CC:40,cc_energy_deposit,CC HIT,40,Transportation,e+,Nb_MagShield_Inner_Back_ColdFingerCap_2mm,3,0.5293765,0.07257474,-5.269006,4.100075585663406,0.07257474,-3.351424159761806,1.853506e-09,0.00466701,world_and_InstrumentFrame,recorded deposit sample; not a full Geant4 step
S3d_O8__gamma__r6_s10_gamma_instant_S3d_O8_bundle0015__ID8081,CC:41,cc_energy_deposit,CC HIT,41,msc,e+,Cu_SubstrateSupport_SolidDisk_L0_deepest,3,-0.2352819,-0.914723,-5.319378,3.59499882851408,-0.914723,-3.9277376824749908,1.898098e-09,17.91278,world_and_InstrumentFrame,recorded deposit sample; not a full Geant4 step
S3d_O8__gamma__r6_s10_gamma_instant_S3d_O8_bundle0015__ID8081,CC:42,cc_energy_deposit,CC HIT,42,msc,e+,Cu_SubstrateSupport_SolidDisk_L0_deepest,3,-0.2371159,-0.9165252,-5.318783,3.5932812661425775,-0.9165252,-3.92861378777688,1.8982e-09,27.67834,world_and_InstrumentFrame,recorded deposit sample; not a full Geant4 step
S3d_O8__gamma__r6_s10_gamma_instant_S3d_O8_bundle0015__ID8081,CC:43,cc_energy_deposit,CC HIT,43,msc,e+,Cu_SubstrateSupport_SolidDisk_L0_deepest,3,-0.238728,-0.9186666,-5.317413,3.5911726030104014,-0.9186666,-3.928784978328606,1.898302e-09,29.68089,world_and_InstrumentFrame,recorded deposit sample; not a full Geant4 step
S3d_O8__gamma__r6_s10_gamma_instant_S3d_O8_bundle0015__ID8081,CC:44,cc_energy_deposit,CC HIT,44,msc,e+,Cu_SubstrateSupport_SolidDisk_L0_deepest,3,-0.2411672,-0.9204891,-5.317244,3.589328327103711,-0.9204891,-3.9303902521432548,1.898404e-09,26.85054,world_and_InstrumentFrame,recorded deposit sample; not a full Geant4 step
S3d_O8__gamma__r6_s10_gamma_instant_S3d_O8_bundle0015__ID8081,CC:45,cc_energy_deposit,CC HIT,45,eIoni,e+,Cu_SubstrateSupport_SolidDisk_L0_deepest,3,-0.2437244,-0.9213371,-5.318487,3.5883990473718756,-0.9213371,-3.9330773993331203,1.898476e-09,14.26582,world_and_InstrumentFrame,recorded deposit sample; not a full Geant4 step
S3d_O8__gamma__r6_s10_gamma_instant_S3d_O8_bundle0015__ID8081,CC:46,cc_energy_deposit,CC HIT,46,msc,e+,Cu_SubstrateSupport_SolidDisk_L0_deepest,3,-0.2456856,-0.9213746,-5.319153,3.5874832026688828,-0.9213746,-3.9349351102686536,1.898578e-09,27.22661,world_and_InstrumentFrame,recorded deposit sample; not a full Geant4 step
S3d_O8__gamma__r6_s10_gamma_instant_S3d_O8_bundle0015__ID8081,CC:47,cc_energy_deposit,CC HIT,47,msc,e+,Cu_SubstrateSupport_SolidDisk_L0_deepest,3,-0.2482364,-0.9201078,-5.319384,3.5858428563578864,-0.9201078,-3.9369021399125583,1.898679e-09,32.63294,world_and_InstrumentFrame,recorded deposit sample; not a full Geant4 step
S3d_O8__gamma__r6_s10_gamma_instant_S3d_O8_bundle0015__ID8081,CC:48,cc_energy_deposit,CC HIT,48,msc,e+,Cu_SubstrateSupport_SolidDisk_L0_deepest,3,-0.2497556,-0.9176016,-5.319399,3.584779226337625,-0.9176016,-3.937986983136255,1.898781e-09,26.58999,world_and_InstrumentFrame,recorded deposit sample; not a full Geant4 step
S3d_O8__gamma__r6_s10_gamma_instant_S3d_O8_bundle0015__ID8081,CC:49,cc_energy_deposit,CC HIT,49,msc,e+,Cu_SubstrateSupport_SolidDisk_L0_deepest,3,-0.2497545,-0.9148404,-5.319473,3.5848323300568925,-0.9148404,-3.9380385312206037,1.898882e-09,33.89828,world_and_InstrumentFrame,recorded deposit sample; not a full Geant4 step
S3d_O8__gamma__r6_s10_gamma_instant_S3d_O8_bundle0015__ID8081,CC:50,cc_energy_deposit,CC HIT,50,msc,e+,Cu_SubstrateSupport_SolidDisk_L0_deepest,3,-0.2485391,-0.912388,-5.319931,3.58601560254453,-0.912388,-3.9375029685445333,1.898982e-09,25.96921,world_and_InstrumentFrame,recorded deposit sample; not a full Geant4 step
S3d_O8__gamma__r6_s10_gamma_instant_S3d_O8_bundle0015__ID8081,CC:51,cc_energy_deposit,CC HIT,51,msc,e+,Cu_SubstrateSupport_SolidDisk_L0_deepest,3,-0.2461082,-0.9106285,-5.319509,3.5874361093572555,-0.9106285,-3.935485663608486,1.899083e-09,46.63644,world_and_InstrumentFrame,recorded deposit sample; not a full Geant4 step
S3d_O8__gamma__r6_s10_gamma_instant_S3d_O8_bundle0015__ID8081,CC:52,cc_energy_deposit,CC HIT,52,msc,e+,Cu_SubstrateSupport_SolidDisk_L0_deepest,3,-0.2451367,-0.9079638,-5.32016,3.5885833901097306,-0.9079638,-3.9352590358851147,1.899183e-09,47.72725,world_and_InstrumentFrame,recorded deposit sample; not a full Geant4 step
S3d_O8__gamma__r6_s10_gamma_instant_S3d_O8_bundle0015__ID8081,CC:53,cc_energy_deposit,CC HIT,53,msc,e+,Cu_SubstrateSupport_SolidDisk_L0_deepest,3,-0.2477464,-0.9089528,-5.319721,3.5864276336659278,-0.9089528,-3.936793952575037,1.899282e-09,30.37856,world_and_InstrumentFrame,recorded deposit sample; not a full Geant4 step
S3d_O8__gamma__r6_s10_gamma_instant_S3d_O8_bundle0015__ID8081,CC:54,cc_energy_deposit,CC HIT,54,msc,e+,Cu_SubstrateSupport_SolidDisk_L0_deepest,3,-0.2455426,-0.9072976,-5.31904,3.587504415872318,-0.9072976,-3.93475409093267,1.899381e-09,29.77096,world_and_InstrumentFrame,recorded deposit sample; not a full Geant4 step
S3d_O8__gamma__r6_s10_gamma_instant_S3d_O8_bundle0015__ID8081,CC:55,cc_energy_deposit,CC HIT,55,eBrem,e+,Cu_SubstrateSupport_SolidDisk_L0_deepest,3,-0.2440087,-0.9048463,-5.318553,3.588244685961542,-0.9048463,-3.93332509883857,1.899416e-09,14.14623,world_and_InstrumentFrame,recorded deposit sample; not a full Geant4 step
S3d_O8__gamma__r6_s10_gamma_instant_S3d_O8_bundle0015__ID8081,CC:56,cc_energy_deposit,CC HIT,56,msc,e+,Cu_SubstrateSupport_SolidDisk_L0_deepest,3,-0.2435963,-0.9041234,-5.318187,3.588277495716189,-0.9041234,-3.9327746869200944,1.89951e-09,63.54886,world_and_InstrumentFrame,recorded deposit sample; not a full Geant4 step
S3d_O8__gamma__r6_s10_gamma_instant_S3d_O8_bundle0015__ID8081,CC:57,cc_energy_deposit,CC HIT,57,msc,e+,Cu_SubstrateSupport_SolidDisk_L0_deepest,3,-0.2434546,-0.9013247,-5.318232,3.588409512552237,-0.9013247,-3.9327063096943538,1.899599e-09,35.7607,world_and_InstrumentFrame,recorded deposit sample; not a full Geant4 step
S3d_O8__gamma__r6_s10_gamma_instant_S3d_O8_bundle0015__ID8081,CC:58,cc_energy_deposit,CC HIT,58,msc,e+,Cu_SubstrateSupport_SolidDisk_L0_deepest,3,-0.2453802,-0.9017757,-5.32015,3.5884041385407,-0.9017757,-3.935424145318522,1.899684e-09,48.27492,world_and_InstrumentFrame,recorded deposit sample; not a full Geant4 step
S3d_O8__gamma__r6_s10_gamma_instant_S3d_O8_bundle0015__ID8081,CC:59,cc_energy_deposit,CC HIT,59,eIoni,e+,Cu_SubstrateSupport_SolidDisk_L0_deepest,3,-0.2478332,-0.9014994,-5.320835,3.587153973751562,-0.9014994,-3.937643046397885,1.899773e-09,225.8687,world_and_InstrumentFrame,recorded deposit sample; not a full Geant4 step
S3d_O8__gamma__r6_s10_gamma_instant_S3d_O8_bundle0015__ID8081,CC:60,cc_energy_deposit,CC HIT,60,eIoni,e-,Cu_SubstrateSupport_SolidDisk_L0_deepest,15,-0.2456856,-0.9213746,-5.319153,3.5874832026688828,-0.9213746,-3.9349351102686536,1.898497e-09,80.93923,world_and_InstrumentFrame,recorded deposit sample; not a full Geant4 step
S3d_O8__gamma__r6_s10_gamma_instant_S3d_O8_bundle0015__ID8081,CC:61,cc_energy_deposit,CC HIT,61,msc,e-,Nb_MagShield_Inner_Back_ColdFingerCap_2mm,14,0.5446542,0.08916691,-5.276676,4.116302059946041,0.08916691,-3.346044703502573,1.852666e-09,2.549917,world_and_InstrumentFrame,recorded deposit sample; not a full Geant4 step
S3d_O8__gamma__r6_s10_gamma_instant_S3d_O8_bundle0015__ID8081,CC:62,cc_energy_deposit,CC HIT,62,msc,e-,Nb_MagShield_Inner_Back_ColdFingerCap_2mm,14,0.5444008,0.08913074,-5.276803,4.116212681648899,0.08913074,-3.3463136869221364,1.852686e-09,3.417044,world_and_InstrumentFrame,recorded deposit sample; not a full Geant4 step
S3d_O8__gamma__r6_s10_gamma_instant_S3d_O8_bundle0015__ID8081,CC:63,cc_energy_deposit,CC HIT,63,msc,e-,Nb_MagShield_Inner_Back_ColdFingerCap_2mm,14,0.5439242,0.08918975,-5.276906,4.115948506555449,0.08918975,-3.346723526012512,1.852707e-09,4.645364,world_and_InstrumentFrame,recorded deposit sample; not a full Geant4 step
S3d_O8__gamma__r6_s10_gamma_instant_S3d_O8_bundle0015__ID8081,CC:64,cc_energy_deposit,CC HIT,64,msc,e-,Nb_MagShield_Inner_Back_ColdFingerCap_2mm,14,0.5435008,0.08908813,-5.27715,4.115821651598903,0.08908813,-3.3471954490782756,1.852727e-09,4.222685,world_and_InstrumentFrame,recorded deposit sample; not a full Geant4 step
S3d_O8__gamma__r6_s10_gamma_instant_S3d_O8_bundle0015__ID8081,CC:65,cc_energy_deposit,CC HIT,65,msc,e-,Nb_MagShield_Inner_Back_ColdFingerCap_2mm,14,0.5432346,0.08916586,-5.277574,4.115933233048975,0.08916586,-3.3476834941786513,1.852748e-09,4.731523,world_and_InstrumentFrame,recorded deposit sample; not a full Geant4 step
S3d_O8__gamma__r6_s10_gamma_instant_S3d_O8_bundle0015__ID8081,CC:66,cc_energy_deposit,CC HIT,66,msc,e-,Nb_MagShield_Inner_Back_ColdFingerCap_2mm,14,0.5430177,0.08941853,-5.277961,4.116053511912455,0.08941853,-3.3481105159638096,1.852769e-09,3.224823,world_and_InstrumentFrame,recorded deposit sample; not a full Geant4 step
S3d_O8__gamma__r6_s10_gamma_instant_S3d_O8_bundle0015__ID8081,CC:67,cc_energy_deposit,CC HIT,67,msc,e-,Nb_MagShield_Inner_Back_ColdFingerCap_2mm,14,0.5432532,0.08981035,-5.278174,4.116370649303816,0.08981035,-3.348094606061233,1.85279e-09,7.906312,world_and_InstrumentFrame,recorded deposit sample; not a full Geant4 step
S3d_O8__gamma__r6_s10_gamma_instant_S3d_O8_bundle0015__ID8081,CC:68,cc_energy_deposit,CC HIT,68,msc,e-,Nb_MagShield_Inner_Back_ColdFingerCap_2mm,14,0.5432888,0.09030254,-5.278294,4.116480675118969,0.09030254,-3.348154285873565,1.85281e-09,2.540234,world_and_InstrumentFrame,recorded deposit sample; not a full Geant4 step
S3d_O8__gamma__r6_s10_gamma_instant_S3d_O8_bundle0015__ID8081,CC:69,cc_energy_deposit,CC HIT,69,msc,e-,Nb_MagShield_Inner_Back_ColdFingerCap_2mm,14,0.543279,0.09080049,-5.278281,4.1164645530843575,0.09080049,-3.348152023131865,1.852831e-09,2.130015,world_and_InstrumentFrame,recorded deposit sample; not a full Geant4 step
S3d_O8__gamma__r6_s10_gamma_instant_S3d_O8_bundle0015__ID8081,CC:70,cc_energy_deposit,CC HIT,70,msc,e-,Nb_MagShield_Inner_Back_ColdFingerCap_2mm,14,0.5431412,0.09121508,-5.278455,4.116490150349837,0.09121508,-3.3483724990262393,1.852852e-09,13.80285,world_and_InstrumentFrame,recorded deposit sample; not a full Geant4 step
S3d_O8__gamma__r6_s10_gamma_instant_S3d_O8_bundle0015__ID8081,CC:71,cc_energy_deposit,CC HIT,71,msc,e-,Nb_MagShield_Inner_Back_ColdFingerCap_2mm,14,0.5429224,0.09154011,-5.278756,4.116548274527251,0.09154011,-3.3487400531310993,1.852872e-09,5.050774,world_and_InstrumentFrame,recorded deposit sample; not a full Geant4 step
S3d_O8__gamma__r6_s10_gamma_instant_S3d_O8_bundle0015__ID8081,CC:72,cc_energy_deposit,CC HIT,72,msc,e-,Nb_MagShield_Inner_Back_ColdFingerCap_2mm,14,0.543121,0.09176462,-5.279127,4.116951042549815,0.09176462,-3.3488619583401764,1.852893e-09,6.875462,world_and_InstrumentFrame,recorded deposit sample; not a full Geant4 step
S3d_O8__gamma__r6_s10_gamma_instant_S3d_O8_bundle0015__ID8081,CC:73,cc_energy_deposit,CC HIT,73,msc,e-,Nb_MagShield_Inner_Back_ColdFingerCap_2mm,14,0.5432963,0.0918614,-5.279568,4.11738683245906,0.0918614,-3.349049836611938,1.852914e-09,10.24869,world_and_InstrumentFrame,recorded deposit sample; not a full Geant4 step
S3d_O8__gamma__r6_s10_gamma_instant_S3d_O8_bundle0015__ID8081,CC:74,cc_energy_deposit,CC HIT,74,msc,e-,Nb_MagShield_Inner_Back_ColdFingerCap_2mm,14,0.5429469,0.09209235,-5.279838,4.117330688180633,0.09209235,-3.349487818552204,1.852935e-09,9.75883,world_and_InstrumentFrame,recorded deposit sample; not a full Geant4 step
S3d_O8__gamma__r6_s10_gamma_instant_S3d_O8_bundle0015__ID8081,CC:75,cc_energy_deposit,CC HIT,75,msc,e-,Nb_MagShield_Inner_Back_ColdFingerCap_2mm,14,0.5428775,0.09179863,-5.279455,4.117010793072825,0.09179863,-3.349266069865624,1.852955e-09,5.252179,world_and_InstrumentFrame,recorded deposit sample; not a full Geant4 step
S3d_O8__gamma__r6_s10_gamma_instant_S3d_O8_bundle0015__ID8081,CC:76,cc_energy_deposit,CC HIT,76,msc,e-,Nb_MagShield_Inner_Back_ColdFingerCap_2mm,14,0.5430029,0.09148908,-5.279102,4.116849855569426,0.09148908,-3.348927789981505,1.852976e-09,4.160649,world_and_InstrumentFrame,recorded deposit sample; not a full Geant4 step
S3d_O8__gamma__r6_s10_gamma_instant_S3d_O8_bundle0015__ID8081,CC:77,cc_energy_deposit,CC HIT,77,msc,e-,Nb_MagShield_Inner_Back_ColdFingerCap_2mm,14,0.5427316,0.0912678,-5.278775,4.116426793582242,0.0912678,-3.348888404133793,1.852996e-09,6.795577,world_and_InstrumentFrame,recorded deposit sample; not a full Geant4 step
S3d_O8__gamma__r6_s10_gamma_instant_S3d_O8_bundle0015__ID8081,CC:78,cc_energy_deposit,CC HIT,78,msc,e-,Nb_MagShield_Inner_Back_ColdFingerCap_2mm,14,0.5424328,0.09087472,-5.27864,4.116120050660564,0.09087472,-3.349004228224551,1.853017e-09,11.96335,world_and_InstrumentFrame,recorded deposit sample; not a full Geant4 step
S3d_O8__gamma__r6_s10_gamma_instant_S3d_O8_bundle0015__ID8081,CC:79,cc_energy_deposit,CC HIT,79,msc,e-,Nb_MagShield_Inner_Back_ColdFingerCap_2mm,14,0.54208,0.09057,-5.278535,4.115796337176136,0.09057,-3.3491794492849287,1.853037e-09,6.049724,world_and_InstrumentFrame,recorded deposit sample; not a full Geant4 step
S3d_O8__gamma__r6_s10_gamma_instant_S3d_O8_bundle0015__ID8081,CC:80,cc_energy_deposit,CC HIT,80,msc,e-,Nb_MagShield_Inner_Back_ColdFingerCap_2mm,14,0.5416494,0.09036702,-5.27864,4.115566103208183,0.09036702,-3.349558175676933,1.853057e-09,5.807218,world_and_InstrumentFrame,recorded deposit sample; not a full Geant4 step
S3d_O8__gamma__r6_s10_gamma_instant_S3d_O8_bundle0015__ID8081,CC:81,cc_energy_deposit,CC HIT,81,msc,e-,Nb_MagShield_Inner_Back_ColdFingerCap_2mm,14,0.5412387,0.09031061,-5.278823,4.115405094994106,0.09031061,-3.349977984972923,1.853077e-09,10.41732,world_and_InstrumentFrame,recorded deposit sample; not a full Geant4 step
S3d_O8__gamma__r6_s10_gamma_instant_S3d_O8_bundle0015__ID8081,CC:82,cc_energy_deposit,CC HIT,82,msc,e-,Nb_MagShield_Inner_Back_ColdFingerCap_2mm,14,0.5410273,0.08995397,-5.278891,4.115303695881684,0.08995397,-3.3501755506075868,1.853096e-09,2.521738,world_and_InstrumentFrame,recorded deposit sample; not a full Geant4 step
S3d_O8__gamma__r6_s10_gamma_instant_S3d_O8_bundle0015__ID8081,CC:83,cc_energy_deposit,CC HIT,83,msc,e-,Nb_MagShield_Inner_Back_ColdFingerCap_2mm,14,0.5410703,0.08958201,-5.278833,4.115293089279966,0.08958201,-3.350104132822686,1.853116e-09,8.578575,world_and_InstrumentFrame,recorded deposit sample; not a full Geant4 step
S3d_O8__gamma__r6_s10_gamma_instant_S3d_O8_bundle0015__ID8081,CC:84,cc_energy_deposit,CC HIT,84,msc,e-,Nb_MagShield_Inner_Back_ColdFingerCap_2mm,14,0.5415349,0.08941773,-5.278949,4.115703635477123,0.08941773,-3.349857635398765,1.853135e-09,8.093073,world_and_InstrumentFrame,recorded deposit sample; not a full Geant4 step
S3d_O8__gamma__r6_s10_gamma_instant_S3d_O8_bundle0015__ID8081,CC:85,cc_energy_deposit,CC HIT,85,eIoni,e-,Nb_MagShield_Inner_Back_ColdFingerCap_2mm,14,0.5417498,0.08907499,-5.278943,4.115851350083712,0.08907499,-3.3497014355108012,1.853159e-09,104.9802,world_and_InstrumentFrame,recorded deposit sample; not a full Geant4 step
S3d_O8__gamma__r6_s10_gamma_instant_S3d_O8_bundle0015__ID8081,CC:86,cc_energy_deposit,CC HIT,86,eIoni,e-,Nb_MagShield_Inner_Back_ColdFingerCap_2mm,13,0.5564009,0.1217337,-5.278406,4.125831525904058,0.1217337,-3.338961827007462,1.85147e-09,54.73884,world_and_InstrumentFrame,recorded deposit sample; not a full Geant4 step
S3d_O8__gamma__r6_s10_gamma_instant_S3d_O8_bundle0015__ID8081,CC:87,cc_energy_deposit,CC HIT,87,eIoni,e-,Nb_MagShield_Inner_Cylinder_2mm,5,0.6832955,-2.423805,-3.459767,2.929587588629691,-2.423805,-1.9632618254211855,1.742054e-09,41.55101,world_and_InstrumentFrame,recorded deposit sample; not a full Geant4 step
S3d_O8__gamma__r6_s10_gamma_instant_S3d_O8_bundle0015__ID8081,CC:88,cc_energy_deposit,CC HIT,88,eIoni,e-,Nb_MagShield_Inner_Cylinder_2mm,4,0.7223089,-2.473452,-3.460488,2.9576840523160692,-2.473452,-1.9361850097132778,1.739948e-09,179.6606,world_and_InstrumentFrame,recorded deposit sample; not a full Geant4 step
S3d_O8__gamma__r6_s10_gamma_instant_S3d_O8_bundle0015__ID8081,CC:89,cc_energy_deposit,CC HIT,89,compt,gamma,ColdPlate_MXC_50mK_SD_anchor,18,4.089288,1.060437,-4.513552,6.083126501462879,1.060437,-0.2999999514133294,2.066292e-09,0.93749,world_and_InstrumentFrame,recorded deposit sample; not a full Geant4 step
S3d_O8__gamma__r6_s10_gamma_instant_S3d_O8_bundle0015__ID8081,CC:90,cc_energy_deposit,CC HIT,90,compt,gamma,ColdPlate_MXC_50mK_SD_anchor,18,4.2357,1.126683,-4.486354,6.167423529275252,1.126683,-0.17723914313153347,2.095606e-09,0.95853,world_and_InstrumentFrame,recorded deposit sample; not a full Geant4 step
S3d_O8__gamma__r6_s10_gamma_instant_S3d_O8_bundle0015__ID8081,CC:91,cc_energy_deposit,CC HIT,91,compt,gamma,ColdPlate_MXC_50mK_SD_anchor,18,4.496181,1.901236,-4.163076,6.123019344737081,1.901236,0.23554080434714475,2.099353e-09,0.12126,world_and_InstrumentFrame,recorded deposit sample; not a full Geant4 step
S3d_O8__gamma__r6_s10_gamma_instant_S3d_O8_bundle0015__ID8081,CC:92,cc_energy_deposit,CC HIT,92,compt,gamma,ColdPlate_MXC_50mK_SD_anchor,18,4.443287,1.826879,-4.097524,6.039265374932659,1.826879,0.24449136198340413,2.14794e-09,0.0098,world_and_InstrumentFrame,recorded deposit sample; not a full Geant4 step
S3d_O8__gamma__r6_s10_gamma_instant_S3d_O8_bundle0015__ID8081,CC:93,cc_energy_deposit,CC HIT,93,compt,gamma,ColdPlate_MXC_50mK_SD_anchor,18,3.526149,0.8154084,-3.590117,5.031959945327268,0.8154084,-0.04523220657894078,2.152959e-09,0.12126,world_and_InstrumentFrame,recorded deposit sample; not a full Geant4 step
S3d_O8__gamma__r6_s10_gamma_instant_S3d_O8_bundle0015__ID8081,CC:94,cc_energy_deposit,CC HIT,94,compt,gamma,MuMetal_MagShield_Outer_Back_ColdFingerCap_2mm,18,1.779257,-2.790862,-4.584704,4.499999978306723,-2.790862,-1.9837505979594563,2.303174e-09,0.08048,world_and_InstrumentFrame,recorded deposit sample; not a full Geant4 step
S3d_O8__gamma__r6_s10_gamma_instant_S3d_O8_bundle0015__ID8081,CC:95,cc_energy_deposit,CC HIT,95,compt,gamma,MuMetal_MagShield_Outer_Back_ColdFingerCap_2mm,18,1.577499,-3.21072,-4.68711,4.429747505382276,-3.21072,-2.198827024952281,2.305646e-09,8.3028,world_and_InstrumentFrame,recorded deposit sample; not a full Geant4 step
S3d_O8__gamma__r6_s10_gamma_instant_S3d_O8_bundle0015__ID8081,CC:96,cc_energy_deposit,CC HIT,96,compt,gamma,MuMetal_MagShield_Outer_Back_ColdFingerCap_2mm,18,1.55331,-3.222267,-4.756173,4.461478215081242,-3.222267,-2.26476614651149,2.305854e-09,0.01466,world_and_InstrumentFrame,recorded deposit sample; not a full Geant4 step
S3d_O8__gamma__r6_s10_gamma_instant_S3d_O8_bundle0015__ID8081,CC:97,cc_energy_deposit,CC HIT,97,phot,gamma,Cu_50mK_StillLike_Can_bottom_cap_2mm,18,-2.773318,-9.586981,-10.94455,5.777933557848516,-9.586981,-9.699997486221942,2.635328e-09,0.93749,world_and_InstrumentFrame,recorded deposit sample; not a full Geant4 step
S3d_O8__gamma__r6_s10_gamma_instant_S3d_O8_bundle0015__ID8081,CC:98,cc_energy_deposit,CC HIT,98,msc,e-,Cu_50mK_StillLike_Can_bottom_cap_2mm,28,-2.773754,-9.587623,-10.94518,5.778070736564066,-9.587623,-9.700751262050689,2.635333e-09,1.274695,world_and_InstrumentFrame,recorded deposit sample; not a full Geant4 step
S3d_O8__gamma__r6_s10_gamma_instant_S3d_O8_bundle0015__ID8081,CC:99,cc_energy_deposit,CC HIT,99,msc,e-,Cu_50mK_StillLike_Can_bottom_cap_2mm,28,-2.773805,-9.587674,-10.94523,5.778070029457285,-9.587674,-9.700822679835587,2.635337e-09,2.295344,world_and_InstrumentFrame,recorded deposit sample; not a full Geant4 step
S3d_O8__gamma__r6_s10_gamma_instant_S3d_O8_bundle0015__ID8081,CC:100,cc_energy_deposit,CC HIT,100,msc,e-,Cu_50mK_StillLike_Can_bottom_cap_2mm,28,-2.773854,-9.587702,-10.94525,5.77804952336063,-9.587702,-9.70087147020349,2.635341e-09,2.567549,world_and_InstrumentFrame,recorded deposit sample; not a full Geant4 step
S3d_O8__gamma__r6_s10_gamma_instant_S3d_O8_bundle0015__ID8081,CC:101,cc_energy_deposit,CC HIT,101,msc,e-,Cu_50mK_StillLike_Can_bottom_cap_2mm,28,-2.773906,-9.587713,-10.94527,5.778026895943633,-9.587713,-9.700922381891736,2.635345e-09,1.594373,world_and_InstrumentFrame,recorded deposit sample; not a full Geant4 step
S3d_O8__gamma__r6_s10_gamma_instant_S3d_O8_bundle0015__ID8081,CC:102,cc_energy_deposit,CC HIT,102,msc,e-,Cu_50mK_StillLike_Can_bottom_cap_2mm,28,-2.773958,-9.587741,-10.94528,5.777997197458823,-9.587741,-9.70096622251217,2.635349e-09,1.047033,world_and_InstrumentFrame,recorded deposit sample; not a full Geant4 step
S3d_O8__gamma__r6_s10_gamma_instant_S3d_O8_bundle0015__ID8081,CC:103,cc_energy_deposit,CC HIT,103,msc,e-,Cu_50mK_StillLike_Can_bottom_cap_2mm,28,-2.774018,-9.587732,-10.94528,5.777954771051951,-9.587732,-9.70100864891904,2.635353e-09,0.9192266,world_and_InstrumentFrame,recorded deposit sample; not a full Geant4 step
S3d_O8__gamma__r6_s10_gamma_instant_S3d_O8_bundle0015__ID8081,CC:104,cc_energy_deposit,CC HIT,104,eIoni,e-,Cu_50mK_StillLike_Can_bottom_cap_2mm,28,-2.774071,-9.587707,-10.9453,5.777931436528172,-9.587707,-9.701060267714066,2.635369e-09,66.40429,world_and_InstrumentFrame,recorded deposit sample; not a full Geant4 step
S3d_O8__gamma__r6_s10_gamma_instant_S3d_O8_bundle0015__ID8081,CC:105,cc_energy_deposit,CC HIT,105,eIoni,e-,MuMetal_MagShield_Outer_Back_ColdFingerCap_2mm,27,1.555031,-3.217979,-4.760396,4.4656812577886145,-3.217979,-2.2665353276780182,2.305858e-09,21.67377,world_and_InstrumentFrame,recorded deposit sample; not a full Geant4 step
S3d_O8__gamma__r6_s10_gamma_instant_S3d_O8_bundle0015__ID8081,CC:106,cc_energy_deposit,CC HIT,106,eIoni,e-,MuMetal_MagShield_Outer_Back_ColdFingerCap_2mm,26,1.55331,-3.222267,-4.756173,4.461478215081242,-3.222267,-2.26476614651149,2.305647e-09,6.61468,world_and_InstrumentFrame,recorded deposit sample; not a full Geant4 step
S3d_O8__gamma__r6_s10_gamma_instant_S3d_O8_bundle0015__ID8081,CC:107,cc_energy_deposit,CC HIT,107,eIoni,e-,MuMetal_MagShield_Outer_Back_ColdFingerCap_2mm,25,1.577499,-3.21072,-4.68711,4.429747505382276,-3.21072,-2.198827024952281,2.303176e-09,12.2059,world_and_InstrumentFrame,recorded deposit sample; not a full Geant4 step
S3d_O8__gamma__r6_s10_gamma_instant_S3d_O8_bundle0015__ID8081,CC:108,cc_energy_deposit,CC HIT,108,eIoni,e-,ColdPlate_MXC_50mK_SD_anchor,24,3.482518,0.753642,-3.720179,5.093075891532003,0.753642,-0.16805170472357617,2.152961e-09,14.27774,world_and_InstrumentFrame,recorded deposit sample; not a full Geant4 step
S3d_O8__gamma__r6_s10_gamma_instant_S3d_O8_bundle0015__ID8081,CC:109,cc_energy_deposit,CC HIT,109,eIoni,e-,ColdPlate_MXC_50mK_SD_anchor,23,3.526149,0.8154084,-3.590117,5.031959945327268,0.8154084,-0.04523220657894078,2.147951e-09,49.78043,world_and_InstrumentFrame,recorded deposit sample; not a full Geant4 step
S3d_O8__gamma__r6_s10_gamma_instant_S3d_O8_bundle0015__ID8081,CC:110,cc_energy_deposit,CC HIT,110,eIoni,e-,ColdPlate_MXC_50mK_SD_anchor,22,4.443287,1.826879,-4.097524,6.039265374932659,1.826879,0.24449136198340413,2.099354e-09,3.681031,world_and_InstrumentFrame,recorded deposit sample; not a full Geant4 step
S3d_O8__gamma__r6_s10_gamma_instant_S3d_O8_bundle0015__ID8081,CC:111,cc_energy_deposit,CC HIT,111,eIoni,e-,ColdPlate_MXC_50mK_SD_anchor,21,4.496181,1.901236,-4.163076,6.123019344737081,1.901236,0.23554080434714475,2.095659e-09,36.17016,world_and_InstrumentFrame,recorded deposit sample; not a full Geant4 step
S3d_O8__gamma__r6_s10_gamma_instant_S3d_O8_bundle0015__ID8081,CC:112,cc_energy_deposit,CC HIT,112,eIoni,e-,ColdPlate_MXC_50mK_SD_anchor,21,4.496617,1.902221,-4.16303,6.123295116381743,1.902221,0.2358816298156766,2.095701e-09,139.6048,world_and_InstrumentFrame,recorded deposit sample; not a full Geant4 step
S3d_O8__gamma__r6_s10_gamma_instant_S3d_O8_bundle0015__ID8081,CC:113,cc_energy_deposit,CC HIT,113,eIoni,e-,ColdPlate_MXC_50mK_SD_anchor,19,4.2357,1.126683,-4.486354,6.167423529275252,1.126683,-0.17723914313153347,2.066328e-09,123.3927,world_and_InstrumentFrame,recorded deposit sample; not a full Geant4 step
S3d_O8__gamma__r6_s10_gamma_instant_S3d_O8_bundle0015__ID8081,CC:114,cc_energy_deposit,CC HIT,114,phot,gamma,Cu_50mK_StillLike_Can_bottom_cap_2mm,29,-2.773754,-9.587623,-10.94518,5.778070736564066,-9.587623,-9.700751262050689,2.635429e-09,0.93749,world_and_InstrumentFrame,recorded deposit sample; not a full Geant4 step
S3d_O8__gamma__r6_s10_gamma_instant_S3d_O8_bundle0015__ID8081,CC:115,cc_energy_deposit,CC HIT,115,eIoni,e-,Cu_50mK_StillLike_Can_bottom_cap_2mm,30,-2.773908,-9.590626,-10.94467,5.777601217661358,-9.590626,-9.700499532036586,2.63543e-09,7.06822,world_and_InstrumentFrame,recorded deposit sample; not a full Geant4 step
S3d_O8__gamma__r6_s10_gamma_instant_S3d_O8_bundle0015__ID8081,CC:116,cc_energy_deposit,CC HIT,116,phot,gamma,ColdPlate_MXC_50mK_SD_anchor,20,4.2357,1.126683,-4.486354,6.167423529275252,1.126683,-0.17723914313153347,2.066382e-09,1.0861,world_and_InstrumentFrame,recorded deposit sample; not a full Geant4 step
S3d_O8__gamma__r6_s10_gamma_instant_S3d_O8_bundle0015__ID8081,CC:117,cc_energy_deposit,CC HIT,117,eIoni,e-,ColdPlate_MXC_50mK_SD_anchor,31,4.236534,1.125987,-4.483867,6.16625468176595,1.125987,-0.17489084151121254,2.066383e-09,6.91961,world_and_InstrumentFrame,recorded deposit sample; not a full Geant4 step
S3d_O8__gamma__r6_s10_gamma_instant_S3d_O8_bundle0015__ID8081,CC:118,cc_energy_deposit,CC HIT,118,compt,gamma,TP_L5_00019,17,-1.171813,-1.32,-5.490856,3.05402459353629,-1.32,-4.711218430701394,1.936822e-09,0.24248,world_and_InstrumentFrame,recorded deposit sample; not a full Geant4 step
S3d_O8__gamma__r6_s10_gamma_instant_S3d_O8_bundle0015__ID8081,CC:119,cc_energy_deposit,CC HIT,119,compt,gamma,TP_L5_00006,17,-1.401495,-1.578441,-5.627147,2.9879871841344974,-1.578441,-4.970000420732577,1.947412e-09,0.05115,world_and_InstrumentFrame,recorded deposit sample; not a full Geant4 step
S3d_O8__gamma__r6_s10_gamma_instant_S3d_O8_bundle0015__ID8081,CC:120,cc_energy_deposit,CC HIT,120,phot,gamma,TP_L5_00006,17,-1.411,-1.592219,-5.634654,2.986574384785686,-1.592219,-4.982029721294124,1.951562e-09,9.8792,world_and_InstrumentFrame,recorded deposit sample; not a full Geant4 step
S3d_O8__gamma__r6_s10_gamma_instant_S3d_O8_bundle0015__ID8081,CC:121,cc_energy_deposit,CC HIT,121,phot,gamma,TP_L5_00006,35,-1.351368,-1.532799,-5.726275,3.0935264067604957,-1.532799,-5.0046493601175,1.95201e-09,11.656,world_and_InstrumentFrame,recorded deposit sample; not a full Geant4 step
S3d_O8__gamma__r6_s10_gamma_instant_S3d_O8_bundle0015__ID8081,CC:122,cc_energy_deposit,CC HIT,122,phot,gamma,Nb_MagShield_Inner_Back_ColdFingerCap_2mm,16,1.109123,1.008966,-4.689153,4.10000027879121,1.008966,-2.5314634898512756,1.980848e-09,2.3691,world_and_InstrumentFrame,recorded deposit sample; not a full Geant4 step
S3d_O8__gamma__r6_s10_gamma_instant_S3d_O8_bundle0015__ID8081,CC:123,cc_energy_deposit,CC HIT,123,phot,gamma,Cu_SubstrateSupport_SolidDisk_L0_deepest,38,0.3875694,1.622491,-4.63021,3.548105840238166,1.622491,-2.999999938397363,2.012746e-09,8.9432,world_and_InstrumentFrame,recorded deposit sample; not a full Geant4 step
S3d_O8__gamma__r6_s10_gamma_instant_S3d_O8_bundle0015__ID8081,CC:124,cc_energy_deposit,CC HIT,124,phot,gamma,Nb_MagShield_Inner_Back_ColdFingerCap_2mm,12,0.5590246,0.1256523,-5.277204,4.126836819614871,0.1256523,-3.3362566485946767,1.851394e-09,2.6763,world_and_InstrumentFrame,recorded deposit sample; not a full Geant4 step
S3d_O8__gamma__r6_s10_gamma_instant_S3d_O8_bundle0015__ID8081,CC:125,cc_energy_deposit,CC HIT,125,phot,gamma,Nb_MagShield_Inner_Back_ColdFingerCap_2mm,11,0.5592678,0.1280503,-5.275947,4.126119954760104,0.1280503,-3.3351958470015406,1.851319e-09,2.3691,world_and_InstrumentFrame,recorded deposit sample; not a full Geant4 step
S3d_O8__gamma__r6_s10_gamma_instant_S3d_O8_bundle0015__ID8081,CC:126,cc_energy_deposit,CC HIT,126,phot,gamma,Nb_MagShield_Inner_Back_ColdFingerCap_2mm,10,0.5554116,0.1536918,-5.269372,4.118743982504191,0.1536918,-3.33327336508485,1.850418e-09,2.4666,world_and_InstrumentFrame,recorded deposit sample; not a full Geant4 step
S3d_O8__gamma__r6_s10_gamma_instant_S3d_O8_bundle0015__ID8081,CC:127,cc_energy_deposit,CC HIT,127,phot,gamma,Nb_MagShield_Inner_Back_ColdFingerCap_2mm,9,0.5518247,0.1724036,-5.260623,4.110021183962152,0.1724036,-3.329623209169687,1.849143e-09,2.6763,world_and_InstrumentFrame,recorded deposit sample; not a full Geant4 step
S3d_O8__gamma__r6_s10_gamma_instant_S3d_O8_bundle0015__ID8081,CC:128,cc_energy_deposit,CC HIT,128,phot,gamma,Nb_MagShield_Inner_Cylinder_2mm,8,0.6780537,-2.398796,-3.458352,2.924880520208688,-2.398796,-1.9659677816514303,1.742878e-09,0.35928,world_and_InstrumentFrame,recorded deposit sample; not a full Geant4 step
S3d_O8__gamma__r6_s10_gamma_instant_S3d_O8_bundle0015__ID8081,CC:129,cc_energy_deposit,CC HIT,129,phot,gamma,Nb_MagShield_Inner_Cylinder_2mm,7,0.680691,-2.409467,-3.462767,2.9298672493616498,-2.409467,-1.9672248053763455,1.742549e-09,0.35928,world_and_InstrumentFrame,recorded deposit sample; not a full Geant4 step
S3d_O8__gamma__r6_s10_gamma_instant_S3d_O8_bundle0015__ID8081,CC:130,cc_energy_deposit,CC HIT,130,phot,gamma,Nb_MagShield_Inner_Cylinder_2mm,6,0.6828477,-2.419694,-3.460576,2.929842995599055,-2.419694,-1.964150517223781,1.742201e-09,2.3691,world_and_InstrumentFrame,recorded deposit sample; not a full Geant4 step
S3d_O8__gamma__r6_s10_gamma_instant_S3d_O8_bundle0015__ID8081,CC:131,cc_energy_deposit,CC HIT,131,phot,gamma,Nb_MagShield_Inner_Cylinder_2mm,47,0.6827911,-2.419271,-3.460632,2.9298425713349863,-2.419271,-1.9642301374473425,1.742253e-09,2.6763,world_and_InstrumentFrame,recorded deposit sample; not a full Geant4 step
S3d_O8__gamma__r6_s10_gamma_instant_S3d_O8_bundle0015__ID8081,CC:132,cc_energy_deposit,CC HIT,132,eIoni,e-,Nb_MagShield_Inner_Cylinder_2mm,48,0.6841265,-2.419139,-3.461432,2.9313525271555325,-2.419139,-1.9638515524766949,1.742255e-09,13.9026,world_and_InstrumentFrame,recorded deposit sample; not a full Geant4 step
S3d_O8__gamma__r6_s10_gamma_instant_S3d_O8_bundle0015__ID8081,CC:133,cc_energy_deposit,CC HIT,133,eIoni,e-,Nb_MagShield_Inner_Cylinder_2mm,46,0.6827911,-2.419271,-3.460632,2.9298425713349863,-2.419271,-1.9642301374473425,1.742201e-09,3.934222,world_and_InstrumentFrame,recorded deposit sample; not a full Geant4 step
S3d_O8__gamma__r6_s10_gamma_instant_S3d_O8_bundle0015__ID8081,CC:134,cc_energy_deposit,CC HIT,134,eIoni,e-,Nb_MagShield_Inner_Cylinder_2mm,45,0.6806351,-2.409419,-3.462827,2.929870148499453,-2.409419,-1.967306759052285,1.742549e-09,1.79801,world_and_InstrumentFrame,recorded deposit sample; not a full Geant4 step
S3d_O8__gamma__r6_s10_gamma_instant_S3d_O8_bundle0015__ID8081,CC:135,cc_energy_deposit,CC HIT,135,eIoni,e-,Nb_MagShield_Inner_Cylinder_2mm,44,0.6780496,-2.398794,-3.458352,2.9248776210708853,-2.398794,-1.9659706807892332,1.742879e-09,1.55384,world_and_InstrumentFrame,recorded deposit sample; not a full Geant4 step
S3d_O8__gamma__r6_s10_gamma_instant_S3d_O8_bundle0015__ID8081,CC:136,cc_energy_deposit,CC HIT,136,eIoni,e-,Nb_MagShield_Inner_Back_ColdFingerCap_2mm,43,0.5517058,0.1726744,-5.260952,4.1101697470968785,0.1726744,-3.3299399222969805,1.849143e-09,1.15955,world_and_InstrumentFrame,recorded deposit sample; not a full Geant4 step
S3d_O8__gamma__r6_s10_gamma_instant_S3d_O8_bundle0015__ID8081,CC:137,cc_energy_deposit,CC HIT,137,eIoni,e-,Nb_MagShield_Inner_Back_ColdFingerCap_2mm,42,0.5520439,0.1484295,-5.269111,4.116178104127299,0.1484295,-3.3354701337219623,1.85042e-09,14.0148,world_and_InstrumentFrame,recorded deposit sample; not a full Geant4 step
S3d_O8__gamma__r6_s10_gamma_instant_S3d_O8_bundle0015__ID8081,CC:138,cc_energy_deposit,CC HIT,138,eIoni,e-,Nb_MagShield_Inner_Back_ColdFingerCap_2mm,41,0.55956,0.1253977,-5.277102,4.127143279693837,0.1253977,-3.335805938732348,1.85132e-09,4.891698,world_and_InstrumentFrame,recorded deposit sample; not a full Geant4 step
S3d_O8__gamma__r6_s10_gamma_instant_S3d_O8_bundle0015__ID8081,CC:139,cc_energy_deposit,CC HIT,139,eIoni,e-,Nb_MagShield_Inner_Back_ColdFingerCap_2mm,40,0.5591833,0.124619,-5.27509,4.125454213725616,0.124619,-3.3346496070130733,1.851396e-09,13.9026,world_and_InstrumentFrame,recorded deposit sample; not a full Geant4 step
S3d_O8__gamma__r6_s10_gamma_instant_S3d_O8_bundle0015__ID8081,CC:140,cc_energy_deposit,CC HIT,140,eIoni,e-,Cu_SubstrateSupport_SolidDisk_L0_deepest,39,0.3871327,1.622845,-4.630177,3.5477737121830426,1.622845,-3.0002853974049275,2.012747e-09,7.6357,world_and_InstrumentFrame,recorded deposit sample; not a full Geant4 step
S3d_O8__gamma__r6_s10_gamma_instant_S3d_O8_bundle0015__ID8081,CC:141,cc_energy_deposit,CC HIT,141,eIoni,e-,Nb_MagShield_Inner_Back_ColdFingerCap_2mm,37,1.117645,1.021018,-4.68519,4.10322397860664,1.021018,-2.522635261688162,1.980856e-09,44.73828,world_and_InstrumentFrame,recorded deposit sample; not a full Geant4 step
S3d_O8__gamma__r6_s10_gamma_instant_S3d_O8_bundle0015__ID8081,CC:142,cc_energy_deposit,CC HIT,142,eIoni,e-,TP_L5_00006,36,-1.357516,-1.530793,-5.73804,3.0974982255504195,-1.530793,-5.017315763888895,1.952013e-09,46.0298,world_and_InstrumentFrame,recorded deposit sample; not a full Geant4 step
S3d_O8__gamma__r6_s10_gamma_instant_S3d_O8_bundle0015__ID8081,CC:143,cc_energy_deposit,CC HIT,143,eIoni,e-,TP_L5_00006,34,-1.351368,-1.532799,-5.726275,3.0935264067604957,-1.532799,-5.0046493601175,1.951574e-09,137.0228,world_and_InstrumentFrame,recorded deposit sample; not a full Geant4 step
S3d_O8__gamma__r6_s10_gamma_instant_S3d_O8_bundle0015__ID8081,CC:144,cc_energy_deposit,CC HIT,144,eIoni,e-,TP_L5_00006,33,-1.411,-1.592219,-5.634654,2.986574384785686,-1.592219,-4.982029721294124,1.947435e-09,236.7756,world_and_InstrumentFrame,recorded deposit sample; not a full Geant4 step
S3d_O8__gamma__r6_s10_gamma_instant_S3d_O8_bundle0015__ID8081,CC:145,cc_energy_deposit,CC HIT,145,eIoni,e-,TP_L5_00019,32,-1.246519,-1.353801,-5.504733,3.0110119951434933,-1.353801,-4.7738560706992414,1.936828e-09,69.34191,world_and_InstrumentFrame,recorded deposit sample; not a full Geant4 step
S3d_O8__gamma__r6_s10_gamma_instant_S3d_O8_bundle0015__ID8081,HT:1,tes_fixed_pixel_center,HTsim type 2,1,tes_pixel_aggregate,,TP_L5_00019,,-1.22683,-1.395,-5.46947,2.999999514133294,-1.395,-4.734999138859479,0.0,69.58439,world_and_InstrumentFrame,"fixed TES pixel center, not deposit centroid"
S3d_O8__gamma__r6_s10_gamma_instant_S3d_O8_bundle0015__ID8081,HT:2,tes_fixed_pixel_center,HTsim type 2,2,tes_pixel_aggregate,,TP_L5_00006,,-1.44603,-1.55,-5.68867,2.999999514133294,-1.55,-5.044994751731661,0.0,441.41452,world_and_InstrumentFrame,"fixed TES pixel center, not deposit centroid"
