source_family,local_id,source_file,tes_energy_keV,init_energy_keV,theta_local_deg,phi_local_deg,theta_from_global_plus_z_deg,entry_class,entry_surface_proxy,entry_region_proxy,entry_phi_deg_local,xz_init_quadrant,first_recorded_volume,first_recorded_material,init_x_cm,init_y_cm,init_z_cm,dir_x,dir_y,dir_z,side_compton_class
eplus,12403,runs/geometry_optimization_20260704/step02_instant_geo_opt_s1_bpe_w5_fullstat_v1/Background_eplus_fullsphere20_rep01_part01.inc1.id1.sim.gz,510.99896,142.273,114.3577437538264,156.42295739258745,72.61692388595858,top,top,top_phi05_225deg,229.59167688584725,right_lower,Vacuum_Jacket_Al_266mmClass_side_port_side_wall_above_side_port,outer_mechanics,54.06556,-36.13443,-5.90792,-0.88203,0.36438,0.29876,keep
eplus,34023,runs/geometry_optimization_20260704/step02_instant_geo_opt_s1_bpe_w5_fullstat_v1/Background_eplus_fullsphere20_rep01_part01.inc1.id1.sim.gz,510.9989,10.451,135.81397005697005,179.76653723639228,90.81420450013746,top,top,top_phi01_045deg,49.32953729471958,right_lower,GeoOpt_S1_PlasticFullWrap_TopCap_5mm,geoopt_plastic_active,64.65843,16.06134,-3.6973,-0.99989,0.00284,-0.01421,single
eplus,71105,runs/geometry_optimization_20260704/step02_instant_geo_opt_s1_bpe_w5_fullstat_v1/Background_eplus_fullsphere20_rep01_part01.inc1.id1.sim.gz,510.998946,13.468,111.19714337672853,88.77145691299302,105.65291815902656,side_wall,side,side_phi06_270deg,278.35387206925384,right_lower,GeoOpt_S1_PlasticFullWrap_SideShell_5mm,geoopt_plastic_active,0.65591,-67.77909,-3.85815,-0.24154,0.93213,-0.26981,veto
eplus,88910,runs/geometry_optimization_20260704/step02_instant_geo_opt_s1_bpe_w5_fullstat_v1/Background_eplus_fullsphere20_rep01_part01.inc1.id1.sim.gz,510.99890000000005,165.269,34.46655006642085,19.648285054861972,78.10553684811624,side_wall,side,side_phi03_135deg,131.87767010936255,left_lower,GeoOpt_S1_PlasticFullWrap_SideShell_5mm,geoopt_plastic_active,-58.68781,13.93605,-5.26549,0.95985,0.19029,0.20611,keep
eplus,125566,runs/geometry_optimization_20260704/step02_instant_geo_opt_s1_bpe_w5_fullstat_v1/Background_eplus_fullsphere20_rep01_part01.inc1.id1.sim.gz,510.99894,116.959,77.48722725354446,67.25641798466273,96.52748725252066,side_wall,side,side_phi05_225deg,246.76655292475238,left_upper,GeoOpt_S1_PlasticFullWrap_SideShell_5mm,geoopt_plastic_active,-27.19745,-51.92485,3.9516,0.42008,0.90034,-0.11368,single
eplus,130016,runs/geometry_optimization_20260704/step02_instant_geo_opt_s1_bpe_w5_fullstat_v1/Background_eplus_fullsphere20_rep01_part01.inc1.id1.sim.gz,510.99890500000004,563.064,86.58138580151456,56.13189060206396,110.56024885958767,side_window,side,side_neg_x_window_axis_pm15deg,180.599024297157,left_upper,GeoOpt_S1_PlasticFullWrap_SideShell_5mm,geoopt_plastic_active,-37.46092,-36.74401,36.59293,0.43552,0.82884,-0.35119,keep
eplus,211256,runs/geometry_optimization_20260704/step02_instant_geo_opt_s1_bpe_w5_fullstat_v1/Background_eplus_fullsphere20_rep01_part01.inc1.id1.sim.gz,510.998959,121.248,106.93910957169473,298.1646237815541,121.68831502698478,top,top,top_phi00_000deg,12.414202989186135,right_upper,Vacuum_Jacket_Al_266mmClass_side_port_side_wall_above_side_port,outer_mechanics,1.64539,52.20651,34.28196,0.11326,-0.84335,-0.5253,single
eplus,36753,runs/geometry_optimization_20260704/step02_instant_geo_opt_s1_bpe_w5_fullstat_v1/Background_eplus_fullsphere20_rep02_part01.inc1.id1.sim.gz,510.99888,89.022,126.69274872258234,175.43067389869523,81.79708221068601,top,top,top_phi00_000deg,357.9349139912734,right_lower,Vacuum_Jacket_Al_266mmClass_side_port_side_wall_above_side_port,outer_mechanics,63.07589,-3.63192,-8.84427,-0.98771,0.06388,0.14268,single
eplus,90474,runs/geometry_optimization_20260704/step02_instant_geo_opt_s1_bpe_w5_fullstat_v1/Background_eplus_fullsphere20_rep02_part01.inc1.id1.sim.gz,510.9989,1228.66,84.81643434139049,145.07030095638774,50.11571276722065,envelope_miss,miss_current_outer_envelope,phi06_270deg,,right_upper,Vacuum_Jacket_Al_266mmClass_side_port_side_wall_above_side_port,outer_mechanics,45.60996,-71.68236,7.59206,-0.51347,0.57023,0.64124,single
eplus,130729,runs/geometry_optimization_20260704/step02_instant_geo_opt_s1_bpe_w5_fullstat_v1/Background_eplus_fullsphere20_rep02_part01.inc1.id1.sim.gz,510.99894000000006,168.22,76.80368011484765,11.830242669254709,120.82299508601146,side_wall,side,side_phi03_135deg,135.5600867175841,left_upper,GeoOpt_S1_PlasticFullWrap_SideShell_5mm,geoopt_plastic_active,-50.22272,10.84363,36.62634,0.83524,0.1996,-0.51239,veto
eplus,156993,runs/geometry_optimization_20260704/step02_instant_geo_opt_s1_bpe_w5_fullstat_v1/Background_eplus_fullsphere20_rep02_part01.inc1.id1.sim.gz,510.99893000000003,148.234,158.6058955077283,279.7135575086142,134.5798487336395,side_wall,side,side_phi02_090deg,95.75216983529693,right_upper,GeoOpt_S1_PlasticFullWrap_SideShell_5mm,geoopt_plastic_active,30.16901,53.12517,40.2641,-0.61486,-0.35955,-0.7019,keep
eplus,192957,runs/geometry_optimization_20260704/step02_instant_geo_opt_s1_bpe_w5_fullstat_v1/Background_eplus_fullsphere20_rep02_part01.inc1.id1.sim.gz,510.998868,44.81,78.12967270884198,292.4774679149748,96.84074223497869,envelope_miss,miss_current_outer_envelope,phi03_135deg,,left_upper,Vacuum_Jacket_Al_266mmClass_side_port_side_wall_above_side_port,outer_mechanics,-15.3215,55.5256,18.48458,0.41001,-0.90427,-0.11911,keep
eplus,231354,runs/geometry_optimization_20260704/step02_instant_geo_opt_s1_bpe_w5_fullstat_v1/Background_eplus_fullsphere20_rep02_part01.inc1.id1.sim.gz,510.99894000000006,365.181,103.59875217988333,196.63270343425836,60.50998859922802,envelope_miss,miss_current_outer_envelope,phi01_045deg,,right_upper,TP_L1_00360,tes,65.77783,27.57023,0.87293,-0.82478,-0.27821,0.49227,veto
eplus,28520,runs/geometry_optimization_20260704/step02_instant_geo_opt_s1_bpe_w5_fullstat_v1/Background_eplus_fullsphere20_rep03_part01.inc1.id1.sim.gz,510.99890000000005,1439.489,109.35037641150807,212.85668044139638,70.96528924165827,side_wall,side,side_phi07_315deg,335.2536519621229,right_lower,GeoOpt_S1_PlasticFullWrap_SideShell_5mm,geoopt_plastic_active,48.90007,15.62975,-46.73031,-0.79473,-0.51189,0.32614,single
eplus,71755,runs/geometry_optimization_20260704/step02_instant_geo_opt_s1_bpe_w5_fullstat_v1/Background_eplus_fullsphere20_rep03_part01.inc1.id1.sim.gz,510.99890600000003,279.82,71.10420340742594,119.18498793252438,56.27411019978542,side_wall,side,side_phi06_270deg,252.40741047152272,left_lower,GeoOpt_S1_PlasticFullWrap_SideShell_5mm,geoopt_plastic_active,-15.67733,-54.60262,-25.8746,-0.09723,0.826,0.55522,keep
eplus,80084,runs/geometry_optimization_20260704/step02_instant_geo_opt_s1_bpe_w5_fullstat_v1/Background_eplus_fullsphere20_rep03_part01.inc1.id1.sim.gz,510.99890000000005,57.458,136.2229033953679,210.3740490159797,95.07676529134814,top,top,top_phi06_270deg,292.4925054440556,right_upper,GeoOpt_S1_PlasticFullWrap_TopCap_5mm,geoopt_plastic_active,68.44518,0.9178,4.86164,-0.93262,-0.34983,-0.08849,single
eplus,136894,runs/geometry_optimization_20260704/step02_instant_geo_opt_s1_bpe_w5_fullstat_v1/Background_eplus_fullsphere20_rep03_part01.inc1.id1.sim.gz,510.99892000000006,0.449,106.1893750823825,358.55901530757876,151.16385345476877,envelope_miss,miss_current_outer_envelope,phi05_225deg,,left_upper,TP_L2_00019,tes,-46.91764,-31.19892,45.57509,0.4817,-0.02415,-0.876,keep
eplus,183364,runs/geometry_optimization_20260704/step02_instant_geo_opt_s1_bpe_w5_fullstat_v1/Background_eplus_fullsphere20_rep03_part01.inc1.id1.sim.gz,510.99894,20.113,119.36006821288724,185.8954449521219,74.5539146132626,top,top,top_phi02_090deg,79.49222116766131,right_lower,Vacuum_Jacket_Al_266mmClass_side_port_side_wall_above_side_port,outer_mechanics,61.40093,14.19736,-10.94499,-0.95971,-0.08952,0.26633,single
eplus,231882,runs/geometry_optimization_20260704/step02_instant_geo_opt_s1_bpe_w5_fullstat_v1/Background_eplus_fullsphere20_rep03_part01.inc1.id1.sim.gz,510.99898200000007,31.35,99.35614987354694,237.7002713390542,75.05688553069274,envelope_miss,miss_current_outer_envelope,phi01_045deg,,right_lower,Vacuum_Jacket_Al_266mmClass_side_port_side_wall_above_side_port,outer_mechanics,46.68125,43.96283,-6.19237,-0.48777,-0.83402,0.25786,single
eplus,235828,runs/geometry_optimization_20260704/step02_instant_geo_opt_s1_bpe_w5_fullstat_v1/Background_eplus_fullsphere20_rep03_part01.inc1.id1.sim.gz,510.99887,129.566,37.13699180844649,5.773307051715723,82.0117295471044,side_wall,side,side_phi03_135deg,114.98103958413681,left_lower,GeoOpt_S1_PlasticFullWrap_SideShell_5mm,geoopt_plastic_active,-55.48752,23.28927,-10.84068,0.98843,0.06073,0.13897,single
eplus,2392,runs/geometry_optimization_20260704/step02_instant_geo_opt_s1_bpe_w5_fullstat_v1/Background_eplus_fullsphere20_rep04_part01.inc1.id1.sim.gz,510.998897,80.217,49.96579158746626,321.11334975782927,88.08482767787045,side_window,side,side_neg_x_window_axis_pm15deg,179.71468135254543,left_upper,GeoOpt_S1_PlasticFullWrap_SideShell_5mm,geoopt_plastic_active,-55.4356,16.1038,12.0147,0.87627,-0.48067,0.03342,single
eplus,10024,runs/geometry_optimization_20260704/step02_instant_geo_opt_s1_bpe_w5_fullstat_v1/Background_eplus_fullsphere20_rep04_part01.inc1.id1.sim.gz,510.99892,95895.346,69.89862233136525,295.54742956905403,92.48455131398835,side_wall,side,side_phi03_135deg,118.71001560122033,left_upper,GeoOpt_S1_PlasticFullWrap_SideShell_5mm,geoopt_plastic_active,-32.16132,48.00657,2.70299,0.52939,-0.84727,-0.04335,veto
eplus,64214,runs/geometry_optimization_20260704/step02_instant_geo_opt_s1_bpe_w5_fullstat_v1/Background_eplus_fullsphere20_rep04_part01.inc1.id1.sim.gz,510.999,41.207,86.94094431592063,237.5137238451018,65.35598905905005,envelope_miss,miss_current_outer_envelope,phi02_090deg,,right_upper,TP_L3_00081,tes,14.47161,77.62503,25.57908,-0.34151,-0.84232,0.41698,single
eplus,235494,runs/geometry_optimization_20260704/step02_instant_geo_opt_s1_bpe_w5_fullstat_v1/Background_eplus_fullsphere20_rep04_part01.inc1.id1.sim.gz,510.99889999999994,78.458,36.76381028320487,31.755814952485082,78.07623658846468,envelope_miss,miss_current_outer_envelope,phi04_180deg,,left_upper,TP_L2_00163,tes,-63.69264,8.4259,6.93738,0.92633,0.315,0.20661,single
eplus,238305,runs/geometry_optimization_20260704/step02_instant_geo_opt_s1_bpe_w5_fullstat_v1/Background_eplus_fullsphere20_rep04_part01.inc1.id1.sim.gz,510.999,59.098,74.50850401322965,161.4471470642834,33.39772719156889,envelope_miss,miss_current_outer_envelope,phi00_000deg,,right_lower,Vacuum_Jacket_Al_266mmClass_side_port_side_wall_above_side_port,outer_mechanics,43.8147,-11.74901,-41.52982,-0.45714,0.30662,0.83487,single
eplus,30107,runs/geometry_optimization_20260704/step02_instant_geo_opt_s1_bpe_w5_fullstat_v1/Background_eplus_fullsphere20_rep05_part01.inc1.id1.sim.gz,510.9989,380.524,87.87089204665693,46.566378120144996,117.35743020348542,side_wall,side,side_phi05_225deg,238.12799966384372,left_upper,GeoOpt_S1_PlasticFullWrap_SideShell_5mm,geoopt_plastic_active,-39.14891,-46.76609,12.5776,0.51208,0.72567,-0.45954,single
eplus,31391,runs/geometry_optimization_20260704/step02_instant_geo_opt_s1_bpe_w5_fullstat_v1/Background_eplus_fullsphere20_rep05_part01.inc1.id1.sim.gz,510.99893099999997,201479.525,104.46308287841265,257.283170843158,91.48297419553106,side_wall,side,side_phi02_090deg,74.75224236857808,right_lower,GeoOpt_S1_PlasticFullWrap_SideShell_5mm,geoopt_plastic_active,15.71057,59.89891,-5.19193,-0.32733,-0.94456,-0.02588,single
eplus,31997,runs/geometry_optimization_20260704/step02_instant_geo_opt_s1_bpe_w5_fullstat_v1/Background_eplus_fullsphere20_rep05_part01.inc1.id1.sim.gz,510.99893299999997,629.605,152.0576771927726,98.11726932510435,125.30208394154201,top,top,top_phi00_000deg,8.379413202828507,right_upper,Vacuum_Jacket_Al_266mmClass_side_port_side_wall_above_side_port,outer_mechanics,57.45726,-24.69386,26.95075,-0.67146,0.46389,-0.57789,single
eplus,40978,runs/geometry_optimization_20260704/step02_instant_geo_opt_s1_bpe_w5_fullstat_v1/Background_eplus_fullsphere20_rep05_part01.inc1.id1.sim.gz,510.99888,183.893,73.80511162463058,326.70530667681163,111.73854483442166,side_window,side,side_neg_x_window_axis_pm15deg,188.33728821360995,left_upper,GeoOpt_S1_PlasticFullWrap_SideShell_5mm,geoopt_plastic_active,-50.46629,15.57909,30.83227,0.7648,-0.52716,-0.37037,keep
eplus,55140,runs/geometry_optimization_20260704/step02_instant_geo_opt_s1_bpe_w5_fullstat_v1/Background_eplus_fullsphere20_rep05_part01.inc1.id1.sim.gz,510.9989,118.797,70.68492309143389,15.462387050890017,114.158938628758,envelope_miss,miss_current_outer_envelope,phi04_180deg,,left_upper,Vacuum_Jacket_Al_266mmClass_side_port_side_wall_above_side_port,outer_mechanics,-47.80923,1.97362,40.23165,0.87704,0.2516,-0.40927,single
eplus,67424,runs/geometry_optimization_20260704/step02_instant_geo_opt_s1_bpe_w5_fullstat_v1/Background_eplus_fullsphere20_rep05_part01.inc1.id1.sim.gz,510.9989,4.266,125.34201768588736,77.00417582258784,122.59791946067787,side_wall,side,side_phi05_225deg,225.73234911218265,left_upper,GeoOpt_S1_PlasticFullWrap_SideShell_5mm,geoopt_plastic_active,-0.68884,-54.51178,38.12343,-0.27932,0.79482,-0.53874,single
eplus,81816,runs/geometry_optimization_20260704/step02_instant_geo_opt_s1_bpe_w5_fullstat_v1/Background_eplus_fullsphere20_rep05_part01.inc1.id1.sim.gz,510.99894,172.683,54.96231305581762,326.25218925717735,94.32651147841915,envelope_miss,miss_current_outer_envelope,phi04_180deg,,left_upper,TP_L1_00007,tes,-64.78826,-8.01617,33.27407,0.88736,-0.45486,-0.07544,veto
eplus,113054,runs/geometry_optimization_20260704/step02_instant_geo_opt_s1_bpe_w5_fullstat_v1/Background_eplus_fullsphere20_rep05_part01.inc1.id1.sim.gz,510.9989532108,1.264,73.06209921791039,305.3646710544395,100.69028453925935,envelope_miss,miss_current_outer_envelope,phi04_180deg,,left_upper,TP_L0_00237,tes,-48.93887,25.6585,47.93623,0.59751,-0.78011,-0.1855,keep
eplus,143314,runs/geometry_optimization_20260704/step02_instant_geo_opt_s1_bpe_w5_fullstat_v1/Background_eplus_fullsphere20_rep05_part01.inc1.id1.sim.gz,510.99892,233.085,127.8124638721426,310.8328719158656,143.0132785969618,envelope_miss,miss_current_outer_envelope,phi04_180deg,,left_upper,TP_L0_00046,tes,-13.37255,1.18751,80.24261,-0.06825,-0.59775,-0.79878,single
eplus,201276,runs/geometry_optimization_20260704/step02_instant_geo_opt_s1_bpe_w5_fullstat_v1/Background_eplus_fullsphere20_rep05_part01.inc1.id1.sim.gz,510.99893,0.41,105.13239687521401,217.6406955766612,69.15010233716319,top,top,top_phi07_315deg,310.77106176979447,right_lower,TP_L4_00113,tes,56.27275,21.05929,-23.7107,-0.7251,-0.58953,0.35592,veto
eplus,19036,runs/geometry_optimization_20260704/step02_instant_geo_opt_s1_bpe_w5_fullstat_v1/Background_eplus_fullsphere20_rep06_part01.inc1.id1.sim.gz,510.99888400000003,3.552,81.52843760330069,208.80544241019055,44.1910537480445,side_wall,side,side_phi00_000deg,349.33831538396356,right_lower,GeoOpt_S1_PlasticFullWrap_SideShell_5mm,geoopt_plastic_active,38.61802,12.83633,-46.44608,-0.50868,-0.47658,0.71702,keep
eplus,25293,runs/geometry_optimization_20260704/step02_instant_geo_opt_s1_bpe_w5_fullstat_v1/Background_eplus_fullsphere20_rep06_part01.inc1.id1.sim.gz,510.99889999999994,156.107,117.22000459381012,144.7079911028141,79.05883232640815,side_wall,side,side_phi07_315deg,312.96600550929327,right_lower,GeoOpt_S1_PlasticFullWrap_SideShell_5mm,geoopt_plastic_active,45.8748,-40.16594,-20.47679,-0.83667,0.51376,0.1898,single
eplus,36215,runs/geometry_optimization_20260704/step02_instant_geo_opt_s1_bpe_w5_fullstat_v1/Background_eplus_fullsphere20_rep06_part01.inc1.id1.sim.gz,510.99895300000003,33.882,121.63185537491337,180.55046466017222,76.63349169379114,top,top,top_phi02_090deg,80.01249982607035,right_lower,GeoOpt_S1_PlasticFullWrap_TopCap_5mm,geoopt_plastic_active,62.48022,22.5837,-10.20892,-0.97288,-0.00818,0.23118,keep
eplus,70159,runs/geometry_optimization_20260704/step02_instant_geo_opt_s1_bpe_w5_fullstat_v1/Background_eplus_fullsphere20_rep06_part01.inc1.id1.sim.gz,510.99886000000004,8.178,158.63964898733957,234.4086554542161,120.57324546527992,top,top,top_phi01_045deg,65.49812601020432,right_upper,GeoOpt_S1_PlasticFullWrap_TopCap_5mm,geoopt_plastic_active,53.04056,37.32952,23.5485,-0.80843,-0.29619,-0.50864,single
eplus,120181,runs/geometry_optimization_20260704/step02_instant_geo_opt_s1_bpe_w5_fullstat_v1/Background_eplus_fullsphere20_rep06_part01.inc1.id1.sim.gz,510.99892,15.958,47.041551859437774,304.4245376823644,79.08688578363967,side_wall,side,side_phi03_135deg,139.95833935508577,left_upper,GeoOpt_S1_PlasticFullWrap_SideShell_5mm,geoopt_plastic_active,-44.3232,36.60712,3.96739,0.77442,-0.60368,0.18932,single
eplus,128882,runs/geometry_optimization_20260704/step02_instant_geo_opt_s1_bpe_w5_fullstat_v1/Background_eplus_fullsphere20_rep06_part01.inc1.id1.sim.gz,510.99896,11.934,99.4009048523466,34.78450759119331,133.50749666622957,side_wall,side,side_phi06_270deg,275.4090562430125,left_upper,GeoOpt_S1_PlasticFullWrap_SideShell_5mm,geoopt_plastic_active,-28.78895,-55.57706,24.09401,0.45745,0.56283,-0.68845,single
eplus,131723,runs/geometry_optimization_20260704/step02_instant_geo_opt_s1_bpe_w5_fullstat_v1/Background_eplus_fullsphere20_rep06_part01.inc1.id1.sim.gz,510.9988953999999,14.582,104.5171953258521,105.38433669363641,89.75076138537426,side_wall,side,side_phi06_270deg,276.91581245853797,right_lower,GeoOpt_S1_PlasticFullWrap_SideShell_5mm,geoopt_plastic_active,9.38887,-62.33677,-8.84127,-0.35885,0.93338,0.00435,single
eplus,144727,runs/geometry_optimization_20260704/step02_instant_geo_opt_s1_bpe_w5_fullstat_v1/Background_eplus_fullsphere20_rep06_part01.inc1.id1.sim.gz,510.998917,7309.667,100.66852757806053,85.29694018087591,100.82904269398688,side_wall,side,side_phi06_270deg,250.77284695382122,left_upper,GeoOpt_S1_PlasticFullWrap_SideShell_5mm,geoopt_plastic_active,-7.65293,-61.23633,9.40027,-0.07393,0.97941,-0.18788,keep
eplus,156362,runs/geometry_optimization_20260704/step02_instant_geo_opt_s1_bpe_w5_fullstat_v1/Background_eplus_fullsphere20_rep06_part01.inc1.id1.sim.gz,510.99889500000006,225.291,119.40693002127557,206.3269681906483,78.17573894974623,top,top,top_phi02_090deg,111.36899164330453,right_lower,GeoOpt_S1_PlasticFullWrap_TopCap_5mm,geoopt_plastic_active,50.9296,44.76676,-0.10272,-0.8993,-0.38635,0.20491,keep
eplus,163455,runs/geometry_optimization_20260704/step02_instant_geo_opt_s1_bpe_w5_fullstat_v1/Background_eplus_fullsphere20_rep06_part01.inc1.id1.sim.gz,510.99890000000005,0.861,122.19909597863428,122.02270489211686,93.41169652924694,side_wall,side,side_phi00_000deg,6.127332137258569,right_lower,TP_L5_00006,tes,49.03178,-43.50991,-31.31691,-0.69407,0.71744,-0.05951,keep
eplus,177789,runs/geometry_optimization_20260704/step02_instant_geo_opt_s1_bpe_w5_fullstat_v1/Background_eplus_fullsphere20_rep06_part01.inc1.id1.sim.gz,510.99886000000004,70.021,76.47799278987424,278.3150915994104,86.22089834941688,side_wall,side,side_phi03_135deg,128.26040960311602,left_upper,GeoOpt_S1_PlasticFullWrap_SideShell_5mm,geoopt_plastic_active,-23.52179,54.87891,7.72614,0.26476,-0.96206,0.06591,keep
eplus,61301,runs/geometry_optimization_20260704/step02_instant_geo_opt_s1_bpe_w5_fullstat_v1/Background_eplus_fullsphere20_rep07_part01.inc1.id1.sim.gz,510.99893199999997,2232.775,143.66823400954098,159.31443249961572,100.2369875286342,side_wall,side,side_phi00_000deg,3.812581217548663,right_lower,GeoOpt_S1_PlasticFullWrap_SideShell_5mm,geoopt_plastic_active,69.05237,-11.66529,-20.95716,-0.96157,0.20928,-0.17772,single
eplus,106227,runs/geometry_optimization_20260704/step02_instant_geo_opt_s1_bpe_w5_fullstat_v1/Background_eplus_fullsphere20_rep07_part01.inc1.id1.sim.gz,510.99890000000005,13.147,60.19755780334112,229.8788348005883,41.68264905034091,side_wall,side,side_phi02_090deg,78.63835026234918,left_lower,GeoOpt_S1_PlasticFullWrap_SideShell_5mm,geoopt_plastic_active,-9.02853,44.43771,-37.16229,-0.04396,-0.66355,0.74684,keep
eplus,168995,runs/geometry_optimization_20260704/step02_instant_geo_opt_s1_bpe_w5_fullstat_v1/Background_eplus_fullsphere20_rep07_part01.inc1.id1.sim.gz,510.99891799999995,123.533,72.72679811999117,287.7839239495576,89.78628624277998,side_wall,side,side_phi03_135deg,130.79619629056785,left_upper,GeoOpt_S1_PlasticFullWrap_SideShell_5mm,geoopt_plastic_active,-29.15577,50.60919,10.00014,0.41619,-0.90927,0.00373,single
eplus,197516,runs/geometry_optimization_20260704/step02_instant_geo_opt_s1_bpe_w5_fullstat_v1/Background_eplus_fullsphere20_rep07_part01.inc1.id1.sim.gz,510.99891,14.504,105.49821739586395,156.62768476023894,64.11669236994442,side_wall,side,side_phi07_315deg,318.1141994931429,right_lower,GeoOpt_S1_PlasticFullWrap_SideShell_5mm,geoopt_plastic_active,43.08702,-32.69326,-32.31655,-0.81443,0.38228,0.43654,single
eplus,202853,runs/geometry_optimization_20260704/step02_instant_geo_opt_s1_bpe_w5_fullstat_v1/Background_eplus_fullsphere20_rep07_part01.inc1.id1.sim.gz,510.998843,6.003,99.27735179761329,100.02114753056549,89.5737142949165,side_wall,side,side_phi06_270deg,288.3862270765634,right_lower,GeoOpt_S1_PlasticFullWrap_SideShell_5mm,geoopt_plastic_active,12.92977,-59.59861,-7.79313,-0.23543,0.97186,0.00744,single
eplus,209358,runs/geometry_optimization_20260704/step02_instant_geo_opt_s1_bpe_w5_fullstat_v1/Background_eplus_fullsphere20_rep07_part01.inc1.id1.sim.gz,510.99888699999997,114.596,103.14351357276068,178.21400838304316,58.16607548697891,side_wall,side,side_phi00_000deg,18.96097014337739,right_lower,GeoOpt_S1_PlasticFullWrap_BottomCap_5mm,geoopt_plastic_active,37.22303,7.81014,-57.023,-0.84904,0.03035,0.52746,single
eplus,9911,runs/geometry_optimization_20260704/step02_instant_geo_opt_s1_bpe_w5_fullstat_v1/Background_eplus_fullsphere20_rep08_part01.inc1.id1.sim.gz,510.99888,1.231,43.220113257274505,34.14465048524635,83.42349966114281,side_wall,side,side_phi03_135deg,149.48610907913206,left_lower,GeoOpt_S1_PlasticFullWrap_SideShell_5mm,geoopt_plastic_active,-61.0021,1.50095,-0.59952,0.91605,0.38437,0.11453,keep
eplus,41264,runs/geometry_optimization_20260704/step02_instant_geo_opt_s1_bpe_w5_fullstat_v1/Background_eplus_fullsphere20_rep08_part01.inc1.id1.sim.gz,510.99886,17.71,62.357952873247335,196.12401879624798,21.59342632279856,envelope_miss,miss_current_outer_envelope,phi00_000deg,,right_lower,Vacuum_Jacket_Al_266mmClass_side_port_side_wall_above_side_port,outer_mechanics,37.74993,18.8252,-45.26736,-0.2737,-0.24602,0.92982,single
eplus,51896,runs/geometry_optimization_20260704/step02_instant_geo_opt_s1_bpe_w5_fullstat_v1/Background_eplus_fullsphere20_rep08_part01.inc1.id1.sim.gz,510.998865,28.901,72.12582287184638,37.16259214057976,108.6194469988234,side_wall,side,side_phi05_225deg,219.37669296288377,left_upper,GeoOpt_S1_PlasticFullWrap_SideShell_5mm,geoopt_plastic_active,-42.20939,-34.62776,19.87169,0.75334,0.57492,-0.31928,keep
eplus,69124,runs/geometry_optimization_20260704/step02_instant_geo_opt_s1_bpe_w5_fullstat_v1/Background_eplus_fullsphere20_rep08_part01.inc1.id1.sim.gz,510.99893399999996,1.901,76.88520907549625,3.655235191177163,121.79072635580853,side_window,side,side_neg_x_window_axis_pm15deg,175.71199890755992,left_upper,GeoOpt_S1_PlasticFullWrap_SideShell_5mm,geoopt_plastic_active,-56.14024,0.38491,20.86587,0.84771,0.06209,-0.52682,keep
eplus,80763,runs/geometry_optimization_20260704/step02_instant_geo_opt_s1_bpe_w5_fullstat_v1/Background_eplus_fullsphere20_rep08_part01.inc1.id1.sim.gz,510.99888999999996,48.592,113.02818706332978,190.2035420701306,68.66265433121234,top,top,top_phi06_270deg,275.623458176816,right_lower,GeoOpt_S1_PlasticFullWrap_TopCap_5mm,geoopt_plastic_active,63.23848,-13.7068,-18.48038,-0.91708,-0.16303,0.36386,single
eplus,154485,runs/geometry_optimization_20260704/step02_instant_geo_opt_s1_bpe_w5_fullstat_v1/Background_eplus_fullsphere20_rep08_part01.inc1.id1.sim.gz,510.9989,10.262,111.50471042305445,175.49304878698376,66.6317431971315,side_wall,side,side_phi00_000deg,359.0863355018087,right_lower,GeoOpt_S1_PlasticFullWrap_SideShell_5mm,geoopt_plastic_active,52.67865,-3.13462,-35.03062,-0.91506,0.07311,0.39664,single
eplus,164289,runs/geometry_optimization_20260704/step02_instant_geo_opt_s1_bpe_w5_fullstat_v1/Background_eplus_fullsphere20_rep08_part01.inc1.id1.sim.gz,510.99887,3.937,169.16412281450394,303.5098027293647,140.16467746154964,top,top,top_phi04_180deg,201.03849874224056,right_upper,GeoOpt_S1_PlasticFullWrap_TopCap_5mm,geoopt_plastic_active,26.86972,1.18917,64.28188,-0.62111,-0.15675,-0.76789,veto
eplus,182558,runs/geometry_optimization_20260704/step02_instant_geo_opt_s1_bpe_w5_fullstat_v1/Background_eplus_fullsphere20_rep08_part01.inc1.id1.sim.gz,510.99884099999997,449.892,154.71021002812205,106.91224077514298,123.46733596917987,top,top,top_phi05_225deg,219.1716682706403,right_upper,TP_L0_00360,tes,37.2518,-33.31379,45.39836,-0.72721,0.40872,-0.55146,single
eplus,213474,runs/geometry_optimization_20260704/step02_instant_geo_opt_s1_bpe_w5_fullstat_v1/Background_eplus_fullsphere20_rep08_part01.inc1.id1.sim.gz,510.99894,804.187,123.2518749432295,121.70835187575813,94.4115627797561,side_wall,side,side_phi07_315deg,295.53109934075405,right_lower,GeoOpt_S1_PlasticFullWrap_SideShell_5mm,geoopt_plastic_active,30.61721,-61.08945,-17.76728,-0.69852,0.71144,-0.07692,single
eplus,230901,runs/geometry_optimization_20260704/step02_instant_geo_opt_s1_bpe_w5_fullstat_v1/Background_eplus_fullsphere20_rep08_part01.inc1.id1.sim.gz,510.99886000000004,1376.161,102.67386840896744,225.02430623516867,70.5812215896139,side_wall,side,side_phi00_000deg,6.399687773593559,right_lower,GeoOpt_S1_PlasticFullWrap_SideShell_5mm,geoopt_plastic_active,46.13261,30.60791,-31.93325,-0.64275,-0.69017,0.33247,single
gamma,528434,runs/geometry_optimization_20260704/step02_instant_geo_opt_s1_bpe_w5_fullstat_v1/Background_gamma_fullsphere20_rep01_part12.inc1.id1.sim.gz,510.93292,1903.964,89.91167868136132,247.88859983944187,74.49926333419023,side_wall,side,side_phi03_135deg,113.34024143430025,right_lower,CsI_TopAnnulus_Segment_02,csi_active,4.42579,63.06536,-1.45905,-0.26507,-0.92645,0.26725,single
muminus,7838,runs/geometry_optimization_20260704/step02_instant_geo_opt_s1_bpe_w5_fullstat_v1/Background_muminus_fullsphere20_rep03_part01.inc1.id1.sim.gz,510.998862,1680.164,72.37259060454305,133.839068853114,47.08593537883963,side_wall,side,side_phi06_270deg,282.370754450458,right_lower,GeoOpt_S1_PlasticFullWrap_SideShell_5mm,geoopt_plastic_active,18.20161,-52.92219,-25.11215,-0.25264,0.68742,0.6809,single
muplus,4293,runs/geometry_optimization_20260704/step02_instant_geo_opt_s1_bpe_w5_fullstat_v1/Background_muplus_fullsphere20_rep01_part01.inc1.id1.sim.gz,510.99899999999997,556.224,96.1309423110723,53.63663777724051,119.49636342189004,envelope_miss,miss_current_outer_envelope,phi05_225deg,,left_upper,GeoOpt_S1_PlasticFullWrap_SideShell_5mm,geoopt_plastic_active,-38.13563,-30.77989,46.74763,0.34133,0.80067,-0.49237,keep
muplus,8447,runs/geometry_optimization_20260704/step02_instant_geo_opt_s1_bpe_w5_fullstat_v1/Background_muplus_fullsphere20_rep01_part01.inc1.id1.sim.gz,510.998917,2149.973,95.14822022806845,316.02644699336196,124.76935930937069,side_wall,side,side_phi03_135deg,144.7973918446583,left_upper,GeoOpt_S1_PlasticFullWrap_SideShell_5mm,geoopt_plastic_active,-35.07655,39.3334,31.24418,0.44337,-0.69152,-0.57027,single
muplus,9490,runs/geometry_optimization_20260704/step02_instant_geo_opt_s1_bpe_w5_fullstat_v1/Background_muplus_fullsphere20_rep02_part01.inc1.id1.sim.gz,510.998869,770.151,133.4752615256811,293.1522806688805,133.49317263857426,side_wall,side,side_phi03_135deg,153.92009874736576,left_upper,GeoOpt_S1_PlasticFullWrap_SideShell_5mm,geoopt_plastic_active,-10.50368,51.04364,48.38613,-0.28477,-0.66723,-0.68827,single
muplus,4675,runs/geometry_optimization_20260704/step02_instant_geo_opt_s1_bpe_w5_fullstat_v1/Background_muplus_fullsphere20_rep04_part01.inc1.id1.sim.gz,510.99890500000004,3425.736,129.30967104626333,105.02245069165099,107.82737491411142,side_wall,side,side_phi07_315deg,316.0828061545361,right_lower,GeoOpt_S1_PlasticFullWrap_SideShell_5mm,geoopt_plastic_active,35.69302,-61.00087,-8.53631,-0.58977,0.74729,-0.30615,veto
muplus,4435,runs/geometry_optimization_20260704/step02_instant_geo_opt_s1_bpe_w5_fullstat_v1/Background_muplus_fullsphere20_rep05_part01.inc1.id1.sim.gz,510.9989,14036.603,132.77386837935543,55.0014971537945,141.068830930633,envelope_miss,miss_current_outer_envelope,phi04_180deg,,left_upper,GeoOpt_S1_PlasticFullWrap_TopCap_5mm,geoopt_plastic_active,-2.21256,5.42137,87.38372,-0.1825,0.6013,-0.7779,keep
muplus,1383,runs/geometry_optimization_20260704/step02_instant_geo_opt_s1_bpe_w5_fullstat_v1/Background_muplus_fullsphere20_rep07_part01.inc1.id1.sim.gz,510.99889999999994,615.955,132.53406683194623,74.64711503579512,128.02309839251555,top,top,top_phi00_000deg,338.2112579394134,right_upper,Vacuum_Jacket_Al_266mmClass_side_port_side_wall_above_side_port,outer_mechanics,38.15046,-48.25701,27.6449,-0.34007,0.71058,-0.61598,single
muplus,2373,runs/geometry_optimization_20260704/step02_instant_geo_opt_s1_bpe_w5_fullstat_v1/Background_muplus_fullsphere20_rep07_part01.inc1.id1.sim.gz,510.998943,1492.262,93.1698320438007,321.2606971523479,126.14284549402906,envelope_miss,miss_current_outer_envelope,phi03_135deg,,left_upper,Vacuum_Jacket_Al_266mmClass_side_port_side_wall_above_side_port,outer_mechanics,-20.23382,28.34115,54.74951,0.5116,-0.62482,-0.5898,keep
muplus,1858,runs/geometry_optimization_20260704/step02_instant_geo_opt_s1_bpe_w5_fullstat_v1/Background_muplus_fullsphere20_rep08_part01.inc1.id1.sim.gz,510.99892,358.74,154.99288996202966,74.07624541079662,136.28856141307722,side_wall,side,side_phi06_270deg,290.4213008870109,right_upper,GeoOpt_S1_PlasticFullWrap_SideShell_5mm,geoopt_plastic_active,38.72152,-48.27644,33.88336,-0.55881,0.40651,-0.72283,keep
n,121496,runs/geometry_optimization_20260704/step02_instant_geo_opt_s1_bpe_w5_fullstat_v1/Background_n_fullsphere20_rep01_part01.inc1.id1.sim.gz,510.998874,1.287,42.51561412171598,97.52269383790312,54.284277589641775,side_wall,side,side_phi07_315deg,315.2974099528881,left_lower,MuMetal_MagShield_Outer_Cylinder_2mm,outer_mechanics,-11.22642,-37.72194,-42.65044,0.45864,0.66997,0.58376,single
n,167319,runs/geometry_optimization_20260704/step02_instant_geo_opt_s1_bpe_w5_fullstat_v1/Background_n_fullsphere20_rep01_part01.inc1.id1.sim.gz,510.99888,374.36,116.26309240758793,228.8064171277889,83.98780833655101,side_wall,side,side_phi02_090deg,79.67702600673444,right_lower,Outer_Al_Mechanical_Shell_detector_bay_side_wall_below_side_port,outer_mechanics,30.07172,58.18795,-15.04729,-0.73052,-0.67481,0.10474,keep
n,457587,runs/geometry_optimization_20260704/step02_instant_geo_opt_s1_bpe_w5_fullstat_v1/Background_n_fullsphere20_rep01_part01.inc1.id1.sim.gz,510.99890000000005,39.166,94.91349513745675,217.4720190536553,60.0946591617142,side_wall,side,side_phi00_000deg,5.187944725103808,right_lower,CsI_TopAnnulus_Segment_07,csi_active,45.25001,24.76627,-35.08197,-0.6197,-0.60614,0.49857,single
n,506085,runs/geometry_optimization_20260704/step02_instant_geo_opt_s1_bpe_w5_fullstat_v1/Background_n_fullsphere20_rep01_part01.inc1.id1.sim.gz,510.9989002489,107.802,84.43267191249814,197.16009951463028,42.17970661680174,side_wall,side,side_phi00_000deg,348.94308467725074,right_lower,Shield_4K_Al_side_window_bottom_cap,window_or_side_port,33.74533,4.65292,-50.79446,-0.60384,-0.29365,0.74104,keep
n,620364,runs/geometry_optimization_20260704/step02_instant_geo_opt_s1_bpe_w5_fullstat_v1/Background_n_fullsphere20_rep01_part01.inc1.id1.sim.gz,510.999,0.58,100.82692292921789,229.9357574684037,71.68747995089876,top,top,top_phi00_000deg,354.38622311791244,right_lower,ColdPlate_CP_100mK_intercept,other,44.92282,38.38009,-20.03188,-0.57985,-0.7517,0.3142,single
n,737005,runs/geometry_optimization_20260704/step02_instant_geo_opt_s1_bpe_w5_fullstat_v1/Background_n_fullsphere20_rep01_part01.inc1.id1.sim.gz,510.99891,11.383,40.52044135448122,248.15826942073775,44.8911278219601,side_wall,side,side_phi01_045deg,27.115823725746274,left_lower,GeoOpt_S1_PlasticFullWrap_SideShell_5mm,geoopt_plastic_active,-5.94772,28.8705,-50.22419,0.3666,-0.60308,0.70845,single
n,745151,runs/geometry_optimization_20260704/step02_instant_geo_opt_s1_bpe_w5_fullstat_v1/Background_n_fullsphere20_rep01_part01.inc1.id1.sim.gz,510.99894000000006,28883.468,110.42093411717266,231.88906561159394,80.66132811608922,top,top,top_phi01_045deg,57.311053531877164,right_lower,ColdPlate_CP_100mK_intercept,other,42.51448,45.20788,-6.18447,-0.65571,-0.73737,0.16227,keep
n,875954,runs/geometry_optimization_20260704/step02_instant_geo_opt_s1_bpe_w5_fullstat_v1/Background_n_fullsphere20_rep01_part01.inc1.id1.sim.gz,510.99892,3.694,113.66730235623831,73.63628075230802,117.7950841292676,side_wall,side,side_phi06_270deg,259.4408478366459,left_upper,GeoOpt_S1_PlasticFullWrap_SideShell_5mm,geoopt_plastic_active,-8.55558,-64.66189,14.13652,-0.10139,0.87879,-0.46631,single
n,10145,runs/geometry_optimization_20260704/step02_instant_geo_opt_s1_bpe_w5_fullstat_v1/Background_n_fullsphere20_rep02_part01.inc1.id1.sim.gz,510.998922,0.0,87.31738844976576,51.12357912764623,114.21922984194048,envelope_miss,miss_current_outer_envelope,phi05_225deg,,left_upper,G10_Support_Ring_60K_Top,g10_passive,-0.40666,-51.26889,47.87556,0.47642,0.77765,-0.41023,keep
n,272055,runs/geometry_optimization_20260704/step02_instant_geo_opt_s1_bpe_w5_fullstat_v1/Background_n_fullsphere20_rep02_part01.inc1.id1.sim.gz,510.9988400000001,189.653,61.60652897045375,249.48510470611293,56.3414774722085,bottom,bottom,bottom_phi01_045deg,54.37108058656015,left_lower,CsI_Bottom_Quadrant_00,csi_active,-13.23673,39.65654,-41.03185,0.11825,-0.82391,0.55424,single
n,296032,runs/geometry_optimization_20260704/step02_instant_geo_opt_s1_bpe_w5_fullstat_v1/Background_n_fullsphere20_rep02_part01.inc1.id1.sim.gz,510.99895999999995,0.036,158.41293526957568,272.21393422084907,131.8790232568053,top,top,top_phi06_270deg,271.5575088686222,right_upper,CsI_Side_Segment_06,csi_active,48.6144,4.35429,49.1759,-0.64746,-0.36764,-0.66756,single
n,804987,runs/geometry_optimization_20260704/step02_instant_geo_opt_s1_bpe_w5_fullstat_v1/Background_n_fullsphere20_rep02_part01.inc1.id1.sim.gz,510.99889999999994,0.628,39.270265253327025,217.38675480226306,25.438078374624293,side_wall,side,side_phi00_000deg,21.302505243534544,right_lower,GeoOpt_S1_PlasticFullWrap_SideShell_5mm,geoopt_plastic_active,7.47393,22.86954,-52.85176,0.19179,-0.38434,0.90305,keep
n,305203,runs/geometry_optimization_20260704/step02_instant_geo_opt_s1_bpe_w5_fullstat_v1/Background_n_fullsphere20_rep03_part01.inc1.id1.sim.gz,510.9989,1.951,41.74493581837809,330.635765071102,83.26544226490921,side_wall,side,side_phi03_135deg,115.10192565233977,left_lower,Outer_Al_Mechanical_Shell_detector_bay_bottom_cap,outer_mechanics,-46.18475,32.94576,-10.1405,0.9379,-0.32649,0.11727,single
n,314403,runs/geometry_optimization_20260704/step02_instant_geo_opt_s1_bpe_w5_fullstat_v1/Background_n_fullsphere20_rep03_part01.inc1.id1.sim.gz,510.99887,0.0,116.15145741101729,208.6021545170244,75.78215435651266,top,top,top_phi03_135deg,146.44598412245435,right_upper,Shield_60K_Al_side_window_side_wall_above_side_port,window_or_side_port,52.75632,39.55554,0.1627,-0.86892,-0.42972,0.24561,keep
n,457664,runs/geometry_optimization_20260704/step02_instant_geo_opt_s1_bpe_w5_fullstat_v1/Background_n_fullsphere20_rep03_part01.inc1.id1.sim.gz,510.9989,0.157,62.82075422296453,274.6468244330574,74.21494005671094,side_wall,side,side_phi02_090deg,78.1365263770651,left_lower,CsI_Side_Segment_01,csi_active,-12.73835,53.55512,-17.83233,0.37395,-0.88666,0.27203,single
n,556865,runs/geometry_optimization_20260704/step02_instant_geo_opt_s1_bpe_w5_fullstat_v1/Background_n_fullsphere20_rep03_part01.inc1.id1.sim.gz,510.99885000000006,116.244,27.211944245725736,105.34081121709046,44.40677442684192,envelope_miss,miss_current_outer_envelope,phi06_270deg,,left_lower,ColdPlate_4K,other,-7.26214,-53.16297,-37.74259,0.5433,0.44099,0.71439,single
n,681084,runs/geometry_optimization_20260704/step02_instant_geo_opt_s1_bpe_w5_fullstat_v1/Background_n_fullsphere20_rep03_part01.inc1.id1.sim.gz,510.9989,56.234,64.66786917942218,308.6374831973313,95.53825599945012,side_wall,side,side_phi02_090deg,88.24888444849398,left_lower,CsI_Side_Segment_01,csi_active,-30.5931,51.44161,-5.17106,0.7016,-0.706,-0.09651,single
n,714779,runs/geometry_optimization_20260704/step02_instant_geo_opt_s1_bpe_w5_fullstat_v1/Background_n_fullsphere20_rep03_part01.inc1.id1.sim.gz,510.99894,18.446,79.18004950161291,252.51386023335692,70.03590887471488,side_wall,side,side_phi02_090deg,103.44427275403041,left_lower,Cu_50mK_StillLike_Can_bottom_cap_2mm,other,-13.72853,57.32434,-18.00477,-0.07595,-0.93683,0.34143,single
n,191496,runs/geometry_optimization_20260704/step02_instant_geo_opt_s1_bpe_w5_fullstat_v1/Background_n_fullsphere20_rep04_part01.inc1.id1.sim.gz,510.9989268,1.635,127.44866413148209,202.8158985943407,84.98075712404919,top,top,top_phi06_270deg,257.9321438905076,right_upper,G10_Support_Ring_Still_4K,g10_passive,64.70867,8.72619,1.49153,-0.9474,-0.30785,0.08749,keep
n,192808,runs/geometry_optimization_20260704/step02_instant_geo_opt_s1_bpe_w5_fullstat_v1/Background_n_fullsphere20_rep04_part01.inc1.id1.sim.gz,510.9989,0.749,107.62771647001306,180.16472454712775,62.6278961625118,side_wall,side,side_phi02_090deg,73.86413395870403,right_lower,GeoOpt_S1_PlasticFullWrap_SideShell_5mm,geoopt_plastic_active,53.30601,26.95113,-31.56293,-0.88804,-0.00274,0.45977,single
n,264586,runs/geometry_optimization_20260704/step02_instant_geo_opt_s1_bpe_w5_fullstat_v1/Background_n_fullsphere20_rep04_part01.inc1.id1.sim.gz,510.998868,0.0,148.32191200552896,104.18382414954556,120.71492681970635,top,top,top_phi00_000deg,337.97781534027365,right_upper,G10_Support_Ring_4K_60K,g10_passive,47.79147,-30.74047,32.58918,-0.69275,0.50914,-0.51077,single
n,299408,runs/geometry_optimization_20260704/step02_instant_geo_opt_s1_bpe_w5_fullstat_v1/Background_n_fullsphere20_rep04_part01.inc1.id1.sim.gz,510.9989,2.206,62.75962694182918,104.56779157595079,61.19761297728467,bottom,bottom,bottom_phi03_135deg,122.07795821315925,left_lower,Outer_Al_Mechanical_Shell_detector_bay_side_wall_below_side_port,outer_mechanics,-33.86019,-37.6643,-39.5984,0.16553,0.86051,0.48179,single
n,533867,runs/geometry_optimization_20260704/step02_instant_geo_opt_s1_bpe_w5_fullstat_v1/Background_n_fullsphere20_rep04_part01.inc1.id1.sim.gz,510.99889999999994,0.0,76.83433565183184,312.0736220151578,107.4763205707439,envelope_miss,miss_current_outer_envelope,phi03_135deg,,left_upper,ColdPlate_Still_0p7K,other,-27.19056,46.08781,27.69979,0.62242,-0.72277,-0.30031,single
n,752100,runs/geometry_optimization_20260704/step02_instant_geo_opt_s1_bpe_w5_fullstat_v1/Background_n_fullsphere20_rep04_part01.inc1.id1.sim.gz,510.99889,0.098,36.87781585013144,325.63720360723585,77.56448497264489,bottom,bottom,bottom_phi04_180deg,178.76050191684172,left_lower,CsI_Bottom_Quadrant_02,csi_active,-53.56949,9.87636,-11.65711,0.91591,-0.33872,0.21534,single
n,773525,runs/geometry_optimization_20260704/step02_instant_geo_opt_s1_bpe_w5_fullstat_v1/Background_n_fullsphere20_rep04_part01.inc1.id1.sim.gz,510.99892099999994,3.332,45.04369550249382,345.64972191805947,89.14912888705425,side_wall,side,side_phi03_135deg,117.44863143832995,left_upper,GeoOpt_S1_PlasticFullWrap_SideShell_5mm,geoopt_plastic_active,-50.76374,32.4332,9.84538,0.98439,-0.17539,0.01485,keep
n,912165,runs/geometry_optimization_20260704/step02_instant_geo_opt_s1_bpe_w5_fullstat_v1/Background_n_fullsphere20_rep04_part01.inc1.id1.sim.gz,510.99886000000004,10045.786,68.73673126892547,45.890366959777204,101.66739409756035,envelope_miss,miss_current_outer_envelope,phi05_225deg,,left_upper,Plate_300K_Top_Service_Lid,other,-23.16021,-50.44049,36.51343,0.7151,0.66913,-0.20223,single
n,259704,runs/geometry_optimization_20260704/step02_instant_geo_opt_s1_bpe_w5_fullstat_v1/Background_n_fullsphere20_rep05_part01.inc1.id1.sim.gz,510.9989,550.368,56.182050164927446,22.93904230328651,98.48032612160554,bottom,bottom,bottom_phi04_180deg,194.91000982516638,left_lower,CsI_Bottom_Quadrant_01,csi_active,-57.11014,-14.0233,-9.81684,0.93456,0.32381,-0.14747,single
n,365643,runs/geometry_optimization_20260704/step02_instant_geo_opt_s1_bpe_w5_fullstat_v1/Background_n_fullsphere20_rep05_part01.inc1.id1.sim.gz,510.99898999999994,0.617,98.37450803815474,274.21560334059393,98.88258500638509,side_wall,side,side_phi02_090deg,95.30741933293504,left_upper,Outer_Al_Mechanical_Shell_detector_bay_side_wall_above_side_port,outer_mechanics,-1.21883,60.89165,5.88242,-0.05156,-0.98666,-0.15441,keep
n,545609,runs/geometry_optimization_20260704/step02_instant_geo_opt_s1_bpe_w5_fullstat_v1/Background_n_fullsphere20_rep05_part01.inc1.id1.sim.gz,510.99895000000004,0.167,136.34531039044083,80.37422688865998,126.3859383301482,side_wall,side,side_phi05_225deg,211.5622081301798,right_upper,CsI_Side_Segment_04_rectcut_window_band,csi_active,4.19544,-51.56951,46.6816,-0.42998,0.68059,-0.59322,single
n,591731,runs/geometry_optimization_20260704/step02_instant_geo_opt_s1_bpe_w5_fullstat_v1/Background_n_fullsphere20_rep05_part01.inc1.id1.sim.gz,510.998882,332.481,123.55771632707572,133.05090540015803,89.3479563494057,side_wall,side,side_phi07_315deg,302.8280268231445,right_lower,ActiveShield_Flex_Kapton_detector_bay_above_side_port,passive_shield_or_collimator,42.08502,-49.23079,-13.37221,-0.79312,0.60895,0.01138,keep
n,610192,runs/geometry_optimization_20260704/step02_instant_geo_opt_s1_bpe_w5_fullstat_v1/Background_n_fullsphere20_rep05_part01.inc1.id1.sim.gz,510.9988701,41.776,100.39084391916282,222.15726161922802,67.16674918396774,side_wall,side,side_phi00_000deg,347.82801655360464,right_lower,CsI_Side_Segment_07,csi_active,45.39339,24.5078,-40.646,-0.64312,-0.66016,0.38805,single
n,736476,runs/geometry_optimization_20260704/step02_instant_geo_opt_s1_bpe_w5_fullstat_v1/Background_n_fullsphere20_rep05_part01.inc1.id1.sim.gz,510.99895000000004,1.191,81.86950959132291,235.85777531950575,60.470032026880844,side_wall,side,side_phi01_045deg,65.53800411845565,right_lower,CsI_Side_Segment_01,csi_active,19.631,51.84134,-22.06943,-0.29287,-0.81933,0.49288,keep
n,795568,runs/geometry_optimization_20260704/step02_instant_geo_opt_s1_bpe_w5_fullstat_v1/Background_n_fullsphere20_rep05_part01.inc1.id1.sim.gz,510.99891,1.873,106.18223440527117,234.73733254635377,78.75580578971194,envelope_miss,miss_current_outer_envelope,phi01_045deg,,right_upper,ColdPlate_4K,other,50.46184,42.38474,6.12922,-0.58912,-0.78416,0.19499,single
n,813973,runs/geometry_optimization_20260704/step02_instant_geo_opt_s1_bpe_w5_fullstat_v1/Background_n_fullsphere20_rep05_part01.inc1.id1.sim.gz,510.99890000000005,2775.03,122.57366358043376,123.26475602695739,93.08686773219667,top,top,top_phi07_315deg,297.3981703611101,right_lower,Nb_MagShield_Inner_Cylinder_2mm,passive_shield_or_collimator,40.38741,-49.52939,-1.04494,-0.70754,0.70462,-0.05385,single
n,841723,runs/geometry_optimization_20260704/step02_instant_geo_opt_s1_bpe_w5_fullstat_v1/Background_n_fullsphere20_rep05_part01.inc1.id1.sim.gz,510.99892,0.235,41.674246623735115,307.468439272407,75.9859585185071,bottom,bottom,bottom_phi05_225deg,224.279731034039,left_lower,CsI_Side_Segment_04_below_side_port,csi_active,-60.39616,4.81298,-14.63702,0.81417,-0.52772,0.24216,single
n,894429,runs/geometry_optimization_20260704/step02_instant_geo_opt_s1_bpe_w5_fullstat_v1/Background_n_fullsphere20_rep05_part01.inc1.id1.sim.gz,510.99890544929997,0.0,21.243989008317154,35.17207574401585,63.280651485735554,bottom,bottom,bottom_phi00_000deg,338.1896392431825,left_lower,CsI_Bottom_Quadrant_03,csi_active,-43.49247,-7.59978,-32.74428,0.86849,0.20872,0.44962,keep
n,79531,runs/geometry_optimization_20260704/step02_instant_geo_opt_s1_bpe_w5_fullstat_v1/Background_n_fullsphere20_rep06_part01.inc1.id1.sim.gz,510.99899999999997,117.053,122.19194535624105,227.41267496329,88.38231961152538,side_wall,side,side_phi00_000deg,351.67980954381227,right_lower,CsI_Side_Segment_07,csi_active,55.8023,30.44984,-28.06734,-0.78166,-0.62306,0.02823,single
n,118972,runs/geometry_optimization_20260704/step02_instant_geo_opt_s1_bpe_w5_fullstat_v1/Background_n_fullsphere20_rep06_part01.inc1.id1.sim.gz,510.99898,0.555,73.25124663603061,8.459563009049056,117.77313578055069,envelope_miss,miss_current_outer_envelope,phi04_180deg,,left_upper,DR_MXC_Sinter_HEX_AgProxy,other,-36.17446,-0.44933,56.88719,0.87351,0.14087,-0.46597,keep
n,158363,runs/geometry_optimization_20260704/step02_instant_geo_opt_s1_bpe_w5_fullstat_v1/Background_n_fullsphere20_rep06_part01.inc1.id1.sim.gz,510.99889999999994,23.704,93.18605360377003,197.65821427932235,50.69498339124741,top,top,top_phi00_000deg,340.27971079728565,right_lower,MuMetal_MagShield_Outer_Back_ColdFingerCap_2mm,outer_mechanics,50.64849,3.60773,-36.61864,-0.71205,-0.30287,0.63345,keep
n,164833,runs/geometry_optimization_20260704/step02_instant_geo_opt_s1_bpe_w5_fullstat_v1/Background_n_fullsphere20_rep06_part01.inc1.id1.sim.gz,510.99892,0.056,34.73151750169648,265.04447500134813,51.98103801064732,bottom,bottom,bottom_phi03_135deg,139.71993266163116,left_lower,Still_Shield_Al_side_window_bottom_cap,window_or_side_port,-42.7525,28.69194,-24.57957,0.54632,-0.5676,0.61592,keep
n,180531,runs/geometry_optimization_20260704/step02_instant_geo_opt_s1_bpe_w5_fullstat_v1/Background_n_fullsphere20_rep06_part01.inc1.id1.sim.gz,510.998864,0.0,70.98890478369107,342.7573450288039,114.08877533491264,side_wall,side,side_phi03_135deg,118.13716350681467,left_upper,GeoOpt_S1_PlasticFullWrap_SideShell_5mm,geoopt_plastic_active,-47.35727,34.70804,17.29504,0.86883,-0.28025,-0.40815,keep
n,251935,runs/geometry_optimization_20260704/step02_instant_geo_opt_s1_bpe_w5_fullstat_v1/Background_n_fullsphere20_rep06_part01.inc1.id1.sim.gz,510.998876,27.819,27.44572460175091,272.2262118619291,52.058224084369556,bottom,bottom,bottom_phi06_270deg,280.69158327427124,left_lower,GeoOpt_S1_PlasticFullWrap_SideShell_5mm,geoopt_plastic_active,-42.45693,-5.64216,-48.4389,0.64018,-0.46056,0.61486,single
n,399655,runs/geometry_optimization_20260704/step02_instant_geo_opt_s1_bpe_w5_fullstat_v1/Background_n_fullsphere20_rep06_part01.inc1.id1.sim.gz,510.9988900000001,1.168,85.47877604619771,210.9386907481106,48.673356955090384,side_wall,side,side_phi00_000deg,356.9822164881973,right_lower,GeoOpt_S1_PlasticFullWrap_BottomCap_5mm,geoopt_plastic_active,22.2071,16.26036,-59.02429,-0.54887,-0.51252,0.66035,keep
n,634987,runs/geometry_optimization_20260704/step02_instant_geo_opt_s1_bpe_w5_fullstat_v1/Background_n_fullsphere20_rep06_part01.inc1.id1.sim.gz,510.998891,1.031,88.26330086952977,122.24706565185517,66.51253531636789,envelope_miss,miss_current_outer_envelope,phi07_315deg,,right_lower,NbTi_Bundle_Still_4K,other,31.81048,-52.00385,-11.36772,-0.35569,0.84537,0.39855,single
n,107826,runs/geometry_optimization_20260704/step02_instant_geo_opt_s1_bpe_w5_fullstat_v1/Background_n_fullsphere20_rep07_part01.inc1.id1.sim.gz,510.998895,26.445,79.44027242584282,104.61219869718907,72.24488935327501,side_wall,side,side_phi05_225deg,229.12441150303826,left_lower,CsI_Bottom_Quadrant_02,csi_active,-19.27162,-60.24986,-7.88637,-0.04578,0.95127,0.30495,single
n,243793,runs/geometry_optimization_20260704/step02_instant_geo_opt_s1_bpe_w5_fullstat_v1/Background_n_fullsphere20_rep07_part01.inc1.id1.sim.gz,510.9989,12.063,131.82374384621053,187.39931446115122,87.0755118144922,top,top,top_phi03_135deg,132.2577960940133,right_upper,CsI_Side_Segment_03_above_side_port,csi_active,63.26945,19.53351,10.48338,-0.99408,-0.09597,0.05102,single
n,252059,runs/geometry_optimization_20260704/step02_instant_geo_opt_s1_bpe_w5_fullstat_v1/Background_n_fullsphere20_rep07_part01.inc1.id1.sim.gz,510.9989,27.357,24.354358592059025,31.856241452223262,66.63989154972795,bottom,bottom,bottom_phi02_090deg,81.12782271185945,left_lower,Passive_W_Bottom_Plate_detector_bay,other,-47.5411,4.77911,-32.4217,0.89186,0.21765,0.39651,single
n,329030,runs/geometry_optimization_20260704/step02_instant_geo_opt_s1_bpe_w5_fullstat_v1/Background_n_fullsphere20_rep07_part01.inc1.id1.sim.gz,510.99887,0.525,108.81865361611032,237.51574796442316,82.45126091526367,top,top,top_phi03_135deg,125.56885907972746,right_upper,Shield_60K_Al_side_window_side_wall_above_side_port,window_or_side_port,34.65676,52.5204,1.89734,-0.58756,-0.79845,0.13137,keep
n,361381,runs/geometry_optimization_20260704/step02_instant_geo_opt_s1_bpe_w5_fullstat_v1/Background_n_fullsphere20_rep07_part01.inc1.id1.sim.gz,510.99890999999997,15.082,43.17502546396819,127.05009431383442,36.17874280920832,bottom,bottom,bottom_phi07_315deg,307.9359907762586,left_lower,CsI_Side_Segment_06,csi_active,-10.00281,-31.59404,-44.44335,0.22416,0.54609,0.80718,single
n,602847,runs/geometry_optimization_20260704/step02_instant_geo_opt_s1_bpe_w5_fullstat_v1/Background_n_fullsphere20_rep07_part01.inc1.id1.sim.gz,510.99890000000005,0.015,78.06961578343555,275.54458723840514,85.44993608497377,side_wall,side,side_phi02_090deg,83.24870574518162,left_lower,ActiveShield_Flex_Kapton_detector_bay_below_side_port,passive_shield_or_collimator,-12.95444,56.31798,-13.66505,0.21302,-0.97382,0.07933,single
n,668801,runs/geometry_optimization_20260704/step02_instant_geo_opt_s1_bpe_w5_fullstat_v1/Background_n_fullsphere20_rep07_part01.inc1.id1.sim.gz,510.998915,0.021,115.23156689627821,125.55181952402098,85.95788338114713,side_wall,side,side_phi07_315deg,322.36361749152917,right_lower,CsI_Bottom_Quadrant_03,csi_active,35.67774,-49.81339,-28.69434,-0.67334,0.73597,0.07049,keep
n,928441,runs/geometry_optimization_20260704/step02_instant_geo_opt_s1_bpe_w5_fullstat_v1/Background_n_fullsphere20_rep07_part01.inc1.id1.sim.gz,510.998873,0.0,89.21278314619052,319.6134149452179,121.92646004559047,envelope_miss,miss_current_outer_envelope,phi03_135deg,,left_upper,Vacuum_Jacket_Al_266mmClass_side_port_side_wall_above_side_port,outer_mechanics,-11.0468,45.83202,45.69039,0.54826,-0.64788,-0.52883,single
n,137864,runs/geometry_optimization_20260704/step02_instant_geo_opt_s1_bpe_w5_fullstat_v1/Background_n_fullsphere20_rep08_part01.inc1.id1.sim.gz,510.998912394,51.949,48.17061110956641,69.79929905924571,73.16359724153021,side_wall,side,side_phi05_225deg,230.80657648428104,left_lower,CsI_Side_Segment_05,csi_active,-40.6185,-39.04288,-6.61988,0.65352,0.6993,0.28964,keep
n,357387,runs/geometry_optimization_20260704/step02_instant_geo_opt_s1_bpe_w5_fullstat_v1/Background_n_fullsphere20_rep08_part01.inc1.id1.sim.gz,510.99891,0.001,105.29566988971007,187.76533244593165,60.70740909212368,top,top,top_phi02_090deg,77.56306276795665,right_lower,ColdPlate_CP_100mK_intercept,other,55.04151,20.47059,-23.59173,-0.86234,-0.13033,0.48927,single
n,370386,runs/geometry_optimization_20260704/step02_instant_geo_opt_s1_bpe_w5_fullstat_v1/Background_n_fullsphere20_rep08_part01.inc1.id1.sim.gz,510.99897999999996,4.173,113.77425789452232,164.75723790232018,70.16706506383107,top,top,top_phi05_225deg,235.7453396978903,right_lower,CsI_TopAnnulus_Segment_04,csi_active,56.87048,-33.01415,-8.54426,-0.9094,0.2406,0.33928,veto
n,585146,runs/geometry_optimization_20260704/step02_instant_geo_opt_s1_bpe_w5_fullstat_v1/Background_n_fullsphere20_rep08_part01.inc1.id1.sim.gz,510.99895559999993,0.0,54.27229738993553,121.66801828807532,44.41680177098529,side_wall,side,side_phi07_315deg,295.01119194117376,right_lower,GeoOpt_S1_PlasticFullWrap_SideShell_5mm,geoopt_plastic_active,7.10254,-50.22456,-31.33658,0.11154,0.69093,0.71427,veto
n,745296,runs/geometry_optimization_20260704/step02_instant_geo_opt_s1_bpe_w5_fullstat_v1/Background_n_fullsphere20_rep08_part01.inc1.id1.sim.gz,510.99894280000007,1.076,81.4014238897099,230.15498274505666,56.38012658573708,side_wall,side,side_phi01_045deg,26.775495945017994,right_lower,CsI_Side_Segment_00,csi_active,23.20765,37.28393,-41.18614,-0.34224,-0.75915,0.55368,veto
n,748880,runs/geometry_optimization_20260704/step02_instant_geo_opt_s1_bpe_w5_fullstat_v1/Background_n_fullsphere20_rep08_part01.inc1.id1.sim.gz,510.998966,6.622,76.95455294467665,188.61574886296893,32.786462333939554,side_wall,side,side_phi00_000deg,17.80463915473385,right_lower,ColdPlate_MXC_50mK_SD_anchor,other,27.60636,12.85398,-50.30934,-0.52147,-0.14594,0.84069,keep
n,821539,runs/geometry_optimization_20260704/step02_instant_geo_opt_s1_bpe_w5_fullstat_v1/Background_n_fullsphere20_rep08_part01.inc1.id1.sim.gz,510.9989,0.547,115.289835021981,158.2891200000182,73.0277054604211,top,top,top_phi06_270deg,290.9060934802841,right_lower,ColdPlate_CP_100mK_intercept,other,51.95579,-36.4594,-13.57523,-0.89606,0.33447,0.29191,single
n,887540,runs/geometry_optimization_20260704/step02_instant_geo_opt_s1_bpe_w5_fullstat_v1/Background_n_fullsphere20_rep08_part01.inc1.id1.sim.gz,510.9989,10.936,75.16043157087718,274.99385165706485,83.01556682827324,side_wall,side,side_phi03_135deg,152.22353713123505,left_upper,CsI_Bottom_Quadrant_01,csi_active,-36.40783,51.9398,3.31397,0.2406,-0.96298,0.1216,single
p,215891,runs/geometry_optimization_20260704/step02_instant_geo_opt_s1_bpe_w5_fullstat_v1/Background_p_fullsphere20_rep08_part01.inc1.id1.sim.gz,510.998912,141846.916,143.7484105937436,197.83489306577877,99.91518967835043,top,top,top_phi01_045deg,38.975794654865474,right_lower,GeoOpt_S1_PlasticFullWrap_TopCap_5mm,geoopt_plastic_active,62.86741,23.51224,-0.05953,-0.96827,-0.18111,-0.17219,keep
activation,11555,runs/geometry_optimization_20260704/step02_delayed_transport_geo_opt_s1_bpe_w5_fullstat_v1/DelayedDecayGeoOptS1BpeW5FullstatV1.inc1.id1.sim.gz,510.998946,2000.0,140.0052166249785,282.635618219364,129.8762739109177,bottom,bottom,bottom_phi06_270deg,270.7495487192017,left_upper,ColdPlate_MXC_50mK_SD_anchor,other,-2.93582,0.63,2.82411,-0.4423,-0.62715,-0.64113,single
activation,15164,runs/geometry_optimization_20260704/step02_delayed_transport_geo_opt_s1_bpe_w5_fullstat_v1/DelayedDecayGeoOptS1BpeW5FullstatV1.inc1.id1.sim.gz,510.9989,2000.0,63.38764010416801,58.944392015299684,90.53744207628148,top,top,top_phi01_045deg,23.202809586224056,right_upper,ColdPlate_CP_100mK_intercept,other,6.93191,-1.33261,0.19519,0.64288,0.76591,-0.00938,single
activation,15495,runs/geometry_optimization_20260704/step02_delayed_transport_geo_opt_s1_bpe_w5_fullstat_v1/DelayedDecayGeoOptS1BpeW5FullstatV1.inc1.id1.sim.gz,510.9989,2000.0,96.24547341955059,243.91205109702838,76.57455325699236,side_wall,side,side_phi05_225deg,214.47868528851194,left_upper,ColdPlate_MXC_50mK_SD_anchor,other,-8.5342,6.32084,8.67781,-0.38603,-0.89279,0.23218,single
activation,96906,runs/geometry_optimization_20260704/step02_delayed_transport_geo_opt_s1_bpe_w5_fullstat_v1/DelayedDecayGeoOptS1BpeW5FullstatV1.inc1.id1.sim.gz,510.99892,2000.0,101.27071241457834,185.24901848523822,56.47082346378616,side_window,side,side_neg_x_window_axis_pm15deg,176.0366982380218,right_lower,ColdPlate_CP_100mK_intercept,other,9.42656,5.23501,-2.11243,-0.82876,-0.08972,0.55236,veto
activation,114227,runs/geometry_optimization_20260704/step02_delayed_transport_geo_opt_s1_bpe_w5_fullstat_v1/DelayedDecayGeoOptS1BpeW5FullstatV1.inc1.id1.sim.gz,510.99890200000004,2000.0,76.3749732752378,277.45894976007924,85.56314499499923,side_wall,side,side_phi06_270deg,278.1084894838932,right_lower,ColdPlate_MXC_50mK_SD_anchor,other,0.18765,0.02242,-0.25931,0.25578,-0.96363,0.07736,keep
activation,117236,runs/geometry_optimization_20260704/step02_delayed_transport_geo_opt_s1_bpe_w5_fullstat_v1/DelayedDecayGeoOptS1BpeW5FullstatV1.inc1.id1.sim.gz,510.99887700000005,2000.0,172.19558023709052,229.2877073700229,129.63744173955936,bottom,bottom,bottom_phi00_000deg,14.438873230268115,right_lower,GeoOpt_S1_PlasticFullWrap_TopCap_5mm,geoopt_plastic_active,19.10341,7.55957,-8.65185,-0.76319,-0.10293,-0.63793,single
activation,129251,runs/geometry_optimization_20260704/step02_delayed_transport_geo_opt_s1_bpe_w5_fullstat_v1/DelayedDecayGeoOptS1BpeW5FullstatV1.inc1.id1.sim.gz,510.99893,2000.0,87.28575976699913,4.036308946547753,132.1502239129567,side_wall,side,side_phi07_315deg,336.304328227226,left_lower,Cu_50mK_StillLike_Can_bottom_cap_2mm,other,-8.46564,-13.16607,-5.44118,0.73805,0.07031,-0.67108,veto
activation,207005,runs/geometry_optimization_20260704/step02_delayed_transport_geo_opt_s1_bpe_w5_fullstat_v1/DelayedDecayGeoOptS1BpeW5FullstatV1.inc1.id1.sim.gz,510.99884599999996,2000.0,48.28970684400271,93.54777454942993,59.791467716600195,top,top,top_phi02_090deg,105.36120383607496,left_upper,ColdPlate_MXC_50mK_SD_anchor,other,-1.38896,1.3645,1.6685,0.43782,0.74509,0.50315,keep
activation,251391,runs/geometry_optimization_20260704/step02_delayed_transport_geo_opt_s1_bpe_w5_fullstat_v1/DelayedDecayGeoOptS1BpeW5FullstatV1.inc1.id1.sim.gz,510.99888999999996,2000.0,138.6161018165224,228.89716258022196,102.89823024386037,bottom,bottom,bottom_phi05_225deg,233.35632900098966,right_lower,ColdPlate_MXC_50mK_SD_anchor,other,1.4958,0.5423,-1.89057,-0.83786,-0.49816,-0.22322,single
activation,254504,runs/geometry_optimization_20260704/step02_delayed_transport_geo_opt_s1_bpe_w5_fullstat_v1/DelayedDecayGeoOptS1BpeW5FullstatV1.inc1.id1.sim.gz,510.9989,2000.0,76.45090856894566,198.970848388949,35.33848364942214,side_wall,side,side_phi05_225deg,206.2121080195808,left_lower,Cu_50mK_StillLike_Can_bottom_cap_2mm,other,-10.89593,-5.63766,-3.00144,-0.48443,-0.31604,0.81575,single
activation,268065,runs/geometry_optimization_20260704/step02_delayed_transport_geo_opt_s1_bpe_w5_fullstat_v1/DelayedDecayGeoOptS1BpeW5FullstatV1.inc1.id1.sim.gz,510.998886,2000.0,110.0068302960028,341.20701044267,150.5676265903379,side_wall,side,side_phi07_315deg,320.4313411388787,left_upper,Cu_50mK_StillLike_Can_side_wall_rectcut_window_band,window_or_side_port,-14.58625,-5.62058,5.49971,0.38709,-0.30271,-0.87094,single
activation,312666,runs/geometry_optimization_20260704/step02_delayed_transport_geo_opt_s1_bpe_w5_fullstat_v1/DelayedDecayGeoOptS1BpeW5FullstatV1.inc1.id1.sim.gz,510.99890000000005,2000.0,170.31878762734448,122.64527959850689,129.2637747640521,bottom,bottom,bottom_phi02_090deg,103.88561521157956,left_lower,Cu_50mK_StillLike_Can_bottom_cap_2mm,other,-6.52782,0.46758,-7.46004,-0.76118,0.1416,-0.63289,single
activation,351355,runs/geometry_optimization_20260704/step02_delayed_transport_geo_opt_s1_bpe_w5_fullstat_v1/DelayedDecayGeoOptS1BpeW5FullstatV1.inc1.id1.sim.gz,510.99895,2000.0,96.16111451549284,19.097680125999386,137.7501322506306,side_wall,side,side_phi00_000deg,12.992905096469679,right_lower,ColdPlate_MXC_50mK_SD_anchor,other,7.97934,0.84698,-8.3052,0.58844,0.32529,-0.74022,veto
activation,400295,runs/geometry_optimization_20260704/step02_delayed_transport_geo_opt_s1_bpe_w5_fullstat_v1/DelayedDecayGeoOptS1BpeW5FullstatV1.inc1.id1.sim.gz,510.998865,2000.0,10.383536263557454,126.18027129029237,39.57764458425373,top,top,top_phi06_270deg,248.0419253169636,left_upper,ColdPlate_MXC_50mK_SD_anchor,other,-0.43968,-4.19602,0.06219,0.62029,0.14548,0.77076,single
activation,433569,runs/geometry_optimization_20260704/step02_delayed_transport_geo_opt_s1_bpe_w5_fullstat_v1/DelayedDecayGeoOptS1BpeW5FullstatV1.inc1.id1.sim.gz,510.998893,2000.0,151.57057672965558,16.7734031343196,160.75998749745213,bottom,bottom,bottom_phi03_135deg,141.92429604354376,left_upper,Cu_50mK_StillLike_Can_bottom_cap_2mm,other,-17.0641,3.47585,3.25224,-0.29952,0.13739,-0.94415,single
activation,450836,runs/geometry_optimization_20260704/step02_delayed_transport_geo_opt_s1_bpe_w5_fullstat_v1/DelayedDecayGeoOptS1BpeW5FullstatV1.inc1.id1.sim.gz,510.99893499999996,2000.0,109.01279029529107,92.09679350563898,101.88222555656772,side_wall,side,side_phi02_090deg,93.14041710781238,left_upper,ColdPlate_MXC_50mK_SD_anchor,other,-0.43968,-4.19602,0.06219,-0.25482,0.94481,-0.2059,keep
activation,470343,runs/geometry_optimization_20260704/step02_delayed_transport_geo_opt_s1_bpe_w5_fullstat_v1/DelayedDecayGeoOptS1BpeW5FullstatV1.inc1.id1.sim.gz,510.99893999999995,2000.0,95.40817292878756,332.1453499730239,133.55419974129114,side_wall,side,side_phi07_315deg,319.886123342612,right_lower,GeoOpt_S1_PlasticFullWrap_TopCap_5mm,geoopt_plastic_active,17.81178,-15.98072,-7.02307,0.55575,-0.46515,-0.68904,single
activation,504073,runs/geometry_optimization_20260704/step02_delayed_transport_geo_opt_s1_bpe_w5_fullstat_v1/DelayedDecayGeoOptS1BpeW5FullstatV1.inc1.id1.sim.gz,510.99881,2000.0,128.1717482783988,295.9891420474147,132.89075604644708,side_wall,side,side_phi06_270deg,275.01273283477906,left_upper,ColdPlate_CP_100mK_intercept,other,-3.65382,-1.73548,10.86352,-0.19341,-0.70666,-0.6806,single
activation,525488,runs/geometry_optimization_20260704/step02_delayed_transport_geo_opt_s1_bpe_w5_fullstat_v1/DelayedDecayGeoOptS1BpeW5FullstatV1.inc1.id1.sim.gz,510.9989,2000.0,125.35812994404277,253.5689462795888,104.24515913588294,side_wall,side,side_phi05_225deg,235.52449947991096,left_upper,ColdPlate_CP_100mK_intercept,other,-3.42558,-1.86133,10.09294,-0.57231,-0.78224,-0.24607,single
activation,533430,runs/geometry_optimization_20260704/step02_delayed_transport_geo_opt_s1_bpe_w5_fullstat_v1/DelayedDecayGeoOptS1BpeW5FullstatV1.inc1.id1.sim.gz,510.99889,2000.0,27.981624602442942,64.65567556318223,61.155787223805376,top,top,top_phi01_045deg,43.25778764380769,right_lower,ColdPlate_MXC_50mK_SD_anchor,other,6.51992,6.65534,-6.57984,0.76646,0.42403,0.48243,single
activation,571424,runs/geometry_optimization_20260704/step02_delayed_transport_geo_opt_s1_bpe_w5_fullstat_v1/DelayedDecayGeoOptS1BpeW5FullstatV1.inc1.id1.sim.gz,510.998822,2000.0,106.70208380834505,275.3840680296012,105.47209096512216,side_wall,side,side_phi06_270deg,288.079635028471,right_lower,ColdPlate_MXC_50mK_SD_anchor,other,4.01067,5.71999,-3.93676,-0.13967,-0.95359,-0.26677,single
activation,572560,runs/geometry_optimization_20260704/step02_delayed_transport_geo_opt_s1_bpe_w5_fullstat_v1/DelayedDecayGeoOptS1BpeW5FullstatV1.inc1.id1.sim.gz,510.99889,2000.0,99.87964963441942,183.03436616816518,54.948036339480545,side_window,side,side_neg_x_window_axis_pm15deg,188.37211266779317,left_upper,ColdPlate_MXC_50mK_SD_anchor,other,-6.44439,-3.09336,6.74219,-0.81697,-0.05215,0.57432,single
activation,615007,runs/geometry_optimization_20260704/step02_delayed_transport_geo_opt_s1_bpe_w5_fullstat_v1/DelayedDecayGeoOptS1BpeW5FullstatV1.inc1.id1.sim.gz,510.99882899999994,2000.0,68.1861448542661,277.8564948385153,80.03652710802818,top,top,top_phi07_315deg,297.96534067346306,right_lower,ColdPlate_MXC_50mK_SD_anchor,other,3.66391,4.35105,-3.50037,0.35249,-0.91968,0.17302,veto
activation,636280,runs/geometry_optimization_20260704/step02_delayed_transport_geo_opt_s1_bpe_w5_fullstat_v1/DelayedDecayGeoOptS1BpeW5FullstatV1.inc1.id1.sim.gz,510.9988900000001,2000.0,65.5229033880733,313.65729415986976,98.70227612755286,top,top,top_phi01_045deg,24.136653689075445,right_lower,ColdPlate_CP_100mK_intercept,other,9.62233,10.42158,-2.77972,0.73725,-0.65846,-0.1513,keep
activation,647478,runs/geometry_optimization_20260704/step02_delayed_transport_geo_opt_s1_bpe_w5_fullstat_v1/DelayedDecayGeoOptS1BpeW5FullstatV1.inc1.id1.sim.gz,510.998869,2000.0,102.18302599980655,264.33609129654,94.64660541284907,side_wall,side,side_phi06_270deg,275.57378608443474,right_lower,ColdPlate_MXC_50mK_SD_anchor,other,3.51001,-3.69103,-3.6993,-0.21744,-0.97271,-0.08101,single
activation,668251,runs/geometry_optimization_20260704/step02_delayed_transport_geo_opt_s1_bpe_w5_fullstat_v1/DelayedDecayGeoOptS1BpeW5FullstatV1.inc1.id1.sim.gz,510.99889999999994,2000.0,42.11735229177957,69.27736451761139,69.1016107617121,top,top,top_phi04_180deg,171.09361419861355,left_upper,ColdPlate_MXC_50mK_SD_anchor,other,-3.0384,-6.03341,3.29448,0.69231,0.62726,0.35671,single
activation,703229,runs/geometry_optimization_20260704/step02_delayed_transport_geo_opt_s1_bpe_w5_fullstat_v1/DelayedDecayGeoOptS1BpeW5FullstatV1.inc1.id1.sim.gz,510.9989,2000.0,127.91436203046847,143.58248678949747,89.17433908998872,side_wall,side,side_phi03_135deg,145.90599723030724,left_upper,ColdPlate_MXC_50mK_SD_anchor,other,-6.17621,4.99752,6.09838,-0.88342,0.46836,0.01441,single
activation,708132,runs/geometry_optimization_20260704/step02_delayed_transport_geo_opt_s1_bpe_w5_fullstat_v1/DelayedDecayGeoOptS1BpeW5FullstatV1.inc1.id1.sim.gz,510.99898999999994,2000.0,154.05450065594948,134.57413514881694,114.75329292473276,bottom,bottom,bottom_phi04_180deg,181.77608068554926,left_upper,ColdPlate_MXC_50mK_SD_anchor,other,-7.63546,-8.73485,7.52796,-0.85296,0.31166,-0.41871,keep
activation,709836,runs/geometry_optimization_20260704/step02_delayed_transport_geo_opt_s1_bpe_w5_fullstat_v1/DelayedDecayGeoOptS1BpeW5FullstatV1.inc1.id1.sim.gz,510.99897,2000.0,117.92467793557726,350.6682682207777,161.37898405039667,side_wall,side,side_phi00_000deg,342.36168379966347,left_upper,ColdPlate_MXC_50mK_SD_anchor,other,-2.85747,-3.4663,2.46519,0.28536,-0.14327,-0.94765,single
activation,771454,runs/geometry_optimization_20260704/step02_delayed_transport_geo_opt_s1_bpe_w5_fullstat_v1/DelayedDecayGeoOptS1BpeW5FullstatV1.inc1.id1.sim.gz,510.99897,2000.0,112.20058989493177,13.12614775261198,154.79121670681437,top,top,top_phi02_090deg,73.79472611337565,right_upper,Shield_4K_Al_side_window_side_wall_above_side_port,window_or_side_port,5.74893,17.64014,10.56415,0.3704,0.21026,-0.90476,single
activation,781207,runs/geometry_optimization_20260704/step02_delayed_transport_geo_opt_s1_bpe_w5_fullstat_v1/DelayedDecayGeoOptS1BpeW5FullstatV1.inc1.id1.sim.gz,510.99894,2000.0,51.23978533120819,3.3105198894651573,96.18675422407715,side_wall,side,side_phi00_000deg,349.53195660448137,right_lower,Cu_50mK_StillLike_Can_bottom_cap_2mm,other,0.63011,-6.04198,-14.38325,0.99316,0.04503,-0.10777,single
activation,782565,runs/geometry_optimization_20260704/step02_delayed_transport_geo_opt_s1_bpe_w5_fullstat_v1/DelayedDecayGeoOptS1BpeW5FullstatV1.inc1.id1.sim.gz,510.99894,2000.0,83.07344378406033,266.7238630546909,82.79672761321652,side_wall,side,side_phi06_270deg,256.1880411499981,left_upper,ColdPlate_MXC_50mK_SD_anchor,other,-3.42437,2.11089,3.6312,0.04516,-0.99108,0.12539,single
activation,868540,runs/geometry_optimization_20260704/step02_delayed_transport_geo_opt_s1_bpe_w5_fullstat_v1/DelayedDecayGeoOptS1BpeW5FullstatV1.inc1.id1.sim.gz,510.998909,2000.0,127.25115758184837,136.19504940523208,91.24971669857378,side_wall,side,side_phi03_135deg,153.73565939720345,left_upper,ColdPlate_MXC_50mK_SD_anchor,other,-7.07221,-1.88121,7.33312,-0.83423,0.55099,-0.02181,keep
activation,904439,runs/geometry_optimization_20260704/step02_delayed_transport_geo_opt_s1_bpe_w5_fullstat_v1/DelayedDecayGeoOptS1BpeW5FullstatV1.inc1.id1.sim.gz,510.99889999999994,2000.0,41.86086834245034,260.4730237400512,52.79057304972511,top,top,top_phi07_315deg,323.4388810018096,right_lower,Cu_50mK_StillLike_Can_bottom_cap_2mm,other,0.89956,9.15314,-14.62245,0.44853,-0.65812,0.60473,single
activation,905843,runs/geometry_optimization_20260704/step02_delayed_transport_geo_opt_s1_bpe_w5_fullstat_v1/DelayedDecayGeoOptS1BpeW5FullstatV1.inc1.id1.sim.gz,510.998853,2000.0,90.72846518113407,268.85489955720413,89.70549854854691,side_wall,side,side_phi06_270deg,250.5177014068961,left_upper,ColdPlate_MXC_50mK_SD_anchor,other,-6.17621,4.99752,6.09838,-0.02312,-0.99972,0.00514,single
activation,915159,runs/geometry_optimization_20260704/step02_delayed_transport_geo_opt_s1_bpe_w5_fullstat_v1/DelayedDecayGeoOptS1BpeW5FullstatV1.inc1.id1.sim.gz,510.9989,2000.0,15.094114422987687,177.50852344938983,29.925882520818494,top,top,top_phi03_135deg,123.06366090475376,left_lower,Cu_50mK_StillLike_Can_bottom_cap_2mm,other,-8.02438,9.47643,-5.76028,0.49875,0.01132,0.86667,single
activation,938337,runs/geometry_optimization_20260704/step02_delayed_transport_geo_opt_s1_bpe_w5_fullstat_v1/DelayedDecayGeoOptS1BpeW5FullstatV1.inc1.id1.sim.gz,510.99886,2000.0,41.201616442169986,293.9213246671899,69.93050221823107,envelope_miss,miss_current_outer_envelope,phi04_180deg,,right_upper,ColdPlate_4K,other,6.20523,3.78061,22.12378,0.72089,-0.60213,0.34316,keep
activation,942128,runs/geometry_optimization_20260704/step02_delayed_transport_geo_opt_s1_bpe_w5_fullstat_v1/DelayedDecayGeoOptS1BpeW5FullstatV1.inc1.id1.sim.gz,510.99892,2000.0,68.82466200584139,231.9582643417847,48.5668425117924,envelope_miss,miss_current_outer_envelope,phi06_270deg,,right_upper,ColdPlate_4K,other,14.18149,-3.02603,13.91497,-0.1509,-0.73439,0.66175,single
activation,965379,runs/geometry_optimization_20260704/step02_delayed_transport_geo_opt_s1_bpe_w5_fullstat_v1/DelayedDecayGeoOptS1BpeW5FullstatV1.inc1.id1.sim.gz,510.99887,2000.0,46.732328842861854,181.42908527037824,2.0131174906973204,top,top,top_phi05_225deg,218.99792767580655,left_lower,Cu_50mK_StillLike_Can_bottom_cap_2mm,other,-3.43226,-10.58142,-10.46727,-0.03007,-0.01816,0.99938,keep
activation,965527,runs/geometry_optimization_20260704/step02_delayed_transport_geo_opt_s1_bpe_w5_fullstat_v1/DelayedDecayGeoOptS1BpeW5FullstatV1.inc1.id1.sim.gz,510.99895,2000.0,63.26871630970494,268.9085126363289,70.72567493609539,top,top,top_phi06_270deg,248.6648427308578,left_upper,ColdPlate_MXC_50mK_SD_anchor,other,-5.22349,-4.22584,5.17697,0.30603,-0.89296,0.33009,veto
activation,971541,runs/geometry_optimization_20260704/step02_delayed_transport_geo_opt_s1_bpe_w5_fullstat_v1/DelayedDecayGeoOptS1BpeW5FullstatV1.inc1.id1.sim.gz,510.99892099999994,2000.0,121.49019439342045,283.7511719270186,120.84309180720702,bottom,bottom,bottom_phi06_270deg,292.13262236961134,left_lower,Cu_50mK_StillLike_Can_bottom_cap_2mm,other,-5.14617,2.45885,-8.73867,-0.22603,-0.82829,-0.51269,single
activation,979019,runs/geometry_optimization_20260704/step02_delayed_transport_geo_opt_s1_bpe_w5_fullstat_v1/DelayedDecayGeoOptS1BpeW5FullstatV1.inc1.id1.sim.gz,510.99890099999993,2000.0,110.31763196759657,309.7707506993246,132.04615096639967,side_wall,side,side_phi07_315deg,308.74024343852494,left_upper,Cu_50mK_StillLike_Can_side_wall_below_side_port,aluminium_passive,-12.1975,11.35723,2.09384,0.17868,-0.72079,-0.66973,keep
atm511,7202,runs/geometry_optimization_20260704/p2_atm511_unit_geo_opt_s1_bpe_w5_fullstat_v1/Atm511LowerUnit3M_GeoOptS1BpeW5.inc1.id1.sim.gz,511.00001199999997,511.0,77.56113011749646,185.78085705143414,32.93308515061134,side_wall,side,side_phi00_000deg,7.5543045329968095,right_lower,TP_L5_00344,tes,27.29072,6.52308,-51.70771,-0.53469,-0.09836,0.83931,single
atm511,34030,runs/geometry_optimization_20260704/p2_atm511_unit_geo_opt_s1_bpe_w5_fullstat_v1/Atm511LowerUnit3M_GeoOptS1BpeW5.inc1.id1.sim.gz,511.0000060000001,511.0,58.18272431531406,125.1666764697668,44.03952810671677,side_wall,side,side_phi07_315deg,308.6761289866076,left_lower,TP_L4_00281,tes,-3.08846,-37.01568,-42.92491,0.02673,0.69464,0.71886,single
atm511,65112,runs/geometry_optimization_20260704/p2_atm511_unit_geo_opt_s1_bpe_w5_fullstat_v1/Atm511LowerUnit3M_GeoOptS1BpeW5.inc1.id1.sim.gz,511.0000468600001,511.0,104.6912843067517,249.81876367865038,86.7530308447354,side_wall,side,side_phi02_090deg,67.69776546373686,right_lower,TP_L3_00050,tes,23.60793,56.60048,-7.369,-0.4153,-0.90792,0.05664,keep
atm511,81356,runs/geometry_optimization_20260704/p2_atm511_unit_geo_opt_s1_bpe_w5_fullstat_v1/Atm511LowerUnit3M_GeoOptS1BpeW5.inc1.id1.sim.gz,511.00000000000006,511.0,119.38028221103455,223.32789032307613,84.18539987986621,top,top,top_phi01_045deg,46.70205536454926,right_lower,TP_L2_00337,tes,48.20101,39.9243,-9.05973,-0.79513,-0.59792,0.10131,keep
atm511,122783,runs/geometry_optimization_20260704/p2_atm511_unit_geo_opt_s1_bpe_w5_fullstat_v1/Atm511LowerUnit3M_GeoOptS1BpeW5.inc1.id1.sim.gz,510.9999991,511.0,63.66184864754283,289.59652878105624,84.19286330227051,side_wall,side,side_phi02_090deg,105.46285047354905,left_lower,TP_L4_00315,tes,-30.94496,47.21953,-10.18981,0.52626,-0.84428,0.10118,veto
atm511,158032,runs/geometry_optimization_20260704/p2_atm511_unit_geo_opt_s1_bpe_w5_fullstat_v1/Atm511LowerUnit3M_GeoOptS1BpeW5.inc1.id1.sim.gz,511.00000508300013,511.0,60.54430520982838,184.31275638620883,15.912796173484118,side_wall,side,side_phi00_000deg,2.4610246470344737,right_lower,TP_L5_00107,tes,12.73085,2.73082,-55.4333,-0.26624,-0.06548,0.96168,keep
atm511,159462,runs/geometry_optimization_20260704/p2_atm511_unit_geo_opt_s1_bpe_w5_fullstat_v1/Atm511LowerUnit3M_GeoOptS1BpeW5.inc1.id1.sim.gz,510.999939,511.0,60.04281285136144,60.333417401691335,87.1414680052121,side_wall,side,side_phi05_225deg,237.58423510464934,left_lower,TP_L1_00100,tes,-39.93674,-40.32047,-5.27819,0.65632,0.75283,0.04987,keep
atm511,166788,runs/geometry_optimization_20260704/p2_atm511_unit_geo_opt_s1_bpe_w5_fullstat_v1/Atm511LowerUnit3M_GeoOptS1BpeW5.inc1.id1.sim.gz,511.0000600000001,511.0,103.76218157316026,189.7106536229829,59.419329675828926,side_wall,side,side_phi00_000deg,13.343585330136602,right_lower,TP_L0_00344,tes,49.36095,12.00589,-35.03619,-0.84518,-0.16383,0.50875,keep
atm511,193047,runs/geometry_optimization_20260704/p2_atm511_unit_geo_opt_s1_bpe_w5_fullstat_v1/Atm511LowerUnit3M_GeoOptS1BpeW5.inc1.id1.sim.gz,510.99998999999997,511.0,127.63948639067809,148.90573501783777,87.26825605235409,top,top,top_phi07_315deg,336.399143340343,right_lower,TP_L5_00341,tes,58.03068,-25.77541,-9.50426,-0.91131,0.40896,0.04766,single
atm511,199527,runs/geometry_optimization_20260704/p2_atm511_unit_geo_opt_s1_bpe_w5_fullstat_v1/Atm511LowerUnit3M_GeoOptS1BpeW5.inc1.id1.sim.gz,510.99996000000004,511.0,78.52970465467753,279.95883613815954,88.80987969546958,side_wall,side,side_phi02_090deg,98.96250115162613,left_lower,TP_L3_00084,tes,-18.39047,55.77609,-5.23693,0.26046,-0.96526,0.02077,single
atm511,222777,runs/geometry_optimization_20260704/p2_atm511_unit_geo_opt_s1_bpe_w5_fullstat_v1/Atm511LowerUnit3M_GeoOptS1BpeW5.inc1.id1.sim.gz,511.00006,511.0,49.45716764429971,33.873576609065466,89.2270548956657,bottom,bottom,bottom_phi05_225deg,210.51309177030555,left_lower,TP_L0_00145,tes,-51.51078,-21.6868,-2.21815,0.90577,0.42355,0.01349,keep
atm511,224078,runs/geometry_optimization_20260704/p2_atm511_unit_geo_opt_s1_bpe_w5_fullstat_v1/Atm511LowerUnit3M_GeoOptS1BpeW5.inc1.id1.sim.gz,511.0,511.0,80.54203725691193,261.12120750392796,77.06478558851322,side_wall,side,side_phi02_090deg,84.79070341528016,left_lower,TP_L1_00249,tes,-5.71503,56.83423,-15.71517,0.00854,-0.97459,0.22385,single
atm511,267042,runs/geometry_optimization_20260704/p2_atm511_unit_geo_opt_s1_bpe_w5_fullstat_v1/Atm511LowerUnit3M_GeoOptS1BpeW5.inc1.id1.sim.gz,511.00005,511.0,102.07447460565318,149.83948042926284,63.26022921015947,side_wall,side,side_phi07_315deg,328.751487690645,right_lower,TP_L3_00061,tes,42.35761,-31.18426,-32.04492,-0.74577,0.49131,0.44994,single
atm511,306285,runs/geometry_optimization_20260704/p2_atm511_unit_geo_opt_s1_bpe_w5_fullstat_v1/Atm511LowerUnit3M_GeoOptS1BpeW5.inc1.id1.sim.gz,510.999919,511.0,105.31545128048539,175.61813082423103,60.44683749271767,side_wall,side,side_phi00_000deg,358.4304500832449,right_lower,TP_L4_00345,tes,50.77638,-3.29236,-35.32447,-0.86677,0.07369,0.49323,single
atm511,333280,runs/geometry_optimization_20260704/p2_atm511_unit_geo_opt_s1_bpe_w5_fullstat_v1/Atm511LowerUnit3M_GeoOptS1BpeW5.inc1.id1.sim.gz,511.00001399999996,511.0,95.40203777070559,213.26783882869745,58.531658513091436,side_wall,side,side_phi01_045deg,37.174495111209055,right_lower,TP_L1_00350,tes,36.03448,34.91623,-34.32934,-0.65517,-0.54612,0.52203,single
atm511,403741,runs/geometry_optimization_20260704/p2_atm511_unit_geo_opt_s1_bpe_w5_fullstat_v1/Atm511LowerUnit3M_GeoOptS1BpeW5.inc1.id1.sim.gz,510.99998054599996,511.0,98.58544998043371,101.40511515815922,88.12609565197737,side_wall,side,side_phi06_270deg,286.9511309727243,right_lower,TP_L5_00003,tes,12.80633,-59.38815,-8.02643,-0.24382,0.96927,0.0327,keep
atm511,418178,runs/geometry_optimization_20260704/p2_atm511_unit_geo_opt_s1_bpe_w5_fullstat_v1/Atm511LowerUnit3M_GeoOptS1BpeW5.inc1.id1.sim.gz,511.00000000000006,511.0,68.54925717818766,242.81358234510924,55.994009365010136,side_wall,side,side_phi01_045deg,62.42669101649264,left_lower,TP_L3_00268,tes,-1.54338,45.95187,-35.22157,-0.0421,-0.82791,0.55928,single
atm511,467979,runs/geometry_optimization_20260704/p2_atm511_unit_geo_opt_s1_bpe_w5_fullstat_v1/Atm511LowerUnit3M_GeoOptS1BpeW5.inc1.id1.sim.gz,511.00003000000004,511.0,60.98260130015576,59.778567161154854,88.17998021651927,side_wall,side,side_phi05_225deg,238.27653406611222,left_lower,TP_L1_00014,tes,-39.38074,-41.04781,-4.36861,0.65424,0.75562,0.03176,single
atm511,491436,runs/geometry_optimization_20260704/p2_atm511_unit_geo_opt_s1_bpe_w5_fullstat_v1/Atm511LowerUnit3M_GeoOptS1BpeW5.inc1.id1.sim.gz,511.00004000000007,511.0,113.21547141449894,122.5605849526557,85.92800723216972,top,top,top_phi07_315deg,296.28743049614127,right_lower,TP_L0_00091,tes,35.94845,-51.03787,-5.31474,-0.62848,0.77458,0.07101,single
atm511,529862,runs/geometry_optimization_20260704/p2_atm511_unit_geo_opt_s1_bpe_w5_fullstat_v1/Atm511LowerUnit3M_GeoOptS1BpeW5.inc1.id1.sim.gz,511.0,511.0,28.15365704522602,214.2188139957105,25.929727545989554,bottom,bottom,bottom_phi01_045deg,24.89614286627806,left_lower,TP_L3_00019,tes,-20.31094,11.89556,-49.13171,0.34756,-0.26534,0.89933,keep
atm511,594548,runs/geometry_optimization_20260704/p2_atm511_unit_geo_opt_s1_bpe_w5_fullstat_v1/Atm511LowerUnit3M_GeoOptS1BpeW5.inc1.id1.sim.gz,510.999949,511.0,123.57105783828685,203.84098497127698,81.49592463487149,top,top,top_phi01_045deg,24.997993815660372,right_lower,TP_L4_00352,tes,57.84595,22.82075,-13.76093,-0.9299,-0.33678,0.14788,single
atm511,630564,runs/geometry_optimization_20260704/p2_atm511_unit_geo_opt_s1_bpe_w5_fullstat_v1/Atm511LowerUnit3M_GeoOptS1BpeW5.inc1.id1.sim.gz,511.00000470000003,511.0,90.33829567610191,119.06196696318128,70.16577683999253,side_wall,side,side_phi07_315deg,294.9241932195325,right_lower,TP_L1_00066,tes,16.16046,-53.48082,-22.61369,-0.34765,0.87408,0.3393,single
atm511,637290,runs/geometry_optimization_20260704/p2_atm511_unit_geo_opt_s1_bpe_w5_fullstat_v1/Atm511LowerUnit3M_GeoOptS1BpeW5.inc1.id1.sim.gz,510.99997,511.0,121.29147330472934,175.78753480030915,76.38772359567525,top,top,top_phi00_000deg,356.40690398774177,right_lower,TP_L4_00207,tes,60.03109,-3.93707,-20.51375,-0.96988,0.06277,0.23535,single
atm511,652556,runs/geometry_optimization_20260704/p2_atm511_unit_geo_opt_s1_bpe_w5_fullstat_v1/Atm511LowerUnit3M_GeoOptS1BpeW5.inc1.id1.sim.gz,511.00005799999997,511.0,61.43145190206375,248.28137259904435,55.39255554321686,side_wall,side,side_phi02_090deg,71.3040653170394,left_lower,TP_L1_00107,tes,-10.58776,44.96682,-33.67873,0.10834,-0.8159,0.56795,single
atm511,655108,runs/geometry_optimization_20260704/p2_atm511_unit_geo_opt_s1_bpe_w5_fullstat_v1/Atm511LowerUnit3M_GeoOptS1BpeW5.inc1.id1.sim.gz,511.00000000000006,511.0,81.26943535519753,142.78190616034217,48.401816425211855,side_wall,side,side_phi07_315deg,318.2517176246823,right_lower,TP_L1_00021,tes,22.0929,-36.64113,-40.97812,-0.44924,0.59784,0.6639,single
atm511,695792,runs/geometry_optimization_20260704/p2_atm511_unit_geo_opt_s1_bpe_w5_fullstat_v1/Atm511LowerUnit3M_GeoOptS1BpeW5.inc1.id1.sim.gz,511.00000200000005,511.0,122.08993417118529,213.77056356213768,82.97282443775198,top,top,top_phi01_045deg,36.097726216695506,right_lower,TP_L1_00177,tes,53.5545,32.0891,-12.04847,-0.87364,-0.47094,0.12234,veto
atm511,777136,runs/geometry_optimization_20260704/p2_atm511_unit_geo_opt_s1_bpe_w5_fullstat_v1/Atm511LowerUnit3M_GeoOptS1BpeW5.inc1.id1.sim.gz,511.00000000000006,511.0,72.08842422331189,71.14257446362018,90.0,side_wall,side,side_phi06_270deg,249.44251191503565,left_lower,TP_L2_00243,tes,-29.60323,-50.16481,-4.13567,0.43494,0.90046,0.0,veto
atm511,808429,runs/geometry_optimization_20260704/p2_atm511_unit_geo_opt_s1_bpe_w5_fullstat_v1/Atm511LowerUnit3M_GeoOptS1BpeW5.inc1.id1.sim.gz,511.0,511.0,91.8943858455432,157.5467922158862,50.966837944890024,side_wall,side,side_phi00_000deg,339.4558794812094,right_lower,TP_L4_00210,tes,37.40459,-22.19033,-41.97488,-0.67652,0.38172,0.62977,veto
atm511,811705,runs/geometry_optimization_20260704/p2_atm511_unit_geo_opt_s1_bpe_w5_fullstat_v1/Atm511LowerUnit3M_GeoOptS1BpeW5.inc1.id1.sim.gz,511.00003000000004,511.0,62.0506638738755,176.6493231517464,17.25809235108856,side_wall,side,side_phi00_000deg,356.558844505369,right_lower,TP_L4_00168,tes,13.36693,-2.89377,-55.46644,-0.29215,0.05163,0.95498,veto
atm511,827641,runs/geometry_optimization_20260704/p2_atm511_unit_geo_opt_s1_bpe_w5_fullstat_v1/Atm511LowerUnit3M_GeoOptS1BpeW5.inc1.id1.sim.gz,511.00000000000006,511.0,111.65627779672693,153.15258966338345,71.00965809073863,side_wall,side,side_phi07_315deg,332.7690981567292,right_lower,TP_L4_00043,tes,50.21535,-27.33559,-25.57334,-0.84731,0.41974,0.32541,single
atm511,839686,runs/geometry_optimization_20260704/p2_atm511_unit_geo_opt_s1_bpe_w5_fullstat_v1/Atm511LowerUnit3M_GeoOptS1BpeW5.inc1.id1.sim.gz,510.999971,511.0,67.48980890568767,256.68752398780157,65.09412462979829,side_wall,side,side_phi02_090deg,82.51795766419973,left_lower,TP_L0_00117,tes,-13.30239,50.10163,-25.94909,0.1203,-0.89899,0.42113,keep
atm511,852781,runs/geometry_optimization_20260704/p2_atm511_unit_geo_opt_s1_bpe_w5_fullstat_v1/Atm511LowerUnit3M_GeoOptS1BpeW5.inc1.id1.sim.gz,510.99997900000005,511.0,94.07228936231886,214.03057887751214,57.70271870038114,side_wall,side,side_phi01_045deg,33.18268244275762,right_lower,TP_L3_00188,tes,35.08982,33.60915,-36.33933,-0.63474,-0.55822,0.53431,single
atm511,891127,runs/geometry_optimization_20260704/p2_atm511_unit_geo_opt_s1_bpe_w5_fullstat_v1/Atm511LowerUnit3M_GeoOptS1BpeW5.inc1.id1.sim.gz,511.00000000000006,511.0,77.7783920278922,256.84760875620674,72.12510330062406,side_wall,side,side_phi02_090deg,83.56658902592746,left_lower,TP_L0_00357,tes,-5.70016,55.45792,-19.28609,-0.00756,-0.9517,0.30694,single
atm511,896773,runs/geometry_optimization_20260704/p2_atm511_unit_geo_opt_s1_bpe_w5_fullstat_v1/Atm511LowerUnit3M_GeoOptS1BpeW5.inc1.id1.sim.gz,511.00004099999995,511.0,86.14664205260549,103.57029671690165,77.6983252121008,side_wall,side,side_phi06_270deg,277.91274805623993,right_lower,TP_L0_00214,tes,1.86247,-58.12577,-13.97781,-0.11802,0.96989,0.21306,veto
atm511,899011,runs/geometry_optimization_20260704/p2_atm511_unit_geo_opt_s1_bpe_w5_fullstat_v1/Atm511LowerUnit3M_GeoOptS1BpeW5.inc1.id1.sim.gz,510.99997999999994,511.0,90.20459752763965,108.5408803939414,77.15465219396812,side_wall,side,side_phi06_270deg,285.8995312699328,right_lower,TP_L1_00337,tes,9.90722,-57.32957,-15.367,-0.22737,0.94809,0.22232,keep
atm511,944481,runs/geometry_optimization_20260704/p2_atm511_unit_geo_opt_s1_bpe_w5_fullstat_v1/Atm511LowerUnit3M_GeoOptS1BpeW5.inc1.id1.sim.gz,511.0000311933801,511.0,35.45370657795353,50.915768979294405,71.49352920173668,bottom,bottom,bottom_phi05_225deg,227.50850176574153,left_lower,TP_L1_00083,tes,-46.31785,-23.15499,-18.10228,0.83458,0.45024,0.31741,keep
atm511,972805,runs/geometry_optimization_20260704/p2_atm511_unit_geo_opt_s1_bpe_w5_fullstat_v1/Atm511LowerUnit3M_GeoOptS1BpeW5.inc1.id1.sim.gz,510.99996600000003,511.0,57.8418629545501,178.75190805335905,12.878423027273042,side_wall,side,side_phi00_000deg,359.0267438759713,right_lower,TP_L2_00211,tes,8.22492,-0.8585,-56.19087,-0.22212,0.01844,0.97485,single
atm511,989444,runs/geometry_optimization_20260704/p2_atm511_unit_geo_opt_s1_bpe_w5_fullstat_v1/Atm511LowerUnit3M_GeoOptS1BpeW5.inc1.id1.sim.gz,511.00005000000004,511.0,62.647052181998454,206.73955369384373,27.652427158575595,side_wall,side,side_phi01_045deg,36.19567592098014,right_lower,TP_L2_00264,tes,6.14462,25.5842,-51.26337,-0.23599,-0.39963,0.88578,single
atm511,989983,runs/geometry_optimization_20260704/p2_atm511_unit_geo_opt_s1_bpe_w5_fullstat_v1/Atm511LowerUnit3M_GeoOptS1BpeW5.inc1.id1.sim.gz,511.000041,511.0,62.91680753926685,218.57198522173948,35.496791203884904,side_wall,side,side_phi01_045deg,33.18639637121312,right_lower,TP_L5_00063,tes,7.3804,28.52858,-49.14983,-0.17028,-0.55513,0.81415,single
atm511,1015338,runs/geometry_optimization_20260704/p2_atm511_unit_geo_opt_s1_bpe_w5_fullstat_v1/Atm511LowerUnit3M_GeoOptS1BpeW5.inc1.id1.sim.gz,510.99999,511.0,28.972414946208513,6.7435910719963115,73.83110266206201,bottom,bottom,bottom_phi04_180deg,191.7934657336954,left_lower,TP_L1_00025,tes,-51.79252,-4.00384,-16.37653,0.95876,0.05688,0.27847,single
atm511,1038677,runs/geometry_optimization_20260704/p2_atm511_unit_geo_opt_s1_bpe_w5_fullstat_v1/Atm511LowerUnit3M_GeoOptS1BpeW5.inc1.id1.sim.gz,511.0,511.0,63.06951890499389,199.68979785536888,23.961264480486648,side_wall,side,side_phi00_000deg,19.07510868881707,right_lower,TP_L2_00131,tes,12.00057,16.27456,-53.57222,-0.27331,-0.30039,0.91382,single
atm511,1085570,runs/geometry_optimization_20260704/p2_atm511_unit_geo_opt_s1_bpe_w5_fullstat_v1/Atm511LowerUnit3M_GeoOptS1BpeW5.inc1.id1.sim.gz,511.00006,511.0,61.41613596900917,69.84843722295975,82.85386231290087,side_wall,side,side_phi06_270deg,255.08707792502122,left_lower,TP_L5_00276,tes,-32.26265,-45.61024,-12.42966,0.55222,0.82436,0.1244,single
atm511,1119362,runs/geometry_optimization_20260704/p2_atm511_unit_geo_opt_s1_bpe_w5_fullstat_v1/Atm511LowerUnit3M_GeoOptS1BpeW5.inc1.id1.sim.gz,511.0,511.0,66.78806491275799,81.72207797452394,79.3313124852918,side_wall,side,side_phi06_270deg,263.32283375267264,left_lower,TP_L3_00025,tes,-23.94971,-50.4274,-14.68784,0.37226,0.90948,0.18513,single
atm511,1137143,runs/geometry_optimization_20260704/p2_atm511_unit_geo_opt_s1_bpe_w5_fullstat_v1/Atm511LowerUnit3M_GeoOptS1BpeW5.inc1.id1.sim.gz,510.99998974399983,511.0,65.53723958383665,177.84043206533653,20.611769975115003,side_wall,side,side_phi00_000deg,358.72648482753783,right_lower,TP_L3_00255,tes,16.2813,-1.47282,-55.14563,-0.35036,0.0343,0.93599,keep
atm511,1154625,runs/geometry_optimization_20260704/p2_atm511_unit_geo_opt_s1_bpe_w5_fullstat_v1/Atm511LowerUnit3M_GeoOptS1BpeW5.inc1.id1.sim.gz,511.00000000000006,511.0,94.28106546630269,145.49069129167808,58.11139809262109,side_wall,side,side_phi07_315deg,325.33464149206355,right_lower,TP_L3_00113,tes,35.81329,-34.38697,-34.73025,-0.63384,0.56496,0.52827,single
atm511,1166080,runs/geometry_optimization_20260704/p2_atm511_unit_geo_opt_s1_bpe_w5_fullstat_v1/Atm511LowerUnit3M_GeoOptS1BpeW5.inc1.id1.sim.gz,511.0,511.0,38.9388498232116,61.19797175639373,70.37334000954651,bottom,bottom,bottom_phi05_225deg,242.93324580258192,left_lower,TP_L3_00185,tes,-42.47263,-27.99461,-21.4041,0.76411,0.55074,0.33589,single
atm511,1187885,runs/geometry_optimization_20260704/p2_atm511_unit_geo_opt_s1_bpe_w5_fullstat_v1/Atm511LowerUnit3M_GeoOptS1BpeW5.inc1.id1.sim.gz,511.000032,511.0,64.00129173909254,257.5690505831577,63.46327999427242,side_wall,side,side_phi02_090deg,77.93982593813918,left_lower,TP_L2_00017,tes,-13.64541,48.05686,-28.365,0.17315,-0.87773,0.44677,single
atm511,1229389,runs/geometry_optimization_20260704/p2_atm511_unit_geo_opt_s1_bpe_w5_fullstat_v1/Atm511LowerUnit3M_GeoOptS1BpeW5.inc1.id1.sim.gz,511.00002499999994,511.0,101.18235494252487,204.4462332917012,60.37225209406513,side_wall,side,side_phi01_045deg,22.791976296818106,right_lower,TP_L5_00250,tes,43.94448,24.59906,-35.33413,-0.76862,-0.40598,0.49436,veto
atm511,1285282,runs/geometry_optimization_20260704/p2_atm511_unit_geo_opt_s1_bpe_w5_fullstat_v1/Atm511LowerUnit3M_GeoOptS1BpeW5.inc1.id1.sim.gz,511.0,511.0,129.1556924293359,146.70636652053017,89.32217766652161,top,top,top_phi07_315deg,331.45931818907536,right_lower,TP_L3_00337,tes,57.82398,-27.34728,-4.1802,-0.90481,0.42566,0.01183,single
atm511,1349548,runs/geometry_optimization_20260704/p2_atm511_unit_geo_opt_s1_bpe_w5_fullstat_v1/Atm511LowerUnit3M_GeoOptS1BpeW5.inc1.id1.sim.gz,511.00002,511.0,104.67325632334699,218.04636125788696,68.92563304029623,side_wall,side,side_phi01_045deg,41.49659587971737,right_lower,TP_L1_00263,tes,40.13319,39.01877,-26.5245,-0.71781,-0.5962,0.35958,veto
atm511,1416700,runs/geometry_optimization_20260704/p2_atm511_unit_geo_opt_s1_bpe_w5_fullstat_v1/Atm511LowerUnit3M_GeoOptS1BpeW5.inc1.id1.sim.gz,511.0000000000001,511.0,18.484794472520004,165.4652138065582,27.42172764535727,bottom,bottom,bottom_phi07_315deg,336.19542196099724,left_lower,TP_L3_00013,tes,-25.45605,-5.18491,-47.33661,0.45361,0.07957,0.88764,veto
atm511,1418892,runs/geometry_optimization_20260704/p2_atm511_unit_geo_opt_s1_bpe_w5_fullstat_v1/Atm511LowerUnit3M_GeoOptS1BpeW5.inc1.id1.sim.gz,511.0,511.0,108.0733816268095,137.11370736838927,74.14707633598952,side_wall,side,side_phi07_315deg,319.1772912900829,right_lower,TP_L4_00149,tes,42.1365,-40.37347,-21.42406,-0.71191,0.64697,0.27317,single
atm511,1453945,runs/geometry_optimization_20260704/p2_atm511_unit_geo_opt_s1_bpe_w5_fullstat_v1/Atm511LowerUnit3M_GeoOptS1BpeW5.inc1.id1.sim.gz,511.00000758491,511.0,122.17541152719691,148.4083217954046,82.34143414150998,top,top,top_phi07_315deg,332.6444703072939,right_lower,TP_L5_00227,tes,55.11624,-28.32345,-14.78193,-0.88636,0.44341,0.13327,keep
atm511,1522790,runs/geometry_optimization_20260704/p2_atm511_unit_geo_opt_s1_bpe_w5_fullstat_v1/Atm511LowerUnit3M_GeoOptS1BpeW5.inc1.id1.sim.gz,510.99997999999994,511.0,73.88496933103839,179.0445388628668,28.89617060912714,side_wall,side,side_phi00_000deg,357.60850504012257,right_lower,TP_L4_00075,tes,23.19348,-1.60603,-53.69551,-0.48296,0.01602,0.8755,keep
atm511,1527566,runs/geometry_optimization_20260704/p2_atm511_unit_geo_opt_s1_bpe_w5_fullstat_v1/Atm511LowerUnit3M_GeoOptS1BpeW5.inc1.id1.sim.gz,510.99996,511.0,106.03668283120982,240.86219129182075,82.20898950812487,side_wall,side,side_phi01_045deg,57.63832619981919,right_lower,TP_L4_00193,tes,30.81731,52.16999,-12.85205,-0.52624,-0.83946,0.13556,keep
atm511,1599198,runs/geometry_optimization_20260704/p2_atm511_unit_geo_opt_s1_bpe_w5_fullstat_v1/Atm511LowerUnit3M_GeoOptS1BpeW5.inc1.id1.sim.gz,511.00004,511.0,92.81931563348807,244.80682886583423,74.5824895457719,side_wall,side,side_phi01_045deg,66.54949119105068,right_lower,TP_L2_00313,tes,16.15034,55.09805,-19.17885,-0.33541,-0.90378,0.26585,single
atm511,1618395,runs/geometry_optimization_20260704/p2_atm511_unit_geo_opt_s1_bpe_w5_fullstat_v1/Atm511LowerUnit3M_GeoOptS1BpeW5.inc1.id1.sim.gz,510.99998,511.0,94.98098554573119,171.4791856856264,50.560261758622,side_wall,side,side_phi00_000deg,350.7127608253456,right_lower,TP_L5_00084,tes,42.46275,-9.37495,-42.46787,-0.75806,0.14761,0.63527,keep
atm511,1693093,runs/geometry_optimization_20260704/p2_atm511_unit_geo_opt_s1_bpe_w5_fullstat_v1/Atm511LowerUnit3M_GeoOptS1BpeW5.inc1.id1.sim.gz,511.00004,511.0,70.77076151406538,196.0088640150597,28.996607716267704,side_wall,side,side_phi00_000deg,13.917044529861908,right_lower,TP_L1_00008,tes,19.18013,13.62203,-53.186,-0.40888,-0.2604,0.87465,single
atm511,1724688,runs/geometry_optimization_20260704/p2_atm511_unit_geo_opt_s1_bpe_w5_fullstat_v1/Atm511LowerUnit3M_GeoOptS1BpeW5.inc1.id1.sim.gz,511.00004000000007,511.0,70.63892202173058,204.20661334421396,32.554399492908814,side_wall,side,side_phi01_045deg,25.498571789484135,right_lower,TP_L1_00158,tes,15.59508,22.06287,-51.64055,-0.37404,-0.38684,0.84288,single
atm511,1726831,runs/geometry_optimization_20260704/p2_atm511_unit_geo_opt_s1_bpe_w5_fullstat_v1/Atm511LowerUnit3M_GeoOptS1BpeW5.inc1.id1.sim.gz,510.99994000000004,511.0,69.32809394664469,137.19722530378957,42.69107034509433,side_wall,side,side_phi07_315deg,314.78761234397047,right_lower,TP_L2_00028,tes,8.84868,-36.38506,-44.2722,-0.23578,0.63573,0.73502,single
atm511,1727274,runs/geometry_optimization_20260704/p2_atm511_unit_geo_opt_s1_bpe_w5_fullstat_v1/Atm511LowerUnit3M_GeoOptS1BpeW5.inc1.id1.sim.gz,511.00001700000007,511.0,76.81434106912879,193.30706652927273,33.76997914576081,side_wall,side,side_phi00_000deg,12.000772584401954,right_lower,TP_L3_00110,tes,26.51977,12.29337,-50.89334,-0.50868,-0.2241,0.83127,single
atm511,1739437,runs/geometry_optimization_20260704/p2_atm511_unit_geo_opt_s1_bpe_w5_fullstat_v1/Atm511LowerUnit3M_GeoOptS1BpeW5.inc1.id1.sim.gz,511.00004,511.0,107.78892830081972,240.6045229616266,83.42812395645491,side_wall,side,side_phi01_045deg,59.86630868750067,right_lower,TP_L3_00274,tes,31.18732,52.56245,-11.27378,-0.54651,-0.8296,0.11445,keep
atm511,1774864,runs/geometry_optimization_20260704/p2_atm511_unit_geo_opt_s1_bpe_w5_fullstat_v1/Atm511LowerUnit3M_GeoOptS1BpeW5.inc1.id1.sim.gz,511.00000000000006,511.0,62.57212076972464,108.00572721682909,58.686440933975184,side_wall,side,side_phi06_270deg,288.9930475156125,left_lower,TP_L3_00115,tes,-11.21235,-45.61267,-32.89366,0.13171,0.84412,0.51972,keep
atm511,1779821,runs/geometry_optimization_20260704/p2_atm511_unit_geo_opt_s1_bpe_w5_fullstat_v1/Atm511LowerUnit3M_GeoOptS1BpeW5.inc1.id1.sim.gz,510.999998,511.0,59.5557744266,223.9279904674857,37.12304469646061,side_wall,side,side_phi01_045deg,40.68272873594982,right_lower,TP_L4_00153,tes,2.91435,31.83306,-47.04098,-0.08076,-0.5981,0.79734,keep
atm511,1812653,runs/geometry_optimization_20260704/p2_atm511_unit_geo_opt_s1_bpe_w5_fullstat_v1/Atm511LowerUnit3M_GeoOptS1BpeW5.inc1.id1.sim.gz,510.99992,511.0,65.68717165093919,205.32243128030308,29.11950213425524,side_wall,side,side_phi01_045deg,30.168219457641335,right_lower,TP_L0_00349,tes,11.26959,23.57893,-51.40947,-0.29135,-0.38978,0.87361,single
atm511,1812732,runs/geometry_optimization_20260704/p2_atm511_unit_geo_opt_s1_bpe_w5_fullstat_v1/Atm511LowerUnit3M_GeoOptS1BpeW5.inc1.id1.sim.gz,511.00000000000006,511.0,57.528063228612226,249.5125065083352,53.9542091665007,side_wall,side,side_phi02_090deg,70.85871109728635,left_lower,TP_L2_00262,tes,-12.2252,43.48886,-34.21519,0.17084,-0.79029,0.58843,single
atm511,1813869,runs/geometry_optimization_20260704/p2_atm511_unit_geo_opt_s1_bpe_w5_fullstat_v1/Atm511LowerUnit3M_GeoOptS1BpeW5.inc1.id1.sim.gz,510.99999,511.0,118.62949264038645,180.6253650834169,73.63170029178612,top,top,top_phi00_000deg,359.4445736873851,right_lower,TP_L0_00128,tes,59.77779,0.21809,-20.18488,-0.95942,-0.00958,0.28181,single
atm511,1860199,runs/geometry_optimization_20260704/p2_atm511_unit_geo_opt_s1_bpe_w5_fullstat_v1/Atm511LowerUnit3M_GeoOptS1BpeW5.inc1.id1.sim.gz,511.00001699999996,511.0,133.58219756207285,192.90250689286276,89.32332038110603,top,top,top_phi00_000deg,6.373514578635635,right_lower,TP_L2_00005,tes,63.63724,9.48554,-4.11423,-0.98676,-0.16175,0.01181,keep
atm511,1868221,runs/geometry_optimization_20260704/p2_atm511_unit_geo_opt_s1_bpe_w5_fullstat_v1/Atm511LowerUnit3M_GeoOptS1BpeW5.inc1.id1.sim.gz,510.9999210000001,511.0,86.180740296323,94.88982082394948,83.84377650864432,side_wall,side,side_phi06_270deg,278.26705116338513,left_lower,TP_L4_00134,tes,-0.57229,-58.85377,-10.02574,-0.01304,0.99415,0.10724,keep
atm511,1877041,runs/geometry_optimization_20260704/p2_atm511_unit_geo_opt_s1_bpe_w5_fullstat_v1/Atm511LowerUnit3M_GeoOptS1BpeW5.inc1.id1.sim.gz,510.999975,511.0,55.760249951937176,146.5076967218783,27.70452492216136,side_wall,side,side_phi07_315deg,328.05256320066644,right_lower,TP_L4_00152,tes,3.11974,-24.35791,-50.8673,-0.08964,0.45619,0.88536,single
atm511,1920734,runs/geometry_optimization_20260704/p2_atm511_unit_geo_opt_s1_bpe_w5_fullstat_v1/Atm511LowerUnit3M_GeoOptS1BpeW5.inc1.id1.sim.gz,511.0000000000001,511.0,49.737844332277156,179.4256048692207,4.7566162397237015,bottom,bottom,bottom_phi00_000deg,359.7025469282725,right_lower,TP_L5_00212,tes,2.80192,-0.29474,-55.85486,-0.08257,0.00765,0.99656,keep
atm511,1925716,runs/geometry_optimization_20260704/p2_atm511_unit_geo_opt_s1_bpe_w5_fullstat_v1/Atm511LowerUnit3M_GeoOptS1BpeW5.inc1.id1.sim.gz,511.00000000000006,511.0,63.00420309863525,107.41719358493818,59.364962239200366,side_wall,side,side_phi06_270deg,292.4876320007329,left_lower,TP_L5_00026,tes,-8.93691,-46.00963,-33.00401,0.13238,0.85019,0.50957,keep
atm511,1958400,runs/geometry_optimization_20260704/p2_atm511_unit_geo_opt_s1_bpe_w5_fullstat_v1/Atm511LowerUnit3M_GeoOptS1BpeW5.inc1.id1.sim.gz,510.99999,511.0,66.55543055865351,134.58785166571457,42.54539796500204,side_wall,side,side_phi07_315deg,314.32163541091876,right_lower,TP_L3_00057,tes,5.49822,-36.15597,-44.64624,-0.17408,0.65338,0.73674,keep
atm511,1977850,runs/geometry_optimization_20260704/p2_atm511_unit_geo_opt_s1_bpe_w5_fullstat_v1/Atm511LowerUnit3M_GeoOptS1BpeW5.inc1.id1.sim.gz,511.00002,511.0,98.81376793520612,204.64501006117715,58.21312206586805,side_wall,side,side_phi01_045deg,26.659017172416327,right_lower,TP_L2_00285,tes,41.2665,26.41817,-36.84243,-0.74345,-0.41207,0.52676,single
atm511,2001878,runs/geometry_optimization_20260704/p2_atm511_unit_geo_opt_s1_bpe_w5_fullstat_v1/Atm511LowerUnit3M_GeoOptS1BpeW5.inc1.id1.sim.gz,510.9999600000001,511.0,106.06148171378571,169.76988452578232,61.76634722794937,side_wall,side,side_phi00_000deg,351.174616170147,right_lower,TP_L5_00200,tes,49.90236,-10.22635,-35.67997,-0.86434,0.17067,0.47307,single
atm511,2003037,runs/geometry_optimization_20260704/p2_atm511_unit_geo_opt_s1_bpe_w5_fullstat_v1/Atm511LowerUnit3M_GeoOptS1BpeW5.inc1.id1.sim.gz,511.00001000000003,511.0,79.29719061168568,89.8771298260528,82.54022028476246,side_wall,side,side_phi06_270deg,263.70480655952485,left_lower,TP_L0_00040,tes,-13.99083,-56.70587,-9.57651,0.13281,0.9826,0.12983,single
atm511,2036817,runs/geometry_optimization_20260704/p2_atm511_unit_geo_opt_s1_bpe_w5_fullstat_v1/Atm511LowerUnit3M_GeoOptS1BpeW5.inc1.id1.sim.gz,510.9999808999999,511.0,123.67185867957727,145.2907210712264,84.7380065710189,top,top,top_phi07_315deg,323.04499460118944,right_lower,TP_L3_00002,tes,53.8383,-32.51724,-10.4655,-0.8758,0.47388,0.09171,keep
atm511,2147393,runs/geometry_optimization_20260704/p2_atm511_unit_geo_opt_s1_bpe_w5_fullstat_v1/Atm511LowerUnit3M_GeoOptS1BpeW5.inc1.id1.sim.gz,510.99994,511.0,68.37106200531915,291.66187266300346,88.96861873041509,side_wall,side,side_phi03_135deg,113.77322928856564,left_lower,TP_L2_00001,tes,-32.9604,47.44068,-4.74914,0.50327,-0.86394,0.018,keep
atm511,2190911,runs/geometry_optimization_20260704/p2_atm511_unit_geo_opt_s1_bpe_w5_fullstat_v1/Atm511LowerUnit3M_GeoOptS1BpeW5.inc1.id1.sim.gz,511.000017,511.0,121.5618554024845,134.67210129176704,86.9343761756071,top,top,top_phi07_315deg,311.4420785750311,right_lower,TP_L1_00239,tes,48.86522,-40.04262,-5.15027,-0.79371,0.60595,0.05348,veto
atm511,2217950,runs/geometry_optimization_20260704/p2_atm511_unit_geo_opt_s1_bpe_w5_fullstat_v1/Atm511LowerUnit3M_GeoOptS1BpeW5.inc1.id1.sim.gz,511.00003000000004,511.0,62.600581176635025,248.45674919585105,56.22532054256179,side_wall,side,side_phi02_090deg,74.41340201322328,left_lower,TP_L0_00254,tes,-10.76513,46.22436,-32.17034,0.09488,-0.8258,0.55593,single
atm511,2223196,runs/geometry_optimization_20260704/p2_atm511_unit_geo_opt_s1_bpe_w5_fullstat_v1/Atm511LowerUnit3M_GeoOptS1BpeW5.inc1.id1.sim.gz,511.0,511.0,126.02036694325302,220.62882995136368,88.95601247144221,top,top,top_phi01_045deg,45.45481105832327,right_lower,TP_L1_00220,tes,53.03827,35.33812,-2.57509,-0.84988,-0.52666,0.01822,single
atm511,2226216,runs/geometry_optimization_20260704/p2_atm511_unit_geo_opt_s1_bpe_w5_fullstat_v1/Atm511LowerUnit3M_GeoOptS1BpeW5.inc1.id1.sim.gz,511.0000100000001,511.0,117.2979434125529,142.84162774766568,79.83456897167122,top,top,top_phi07_315deg,325.3300985351309,right_lower,TP_L5_00089,tes,50.52891,-34.26394,-16.03953,-0.82507,0.53675,0.17649,single
atm511,2264159,runs/geometry_optimization_20260704/p2_atm511_unit_geo_opt_s1_bpe_w5_fullstat_v1/Atm511LowerUnit3M_GeoOptS1BpeW5.inc1.id1.sim.gz,511.00000000000006,511.0,97.79792849261811,232.64402336352788,70.78339951776839,side_wall,side,side_phi01_045deg,53.32606965977905,right_lower,TP_L2_00162,tes,27.89103,48.74171,-24.13609,-0.52102,-0.78753,0.32914,keep
atm511,2280974,runs/geometry_optimization_20260704/p2_atm511_unit_geo_opt_s1_bpe_w5_fullstat_v1/Atm511LowerUnit3M_GeoOptS1BpeW5.inc1.id1.sim.gz,511.00000000000006,511.0,87.32630642585075,111.68158928332538,72.9060187553684,side_wall,side,side_phi07_315deg,293.69897041917125,right_lower,TP_L3_00321,tes,11.47735,-54.88894,-20.8791,-0.22797,0.92824,0.29394,single
atm511,2294682,runs/geometry_optimization_20260704/p2_atm511_unit_geo_opt_s1_bpe_w5_fullstat_v1/Atm511LowerUnit3M_GeoOptS1BpeW5.inc1.id1.sim.gz,510.99998,511.0,21.79425027057284,29.703330224841988,64.62569474258974,bottom,bottom,bottom_phi04_180deg,196.12130259380993,left_lower,TP_L0_00318,tes,-48.79722,-8.05429,-22.06641,0.8846,0.18397,0.42853,single
atm511,2300474,runs/geometry_optimization_20260704/p2_atm511_unit_geo_opt_s1_bpe_w5_fullstat_v1/Atm511LowerUnit3M_GeoOptS1BpeW5.inc1.id1.sim.gz,511.00005000000004,511.0,71.77304539369015,229.24226105606039,48.72678555624844,side_wall,side,side_phi01_045deg,49.38623423206424,right_lower,TP_L0_00169,tes,5.47583,39.7254,-42.81446,-0.21731,-0.71947,0.65965,single
atm511,2340015,runs/geometry_optimization_20260704/p2_atm511_unit_geo_opt_s1_bpe_w5_fullstat_v1/Atm511LowerUnit3M_GeoOptS1BpeW5.inc1.id1.sim.gz,510.99995,511.0,94.2794377574562,122.71659144506306,70.83137565960743,side_wall,side,side_phi07_315deg,303.6536622545974,right_lower,TP_L3_00169,tes,23.28089,-50.7911,-23.62914,-0.43388,0.83901,0.32835,single
atm511,2442765,runs/geometry_optimization_20260704/p2_atm511_unit_geo_opt_s1_bpe_w5_fullstat_v1/Atm511LowerUnit3M_GeoOptS1BpeW5.inc1.id1.sim.gz,511.0,511.0,90.01620565906235,202.02364587161895,49.05694689972907,side_wall,side,side_phi00_000deg,20.05181110818729,right_lower,TP_L2_00030,tes,35.91392,21.61065,-43.26053,-0.65571,-0.37499,0.65531,single
atm511,2466964,runs/geometry_optimization_20260704/p2_atm511_unit_geo_opt_s1_bpe_w5_fullstat_v1/Atm511LowerUnit3M_GeoOptS1BpeW5.inc1.id1.sim.gz,511.00005100000004,511.0,41.24196619712363,83.89508304581243,61.17596301726923,bottom,bottom,bottom_phi06_270deg,266.2723882489528,left_lower,TP_L3_00182,tes,-33.34547,-33.18523,-29.22393,0.58127,0.6555,0.48212,single
atm511,2473459,runs/geometry_optimization_20260704/p2_atm511_unit_geo_opt_s1_bpe_w5_fullstat_v1/Atm511LowerUnit3M_GeoOptS1BpeW5.inc1.id1.sim.gz,510.99995000000007,511.0,105.24861186115422,139.92155364246904,70.36485710598609,side_wall,side,side_phi07_315deg,319.82544537191023,right_lower,TP_L3_00126,tes,40.99786,-39.17196,-24.73626,-0.70798,0.62117,0.33603,single
atm511,2565344,runs/geometry_optimization_20260704/p2_atm511_unit_geo_opt_s1_bpe_w5_fullstat_v1/Atm511LowerUnit3M_GeoOptS1BpeW5.inc1.id1.sim.gz,511.00006900000005,511.0,69.09276037114915,139.3398776687075,41.11241184931434,side_wall,side,side_phi07_315deg,316.0835738829104,right_lower,TP_L0_00056,tes,8.08399,-34.82928,-45.82238,-0.24875,0.60867,0.75342,veto
atm511,2610254,runs/geometry_optimization_20260704/p2_atm511_unit_geo_opt_s1_bpe_w5_fullstat_v1/Atm511LowerUnit3M_GeoOptS1BpeW5.inc1.id1.sim.gz,510.9999860000001,511.0,68.80061871797386,281.9745153437444,83.1702213898857,side_wall,side,side_phi02_090deg,98.77879334955034,left_lower,TP_L4_00122,tes,-24.83747,51.04517,-11.77534,0.39248,-0.91204,0.11892,single
atm511,2635912,runs/geometry_optimization_20260704/p2_atm511_unit_geo_opt_s1_bpe_w5_fullstat_v1/Atm511LowerUnit3M_GeoOptS1BpeW5.inc1.id1.sim.gz,511.00000000000006,511.0,62.69501355695465,167.08648292077447,20.479602406103556,side_wall,side,side_phi00_000deg,349.0871970702078,right_lower,TP_L4_00276,tes,13.36811,-10.03629,-54.70055,-0.28806,0.19858,0.9368,single
atm511,2646468,runs/geometry_optimization_20260704/p2_atm511_unit_geo_opt_s1_bpe_w5_fullstat_v1/Atm511LowerUnit3M_GeoOptS1BpeW5.inc1.id1.sim.gz,510.99999620000006,511.0,86.17830355509474,167.2945738196869,42.65995689716291,side_wall,side,side_phi00_000deg,347.73676446475963,right_lower,TP_L2_00225,tes,33.64151,-12.77453,-47.87241,-0.64113,0.21945,0.73539,keep
atm511,2668385,runs/geometry_optimization_20260704/p2_atm511_unit_geo_opt_s1_bpe_w5_fullstat_v1/Atm511LowerUnit3M_GeoOptS1BpeW5.inc1.id1.sim.gz,511.00000000000006,511.0,69.71384431230881,259.17800608305043,68.30347209972254,side_wall,side,side_phi02_090deg,80.70807589535069,left_lower,TP_L2_00323,tes,-11.43698,51.49373,-24.28508,0.12063,-0.92129,0.36969,keep
atm511,2677363,runs/geometry_optimization_20260704/p2_atm511_unit_geo_opt_s1_bpe_w5_fullstat_v1/Atm511LowerUnit3M_GeoOptS1BpeW5.inc1.id1.sim.gz,511.00007999999997,511.0,89.57419110805272,144.810229447797,54.329676839042286,side_wall,side,side_phi07_315deg,322.74607582444037,right_lower,TP_L1_00186,tes,29.98717,-35.34664,-38.4357,-0.57261,0.57627,0.58312,keep
atm511,2701582,runs/geometry_optimization_20260704/p2_atm511_unit_geo_opt_s1_bpe_w5_fullstat_v1/Atm511LowerUnit3M_GeoOptS1BpeW5.inc1.id1.sim.gz,510.99999999999994,511.0,72.69921835358916,242.058835633557,58.222634959374844,side_wall,side,side_phi01_045deg,61.99813526879163,right_lower,TP_L3_00331,tes,2.7367,47.83124,-33.1883,-0.10605,-0.84346,0.52662,single
atm511,2707419,runs/geometry_optimization_20260704/p2_atm511_unit_geo_opt_s1_bpe_w5_fullstat_v1/Atm511LowerUnit3M_GeoOptS1BpeW5.inc1.id1.sim.gz,511.000004,511.0,117.3566548431455,216.1933115226546,79.51953890725572,top,top,top_phi01_045deg,37.74633157699103,right_lower,TP_L1_00112,tes,51.12669,34.17248,-13.57816,-0.83177,-0.52447,0.1819,single
atm511,2725974,runs/geometry_optimization_20260704/p2_atm511_unit_geo_opt_s1_bpe_w5_fullstat_v1/Atm511LowerUnit3M_GeoOptS1BpeW5.inc1.id1.sim.gz,510.99996300000004,511.0,69.60459404838154,188.25943044776943,25.534189333276917,side_wall,side,side_phi00_000deg,7.480125899851261,right_lower,TP_L2_00118,tes,18.19179,7.10127,-54.72707,-0.40948,-0.13465,0.90233,veto
atm511,2772504,runs/geometry_optimization_20260704/p2_atm511_unit_geo_opt_s1_bpe_w5_fullstat_v1/Atm511LowerUnit3M_GeoOptS1BpeW5.inc1.id1.sim.gz,510.9999900000001,511.0,84.97627983349203,218.92288556957863,52.4155325780929,side_wall,side,side_phi01_045deg,43.371922859998946,right_lower,TP_L1_00361,tes,24.14254,38.61021,-38.60086,-0.48609,-0.62586,0.60993,single
atm511,2788877,runs/geometry_optimization_20260704/p2_atm511_unit_geo_opt_s1_bpe_w5_fullstat_v1/Atm511LowerUnit3M_GeoOptS1BpeW5.inc1.id1.sim.gz,511.00004,511.0,96.40693179171967,153.83764173154643,56.50988164566028,side_wall,side,side_phi07_315deg,335.9111951123185,right_lower,TP_L4_00207,tes,39.72238,-25.98003,-38.3077,-0.7096,0.43816,0.55179,keep
atm511,2797840,runs/geometry_optimization_20260704/p2_atm511_unit_geo_opt_s1_bpe_w5_fullstat_v1/Atm511LowerUnit3M_GeoOptS1BpeW5.inc1.id1.sim.gz,510.9999,511.0,107.90698107832675,117.7477398106117,84.49973184772232,side_wall,side,side_phi07_315deg,297.01993159544435,right_lower,TP_L2_00263,tes,29.15637,-54.00279,-10.45445,-0.53068,0.84213,0.09585,keep
atm511,2859103,runs/geometry_optimization_20260704/p2_atm511_unit_geo_opt_s1_bpe_w5_fullstat_v1/Atm511LowerUnit3M_GeoOptS1BpeW5.inc1.id1.sim.gz,511.00000400000005,511.0,108.30675935483549,150.69814620902844,68.69573122417704,side_wall,side,side_phi07_315deg,333.15005875549184,right_lower,TP_L5_00162,tes,47.50694,-28.71984,-28.31343,-0.80753,0.46464,0.36332,veto
atm511,2888091,runs/geometry_optimization_20260704/p2_atm511_unit_geo_opt_s1_bpe_w5_fullstat_v1/Atm511LowerUnit3M_GeoOptS1BpeW5.inc1.id1.sim.gz,511.0,511.0,65.12252844153446,283.5359395429352,81.52834958821408,side_wall,side,side_phi02_090deg,100.1394432778576,left_lower,TP_L4_00212,tes,-27.09852,49.11054,-12.7827,0.44761,-0.88201,0.14732,single
atm511,2901978,runs/geometry_optimization_20260704/p2_atm511_unit_geo_opt_s1_bpe_w5_fullstat_v1/Atm511LowerUnit3M_GeoOptS1BpeW5.inc1.id1.sim.gz,511.0,511.0,56.482711183771116,196.40553582760805,17.06290961137464,side_wall,side,side_phi00_000deg,15.498934460549677,right_lower,TP_L5_00259,tes,8.30944,12.60911,-54.46724,-0.17507,-0.23547,0.95598,single
atm511,2912354,runs/geometry_optimization_20260704/p2_atm511_unit_geo_opt_s1_bpe_w5_fullstat_v1/Atm511LowerUnit3M_GeoOptS1BpeW5.inc1.id1.sim.gz,510.99991000000006,511.0,89.84645116852964,97.82369841071159,84.36736186097086,side_wall,side,side_phi06_270deg,271.52679301557885,right_lower,TP_L0_00022,tes,0.44893,-59.82943,-6.80879,-0.09436,0.99069,0.09815,keep
atm511,2961792,runs/geometry_optimization_20260704/p2_atm511_unit_geo_opt_s1_bpe_w5_fullstat_v1/Atm511LowerUnit3M_GeoOptS1BpeW5.inc1.id1.sim.gz,511.00001,511.0,120.00863414396919,172.3477443047202,75.33183433333558,top,top,top_phi00_000deg,352.0893630991624,right_lower,TP_L0_00241,tes,60.21489,-7.47686,-17.67859,-0.96051,0.11531,0.25322,single
atm511,2962415,runs/geometry_optimization_20260704/p2_atm511_unit_geo_opt_s1_bpe_w5_fullstat_v1/Atm511LowerUnit3M_GeoOptS1BpeW5.inc1.id1.sim.gz,511.0000600000001,511.0,101.14801328759009,102.56572875883455,89.18522653347782,side_wall,side,side_phi06_270deg,283.3041832466413,right_lower,TP_L3_00035,tes,14.83964,-59.41373,-4.41012,-0.28765,0.95763,0.01422,single
