particle,raw_events,raw_sum_w,raw_sum_w2,active_events,active_sum_w,active_sum_w2,final_events,final_sum_w,final_sum_w2,side_class_counts
eplus,57,0.038674797873293205,2.6241052465615533e-05,52,0.03528227174405695,2.3939205758105394e-05,47,0.03188974561482072,2.1637359050595255e-05,keep:14;single:33;veto:5
gamma,2,0.010855523833302577,5.8921198847700134e-05,0,0.0,0.0,0,0.0,0.0,
muminus,1,0.0006753252366339629,4.56064175234718e-07,0,0.0,0.0,0,0.0,0.0,
muplus,7,0.004762854092686502,3.240682729745795e-06,0,0.0,0.0,0,0.0,0.0,
n,94,0.06380286814254918,4.330644662995235e-05,8,0.005430031331280782,3.6856550323363683e-06,7,0.004751277414870685,3.2249481532943222e-06,keep:3;single:4;veto:1
