stream,events,rate_hz,fraction
prompt,87,0.05908272463250492,0.938113451662008
delayed,45,0.0038976372073461713,0.061886548337992
