primary,events,rate_hz,fraction
Cu64,38,0.003291338086203434,0.8444444444444444
Cu62,6,0.0005196849609794897,0.13333333333333336
Co58,1,8.661416016324829e-05,0.022222222222222227
