geometry,time_bin_id,day_mid,elapsed_stop_day,dt_s,altitude_km,prompt_occupancy_cps,delayed_occupancy_cps,accidental_live_factor,T_atm_511_vertical,T_atm_511_slant45,prompt_final_cps_noacc,delayed_final_cps_noacc,background_final_cps_noacc,background_mc_counting_sigma_cps,signal_final_cps_noacc_at_reference_flux,prompt_componentwise_upper95_cps_noacc,delayed_componentwise_upper95_cps_noacc,background_componentwise_upper95_cps_noacc,signal_lower95_cps_noacc_at_reference_flux,cumulative_source_counts,cumulative_background_counts,cumulative_source_lower95_counts,cumulative_background_componentwise_upper95_counts,counting_Z,counting_Z_componentwise_endpoint_conditional,prompt_p_cps,delayed_p_cps,prompt_n_cps,delayed_n_cps,prompt_alpha_cps,delayed_alpha_cps,prompt_gamma_cps,delayed_gamma_cps,prompt_eminus_cps,delayed_eminus_cps,prompt_eplus_cps,delayed_eplus_cps,prompt_muminus_cps,delayed_muminus_cps,prompt_muplus_cps,delayed_muplus_cps
Mass_model_511,0,0.0,0.125,10800.0,38.75,6860.165747134927,166.59686890999652,0.9929978673569633,0.7390423888027,0.6520342542373311,0.12273596444018287,0.07271097192542045,0.1954469363656033,0.04713629548688273,0.000985664533308472,0.7890603846348498,0.09410062989816377,0.8831610145330137,0.0009798787157995737,10.57063801865086,2096.046622718959,10.50858873062053,9471.351642812222,0.2308876650802673,0.10797877971272515,0.0,0.04279249999261723,0.0,0.014895704649786025,0.0,0.012749494727422202,0.10105221315723922,0.0014894022932409805,0.0,0.00022733267392899669,0.02168375128294364,0.0005561310575492387,0.0,4.0653087578522546e-07,0.0,0.0
Mass_model_511,1,0.25,0.375,21600.0,39.52254248593737,6553.043994419452,199.4790918668563,0.9932702239689262,0.7634373037471879,0.6826789626589138,0.11732953550419785,0.0803537959307403,0.19768333143493816,0.04517751563517571,0.0010319894035563766,0.7610486560720744,0.10409237384927984,0.8651410299213542,0.0010259316606242533,32.71159589233728,6337.270707527936,32.51957992964192,28032.638253193545,0.41091368282517,0.1942284930404179,0.0,0.046481455078826464,0.0,0.01759115450865445,0.0,0.013841227608592847,0.09628368815904784,0.0014928594405251923,0.0,0.00023112472391738348,0.021045847345150016,0.0007156005122718371,0.0,3.7405795212805866e-07,0.0,0.0
Mass_model_511,2,0.5,0.625,21600.0,40.219463130731185,6291.52444496117,214.09898314259055,0.9935154923247976,0.7837771116149006,0.7085421765182374,0.11278780730701761,0.0842762373614255,0.19706404466844313,0.043517659697800956,0.0010710862032303832,0.7341421866272967,0.1091922520438277,0.8433344386711243,0.0010647989634050966,55.6970358012715,10566.252224866874,55.370096082895856,46130.5401818588,0.5418406653674438,0.25779886861148693,0.0,0.04873212374623048,0.0,0.01868501143360259,0.0,0.01434589386895646,0.09228234211268432,0.0014979128085948123,0.0,0.00023188324315238164,0.020505465194333286,0.0007830743612903673,0.0,3.3789959843291875e-07,0.0,0.0
Mass_model_511,3,0.75,0.875,21600.0,40.77254248593737,6087.7891388371545,221.5434310376175,0.9937105294748284,0.7988362482971733,0.7278710495576816,0.10932641942871149,0.08615936032138657,0.19548577975009807,0.04224970171291839,0.0011003051967111582,0.7100987163404777,0.11162542456824907,0.8217241409087268,0.001093846442381331,79.3141487687989,14762.187823192697,78.8485773952307,63768.14829458344,0.6527927226346998,0.3122424594070684,0.0,0.049985035538789226,0.0,0.019042918886334827,0.0,0.014608754659014057,0.08923141725803263,0.0014960554023603064,0.0,0.00023048086296187828,0.020095002170678864,0.0007958140820230023,0.0,3.00889903290952e-07,0.0,0.0
Mass_model_511,4,1.0,1.125,21600.0,41.127641290737884,5969.915332823195,227.60552212516188,0.9938216441651158,0.808017462949973,0.7397298852634182,0.1073100050968846,0.0877383603648255,0.19504836546171012,0.04152170869169464,0.0011182319140354633,0.6969939712954508,0.11366154985291856,0.8106555211483694,0.0011116679304806138,103.31872728307488,18949.202827898,102.71224984464561,81170.1235567742,0.7505568199596302,0.3605156637209415,0.0,0.0510899590811441,0.0,0.019297736800375546,0.0,0.014823976444114883,0.08744888527664953,0.0015001456565731843,0.0,0.00022991272165178586,0.01986111982023507,0.000796348652691007,0.0,2.810082749976933e-07,0.0,0.0
Mass_model_511,5,1.25,1.375,21600.0,41.25,5937.604270531228,233.76993796837834,0.9938476296079934,0.8110949791979928,0.7437174703023954,0.1067495101827518,0.08941204141181822,0.19616155159457002,0.04133666831879848,0.0011242598506368442,0.693905821735363,0.11582449258513669,0.8097303143204997,0.0011176604832978043,127.45333581564235,23160.22419826377,126.70518904053783,98552.69231257214,0.8374903799123737,0.40360836130298244,0.0,0.052209218574355384,0.0,0.019618818169310565,0.0,0.015040256183294486,0.08694043384940837,0.0015151225891370536,0.0,0.00023088451541142702,0.019809076333343428,0.0007974661701503006,0.0,2.7521015899917063e-07,0.0,0.0
Mass_model_511,6,1.5,1.625,21600.0,41.127641290737884,5990.0761979492545,240.74420980896895,0.9937885508997908,0.808017462949973,0.7397298852634182,0.10763728304238315,0.09138805154677594,0.1990253345891591,0.041690971873314095,0.0011182319140354633,0.7004546512698344,0.11838641129470884,0.8188410625645433,0.0011116679304806138,151.45711500149713,27432.468733503832,150.56806685356236,116129.79756901061,0.9144442502862684,0.44183594049785874,0.0,0.0534416198244522,0.0,0.02008826092183933,0.0,0.015276938568289333,0.08769883231085966,0.001544061942208662,0.0,0.00023372898502902544,0.019938450731523484,0.0008031587730887762,0.0,2.825318686327167e-07,0.0,0.0
Mass_model_511,7,1.75,1.875,21600.0,40.77254248593737,6129.448551901215,249.12830542493538,0.9936417230795345,0.7988362482971733,0.7278710495576816,0.11000330000293033,0.09387079189281114,0.20387409189574146,0.04259726388276512,0.0011003051967111582,0.717227170478917,0.12161393265074198,0.838841103129659,0.001093846442381331,175.07259267548346,31808.149299095126,174.04492247147397,134133.55998165035,0.9816325770794676,0.4752177264972004,0.0,0.05490145705292677,0.0,0.020772761127773164,0.0,0.015553000868627837,0.08974926220070646,0.0015895823522918497,0.0,0.00023873273022509279,0.020254037802223873,0.0008149535680843523,0.0,3.041928820717521e-07,0.0,0.0
Mass_model_511,8,2.0,2.125,21600.0,40.21946313073118,6354.457961984099,259.28662822586443,0.993408078082178,0.7837771116149004,0.708542176518237,0.11381181047359853,0.09698104924944936,0.2107928597230479,0.044043378607871636,0.0010710862032303828,0.7448588164014985,0.12566489600427283,0.8705237124057714,0.001064798963405096,198.0555475062904,36331.26121955498,196.89296813392525,152812.92220387553,1.0390747089287515,0.5036747338277685,0.0,0.0566629906269129,0.0,0.021716052713343148,0.0,0.0158696585452832,0.09306807536569416,0.0016529880776125756,0.0,0.0002459152967620511,0.020743735107904372,0.0008331006845659844,0.0,3.43304969499534e-07,0.0,0.0
Mass_model_511,9,2.25,2.375,21600.0,39.522542485937365,6635.744126846556,269.6494271407436,0.9931183938906978,0.7634373037471877,0.6826789626589136,0.11867617756269071,0.10005571952195928,0.21873189708465,0.04587604962509585,0.0010319894035563761,0.77502779831586,0.12968249323281514,0.9047102915486751,0.001025931660624253,220.19312094008836,41023.35729858304,218.90059475960598,172220.18592814635,1.0871466883348146,0.5274786848265587,0.0,0.05824988336361165,0.0,0.022787816557710356,0.0,0.016177065812671705,0.09732033863525877,0.001730462659328494,0.0,0.00025381078856658533,0.02135583892743194,0.0008562987064168143,0.0,3.816336536843933e-07,0.0,0.0
Mass_model_511,10,2.5,2.625,21600.0,38.75,6959.94247777035,279.85540296079074,0.9927863463249774,0.7390423888027,0.6520342542373311,0.12436089371114337,0.1029791952183105,0.22734008892945387,0.04800761588532666,0.000985664533308472,0.8057640972074738,0.13351577744589802,0.9392798746533718,0.0009798787157995737,241.32989361975768,45898.480241830744,239.9132952977718,192362.27740271436,1.1264501277032268,0.5470088602345943,0.0,0.059597749670019705,0.0,0.02394832971271217,0.0,0.01646775900852123,0.10230733084896067,0.0018196629604985077,0.0,0.0002620314239690507,0.0220535628621827,0.0008832463485685558,0.0,4.1609402127775723e-07,0.0,0.0
Mass_model_511,11,2.75,2.875,21600.0,37.97745751406263,7318.449306794642,290.6247912401185,0.9924198016207022,0.7126370627291281,0.6193334023908916,0.13061659480938617,0.10607642655072465,0.23669302136011083,0.050353010896067675,0.0009362314403926538,0.8403963246106174,0.13758230157138346,0.9779786261820009,0.0009307357934690268,261.3992014192214,50972.29521397999,259.8647969385135,213326.48905310666,1.1578096410476322,0.5626328146690031,0.0,0.06097641502285632,0.0,0.02523716291430844,0.0,0.016761292337065848,0.10781807890217793,0.0019177627974563758,0.0,0.00027079563779927227,0.02279851590720824,0.0009125395960953215,0.0,4.5824514306920294e-07,0.0,0.0
Mass_model_511,12,3.0,3.125,21600.0,37.280536869268815,7673.807279855858,301.4842793818833,0.9920564267016864,0.6870515445807625,0.58812289446444,0.13678348376603539,0.10917175300927741,0.24595523677531278,0.052667240995504176,0.000889051264612427,0.8755624145923374,0.1416503800410318,1.017212794633369,0.0008838325637266026,280.4501642669034,56242.72703777588,278.80393127793474,235123.75084227373,1.182558172148537,0.5749772251360485,0.0,0.062323063594341574,0.0,0.02656989366695354,0.0,0.017041356124922132,0.11327307655051526,0.0020161615404163022,0.0,0.00027927494987717717,0.023510407215520127,0.0009414983268992708,0.0,5.048058674180902e-07,0.0,0.0
Mass_model_511,13,3.25,3.375,21600.0,36.727457514062635,7977.770782747774,311.55706523405223,0.9917449338958025,0.6655438918795834,0.5622559937833749,0.1420308793334202,0.11195711821056895,0.25398799754398915,0.0546394765768293,0.0008499488916584772,0.9063743523618043,0.14531403922642855,1.051688391588233,0.0008449597203807812,298.65750642615257,61683.57933020304,296.90439695386164,257652.69414519827,1.2025098747193868,0.584923789877539,0.0,0.06351589207049796,0.0,0.027801872441864807,0.0,0.017282209258965783,0.11793395531903919,0.002103388644683681,0.0,0.00028644927645900026,0.024096924014381012,0.0009667575319486844,0.0,5.489861490388891e-07,0.0,0.0
Mass_model_511,14,3.5,3.625,21600.0,36.372358709262116,8180.876813942597,319.7564022537262,0.9915353950064966,0.6511747745022454,0.5451657636924687,0.1455242673044685,0.11405562720743073,0.2595798945118992,0.05595568785911036,0.0008241140009955766,0.9272475417895837,0.14807660522429172,1.0753241470138755,0.0008192764796532152,316.30769157871526,67243.04464020002,314.4509761159073,280683.0883271779,1.2197928070353001,0.5935329365766498,0.0,0.06440089303923875,0.0,0.02875622967977305,0.0,0.017454328538397887,0.12105171671983903,0.00216733388594183,0.0,0.00029131575826610545,0.024472550584629455,0.0009849451467059598,0.0,5.811591071610494e-07,0.0,0.0
Mass_model_511,15,3.75,3.875,21600.0,36.25,8245.932757983748,325.10812805789004,0.9914655857673468,0.6461225723909806,0.539193661275189,0.14664664604709132,0.11513512393889522,0.26178176998598657,0.05638265836890168,0.0008150861171018328,0.9336183687339061,0.14950009806068004,1.0831184667945861,0.000810301589132912,333.7632960048484,72849.27314412319,331.8041167338134,303878.7815261139,1.2365906660848023,0.6019100322147878,0.0,0.06484093707548805,0.0,0.029273942132848063,0.0,0.017534674105901805,0.12206744904441395,0.002198380844345175,0.0,0.0002931366056416823,0.02457919700267737,0.0009934608845917233,0.0,5.922900787225419e-07,0.0,0.0
Mass_model_511,16,4.0,4.125,21600.0,36.372358709262116,8159.780364900366,327.1058292825253,0.9915490257590898,0.6511747745022454,0.5451657636924687,0.14518163832464817,0.11503211634790753,0.2602137546725557,0.055838066410982407,0.0008241140009955766,0.9238044673607152,0.14936829102308166,1.0731727583837969,0.0008192764796532152,351.41372379656275,78422.39055471243,349.350937110727,326863.4150319215,1.2548698348226661,0.6110528241205875,0.0,0.06477294789013595,0.0,0.029269509136684146,0.0,0.017514199442483454,0.12078331116703435,0.002192220485568024,0.0,0.00029162334125820027,0.024398327157613812,0.0009910373204882056,0.0,5.787312895400353e-07,0.0,0.0
Mass_model_511,17,4.25,4.375,21600.0,36.727457514062635,7937.696875145045,325.90810517788833,0.9917704447475932,0.6655438918795834,0.5622559937833749,0.14137986058599994,0.11381829519850549,0.25519815578450544,0.05441621429423591,0.0008499488916584772,0.8998054415740022,0.14777441222498028,1.0475798537989824,0.0008449597203807812,369.62153430688835,83889.30710547359,367.4518683885253,349304.9237621556,1.27615657332802,0.6217246782627672,0.0,0.06423721623990152,0.0,0.028762741844212982,0.0,0.017401670545054194,0.11742521860223575,0.0021511062127957323,0.0,0.0002870108013639576,0.023954641983764204,0.0009780050448958114,0.0,5.445102812983985e-07,0.0,0.0
Mass_model_511,18,4.5,4.625,21600.0,37.280536869268815,7618.3588064296155,322.2574597268169,0.9920908271454547,0.6870515445807625,0.58812289446444,0.1358823271239231,0.11176855862785966,0.24765088575178273,0.052358802118158194,0.000889051264612427,0.8664125057389663,0.14507934243585116,1.0114918481748174,0.0008838325637266026,388.6731577637439,89196.25802259147,386.39165945936656,370980.346303179,1.3014012849061818,0.6343841039658163,0.0,0.06336037465610272,0.0,0.02786745144169213,0.0,0.017220951768296935,0.11257135786105336,0.0020830572186681983,0.0,0.00027999871665440173,0.02331096926286973,0.0009562259458742117,0.0,4.988805710433545e-07,0.0,0.0
Mass_model_511,19,4.75,4.875,21600.0,37.977457514062635,7250.890508389658,317.14177054027067,0.9924605331705191,0.7126370627291283,0.6193334023908919,0.12951803473628437,0.10923676011789099,0.23875479485417536,0.04997746739916466,0.0009362314403926541,0.8291574314169936,0.1417487296454147,0.9709061610624083,0.0009307357934690273,408.7432892610108,94314.47978014812,406.34397996283315,391793.80490253627,1.3309491054714977,0.6491798746476335,0.0,0.06229380874250783,0.0,0.02674247954809409,0.0,0.01700066146801802,0.1069660783260607,0.0019992085163970143,0.0,0.0002715383083511235,0.022551956410223676,0.0009286121438548613,0.0,4.513906680544146e-07,0.0,0.0
Mass_model_511,20,5.0,5.125,21600.0,38.75,6884.8640864237,311.6297896719504,0.9928293388803889,0.7390423888027,0.6520342542373311,0.12313934868091381,0.10660735641656827,0.22974670509748207,0.047592212695246335,0.000985664533308472,0.793167185177929,0.13828803783847035,0.9314552230163993,0.0009798787157995737,429.88097726740074,99241.42399771675,427.35759045478267,411768.9680850399,1.3645885845604069,0.6659852566489678,0.0,0.061202742409810364,0.0,0.02555516853137572,0.0,0.01677610031043101,0.10136368285305246,0.0019114256494792705,0.0,0.0002627440339046326,0.021775665827861355,0.0008987666131074049,0.0,4.0886845985081384e-07,0.0,0.0
Mass_model_511,21,5.25,5.375,21600.0,39.52254248593737,6557.364094845861,306.5112842703477,0.9931596272098032,0.7634373037471879,0.6826789626589138,0.11740010307055787,0.10415794608680387,0.22155804915736174,0.045447074211124636,0.0010319894035563766,0.7617735453680673,0.13506291091176403,0.8968364562798313,0.0010259316606242533,452.0194698319239,103994.3422030562,449.3661308159223,431008.1261137199,1.4016910020849398,0.6844750260103584,0.0,0.06019882857922976,0.0,0.024433947175896798,0.0,0.01657100018330864,0.09633798803277865,0.001829297716898148,0.0,0.0002545287200098805,0.021062115037779217,0.0008699692633172023,0.0,3.7444814346783367e-07,0.0,0.0
Mass_model_511,22,5.5,5.625,21600.0,40.219463130731185,6277.148825829654,301.24138228583723,0.9934432000318,0.7837771116149006,0.7085421765182374,0.11255313734273374,0.10163119918086745,0.2141843365236012,0.043629260612731716,0.0010710862032303832,0.7317125456294701,0.13174497476658187,0.863457520396052,0.0010647989634050966,475.00323722526133,108590.3896127864,472.21498427118945,449536.5197602415,1.4414542858030968,0.7042993286794368,0.0,0.05903943814914123,0.0,0.023371735169928784,0.0,0.016371516309082478,0.09210236401247304,0.001757178440543645,0.0,0.0002467317584294686,0.020450773330260696,0.0008442626711682757,0.0,3.366825735791209e-07,0.0,0.0
Mass_model_511,23,5.75,5.875,21600.0,40.77254248593737,6057.056712005426,296.0766325767307,0.9936670051370093,0.7988362482971733,0.7278710495576816,0.1088254890538416,0.09913397602461986,0.20795946507846147,0.04222264027157795,0.0011003051967111582,0.7048779135707761,0.12847445742006988,0.833352370990846,0.001093846442381331,498.6193157675989,113053.86672404164,495.6924372303754,467422.9344618976,1.482949588939266,0.7250321822060837,0.0,0.05777277690551307,0.0,0.022412483965216123,0.0,0.016186420466456453,0.08884838080991257,0.0016989476293565885,0.0,0.0002397736278065051,0.01997710824392902,0.0008232749443876115,0.0,2.984858835208801e-07,0.0,0.0
Mass_model_511,24,6.0,6.125,21600.0,41.127641290737884,5924.989399763102,292.85296259270444,0.9938014484164168,0.808017462949973,0.7397298852634182,0.1065785623567479,0.0974161334335971,0.20399469579034502,0.041371414882994555,0.0011182319140354633,0.68933313275698,0.1262224778455987,0.8155556106025788,0.0011116679304806138,522.6234064776113,117432.839565589,519.5556247389212,484929.7419588467,1.5250850898166275,0.7460924414307599,0.0,0.0569132502581228,0.0,0.021727394156978767,0.0,0.016070864297971707,0.08689055141771097,0.0016602294891540402,0.0,0.00023526772236152747,0.01968801093903692,0.000808849855104735,0.0,2.776539035234767e-07,0.0,0.0
Mass_model_511,25,6.25,6.375,21600.0,41.25,5881.563067705814,291.8452935857951,0.993845607972119,0.8110949791979928,0.7437174703023954,0.1058377612437103,0.09655095310978534,0.20238871435349565,0.04108581215378934,0.0011242598506368442,0.6843298960671171,0.1250854573348628,0.8094153534019799,0.0011176604832978043,546.7579659167474,121777.53127863727,543.5485151295588,502305.51406932785,1.56679268890386,0.7669275532156327,0.0,0.05648996157329491,0.0,0.021348899688272055,0.0,0.01603443957143783,0.08624482003050996,0.0016421955395434058,0.0,0.00023340489009767074,0.019592941213200342,0.0008017807626341698,0.0,2.7108450530235355e-07,0.0,0.0
Mass_model_511,26,6.5,6.625,21600.0,41.127641290737884,5924.989399763102,293.11761119794085,0.9938011854082844,0.808017462949973,0.7397298852634182,0.1065785623567479,0.09654671769203751,0.2031252800487854,0.0413566944518083,0.0011182319140354633,0.68933313275698,0.12507482057953842,0.8144079533365185,0.0011116679304806138,570.7620502741114,126137.83999117292,567.4116963227463,519787.681201054,1.6070611208327403,0.7870191367058196,0.0,0.056503405938978485,0.0,0.021286869617433583,0.0,0.016074518584458942,0.08689055141771097,0.001645246520295766,0.0,0.00023418517315173918,0.01968801093903692,0.0008022142038154734,0.0,2.776539035234767e-07,0.0,0.0
Mass_model_511,27,6.75,6.875,21600.0,40.772542485937365,6055.792534729965,296.82574942548115,0.9936675169356929,0.7988362482971731,0.7278710495576813,0.10880485450315991,0.09745493221884245,0.20625978672200235,0.04218672791712618,0.0011003051967111578,0.7046638303286248,0.12625773809217353,0.8309215684207983,0.0010938464423813307,594.3781409801595,130564.83883367285,590.8891613742422,537621.9322689318,1.6449386718410046,0.8058747251706907,0.0,0.056985440929389584,0.0,0.021558304462029103,0.0,0.016193058165726658,0.08883260619187669,0.001669984768707622,0.0,0.00023764310374666577,0.019972248311283216,0.0008102024016651318,0.0,2.983875776969392e-07,0.0,0.0
Mass_model_511,28,7.0,7.125,21600.0,40.219463130731185,6274.453260181147,303.1807320603764,0.9934439512896018,0.7837771116149006,0.7085421765182374,0.11250910312175949,0.09934843031407044,0.21185753343582991,0.04357510585348235,0.0010710862032303832,0.7312577060093401,0.12872895767734355,0.8599866636866837,0.0010647989634050966,617.3619257541933,135110.9602724152,613.7380321081816,556075.8609322838,1.6795562432457845,0.8230306617472339,0.0,0.05798550043774456,0.0,0.02218480753411501,0.0,0.01639159005643891,0.09206859595367747,0.0017167940942357728,0.0,0.00024376740914952178,0.020440507168082014,0.0008256343272956998,0.0,3.3645509097127326e-07,0.0,0.0
Mass_model_511,29,7.25,7.375,21600.0,39.522542485937365,6553.043994419452,310.5125663282083,0.9931599438473857,0.7634373037471877,0.6826789626589136,0.11732953550419785,0.10152610586204487,0.21885564136624272,0.04537810119044768,0.0010319894035563761,0.7610486560720744,0.13158188369500232,0.8926305397670767,0.001025931660624253,639.5004253768757,139805.9072525988,635.7465794860493,575224.7987021169,1.7103227659698095,0.838233921531248,0.0,0.05900760445841116,0.0,0.0230212915466594,0.0,0.016617431446872256,0.09628368815904784,0.001781274346429995,0.0,0.0002510019561380758,0.021045847345150016,0.0008471280495818577,0.0,3.7405795212805866e-07,0.0,0.0
Mass_model_511,30,7.5,7.625,21600.0,38.75,6878.73241341989,318.3696857902354,0.99282873501882,0.7390423888027,0.6520342542373311,0.12303927403487111,0.10383335282425342,0.22687262685912452,0.04751073817702908,0.000985664533308472,0.7921459379925503,0.1346148110143446,0.9267607490068949,0.0009798787157995737,660.6381005268391,144671.21357631352,656.7601771970391,595099.2762675117,1.73689095905692,0.8513577627505949,0.0,0.05996394006670695,0.0,0.02401649284190187,0.0,0.016859730588717863,0.10128640441881386,0.001860554495420236,0.0,0.00025890819388750877,0.02175286961605725,0.0008733183512863988,0.0,4.0828633259226147e-07,0.0,0.0
Mass_model_511,31,7.75,7.875,21600.0,37.97745751406263,7242.756543720036,327.3788104319219,0.9924584459535577,0.7126370627291281,0.6193334023908916,0.12938540579664162,0.10655264386743347,0.2359380496640751,0.04988573698464461,0.0009362314403926538,0.8278131801010764,0.13819026873322396,0.9660034488343003,0.0009307357934690268,680.7081898151541,149729.04171470943,676.7124557393189,615807.5911504144,1.7591705795124772,0.8623461945059513,0.0,0.061096243622213754,0.0,0.025200229607023325,0.0,0.017134038813556275,0.10686324691446235,0.0019513027041837265,0.0,0.00026768053622746793,0.022522158882179278,0.0009026980091694618,0.0,4.50575059458977e-07,0.0,0.0
Mass_model_511,32,8.0,8.125,21600.0,37.280536869268815,7608.125048252073,337.009000255109,0.9920863451051499,0.6870515445807625,0.58812289446444,0.13571562998294845,0.10948045264383353,0.245196082626782,0.05226025109516036,0.000889051264612427,0.8647330220095137,0.14204056247710528,1.006773584486619,0.0008838325637266026,699.759727201116,154983.3645203712,695.6521612444996,637381.8077873001,1.777486872031854,0.8713493406661209,0.0,0.062322900616444764,0.0,0.026482724673801104,0.0,0.017420657945827873,0.11244157998311387,0.0020446693730988602,0.0,0.00027646345218675344,0.023274049999834567,0.000932538785159062,0.0,4.977973151242863e-07,0.0,0.0
Mass_model_511,33,8.25,8.375,21600.0,36.72745751406263,7927.432252180819,346.36205676088707,0.9917603393241011,0.6655438918795831,0.5622559937833744,0.14121283104255117,0.11229558701637958,0.25350841805893076,0.054328085154064155,0.0008499488916584765,0.8981296937137547,0.14574284610033886,1.0438725398140936,0.0008449597203807806,717.967352187022,160414.02776622903,713.7529080869004,659743.6696881183,1.7926005464482675,0.8787397551923127,0.0,0.06351183857824004,0.0,0.02771783073181164,0.0,0.0176925517550967,0.11729471068291954,0.002129099932013232,0.0,0.00028423394209730615,0.02391812035963163,0.0009594887054750998,0.0,5.43371645565398e-07,0.0,0.0
Mass_model_511,34,8.5,8.625,21600.0,36.372358709262116,8149.970888434149,354.25271522145954,0.9915318350166398,0.6511747745022454,0.5451657636924687,0.145022165093336,0.11457730364879783,0.2595994687421338,0.055766727151384324,0.0008241140009955766,0.9222073968445246,0.14874367532751032,1.070951072172035,0.0008192764796532152,735.6174739686951,165973.89233863165,731.2994242500414,682680.3226550799,1.8056440764829256,0.8850881759449235,0.0,0.06448200394769214,0.0,0.028719340806543283,0.0,0.017913396714741642,0.12065839289927287,0.0021920674506180275,0.0,0.00028990834144934825,0.024363772194063122,0.0009800087808095146,0.0,5.776069438783613e-07,0.0,0.0
Mass_model_511,35,8.75,8.875,21600.0,36.25,8236.950754442918,359.60374293943084,0.9914402902224255,0.6461225723909806,0.539193661275189,0.14650074121289383,0.11595111078232487,0.2624518519952187,0.056332637602188214,0.0008150861171018328,0.9321556927595636,0.15055003234242192,1.0827057251019854,0.000810301589132912,753.0726330450025,171594.32768936118,748.6521221323102,705866.5851468047,1.8179645140530072,0.8910842104594385,0.0,0.06507200074765301,0.0,0.02931670429019003,0.0,0.018054364087125074,0.12195305256804588,0.002223488157809038,0.0,0.0002926719731092496,0.02454768864484796,0.0009912902798325737,0.0,5.912466058701036e-07,0.0,0.0
Mass_model_511,36,9.0,9.125,21600.0,36.372358709262116,8172.921315737526,361.78548006768256,0.9915016104218639,0.6511747745022454,0.5451657636924687,0.14539511562523,0.11620493905706086,0.26160005468229086,0.05592904568746467,0.0008241140009955766,0.9259478035740825,0.15088238732392295,1.0768301908980054,0.0008192764796532152,770.7222168028222,177196.86820024627,766.1981034297796,728928.4487048119,1.8309220594108384,0.8974259480547724,0.0,0.06519227129739003,0.0,0.029409542967001857,0.0,0.018100135816815268,0.12095054013377304,0.002218460008310824,0.0,0.0002921454502208904,0.024444575491456965,0.0009918032753209237,0.0,5.802420010735428e-07,0.0,0.0
Mass_model_511,37,9.25,9.375,21600.0,36.727457514062635,7970.86465374995,360.8313433970858,0.9917029163886177,0.6655438918795834,0.5622559937833749,0.14191880889336225,0.1153622494383549,0.25728105833171716,0.054635848949736714,0.0008499488916584772,0.9052392462374169,0.14977105947450506,1.055010305711922,0.0008449597203807812,788.9287875670243,182708.02991923512,784.2978022387223,751527.5955198944,1.845690964354298,0.9047082110286893,0.0,0.06485735012566185,0.0,0.029002257700676735,0.0,0.01805336450875827,0.11784637063211242,0.0021786488262546897,0.0,0.00028847430089897456,0.024072438261249832,0.000981605764793607,0.0,5.482113107511059e-07,0.0,0.0
Mass_model_511,38,9.5,9.625,21600.0,37.28053686926882,7667.855293490877,357.37905368906536,0.9920068818751546,0.6870515445807628,0.5881228944644403,0.13668691693139584,0.11365782398590582,0.25034474091730163,0.05268457982971736,0.0008890512646124275,0.8745761298595823,0.1475246384816378,1.0221007683412202,0.000883832563726603,807.9787989802676,188072.2539651894,803.2359907285927,773428.5050370449,1.8631061546821033,0.9133412503651817,0.0,0.06417217897920889,0.0,0.028196230679390203,0.0,0.017932655444047593,0.11319786924897801,0.0021116350121362783,0.0,0.0002822868576064732,0.023489047682417826,0.0009623328482592217,0.0,5.041652571575436e-07,0.0,0.0
Mass_model_511,39,9.75,9.875,21600.0,37.977457514062635,7313.325087673737,352.39285789461576,0.9923635887368418,0.7126370627291283,0.6193334023908919,0.13053346102582541,0.11143750321439692,0.24197096424022235,0.05038868861716754,0.0009362314403926541,0.8395391765562528,0.1445982800859021,0.9841374566421548,0.0009307357934690273,828.0469700091161,193258.91453316988,823.1863622715242,794523.544087974,1.8835849180591453,0.9235167596626115,0.0,0.06328367154297927,0.0,0.027147202153416105,0.0,0.017766280978843328,0.10775358754362145,0.0020285034109433667,0.0,0.0002745337761543532,0.022779873482203956,0.0009368536318962085,0.0,4.577201642833991e-07,0.0,0.0
Mass_model_511,40,10.0,10.125,21600.0,38.75,6955.563458852599,346.8408791660896,0.9927241934345971,0.7390423888027,0.6520342542373311,0.12428984010434693,0.10904417039849543,0.23333401050284236,0.04805948866432659,0.000985664533308472,0.8050245882096256,0.14144365434707112,0.9464682425566968,0.0009798787157995737,849.1824194317521,198262.25898851943,844.1977473201308,814818.5136183709,1.9071329486482766,0.9352199119059902,0.0,0.062331824457428395,0.0,0.0260141338372792,0.0,0.01758215462843124,0.10225242310136227,0.0019408039113796014,0.0,0.0002662498756491146,0.02203741700298465,0.0009085880207776346,0.0,4.1566755024430005e-07,0.0,0.0
Mass_model_511,41,10.25,10.375,21600.0,39.52254248593737,6632.116409466116,341.48667517817285,0.9930506560613727,0.7634373037471879,0.6826789626589138,0.11861729445661885,0.10674535827622973,0.22536265273284858,0.04594337977088327,0.0010319894035563766,0.7744099636392212,0.1384135185427314,0.9128234821819526,0.0010259316606242533,871.3184829235531,203096.2640397181,866.2038728671231,834398.4807079096,1.9334188983972043,0.9482729643900838,0.0,0.06142083405587188,0.0,0.02492491761048763,0.0,0.0174019505587695,0.09727499030029302,0.0018581481815791476,0.0,0.00025834362654945887,0.02134230415632583,0.0008807829463995505,0.0,3.8129657255959085e-07,0.0,0.0
Mass_model_511,42,10.5,10.625,21600.0,40.219463130731185,6351.713032792477,335.75543157107063,0.9933348428896706,0.7837771116149006,0.7085421765182374,0.1137672609702217,0.10427125597913549,0.2180385169493572,0.04412654253920168,0.0010710862032303832,0.7443886173346528,0.1351635605093198,0.8795521778439725,0.0010647989634050966,894.2997434243475,207774.5055688383,889.0502341452218,853270.1809147748,1.9619456728194071,0.9624607249623366,0.0,0.060297628866233466,0.0,0.023872084647879533,0.0,0.01721025954506133,0.0930338787634856,0.00178482103384113,0.0,0.0002506712247128295,0.020733382206736112,0.0008554475948697679,0.0,3.4306653742950833e-07,0.0,0.0
Mass_model_511,43,10.75,10.875,21600.0,40.77254248593737,6129.448551901215,329.99666410704026,0.9935613721532385,0.7988362482971733,0.7278710495576816,0.11000330000293033,0.10176794654123232,0.21177124654416266,0.04270707676820727,0.0011003051967111582,0.717227170478917,0.13188491859631704,0.8491120890752341,0.001093846442381331,917.9133114306318,212319.31254329713,912.5251913051162,871492.9123171782,1.992080656004558,0.9774913721570967,0.0,0.059032216377978876,0.0,0.022909122859529524,0.0,0.017023039699187777,0.08974926220070646,0.001725084893730645,0.0,0.00024374911697091416,0.020254037802223873,0.000834429400952494,0.0,3.041928820717521e-07,0.0,0.0
Mass_model_511,44,11.0,11.125,21600.0,41.127641290737884,5992.9182488075485,326.01411117881867,0.9937009901081019,0.808017462949973,0.7397298852634182,0.10768337083809798,0.09997062410365509,0.20765399494175307,0.041827484444622705,0.0011182319140354633,0.7009436591776722,0.129529834589573,0.8304734937672452,0.0011116679304806138,941.9149756898182,216776.3857193652,936.3859666060205,889318.1467103033,2.023045806571668,0.992947574467518,0.0,0.05813096691307347,0.0,0.022205672608931457,0.0,0.016890502177020483,0.0877340364978736,0.0016845244778286757,0.0,0.00023910564557479838,0.019949334340224383,0.000819569533653292,0.0,2.827475729042917e-07,0.0,0.0
Mass_model_511,45,11.25,11.375,21600.0,41.25,5941.871192759726,324.0290045147507,0.9937536896180683,0.8110949791979928,0.7437174703023954,0.10681873939037756,0.09893130278655982,0.20575004217693738,0.041492241917520746,0.0011242598506368442,0.6946394363961007,0.1281672374462833,0.822806673842384,0.0011176604832978043,966.0473029824703,221192.82677209715,960.3766379527987,906979.7575385253,2.0540588062344196,1.0084231097522431,0.0,0.05761011884834294,0.0,0.0217902253221079,0.0,0.016818101232755355,0.08699327702378953,0.001664130969257178,0.0,0.0002368834654397592,0.01982546236658802,0.0008115674208421898,0.0,2.7552781449993387e-07,0.0,0.0
Mass_model_511,46,11.5,11.625,21600.0,41.127641290737884,5975.878061919153,324.1706924438937,0.9937197549428799,0.808017462949973,0.7397298852634182,0.1074068623295273,0.09868776763138565,0.20609462996091293,0.04170110192738372,0.0011182319140354633,0.6980159987367671,0.12784669042650748,0.8258626891632745,0.0011116679304806138,990.0494204838983,225616.51336398086,984.2378638354278,924706.360630908,2.084353770144772,1.0235242717667852,0.0,0.05748760263310648,0.0,0.021678057897330925,0.0,0.016809432080423636,0.08752284848748708,0.0016645284693156282,0.0,0.00023715862795360755,0.01988401384204022,0.0008107064655596863,0.0,2.814576956709684e-07,0.0,0.0
Mass_model_511,47,11.75,11.875,21600.0,40.772542485937365,6094.6455832992115,326.5648343572737,0.9935993614982057,0.7988362482971731,0.7278710495576813,0.10943799372192475,0.09927935284127365,0.2087173465631984,0.04245150867958849,0.0011003051967111578,0.7112678303534283,0.12861957016389358,0.8398874005173219,0.0010938464423813307,1013.6638913674542,230095.9520852028,1007.7137185727347,942731.8108644111,2.1131945751521988,1.0378703137177046,0.0,0.057788064222168534,0.0,0.0218831720285832,0.0,0.016864732155298226,0.08931675545639879,0.001686149397088286,0.0,0.00023994438042272196,0.02012123826552596,0.0008169892277200535,0.0,3.014299926249822e-07,0.0,0.0
Mass_model_511,48,12.0,12.125,21600.0,40.219463130731185,6299.122466304886,331.45689985644736,0.9933913544205252,0.7837771116149006,0.7085421765182374,0.11291172466625136,0.10079545160693863,0.21370717627319,0.04374586396597274,0.0010710862032303832,0.7354290456615644,0.13060192323174402,0.8660309688933084,0.0010647989634050966,1036.6464592886227,234681.52108901084,1030.561379596694,961314.4566910464,2.1398888777181115,1.0510929579924582,0.0,0.05857128196803144,0.0,0.022428935254090808,0.0,0.016989819761403503,0.09237739256235461,0.001729432720939137,0.0,0.0002452804298389,0.02053433210389675,0.0008303629271661524,0.0,3.3854546870372635e-07,0.0,0.0
Mass_model_511,49,12.25,12.375,21600.0,39.522542485937365,6561.166548452543,337.1869403935404,0.9931253855334945,0.7634373037471877,0.6826789626589136,0.11746219492770976,0.10254027120646665,0.2200024661341764,0.045439261839478495,0.0010319894035563761,0.7624120551514033,0.1328939085745367,0.89530596372594,0.001025931660624253,1058.7841885729283,239400.90582336384,1052.569161158045,980520.1200275949,2.163936699597427,1.0629733754387898,0.0,0.05934455063487494,0.0,0.023169809935415543,0.0,0.017134525985061422,0.09638576817912642,0.0017899056777645295,0.0,0.0002516428188474523,0.02107642674858334,0.000849461362422758,0.0,3.7479207999403113e-07,0.0,0.0
Mass_model_511,50,12.5,12.625,21600.0,38.75,6868.6124911002935,343.34678694202097,0.9928139844943299,0.7390423888027,0.6520342542373311,0.12287400543217718,0.10437860172172621,0.22725260715390339,0.04745162173633961,0.000985664533308472,0.79046287240471,0.13531876963960424,0.9257816420443142,0.0009798787157995737,1079.9215496790048,244274.28845749996,1073.582446668575,1000373.3055810848,2.1850094977338888,1.073382115595813,0.0,0.06003315403195273,0.0,0.024056820883553355,0.0,0.01729177658515375,0.10115879232172541,0.0018648105362280795,0.0,0.0002586178075817363,0.021715213110451766,0.0008730145490927541,0.0,4.0732816378990247e-07,0.0,0.0
Mass_model_511,51,12.75,12.875,21600.0,37.97745751406263,7213.4354249761855,350.61299241294864,0.9924644870037437,0.7126370627291281,0.6193334023908916,0.12890666321096533,0.10661375377824396,0.23552041698920928,0.04970083256463597,0.0009362314403926538,0.8229829289789984,0.13826592394866788,0.9612488529276663,0.0009307357934690268,1099.991761133056,249323.1944937438,1093.5348466594821,1020979.8211346867,2.2029675042842913,1.0822411610760287,0.0,0.06089206001573764,0.0,0.025123165645837893,0.0,0.01748106146551956,0.10649211574897646,0.0019509489974736398,0.0,0.0002664351040576783,0.022414547461988878,0.0008996348977282634,0.0,4.476518892933769e-07,0.0,0.0
Mass_model_511,52,13.0,13.125,21600.0,37.280536869268815,7559.589630606375,358.51097767711155,0.9921131649745721,0.6870515445807625,0.58812289446444,0.13492345323859936,0.10906445083588204,0.2439879040744814,0.05195027472053619,0.000889051264612427,0.8568060650522895,0.14149652381747452,0.9983025888697641,0.0008838325637266026,1119.0438135545764,254551.76850704366,1112.4750641769801,1042373.090581278,2.2179871786157968,1.0896290909186856,0.0,0.06185245872352827,0.0,0.026284149589869913,0.0,0.017686673147446423,0.11182496151616955,0.0020396526620528902,0.0,0.0002742893538428644,0.023098491722429806,0.0009267346563075619,0.0,4.927028341169593e-07,0.0,0.0
Mass_model_511,53,13.25,13.375,21600.0,36.72745751406263,7860.4711282480575,366.1820164483781,0.9918070931631557,0.6655438918795831,0.5622559937833744,0.1401204747075684,0.11142352095162039,0.2515439956591888,0.05389876810854909,0.0008499488916584765,0.8872646606787703,0.14460605394895548,1.0318707146277257,0.0008449597203807806,1137.252296889354,259940.6038804112,1130.5766643297738,1064478.8911715725,2.230590051354511,1.0958004900124803,0.0,0.06278923528464612,0.0,0.027398564481699014,0.0,0.017883384663305222,0.11644136377662619,0.0021195386232757095,0.0,0.00028118977470798965,0.023679110930942205,0.0009510721033152248,0.0,5.360206710926783e-07,0.0,0.0
Mass_model_511,54,13.5,13.625,21600.0,36.372358709262116,8067.988432038463,372.5564725655597,0.9915949764843238,0.6511747745022454,0.5451657636924687,0.143685508775109,0.11331450767002953,0.25700001644513853,0.0552402169549603,0.0008241140009955766,0.9089545236352556,0.14709878064224743,1.056053304277503,0.0008192764796532152,1154.9035426436064,265445.14626610035,1148.124297867813,1087097.9176422714,2.241601039085953,1.1011705199481518,0.0,0.06354469072649217,0.0,0.028293608129407878,0.0,0.01804149806788845,0.11961156513282785,0.00217861343853189,0.0,0.0002861519548153184,0.02407394364228114,0.0009693770316240254,0.0,5.683212697787734e-07,0.0,0.0
Mass_model_511,55,13.75,13.875,21600.0,36.25,8145.357400415056,376.6508323374149,0.9915142011475226,0.6461225723909806,0.539193661275189,0.14500820699409314,0.11439640982855051,0.25940461682264365,0.05574348349337879,0.0008150861171018328,0.9173553346966374,0.14852550718377266,1.0658808418804102,0.000810301589132912,1172.360002985323,271000.7388728346,1165.478289377107,1109925.5750577103,2.2520382152152285,1.1062601249526882,0.0,0.06397387749536644,0.0,0.028810902840474783,0.0,0.018136310948238397,0.12078306406011984,0.0022072387512054228,0.0,0.0002884287434086452,0.024225142933973317,0.0009790703081095078,0.0,5.80741747310095e-07,0.0,0.0
Mass_model_511,56,14.0,14.125,21600.0,36.372358709262116,8078.370606446068,377.90484689896266,0.9915793782738994,0.6511747745022454,0.5451657636924687,0.14385516099787582,0.11448155198417682,0.25833671298205263,0.05531946788384657,0.0008241140009955766,0.9106236617619086,0.14863863528251162,1.05926229704442,0.0008192764796532152,1190.0109710779777,276533.8241893064,1183.0256468834127,1132612.9762962477,2.262959781584156,1.1116124272520211,0.0,0.06399925310001608,0.0,0.02885910130446178,0.0,0.018155348044800262,0.11974441253849524,0.0022008127143170915,0.0,0.0002876846985633178,0.024110748459380583,0.0009787826356529353,0.0,5.694863653585493e-07,0.0,0.0
Mass_model_511,57,14.25,14.375,21600.0,36.72745751406263,7879.997045604044,376.3796995689194,0.9917776135234915,0.6655438918795831,0.5622559937833744,0.14043949576932033,0.11360261418798404,0.25404210995730436,0.05404803537633878,0.0008499488916584765,0.8904211134069919,0.1474805186732284,1.0379016320802203,0.0008449597203807806,1208.218913199115,281976.01498434163,1201.1267089994717,1154847.3165369595,2.275304603489977,1.1177033163959718,0.0,0.0636403115286156,0.0,0.028445667103938803,0.0,0.01810235785475136,0.1166905541854425,0.0021610415685946447,0.0,0.0002840745489008698,0.023748941583877827,0.000968623432610022,0.0,5.381505727240078e-07,0.0,0.0
Mass_model_511,58,14.5,14.625,21600.0,37.280536869268815,7586.158534093627,372.6968712228729,0.9920727324278156,0.6870515445807625,0.58812289446444,0.13535742461554914,0.11198772242840828,0.24734514704395744,0.052153705262924524,0.000889051264612427,0.8611376027958103,0.14535095851139096,1.0064885613072012,0.0008838325637266026,1227.270189173928,287276.3175033639,1220.0661546279782,1176415.1294519044,2.2897616252782225,1.1248719288677416,0.0,0.0629996089987329,0.0,0.027668712677814823,0.0,0.01799524024143704,0.11216273586894122,0.0020952994645791383,0.0,0.0002782013567762411,0.023194688746607916,0.0009501642062118075,0.0,4.954828563413527e-07,0.0,0.0
Mass_model_511,59,14.75,14.875,21600.0,37.97745751406263,7244.599215908183,367.773291072129,0.9924165282197492,0.7126370627291281,0.6193334023908916,0.12941545844239782,0.1099647742790902,0.239380232721488,0.04993961800232382,0.0009362314403926538,0.8281175428787297,0.14268154711556635,0.9707990899942961,0.0009307357934690268,1247.3394307767164,292407.7193321728,1240.017590460617,1197225.3700017107,2.3066953211084584,1.1332869565535773,0.0,0.0622162623113861,0.0,0.026676550229287426,0.0,0.017860075121586008,0.10688654711722888,0.0020143396288043063,0.0,0.00027096726273307515,0.022528911325168943,0.0009261289656450504,0.0,4.5075964825194824e-07,0.0,0.0
Mass_model_511,60,15.0,15.125,21600.0,38.75,6901.986569608276,362.5171699488793,0.9927618189886465,0.7390423888027,0.6520342542373311,0.12341855615142736,0.107853960834784,0.23127251698621137,0.04770710079359277,0.000985664533308472,0.7960249289136252,0.13989422867010848,0.9359191575837337,0.0009798787157995737,1268.4756812607145,297367.0474645116,1261.0297718683826,1217294.8977963882,2.326139334137399,1.1429505453038864,0.0,0.061419729983264386,0.0,0.0256195656670824,0.0,0.017721764289023997,0.10157931248724036,0.0019293800656351799,0.0,0.000263349984519216,0.02183924366418699,0.000899760344909734,0.0,4.105003490714e-07,0.0,0.0
Mass_model_511,61,15.25,15.375,21600.0,39.52254248593737,6596.629555857055,357.73684544955904,0.993069759246122,0.7634373037471879,0.6826789626589138,0.11804037624655823,0.10594294689395586,0.2239833231405141,0.045707835062482376,0.0010319894035563766,0.7683888597802996,0.1373675847497107,0.9057564445300103,0.0010259316606242533,1290.612170581055,302171.5584638956,1283.0363207443152,1236723.6514173772,2.3478425224333486,1.1537258344149695,0.0,0.06072799889973632,0.0,0.02462715208904057,0.0,0.017606614988011908,0.09683077839465314,0.0018501477631909966,0.0,0.00025629911505202615,0.0212095978519051,0.0008743560164838021,0.0,3.7802244023518754e-07,0.0,0.0
Mass_model_511,62,15.5,15.625,21600.0,40.219463130731185,6334.76786576298,352.734427819689,0.993334809285929,0.7837771116149006,0.7085421765182374,0.1134920148404899,0.10391015279865658,0.2174021676391465,0.04401204688602869,0.0010710862032303832,0.7414916346061137,0.13469016286543586,0.8761817974715496,0.0010647989634050966,1313.5934303044112,306836.14630366745,1305.8826812495392,1255523.0359971072,2.371415793593242,1.1654450980600857,0.0,0.059858751140693334,0.0,0.0236798557370684,0.0,0.017489546312415657,0.09282262388973557,0.0017804556242881765,0.0,0.0002495438768752447,0.02066939095075433,0.0008516585072463336,0.0,3.4160006942206813e-07,0.0,0.0
Mass_model_511,63,15.75,15.875,21600.0,40.77254248593737,6128.791815292679,347.6932912903732,0.993544442120421,0.7988362482971733,0.7278710495576816,0.10999264871189263,0.10183393800183459,0.21182658671372723,0.04269985152919954,0.0011003051967111582,0.7171143259993946,0.13196542517899446,0.8490797511783891,0.001093846442381331,1337.2065959415086,311382.06346679915,1329.3572384021404,1273744.7628994333,2.396358081158826,1.1778785118184552,0.0,0.058841438559884475,0.0,0.02281701696051698,0.0,0.017374528464449025,0.08974111106669837,0.0017240254430877827,0.0,0.00024348087189900137,0.020251537645194252,0.0008331435615855358,0.0,3.041404117829002e-07,0.0,0.0
Mass_model_511,64,16.0,16.125,21600.0,41.127641290737884,6007.4951448664315,344.43825164702463,0.9936681974865285,0.808017462949973,0.7397298852634182,0.10791956802188873,0.1004609113989621,0.20838047942085083,0.041921071980906506,0.0011182319140354633,0.703456341435621,0.13016040976484028,0.8336167512004613,0.0011116679304806138,1361.2074681339657,315854.58226295304,1353.2172262857202,1291636.873517928,2.422036770949058,1.1906861454541835,0.0,0.05818860362881111,0.0,0.022210759007160363,0.0,0.01731428324985149,0.08791448013414402,0.0016866226162163388,0.0,0.0002396869398986805,0.020005087887744716,0.0008206720994796523,0.0,2.8385754446768044e-07,0.0,0.0
Mass_model_511,65,16.25,16.375,21600.0,41.25,5970.523066520305,343.158575214033,0.9937062077657258,0.8110949791979928,0.7437174703023954,0.10728290372286495,0.09982922355716568,0.20711212728003064,0.041679295067402596,0.0011242598506368442,0.6995825664206957,0.12932622247797873,0.8289087888986745,0.0011176604832978043,1385.338642376709,320300.04816511844,1377.2067513509535,1309428.616596652,2.447808545072761,1.2035336270974417,0.0,0.05790751071757336,0.0,0.021888146013070472,0.0,0.017310896683324237,0.08734766935937849,0.0016692130573374437,0.0,0.00023826885995584723,0.019935234363486452,0.0008149105518633139,0.0,2.776740410224432e-07,0.0,0.0
Mass_model_511,66,16.5,16.625,21600.0,41.127641290737884,6017.343064602244,343.95093956439626,0.9936588961919274,0.808017462949973,0.7397298852634182,0.10807896130384931,0.09996318358443383,0.20804214488828315,0.0419733900569573,0.0011182319140354633,0.7051582224231832,0.12949509723090494,0.8346533196540881,0.0011116679304806138,1409.3392899074695,324765.263411022,1401.0665158915933,1327342.8076369567,2.4730379097254604,1.216094161838344,0.0,0.05800740392464385,0.0,0.021863016808489646,0.0,0.017364704659952202,0.08803627218916278,0.0016723986207358575,0.0,0.00023926893016539412,0.020042689114686527,0.0008161060295711143,0.0,2.8461087576534716e-07,0.0,0.0
Mass_model_511,67,16.75,16.875,21600.0,40.77254248593737,6148.35021901483,346.9539302463174,0.9935257447410961,0.7988362482971733,0.7278710495576816,0.11030959046915068,0.10090791629572458,0.21121750676487527,0.042805108504428147,0.0011003051967111582,0.7204815155660907,0.13072599983321656,0.8512075153993073,0.001093846442381331,1432.9520111715765,329298.02407437813,1424.5406312796583,1345609.853779349,2.4971066082482154,1.2280477718784135,0.0,0.058515729733030625,0.0,0.02215163779519513,0.0,0.017476479672347445,0.08998369076384616,0.0016967385403204895,0.0,0.00024271075036567664,0.02032589970530452,0.0008243140958551846,0.0,3.057086100200978e-07,0.0,0.0
Mass_model_511,68,17.0,17.125,21600.0,40.219463130731185,6363.751679416592,352.3590878688352,0.9933063918996505,0.7837771116149006,0.7085421765182374,0.1139625677545864,0.10273019435005064,0.21669276210463703,0.04417186726287219,0.0010710862032303832,0.7464527250629889,0.13310578719882027,0.8795585122618091,0.0010647989634050966,1455.9326134455728,333947.25787699973,1447.3863381947278,1364481.1493725842,2.519430216112434,1.2390838569766,0.0,0.0594784031872461,0.0,0.022773808154339936,0.0,0.01764712385462369,0.09318380693157319,0.0017425402633565422,0.0,0.0002485783939593681,0.02077876082301321,0.0008393963824452792,0.0,3.441140797283077e-07,0.0,0.0
Mass_model_511,69,17.25,17.375,21600.0,39.52254248593737,6634.054862319237,358.43334278452585,0.9930319023571942,0.7634373037471879,0.6826789626589138,0.11864876051758333,0.10470534568308332,0.22335410620066665,0.04591946030488403,0.0010319894035563766,0.7747400466060039,0.13569726890742675,0.9104373155134307,0.0010259316606242533,1478.0682588990956,338738.08934136207,1469.3920481573125,1384009.564639652,2.539583366802542,1.249016396231639,0.0,0.060383903097555994,0.0,0.023578144052000434,0.0,0.017822716463251967,0.09729922339659644,0.0018050437920802836,0.0,0.00025533362383715484,0.02134953712098689,0.0008598231777224672,0.0,3.8147663500001903e-07,0.0,0.0
Mass_model_511,70,17.5,17.625,21600.0,38.75,6946.266143353872,364.7177232904667,0.9927156763654984,0.7390423888027,0.6520342542373311,0.12413890254710767,0.10667998421093489,0.23081888675804257,0.047962400310900925,0.000985664533308472,0.8034564932693246,0.13830006480699286,0.9417565580763174,0.0009798787157995737,1499.203526990316,343687.4599307384,1490.4032529389128,1404203.3290077352,2.557282767215903,1.2577339692405072,0.0,0.06114691257113784,0.0,0.024510752529606317,0.0,0.017993864454391887,0.10213579153068666,0.0018813018478647193,0.0,0.00026253809449708825,0.022003111016421006,0.0008841999492598566,0.0,4.1476417718735644e-07,0.0,0.0
Mass_model_511,71,17.75,17.875,21600.0,37.977457514062635,7292.166172310468,371.87079777535905,0.9923652568771063,0.7126370627291283,0.6193334023908919,0.13018985381409273,0.10895348073531849,0.23914333454941122,0.050217781244086074,0.0009362314403926541,0.8360080856330672,0.14129826554035607,0.9773063511734232,0.0009307357934690273,1519.2717317532963,348813.5187217428,1510.353658017958,1425151.9781614998,2.572401790041691,1.2651676010148236,0.0,0.062022523645492086,0.0,0.025601617697839862,0.0,0.018179350780994374,0.10748706101204973,0.001968058307304722,0.0,0.00027038623150524977,0.02270279280204299,0.0009110885108713994,0.0,4.555613108054553e-07,0.0,0.0
Mass_model_511,72,18.0,18.125,21600.0,37.280536869268815,7634.912361586835,379.3888206088941,0.9920177277093492,0.6870515445807625,0.58812289446444,0.1361517192911008,0.11133582198085178,0.24748754127195255,0.05244422104300848,0.000889051264612427,0.8691351977575129,0.14444143432303735,1.0135766320805502,0.0008838325637266026,1538.321951444596,354116.5785336487,1529.2920535632995,1446870.475489682,2.585080714110103,1.271380671196872,0.0,0.06293882975984046,0.0,0.026761102415236243,0.0,0.018363058702480315,0.11278110395523228,0.002056455921091486,0.0,0.00027804899235001746,0.023370615335868514,0.0009378255502911772,0.0,5.00639562104048e-07,0.0,0.0
Mass_model_511,73,18.25,18.375,21600.0,36.727457514062635,7927.2717899147,386.39410820051023,0.9917207970516049,0.6655438918795834,0.5622559937833749,0.1412102190531962,0.11351545019291705,0.25472566924611323,0.05433689129867079,0.0008499488916584772,0.8981035193725756,0.1473190780153418,1.0454225973879174,0.0008449597203807812,1556.5288504780312,359573.1001983087,1547.3920787145462,1469264.6498508877,2.595754272591803,1.2765868146668642,0.0,0.06377033827029274,0.0,0.027843714602428165,0.0,0.018520265910969957,0.11729266986818926,0.0021349467452855845,0.0,0.0002845250592374291,0.02391754918500693,0.0009611162508322426,0.0,5.433538709208082e-07,0.0,0.0
Mass_model_511,74,18.5,18.625,21600.0,36.372358709262116,8121.11220945917,391.8212123505561,0.9915231989922719,0.6511747745022454,0.5451657636924687,0.14455243299291018,0.1151200912612394,0.25967252425414955,0.0555896954387668,0.0008241140009955766,0.9175231246221984,0.1494406769975547,1.0669638016197531,0.0008192764796532152,1574.1788185310227,365134.4809681884,1564.9384420513877,1492115.7080655727,2.6051194476372843,1.2811382793750152,0.0,0.06436325607142958,0.0,0.028675258386249354,0.0,0.018622973601031562,0.12029047345934706,0.0021914874697150704,0.0,0.000288842624463518,0.024261959533563113,0.0009776987925471509,0.0,5.743158031620454e-07,0.0,0.0
Mass_model_511,75,18.75,18.875,21600.0,36.25,8180.915090874916,394.7420427478299,0.9914610089272986,0.6461225723909806,0.539193661275189,0.14558863526779264,0.11583198946446183,0.26142062473225447,0.055979599663439523,0.0008150861171018328,0.9230764281216854,0.15038715887240284,1.0734635869940883,0.000810301589132912,1591.6343423779501,370732.9494653796,1582.2915025630853,1515104.5295513428,2.6140428845005825,1.285479625250151,0.0,0.06458600064373805,0.0,0.02910249535912232,0.0,0.018650809477456745,0.12123800993348159,0.0022166585301242156,0.0,0.0002903115443584466,0.024350625334311045,0.0009851291189096033,0.0,5.847907524367405e-07,0.0,0.0
Mass_model_511,76,19.0,19.125,21600.0,36.372358709262116,8093.740071173448,394.6439744829366,0.9915475405670328,0.6511747745022454,0.5451657636924687,0.14410610791644846,0.11548124450561655,0.259587352422065,0.05542534937108926,0.0008241140009955766,0.9130994427533531,0.14993417134717216,1.0630336141005252,0.0008192764796532152,1609.284743731965,376292.64260387793,1599.8382966574877,1537871.9742483343,2.623433322880383,1.2900780837694,0.0,0.06436968811212174,0.0,0.029040383151937854,0.0,0.018593676683580203,0.11994092816085514,0.0022061114637132403,0.0,0.00028863855768377765,0.02416517975559331,0.000982175319723396,0.0,5.712168563323674e-07,0.0,0.0
Mass_model_511,77,19.25,19.375,21600.0,36.72745751406263,7874.839261725115,391.67868789934954,0.9917675557549414,0.6655438918795831,0.5622559937833744,0.14035526513478241,0.1141350056614675,0.2544902707962499,0.054021045510857464,0.0008499488916584765,0.8895864007332746,0.1481690813374245,1.0377554820706991,0.0008449597203807806,1627.4925012035746,381744.37879062776,1617.9391752079057,1560102.9581555044,2.634102501817029,1.2953453205503136,0.0,0.06375117339128303,0.0,0.028507886628254986,0.0,0.018460149442879156,0.11662475861250866,0.002162022269826352,0.0,0.0002840578200567942,0.02373050652227374,0.0009691785222921569,0.0,5.37586875028049e-07,0.0,0.0
Mass_model_511,78,19.5,19.625,21600.0,37.280536869268815,7562.17234688005,386.5609650080852,0.9920827743315234,0.6870515445807625,0.58812289446444,0.13496567308855212,0.11205645009411429,0.24702212318266642,0.05200399591425933,0.000889051264612427,0.8572263089435066,0.14543746110913058,1.0026637700526373,0.0008838325637266026,1646.543970018159,387037.81288565556,1636.8788125442206,1581589.0279773597,2.646650740491038,1.3015765203059055,0.0,0.06285066993617458,0.0,0.027614788749443123,0.0,0.01827309108619028,0.11185782027941989,0.0020922032678749557,0.0,0.0002772503216530604,0.023107852809132228,0.000947953760625787,0.0,4.929721525013059e-07,0.0,0.0
Mass_model_511,79,19.75,19.875,21600.0,37.97745751406263,7206.289403452724,380.3591776472993,0.9924420573973175,0.7126370627291281,0.6193334023908916,0.1287898334748217,0.10963298197394954,0.23842281544877125,0.049695432524767796,0.0009362314403926538,0.8218093530509637,0.14224824081287202,0.9640575938638357,0.0009307357934690268,1666.6137278872711,392148.82280273543,1656.8307616127172,1602255.2880984803,2.661395982574881,1.3089175551975831,0.0,0.06184004164549119,0.0,0.026525077965588013,0.0,0.018068588539257018,0.1064015593897367,0.0020079904646601097,0.0,0.00026924985064636877,0.02238827408508502,0.0009215865648587922,0.0,4.469434480372497e-07,0.0,0.0
Mass_model_511,80,20.0,20.0,10800.0,38.75,6852.6430590629525,374.61104561069084,0.9927987996926847,0.7390423888027,0.6520342542373311,0.12261295060296612,0.10738522397196462,0.22999817457493074,0.04739224226387077,0.000985664533308472,0.7878130823279785,0.13929048438743982,0.9271035667154184,0.0009798787157995737,1677.1822467954087,394614.91544855,1667.3372436719317,1612195.9030273198,2.6698908590963435,1.313150624723521,0.0,0.060907887770699914,0.0,0.025516779566098352,0.0,0.01787867700393794,0.10095724318154452,0.0019232188020258335,0.0,0.000261251630051694,0.02165570742142161,0.0008970033764650791,0.0,4.0582268580744534e-07,0.0,0.0
S3d_O8,0,0.0,0.125,10800.0,38.75,20971.10694586972,613.8650108300615,0.9786463164435949,0.7390423888027,0.6520342542373311,0.033667315751691886,0.032241291953379575,0.06590860770507145,0.024941607838481185,0.0009807703641961667,0.6527801913458378,0.05889704283450897,0.7116772341803468,0.0009749560953346493,10.366134885334313,696.6131344469364,10.304681667049636,7521.98728025551,0.39275437030961163,0.11881418209645059,0.0,0.014044178350989669,0.0,0.012515784578396172,0.0,0.002303877255985778,0.033667315751691886,0.0004928299318622556,0.0,0.00031716847819991727,0.0,0.0025654745379913263,0.0,1.9788199544642712e-06,0.0,0.0
S3d_O8,1,0.25,0.375,21600.0,39.52254248593737,20033.00102056204,760.7021933262567,0.9794209951331614,0.7634373037471879,0.6826789626589138,0.032078598080223016,0.039176366827035757,0.07125496490725877,0.024093017995283503,0.0010268652152626587,0.6304745544458551,0.07168355681738575,0.7021581112632409,0.0010207776838036813,32.089975266938225,2204.0470810200877,31.899737316473296,22376.488635459624,0.6835321535289878,0.21325103036509221,0.0,0.01714526635062207,0.0,0.015353732962663836,0.0,0.0027997975805172694,0.032078598080223016,0.0005454713517014517,0.0,0.0003125394537292834,0.0,0.0030177354892328805,0.0,1.823638568968676e-06,0.0,0.0
S3d_O8,2,0.5,0.625,21600.0,40.219463130731185,19233.500899041414,826.8303373962046,0.9801395384926963,0.7837771116149006,0.7085421765182374,0.030745479521353987,0.04260494927711251,0.0733504287984665,0.023348863033507663,0.0010657678856534373,0.6083248338258569,0.07811017460768059,0.6864350084335374,0.001059449728766388,54.653362128367675,3756.950038324727,54.32936238979417,36909.01383067922,0.8916597728234491,0.2827928256957076,0.0,0.01854521254340168,0.0,0.01673949276156374,0.0,0.00320971969039639,0.030745479521353987,0.0005771882439421956,0.0,0.0003074714732287398,0.0,0.003224217208153478,0.0,1.6473564262868475e-06,0.0,0.0
S3d_O8,3,0.75,0.875,21600.0,40.77254248593737,18609.822680397934,858.5980061663016,0.980719865159673,0.7988362482971733,0.7278710495576816,0.02972901043861936,0.043824722563524744,0.0735537330021441,0.022713327884105714,0.0010948417966131782,0.5878660304913292,0.08047534658482887,0.6683413770761581,0.0010883512818110177,77.84599706991372,5315.079151940759,77.38450519242583,51066.85619914524,1.0677791033081838,0.3424399687721029,0.0,0.018896849001383907,0.0,0.017261885982636248,0.0,0.0034961750790033644,0.02972901043861936,0.0005900935453041923,0.0,0.00030246804423427907,0.0,0.003275783987243717,0.0,1.4669237190448526e-06,0.0,0.0
S3d_O8,4,1.0,1.125,21600.0,41.127641290737884,18249.10801021944,881.8614533212374,0.9810508661228136,0.808017462949973,0.7397298852634182,0.029135128670178204,0.0445329498714541,0.0736680785416323,0.022344695472785978,0.0011126795015166762,0.5768548026562691,0.08187038127075906,0.6587251839270282,0.0011060832400321447,101.4244531454025,6876.157208732391,100.82318187819504,65025.70310328128,1.2231219952448136,0.3953828893781166,0.0,0.01904902788744774,0.0,0.0175853158523404,0.0,0.00370455818432594,0.029135128670178204,0.0005988126773213208,0.0,0.0003001180417702021,0.0,0.003293747233291817,0.0,1.3699949566831688e-06,0.0,0.0
S3d_O8,5,1.25,1.375,21600.0,41.25,18150.44096389111,903.5616231825992,0.9811263774495323,0.8110949791979928,0.7437174703023954,0.02896572916658999,0.04521989028116215,0.07418561944775214,0.02226567256090683,0.0011186775073047544,0.574338444068404,0.08318507882293764,0.6575235228913416,0.0011120456880387506,125.13183576736813,8448.32331899304,124.39002079941382,78960.1584206896,1.361389989909637,0.4426714722040978,0.0,0.01921311120838969,0.0,0.01791822001313478,0.0,0.0038621802991983117,0.02896572916658999,0.0006086435954748727,0.0,0.00030067405590818885,0.0,0.0033157193817244164,0.0,1.3417273318889005e-06,0.0,0.0
S3d_O8,6,1.5,1.625,21600.0,41.127641290737884,18311.413047329537,926.9963449457643,0.9809454677497704,0.808017462949973,0.7397298852634182,0.029218402904942934,0.04608623455842801,0.07530463746337095,0.02248127888813097,0.0011126795015166762,0.5799403672253268,0.08478382666351071,0.6647241938888375,0.0011060832400321447,148.70775871129865,10043.909763910078,147.82617937070572,93044.61522314529,1.4838234385789209,0.48462490669981406,0.0,0.01945655006108041,0.0,0.018359214825310197,0.0,0.00398825817740249,0.029218402904942934,0.0006221125926647616,0.0,0.00030422026230002383,0.0,0.003354501217095494,0.0,1.3774225746293278e-06,0.0,0.0
S3d_O8,7,1.75,1.875,21600.0,40.77254248593737,18738.53355220277,954.7514140056337,0.9804993610863351,0.7988362482971733,0.7278710495576816,0.029901539556495164,0.047269235052099526,0.07717077460859469,0.023003087167922792,0.0010948417966131782,0.5942197267648794,0.08691755502699704,0.6811372817918765,0.0010883512818110177,171.89517904400714,11678.293100192595,170.87613847809476,107470.27608670008,1.5906477343439394,0.5212394031626832,0.0,0.01982183991708374,0.0,0.018980020574072432,0.0,0.004098092294968339,0.029901539556495164,0.0006408797353551161,0.0,0.0003109289419042552,0.0,0.0034159905627567802,0.0,1.4830259588604482e-06,0.0,0.0
S3d_O8,8,2.0,2.125,21600.0,40.21946313073118,19427.856527737382,988.3656223923397,0.9797907778008582,0.7837771116149004,0.708542176518237,0.03100726032455643,0.04884947607537966,0.07985673639993608,0.02383025255437984,0.0010657678856534369,0.6178721788422307,0.0897337428618486,0.7076059217040793,0.0010594497287663876,194.45053722982158,13368.339607783115,193.2977824719356,122445.68042500343,1.6817847591876398,0.5524018664983165,0.0,0.02033192065924412,0.0,0.019827276187712694,0.0,0.004200586846614808,0.03100726032455643,0.0006658901299375206,0.0,0.0003206812703924139,0.0,0.0035014472732579714,0.0,1.673708220128211e-06,0.0,0.0
S3d_O8,9,2.25,2.375,21600.0,39.522542485937365,20288.35186099253,1022.1692040069581,0.9789149436586052,0.7634373037471877,0.6826789626589136,0.032423976353655064,0.05054039767576124,0.08296437402941631,0.024863379367948597,0.0010268652152626582,0.6429195891291555,0.09269563970402421,0.7356152288331796,0.0010207776838036808,216.16315324364822,15122.58502320255,214.88168029463424,137999.94281521655,1.7577967188409394,0.578442158620562,0.0,0.020817217381775263,0.0,0.020795803804449366,0.0,0.0042923238092791045,0.032423976353655064,0.0006961659381271592,0.0,0.00033136957025836725,0.0,0.003605656600480549,0.0,1.8605713914310929e-06,0.0,0.0
S3d_O8,10,2.5,2.625,21600.0,38.75,21279.193268331666,1054.7497291911247,0.9779136131144093,0.7390423888027,0.6520342542373311,0.034085480206605595,0.05225577294198352,0.08634125314858912,0.02605334295948328,0.0009807703641961667,0.667636823706561,0.09564814936856426,0.7632849730751252,0.0009749560953346493,236.87990095815897,16946.365618673583,235.4756135914733,154122.76095770247,1.8196586520202558,0.5998084048611767,0.0,0.021232109655749155,0.0,0.02184962507876088,0.0,0.004374749795455914,0.034085480206605595,0.0007309929919358882,0.0,0.0003424607328020232,0.0,0.0037238061118153773,0.0,2.0285754642810518e-06,0.0,0.0
S3d_O8,11,2.75,2.875,21600.0,37.97745751406263,22374.84492997868,1088.862485810339,0.9768094249638621,0.7126370627291281,0.6193334023908916,0.03592148249630305,0.054111279909229384,0.09003276240553243,0.02736752344998941,0.0009315827238743077,0.6956808481233928,0.09882312094048688,0.7945039690638797,0.0009260600524916043,256.5354427101399,18845.974397535916,255.01463203836997,170886.06660500282,1.8686935085172878,0.6168957425974756,0.0,0.021661186088190242,0.0,0.023020434766545392,0.0,0.004453235389086714,0.03592148249630305,0.0007694219032687706,0.0,0.00035426175121505113,0.0,0.003850505936927838,0.0,2.234073995376749e-06,0.0,0.0
S3d_O8,12,3.0,3.125,21600.0,37.280536869268815,23460.853293989185,1123.1296902833735,0.975715741957569,0.6870515445807625,0.58812289446444,0.037738910561589845,0.05600401404304573,0.09374292460463557,0.02867380406792843,0.000884636814166577,0.7243905349049682,0.10205354337649063,0.8264440782814588,0.0008793924506844318,275.17957052488634,20821.64965778782,273.54823248018516,188303.75574078242,1.9070348126353884,0.6303828971849065,0.0,0.022089649082281115,0.0,0.024236909448946294,0.0,0.004526275161329417,0.037738910561589845,0.0008084448515619308,0.0,0.00036562408213116775,0.0,0.003974650346171355,0.0,2.461070624450434e-06,0.0,0.0
S3d_O8,13,3.25,3.375,21600.0,36.727457514062635,24389.762684468515,1154.714591763891,0.9747790224857105,0.6655438918795834,0.5622559937833749,0.03929176400514662,0.05773907436815864,0.09703083837330526,0.029797797032705135,0.0008457285981691392,0.7497424151013011,0.10501018695376468,0.8547526020550658,0.0008407148929909045,292.98657804305526,22864.65597464661,291.24967529828837,206300.76570818687,1.9376056392059382,0.6412317677147715,0.0,0.022472639462723598,0.0,0.02537265373768146,0.0,0.004589670710065356,0.03929176400514662,0.0008438335630221509,0.0,0.0003751722061540436,0.0,0.004082428226506464,0.0,2.67646200555611e-06,0.0,0.0
S3d_O8,14,3.5,3.625,21600.0,36.372358709262116,25010.355764855252,1180.0233323873035,0.9741496142298557,0.6511747745022454,0.5451657636924687,0.04033050085453986,0.059073938691697046,0.0994044395462369,0.03055903709736218,0.0008200219867733009,0.7670033364379761,0.10727930998525863,0.8742826464232347,0.000815160677258343,310.2411786478798,24956.287577679366,308.4019860188781,224697.09912739357,1.9638551454691426,0.6506065530755687,0.0,0.02275079945462885,0.0,0.026270072277075694,0.0,0.004637593317183733,0.04033050085453986,0.0008709409589513586,0.0,0.00038157956310790194,0.0,0.004160119806339232,0.0,2.833314410276159e-06,0.0,0.0
S3d_O8,15,3.75,3.875,21600.0,36.25,25208.91530625264,1195.781155603126,0.9739408594224841,0.6461225723909806,0.539193661275189,0.04066890987916412,0.05978869686465971,0.10045760674382383,0.03082043703715431,0.0008110389294803012,0.7722274775368435,0.10848441548974927,0.8807118930265928,0.0008062308739299885,327.3031040111475,27069.62656318765,325.3627637282417,243224.7431641487,1.989339892721703,0.6597265645062982,0.0,0.022869891044189353,0.0,0.02678415229153768,0.0,0.004664702754142793,0.04066890987916412,0.0008858641712261721,0.0,0.00038389660272022366,0.0,0.004197302419546444,0.0,2.8875812970290345e-06,0.0,0.0
S3d_O8,16,4.0,4.125,21600.0,36.372358709262116,24945.22308950014,1200.2304613240367,0.9741933794166483,0.6511747745022454,0.5451657636924687,0.04024107684082013,0.05976329180438604,0.10000436864520618,0.030531452854749626,0.0008200219867733009,0.7639457437245074,0.1084205807963101,0.8723663245208175,0.000815160677258343,344.55847980574526,29173.976190280726,342.5158450430725,261581.57871607176,2.017275112384552,0.6696950498844962,0.0,0.022802861853819432,0.0,0.02683221783598014,0.0,0.004667969205788104,0.04024107684082013,0.0008865494746412077,0.0,0.0003817881536121579,0.0,0.004189083801874301,0.0,2.8214786706960797e-06,0.0,0.0
S3d_O8,17,4.25,4.375,21600.0,36.727457514062635,24266.033710740725,1193.8257438911412,0.9748615096530282,0.6655438918795834,0.5622559937833749,0.039122269452341034,0.05902277653781,0.09814504599015103,0.02974470143681677,0.0008457285981691392,0.7439073011055303,0.10713315811931674,0.8510404592248471,0.0008407148929909045,362.36699417785206,31240.617268577495,360.21878578208066,279501.94499215577,2.0501650723685794,0.681355774283008,0.0,0.02256211697853379,0.0,0.02642400683704034,0.0,0.0046478831994922,0.039122269452341034,0.0008733735458057076,0.0,0.0003756198424224125,0.0,0.004137121492674433,0.0,2.654641841116813e-06,0.0,0.0
S3d_O8,18,4.5,4.625,21600.0,37.280536869268815,23289.646595744296,1179.0063473778239,0.9758282777834961,0.6870515445807625,0.58812289446444,0.03750512068258723,0.05772425149355903,0.09522937217614627,0.02859869048232585,0.000884636814166577,0.7162590171311098,0.10489464098482167,0.8211536581159316,0.0008793924506844318,381.01327234462434,33247.85157627062,378.75452382806014,296810.1321280453,2.0895766699462612,0.6952139333995451,0.0,0.02219442492199704,0.0,0.02565437733255652,0.0,0.004608385283570187,0.03750512068258723,0.0008489757519078453,0.0,0.000366366899885271,0.0,0.004049289119388192,0.0,2.432184253986067e-06,0.0,0.0
S3d_O8,19,4.75,4.875,21600.0,37.977457514062635,22166.239342169436,1159.072285775803,0.9769446206288427,0.7126370627291283,0.6193334023908919,0.035637623573073644,0.0560881519255945,0.09172577549866814,0.02727149588658166,0.0009315827238743081,0.685687014641764,0.1020838054693499,0.7877708201111139,0.0009260600524916046,400.67153452903534,35183.44923991357,398.2962465799364,313433.6749719573,2.1360886996272415,0.7114319847068276,0.0,0.02175843576186722,0.0,0.024662057342603565,0.0,0.004555143807733572,0.035637623573073644,0.0008173705569348461,0.0,0.00035531718347889886,0.0,0.003937626615390866,0.0,2.200657585529486e-06,0.0,0.0
S3d_O8,20,5.0,5.125,21600.0,38.75,21047.36920063683,1137.6814444129866,0.9780592278129697,0.7390423888027,0.6520342542373311,0.033771087339353315,0.054356699675708366,0.08812778701506169,0.02594353026512258,0.0009807703641961667,0.6564281664362084,0.09911714619168958,0.7555453126278979,0.0009749560953346493,421.39136703849437,37045.24385875682,418.89324638423477,329395.38517696277,2.189371221159965,0.7298684709451378,0.0,0.02131802452538752,0.0,0.023596899561553242,0.0,0.004495812727783009,0.033771087339353315,0.0007830589993597674,0.0,0.0003439561884270263,0.0,0.0038169543234486468,0.0,1.9933497491568442e-06,0.0,0.0
S3d_O8,21,5.25,5.375,21600.0,39.52254248593737,20046.340167521146,1117.5763313031746,0.9790584675796167,0.7634373037471879,0.6826789626589138,0.032096689034760824,0.05271772242373454,0.08481441145849536,0.024750777308342284,0.0010268652152626587,0.6311189947870006,0.09631472808680559,0.7274337228738063,0.0010207776838036813,443.1071664543172,38838.8704413192,440.48030873687173,344778.90833018615,2.2484098470293126,0.7501638870335927,0.0,0.02091799375756619,0.0,0.022577473786516093,0.0,0.004436520191666336,0.032096689034760824,0.0007498936676466905,0.0,0.00033347156383701636,0.0,0.0037005439156165216,0.0,1.8255408856986625e-06,0.0,0.0
S3d_O8,22,5.5,5.625,21600.0,40.219463130731185,19189.104378713284,1096.66798057387,0.9799185996398766,0.7837771116149006,0.7085421765182374,0.03068551666315538,0.05110172453623249,0.08178724119938788,0.023728513611467314,0.0010657678856534373,0.6061633590611076,0.09352340856198206,0.6996867676230897,0.001059449728766388,465.66546717381163,40569.998960792684,462.90487782026645,359588.6476045268,2.311913252199685,0.7719492879649957,0.0,0.0204776337534626,0.0,0.021606100945254263,0.0,0.004376432788570595,0.03068551666315538,0.0007199216317876462,0.0,0.0003235715608271505,0.0,0.003596422433224289,0.0,1.6414231059409976e-06,0.0,0.0
S3d_O8,23,5.75,5.875,21600.0,40.77254248593737,18514.869554886194,1075.7525491071378,0.9806000271243877,0.7988362482971733,0.7278710495576816,0.029601395133220767,0.04956754094236989,0.07916893607559065,0.02291941396493618,0.0010948417966131782,0.5832190207173469,0.09083938124235527,0.6740584019597021,0.0010883512818110177,488.8552681156568,42246.87307543636,485.95720342390496,373865.85204902105,2.3783896961784787,0.7947675455470399,0.0,0.020003576671818398,0.0,0.020723412810217244,0.0,0.004318136261208638,0.029601395133220767,0.0006948745363938323,0.0,0.0003148041972222392,0.0,0.003511281262051465,0.0,1.4552034580834212e-06,0.0,0.0
S3d_O8,24,6.0,6.125,21600.0,41.127641290737884,18110.265504333875,1061.573226604079,0.9810107721119476,0.808017462949973,0.7397298852634182,0.028949109960281216,0.048465066285078365,0.07741417624535958,0.02242049627390806,0.0011126795015166762,0.5700329019876578,0.08891040875827172,0.6589433107459295,0.0011060832400321447,512.4327605766107,43887.26651695116,509.39492220770376,387828.75054776296,2.4460629022713243,0.81796479271942,0.0,0.019672944551646438,0.0,0.020078528615868986,0.0,0.004272919334202561,0.028949109960281216,0.0006770194124510619,0.0,0.00030935477604572667,0.0,0.0034529459534037425,0.0,1.3536414598440427e-06,0.0,0.0
S3d_O8,25,6.25,6.375,21600.0,41.25,17977.232604179215,1055.3309577623522,0.9811474120680764,0.8110949791979928,0.7437174703023954,0.028733973232203357,0.04786469532018585,0.0765986685523892,0.022240481556205904,0.0011186775073047544,0.5658086231860588,0.08786364421851572,0.6536722674045745,0.0011120456880387506,536.1406514671966,45510.60556198076,532.9622663843905,401681.88578346383,2.5131732622788143,0.8409212719343632,0.0,0.01951289722207396,0.0,0.01970683304245843,0.0,0.004244570731199226,0.028733973232203357,0.0006671142585923552,0.0,0.0003074046746173286,0.0,0.0034245537776303654,0.0,1.3216136141760922e-06,0.0,0.0
S3d_O8,26,6.5,6.625,21600.0,41.127641290737884,18110.265504333875,1057.2824690978146,0.9810149814003123,0.808017462949973,0.7397298852634182,0.028949109960281216,0.04778234166360095,0.07673145162388217,0.022376039115377916,0.0011126795015166762,0.5700329019876578,0.0877258666805473,0.657758768668205,0.0011060832400321447,559.7182450936702,47136.53915947339,556.4000857339729,415619.74383761996,2.5780457342500034,0.8630562522437007,0.0,0.019524530913476862,0.0,0.01962103335982431,0.0,0.004234265070348118,0.028949109960281216,0.0006655136333339057,0.0,0.0003089076736510965,0.0,0.0034267373718406117,0.0,1.3536411260512266e-06,0.0,0.0
S3d_O8,27,6.75,6.875,21600.0,40.772542485937365,18510.963633255546,1067.9703803913305,0.9806114885330792,0.7988362482971731,0.7278710495576813,0.029596139542772196,0.04824470771009808,0.07784084725287027,0.022830626644946863,0.0010948417966131778,0.5830285811228961,0.08854458526039827,0.6715731663832945,0.0010883512818110172,582.9083170815879,48785.30234788895,579.4526807768503,429844.4748642935,2.6390994218208497,0.8838169006533332,0.0,0.019715674957388456,0.0,0.01983775797655306,0.0,0.004243457024368372,0.029596139542772196,0.0006725593083158351,0.0,0.00031388816774686405,0.0,0.0034599155522539323,0.0,1.4547234715576206e-06,0.0,0.0
S3d_O8,28,7.0,7.125,21600.0,40.219463130731185,19180.77959135728,1088.1304391376448,0.9799351234888083,0.7837771116149006,0.7085421765182374,0.03067426624258297,0.04928754556532592,0.07996181180790889,0.023607268173731263,0.0010657678856534373,0.605758847287485,0.09038499629933057,0.6961438435868156,0.001059449728766388,605.4669981897732,50477.82192714179,601.8776279938901,444579.4722162478,2.694884600479447,0.9026793297782727,0.0,0.020101108664400905,0.0,0.020377011144219286,0.0,0.004273197231947919,0.03067426624258297,0.0006884836656887071,0.0,0.00032231818636759967,0.0,0.003523786359561296,0.0,1.640313140203971e-06,0.0,0.0
S3d_O8,29,7.25,7.375,21600.0,39.522542485937365,20033.00102056204,1111.587951684981,0.9790773905410359,0.7634373037471877,0.6826789626589136,0.032078598080223016,0.05059676900242,0.08267536708264302,0.024610559831238648,0.0010268652152626582,0.6304745544458551,0.09265941584560554,0.7231339702914606,0.0010207776838036808,627.1832173223424,52226.24651271219,623.4651075750803,459872.36122216994,2.7444164983298758,0.9193767117055052,0.0,0.020508098588516856,0.0,0.02111647548649275,0.0,0.0043140207346132236,0.032078598080223016,0.000711838451737025,0.0,0.0003320526640057141,0.0,0.00361245943933909,0.0,1.8236377153453918e-06,0.0,0.0
S3d_O8,30,7.5,7.625,21600.0,38.75,21028.43609515346,1136.5118427655727,0.9780788896488104,0.7390423888027,0.6520342542373311,0.03374534067468345,0.05206378826323583,0.08580912893791928,0.025791651260716038,0.0009807703641961667,0.6555207304356737,0.09517099268664911,0.7506917231223228,0.0009749560953346493,647.9034663607129,54039.093419864155,644.0625214389954,475731.8529258027,2.7871239048868817,0.9337850412707117,0.0,0.020886749899986325,0.0,0.022007611257976387,0.0,0.004362860799555406,0.03374534067468345,0.0007415301990991953,0.0,0.00034254941513574673,0.0,0.003720496180703375,0.0,1.9905107793976583e-06,0.0,0.0
S3d_O8,31,7.75,7.875,21600.0,37.97745751406263,22141.123837793726,1165.250029889772,0.9769631219470434,0.7126370627291281,0.6193334023908916,0.03560336348618087,0.053783114542816264,0.08938647802899713,0.027115572737324095,0.0009315827238743077,0.6844931688978665,0.09811165666976347,0.78260482556763,0.0009260600524916043,667.5621008321054,55925.362940781444,663.6046142708365,492246.69568436994,2.8228465277481307,0.9458406878252308,0.0,0.021315027926584892,0.0,0.02307212522614666,0.0,0.0044215823765439985,0.03560336348618087,0.0007762812468129869,0.0,0.00035412415785111406,0.0,0.0038417769287070118,0.0,2.1966801696011355e-06,0.0,0.0
S3d_O8,32,8.0,8.125,21600.0,37.280536869268815,23258.048595072516,1196.1618342474553,0.9758423712986392,0.6870515445807625,0.58812289446444,0.037461882908196534,0.055638724731192635,0.09310060763938917,0.028450598460956728,0.000884636814166577,0.7147680067706622,0.10128914714971224,0.8160571539203745,0.0008793924506844318,686.2086482999522,57887.75572370982,682.1406200214017,509447.7076854225,2.8520874059589145,0.9557055441385247,0.0,0.02177389580851885,0.0,0.024233071293525397,0.0,0.0044860524450771565,0.037461882908196534,0.0008128739384742324,0.0,0.00036561919848295514,0.0,0.00396478514516972,0.0,2.4269019443169143e-06,0.0,0.0
S3d_O8,33,8.25,8.375,21600.0,36.72745751406263,24234.341983559905,1226.2958646385362,0.9748607508273961,0.6655438918795831,0.5622559937833744,0.03907878845187172,0.05743043405868191,0.09650922251055363,0.02962435970216368,0.0008457285981691386,0.7424198851440248,0.10436351513081502,0.8467834002748398,0.0008407148929909039,704.0171488100314,59919.94967106741,699.8435469805601,527278.4191552328,2.876057192647364,0.9637867784126337,0.0,0.02221697120036755,0.0,0.025362200924574065,0.0,0.00455038213563619,0.03907878845187172,0.0008469571116683262,0.0,0.00037567409662524686,0.0,0.00407559950011227,0.0,2.649089698262803e-06,0.0,0.0
S3d_O8,34,8.5,8.625,21600.0,36.372358709262116,24914.937878210923,1251.6751513867875,0.9741727662105983,0.6511747745022454,0.5451657636924687,0.04019945813072482,0.058896595722674056,0.09909605385339887,0.030451600758572915,0.0008200219867733009,0.7625281276847047,0.10688524654330969,0.8694133742280143,0.000815160677258343,721.2721594937341,62005.141892170475,716.9962653489707,545572.7299210803,2.8965785899586782,0.9707123754445349,0.0,0.02257745760299862,0.0,0.02629373960855118,0.0,0.004606433715035761,0.04019945813072482,0.0008736710928808907,0.0,0.00038286318943799236,0.0,0.004159614517183814,0.0,2.815996585802833e-06,0.0,0.0
S3d_O8,35,8.75,8.875,21600.0,36.25,25181.185097969,1268.6334556782676,0.9738969141650842,0.6461225723909806,0.539193661275189,0.04063079668826575,0.05979643068271226,0.100427227370978,0.03078930954873335,0.0008110389294803012,0.770928853974582,0.10843966490695806,0.8793685188815401,0.0008062308739299885,738.3333150046083,64117.74645580109,733.9562777698314,564071.2785192576,2.915837655205323,0.9772444127398311,0.0,0.022793699586009998,0.0,0.0268724846085762,0.0,0.00464690557404497,0.04063079668826575,0.0008888886884679759,0.0,0.00038614170179375766,0.0,0.004205428029777789,0.0,2.8824940415731294e-06,0.0,0.0
S3d_O8,36,9.0,9.125,21600.0,36.372358709262116,24985.79403898196,1274.9586103401618,0.974081062273396,0.6511747745022454,0.5451657636924687,0.04029679210177399,0.05998475334933094,0.10028154545110493,0.030578735583981068,0.0008200219867733009,0.7658488905344736,0.10877651152006884,0.8746254020545424,0.000815160677258343,755.5867013846237,66227.68530910078,751.1073814638613,582473.5289989086,2.936057234511477,0.9841559746939397,0.0,0.02283019727075165,0.0,0.027002571066112036,0.0,0.00466683814112619,0.04029679210177399,0.0008902944410434635,0.0,0.0003850581918952947,0.0,0.004206965394617285,0.0,2.828843785024954e-06,0.0,0.0
S3d_O8,37,9.25,9.375,21600.0,36.727457514062635,24368.439678407456,1270.6443868254426,0.9746868061346233,0.6655438918795834,0.5622559937833749,0.03926258363177678,0.05946092400471922,0.09872350763649601,0.02986430139191007,0.0008457285981691392,0.7487336006455969,0.10789499666184248,0.8566285973074393,0.0008407148929909045,773.3920243186774,68306.13451663105,768.8071496845142,600508.332176457,2.9591694485348046,0.9921055853749802,0.0,0.022690894901779304,0.0,0.02667990240607026,0.0,0.0046648948332140925,0.03926258363177678,0.0008780072615756186,0.0,0.00037986343608919723,0.0,0.004164688480612345,0.0,2.6726853784136616e-06,0.0,0.0
S3d_O8,38,9.5,9.625,21600.0,37.28053686926882,23442.475342973434,1257.7376932682473,0.9756023410565982,0.6870515445807628,0.5881228944644403,0.037713853931076,0.05836058168569431,0.09607443561677032,0.028778694704845485,0.0008846368141665774,0.7235133398768805,0.10602893051726638,0.8295422703941469,0.0008793924506844323,792.0339852514098,70330.71211358476,787.3385960901712,617989.2852060988,2.9865604506281236,1.0015463875557193,0.0,0.022415389099192204,0.0,0.025987935170251622,0.0,0.004643404483319032,0.037713853931076,0.0008544639054639433,0.0,0.0003714416875921536,0.0,0.004085489391303128,0.0,2.4579485722189964e-06,0.0,0.0
S3d_O8,39,9.75,9.875,21600.0,37.977457514062635,22359.022485104986,1239.4389302194077,0.9766778048554315,0.7126370627291283,0.6193334023908919,0.03589999606998997,0.05689874694483754,0.09279874301482752,0.027500713632713607,0.0009315827238743081,0.6949178731389245,0.10354737772250407,0.7984652508614286,0.0009260600524916046,811.6868785189776,72288.41672219976,806.8749817535783,634833.9002369359,3.0189378257834574,1.0126892381114885,0.0,0.022061161304637533,0.0,0.025062006759036335,0.0,0.004607414759962281,0.03589999606998997,0.0008236187062837239,0.0,0.00036108599335206925,0.0,0.003981227905910851,0.0,2.2315156547541735e-06,0.0,0.0
S3d_O8,40,10.0,10.125,21600.0,38.75,21265.67196429645,1219.0194444615806,0.9777662053019329,0.7390423888027,0.6520342542373311,0.034067186728235825,0.05529939137735307,0.0893665781055889,0.02620606399256743,0.0009807703641961667,0.6669780157801417,0.10083276105148255,0.7678107768316242,0.0009749560953346493,832.4005034520675,74175.81651323037,827.4658107816794,651049.8719174318,3.0563364887703663,1.0255171550963458,0.0,0.021684262152290218,0.0,0.024044427102165755,0.0,0.004562790576756273,0.034067186728235825,0.0007898383282920057,0.0,0.00035017472925671564,0.0,0.003865871991362524,0.0,2.0264972295825706e-06,0.0,0.0
S3d_O8,41,10.25,10.375,21600.0,39.52254248593737,20277.15081747387,1199.0988654700013,0.9787527228805916,0.7634373037471879,0.6826789626589138,0.032408867761132415,0.05374597547880369,0.08615484323993611,0.025031709958862305,0.0010268652152626587,0.6423687853437535,0.09819629481520034,0.7405650801589538,0.0010207776838036813,854.1095213622128,75997.22112129584,849.046131831217,666706.2018328304,3.0982375065011656,1.0398340634828878,0.0,0.021327038584831034,0.0,0.02305284517805438,0.0,0.0045148263950670255,0.032408867761132415,0.0007569575033676688,0.0,0.0003398933253488879,0.0,0.0037525555632233537,0.0,1.8589289113341054e-06,0.0,0.0
S3d_O8,42,10.5,10.625,21600.0,40.219463130731185,19419.379605896578,1177.4610036710658,0.9796138254809091,0.7837771116149006,0.7085421765182374,0.030995867127235757,0.052164566977146304,0.08316043410438206,0.024012003992027634,0.0010657678856534373,0.6174528195048815,0.09547578260021784,0.7129286021050993,0.001059449728766388,876.6608060018696,77756.8675184994,871.4637264279706,681791.5276812138,3.1438528628877895,1.0554156137037651,0.0,0.020905727629799573,0.0,0.02208904725022463,0.0,0.00446203502150576,0.030995867127235757,0.0007269863063747106,0.0,0.00032997442481430523,0.0,0.003649123797688729,0.0,1.6725467385904027e-06,0.0,0.0
S3d_O8,43,10.75,10.875,21600.0,40.77254248593737,18738.53355220277,1155.243432782175,0.9803027984952956,0.7988362482971733,0.7278710495576816,0.029901539556495164,0.05063229605442447,0.08053383561091963,0.02319701771266267,0.0010948417966131782,0.5942197267648794,0.09280091206320332,0.6870206388280827,0.0010883512818110177,899.8435779078671,79462.134478035,894.5090646657648,696338.8739863453,3.192176588414928,1.0719497454535718,0.0,0.020434939302745384,0.0,0.021201703674934753,0.0,0.004408088199838573,0.029901539556495164,0.0007017783226489021,0.0,0.0003210973213950147,0.0,0.003563206206165586,0.0,1.4830266962699823e-06,0.0,0.0
S3d_O8,44,11.0,11.125,21600.0,41.127641290737884,18320.196005656682,1139.0740168736036,0.9807288394387307,0.808017462949973,0.7397298852634182,0.02923013179679942,0.0494955199363757,0.07872565173317513,0.02268320540380295,0.0011126795015166762,0.5803765638632916,0.09081237738103527,0.6711889412443269,0.0011060832400321447,923.414294433565,81129.83844649504,917.9400476838629,710557.1679763835,3.241949813613169,1.0889672156640646,0.0,0.02009045939841741,0.0,0.020538911377937813,0.0,0.004363339158073154,0.02923013179679942,0.0006835937620897434,0.0,0.0003153254426758127,0.0,0.0035025123226374586,0.0,1.3784745443098125e-06,0.0,0.0
S3d_O8,45,11.25,11.375,21600.0,41.25,18163.628532736875,1129.9501539613339,0.9808913511732478,0.8110949791979928,0.7437174703023954,0.028983334796210826,0.04881577860057218,0.077799113396783,0.022476202758906254,0.0011186775073047544,0.5749926795498994,0.08962066330076615,0.6646133428506655,0.0011120456880387506,947.1159980135783,82778.18795962782,941.5012412300078,724638.4991417171,3.291889243305178,1.1060129065919084,0.0,0.01989535683715728,0.0,0.020132743244483296,0.0,0.004330690302331207,0.028983334796210826,0.0006731291033858799,0.0,0.0003127741278564563,0.0,0.003469741709348556,0.0,1.3432760094983015e-06,0.0,0.0
S3d_O8,46,11.5,11.625,21600.0,41.127641290737884,18267.535323285712,1128.3771545816319,0.9807909779784295,0.808017462949973,0.7397298852634182,0.029159770810072774,0.04862122826149554,0.07778099907156832,0.022577290605094526,0.0011126795015166762,0.5777657985601782,0.0892755147549528,0.667041313315131,0.0011060832400321447,970.6882079693107,84425.98504601474,964.9337088246881,738769.8261457457,3.340732372758844,1.1226461819664402,0.0,0.019856686917859155,0.0,0.0200003864914119,0.0,0.004312324704711527,0.029159770810072774,0.0006708109051821272,0.0,0.0003135028258627768,0.0,0.003466144230773078,0.0,1.3721856949835392e-06,0.0,0.0
S3d_O8,47,11.75,11.875,21600.0,40.772542485937365,18631.00662354959,1134.8011729024395,0.9804282550760527,0.7988362482971731,0.7278710495576813,0.029757442354955557,0.04893390909567125,0.0786913514506268,0.022987351229367174,0.0010948417966131778,0.5889073904796938,0.08981611850786358,0.6787235089875574,0.0010883512818110172,993.873946745647,86092.45149288874,987.9819963444205,753143.3237866142,3.3872618355554347,1.1384401800962172,0.0,0.0199806829198087,0.0,0.02015605274883851,0.0,0.00430941211786345,0.029757442354955557,0.000676928297673234,0.0,0.00031750341790171547,0.0,0.003491860037472666,0.0,1.469556112970201e-06,0.0,0.0
S3d_O8,48,12.0,12.125,21600.0,40.219463130731185,19256.96594892879,1150.100653288992,0.9797997483633332,0.7837771116149006,0.7085421765182374,0.030777147244419198,0.0497958312695449,0.0805729785139641,0.023711151777439664,0.0010657678856534373,0.6094701179234122,0.09132000095279573,0.7007901188762079,0.001059449728766388,1016.4295114390693,87797.67178886264,1010.403845621637,767974.6178006313,3.430328932455858,1.1529794247354386,0.0,0.020285782647331784,0.0,0.020621183782867394,0.0,0.004323819040536395,0.030777147244419198,0.0006917304467745878,0.0,0.00032481674490150833,0.0,0.0035468481027995332,0.0,1.6505043336972143e-06,0.0,0.0
S3d_O8,49,12.25,12.375,21600.0,39.522542485937365,20058.08097888152,1168.1595807902117,0.9789974505815434,0.7634373037471877,0.6826789626589136,0.03211260782786285,0.050894852959145705,0.08300746078700855,0.024652727632344554,0.0010268652152626582,0.631686723357534,0.09320388327541804,0.724890606632952,0.0010207776838036808,1038.1439574802623,89552.9761866408,1031.9895626228106,783303.4046068654,3.469105988438536,1.1660315400336578,0.0,0.02060090267506119,0.0,0.021273104512133576,0.0,0.0043466741027986065,0.03211260782786285,0.0007137461298061458,0.0,0.00033333868588707476,0.0,0.003625259636646538,0.0,1.827216812575803e-06,0.0,0.0
S3d_O8,50,12.5,12.625,21600.0,38.75,20997.18830922925,1187.326809562023,0.9780597515895089,0.7390423888027,0.6520342542373311,0.03370282446813855,0.052130469494271706,0.08583329396241025,0.025765970110435632,0.0009807703641961667,0.654025644377943,0.09528669462841212,0.7493123390063551,0.0009749560953346493,1058.8638010857387,91366.29813433405,1052.5865734573463,799133.444994138,3.503056056195762,1.1774654496242538,0.0,0.02088094812546755,0.0,0.022065209034509273,0.0,0.004375784600367674,0.03370282446813855,0.0007419205846051566,0.0,0.0003425577507185212,0.0,0.0037220635591470714,0.0,1.985839456455729e-06,0.0,0.0
S3d_O8,51,12.75,12.875,21600.0,37.97745751406263,22050.588854631726,1210.1537594699817,0.9770077030161383,0.7126370627291281,0.6193334023908916,0.03547971463433174,0.05360678448588047,0.08908649912021221,0.027018804572111345,0.0009315827238743077,0.680205984885916,0.09777873085809488,0.7779847157440108,0.0009260600524916043,1078.523332625733,93246.32316523811,1072.1295580397266,815551.5414925296,3.531943007230489,1.1871936444536528,0.0,0.02120897860688523,0.0,0.02302215288763418,0.0,0.004413976892272237,0.03547971463433174,0.0007750269212910778,0.0,0.00035283501882624803,0.0,0.003831631730058213,0.0,2.182428913299132e-06,0.0,0.0
S3d_O8,52,13.0,13.125,21600.0,37.280536869268815,23108.192347078122,1235.220394904703,0.9759504983665885,0.6870515445807625,0.58812289446444,0.03725644565970564,0.05521889306639915,0.09247533872610479,0.028282897429798826,0.000884636814166577,0.7077370859271704,0.1005084574765468,0.8082455434037172,0.0008793924506844318,1097.1719462023739,95195.7523882315,1090.6676176506408,832589.7865356981,3.556034036567266,1.1952998897019942,0.0,0.021570870457687154,0.0,0.024071466504505337,0.0,0.0044581327228482735,0.03725644565970564,0.0008099173081480514,0.0,0.0003630783769470724,0.0,0.0039430256313264,0.0,2.4020649368640347e-06,0.0,0.0
S3d_O8,53,13.25,13.375,21600.0,36.72745751406263,24027.607796921515,1259.7229039116019,0.9750297158041965,0.6655438918795831,0.5622559937833744,0.03879448097514973,0.056775032403494435,0.09556951337864417,0.029388640027525996,0.0008457285981691386,0.7327871537138656,0.10315106686767077,0.8359382205815363,0.0008407148929909039,1114.9835333203332,97208.5076823646,1108.3736129194426,850195.1820175973,3.5761548478860323,1.2020619720626209,0.0,0.02192303285919961,0.0,0.025089349252540787,0.0,0.004502994185482982,0.03879448097514973,0.0008423098076997971,0.0,0.00037196762159538916,0.0,0.004042765425327041,0.0,2.6132516488323877e-06,0.0,0.0
S3d_O8,54,13.5,13.625,21600.0,36.372358709262116,24661.84004384346,1280.101938674916,0.9743916592145585,0.6511747745022454,0.5451657636924687,0.03985068911469444,0.05803643712842268,0.09788712624311713,0.030159709316126236,0.0008200219867733009,0.7507802599568785,0.1052982718675673,0.8560785318244457,0.000815160677258343,1132.2424211408775,99268.72430844935,1125.5301854399913,868212.9468881128,3.5936286908321833,1.2079362591721239,0.0,0.022206852482592642,0.0,0.02592173256547341,0.0,0.0045419318742043,0.03985068911469444,0.000867539801333507,0.0,0.00037821001293212886,0.0,0.00411739966556139,0.0,2.7707263252942716e-06,0.0,0.0
S3d_O8,55,13.75,13.875,21600.0,36.25,24898.420548911163,1293.0304890088091,0.9741485699998179,0.6461225723909806,0.539193661275189,0.04024099451282102,0.05878193309546536,0.09902292760828638,0.03046012729745252,0.0008110389294803012,0.7578077239312205,0.10657026667382898,0.8643779906050495,0.0008062308739299885,1149.3079852696137,101352.3260443084,1142.494580343249,886400.8506914369,3.6101027595145423,1.2134980044562864,0.0,0.022366966180616836,0.0,0.02642440115669812,0.0,0.004568770933154865,0.04024099451282102,0.000881656976741294,0.0,0.0003808476818882812,0.0,0.00415645888646223,0.0,2.8312799037318262e-06,0.0,0.0
S3d_O8,56,14.0,14.125,21600.0,36.372358709262116,24693.890972656634,1296.5495317021443,0.974344403805311,0.6511747745022454,0.5451657636924687,0.03989494955604111,0.05888096520759626,0.09877591476363737,0.030235606083986143,0.0008200219867733009,0.7522582937897128,0.10674280823502702,0.8590011020247398,0.000815160677258343,1166.566036079907,103431.14805557152,1159.6503208155675,904479.2496904376,3.627301499393884,1.2193482197798362,0.0,0.022372392017759975,0.0,0.026509882718504123,0.0,0.004579441375131693,0.03989494955604111,0.0008824747518918637,0.0,0.0003794838653847886,0.0,0.004154514071897894,0.0,2.776407025921576e-06,0.0,0.0
S3d_O8,57,14.25,14.375,21600.0,36.72745751406263,24087.8903929355,1290.7624003258402,0.9749406781159855,0.6655438918795831,0.5622559937833744,0.03887750312690466,0.05833869763831117,0.09721620076521584,0.02953074223167341,0.0008457285981691386,0.7355836030944927,0.10582564322719214,0.8414092463216848,0.0008407148929909039,1184.3759966807309,105478.39667544614,1177.3546992096624,922198.2502759672,3.6467654978830732,1.226013280539869,0.0,0.02222889825848738,0.0,0.026177300319901196,0.0,0.004573131620655832,0.03887750312690466,0.0008701478398860272,0.0,0.0003743772511179477,0.0,0.004112218711832479,0.0,2.623636430300433e-06,0.0,0.0
S3d_O8,58,14.5,14.625,21600.0,37.280536869268815,23190.22492079944,1277.6708468789668,0.9758290166569851,0.6870515445807625,0.58812289446444,0.037368981104821446,0.05728705171687831,0.09465603282169976,0.028474497274267815,0.000884636814166577,0.7115776798084611,0.10404641761013807,0.8156240974185992,0.0008793924506844318,1203.0222889660124,107473.54770951363,1195.8904512904528,939389.898952395,3.669635100241033,1.233867301531492,0.0,0.02197506079167571,0.0,0.025507676864289133,0.0,0.0045522824411801215,0.037368981104821446,0.0008470541624183563,0.0,0.00036637448501131235,0.0,0.004036187352904678,0.0,2.4156193990100598e-06,0.0,0.0
S3d_O8,59,14.75,14.875,21600.0,37.97745751406263,22146.813508780953,1260.3150481605117,0.9768646932899328,0.7126370627291281,0.6193334023908916,0.035611126357068215,0.05593051506798716,0.09154164142505537,0.027240123202167187,0.0009315827238743077,0.6847634493206658,0.10175593794506751,0.7865193872657333,0.0009260600524916043,1222.6789428375766,109405.10173495082,1215.4305752639907,955985.6761845662,3.696524982151011,1.243095415068137,0.0,0.021665194709482555,0.0,0.024630035688599904,0.0,0.004521672215943448,0.035611126357068215,0.0008170341309343164,0.0,0.00035670136405095937,0.0,0.003937679377823925,0.0,2.197581152051186e-06,0.0,0.0
S3d_O8,60,15.0,15.125,21600.0,38.75,21100.23933487751,1241.752336170574,0.9779057422386765,0.7390423888027,0.6520342542373311,0.03384292813088877,0.05447975222726722,0.08832268035815599,0.025997981457478263,0.0009807703641961667,0.6589684402952772,0.09931322708400668,0.7582816673792839,0.0009749560953346493,1243.3955238104195,111270.7208708613,1236.024342807651,972002.6809146799,3.7275102706203183,1.2536990380630955,0.0,0.021351079031058,0.0,0.0236791071279688,0.0,0.004486631419512,0.03384292813088877,0.00078433117240512,0.0,0.00034665932606493604,0.0,0.0038299428446158805,0.0,2.0013056424864e-06,0.0,0.0
S3d_O8,61,15.25,15.375,21600.0,39.52254248593737,20167.57963204482,1224.7720257646376,0.9788348417458933,0.7634373037471879,0.6826789626589138,0.03226087077996222,0.05312440532799594,0.08538527610795815,0.024887865399695334,0.0010268652152626587,0.637004669701438,0.09704191322373527,0.7340465829251732,0.0010207776838036813,1265.1063631407008,113076.00746855505,1257.6064744794592,987522.5049246441,3.7621993772147353,1.2655265584327777,0.0,0.021079187325518892,0.0,0.022773401724828092,0.0,0.004453271710106143,0.03226087077996222,0.0007528067347385403,0.0,0.00033749344211880946,0.0,0.003726401424117086,0.0,1.842966568377318e-06,0.0,0.0
S3d_O8,62,15.5,15.625,21600.0,40.219463130731185,19367.048971988777,1206.7004501884433,0.979636446188492,0.7837771116149006,0.7085421765182374,0.030925483863807782,0.05176708466686066,0.08269256853066845,0.02393586538542502,0.0010657678856534373,0.6148700082295029,0.09473668017479246,0.7096066884042953,0.001059449728766388,1287.6581685223093,114825.79439412523,1280.024586731067,1002537.8869321154,3.799976036749055,1.2784033930482464,0.0,0.020755937229339536,0.0,0.021904368619061004,0.0,0.004418335294957987,0.030925483863807782,0.0007243067412500968,0.0,0.0003287616748411211,0.0,0.003633709710140103,0.0,1.665397270813851e-06,0.0,0.0
S3d_O8,63,15.75,15.875,21600.0,40.77254248593737,18736.504535216012,1188.0266682243168,0.9802726505124694,0.7988362482971733,0.7278710495576816,0.029898823863351884,0.05045287144792636,0.08035169531127824,0.023182083612294586,0.0010948417966131782,0.5941190685497016,0.09246741353851083,0.6865864820882125,0.0010883512818110177,1310.8402274712384,116527.15229178191,1303.069216238393,1017075.5930651325,3.8400439419426764,1.2920843576423522,0.0,0.020380852056358725,0.0,0.021108107405845407,0.0,0.004383019638061541,0.029898823863351884,0.0007004819640512185,0.0,0.00032098368289629106,0.0,0.0035579439298416148,0.0,1.4827708715662548e-06,0.0,0.0
S3d_O8,64,16.0,16.125,21600.0,41.127641290737884,18365.243414087006,1175.4259846879872,0.9806490119719323,0.808017462949973,0.7397298852634182,0.029290249756494635,0.049530452690989,0.07882070244748363,0.022726293586096145,0.0011126795015166762,0.5826186425022208,0.09087870336232264,0.6734973458645435,0.0011060832400321447,1334.4090254333994,118196.73388170797,1326.4982920667117,1031341.6264117486,3.8813806172330674,1.3061871944344692,0.0,0.020130327961095672,0.0,0.020534104271912792,0.0,0.004357691873377308,0.029290249756494635,0.0006836307068765039,0.0,0.00031629692400813783,0.0,0.0035070170677635355,0.0,1.3838859550446047e-06,0.0,0.0
S3d_O8,65,16.25,16.375,21600.0,41.25,18252.179822928203,1169.761556823364,0.9807654493985367,0.8110949791979928,0.7437174703023954,0.029101406813532082,0.0490559533563127,0.07815736016984479,0.022573474541545707,0.0011186775073047544,0.5794037833766283,0.09007027155789893,0.6694740549345273,0.0011120456880387506,1358.107686794169,119852.46111267684,1350.0564614287018,1045524.1220944767,3.9229315384887595,1.3203373325262235,0.0,0.020024576338071576,0.0,0.020213017027883272,0.0,0.00434433737270595,0.029101406813532082,0.0006744360292423883,0.0,0.0003147691438181606,0.0,0.00348346370513395,0.0,1.3537394573975805e-06,0.0,0.0
S3d_O8,66,16.5,16.625,21600.0,41.127641290737884,18395.676283553054,1171.399225104168,0.980623117188258,0.808017462949973,0.7397298852634182,0.02933082691402788,0.049052056840948065,0.07838288375497594,0.022724208265482198,0.0011126795015166762,0.584137960080736,0.09008096693059386,0.6742189270113299,0.0011060832400321447,1381.6758624042782,121512.72497720024,1373.484918594438,1059805.0628773372,3.963649929449759,1.334169168052636,0.0,0.020067659744774955,0.0,0.020160666108985655,0.0,0.004344246335975039,0.02933082691402788,0.0006733126981490175,0.0,0.00031641589619794285,0.0,0.0034883684985391283,0.0,1.3875583263277358e-06,0.0,0.0
S3d_O8,67,16.75,16.875,21600.0,40.77254248593737,18796.930508436206,1180.8207602700952,0.9802204817262561,0.7988362482971733,0.7278710495576816,0.02997964354066183,0.04954367917379442,0.07952332271445625,0.023181489467239844,0.0010948417966131782,0.5971237134216675,0.09095472848663698,0.6880784419083045,0.0010883512818110177,1404.8566876353466,123196.4533947124,1396.5283216977125,1074373.584244062,4.0025145605221315,1.3473241265868794,0.0,0.020266754350409835,0.0,0.020393078913228387,0.0,0.004358415297733707,0.02997964354066183,0.000680590283041172,0.0,0.00032124594514835753,0.0,0.003522103968665357,0.0,1.4904155676043159e-06,0.0,0.0
S3d_O8,68,17.0,17.125,21600.0,40.219463130731185,19456.557354456898,1198.6953636494634,0.9795566058429852,0.7837771116149006,0.7085421765182374,0.031045818323922794,0.05056375381491393,0.08160957213883673,0.023947439576106025,0.0010657678856534373,0.6192940645593505,0.0927516756526033,0.7120457402119539,0.001059449728766388,1427.4066550453888,124923.18321726653,1418.9446068737407,1089439.3489873807,4.0385568076419185,1.3594521097343502,0.0,0.020635866670931504,0.0,0.02092868739178754,0.0,0.0043876000265709,0.031045818323922794,0.0006964746288235783,0.0,0.00032922448605968434,0.0,0.0035842229578710774,0.0,1.6776528696433089e-06,0.0,0.0
S3d_O8,69,17.25,17.375,21600.0,39.52254248593737,20283.136042424332,1218.6267611797887,0.9787277521628179,0.7634373037471879,0.6826789626589138,0.032416941441850505,0.05178654046308235,0.08420348190493285,0.024920808494657866,0.0010268652152626587,0.6426630476514195,0.0948631051635914,0.7375261528150109,0.0010207776838036813,1449.1151190978062,126703.28856395904,1440.524377348967,1105031.0349634287,4.071073507339931,1.3703559011724942,0.0,0.020997204739801188,0.0,0.02163970583420485,0.0,0.004421973884894284,0.032416941441850505,0.0007193914518578589,0.0,0.0003382303753453375,0.0,0.003668174371086068,0.0,1.859805892762116e-06,0.0,0.0
S3d_O8,70,17.5,17.625,21600.0,38.75,21236.964155282025,1238.770973422713,0.9777749624891101,0.7390423888027,0.6520342542373311,0.034028328876498905,0.05310163841745731,0.08712996729395622,0.026052389598030547,0.0009807703641961667,0.6655813728472413,0.09708979174642886,0.7626711645936701,0.0009749560953346493,1469.8289295487527,128543.46817481359,1461.1153907951252,1121138.603581434,4.099602831365092,1.3799230278868688,0.0,0.021301561423642826,0.0,0.022475064877829548,0.0,0.004458637452183175,0.034028328876498905,0.0007482095586591217,0.0,0.00034771999710166076,0.0,0.0037684230159279863,0.0,2.02209211299815e-06,0.0,0.0
S3d_O8,71,17.75,17.875,21600.0,37.977457514062635,22293.68853133161,1261.618672491142,0.9767199535254311,0.7126370627291283,0.6193334023908919,0.03581119808512381,0.05460937683126693,0.09042057491639074,0.027309797680381644,0.0009315827238743081,0.6917760993731092,0.09963569478221823,0.7914117941553275,0.0009260600524916046,1489.482670939733,130451.08469698332,1480.6526195540425,1137835.1377028625,4.123933063898683,1.3880768420222545,0.0,0.02163190155662669,0.0,0.02345638919222459,0.0,0.004500038307122032,0.03581119808512381,0.0007816714038912957,0.0,0.00035800761242157084,0.0,0.003879147769409245,0.0,2.220989571506777e-06,0.0,0.0
S3d_O8,72,18.0,18.125,21600.0,37.280536869268815,23340.75812052444,1285.6587684840301,0.9756743394071676,0.6870515445807625,0.58812289446444,0.03757500126965976,0.05619893853326664,0.09377393980292639,0.02856221248007272,0.000884636814166577,0.718677184260334,0.1023193848994737,0.8209965691598077,0.0008793924506844318,1508.1260076281212,132427.3297552332,1499.185433559508,1155137.2838647063,4.144277408303252,1.3948854784647162,0.0,0.02197333841294601,0.0,0.02450675522017523,0.0,0.0045427956118239176,0.03757500126965976,0.0008165573643808602,0.0,0.00036797062239116667,0.0,0.003989080542822173,0.0,2.4407587272846034e-06,0.0,0.0
S3d_O8,73,18.25,18.375,21600.0,36.727457514062635,24233.84656274973,1308.0361006958944,0.9747815516631076,0.6655438918795834,0.5622559937833749,0.039078108518679086,0.057674378069565865,0.09675248658824495,0.02963800531815491,0.0008457285981691392,0.7423966561221504,0.10480948186069507,0.8472061379828455,0.0008407148929909045,1525.9330613486395,134464.48059771425,1516.8869223060608,1172975.447601953,4.161325553821128,1.4005826633778857,0.0,0.022282377082023335,0.0,0.025498423402198843,0.0,0.004581614524774244,0.039078108518679086,0.0008485191828694514,0.0,0.000376276131899897,0.0,0.0040845187427234085,0.0,2.649003076689442e-06,0.0,0.0
S3d_O8,74,18.5,18.625,21600.0,36.372358709262116,24825.842626787093,1325.2219757457121,0.9741879131825578,0.6511747745022454,0.5451657636924687,0.040076879321531464,0.0587973618020048,0.09887424112353627,0.030360723075982615,0.0008200219867733009,0.758372573341962,0.10669934699324801,0.86507192033521,0.000815160677258343,1543.188340322703,136545.03775527142,1534.0399073743354,1191178.6879525555,4.176196954858303,1.4055561522337694,0.0,0.022502020678815595,0.0,0.026275857839259106,0.0,0.004610115529526908,0.040076879321531464,0.0008728654365589395,0.0,0.00038164987918702886,0.0,0.004152052487272154,0.0,2.7999513850667437e-06,0.0,0.0
S3d_O8,75,18.75,18.875,21600.0,36.25,25008.19036837734,1334.1007221323775,0.9740016404599973,0.6461225723909806,0.539193661275189,0.04039256770345036,0.05935748247782118,0.09975005018127153,0.030598672536099793,0.0008110389294803012,0.7628755616758307,0.10762918663714564,0.8705047483129763,0.0008062308739299885,1560.2513304749828,138643.62274554197,1551.0017435603572,1209492.7458948726,4.190295134261666,1.4102972272237426,0.0,0.022581903907856173,0.0,0.026699060752438265,0.0,0.004622946055654851,0.04039256770345036,0.0008857153578751421,0.0,0.0003832123194733214,0.0,0.004181793064552311,0.0,2.851019971109933e-06,0.0,0.0
S3d_O8,76,19.0,19.125,21600.0,36.372358709262116,24741.338866291313,1332.8891162809086,0.9742627693648245,0.6511747745022454,0.5451657636924687,0.039960422179563325,0.05923460761204648,0.0991950297916098,0.03030190406843697,0.0008200219867733009,0.7544514408518191,0.10739338116538355,0.8618448220172027,0.000815160677258343,1577.5079353372969,140731.0904732732,1568.1560466566625,1227629.4736729949,4.205101917722532,1.4153231933355264,0.0,0.022494697590055623,0.0,0.026686058775189973,0.0,0.0046166071582138014,0.039960422179563325,0.000884973977022961,0.0,0.0003806222646958286,0.0,0.004168863003181822,0.0,2.784843686458385e-06,0.0,0.0
S3d_O8,77,19.25,19.375,21600.0,36.72745751406263,24071.966596190137,1322.0170273658296,0.9749257315804737,0.6655438918795831,0.5622559937833744,0.03885558217871543,0.05845275787933923,0.09730834005805467,0.029522812825642505,0.0008457285981691386,0.7348439327182207,0.10603534146341742,0.8408792741816381,0.0008407148929909039,1595.3176228987302,142780.24801306476,1585.8601536300173,1245337.0422505266,4.221950106975225,1.421089511210782,0.0,0.022252615080930998,0.0,0.026246064368988728,0.0,0.004591358427129056,0.03885558217871543,0.0008709676464607972,0.0,0.0003742446582894964,0.0,0.004114886809267394,0.0,2.6208882727569226e-06,0.0,0.0
S3d_O8,78,19.5,19.625,21600.0,37.280536869268815,23116.166514145872,1303.8298895780674,0.9758757593656753,0.6870515445807625,0.58812289446444,0.037267393132531766,0.05716353390867863,0.0944309270412104,0.028397405011538892,0.000884636814166577,0.7081095592631543,0.10381792092345368,0.811927480186608,0.0008793924506844318,1613.9648083509433,144770.74962995798,1604.3967935828068,1262451.593730109,4.241833809539057,1.4279217799628128,0.0,0.02190096701286993,0.0,0.025470592522714743,0.0,0.00455082079147623,0.037267393132531766,0.000846244645522359,0.0,0.00036502854594903505,0.0,0.004027477011114001,0.0,2.4033790323315697e-06,0.0,0.0
S3d_O8,79,19.75,19.875,21600.0,37.97745751406263,22028.52426110296,1281.9387111734118,0.9769591270508221,0.7126370627291281,0.6193334023908916,0.03544954419625232,0.05560146436486834,0.09105100856112067,0.027108726239099042,0.0009315827238743077,0.6791649731375016,0.10114679222218703,0.7803117653596886,0.0009260600524916043,1633.6233624362876,146692.13688892292,1623.9388065051496,1278917.980074156,4.26528954440415,1.4359797431995172,0.0,0.021505966797917157,0.0,0.024502688498921045,0.0,0.004501972420138552,0.03544954419625232,0.0008148689945007456,0.0,0.00035437523196377467,0.0,0.003919413445313078,0.0,2.1789761139798345e-06,0.0,0.0
S3d_O8,80,20.0,20.0,10800.0,38.75,20947.878889393585,1262.104030554734,0.9780348428754222,0.7390423888027,0.6520342542373311,0.03363567483994195,0.05417086127708048,0.08780653611702242,0.025835798926905594,0.0009807703641961667,0.651672847567687,0.0987109547932943,0.7503838023609812,0.0009749560953346493,1643.983020397957,147619.6176878731,1634.2370496454691,1286844.1163199306,4.278832536749327,1.4406287631572245,0.0,0.0211606993851499,0.0,0.023608783642344162,0.0,0.004456923588749252,0.03363567483994195,0.0007838078044202177,0.0,0.0003436303215168589,0.0,0.0038150377177841944,0.0,1.978817115898165e-06,0.0,0.0
