family,isotope,day15_activity_Bq,selected_W2_cps,weight_sq_sum,selected_rows,path_count,selected_W2_per_Bq_cps_Bq,selected_Neff
n,Cu-62,10.748182413915483,0.0083573319275184,1.1640832824453068e-05,6,30,0.0007775576935406594,6.0
n,Cu-64,23.044641558932817,0.006964443272932,9.700694020377557e-06,5,31,0.0003022153004689442,5.0
p,V-46,0.2994278069351976,0.0030501541472939,9.303440322254179e-06,1,6,0.010186609515374825,1.0
p,Zr-85,0.0998092689783992,0.0030501541472939,9.303440322254179e-06,1,2,0.030559828546124476,1.0
p,Cu-62,21.40908819586667,0.0030501541472939,9.303440322254179e-06,1,29,0.0001424700631520952,1.0
p,Cu-61,6.537507118085158,0.0030501541472939,9.303440322254179e-06,1,21,0.0004665622678797622,1.0
p,Cu-64,41.17132333288347,0.0030501541472939,9.303440322254179e-06,1,32,7.408443305629059e-05,1.0
p,Y-85,0.14971390346759889,0.0030501541472939,9.303440322254179e-06,1,2,0.02037321903074964,1.0
p,Fe-53,1.896376110589586,0.0030501541472939,9.303440322254179e-06,1,25,0.0016084120287433925,1.0
n,Cu-61,3.208747568246167,0.0027857773091728,3.880277608151023e-06,2,24,0.0008681821333472631,2.0
eplus,Cu-62,0.5492706566709535,0.002282946323065152,3.4288446802609847e-08,152,11,0.004156323108359264,152.0
alpha,Cu-64,14.225471936957508,0.002243315709756,2.5162326868190333e-06,2,26,0.00015769710275325967,2.0
n,Nb-89,0.06731638255061881,0.0013928886545864,1.9401388040755113e-06,1,2,0.020691674178109794,1.0
n,Co-54,0.06731638255061881,0.0013928886545864,1.9401388040755113e-06,1,3,0.020691674178109794,1.0
n,Sr-83,0.08971450302329,0.0013928886545864,1.9401388040755113e-06,1,4,0.015525791345294577,1.0
n,Zn-63,0.718041413873268,0.0013928886545864,1.9401388040755113e-06,1,7,0.0019398444541977912,1.0
alpha,Z47-106,0.148491356771021,0.001121657854878,1.2581163434095167e-06,1,2,0.007553691199735192,1.0
alpha,Cu-62,7.8700419088641125,0.001121657854878,1.2581163434095167e-06,1,24,0.00014252247546670175,1.0
eplus,Cu-61,0.1318249576010287,0.00105135685930632,1.579073208014927e-08,70,5,0.007975400701347281,70.0
gamma,Cu-62,0.9211805623476624,0.00045752651723632006,1.4952179569599757e-08,14,13,0.0004966740896815028,14.000000000000005
eminus,Cu-62,0.10713170790228821,0.000318551813140752,9.94855467208437e-10,102,5,0.002973459672941031,102.0
eplus,Nb-90,0.0219708254366262,0.00031540705779189597,4.7372196240447815e-09,21,1,0.014355721804884964,21.0
gamma,Co-55,0.0230294989138244,0.0001634023275844,5.340064131999914e-09,5,1,0.007095348804411505,5.0
gamma,Cu-61,0.092118056234766,9.804139655064e-05,3.204038479199948e-09,3,4,0.00106430162074608,3.0000000000000004
eplus,Cu-64,0.637153959870296,9.0116302226256e-05,1.353491321155652e-09,6,12,0.00014143567787697775,6.000000000000001
eplus,Ni-57,0.109754889943246,9.0116302226256e-05,1.353491321155652e-09,6,5,0.0008210686765104946,6.000000000000001
gamma,Cu-64,1.0363281296028084,6.536093103376e-05,2.1360256527999654e-09,2,16,6.306972585874975e-05,2.0
eminus,Ni-57,0.007645351852005,1.8738341949456e-05,5.852090983579041e-11,6,1,0.0024509456611263554,6.0
eminus,Cu-64,0.122436237243656,6.246113983152e-06,1.950696994526347e-11,2,8,5.101523963630008e-05,2.0
eminus,Cu-61,0.0153045297003268,3.123056991576e-06,9.753484972631735e-12,1,2,0.00020406095794693466,1.0
muminus,Cu-62,0.0016568291871736,2.0013056424864e-06,2.0026121373239508e-12,2,2,0.0012079130775698402,2.0
n,Z84-204,0.852674178974506,0.0,0.0,0,2,0.0,
n,Z84-205,0.8077965906074267,0.0,0.0,0,2,0.0,
n,Z84-206,1.0576835964011662,0.0,0.0,0,2,0.0,
n,Z84-207,1.1892560917276005,0.0,0.0,0,3,0.0,
n,Z84-208,0.0105278006841197,0.0,0.0,0,3,0.0,
n,Z84-209,7.725840468474883e-05,0.0,0.0,0,1,0.0,
n,Z84-203,0.5609698545884908,0.0,0.0,0,2,0.0,
n,Z84-210,0.003248416767789,0.0,0.0,0,2,0.0,
n,Z85-203,0.0448775883670792,0.0,0.0,0,2,0.0,
n,Z9-17,0.26926553020247546,0.0,0.0,0,7,0.0,
n,Z9-18,2.041930270702106,0.0,0.0,0,20,0.0,
n,Z9-20,0.762919002240347,0.0,0.0,0,12,0.0,
n,Z9-21,0.1570715592847772,0.0,0.0,0,6,0.0,
n,Z9-22,0.0448775883670792,0.0,0.0,0,2,0.0,
n,Z77-190,0.0526234991025865,0.0,0.0,0,2,0.0,
n,Z84-202,0.5609698545884908,0.0,0.0,0,2,0.0,
n,Z84-201,0.426337089487253,0.0,0.0,0,2,0.0,
n,Z77-192,0.0058958565736443,0.0,0.0,0,1,0.0,
n,Z84-199,0.20194914765185673,0.0,0.0,0,2,0.0,
n,Z84-198,0.2468267360189359,0.0,0.0,0,2,0.0,
n,Z84-197,0.0897551767341585,0.0,0.0,0,1,0.0,
n,Z77-197,0.0224387941835396,0.0,0.0,0,1,0.0,
n,Z78-173,0.0224387941835396,0.0,0.0,0,1,0.0,
n,Z84-196,0.0224387941835396,0.0,0.0,0,1,0.0,
n,Z78-175,0.0448775883670792,0.0,0.0,0,1,0.0,
n,Z82-209,0.5160922662214115,0.0,0.0,0,2,0.0,
n,Z82-205,7.364328625319135e-09,0.0,0.0,0,3,0.0,
n,Z82-204,0.0,0.0,0.0,0,3,,
n,Z82-203,4.584568030182936,0.0,0.0,0,3,0.0,
n,Z82-202,3.3092950787317085e-06,0.0,0.0,0,3,0.0,
n,Z84-200,0.4038982953037134,0.0,0.0,0,2,0.0,
n,Zr-98,0.0224387941835396,0.0,0.0,0,1,0.0,
p,Al-22,0.0499046344891996,0.0,0.0,0,1,0.0,
p,Al-24,0.1996185379567984,0.0,0.0,0,4,0.0,
n,Z77-187,0.1121939709123409,0.0,0.0,0,1,0.0,
n,Z77-186,0.1570715110423246,0.0,0.0,0,2,0.0,
n,Z77-185,0.13463276108886868,0.0,0.0,0,2,0.0,
n,Z77-184,0.1121939709176981,0.0,0.0,0,1,0.0,
n,Z77-183,0.2468267360189359,0.0,0.0,0,1,0.0,
n,Z9-23,0.0897551767341584,0.0,0.0,0,2,0.0,
p,Al-26,1.260100912143663e-06,0.0,0.0,0,29,0.0,
p,Al-28,5.938651504214762,0.0,0.0,0,25,0.0,
p,Al-29,0.0499046344891996,0.0,0.0,0,1,0.0,
p,Al-30,0.0499046344891996,0.0,0.0,0,1,0.0,
p,Au-178,0.0499046344891996,0.0,0.0,0,1,0.0,
n,Z77-182,0.179510353468317,0.0,0.0,0,2,0.0,
p,Au-181,0.0499046344891996,0.0,0.0,0,1,0.0,
p,Au-182,0.14971390346759889,0.0,0.0,0,2,0.0,
p,Al-25,1.796566841611188,0.0,0.0,0,12,0.0,
n,Z9-24,0.0224387941835396,0.0,0.0,0,1,0.0,
n,Zn-60,0.0224387941835396,0.0,0.0,0,1,0.0,
n,Zn-61,0.13463276510123762,0.0,0.0,0,5,0.0,
n,Z77-189,0.0122312804113014,0.0,0.0,0,1,0.0,
n,Zn-62,0.2917043243855403,0.0,0.0,0,7,0.0,
n,Z77-188,0.0223838837371371,0.0,0.0,0,1,0.0,
n,Zn-65,0.1488702664080065,0.0,0.0,0,7,0.0,
n,Zn-69,1.8399811230502499,0.0,0.0,0,3,0.0,
n,Zr-95,0.0033630772542848,0.0,0.0,0,1,0.0,
n,Zn-72,0.357343584795017,0.0,0.0,0,2,0.0,
n,Zn-73,0.1121939709176981,0.0,0.0,0,1,0.0,
n,Zn-74,0.0224387941835396,0.0,0.0,0,1,0.0,
n,Zr-86,0.0448775762303313,0.0,0.0,0,1,0.0,
n,Zr-87,0.0448775883670792,0.0,0.0,0,1,0.0,
n,Zr-88,0.013150139136652101,0.0,0.0,0,2,0.0,
n,Zr-89,0.10754899654884681,0.0,0.0,0,3,0.0,
n,Zr-93,2.3804078900079293e-09,0.0,0.0,0,4,0.0,
n,Zn-71,0.426337089487253,0.0,0.0,0,2,0.0,
n,Z80-188,0.5160922662214115,0.0,0.0,0,3,0.0,
n,Z80-189,0.40389829530371335,0.0,0.0,0,3,0.0,
n,Z80-190,1.054623326626363,0.0,0.0,0,2,0.0,
n,Z78-184,0.5385310604049511,0.0,0.0,0,2,0.0,
n,Z80-191,0.852674178974506,0.0,0.0,0,2,0.0,
n,Z80-192,1.21169488591114,0.0,0.0,0,2,0.0,
n,Z80-193,0.7180414138732683,0.0,0.0,0,2,0.0,
n,Z80-194,5.0011825067895325e-05,0.0,0.0,0,3,0.0,
n,Z82-201,5.026289897100689,0.0,0.0,0,3,0.0,
n,Z80-197,0.768530006631083,0.0,0.0,0,3,0.0,
n,Z80-203,0.116646548991109,0.0,0.0,0,2,0.0,
n,Z80-205,0.40389829530371335,0.0,0.0,0,2,0.0,
n,Z80-206,0.4038982953037133,0.0,0.0,0,3,0.0,
n,Z80-207,0.44877588367079263,0.0,0.0,0,2,0.0,
n,Z81-186,0.0448775883670792,0.0,0.0,0,1,0.0,
n,Z81-187,0.1346327651012377,0.0,0.0,0,2,0.0,
n,Z81-188,0.0897551767341585,0.0,0.0,0,1,0.0,
n,Z80-195,0.785357796366676,0.0,0.0,0,3,0.0,
n,Z78-186,0.4936534720378719,0.0,0.0,0,2,0.0,
n,Z78-187,0.3590207069366341,0.0,0.0,0,2,0.0,
n,Z78-185,0.4038982953037134,0.0,0.0,0,2,0.0,
n,Z78-188,0.1293706497351541,0.0,0.0,0,2,0.0,
n,Z78-189,0.134632765086802,0.0,0.0,0,2,0.0,
n,Z78-190,9.2571418763116e-15,0.0,0.0,0,2,0.0,
n,Z78-191,0.0874774891293442,0.0,0.0,0,2,0.0,
n,Z78-197,0.0224387142178525,0.0,0.0,0,1,0.0,
n,Z80-187,0.38145950112017357,0.0,0.0,0,3,0.0,
n,Z78-202,0.0223615213525831,0.0,0.0,0,1,0.0,
n,Z78-203,0.0224387941835396,0.0,0.0,0,1,0.0,
n,Z78-204,0.0224387941835396,0.0,0.0,0,1,0.0,
n,Z80-180,0.0224387941835396,0.0,0.0,0,1,0.0,
n,Z80-182,0.0897551767341585,0.0,0.0,0,1,0.0,
n,Z80-183,0.0224387941835396,0.0,0.0,0,1,0.0,
n,Z80-184,0.1346327651012378,0.0,0.0,0,1,0.0,
n,Z80-185,0.20194914765185662,0.0,0.0,0,2,0.0,
n,Z80-186,0.4712146778543322,0.0,0.0,0,2,0.0,
n,Z78-200,0.0897551765091481,0.0,0.0,0,2,0.0,
n,Z78-181,0.2019491476518567,0.0,0.0,0,1,0.0,
n,Z78-180,0.179510353468317,0.0,0.0,0,2,0.0,
n,Z78-179,0.179510353468317,0.0,0.0,0,1,0.0,
n,Z78-178,0.0897551767341585,0.0,0.0,0,2,0.0,
n,Z78-177,0.0897551767341584,0.0,0.0,0,2,0.0,
n,Z82-190,0.15707155928477742,0.0,0.0,0,2,0.0,
n,Z82-191,0.31414311856955485,0.0,0.0,0,2,0.0,
n,Z82-192,0.35902070693663407,0.0,0.0,0,2,0.0,
n,Z81-189,0.2468267360189359,0.0,0.0,0,3,0.0,
n,Z82-194,0.9199905615251249,0.0,0.0,0,3,0.0,
n,Z82-195,1.4809604161136156,0.0,0.0,0,3,0.0,
n,Z82-196,2.2214406241704236,0.0,0.0,0,3,0.0,
n,Z82-197,3.0067984205943104,0.0,0.0,0,3,0.0,
n,Z82-198,4.128738129771293,0.0,0.0,0,3,0.0,
n,Z82-199,3.9941053646700544,0.0,0.0,0,3,0.0,
n,Z82-200,4.9589283404594635,0.0,0.0,0,2,0.0,
n,Z78-176,0.0224387941835396,0.0,0.0,0,1,0.0,
n,Z82-193,0.7180414138732681,0.0,0.0,0,3,0.0,
n,Z81-190,0.29170432438601523,0.0,0.0,0,2,0.0,
n,Z81-192,0.7853577964238871,0.0,0.0,0,2,0.0,
n,Z81-193,1.3687664451959174,0.0,0.0,0,2,0.0,
n,Z81-194,1.5931543870313138,0.0,0.0,0,3,0.0,
n,Z81-195,1.21169488591114,0.0,0.0,0,2,0.0,
n,Z81-196,1.7277871521325516,0.0,0.0,0,2,0.0,
n,Z81-197,2.4907061543728988,0.0,0.0,0,3,0.0,
n,Z78-183,0.2692655302024755,0.0,0.0,0,2,0.0,
n,Z82-189,0.1346327651012377,0.0,0.0,0,2,0.0,
n,Z81-199,2.625338919474131,0.0,0.0,0,2,0.0,
n,Z81-200,2.804651679896133,0.0,0.0,0,2,0.0,
n,Z81-201,2.712891275019145,0.0,0.0,0,2,0.0,
n,Z78-182,0.3814595011201737,0.0,0.0,0,2,0.0,
n,Z81-202,1.3180221028459798,0.0,0.0,0,2,0.0,
n,Z81-204,0.010260926043846501,0.0,0.0,0,3,0.0,
n,Z81-206,0.9648681498922042,0.0,0.0,0,3,0.0,
n,Z81-207,0.6956026196897286,0.0,0.0,0,3,0.0,
n,Z82-188,0.06731638255061881,0.0,0.0,0,2,0.0,
n,Z81-198,3.006798420594311,0.0,0.0,0,3,0.0,
p,K-43,0.1996157804041665,0.0,0.0,0,3,0.0,
p,K-44,0.0499046344891996,0.0,0.0,0,1,0.0,
p,Li-8,4.641131007495571,0.0,0.0,0,9,0.0,
p,Li-9,0.5489509793811962,0.0,0.0,0,5,0.0,
p,Mg-21,0.0499046344891996,0.0,0.0,0,1,0.0,
p,Mg-22,0.1996185379567984,0.0,0.0,0,4,0.0,
p,Mg-23,1.1478065932515922,0.0,0.0,0,9,0.0,
p,Mg-27,13.973297656975914,0.0,0.0,0,22,0.0,
p,Au-190,0.9481880552947941,0.0,0.0,0,2,0.0,
p,Mn-50,0.0998092689783993,0.0,0.0,0,1,0.0,
p,Mn-51,1.0479973242731921,0.0,0.0,0,15,0.0,
p,Mn-52,2.148782824284561,0.0,0.0,0,26,0.0,
p,Mn-53,4.223362252733129e-08,0.0,0.0,0,40,0.0,
p,Mn-54,0.156981027839877,0.0,0.0,0,44,0.0,
p,Mn-56,1.5470436691651888,0.0,0.0,0,20,0.0,
p,Mn-57,0.3493324414243973,0.0,0.0,0,6,0.0,
p,Mn-58,0.29942780693519777,0.0,0.0,0,4,0.0,
p,Mn-59,0.0998092689783992,0.0,0.0,0,2,0.0,
p,Mg-28,0.0499043058994718,0.0,0.0,0,1,0.0,
p,Cu-68,1.2975204967191918,0.0,0.0,0,2,0.0,
p,Cu-69,0.5489509793811964,0.0,0.0,0,2,0.0,
p,Cu-70,1.0479973242731935,0.0,0.0,0,2,0.0,
p,Cu-71,0.149713903467599,0.0,0.0,0,1,0.0,
p,Cu-72,0.49904634489199684,0.0,0.0,0,2,0.0,
p,Cu-73,0.0998092689783993,0.0,0.0,0,1,0.0,
p,Cu-74,0.0499046344891996,0.0,0.0,0,1,0.0,
p,Fe-52,0.4990463448919561,0.0,0.0,0,9,0.0,
p,K-42,0.0998092688094492,0.0,0.0,0,1,0.0,
p,Fe-59,0.2183578860222984,0.0,0.0,0,12,0.0,
p,Fe-60,1.1928580389567897e-08,0.0,0.0,0,10,0.0,
p,Fe-61,0.8982834208055935,0.0,0.0,0,11,0.0,
p,Fe-62,0.0998092689783992,0.0,0.0,0,2,0.0,
p,Fe-63,0.2495231724459981,0.0,0.0,0,4,0.0,
p,He-6,2.7447548969059823,0.0,0.0,0,11,0.0,
p,He-8,0.0499046344891996,0.0,0.0,0,1,0.0,
p,K-38,0.2495231724459982,0.0,0.0,0,3,0.0,
p,K-40,1.8212634493060003e-11,0.0,0.0,0,13,0.0,
p,Fe-55,0.1107566045665169,0.0,0.0,0,53,0.0,
p,Nb-90,0.0998092652069051,0.0,0.0,0,1,0.0,
p,Nb-91,1.6712420667983007e-05,0.0,0.0,0,6,0.0,
p,Nb-92,1.391928145715696e-09,0.0,0.0,0,7,0.0,
p,Nb-94,2.855096297689724e-06,0.0,0.0,0,8,0.0,
p,Nb-95,0.0384853996828802,0.0,0.0,0,1,0.0,
p,Nb-96,0.2495174712864021,0.0,0.0,0,2,0.0,
p,Nb-97,0.1996185379567987,0.0,0.0,0,1,0.0,
p,Nb-98,0.0499046344891996,0.0,0.0,0,1,0.0,
p,Mn-61,0.0499046344891996,0.0,0.0,0,1,0.0,
p,Ni-56,0.3680270323838811,0.0,0.0,0,9,0.0,
p,Ni-57,1.9943820408018815,0.0,0.0,0,17,0.0,
p,Ni-59,3.525155968048118e-06,0.0,0.0,0,35,0.0,
p,Ni-63,0.0032842910796370118,0.0,0.0,0,27,0.0,
p,Ni-65,1.7466622071219884,0.0,0.0,0,12,0.0,
p,Ni-66,0.2469391414120018,0.0,0.0,0,1,0.0,
p,Ni-67,0.14971390346759889,0.0,0.0,0,2,0.0,
p,Ni-68,0.0499046344891996,0.0,0.0,0,1,0.0,
p,Ni-69,0.0499046344891996,0.0,0.0,0,1,0.0,
p,Nb-99,0.0499046344891996,0.0,0.0,0,1,0.0,
p,Mn-62,0.0499046344891996,0.0,0.0,0,1,0.0,
p,Mo-101,0.0499046344891996,0.0,0.0,0,1,0.0,
p,Mo-102,0.0499046344891996,0.0,0.0,0,1,0.0,
p,Mo-87,0.0499046344891996,0.0,0.0,0,1,0.0,
p,Mo-90,0.0499046344891996,0.0,0.0,0,1,0.0,
p,Mo-91,0.19961853795679851,0.0,0.0,0,3,0.0,
p,Mo-93,1.7757255446099545e-06,0.0,0.0,0,1,0.0,
p,Mo-99,0.3413971361125424,0.0,0.0,0,2,0.0,
p,Nb-89,0.1996185379567986,0.0,0.0,0,2,0.0,
p,N-13,3.3935151452655785,0.0,0.0,0,8,0.0,
p,N-16,6.537507118085159,0.0,0.0,0,10,0.0,
p,N-17,0.3992370759135972,0.0,0.0,0,4,0.0,
p,Na-21,0.848378786316394,0.0,0.0,0,9,0.0,
p,Na-22,0.0977407691046992,0.0,0.0,0,28,0.0,
p,Na-24,14.921484868193083,0.0,0.0,0,24,0.0,
p,Na-25,3.5931336832223764,0.0,0.0,0,19,0.0,
p,Na-26,0.0998092689783992,0.0,0.0,0,2,0.0,
p,Nb-87,0.0499046344891996,0.0,0.0,0,1,0.0,
p,N-12,0.3493324414243977,0.0,0.0,0,2,0.0,
p,Au-203,0.149713903467599,0.0,0.0,0,1,0.0,
p,Au-204,0.2495231724459983,0.0,0.0,0,2,0.0,
p,Au-205,0.1996185379567986,0.0,0.0,0,2,0.0,
p,Au-206,0.2495231724459983,0.0,0.0,0,2,0.0,
p,B-10,0.0,0.0,0.0,0,1,,
p,B-12,4.191989297092774,0.0,0.0,0,10,0.0,
p,B-13,0.5988556138703962,0.0,0.0,0,2,0.0,
p,B-14,0.0998092689783993,0.0,0.0,0,1,0.0,
p,Cu-67,1.8628639428363656,0.0,0.0,0,2,0.0,
p,Be-10,1.9562496459724005e-07,0.0,0.0,0,14,0.0,
p,Be-11,0.0499046344891996,0.0,0.0,0,1,0.0,
p,Be-7,2.4443294965910543,0.0,0.0,0,24,0.0,
p,Bi-192,0.0499046344891996,0.0,0.0,0,1,0.0,
p,Bi-194,0.3493324414243978,0.0,0.0,0,1,0.0,
p,Bi-195,0.8982834208055943,0.0,0.0,0,3,0.0,
p,Bi-196,0.7485695173379954,0.0,0.0,0,2,0.0,
p,Bi-197,1.9462807450787878,0.0,0.0,0,3,0.0,
p,Bi-198,2.3954224554815853,0.0,0.0,0,2,0.0,
p,B-8,0.14971390346759889,0.0,0.0,0,2,0.0,
p,Au-183,0.449141710402797,0.0,0.0,0,3,0.0,
p,Au-184,0.3493324414243978,0.0,0.0,0,1,0.0,
p,Au-185,1.0479973242731935,0.0,0.0,0,2,0.0,
p,Au-186,1.3474251312083918,0.0,0.0,0,2,0.0,
p,Au-187,1.4971390346759907,0.0,0.0,0,3,0.0,
p,Au-188,0.4990463448919968,0.0,0.0,0,2,0.0,
p,Au-189,0.9980926897839938,0.0,0.0,0,2,0.0,
n,Z77-181,0.179510353468317,0.0,0.0,0,2,0.0,
p,Au-202,0.1996185379567986,0.0,0.0,0,2,0.0,
p,Au-192,0.948188055294794,0.0,0.0,0,3,0.0,
p,Au-193,0.8982827700396703,0.0,0.0,0,2,0.0,
p,Au-194,0.946849822852147,0.0,0.0,0,2,0.0,
p,Au-195,0.0379811599545737,0.0,0.0,0,2,0.0,
p,Au-196,0.406638721770414,0.0,0.0,0,1,0.0,
p,Au-198,0.34196149170361967,0.0,0.0,0,2,0.0,
p,Au-199,0.6732100990119909,0.0,0.0,0,2,0.0,
p,Au-200,0.2994278069351981,0.0,0.0,0,1,0.0,
p,Au-201,0.2495231724459984,0.0,0.0,0,1,0.0,
p,Au-191,1.3973297656975912,0.0,0.0,0,3,0.0,
p,Co-55,1.9961840668193862,0.0,0.0,0,14,0.0,
p,Co-56,0.527975135553348,0.0,0.0,0,28,0.0,
p,Co-57,0.3127715827668254,0.0,0.0,0,37,0.0,
p,Co-58,1.1784776639351502,0.0,0.0,0,45,0.0,
p,Co-60,0.07624339857406279,0.0,0.0,0,18,0.0,
p,Co-61,1.9961853795679867,0.0,0.0,0,14,0.0,
p,Co-62,0.7485695173379946,0.0,0.0,0,9,0.0,
p,Co-63,0.6487602483595953,0.0,0.0,0,8,0.0,
p,Bi-199,4.2418939315819735,0.0,0.0,0,2,0.0,
p,Co-67,0.0499046344891996,0.0,0.0,0,1,0.0,
p,Cr-48,0.34932915469432957,0.0,0.0,0,7,0.0,
p,Cr-49,1.4472344001867896,0.0,0.0,0,16,0.0,
p,Cr-51,1.6554057752292433,0.0,0.0,0,46,0.0,
p,Cr-55,0.1497139034675988,0.0,0.0,0,3,0.0,
p,Cr-56,0.0499046344891996,0.0,0.0,0,1,0.0,
p,Cu-59,0.2994278069351977,0.0,0.0,0,5,0.0,
p,Cu-60,1.147806593251592,0.0,0.0,0,12,0.0,
p,Cu-66,8.883024939077544,0.0,0.0,0,23,0.0,
p,Co-66,0.0998092689783993,0.0,0.0,0,1,0.0,
p,Bi-200,5.239986621365968,0.0,0.0,0,2,0.0,
p,Bi-201,8.034646152761152,0.0,0.0,0,3,0.0,
p,Bi-202,10.030831532329138,0.0,0.0,0,3,0.0,
p,Bi-203,16.61824327477882,0.0,0.0,0,3,0.0,
p,Bi-204,19.66242598443028,0.0,0.0,0,3,0.0,
p,Bi-205,16.086272560556264,0.0,0.0,0,3,0.0,
p,Bi-206,30.87639295889749,0.0,0.0,0,3,0.0,
p,Bi-207,0.0729526148060349,0.0,0.0,0,3,0.0,
p,Bi-208,1.2314313965612009e-05,0.0,0.0,0,3,0.0,
p,Co-54,0.1996185379567984,0.0,0.0,0,4,0.0,
p,C-10,3.643038317711577,0.0,0.0,0,12,0.0,
p,C-11,29.593448252095417,0.0,0.0,0,25,0.0,
p,C-14,4.41128077115555e-05,0.0,0.0,0,13,0.0,
p,C-15,0.4491417104027971,0.0,0.0,0,2,0.0,
p,C-9,0.14971390346759889,0.0,0.0,0,2,0.0,
p,Ca-39,0.0499046344891996,0.0,0.0,0,1,0.0,
p,Ca-41,3.1441525468183444e-07,0.0,0.0,0,12,0.0,
p,Ca-45,0.0092730219472314,0.0,0.0,0,3,0.0,
p,Ca-47,0.13458551835791072,0.0,0.0,0,3,0.0,
p,Bi-210,4.058094073335789,0.0,0.0,0,3,0.0,
n,Z50-108,0.0224387941835396,0.0,0.0,0,1,0.0,
n,Z50-109,0.0224387941835396,0.0,0.0,0,1,0.0,
n,Z50-110,0.0224387941835396,0.0,0.0,0,1,0.0,
n,Z50-111,0.0897551767341585,0.0,0.0,0,1,0.0,
n,Z50-113,0.007753634573716,0.0,0.0,0,3,0.0,
n,Z51-113,0.0224387941835396,0.0,0.0,0,1,0.0,
n,Z51-114,0.0673163825506189,0.0,0.0,0,1,0.0,
n,Z51-115,0.0448775883670792,0.0,0.0,0,1,0.0,
n,Z77-176,0.0224387941835396,0.0,0.0,0,1,0.0,
n,Z51-119,0.0448123722755299,0.0,0.0,0,1,0.0,
n,Z51-120,0.0897551767341584,0.0,0.0,0,2,0.0,
n,Z52-116,0.0224387941835396,0.0,0.0,0,1,0.0,
n,Z52-119,0.0224387902123114,0.0,0.0,0,1,0.0,
n,Z52-123,0.0,0.0,0.0,0,1,,
n,Z53-118,0.0224387941835396,0.0,0.0,0,1,0.0,
n,Z53-121,0.0224387941835396,0.0,0.0,0,1,0.0,
n,Z53-122,0.0673163825506189,0.0,0.0,0,1,0.0,
n,Z53-123,0.0224387940404873,0.0,0.0,0,1,0.0,
n,Z51-116,0.1121939709176981,0.0,0.0,0,2,0.0,
n,Z47-105,0.0149851019722273,0.0,0.0,0,2,0.0,
n,Z47-106,0.11219397091769812,0.0,0.0,0,3,0.0,
n,Z47-108,0.3814595011201737,0.0,0.0,0,1,0.0,
n,Z47-110,0.9424293557086645,0.0,0.0,0,3,0.0,
n,Z47-112,0.0224387941835396,0.0,0.0,0,1,0.0,
n,Z48-104,0.0224387941835396,0.0,0.0,0,1,0.0,
n,Z48-105,0.0673163825506189,0.0,0.0,0,1,0.0,
n,Z48-107,0.0673163825506189,0.0,0.0,0,1,0.0,
n,Z48-109,0.0015002683996072,0.0,0.0,0,1,0.0,
n,Z49-118,0.0448775883670792,0.0,0.0,0,1,0.0,
n,Z48-115,0.0222279986050568,0.0,0.0,0,1,0.0,
n,Z49-107,0.0224387941835396,0.0,0.0,0,1,0.0,
n,Z49-109,0.0224387941835396,0.0,0.0,0,1,0.0,
n,Z49-110,0.0448775883670792,0.0,0.0,0,1,0.0,
n,Z49-111,0.0875514454071026,0.0,0.0,0,1,0.0,
n,Z49-114,0.0448775883670792,0.0,0.0,0,1,0.0,
n,Z49-115,2.8967926959887495e-18,0.0,0.0,0,1,0.0,
n,Z49-116,0.0224387941835396,0.0,0.0,0,1,0.0,
n,Z49-117,0.0224387941835396,0.0,0.0,0,1,0.0,
n,Z48-113,3.1778248232115394e-19,0.0,0.0,0,1,0.0,
n,Z57-140,0.0223929627313302,0.0,0.0,0,1,0.0,
n,Z58-130,0.0448775883670792,0.0,0.0,0,1,0.0,
n,Z58-131,0.0448775883670792,0.0,0.0,0,1,0.0,
n,Z58-132,0.0224387941835396,0.0,0.0,0,1,0.0,
n,Z58-133,0.0224387941835396,0.0,0.0,0,1,0.0,
n,Z58-134,0.0216030763644495,0.0,0.0,0,1,0.0,
n,Z58-135,0.0448775545305716,0.0,0.0,0,1,0.0,
n,Z58-137,0.0224387941835192,0.0,0.0,0,1,0.0,
n,Z59-133,0.0224387941835396,0.0,0.0,0,1,0.0,
n,Z54-121,0.0224387941835396,0.0,0.0,0,1,0.0,
n,Z59-135,0.0224387941835396,0.0,0.0,0,1,0.0,
n,Z59-136,0.0673163825506189,0.0,0.0,0,1,0.0,
n,Z59-139,0.0224387941835396,0.0,0.0,0,1,0.0,
n,Z60-133,0.0224387941835396,0.0,0.0,0,1,0.0,
n,Z60-134,0.0224387941835396,0.0,0.0,0,1,0.0,
n,Z60-135,0.0448775883670792,0.0,0.0,0,2,0.0,
n,Z60-136,0.0897551767341585,0.0,0.0,0,2,0.0,
n,Z60-137,0.0224387941835396,0.0,0.0,0,1,0.0,
n,Z60-138,0.06731638255061881,0.0,0.0,0,2,0.0,
n,Z59-134,0.0224387941835396,0.0,0.0,0,1,0.0,
n,Z54-122,0.067316109314091,0.0,0.0,0,1,0.0,
n,Z54-123,0.0224387941835396,0.0,0.0,0,1,0.0,
n,Z54-125,0.0224387857283587,0.0,0.0,0,1,0.0,
n,Z54-127,0.011165884020154,0.0,0.0,0,1,0.0,
n,Z55-123,0.0224387941835396,0.0,0.0,0,1,0.0,
n,Z55-125,0.0224387941835396,0.0,0.0,0,1,0.0,
n,Z55-127,0.0448775883670792,0.0,0.0,0,1,0.0,
n,Z55-129,0.0224294455091953,0.0,0.0,0,1,0.0,
n,Z56-121,0.0224387941835396,0.0,0.0,0,1,0.0,
n,Z57-137,1.0645710632418173e-08,0.0,0.0,0,1,0.0,
n,Z56-125,0.0224387941835396,0.0,0.0,0,1,0.0,
n,Z56-126,0.0224387941835396,0.0,0.0,0,1,0.0,
n,Z56-128,0.088511092871893,0.0,0.0,0,1,0.0,
n,Z56-129,0.0448775883670792,0.0,0.0,0,1,0.0,
n,Z56-133,0.0001210641301583,0.0,0.0,0,1,0.0,
n,Z57-127,0.0224387941835396,0.0,0.0,0,1,0.0,
n,Z57-130,0.0448775883670792,0.0,0.0,0,1,0.0,
n,Z57-131,0.0448775883670792,0.0,0.0,0,1,0.0,
n,Z57-132,0.0448775883670792,0.0,0.0,0,2,0.0,
n,Z56-123,0.0224387941835396,0.0,0.0,0,1,0.0,
n,Z33-77,0.0672081547314115,0.0,0.0,0,1,0.0,
n,Z33-78,0.0224387941835396,0.0,0.0,0,1,0.0,
n,Z33-79,0.0224387941835396,0.0,0.0,0,1,0.0,
n,Z34-72,0.0159308180529586,0.0,0.0,0,1,0.0,
n,Z34-73,0.0448775883670792,0.0,0.0,0,2,0.0,
n,Z34-75,0.0037312068583476,0.0,0.0,0,2,0.0,
n,Z34-79,9.766708893938871e-09,0.0,0.0,0,2,0.0,
n,Z34-81,0.0448775883670792,0.0,0.0,0,1,0.0,
n,Z46-99,0.0224387941835396,0.0,0.0,0,1,0.0,
n,Z35-74,0.0224387941835396,0.0,0.0,0,1,0.0,
n,Z35-77,0.0664687415387196,0.0,0.0,0,1,0.0,
n,Z35-78,0.06731638255061881,0.0,0.0,0,2,0.0,
n,Z35-80,0.0673163825506189,0.0,0.0,0,1,0.0,
n,Z35-82,0.0224197641746922,0.0,0.0,0,1,0.0,
n,Z35-83,0.0448775883670792,0.0,0.0,0,1,0.0,
n,Z35-84,0.0448775883670792,0.0,0.0,0,1,0.0,
n,Z35-85,0.0448775883670792,0.0,0.0,0,1,0.0,
n,Z36-81,1.9524887547427393e-08,0.0,0.0,0,3,0.0,
n,Z34-83,0.0224387941835396,0.0,0.0,0,1,0.0,
n,Z31-74,0.5834086487720305,0.0,0.0,0,2,0.0,
n,Z31-75,0.44877588367079263,0.0,0.0,0,3,0.0,
n,Z31-76,0.0897551767341585,0.0,0.0,0,2,0.0,
n,Z32-65,0.0224387941835396,0.0,0.0,0,1,0.0,
n,Z32-66,0.0673163825506189,0.0,0.0,0,1,0.0,
n,Z32-67,0.22438794183539632,0.0,0.0,0,2,0.0,
n,Z32-68,0.0464436760581535,0.0,0.0,0,2,0.0,
n,Z32-69,5.667488293165182,0.0,0.0,0,4,0.0,
n,Z32-71,11.701169594277557,0.0,0.0,0,3,0.0,
n,Z33-76,0.1794970495709009,0.0,0.0,0,2,0.0,
n,Z32-77,0.8077965904333135,0.0,0.0,0,2,0.0,
n,Z32-78,0.0224387941835396,0.0,0.0,0,1,0.0,
n,Z33-68,0.0224387941835396,0.0,0.0,0,1,0.0,
n,Z33-69,0.0448775883670792,0.0,0.0,0,2,0.0,
n,Z33-70,0.1121939709176981,0.0,0.0,0,2,0.0,
n,Z33-71,0.0877896630609234,0.0,0.0,0,2,0.0,
n,Z33-72,0.20193543459135038,0.0,0.0,0,2,0.0,
n,Z33-73,0.0245262077304959,0.0,0.0,0,3,0.0,
n,Z33-74,0.1093317154371536,0.0,0.0,0,2,0.0,
n,Z32-75,5.9687192528215425,0.0,0.0,0,3,0.0,
n,Z44-105,0.0224387941835396,0.0,0.0,0,1,0.0,
n,Z44-94,0.0448775883670792,0.0,0.0,0,1,0.0,
n,Z44-95,0.0224387941835396,0.0,0.0,0,1,0.0,
n,Z44-97,0.1311851219513271,0.0,0.0,0,1,0.0,
n,Z45-100,0.1570705910893777,0.0,0.0,0,3,0.0,
n,Z45-101,0.0003127834256691,0.0,0.0,0,1,0.0,
n,Z45-102,0.004396880362903,0.0,0.0,0,1,0.0,
n,Z45-104,0.0673163825506189,0.0,0.0,0,1,0.0,
n,Z45-105,0.08967815260525211,0.0,0.0,0,2,0.0,
n,Z36-85,0.0001783825807254,0.0,0.0,0,1,0.0,
n,Z45-107,0.0224387941835396,0.0,0.0,0,1,0.0,
n,Z45-109,0.0224387941835396,0.0,0.0,0,1,0.0,
n,Z45-98,0.0673163825506189,0.0,0.0,0,1,0.0,
n,Z45-99,0.01067528797032,0.0,0.0,0,1,0.0,
n,Z46-100,0.0211591951212138,0.0,0.0,0,1,0.0,
n,Z46-101,0.022438794183536,0.0,0.0,0,1,0.0,
n,Z46-103,0.0102700960160113,0.0,0.0,0,1,0.0,
n,Z46-107,1.9653624248211347e-10,0.0,0.0,0,1,0.0,
n,Z46-109,0.0224387939454749,0.0,0.0,0,1,0.0,
n,Z45-106,0.0224387941835396,0.0,0.0,0,1,0.0,
n,Z36-87,0.0224387941835396,0.0,0.0,0,1,0.0,
n,Z37-79,0.0448775883670792,0.0,0.0,0,2,0.0,
n,Z37-81,0.0448775883670792,0.0,0.0,0,2,0.0,
n,Z37-84,0.0182777326606439,0.0,0.0,0,1,0.0,
n,Z37-86,0.0383650959096422,0.0,0.0,0,2,0.0,
n,Z37-87,5.1407870379503946e-14,0.0,0.0,0,2,0.0,
n,Z37-88,0.0897551767341584,0.0,0.0,0,3,0.0,
n,Z37-89,0.0224387941835396,0.0,0.0,0,1,0.0,
n,Z43-100,0.06731638255061881,0.0,0.0,0,2,0.0,
n,Z44-103,0.0208897030787524,0.0,0.0,0,2,0.0,
n,Z43-102,0.0448775883670792,0.0,0.0,0,1,0.0,
n,Z43-103,0.0448775883670792,0.0,0.0,0,1,0.0,
n,Z43-105,0.0224387941835396,0.0,0.0,0,1,0.0,
n,Z43-94,0.0448775883670792,0.0,0.0,0,1,0.0,
n,Z43-95,0.0448774825108871,0.0,0.0,0,1,0.0,
n,Z43-96,0.0409237597201994,0.0,0.0,0,1,0.0,
n,Z43-97,6.068815081292948e-10,0.0,0.0,0,1,0.0,
n,Z43-98,7.604080801201683e-10,0.0,0.0,0,2,0.0,
n,Z43-99,9.077348361907346e-09,0.0,0.0,0,2,0.0,
n,Z43-101,0.06731638255061881,0.0,0.0,0,2,0.0,
n,Z72-160,0.0224387941835396,0.0,0.0,0,1,0.0,
n,Z72-161,0.0224387941835396,0.0,0.0,0,1,0.0,
n,Z72-162,0.06731638255061881,0.0,0.0,0,2,0.0,
n,Z72-163,0.0448775883670792,0.0,0.0,0,1,0.0,
n,Z72-164,0.0673163825506189,0.0,0.0,0,1,0.0,
n,Z72-165,0.0897551767341584,0.0,0.0,0,3,0.0,
n,Z72-166,0.1121939709176981,0.0,0.0,0,1,0.0,
n,Z72-167,0.2019491476518566,0.0,0.0,0,3,0.0,
n,Z60-140,0.0428257961050688,0.0,0.0,0,2,0.0,
n,Z72-169,0.0673163825506189,0.0,0.0,0,1,0.0,
n,Z72-170,0.11219395181805701,0.0,0.0,0,2,0.0,
n,Z72-171,0.0673163824761702,0.0,0.0,0,2,0.0,
n,Z72-172,0.0016949351488263,0.0,0.0,0,2,0.0,
n,Z72-173,0.0448764400904492,0.0,0.0,0,2,0.0,
n,Z72-174,3.1937139473275964e-19,0.0,0.0,0,1,0.0,
n,Z72-175,0.0122828577076588,0.0,0.0,0,2,0.0,
n,Z72-184,0.0224387941835396,0.0,0.0,0,1,0.0,
n,Z75-168,0.0224387941835396,0.0,0.0,0,1,0.0,
n,Z72-168,0.15707155928477742,0.0,0.0,0,2,0.0,
n,Z70-162,0.179510353468317,0.0,0.0,0,2,0.0,
n,Z70-163,0.11219397091769812,0.0,0.0,0,2,0.0,
n,Z70-164,0.1570715592847773,0.0,0.0,0,3,0.0,
n,Z70-165,0.06731638255061881,0.0,0.0,0,2,0.0,
n,Z70-167,0.0448775883670792,0.0,0.0,0,1,0.0,
n,Z71-161,0.0224387941835396,0.0,0.0,0,1,0.0,
n,Z71-162,0.0224387941835396,0.0,0.0,0,1,0.0,
n,Z71-163,0.11219397091769812,0.0,0.0,0,3,0.0,
n,Z71-164,0.1121939709176981,0.0,0.0,0,1,0.0,
n,Z71-184,0.0224387941835396,0.0,0.0,0,1,0.0,
n,Z71-166,0.0673163825506189,0.0,0.0,0,1,0.0,
n,Z71-168,0.0224387941835396,0.0,0.0,0,1,0.0,
n,Z71-169,0.1345441741807599,0.0,0.0,0,3,0.0,
n,Z71-170,0.0223109325925542,0.0,0.0,0,1,0.0,
n,Z71-171,0.0643142374753525,0.0,0.0,0,3,0.0,
n,Z71-172,0.0353697506757483,0.0,0.0,0,1,0.0,
n,Z71-174,0.0001921462392216,0.0,0.0,0,1,0.0,
n,Z71-176,1.7258654133079538e-14,0.0,0.0,0,1,0.0,
n,Z71-178,0.0224387941835396,0.0,0.0,0,1,0.0,
n,Z71-165,0.112193970917698,0.0,0.0,0,5,0.0,
n,Z76-176,0.179510353468317,0.0,0.0,0,1,0.0,
n,Z76-177,0.179510353468317,0.0,0.0,0,2,0.0,
n,Z76-178,0.2468267360189359,0.0,0.0,0,2,0.0,
n,Z76-179,0.179510353468317,0.0,0.0,0,1,0.0,
n,Z76-180,0.29170432438601523,0.0,0.0,0,2,0.0,
n,Z76-181,0.179510353468317,0.0,0.0,0,2,0.0,
n,Z76-182,0.24682404225642401,0.0,0.0,0,3,0.0,
n,Z76-183,0.0897551763203073,0.0,0.0,0,1,0.0,
n,Z76-184,2.2812242480911376e-16,0.0,0.0,0,2,0.0,
n,Z75-169,0.0448775883670792,0.0,0.0,0,1,0.0,
n,Z76-186,3.1937139473275964e-19,0.0,0.0,0,1,0.0,
n,Z76-195,0.0224387941835396,0.0,0.0,0,1,0.0,
n,Z76-197,0.0224387941835396,0.0,0.0,0,1,0.0,
n,Z77-175,0.0448775883670792,0.0,0.0,0,2,0.0,
p,Ni-70,0.149713903467599,0.0,0.0,0,1,0.0,
n,Z77-177,0.0224387941835396,0.0,0.0,0,1,0.0,
n,Z77-178,0.06731638255061881,0.0,0.0,0,2,0.0,
n,Z77-179,0.15707155928477742,0.0,0.0,0,2,0.0,
n,Z77-180,0.179510353468317,0.0,0.0,0,2,0.0,
n,Z76-185,0.0023746716216686,0.0,0.0,0,1,0.0,
n,Z75-170,0.0224387941835396,0.0,0.0,0,1,0.0,
n,Z75-171,0.0448775883670792,0.0,0.0,0,1,0.0,
n,Z75-172,0.0224387941835396,0.0,0.0,0,1,0.0,
n,Z75-173,0.0673163825506189,0.0,0.0,0,1,0.0,
n,Z75-174,0.0224387941835396,0.0,0.0,0,1,0.0,
n,Z75-175,0.2692655302024755,0.0,0.0,0,2,0.0,
n,Z75-176,0.1346327651012378,0.0,0.0,0,1,0.0,
n,Z75-177,0.20194914765185662,0.0,0.0,0,2,0.0,
n,Z75-178,0.1346327651012377,0.0,0.0,0,2,0.0,
n,Z76-175,0.179510353468317,0.0,0.0,0,1,0.0,
n,Z75-180,0.0224387941835396,0.0,0.0,0,1,0.0,
n,Z75-181,0.0897548551528924,0.0,0.0,0,2,0.0,
n,Z75-182,0.043957115813236,0.0,0.0,0,2,0.0,
n,Z75-183,0.0061943269115474,0.0,0.0,0,2,0.0,
n,Z75-186,0.0210689245388352,0.0,0.0,0,1,0.0,
n,Z76-171,0.0448775883670792,0.0,0.0,0,1,0.0,
n,Z76-172,0.0224387941835396,0.0,0.0,0,1,0.0,
n,Z76-173,0.0448775883670792,0.0,0.0,0,1,0.0,
n,Z76-174,0.1346327651012377,0.0,0.0,0,2,0.0,
n,Z75-179,0.1570715592847773,0.0,0.0,0,3,0.0,
n,Z64-141,0.0224387941835396,0.0,0.0,0,1,0.0,
n,Z64-143,0.0673163825506189,0.0,0.0,0,1,0.0,
n,Z64-144,0.0224387941835396,0.0,0.0,0,1,0.0,
n,Z64-145,0.0224387941835396,0.0,0.0,0,1,0.0,
n,Z64-146,0.0173926326400314,0.0,0.0,0,2,0.0,
n,Z64-147,0.0448138116387044,0.0,0.0,0,1,0.0,
n,Z64-148,1.7913472643477612e-05,0.0,0.0,0,2,0.0,
n,Z64-149,0.0151203147232358,0.0,0.0,0,1,0.0,
n,Z64-150,7.136790887001358e-10,0.0,0.0,0,1,0.0,
n,Z70-161,0.0224387941835396,0.0,0.0,0,1,0.0,
n,Z65-147,0.0673163825506189,0.0,0.0,0,1,0.0,
n,Z65-149,0.0448775883670792,0.0,0.0,0,1,0.0,
n,Z65-152,0.0448775595657548,0.0,0.0,0,2,0.0,
n,Z65-153,0.0221749666874626,0.0,0.0,0,1,0.0,
n,Z65-154,0.0448775883664358,0.0,0.0,0,2,0.0,
n,Z65-156,0.0192252062986916,0.0,0.0,0,1,0.0,
n,Z66-146,0.0448775883670792,0.0,0.0,0,1,0.0,
n,Z66-147,0.0224387941835396,0.0,0.0,0,1,0.0,
n,Z66-148,0.0448775883670792,0.0,0.0,0,1,0.0,
n,Z65-146,0.0448775883670792,0.0,0.0,0,2,0.0,
n,Z60-144,2.789269822993534e-19,0.0,0.0,0,1,0.0,
n,Z61-137,0.0224387941835396,0.0,0.0,0,1,0.0,
n,Z61-138,0.0224387941835396,0.0,0.0,0,1,0.0,
n,Z61-139,0.0448775883670792,0.0,0.0,0,1,0.0,
n,Z61-140,0.0224387941835396,0.0,0.0,0,1,0.0,
n,Z61-141,0.0673163825506189,0.0,0.0,0,1,0.0,
n,Z61-142,0.0224387941835396,0.0,0.0,0,1,0.0,
n,Z62-138,0.0448775883670792,0.0,0.0,0,1,0.0,
n,Z62-139,0.0224387941835396,0.0,0.0,0,1,0.0,
n,Z63-147,0.023588575103416297,0.0,0.0,0,2,0.0,
n,Z62-141,0.0448775883670792,0.0,0.0,0,2,0.0,
n,Z62-142,0.0897551767341584,0.0,0.0,0,2,0.0,
n,Z62-148,1.0138774435960622e-19,0.0,0.0,0,1,0.0,
n,Z63-140,0.0224387941835396,0.0,0.0,0,1,0.0,
n,Z63-141,0.06731638255061881,0.0,0.0,0,2,0.0,
n,Z63-142,0.06731638255061881,0.0,0.0,0,2,0.0,
n,Z63-144,0.0448775883670792,0.0,0.0,0,1,0.0,
n,Z63-145,0.0185524537466423,0.0,0.0,0,1,0.0,
n,Z63-146,0.0401728087350731,0.0,0.0,0,1,0.0,
n,Z62-140,0.0673163825506189,0.0,0.0,0,1,0.0,
n,Z68-157,0.0897551767341585,0.0,0.0,0,1,0.0,
n,Z68-159,0.0448775883670792,0.0,0.0,0,1,0.0,
n,Z68-160,0.0673055112782533,0.0,0.0,0,2,0.0,
n,Z68-161,0.0448775883670792,0.0,0.0,0,2,0.0,
n,Z68-163,0.0224387941835396,0.0,0.0,0,1,0.0,
n,Z69-158,0.0673163825506189,0.0,0.0,0,1,0.0,
n,Z69-159,0.0448775883670792,0.0,0.0,0,1,0.0,
n,Z69-160,0.0897551767341585,0.0,0.0,0,1,0.0,
n,Z69-161,0.06731638255061881,0.0,0.0,0,2,0.0,
n,Z66-149,0.0224387941835396,0.0,0.0,0,1,0.0,
n,Z69-164,0.0448775883670792,0.0,0.0,0,2,0.0,
n,Z69-165,0.0224332242518826,0.0,0.0,0,1,0.0,
n,Z69-166,0.0224387941835394,0.0,0.0,0,1,0.0,
n,Z69-172,0.0219951281884123,0.0,0.0,0,1,0.0,
n,Z70-154,0.0224387941835396,0.0,0.0,0,1,0.0,
n,Z70-157,0.0224387941835396,0.0,0.0,0,1,0.0,
n,Z70-158,0.0897551767341585,0.0,0.0,0,1,0.0,
n,Z70-159,0.0673163825506189,0.0,0.0,0,1,0.0,
n,Z70-160,0.1570715592847774,0.0,0.0,0,3,0.0,
n,Z69-163,0.0897551767341584,0.0,0.0,0,3,0.0,
n,Z66-150,0.20194914765185662,0.0,0.0,0,2,0.0,
n,Z66-151,0.1121939709176981,0.0,0.0,0,1,0.0,
n,Z66-152,0.0897551767341585,0.0,0.0,0,2,0.0,
n,Z66-153,0.0897551767341584,0.0,0.0,0,3,0.0,
n,Z66-154,1.0645713107251839e-09,0.0,0.0,0,2,0.0,
n,Z66-157,0.044877588367077,0.0,0.0,0,2,0.0,
n,Z67-149,0.0224387941835396,0.0,0.0,0,1,0.0,
n,Z67-152,0.0448775883670792,0.0,0.0,0,1,0.0,
n,Z67-154,0.0224387941835396,0.0,0.0,0,1,0.0,
n,Z68-156,0.0897551767341585,0.0,0.0,0,2,0.0,
n,Z67-156,0.0448775883670792,0.0,0.0,0,1,0.0,
n,Z67-157,0.0224387941835396,0.0,0.0,0,1,0.0,
n,Z67-158,0.0448775883670792,0.0,0.0,0,2,0.0,
n,Z67-161,0.0224387941835396,0.0,0.0,0,1,0.0,
n,Z68-151,0.0224387941835396,0.0,0.0,0,1,0.0,
n,Z68-152,0.0448775883670792,0.0,0.0,0,1,0.0,
n,Z68-153,0.0224387941835396,0.0,0.0,0,1,0.0,
n,Z68-154,0.1121939709176981,0.0,0.0,0,2,0.0,
n,Z68-155,0.0224387941835396,0.0,0.0,0,1,0.0,
n,Z67-155,0.0224387941835396,0.0,0.0,0,1,0.0,
p,Z70-160,0.2994278069351981,0.0,0.0,0,1,0.0,
p,Z70-161,0.0998092689783992,0.0,0.0,0,2,0.0,
p,Z70-162,0.2495231724459983,0.0,0.0,0,2,0.0,
p,Z70-163,0.2495231724459982,0.0,0.0,0,3,0.0,
p,Z70-164,0.299427806935198,0.0,0.0,0,2,0.0,
p,Z70-165,0.29942780693519777,0.0,0.0,0,4,0.0,
p,Z70-166,0.0492925106135536,0.0,0.0,0,1,0.0,
p,Z70-167,0.14971390346759889,0.0,0.0,0,2,0.0,
p,O-15,26.848693355189432,0.0,0.0,0,17,0.0,
p,Z71-159,0.0499046344891996,0.0,0.0,0,1,0.0,
p,Z71-161,0.0998092689783993,0.0,0.0,0,1,0.0,
p,Z71-162,0.0499046344891996,0.0,0.0,0,1,0.0,
p,Z71-163,0.3493324414243975,0.0,0.0,0,4,0.0,
p,Z71-164,0.3992370759135974,0.0,0.0,0,2,0.0,
p,Z71-165,0.0998092689783993,0.0,0.0,0,1,0.0,
p,Z71-166,0.2495231724459983,0.0,0.0,0,2,0.0,
p,Z71-167,0.299427806935198,0.0,0.0,0,2,0.0,
p,Z71-168,0.34933244142439757,0.0,0.0,0,3,0.0,
p,Z70-178,0.0998092689783992,0.0,0.0,0,2,0.0,
p,Z68-159,0.2994278069351981,0.0,0.0,0,1,0.0,
p,Z68-160,0.0997931502609855,0.0,0.0,0,1,0.0,
p,Z68-161,0.1996185379567986,0.0,0.0,0,2,0.0,
p,Z68-163,0.0499046344891996,0.0,0.0,0,1,0.0,
p,Z69-156,0.0499046344891996,0.0,0.0,0,1,0.0,
p,Z69-157,0.0499046344891996,0.0,0.0,0,1,0.0,
p,Z69-158,0.149713903467599,0.0,0.0,0,1,0.0,
p,Z69-159,0.1996185379567986,0.0,0.0,0,2,0.0,
p,Z69-160,0.299427806935198,0.0,0.0,0,2,0.0,
p,Z70-159,0.149713903467599,0.0,0.0,0,1,0.0,
p,Z69-163,0.0998092689783992,0.0,0.0,0,2,0.0,
p,Z69-165,0.14967674032043582,0.0,0.0,0,2,0.0,
p,Z69-166,0.0499046344891992,0.0,0.0,0,1,0.0,
p,Z69-167,0.0336871261710354,0.0,0.0,0,1,0.0,
p,Z69-168,0.0052733068742983,0.0,0.0,0,1,0.0,
p,Z70-154,0.0499046344891996,0.0,0.0,0,1,0.0,
p,Z70-156,0.14971390346759889,0.0,0.0,0,2,0.0,
p,Z70-157,0.0998092689783992,0.0,0.0,0,2,0.0,
p,Z70-158,0.0499046344891996,0.0,0.0,0,1,0.0,
p,Z69-161,0.149713903467599,0.0,0.0,0,1,0.0,
p,Z72-175,0.0136587447473718,0.0,0.0,0,2,0.0,
p,Z72-181,0.0108547912012085,0.0,0.0,0,1,0.0,
p,Z75-170,0.0499046344891996,0.0,0.0,0,1,0.0,
p,Z75-171,0.149713903467599,0.0,0.0,0,1,0.0,
p,Z75-172,0.0998092689783993,0.0,0.0,0,1,0.0,
p,Z75-173,0.49904634489199684,0.0,0.0,0,2,0.0,
p,Z75-174,0.34933244142439757,0.0,0.0,0,3,0.0,
p,Z75-175,0.7485695173379953,0.0,0.0,0,2,0.0,
p,Z75-176,0.5988556138703962,0.0,0.0,0,2,0.0,
p,Z71-169,0.2992307777423931,0.0,0.0,0,2,0.0,
p,Z75-178,0.44914171040279705,0.0,0.0,0,2,0.0,
p,Z75-179,0.1996185379567986,0.0,0.0,0,2,0.0,
p,Z75-180,0.3992370759135973,0.0,0.0,0,3,0.0,
p,Z75-181,0.0499044556873063,0.0,0.0,0,1,0.0,
p,Z75-182,0.0977621069971828,0.0,0.0,0,2,0.0,
p,Z75-183,0.006888195905245,0.0,0.0,0,1,0.0,
p,Z75-184,0.0127009634023944,0.0,0.0,0,1,0.0,
p,Z75-186,0.0468579982324719,0.0,0.0,0,1,0.0,
p,Z76-170,0.0998092689783993,0.0,0.0,0,1,0.0,
p,Z75-177,0.3493324414243978,0.0,0.0,0,1,0.0,
p,Z71-170,0.0992405320033958,0.0,0.0,0,2,0.0,
p,Z71-171,0.0715185158214406,0.0,0.0,0,2,0.0,
p,Z71-172,0.1573270350455973,0.0,0.0,0,3,0.0,
p,Z71-173,0.0010262252867737,0.0,0.0,0,1,0.0,
p,Z71-174,0.0008546794233592,0.0,0.0,0,1,0.0,
p,Z71-179,0.0499046344891996,0.0,0.0,0,1,0.0,
p,Z72-157,0.0499046344891996,0.0,0.0,0,1,0.0,
p,Z72-162,0.0998092689783993,0.0,0.0,0,1,0.0,
p,Z72-163,0.0499046344891996,0.0,0.0,0,1,0.0,
p,Z72-174,3.551463726187204e-18,0.0,0.0,0,3,0.0,
p,Z72-165,0.4990463448919967,0.0,0.0,0,3,0.0,
p,Z72-166,0.4990463448919968,0.0,0.0,0,2,0.0,
p,Z72-167,0.2994278069351981,0.0,0.0,0,1,0.0,
p,Z72-168,0.5988556138703961,0.0,0.0,0,3,0.0,
p,Z72-169,0.4990463448919967,0.0,0.0,0,3,0.0,
p,Z72-170,0.1996185039742021,0.0,0.0,0,3,0.0,
p,Z72-171,0.0998092688680152,0.0,0.0,0,2,0.0,
p,Z72-172,0.0030156743145181002,0.0,0.0,0,3,0.0,
p,Z72-173,0.1497100727587131,0.0,0.0,0,2,0.0,
p,Z72-164,0.2994278069351981,0.0,0.0,0,1,0.0,
p,Z63-149,0.0158199206228949,0.0,0.0,0,1,0.0,
p,Z63-150,3.848340611567131e-05,0.0,0.0,0,1,0.0,
p,Z63-154,0.0001650645750503,0.0,0.0,0,1,0.0,
p,Z63-155,0.0002986778059042,0.0,0.0,0,1,0.0,
p,Z64-142,0.0499046344891996,0.0,0.0,0,1,0.0,
p,Z64-143,0.1996185379567987,0.0,0.0,0,1,0.0,
p,Z64-144,0.0998092689783993,0.0,0.0,0,1,0.0,
p,Z64-145,0.149713903467599,0.0,0.0,0,1,0.0,
p,Z64-146,0.0483522514404101,0.0,0.0,0,2,0.0,
p,Z68-157,0.5988556138703961,0.0,0.0,0,3,0.0,
p,Z64-148,5.976025030976119e-05,0.0,0.0,0,1,0.0,
p,Z64-149,0.2017685371466923,0.0,0.0,0,2,0.0,
p,Z64-150,3.1744926909033342e-09,0.0,0.0,0,1,0.0,
p,Z64-151,0.0160676199103739,0.0,0.0,0,1,0.0,
p,Z64-152,1.3153569356248901e-17,0.0,0.0,0,1,0.0,
p,Z64-153,0.002110629673942,0.0,0.0,0,1,0.0,
p,Z65-146,0.0499046344891996,0.0,0.0,0,1,0.0,
p,Z65-147,0.14971390346759889,0.0,0.0,0,2,0.0,
p,Z65-148,0.0998092689783992,0.0,0.0,0,2,0.0,
p,Z64-147,0.24916856846277768,0.0,0.0,0,2,0.0,
p,Z61-144,0.0014091142002029,0.0,0.0,0,1,0.0,
p,Z61-145,0.0001603891271382,0.0,0.0,0,1,0.0,
p,Z61-146,0.0002562270310965,0.0,0.0,0,1,0.0,
p,Z61-147,0.0010771563948814,0.0,0.0,0,1,0.0,
p,Z62-138,0.0998092689783993,0.0,0.0,0,1,0.0,
p,Z62-139,0.0998092689783993,0.0,0.0,0,1,0.0,
p,Z62-140,0.1996185379567987,0.0,0.0,0,1,0.0,
p,Z62-141,0.0499046344891996,0.0,0.0,0,1,0.0,
p,Z62-142,0.0499046344891996,0.0,0.0,0,1,0.0,
p,Z63-147,0.0349745240030344,0.0,0.0,0,1,0.0,
p,Z62-145,0.0030059740840459,0.0,0.0,0,1,0.0,
p,Z62-146,6.267288927253856e-11,0.0,0.0,0,1,0.0,
p,Z62-147,1.3326317921901423e-14,0.0,0.0,0,1,0.0,
p,Z62-162,0.0499046344891996,0.0,0.0,0,1,0.0,
p,Z63-141,0.149713903467599,0.0,0.0,0,1,0.0,
p,Z63-143,0.0499046344891996,0.0,0.0,0,1,0.0,
p,Z63-144,0.14971390346759889,0.0,0.0,0,2,0.0,
p,Z63-145,0.0412612823813476,0.0,0.0,0,1,0.0,
p,Z63-146,0.1786913610357025,0.0,0.0,0,1,0.0,
p,Z62-143,0.1996185379567986,0.0,0.0,0,2,0.0,
p,Z67-149,0.0499046344891996,0.0,0.0,0,1,0.0,
p,Z67-150,0.0499046344891996,0.0,0.0,0,1,0.0,
p,Z67-152,0.0499046344891996,0.0,0.0,0,1,0.0,
p,Z67-153,0.14971390346759889,0.0,0.0,0,2,0.0,
p,Z67-154,0.2994278069351979,0.0,0.0,0,3,0.0,
p,Z67-155,0.2495231724459983,0.0,0.0,0,2,0.0,
p,Z67-156,0.299427806935198,0.0,0.0,0,2,0.0,
p,Z67-157,0.149713903467599,0.0,0.0,0,1,0.0,
p,Z67-158,0.0998092689783992,0.0,0.0,0,2,0.0,
p,Z65-149,0.0998092689783992,0.0,0.0,0,2,0.0,
p,Z67-160,0.0998092689783993,0.0,0.0,0,1,0.0,
p,Z67-161,0.0998092689783993,0.0,0.0,0,1,0.0,
p,Z68-149,0.0499046344891996,0.0,0.0,0,1,0.0,
p,Z68-151,0.0499046344891996,0.0,0.0,0,1,0.0,
p,Z68-152,0.1996185379567986,0.0,0.0,0,2,0.0,
p,Z68-153,0.149713903467599,0.0,0.0,0,1,0.0,
p,Z68-154,0.3493324414243977,0.0,0.0,0,2,0.0,
p,Z68-155,0.14971390346759889,0.0,0.0,0,2,0.0,
p,Z68-156,0.1996185379567986,0.0,0.0,0,2,0.0,
p,Z67-159,0.0499046344891996,0.0,0.0,0,1,0.0,
p,Z65-150,0.299427806935198,0.0,0.0,0,2,0.0,
p,Z65-151,0.0998091990125319,0.0,0.0,0,1,0.0,
p,Z65-152,0.0499046024616417,0.0,0.0,0,1,0.0,
p,Z65-153,0.1479536197394859,0.0,0.0,0,1,0.0,
p,Z65-154,0.0499046344884842,0.0,0.0,0,1,0.0,
p,Z65-157,2.000423593135649e-05,0.0,0.0,0,1,0.0,
p,Z65-158,7.891517597396666e-06,0.0,0.0,0,1,0.0,
p,Z66-145,0.0998092689783993,0.0,0.0,0,1,0.0,
p,Z66-146,0.0499046344891996,0.0,0.0,0,1,0.0,
p,Z66-159,0.0034669613681808,0.0,0.0,0,1,0.0,
p,Z66-148,0.0499046344891996,0.0,0.0,0,1,0.0,
p,Z66-149,0.1996185379567986,0.0,0.0,0,2,0.0,
p,Z66-150,0.2495231724459982,0.0,0.0,0,3,0.0,
p,Z66-151,0.299427806935198,0.0,0.0,0,2,0.0,
p,Z66-152,0.299427806935198,0.0,0.0,0,2,0.0,
p,Z66-153,0.3493324414243977,0.0,0.0,0,2,0.0,
p,Z66-154,1.4205854837351499e-09,0.0,0.0,0,2,0.0,
p,Z66-155,0.1497139034659058,0.0,0.0,0,1,0.0,
p,Z66-157,0.0499046344891972,0.0,0.0,0,1,0.0,
p,Z66-147,0.0499046344891996,0.0,0.0,0,1,0.0,
p,Z82-187,0.0998092689783992,0.0,0.0,0,2,0.0,
p,Z82-188,0.2495231724459983,0.0,0.0,0,2,0.0,
p,Z82-189,0.5489509793811965,0.0,0.0,0,2,0.0,
p,Z82-190,0.299427806935198,0.0,0.0,0,2,0.0,
p,Z82-191,0.9980926897839937,0.0,0.0,0,2,0.0,
p,Z82-192,1.8963761105895882,0.0,0.0,0,3,0.0,
p,Z82-193,1.5470436691651905,0.0,0.0,0,2,0.0,
p,Z82-194,3.1439919728195806,0.0,0.0,0,3,0.0,
p,Z76-172,0.1996185379567986,0.0,0.0,0,2,0.0,
p,Z82-196,7.036553462977157,0.0,0.0,0,3,0.0,
p,Z82-197,9.332166649480342,0.0,0.0,0,3,0.0,
p,Z82-198,9.581689821926341,0.0,0.0,0,3,0.0,
p,Z82-199,8.733311035609946,0.0,0.0,0,3,0.0,
p,Z82-200,9.282177457600945,0.0,0.0,0,3,0.0,
p,Z82-201,9.681499090881264,0.0,0.0,0,3,0.0,
p,Z82-202,5.601164129655524e-06,0.0,0.0,0,3,0.0,
p,Z82-203,8.859834230146335,0.0,0.0,0,3,0.0,
p,Z82-204,0.0,0.0,0.0,0,3,,
p,Z82-195,2.694850262416783,0.0,0.0,0,3,0.0,
p,Z81-187,0.3493324414243977,0.0,0.0,0,2,0.0,
p,Z81-188,0.299427806935198,0.0,0.0,0,2,0.0,
p,Z81-189,0.8982834208055943,0.0,0.0,0,2,0.0,
p,Z81-190,1.0479973242731935,0.0,0.0,0,2,0.0,
p,Z81-192,1.8464714761003886,0.0,0.0,0,2,0.0,
p,Z81-193,2.9942780693519815,0.0,0.0,0,3,0.0,
p,Z81-194,3.493324414243978,0.0,0.0,0,3,0.0,
p,Z81-195,4.142084662603574,0.0,0.0,0,3,0.0,
p,Z81-196,4.89065417994157,0.0,0.0,0,3,0.0,
p,Z82-186,0.0998092689783993,0.0,0.0,0,1,0.0,
p,Z81-198,6.287983945639162,0.0,0.0,0,2,0.0,
p,Z81-199,8.334073959696328,0.0,0.0,0,3,0.0,
p,Z81-200,6.586947689578847,0.0,0.0,0,3,0.0,
p,Z81-201,8.109106823502348,0.0,0.0,0,3,0.0,
p,Z81-202,4.3827586286209685,0.0,0.0,0,3,0.0,
p,Z81-204,0.0269358436704823,0.0,0.0,0,2,0.0,
p,Z81-206,2.944373434862782,0.0,0.0,0,2,0.0,
p,Z81-207,2.1958039175247865,0.0,0.0,0,2,0.0,
p,Z81-208,0.0499046344891996,0.0,0.0,0,1,0.0,
p,Z81-197,6.58741175257436,0.0,0.0,0,3,0.0,
p,Zr-89,0.3348696300687426,0.0,0.0,0,3,0.0,
p,Zr-93,2.6470536855584628e-09,0.0,0.0,0,2,0.0,
p,Zr-95,0.0299183886194992,0.0,0.0,0,2,0.0,
alpha,Al-25,0.593965427084084,0.0,0.0,0,11,0.0,
alpha,Al-24,0.0296982713542042,0.0,0.0,0,1,0.0,
alpha,Au-183,0.1187930854168168,0.0,0.0,0,1,0.0,
alpha,Au-184,0.1187930854168168,0.0,0.0,0,1,0.0,
alpha,Au-185,0.3266809848962462,0.0,0.0,0,2,0.0,
alpha,Au-186,0.3266809848962462,0.0,0.0,0,2,0.0,
p,Z82-205,1.3537344074367871e-08,0.0,0.0,0,3,0.0,
alpha,Au-188,0.2672844421878378,0.0,0.0,0,2,0.0,
alpha,Au-189,0.4157757989588588,0.0,0.0,0,2,0.0,
alpha,Au-190,0.35637925625045036,0.0,0.0,0,2,0.0,
alpha,Au-191,0.5345688843756756,0.0,0.0,0,2,0.0,
alpha,Au-192,0.2375861708336336,0.0,0.0,0,2,0.0,
alpha,Au-193,0.3860772479088556,0.0,0.0,0,2,0.0,
alpha,Au-194,0.266907208252066,0.0,0.0,0,2,0.0,
alpha,Au-195,0.0080723593125151,0.0,0.0,0,2,0.0,
alpha,Au-196,0.0967963574996472,0.0,0.0,0,2,0.0,
alpha,Au-187,0.2375861708336336,0.0,0.0,0,2,0.0,
p,Z82-209,0.798474151827195,0.0,0.0,0,2,0.0,
p,Z84-195,0.0998092689783992,0.0,0.0,0,2,0.0,
p,Z84-196,0.1996185379567987,0.0,0.0,0,1,0.0,
p,Z84-197,0.39923707591359736,0.0,0.0,0,2,0.0,
p,Z84-198,0.948188055294794,0.0,0.0,0,2,0.0,
p,Z84-199,0.9980926897839938,0.0,0.0,0,2,0.0,
p,Z84-200,1.3973297656975914,0.0,0.0,0,2,0.0,
p,Z84-201,2.0460900140571874,0.0,0.0,0,2,0.0,
p,Z84-202,3.094087338330381,0.0,0.0,0,3,0.0,
p,Zr-88,0.0584927052433283,0.0,0.0,0,3,0.0,
p,Zn-63,1.9462807450787876,0.0,0.0,0,7,0.0,
p,Zn-65,0.3019396918366292,0.0,0.0,0,5,0.0,
p,Zn-69,4.491417104027973,0.0,0.0,0,3,0.0,
p,Zn-71,1.3474251312083918,0.0,0.0,0,2,0.0,
p,Zn-72,1.142444752514713,0.0,0.0,0,2,0.0,
p,Zn-73,0.149713903467599,0.0,0.0,0,1,0.0,
p,Zn-74,0.0998092689783993,0.0,0.0,0,1,0.0,
p,Zr-86,0.0499046209929314,0.0,0.0,0,1,0.0,
p,Zr-87,0.0998092689783993,0.0,0.0,0,1,0.0,
alpha,Au-182,0.148491356771021,0.0,0.0,0,2,0.0,
p,Z77-180,0.6487602483595959,0.0,0.0,0,2,0.0,
p,Z77-181,0.8483787863163946,0.0,0.0,0,2,0.0,
p,Z77-182,0.3493324414243977,0.0,0.0,0,2,0.0,
p,Z77-183,0.4990463448919968,0.0,0.0,0,2,0.0,
p,Z77-184,0.7485695173379954,0.0,0.0,0,2,0.0,
p,Z77-185,0.2495231650096283,0.0,0.0,0,2,0.0,
p,Z77-186,0.4491415724548591,0.0,0.0,0,2,0.0,
p,Z77-187,0.0998092689736335,0.0,0.0,0,1,0.0,
p,Z77-188,0.0995650236116526,0.0,0.0,0,1,0.0,
p,Z81-186,0.14971390346759889,0.0,0.0,0,2,0.0,
p,Z77-190,0.0877773266282656,0.0,0.0,0,1,0.0,
p,Z77-192,0.0065562918600212,0.0,0.0,0,1,0.0,
p,Z77-196,0.0499046344891996,0.0,0.0,0,1,0.0,
p,Z78-175,0.0499046344891996,0.0,0.0,0,1,0.0,
p,Z78-176,0.0998092689783993,0.0,0.0,0,1,0.0,
p,Z78-177,0.14971390346759889,0.0,0.0,0,2,0.0,
p,Z78-178,0.6487602483595959,0.0,0.0,0,2,0.0,
p,Z78-179,0.2994278069351981,0.0,0.0,0,1,0.0,
p,Z78-180,0.9481880552947941,0.0,0.0,0,2,0.0,
p,Z77-189,0.0544055596988074,0.0,0.0,0,1,0.0,
p,Z76-173,0.149713903467599,0.0,0.0,0,1,0.0,
p,Z76-174,0.3493324414243978,0.0,0.0,0,1,0.0,
p,Z76-175,0.798474151827195,0.0,0.0,0,3,0.0,
p,Z76-176,1.0979019587623933,0.0,0.0,0,3,0.0,
p,Z76-177,0.798474151827195,0.0,0.0,0,2,0.0,
p,Z76-178,0.4491417104027971,0.0,0.0,0,2,0.0,
p,Z76-179,0.4990463448919968,0.0,0.0,0,2,0.0,
p,Z76-180,0.5988556138703963,0.0,0.0,0,1,0.0,
p,Z76-181,0.6487602483595959,0.0,0.0,0,2,0.0,
p,Z77-179,0.449141710402797,0.0,0.0,0,3,0.0,
p,Z76-183,0.0998092685181898,0.0,0.0,0,1,0.0,
p,Z76-184,3.805139706629143e-16,0.0,0.0,0,1,0.0,
p,Z76-185,0.0211253988680344,0.0,0.0,0,1,0.0,
p,Z76-186,2.1308782357123225e-18,0.0,0.0,0,1,0.0,
p,Z76-197,0.0499046344891996,0.0,0.0,0,1,0.0,
p,Z77-175,0.0998092689783993,0.0,0.0,0,1,0.0,
p,Z77-176,0.0998092689783993,0.0,0.0,0,1,0.0,
p,Z77-177,0.149713903467599,0.0,0.0,0,1,0.0,
p,Z77-178,0.3992370759135973,0.0,0.0,0,3,0.0,
p,Z76-182,0.8483695274694514,0.0,0.0,0,2,0.0,
p,Z80-184,0.5489509793811966,0.0,0.0,0,1,0.0,
p,Z80-185,0.8483787863163947,0.0,0.0,0,2,0.0,
p,Z80-186,0.7485695173379953,0.0,0.0,0,3,0.0,
p,Z80-187,1.3973297656975912,0.0,0.0,0,2,0.0,
p,Z80-188,2.295613186503186,0.0,0.0,0,2,0.0,
p,Z80-189,1.5969483036543901,0.0,0.0,0,2,0.0,
p,Z80-190,2.3455178209923853,0.0,0.0,0,3,0.0,
p,Z80-191,1.7965668416111884,0.0,0.0,0,3,0.0,
p,Z80-192,3.493324414243979,0.0,0.0,0,3,0.0,
p,Z78-181,0.5489509793811966,0.0,0.0,0,1,0.0,
p,Z80-194,0.0001779647750934298,0.0,0.0,0,2,0.0,
p,Z80-195,2.694850262220471,0.0,0.0,0,2,0.0,
p,Z80-197,2.148754627483258,0.0,0.0,0,2,0.0,
p,Z80-203,0.43902837193027183,0.0,0.0,0,2,0.0,
p,Z80-205,1.7965668416111888,0.0,0.0,0,3,0.0,
p,Z80-206,1.2476158622299922,0.0,0.0,0,3,0.0,
p,Z80-207,0.6986648828487956,0.0,0.0,0,2,0.0,
p,Z81-184,0.0998092689783993,0.0,0.0,0,1,0.0,
p,Z81-185,0.0499046344891996,0.0,0.0,0,1,0.0,
p,Z80-193,2.4952317244599844,0.0,0.0,0,3,0.0,
p,Z78-182,1.0479973242731933,0.0,0.0,0,3,0.0,
p,Z78-183,0.7485695173379953,0.0,0.0,0,3,0.0,
p,Z78-184,1.5470436691651903,0.0,0.0,0,3,0.0,
p,Z78-185,1.5470436691651903,0.0,0.0,0,3,0.0,
p,Z78-186,1.3474251312083918,0.0,0.0,0,2,0.0,
p,Z78-187,0.6986648828487956,0.0,0.0,0,2,0.0,
p,Z78-188,0.6713575983774628,0.0,0.0,0,2,0.0,
p,Z78-189,0.3493324413869416,0.0,0.0,0,1,0.0,
p,Z78-190,3.823522024052364e-14,0.0,0.0,0,2,0.0,
p,Z80-183,0.2495231724459983,0.0,0.0,0,2,0.0,
p,Z78-193,8.52108709975521e-05,0.0,0.0,0,1,0.0,
p,Z78-197,0.0998089132856332,0.0,0.0,0,2,0.0,
p,Z78-200,0.049904634364092,0.0,0.0,0,1,0.0,
p,Z78-201,0.0499046344891996,0.0,0.0,0,1,0.0,
p,Z78-203,0.0998092689783993,0.0,0.0,0,1,0.0,
p,Z78-204,0.0998092689783993,0.0,0.0,0,1,0.0,
p,Z80-180,0.0499046344891996,0.0,0.0,0,1,0.0,
p,Z80-181,0.0998092689783993,0.0,0.0,0,1,0.0,
p,Z80-182,0.0998092689783992,0.0,0.0,0,2,0.0,
p,Z78-191,0.3404675469331476,0.0,0.0,0,1,0.0,
p,Z18-39,3.7102874398145264e-05,0.0,0.0,0,5,0.0,
p,Z18-44,0.0499046344891996,0.0,0.0,0,1,0.0,
p,Z21-42,0.0499046344891996,0.0,0.0,0,1,0.0,
p,Z21-43,0.2994278069351976,0.0,0.0,0,6,0.0,
p,Z21-44,0.3992370759135969,0.0,0.0,0,7,0.0,
p,Z21-46,0.0640844002142069,0.0,0.0,0,11,0.0,
p,Z21-47,0.4289967729562059,0.0,0.0,0,7,0.0,
p,Z21-48,0.1989599461944048,0.0,0.0,0,4,0.0,
p,Z61-143,0.0076803295469445,0.0,0.0,0,2,0.0,
p,Z21-50,0.0499046344891996,0.0,0.0,0,1,0.0,
p,Z31-63,0.0499046344891996,0.0,0.0,0,1,0.0,
p,Z31-64,0.0499046344891996,0.0,0.0,0,1,0.0,
p,Z31-65,0.5489509793811965,0.0,0.0,0,2,0.0,
p,Z31-66,1.397329765694447,0.0,0.0,0,3,0.0,
p,Z31-67,2.9185550379442633,0.0,0.0,0,3,0.0,
p,Z31-68,5.788937600747165,0.0,0.0,0,3,0.0,
p,Z31-70,8.08455078725035,0.0,0.0,0,3,0.0,
p,Z31-72,4.491417019808941,0.0,0.0,0,3,0.0,
p,Z21-49,0.1497139034675988,0.0,0.0,0,3,0.0,
p,Y-94,0.149713903467599,0.0,0.0,0,1,0.0,
p,Y-95,0.0499046344891996,0.0,0.0,0,1,0.0,
p,Z10-19,0.1996185379567984,0.0,0.0,0,4,0.0,
p,Z10-23,1.44723440018679,0.0,0.0,0,12,0.0,
p,Z10-24,0.8982834208055939,0.0,0.0,0,8,0.0,
p,Z10-25,0.4491417104027966,0.0,0.0,0,7,0.0,
p,Z15-29,0.0499046344891996,0.0,0.0,0,1,0.0,
p,Z15-30,0.1996185379567984,0.0,0.0,0,4,0.0,
p,Z15-32,0.2065825916957736,0.0,0.0,0,6,0.0,
p,Z18-37,0.2436212811895074,0.0,0.0,0,14,0.0,
p,Z15-34,0.0499046344891996,0.0,0.0,0,1,0.0,
p,Z16-31,0.0499046344891996,0.0,0.0,0,1,0.0,
p,Z16-35,0.0223960032486356,0.0,0.0,0,4,0.0,
p,Z16-37,0.0499046344891996,0.0,0.0,0,1,0.0,
p,Z16-38,0.0499046344891996,0.0,0.0,0,1,0.0,
p,Z17-34,0.1996185379567984,0.0,0.0,0,4,0.0,
p,Z17-36,9.429707423620044e-08,0.0,0.0,0,17,0.0,
p,Z17-38,0.149713903467599,0.0,0.0,0,1,0.0,
p,Z17-40,0.0499046344891996,0.0,0.0,0,1,0.0,
p,Z15-33,0.0335805100271258,0.0,0.0,0,1,0.0,
p,Z33-77,0.249122001917038,0.0,0.0,0,2,0.0,
p,Z33-78,0.0998092689783993,0.0,0.0,0,1,0.0,
p,Z34-72,0.035430676245074,0.0,0.0,0,1,0.0,
p,Z34-73,0.0499046344891996,0.0,0.0,0,1,0.0,
p,Z34-75,0.0124474947013441,0.0,0.0,0,1,0.0,
p,Z34-79,8.688595893837803e-09,0.0,0.0,0,1,0.0,
p,Z34-83,0.0499046344891996,0.0,0.0,0,1,0.0,
p,Z35-76,0.0499046242895461,0.0,0.0,0,1,0.0,
p,Z35-77,0.1971049617202813,0.0,0.0,0,1,0.0,
p,Z31-73,3.842656855668376,0.0,0.0,0,2,0.0,
p,Z35-82,0.1495869333245398,0.0,0.0,0,1,0.0,
p,Z35-83,0.1996185379567987,0.0,0.0,0,1,0.0,
p,Z35-84,0.0499046344891996,0.0,0.0,0,1,0.0,
p,Z35-85,0.0499046344891996,0.0,0.0,0,1,0.0,
p,Z36-76,0.0499046321135104,0.0,0.0,0,1,0.0,
p,Z36-77,0.0499046344891996,0.0,0.0,0,1,0.0,
p,Z36-79,0.0997286574887541,0.0,0.0,0,1,0.0,
p,Z36-81,2.4813718815396587e-08,0.0,0.0,0,2,0.0,
p,Z36-85,0.000528971828434,0.0,0.0,0,2,0.0,
p,Z35-80,0.2495231724459984,0.0,0.0,0,1,0.0,
p,Z31-74,1.2975204967191918,0.0,0.0,0,2,0.0,
p,Z31-75,0.3992370759135974,0.0,0.0,0,2,0.0,
p,Z31-76,0.0998092689783993,0.0,0.0,0,1,0.0,
p,Z32-65,0.0499046344891996,0.0,0.0,0,1,0.0,
p,Z32-66,0.34933244142439757,0.0,0.0,0,3,0.0,
p,Z32-67,0.6986648828487956,0.0,0.0,0,2,0.0,
p,Z32-68,0.1051703426155515,0.0,0.0,0,4,0.0,
p,Z32-69,10.811132956625304,0.0,0.0,0,4,0.0,
p,Z32-71,21.939878015652816,0.0,0.0,0,3,0.0,
p,Z33-76,0.0998018718993451,0.0,0.0,0,1,0.0,
p,Z32-77,1.1478065930041936,0.0,0.0,0,2,0.0,
p,Z32-78,0.0998092689783993,0.0,0.0,0,1,0.0,
p,Z33-68,0.1996185379567986,0.0,0.0,0,2,0.0,
p,Z33-69,0.2495231724459983,0.0,0.0,0,2,0.0,
p,Z33-70,0.5988556138703962,0.0,0.0,0,2,0.0,
p,Z33-71,0.3904943386128318,0.0,0.0,0,2,0.0,
p,Z33-72,1.6966423567998514,0.0,0.0,0,2,0.0,
p,Z33-73,0.1697021279861266,0.0,0.0,0,2,0.0,
p,Z33-74,0.2431574197944562,0.0,0.0,0,2,0.0,
p,Z32-75,10.629687146199535,0.0,0.0,0,3,0.0,
p,Sr-92,0.0499046344891996,0.0,0.0,0,1,0.0,
p,Sr-93,0.0499046344891996,0.0,0.0,0,1,0.0,
p,Ta-164,0.0499046344891996,0.0,0.0,0,1,0.0,
p,Ta-165,0.0499046344891996,0.0,0.0,0,1,0.0,
p,Ta-166,0.0499046344891996,0.0,0.0,0,1,0.0,
p,Ta-167,0.0499046344891996,0.0,0.0,0,1,0.0,
p,Ta-168,0.3493324414243978,0.0,0.0,0,1,0.0,
p,Ta-169,0.3992370759135972,0.0,0.0,0,4,0.0,
p,Ta-170,0.4990463448919968,0.0,0.0,0,2,0.0,
p,Y-93,0.1497139034642121,0.0,0.0,0,2,0.0,
p,Ta-172,0.299427806935198,0.0,0.0,0,2,0.0,
p,Ta-173,0.34933244142439757,0.0,0.0,0,3,0.0,
p,Ta-174,0.299427806935198,0.0,0.0,0,2,0.0,
p,Ta-175,0.2994278069209005,0.0,0.0,0,2,0.0,
p,Ta-176,0.2994278069351859,0.0,0.0,0,3,0.0,
p,Ta-177,0.098617096458738,0.0,0.0,0,2,0.0,
p,Ta-178,0.0998092689783992,0.0,0.0,0,2,0.0,
p,Ta-179,0.0015489381717132,0.0,0.0,0,2,0.0,
p,Ta-180,0.449141710402774,0.0,0.0,0,4,0.0,
p,Ta-171,0.1996185379567986,0.0,0.0,0,2,0.0,
p,O-13,0.149713903467599,0.0,0.0,0,1,0.0,
p,O-14,1.5470436691651905,0.0,0.0,0,2,0.0,
n,Z31-73,2.44582856600582,0.0,0.0,0,3,0.0,
p,O-19,0.1497139034675988,0.0,0.0,0,3,0.0,
p,O-20,0.1996185379567984,0.0,0.0,0,4,0.0,
p,O-21,0.0499046344891996,0.0,0.0,0,1,0.0,
p,Si-24,0.0499046344891996,0.0,0.0,0,1,0.0,
p,Si-25,0.0499046344891996,0.0,0.0,0,1,0.0,
p,Si-26,0.0998092689783992,0.0,0.0,0,2,0.0,
p,Sr-91,0.0998092689778118,0.0,0.0,0,2,0.0,
p,Si-31,0.0998092689783993,0.0,0.0,0,1,0.0,
p,Si-32,2.714248497272022e-05,0.0,0.0,0,3,0.0,
p,Sr-80,0.0499046344891996,0.0,0.0,0,1,0.0,
p,Sr-81,0.0998092689783992,0.0,0.0,0,2,0.0,
p,Sr-82,0.0167902550135629,0.0,0.0,0,1,0.0,
p,Sr-83,0.1995280782530555,0.0,0.0,0,1,0.0,
p,Sr-85,0.044358212727769304,0.0,0.0,0,2,0.0,
p,Sr-89,0.0649285875122924,0.0,0.0,0,2,0.0,
p,Sr-90,0.000196456082438,0.0,0.0,0,1,0.0,
p,Si-27,0.5489509793811957,0.0,0.0,0,9,0.0,
p,W-171,0.3992370759135973,0.0,0.0,0,3,0.0,
p,W-172,1.0479973242731933,0.0,0.0,0,4,0.0,
p,W-173,0.4990463448919968,0.0,0.0,0,2,0.0,
p,W-174,0.6487602483595958,0.0,0.0,0,3,0.0,
p,W-175,0.3992370759135973,0.0,0.0,0,3,0.0,
p,W-177,0.2994278069351979,0.0,0.0,0,3,0.0,
p,W-178,0.2097282406393543,0.0,0.0,0,3,0.0,
p,W-179,0.4990463448919968,0.0,0.0,0,2,0.0,
p,W-180,1.518864989815911e-20,0.0,0.0,0,2,0.0,
p,Ta-182,0.20751795960046632,0.0,0.0,0,7,0.0,
p,W-183,0.0,0.0,0.0,0,4,,
p,W-185,0.2064674088296525,0.0,0.0,0,1,0.0,
p,W-187,4.042161905028276,0.0,0.0,0,3,0.0,
p,Y-86,0.24952316135543529,0.0,0.0,0,2,0.0,
p,Y-87,0.238581572600229,0.0,0.0,0,3,0.0,
p,Y-88,0.0463639737445818,0.0,0.0,0,2,0.0,
p,Y-90,0.4889032846119492,0.0,0.0,0,3,0.0,
p,Y-91,0.0324991316385069,0.0,0.0,0,1,0.0,
p,Y-92,0.1996185379567987,0.0,0.0,0,1,0.0,
p,W-181,0.0822106732844442,0.0,0.0,0,1,0.0,
p,Ta-183,0.0434069512029977,0.0,0.0,0,1,0.0,
p,Ti-44,0.00028837429990392715,0.0,0.0,0,10,0.0,
p,Ti-45,0.9481880552947928,0.0,0.0,0,15,0.0,
p,Ti-51,0.0499046344891996,0.0,0.0,0,1,0.0,
p,Ti-52,0.0499046344891996,0.0,0.0,0,1,0.0,
p,Ti-54,0.0499046344891996,0.0,0.0,0,1,0.0,
p,V-45,0.0499046344891996,0.0,0.0,0,1,0.0,
p,V-47,1.1478065932515915,0.0,0.0,0,17,0.0,
p,V-48,1.002777706608247,0.0,0.0,0,25,0.0,
p,W-170,0.4990463448919968,0.0,0.0,0,2,0.0,
p,V-50,2.1492252807922563e-19,0.0,0.0,0,28,0.0,
p,V-52,0.4491417104027965,0.0,0.0,0,8,0.0,
p,V-53,0.1996185379567984,0.0,0.0,0,4,0.0,
p,V-54,0.1996185379567984,0.0,0.0,0,4,0.0,
p,W-165,0.0499046344891996,0.0,0.0,0,1,0.0,
p,W-166,0.0499046344891996,0.0,0.0,0,1,0.0,
p,W-167,0.1996185379567987,0.0,0.0,0,1,0.0,
p,W-168,0.299427806935198,0.0,0.0,0,2,0.0,
p,W-169,0.1996185379567986,0.0,0.0,0,2,0.0,
p,V-49,0.0696518322051468,0.0,0.0,0,26,0.0,
p,Z54-120,0.0998092689783992,0.0,0.0,0,2,0.0,
p,Z54-121,0.1996185379567987,0.0,0.0,0,1,0.0,
p,Z54-122,0.1996177277071368,0.0,0.0,0,1,0.0,
p,Z54-123,0.0998092689783993,0.0,0.0,0,1,0.0,
p,Z54-125,0.0998092313691848,0.0,0.0,0,1,0.0,
p,Z54-133,0.0430239915884901,0.0,0.0,0,1,0.0,
p,Z55-124,0.0499046344891996,0.0,0.0,0,1,0.0,
p,Z55-125,0.1996185379567986,0.0,0.0,0,2,0.0,
p,Z55-126,0.0998092689783993,0.0,0.0,0,1,0.0,
p,Z36-87,0.0499046344891996,0.0,0.0,0,1,0.0,
p,Z55-128,0.0499046344891996,0.0,0.0,0,1,0.0,
p,Z55-129,0.0498838427223919,0.0,0.0,0,1,0.0,
p,Z55-131,0.0328398000604297,0.0,0.0,0,1,0.0,
p,Z56-123,0.0499046344891996,0.0,0.0,0,1,0.0,
p,Z56-125,0.14971390346759889,0.0,0.0,0,2,0.0,
p,Z56-126,0.0998092689783993,0.0,0.0,0,1,0.0,
p,Z56-127,0.2495231724459984,0.0,0.0,0,1,0.0,
p,Z56-128,0.1476387401395552,0.0,0.0,0,2,0.0,
p,Z56-129,0.1996185379567986,0.0,0.0,0,2,0.0,
p,Z55-127,0.0998092689783993,0.0,0.0,0,1,0.0,
p,Z52-111,0.0998092689783992,0.0,0.0,0,2,0.0,
p,Z52-113,0.0499046344891996,0.0,0.0,0,1,0.0,
p,Z52-114,0.0998092689783993,0.0,0.0,0,1,0.0,
p,Z52-115,0.0998092689783993,0.0,0.0,0,1,0.0,
p,Z52-116,0.0499046344891996,0.0,0.0,0,1,0.0,
p,Z52-117,0.0998092689783993,0.0,0.0,0,1,0.0,
p,Z52-118,0.1643306324968496,0.0,0.0,0,2,0.0,
p,Z52-119,0.1996185026282171,0.0,0.0,0,1,0.0,
p,Z52-121,0.0831091570688988,0.0,0.0,0,1,0.0,
p,Z53-131,0.0362443111749454,0.0,0.0,0,1,0.0,
p,Z53-118,0.0499046344891996,0.0,0.0,0,1,0.0,
p,Z53-119,0.0499046344891996,0.0,0.0,0,1,0.0,
p,Z53-120,0.1996185379567986,0.0,0.0,0,2,0.0,
p,Z53-121,0.14971390346759889,0.0,0.0,0,2,0.0,
p,Z53-122,0.0998092689783993,0.0,0.0,0,1,0.0,
p,Z53-123,0.1996185366841864,0.0,0.0,0,2,0.0,
p,Z53-124,0.1372980599644363,0.0,0.0,0,2,0.0,
p,Z53-125,0.00801438335755,0.0,0.0,0,1,0.0,
p,Z53-126,0.0275731215922063,0.0,0.0,0,1,0.0,
p,Z53-117,0.0499046344891996,0.0,0.0,0,1,0.0,
p,Z60-131,0.0499046344891996,0.0,0.0,0,1,0.0,
p,Z60-132,0.0499046344891996,0.0,0.0,0,1,0.0,
p,Z60-134,0.19961853795679851,0.0,0.0,0,3,0.0,
p,Z60-135,0.1996185379567987,0.0,0.0,0,1,0.0,
p,Z60-136,0.0499046344891996,0.0,0.0,0,1,0.0,
p,Z60-137,0.2495231724459984,0.0,0.0,0,1,0.0,
p,Z60-138,0.0499046344891996,0.0,0.0,0,1,0.0,
p,Z60-139,0.0998092689783993,0.0,0.0,0,1,0.0,
p,Z60-140,0.1428690207582704,0.0,0.0,0,1,0.0,
p,Z56-131,0.0889989042697593,0.0,0.0,0,1,0.0,
p,Z60-144,6.203430089409965e-19,0.0,0.0,0,1,0.0,
p,Z60-147,0.030544974945023,0.0,0.0,0,1,0.0,
p,Z60-149,0.0499046344891996,0.0,0.0,0,1,0.0,
p,Z61-136,0.0998092689783993,0.0,0.0,0,1,0.0,
p,Z61-137,0.0998092689783992,0.0,0.0,0,2,0.0,
p,Z61-139,0.299427806935198,0.0,0.0,0,2,0.0,
p,Z61-140,0.0998092689783993,0.0,0.0,0,1,0.0,
p,Z61-141,0.1996185379567986,0.0,0.0,0,2,0.0,
p,Z61-142,0.149713903467599,0.0,0.0,0,1,0.0,
p,Z60-141,0.299427806935198,0.0,0.0,0,2,0.0,
p,Z56-139,0.0499046344891996,0.0,0.0,0,1,0.0,
p,Z57-128,0.0499046344891996,0.0,0.0,0,1,0.0,
p,Z57-129,0.0499046344891996,0.0,0.0,0,1,0.0,
p,Z57-130,0.0998092689783992,0.0,0.0,0,2,0.0,
p,Z57-131,0.2495231724459984,0.0,0.0,0,1,0.0,
p,Z57-132,0.0499046344891996,0.0,0.0,0,1,0.0,
p,Z57-133,0.0998092689783993,0.0,0.0,0,1,0.0,
p,Z57-134,0.149713903467599,0.0,0.0,0,1,0.0,
p,Z58-130,0.0998092689783992,0.0,0.0,0,2,0.0,
p,Z59-144,0.0499046344891996,0.0,0.0,0,1,0.0,
p,Z58-132,0.149713903467599,0.0,0.0,0,1,0.0,
p,Z58-133,0.0499046344891996,0.0,0.0,0,1,0.0,
p,Z58-134,0.2882758193667051,0.0,0.0,0,2,0.0,
p,Z58-137,0.0499046344891543,0.0,0.0,0,1,0.0,
p,Z58-139,0.0036308390275375,0.0,0.0,0,1,0.0,
p,Z59-133,0.14971390346759889,0.0,0.0,0,2,0.0,
p,Z59-134,0.1996185379567987,0.0,0.0,0,1,0.0,
p,Z59-135,0.0499046344891996,0.0,0.0,0,1,0.0,
p,Z59-138,0.0499046344891996,0.0,0.0,0,1,0.0,
p,Z58-131,0.0499046344891996,0.0,0.0,0,1,0.0,
p,Z44-94,0.0998092689783992,0.0,0.0,0,2,0.0,
p,Z44-95,0.0998092689783993,0.0,0.0,0,1,0.0,
p,Z44-97,0.1945067549189592,0.0,0.0,0,2,0.0,
p,Z45-100,0.2495216343751423,0.0,0.0,0,1,0.0,
p,Z45-101,0.0020869226400431,0.0,0.0,0,1,0.0,
p,Z45-102,0.0073341075820056,0.0,0.0,0,1,0.0,
p,Z45-104,0.1497139034675988,0.0,0.0,0,3,0.0,
p,Z45-105,0.1994472336982686,0.0,0.0,0,2,0.0,
p,Z45-106,0.149713903467599,0.0,0.0,0,1,0.0,
p,Z51-124,0.0158316801958408,0.0,0.0,0,2,0.0,
p,Z45-108,0.0998092689783993,0.0,0.0,0,1,0.0,
p,Z45-97,0.0499046344891996,0.0,0.0,0,1,0.0,
p,Z45-98,0.0499046344891996,0.0,0.0,0,1,0.0,
p,Z45-99,0.0712266006633163,0.0,0.0,0,1,0.0,
p,Z46-100,0.0941175260999042,0.0,0.0,0,2,0.0,
p,Z46-101,0.0998092689783833,0.0,0.0,0,1,0.0,
p,Z46-103,0.0913641586362965,0.0,0.0,0,1,0.0,
p,Z46-107,4.3710322688130336e-10,0.0,0.0,0,2,0.0,
p,Z46-109,0.1497139018792072,0.0,0.0,0,2,0.0,
p,Z45-107,0.1996185379567986,0.0,0.0,0,2,0.0,
p,Z36-88,0.0499046344891996,0.0,0.0,0,1,0.0,
p,Z37-80,0.0499046344891996,0.0,0.0,0,1,0.0,
p,Z37-82,0.0998092689783993,0.0,0.0,0,1,0.0,
p,Z37-83,0.045364052855707604,0.0,0.0,0,2,0.0,
p,Z37-84,0.0813005868550515,0.0,0.0,0,3,0.0,
p,Z37-86,0.3413010650845536,0.0,0.0,0,2,0.0,
p,Z37-87,5.716641812774547e-14,0.0,0.0,0,1,0.0,
p,Z43-100,0.2994278069351981,0.0,0.0,0,1,0.0,
p,Z43-101,0.2495231724459983,0.0,0.0,0,2,0.0,
p,Z44-109,0.0499046344891996,0.0,0.0,0,1,0.0,
p,Z43-93,0.1996185379567986,0.0,0.0,0,2,0.0,
p,Z43-94,0.149713903467599,0.0,0.0,0,1,0.0,
p,Z43-95,0.0499045167753302,0.0,0.0,0,1,0.0,
p,Z43-96,0.1820316416341604,0.0,0.0,0,2,0.0,
p,Z43-98,2.0294078366582675e-09,0.0,0.0,0,2,0.0,
p,Z43-99,2.6917771571666652e-08,0.0,0.0,0,2,0.0,
p,Z44-103,0.0232297018325919,0.0,0.0,0,1,0.0,
p,Z44-106,0.0041286797911462,0.0,0.0,0,1,0.0,
p,Z44-108,0.0499046344891996,0.0,0.0,0,1,0.0,
p,Z43-102,0.0499046344891996,0.0,0.0,0,1,0.0,
p,Z49-110,0.0499046344891996,0.0,0.0,0,1,0.0,
p,Z49-111,0.0973586826079918,0.0,0.0,0,1,0.0,
p,Z49-112,0.0499046344891996,0.0,0.0,0,1,0.0,
p,Z49-114,0.14971390346759889,0.0,0.0,0,2,0.0,
p,Z49-115,1.288512916530505e-17,0.0,0.0,0,1,0.0,
p,Z49-116,0.0499046344891996,0.0,0.0,0,1,0.0,
p,Z49-119,0.0499046344891996,0.0,0.0,0,1,0.0,
p,Z50-108,0.0998092689783993,0.0,0.0,0,1,0.0,
p,Z50-109,0.0499046344891996,0.0,0.0,0,1,0.0,
p,Z46-112,0.0499042817631527,0.0,0.0,0,1,0.0,
p,Z50-111,0.3493324414243977,0.0,0.0,0,2,0.0,
p,Z50-113,0.0215554307530466,0.0,0.0,0,1,0.0,
p,Z51-113,0.14971390346759889,0.0,0.0,0,2,0.0,
p,Z51-114,0.0998092689783993,0.0,0.0,0,1,0.0,
p,Z51-115,0.0998092689783992,0.0,0.0,0,2,0.0,
p,Z51-116,0.2495231724459984,0.0,0.0,0,1,0.0,
p,Z51-118,0.14971390346759889,0.0,0.0,0,2,0.0,
p,Z51-120,0.0998092689783992,0.0,0.0,0,2,0.0,
p,Z51-122,0.0488072343735027,0.0,0.0,0,1,0.0,
p,Z50-110,0.0998092689783993,0.0,0.0,0,1,0.0,
p,Z46-99,0.0998092689783992,0.0,0.0,0,2,0.0,
p,Z47-101,0.14971390346759889,0.0,0.0,0,2,0.0,
p,Z47-102,0.0499046344891996,0.0,0.0,0,1,0.0,
p,Z47-103,0.0998092689783993,0.0,0.0,0,1,0.0,
p,Z47-104,0.0998092689783993,0.0,0.0,0,1,0.0,
p,Z47-105,0.022218247872873,0.0,0.0,0,2,0.0,
p,Z47-106,0.2495231724459981,0.0,0.0,0,4,0.0,
p,Z47-108,0.798474151827195,0.0,0.0,0,3,0.0,
p,Z47-110,1.1478065932515928,0.0,0.0,0,3,0.0,
p,Z49-109,0.149713903467599,0.0,0.0,0,1,0.0,
p,Z47-112,0.0499046344891996,0.0,0.0,0,1,0.0,
p,Z47-114,0.0499046344891996,0.0,0.0,0,1,0.0,
p,Z48-103,0.0499046344891996,0.0,0.0,0,1,0.0,
p,Z48-104,0.149713903467599,0.0,0.0,0,1,0.0,
p,Z48-105,0.0998092689783993,0.0,0.0,0,1,0.0,
p,Z48-107,0.0998092689783993,0.0,0.0,0,1,0.0,
p,Z48-109,0.0044488633097177,0.0,0.0,0,2,0.0,
p,Z48-113,1.7668973762125396e-19,0.0,0.0,0,1,0.0,
p,Z49-108,0.0998092689783992,0.0,0.0,0,2,0.0,
p,Z47-111,0.0375834061800015,0.0,0.0,0,1,0.0,
alpha,Z57-134,0.0296982713542042,0.0,0.0,0,1,0.0,
alpha,Z57-135,0.1484910808220977,0.0,0.0,0,2,0.0,
alpha,Z57-136,0.0296982713542042,0.0,0.0,0,1,0.0,
alpha,Z57-140,0.0296376123502871,0.0,0.0,0,1,0.0,
alpha,Z57-144,0.0296982713542042,0.0,0.0,0,1,0.0,
alpha,Z58-126,0.0296982713542042,0.0,0.0,0,1,0.0,
alpha,Z58-130,0.0296982713542042,0.0,0.0,0,1,0.0,
alpha,Z58-131,0.0593965427084084,0.0,0.0,0,2,0.0,
n,Z21-46,0.0261949922815171,0.0,0.0,0,8,0.0,
alpha,Z58-135,0.0890947468874933,0.0,0.0,0,1,0.0,
alpha,Z58-137,0.0296982713541771,0.0,0.0,0,1,0.0,
alpha,Z58-139,0.0021607140055615,0.0,0.0,0,1,0.0,
alpha,Z59-134,0.0296982713542042,0.0,0.0,0,1,0.0,
alpha,Z59-135,0.0296982713542042,0.0,0.0,0,1,0.0,
alpha,Z59-136,0.0890948140626126,0.0,0.0,0,1,0.0,
alpha,Z60-130,0.0296982713542042,0.0,0.0,0,1,0.0,
alpha,Z60-134,0.0296982713542042,0.0,0.0,0,1,0.0,
alpha,Z60-136,0.0296982713542042,0.0,0.0,0,1,0.0,
alpha,Z58-132,0.0593965427084084,0.0,0.0,0,1,0.0,
alpha,Z54-123,0.0593965427084084,0.0,0.0,0,1,0.0,
alpha,Z54-125,0.0296982601635736,0.0,0.0,0,1,0.0,
alpha,Z54-127,0.014778309869403,0.0,0.0,0,1,0.0,
alpha,Z55-121,0.0296982713542042,0.0,0.0,0,1,0.0,
alpha,Z55-123,0.0296982713542042,0.0,0.0,0,1,0.0,
alpha,Z55-125,0.0296982713542042,0.0,0.0,0,1,0.0,
alpha,Z55-126,0.0593965427084084,0.0,0.0,0,2,0.0,
alpha,Z55-127,0.0296982713542042,0.0,0.0,0,1,0.0,
alpha,Z55-128,0.0593965427084084,0.0,0.0,0,1,0.0,
alpha,Z57-131,0.0296982713542042,0.0,0.0,0,1,0.0,
alpha,Z55-130,0.0296982713542042,0.0,0.0,0,1,0.0,
alpha,Z55-131,0.0195429803944065,0.0,0.0,0,1,0.0,
alpha,Z55-132,0.0474585180091524,0.0,0.0,0,1,0.0,
alpha,Z56-126,0.0593965427084084,0.0,0.0,0,2,0.0,
alpha,Z56-128,0.0292866277981073,0.0,0.0,0,1,0.0,
alpha,Z56-129,0.0296982713542042,0.0,0.0,0,1,0.0,
alpha,Z56-131,0.0353088597386304,0.0,0.0,0,2,0.0,
alpha,Z56-133,8.011561047566831e-05,0.0,0.0,0,1,0.0,
alpha,Z57-130,0.0296982713542042,0.0,0.0,0,1,0.0,
alpha,Z55-129,0.0593717963280808,0.0,0.0,0,2,0.0,
alpha,Z63-146,0.1063393126311517,0.0,0.0,0,1,0.0,
alpha,Z63-147,0.0104066778061568,0.0,0.0,0,1,0.0,
alpha,Z63-148,0.0103160544628158,0.0,0.0,0,2,0.0,
alpha,Z63-149,0.0031381473903149,0.0,0.0,0,1,0.0,
alpha,Z63-158,0.0296982713542042,0.0,0.0,0,1,0.0,
alpha,Z64-141,0.0296982713542042,0.0,0.0,0,1,0.0,
alpha,Z64-142,0.0296982713542042,0.0,0.0,0,1,0.0,
alpha,Z64-145,0.0296982713542042,0.0,0.0,0,1,0.0,
alpha,Z60-138,0.0593965427084084,0.0,0.0,0,1,0.0,
alpha,Z64-147,0.05931213270982,0.0,0.0,0,2,0.0,
alpha,Z64-148,5.927225490712519e-05,0.0,0.0,0,1,0.0,
alpha,Z64-150,1.4168565651971921e-09,0.0,0.0,0,2,0.0,
alpha,Z64-151,0.0023904620332294,0.0,0.0,0,1,0.0,
alpha,Z64-152,7.827695283546589e-18,0.0,0.0,0,1,0.0,
alpha,Z64-159,0.0296982307853136,0.0,0.0,0,1,0.0,
alpha,Z65-145,0.0296982713542042,0.0,0.0,0,1,0.0,
alpha,Z65-146,0.0890948140626126,0.0,0.0,0,1,0.0,
alpha,Z65-147,0.0296982713542042,0.0,0.0,0,1,0.0,
alpha,Z64-146,0.0057548894949818,0.0,0.0,0,1,0.0,
alpha,Z60-139,0.0890948140626126,0.0,0.0,0,1,0.0,
alpha,Z60-140,0.1133618948758972,0.0,0.0,0,1,0.0,
alpha,Z60-144,3.6916641511922793e-19,0.0,0.0,0,1,0.0,
alpha,Z61-137,0.0296982713542042,0.0,0.0,0,1,0.0,
alpha,Z61-138,0.0296982713542042,0.0,0.0,0,1,0.0,
alpha,Z61-139,0.0890948140626126,0.0,0.0,0,1,0.0,
alpha,Z61-140,0.0593965427084084,0.0,0.0,0,1,0.0,
alpha,Z61-141,0.1187930854168168,0.0,0.0,0,2,0.0,
alpha,Z61-142,0.0296982713542042,0.0,0.0,0,1,0.0,
alpha,Z63-145,0.0982184338690149,0.0,0.0,0,1,0.0,
alpha,Z61-149,0.0294284471770087,0.0,0.0,0,1,0.0,
alpha,Z62-139,0.0296982713542042,0.0,0.0,0,1,0.0,
alpha,Z62-141,0.0296982713542042,0.0,0.0,0,1,0.0,
alpha,Z62-142,0.0593965427084084,0.0,0.0,0,1,0.0,
alpha,Z62-143,0.0296982713542042,0.0,0.0,0,1,0.0,
alpha,Z62-145,0.0008944282925368,0.0,0.0,0,1,0.0,
alpha,Z62-146,1.2432221918324766e-11,0.0,0.0,0,1,0.0,
alpha,Z63-143,0.148491356771021,0.0,0.0,0,2,0.0,
alpha,Z63-144,0.0296982713542042,0.0,0.0,0,1,0.0,
alpha,Z61-144,0.0008385645204103,0.0,0.0,0,1,0.0,
alpha,Z45-106,0.0593965427084084,0.0,0.0,0,1,0.0,
alpha,Z45-108,0.0296982713542042,0.0,0.0,0,1,0.0,
alpha,Z45-96,0.0296982713542042,0.0,0.0,0,1,0.0,
alpha,Z45-97,0.0296982713542042,0.0,0.0,0,1,0.0,
alpha,Z45-99,0.056515977878955,0.0,0.0,0,1,0.0,
alpha,Z46-100,0.0840140757840718,0.0,0.0,0,2,0.0,
alpha,Z46-101,0.1187930854167977,0.0,0.0,0,1,0.0,
alpha,Z46-103,0.0271854267945446,0.0,0.0,0,1,0.0,
alpha,Z54-122,0.0296981508092158,0.0,0.0,0,1,0.0,
alpha,Z46-111,0.0296982713542042,0.0,0.0,0,1,0.0,
alpha,Z46-112,0.0296980614467684,0.0,0.0,0,1,0.0,
alpha,Z46-98,0.0296982713542042,0.0,0.0,0,1,0.0,
alpha,Z47-102,0.0593965427084084,0.0,0.0,0,1,0.0,
alpha,Z47-103,0.0890948140626126,0.0,0.0,0,2,0.0,
alpha,Z47-104,0.148491356771021,0.0,0.0,0,2,0.0,
alpha,Z47-105,0.0198331345704882,0.0,0.0,0,2,0.0,
alpha,Z47-108,0.296982713542042,0.0,0.0,0,3,0.0,
alpha,Z47-110,0.6236636984382882,0.0,0.0,0,3,0.0,
alpha,Z46-107,1.3006016750336695e-10,0.0,0.0,0,1,0.0,
alpha,Z37-89,0.0890948140626126,0.0,0.0,0,1,0.0,
alpha,Z37-90,0.0296982713542042,0.0,0.0,0,1,0.0,
alpha,Z43-100,0.0296982713542042,0.0,0.0,0,1,0.0,
alpha,Z43-101,0.0296982713542042,0.0,0.0,0,1,0.0,
alpha,Z43-103,0.0296982713542042,0.0,0.0,0,1,0.0,
alpha,Z43-104,0.0890948140626126,0.0,0.0,0,2,0.0,
alpha,Z43-94,0.0296982713542042,0.0,0.0,0,1,0.0,
alpha,Z43-96,0.1083271151795033,0.0,0.0,0,2,0.0,
alpha,Z43-97,8.032219361187334e-10,0.0,0.0,0,2,0.0,
alpha,Z45-105,0.0296727855430865,0.0,0.0,0,1,0.0,
alpha,Z43-99,8.009389233767934e-09,0.0,0.0,0,1,0.0,
alpha,Z44-103,0.006912003219369,0.0,0.0,0,1,0.0,
alpha,Z44-108,0.0593965427084084,0.0,0.0,0,1,0.0,
alpha,Z44-94,0.0296982713542042,0.0,0.0,0,1,0.0,
alpha,Z44-95,0.0593965427084084,0.0,0.0,0,1,0.0,
alpha,Z44-97,0.0578755304686088,0.0,0.0,0,2,0.0,
alpha,Z45-101,0.0012419286403678,0.0,0.0,0,2,0.0,
alpha,Z45-102,0.0029096872376782,0.0,0.0,0,2,0.0,
alpha,Z45-104,0.0890948140626126,0.0,0.0,0,1,0.0,
alpha,Z43-98,4.0256718464674384e-10,0.0,0.0,0,1,0.0,
alpha,Z51-117,0.0593965427084084,0.0,0.0,0,2,0.0,
alpha,Z51-118,0.1187930854168168,0.0,0.0,0,2,0.0,
alpha,Z51-119,0.0296551138394186,0.0,0.0,0,1,0.0,
alpha,Z51-125,0.0003049908207808,0.0,0.0,0,1,0.0,
alpha,Z52-116,0.0890948140626126,0.0,0.0,0,1,0.0,
alpha,Z52-118,0.0244483090881852,0.0,0.0,0,1,0.0,
alpha,Z52-121,0.0247291491453112,0.0,0.0,0,2,0.0,
alpha,Z52-123,0.0,0.0,0.0,0,1,,
alpha,Z52-134,0.0296982713542042,0.0,0.0,0,1,0.0,
alpha,Z47-111,0.0223659026175318,0.0,0.0,0,1,0.0,
alpha,Z53-118,0.0296982713542042,0.0,0.0,0,1,0.0,
alpha,Z53-120,0.1187930854168168,0.0,0.0,0,1,0.0,
alpha,Z53-121,0.0296982713542042,0.0,0.0,0,1,0.0,
alpha,Z53-123,0.0593965423297423,0.0,0.0,0,1,0.0,
alpha,Z53-125,0.0047693632891079,0.0,0.0,0,1,0.0,
alpha,Z53-126,0.0164087775716507,0.0,0.0,0,1,0.0,
alpha,Z53-132,0.0296982713542042,0.0,0.0,0,1,0.0,
alpha,Z54-120,0.0593965427084084,0.0,0.0,0,2,0.0,
alpha,Z54-121,0.0296982713542042,0.0,0.0,0,1,0.0,
alpha,Z53-117,0.0296982713542042,0.0,0.0,0,1,0.0,
alpha,Z47-112,0.0296982713542042,0.0,0.0,0,1,0.0,
alpha,Z47-114,0.0296982713542042,0.0,0.0,0,1,0.0,
alpha,Z48-101,0.0296982713542042,0.0,0.0,0,1,0.0,
alpha,Z48-102,0.0296982713542042,0.0,0.0,0,1,0.0,
alpha,Z48-103,0.0890948140626126,0.0,0.0,0,1,0.0,
alpha,Z48-107,0.2078878994794294,0.0,0.0,0,2,0.0,
alpha,Z48-109,0.0019856404792177,0.0,0.0,0,2,0.0,
alpha,Z48-113,3.1544443679963884e-19,0.0,0.0,0,1,0.0,
alpha,Z48-115,0.0294192784529438,0.0,0.0,0,1,0.0,
alpha,Z51-116,0.0890948140626126,0.0,0.0,0,1,0.0,
alpha,Z49-109,0.0890948140626126,0.0,0.0,0,1,0.0,
alpha,Z49-111,0.1158763952236032,0.0,0.0,0,1,0.0,
alpha,Z49-112,0.1187930854168168,0.0,0.0,0,1,0.0,
alpha,Z49-114,0.0593965427084084,0.0,0.0,0,1,0.0,
alpha,Z50-109,0.0890948140626126,0.0,0.0,0,2,0.0,
alpha,Z50-110,0.0890948140626126,0.0,0.0,0,1,0.0,
alpha,Z50-111,0.0890948140626126,0.0,0.0,0,2,0.0,
alpha,Z51-113,0.0296982713542042,0.0,0.0,0,1,0.0,
alpha,Z51-115,0.0296982713542042,0.0,0.0,0,1,0.0,
alpha,Z49-107,0.0296982713542042,0.0,0.0,0,1,0.0,
alpha,Z76-172,0.0296982713542042,0.0,0.0,0,1,0.0,
alpha,Z76-173,0.148491356771021,0.0,0.0,0,1,0.0,
alpha,Z76-174,0.1187930854168168,0.0,0.0,0,2,0.0,
alpha,Z76-175,0.1187930854168168,0.0,0.0,0,1,0.0,
alpha,Z76-176,0.47517234166726724,0.0,0.0,0,2,0.0,
alpha,Z76-177,0.20788789947942937,0.0,0.0,0,2,0.0,
alpha,Z76-178,0.3266809848962462,0.0,0.0,0,2,0.0,
alpha,Z76-179,0.2078878994794294,0.0,0.0,0,1,0.0,
alpha,Z65-148,0.0296982713542042,0.0,0.0,0,1,0.0,
alpha,Z76-181,0.1781896281252252,0.0,0.0,0,1,0.0,
alpha,Z76-182,0.1187917889593693,0.0,0.0,0,1,0.0,
alpha,Z76-183,0.0296982712172687,0.0,0.0,0,1,0.0,
alpha,Z76-184,2.2644404213116897e-16,0.0,0.0,0,1,0.0,
alpha,Z76-185,0.0062858673795562,0.0,0.0,0,2,0.0,
alpha,Z76-186,4.226955453115159e-19,0.0,0.0,0,1,0.0,
alpha,Z77-176,0.0593965427084084,0.0,0.0,0,2,0.0,
alpha,Z77-177,0.0890948140626126,0.0,0.0,0,2,0.0,
alpha,Z77-178,0.1187930854168168,0.0,0.0,0,2,0.0,
alpha,Z76-180,0.2375861708336336,0.0,0.0,0,2,0.0,
alpha,Z72-167,0.1187930854168168,0.0,0.0,0,3,0.0,
alpha,Z72-168,0.148491356771021,0.0,0.0,0,1,0.0,
alpha,Z72-169,0.0593965427084084,0.0,0.0,0,1,0.0,
alpha,Z72-170,0.17818959779063648,0.0,0.0,0,2,0.0,
alpha,Z72-171,0.0296982713213593,0.0,0.0,0,1,0.0,
alpha,Z72-172,0.000897314598385,0.0,0.0,0,2,0.0,
alpha,Z72-173,0.0593950229373071,0.0,0.0,0,1,0.0,
alpha,Z72-175,0.0081283253953709,0.0,0.0,0,1,0.0,
alpha,Z75-172,0.0296982713542042,0.0,0.0,0,1,0.0,
alpha,Z76-171,0.0296982713542042,0.0,0.0,0,1,0.0,
alpha,Z75-174,0.0593965427084084,0.0,0.0,0,2,0.0,
alpha,Z75-175,0.0593965427084084,0.0,0.0,0,1,0.0,
alpha,Z75-176,0.2672844421878378,0.0,0.0,0,3,0.0,
alpha,Z75-177,0.2672844421878378,0.0,0.0,0,3,0.0,
alpha,Z75-178,0.148491356771021,0.0,0.0,0,2,0.0,
alpha,Z75-179,0.0593965427084084,0.0,0.0,0,2,0.0,
alpha,Z75-180,0.148491356771021,0.0,0.0,0,3,0.0,
alpha,Z75-181,0.0296981649491137,0.0,0.0,0,1,0.0,
alpha,Z75-182,0.0581782756547274,0.0,0.0,0,2,0.0,
alpha,Z75-173,0.1187930854168168,0.0,0.0,0,1,0.0,
alpha,Z78-183,0.5345688843756756,0.0,0.0,0,1,0.0,
alpha,Z78-184,0.296982713542042,0.0,0.0,0,2,0.0,
alpha,Z78-185,0.2672844421878378,0.0,0.0,0,2,0.0,
alpha,Z78-186,0.3563792562504504,0.0,0.0,0,1,0.0,
alpha,Z78-187,0.1781896281252252,0.0,0.0,0,2,0.0,
alpha,Z78-188,0.1141500631949508,0.0,0.0,0,2,0.0,
alpha,Z78-189,0.0890948140530596,0.0,0.0,0,1,0.0,
alpha,Z78-190,5.250876339273336e-15,0.0,0.0,0,1,0.0,
alpha,Z77-179,0.1187930854168168,0.0,0.0,0,2,0.0,
alpha,Z78-199,0.0296982713542042,0.0,0.0,0,1,0.0,
alpha,Z78-200,0.0593965425595051,0.0,0.0,0,1,0.0,
alpha,Z78-202,0.0295959989467262,0.0,0.0,0,1,0.0,
alpha,Z80-181,0.0296982713542042,0.0,0.0,0,1,0.0,
alpha,Z80-182,0.0890948140626126,0.0,0.0,0,1,0.0,
alpha,Z80-183,0.0890948140626126,0.0,0.0,0,1,0.0,
alpha,Z80-184,0.1781896281252252,0.0,0.0,0,1,0.0,
alpha,Z80-185,0.148491356771021,0.0,0.0,0,1,0.0,
alpha,Z80-186,0.3860775276046546,0.0,0.0,0,2,0.0,
alpha,Z78-191,0.1157785123522133,0.0,0.0,0,2,0.0,
alpha,Z77-180,0.44547407031306296,0.0,0.0,0,2,0.0,
alpha,Z77-181,0.296982713542042,0.0,0.0,0,2,0.0,
alpha,Z77-182,0.20788789947942937,0.0,0.0,0,2,0.0,
alpha,Z77-183,0.29698271354204203,0.0,0.0,0,2,0.0,
alpha,Z77-184,0.0890948140626126,0.0,0.0,0,2,0.0,
alpha,Z77-185,0.2375861637530138,0.0,0.0,0,2,0.0,
alpha,Z77-186,0.0890947866983184,0.0,0.0,0,1,0.0,
alpha,Z77-187,0.0890948140583583,0.0,0.0,0,1,0.0,
alpha,Z77-188,0.0296255960881402,0.0,0.0,0,1,0.0,
alpha,Z78-182,0.296982713542042,0.0,0.0,0,2,0.0,
alpha,Z77-190,0.0348242187876293,0.0,0.0,0,1,0.0,
alpha,Z77-192,0.0039016523561235,0.0,0.0,0,1,0.0,
alpha,Z77-194,0.0296981968513154,0.0,0.0,0,1,0.0,
alpha,Z78-174,0.0296982713542042,0.0,0.0,0,1,0.0,
alpha,Z78-176,0.0296982713542042,0.0,0.0,0,1,0.0,
alpha,Z78-178,0.148491356771021,0.0,0.0,0,2,0.0,
alpha,Z78-179,0.148491356771021,0.0,0.0,0,1,0.0,
alpha,Z78-180,0.3266809848962462,0.0,0.0,0,2,0.0,
alpha,Z78-181,0.29698271354204203,0.0,0.0,0,2,0.0,
alpha,Z77-189,0.0485651610812484,0.0,0.0,0,1,0.0,
alpha,Z67-158,0.1187930854168168,0.0,0.0,0,2,0.0,
alpha,Z67-159,0.0296982713542042,0.0,0.0,0,1,0.0,
alpha,Z67-160,0.0296982713542042,0.0,0.0,0,1,0.0,
alpha,Z67-161,0.0296982713542042,0.0,0.0,0,1,0.0,
alpha,Z67-162,0.0296982713542042,0.0,0.0,0,1,0.0,
alpha,Z67-163,1.849865334150246e-07,0.0,0.0,0,1,0.0,
alpha,Z68-150,0.0296982713542042,0.0,0.0,0,1,0.0,
alpha,Z68-152,0.0296982713542042,0.0,0.0,0,1,0.0,
alpha,Z72-166,0.148491356771021,0.0,0.0,0,2,0.0,
alpha,Z68-155,0.0296982713542042,0.0,0.0,0,1,0.0,
alpha,Z68-156,0.0593965427084084,0.0,0.0,0,2,0.0,
alpha,Z68-157,0.0890948140626126,0.0,0.0,0,2,0.0,
alpha,Z68-159,0.0890948140626126,0.0,0.0,0,2,0.0,
alpha,Z68-160,0.0593869504521272,0.0,0.0,0,1,0.0,
alpha,Z68-165,0.0593965427063512,0.0,0.0,0,1,0.0,
alpha,Z69-157,0.0890948140626126,0.0,0.0,0,2,0.0,
alpha,Z69-158,0.0296982713542042,0.0,0.0,0,1,0.0,
alpha,Z69-159,0.0296982713542042,0.0,0.0,0,1,0.0,
alpha,Z68-153,0.0296982713542042,0.0,0.0,0,1,0.0,
alpha,Z65-151,0.0593965010716879,0.0,0.0,0,1,0.0,
alpha,Z65-153,0.0586981789277965,0.0,0.0,0,1,0.0,
alpha,Z65-155,0.0254913694403537,0.0,0.0,0,1,0.0,
alpha,Z65-158,1.4088737453112775e-05,0.0,0.0,0,2,0.0,
alpha,Z66-145,0.0296982713542042,0.0,0.0,0,1,0.0,
alpha,Z66-149,0.0593965427084084,0.0,0.0,0,1,0.0,
alpha,Z66-150,0.0296982713542042,0.0,0.0,0,1,0.0,
alpha,Z66-151,0.0296982713542042,0.0,0.0,0,1,0.0,
alpha,Z66-152,0.2375861708336336,0.0,0.0,0,2,0.0,
alpha,Z67-157,0.0593965427084084,0.0,0.0,0,2,0.0,
alpha,Z66-154,5.635940577414763e-10,0.0,0.0,0,1,0.0,
alpha,Z66-155,0.0296982713538683,0.0,0.0,0,1,0.0,
alpha,Z66-157,0.0593965427084054,0.0,0.0,0,2,0.0,
alpha,Z67-150,0.0296982713542042,0.0,0.0,0,1,0.0,
alpha,Z67-152,0.0593965427084084,0.0,0.0,0,1,0.0,
alpha,Z67-153,0.0593965427084084,0.0,0.0,0,2,0.0,
alpha,Z67-154,0.0593965427084084,0.0,0.0,0,1,0.0,
alpha,Z67-155,0.148491356771021,0.0,0.0,0,2,0.0,
alpha,Z67-156,0.0296982713542042,0.0,0.0,0,1,0.0,
alpha,Z66-153,0.0296982713542042,0.0,0.0,0,1,0.0,
alpha,Z71-161,0.0296982713542042,0.0,0.0,0,1,0.0,
alpha,Z71-163,0.0296982713542042,0.0,0.0,0,1,0.0,
alpha,Z71-164,0.1187930854168168,0.0,0.0,0,1,0.0,
alpha,Z71-165,0.0890948140626126,0.0,0.0,0,3,0.0,
alpha,Z71-166,0.0296982713542042,0.0,0.0,0,1,0.0,
alpha,Z71-167,0.0890948140626126,0.0,0.0,0,2,0.0,
alpha,Z71-168,0.0890948140626126,0.0,0.0,0,3,0.0,
alpha,Z71-169,0.0593574586534402,0.0,0.0,0,1,0.0,
alpha,Z71-171,0.0638410533847741,0.0,0.0,0,2,0.0,
alpha,Z69-160,0.0593965427084084,0.0,0.0,0,1,0.0,
alpha,Z71-176,2.2842234277835907e-14,0.0,0.0,0,1,0.0,
alpha,Z71-177,0.0469753406452574,0.0,0.0,0,1,0.0,
alpha,Z71-178,0.0296982713542042,0.0,0.0,0,1,0.0,
alpha,Z71-182,0.0593965427084084,0.0,0.0,0,1,0.0,
alpha,Z72-161,0.0296982713542042,0.0,0.0,0,1,0.0,
alpha,Z72-162,0.0296982713542042,0.0,0.0,0,1,0.0,
alpha,Z72-163,0.0296982713542042,0.0,0.0,0,1,0.0,
alpha,Z72-164,0.0296982713542042,0.0,0.0,0,1,0.0,
alpha,Z72-165,0.148491356771021,0.0,0.0,0,1,0.0,
alpha,Z71-174,0.000254310062538,0.0,0.0,0,1,0.0,
alpha,Z69-161,0.1187930854168168,0.0,0.0,0,1,0.0,
alpha,Z69-163,0.148491356771021,0.0,0.0,0,3,0.0,
alpha,Z69-165,0.0296908994187775,0.0,0.0,0,1,0.0,
alpha,Z69-166,0.0593965427084078,0.0,0.0,0,2,0.0,
alpha,Z69-167,0.0200472245596196,0.0,0.0,0,1,0.0,
alpha,Z69-168,0.0031381473903149,0.0,0.0,0,1,0.0,
alpha,Z70-156,0.0296982713542042,0.0,0.0,0,1,0.0,
alpha,Z70-157,0.0593965427084084,0.0,0.0,0,1,0.0,
alpha,Z70-158,0.0890948140626126,0.0,0.0,0,2,0.0,
alpha,Z71-160,0.0296982713542042,0.0,0.0,0,1,0.0,
alpha,Z70-160,0.148491356771021,0.0,0.0,0,3,0.0,
alpha,Z70-161,0.0890948140626126,0.0,0.0,0,1,0.0,
alpha,Z70-162,0.2375861708336336,0.0,0.0,0,2,0.0,
alpha,Z70-163,0.148491356771021,0.0,0.0,0,3,0.0,
alpha,Z70-164,0.1187930854168168,0.0,0.0,0,1,0.0,
alpha,Z70-165,0.148491356771021,0.0,0.0,0,3,0.0,
alpha,Z70-166,0.0880019884474729,0.0,0.0,0,2,0.0,
alpha,Z70-167,0.1187930854168168,0.0,0.0,0,2,0.0,
alpha,Z71-159,0.0296982713542042,0.0,0.0,0,1,0.0,
alpha,Z70-159,0.0296982713542042,0.0,0.0,0,1,0.0,
alpha,K-40,6.77396707222268e-12,0.0,0.0,0,4,0.0,
alpha,K-42,0.059396542607866,0.0,0.0,0,2,0.0,
alpha,K-43,0.0296978610989885,0.0,0.0,0,1,0.0,
alpha,K-44,0.0296982713542042,0.0,0.0,0,1,0.0,
alpha,Li-8,1.930387638023273,0.0,0.0,0,10,0.0,
alpha,Li-9,0.1187930854168168,0.0,0.0,0,2,0.0,
alpha,Mg-21,0.0296982713542042,0.0,0.0,0,1,0.0,
alpha,Mg-22,0.0890948140626126,0.0,0.0,0,3,0.0,
alpha,Z37-88,0.0296982713542042,0.0,0.0,0,1,0.0,
alpha,Mg-27,5.73176637136141,0.0,0.0,0,23,0.0,
alpha,Mg-33,0.0296982713542042,0.0,0.0,0,1,0.0,
alpha,Mn-50,0.0296982713542042,0.0,0.0,0,1,0.0,
alpha,Mn-51,0.2375861708336336,0.0,0.0,0,6,0.0,
alpha,Mn-52,0.9778612732187523,0.0,0.0,0,23,0.0,
alpha,Mn-53,1.3480560582402712e-08,0.0,0.0,0,25,0.0,
alpha,Mn-54,0.0622796554531017,0.0,0.0,0,34,0.0,
alpha,Mn-56,0.6830602411466966,0.0,0.0,0,16,0.0,
alpha,Mn-57,0.1187930854168168,0.0,0.0,0,3,0.0,
alpha,Mg-23,0.35637925625045036,0.0,0.0,0,7,0.0,
alpha,Cu-59,0.148491356771021,0.0,0.0,0,5,0.0,
alpha,Cu-60,0.296982713542042,0.0,0.0,0,7,0.0,
alpha,Cu-61,2.821335778649399,0.0,0.0,0,19,0.0,
alpha,Cu-66,3.0886202208372366,0.0,0.0,0,21,0.0,
alpha,Cu-67,0.4667752440995835,0.0,0.0,0,2,0.0,
alpha,Cu-68,0.4157757989588588,0.0,0.0,0,2,0.0,
alpha,Cu-69,0.17818962812522518,0.0,0.0,0,2,0.0,
alpha,Cu-70,0.3860775276046546,0.0,0.0,0,2,0.0,
alpha,Cu-71,0.0593965427084084,0.0,0.0,0,1,0.0,
alpha,K-38,0.0296982713542042,0.0,0.0,0,1,0.0,
alpha,Fe-52,0.148491356771009,0.0,0.0,0,5,0.0,
alpha,Fe-53,0.6236636984382882,0.0,0.0,0,11,0.0,
alpha,Fe-55,0.0463820310231253,0.0,0.0,0,47,0.0,
alpha,Fe-59,0.1175691773473194,0.0,0.0,0,12,0.0,
alpha,Fe-60,3.2266835344675285e-09,0.0,0.0,0,9,0.0,
alpha,Fe-61,0.2078878994794294,0.0,0.0,0,5,0.0,
alpha,Fe-62,0.0890948140626126,0.0,0.0,0,3,0.0,
alpha,Fe-63,0.0296982713542042,0.0,0.0,0,1,0.0,
alpha,He-6,1.039439497397147,0.0,0.0,0,8,0.0,
alpha,Cu-72,0.0890948140626126,0.0,0.0,0,1,0.0,
alpha,Nb-91,9.945569365722643e-06,0.0,0.0,0,4,0.0,
alpha,Nb-92,1.949028450204669e-10,0.0,0.0,0,5,0.0,
alpha,Nb-94,7.873735056444408e-07,0.0,0.0,0,6,0.0,
alpha,Nb-95,0.0152684529156577,0.0,0.0,0,1,0.0,
alpha,Nb-96,0.0890927784049652,0.0,0.0,0,1,0.0,
alpha,Nb-98,0.0593965427084084,0.0,0.0,0,1,0.0,
alpha,Nb-99,0.0593965427084084,0.0,0.0,0,1,0.0,
alpha,Ni-56,0.26768262805025866,0.0,0.0,0,6,0.0,
alpha,Mn-58,0.0593965427084084,0.0,0.0,0,2,0.0,
alpha,Ni-59,1.2733048757167709e-06,0.0,0.0,0,29,0.0,
alpha,Ni-63,0.0011609964067007495,0.0,0.0,0,25,0.0,
alpha,Ni-65,0.3860775276046546,0.0,0.0,0,9,0.0,
alpha,Ni-66,0.0881721592155732,0.0,0.0,0,2,0.0,
alpha,Ni-67,0.148491356771021,0.0,0.0,0,1,0.0,
alpha,Ni-68,0.0296982713542042,0.0,0.0,0,1,0.0,
alpha,O-13,0.1187930854168168,0.0,0.0,0,2,0.0,
alpha,O-14,1.039439497397147,0.0,0.0,0,5,0.0,
alpha,O-15,10.483489788034083,0.0,0.0,0,12,0.0,
alpha,Ni-57,0.9494861491391823,0.0,0.0,0,17,0.0,
alpha,Mn-59,0.1187930854168168,0.0,0.0,0,4,0.0,
alpha,Mn-60,0.0296982713542042,0.0,0.0,0,1,0.0,
alpha,Mo-101,0.0296982713542042,0.0,0.0,0,1,0.0,
alpha,Mo-102,0.0296982713542042,0.0,0.0,0,1,0.0,
alpha,Mo-104,0.0296982713542042,0.0,0.0,0,1,0.0,
alpha,Mo-91,0.0296982713542042,0.0,0.0,0,1,0.0,
alpha,Mo-93,4.22694041258485e-07,0.0,0.0,0,2,0.0,
alpha,Mo-99,0.0870709695310052,0.0,0.0,0,1,0.0,
alpha,N-12,0.1781896281252252,0.0,0.0,0,1,0.0,
alpha,Nb-90,0.0890948106959856,0.0,0.0,0,2,0.0,
alpha,N-16,2.7916375072951953,0.0,0.0,0,5,0.0,
alpha,N-17,0.1187930854168168,0.0,0.0,0,2,0.0,
alpha,Na-21,0.0296982713542042,0.0,0.0,0,1,0.0,
alpha,Na-22,0.035222488575978,0.0,0.0,0,22,0.0,
alpha,Na-24,5.345688540347433,0.0,0.0,0,22,0.0,
alpha,Na-25,1.187930854168168,0.0,0.0,0,17,0.0,
alpha,Na-26,0.0296982713542042,0.0,0.0,0,1,0.0,
alpha,Na-27,0.0296982713542042,0.0,0.0,0,1,0.0,
alpha,Nb-89,0.0593965427084084,0.0,0.0,0,1,0.0,
alpha,N-13,1.4552152963560059,0.0,0.0,0,4,0.0,
p,Z9-23,0.1996185379567984,0.0,0.0,0,4,0.0,
p,Zn-60,0.1497139034675988,0.0,0.0,0,3,0.0,
p,Zr-99,0.0499046344891996,0.0,0.0,0,1,0.0,
alpha,Au-199,0.0286162603698169,0.0,0.0,0,1,0.0,
alpha,Au-200,0.0890948140626126,0.0,0.0,0,1,0.0,
alpha,Au-201,0.0593965427084084,0.0,0.0,0,1,0.0,
alpha,Au-202,0.2375861708336336,0.0,0.0,0,1,0.0,
alpha,Au-203,0.1187930854168168,0.0,0.0,0,2,0.0,
alpha,Cr-58,0.0296982713542042,0.0,0.0,0,1,0.0,
alpha,Au-205,0.0296982713542042,0.0,0.0,0,1,0.0,
alpha,Au-206,0.0296982713542042,0.0,0.0,0,1,0.0,
alpha,B-10,0.0,0.0,0.0,0,1,,
alpha,B-12,2.0194824520858856,0.0,0.0,0,9,0.0,
alpha,B-13,0.2672844421878378,0.0,0.0,0,2,0.0,
alpha,B-14,0.148491356771021,0.0,0.0,0,1,0.0,
alpha,B-8,0.0890948140626126,0.0,0.0,0,3,0.0,
alpha,Be-10,5.790349876355258e-08,0.0,0.0,0,11,0.0,
alpha,Be-12,0.0296982713542042,0.0,0.0,0,1,0.0,
alpha,Au-204,0.1187930854168168,0.0,0.0,0,1,0.0,
alpha,Al-30,0.0296982713542042,0.0,0.0,0,1,0.0,
alpha,Au-179,0.0296982713542042,0.0,0.0,0,1,0.0,
alpha,Au-181,0.0890948140626126,0.0,0.0,0,2,0.0,
p,Z84-203,2.245708552013986,0.0,0.0,0,3,0.0,
alpha,Au-198,0.2035014438488758,0.0,0.0,0,2,0.0,
p,Zn-62,0.9980926897823688,0.0,0.0,0,8,0.0,
p,Zn-61,0.2495231724459981,0.0,0.0,0,4,0.0,
alpha,Al-26,4.904918922147969e-07,0.0,0.0,0,28,0.0,
p,Z84-204,2.7447548969059827,0.0,0.0,0,3,0.0,
p,Z9-22,0.14971390346759889,0.0,0.0,0,2,0.0,
p,Z84-206,3.044183953551236,0.0,0.0,0,2,0.0,
p,Z84-207,3.7927522211791764,0.0,0.0,0,2,0.0,
p,Z84-208,0.026828751956905702,0.0,0.0,0,3,0.0,
p,Z84-209,0.0002291003943422305,0.0,0.0,0,2,0.0,
p,Z85-202,0.0499046344891996,0.0,0.0,0,1,0.0,
p,Z9-17,0.34933244142439723,0.0,0.0,0,7,0.0,
p,Z9-18,3.443419779754777,0.0,0.0,0,18,0.0,
p,Z9-20,0.8982834208055936,0.0,0.0,0,10,0.0,
p,Z9-21,0.6986648828487951,0.0,0.0,0,7,0.0,
p,Z84-205,2.495231724459985,0.0,0.0,0,3,0.0,
alpha,C-14,1.9280801290717384e-05,0.0,0.0,0,8,0.0,
alpha,C-15,0.1781896281252252,0.0,0.0,0,1,0.0,
alpha,C-16,0.0296982713542042,0.0,0.0,0,1,0.0,
alpha,Ca-41,5.953457532198666e-08,0.0,0.0,0,4,0.0,
alpha,Ca-45,0.003678919802154,0.0,0.0,0,2,0.0,
alpha,Co-55,0.4454737773565725,0.0,0.0,0,8,0.0,
alpha,Co-56,0.153358669843748,0.0,0.0,0,16,0.0,
alpha,Co-57,0.1147990603787301,0.0,0.0,0,35,0.0,
alpha,Co-58,0.445921312509059,0.0,0.0,0,32,0.0,
alpha,Be-7,0.7483922869048426,0.0,0.0,0,20,0.0,
alpha,Co-61,0.8315515979177176,0.0,0.0,0,13,0.0,
alpha,Co-62,0.148491356771021,0.0,0.0,0,4,0.0,
alpha,Co-63,0.2375861708336336,0.0,0.0,0,6,0.0,
alpha,Co-64,0.0890948140626126,0.0,0.0,0,1,0.0,
alpha,Co-65,0.0296982713542042,0.0,0.0,0,1,0.0,
alpha,Cr-48,0.3563759032197026,0.0,0.0,0,9,0.0,
alpha,Cr-49,0.5048706130214714,0.0,0.0,0,10,0.0,
alpha,Cr-51,0.6784404801809636,0.0,0.0,0,34,0.0,
alpha,Cr-55,0.1187930854168168,0.0,0.0,0,3,0.0,
alpha,Co-60,0.0070374007857537,0.0,0.0,0,14,0.0,
alpha,Bi-192,0.0296982713542042,0.0,0.0,0,1,0.0,
alpha,Bi-193,0.0593965427084084,0.0,0.0,0,1,0.0,
alpha,Bi-194,0.0593965427084084,0.0,0.0,0,1,0.0,
alpha,Bi-195,0.148491356771021,0.0,0.0,0,1,0.0,
alpha,Bi-196,0.2078878994794294,0.0,0.0,0,2,0.0,
alpha,Bi-197,0.8315515979177177,0.0,0.0,0,2,0.0,
alpha,Bi-198,0.5642671557298797,0.0,0.0,0,3,0.0,
alpha,Bi-199,1.4255170250018017,0.0,0.0,0,2,0.0,
alpha,Bi-200,1.930387638023273,0.0,0.0,0,3,0.0,
alpha,C-11,9.800429546887386,0.0,0.0,0,20,0.0,
alpha,Bi-202,4.068663175525975,0.0,0.0,0,2,0.0,
alpha,Bi-203,6.593016236616532,0.0,0.0,0,3,0.0,
alpha,Bi-204,8.048231535223366,0.0,0.0,0,3,0.0,
alpha,Bi-205,5.800431311275544,0.0,0.0,0,3,0.0,
alpha,Bi-206,11.366697757504348,0.0,0.0,0,3,0.0,
alpha,Bi-207,0.02706616909839,0.0,0.0,0,3,0.0,
alpha,Bi-208,4.649650818593827e-06,0.0,0.0,0,3,0.0,
alpha,Bi-210,1.5840149966347774,0.0,0.0,0,2,0.0,
alpha,C-10,0.9503446833345344,0.0,0.0,0,6,0.0,
alpha,Bi-201,3.5340942911502995,0.0,0.0,0,3,0.0,
alpha,Z21-47,0.0850987268265877,0.0,0.0,0,2,0.0,
alpha,Z21-48,0.148001446438258,0.0,0.0,0,5,0.0,
alpha,Z21-49,0.0593965427084084,0.0,0.0,0,2,0.0,
alpha,Z31-65,0.1187930854168168,0.0,0.0,0,1,0.0,
alpha,Z31-66,0.4454740703120605,0.0,0.0,0,1,0.0,
alpha,Z31-67,0.9965437941483573,0.0,0.0,0,2,0.0,
alpha,Z31-68,2.3461634369821316,0.0,0.0,0,3,0.0,
alpha,Z31-70,3.5934908338587084,0.0,0.0,0,3,0.0,
alpha,O-19,0.0296982713542042,0.0,0.0,0,1,0.0,
alpha,Z31-73,1.5443101104186183,0.0,0.0,0,2,0.0,
alpha,Z31-74,0.5345688843756756,0.0,0.0,0,1,0.0,
alpha,Z31-75,0.2078878994794294,0.0,0.0,0,1,0.0,
alpha,Z31-76,0.0593965427084084,0.0,0.0,0,2,0.0,
alpha,Z31-77,0.0296982713542042,0.0,0.0,0,1,0.0,
alpha,Z32-65,0.0296982713542042,0.0,0.0,0,1,0.0,
alpha,Z32-66,0.2672844421878378,0.0,0.0,0,2,0.0,
alpha,Z32-67,0.2078878994794294,0.0,0.0,0,1,0.0,
alpha,Z32-68,0.036881577939877196,0.0,0.0,0,2,0.0,
alpha,Z31-72,1.4849135398664404,0.0,0.0,0,2,0.0,
alpha,Z10-23,0.5048706130214714,0.0,0.0,0,11,0.0,
alpha,Z10-24,0.445474070313063,0.0,0.0,0,10,0.0,
alpha,Z10-25,0.2078878994794294,0.0,0.0,0,4,0.0,
alpha,Z15-30,0.148491356771021,0.0,0.0,0,2,0.0,
alpha,Z15-32,0.153671746322569,0.0,0.0,0,3,0.0,
alpha,Z15-33,0.039967554484904105,0.0,0.0,0,3,0.0,
alpha,Z15-34,0.0593965427084084,0.0,0.0,0,1,0.0,
alpha,Z16-31,0.0296982713542042,0.0,0.0,0,1,0.0,
alpha,Z16-35,0.0133278720210156,0.0,0.0,0,4,0.0,
alpha,Z21-46,0.041603625357112796,0.0,0.0,0,9,0.0,
alpha,Z17-36,1.4029058259009447e-08,0.0,0.0,0,4,0.0,
alpha,Z17-38,0.0890948140626126,0.0,0.0,0,3,0.0,
alpha,Z17-40,0.0296982713542042,0.0,0.0,0,1,0.0,
alpha,Z18-37,0.06867432877287069,0.0,0.0,0,7,0.0,
alpha,Z18-39,9.46283054105249e-06,0.0,0.0,0,2,0.0,
alpha,Z18-42,2.56846646818007e-05,0.0,0.0,0,1,0.0,
alpha,Z21-42,0.0593965427084084,0.0,0.0,0,2,0.0,
alpha,Z21-43,0.2078878994794294,0.0,0.0,0,5,0.0,
alpha,Z21-44,0.2375861708336336,0.0,0.0,0,8,0.0,
alpha,Z17-34,0.0890948140626126,0.0,0.0,0,3,0.0,
alpha,Z35-76,0.1187930611375424,0.0,0.0,0,2,0.0,
alpha,Z35-77,0.087972941266043,0.0,0.0,0,1,0.0,
alpha,Z35-78,0.0890948140626126,0.0,0.0,0,2,0.0,
alpha,Z35-80,0.0890948140626126,0.0,0.0,0,1,0.0,
alpha,Z35-82,0.0890192540710195,0.0,0.0,0,1,0.0,
alpha,Z35-87,0.0296982713542042,0.0,0.0,0,1,0.0,
alpha,Z36-76,0.0296982699404304,0.0,0.0,0,1,0.0,
alpha,Z36-79,0.0593485707731712,0.0,0.0,0,1,0.0,
alpha,Z32-69,4.358319870618372,0.0,0.0,0,2,0.0,
alpha,Z36-85,7.869784570291266e-05,0.0,0.0,0,1,0.0,
alpha,Z36-87,0.0296982713542042,0.0,0.0,0,1,0.0,
alpha,Z37-80,0.0296982713542042,0.0,0.0,0,1,0.0,
alpha,Z37-81,0.0593965427084084,0.0,0.0,0,1,0.0,
alpha,Z37-82,0.0890948140626126,0.0,0.0,0,1,0.0,
alpha,Z37-83,0.0067490422744546,0.0,0.0,0,1,0.0,
alpha,Z37-84,0.0322546782062884,0.0,0.0,0,3,0.0,
alpha,Z37-86,0.038082829435987495,0.0,0.0,0,2,0.0,
alpha,Z37-87,6.803952439620041e-14,0.0,0.0,0,3,0.0,
alpha,Z36-81,3.6916639217448566e-09,0.0,0.0,0,1,0.0,
alpha,Z32-71,8.532803856917074,0.0,0.0,0,3,0.0,
alpha,Z32-75,4.187456260942792,0.0,0.0,0,2,0.0,
alpha,Z32-77,0.5642671556082571,0.0,0.0,0,2,0.0,
alpha,Z33-68,0.0593965427084084,0.0,0.0,0,1,0.0,
alpha,Z33-69,0.1187930854168168,0.0,0.0,0,1,0.0,
alpha,Z33-70,0.1781896281252252,0.0,0.0,0,1,0.0,
alpha,Z33-71,0.1452396023573996,0.0,0.0,0,2,0.0,
alpha,Z33-72,0.5642288399967452,0.0,0.0,0,3,0.0,
alpha,Z33-73,0.04688812877998309,0.0,0.0,0,2,0.0,
alpha,Z35-75,0.0593965427084084,0.0,0.0,0,1,0.0,
alpha,Z33-76,0.1484803517579981,0.0,0.0,0,1,0.0,
alpha,Z33-77,0.11860209600109889,0.0,0.0,0,2,0.0,
alpha,Z33-78,0.0890948140626126,0.0,0.0,0,1,0.0,
alpha,Z33-79,0.0296982713542042,0.0,0.0,0,1,0.0,
alpha,Z33-80,0.0296982713542042,0.0,0.0,0,1,0.0,
alpha,Z34-73,0.0296982713542041,0.0,0.0,0,1,0.0,
alpha,Z34-75,0.0024691699752557,0.0,0.0,0,1,0.0,
alpha,Z34-79,1.0341174970355246e-08,0.0,0.0,0,1,0.0,
alpha,Z34-81,0.0593965427084084,0.0,0.0,0,2,0.0,
alpha,Z33-74,0.1710127479120157,0.0,0.0,0,2,0.0,
alpha,Ta-168,0.148491356771021,0.0,0.0,0,2,0.0,
alpha,Ta-169,0.1187930854168168,0.0,0.0,0,1,0.0,
alpha,Ta-170,0.2375861708336336,0.0,0.0,0,2,0.0,
alpha,Ta-171,0.148491356771021,0.0,0.0,0,2,0.0,
alpha,Ta-172,0.1187930854168168,0.0,0.0,0,2,0.0,
alpha,Ta-173,0.1187930854168168,0.0,0.0,0,2,0.0,
alpha,Ta-174,0.0890948140626126,0.0,0.0,0,2,0.0,
alpha,Ta-175,0.1187930854111444,0.0,0.0,0,2,0.0,
alpha,Z10-19,0.0593965427084084,0.0,0.0,0,2,0.0,
alpha,Ta-178,0.0296982713542042,0.0,0.0,0,1,0.0,
alpha,Ta-179,0.0023044345783345,0.0,0.0,0,2,0.0,
alpha,Ta-180,0.1484913567710131,0.0,0.0,0,4,0.0,
alpha,Ta-182,0.0694653946515891,0.0,0.0,0,6,0.0,
alpha,Ta-183,0.0258314969878061,0.0,0.0,0,1,0.0,
alpha,Ta-185,0.0296982713542042,0.0,0.0,0,1,0.0,
alpha,Ta-186,0.0296982713542042,0.0,0.0,0,1,0.0,
alpha,Ti-44,0.00012870876068602833,0.0,0.0,0,7,0.0,
alpha,Ti-45,0.44547407031306296,0.0,0.0,0,9,0.0,
alpha,Ta-176,0.059396542708406,0.0,0.0,0,1,0.0,
alpha,O-20,0.0890948140626126,0.0,0.0,0,2,0.0,
alpha,O-21,0.0296982713542042,0.0,0.0,0,1,0.0,
alpha,O-22,0.0296982713542042,0.0,0.0,0,1,0.0,
alpha,Si-24,0.0296982713542042,0.0,0.0,0,1,0.0,
alpha,Si-25,0.0593965427084084,0.0,0.0,0,2,0.0,
alpha,Si-26,0.0296982713542042,0.0,0.0,0,1,0.0,
alpha,Si-27,0.3860775276046546,0.0,0.0,0,11,0.0,
alpha,Si-31,0.0890948140626126,0.0,0.0,0,3,0.0,
alpha,Si-32,1.0768337011822113e-05,0.0,0.0,0,2,0.0,
alpha,Ta-167,0.0593965427084084,0.0,0.0,0,1,0.0,
alpha,Sr-83,0.059369626402379,0.0,0.0,0,1,0.0,
alpha,Sr-85,0.0219979943055507,0.0,0.0,0,1,0.0,
alpha,Sr-89,0.0220794473335803,0.0,0.0,0,1,0.0,
alpha,Sr-90,5.845555332833406e-05,0.0,0.0,0,1,0.0,
alpha,Sr-91,0.0296982713540293,0.0,0.0,0,1,0.0,
alpha,Sr-93,0.0296982713542042,0.0,0.0,0,1,0.0,
alpha,Sr-97,0.0296982713542042,0.0,0.0,0,1,0.0,
alpha,Ta-163,0.0296982713542042,0.0,0.0,0,1,0.0,
alpha,Ta-165,0.0296982713542042,0.0,0.0,0,1,0.0,
alpha,Sr-80,0.0296982713542042,0.0,0.0,0,1,0.0,
alpha,W-174,0.1187930854168168,0.0,0.0,0,1,0.0,
alpha,W-175,0.0890948140626126,0.0,0.0,0,2,0.0,
alpha,W-177,0.0890948140626126,0.0,0.0,0,2,0.0,
alpha,W-178,0.045385226988162,0.0,0.0,0,3,0.0,
alpha,W-180,7.443695137561288e-21,0.0,0.0,0,1,0.0,
alpha,W-181,0.0195694440678982,0.0,0.0,0,1,0.0,
alpha,W-183,0.0,0.0,0.0,0,2,,
alpha,W-185,0.0844723355303354,0.0,0.0,0,1,0.0,
alpha,W-187,1.5739641908196196,0.0,0.0,0,3,0.0,
alpha,Ti-51,0.0296982713542042,0.0,0.0,0,1,0.0,
alpha,Y-85,0.0593965427084084,0.0,0.0,0,1,0.0,
alpha,Y-86,0.0593965400684087,0.0,0.0,0,1,0.0,
alpha,Y-87,0.17037600669479608,0.0,0.0,0,2,0.0,
alpha,Y-88,0.0275912224870372,0.0,0.0,0,4,0.0,
alpha,Y-90,0.1163786294478097,0.0,0.0,0,3,0.0,
alpha,Y-91,0.0193402484569896,0.0,0.0,0,3,0.0,
alpha,Y-92,0.0890948140626126,0.0,0.0,0,1,0.0,
alpha,Y-93,0.0593965427070647,0.0,0.0,0,1,0.0,
alpha,Y-95,0.0296982713542042,0.0,0.0,0,1,0.0,
alpha,Y-84,0.0296982713542042,0.0,0.0,0,1,0.0,
alpha,Ti-52,0.0296982713542042,0.0,0.0,0,1,0.0,
alpha,Ti-53,0.0296982713542042,0.0,0.0,0,1,0.0,
alpha,V-46,0.1187930854168168,0.0,0.0,0,2,0.0,
alpha,V-47,0.44547407031306296,0.0,0.0,0,14,0.0,
alpha,V-48,0.4546693202210506,0.0,0.0,0,20,0.0,
alpha,V-49,0.0257910102876636,0.0,0.0,0,20,0.0,
alpha,V-50,6.239048639284369e-20,0.0,0.0,0,14,0.0,
alpha,V-52,0.3563792562504504,0.0,0.0,0,11,0.0,
alpha,V-53,0.0593965427084084,0.0,0.0,0,2,0.0,
alpha,W-173,0.296982713542042,0.0,0.0,0,1,0.0,
alpha,V-55,0.0296982713542042,0.0,0.0,0,1,0.0,
alpha,W-165,0.0593965427084084,0.0,0.0,0,1,0.0,
alpha,W-166,0.0593965427084084,0.0,0.0,0,1,0.0,
alpha,W-167,0.0296982713542042,0.0,0.0,0,1,0.0,
alpha,W-168,0.0296982713542042,0.0,0.0,0,1,0.0,
alpha,W-169,0.0890948140626126,0.0,0.0,0,2,0.0,
alpha,W-170,0.2078878994794294,0.0,0.0,0,2,0.0,
alpha,W-171,0.0890948140626126,0.0,0.0,0,1,0.0,
alpha,W-172,0.2078878994794294,0.0,0.0,0,1,0.0,
alpha,V-54,0.0890948140626126,0.0,0.0,0,3,0.0,
n,Bi-196,0.44877588367079263,0.0,0.0,0,2,0.0,
n,Bi-197,0.6282862371391097,0.0,0.0,0,3,0.0,
n,Bi-198,0.8302353847909664,0.0,0.0,0,3,0.0,
n,Bi-199,1.5707155928477743,0.0,0.0,0,2,0.0,
n,Bi-200,2.827288067125994,0.0,0.0,0,2,0.0,
n,Bi-201,3.6126458635498806,0.0,0.0,0,3,0.0,
n,Bi-202,5.071167485479957,0.0,0.0,0,3,0.0,
n,Bi-203,8.212598666171974,0.0,0.0,0,3,0.0,
alpha,Z80-187,0.44547407031306296,0.0,0.0,0,3,0.0,
n,Bi-205,9.384778618271081,0.0,0.0,0,3,0.0,
n,Bi-206,16.72153602855946,0.0,0.0,0,3,0.0,
n,Bi-207,0.0395300158794202,0.0,0.0,0,3,0.0,
n,Bi-208,6.11492054416671e-06,0.0,0.0,0,3,0.0,
n,Bi-210,2.275913684588408,0.0,0.0,0,3,0.0,
n,C-10,1.3687664451959174,0.0,0.0,0,9,0.0,
n,C-11,15.998860252863759,0.0,0.0,0,22,0.0,
n,C-14,2.106725343316054e-05,0.0,0.0,0,18,0.0,
n,C-15,0.2243879418353963,0.0,0.0,0,1,0.0,
n,Bi-204,11.107203118414935,0.0,0.0,0,3,0.0,
n,Au-196,0.1279868668467468,0.0,0.0,0,1,0.0,
n,Au-198,0.1317920001889262,0.0,0.0,0,2,0.0,
n,Au-199,0.086485084479505,0.0,0.0,0,1,0.0,
n,Au-200,0.0897551767341585,0.0,0.0,0,2,0.0,
n,Au-201,0.1346327651012377,0.0,0.0,0,2,0.0,
n,Au-202,0.1121939709176981,0.0,0.0,0,1,0.0,
n,Au-203,0.06731638255061881,0.0,0.0,0,2,0.0,
n,Au-205,0.0673163825506189,0.0,0.0,0,1,0.0,
n,Au-206,0.0224387941835396,0.0,0.0,0,1,0.0,
n,Bi-195,0.2468267360189359,0.0,0.0,0,2,0.0,
n,B-13,0.179510353468317,0.0,0.0,0,3,0.0,
n,B-14,0.0448775883670792,0.0,0.0,0,1,0.0,
n,B-8,0.0448775883670792,0.0,0.0,0,2,0.0,
n,Be-10,1.1789340477663729e-07,0.0,0.0,0,15,0.0,
n,Be-12,0.0224387941835396,0.0,0.0,0,1,0.0,
n,Be-7,1.0910882160538482,0.0,0.0,0,21,0.0,
n,Bi-192,0.0224387941835396,0.0,0.0,0,1,0.0,
n,Bi-193,0.0448775883670792,0.0,0.0,0,2,0.0,
n,Bi-194,0.0897551767341584,0.0,0.0,0,2,0.0,
n,B-12,3.388257921714484,0.0,0.0,0,15,0.0,
n,Cu-66,4.599952807625624,0.0,0.0,0,23,0.0,
n,Cu-67,0.6171833585178951,0.0,0.0,0,2,0.0,
n,Cu-68,0.40389829530371335,0.0,0.0,0,2,0.0,
n,Cu-69,0.20194914765185662,0.0,0.0,0,2,0.0,
n,Cu-70,0.2019491476518567,0.0,0.0,0,1,0.0,
n,Cu-71,0.1121939709176981,0.0,0.0,0,2,0.0,
n,Cu-72,0.0897551767341585,0.0,0.0,0,2,0.0,
n,Cu-74,0.0448775883670792,0.0,0.0,0,2,0.0,
n,C-16,0.0224387941835396,0.0,0.0,0,1,0.0,
n,Fe-53,0.4263370894872525,0.0,0.0,0,13,0.0,
n,Fe-55,0.0527970917141494,0.0,0.0,0,57,0.0,
n,Fe-59,0.0748045827877303,0.0,0.0,0,9,0.0,
n,Fe-60,3.1693344343292395e-09,0.0,0.0,0,8,0.0,
n,Fe-61,0.3141431185695545,0.0,0.0,0,10,0.0,
n,Fe-62,0.06731638255061881,0.0,0.0,0,2,0.0,
n,He-6,1.7502259463160912,0.0,0.0,0,11,0.0,
n,K-38,0.0224387941835396,0.0,0.0,0,1,0.0,
n,K-40,3.5826919280509954e-12,0.0,0.0,0,4,0.0,
n,Fe-52,0.20194914765184022,0.0,0.0,0,9,0.0,
n,C-9,0.0224387941835396,0.0,0.0,0,1,0.0,
n,Ca-41,6.425982877308753e-08,0.0,0.0,0,8,0.0,
n,Ca-45,0.0041694610743696,0.0,0.0,0,3,0.0,
n,Co-55,0.6731633828144024,0.0,0.0,0,15,0.0,
n,Co-56,0.2204384877356637,0.0,0.0,0,34,0.0,
n,Co-57,0.1280009051189051,0.0,0.0,0,38,0.0,
n,Co-58,0.6095186026110109,0.0,0.0,0,42,0.0,
n,Co-60,0.010150962858288301,0.0,0.0,0,25,0.0,
n,Co-61,0.8751129731580454,0.0,0.0,0,13,0.0,
n,Cu-60,0.7404802080568074,0.0,0.0,0,14,0.0,
n,Co-63,0.26926553020247523,0.0,0.0,0,8,0.0,
n,Co-64,0.0224387941835396,0.0,0.0,0,1,0.0,
n,Cr-48,0.11219291532922719,0.0,0.0,0,3,0.0,
n,Cr-49,0.5609698545884902,0.0,0.0,0,18,0.0,
n,Cr-51,0.7653916758506509,0.0,0.0,0,44,0.0,
n,Cr-55,0.0897551767341584,0.0,0.0,0,4,0.0,
n,Cr-56,0.0448775883670792,0.0,0.0,0,2,0.0,
n,Cr-59,0.0224387941835396,0.0,0.0,0,1,0.0,
n,Cu-59,0.06731638255061881,0.0,0.0,0,2,0.0,
n,Co-62,0.403898295303713,0.0,0.0,0,11,0.0,
muminus,Z31-70,0.0091125605294552,0.0,0.0,0,2,0.0,
muminus,Z31-72,0.0149114624049568,0.0,0.0,0,2,0.0,
muminus,Z31-73,0.0140830480909763,0.0,0.0,0,2,0.0,
muminus,Z31-74,0.0165682918717369,0.0,0.0,0,2,0.0,
muminus,Z31-75,0.0008284145935868,0.0,0.0,0,1,0.0,
muminus,Z31-76,0.004970487561521,0.0,0.0,0,1,0.0,
muminus,Z32-68,3.117540639798676e-05,0.0,0.0,0,1,0.0,
muminus,Z32-71,0.0034638677003542,0.0,0.0,0,2,0.0,
n,Au-195,0.014637943632107001,0.0,0.0,0,2,0.0,
muminus,Z47-108,0.0008284145935868,0.0,0.0,0,1,0.0,
muminus,Z47-110,0.0008284145935868,0.0,0.0,0,1,0.0,
muminus,Z80-203,0.0001656329635825,0.0,0.0,0,1,0.0,
muminus,Z80-205,0.0024852437807605,0.0,0.0,0,1,0.0,
muminus,Z80-206,0.0033136583743473,0.0,0.0,0,1,0.0,
muminus,Z81-200,0.0016567124686286,0.0,0.0,0,1,0.0,
muminus,Z81-201,0.0040062736074987,0.0,0.0,0,1,0.0,
muminus,Z81-202,0.0037794071596713,0.0,0.0,0,2,0.0,
muminus,Z81-204,0.0001179936264927839,0.0,0.0,0,2,0.0,
muminus,Z32-75,0.0024852437807605,0.0,0.0,0,1,0.0,
muminus,N-16,0.0008284145935868,0.0,0.0,0,1,0.0,
muminus,Na-24,0.0033136581862713,0.0,0.0,0,3,0.0,
muminus,Na-25,0.0074557313422814,0.0,0.0,0,4,0.0,
muminus,Na-26,0.0008284145935868,0.0,0.0,0,1,0.0,
muminus,Ni-59,5.822629239039277e-10,0.0,0.0,0,2,0.0,
muminus,Ni-63,3.261825179104135e-06,0.0,0.0,0,10,0.0,
muminus,Ni-65,0.0049704875615208,0.0,0.0,0,4,0.0,
muminus,Ta-179,1.2856150527348876e-05,0.0,0.0,0,1,0.0,
muminus,Ta-180,0.0008284145935868,0.0,0.0,0,1,0.0,
muminus,Z31-68,0.0024852437807604,0.0,0.0,0,2,0.0,
muminus,Ta-185,0.0008284145935868,0.0,0.0,0,1,0.0,
muminus,V-49,2.5693714447968003e-05,0.0,0.0,0,1,0.0,
muminus,V-53,0.0008284145935868,0.0,0.0,0,1,0.0,
muminus,W-183,0.0,0.0,0.0,0,1,,
muminus,W-185,0.0001071046659326,0.0,0.0,0,1,0.0,
muminus,W-187,0.0008283913354956,0.0,0.0,0,1,0.0,
muminus,Z10-23,0.0008284145935868,0.0,0.0,0,1,0.0,
muminus,Z21-50,0.0008284145935868,0.0,0.0,0,1,0.0,
muminus,Z31-67,0.0015884549784536,0.0,0.0,0,1,0.0,
muminus,Ta-182,0.0001435328501417,0.0,0.0,0,1,0.0,
n,Al-26,8.29385669717923e-07,0.0,0.0,0,29,0.0,
n,Al-28,4.061421747220673,0.0,0.0,0,29,0.0,
n,Al-29,0.06731638255061881,0.0,0.0,0,2,0.0,
n,Al-30,0.0224387941835396,0.0,0.0,0,1,0.0,
n,Au-180,0.0224387941835396,0.0,0.0,0,1,0.0,
n,Au-181,0.0673163825506189,0.0,0.0,0,1,0.0,
n,Au-182,0.0448775883670792,0.0,0.0,0,2,0.0,
n,Au-183,0.2019491476518566,0.0,0.0,0,2,0.0,
n,Au-184,0.2468267360189359,0.0,0.0,0,3,0.0,
muminus,Z81-206,0.0107693897166289,0.0,0.0,0,2,0.0,
n,Au-186,0.3141431185695548,0.0,0.0,0,2,0.0,
n,Au-187,0.359020706936634,0.0,0.0,0,3,0.0,
n,Au-188,0.2917043243860151,0.0,0.0,0,2,0.0,
n,Au-189,0.44877588367079263,0.0,0.0,0,2,0.0,
n,Au-190,0.35902070693663407,0.0,0.0,0,2,0.0,
n,Au-191,0.426337089487253,0.0,0.0,0,2,0.0,
n,Au-192,0.4263370894872529,0.0,0.0,0,2,0.0,
n,Au-193,0.2468265572040705,0.0,0.0,0,1,0.0,
n,Au-194,0.3809211253442879,0.0,0.0,0,2,0.0,
n,Au-185,0.179510353468317,0.0,0.0,0,2,0.0,
muminus,Z81-207,0.008284145935868301,0.0,0.0,0,2,0.0,
muminus,Z82-199,0.0008284145935868,0.0,0.0,0,1,0.0,
muminus,Z82-200,0.008284070470883701,0.0,0.0,0,2,0.0,
muminus,Z82-201,0.0157398772781118,0.0,0.0,0,2,0.0,
muminus,Z82-202,1.572109744579067e-08,0.0,0.0,0,2,0.0,
muminus,Z82-203,0.028757257844685198,0.0,0.0,0,2,0.0,
muminus,Z82-204,0.0,0.0,0.0,0,3,,
muminus,Z82-205,4.161468095654206e-11,0.0,0.0,0,3,0.0,
muminus,Z82-209,0.0024852437807605,0.0,0.0,0,1,0.0,
n,Al-25,0.7180414138732679,0.0,0.0,0,11,0.0,
muminus,Zn-69,0.0033136583743473,0.0,0.0,0,1,0.0,
muminus,Zn-71,0.0041420729679341,0.0,0.0,0,2,0.0,
muminus,Zn-72,0.0024736342627257,0.0,0.0,0,1,0.0,
muminus,Zn-73,0.0016568291871736,0.0,0.0,0,2,0.0,
muminus,Zn-74,0.0008284145935868,0.0,0.0,0,1,0.0,
muminus,Zr-93,1.4646989039325016e-11,0.0,0.0,0,1,0.0,
muplus,Bi-207,1.4778312924018022e-05,0.0,0.0,0,1,0.0,
muplus,W-183,0.0,0.0,0.0,0,1,,
n,Al-24,0.0224387941835396,0.0,0.0,0,1,0.0,
muminus,Zn-65,3.4566791263156296e-05,0.0,0.0,0,1,0.0,
n,W-166,0.0897551767341585,0.0,0.0,0,2,0.0,
n,W-167,0.0448775883670792,0.0,0.0,0,1,0.0,
n,W-168,0.0673163825506189,0.0,0.0,0,1,0.0,
n,W-169,0.0448775883670792,0.0,0.0,0,1,0.0,
n,W-170,0.17951035346831704,0.0,0.0,0,3,0.0,
n,W-171,0.1121939709176981,0.0,0.0,0,2,0.0,
n,W-172,0.2468267360189359,0.0,0.0,0,2,0.0,
n,W-173,0.1346327651012377,0.0,0.0,0,3,0.0,
n,K-42,0.1346327648733408,0.0,0.0,0,4,0.0,
n,W-175,0.2243879418353962,0.0,0.0,0,3,0.0,
n,W-177,0.2243879418353962,0.0,0.0,0,3,0.0,
n,W-178,0.0685824272540651,0.0,0.0,0,3,0.0,
n,W-179,0.20194914765185662,0.0,0.0,0,2,0.0,
n,W-180,6.02587537231622e-21,0.0,0.0,0,1,0.0,
n,W-181,0.0480540718376531,0.0,0.0,0,1,0.0,
n,W-183,0.0,0.0,0.0,0,3,,
n,W-185,0.0754281599004338,0.0,0.0,0,1,0.0,
n,W-187,2.7150178687894737,0.0,0.0,0,4,0.0,
n,W-174,0.1346327651012377,0.0,0.0,0,2,0.0,
n,Ta-177,0.088683095390461,0.0,0.0,0,2,0.0,
n,Ta-178,0.0448775883670792,0.0,0.0,0,2,0.0,
n,Ta-179,0.0013929089029044,0.0,0.0,0,4,0.0,
n,Ta-180,0.1570715592847689,0.0,0.0,0,6,0.0,
n,Ta-182,0.101082606226213,0.0,0.0,0,7,0.0,
n,Ta-183,0.0390344365467622,0.0,0.0,0,1,0.0,
n,Ta-184,0.0224387941835317,0.0,0.0,0,1,0.0,
n,Ta-185,0.0448775883670792,0.0,0.0,0,1,0.0,
n,Ti-44,0.00010805228194399047,0.0,0.0,0,10,0.0,
n,V-55,0.0224387941835396,0.0,0.0,0,1,0.0,
n,Ti-51,0.06731638255061881,0.0,0.0,0,3,0.0,
n,V-46,0.0897551767341584,0.0,0.0,0,4,0.0,
n,V-47,0.3141431185695544,0.0,0.0,0,12,0.0,
n,V-48,0.4294118324401121,0.0,0.0,0,31,0.0,
n,V-49,0.0327096973113158,0.0,0.0,0,25,0.0,
n,V-50,1.0842128529673022e-19,0.0,0.0,0,23,0.0,
n,V-52,0.2917043243860149,0.0,0.0,0,9,0.0,
n,V-53,0.06731638255061881,0.0,0.0,0,2,0.0,
n,V-54,0.112193970917698,0.0,0.0,0,5,0.0,
n,Ti-45,0.3141431185695544,0.0,0.0,0,12,0.0,
n,Z18-37,0.0634180586065939,0.0,0.0,0,8,0.0,
n,Z18-39,1.1916210227183864e-05,0.0,0.0,0,4,0.0,
n,Z18-41,0.0448775883670792,0.0,0.0,0,2,0.0,
n,Z18-42,3.88125556261757e-05,0.0,0.0,0,2,0.0,
n,Z21-42,0.0224387941835396,0.0,0.0,0,1,0.0,
n,Z21-43,0.13463276510123762,0.0,0.0,0,5,0.0,
n,Z21-44,0.336581912753094,0.0,0.0,0,11,0.0,
alpha,Al-28,2.7619392359409907,0.0,0.0,0,24,0.0,
n,Y-85,0.0448775883670792,0.0,0.0,0,2,0.0,
n,Z21-48,0.0670942888739706,0.0,0.0,0,3,0.0,
n,Z21-49,0.06731638255061881,0.0,0.0,0,2,0.0,
n,Z31-64,0.0224387941835396,0.0,0.0,0,1,0.0,
n,Z31-65,0.3365819127530944,0.0,0.0,0,2,0.0,
n,Z31-66,0.3814595011193153,0.0,0.0,0,2,0.0,
n,Z31-67,1.5274079169513035,0.0,0.0,0,3,0.0,
n,Z31-68,3.500451892632183,0.0,0.0,0,2,0.0,
n,Z31-70,5.160922662214116,0.0,0.0,0,3,0.0,
n,Z31-72,2.73753283906007,0.0,0.0,0,3,0.0,
n,Z21-47,0.23575604487161658,0.0,0.0,0,10,0.0,
n,Y-86,0.0897551727448077,0.0,0.0,0,2,0.0,
n,Y-87,0.0429097045463411,0.0,0.0,0,1,0.0,
n,Y-88,0.006254038377603,0.0,0.0,0,2,0.0,
n,Y-90,0.1538790976819349,0.0,0.0,0,3,0.0,
n,Y-91,0.014612697466766,0.0,0.0,0,3,0.0,
n,Y-92,0.1346327651012378,0.0,0.0,0,1,0.0,
n,Y-93,0.022438794183032,0.0,0.0,0,1,0.0,
n,Y-94,0.0448775883670792,0.0,0.0,0,1,0.0,
n,Z10-19,0.0448775883670792,0.0,0.0,0,2,0.0,
n,Z17-39,0.0224387941835396,0.0,0.0,0,1,0.0,
n,Z10-24,0.650725031322649,0.0,0.0,0,11,0.0,
n,Z10-25,0.13463276510123762,0.0,0.0,0,5,0.0,
n,Z15-30,0.0897551767341584,0.0,0.0,0,3,0.0,
n,Z15-32,0.0696648363084422,0.0,0.0,0,4,0.0,
n,Z15-33,0.0226483820828316,0.0,0.0,0,2,0.0,
n,Z16-35,0.0025174981871612,0.0,0.0,0,1,0.0,
n,Z16-38,0.0224387941835396,0.0,0.0,0,1,0.0,
n,Z17-36,1.6959648437893946e-08,0.0,0.0,0,5,0.0,
n,Z17-38,0.0448775883670792,0.0,0.0,0,2,0.0,
n,Z10-23,0.44877588367079246,0.0,0.0,0,11,0.0,
n,Mo-102,0.0224387941835396,0.0,0.0,0,1,0.0,
n,Mo-90,0.0897551767341584,0.0,0.0,0,2,0.0,
n,Mo-93,6.38740516664116e-07,0.0,0.0,0,2,0.0,
n,Mo-99,0.1096454145633235,0.0,0.0,0,2,0.0,
n,N-12,0.06731638255061881,0.0,0.0,0,2,0.0,
n,N-13,1.79510353468317,0.0,0.0,0,13,0.0,
n,N-16,3.163869979879088,0.0,0.0,0,9,0.0,
n,N-17,0.1121939709176981,0.0,0.0,0,2,0.0,
n,Ta-176,0.0224387941835387,0.0,0.0,0,1,0.0,
n,Na-22,0.050539649819881696,0.0,0.0,0,25,0.0,
n,Na-24,8.616496477426153,0.0,0.0,0,25,0.0,
n,Na-25,1.5482767986642343,0.0,0.0,0,12,0.0,
n,Na-26,0.1121939709176981,0.0,0.0,0,3,0.0,
n,Nb-88,0.0224387941835396,0.0,0.0,0,1,0.0,
n,Nb-90,0.0673163800069338,0.0,0.0,0,2,0.0,
n,Nb-91,1.0332387679711377e-05,0.0,0.0,0,6,0.0,
n,Nb-92,2.945211708143051e-10,0.0,0.0,0,7,0.0,
n,Nb-94,1.4716122627164101e-06,0.0,0.0,0,8,0.0,
n,Na-21,0.2917043243860149,0.0,0.0,0,10,0.0,
n,K-43,0.022438484211547,0.0,0.0,0,1,0.0,
n,K-44,0.0448775883670792,0.0,0.0,0,2,0.0,
n,K-45,0.0224387941835396,0.0,0.0,0,1,0.0,
n,Li-8,2.468267360189359,0.0,0.0,0,15,0.0,
n,Li-9,0.2019491476518565,0.0,0.0,0,5,0.0,
n,Mg-22,0.0224387941835396,0.0,0.0,0,1,0.0,
n,Mg-23,0.5160922662214111,0.0,0.0,0,12,0.0,
n,Mg-27,8.840884908314615,0.0,0.0,0,24,0.0,
n,Mn-50,0.06731638255061881,0.0,0.0,0,3,0.0,
n,Mo-101,0.0224387941835396,0.0,0.0,0,1,0.0,
n,Mn-52,1.1177199315128425,0.0,0.0,0,27,0.0,
n,Mn-53,1.933491679593088e-08,0.0,0.0,0,43,0.0,
n,Mn-54,0.0742601710195705,0.0,0.0,0,44,0.0,
n,Mn-56,0.9648681498922034,0.0,0.0,0,25,0.0,
n,Mn-57,0.0448775883670792,0.0,0.0,0,2,0.0,
n,Mn-58,0.0224387941835396,0.0,0.0,0,1,0.0,
n,Mn-59,0.0448775883670792,0.0,0.0,0,2,0.0,
n,Mn-61,0.0224387941835396,0.0,0.0,0,1,0.0,
n,Mn-62,0.0224387941835396,0.0,0.0,0,1,0.0,
n,Mn-51,0.26926553020247523,0.0,0.0,0,11,0.0,
n,Si-27,0.40389829530371285,0.0,0.0,0,13,0.0,
n,Si-31,0.0448775883670792,0.0,0.0,0,1,0.0,
n,Sr-82,0.0226483820828316,0.0,0.0,0,2,0.0,
n,Sr-85,0.0199449372976268,0.0,0.0,0,4,0.0,
n,Sr-89,0.020852904555267,0.0,0.0,0,3,0.0,
n,Sr-90,4.416661543614483e-05,0.0,0.0,0,1,0.0,
n,Sr-92,0.0224387941835396,0.0,0.0,0,1,0.0,
n,Ta-164,0.0224387941835396,0.0,0.0,0,1,0.0,
n,Ta-165,0.0224387941835396,0.0,0.0,0,1,0.0,
n,Nb-95,0.0346086479299754,0.0,0.0,0,1,0.0,
n,Ta-167,0.0224387941835396,0.0,0.0,0,1,0.0,
n,Ta-168,0.1121939709176981,0.0,0.0,0,1,0.0,
n,Ta-169,0.1121939709176981,0.0,0.0,0,2,0.0,
n,Ta-170,0.1121939709176981,0.0,0.0,0,2,0.0,
n,Ta-171,0.0448775883670792,0.0,0.0,0,1,0.0,
n,Ta-172,0.0448775883670792,0.0,0.0,0,2,0.0,
n,Ta-173,0.1121939709176981,0.0,0.0,0,2,0.0,
n,Ta-174,0.1795103534683169,0.0,0.0,0,5,0.0,
n,Ta-175,0.2019491476422134,0.0,0.0,0,4,0.0,
n,Ta-166,0.0224387941835396,0.0,0.0,0,1,0.0,
n,Nb-96,0.08975312598840139,0.0,0.0,0,2,0.0,
n,Nb-97,0.0897551767341585,0.0,0.0,0,1,0.0,
n,Nb-98,0.0224387941835396,0.0,0.0,0,1,0.0,
n,Nb-99,0.0448775883670792,0.0,0.0,0,1,0.0,
n,Ni-55,0.0224387941835396,0.0,0.0,0,1,0.0,
n,Ni-56,0.183863636851603,0.0,0.0,0,7,0.0,
n,Ni-57,0.6501371712536042,0.0,0.0,0,14,0.0,
n,Ni-59,1.6402281094253984e-06,0.0,0.0,0,44,0.0,
n,Ni-63,0.0012621600071682313,0.0,0.0,0,25,0.0,
n,Si-26,0.0448775883670792,0.0,0.0,0,2,0.0,
n,Ni-66,0.155444945693056,0.0,0.0,0,2,0.0,
n,Ni-67,0.1346327651012378,0.0,0.0,0,1,0.0,
n,Ni-68,0.0224387941835396,0.0,0.0,0,1,0.0,
n,O-13,0.0897551767341585,0.0,0.0,0,2,0.0,
n,O-14,0.6507250313226494,0.0,0.0,0,2,0.0,
n,O-15,11.802805740541846,0.0,0.0,0,23,0.0,
n,O-19,0.06731638255061881,0.0,0.0,0,3,0.0,
n,O-20,0.13463276510123762,0.0,0.0,0,6,0.0,
n,O-21,0.0448775883670792,0.0,0.0,0,2,0.0,
n,Ni-65,0.49365347203787163,0.0,0.0,0,9,0.0,
eminus,Bi-203,0.0076522648455013,0.0,0.0,0,1,0.0,
eminus,Bi-204,0.0076522648484843,0.0,0.0,0,1,0.0,
eminus,Bi-205,0.0192105373521675,0.0,0.0,0,2,0.0,
eminus,Bi-206,0.0248205343291205,0.0,0.0,0,1,0.0,
eminus,Bi-207,0.0005230544194388827,0.0,0.0,0,2,0.0,
eminus,Bi-208,1.2016132007525907e-07,0.0,0.0,0,3,0.0,
eminus,C-11,0.0153045297003268,0.0,0.0,0,2,0.0,
eminus,C-14,3.821558817871072e-08,0.0,0.0,0,1,0.0,
muminus,Mn-56,0.0066273167486945,0.0,0.0,0,6,0.0,
eminus,Cr-51,0.0047893625081698,0.0,0.0,0,2,0.0,
eminus,Cr-56,0.0076522648501634,0.0,0.0,0,1,0.0,
eminus,Cu-66,0.0076522648501634,0.0,0.0,0,1,0.0,
eminus,Cu-73,0.0076522648501634,0.0,0.0,0,1,0.0,
eminus,Fe-53,0.0076522648501634,0.0,0.0,0,1,0.0,
eminus,Fe-55,0.0009435094229922477,0.0,0.0,0,8,0.0,
eminus,Mn-54,0.0002507408241775,0.0,0.0,0,1,0.0,
eminus,N-13,0.0076522648501634,0.0,0.0,0,1,0.0,
eminus,Nb-91,3.203306430047824e-07,0.0,0.0,0,1,0.0,
eminus,Co-57,0.0005743675903312,0.0,0.0,0,2,0.0,
alpha,Zn-61,0.0296982713542042,0.0,0.0,0,1,0.0,
alpha,Zn-62,0.2672844421874024,0.0,0.0,0,5,0.0,
alpha,Zn-63,0.8612498692719218,0.0,0.0,0,9,0.0,
alpha,Zn-65,0.1276379210803722,0.0,0.0,0,5,0.0,
alpha,Zn-69,1.5146118390644143,0.0,0.0,0,2,0.0,
alpha,Zn-71,0.3266809848962462,0.0,0.0,0,2,0.0,
alpha,Zn-72,0.26603585499650867,0.0,0.0,0,2,0.0,
alpha,Zn-73,0.0890948140626126,0.0,0.0,0,1,0.0,
alpha,Zr-86,0.0296982633225686,0.0,0.0,0,1,0.0,
eminus,Bi-201,0.0153045297003268,0.0,0.0,0,2,0.0,
alpha,Zr-88,0.0104427108844999,0.0,0.0,0,1,0.0,
alpha,Zr-89,0.08540617442954371,0.0,0.0,0,2,0.0,
alpha,Zr-93,1.0501752585707564e-09,0.0,0.0,0,1,0.0,
alpha,Zr-95,0.0044511117694626,0.0,0.0,0,1,0.0,
alpha,Zr-97,0.0296982612977131,0.0,0.0,0,1,0.0,
eminus,Al-26,1.2152267348259554e-09,0.0,0.0,0,2,0.0,
eminus,B-12,0.0076522648501634,0.0,0.0,0,1,0.0,
eminus,Be-10,1.5705075292453492e-10,0.0,0.0,0,1,0.0,
eminus,Bi-199,0.0076522648501634,0.0,0.0,0,1,0.0,
alpha,Zr-87,0.148491356771021,0.0,0.0,0,3,0.0,
eminus,Z82-202,4.149130237848586e-09,0.0,0.0,0,1,0.0,
eminus,Z82-203,0.00758964878199,0.0,0.0,0,1,0.0,
eminus,Z82-205,1.2813493903485828e-11,0.0,0.0,0,1,0.0,
eplus,Al-26,1.1339582719957759e-08,0.0,0.0,0,6,0.0,
eplus,Be-10,4.50916803736527e-10,0.0,0.0,0,1,0.0,
eplus,Bi-199,0.0219708262668381,0.0,0.0,0,1,0.0,
eplus,Bi-200,0.0219708262668381,0.0,0.0,0,1,0.0,
eplus,Bi-201,0.0219708262668381,0.0,0.0,0,1,0.0,
eminus,Nb-94,1.0677904145243672e-08,0.0,0.0,0,1,0.0,
eplus,Bi-203,0.0659124787603573,0.0,0.0,0,1,0.0,
eplus,Bi-204,0.0659124787860517,0.0,0.0,0,1,0.0,
eplus,Bi-205,0.0772189595747314,0.0,0.0,0,2,0.0,
eplus,Bi-206,0.160343013619424,0.0,0.0,0,2,0.0,
eplus,Bi-207,0.0021225008600323746,0.0,0.0,0,3,0.0,
eplus,Bi-208,3.891889779445069e-07,0.0,0.0,0,3,0.0,
eplus,C-10,0.0219708262668381,0.0,0.0,0,1,0.0,
eplus,C-11,0.0878833050673526,0.0,0.0,0,2,0.0,
eplus,C-14,3.291684481653372e-07,0.0,0.0,0,1,0.0,
eplus,Bi-202,0.0219708262668381,0.0,0.0,0,1,0.0,
eminus,Ni-59,5.378502673222534e-09,0.0,0.0,0,2,0.0,
eminus,Ni-63,2.1521616935242183e-06,0.0,0.0,0,1,0.0,
eminus,O-15,0.084174913351798,0.0,0.0,0,2,0.0,
eminus,Ta-179,0.0001187553545657,0.0,0.0,0,1,0.0,
eminus,W-181,0.0006303000231561,0.0,0.0,0,1,0.0,
eminus,W-183,0.0,0.0,0.0,0,1,,
eminus,W-185,0.0019787031197891,0.0,0.0,0,1,0.0,
eminus,W-187,0.0076520500095807,0.0,0.0,0,1,0.0,
eminus,Z31-72,0.007652264706675,0.0,0.0,0,1,0.0,
eminus,Z82-197,0.0076522648501634,0.0,0.0,0,1,0.0,
eminus,Z32-69,0.0840336588882244,0.0,0.0,0,3,0.0,
eminus,Z32-71,0.09141879735180569,0.0,0.0,0,2,0.0,
eminus,Z32-75,0.0382613242508172,0.0,0.0,0,2,0.0,
eminus,Z47-110,0.0076522648501634,0.0,0.0,0,1,0.0,
eminus,Z49-112,0.0076522648501634,0.0,0.0,0,1,0.0,
eminus,Z53-118,0.0076522648501634,0.0,0.0,0,1,0.0,
eminus,Z81-193,0.0076522648501634,0.0,0.0,0,1,0.0,
eminus,Z81-195,0.0076522648501634,0.0,0.0,0,1,0.0,
eminus,Z82-192,0.0076522648501634,0.0,0.0,0,1,0.0,
eminus,Z32-68,0.0005759494543328,0.0,0.0,0,1,0.0,
alpha,Z81-193,0.6236636984382883,0.0,0.0,0,2,0.0,
alpha,Z81-194,0.8909481406261259,0.0,0.0,0,2,0.0,
alpha,Z81-195,0.8315515979177176,0.0,0.0,0,2,0.0,
alpha,Z81-196,1.4552152963560057,0.0,0.0,0,2,0.0,
alpha,Z81-197,1.9897841807316814,0.0,0.0,0,2,0.0,
alpha,Z81-198,2.4055599796905405,0.0,0.0,0,3,0.0,
alpha,Z81-199,2.643146150524167,0.0,0.0,0,2,0.0,
alpha,Z81-200,2.435086694554688,0.0,0.0,0,2,0.0,
alpha,Zn-60,0.0593965427084084,0.0,0.0,0,2,0.0,
alpha,Z81-202,1.8799231822280378,0.0,0.0,0,3,0.0,
alpha,Z81-204,0.009350561022835501,0.0,0.0,0,3,0.0,
alpha,Z81-206,0.9503446833345344,0.0,0.0,0,2,0.0,
alpha,Z81-207,0.7721550552093093,0.0,0.0,0,2,0.0,
alpha,Z81-208,0.0296982713542042,0.0,0.0,0,1,0.0,
alpha,Z82-187,0.0296982713542042,0.0,0.0,0,1,0.0,
alpha,Z82-188,0.1187930854168168,0.0,0.0,0,2,0.0,
alpha,Z82-189,0.148491356771021,0.0,0.0,0,1,0.0,
alpha,Z82-190,0.2672844421878378,0.0,0.0,0,2,0.0,
alpha,Z81-201,3.1309817036778353,0.0,0.0,0,3,0.0,
alpha,Z80-188,0.5345688843756756,0.0,0.0,0,2,0.0,
alpha,Z80-189,0.5048706130214714,0.0,0.0,0,2,0.0,
alpha,Z80-190,1.1285343114597597,0.0,0.0,0,2,0.0,
alpha,Z80-191,0.445474070313063,0.0,0.0,0,2,0.0,
alpha,Z80-192,1.1582325828139637,0.0,0.0,0,2,0.0,
alpha,Z80-193,0.6830602411466966,0.0,0.0,0,3,0.0,
alpha,Z80-194,6.808302064071314e-05,0.0,0.0,0,2,0.0,
alpha,Z80-195,0.8018533265051007,0.0,0.0,0,2,0.0,
alpha,Z80-197,0.6103005133187025,0.0,0.0,0,2,0.0,
alpha,Z81-192,0.8315515979177176,0.0,0.0,0,2,0.0,
alpha,Z80-205,0.5345688843756756,0.0,0.0,0,2,0.0,
alpha,Z80-206,0.296982713542042,0.0,0.0,0,1,0.0,
alpha,Z80-207,0.3860775276046546,0.0,0.0,0,2,0.0,
alpha,Z81-185,0.0890948140626126,0.0,0.0,0,2,0.0,
alpha,Z81-186,0.0890948140626126,0.0,0.0,0,1,0.0,
alpha,Z81-187,0.2672844421878378,0.0,0.0,0,2,0.0,
alpha,Z81-188,0.0890948140626126,0.0,0.0,0,1,0.0,
alpha,Z81-189,0.29698271354204203,0.0,0.0,0,2,0.0,
alpha,Z81-190,0.5048706130214714,0.0,0.0,0,2,0.0,
alpha,Z80-203,0.11281940465479551,0.0,0.0,0,2,0.0,
alpha,Z84-201,0.4751723416672672,0.0,0.0,0,2,0.0,
alpha,Z84-202,0.8315515979177176,0.0,0.0,0,2,0.0,
alpha,Z84-203,0.9800429546887386,0.0,0.0,0,3,0.0,
alpha,Z84-204,1.277025668230781,0.0,0.0,0,2,0.0,
alpha,Z84-205,1.336422210939189,0.0,0.0,0,3,0.0,
alpha,Z84-206,1.1322470601934345,0.0,0.0,0,2,0.0,
alpha,Z84-207,1.4255170250018017,0.0,0.0,0,2,0.0,
alpha,Z84-208,0.013643504256289601,0.0,0.0,0,3,0.0,
alpha,Z84-209,0.00017723907754508978,0.0,0.0,0,2,0.0,
alpha,Z82-191,0.2672844421878378,0.0,0.0,0,2,0.0,
alpha,Z85-204,0.0296982713542042,0.0,0.0,0,1,0.0,
alpha,Z85-209,0.0296982713542042,0.0,0.0,0,1,0.0,
alpha,Z9-17,0.1187930854168168,0.0,0.0,0,4,0.0,
alpha,Z9-18,1.514611839064414,0.0,0.0,0,14,0.0,
alpha,Z9-20,0.5345688843756756,0.0,0.0,0,7,0.0,
alpha,Z9-21,0.1781896281252252,0.0,0.0,0,5,0.0,
alpha,Z9-22,0.0593965427084084,0.0,0.0,0,1,0.0,
alpha,Z9-23,0.0296982713542042,0.0,0.0,0,1,0.0,
alpha,Z9-24,0.0296982713542042,0.0,0.0,0,1,0.0,
alpha,Z84-210,0.0085987118427348,0.0,0.0,0,1,0.0,
alpha,Z82-192,0.593965427084084,0.0,0.0,0,2,0.0,
alpha,Z82-193,0.9206464119803303,0.0,0.0,0,2,0.0,
alpha,Z82-194,1.1285343114597597,0.0,0.0,0,2,0.0,
alpha,Z82-195,1.187930854168168,0.0,0.0,0,2,0.0,
alpha,Z82-196,1.7818962812522519,0.0,0.0,0,3,0.0,
alpha,Z82-197,3.0292236781288278,0.0,0.0,0,2,0.0,
alpha,Z82-198,3.7716804619839333,0.0,0.0,0,2,0.0,
alpha,Z82-199,3.385602934379279,0.0,0.0,0,2,0.0,
alpha,Z82-200,3.4746660954490265,0.0,0.0,0,3,0.0,
alpha,Z84-200,0.38607752760465464,0.0,0.0,0,2,0.0,
alpha,Z82-202,2.3509917289388662e-06,0.0,0.0,0,3,0.0,
alpha,Z82-203,3.2695338347636116,0.0,0.0,0,2,0.0,
alpha,Z82-204,0.0,0.0,0.0,0,3,,
alpha,Z82-205,4.425871000144495e-09,0.0,0.0,0,3,0.0,
alpha,Z82-209,0.3563792562504504,0.0,0.0,0,2,0.0,
alpha,Z84-194,0.0296982713542042,0.0,0.0,0,1,0.0,
alpha,Z84-197,0.148491356771021,0.0,0.0,0,2,0.0,
alpha,Z84-198,0.1781896281252252,0.0,0.0,0,2,0.0,
alpha,Z84-199,0.4751723416672672,0.0,0.0,0,2,0.0,
alpha,Z82-201,3.326206391662805,0.0,0.0,0,2,0.0,
gamma,Z80-191,0.0230295140586915,0.0,0.0,0,1,0.0,
gamma,Z80-193,0.0230295140586915,0.0,0.0,0,1,0.0,
gamma,Z80-194,1.4665265102688015e-06,0.0,0.0,0,1,0.0,
gamma,Z80-203,0.0046045140838121,0.0,0.0,0,1,0.0,
gamma,Z81-189,0.0230295140586915,0.0,0.0,0,1,0.0,
gamma,Z81-193,0.0230295140586915,0.0,0.0,0,1,0.0,
gamma,Z81-195,0.0230295140586915,0.0,0.0,0,1,0.0,
gamma,Z81-196,0.0230295140586915,0.0,0.0,0,1,0.0,
eplus,Co-57,0.001649097461675,0.0,0.0,0,2,0.0,
gamma,Z81-198,0.0230295140586915,0.0,0.0,0,1,0.0,
gamma,Z81-199,0.0230295140586915,0.0,0.0,0,1,0.0,
gamma,Z81-200,0.0230278916999138,0.0,0.0,0,1,0.0,
gamma,Z81-204,0.0001726402202591,0.0,0.0,0,1,0.0,
gamma,Z81-207,0.0230295140586915,0.0,0.0,0,1,0.0,
gamma,Z82-194,0.0690885421760747,0.0,0.0,0,1,0.0,
gamma,Z82-195,0.046059028117383,0.0,0.0,0,2,0.0,
gamma,Z82-196,0.0460590281173831,0.0,0.0,0,1,0.0,
gamma,Z82-197,0.0460590281173831,0.0,0.0,0,1,0.0,
gamma,Z81-197,0.0230295140586915,0.0,0.0,0,1,0.0,
gamma,W-180,1.236902308275362e-21,0.0,0.0,0,1,0.0,
gamma,W-181,0.0018968898134985,0.0,0.0,0,1,0.0,
gamma,W-183,0.0,0.0,0.0,0,1,,
gamma,W-187,0.0921154699812498,0.0,0.0,0,1,0.0,
gamma,Y-91,0.0037493472130641,0.0,0.0,0,1,0.0,
gamma,Z10-24,0.046059028117383,0.0,0.0,0,2,0.0,
gamma,Z31-67,0.0441582590904235,0.0,0.0,0,1,0.0,
gamma,Z31-68,0.0921180562347662,0.0,0.0,0,2,0.0,
gamma,Z31-70,0.0230295140586915,0.0,0.0,0,1,0.0,
gamma,Z80-190,0.0230295140586915,0.0,0.0,0,1,0.0,
gamma,Z32-69,1.241506876482329,0.0,0.0,0,2,0.0,
gamma,Z32-71,0.9629380085805437,0.0,0.0,0,2,0.0,
gamma,Z32-75,0.48361979523252296,0.0,0.0,0,2,0.0,
gamma,Z32-77,0.0230295140537277,0.0,0.0,0,1,0.0,
gamma,Z47-108,0.0230295140586915,0.0,0.0,0,1,0.0,
gamma,Z71-171,0.0165018407851787,0.0,0.0,0,1,0.0,
gamma,Z72-170,0.046059020276401,0.0,0.0,0,2,0.0,
gamma,Z78-185,0.0230295140586915,0.0,0.0,0,1,0.0,
gamma,Z80-185,0.0230295140586915,0.0,0.0,0,1,0.0,
gamma,Z32-68,0.0043333040333057,0.0,0.0,0,2,0.0,
muminus,Bi-208,8.330474767565879e-10,0.0,0.0,0,2,0.0,
muminus,Bi-210,0.0007243459292724,0.0,0.0,0,1,0.0,
muminus,C-14,2.06856084895394e-08,0.0,0.0,0,3,0.0,
muminus,Co-58,0.00022615808079,0.0,0.0,0,2,0.0,
muminus,Co-60,1.3384354572297727e-05,0.0,0.0,0,3,0.0,
muminus,Co-61,0.0008284145935868,0.0,0.0,0,1,0.0,
muminus,Co-62,0.0016568291871736,0.0,0.0,0,2,0.0,
muminus,Co-63,0.0008284145935868,0.0,0.0,0,1,0.0,
gamma,Z82-198,0.0690885421760746,0.0,0.0,0,2,0.0,
muminus,Cu-64,0.009112560502739099,0.0,0.0,0,6,0.0,
muminus,Cu-66,0.0033136583743472,0.0,0.0,0,4,0.0,
muminus,Cu-67,0.0008137751090065,0.0,0.0,0,1,0.0,
muminus,Cu-68,0.0008284145935868,0.0,0.0,0,1,0.0,
muminus,Fe-55,1.7023652267185288e-05,0.0,0.0,0,2,0.0,
muminus,Fe-59,0.0001726062225694,0.0,0.0,0,1,0.0,
muminus,Fe-60,9.000630699877062e-12,0.0,0.0,0,1,0.0,
muminus,Mg-27,0.020710364839670602,0.0,0.0,0,12,0.0,
muminus,Mn-53,1.2746839173551894e-11,0.0,0.0,0,2,0.0,
muminus,Cr-51,0.0002592420592748,0.0,0.0,0,1,0.0,
gamma,Z82-199,0.0690885421760747,0.0,0.0,0,1,0.0,
gamma,Z82-200,0.0230293042697841,0.0,0.0,0,1,0.0,
gamma,Z82-201,0.0230295140586357,0.0,0.0,0,1,0.0,
gamma,Z82-202,3.7460459752057e-08,0.0,0.0,0,2,0.0,
gamma,Z82-204,0.0,0.0,0.0,0,1,,
gamma,Z82-205,1.5424899360872595e-10,0.0,0.0,0,3,0.0,
gamma,Z82-209,0.0230295140586915,0.0,0.0,0,1,0.0,
gamma,Z84-203,0.0230295140586915,0.0,0.0,0,1,0.0,
gamma,Z84-204,0.0230295140586915,0.0,0.0,0,1,0.0,
muminus,Bi-207,5.284956300763002e-06,0.0,0.0,0,3,0.0,
gamma,Z84-208,0.0002251032035921,0.0,0.0,0,1,0.0,
gamma,Zn-65,0.0009609396207181,0.0,0.0,0,1,0.0,
gamma,Zn-71,0.0230295140586915,0.0,0.0,0,1,0.0,
gamma,Zn-73,0.0230295140586915,0.0,0.0,0,1,0.0,
muminus,Al-28,0.0024852437807604,0.0,0.0,0,3,0.0,
muminus,B-12,0.0008284145935868,0.0,0.0,0,1,0.0,
muminus,Be-10,1.7001912270941347e-11,0.0,0.0,0,1,0.0,
muminus,Bi-205,0.0004159367142876,0.0,0.0,0,1,0.0,
muminus,Bi-206,0.0006717518689394,0.0,0.0,0,1,0.0,
gamma,Z84-206,0.0319272939610101,0.0,0.0,0,1,0.0,
eplus,Z32-68,0.0041340980897171,0.0,0.0,0,2,0.0,
eplus,Z32-69,0.39481122387503675,0.0,0.0,0,2,0.0,
eplus,Z32-71,0.4593354344850701,0.0,0.0,0,3,0.0,
eplus,Z32-75,0.1537957838678671,0.0,0.0,0,2,0.0,
eplus,Z47-106,0.0219708262668381,0.0,0.0,0,1,0.0,
eplus,Z47-108,0.0439416525336763,0.0,0.0,0,1,0.0,
eplus,Z80-187,0.0219708262668381,0.0,0.0,0,1,0.0,
eplus,Z80-192,0.0219708262668381,0.0,0.0,0,1,0.0,
gamma,V-50,2.419034034634472e-21,0.0,0.0,0,1,0.0,
eplus,Z81-199,0.0439416525336762,0.0,0.0,0,2,0.0,
eplus,Z81-202,0.0125294596962091,0.0,0.0,0,1,0.0,
eplus,Z81-204,0.0001647037916786,0.0,0.0,0,1,0.0,
eplus,Z81-207,0.0219708262668381,0.0,0.0,0,1,0.0,
eplus,Z82-195,0.0219708262668381,0.0,0.0,0,1,0.0,
eplus,Z82-196,0.0219708262668381,0.0,0.0,0,1,0.0,
eplus,Z82-204,0.0,0.0,0.0,0,1,,
eplus,Z82-205,7.357901325609854e-11,0.0,0.0,0,1,0.0,
gamma,Al-25,0.0230295140586915,0.0,0.0,0,1,0.0,
eplus,Z80-203,0.0043928403665323,0.0,0.0,0,1,0.0,
eplus,Cr-51,0.020626491696833102,0.0,0.0,0,3,0.0,
eplus,Cu-60,0.0219708262668381,0.0,0.0,0,1,0.0,
eplus,Cu-66,0.0439416525336762,0.0,0.0,0,2,0.0,
eplus,Fe-53,0.0439416525336762,0.0,0.0,0,2,0.0,
eplus,Fe-55,0.0031604536725859996,0.0,0.0,0,13,0.0,
eplus,Mg-27,0.0439416525336762,0.0,0.0,0,2,0.0,
eplus,Mn-53,5.070986033469872e-10,0.0,0.0,0,3,0.0,
eplus,N-16,0.0219708262668381,0.0,0.0,0,1,0.0,
eplus,Na-24,0.0219708250198232,0.0,0.0,0,1,0.0,
eplus,Z31-68,0.0219708262668381,0.0,0.0,0,1,0.0,
eplus,Ni-59,1.5442506254415993e-08,0.0,0.0,0,2,0.0,
eplus,O-15,0.1098541313341908,0.0,0.0,0,1,0.0,
eplus,Ta-180,0.043941652533674,0.0,0.0,0,2,0.0,
eplus,Ti-44,1.0579881855096816e-05,0.0,0.0,0,1,0.0,
eplus,W-181,0.0018096880565303,0.0,0.0,0,1,0.0,
eplus,W-183,0.0,0.0,0.0,0,1,,
eplus,W-187,0.0439404188531361,0.0,0.0,0,1,0.0,
eplus,Z21-47,0.0209853891307537,0.0,0.0,0,1,0.0,
eplus,Z31-67,0.0210641317973351,0.0,0.0,0,1,0.0,
eplus,Nb-91,9.197184158167618e-07,0.0,0.0,0,1,0.0,
gamma,Cr-51,0.050447603004879604,0.0,0.0,0,6,0.0,
gamma,Cu-66,0.0230295140586915,0.0,0.0,0,1,0.0,
gamma,Fe-53,0.0230295140586915,0.0,0.0,0,1,0.0,
gamma,Fe-55,0.004732490738966,0.0,0.0,0,15,0.0,
gamma,Mn-54,0.0007546052637424,0.0,0.0,0,1,0.0,
gamma,Na-22,0.0002505804252944,0.0,0.0,0,1,0.0,
gamma,Na-25,0.0690885421760745,0.0,0.0,0,3,0.0,
gamma,Nb-91,1.92807206518754e-06,0.0,0.0,0,2,0.0,
gamma,Nb-92,1.889216781317146e-11,0.0,0.0,0,1,0.0,
gamma,Al-26,1.46289140389982e-08,0.0,0.0,0,8,0.0,
gamma,Nb-98,0.0230295140586915,0.0,0.0,0,1,0.0,
gamma,Ni-56,0.0188703999649958,0.0,0.0,0,1,0.0,
gamma,Ni-57,0.0230087093699629,0.0,0.0,0,1,0.0,
gamma,Ni-59,5.665316984391217e-08,0.0,0.0,0,7,0.0,
gamma,O-14,0.0230295140586915,0.0,0.0,0,1,0.0,
gamma,O-15,0.4145312530564483,0.0,0.0,0,1,0.0,
gamma,Ta-179,0.0003573945963799,0.0,0.0,0,1,0.0,
gamma,Ta-180,0.0230295140586903,0.0,0.0,0,1,0.0,
gamma,Ta-182,0.0019950709559033,0.0,0.0,0,1,0.0,
gamma,Nb-94,3.213518460812254e-08,0.0,0.0,0,1,0.0,
gamma,Al-28,0.0230295140586915,0.0,0.0,0,1,0.0,
gamma,Be-10,3.3085129896261872e-09,0.0,0.0,0,6,0.0,
gamma,Be-7,0.016347620710312,0.0,0.0,0,4,0.0,
gamma,Bi-196,0.0230295140586915,0.0,0.0,0,1,0.0,
gamma,Bi-198,0.0460590281173831,0.0,0.0,0,1,0.0,
gamma,Bi-200,0.0460590281173831,0.0,0.0,0,1,0.0,
gamma,Bi-201,0.0460590281173831,0.0,0.0,0,1,0.0,
gamma,Bi-202,0.0230295140586915,0.0,0.0,0,1,0.0,
gamma,Bi-203,0.0460590280893216,0.0,0.0,0,1,0.0,
gamma,Co-58,0.0031435411334881,0.0,0.0,0,1,0.0,
gamma,Bi-205,0.173442509644963,0.0,0.0,0,2,0.0,
gamma,Bi-206,0.31746425871866657,0.0,0.0,0,2,0.0,
gamma,Bi-207,0.00457548238159706,0.0,0.0,0,3,0.0,
gamma,Bi-208,9.174251956142543e-07,0.0,0.0,0,3,0.0,
gamma,Bi-210,0.0805458276118,0.0,0.0,0,2,0.0,
gamma,C-10,0.0230295140586915,0.0,0.0,0,1,0.0,
gamma,C-11,0.2993836827629901,0.0,0.0,0,7,0.0,
gamma,C-14,1.2651092019173701e-06,0.0,0.0,0,3,0.0,
gamma,Co-57,0.0025928414832846,0.0,0.0,0,3,0.0,
gamma,Bi-204,0.2302951405363834,0.0,0.0,0,2,0.0,
