contact_energy_band,surface,uz_band,outcome,count,contact_denominator,fraction,wilson95_low,wilson95_high,shards_with_denominator,shard_fraction_sd,shard_fraction_sem
<=0.5 eV,bottom,"[-1.00,-0.75)",transmitted_unchanged,0,1,0.0,0.0,0.7934506856227626,1,,
<=0.5 eV,bottom,"[-1.00,-0.75)",transmitted_mild_loss,0,1,0.0,0.0,0.7934506856227626,1,,
<=0.5 eV,bottom,"[-1.00,-0.75)",transmitted_moderated_10_90pct,0,1,0.0,0.0,0.7934506856227626,1,,
<=0.5 eV,bottom,"[-1.00,-0.75)",transmitted_strong_moderation,0,1,0.0,0.0,0.7934506856227626,1,,
<=0.5 eV,bottom,"[-1.00,-0.75)",transmitted_energy_gain,0,1,0.0,0.0,0.7934506856227626,1,,
<=0.5 eV,bottom,"[-1.00,-0.75)",reflected_to_outer_surface,0,1,0.0,0.0,0.7934506856227626,1,,
<=0.5 eV,bottom,"[-1.00,-0.75)",relief_or_edge_exit,0,1,0.0,0.0,0.7934506856227626,1,,
<=0.5 eV,bottom,"[-1.00,-0.75)",no_surviving_primary_exit,1,1,1.0,0.20654931437723745,1.0,1,,
<=0.5 eV,bottom,"[-0.50,-0.25)",transmitted_unchanged,0,3,0.0,5.551115123125783e-17,0.5614970317550454,3,0.0,0.0
<=0.5 eV,bottom,"[-0.50,-0.25)",transmitted_mild_loss,0,3,0.0,5.551115123125783e-17,0.5614970317550454,3,0.0,0.0
<=0.5 eV,bottom,"[-0.50,-0.25)",transmitted_moderated_10_90pct,0,3,0.0,5.551115123125783e-17,0.5614970317550454,3,0.0,0.0
<=0.5 eV,bottom,"[-0.50,-0.25)",transmitted_strong_moderation,0,3,0.0,5.551115123125783e-17,0.5614970317550454,3,0.0,0.0
<=0.5 eV,bottom,"[-0.50,-0.25)",transmitted_energy_gain,0,3,0.0,5.551115123125783e-17,0.5614970317550454,3,0.0,0.0
<=0.5 eV,bottom,"[-0.50,-0.25)",reflected_to_outer_surface,0,3,0.0,5.551115123125783e-17,0.5614970317550454,3,0.0,0.0
<=0.5 eV,bottom,"[-0.50,-0.25)",relief_or_edge_exit,1,3,0.3333333333333333,0.06149194472039621,0.7923403991979522,3,0.5773502691896258,0.33333333333333337
<=0.5 eV,bottom,"[-0.50,-0.25)",no_surviving_primary_exit,2,3,0.6666666666666666,0.2076596008020477,0.9385080552796037,3,0.5773502691896258,0.33333333333333337
<=0.5 eV,bottom,"[-0.25,+0.00)",transmitted_unchanged,0,10,0.0,0.0,0.2775327998628892,8,0.0,0.0
<=0.5 eV,bottom,"[-0.25,+0.00)",transmitted_mild_loss,0,10,0.0,0.0,0.2775327998628892,8,0.0,0.0
<=0.5 eV,bottom,"[-0.25,+0.00)",transmitted_moderated_10_90pct,0,10,0.0,0.0,0.2775327998628892,8,0.0,0.0
<=0.5 eV,bottom,"[-0.25,+0.00)",transmitted_strong_moderation,0,10,0.0,0.0,0.2775327998628892,8,0.0,0.0
<=0.5 eV,bottom,"[-0.25,+0.00)",transmitted_energy_gain,0,10,0.0,0.0,0.2775327998628892,8,0.0,0.0
<=0.5 eV,bottom,"[-0.25,+0.00)",reflected_to_outer_surface,3,10,0.3,0.10779126740630099,0.6032218525388546,8,0.45206756062017917,0.15983001883449466
<=0.5 eV,bottom,"[-0.25,+0.00)",relief_or_edge_exit,0,10,0.0,0.0,0.2775327998628892,8,0.0,0.0
<=0.5 eV,bottom,"[-0.25,+0.00)",no_surviving_primary_exit,7,10,0.7,0.39677814746114537,0.8922087325936989,8,0.45206756062017917,0.15983001883449466
<=0.5 eV,bottom,"[+0.00,+0.25)",transmitted_unchanged,0,13,0.0,0.0,0.22809537235419838,5,0.0,0.0
<=0.5 eV,bottom,"[+0.00,+0.25)",transmitted_mild_loss,0,13,0.0,0.0,0.22809537235419838,5,0.0,0.0
<=0.5 eV,bottom,"[+0.00,+0.25)",transmitted_moderated_10_90pct,0,13,0.0,0.0,0.22809537235419838,5,0.0,0.0
<=0.5 eV,bottom,"[+0.00,+0.25)",transmitted_strong_moderation,0,13,0.0,0.0,0.22809537235419838,5,0.0,0.0
<=0.5 eV,bottom,"[+0.00,+0.25)",transmitted_energy_gain,0,13,0.0,0.0,0.22809537235419838,5,0.0,0.0
<=0.5 eV,bottom,"[+0.00,+0.25)",reflected_to_outer_surface,0,13,0.0,0.0,0.22809537235419838,5,0.0,0.0
<=0.5 eV,bottom,"[+0.00,+0.25)",relief_or_edge_exit,0,13,0.0,0.0,0.22809537235419838,5,0.0,0.0
<=0.5 eV,bottom,"[+0.00,+0.25)",no_surviving_primary_exit,13,13,1.0,0.7719046276458016,0.9999999999999999,5,0.0,0.0
<=0.5 eV,bottom,"[+0.25,+0.50)",transmitted_unchanged,0,22,0.0,0.0,0.14865487460862087,8,0.0,0.0
<=0.5 eV,bottom,"[+0.25,+0.50)",transmitted_mild_loss,0,22,0.0,0.0,0.14865487460862087,8,0.0,0.0
<=0.5 eV,bottom,"[+0.25,+0.50)",transmitted_moderated_10_90pct,0,22,0.0,0.0,0.14865487460862087,8,0.0,0.0
<=0.5 eV,bottom,"[+0.25,+0.50)",transmitted_strong_moderation,0,22,0.0,0.0,0.14865487460862087,8,0.0,0.0
<=0.5 eV,bottom,"[+0.25,+0.50)",transmitted_energy_gain,0,22,0.0,0.0,0.14865487460862087,8,0.0,0.0
<=0.5 eV,bottom,"[+0.25,+0.50)",reflected_to_outer_surface,4,22,0.18181818181818182,0.07306884583422052,0.38516607437126543,8,0.16618979396776332,0.05875696513930031
<=0.5 eV,bottom,"[+0.25,+0.50)",relief_or_edge_exit,2,22,0.09090909090909091,0.025295428990995267,0.27814946841605814,8,0.1543033499620919,0.05455447255899809
<=0.5 eV,bottom,"[+0.25,+0.50)",no_surviving_primary_exit,16,22,0.7272727272727273,0.5184826598759762,0.8684923971201053,8,0.2938523546769812,0.10389249632986393
<=0.5 eV,bottom,"[+0.50,+0.75)",transmitted_unchanged,1,49,0.02040816326530612,0.0036116725898252405,0.10693521523391616,8,0.05892556509887895,0.02083333333333333
<=0.5 eV,bottom,"[+0.50,+0.75)",transmitted_mild_loss,0,49,0.0,6.938893903907228e-18,0.07269781922049637,8,0.0,0.0
<=0.5 eV,bottom,"[+0.50,+0.75)",transmitted_moderated_10_90pct,1,49,0.02040816326530612,0.0036116725898252405,0.10693521523391616,8,0.04419417382415922,0.015625
<=0.5 eV,bottom,"[+0.50,+0.75)",transmitted_strong_moderation,0,49,0.0,6.938893903907228e-18,0.07269781922049637,8,0.0,0.0
<=0.5 eV,bottom,"[+0.50,+0.75)",transmitted_energy_gain,0,49,0.0,6.938893903907228e-18,0.07269781922049637,8,0.0,0.0
<=0.5 eV,bottom,"[+0.50,+0.75)",reflected_to_outer_surface,3,49,0.061224489795918366,0.02104014667296747,0.16520487835726402,8,0.11473127431577865,0.04056363104143052
<=0.5 eV,bottom,"[+0.50,+0.75)",relief_or_edge_exit,0,49,0.0,6.938893903907228e-18,0.07269781922049637,8,0.0,0.0
<=0.5 eV,bottom,"[+0.50,+0.75)",no_surviving_primary_exit,44,49,0.8979591836734694,0.7824363845080409,0.9556204532552373,8,0.11307095603988339,0.03997661988552378
<=0.5 eV,bottom,"[+0.75,+1.00]",transmitted_unchanged,0,47,0.0,-6.938893903907228e-18,0.07555760416399632,8,0.0,0.0
<=0.5 eV,bottom,"[+0.75,+1.00]",transmitted_mild_loss,0,47,0.0,-6.938893903907228e-18,0.07555760416399632,8,0.0,0.0
<=0.5 eV,bottom,"[+0.75,+1.00]",transmitted_moderated_10_90pct,0,47,0.0,-6.938893903907228e-18,0.07555760416399632,8,0.0,0.0
<=0.5 eV,bottom,"[+0.75,+1.00]",transmitted_strong_moderation,0,47,0.0,-6.938893903907228e-18,0.07555760416399632,8,0.0,0.0
<=0.5 eV,bottom,"[+0.75,+1.00]",transmitted_energy_gain,0,47,0.0,-6.938893903907228e-18,0.07555760416399632,8,0.0,0.0
<=0.5 eV,bottom,"[+0.75,+1.00]",reflected_to_outer_surface,4,47,0.0851063829787234,0.03359412345792552,0.19931537786964587,8,0.13496621837349085,0.04771776412149989
<=0.5 eV,bottom,"[+0.75,+1.00]",relief_or_edge_exit,0,47,0.0,-6.938893903907228e-18,0.07555760416399632,8,0.0,0.0
<=0.5 eV,bottom,"[+0.75,+1.00]",no_surviving_primary_exit,43,47,0.9148936170212766,0.8006846221303541,0.9664058765420744,8,0.13496621837349085,0.04771776412149989
<=0.5 eV,side,"[-1.00,-0.75)",transmitted_unchanged,0,35,0.0,6.938893903907228e-18,0.09890099232440402,8,0.0,0.0
<=0.5 eV,side,"[-1.00,-0.75)",transmitted_mild_loss,0,35,0.0,6.938893903907228e-18,0.09890099232440402,8,0.0,0.0
<=0.5 eV,side,"[-1.00,-0.75)",transmitted_moderated_10_90pct,0,35,0.0,6.938893903907228e-18,0.09890099232440402,8,0.0,0.0
<=0.5 eV,side,"[-1.00,-0.75)",transmitted_strong_moderation,0,35,0.0,6.938893903907228e-18,0.09890099232440402,8,0.0,0.0
<=0.5 eV,side,"[-1.00,-0.75)",transmitted_energy_gain,0,35,0.0,6.938893903907228e-18,0.09890099232440402,8,0.0,0.0
<=0.5 eV,side,"[-1.00,-0.75)",reflected_to_outer_surface,5,35,0.14285714285714285,0.06260231079433715,0.29375554086595146,8,0.1516934827156813,0.053631745145031294
<=0.5 eV,side,"[-1.00,-0.75)",relief_or_edge_exit,0,35,0.0,6.938893903907228e-18,0.09890099232440402,8,0.0,0.0
<=0.5 eV,side,"[-1.00,-0.75)",no_surviving_primary_exit,30,35,0.8571428571428571,0.7062444591340484,0.9373976892056628,8,0.1516934827156813,0.053631745145031294
<=0.5 eV,side,"[-0.75,-0.50)",transmitted_unchanged,0,36,0.0,0.0,0.09641862859446367,8,0.0,0.0
<=0.5 eV,side,"[-0.75,-0.50)",transmitted_mild_loss,0,36,0.0,0.0,0.09641862859446367,8,0.0,0.0
<=0.5 eV,side,"[-0.75,-0.50)",transmitted_moderated_10_90pct,0,36,0.0,0.0,0.09641862859446367,8,0.0,0.0
<=0.5 eV,side,"[-0.75,-0.50)",transmitted_strong_moderation,0,36,0.0,0.0,0.09641862859446367,8,0.0,0.0
<=0.5 eV,side,"[-0.75,-0.50)",transmitted_energy_gain,0,36,0.0,0.0,0.09641862859446367,8,0.0,0.0
<=0.5 eV,side,"[-0.75,-0.50)",reflected_to_outer_surface,0,36,0.0,0.0,0.09641862859446367,8,0.0,0.0
<=0.5 eV,side,"[-0.75,-0.50)",relief_or_edge_exit,0,36,0.0,0.0,0.09641862859446367,8,0.0,0.0
<=0.5 eV,side,"[-0.75,-0.50)",no_surviving_primary_exit,36,36,1.0,0.9035813714055363,1.0,8,0.0,0.0
<=0.5 eV,side,"[-0.50,-0.25)",transmitted_unchanged,0,51,0.0,0.0,0.07004661989853143,8,0.0,0.0
<=0.5 eV,side,"[-0.50,-0.25)",transmitted_mild_loss,0,51,0.0,0.0,0.07004661989853143,8,0.0,0.0
<=0.5 eV,side,"[-0.50,-0.25)",transmitted_moderated_10_90pct,0,51,0.0,0.0,0.07004661989853143,8,0.0,0.0
<=0.5 eV,side,"[-0.50,-0.25)",transmitted_strong_moderation,0,51,0.0,0.0,0.07004661989853143,8,0.0,0.0
<=0.5 eV,side,"[-0.50,-0.25)",transmitted_energy_gain,0,51,0.0,0.0,0.07004661989853143,8,0.0,0.0
<=0.5 eV,side,"[-0.50,-0.25)",reflected_to_outer_surface,4,51,0.0784313725490196,0.03092219678848919,0.18499946312595889,8,0.15219638520484474,0.053809548025212824
<=0.5 eV,side,"[-0.50,-0.25)",relief_or_edge_exit,1,51,0.0196078431372549,0.0034696926410608536,0.10304568726144975,8,0.04419417382415922,0.015625
<=0.5 eV,side,"[-0.50,-0.25)",no_surviving_primary_exit,46,51,0.9019607843137255,0.7902176531891913,0.9573919268923814,8,0.14767950026761203,0.05221258804073451
<=0.5 eV,side,"[-0.25,+0.00)",transmitted_unchanged,0,48,0.0,6.938893903907228e-18,0.07410012966611748,8,0.0,0.0
<=0.5 eV,side,"[-0.25,+0.00)",transmitted_mild_loss,0,48,0.0,6.938893903907228e-18,0.07410012966611748,8,0.0,0.0
<=0.5 eV,side,"[-0.25,+0.00)",transmitted_moderated_10_90pct,1,48,0.020833333333333332,0.003687110977510649,0.10899217995251861,8,0.03535533905932738,0.0125
<=0.5 eV,side,"[-0.25,+0.00)",transmitted_strong_moderation,0,48,0.0,6.938893903907228e-18,0.07410012966611748,8,0.0,0.0
<=0.5 eV,side,"[-0.25,+0.00)",transmitted_energy_gain,0,48,0.0,6.938893903907228e-18,0.07410012966611748,8,0.0,0.0
<=0.5 eV,side,"[-0.25,+0.00)",reflected_to_outer_surface,6,48,0.125,0.058570514385719794,0.24700458286386834,8,0.09884696810755725,0.03494768072429206
<=0.5 eV,side,"[-0.25,+0.00)",relief_or_edge_exit,0,48,0.0,6.938893903907228e-18,0.07410012966611748,8,0.0,0.0
<=0.5 eV,side,"[-0.25,+0.00)",no_surviving_primary_exit,41,48,0.8541666666666666,0.7283282347525372,0.9275175067339628,8,0.10345657440006467,0.03657742265830815
<=0.5 eV,side,"[+0.00,+0.25)",transmitted_unchanged,1,67,0.014925373134328358,0.0026395717340788882,0.07981862319778105,8,0.039283710065919304,0.013888888888888886
<=0.5 eV,side,"[+0.00,+0.25)",transmitted_mild_loss,0,67,0.0,0.0,0.05422613939130178,8,0.0,0.0
<=0.5 eV,side,"[+0.00,+0.25)",transmitted_moderated_10_90pct,2,67,0.029850746268656716,0.008224694838897963,0.10246555563352011,8,0.0547750228709351,0.01936589505584322
<=0.5 eV,side,"[+0.00,+0.25)",transmitted_strong_moderation,0,67,0.0,0.0,0.05422613939130178,8,0.0,0.0
<=0.5 eV,side,"[+0.00,+0.25)",transmitted_energy_gain,0,67,0.0,0.0,0.05422613939130178,8,0.0,0.0
<=0.5 eV,side,"[+0.00,+0.25)",reflected_to_outer_surface,3,67,0.04477611940298507,0.015343975122038639,0.12357833089093759,8,0.081934595280346,0.02896825396825397
<=0.5 eV,side,"[+0.00,+0.25)",relief_or_edge_exit,0,67,0.0,0.0,0.05422613939130178,8,0.0,0.0
<=0.5 eV,side,"[+0.00,+0.25)",no_surviving_primary_exit,61,67,0.9104477611940298,0.8180724780033378,0.9583090493620113,8,0.09065104674735994,0.032049984938358464
<=0.5 eV,side,"[+0.25,+0.50)",transmitted_unchanged,0,81,0.0,0.0,0.045278085432415204,8,0.0,0.0
<=0.5 eV,side,"[+0.25,+0.50)",transmitted_mild_loss,0,81,0.0,0.0,0.045278085432415204,8,0.0,0.0
<=0.5 eV,side,"[+0.25,+0.50)",transmitted_moderated_10_90pct,1,81,0.012345679012345678,0.0021826500585387723,0.06666881598048346,8,0.03535533905932738,0.0125
<=0.5 eV,side,"[+0.25,+0.50)",transmitted_strong_moderation,0,81,0.0,0.0,0.045278085432415204,8,0.0,0.0
<=0.5 eV,side,"[+0.25,+0.50)",transmitted_energy_gain,0,81,0.0,0.0,0.045278085432415204,8,0.0,0.0
<=0.5 eV,side,"[+0.25,+0.50)",reflected_to_outer_surface,9,81,0.1111111111111111,0.059567564076505305,0.19787094681537315,8,0.08937594464901716,0.03159916826813678
<=0.5 eV,side,"[+0.25,+0.50)",relief_or_edge_exit,1,81,0.012345679012345678,0.0021826500585387723,0.06666881598048346,8,0.023570226039551584,0.008333333333333333
<=0.5 eV,side,"[+0.25,+0.50)",no_surviving_primary_exit,70,81,0.8641975308641975,0.7729693623122125,0.9224453655826947,8,0.09311056351683053,0.03291955543142581
<=0.5 eV,side,"[+0.50,+0.75)",transmitted_unchanged,0,79,0.0,-3.469446951953614e-18,0.04637121165392266,8,0.0,0.0
<=0.5 eV,side,"[+0.50,+0.75)",transmitted_mild_loss,0,79,0.0,-3.469446951953614e-18,0.04637121165392266,8,0.0,0.0
<=0.5 eV,side,"[+0.50,+0.75)",transmitted_moderated_10_90pct,1,79,0.012658227848101266,0.0022379938550498787,0.06827571876965954,8,0.05050762722761054,0.017857142857142856
<=0.5 eV,side,"[+0.50,+0.75)",transmitted_strong_moderation,0,79,0.0,-3.469446951953614e-18,0.04637121165392266,8,0.0,0.0
<=0.5 eV,side,"[+0.50,+0.75)",transmitted_energy_gain,0,79,0.0,-3.469446951953614e-18,0.04637121165392266,8,0.0,0.0
<=0.5 eV,side,"[+0.50,+0.75)",reflected_to_outer_surface,8,79,0.10126582278481013,0.05221180794058543,0.18729941147963136,8,0.1514670977331901,0.05355170596689212
<=0.5 eV,side,"[+0.50,+0.75)",relief_or_edge_exit,2,79,0.02531645569620253,0.006970367306584818,0.08768584628891136,8,0.06200198409523707,0.0219210117003813
<=0.5 eV,side,"[+0.50,+0.75)",no_surviving_primary_exit,68,79,0.8607594936708861,0.7676266841134808,0.9204345935539421,8,0.18812724652842389,0.06651302587310096
<=0.5 eV,side,"[+0.75,+1.00]",transmitted_unchanged,0,66,0.0,0.0,0.05500255701354129,8,0.0,0.0
<=0.5 eV,side,"[+0.75,+1.00]",transmitted_mild_loss,0,66,0.0,0.0,0.05500255701354129,8,0.0,0.0
<=0.5 eV,side,"[+0.75,+1.00]",transmitted_moderated_10_90pct,0,66,0.0,0.0,0.05500255701354129,8,0.0,0.0
<=0.5 eV,side,"[+0.75,+1.00]",transmitted_strong_moderation,0,66,0.0,0.0,0.05500255701354129,8,0.0,0.0
<=0.5 eV,side,"[+0.75,+1.00]",transmitted_energy_gain,1,66,0.015151515151515152,0.0026796405439821064,0.08095920262066399,8,0.039283710065919304,0.013888888888888886
<=0.5 eV,side,"[+0.75,+1.00]",reflected_to_outer_surface,6,66,0.09090909090909091,0.04233297507051134,0.18448729884965878,8,0.10716131895615731,0.03788724765739668
<=0.5 eV,side,"[+0.75,+1.00]",relief_or_edge_exit,0,66,0.0,0.0,0.05500255701354129,8,0.0,0.0
<=0.5 eV,side,"[+0.75,+1.00]",no_surviving_primary_exit,59,66,0.8939393939393939,0.7968769124835199,0.9476665274452051,8,0.09986694741979876,0.03530829786847004
<=0.5 eV,top,"[-1.00,-0.75)",transmitted_unchanged,0,19,0.0,0.0,0.16817922405261626,7,0.0,0.0
<=0.5 eV,top,"[-1.00,-0.75)",transmitted_mild_loss,0,19,0.0,0.0,0.16817922405261626,7,0.0,0.0
<=0.5 eV,top,"[-1.00,-0.75)",transmitted_moderated_10_90pct,2,19,0.10526315789473684,0.02935856029887013,0.31394082711109006,7,0.3779644730092272,0.14285714285714285
<=0.5 eV,top,"[-1.00,-0.75)",transmitted_strong_moderation,0,19,0.0,0.0,0.16817922405261626,7,0.0,0.0
<=0.5 eV,top,"[-1.00,-0.75)",transmitted_energy_gain,0,19,0.0,0.0,0.16817922405261626,7,0.0,0.0
<=0.5 eV,top,"[-1.00,-0.75)",reflected_to_outer_surface,2,19,0.10526315789473684,0.02935856029887013,0.31394082711109006,7,0.19669894811736077,0.07434521426664759
<=0.5 eV,top,"[-1.00,-0.75)",relief_or_edge_exit,0,19,0.0,0.0,0.16817922405261626,7,0.0,0.0
<=0.5 eV,top,"[-1.00,-0.75)",no_surviving_primary_exit,15,19,0.7894736842105263,0.5666572155618583,0.9149232336708375,7,0.36596252735569995,0.13832083379312202
<=0.5 eV,top,"[-0.75,-0.50)",transmitted_unchanged,0,10,0.0,0.0,0.2775327998628892,6,0.0,0.0
<=0.5 eV,top,"[-0.75,-0.50)",transmitted_mild_loss,0,10,0.0,0.0,0.2775327998628892,6,0.0,0.0
<=0.5 eV,top,"[-0.75,-0.50)",transmitted_moderated_10_90pct,0,10,0.0,0.0,0.2775327998628892,6,0.0,0.0
<=0.5 eV,top,"[-0.75,-0.50)",transmitted_strong_moderation,0,10,0.0,0.0,0.2775327998628892,6,0.0,0.0
<=0.5 eV,top,"[-0.75,-0.50)",transmitted_energy_gain,0,10,0.0,0.0,0.2775327998628892,6,0.0,0.0
<=0.5 eV,top,"[-0.75,-0.50)",reflected_to_outer_surface,0,10,0.0,0.0,0.2775327998628892,6,0.0,0.0
<=0.5 eV,top,"[-0.75,-0.50)",relief_or_edge_exit,0,10,0.0,0.0,0.2775327998628892,6,0.0,0.0
<=0.5 eV,top,"[-0.75,-0.50)",no_surviving_primary_exit,10,10,1.0,0.7224672001371107,0.9999999999999999,6,0.0,0.0
<=0.5 eV,top,"[-0.50,-0.25)",transmitted_unchanged,0,10,0.0,0.0,0.2775327998628892,6,0.0,0.0
<=0.5 eV,top,"[-0.50,-0.25)",transmitted_mild_loss,0,10,0.0,0.0,0.2775327998628892,6,0.0,0.0
<=0.5 eV,top,"[-0.50,-0.25)",transmitted_moderated_10_90pct,0,10,0.0,0.0,0.2775327998628892,6,0.0,0.0
<=0.5 eV,top,"[-0.50,-0.25)",transmitted_strong_moderation,0,10,0.0,0.0,0.2775327998628892,6,0.0,0.0
<=0.5 eV,top,"[-0.50,-0.25)",transmitted_energy_gain,0,10,0.0,0.0,0.2775327998628892,6,0.0,0.0
<=0.5 eV,top,"[-0.50,-0.25)",reflected_to_outer_surface,2,10,0.2,0.05668215145437519,0.5098375284633583,6,0.2721655269759087,0.11111111111111112
<=0.5 eV,top,"[-0.50,-0.25)",relief_or_edge_exit,0,10,0.0,0.0,0.2775327998628892,6,0.0,0.0
<=0.5 eV,top,"[-0.50,-0.25)",no_surviving_primary_exit,8,10,0.8,0.49016247153664183,0.9433178485456247,6,0.2721655269759087,0.11111111111111112
<=0.5 eV,top,"[-0.25,+0.00)",transmitted_unchanged,0,18,0.0,0.0,0.17587922364665765,7,0.0,0.0
<=0.5 eV,top,"[-0.25,+0.00)",transmitted_mild_loss,0,18,0.0,0.0,0.17587922364665765,7,0.0,0.0
<=0.5 eV,top,"[-0.25,+0.00)",transmitted_moderated_10_90pct,0,18,0.0,0.0,0.17587922364665765,7,0.0,0.0
<=0.5 eV,top,"[-0.25,+0.00)",transmitted_strong_moderation,0,18,0.0,0.0,0.17587922364665765,7,0.0,0.0
<=0.5 eV,top,"[-0.25,+0.00)",transmitted_energy_gain,0,18,0.0,0.0,0.17587922364665765,7,0.0,0.0
<=0.5 eV,top,"[-0.25,+0.00)",reflected_to_outer_surface,4,18,0.2222222222222222,0.09000928108601694,0.45214584316212625,7,0.23002185311411805,0.0869400884928835
<=0.5 eV,top,"[-0.25,+0.00)",relief_or_edge_exit,0,18,0.0,0.0,0.17587922364665765,7,0.0,0.0
<=0.5 eV,top,"[-0.25,+0.00)",no_surviving_primary_exit,14,18,0.7777777777777778,0.5478541568378739,0.9099907189139831,7,0.23002185311411807,0.08694008849288351
<=0.5 eV,top,"[+0.00,+0.25)",transmitted_unchanged,0,8,0.0,0.0,0.32440756488388023,5,0.0,0.0
<=0.5 eV,top,"[+0.00,+0.25)",transmitted_mild_loss,0,8,0.0,0.0,0.32440756488388023,5,0.0,0.0
<=0.5 eV,top,"[+0.00,+0.25)",transmitted_moderated_10_90pct,0,8,0.0,0.0,0.32440756488388023,5,0.0,0.0
<=0.5 eV,top,"[+0.00,+0.25)",transmitted_strong_moderation,0,8,0.0,0.0,0.32440756488388023,5,0.0,0.0
<=0.5 eV,top,"[+0.00,+0.25)",transmitted_energy_gain,0,8,0.0,0.0,0.32440756488388023,5,0.0,0.0
<=0.5 eV,top,"[+0.00,+0.25)",reflected_to_outer_surface,1,8,0.125,0.02241749145005667,0.4708881822128535,5,0.22360679774997902,0.10000000000000002
<=0.5 eV,top,"[+0.00,+0.25)",relief_or_edge_exit,0,8,0.0,0.0,0.32440756488388023,5,0.0,0.0
<=0.5 eV,top,"[+0.00,+0.25)",no_surviving_primary_exit,7,8,0.875,0.5291118177871464,0.9775825085499433,5,0.22360679774997896,0.09999999999999999
<=0.5 eV,top,"[+0.25,+0.50)",transmitted_unchanged,0,8,0.0,0.0,0.32440756488388023,6,0.0,0.0
<=0.5 eV,top,"[+0.25,+0.50)",transmitted_mild_loss,0,8,0.0,0.0,0.32440756488388023,6,0.0,0.0
<=0.5 eV,top,"[+0.25,+0.50)",transmitted_moderated_10_90pct,0,8,0.0,0.0,0.32440756488388023,6,0.0,0.0
<=0.5 eV,top,"[+0.25,+0.50)",transmitted_strong_moderation,0,8,0.0,0.0,0.32440756488388023,6,0.0,0.0
<=0.5 eV,top,"[+0.25,+0.50)",transmitted_energy_gain,0,8,0.0,0.0,0.32440756488388023,6,0.0,0.0
<=0.5 eV,top,"[+0.25,+0.50)",reflected_to_outer_surface,2,8,0.25,0.071479212752109,0.5907245696898311,6,0.4183300132670378,0.17078251276599332
<=0.5 eV,top,"[+0.25,+0.50)",relief_or_edge_exit,0,8,0.0,0.0,0.32440756488388023,6,0.0,0.0
<=0.5 eV,top,"[+0.25,+0.50)",no_surviving_primary_exit,6,8,0.75,0.40927543031016883,0.9285207872478909,6,0.4183300132670378,0.17078251276599332
<=0.5 eV,top,"[+0.50,+0.75)",transmitted_unchanged,0,2,0.0,0.0,0.6576197724933469,2,0.0,0.0
<=0.5 eV,top,"[+0.50,+0.75)",transmitted_mild_loss,0,2,0.0,0.0,0.6576197724933469,2,0.0,0.0
<=0.5 eV,top,"[+0.50,+0.75)",transmitted_moderated_10_90pct,0,2,0.0,0.0,0.6576197724933469,2,0.0,0.0
<=0.5 eV,top,"[+0.50,+0.75)",transmitted_strong_moderation,0,2,0.0,0.0,0.6576197724933469,2,0.0,0.0
<=0.5 eV,top,"[+0.50,+0.75)",transmitted_energy_gain,0,2,0.0,0.0,0.6576197724933469,2,0.0,0.0
<=0.5 eV,top,"[+0.50,+0.75)",reflected_to_outer_surface,0,2,0.0,0.0,0.6576197724933469,2,0.0,0.0
<=0.5 eV,top,"[+0.50,+0.75)",relief_or_edge_exit,0,2,0.0,0.0,0.6576197724933469,2,0.0,0.0
<=0.5 eV,top,"[+0.50,+0.75)",no_surviving_primary_exit,2,2,1.0,0.34238022750665303,1.0,2,0.0,0.0
<=0.5 eV,top,"[+0.75,+1.00]",transmitted_unchanged,0,2,0.0,0.0,0.6576197724933469,2,0.0,0.0
<=0.5 eV,top,"[+0.75,+1.00]",transmitted_mild_loss,0,2,0.0,0.0,0.6576197724933469,2,0.0,0.0
<=0.5 eV,top,"[+0.75,+1.00]",transmitted_moderated_10_90pct,0,2,0.0,0.0,0.6576197724933469,2,0.0,0.0
<=0.5 eV,top,"[+0.75,+1.00]",transmitted_strong_moderation,0,2,0.0,0.0,0.6576197724933469,2,0.0,0.0
<=0.5 eV,top,"[+0.75,+1.00]",transmitted_energy_gain,0,2,0.0,0.0,0.6576197724933469,2,0.0,0.0
<=0.5 eV,top,"[+0.75,+1.00]",reflected_to_outer_surface,1,2,0.5,0.09453120573423074,0.9054687942657693,2,0.7071067811865476,0.5
<=0.5 eV,top,"[+0.75,+1.00]",relief_or_edge_exit,1,2,0.5,0.09453120573423074,0.9054687942657693,2,0.7071067811865476,0.5
<=0.5 eV,top,"[+0.75,+1.00]",no_surviving_primary_exit,0,2,0.0,0.0,0.6576197724933469,2,0.0,0.0
0.5 eV-100 keV,bottom,"[-1.00,-0.75)",transmitted_unchanged,0,2,0.0,0.0,0.6576197724933469,2,0.0,0.0
0.5 eV-100 keV,bottom,"[-1.00,-0.75)",transmitted_mild_loss,0,2,0.0,0.0,0.6576197724933469,2,0.0,0.0
0.5 eV-100 keV,bottom,"[-1.00,-0.75)",transmitted_moderated_10_90pct,0,2,0.0,0.0,0.6576197724933469,2,0.0,0.0
0.5 eV-100 keV,bottom,"[-1.00,-0.75)",transmitted_strong_moderation,1,2,0.5,0.09453120573423074,0.9054687942657693,2,0.7071067811865476,0.5
0.5 eV-100 keV,bottom,"[-1.00,-0.75)",transmitted_energy_gain,0,2,0.0,0.0,0.6576197724933469,2,0.0,0.0
0.5 eV-100 keV,bottom,"[-1.00,-0.75)",reflected_to_outer_surface,0,2,0.0,0.0,0.6576197724933469,2,0.0,0.0
0.5 eV-100 keV,bottom,"[-1.00,-0.75)",relief_or_edge_exit,0,2,0.0,0.0,0.6576197724933469,2,0.0,0.0
0.5 eV-100 keV,bottom,"[-1.00,-0.75)",no_surviving_primary_exit,1,2,0.5,0.09453120573423074,0.9054687942657693,2,0.7071067811865476,0.5
0.5 eV-100 keV,bottom,"[-0.75,-0.50)",transmitted_unchanged,0,10,0.0,0.0,0.2775327998628892,6,0.0,0.0
0.5 eV-100 keV,bottom,"[-0.75,-0.50)",transmitted_mild_loss,0,10,0.0,0.0,0.2775327998628892,6,0.0,0.0
0.5 eV-100 keV,bottom,"[-0.75,-0.50)",transmitted_moderated_10_90pct,1,10,0.1,0.017876213095072896,0.4041500267952385,6,0.408248290463863,0.16666666666666669
0.5 eV-100 keV,bottom,"[-0.75,-0.50)",transmitted_strong_moderation,3,10,0.3,0.10779126740630099,0.6032218525388546,6,0.30618621784789724,0.125
0.5 eV-100 keV,bottom,"[-0.75,-0.50)",transmitted_energy_gain,0,10,0.0,0.0,0.2775327998628892,6,0.0,0.0
0.5 eV-100 keV,bottom,"[-0.75,-0.50)",reflected_to_outer_surface,4,10,0.4,0.16818032970623614,0.6873262302663417,6,0.49159604012508756,0.20069324297987162
0.5 eV-100 keV,bottom,"[-0.75,-0.50)",relief_or_edge_exit,1,10,0.1,0.017876213095072896,0.4041500267952385,6,0.10206207261596575,0.04166666666666667
0.5 eV-100 keV,bottom,"[-0.75,-0.50)",no_surviving_primary_exit,1,10,0.1,0.017876213095072896,0.4041500267952385,6,0.2041241452319315,0.08333333333333334
0.5 eV-100 keV,bottom,"[-0.50,-0.25)",transmitted_unchanged,0,24,0.0,1.3877787807814457e-17,0.13797620467498017,8,0.0,0.0
0.5 eV-100 keV,bottom,"[-0.50,-0.25)",transmitted_mild_loss,0,24,0.0,1.3877787807814457e-17,0.13797620467498017,8,0.0,0.0
0.5 eV-100 keV,bottom,"[-0.50,-0.25)",transmitted_moderated_10_90pct,2,24,0.08333333333333333,0.023158815297043306,0.25848802193210685,8,0.1979558231942368,0.06998795247800504
0.5 eV-100 keV,bottom,"[-0.50,-0.25)",transmitted_strong_moderation,5,24,0.20833333333333334,0.09244825352851857,0.40470453253188665,8,0.21744366174194646,0.07687794387188208
0.5 eV-100 keV,bottom,"[-0.50,-0.25)",transmitted_energy_gain,0,24,0.0,1.3877787807814457e-17,0.13797620467498017,8,0.0,0.0
0.5 eV-100 keV,bottom,"[-0.50,-0.25)",reflected_to_outer_surface,8,24,0.3333333333333333,0.1797219032729775,0.5329368316186824,8,0.3375844985345057,0.11935414406860453
0.5 eV-100 keV,bottom,"[-0.50,-0.25)",relief_or_edge_exit,3,24,0.125,0.04344334080123444,0.31003881270500067,8,0.1398518206747118,0.049445085380186854
0.5 eV-100 keV,bottom,"[-0.50,-0.25)",no_surviving_primary_exit,6,24,0.25,0.11999366228595004,0.44899444005154004,8,0.23771398046378447,0.08404458378439424
0.5 eV-100 keV,bottom,"[-0.25,+0.00)",transmitted_unchanged,0,66,0.0,0.0,0.05500255701354129,8,0.0,0.0
0.5 eV-100 keV,bottom,"[-0.25,+0.00)",transmitted_mild_loss,1,66,0.015151515151515152,0.0026796405439821064,0.08095920262066399,8,0.04419417382415922,0.015625
0.5 eV-100 keV,bottom,"[-0.25,+0.00)",transmitted_moderated_10_90pct,2,66,0.030303030303030304,0.008349910198653748,0.10392521911709715,8,0.07192289269996768,0.02542858257534979
0.5 eV-100 keV,bottom,"[-0.25,+0.00)",transmitted_strong_moderation,7,66,0.10606060606060606,0.05233347255479488,0.20312308751648012,8,0.06778807660564413,0.023966704325722062
0.5 eV-100 keV,bottom,"[-0.25,+0.00)",transmitted_energy_gain,0,66,0.0,0.0,0.05500255701354129,8,0.0,0.0
0.5 eV-100 keV,bottom,"[-0.25,+0.00)",reflected_to_outer_surface,22,66,0.3333333333333333,0.23156429121502337,0.45343656112282366,8,0.16106470300985662,0.05694497185403347
0.5 eV-100 keV,bottom,"[-0.25,+0.00)",relief_or_edge_exit,3,66,0.045454545454545456,0.015578274334433505,0.1253331411324222,8,0.0828231778112607,0.029282415334880817
0.5 eV-100 keV,bottom,"[-0.25,+0.00)",no_surviving_primary_exit,31,66,0.4696969696969697,0.35430428496377675,0.5884231427340136,8,0.1822235964029678,0.06442577035436955
0.5 eV-100 keV,bottom,"[+0.00,+0.25)",transmitted_unchanged,2,121,0.01652892561983471,0.004544593546124867,0.05826674248573428,8,0.03704272115200244,0.013096579660091642
0.5 eV-100 keV,bottom,"[+0.00,+0.25)",transmitted_mild_loss,0,121,0.0,0.0,0.03077069794747827,8,0.0,0.0
0.5 eV-100 keV,bottom,"[+0.00,+0.25)",transmitted_moderated_10_90pct,10,121,0.08264462809917356,0.045509049437406586,0.14546483893197612,8,0.04235171218463839,0.014973591440309367
0.5 eV-100 keV,bottom,"[+0.00,+0.25)",transmitted_strong_moderation,20,121,0.1652892561983471,0.10962287422309551,0.2415542045681916,8,0.12202242664808445,0.043141442669849296
0.5 eV-100 keV,bottom,"[+0.00,+0.25)",transmitted_energy_gain,0,121,0.0,0.0,0.03077069794747827,8,0.0,0.0
0.5 eV-100 keV,bottom,"[+0.00,+0.25)",reflected_to_outer_surface,37,121,0.30578512396694213,0.23071968313049535,0.39280281937802924,8,0.1175484193996311,0.04155964223761973
0.5 eV-100 keV,bottom,"[+0.00,+0.25)",relief_or_edge_exit,7,121,0.05785123966942149,0.02830275348227581,0.11461017776053556,8,0.050761020738004106,0.017946730991896833
0.5 eV-100 keV,bottom,"[+0.00,+0.25)",no_surviving_primary_exit,45,121,0.371900826446281,0.29097037147101024,0.46071468337503785,8,0.11180897395828808,0.0395304418417078
0.5 eV-100 keV,bottom,"[+0.25,+0.50)",transmitted_unchanged,0,204,0.0,0.0,0.018482639808683074,8,0.0,0.0
0.5 eV-100 keV,bottom,"[+0.25,+0.50)",transmitted_mild_loss,0,204,0.0,0.0,0.018482639808683074,8,0.0,0.0
0.5 eV-100 keV,bottom,"[+0.25,+0.50)",transmitted_moderated_10_90pct,15,204,0.07352941176470588,0.045063116333302566,0.11776031173880946,8,0.04729656204046037,0.01672185987280989
0.5 eV-100 keV,bottom,"[+0.25,+0.50)",transmitted_strong_moderation,41,204,0.20098039215686275,0.15174739945999036,0.2612667282687318,8,0.10444282265087776,0.036926114071349804
0.5 eV-100 keV,bottom,"[+0.25,+0.50)",transmitted_energy_gain,0,204,0.0,0.0,0.018482639808683074,8,0.0,0.0
0.5 eV-100 keV,bottom,"[+0.25,+0.50)",reflected_to_outer_surface,56,204,0.27450980392156865,0.21786410289863117,0.3394908130935201,8,0.09339148219980052,0.033018875184270845
0.5 eV-100 keV,bottom,"[+0.25,+0.50)",relief_or_edge_exit,9,204,0.04411764705882353,0.02338137999728914,0.08170573276945131,8,0.04314332844997332,0.015253470054967315
0.5 eV-100 keV,bottom,"[+0.25,+0.50)",no_surviving_primary_exit,83,204,0.4068627450980392,0.3417762734669065,0.47539206139941687,8,0.1223905485452341,0.04327159341473818
0.5 eV-100 keV,bottom,"[+0.50,+0.75)",transmitted_unchanged,3,240,0.0125,0.004260067321970977,0.03610000462104887,8,0.015397658533241087,0.005443894381624841
0.5 eV-100 keV,bottom,"[+0.50,+0.75)",transmitted_mild_loss,3,240,0.0125,0.004260067321970977,0.03610000462104887,8,0.016350279060403063,0.005780696598951709
0.5 eV-100 keV,bottom,"[+0.50,+0.75)",transmitted_moderated_10_90pct,19,240,0.07916666666666666,0.05126524186067317,0.12032764075680552,8,0.04253150092110647,0.015037156357678137
0.5 eV-100 keV,bottom,"[+0.50,+0.75)",transmitted_strong_moderation,37,240,0.15416666666666667,0.11396422987732183,0.20526556474892307,8,0.0780804257053071,0.027605599247077534
0.5 eV-100 keV,bottom,"[+0.50,+0.75)",transmitted_energy_gain,0,240,0.0,0.0,0.015753919941558815,8,0.0,0.0
0.5 eV-100 keV,bottom,"[+0.50,+0.75)",reflected_to_outer_surface,67,240,0.2791666666666667,0.22623372366580866,0.3390575909750465,8,0.07786165379233607,0.02752825169548005
0.5 eV-100 keV,bottom,"[+0.50,+0.75)",relief_or_edge_exit,8,240,0.03333333333333333,0.01698546425790705,0.06438486102088117,8,0.03615767592728105,0.012783668920063008
0.5 eV-100 keV,bottom,"[+0.50,+0.75)",no_surviving_primary_exit,103,240,0.42916666666666664,0.36814818175774017,0.4924169569006473,8,0.08143432253765084,0.028791380843852705
0.5 eV-100 keV,bottom,"[+0.75,+1.00]",transmitted_unchanged,3,417,0.007194244604316547,0.0024496478633766854,0.02093554533567842,8,0.010844299761142689,0.003834038949161826
0.5 eV-100 keV,bottom,"[+0.75,+1.00]",transmitted_mild_loss,2,417,0.004796163069544364,0.0013162677783184803,0.017316541932654167,8,0.00999224664608892,0.0035327926813690054
0.5 eV-100 keV,bottom,"[+0.75,+1.00]",transmitted_moderated_10_90pct,37,417,0.08872901678657075,0.06505772781153486,0.11990850398232379,8,0.02194217630788056,0.007757730830646572
0.5 eV-100 keV,bottom,"[+0.75,+1.00]",transmitted_strong_moderation,67,417,0.1606714628297362,0.12854719074018428,0.19899054569614805,8,0.0789269746455339,0.02790489949519786
0.5 eV-100 keV,bottom,"[+0.75,+1.00]",transmitted_energy_gain,0,417,0.0,8.673617379884035e-19,0.009128042734807735,8,0.0,0.0
0.5 eV-100 keV,bottom,"[+0.75,+1.00]",reflected_to_outer_surface,142,417,0.3405275779376499,0.2966843498229728,0.3872821482195437,8,0.07263001534325285,0.02567858818344854
0.5 eV-100 keV,bottom,"[+0.75,+1.00]",relief_or_edge_exit,17,417,0.0407673860911271,0.02560656019614868,0.06431200183606081,8,0.027168104512229018,0.00960537546629099
0.5 eV-100 keV,bottom,"[+0.75,+1.00]",no_surviving_primary_exit,149,417,0.35731414868105515,0.3128141140425159,0.4044190684165778,8,0.08864532977999856,0.03134085690397739
0.5 eV-100 keV,side,"[-1.00,-0.75)",transmitted_unchanged,2,220,0.00909090909090909,0.002496605724540895,0.03253470108522863,8,0.015778818459900684,0.005578654766053624
0.5 eV-100 keV,side,"[-1.00,-0.75)",transmitted_mild_loss,2,220,0.00909090909090909,0.002496605724540895,0.03253470108522863,8,0.01784818509401737,0.006310286355926169
0.5 eV-100 keV,side,"[-1.00,-0.75)",transmitted_moderated_10_90pct,18,220,0.08181818181818182,0.052378627482599,0.12561100424424168,8,0.054449789762947946,0.019250907787781175
0.5 eV-100 keV,side,"[-1.00,-0.75)",transmitted_strong_moderation,29,220,0.1318181818181818,0.0933715195411752,0.1829019605661519,8,0.061939567503675345,0.021898944102805375
0.5 eV-100 keV,side,"[-1.00,-0.75)",transmitted_energy_gain,0,220,0.0,0.0,0.01716151619513562,8,0.0,0.0
0.5 eV-100 keV,side,"[-1.00,-0.75)",reflected_to_outer_surface,75,220,0.3409090909090909,0.2814824603435847,0.405796203900322,8,0.09207360277411193,0.032552934444925526
0.5 eV-100 keV,side,"[-1.00,-0.75)",relief_or_edge_exit,4,220,0.01818181818181818,0.0070927016399128864,0.04580839578449052,8,0.021732056685912167,0.007683442325869471
0.5 eV-100 keV,side,"[-1.00,-0.75)",no_surviving_primary_exit,90,220,0.4090909090909091,0.34622292910165664,0.4750791647520044,8,0.10141123423091654,0.03585428570658921
0.5 eV-100 keV,side,"[-0.75,-0.50)",transmitted_unchanged,4,340,0.011764705882352941,0.004584314894795214,0.02985440247601838,8,0.016963831240057653,0.005997620052374483
0.5 eV-100 keV,side,"[-0.75,-0.50)",transmitted_mild_loss,1,340,0.0029411764705882353,0.0005193786765765353,0.01646943599611923,8,0.0076859432737668215,0.002717391304347826
0.5 eV-100 keV,side,"[-0.75,-0.50)",transmitted_moderated_10_90pct,32,340,0.09411764705882353,0.06745773190978971,0.12984674397679027,8,0.05599958622615087,0.019798843582076033
0.5 eV-100 keV,side,"[-0.75,-0.50)",transmitted_strong_moderation,59,340,0.17352941176470588,0.13698247783447123,0.21737112233516917,8,0.05943089292381523,0.021011993699200676
0.5 eV-100 keV,side,"[-0.75,-0.50)",transmitted_energy_gain,0,340,0.0,0.0,0.011172180439989824,8,0.0,0.0
0.5 eV-100 keV,side,"[-0.75,-0.50)",reflected_to_outer_surface,114,340,0.3352941176470588,0.28720076628479413,0.3870677166836732,8,0.11047590645661733,0.0390591313066024
0.5 eV-100 keV,side,"[-0.75,-0.50)",relief_or_edge_exit,0,340,0.0,0.0,0.011172180439989824,8,0.0,0.0
0.5 eV-100 keV,side,"[-0.75,-0.50)",no_surviving_primary_exit,130,340,0.38235294117647056,0.3322850184506479,0.43504961224111444,8,0.06194743309301354,0.021901725008584907
0.5 eV-100 keV,side,"[-0.50,-0.25)",transmitted_unchanged,5,400,0.0125,0.005350750779971611,0.028923736195967484,8,0.013615841873495077,0.004813927060156057
0.5 eV-100 keV,side,"[-0.50,-0.25)",transmitted_mild_loss,2,400,0.005,0.0013722529547103846,0.018044918436243156,8,0.009122669787756072,0.00322535083472398
0.5 eV-100 keV,side,"[-0.50,-0.25)",transmitted_moderated_10_90pct,27,400,0.0675,0.04680146916375965,0.09642666543540682,8,0.0433931175155371,0.015341783826030516
0.5 eV-100 keV,side,"[-0.50,-0.25)",transmitted_strong_moderation,65,400,0.1625,0.12958740844606098,0.20183339022958918,8,0.07243840778579005,0.025610844681844273
0.5 eV-100 keV,side,"[-0.50,-0.25)",transmitted_energy_gain,1,400,0.0025,0.0004414477868016362,0.01402328507582339,8,0.007856742013183862,0.002777777777777778
0.5 eV-100 keV,side,"[-0.50,-0.25)",reflected_to_outer_surface,132,400,0.33,0.28572827595866784,0.377505904114993,8,0.0454461958579116,0.01606765663513064
0.5 eV-100 keV,side,"[-0.50,-0.25)",relief_or_edge_exit,6,400,0.015,0.006892291919440893,0.03233463358482672,8,0.019165788458028712,0.006776129492729483
0.5 eV-100 keV,side,"[-0.50,-0.25)",no_surviving_primary_exit,162,400,0.405,0.3580179525239347,0.4537893833995817,8,0.0840455438197973,0.0297145869817449
0.5 eV-100 keV,side,"[-0.25,+0.00)",transmitted_unchanged,3,508,0.005905511811023622,0.002010397484493917,0.017217155600731514,8,0.009540692919095655,0.0033731443301555073
0.5 eV-100 keV,side,"[-0.25,+0.00)",transmitted_mild_loss,1,508,0.001968503937007874,0.0003475738379107784,0.0110650593515794,8,0.007522412565814335,0.002659574468085106
0.5 eV-100 keV,side,"[-0.25,+0.00)",transmitted_moderated_10_90pct,53,508,0.10433070866141732,0.08065172307204284,0.13394882740656394,8,0.031581306703695286,0.011165678064457554
0.5 eV-100 keV,side,"[-0.25,+0.00)",transmitted_strong_moderation,93,508,0.1830708661417323,0.1518622609146743,0.21903668747863758,8,0.06417114880591636,0.02268792723859724
0.5 eV-100 keV,side,"[-0.25,+0.00)",transmitted_energy_gain,0,508,0.0,0.0,0.007505173241622552,8,0.0,0.0
0.5 eV-100 keV,side,"[-0.25,+0.00)",reflected_to_outer_surface,155,508,0.3051181102362205,0.26666339338999967,0.34649807177110514,8,0.06598880303778765,0.023330565055201546
0.5 eV-100 keV,side,"[-0.25,+0.00)",relief_or_edge_exit,6,508,0.011811023622047244,0.0054240320881813325,0.025525900840646983,8,0.013338038807837505,0.004715708844375617
0.5 eV-100 keV,side,"[-0.25,+0.00)",no_surviving_primary_exit,197,508,0.38779527559055116,0.3464175728262557,0.4308572101452894,8,0.061679552022052955,0.021807014747671036
0.5 eV-100 keV,side,"[+0.00,+0.25)",transmitted_unchanged,9,605,0.01487603305785124,0.007845700424638873,0.028028103016737003,8,0.017615397874995133,0.006227983645354079
0.5 eV-100 keV,side,"[+0.00,+0.25)",transmitted_mild_loss,3,605,0.0049586776859504135,0.0016878008415506527,0.014476438104589297,8,0.006387244293301479,0.0022582318764442764
0.5 eV-100 keV,side,"[+0.00,+0.25)",transmitted_moderated_10_90pct,65,605,0.10743801652892562,0.08519280002496872,0.13463693870527582,8,0.03279549526787851,0.011594958548144112
0.5 eV-100 keV,side,"[+0.00,+0.25)",transmitted_strong_moderation,107,605,0.1768595041322314,0.1485225493673521,0.20927414082954388,8,0.03551497307102997,0.012556439146091457
0.5 eV-100 keV,side,"[+0.00,+0.25)",transmitted_energy_gain,0,605,0.0,0.0,0.006309456698521984,8,0.0,0.0
0.5 eV-100 keV,side,"[+0.00,+0.25)",reflected_to_outer_surface,204,605,0.3371900826446281,0.30065172620047703,0.3757829233360665,8,0.057132260633590774,0.020199304459264635
0.5 eV-100 keV,side,"[+0.00,+0.25)",relief_or_edge_exit,11,605,0.01818181818181818,0.010182205487445254,0.03226145278567592,8,0.010439323769569233,0.003690858314232158
0.5 eV-100 keV,side,"[+0.00,+0.25)",no_surviving_primary_exit,206,605,0.34049586776859503,0.3038478432612979,0.379156661106991,8,0.0673454534803646,0.02381021341902449
0.5 eV-100 keV,side,"[+0.25,+0.50)",transmitted_unchanged,8,625,0.0128,0.006499920225110232,0.02505248228013181,8,0.012306437266175703,0.004350982621579839
0.5 eV-100 keV,side,"[+0.25,+0.50)",transmitted_mild_loss,2,625,0.0032,0.0008779945043436042,0.011591696720213547,8,0.009304036594559835,0.0032894736842105257
0.5 eV-100 keV,side,"[+0.25,+0.50)",transmitted_moderated_10_90pct,58,625,0.0928,0.07247357215706059,0.11810142435388886,8,0.020137874150890196,0.007119813685387872
0.5 eV-100 keV,side,"[+0.25,+0.50)",transmitted_strong_moderation,121,625,0.1936,0.16453306061086856,0.2264104043472722,8,0.03897787379682623,0.013780759438984635
0.5 eV-100 keV,side,"[+0.25,+0.50)",transmitted_energy_gain,0,625,0.0,0.0,0.006108787464328854,8,0.0,0.0
0.5 eV-100 keV,side,"[+0.25,+0.50)",reflected_to_outer_surface,205,625,0.328,0.29234133263849965,0.36576009024922956,8,0.04969597204371514,0.01757017941488403
0.5 eV-100 keV,side,"[+0.25,+0.50)",relief_or_edge_exit,10,625,0.016,0.008713677608713536,0.0291996286567568,8,0.009939441471336184,0.003514123232794305
0.5 eV-100 keV,side,"[+0.25,+0.50)",no_surviving_primary_exit,221,625,0.3536,0.31711696316722787,0.3918716898023277,8,0.07612336085279758,0.026913672332861866
0.5 eV-100 keV,side,"[+0.50,+0.75)",transmitted_unchanged,8,657,0.0121765601217656,0.0061826891407765604,0.023841847842877947,8,0.013067178734167026,0.004619945346953075
0.5 eV-100 keV,side,"[+0.50,+0.75)",transmitted_mild_loss,3,657,0.0045662100456621,0.0015541129686355857,0.01333820150306345,8,0.009363715084021175,0.0033105732165050676
0.5 eV-100 keV,side,"[+0.50,+0.75)",transmitted_moderated_10_90pct,67,657,0.1019786910197869,0.0811040142919196,0.12748074833280942,8,0.028274519630978438,0.009996552282928506
0.5 eV-100 keV,side,"[+0.50,+0.75)",transmitted_strong_moderation,123,657,0.1872146118721461,0.1592361848561716,0.2188294699024587,8,0.03924943116202864,0.013876769466192523
0.5 eV-100 keV,side,"[+0.50,+0.75)",transmitted_energy_gain,0,657,0.0,4.336808689942018e-19,0.005812980964525755,8,0.0,0.0
0.5 eV-100 keV,side,"[+0.50,+0.75)",reflected_to_outer_surface,218,657,0.3318112633181126,0.2968756194777641,0.3687022630080201,8,0.07189019242454601,0.025417021282101125
0.5 eV-100 keV,side,"[+0.50,+0.75)",relief_or_edge_exit,9,657,0.0136986301369863,0.00722332987094248,0.02582765161510312,8,0.012434342894236824,0.00439620409005681
0.5 eV-100 keV,side,"[+0.50,+0.75)",no_surviving_primary_exit,229,657,0.3485540334855403,0.3130930263265978,0.3857757456854884,8,0.047358454821585294,0.016743742275429855
0.5 eV-100 keV,side,"[+0.75,+1.00]",transmitted_unchanged,8,676,0.011834319526627219,0.006008571656211601,0.023176848802129765,8,0.008157569741095692,0.002884136440965476
0.5 eV-100 keV,side,"[+0.75,+1.00]",transmitted_mild_loss,1,676,0.0014792899408284023,0.00026117874342152826,0.008331205179187685,8,0.0047140452079103175,0.0016666666666666668
0.5 eV-100 keV,side,"[+0.75,+1.00]",transmitted_moderated_10_90pct,56,676,0.08284023668639054,0.06434386852849291,0.10605094531772608,8,0.03439992450334383,0.01216220994430985
0.5 eV-100 keV,side,"[+0.75,+1.00]",transmitted_strong_moderation,110,676,0.16272189349112426,0.1368162042669201,0.19243917714066117,8,0.038253838328804864,0.013524774244355891
0.5 eV-100 keV,side,"[+0.75,+1.00]",transmitted_energy_gain,0,676,0.0,0.0,0.0056505215603617626,8,0.0,0.0
0.5 eV-100 keV,side,"[+0.75,+1.00]",reflected_to_outer_surface,241,676,0.35650887573964496,0.32130654967152517,0.3933328011904721,8,0.02877948793326207,0.010175085538343013
0.5 eV-100 keV,side,"[+0.75,+1.00]",relief_or_edge_exit,11,676,0.016272189349112426,0.009109989841383176,0.028901017703700536,8,0.005969401881554124,0.002110502275037328
0.5 eV-100 keV,side,"[+0.75,+1.00]",no_surviving_primary_exit,249,676,0.3683431952662722,0.3328208812714766,0.40535336848850023,8,0.0522848814138557,0.018485497100635923
0.5 eV-100 keV,top,"[-1.00,-0.75)",transmitted_unchanged,2,118,0.01694915254237288,0.004660442504200446,0.059697444348039835,8,0.02954715398052736,0.010446496472196993
0.5 eV-100 keV,top,"[-1.00,-0.75)",transmitted_mild_loss,0,118,0.0,-3.469446951953614e-18,0.03152833902249433,8,0.0,0.0
0.5 eV-100 keV,top,"[-1.00,-0.75)",transmitted_moderated_10_90pct,9,118,0.07627118644067797,0.040643209517551585,0.13861809473879955,8,0.07976090921783462,0.02819973989076773
0.5 eV-100 keV,top,"[-1.00,-0.75)",transmitted_strong_moderation,28,118,0.23728813559322035,0.16957967070667793,0.32156233793225986,8,0.10046746675947017,0.0355206135171277
0.5 eV-100 keV,top,"[-1.00,-0.75)",transmitted_energy_gain,0,118,0.0,-3.469446951953614e-18,0.03152833902249433,8,0.0,0.0
0.5 eV-100 keV,top,"[-1.00,-0.75)",reflected_to_outer_surface,23,118,0.19491525423728814,0.13354074206772926,0.2755273969968436,8,0.0921863661727599,0.032592802326852334
0.5 eV-100 keV,top,"[-1.00,-0.75)",relief_or_edge_exit,6,118,0.05084745762711865,0.023509631366969028,0.10650735114476316,8,0.04043375000681835,0.014295489409311432
0.5 eV-100 keV,top,"[-1.00,-0.75)",no_surviving_primary_exit,50,118,0.423728813559322,0.3383584768394881,0.513908557926655,8,0.1735607374202458,0.061362987188796785
0.5 eV-100 keV,top,"[-0.75,-0.50)",transmitted_unchanged,3,127,0.023622047244094488,0.00806568008022535,0.06715098984532873,8,0.050198020576923845,0.01774768037604235
0.5 eV-100 keV,top,"[-0.75,-0.50)",transmitted_mild_loss,1,127,0.007874015748031496,0.0013913120414446208,0.043254008129582314,8,0.016835875742536845,0.005952380952380951
0.5 eV-100 keV,top,"[-0.75,-0.50)",transmitted_moderated_10_90pct,4,127,0.031496062992125984,0.012315000096796348,0.07818734470602129,8,0.03402523706800009,0.012029737931131372
0.5 eV-100 keV,top,"[-0.75,-0.50)",transmitted_strong_moderation,21,127,0.16535433070866143,0.11077037509028903,0.23958844262600937,8,0.070988173267065,0.025098109350593624
0.5 eV-100 keV,top,"[-0.75,-0.50)",transmitted_energy_gain,0,127,0.0,0.0,0.029359645293763368,8,0.0,0.0
0.5 eV-100 keV,top,"[-0.75,-0.50)",reflected_to_outer_surface,33,127,0.25984251968503935,0.1914196782543675,0.3423672379890937,8,0.07070210104326491,0.024996967545914545
0.5 eV-100 keV,top,"[-0.75,-0.50)",relief_or_edge_exit,10,127,0.07874015748031496,0.043330363977511784,0.1388860300888873,8,0.05785918799206052,0.020456312091566627
0.5 eV-100 keV,top,"[-0.75,-0.50)",no_surviving_primary_exit,55,127,0.4330708661417323,0.3501108806486415,0.5199608828946183,8,0.07412254684982243,0.0262062777581635
0.5 eV-100 keV,top,"[-0.50,-0.25)",transmitted_unchanged,2,114,0.017543859649122806,0.004824418781068852,0.061718026459918675,8,0.026777984143772204,0.009467447087283585
0.5 eV-100 keV,top,"[-0.50,-0.25)",transmitted_mild_loss,1,114,0.008771929824561403,0.0015501429397783636,0.04802034676013621,8,0.02209708691207961,0.0078125
0.5 eV-100 keV,top,"[-0.50,-0.25)",transmitted_moderated_10_90pct,13,114,0.11403508771929824,0.06786521821254023,0.18536873798024978,8,0.0955819212453213,0.03379331233570261
0.5 eV-100 keV,top,"[-0.50,-0.25)",transmitted_strong_moderation,19,114,0.16666666666666666,0.1093738540125446,0.24569183542668313,8,0.12611538847565182,0.044588523201554583
0.5 eV-100 keV,top,"[-0.50,-0.25)",transmitted_energy_gain,0,114,0.0,0.0,0.03259853415884162,8,0.0,0.0
0.5 eV-100 keV,top,"[-0.50,-0.25)",reflected_to_outer_surface,39,114,0.34210526315789475,0.2614420235959843,0.43306277666470266,8,0.1498440428622343,0.052977869414146776
0.5 eV-100 keV,top,"[-0.50,-0.25)",relief_or_edge_exit,6,114,0.05263157894736842,0.024342161507909528,0.11008810589736981,8,0.04113042848906143,0.014541802448861848
0.5 eV-100 keV,top,"[-0.50,-0.25)",no_surviving_primary_exit,34,114,0.2982456140350877,0.22196135480298912,0.38768366775233304,8,0.11344690119706975,0.040109536570524136
0.5 eV-100 keV,top,"[-0.25,+0.00)",transmitted_unchanged,1,85,0.011764705882352941,0.002079787134664092,0.06367170882493911,8,0.032141217326661246,0.01136363636363636
0.5 eV-100 keV,top,"[-0.25,+0.00)",transmitted_mild_loss,0,85,0.0,0.0,0.04323948381405149,8,0.0,0.0
0.5 eV-100 keV,top,"[-0.25,+0.00)",transmitted_moderated_10_90pct,6,85,0.07058823529411765,0.03275096311266676,0.14556059357469509,8,0.07466241015381607,0.02639714825974734
0.5 eV-100 keV,top,"[-0.25,+0.00)",transmitted_strong_moderation,14,85,0.16470588235294117,0.10072462065396519,0.2576830331978105,8,0.1161785961509874,0.041075336583548255
0.5 eV-100 keV,top,"[-0.25,+0.00)",transmitted_energy_gain,0,85,0.0,0.0,0.04323948381405149,8,0.0,0.0
0.5 eV-100 keV,top,"[-0.25,+0.00)",reflected_to_outer_surface,28,85,0.32941176470588235,0.23877773614216136,0.4347980877473385,8,0.1416399922807327,0.05007729951445817
0.5 eV-100 keV,top,"[-0.25,+0.00)",relief_or_edge_exit,7,85,0.08235294117647059,0.040463723499160636,0.16035984533375294,8,0.1170409867886149,0.04138023771749735
0.5 eV-100 keV,top,"[-0.25,+0.00)",no_surviving_primary_exit,29,85,0.3411764705882353,0.24921922196973992,0.44686861406531175,8,0.07615449537176938,0.026924680047608836
0.5 eV-100 keV,top,"[+0.00,+0.25)",transmitted_unchanged,1,96,0.010416666666666666,0.0018411702168162486,0.056666176227157854,8,0.027196414661021063,0.009615384615384616
0.5 eV-100 keV,top,"[+0.00,+0.25)",transmitted_mild_loss,0,96,0.0,3.469446951953614e-18,0.038475587857675686,8,0.0,0.0
0.5 eV-100 keV,top,"[+0.00,+0.25)",transmitted_moderated_10_90pct,10,96,0.10416666666666667,0.057571532417443415,0.18122164130321652,8,0.11726814880441533,0.0414605516183976
0.5 eV-100 keV,top,"[+0.00,+0.25)",transmitted_strong_moderation,12,96,0.125,0.07297200959924269,0.20588468129401408,8,0.08618190236569516,0.030469903789170003
0.5 eV-100 keV,top,"[+0.00,+0.25)",transmitted_energy_gain,0,96,0.0,3.469446951953614e-18,0.038475587857675686,8,0.0,0.0
0.5 eV-100 keV,top,"[+0.00,+0.25)",reflected_to_outer_surface,37,96,0.3854166666666667,0.29425768590940465,0.4853929696413128,8,0.07920885487971562,0.02800455920773403
0.5 eV-100 keV,top,"[+0.00,+0.25)",relief_or_edge_exit,6,96,0.0625,0.028956674311051346,0.12970946506441489,8,0.03984600894968509,0.014087691565771094
0.5 eV-100 keV,top,"[+0.00,+0.25)",no_surviving_primary_exit,30,96,0.3125,0.22850954637750145,0.410918799069127,8,0.08000708272034966,0.028286775367256146
0.5 eV-100 keV,top,"[+0.25,+0.50)",transmitted_unchanged,2,52,0.038461538461538464,0.010611711001315298,0.12981189157455764,8,0.07856742013183861,0.027777777777777773
0.5 eV-100 keV,top,"[+0.25,+0.50)",transmitted_mild_loss,1,52,0.019230769230769232,0.0034028080709451597,0.10120511127892247,8,0.039283710065919304,0.013888888888888886
0.5 eV-100 keV,top,"[+0.25,+0.50)",transmitted_moderated_10_90pct,4,52,0.07692307692307693,0.030319345184930124,0.1817356238429534,8,0.2309401076758503,0.0816496580927726
0.5 eV-100 keV,top,"[+0.25,+0.50)",transmitted_strong_moderation,9,52,0.17307692307692307,0.09382474391310205,0.29730864124480794,8,0.2073242978742393,0.07330020846580716
0.5 eV-100 keV,top,"[+0.25,+0.50)",transmitted_energy_gain,0,52,0.0,0.0,0.06879223612386234,8,0.0,0.0
0.5 eV-100 keV,top,"[+0.25,+0.50)",reflected_to_outer_surface,14,52,0.2692307692307692,0.16768960295166516,0.40252219833627134,8,0.25046772715426785,0.08855371416958238
0.5 eV-100 keV,top,"[+0.25,+0.50)",relief_or_edge_exit,4,52,0.07692307692307693,0.030319345184930124,0.1817356238429534,8,0.11673986743623611,0.04127377594949058
0.5 eV-100 keV,top,"[+0.25,+0.50)",no_surviving_primary_exit,18,52,0.34615384615384615,0.2315100766646591,0.48196445752729855,8,0.26359647593461405,0.09319542781512108
0.5 eV-100 keV,top,"[+0.50,+0.75)",transmitted_unchanged,0,16,0.0,0.0,0.1936076805344365,6,0.0,0.0
0.5 eV-100 keV,top,"[+0.50,+0.75)",transmitted_mild_loss,0,16,0.0,0.0,0.1936076805344365,6,0.0,0.0
0.5 eV-100 keV,top,"[+0.50,+0.75)",transmitted_moderated_10_90pct,2,16,0.125,0.03497748774324047,0.36022827265758695,6,0.1529039882724765,0.0624227918173451
0.5 eV-100 keV,top,"[+0.50,+0.75)",transmitted_strong_moderation,3,16,0.1875,0.06591599071428142,0.4300888096197414,6,0.27888667551135854,0.11385500851066223
0.5 eV-100 keV,top,"[+0.50,+0.75)",transmitted_energy_gain,0,16,0.0,0.0,0.1936076805344365,6,0.0,0.0
0.5 eV-100 keV,top,"[+0.50,+0.75)",reflected_to_outer_surface,8,16,0.5,0.27999563610326017,0.7200043638967398,6,0.3908679799852858,0.15957118462605635
0.5 eV-100 keV,top,"[+0.50,+0.75)",relief_or_edge_exit,1,16,0.0625,0.01111934476464252,0.28328737570298945,6,0.13608276348795434,0.05555555555555556
0.5 eV-100 keV,top,"[+0.50,+0.75)",no_surviving_primary_exit,2,16,0.125,0.03497748774324047,0.36022827265758695,6,0.1529039882724765,0.0624227918173451
0.5 eV-100 keV,top,"[+0.75,+1.00]",transmitted_unchanged,0,12,0.0,2.7755575615628914e-17,0.24249400665524085,6,0.0,0.0
0.5 eV-100 keV,top,"[+0.75,+1.00]",transmitted_mild_loss,0,12,0.0,2.7755575615628914e-17,0.24249400665524085,6,0.0,0.0
0.5 eV-100 keV,top,"[+0.75,+1.00]",transmitted_moderated_10_90pct,0,12,0.0,2.7755575615628914e-17,0.24249400665524085,6,0.0,0.0
0.5 eV-100 keV,top,"[+0.75,+1.00]",transmitted_strong_moderation,0,12,0.0,2.7755575615628914e-17,0.24249400665524085,6,0.0,0.0
0.5 eV-100 keV,top,"[+0.75,+1.00]",transmitted_energy_gain,0,12,0.0,2.7755575615628914e-17,0.24249400665524085,6,0.0,0.0
0.5 eV-100 keV,top,"[+0.75,+1.00]",reflected_to_outer_surface,7,12,0.5833333333333334,0.31951131254954973,0.8067396863412435,6,0.31805252303260767,0.1298443988057805
0.5 eV-100 keV,top,"[+0.75,+1.00]",relief_or_edge_exit,2,12,0.16666666666666666,0.04696514218385378,0.4480308622529734,6,0.1529039882724765,0.0624227918173451
0.5 eV-100 keV,top,"[+0.75,+1.00]",no_surviving_primary_exit,3,12,0.25,0.08894166839405471,0.5323053349335657,6,0.25819888974716115,0.105409255338946
0.1-1 MeV,bottom,"[-1.00,-0.75)",transmitted_unchanged,0,2,0.0,0.0,0.6576197724933469,2,0.0,0.0
0.1-1 MeV,bottom,"[-1.00,-0.75)",transmitted_mild_loss,0,2,0.0,0.0,0.6576197724933469,2,0.0,0.0
0.1-1 MeV,bottom,"[-1.00,-0.75)",transmitted_moderated_10_90pct,0,2,0.0,0.0,0.6576197724933469,2,0.0,0.0
0.1-1 MeV,bottom,"[-1.00,-0.75)",transmitted_strong_moderation,1,2,0.5,0.09453120573423074,0.9054687942657693,2,0.7071067811865476,0.5
0.1-1 MeV,bottom,"[-1.00,-0.75)",transmitted_energy_gain,0,2,0.0,0.0,0.6576197724933469,2,0.0,0.0
0.1-1 MeV,bottom,"[-1.00,-0.75)",reflected_to_outer_surface,1,2,0.5,0.09453120573423074,0.9054687942657693,2,0.7071067811865476,0.5
0.1-1 MeV,bottom,"[-1.00,-0.75)",relief_or_edge_exit,0,2,0.0,0.0,0.6576197724933469,2,0.0,0.0
0.1-1 MeV,bottom,"[-1.00,-0.75)",no_surviving_primary_exit,0,2,0.0,0.0,0.6576197724933469,2,0.0,0.0
0.1-1 MeV,bottom,"[-0.75,-0.50)",transmitted_unchanged,0,3,0.0,5.551115123125783e-17,0.5614970317550454,3,0.0,0.0
0.1-1 MeV,bottom,"[-0.75,-0.50)",transmitted_mild_loss,0,3,0.0,5.551115123125783e-17,0.5614970317550454,3,0.0,0.0
0.1-1 MeV,bottom,"[-0.75,-0.50)",transmitted_moderated_10_90pct,1,3,0.3333333333333333,0.06149194472039621,0.7923403991979522,3,0.5773502691896258,0.33333333333333337
0.1-1 MeV,bottom,"[-0.75,-0.50)",transmitted_strong_moderation,1,3,0.3333333333333333,0.06149194472039621,0.7923403991979522,3,0.5773502691896258,0.33333333333333337
0.1-1 MeV,bottom,"[-0.75,-0.50)",transmitted_energy_gain,0,3,0.0,5.551115123125783e-17,0.5614970317550454,3,0.0,0.0
0.1-1 MeV,bottom,"[-0.75,-0.50)",reflected_to_outer_surface,0,3,0.0,5.551115123125783e-17,0.5614970317550454,3,0.0,0.0
0.1-1 MeV,bottom,"[-0.75,-0.50)",relief_or_edge_exit,0,3,0.0,5.551115123125783e-17,0.5614970317550454,3,0.0,0.0
0.1-1 MeV,bottom,"[-0.75,-0.50)",no_surviving_primary_exit,1,3,0.3333333333333333,0.06149194472039621,0.7923403991979522,3,0.5773502691896258,0.33333333333333337
0.1-1 MeV,bottom,"[-0.50,-0.25)",transmitted_unchanged,4,30,0.13333333333333333,0.053096554840547455,0.296813266820363,8,0.18254507410947207,0.06453942988750427
0.1-1 MeV,bottom,"[-0.50,-0.25)",transmitted_mild_loss,1,30,0.03333333333333333,0.005908590381612455,0.16670390991409173,8,0.08838834764831845,0.03125
0.1-1 MeV,bottom,"[-0.50,-0.25)",transmitted_moderated_10_90pct,5,30,0.16666666666666666,0.0733654237184855,0.3356435050641603,8,0.1990410684727539,0.0703716446258501
0.1-1 MeV,bottom,"[-0.50,-0.25)",transmitted_strong_moderation,4,30,0.13333333333333333,0.053096554840547455,0.296813266820363,8,0.17873207060073043,0.06319132956864462
0.1-1 MeV,bottom,"[-0.50,-0.25)",transmitted_energy_gain,0,30,0.0,0.0,0.11351339317396876,8,0.0,0.0
0.1-1 MeV,bottom,"[-0.50,-0.25)",reflected_to_outer_surface,10,30,0.3333333333333333,0.19230498083676134,0.5121994835545616,8,0.3353436403793236,0.11856188107000133
0.1-1 MeV,bottom,"[-0.50,-0.25)",relief_or_edge_exit,2,30,0.06666666666666667,0.018477023791270378,0.2132345836261692,8,0.18600595228571123,0.0657630351011439
0.1-1 MeV,bottom,"[-0.50,-0.25)",no_surviving_primary_exit,4,30,0.13333333333333333,0.053096554840547455,0.296813266820363,8,0.15321803192223313,0.05417075468613397
0.1-1 MeV,bottom,"[-0.25,+0.00)",transmitted_unchanged,3,44,0.06818181818181818,0.023459395907381622,0.18225044370221527,8,0.09234358050601132,0.03264838598742324
0.1-1 MeV,bottom,"[-0.25,+0.00)",transmitted_mild_loss,1,44,0.022727272727272728,0.004023252060053224,0.11807709698213287,8,0.04419417382415922,0.015625
0.1-1 MeV,bottom,"[-0.25,+0.00)",transmitted_moderated_10_90pct,8,44,0.18181818181818182,0.09512805715627728,0.3196055088718468,8,0.16834478540705244,0.059518869669360465
0.1-1 MeV,bottom,"[-0.25,+0.00)",transmitted_strong_moderation,10,44,0.22727272727272727,0.12841947594917152,0.3699235806463633,8,0.21042450106277613,0.07439629581464244
0.1-1 MeV,bottom,"[-0.25,+0.00)",transmitted_energy_gain,0,44,0.0,0.0,0.08029560375848066,8,0.0,0.0
0.1-1 MeV,bottom,"[-0.25,+0.00)",reflected_to_outer_surface,13,44,0.29545454545454547,0.1815552911850489,0.44220200126160236,8,0.32039958753345793,0.11327836051714045
0.1-1 MeV,bottom,"[-0.25,+0.00)",relief_or_edge_exit,4,44,0.09090909090909091,0.03592219322731624,0.21159239166598612,8,0.12327928786633395,0.0435858102150666
0.1-1 MeV,bottom,"[-0.25,+0.00)",no_surviving_primary_exit,5,44,0.11363636363636363,0.04952780601092492,0.23979152416608285,8,0.23520484336456948,0.0831574698555034
0.1-1 MeV,bottom,"[+0.00,+0.25)",transmitted_unchanged,9,127,0.07086614173228346,0.037728059261201326,0.1292026599279342,8,0.08379152311086184,0.02962477709881986
0.1-1 MeV,bottom,"[+0.00,+0.25)",transmitted_mild_loss,1,127,0.007874015748031496,0.0013913120414446208,0.043254008129582314,8,0.02209708691207961,0.0078125
0.1-1 MeV,bottom,"[+0.00,+0.25)",transmitted_moderated_10_90pct,28,127,0.2204724409448819,0.15717243049424068,0.3001861113629027,8,0.07958789572345658,0.028138570383211985
0.1-1 MeV,bottom,"[+0.00,+0.25)",transmitted_strong_moderation,27,127,0.2125984251968504,0.15042471749493566,0.2916481494849441,8,0.09208254739882604,0.03255609684732079
0.1-1 MeV,bottom,"[+0.00,+0.25)",transmitted_energy_gain,0,127,0.0,0.0,0.029359645293763368,8,0.0,0.0
0.1-1 MeV,bottom,"[+0.00,+0.25)",reflected_to_outer_surface,45,127,0.3543307086614173,0.27653921818992266,0.44067579658070133,8,0.10164289224836613,0.035936189184116625
0.1-1 MeV,bottom,"[+0.00,+0.25)",relief_or_edge_exit,7,127,0.05511811023622047,0.026952774659298823,0.10940659477530953,8,0.09707306327765466,0.034320510657090214
0.1-1 MeV,bottom,"[+0.00,+0.25)",no_surviving_primary_exit,10,127,0.07874015748031496,0.043330363977511784,0.1388860300888873,8,0.053399529748210765,0.0188795847985663
0.1-1 MeV,bottom,"[+0.25,+0.50)",transmitted_unchanged,34,200,0.17,0.12427907912586969,0.22815883628312625,8,0.07431361534671088,0.026273830673073973
0.1-1 MeV,bottom,"[+0.25,+0.50)",transmitted_mild_loss,8,200,0.04,0.020405632066152306,0.07693206820093293,8,0.05173526826773246,0.018291179509309415
0.1-1 MeV,bottom,"[+0.25,+0.50)",transmitted_moderated_10_90pct,39,200,0.195,0.1460552053440051,0.25544044374612745,8,0.07723986415505614,0.027308415860983967
0.1-1 MeV,bottom,"[+0.25,+0.50)",transmitted_strong_moderation,27,200,0.135,0.09446570454787906,0.18929138370752552,8,0.05854005926839249,0.020697036439871364
0.1-1 MeV,bottom,"[+0.25,+0.50)",transmitted_energy_gain,0,200,0.0,1.734723475976807e-18,0.018845326377266575,8,0.0,0.0
0.1-1 MeV,bottom,"[+0.25,+0.50)",reflected_to_outer_surface,62,200,0.31,0.2499894483607809,0.37717177566258037,8,0.04890833449511506,0.0172917074890179
0.1-1 MeV,bottom,"[+0.25,+0.50)",relief_or_edge_exit,17,200,0.085,0.05374575017747561,0.13189587071565567,8,0.06080730369102543,0.02149862839279693
0.1-1 MeV,bottom,"[+0.25,+0.50)",no_surviving_primary_exit,13,200,0.065,0.03837635464915299,0.10801907929906895,8,0.04766605344400508,0.01685249481132819
0.1-1 MeV,bottom,"[+0.50,+0.75)",transmitted_unchanged,38,282,0.1347517730496454,0.09977289563071429,0.1795478829228893,8,0.06767453582329701,0.02392656159715262
0.1-1 MeV,bottom,"[+0.50,+0.75)",transmitted_mild_loss,8,282,0.028368794326241134,0.014443583914838777,0.05497062528544556,8,0.014715610311795222,0.005202753920384543
0.1-1 MeV,bottom,"[+0.50,+0.75)",transmitted_moderated_10_90pct,48,282,0.1702127659574468,0.13085223741602983,0.21843739758868022,8,0.06547544995124735,0.0231490673308837
0.1-1 MeV,bottom,"[+0.50,+0.75)",transmitted_strong_moderation,68,282,0.24113475177304963,0.19490138316343042,0.2943259647434925,8,0.06961473728048174,0.0246125264007743
0.1-1 MeV,bottom,"[+0.50,+0.75)",transmitted_energy_gain,0,282,0.0,0.0,0.013439124039399194,8,0.0,0.0
0.1-1 MeV,bottom,"[+0.50,+0.75)",reflected_to_outer_surface,79,282,0.2801418439716312,0.23095350953211688,0.3352395804710231,8,0.07370592705952513,0.02605898041871563
0.1-1 MeV,bottom,"[+0.50,+0.75)",relief_or_edge_exit,18,282,0.06382978723404255,0.04075328392670484,0.09862978172468594,8,0.03674691724971172,0.012991997187486037
0.1-1 MeV,bottom,"[+0.50,+0.75)",no_surviving_primary_exit,23,282,0.08156028368794327,0.05496071198616927,0.11940678189077474,8,0.06872623424152778,0.024298393138799695
0.1-1 MeV,bottom,"[+0.75,+1.00]",transmitted_unchanged,67,384,0.17447916666666666,0.13979514361644865,0.21561157138464312,8,0.05552204090375747,0.019630005814181888
0.1-1 MeV,bottom,"[+0.75,+1.00]",transmitted_mild_loss,17,384,0.044270833333333336,0.027821574909213283,0.06974782609231525,8,0.03257101315815427,0.011515592137123574
0.1-1 MeV,bottom,"[+0.75,+1.00]",transmitted_moderated_10_90pct,84,384,0.21875,0.18029906283634803,0.26277233892459523,8,0.049914045461466786,0.017647280011128388
0.1-1 MeV,bottom,"[+0.75,+1.00]",transmitted_strong_moderation,75,384,0.1953125,0.15876031594545684,0.23790036929556505,8,0.06350845176500453,0.02245362845284673
0.1-1 MeV,bottom,"[+0.75,+1.00]",transmitted_energy_gain,0,384,0.0,8.673617379884035e-19,0.009904714241677031,8,0.0,0.0
0.1-1 MeV,bottom,"[+0.75,+1.00]",reflected_to_outer_surface,111,384,0.2890625,0.24598722043617005,0.3363163308845374,8,0.0694192281968735,0.02454340350137282
0.1-1 MeV,bottom,"[+0.75,+1.00]",relief_or_edge_exit,11,384,0.028645833333333332,0.016069252583651453,0.05055967073792948,8,0.030870633838940963,0.010914417263521027
0.1-1 MeV,bottom,"[+0.75,+1.00]",no_surviving_primary_exit,19,384,0.049479166666666664,0.03190192889424606,0.075980964667265,8,0.019557927801482043,0.006914771687192428
0.1-1 MeV,side,"[-1.00,-0.75)",transmitted_unchanged,14,123,0.11382113821138211,0.06902284440685469,0.18201068293301853,8,0.08908518684526216,0.031496369860777744
0.1-1 MeV,side,"[-1.00,-0.75)",transmitted_mild_loss,4,123,0.032520325203252036,0.012717758499415699,0.08063861670148349,8,0.04754369076493718,0.016809233071261656
0.1-1 MeV,side,"[-1.00,-0.75)",transmitted_moderated_10_90pct,23,123,0.18699186991869918,0.12795837432731733,0.2649845899376325,8,0.13321635241402066,0.04709909307844545
0.1-1 MeV,side,"[-1.00,-0.75)",transmitted_strong_moderation,20,123,0.16260162601626016,0.10779560823065451,0.2378442103926032,8,0.11259642118039179,0.03980884647699582
0.1-1 MeV,side,"[-1.00,-0.75)",transmitted_energy_gain,0,123,0.0,0.0,0.030285514345309572,8,0.0,0.0
0.1-1 MeV,side,"[-1.00,-0.75)",reflected_to_outer_surface,48,123,0.3902439024390244,0.30861148496581675,0.4785243596465683,8,0.1323227747552192,0.046783165667417796
0.1-1 MeV,side,"[-1.00,-0.75)",relief_or_edge_exit,0,123,0.0,0.0,0.030285514345309572,8,0.0,0.0
0.1-1 MeV,side,"[-1.00,-0.75)",no_surviving_primary_exit,14,123,0.11382113821138211,0.06902284440685469,0.18201068293301853,8,0.0788233281148475,0.027868254912850454
0.1-1 MeV,side,"[-0.75,-0.50)",transmitted_unchanged,24,148,0.16216216216216217,0.1114610940654237,0.22995724598037653,8,0.0560103955251031,0.019802665246370525
0.1-1 MeV,side,"[-0.75,-0.50)",transmitted_mild_loss,5,148,0.033783783783783786,0.0145150949863528,0.07664221427685157,8,0.030731700990348665,0.010865297083836439
0.1-1 MeV,side,"[-0.75,-0.50)",transmitted_moderated_10_90pct,35,148,0.23648648648648649,0.17523795815776355,0.3110683470779606,8,0.12001485555643525,0.04243165910353968
0.1-1 MeV,side,"[-0.75,-0.50)",transmitted_strong_moderation,33,148,0.22297297297297297,0.16340563223304938,0.2965574066045068,8,0.12315839040886775,0.043543066509065316
0.1-1 MeV,side,"[-0.75,-0.50)",transmitted_energy_gain,0,148,0.0,-1.734723475976807e-18,0.025299143267784395,8,0.0,0.0
0.1-1 MeV,side,"[-0.75,-0.50)",reflected_to_outer_surface,42,148,0.28378378378378377,0.21733734387473075,0.3611703937545813,8,0.10029689980221801,0.03546030899106802
0.1-1 MeV,side,"[-0.75,-0.50)",relief_or_edge_exit,1,148,0.006756756756756757,0.0011937308904065753,0.03727704557646182,8,0.029462782549439476,0.010416666666666664
0.1-1 MeV,side,"[-0.75,-0.50)",no_surviving_primary_exit,8,148,0.05405405405405406,0.02764146488527637,0.10303074397517999,8,0.05762332447557186,0.02037292174559481
0.1-1 MeV,side,"[-0.50,-0.25)",transmitted_unchanged,39,223,0.17488789237668162,0.13065416136626862,0.2301328801479784,8,0.05174368077694032,0.01829415378046325
0.1-1 MeV,side,"[-0.50,-0.25)",transmitted_mild_loss,8,223,0.03587443946188341,0.018288195489687832,0.06918020170651307,8,0.032034637139108015,0.01132595457695685
0.1-1 MeV,side,"[-0.50,-0.25)",transmitted_moderated_10_90pct,47,223,0.21076233183856502,0.1623602387774837,0.268960646431743,8,0.07133284345025276,0.02521996866249606
0.1-1 MeV,side,"[-0.50,-0.25)",transmitted_strong_moderation,41,223,0.18385650224215247,0.1385175685541816,0.23990293388381032,8,0.0876980785186109,0.03100595300877003
0.1-1 MeV,side,"[-0.50,-0.25)",transmitted_energy_gain,0,223,0.0,0.0,0.016934553501221267,8,0.0,0.0
0.1-1 MeV,side,"[-0.50,-0.25)",reflected_to_outer_surface,72,223,0.32286995515695066,0.264949022044601,0.38679012471143703,8,0.08935289135511672,0.031591017697913934
0.1-1 MeV,side,"[-0.50,-0.25)",relief_or_edge_exit,0,223,0.0,0.0,0.016934553501221267,8,0.0,0.0
0.1-1 MeV,side,"[-0.50,-0.25)",no_surviving_primary_exit,16,223,0.07174887892376682,0.044643401947999754,0.1133588389431808,8,0.04095380385499738,0.01447935621062621
0.1-1 MeV,side,"[-0.25,+0.00)",transmitted_unchanged,59,364,0.1620879120879121,0.12779080194750586,0.20344282030736416,8,0.05346127915333079,0.018901416510113605
0.1-1 MeV,side,"[-0.25,+0.00)",transmitted_mild_loss,12,364,0.03296703296703297,0.018957306194195344,0.056731440011722575,8,0.01889946728843234,0.006681970740231919
0.1-1 MeV,side,"[-0.25,+0.00)",transmitted_moderated_10_90pct,88,364,0.24175824175824176,0.20061864303793375,0.28829160486416205,8,0.05596911612606713,0.019788070774879707
0.1-1 MeV,side,"[-0.25,+0.00)",transmitted_strong_moderation,70,364,0.19230769230769232,0.15511769259579433,0.2359243049045751,8,0.05428899992150776,0.019194059994167043
0.1-1 MeV,side,"[-0.25,+0.00)",transmitted_energy_gain,0,364,0.0,0.0,0.010443245938100362,8,0.0,0.0
0.1-1 MeV,side,"[-0.25,+0.00)",reflected_to_outer_surface,101,364,0.2774725274725275,0.23398073607234163,0.32561213711988984,8,0.053480246168862274,0.018908122362764193
0.1-1 MeV,side,"[-0.25,+0.00)",relief_or_edge_exit,2,364,0.005494505494505495,0.0015080870625578825,0.01980940892017874,8,0.009453704027589918,0.0033423891126197034
0.1-1 MeV,side,"[-0.25,+0.00)",no_surviving_primary_exit,32,364,0.08791208791208792,0.06295990630857473,0.1214713403437058,8,0.035416100533674784,0.012521482425272972
0.1-1 MeV,side,"[+0.00,+0.25)",transmitted_unchanged,90,578,0.15570934256055363,0.12843376374569743,0.18753110268598194,8,0.040499190914675645,0.014318626264167881
0.1-1 MeV,side,"[+0.00,+0.25)",transmitted_mild_loss,25,578,0.04325259515570934,0.02946617805924447,0.06307012715665185,8,0.022026263960617746,0.007787460305378835
0.1-1 MeV,side,"[+0.00,+0.25)",transmitted_moderated_10_90pct,145,578,0.2508650519031142,0.21724693454855287,0.28777286829648147,8,0.05634256018337062,0.019920103187536266
0.1-1 MeV,side,"[+0.00,+0.25)",transmitted_strong_moderation,117,578,0.20242214532871972,0.17167940998626813,0.23709424341196728,8,0.054463385420807864,0.019255714578714892
0.1-1 MeV,side,"[+0.00,+0.25)",transmitted_energy_gain,0,578,0.0,0.0,0.006602243209825901,8,0.0,0.0
0.1-1 MeV,side,"[+0.00,+0.25)",reflected_to_outer_surface,153,578,0.2647058823529412,0.23037827063320074,0.30214043205377616,8,0.049484154113546085,0.017495290467484312
0.1-1 MeV,side,"[+0.00,+0.25)",relief_or_edge_exit,3,578,0.005190311418685121,0.0017667114735549728,0.015147619176999378,8,0.00965746338531457,0.0034144289244083617
0.1-1 MeV,side,"[+0.00,+0.25)",no_surviving_primary_exit,45,578,0.07785467128027682,0.05869263324552794,0.10259092157522472,8,0.018536639917172557,0.006553691892922978
0.1-1 MeV,side,"[+0.25,+0.50)",transmitted_unchanged,102,645,0.15813953488372093,0.13201569834116006,0.1883113337792252,8,0.050076778726445274,0.017704814908723845
0.1-1 MeV,side,"[+0.25,+0.50)",transmitted_mild_loss,23,645,0.03565891472868217,0.023877120017794212,0.05293896215932774,8,0.012268172105154183,0.004337453844159082
0.1-1 MeV,side,"[+0.25,+0.50)",transmitted_moderated_10_90pct,134,645,0.20775193798449612,0.17821793804863842,0.24074644088420796,8,0.04975882274962866,0.017592400495060938
0.1-1 MeV,side,"[+0.25,+0.50)",transmitted_strong_moderation,139,645,0.21550387596899226,0.18550595749642984,0.24887050687586365,8,0.03832279762270594,0.013549155036527536
0.1-1 MeV,side,"[+0.25,+0.50)",transmitted_energy_gain,0,645,0.0,4.336808689942018e-19,0.005920489155665535,8,0.0,0.0
0.1-1 MeV,side,"[+0.25,+0.50)",reflected_to_outer_surface,191,645,0.2961240310077519,0.26218151482144886,0.3324806381210938,8,0.05218861577863408,0.018451462058905705
0.1-1 MeV,side,"[+0.25,+0.50)",relief_or_edge_exit,8,645,0.012403100775193798,0.006297954394162782,0.024281871464618028,8,0.01498613308266085,0.005298398163256773
0.1-1 MeV,side,"[+0.25,+0.50)",no_surviving_primary_exit,48,645,0.07441860465116279,0.056587462390512926,0.09728904698384427,8,0.019050762076540047,0.00673546152554649
0.1-1 MeV,side,"[+0.50,+0.75)",transmitted_unchanged,100,637,0.15698587127158556,0.1308013849274124,0.18728268409616883,8,0.034611748827129446,0.01223710115219438
0.1-1 MeV,side,"[+0.50,+0.75)",transmitted_mild_loss,22,637,0.03453689167974882,0.022916551634173478,0.051737574066017915,8,0.021003921821178547,0.007426007775633724
0.1-1 MeV,side,"[+0.50,+0.75)",transmitted_moderated_10_90pct,149,637,0.23390894819466249,0.20269068830964637,0.26831731946837206,8,0.04024379958404377,0.014228331793294854
0.1-1 MeV,side,"[+0.50,+0.75)",transmitted_strong_moderation,127,637,0.19937205651491366,0.17018881531900001,0.23215946485498537,8,0.051777309796402736,0.018306043434316514
0.1-1 MeV,side,"[+0.50,+0.75)",transmitted_energy_gain,0,637,0.0,-4.336808689942018e-19,0.005994398096158378,8,0.0,0.0
0.1-1 MeV,side,"[+0.50,+0.75)",reflected_to_outer_surface,181,637,0.28414442700156983,0.2504959270709674,0.3203807754038262,8,0.04546007526696349,0.016072563747260366
0.1-1 MeV,side,"[+0.50,+0.75)",relief_or_edge_exit,8,637,0.012558869701726845,0.006377215644585045,0.024584356125767162,8,0.011448013134811395,0.004047483859368901
0.1-1 MeV,side,"[+0.50,+0.75)",no_surviving_primary_exit,50,637,0.07849293563579278,0.06004416231544187,0.10199507124442792,8,0.022967759431497283,0.008120329221336505
0.1-1 MeV,side,"[+0.75,+1.00]",transmitted_unchanged,72,626,0.11501597444089456,0.09233757805818066,0.14239047413690714,8,0.03454225870141901,0.012212532682636704
0.1-1 MeV,side,"[+0.75,+1.00]",transmitted_mild_loss,23,626,0.036741214057507986,0.02460545859579022,0.054527882219875576,8,0.025425576309011138,0.008989298711838902
0.1-1 MeV,side,"[+0.75,+1.00]",transmitted_moderated_10_90pct,131,626,0.20926517571884984,0.17922046778072293,0.24285631852428113,8,0.024399042708160488,0.008626364276700233
0.1-1 MeV,side,"[+0.75,+1.00]",transmitted_strong_moderation,132,626,0.2108626198083067,0.18072005121352,0.24453213736453347,8,0.029394601846738696,0.010392561148053772
0.1-1 MeV,side,"[+0.75,+1.00]",transmitted_energy_gain,0,626,0.0,0.0,0.006099088535528951,8,0.0,0.0
0.1-1 MeV,side,"[+0.75,+1.00]",reflected_to_outer_surface,222,626,0.3546325878594249,0.31814709208436154,0.3928913010681405,8,0.04059831781016189,0.014353672914166029
0.1-1 MeV,side,"[+0.75,+1.00]",relief_or_edge_exit,11,626,0.01757188498402556,0.009839669590340177,0.031188843948732482,8,0.01570987509785324,0.005554279606642851
0.1-1 MeV,side,"[+0.75,+1.00]",no_surviving_primary_exit,35,626,0.05591054313099041,0.0404731791676279,0.07676498892463104,8,0.03162672007897122,0.011181734117264646
0.1-1 MeV,top,"[-1.00,-0.75)",transmitted_unchanged,4,51,0.0784313725490196,0.03092219678848919,0.18499946312595889,8,0.10177004891982148,0.03598114585644622
0.1-1 MeV,top,"[-1.00,-0.75)",transmitted_mild_loss,1,51,0.0196078431372549,0.0034696926410608536,0.10304568726144975,8,0.08838834764831845,0.03125
0.1-1 MeV,top,"[-1.00,-0.75)",transmitted_moderated_10_90pct,11,51,0.21568627450980393,0.12493938408232766,0.34626359585997457,8,0.08440367515214436,0.02984120552857389
0.1-1 MeV,top,"[-1.00,-0.75)",transmitted_strong_moderation,9,51,0.17647058823529413,0.09572403469126317,0.3025414252430807,8,0.1373630040864729,0.048565155836850206
0.1-1 MeV,top,"[-1.00,-0.75)",transmitted_energy_gain,0,51,0.0,0.0,0.07004661989853143,8,0.0,0.0
0.1-1 MeV,top,"[-1.00,-0.75)",reflected_to_outer_surface,20,51,0.39215686274509803,0.27027340981759806,0.5291484101605165,8,0.1745676032488744,0.06171896801638094
0.1-1 MeV,top,"[-1.00,-0.75)",relief_or_edge_exit,4,51,0.0784313725490196,0.03092219678848919,0.18499946312595889,8,0.09054676045516019,0.032013114166158846
0.1-1 MeV,top,"[-1.00,-0.75)",no_surviving_primary_exit,2,51,0.0392156862745098,0.010821083352867085,0.13216305655362268,8,0.08838834764831845,0.03125
0.1-1 MeV,top,"[-0.75,-0.50)",transmitted_unchanged,12,80,0.15,0.08794040506163547,0.24413228561323347,8,0.10064773314714294,0.035584347309699414
0.1-1 MeV,top,"[-0.75,-0.50)",transmitted_mild_loss,6,80,0.075,0.03482524929300514,0.15412016081219287,8,0.0850085217193565,0.030055051083200442
0.1-1 MeV,top,"[-0.75,-0.50)",transmitted_moderated_10_90pct,16,80,0.2,0.12702844043960787,0.30046243728170835,8,0.11639341840017586,0.04115128771812371
0.1-1 MeV,top,"[-0.75,-0.50)",transmitted_strong_moderation,13,80,0.1625,0.09749819402950367,0.2584290434069771,8,0.22767144305476175,0.08049401063327447
0.1-1 MeV,top,"[-0.75,-0.50)",transmitted_energy_gain,0,80,0.0,0.0,0.0458181295355271,8,0.0,0.0
0.1-1 MeV,top,"[-0.75,-0.50)",reflected_to_outer_surface,24,80,0.3,0.2106457126008134,0.40768153921339734,8,0.1924532443467161,0.06804249706945727
0.1-1 MeV,top,"[-0.75,-0.50)",relief_or_edge_exit,5,80,0.0625,0.026989375670841982,0.13810148767274424,8,0.08544503219506132,0.030209380841915365
0.1-1 MeV,top,"[-0.75,-0.50)",no_surviving_primary_exit,4,80,0.05,0.01961355453554428,0.1216227620464301,8,0.07579066415623122,0.026796046287751646
0.1-1 MeV,top,"[-0.50,-0.25)",transmitted_unchanged,6,63,0.09523809523809523,0.04438348427689201,0.19261701062836892,8,0.12055992147020915,0.04262436900545127
0.1-1 MeV,top,"[-0.50,-0.25)",transmitted_mild_loss,1,63,0.015873015873015872,0.002807494213869277,0.08458525459438397,8,0.03535533905932738,0.0125
0.1-1 MeV,top,"[-0.50,-0.25)",transmitted_moderated_10_90pct,14,63,0.2222222222222222,0.13725007752613644,0.3391228111343367,8,0.13474493987575725,0.04763953035836079
0.1-1 MeV,top,"[-0.50,-0.25)",transmitted_strong_moderation,13,63,0.20634920634920634,0.1247531961549383,0.3216981432861334,8,0.11896036815886124,0.04205884150878951
0.1-1 MeV,top,"[-0.50,-0.25)",transmitted_energy_gain,0,63,0.0,3.469446951953614e-18,0.05747119958885172,8,0.0,0.0
0.1-1 MeV,top,"[-0.50,-0.25)",reflected_to_outer_surface,22,63,0.3492063492063492,0.24325989015230323,0.47248539226338215,8,0.15362012680976447,0.0543129166969609
0.1-1 MeV,top,"[-0.50,-0.25)",relief_or_edge_exit,6,63,0.09523809523809523,0.04438348427689201,0.19261701062836892,8,0.07308606551033724,0.025839826266301852
0.1-1 MeV,top,"[-0.50,-0.25)",no_surviving_primary_exit,1,63,0.015873015873015872,0.002807494213869277,0.08458525459438397,8,0.03535533905932738,0.0125
0.1-1 MeV,top,"[-0.25,+0.00)",transmitted_unchanged,5,73,0.0684931506849315,0.029609038651838046,0.15052105040584768,8,0.09123575968224946,0.0322567121790124
0.1-1 MeV,top,"[-0.25,+0.00)",transmitted_mild_loss,4,73,0.0547945205479452,0.02151249741569728,0.1325899754215975,8,0.09123575968224946,0.0322567121790124
0.1-1 MeV,top,"[-0.25,+0.00)",transmitted_moderated_10_90pct,13,73,0.1780821917808219,0.10713373022955273,0.2812172885912604,8,0.07644478474453602,0.027027312839603676
0.1-1 MeV,top,"[-0.25,+0.00)",transmitted_strong_moderation,12,73,0.1643835616438356,0.0966129669185153,0.2657104356819069,8,0.12750953123416128,0.04508142710079666
0.1-1 MeV,top,"[-0.25,+0.00)",transmitted_energy_gain,0,73,0.0,0.0,0.0499920079557311,8,0.0,0.0
0.1-1 MeV,top,"[-0.25,+0.00)",reflected_to_outer_surface,29,73,0.3972602739726027,0.29286701857646835,0.5119258597705996,8,0.1908858029574832,0.06748832285173774
0.1-1 MeV,top,"[-0.25,+0.00)",relief_or_edge_exit,5,73,0.0684931506849315,0.029609038651838046,0.15052105040584768,8,0.06582533773694915,0.023272771343845745
0.1-1 MeV,top,"[-0.25,+0.00)",no_surviving_primary_exit,5,73,0.0684931506849315,0.029609038651838046,0.15052105040584768,8,0.07877408928611707,0.02785084635800397
0.1-1 MeV,top,"[+0.00,+0.25)",transmitted_unchanged,9,79,0.11392405063291139,0.061105793281181514,0.20254792710982203,8,0.12671220978771136,0.044799531400011555
0.1-1 MeV,top,"[+0.00,+0.25)",transmitted_mild_loss,2,79,0.02531645569620253,0.006970367306584818,0.08768584628891136,8,0.06296153216318953,0.022260263173243117
0.1-1 MeV,top,"[+0.00,+0.25)",transmitted_moderated_10_90pct,14,79,0.17721518987341772,0.10860426648087348,0.27576195876406395,8,0.12993441771016706,0.04593875393619228
0.1-1 MeV,top,"[+0.00,+0.25)",transmitted_strong_moderation,22,79,0.27848101265822783,0.19168173561099117,0.38582449740024033,8,0.123510313380264,0.04366749006883012
0.1-1 MeV,top,"[+0.00,+0.25)",transmitted_energy_gain,0,79,0.0,-3.469446951953614e-18,0.04637121165392266,8,0.0,0.0
0.1-1 MeV,top,"[+0.00,+0.25)",reflected_to_outer_surface,21,79,0.26582278481012656,0.1809333769412442,0.3724303550992005,8,0.14565159220942875,0.05149561427095239
0.1-1 MeV,top,"[+0.00,+0.25)",relief_or_edge_exit,6,79,0.0759493670886076,0.03527204845036669,0.15595416902827658,8,0.11936597644039805,0.04220224569197956
0.1-1 MeV,top,"[+0.00,+0.25)",no_surviving_primary_exit,5,79,0.06329113924050633,0.027334864880068373,0.13974885162778813,8,0.07813582995905106,0.027625187608842
0.1-1 MeV,top,"[+0.25,+0.50)",transmitted_unchanged,3,29,0.10344827586206896,0.03581489135067707,0.26385081090773804,8,0.148804761828569,0.05261042808091512
0.1-1 MeV,top,"[+0.25,+0.50)",transmitted_mild_loss,1,29,0.034482758620689655,0.006113214292762653,0.17175521879320288,8,0.07071067811865477,0.025
0.1-1 MeV,top,"[+0.25,+0.50)",transmitted_moderated_10_90pct,8,29,0.27586206896551724,0.14698755102087954,0.45717132416865935,8,0.25599944196367747,0.09050947069624417
0.1-1 MeV,top,"[+0.25,+0.50)",transmitted_strong_moderation,8,29,0.27586206896551724,0.14698755102087954,0.45717132416865935,8,0.2660707627561713,0.0940702203101829
0.1-1 MeV,top,"[+0.25,+0.50)",transmitted_energy_gain,0,29,0.0,0.0,0.11696979849974075,8,0.0,0.0
0.1-1 MeV,top,"[+0.25,+0.50)",reflected_to_outer_surface,5,29,0.1724137931034483,0.07597857252891227,0.34548439890195237,8,0.21301874125762765,0.07531349823154554
0.1-1 MeV,top,"[+0.25,+0.50)",relief_or_edge_exit,0,29,0.0,0.0,0.11696979849974075,8,0.0,0.0
0.1-1 MeV,top,"[+0.25,+0.50)",no_surviving_primary_exit,4,29,0.13793103448275862,0.05497439964111964,0.30558993720352023,8,0.22677868380553634,0.08017837257372731
0.1-1 MeV,top,"[+0.50,+0.75)",transmitted_unchanged,2,15,0.13333333333333333,0.03736125910306537,0.37881982832322364,7,0.19669894811736077,0.07434521426664759
0.1-1 MeV,top,"[+0.50,+0.75)",transmitted_mild_loss,0,15,0.0,0.0,0.20388330103584862,7,0.0,0.0
0.1-1 MeV,top,"[+0.50,+0.75)",transmitted_moderated_10_90pct,3,15,0.2,0.07047549346981563,0.45185448715169363,7,0.23779743280283544,0.08987898137227082
0.1-1 MeV,top,"[+0.50,+0.75)",transmitted_strong_moderation,1,15,0.06666666666666667,0.011866895493268553,0.2981652987378003,7,0.37796447300922725,0.14285714285714285
0.1-1 MeV,top,"[+0.50,+0.75)",transmitted_energy_gain,0,15,0.0,0.0,0.20388330103584862,7,0.0,0.0
0.1-1 MeV,top,"[+0.50,+0.75)",reflected_to_outer_surface,6,15,0.4,0.1982449614134158,0.6425316987937539,7,0.37400662077154784,0.14136121532187998
0.1-1 MeV,top,"[+0.50,+0.75)",relief_or_edge_exit,2,15,0.13333333333333333,0.03736125910306537,0.37881982832322364,7,0.39339789623472154,0.14869042853329517
0.1-1 MeV,top,"[+0.50,+0.75)",no_surviving_primary_exit,1,15,0.06666666666666667,0.011866895493268553,0.2981652987378003,7,0.09449111825230681,0.03571428571428571
0.1-1 MeV,top,"[+0.75,+1.00]",transmitted_unchanged,2,12,0.16666666666666666,0.04696514218385378,0.4480308622529734,7,0.20892772350933622,0.0789672569132238
0.1-1 MeV,top,"[+0.75,+1.00]",transmitted_mild_loss,1,12,0.08333333333333333,0.014865094404917095,0.35387991114111694,7,0.1259881576697424,0.04761904761904761
0.1-1 MeV,top,"[+0.75,+1.00]",transmitted_moderated_10_90pct,0,12,0.0,2.7755575615628914e-17,0.24249400665524085,7,0.0,0.0
0.1-1 MeV,top,"[+0.75,+1.00]",transmitted_strong_moderation,2,12,0.16666666666666666,0.04696514218385378,0.4480308622529734,7,0.3779644730092273,0.14285714285714288
0.1-1 MeV,top,"[+0.75,+1.00]",transmitted_energy_gain,0,12,0.0,2.7755575615628914e-17,0.24249400665524085,7,0.0,0.0
0.1-1 MeV,top,"[+0.75,+1.00]",reflected_to_outer_surface,6,12,0.5,0.2537815976337061,0.7462184023662939,7,0.3933978962347216,0.1486904285332952
0.1-1 MeV,top,"[+0.75,+1.00]",relief_or_edge_exit,1,12,0.08333333333333333,0.014865094404917095,0.35387991114111694,7,0.18898223650461363,0.07142857142857142
0.1-1 MeV,top,"[+0.75,+1.00]",no_surviving_primary_exit,0,12,0.0,2.7755575615628914e-17,0.24249400665524085,7,0.0,0.0
1-10 MeV,bottom,"[-0.75,-0.50)",transmitted_unchanged,0,3,0.0,5.551115123125783e-17,0.5614970317550454,3,0.0,0.0
1-10 MeV,bottom,"[-0.75,-0.50)",transmitted_mild_loss,0,3,0.0,5.551115123125783e-17,0.5614970317550454,3,0.0,0.0
1-10 MeV,bottom,"[-0.75,-0.50)",transmitted_moderated_10_90pct,1,3,0.3333333333333333,0.06149194472039621,0.7923403991979522,3,0.5773502691896258,0.33333333333333337
1-10 MeV,bottom,"[-0.75,-0.50)",transmitted_strong_moderation,1,3,0.3333333333333333,0.06149194472039621,0.7923403991979522,3,0.5773502691896258,0.33333333333333337
1-10 MeV,bottom,"[-0.75,-0.50)",transmitted_energy_gain,0,3,0.0,5.551115123125783e-17,0.5614970317550454,3,0.0,0.0
1-10 MeV,bottom,"[-0.75,-0.50)",reflected_to_outer_surface,1,3,0.3333333333333333,0.06149194472039621,0.7923403991979522,3,0.5773502691896258,0.33333333333333337
1-10 MeV,bottom,"[-0.75,-0.50)",relief_or_edge_exit,0,3,0.0,5.551115123125783e-17,0.5614970317550454,3,0.0,0.0
1-10 MeV,bottom,"[-0.75,-0.50)",no_surviving_primary_exit,0,3,0.0,5.551115123125783e-17,0.5614970317550454,3,0.0,0.0
1-10 MeV,bottom,"[-0.50,-0.25)",transmitted_unchanged,5,14,0.35714285714285715,0.1634473175355414,0.612355768960926,6,0.25819888974716115,0.105409255338946
1-10 MeV,bottom,"[-0.50,-0.25)",transmitted_mild_loss,0,14,0.0,1.3877787807814457e-17,0.2153108027376358,6,0.0,0.0
1-10 MeV,bottom,"[-0.50,-0.25)",transmitted_moderated_10_90pct,1,14,0.07142857142857142,0.012722215247890939,0.31468704424151117,6,0.2041241452319315,0.08333333333333334
1-10 MeV,bottom,"[-0.50,-0.25)",transmitted_strong_moderation,2,14,0.14285714285714285,0.040093921271464966,0.39941379496970353,6,0.2091650066335189,0.08539125638299666
1-10 MeV,bottom,"[-0.50,-0.25)",transmitted_energy_gain,0,14,0.0,1.3877787807814457e-17,0.2153108027376358,6,0.0,0.0
1-10 MeV,bottom,"[-0.50,-0.25)",reflected_to_outer_surface,4,14,0.2857142857142857,0.11721378644576919,0.5464908432989318,6,0.25819888974716115,0.105409255338946
1-10 MeV,bottom,"[-0.50,-0.25)",relief_or_edge_exit,2,14,0.14285714285714285,0.040093921271464966,0.39941379496970353,6,0.2091650066335189,0.08539125638299666
1-10 MeV,bottom,"[-0.50,-0.25)",no_surviving_primary_exit,0,14,0.0,1.3877787807814457e-17,0.2153108027376358,6,0.0,0.0
1-10 MeV,bottom,"[-0.25,+0.00)",transmitted_unchanged,21,71,0.29577464788732394,0.2023288520131663,0.4101853819827467,8,0.18337151311886474,0.0648316202013936
1-10 MeV,bottom,"[-0.25,+0.00)",transmitted_mild_loss,4,71,0.056338028169014086,0.022124519301696642,0.13609605799976943,8,0.09252171559770633,0.032711366253075656
1-10 MeV,bottom,"[-0.25,+0.00)",transmitted_moderated_10_90pct,11,71,0.15492957746478872,0.08877304270169767,0.25650962853277587,8,0.1426481670208132,0.05043374311212412
1-10 MeV,bottom,"[-0.25,+0.00)",transmitted_strong_moderation,8,71,0.11267605633802817,0.05821271729792871,0.2069004851081131,8,0.1340384756344886,0.04738975753052735
1-10 MeV,bottom,"[-0.25,+0.00)",transmitted_energy_gain,0,71,0.0,0.0,0.05132795219689034,8,0.0,0.0
1-10 MeV,bottom,"[-0.25,+0.00)",reflected_to_outer_surface,17,71,0.23943661971830985,0.1552094003304011,0.350412208560936,8,0.14615443305418954,0.05167339535654635
1-10 MeV,bottom,"[-0.25,+0.00)",relief_or_edge_exit,8,71,0.11267605633802817,0.05821271729792871,0.2069004851081131,8,0.06830089542990976,0.02414801315980123
1-10 MeV,bottom,"[-0.25,+0.00)",no_surviving_primary_exit,2,71,0.028169014084507043,0.007759263582683522,0.0970150011664947,8,0.06428243465332249,0.02272727272727272
1-10 MeV,bottom,"[+0.00,+0.25)",transmitted_unchanged,94,248,0.3790322580645161,0.3209310636450643,0.4408238107073801,8,0.07214433698818047,0.025506874954274936
1-10 MeV,bottom,"[+0.00,+0.25)",transmitted_mild_loss,16,248,0.06451612903225806,0.040098667230277246,0.1022188804385222,8,0.0611621608504995,0.021624089344705284
1-10 MeV,bottom,"[+0.00,+0.25)",transmitted_moderated_10_90pct,38,248,0.1532258064516129,0.11371484719954868,0.2033157926107917,8,0.040307234138989914,0.01425075929527684
1-10 MeV,bottom,"[+0.00,+0.25)",transmitted_strong_moderation,17,248,0.06854838709677419,0.043235347951722396,0.10702370390532889,8,0.04702940617802006,0.01662740601182725
1-10 MeV,bottom,"[+0.00,+0.25)",transmitted_energy_gain,0,248,0.0,0.0,0.01525348065676972,8,0.0,0.0
1-10 MeV,bottom,"[+0.00,+0.25)",reflected_to_outer_surface,56,248,0.22580645161290322,0.17818080855505064,0.2817969066438231,8,0.07371607719472917,0.026062569033432
1-10 MeV,bottom,"[+0.00,+0.25)",relief_or_edge_exit,20,248,0.08064516129032258,0.052809735982889086,0.1212738284389178,8,0.044289096091119064,0.01565856008932645
1-10 MeV,bottom,"[+0.00,+0.25)",no_surviving_primary_exit,7,248,0.028225806451612902,0.013738493353193399,0.05710551662133932,8,0.02756005324902067,0.009743950271122428
1-10 MeV,bottom,"[+0.25,+0.50)",transmitted_unchanged,164,377,0.4350132625994695,0.3858739688788262,0.4854635683952605,8,0.07671323574385919,0.027122224600622535
1-10 MeV,bottom,"[+0.25,+0.50)",transmitted_mild_loss,18,377,0.04774535809018567,0.030411661774817605,0.07420262823464294,8,0.015615463201904677,0.005520899960717897
1-10 MeV,bottom,"[+0.25,+0.50)",transmitted_moderated_10_90pct,82,377,0.21750663129973474,0.17882462131837604,0.2618875305057151,8,0.09150322012079114,0.03235127372390837
1-10 MeV,bottom,"[+0.25,+0.50)",transmitted_strong_moderation,15,377,0.03978779840848806,0.02425782032052131,0.06460188241637843,8,0.01846273087919885,0.006527561101951887
1-10 MeV,bottom,"[+0.25,+0.50)",transmitted_energy_gain,0,377,0.0,8.673617379884035e-19,0.010086766374095689,8,0.0,0.0
1-10 MeV,bottom,"[+0.25,+0.50)",reflected_to_outer_surface,72,377,0.1909814323607427,0.15449796349865155,0.2336988974169036,8,0.042294435540067045,0.014953341088419362
1-10 MeV,bottom,"[+0.25,+0.50)",relief_or_edge_exit,16,377,0.042440318302387266,0.026289815676137297,0.06782141615161605,8,0.01978180778914135,0.0069939252159153574
1-10 MeV,bottom,"[+0.25,+0.50)",no_surviving_primary_exit,10,377,0.026525198938992044,0.014470546632160665,0.04813151065047106,8,0.015050729031543818,0.005321236280002936
1-10 MeV,bottom,"[+0.50,+0.75)",transmitted_unchanged,212,466,0.45493562231759654,0.4102757426175264,0.5003324014457489,8,0.06663107305982421,0.02355764179916899
1-10 MeV,bottom,"[+0.50,+0.75)",transmitted_mild_loss,28,466,0.060085836909871244,0.04189534327073234,0.08546987258505158,8,0.03325899659414044,0.011758831013588496
1-10 MeV,bottom,"[+0.50,+0.75)",transmitted_moderated_10_90pct,83,466,0.1781115879828326,0.14604748904385118,0.21543925426525895,8,0.054377754227372704,0.019225439379935344
1-10 MeV,bottom,"[+0.50,+0.75)",transmitted_strong_moderation,34,466,0.07296137339055794,0.0526788536858844,0.1002268924375351,8,0.035875374621274776,0.01268386033615558
1-10 MeV,bottom,"[+0.50,+0.75)",transmitted_energy_gain,0,466,0.0,0.0,0.008176074606817836,8,0.0,0.0
1-10 MeV,bottom,"[+0.50,+0.75)",reflected_to_outer_surface,77,466,0.16523605150214593,0.1342797425361225,0.2016664705053521,8,0.05800036891596221,0.02050622708589916
1-10 MeV,bottom,"[+0.50,+0.75)",relief_or_edge_exit,20,466,0.04291845493562232,0.02795236950475687,0.0653588059941796,8,0.021974771279189512,0.007769254893269143
1-10 MeV,bottom,"[+0.50,+0.75)",no_surviving_primary_exit,12,466,0.02575107296137339,0.014790914187914787,0.044466220954174226,8,0.021646880415126794,0.007653327966535211
1-10 MeV,bottom,"[+0.75,+1.00]",transmitted_unchanged,280,715,0.3916083916083916,0.35650093507199376,0.4278743286276161,8,0.08003312607074874,0.028295983082092146
1-10 MeV,bottom,"[+0.75,+1.00]",transmitted_mild_loss,39,715,0.05454545454545454,0.04015525659102968,0.07369663358091497,8,0.02390430940489491,0.008451449639891277
1-10 MeV,bottom,"[+0.75,+1.00]",transmitted_moderated_10_90pct,145,715,0.20279720279720279,0.17494936040688264,0.23382152393075706,8,0.03888200054802578,0.013746863126804041
1-10 MeV,bottom,"[+0.75,+1.00]",transmitted_strong_moderation,75,715,0.1048951048951049,0.08450733566029817,0.12950572234150518,8,0.04402274377022477,0.015564390323181887
1-10 MeV,bottom,"[+0.75,+1.00]",transmitted_energy_gain,0,715,0.0,0.0,0.00534395835626438,8,0.0,0.0
1-10 MeV,bottom,"[+0.75,+1.00]",reflected_to_outer_surface,128,715,0.17902097902097902,0.1526585818032713,0.20881397328137957,8,0.04932929269120093,0.017440538686542086
1-10 MeV,bottom,"[+0.75,+1.00]",relief_or_edge_exit,37,715,0.05174825174825175,0.0377739579501256,0.070513422897938,8,0.01933398516957399,0.006835596010382955
1-10 MeV,bottom,"[+0.75,+1.00]",no_surviving_primary_exit,11,715,0.015384615384615385,0.008611859775962832,0.027336899861647262,8,0.015863847542057725,0.00560871708634928
1-10 MeV,side,"[-1.00,-0.75)",transmitted_unchanged,71,147,0.48299319727891155,0.4036795981203771,0.5631730162795969,8,0.11068064386300412,0.03913151691081172
1-10 MeV,side,"[-1.00,-0.75)",transmitted_mild_loss,9,147,0.061224489795918366,0.03254150178396888,0.11225594973535885,8,0.04833004970967274,0.017087252942396262
1-10 MeV,side,"[-1.00,-0.75)",transmitted_moderated_10_90pct,21,147,0.14285714285714285,0.09537404484545026,0.20853085755400258,8,0.07700417760586303,0.027225088082399516
1-10 MeV,side,"[-1.00,-0.75)",transmitted_strong_moderation,18,147,0.12244897959183673,0.078875707383624,0.18525233229579757,8,0.07687831852563884,0.027180590177849302
1-10 MeV,side,"[-1.00,-0.75)",transmitted_energy_gain,0,147,0.0,0.0,0.02546686335923391,8,0.0,0.0
1-10 MeV,side,"[-1.00,-0.75)",reflected_to_outer_surface,24,147,0.16326530612244897,0.11223750811999308,0.23144425699949098,8,0.11404797427174075,0.04032204799406839
1-10 MeV,side,"[-1.00,-0.75)",relief_or_edge_exit,1,147,0.006802721088435374,0.0012018583516737805,0.03752395924757055,8,0.014142135623730952,0.005
1-10 MeV,side,"[-1.00,-0.75)",no_surviving_primary_exit,3,147,0.02040816326530612,0.0069645133345185885,0.058279212744746595,8,0.029538491356068185,0.010443433771948014
1-10 MeV,side,"[-0.75,-0.50)",transmitted_unchanged,109,251,0.4342629482071713,0.3743907282936097,0.4961169977541417,8,0.08813013970303489,0.031158709705466876
1-10 MeV,side,"[-0.75,-0.50)",transmitted_mild_loss,18,251,0.07171314741035857,0.04584024066576224,0.11049797449383035,8,0.05718347302746901,0.020217410774760684
1-10 MeV,side,"[-0.75,-0.50)",transmitted_moderated_10_90pct,51,251,0.20318725099601595,0.15805777343847432,0.25726498962561545,8,0.04911453339538193,0.017364609809343855
1-10 MeV,side,"[-0.75,-0.50)",transmitted_strong_moderation,20,251,0.0796812749003984,0.05217120908366053,0.1198630392822652,8,0.060313387226722665,0.021324002552172844
1-10 MeV,side,"[-0.75,-0.50)",transmitted_energy_gain,0,251,0.0,8.673617379884035e-19,0.015073916302594106,8,0.0,0.0
1-10 MeV,side,"[-0.75,-0.50)",reflected_to_outer_surface,48,251,0.19123505976095617,0.1473810288764988,0.24439768437809117,8,0.06229071968946401,0.022023095148705197
1-10 MeV,side,"[-0.75,-0.50)",relief_or_edge_exit,1,251,0.00398406374501992,0.0007036316145222175,0.02221830129123847,8,0.010101525445522107,0.003571428571428571
1-10 MeV,side,"[-0.75,-0.50)",no_surviving_primary_exit,4,251,0.01593625498007968,0.006214298691276626,0.0402516840239838,8,0.02448625719218821,0.008657199253237076
1-10 MeV,side,"[-0.50,-0.25)",transmitted_unchanged,155,382,0.40575916230366493,0.35769262285403813,0.45570223569728363,8,0.06342009157302061,0.022422388407377345
1-10 MeV,side,"[-0.50,-0.25)",transmitted_mild_loss,17,382,0.04450261780104712,0.027968200089350373,0.07010694957537131,8,0.017447401840897728,0.0061685880778927175
1-10 MeV,side,"[-0.50,-0.25)",transmitted_moderated_10_90pct,76,382,0.19895287958115182,0.16200407965345495,0.24189616294104496,8,0.07296418227644118,0.02579673403570143
1-10 MeV,side,"[-0.50,-0.25)",transmitted_strong_moderation,44,382,0.11518324607329843,0.08693085446257079,0.1510981512886596,8,0.048793423445750723,0.017251080297898506
1-10 MeV,side,"[-0.50,-0.25)",transmitted_energy_gain,0,382,0.0,0.0,0.009956055091734722,8,0.0,0.0
1-10 MeV,side,"[-0.50,-0.25)",reflected_to_outer_surface,76,382,0.19895287958115182,0.16200407965345495,0.24189616294104496,8,0.04301667445620194,0.015208691106037266
1-10 MeV,side,"[-0.50,-0.25)",relief_or_edge_exit,3,382,0.007853403141361256,0.0026743884709257305,0.022832095074865513,8,0.010274848963842698,0.0036327076890003713
1-10 MeV,side,"[-0.50,-0.25)",no_surviving_primary_exit,11,382,0.028795811518324606,0.016153775093132844,0.0508205176634758,8,0.02423180188960419,0.008567235718254058
1-10 MeV,side,"[-0.25,+0.00)",transmitted_unchanged,278,603,0.46102819237147596,0.42161371314139556,0.5009360742588629,8,0.05500427307883518,0.019446947244140506
1-10 MeV,side,"[-0.25,+0.00)",transmitted_mild_loss,26,603,0.04311774461028192,0.029592188784563593,0.06242765924825484,8,0.02581507027069065,0.0091270056226063
1-10 MeV,side,"[-0.25,+0.00)",transmitted_moderated_10_90pct,111,603,0.18407960199004975,0.1551801521072218,0.2169787627757252,8,0.057394552954389576,0.02029203879860963
1-10 MeV,side,"[-0.25,+0.00)",transmitted_strong_moderation,59,603,0.0978441127694859,0.07661474403943733,0.12416497700578397,8,0.0279049862504032,0.009865902503288736
1-10 MeV,side,"[-0.25,+0.00)",transmitted_energy_gain,0,603,0.0,0.0,0.006330251113955574,8,0.0,0.0
1-10 MeV,side,"[-0.25,+0.00)",reflected_to_outer_surface,112,603,0.1857379767827529,0.1567218379876449,0.21873283062295065,8,0.048820854983331066,0.01726077881101922
1-10 MeV,side,"[-0.25,+0.00)",relief_or_edge_exit,1,603,0.001658374792703151,0.0002928038797862364,0.00933320096181791,8,0.003972510006665997,0.0014044943820224717
1-10 MeV,side,"[-0.25,+0.00)",no_surviving_primary_exit,16,603,0.026533996683250415,0.01639749670498984,0.042664814051342884,8,0.02516799974128202,0.008898231642980894
1-10 MeV,side,"[+0.00,+0.25)",transmitted_unchanged,484,1106,0.4376130198915009,0.40864177023785264,0.46701614567147254,8,0.03460913390016981,0.012236176635901647
1-10 MeV,side,"[+0.00,+0.25)",transmitted_mild_loss,77,1106,0.06962025316455696,0.056062761942407315,0.08615706375090817,8,0.010830708064989262,0.0038292335589028685
1-10 MeV,side,"[+0.00,+0.25)",transmitted_moderated_10_90pct,197,1106,0.17811934900542495,0.15669580374275607,0.20177112471695044,8,0.033149267788969344,0.011720036022474506
1-10 MeV,side,"[+0.00,+0.25)",transmitted_strong_moderation,95,1106,0.08589511754068715,0.07078083781527846,0.1038760532929957,8,0.01756558536176709,0.006210372262408332
1-10 MeV,side,"[+0.00,+0.25)",transmitted_energy_gain,0,1106,0.0,0.0,0.003461268084881258,8,0.0,0.0
1-10 MeV,side,"[+0.00,+0.25)",reflected_to_outer_surface,211,1106,0.19077757685352623,0.16870697796096995,0.21498877915481557,8,0.03406253077944472,0.012042923249260427
1-10 MeV,side,"[+0.00,+0.25)",relief_or_edge_exit,7,1106,0.006329113924050633,0.003069153394109604,0.013006529018811133,8,0.006134076663219807,0.0021687236024404374
1-10 MeV,side,"[+0.00,+0.25)",no_surviving_primary_exit,35,1106,0.03164556962025317,0.02284095613870002,0.04369238358637863,8,0.011613847236088137,0.004106115068151282
1-10 MeV,side,"[+0.25,+0.50)",transmitted_unchanged,561,1233,0.45498783454987834,0.4273752982093085,0.4828799740340424,8,0.017080586121532466,0.0060388991365882185
1-10 MeV,side,"[+0.25,+0.50)",transmitted_mild_loss,66,1233,0.0535279805352798,0.04229426693911285,0.06753505504223187,8,0.015435379342924728,0.005457230701784415
1-10 MeV,side,"[+0.25,+0.50)",transmitted_moderated_10_90pct,257,1233,0.20843471208434713,0.18668513690794525,0.23199541032601195,8,0.017247384435575268,0.0060978712460632925
1-10 MeV,side,"[+0.25,+0.50)",transmitted_strong_moderation,99,1233,0.08029197080291971,0.06639512599525807,0.09679592600355374,8,0.01802143860124017,0.006371540720836967
1-10 MeV,side,"[+0.25,+0.50)",transmitted_energy_gain,0,1233,0.0,-2.168404344971009e-19,0.003105861946410567,8,0.0,0.0
1-10 MeV,side,"[+0.25,+0.50)",reflected_to_outer_surface,219,1233,0.17761557177615572,0.1572938497985165,0.1999398568092665,8,0.012063278641501723,0.004265013065374355
1-10 MeV,side,"[+0.25,+0.50)",relief_or_edge_exit,8,1233,0.006488240064882401,0.0032913004076155165,0.012750738512726461,8,0.008421841188842673,0.0029775705073534146
1-10 MeV,side,"[+0.25,+0.50)",no_surviving_primary_exit,23,1233,0.0186536901865369,0.01246167809429292,0.02783569265217046,8,0.008553857192387614,0.003024245213019302
1-10 MeV,side,"[+0.50,+0.75)",transmitted_unchanged,523,1256,0.4164012738853503,0.38943403272748045,0.4438783269113461,8,0.04064868801686465,0.014371481471530674
1-10 MeV,side,"[+0.50,+0.75)",transmitted_mild_loss,74,1256,0.0589171974522293,0.04719030970977171,0.07333394971794159,8,0.012994920468512094,0.004594398192132384
1-10 MeV,side,"[+0.50,+0.75)",transmitted_moderated_10_90pct,267,1256,0.2125796178343949,0.19084703734050412,0.23606498008441373,8,0.02050512234345847,0.007249655529059637
1-10 MeV,side,"[+0.50,+0.75)",transmitted_strong_moderation,108,1256,0.08598726114649681,0.07171782441110527,0.10278148046689276,8,0.012456796016019693,0.004404142467392547
1-10 MeV,side,"[+0.50,+0.75)",transmitted_energy_gain,0,1256,0.0,0.0,0.003049160506505333,8,0.0,0.0
1-10 MeV,side,"[+0.50,+0.75)",reflected_to_outer_surface,241,1256,0.19187898089171976,0.17105407332165223,0.2145829093471655,8,0.03222235906541203,0.011392324300490335
1-10 MeV,side,"[+0.50,+0.75)",relief_or_edge_exit,9,1256,0.007165605095541401,0.003774389072246205,0.013562283465216856,8,0.00557559577366434,0.0019712707903565547
1-10 MeV,side,"[+0.50,+0.75)",no_surviving_primary_exit,34,1256,0.027070063694267517,0.019435426431855155,0.03758877952493492,8,0.00918598939183999,0.003247737695438873
1-10 MeV,side,"[+0.75,+1.00]",transmitted_unchanged,511,1252,0.40814696485623003,0.3812435720038762,0.4356122911430667,8,0.054173946572820236,0.019153382492639457
1-10 MeV,side,"[+0.75,+1.00]",transmitted_mild_loss,61,1252,0.048722044728434506,0.03811583882026459,0.06208905403210736,8,0.01752437329866749,0.006195801597766124
1-10 MeV,side,"[+0.75,+1.00]",transmitted_moderated_10_90pct,245,1252,0.19568690095846644,0.17465612470871397,0.2185793871085492,8,0.03619229113143748,0.012795907242858593
1-10 MeV,side,"[+0.75,+1.00]",transmitted_strong_moderation,126,1252,0.10063897763578275,0.0851766515360973,0.11854449258104602,8,0.023621907859162298,0.00835160561588873
1-10 MeV,side,"[+0.75,+1.00]",transmitted_energy_gain,0,1252,0.0,0.0,0.003058872434663426,8,0.0,0.0
1-10 MeV,side,"[+0.75,+1.00]",reflected_to_outer_surface,259,1252,0.20686900958466453,0.18534499758837822,0.23018632219360494,8,0.04123812595385732,0.014579879252698736
1-10 MeV,side,"[+0.75,+1.00]",relief_or_edge_exit,12,1252,0.009584664536741214,0.005491249233480878,0.016678315742371108,8,0.01173348080289383,0.004148411921324201
1-10 MeV,side,"[+0.75,+1.00]",no_surviving_primary_exit,38,1252,0.03035143769968051,0.022191829415031936,0.0413842360667286,8,0.010942610811997943,0.003868797154524489
1-10 MeV,top,"[-1.00,-0.75)",transmitted_unchanged,30,81,0.37037037037037035,0.27331684253954924,0.47916266109107675,8,0.11757183585276959,0.041567921204022515
1-10 MeV,top,"[-1.00,-0.75)",transmitted_mild_loss,1,81,0.012345679012345678,0.0021826500585387723,0.06666881598048346,8,0.032141217326661246,0.01136363636363636
1-10 MeV,top,"[-1.00,-0.75)",transmitted_moderated_10_90pct,17,81,0.20987654320987653,0.13537173606133143,0.3106538196834032,8,0.12742845526721036,0.04505276241778553
1-10 MeV,top,"[-1.00,-0.75)",transmitted_strong_moderation,6,81,0.07407407407407407,0.034389630412381036,0.15232873865967633,8,0.16932993260266618,0.05986717180060316
1-10 MeV,top,"[-1.00,-0.75)",transmitted_energy_gain,0,81,0.0,0.0,0.045278085432415204,8,0.0,0.0
1-10 MeV,top,"[-1.00,-0.75)",reflected_to_outer_surface,15,81,0.18518518518518517,0.11556290005906689,0.28331589447245376,8,0.10001233389415082,0.035359699749423615
1-10 MeV,top,"[-1.00,-0.75)",relief_or_edge_exit,8,81,0.09876543209876543,0.050900116268798354,0.18296501401647308,8,0.10251570879348486,0.03624477643300926
1-10 MeV,top,"[-1.00,-0.75)",no_surviving_primary_exit,4,81,0.04938271604938271,0.01936930555403383,0.1202023023048095,8,0.1750990611849848,0.06190686677165047
1-10 MeV,top,"[-0.75,-0.50)",transmitted_unchanged,38,98,0.3877551020408163,0.29726468270356593,0.4867132742625256,8,0.10150986497453737,0.035889156940413086
1-10 MeV,top,"[-0.75,-0.50)",transmitted_mild_loss,6,98,0.061224489795918366,0.02835932368138567,0.12719087173151772,8,0.05449274595592522,0.01926609509545527
1-10 MeV,top,"[-0.75,-0.50)",transmitted_moderated_10_90pct,20,98,0.20408163265306123,0.13617701138609184,0.29431032970633136,8,0.13260633707522668,0.04688342008710093
1-10 MeV,top,"[-0.75,-0.50)",transmitted_strong_moderation,6,98,0.061224489795918366,0.02835932368138567,0.12719087173151772,8,0.03575936644344905,0.012642845251548747
1-10 MeV,top,"[-0.75,-0.50)",transmitted_energy_gain,0,98,0.0,3.469446951953614e-18,0.037719990121680605,8,0.0,0.0
1-10 MeV,top,"[-0.75,-0.50)",reflected_to_outer_surface,23,98,0.23469387755102042,0.16178478951873154,0.32761765421930306,8,0.08783778863784875,0.03105534799512676
1-10 MeV,top,"[-0.75,-0.50)",relief_or_edge_exit,3,98,0.030612244897959183,0.010464891082493703,0.0861702016847983,8,0.053144557795917494,0.01878943860032683
1-10 MeV,top,"[-0.75,-0.50)",no_surviving_primary_exit,2,98,0.02040816326530612,0.0056146141550348985,0.07138211106371997,8,0.03334741883294078,0.011790092995920206
1-10 MeV,top,"[-0.50,-0.25)",transmitted_unchanged,52,104,0.5,0.40563189843430686,0.5943681015656932,8,0.10917162828702826,0.038597999337467395
1-10 MeV,top,"[-0.50,-0.25)",transmitted_mild_loss,3,104,0.028846153846153848,0.009858182902777006,0.08140040102511037,8,0.0599849859437737,0.021207895165111058
1-10 MeV,top,"[-0.50,-0.25)",transmitted_moderated_10_90pct,22,104,0.21153846153846154,0.1440522470328251,0.29957545741282027,8,0.09247859333222122,0.03269612022990333
1-10 MeV,top,"[-0.50,-0.25)",transmitted_strong_moderation,6,104,0.057692307692307696,0.026706545635334457,0.12018926784798839,8,0.05048935582838457,0.01785068294199563
1-10 MeV,top,"[-0.50,-0.25)",transmitted_energy_gain,0,104,0.0,0.0,0.03562135437245191,8,0.0,0.0
1-10 MeV,top,"[-0.50,-0.25)",reflected_to_outer_surface,13,104,0.125,0.07452602523780914,0.2021899905415298,8,0.07818562535416192,0.027642792939619375
1-10 MeV,top,"[-0.50,-0.25)",relief_or_edge_exit,6,104,0.057692307692307696,0.026706545635334457,0.12018926784798839,8,0.07203344678840536,0.025467669348160877
1-10 MeV,top,"[-0.50,-0.25)",no_surviving_primary_exit,2,104,0.019230769230769232,0.0052897115850640206,0.0674231291576782,8,0.059903920261518875,0.02117923411828911
1-10 MeV,top,"[-0.25,+0.00)",transmitted_unchanged,54,123,0.43902439024390244,0.3544871197523637,0.5272550161434058,8,0.11723252525892304,0.04144795679310385
1-10 MeV,top,"[-0.25,+0.00)",transmitted_mild_loss,9,123,0.07317073170731707,0.03897034286900349,0.1332246084013827,8,0.052794930975516,0.018665826852531535
1-10 MeV,top,"[-0.25,+0.00)",transmitted_moderated_10_90pct,23,123,0.18699186991869918,0.12795837432731733,0.2649845899376325,8,0.07903951080363289,0.027944687035458098
1-10 MeV,top,"[-0.25,+0.00)",transmitted_strong_moderation,12,123,0.0975609756097561,0.05669274288753686,0.16280535402454158,8,0.13894811662317247,0.049125577748672246
1-10 MeV,top,"[-0.25,+0.00)",transmitted_energy_gain,0,123,0.0,0.0,0.030285514345309572,8,0.0,0.0
1-10 MeV,top,"[-0.25,+0.00)",reflected_to_outer_surface,17,123,0.13821138211382114,0.08811645646024345,0.21022021652132195,8,0.12156887060355392,0.04298108639248145
1-10 MeV,top,"[-0.25,+0.00)",relief_or_edge_exit,8,123,0.06504065040650407,0.033322636380229045,0.12310459967625977,8,0.06257333817642863,0.022123015873015878
1-10 MeV,top,"[-0.25,+0.00)",no_surviving_primary_exit,0,123,0.0,0.0,0.030285514345309572,8,0.0,0.0
1-10 MeV,top,"[+0.00,+0.25)",transmitted_unchanged,34,128,0.265625,0.19675501016357286,0.3481529380896342,8,0.09989882434139574,0.03531956806218233
1-10 MeV,top,"[+0.00,+0.25)",transmitted_mild_loss,4,128,0.03125,0.01221826524505338,0.07759763126136077,8,0.0407023253907624,0.014390445146934742
1-10 MeV,top,"[+0.00,+0.25)",transmitted_moderated_10_90pct,19,128,0.1484375,0.09713463115350009,0.22022729122631057,8,0.11200248689680198,0.03959885899724305
1-10 MeV,top,"[+0.00,+0.25)",transmitted_strong_moderation,13,128,0.1015625,0.060318648726840854,0.16602486330361116,8,0.03783311464209288,0.013376025958415968
1-10 MeV,top,"[+0.00,+0.25)",transmitted_energy_gain,0,128,0.0,0.0,0.029136956273508416,8,0.0,0.0
1-10 MeV,top,"[+0.00,+0.25)",reflected_to_outer_surface,38,128,0.296875,0.22458166083566666,0.3810052276504461,8,0.09599419937628464,0.03393907466677216
1-10 MeV,top,"[+0.00,+0.25)",relief_or_edge_exit,20,128,0.15625,0.10348354800906658,0.22904810942897047,8,0.09144074062279281,0.0323291838855485
1-10 MeV,top,"[+0.00,+0.25)",no_surviving_primary_exit,0,128,0.0,0.0,0.029136956273508416,8,0.0,0.0
1-10 MeV,top,"[+0.25,+0.50)",transmitted_unchanged,15,68,0.22058823529411764,0.13849012387325205,0.33256738771149325,8,0.15902169938293192,0.05622266099473989
1-10 MeV,top,"[+0.25,+0.50)",transmitted_mild_loss,3,68,0.04411764705882353,0.01511661970804156,0.12187195182496394,8,0.05836993371811806,0.02063688797474529
1-10 MeV,top,"[+0.25,+0.50)",transmitted_moderated_10_90pct,19,68,0.27941176470588236,0.18677947923800126,0.3956343456973241,8,0.17403558410195216,0.061530870843126036
1-10 MeV,top,"[+0.25,+0.50)",transmitted_strong_moderation,5,68,0.07352941176470588,0.031814844251117996,0.16085188395717748,8,0.06717727737948248,0.023750754188340863
1-10 MeV,top,"[+0.25,+0.50)",transmitted_energy_gain,0,68,0.0,0.0,0.053471336520070537,8,0.0,0.0
1-10 MeV,top,"[+0.25,+0.50)",reflected_to_outer_surface,17,68,0.25,0.16235013970552148,0.3643855285545139,8,0.14684959313711138,0.05191917156086847
1-10 MeV,top,"[+0.25,+0.50)",relief_or_edge_exit,8,68,0.11764705882352941,0.06083492602331342,0.21534903719791698,8,0.12424333666454454,0.043926652936371324
1-10 MeV,top,"[+0.25,+0.50)",no_surviving_primary_exit,1,68,0.014705882352941176,0.0026006835761068076,0.07870973128160871,8,0.03535533905932738,0.0125
1-10 MeV,top,"[+0.50,+0.75)",transmitted_unchanged,6,20,0.3,0.1454772448676043,0.5189728183535235,7,0.37599954970140775,0.1421144716545993
1-10 MeV,top,"[+0.50,+0.75)",transmitted_mild_loss,0,20,0.0,0.0,0.16112515805281938,7,0.0,0.0
1-10 MeV,top,"[+0.50,+0.75)",transmitted_moderated_10_90pct,2,20,0.1,0.027866481213768224,0.3010336452284873,7,0.14433756729740643,0.05455447255899809
1-10 MeV,top,"[+0.50,+0.75)",transmitted_strong_moderation,2,20,0.1,0.027866481213768224,0.3010336452284873,7,0.3779644730092272,0.14285714285714285
1-10 MeV,top,"[+0.50,+0.75)",transmitted_energy_gain,0,20,0.0,0.0,0.16112515805281938,7,0.0,0.0
1-10 MeV,top,"[+0.50,+0.75)",reflected_to_outer_surface,7,20,0.35,0.18119182410108206,0.5671457233147638,7,0.2738129744434054,0.10349157658859072
1-10 MeV,top,"[+0.50,+0.75)",relief_or_edge_exit,2,20,0.1,0.027866481213768224,0.3010336452284873,7,0.14433756729740643,0.05455447255899809
1-10 MeV,top,"[+0.50,+0.75)",no_surviving_primary_exit,1,20,0.05,0.008881448800795402,0.23613119344674205,7,0.12598815766974242,0.04761904761904762
1-10 MeV,top,"[+0.75,+1.00]",transmitted_unchanged,2,5,0.4,0.11762077423264783,0.769275718723987,5,0.5477225575051662,0.24494897427831783
1-10 MeV,top,"[+0.75,+1.00]",transmitted_mild_loss,0,5,0.0,0.0,0.43448246478317476,5,0.0,0.0
1-10 MeV,top,"[+0.75,+1.00]",transmitted_moderated_10_90pct,2,5,0.4,0.11762077423264783,0.769275718723987,5,0.5477225575051662,0.24494897427831783
1-10 MeV,top,"[+0.75,+1.00]",transmitted_strong_moderation,0,5,0.0,0.0,0.43448246478317476,5,0.0,0.0
1-10 MeV,top,"[+0.75,+1.00]",transmitted_energy_gain,0,5,0.0,0.0,0.43448246478317476,5,0.0,0.0
1-10 MeV,top,"[+0.75,+1.00]",reflected_to_outer_surface,0,5,0.0,0.0,0.43448246478317476,5,0.0,0.0
1-10 MeV,top,"[+0.75,+1.00]",relief_or_edge_exit,0,5,0.0,0.0,0.43448246478317476,5,0.0,0.0
1-10 MeV,top,"[+0.75,+1.00]",no_surviving_primary_exit,1,5,0.2,0.03622410863243014,0.6244653702374747,5,0.44721359549995804,0.20000000000000004
10-20 MeV,bottom,"[-0.50,-0.25)",transmitted_unchanged,2,7,0.2857142857142857,0.08221892400405678,0.6410655481673808,5,0.29814239699997197,0.13333333333333333
10-20 MeV,bottom,"[-0.50,-0.25)",transmitted_mild_loss,2,7,0.2857142857142857,0.08221892400405678,0.6410655481673808,5,0.43461349368017665,0.19436506316151003
10-20 MeV,bottom,"[-0.50,-0.25)",transmitted_moderated_10_90pct,1,7,0.14285714285714285,0.02567962434474355,0.5131278292743189,5,0.44721359549995804,0.20000000000000004
10-20 MeV,bottom,"[-0.50,-0.25)",transmitted_strong_moderation,0,7,0.0,5.551115123125783e-17,0.35433043506668743,5,0.0,0.0
10-20 MeV,bottom,"[-0.50,-0.25)",transmitted_energy_gain,0,7,0.0,5.551115123125783e-17,0.35433043506668743,5,0.0,0.0
10-20 MeV,bottom,"[-0.50,-0.25)",reflected_to_outer_surface,2,7,0.2857142857142857,0.08221892400405678,0.6410655481673808,5,0.5477225575051662,0.24494897427831783
10-20 MeV,bottom,"[-0.50,-0.25)",relief_or_edge_exit,0,7,0.0,5.551115123125783e-17,0.35433043506668743,5,0.0,0.0
10-20 MeV,bottom,"[-0.50,-0.25)",no_surviving_primary_exit,0,7,0.0,5.551115123125783e-17,0.35433043506668743,5,0.0,0.0
10-20 MeV,bottom,"[-0.25,+0.00)",transmitted_unchanged,6,11,0.5454545454545454,0.280091537409322,0.7872872837754024,6,0.39086797998528583,0.15957118462605638
10-20 MeV,bottom,"[-0.25,+0.00)",transmitted_mild_loss,0,11,0.0,0.0,0.2588329669680317,6,0.0,0.0
10-20 MeV,bottom,"[-0.25,+0.00)",transmitted_moderated_10_90pct,1,11,0.09090909090909091,0.016232172885884855,0.37735843645159567,6,0.13608276348795434,0.05555555555555556
10-20 MeV,bottom,"[-0.25,+0.00)",transmitted_strong_moderation,0,11,0.0,0.0,0.2588329669680317,6,0.0,0.0
10-20 MeV,bottom,"[-0.25,+0.00)",transmitted_energy_gain,0,11,0.0,0.0,0.2588329669680317,6,0.0,0.0
10-20 MeV,bottom,"[-0.25,+0.00)",reflected_to_outer_surface,2,11,0.18181818181818182,0.05136768974608513,0.4769805619608442,6,0.17213259316477408,0.07027283689263066
10-20 MeV,bottom,"[-0.25,+0.00)",relief_or_edge_exit,1,11,0.09090909090909091,0.016232172885884855,0.37735843645159567,6,0.2041241452319315,0.08333333333333334
10-20 MeV,bottom,"[-0.25,+0.00)",no_surviving_primary_exit,1,11,0.09090909090909091,0.016232172885884855,0.37735843645159567,6,0.408248290463863,0.16666666666666669
10-20 MeV,bottom,"[+0.00,+0.25)",transmitted_unchanged,26,50,0.52,0.38511744890044614,0.6520286471342196,8,0.1685354414102205,0.05958627674571749
10-20 MeV,bottom,"[+0.00,+0.25)",transmitted_mild_loss,3,50,0.06,0.02061497034897397,0.16217091688838173,8,0.11785113019775792,0.041666666666666664
10-20 MeV,bottom,"[+0.00,+0.25)",transmitted_moderated_10_90pct,5,50,0.1,0.04347576493189041,0.21360231437479654,8,0.07445950367196137,0.02632540998511426
10-20 MeV,bottom,"[+0.00,+0.25)",transmitted_strong_moderation,4,50,0.08,0.03154951408859298,0.18838246918342838,8,0.19354668031334835,0.06842908506285673
10-20 MeV,bottom,"[+0.00,+0.25)",transmitted_energy_gain,0,50,0.0,6.938893903907228e-18,0.07134759913335872,8,0.0,0.0
10-20 MeV,bottom,"[+0.00,+0.25)",reflected_to_outer_surface,6,50,0.12,0.05617600150932274,0.23804817383202992,8,0.08506700040452309,0.030075726420618527
10-20 MeV,bottom,"[+0.00,+0.25)",relief_or_edge_exit,3,50,0.06,0.02061497034897397,0.16217091688838173,8,0.08533314732122584,0.030169823565414727
10-20 MeV,bottom,"[+0.00,+0.25)",no_surviving_primary_exit,3,50,0.06,0.02061497034897397,0.16217091688838173,8,0.0744023809142845,0.02630521404045756
10-20 MeV,bottom,"[+0.25,+0.50)",transmitted_unchanged,47,77,0.6103896103896104,0.4987106689367745,0.7115774709359347,8,0.10257857878771748,0.036267004332636785
10-20 MeV,bottom,"[+0.25,+0.50)",transmitted_mild_loss,2,77,0.025974025974025976,0.007152159807893181,0.08984582779753134,8,0.03560846537586737,0.0125894936674611
10-20 MeV,bottom,"[+0.25,+0.50)",transmitted_moderated_10_90pct,12,77,0.15584415584415584,0.09145872222481814,0.2529370769955585,8,0.1105841227682144,0.03909739155048504
10-20 MeV,bottom,"[+0.25,+0.50)",transmitted_strong_moderation,3,77,0.03896103896103896,0.013337950040590962,0.10839981872632877,8,0.06049073757366706,0.02138670536865793
10-20 MeV,bottom,"[+0.25,+0.50)",transmitted_energy_gain,0,77,0.0,0.0,0.04751842528243408,8,0.0,0.0
10-20 MeV,bottom,"[+0.25,+0.50)",reflected_to_outer_surface,9,77,0.11688311688311688,0.06272562005649385,0.2074508356793972,8,0.11630202473508204,0.041118975177951045
10-20 MeV,bottom,"[+0.25,+0.50)",relief_or_edge_exit,2,77,0.025974025974025976,0.007152159807893181,0.08984582779753134,8,0.057365637157889324,0.02028181552071526
10-20 MeV,bottom,"[+0.25,+0.50)",no_surviving_primary_exit,2,77,0.025974025974025976,0.007152159807893181,0.08984582779753134,8,0.061269827278693755,0.02166215517544643
10-20 MeV,bottom,"[+0.50,+0.75)",transmitted_unchanged,65,102,0.6372549019607843,0.5405417236816313,0.7240048945526728,8,0.08422195368013688,0.02977695728600204
10-20 MeV,bottom,"[+0.50,+0.75)",transmitted_mild_loss,9,102,0.08823529411764706,0.04711555975757313,0.1592445855395142,8,0.08542480849723057,0.030202230684976968
10-20 MeV,bottom,"[+0.50,+0.75)",transmitted_moderated_10_90pct,8,102,0.0784313725490196,0.040276685867459944,0.14718727241289134,8,0.05844138796838293,0.020662150867198737
10-20 MeV,bottom,"[+0.50,+0.75)",transmitted_strong_moderation,1,102,0.00980392156862745,0.0017327343974216647,0.053457914765777534,8,0.032141217326661246,0.01136363636363636
10-20 MeV,bottom,"[+0.50,+0.75)",transmitted_energy_gain,0,102,0.0,0.0,0.03629446214646319,8,0.0,0.0
10-20 MeV,bottom,"[+0.50,+0.75)",reflected_to_outer_surface,10,102,0.09803921568627451,0.05412802052496393,0.17112831178885937,8,0.09409591317748987,0.03326792914487185
10-20 MeV,bottom,"[+0.50,+0.75)",relief_or_edge_exit,4,102,0.0392156862745098,0.015354071528489173,0.09652513868491805,8,0.04202613325982774,0.014858481907536851
10-20 MeV,bottom,"[+0.50,+0.75)",no_surviving_primary_exit,5,102,0.049019607843137254,0.0211175965489143,0.10965780068122896,8,0.05773680620080712,0.02041304359432211
10-20 MeV,bottom,"[+0.75,+1.00]",transmitted_unchanged,102,160,0.6375,0.5605966911485732,0.7079556051792627,8,0.07085051089778245,0.025049438353176676
10-20 MeV,bottom,"[+0.75,+1.00]",transmitted_mild_loss,8,160,0.05,0.025550596478834536,0.09555097917552015,8,0.0563310582905373,0.019916036654326806
10-20 MeV,bottom,"[+0.75,+1.00]",transmitted_moderated_10_90pct,14,160,0.0875,0.05283679339459573,0.14150631762189603,8,0.07003089844185582,0.024759661590411337
10-20 MeV,bottom,"[+0.75,+1.00]",transmitted_strong_moderation,4,160,0.025,0.009763992546262524,0.06250989286666742,8,0.036873203535492734,0.013036646132009345
10-20 MeV,bottom,"[+0.75,+1.00]",transmitted_energy_gain,0,160,0.0,0.0,0.02344619517150519,8,0.0,0.0
10-20 MeV,bottom,"[+0.75,+1.00]",reflected_to_outer_surface,15,160,0.09375,0.05763800694554742,0.14891202663130057,8,0.027905497390935213,0.0098660832187569
10-20 MeV,bottom,"[+0.75,+1.00]",relief_or_edge_exit,8,160,0.05,0.025550596478834536,0.09555097917552015,8,0.0704060563382115,0.024892299936675726
10-20 MeV,bottom,"[+0.75,+1.00]",no_surviving_primary_exit,9,160,0.05625,0.029872301755764163,0.10343619645894672,8,0.06755173616961813,0.023883145363230773
10-20 MeV,side,"[-1.00,-0.75)",transmitted_unchanged,17,26,0.6538461538461539,0.46220571188810816,0.8058776967705947,8,0.32256413168177744,0.11404364243986764
10-20 MeV,side,"[-1.00,-0.75)",transmitted_mild_loss,3,26,0.11538461538461539,0.04003244623610615,0.2897590321171364,8,0.349943306065879,0.12372364237501125
10-20 MeV,side,"[-1.00,-0.75)",transmitted_moderated_10_90pct,2,26,0.07692307692307693,0.0213550884722762,0.2414155377162906,8,0.09258200997725516,0.03273268353539886
10-20 MeV,side,"[-1.00,-0.75)",transmitted_strong_moderation,1,26,0.038461538461538464,0.006821984993543487,0.18892778903034757,8,0.1178511301977579,0.04166666666666666
10-20 MeV,side,"[-1.00,-0.75)",transmitted_energy_gain,0,26,0.0,0.0,0.1287289218592153,8,0.0,0.0
10-20 MeV,side,"[-1.00,-0.75)",reflected_to_outer_surface,2,26,0.07692307692307693,0.0213550884722762,0.2414155377162906,8,0.14142135623730953,0.05
10-20 MeV,side,"[-1.00,-0.75)",relief_or_edge_exit,0,26,0.0,0.0,0.1287289218592153,8,0.0,0.0
10-20 MeV,side,"[-1.00,-0.75)",no_surviving_primary_exit,1,26,0.038461538461538464,0.006821984993543487,0.18892778903034757,8,0.1178511301977579,0.04166666666666666
10-20 MeV,side,"[-0.75,-0.50)",transmitted_unchanged,25,38,0.6578947368421053,0.4989210355178308,0.7878758482004058,8,0.21362365749922518,0.07552736841978729
10-20 MeV,side,"[-0.75,-0.50)",transmitted_mild_loss,1,38,0.02631578947368421,0.004660587685768783,0.1349487611595213,8,0.032141217326661246,0.01136363636363636
10-20 MeV,side,"[-0.75,-0.50)",transmitted_moderated_10_90pct,4,38,0.10526315789473684,0.04170257347553526,0.24130521722887316,8,0.1936125710391737,0.06845238095238095
10-20 MeV,side,"[-0.75,-0.50)",transmitted_strong_moderation,1,38,0.02631578947368421,0.004660587685768783,0.1349487611595213,8,0.05892556509887895,0.02083333333333333
10-20 MeV,side,"[-0.75,-0.50)",transmitted_energy_gain,0,38,0.0,0.0,0.09180986822558396,8,0.0,0.0
10-20 MeV,side,"[-0.75,-0.50)",reflected_to_outer_surface,2,38,0.05263157894736842,0.014554208147292413,0.17285462131770377,8,0.08963185560698472,0.03168964645501618
10-20 MeV,side,"[-0.75,-0.50)",relief_or_edge_exit,1,38,0.02631578947368421,0.004660587685768783,0.1349487611595213,8,0.08838834764831845,0.03125
10-20 MeV,side,"[-0.75,-0.50)",no_surviving_primary_exit,4,38,0.10526315789473684,0.04170257347553526,0.24130521722887316,8,0.12148780588707046,0.042952425687111245
10-20 MeV,side,"[-0.50,-0.25)",transmitted_unchanged,52,74,0.7027027027027027,0.5906708986801543,0.794727839402392,8,0.06949915997137408,0.024571663651263637
10-20 MeV,side,"[-0.50,-0.25)",transmitted_mild_loss,8,74,0.10810810810810811,0.055807328681514695,0.19908844435889603,8,0.054929112842907,0.01942037408789031
10-20 MeV,side,"[-0.50,-0.25)",transmitted_moderated_10_90pct,4,74,0.05405405405405406,0.02121901217287475,0.13090376404552365,8,0.053363700212117324,0.01886691714459708
10-20 MeV,side,"[-0.50,-0.25)",transmitted_strong_moderation,0,74,0.0,-3.469446951953614e-18,0.04934977939638607,8,0.0,0.0
10-20 MeV,side,"[-0.50,-0.25)",transmitted_energy_gain,0,74,0.0,-3.469446951953614e-18,0.04934977939638607,8,0.0,0.0
10-20 MeV,side,"[-0.50,-0.25)",reflected_to_outer_surface,3,74,0.04054054054054054,0.013882431221978866,0.11254709579091647,8,0.07579066415623122,0.026796046287751646
10-20 MeV,side,"[-0.50,-0.25)",relief_or_edge_exit,1,74,0.013513513513513514,0.002389463403456818,0.07265356519843233,8,0.027196414661021063,0.009615384615384616
10-20 MeV,side,"[-0.50,-0.25)",no_surviving_primary_exit,6,74,0.08108108108108109,0.03768985019382638,0.16581942443557818,8,0.0751939758438587,0.026585085111784965
10-20 MeV,side,"[-0.25,+0.00)",transmitted_unchanged,61,97,0.6288659793814433,0.5295376612248862,0.7183762453405912,8,0.15042721460406883,0.05318405176077056
10-20 MeV,side,"[-0.25,+0.00)",transmitted_mild_loss,3,97,0.030927835051546393,0.01057334494855243,0.08702003515310984,8,0.04096514254954378,0.01448336504452799
10-20 MeV,side,"[-0.25,+0.00)",transmitted_moderated_10_90pct,10,97,0.10309278350515463,0.056967493385810426,0.17945767439251917,8,0.07732072271604169,0.027337003679378902
10-20 MeV,side,"[-0.25,+0.00)",transmitted_strong_moderation,3,97,0.030927835051546393,0.01057334494855243,0.08702003515310984,8,0.05383493940182809,0.01903352535789975
10-20 MeV,side,"[-0.25,+0.00)",transmitted_energy_gain,0,97,0.0,0.0,0.03809404252594769,8,0.0,0.0
10-20 MeV,side,"[-0.25,+0.00)",reflected_to_outer_surface,9,97,0.09278350515463918,0.04958321848144811,0.1670088367716433,8,0.08224390502879843,0.02907761147856288
10-20 MeV,side,"[-0.25,+0.00)",relief_or_edge_exit,0,97,0.0,0.0,0.03809404252594769,8,0.0,0.0
10-20 MeV,side,"[-0.25,+0.00)",no_surviving_primary_exit,11,97,0.1134020618556701,0.06451358102935628,0.1917446992742115,8,0.10496456848046891,0.037110579078429656
10-20 MeV,side,"[+0.00,+0.25)",transmitted_unchanged,180,298,0.6040268456375839,0.5475149247524037,0.6578909205620084,8,0.0823823824733954,0.02912657064862083
10-20 MeV,side,"[+0.00,+0.25)",transmitted_mild_loss,27,298,0.09060402684563758,0.06301542906412286,0.1286131796985132,8,0.043650241135819584,0.015432690753783005
10-20 MeV,side,"[+0.00,+0.25)",transmitted_moderated_10_90pct,33,298,0.11073825503355705,0.07994578941326431,0.15143878941022576,8,0.05964233074228132,0.021086748256819006
10-20 MeV,side,"[+0.00,+0.25)",transmitted_strong_moderation,7,298,0.02348993288590604,0.011424124452767265,0.04768458410702228,8,0.02292737296229141,0.008106050448214679
10-20 MeV,side,"[+0.00,+0.25)",transmitted_energy_gain,0,298,0.0,8.673617379884035e-19,0.012726743488793251,8,0.0,0.0
10-20 MeV,side,"[+0.00,+0.25)",reflected_to_outer_surface,26,298,0.087248322147651,0.060235202985376164,0.12476741076711759,8,0.055108457404920784,0.019483781965874747
10-20 MeV,side,"[+0.00,+0.25)",relief_or_edge_exit,0,298,0.0,8.673617379884035e-19,0.012726743488793251,8,0.0,0.0
10-20 MeV,side,"[+0.00,+0.25)",no_surviving_primary_exit,25,298,0.08389261744966443,0.05746838312799452,0.1209082356143569,8,0.029297860683538613,0.010358357981794445
10-20 MeV,side,"[+0.25,+0.50)",transmitted_unchanged,185,305,0.6065573770491803,0.550733377626349,0.6597305939149116,8,0.07671783824281718,0.027123851829734334
10-20 MeV,side,"[+0.25,+0.50)",transmitted_mild_loss,26,305,0.08524590163934426,0.058836722914828415,0.12197274170149539,8,0.04537769526662474,0.016043438018823526
10-20 MeV,side,"[+0.25,+0.50)",transmitted_moderated_10_90pct,34,305,0.11147540983606558,0.08087708125446591,0.15173889943355284,8,0.0762932313474497,0.02697373062220788
10-20 MeV,side,"[+0.25,+0.50)",transmitted_strong_moderation,4,305,0.013114754098360656,0.00511157299767857,0.03322997242148418,8,0.021482260396412118,0.007595126000759109
10-20 MeV,side,"[+0.25,+0.50)",transmitted_energy_gain,0,305,0.0,0.0,0.01243828738331528,8,0.0,0.0
10-20 MeV,side,"[+0.25,+0.50)",reflected_to_outer_surface,26,305,0.08524590163934426,0.058836722914828415,0.12197274170149539,8,0.03700032941194938,0.013081591916662735
10-20 MeV,side,"[+0.25,+0.50)",relief_or_edge_exit,3,305,0.009836065573770493,0.003350679739583917,0.028515051170616965,8,0.01352659472185339,0.004782373427092347
10-20 MeV,side,"[+0.25,+0.50)",no_surviving_primary_exit,27,305,0.08852459016393442,0.06155191190523899,0.1257333672200467,8,0.04398573714451386,0.015551306505187379
10-20 MeV,side,"[+0.50,+0.75)",transmitted_unchanged,174,280,0.6214285714285714,0.563335195830723,0.676235162504267,8,0.08364279028122724,0.029572192102610015
10-20 MeV,side,"[+0.50,+0.75)",transmitted_mild_loss,19,280,0.06785714285714285,0.04386856123392936,0.10354281057390034,8,0.04338631494038518,0.01533937875252079
10-20 MeV,side,"[+0.50,+0.75)",transmitted_moderated_10_90pct,28,280,0.1,0.07009568556501064,0.14073136933149294,8,0.03809672619112673,0.01346922671537643
10-20 MeV,side,"[+0.50,+0.75)",transmitted_strong_moderation,6,280,0.02142857142857143,0.009857032458149666,0.04595390822159563,8,0.019020945128654904,0.006724919642524555
10-20 MeV,side,"[+0.50,+0.75)",transmitted_energy_gain,0,280,0.0,8.673617379884035e-19,0.013533818620629409,8,0.0,0.0
10-20 MeV,side,"[+0.50,+0.75)",reflected_to_outer_surface,27,280,0.09642857142857143,0.06711925421718709,0.13666161366946383,8,0.05090103980555451,0.017996235207976986
10-20 MeV,side,"[+0.50,+0.75)",relief_or_edge_exit,1,280,0.0035714285714285713,0.0006307232802881257,0.01994928235019393,8,0.008417937871268422,0.0029761904761904756
10-20 MeV,side,"[+0.50,+0.75)",no_surviving_primary_exit,25,280,0.08928571428571429,0.06120820712035157,0.12848028674659404,8,0.011506788490617323,0.004068264085697413
10-20 MeV,side,"[+0.75,+1.00]",transmitted_unchanged,164,275,0.5963636363636363,0.5374343551700977,0.6526378106554334,8,0.06078791731716844,0.021491774274588482
10-20 MeV,side,"[+0.75,+1.00]",transmitted_mild_loss,19,275,0.06909090909090909,0.044674255279665016,0.10538039942503513,8,0.047737639936892416,0.01687780445860919
10-20 MeV,side,"[+0.75,+1.00]",transmitted_moderated_10_90pct,36,275,0.13090909090909092,0.09607854369578239,0.17590919851963588,8,0.05160030964234119,0.018243464429712523
10-20 MeV,side,"[+0.75,+1.00]",transmitted_strong_moderation,7,275,0.025454545454545455,0.01238375143965446,0.0516004885515976,8,0.03164706611275585,0.011188927526494325
10-20 MeV,side,"[+0.75,+1.00]",transmitted_energy_gain,0,275,0.0,0.0,0.013776498075074023,8,0.0,0.0
10-20 MeV,side,"[+0.75,+1.00]",reflected_to_outer_surface,26,275,0.09454545454545454,0.06533809765931584,0.13492429896156236,8,0.04928447085283339,0.01742469177361462
10-20 MeV,side,"[+0.75,+1.00]",relief_or_edge_exit,4,275,0.014545454545454545,0.005670598306999109,0.03679603800589093,8,0.015250853546557345,0.005391990980826803
10-20 MeV,side,"[+0.75,+1.00]",no_surviving_primary_exit,19,275,0.06909090909090909,0.044674255279665016,0.10538039942503513,8,0.03934261356236753,0.013909714419775957
10-20 MeV,top,"[-1.00,-0.75)",transmitted_unchanged,13,18,0.7222222222222222,0.4912734343970254,0.8750024662044601,7,0.26972453123756235,0.1019462903068661
10-20 MeV,top,"[-1.00,-0.75)",transmitted_mild_loss,2,18,0.1111111111111111,0.03101952264561239,0.32799765130178804,7,0.20892772350933622,0.0789672569132238
10-20 MeV,top,"[-1.00,-0.75)",transmitted_moderated_10_90pct,0,18,0.0,0.0,0.17587922364665765,7,0.0,0.0
10-20 MeV,top,"[-1.00,-0.75)",transmitted_strong_moderation,0,18,0.0,0.0,0.17587922364665765,7,0.0,0.0
10-20 MeV,top,"[-1.00,-0.75)",transmitted_energy_gain,0,18,0.0,0.0,0.17587922364665765,7,0.0,0.0
10-20 MeV,top,"[-1.00,-0.75)",reflected_to_outer_surface,2,18,0.1111111111111111,0.03101952264561239,0.32799765130178804,7,0.16265001215808886,0.061475926130276456
10-20 MeV,top,"[-1.00,-0.75)",relief_or_edge_exit,0,18,0.0,0.0,0.17587922364665765,7,0.0,0.0
10-20 MeV,top,"[-1.00,-0.75)",no_surviving_primary_exit,1,18,0.05555555555555555,0.009875190978303097,0.25757300781872594,7,0.12598815766974242,0.04761904761904762
10-20 MeV,top,"[-0.75,-0.50)",transmitted_unchanged,10,21,0.47619047619047616,0.2834400610153417,0.6763046541715557,8,0.26662946169032004,0.09426775021267203
10-20 MeV,top,"[-0.75,-0.50)",transmitted_mild_loss,2,21,0.09523809523809523,0.02651876743807452,0.2891413907391826,8,0.18077215335491092,0.063912607743476
10-20 MeV,top,"[-0.75,-0.50)",transmitted_moderated_10_90pct,4,21,0.19047619047619047,0.07667565052761793,0.40000564690204926,8,0.2675209530437949,0.09458294000337766
10-20 MeV,top,"[-0.75,-0.50)",transmitted_strong_moderation,0,21,0.0,-1.3877787807814457e-17,0.154639018924847,8,0.0,0.0
10-20 MeV,top,"[-0.75,-0.50)",transmitted_energy_gain,0,21,0.0,-1.3877787807814457e-17,0.154639018924847,8,0.0,0.0
10-20 MeV,top,"[-0.75,-0.50)",reflected_to_outer_surface,1,21,0.047619047619047616,0.008455987809826399,0.22669360074122563,8,0.07071067811865477,0.025
10-20 MeV,top,"[-0.75,-0.50)",relief_or_edge_exit,3,21,0.14285714285714285,0.04981012499725268,0.34636060280620945,8,0.148804761828569,0.05261042808091512
10-20 MeV,top,"[-0.75,-0.50)",no_surviving_primary_exit,1,21,0.047619047619047616,0.008455987809826399,0.22669360074122563,8,0.1767766952966369,0.0625
10-20 MeV,top,"[-0.50,-0.25)",transmitted_unchanged,14,23,0.6086956521739131,0.4078552239138171,0.7784237720752205,6,0.20124564848842155,0.0821581919586896
10-20 MeV,top,"[-0.50,-0.25)",transmitted_mild_loss,1,23,0.043478260869565216,0.007716666143453149,0.20991155070258877,6,0.2041241452319315,0.08333333333333334
10-20 MeV,top,"[-0.50,-0.25)",transmitted_moderated_10_90pct,2,23,0.08695652173913043,0.024180004484220363,0.26795981075743663,6,0.10694426038797955,0.04365981147831488
10-20 MeV,top,"[-0.50,-0.25)",transmitted_strong_moderation,1,23,0.043478260869565216,0.007716666143453149,0.20991155070258877,6,0.06804138174397717,0.02777777777777778
10-20 MeV,top,"[-0.50,-0.25)",transmitted_energy_gain,0,23,0.0,0.0,0.14311661845042686,6,0.0,0.0
10-20 MeV,top,"[-0.50,-0.25)",reflected_to_outer_surface,2,23,0.08695652173913043,0.024180004484220363,0.26795981075743663,6,0.13691338827204966,0.055894656703679386
10-20 MeV,top,"[-0.50,-0.25)",relief_or_edge_exit,2,23,0.08695652173913043,0.024180004484220363,0.26795981075743663,6,0.08027258926025577,0.03277114733660727
10-20 MeV,top,"[-0.50,-0.25)",no_surviving_primary_exit,1,23,0.043478260869565216,0.007716666143453149,0.20991155070258877,6,0.05832118435198043,0.02380952380952381
10-20 MeV,top,"[-0.25,+0.00)",transmitted_unchanged,15,22,0.6818181818181818,0.47318597741042745,0.8363940681864375,7,0.23857774239068721,0.09017391067442726
10-20 MeV,top,"[-0.25,+0.00)",transmitted_mild_loss,0,22,0.0,0.0,0.14865487460862087,7,0.0,0.0
10-20 MeV,top,"[-0.25,+0.00)",transmitted_moderated_10_90pct,3,22,0.13636363636363635,0.04749003714055253,0.33334987166571717,7,0.18769224029008702,0.07094099868916398
10-20 MeV,top,"[-0.25,+0.00)",transmitted_strong_moderation,1,22,0.045454545454545456,0.00806942762126385,0.21798045838657332,7,0.05399492471560389,0.02040816326530612
10-20 MeV,top,"[-0.25,+0.00)",transmitted_energy_gain,0,22,0.0,0.0,0.14865487460862087,7,0.0,0.0
10-20 MeV,top,"[-0.25,+0.00)",reflected_to_outer_surface,2,22,0.09090909090909091,0.025295428990995267,0.27814946841605814,7,0.08525956481030367,0.03222508648252248
10-20 MeV,top,"[-0.25,+0.00)",relief_or_edge_exit,0,22,0.0,0.0,0.14865487460862087,7,0.0,0.0
10-20 MeV,top,"[-0.25,+0.00)",no_surviving_primary_exit,1,22,0.045454545454545456,0.00806942762126385,0.21798045838657332,7,0.07559289460184546,0.028571428571428574
10-20 MeV,top,"[+0.00,+0.25)",transmitted_unchanged,21,45,0.4666666666666667,0.32935132065011297,0.6092254525987463,8,0.09165990234782437,0.03240666925652168
10-20 MeV,top,"[+0.00,+0.25)",transmitted_mild_loss,2,45,0.044444444444444446,0.012274126706719846,0.14827510769435623,8,0.12400396819047414,0.0438420234007626
10-20 MeV,top,"[+0.00,+0.25)",transmitted_moderated_10_90pct,3,45,0.06666666666666667,0.022932032599250987,0.17856601963591895,8,0.10500850305706541,0.03712611229694963
10-20 MeV,top,"[+0.00,+0.25)",transmitted_strong_moderation,2,45,0.044444444444444446,0.012274126706719846,0.14827510769435623,8,0.09038607667745545,0.03195630387173799
10-20 MeV,top,"[+0.00,+0.25)",transmitted_energy_gain,0,45,0.0,0.0,0.07865159873288836,8,0.0,0.0
10-20 MeV,top,"[+0.00,+0.25)",reflected_to_outer_surface,7,45,0.15555555555555556,0.07745423484758268,0.2878390887239627,8,0.14404515936506834,0.05092765449206837
10-20 MeV,top,"[+0.00,+0.25)",relief_or_edge_exit,7,45,0.15555555555555556,0.07745423484758268,0.2878390887239627,8,0.11576501068290322,0.04092911203900699
10-20 MeV,top,"[+0.00,+0.25)",no_surviving_primary_exit,3,45,0.06666666666666667,0.022932032599250987,0.17856601963591895,8,0.1032939633141398,0.03651993095753136
10-20 MeV,top,"[+0.25,+0.50)",transmitted_unchanged,2,11,0.18181818181818182,0.05136768974608513,0.4769805619608442,7,0.39339789623472154,0.14869042853329517
10-20 MeV,top,"[+0.25,+0.50)",transmitted_mild_loss,1,11,0.09090909090909091,0.016232172885884855,0.37735843645159567,7,0.37796447300922725,0.14285714285714285
10-20 MeV,top,"[+0.25,+0.50)",transmitted_moderated_10_90pct,0,11,0.0,0.0,0.2588329669680317,7,0.0,0.0
10-20 MeV,top,"[+0.25,+0.50)",transmitted_strong_moderation,1,11,0.09090909090909091,0.016232172885884855,0.37735843645159567,7,0.37796447300922725,0.14285714285714285
10-20 MeV,top,"[+0.25,+0.50)",transmitted_energy_gain,0,11,0.0,0.0,0.2588329669680317,7,0.0,0.0
10-20 MeV,top,"[+0.25,+0.50)",reflected_to_outer_surface,4,11,0.36363636363636365,0.15166471095367573,0.6461988254921511,7,0.4714045207910317,0.1781741612749496
10-20 MeV,top,"[+0.25,+0.50)",relief_or_edge_exit,1,11,0.09090909090909091,0.016232172885884855,0.37735843645159567,7,0.18898223650461365,0.07142857142857144
10-20 MeV,top,"[+0.25,+0.50)",no_surviving_primary_exit,2,11,0.18181818181818182,0.05136768974608513,0.4769805619608442,7,0.2519763153394848,0.09523809523809522
10-20 MeV,top,"[+0.50,+0.75)",transmitted_unchanged,3,5,0.6,0.2307242812760128,0.882379225767352,3,0.5091750772173156,0.2939723678960657
10-20 MeV,top,"[+0.50,+0.75)",transmitted_mild_loss,0,5,0.0,0.0,0.43448246478317476,3,0.0,0.0
10-20 MeV,top,"[+0.50,+0.75)",transmitted_moderated_10_90pct,0,5,0.0,0.0,0.43448246478317476,3,0.0,0.0
10-20 MeV,top,"[+0.50,+0.75)",transmitted_strong_moderation,0,5,0.0,0.0,0.43448246478317476,3,0.0,0.0
10-20 MeV,top,"[+0.50,+0.75)",transmitted_energy_gain,0,5,0.0,0.0,0.43448246478317476,3,0.0,0.0
10-20 MeV,top,"[+0.50,+0.75)",reflected_to_outer_surface,1,5,0.2,0.03622410863243014,0.6244653702374747,3,0.19245008972987526,0.11111111111111112
10-20 MeV,top,"[+0.50,+0.75)",relief_or_edge_exit,0,5,0.0,0.0,0.43448246478317476,3,0.0,0.0
10-20 MeV,top,"[+0.50,+0.75)",no_surviving_primary_exit,1,5,0.2,0.03622410863243014,0.6244653702374747,3,0.5773502691896258,0.33333333333333337
10-20 MeV,top,"[+0.75,+1.00]",transmitted_unchanged,0,1,0.0,0.0,0.7934506856227626,1,,
10-20 MeV,top,"[+0.75,+1.00]",transmitted_mild_loss,0,1,0.0,0.0,0.7934506856227626,1,,
10-20 MeV,top,"[+0.75,+1.00]",transmitted_moderated_10_90pct,0,1,0.0,0.0,0.7934506856227626,1,,
10-20 MeV,top,"[+0.75,+1.00]",transmitted_strong_moderation,1,1,1.0,0.20654931437723745,1.0,1,,
10-20 MeV,top,"[+0.75,+1.00]",transmitted_energy_gain,0,1,0.0,0.0,0.7934506856227626,1,,
10-20 MeV,top,"[+0.75,+1.00]",reflected_to_outer_surface,0,1,0.0,0.0,0.7934506856227626,1,,
10-20 MeV,top,"[+0.75,+1.00]",relief_or_edge_exit,0,1,0.0,0.0,0.7934506856227626,1,,
10-20 MeV,top,"[+0.75,+1.00]",no_surviving_primary_exit,0,1,0.0,0.0,0.7934506856227626,1,,
20-39 MeV,bottom,"[-0.75,-0.50)",transmitted_unchanged,0,1,0.0,0.0,0.7934506856227626,1,,
20-39 MeV,bottom,"[-0.75,-0.50)",transmitted_mild_loss,0,1,0.0,0.0,0.7934506856227626,1,,
20-39 MeV,bottom,"[-0.75,-0.50)",transmitted_moderated_10_90pct,0,1,0.0,0.0,0.7934506856227626,1,,
20-39 MeV,bottom,"[-0.75,-0.50)",transmitted_strong_moderation,0,1,0.0,0.0,0.7934506856227626,1,,
20-39 MeV,bottom,"[-0.75,-0.50)",transmitted_energy_gain,0,1,0.0,0.0,0.7934506856227626,1,,
20-39 MeV,bottom,"[-0.75,-0.50)",reflected_to_outer_surface,0,1,0.0,0.0,0.7934506856227626,1,,
20-39 MeV,bottom,"[-0.75,-0.50)",relief_or_edge_exit,0,1,0.0,0.0,0.7934506856227626,1,,
20-39 MeV,bottom,"[-0.75,-0.50)",no_surviving_primary_exit,1,1,1.0,0.20654931437723745,1.0,1,,
20-39 MeV,bottom,"[-0.50,-0.25)",transmitted_unchanged,0,3,0.0,5.551115123125783e-17,0.5614970317550454,3,0.0,0.0
20-39 MeV,bottom,"[-0.50,-0.25)",transmitted_mild_loss,3,3,1.0,0.4385029682449546,1.0,3,0.0,0.0
20-39 MeV,bottom,"[-0.50,-0.25)",transmitted_moderated_10_90pct,0,3,0.0,5.551115123125783e-17,0.5614970317550454,3,0.0,0.0
20-39 MeV,bottom,"[-0.50,-0.25)",transmitted_strong_moderation,0,3,0.0,5.551115123125783e-17,0.5614970317550454,3,0.0,0.0
20-39 MeV,bottom,"[-0.50,-0.25)",transmitted_energy_gain,0,3,0.0,5.551115123125783e-17,0.5614970317550454,3,0.0,0.0
20-39 MeV,bottom,"[-0.50,-0.25)",reflected_to_outer_surface,0,3,0.0,5.551115123125783e-17,0.5614970317550454,3,0.0,0.0
20-39 MeV,bottom,"[-0.50,-0.25)",relief_or_edge_exit,0,3,0.0,5.551115123125783e-17,0.5614970317550454,3,0.0,0.0
20-39 MeV,bottom,"[-0.50,-0.25)",no_surviving_primary_exit,0,3,0.0,5.551115123125783e-17,0.5614970317550454,3,0.0,0.0
20-39 MeV,bottom,"[-0.25,+0.00)",transmitted_unchanged,13,21,0.6190476190476191,0.4087865377511576,0.7924898863143551,7,0.0786795792469443,0.02973808570665903
20-39 MeV,bottom,"[-0.25,+0.00)",transmitted_mild_loss,1,21,0.047619047619047616,0.008455987809826399,0.22669360074122563,7,0.12598815766974242,0.04761904761904762
20-39 MeV,bottom,"[-0.25,+0.00)",transmitted_moderated_10_90pct,0,21,0.0,-1.3877787807814457e-17,0.154639018924847,7,0.0,0.0
20-39 MeV,bottom,"[-0.25,+0.00)",transmitted_strong_moderation,0,21,0.0,-1.3877787807814457e-17,0.154639018924847,7,0.0,0.0
20-39 MeV,bottom,"[-0.25,+0.00)",transmitted_energy_gain,0,21,0.0,-1.3877787807814457e-17,0.154639018924847,7,0.0,0.0
20-39 MeV,bottom,"[-0.25,+0.00)",reflected_to_outer_surface,3,21,0.14285714285714285,0.04981012499725268,0.34636060280620945,7,0.22146697055682832,0.08370664681546165
20-39 MeV,bottom,"[-0.25,+0.00)",relief_or_edge_exit,3,21,0.14285714285714285,0.04981012499725268,0.34636060280620945,7,0.21516574145596762,0.08132500607904443
20-39 MeV,bottom,"[-0.25,+0.00)",no_surviving_primary_exit,1,21,0.047619047619047616,0.008455987809826399,0.22669360074122563,7,0.1259881576697424,0.04761904761904761
20-39 MeV,bottom,"[+0.00,+0.25)",transmitted_unchanged,43,71,0.6056338028169014,0.48935768499400845,0.711065987077071,8,0.11278111084976025,0.03987414413580859
20-39 MeV,bottom,"[+0.00,+0.25)",transmitted_mild_loss,9,71,0.1267605633802817,0.06814527589564845,0.22369108278653732,8,0.10472880590508327,0.037027224420527055
20-39 MeV,bottom,"[+0.00,+0.25)",transmitted_moderated_10_90pct,3,71,0.04225352112676056,0.014473260620475319,0.11702416040484681,8,0.07770541102901214,0.02747301153675121
20-39 MeV,bottom,"[+0.00,+0.25)",transmitted_strong_moderation,2,71,0.028169014084507043,0.007759263582683522,0.0970150011664947,8,0.0494889557985592,0.01749698811950126
20-39 MeV,bottom,"[+0.00,+0.25)",transmitted_energy_gain,0,71,0.0,0.0,0.05132795219689034,8,0.0,0.0
20-39 MeV,bottom,"[+0.00,+0.25)",reflected_to_outer_surface,6,71,0.08450704225352113,0.03930650771071112,0.1723603821430428,8,0.10329192224407988,0.036519209330291236
20-39 MeV,bottom,"[+0.00,+0.25)",relief_or_edge_exit,3,71,0.04225352112676056,0.014473260620475319,0.11702416040484681,8,0.07423552181006543,0.026246220438409556
20-39 MeV,bottom,"[+0.00,+0.25)",no_surviving_primary_exit,5,71,0.07042253521126761,0.030453602439710924,0.15449013113789908,8,0.11657628301633553,0.0412159401231865
20-39 MeV,bottom,"[+0.25,+0.50)",transmitted_unchanged,49,83,0.5903614457831325,0.48285768523824363,0.6898708732601949,8,0.1683689639017707,0.05952741805814754
20-39 MeV,bottom,"[+0.25,+0.50)",transmitted_mild_loss,10,83,0.12048192771084337,0.066776902980842,0.2077631513257165,8,0.05707437578600027,0.020178839075135038
20-39 MeV,bottom,"[+0.25,+0.50)",transmitted_moderated_10_90pct,5,83,0.060240963855421686,0.026003401041882007,0.13338428093238414,8,0.06708524407550197,0.02371821550167105
20-39 MeV,bottom,"[+0.25,+0.50)",transmitted_strong_moderation,1,83,0.012048192771084338,0.0021299774281082692,0.06513580668032404,8,0.032141217326661246,0.01136363636363636
20-39 MeV,bottom,"[+0.25,+0.50)",transmitted_energy_gain,0,83,0.0,3.469446951953614e-18,0.04423530964197385,8,0.0,0.0
20-39 MeV,bottom,"[+0.25,+0.50)",reflected_to_outer_surface,9,83,0.10843373493975904,0.058104915192981194,0.19340466464711883,8,0.08715043772680889,0.030812332750001243
20-39 MeV,bottom,"[+0.25,+0.50)",relief_or_edge_exit,5,83,0.060240963855421686,0.026003401041882007,0.13338428093238414,8,0.05142450475856726,0.018181308016971393
20-39 MeV,bottom,"[+0.25,+0.50)",no_surviving_primary_exit,4,83,0.04819277108433735,0.01889861550329229,0.1174585920045154,8,0.0721462376088739,0.02550754692516533
20-39 MeV,bottom,"[+0.50,+0.75)",transmitted_unchanged,89,119,0.7478991596638656,0.6629702080798199,0.8173236647414035,8,0.14647377045122847,0.0517862981760127
20-39 MeV,bottom,"[+0.50,+0.75)",transmitted_mild_loss,9,119,0.07563025210084033,0.04029724166083566,0.13750477266215505,8,0.05832270311304766,0.02062018943418288
20-39 MeV,bottom,"[+0.50,+0.75)",transmitted_moderated_10_90pct,5,119,0.04201680672268908,0.018078474459665816,0.09459894693841324,8,0.05650844507752239,0.01997875235431183
20-39 MeV,bottom,"[+0.50,+0.75)",transmitted_strong_moderation,0,119,0.0,0.0,0.031271680241939506,8,0.0,0.0
20-39 MeV,bottom,"[+0.50,+0.75)",transmitted_energy_gain,0,119,0.0,0.0,0.031271680241939506,8,0.0,0.0
20-39 MeV,bottom,"[+0.50,+0.75)",reflected_to_outer_surface,5,119,0.04201680672268908,0.018078474459665816,0.09459894693841324,8,0.06651769068904283,0.023517555077545726
20-39 MeV,bottom,"[+0.50,+0.75)",relief_or_edge_exit,6,119,0.05042016806722689,0.023310322236378966,0.105648247392928,8,0.033928408267820884,0.011995503780520935
20-39 MeV,bottom,"[+0.50,+0.75)",no_surviving_primary_exit,5,119,0.04201680672268908,0.018078474459665816,0.09459894693841324,8,0.05115131859592307,0.018084722122905374
20-39 MeV,bottom,"[+0.75,+1.00]",transmitted_unchanged,112,160,0.7,0.6249851614393749,0.7656363604920229,8,0.13047303177230538,0.046129182764082496
20-39 MeV,bottom,"[+0.75,+1.00]",transmitted_mild_loss,15,160,0.09375,0.05763800694554742,0.14891202663130057,8,0.07505693168706125,0.02653663268548823
20-39 MeV,bottom,"[+0.75,+1.00]",transmitted_moderated_10_90pct,3,160,0.01875,0.00639685075325945,0.0536701120993143,8,0.0245747563730274,0.008688488438687499
20-39 MeV,bottom,"[+0.75,+1.00]",transmitted_strong_moderation,2,160,0.0125,0.0034346711081265323,0.044425369184091026,8,0.02969569354582493,0.010499013139145199
20-39 MeV,bottom,"[+0.75,+1.00]",transmitted_energy_gain,0,160,0.0,0.0,0.02344619517150519,8,0.0,0.0
20-39 MeV,bottom,"[+0.75,+1.00]",reflected_to_outer_surface,9,160,0.05625,0.029872301755764163,0.10343619645894672,8,0.054664993078903094,0.01932699364980403
20-39 MeV,bottom,"[+0.75,+1.00]",relief_or_edge_exit,8,160,0.05,0.025550596478834536,0.09555097917552015,8,0.040393024232950964,0.014281090673876083
20-39 MeV,bottom,"[+0.75,+1.00]",no_surviving_primary_exit,11,160,0.06875,0.03881942091091279,0.11890292242451045,8,0.027937876557760446,0.009877530982972544
20-39 MeV,side,"[-1.00,-0.75)",transmitted_unchanged,11,21,0.5238095238095238,0.3236953458284443,0.7165599389846583,7,0.39334745737353155,0.1486713644357063
20-39 MeV,side,"[-1.00,-0.75)",transmitted_mild_loss,3,21,0.14285714285714285,0.04981012499725268,0.34636060280620945,7,0.19669894811736077,0.07434521426664759
20-39 MeV,side,"[-1.00,-0.75)",transmitted_moderated_10_90pct,1,21,0.047619047619047616,0.008455987809826399,0.22669360074122563,7,0.18898223650461365,0.07142857142857144
20-39 MeV,side,"[-1.00,-0.75)",transmitted_strong_moderation,0,21,0.0,-1.3877787807814457e-17,0.154639018924847,7,0.0,0.0
20-39 MeV,side,"[-1.00,-0.75)",transmitted_energy_gain,0,21,0.0,-1.3877787807814457e-17,0.154639018924847,7,0.0,0.0
20-39 MeV,side,"[-1.00,-0.75)",reflected_to_outer_surface,2,21,0.09523809523809523,0.02651876743807452,0.2891413907391826,7,0.3740066207715478,0.14136121532187995
20-39 MeV,side,"[-1.00,-0.75)",relief_or_edge_exit,0,21,0.0,-1.3877787807814457e-17,0.154639018924847,7,0.0,0.0
20-39 MeV,side,"[-1.00,-0.75)",no_surviving_primary_exit,4,21,0.19047619047619047,0.07667565052761793,0.40000564690204926,7,0.24792792091302257,0.09370794597216393
20-39 MeV,side,"[-0.75,-0.50)",transmitted_unchanged,24,36,0.6666666666666666,0.5033399787115652,0.7978538117569468,8,0.25099010288461926,0.08873840188021176
20-39 MeV,side,"[-0.75,-0.50)",transmitted_mild_loss,4,36,0.1111111111111111,0.04406640300315648,0.25314808590364857,8,0.25197631533948484,0.0890870806374748
20-39 MeV,side,"[-0.75,-0.50)",transmitted_moderated_10_90pct,2,36,0.05555555555555555,0.015369986664161853,0.18144657208647252,8,0.12400396819047416,0.043842023400762604
20-39 MeV,side,"[-0.75,-0.50)",transmitted_strong_moderation,0,36,0.0,0.0,0.09641862859446367,8,0.0,0.0
20-39 MeV,side,"[-0.75,-0.50)",transmitted_energy_gain,0,36,0.0,0.0,0.09641862859446367,8,0.0,0.0
20-39 MeV,side,"[-0.75,-0.50)",reflected_to_outer_surface,4,36,0.1111111111111111,0.04406640300315648,0.25314808590364857,8,0.10180137724099446,0.035992222090618524
20-39 MeV,side,"[-0.75,-0.50)",relief_or_edge_exit,0,36,0.0,0.0,0.09641862859446367,8,0.0,0.0
20-39 MeV,side,"[-0.75,-0.50)",no_surviving_primary_exit,2,36,0.05555555555555555,0.015369986664161853,0.18144657208647252,8,0.0989779115971184,0.03499397623900252
20-39 MeV,side,"[-0.50,-0.25)",transmitted_unchanged,53,77,0.6883116883116883,0.5779996467585954,0.7807271800830852,8,0.15243190977745136,0.05389281853642592
20-39 MeV,side,"[-0.50,-0.25)",transmitted_mild_loss,5,77,0.06493506493506493,0.028053080447716178,0.14316425064219399,8,0.09736384243162935,0.03442331661289181
20-39 MeV,side,"[-0.50,-0.25)",transmitted_moderated_10_90pct,2,77,0.025974025974025976,0.007152159807893181,0.08984582779753134,8,0.03198816391082,0.011309523809523808
20-39 MeV,side,"[-0.50,-0.25)",transmitted_strong_moderation,0,77,0.0,0.0,0.04751842528243408,8,0.0,0.0
20-39 MeV,side,"[-0.50,-0.25)",transmitted_energy_gain,0,77,0.0,0.0,0.04751842528243408,8,0.0,0.0
20-39 MeV,side,"[-0.50,-0.25)",reflected_to_outer_surface,10,77,0.12987012987012986,0.07209829006235102,0.2228179468350352,8,0.07264920357353108,0.025685372247322893
20-39 MeV,side,"[-0.50,-0.25)",relief_or_edge_exit,1,77,0.012987012987012988,0.0022962172971240508,0.06996198914680525,8,0.023570226039551584,0.008333333333333333
20-39 MeV,side,"[-0.50,-0.25)",no_surviving_primary_exit,6,77,0.07792207792207792,0.03620095505416612,0.15975615719723926,8,0.18898973565092336,0.06681796182671046
20-39 MeV,side,"[-0.25,+0.00)",transmitted_unchanged,91,123,0.7398373983739838,0.6558792378197373,0.8092683609902362,8,0.05660420199481793,0.020012607537094426
20-39 MeV,side,"[-0.25,+0.00)",transmitted_mild_loss,12,123,0.0975609756097561,0.05669274288753686,0.16280535402454158,8,0.07052533106711485,0.0249344699214916
20-39 MeV,side,"[-0.25,+0.00)",transmitted_moderated_10_90pct,3,123,0.024390243902439025,0.008329064364133588,0.06925959562286821,8,0.0435605126986114,0.015400966960575416
20-39 MeV,side,"[-0.25,+0.00)",transmitted_strong_moderation,2,123,0.016260162601626018,0.004470508507497795,0.0573504362656066,8,0.03752719631146995,0.013267867495379598
20-39 MeV,side,"[-0.25,+0.00)",transmitted_energy_gain,0,123,0.0,0.0,0.030285514345309572,8,0.0,0.0
20-39 MeV,side,"[-0.25,+0.00)",reflected_to_outer_surface,10,123,0.08130081300813008,0.044758872239892986,0.14320379424439061,8,0.05164006078507287,0.018257518581005265
20-39 MeV,side,"[-0.25,+0.00)",relief_or_edge_exit,0,123,0.0,0.0,0.030285514345309572,8,0.0,0.0
20-39 MeV,side,"[-0.25,+0.00)",no_surviving_primary_exit,5,123,0.04065040650406504,0.01748635648148216,0.09163773393331442,8,0.03299185620953487,0.011664382624846805
20-39 MeV,side,"[+0.00,+0.25)",transmitted_unchanged,227,318,0.7138364779874213,0.6618402206093915,0.7607280852214896,8,0.059645299262602196,0.021087797787243494
20-39 MeV,side,"[+0.00,+0.25)",transmitted_mild_loss,23,318,0.07232704402515723,0.04867573966417803,0.10618764867405979,8,0.03685771150292689,0.01303116887136851
20-39 MeV,side,"[+0.00,+0.25)",transmitted_moderated_10_90pct,18,318,0.05660377358490566,0.03610110024598866,0.08769108913409614,8,0.03687615478967097,0.013037689557930563
20-39 MeV,side,"[+0.00,+0.25)",transmitted_strong_moderation,8,318,0.025157232704402517,0.012801525048085086,0.04884826641569366,8,0.028919395591355913,0.010224550365232055
20-39 MeV,side,"[+0.00,+0.25)",transmitted_energy_gain,0,318,0.0,0.0,0.011935873130733904,8,0.0,0.0
20-39 MeV,side,"[+0.00,+0.25)",reflected_to_outer_surface,19,318,0.059748427672955975,0.03858063205623119,0.09142579711548421,8,0.04380244613577474,0.0154865033475824
20-39 MeV,side,"[+0.00,+0.25)",relief_or_edge_exit,5,318,0.015723270440251572,0.006734256090643154,0.03627281599824378,8,0.0176536407658435,0.0062415045490796075
20-39 MeV,side,"[+0.00,+0.25)",no_surviving_primary_exit,18,318,0.05660377358490566,0.03610110024598866,0.08769108913409614,8,0.030460023586509958,0.010769244616561686
20-39 MeV,side,"[+0.25,+0.50)",transmitted_unchanged,210,312,0.6730769230769231,0.6191959249395436,0.7227477844241867,8,0.06769869988808927,0.023935104884190442
20-39 MeV,side,"[+0.25,+0.50)",transmitted_mild_loss,24,312,0.07692307692307693,0.05223431851380824,0.11190328081929565,8,0.030580848139958063,0.010811962547100182
20-39 MeV,side,"[+0.25,+0.50)",transmitted_moderated_10_90pct,20,312,0.0641025641025641,0.04187632995448541,0.09693210572204587,8,0.02715772352283716,0.009601705232293785
20-39 MeV,side,"[+0.25,+0.50)",transmitted_strong_moderation,2,312,0.00641025641025641,0.0017596873306146947,0.023067511891339848,8,0.012377231771963065,0.004376012259136335
20-39 MeV,side,"[+0.25,+0.50)",transmitted_energy_gain,0,312,0.0,-8.673617379884035e-19,0.012162617393668241,8,0.0,0.0
20-39 MeV,side,"[+0.25,+0.50)",reflected_to_outer_surface,29,312,0.09294871794871795,0.06549687727224843,0.13030217663157123,8,0.03579161630399982,0.012654247299092631
20-39 MeV,side,"[+0.25,+0.50)",relief_or_edge_exit,0,312,0.0,-8.673617379884035e-19,0.012162617393668241,8,0.0,0.0
20-39 MeV,side,"[+0.25,+0.50)",no_surviving_primary_exit,27,312,0.08653846153846154,0.0601548486671279,0.12297962340840546,8,0.04769384560809303,0.01686232082517341
20-39 MeV,side,"[+0.50,+0.75)",transmitted_unchanged,181,282,0.6418439716312057,0.584322755173966,0.6955526706304596,8,0.10656449711932363,0.03767623927340402
20-39 MeV,side,"[+0.50,+0.75)",transmitted_mild_loss,22,282,0.07801418439716312,0.052081340300998126,0.11528926793083524,8,0.038661569919141166,0.01366892913057128
20-39 MeV,side,"[+0.50,+0.75)",transmitted_moderated_10_90pct,7,282,0.024822695035460994,0.012075049599934839,0.05034227395523887,8,0.030018626950102205,0.010613187339163258
20-39 MeV,side,"[+0.50,+0.75)",transmitted_strong_moderation,6,282,0.02127659574468085,0.009786867914909327,0.04563356999515373,8,0.019950962320191834,0.00705373037390247
20-39 MeV,side,"[+0.50,+0.75)",transmitted_energy_gain,0,282,0.0,0.0,0.013439124039399194,8,0.0,0.0
20-39 MeV,side,"[+0.50,+0.75)",reflected_to_outer_surface,39,282,0.13829787234042554,0.10284518115635014,0.18347248304236416,8,0.0517098517251944,0.018282193404517925
20-39 MeV,side,"[+0.50,+0.75)",relief_or_edge_exit,5,282,0.01773049645390071,0.007596588405830239,0.04082696385912218,8,0.025401572132056027,0.008980811953688021
20-39 MeV,side,"[+0.50,+0.75)",no_surviving_primary_exit,22,282,0.07801418439716312,0.052081340300998126,0.11528926793083524,8,0.0487712131592946,0.017243227775815894
20-39 MeV,side,"[+0.75,+1.00]",transmitted_unchanged,187,274,0.6824817518248175,0.625163824384957,0.7347536638993791,8,0.06846538461699898,0.024206168869612556
20-39 MeV,side,"[+0.75,+1.00]",transmitted_mild_loss,20,274,0.072992700729927,0.047745392371507725,0.11004768504314606,8,0.02672134730840921,0.009447422942108525
20-39 MeV,side,"[+0.75,+1.00]",transmitted_moderated_10_90pct,10,274,0.0364963503649635,0.019942788244416674,0.0658667915133699,8,0.03149585942028947,0.011135467887692443
20-39 MeV,side,"[+0.75,+1.00]",transmitted_strong_moderation,5,274,0.01824817518248175,0.007819088059057955,0.041998742870295015,8,0.03940673626776055,0.01393238521968167
20-39 MeV,side,"[+0.75,+1.00]",transmitted_energy_gain,0,274,0.0,8.673617379884035e-19,0.01382608210091937,8,0.0,0.0
20-39 MeV,side,"[+0.75,+1.00]",reflected_to_outer_surface,33,274,0.12043795620437957,0.087057149557484,0.16431447481109712,8,0.025758683403463333,0.00910706985451315
20-39 MeV,side,"[+0.75,+1.00]",relief_or_edge_exit,1,274,0.0036496350364963502,0.00064454097546786,0.02037989089113823,8,0.010101525445522107,0.003571428571428571
20-39 MeV,side,"[+0.75,+1.00]",no_surviving_primary_exit,18,274,0.06569343065693431,0.04195475812200147,0.10144161976127888,8,0.014399147182433627,0.0050908673080009926
20-39 MeV,top,"[-1.00,-0.75)",transmitted_unchanged,11,13,0.8461538461538461,0.5776536898051745,0.9567418216419186,7,0.24397501823713333,0.09221388919541469
20-39 MeV,top,"[-1.00,-0.75)",transmitted_mild_loss,0,13,0.0,0.0,0.22809537235419838,7,0.0,0.0
20-39 MeV,top,"[-1.00,-0.75)",transmitted_moderated_10_90pct,1,13,0.07692307692307693,0.013710421242556586,0.3331395092109959,7,0.18898223650461365,0.07142857142857144
20-39 MeV,top,"[-1.00,-0.75)",transmitted_strong_moderation,0,13,0.0,0.0,0.22809537235419838,7,0.0,0.0
20-39 MeV,top,"[-1.00,-0.75)",transmitted_energy_gain,0,13,0.0,0.0,0.22809537235419838,7,0.0,0.0
20-39 MeV,top,"[-1.00,-0.75)",reflected_to_outer_surface,1,13,0.07692307692307693,0.013710421242556586,0.3331395092109959,7,0.18898223650461363,0.07142857142857142
20-39 MeV,top,"[-1.00,-0.75)",relief_or_edge_exit,0,13,0.0,0.0,0.22809537235419838,7,0.0,0.0
20-39 MeV,top,"[-1.00,-0.75)",no_surviving_primary_exit,0,13,0.0,0.0,0.22809537235419838,7,0.0,0.0
20-39 MeV,top,"[-0.75,-0.50)",transmitted_unchanged,6,11,0.5454545454545454,0.280091537409322,0.7872872837754024,6,0.408248290463863,0.16666666666666669
20-39 MeV,top,"[-0.75,-0.50)",transmitted_mild_loss,1,11,0.09090909090909091,0.016232172885884855,0.37735843645159567,6,0.2041241452319315,0.08333333333333334
20-39 MeV,top,"[-0.75,-0.50)",transmitted_moderated_10_90pct,1,11,0.09090909090909091,0.016232172885884855,0.37735843645159567,6,0.2041241452319315,0.08333333333333334
20-39 MeV,top,"[-0.75,-0.50)",transmitted_strong_moderation,0,11,0.0,0.0,0.2588329669680317,6,0.0,0.0
20-39 MeV,top,"[-0.75,-0.50)",transmitted_energy_gain,0,11,0.0,0.0,0.2588329669680317,6,0.0,0.0
20-39 MeV,top,"[-0.75,-0.50)",reflected_to_outer_surface,0,11,0.0,0.0,0.2588329669680317,6,0.0,0.0
20-39 MeV,top,"[-0.75,-0.50)",relief_or_edge_exit,2,11,0.18181818181818182,0.05136768974608513,0.4769805619608442,6,0.2721655269759087,0.11111111111111112
20-39 MeV,top,"[-0.75,-0.50)",no_surviving_primary_exit,1,11,0.09090909090909091,0.016232172885884855,0.37735843645159567,6,0.13608276348795434,0.05555555555555556
20-39 MeV,top,"[-0.50,-0.25)",transmitted_unchanged,10,16,0.625,0.38641040545502714,0.8151876744113636,8,0.42666573660612916,0.15084911782707364
20-39 MeV,top,"[-0.50,-0.25)",transmitted_mild_loss,2,16,0.125,0.03497748774324047,0.36022827265758695,8,0.35634832254989923,0.12598815766974242
20-39 MeV,top,"[-0.50,-0.25)",transmitted_moderated_10_90pct,2,16,0.125,0.03497748774324047,0.36022827265758695,8,0.1979558231942368,0.06998795247800504
20-39 MeV,top,"[-0.50,-0.25)",transmitted_strong_moderation,0,16,0.0,0.0,0.1936076805344365,8,0.0,0.0
20-39 MeV,top,"[-0.50,-0.25)",transmitted_energy_gain,0,16,0.0,0.0,0.1936076805344365,8,0.0,0.0
20-39 MeV,top,"[-0.50,-0.25)",reflected_to_outer_surface,1,16,0.0625,0.01111934476464252,0.28328737570298945,8,0.3535533905932738,0.125
20-39 MeV,top,"[-0.50,-0.25)",relief_or_edge_exit,0,16,0.0,0.0,0.1936076805344365,8,0.0,0.0
20-39 MeV,top,"[-0.50,-0.25)",no_surviving_primary_exit,1,16,0.0625,0.01111934476464252,0.28328737570298945,8,0.1178511301977579,0.04166666666666666
20-39 MeV,top,"[-0.25,+0.00)",transmitted_unchanged,12,19,0.631578947368421,0.41039533164803066,0.8085048725486492,8,0.2507132682112035,0.08864052604279182
20-39 MeV,top,"[-0.25,+0.00)",transmitted_mild_loss,0,19,0.0,0.0,0.16817922405261626,8,0.0,0.0
20-39 MeV,top,"[-0.25,+0.00)",transmitted_moderated_10_90pct,1,19,0.05263157894736842,0.009351994062300362,0.24638731166898786,8,0.07071067811865477,0.025
20-39 MeV,top,"[-0.25,+0.00)",transmitted_strong_moderation,0,19,0.0,0.0,0.16817922405261626,8,0.0,0.0
20-39 MeV,top,"[-0.25,+0.00)",transmitted_energy_gain,0,19,0.0,0.0,0.16817922405261626,8,0.0,0.0
20-39 MeV,top,"[-0.25,+0.00)",reflected_to_outer_surface,5,19,0.2631578947368421,0.11806412346782508,0.487915508978151,8,0.23771398046378447,0.08404458378439424
20-39 MeV,top,"[-0.25,+0.00)",relief_or_edge_exit,0,19,0.0,0.0,0.16817922405261626,8,0.0,0.0
20-39 MeV,top,"[-0.25,+0.00)",no_surviving_primary_exit,1,19,0.05263157894736842,0.009351994062300362,0.24638731166898786,8,0.1178511301977579,0.04166666666666666
20-39 MeV,top,"[+0.00,+0.25)",transmitted_unchanged,26,44,0.5909090909090909,0.444097537410319,0.7231214437245027,8,0.2688872388608694,0.09506599498652385
20-39 MeV,top,"[+0.00,+0.25)",transmitted_mild_loss,4,44,0.09090909090909091,0.03592219322731624,0.21159239166598612,8,0.12186037254507881,0.0430841478922721
20-39 MeV,top,"[+0.00,+0.25)",transmitted_moderated_10_90pct,1,44,0.022727272727272728,0.004023252060053224,0.11807709698213287,8,0.05892556509887895,0.02083333333333333
20-39 MeV,top,"[+0.00,+0.25)",transmitted_strong_moderation,0,44,0.0,0.0,0.08029560375848066,8,0.0,0.0
20-39 MeV,top,"[+0.00,+0.25)",transmitted_energy_gain,0,44,0.0,0.0,0.08029560375848066,8,0.0,0.0
20-39 MeV,top,"[+0.00,+0.25)",reflected_to_outer_surface,7,44,0.1590909090909091,0.0792667701220125,0.29366205062240613,8,0.2021922264296316,0.07148574720579919
20-39 MeV,top,"[+0.00,+0.25)",relief_or_edge_exit,2,44,0.045454545454545456,0.012555109949594967,0.15134998437629657,8,0.07784772223477612,0.027523326146068484
20-39 MeV,top,"[+0.00,+0.25)",no_surviving_primary_exit,4,44,0.09090909090909091,0.03592219322731624,0.21159239166598612,8,0.12692955176439846,0.04487637339278753
20-39 MeV,top,"[+0.25,+0.50)",transmitted_unchanged,10,21,0.47619047619047616,0.2834400610153417,0.6763046541715557,8,0.27396993230922956,0.0968629984885378
20-39 MeV,top,"[+0.25,+0.50)",transmitted_mild_loss,1,21,0.047619047619047616,0.008455987809826399,0.22669360074122563,8,0.1178511301977579,0.04166666666666666
20-39 MeV,top,"[+0.25,+0.50)",transmitted_moderated_10_90pct,1,21,0.047619047619047616,0.008455987809826399,0.22669360074122563,8,0.1178511301977579,0.04166666666666666
20-39 MeV,top,"[+0.25,+0.50)",transmitted_strong_moderation,0,21,0.0,-1.3877787807814457e-17,0.154639018924847,8,0.0,0.0
20-39 MeV,top,"[+0.25,+0.50)",transmitted_energy_gain,0,21,0.0,-1.3877787807814457e-17,0.154639018924847,8,0.0,0.0
20-39 MeV,top,"[+0.25,+0.50)",reflected_to_outer_surface,0,21,0.0,-1.3877787807814457e-17,0.154639018924847,8,0.0,0.0
20-39 MeV,top,"[+0.25,+0.50)",relief_or_edge_exit,7,21,0.3333333333333333,0.17194752605083477,0.5462654802574476,8,0.31443448859666717,0.11116937956281375
20-39 MeV,top,"[+0.25,+0.50)",no_surviving_primary_exit,2,21,0.09523809523809523,0.02651876743807452,0.2891413907391826,8,0.23145502494313785,0.08183170883849714
20-39 MeV,top,"[+0.50,+0.75)",transmitted_unchanged,2,5,0.4,0.11762077423264783,0.769275718723987,4,0.5773502691896257,0.28867513459481287
20-39 MeV,top,"[+0.50,+0.75)",transmitted_mild_loss,0,5,0.0,0.0,0.43448246478317476,4,0.0,0.0
20-39 MeV,top,"[+0.50,+0.75)",transmitted_moderated_10_90pct,2,5,0.4,0.11762077423264783,0.769275718723987,4,0.47871355387816905,0.23935677693908453
20-39 MeV,top,"[+0.50,+0.75)",transmitted_strong_moderation,0,5,0.0,0.0,0.43448246478317476,4,0.0,0.0
20-39 MeV,top,"[+0.50,+0.75)",transmitted_energy_gain,0,5,0.0,0.0,0.43448246478317476,4,0.0,0.0
20-39 MeV,top,"[+0.50,+0.75)",reflected_to_outer_surface,0,5,0.0,0.0,0.43448246478317476,4,0.0,0.0
20-39 MeV,top,"[+0.50,+0.75)",relief_or_edge_exit,1,5,0.2,0.03622410863243014,0.6244653702374747,4,0.25,0.125
20-39 MeV,top,"[+0.50,+0.75)",no_surviving_primary_exit,0,5,0.0,0.0,0.43448246478317476,4,0.0,0.0
39-100 MeV,bottom,"[-0.75,-0.50)",transmitted_unchanged,1,1,1.0,0.20654931437723745,1.0,1,,
39-100 MeV,bottom,"[-0.75,-0.50)",transmitted_mild_loss,0,1,0.0,0.0,0.7934506856227626,1,,
39-100 MeV,bottom,"[-0.75,-0.50)",transmitted_moderated_10_90pct,0,1,0.0,0.0,0.7934506856227626,1,,
39-100 MeV,bottom,"[-0.75,-0.50)",transmitted_strong_moderation,0,1,0.0,0.0,0.7934506856227626,1,,
39-100 MeV,bottom,"[-0.75,-0.50)",transmitted_energy_gain,0,1,0.0,0.0,0.7934506856227626,1,,
39-100 MeV,bottom,"[-0.75,-0.50)",reflected_to_outer_surface,0,1,0.0,0.0,0.7934506856227626,1,,
39-100 MeV,bottom,"[-0.75,-0.50)",relief_or_edge_exit,0,1,0.0,0.0,0.7934506856227626,1,,
39-100 MeV,bottom,"[-0.75,-0.50)",no_surviving_primary_exit,0,1,0.0,0.0,0.7934506856227626,1,,
39-100 MeV,bottom,"[-0.50,-0.25)",transmitted_unchanged,1,3,0.3333333333333333,0.06149194472039621,0.7923403991979522,3,0.5773502691896258,0.33333333333333337
39-100 MeV,bottom,"[-0.50,-0.25)",transmitted_mild_loss,0,3,0.0,5.551115123125783e-17,0.5614970317550454,3,0.0,0.0
39-100 MeV,bottom,"[-0.50,-0.25)",transmitted_moderated_10_90pct,1,3,0.3333333333333333,0.06149194472039621,0.7923403991979522,3,0.5773502691896258,0.33333333333333337
39-100 MeV,bottom,"[-0.50,-0.25)",transmitted_strong_moderation,0,3,0.0,5.551115123125783e-17,0.5614970317550454,3,0.0,0.0
39-100 MeV,bottom,"[-0.50,-0.25)",transmitted_energy_gain,0,3,0.0,5.551115123125783e-17,0.5614970317550454,3,0.0,0.0
39-100 MeV,bottom,"[-0.50,-0.25)",reflected_to_outer_surface,0,3,0.0,5.551115123125783e-17,0.5614970317550454,3,0.0,0.0
39-100 MeV,bottom,"[-0.50,-0.25)",relief_or_edge_exit,1,3,0.3333333333333333,0.06149194472039621,0.7923403991979522,3,0.5773502691896258,0.33333333333333337
39-100 MeV,bottom,"[-0.50,-0.25)",no_surviving_primary_exit,0,3,0.0,5.551115123125783e-17,0.5614970317550454,3,0.0,0.0
39-100 MeV,bottom,"[-0.25,+0.00)",transmitted_unchanged,11,20,0.55,0.34208534245034233,0.7418021417443759,8,0.39591164638847354,0.13997590495601006
39-100 MeV,bottom,"[-0.25,+0.00)",transmitted_mild_loss,0,20,0.0,0.0,0.16112515805281938,8,0.0,0.0
39-100 MeV,bottom,"[-0.25,+0.00)",transmitted_moderated_10_90pct,1,20,0.05,0.008881448800795402,0.23613119344674205,8,0.1178511301977579,0.04166666666666666
39-100 MeV,bottom,"[-0.25,+0.00)",transmitted_strong_moderation,1,20,0.05,0.008881448800795402,0.23613119344674205,8,0.1767766952966369,0.0625
39-100 MeV,bottom,"[-0.25,+0.00)",transmitted_energy_gain,0,20,0.0,0.0,0.16112515805281938,8,0.0,0.0
39-100 MeV,bottom,"[-0.25,+0.00)",reflected_to_outer_surface,1,20,0.05,0.008881448800795402,0.23613119344674205,8,0.1178511301977579,0.04166666666666666
39-100 MeV,bottom,"[-0.25,+0.00)",relief_or_edge_exit,3,20,0.15,0.052368745896216595,0.36041886474075696,8,0.23570226039551584,0.08333333333333333
39-100 MeV,bottom,"[-0.25,+0.00)",no_surviving_primary_exit,3,20,0.15,0.052368745896216595,0.36041886474075696,8,0.146045763647444,0.05163497491933771
39-100 MeV,bottom,"[+0.00,+0.25)",transmitted_unchanged,87,121,0.71900826446281,0.6331352631884987,0.7914031914295482,8,0.06899055000873175,0.02439184287448192
39-100 MeV,bottom,"[+0.00,+0.25)",transmitted_mild_loss,9,121,0.0743801652892562,0.03962268397692748,0.13533088535026477,8,0.03991403906646826,0.01411174384422224
39-100 MeV,bottom,"[+0.00,+0.25)",transmitted_moderated_10_90pct,4,121,0.03305785123966942,0.012929181394125314,0.08192279272211472,8,0.05252418291059818,0.018570102956183273
39-100 MeV,bottom,"[+0.00,+0.25)",transmitted_strong_moderation,1,121,0.008264462809917356,0.0014603733854198359,0.04533064360424888,8,0.027196414661021063,0.009615384615384616
39-100 MeV,bottom,"[+0.00,+0.25)",transmitted_energy_gain,0,121,0.0,0.0,0.03077069794747827,8,0.0,0.0
39-100 MeV,bottom,"[+0.00,+0.25)",reflected_to_outer_surface,10,121,0.08264462809917356,0.045509049437406586,0.14546483893197612,8,0.07795032722786294,0.027559602489266127
39-100 MeV,bottom,"[+0.00,+0.25)",relief_or_edge_exit,5,121,0.04132231404958678,0.017777486075125137,0.09309480708330535,8,0.0636052517890121,0.022487852429544115
39-100 MeV,bottom,"[+0.00,+0.25)",no_surviving_primary_exit,5,121,0.04132231404958678,0.017777486075125137,0.09309480708330535,8,0.03619461742248946,0.012796729710947526
39-100 MeV,bottom,"[+0.25,+0.50)",transmitted_unchanged,142,173,0.8208092485549133,0.7568881942340657,0.8707926716682388,8,0.16311133637458927,0.05766856601943602
39-100 MeV,bottom,"[+0.25,+0.50)",transmitted_mild_loss,6,173,0.03468208092485549,0.01599023570343839,0.07358976960943533,8,0.038078457625726446,0.013462767802137884
39-100 MeV,bottom,"[+0.25,+0.50)",transmitted_moderated_10_90pct,3,173,0.017341040462427744,0.005914752805222814,0.04973655705347232,8,0.02371709777151644,0.008385260332151815
39-100 MeV,bottom,"[+0.25,+0.50)",transmitted_strong_moderation,1,173,0.005780346820809248,0.001021102941249569,0.03201107661465982,8,0.023570226039551584,0.008333333333333333
39-100 MeV,bottom,"[+0.25,+0.50)",transmitted_energy_gain,0,173,0.0,0.0,0.02172261440451652,8,0.0,0.0
39-100 MeV,bottom,"[+0.25,+0.50)",reflected_to_outer_surface,9,173,0.05202312138728324,0.02760783038362031,0.09590087038343206,8,0.07572795221416748,0.026773874268004323
39-100 MeV,bottom,"[+0.25,+0.50)",relief_or_edge_exit,5,173,0.028901734104046242,0.012406951549592947,0.06586348861188793,8,0.0465986542105823,0.016475112193234904
39-100 MeV,bottom,"[+0.25,+0.50)",no_surviving_primary_exit,7,173,0.04046242774566474,0.019735947132815256,0.08115362333145137,8,0.05232485688859635,0.018499630565271055
39-100 MeV,bottom,"[+0.50,+0.75)",transmitted_unchanged,158,199,0.7939698492462312,0.7324656208069941,0.8443395386521703,8,0.05623350996835188,0.019881548114271463
39-100 MeV,bottom,"[+0.50,+0.75)",transmitted_mild_loss,9,199,0.04522613065326633,0.023973316045364932,0.08370417231267992,8,0.041967625447009736,0.014837796271938848
39-100 MeV,bottom,"[+0.50,+0.75)",transmitted_moderated_10_90pct,3,199,0.01507537688442211,0.005140002903511805,0.04337798192025977,8,0.026902340132226515,0.009511413568642185
39-100 MeV,bottom,"[+0.50,+0.75)",transmitted_strong_moderation,0,199,0.0,0.0,0.018938233056634942,8,0.0,0.0
39-100 MeV,bottom,"[+0.50,+0.75)",transmitted_energy_gain,0,199,0.0,0.0,0.018938233056634942,8,0.0,0.0
39-100 MeV,bottom,"[+0.50,+0.75)",reflected_to_outer_surface,9,199,0.04522613065326633,0.023973316045364932,0.08370417231267992,8,0.0442371181177752,0.01564018310061456
39-100 MeV,bottom,"[+0.50,+0.75)",relief_or_edge_exit,13,199,0.06532663316582915,0.0385712136210686,0.10854594375982507,8,0.043015539286419525,0.015208289762911794
39-100 MeV,bottom,"[+0.50,+0.75)",no_surviving_primary_exit,7,199,0.035175879396984924,0.017141766602341124,0.0708158872442793,8,0.032468351311244585,0.011479295693064087
39-100 MeV,bottom,"[+0.75,+1.00]",transmitted_unchanged,178,219,0.8127853881278538,0.7558941167220949,0.8588927399293635,8,0.07762764374332151,0.027445516649218054
39-100 MeV,bottom,"[+0.75,+1.00]",transmitted_mild_loss,2,219,0.0091324200913242,0.0025080220858455272,0.0326804875487267,8,0.017184060443951654,0.006075482834118864
39-100 MeV,bottom,"[+0.75,+1.00]",transmitted_moderated_10_90pct,4,219,0.0182648401826484,0.007125190697010394,0.04601330015366281,8,0.0203372964738879,0.007190320123843697
39-100 MeV,bottom,"[+0.75,+1.00]",transmitted_strong_moderation,2,219,0.0091324200913242,0.0025080220858455272,0.0326804875487267,8,0.014560438563996667,0.005147892422826079
39-100 MeV,bottom,"[+0.75,+1.00]",transmitted_energy_gain,0,219,0.0,0.0,0.017238528418471243,8,0.0,0.0
39-100 MeV,bottom,"[+0.75,+1.00]",reflected_to_outer_surface,13,219,0.0593607305936073,0.0350153960327752,0.09889801029035244,8,0.04710467891414142,0.016654018942902186
39-100 MeV,bottom,"[+0.75,+1.00]",relief_or_edge_exit,10,219,0.045662100456621,0.024989013068053595,0.08199942143092256,8,0.04092625255903009,0.014469615356521734
39-100 MeV,bottom,"[+0.75,+1.00]",no_surviving_primary_exit,10,219,0.045662100456621,0.024989013068053595,0.08199942143092256,8,0.046323535726150736,0.01637784312024924
39-100 MeV,side,"[-1.00,-0.75)",transmitted_unchanged,25,27,0.9259259259259259,0.7663040731697686,0.9794453459390113,7,0.13569339855976198,0.051287283877471466
39-100 MeV,side,"[-1.00,-0.75)",transmitted_mild_loss,0,27,0.0,0.0,0.12455502974186705,7,0.0,0.0
39-100 MeV,side,"[-1.00,-0.75)",transmitted_moderated_10_90pct,0,27,0.0,0.0,0.12455502974186705,7,0.0,0.0
39-100 MeV,side,"[-1.00,-0.75)",transmitted_strong_moderation,0,27,0.0,0.0,0.12455502974186705,7,0.0,0.0
39-100 MeV,side,"[-1.00,-0.75)",transmitted_energy_gain,0,27,0.0,0.0,0.12455502974186705,7,0.0,0.0
39-100 MeV,side,"[-1.00,-0.75)",reflected_to_outer_surface,2,27,0.07407407407407407,0.020554654060988622,0.23369592683023144,7,0.13569339855976198,0.051287283877471466
39-100 MeV,side,"[-1.00,-0.75)",relief_or_edge_exit,0,27,0.0,0.0,0.12455502974186705,7,0.0,0.0
39-100 MeV,side,"[-1.00,-0.75)",no_surviving_primary_exit,0,27,0.0,0.0,0.12455502974186705,7,0.0,0.0
39-100 MeV,side,"[-0.75,-0.50)",transmitted_unchanged,51,60,0.85,0.7388541093022145,0.9190255941983225,8,0.2521676309706451,0.08915472092754499
39-100 MeV,side,"[-0.75,-0.50)",transmitted_mild_loss,5,60,0.08333333333333333,0.03612045660173077,0.1806894201833441,8,0.13089224208310032,0.04627739599083571
39-100 MeV,side,"[-0.75,-0.50)",transmitted_moderated_10_90pct,1,60,0.016666666666666666,0.0029481597947862495,0.08855129727590061,8,0.1178511301977579,0.04166666666666666
39-100 MeV,side,"[-0.75,-0.50)",transmitted_strong_moderation,0,60,0.0,0.0,0.06017185214208986,8,0.0,0.0
39-100 MeV,side,"[-0.75,-0.50)",transmitted_energy_gain,0,60,0.0,0.0,0.06017185214208986,8,0.0,0.0
39-100 MeV,side,"[-0.75,-0.50)",reflected_to_outer_surface,2,60,0.03333333333333333,0.009189319256197877,0.113637742743086,8,0.06200198409523707,0.0219210117003813
39-100 MeV,side,"[-0.75,-0.50)",relief_or_edge_exit,0,60,0.0,0.0,0.06017185214208986,8,0.0,0.0
39-100 MeV,side,"[-0.75,-0.50)",no_surviving_primary_exit,1,60,0.016666666666666666,0.0029481597947862495,0.08855129727590061,8,0.1178511301977579,0.04166666666666666
39-100 MeV,side,"[-0.50,-0.25)",transmitted_unchanged,82,100,0.82,0.7333264161369926,0.8829977450105364,8,0.14968752861260715,0.05292253327051493
39-100 MeV,side,"[-0.50,-0.25)",transmitted_mild_loss,3,100,0.03,0.010254524024038925,0.0845193642905276,8,0.03711175760351821,0.01312098773159957
39-100 MeV,side,"[-0.50,-0.25)",transmitted_moderated_10_90pct,1,100,0.01,0.0017674320641406505,0.054486196178705315,8,0.023570226039551584,0.008333333333333333
39-100 MeV,side,"[-0.50,-0.25)",transmitted_strong_moderation,1,100,0.01,0.0017674320641406505,0.054486196178705315,8,0.027196414661021063,0.009615384615384616
39-100 MeV,side,"[-0.50,-0.25)",transmitted_energy_gain,0,100,0.0,3.469446951953614e-18,0.03699349820698568,8,0.0,0.0
39-100 MeV,side,"[-0.50,-0.25)",reflected_to_outer_surface,9,100,0.09,0.04807254000256516,0.1622621285271631,8,0.17363420997833465,0.06138896366082466
39-100 MeV,side,"[-0.50,-0.25)",relief_or_edge_exit,0,100,0.0,3.469446951953614e-18,0.03699349820698568,8,0.0,0.0
39-100 MeV,side,"[-0.50,-0.25)",no_surviving_primary_exit,4,100,0.04,0.01566330399154762,0.0983707143588792,8,0.05824175425598667,0.020591569691304316
39-100 MeV,side,"[-0.25,+0.00)",transmitted_unchanged,120,149,0.8053691275167785,0.7344596671708022,0.8609285259421448,8,0.08515950080784304,0.03010843025184354
39-100 MeV,side,"[-0.25,+0.00)",transmitted_mild_loss,5,149,0.03355704697986577,0.014417106348108083,0.07614378549035719,8,0.06709728695264643,0.02372247330171797
39-100 MeV,side,"[-0.25,+0.00)",transmitted_moderated_10_90pct,1,149,0.006711409395973154,0.0011857126133513265,0.03703336005034936,8,0.019641855032959652,0.006944444444444443
39-100 MeV,side,"[-0.25,+0.00)",transmitted_strong_moderation,0,149,0.0,1.734723475976807e-18,0.02513361787000954,8,0.0,0.0
39-100 MeV,side,"[-0.25,+0.00)",transmitted_energy_gain,0,149,0.0,1.734723475976807e-18,0.02513361787000954,8,0.0,0.0
39-100 MeV,side,"[-0.25,+0.00)",reflected_to_outer_surface,14,149,0.09395973154362416,0.05679617443690371,0.1515338105447819,8,0.038151004950029106,0.013488417154623561
39-100 MeV,side,"[-0.25,+0.00)",relief_or_edge_exit,1,149,0.006711409395973154,0.0011857126133513265,0.03703336005034936,8,0.016835875742536845,0.005952380952380951
39-100 MeV,side,"[-0.25,+0.00)",no_surviving_primary_exit,8,149,0.053691275167785234,0.027454242692336622,0.10236301352720209,8,0.05184090851672937,0.01832852897752539
39-100 MeV,side,"[+0.00,+0.25)",transmitted_unchanged,541,663,0.8159879336349924,0.7847008908511134,0.8436343670391194,8,0.039182725609499716,0.013853185491924522
39-100 MeV,side,"[+0.00,+0.25)",transmitted_mild_loss,31,663,0.04675716440422323,0.033133125628442416,0.06560317510656952,8,0.019414200773633518,0.006863956509176689
39-100 MeV,side,"[+0.00,+0.25)",transmitted_moderated_10_90pct,10,663,0.015082956259426848,0.008213028265751357,0.027539785998163237,8,0.013225598055390218,0.00467595503510702
39-100 MeV,side,"[+0.00,+0.25)",transmitted_strong_moderation,1,663,0.0015082956259426848,0.0002663008501478225,0.008493590640439336,8,0.004979625219623574,0.00176056338028169
39-100 MeV,side,"[+0.00,+0.25)",transmitted_energy_gain,0,663,0.0,4.336808689942018e-19,0.005760677849106333,8,0.0,0.0
39-100 MeV,side,"[+0.00,+0.25)",reflected_to_outer_surface,50,663,0.07541478129713423,0.05767010138672435,0.09805125853642324,8,0.030083256860904045,0.01063603746326099
39-100 MeV,side,"[+0.00,+0.25)",relief_or_edge_exit,2,663,0.0030165912518853697,0.0008276482970151723,0.01093145683505281,8,0.005560091568507974,0.001965789226055068
39-100 MeV,side,"[+0.00,+0.25)",no_surviving_primary_exit,28,663,0.042232277526395176,0.029378492419928456,0.060360167390641,8,0.024344521614218618,0.00860708815907823
39-100 MeV,side,"[+0.25,+0.50)",transmitted_unchanged,446,589,0.7572156196943973,0.7209944191893657,0.7901034392545102,8,0.08804391255436152,0.031128223804692216
39-100 MeV,side,"[+0.25,+0.50)",transmitted_mild_loss,38,589,0.06451612903225806,0.047361975114031986,0.08731392791663362,8,0.03618121890098197,0.012791992618239618
39-100 MeV,side,"[+0.25,+0.50)",transmitted_moderated_10_90pct,15,589,0.025466893039049237,0.01549294939219573,0.04159053948527418,8,0.021738815372328517,0.007685831882367928
39-100 MeV,side,"[+0.25,+0.50)",transmitted_strong_moderation,5,589,0.008488964346349746,0.003631272857791086,0.01971638377915896,8,0.00749067232530178,0.002648352598433646
39-100 MeV,side,"[+0.25,+0.50)",transmitted_energy_gain,0,589,0.0,4.336808689942018e-19,0.006479740516690114,8,0.0,0.0
39-100 MeV,side,"[+0.25,+0.50)",reflected_to_outer_surface,48,589,0.08149405772495756,0.062016219593256,0.10639551567792947,8,0.03944333832241387,0.013945326000207033
39-100 MeV,side,"[+0.25,+0.50)",relief_or_edge_exit,5,589,0.008488964346349746,0.003631272857791086,0.01971638377915896,8,0.012584590822780635,0.00444932475462309
39-100 MeV,side,"[+0.25,+0.50)",no_surviving_primary_exit,32,589,0.05432937181663837,0.038744149322801784,0.07569025436355187,8,0.030987990894324774,0.010955909248362017
39-100 MeV,side,"[+0.50,+0.75)",transmitted_unchanged,332,446,0.7443946188340808,0.7019443257946258,0.7826708552327288,8,0.04368972783915649,0.01544665141163112
39-100 MeV,side,"[+0.50,+0.75)",transmitted_mild_loss,20,446,0.04484304932735426,0.0292138467127886,0.06824595375920223,8,0.03329519002271063,0.011771627322976682
39-100 MeV,side,"[+0.50,+0.75)",transmitted_moderated_10_90pct,5,446,0.011210762331838564,0.00479781147156267,0.025971826473727967,8,0.013474795124869264,0.0047640595039472435
39-100 MeV,side,"[+0.50,+0.75)",transmitted_strong_moderation,4,446,0.008968609865470852,0.003493087538526821,0.022830539571650467,8,0.014779663737605872,0.005225400226259013
39-100 MeV,side,"[+0.50,+0.75)",transmitted_energy_gain,0,446,0.0,0.0,0.008539583769723908,8,0.0,0.0
39-100 MeV,side,"[+0.50,+0.75)",reflected_to_outer_surface,50,446,0.11210762331838565,0.08607729212262334,0.14476283340276785,8,0.04999028191744697,0.017674233668627
39-100 MeV,side,"[+0.50,+0.75)",relief_or_edge_exit,2,446,0.004484304932735426,0.0012306207759852344,0.016200984663965363,8,0.007643277563741168,0.0027023066979061866
39-100 MeV,side,"[+0.50,+0.75)",no_surviving_primary_exit,33,446,0.07399103139013453,0.053168067439507485,0.10208987388895681,8,0.04095468551289952,0.014479667923766853
39-100 MeV,side,"[+0.75,+1.00]",transmitted_unchanged,282,356,0.7921348314606742,0.7469743889191386,0.8310579497715641,8,0.029841800200680987,0.0105506696423578
39-100 MeV,side,"[+0.75,+1.00]",transmitted_mild_loss,20,356,0.056179775280898875,0.03665877244496871,0.08517671300569456,8,0.024613049087804838,0.008702026957832084
39-100 MeV,side,"[+0.75,+1.00]",transmitted_moderated_10_90pct,2,356,0.0056179775280898875,0.0015420064799568593,0.020249420351161722,8,0.01064574596629568,0.003763839581778505
39-100 MeV,side,"[+0.75,+1.00]",transmitted_strong_moderation,0,356,0.0,8.673617379884035e-19,0.010675420317835835,8,0.0,0.0
39-100 MeV,side,"[+0.75,+1.00]",transmitted_energy_gain,0,356,0.0,8.673617379884035e-19,0.010675420317835835,8,0.0,0.0
39-100 MeV,side,"[+0.75,+1.00]",reflected_to_outer_surface,32,356,0.0898876404494382,0.06439100432743536,0.12414052020292438,8,0.03803503895166728,0.013447416982709202
39-100 MeV,side,"[+0.75,+1.00]",relief_or_edge_exit,4,356,0.011235955056179775,0.004377879527654227,0.0285295538167471,8,0.020326878941364222,0.007186636969898336
39-100 MeV,side,"[+0.75,+1.00]",no_surviving_primary_exit,16,356,0.0449438202247191,0.02785111580315482,0.07175235662094297,8,0.02924944869897968,0.010341241760508286
39-100 MeV,top,"[-1.00,-0.75)",transmitted_unchanged,14,14,1.0,0.7846891972623643,1.0,6,0.0,0.0
39-100 MeV,top,"[-1.00,-0.75)",transmitted_mild_loss,0,14,0.0,1.3877787807814457e-17,0.2153108027376358,6,0.0,0.0
39-100 MeV,top,"[-1.00,-0.75)",transmitted_moderated_10_90pct,0,14,0.0,1.3877787807814457e-17,0.2153108027376358,6,0.0,0.0
39-100 MeV,top,"[-1.00,-0.75)",transmitted_strong_moderation,0,14,0.0,1.3877787807814457e-17,0.2153108027376358,6,0.0,0.0
39-100 MeV,top,"[-1.00,-0.75)",transmitted_energy_gain,0,14,0.0,1.3877787807814457e-17,0.2153108027376358,6,0.0,0.0
39-100 MeV,top,"[-1.00,-0.75)",reflected_to_outer_surface,0,14,0.0,1.3877787807814457e-17,0.2153108027376358,6,0.0,0.0
39-100 MeV,top,"[-1.00,-0.75)",relief_or_edge_exit,0,14,0.0,1.3877787807814457e-17,0.2153108027376358,6,0.0,0.0
39-100 MeV,top,"[-1.00,-0.75)",no_surviving_primary_exit,0,14,0.0,1.3877787807814457e-17,0.2153108027376358,6,0.0,0.0
39-100 MeV,top,"[-0.75,-0.50)",transmitted_unchanged,15,20,0.75,0.531299122381256,0.8881382985923343,8,0.26303328294439837,0.09299630902387196
39-100 MeV,top,"[-0.75,-0.50)",transmitted_mild_loss,1,20,0.05,0.008881448800795402,0.23613119344674205,8,0.07071067811865477,0.025
39-100 MeV,top,"[-0.75,-0.50)",transmitted_moderated_10_90pct,0,20,0.0,0.0,0.16112515805281938,8,0.0,0.0
39-100 MeV,top,"[-0.75,-0.50)",transmitted_strong_moderation,0,20,0.0,0.0,0.16112515805281938,8,0.0,0.0
39-100 MeV,top,"[-0.75,-0.50)",transmitted_energy_gain,0,20,0.0,0.0,0.16112515805281938,8,0.0,0.0
39-100 MeV,top,"[-0.75,-0.50)",reflected_to_outer_surface,2,20,0.1,0.027866481213768224,0.3010336452284873,8,0.1979558231942368,0.06998795247800504
39-100 MeV,top,"[-0.75,-0.50)",relief_or_edge_exit,0,20,0.0,0.0,0.16112515805281938,8,0.0,0.0
39-100 MeV,top,"[-0.75,-0.50)",no_surviving_primary_exit,2,20,0.1,0.027866481213768224,0.3010336452284873,8,0.1543033499620919,0.05455447255899809
39-100 MeV,top,"[-0.50,-0.25)",transmitted_unchanged,20,28,0.7142857142857143,0.5294071156670428,0.8474600394333092,8,0.20294214907952432,0.07175088490135145
39-100 MeV,top,"[-0.50,-0.25)",transmitted_mild_loss,2,28,0.07142857142857142,0.019812064115305755,0.22645362568399052,8,0.1979558231942368,0.06998795247800504
39-100 MeV,top,"[-0.50,-0.25)",transmitted_moderated_10_90pct,1,28,0.03571428571428571,0.0063325198490377516,0.1771219774335332,8,0.1178511301977579,0.04166666666666666
39-100 MeV,top,"[-0.50,-0.25)",transmitted_strong_moderation,0,28,0.0,1.3877787807814457e-17,0.12064330476584563,8,0.0,0.0
39-100 MeV,top,"[-0.50,-0.25)",transmitted_energy_gain,0,28,0.0,1.3877787807814457e-17,0.12064330476584563,8,0.0,0.0
39-100 MeV,top,"[-0.50,-0.25)",reflected_to_outer_surface,3,28,0.10714285714285714,0.03711836682929999,0.27195851548672156,8,0.1398518206747118,0.049445085380186854
39-100 MeV,top,"[-0.50,-0.25)",relief_or_edge_exit,1,28,0.03571428571428571,0.0063325198490377516,0.1771219774335332,8,0.1178511301977579,0.04166666666666666
39-100 MeV,top,"[-0.50,-0.25)",no_surviving_primary_exit,1,28,0.03571428571428571,0.0063325198490377516,0.1771219774335332,8,0.07071067811865477,0.025
39-100 MeV,top,"[-0.25,+0.00)",transmitted_unchanged,15,16,0.9375,0.7167126242970107,0.9888806552353576,6,0.13608276348795434,0.05555555555555556
39-100 MeV,top,"[-0.25,+0.00)",transmitted_mild_loss,0,16,0.0,0.0,0.1936076805344365,6,0.0,0.0
39-100 MeV,top,"[-0.25,+0.00)",transmitted_moderated_10_90pct,0,16,0.0,0.0,0.1936076805344365,6,0.0,0.0
39-100 MeV,top,"[-0.25,+0.00)",transmitted_strong_moderation,0,16,0.0,0.0,0.1936076805344365,6,0.0,0.0
39-100 MeV,top,"[-0.25,+0.00)",transmitted_energy_gain,0,16,0.0,0.0,0.1936076805344365,6,0.0,0.0
39-100 MeV,top,"[-0.25,+0.00)",reflected_to_outer_surface,0,16,0.0,0.0,0.1936076805344365,6,0.0,0.0
39-100 MeV,top,"[-0.25,+0.00)",relief_or_edge_exit,1,16,0.0625,0.01111934476464252,0.28328737570298945,6,0.13608276348795434,0.05555555555555556
39-100 MeV,top,"[-0.25,+0.00)",no_surviving_primary_exit,0,16,0.0,0.0,0.1936076805344365,6,0.0,0.0
39-100 MeV,top,"[+0.00,+0.25)",transmitted_unchanged,64,91,0.7032967032967034,0.6027596483701374,0.7873650972851531,8,0.12609848027886814,0.044582545251252895
39-100 MeV,top,"[+0.00,+0.25)",transmitted_mild_loss,5,91,0.054945054945054944,0.023695099703426786,0.12224802467282925,8,0.09405515340525562,0.03325351838919862
39-100 MeV,top,"[+0.00,+0.25)",transmitted_moderated_10_90pct,2,91,0.02197802197802198,0.006048006082981144,0.0766316460248494,8,0.031090152404428837,0.010992028796647436
39-100 MeV,top,"[+0.00,+0.25)",transmitted_strong_moderation,0,91,0.0,0.0,0.04050400392888021,8,0.0,0.0
39-100 MeV,top,"[+0.00,+0.25)",transmitted_energy_gain,0,91,0.0,0.0,0.04050400392888021,8,0.0,0.0
39-100 MeV,top,"[+0.00,+0.25)",reflected_to_outer_surface,7,91,0.07692307692307693,0.03775950132295323,0.15035927123225315,8,0.06353027026888657,0.022461342458871898
39-100 MeV,top,"[+0.00,+0.25)",relief_or_edge_exit,6,91,0.06593406593406594,0.03056628647161548,0.13646466199411572,8,0.07709322323811596,0.02725657046760006
39-100 MeV,top,"[+0.00,+0.25)",no_surviving_primary_exit,7,91,0.07692307692307693,0.03775950132295323,0.15035927123225315,8,0.07381172804991509,0.02609638671759613
39-100 MeV,top,"[+0.25,+0.50)",transmitted_unchanged,18,35,0.5142857142857142,0.35568804595868564,0.6700576399749026,8,0.3075209927756679,0.10872508967444702
39-100 MeV,top,"[+0.25,+0.50)",transmitted_mild_loss,1,35,0.02857142857142857,0.005061491855444203,0.14533087233613673,8,0.05050762722761054,0.017857142857142856
39-100 MeV,top,"[+0.25,+0.50)",transmitted_moderated_10_90pct,1,35,0.02857142857142857,0.005061491855444203,0.14533087233613673,8,0.08838834764831845,0.03125
39-100 MeV,top,"[+0.25,+0.50)",transmitted_strong_moderation,0,35,0.0,6.938893903907228e-18,0.09890099232440402,8,0.0,0.0
39-100 MeV,top,"[+0.25,+0.50)",transmitted_energy_gain,0,35,0.0,6.938893903907228e-18,0.09890099232440402,8,0.0,0.0
39-100 MeV,top,"[+0.25,+0.50)",reflected_to_outer_surface,5,35,0.14285714285714285,0.06260231079433715,0.29375554086595146,8,0.1570909907190077,0.05554005240036167
39-100 MeV,top,"[+0.25,+0.50)",relief_or_edge_exit,4,35,0.11428571428571428,0.04535179333097357,0.2595146864621381,8,0.14891900734392274,0.05265081997022852
39-100 MeV,top,"[+0.25,+0.50)",no_surviving_primary_exit,6,35,0.17142857142857143,0.08102640053701589,0.3268228229904496,8,0.19416079083690582,0.0686462059206595
39-100 MeV,top,"[+0.50,+0.75)",transmitted_unchanged,2,4,0.5,0.15003898915214947,0.8499610108478506,4,0.5773502691896257,0.28867513459481287
39-100 MeV,top,"[+0.50,+0.75)",transmitted_mild_loss,0,4,0.0,0.0,0.4898908364545973,4,0.0,0.0
39-100 MeV,top,"[+0.50,+0.75)",transmitted_moderated_10_90pct,0,4,0.0,0.0,0.4898908364545973,4,0.0,0.0
39-100 MeV,top,"[+0.50,+0.75)",transmitted_strong_moderation,0,4,0.0,0.0,0.4898908364545973,4,0.0,0.0
39-100 MeV,top,"[+0.50,+0.75)",transmitted_energy_gain,0,4,0.0,0.0,0.4898908364545973,4,0.0,0.0
39-100 MeV,top,"[+0.50,+0.75)",reflected_to_outer_surface,1,4,0.25,0.04558726080970055,0.6993581574175981,4,0.5,0.25
39-100 MeV,top,"[+0.50,+0.75)",relief_or_edge_exit,0,4,0.0,0.0,0.4898908364545973,4,0.0,0.0
39-100 MeV,top,"[+0.50,+0.75)",no_surviving_primary_exit,1,4,0.25,0.04558726080970055,0.6993581574175981,4,0.5,0.25
>=100 MeV,bottom,"[-0.75,-0.50)",transmitted_unchanged,2,5,0.4,0.11762077423264783,0.769275718723987,2,0.11785113019775793,0.08333333333333334
>=100 MeV,bottom,"[-0.75,-0.50)",transmitted_mild_loss,0,5,0.0,0.0,0.43448246478317476,2,0.0,0.0
>=100 MeV,bottom,"[-0.75,-0.50)",transmitted_moderated_10_90pct,0,5,0.0,0.0,0.43448246478317476,2,0.0,0.0
>=100 MeV,bottom,"[-0.75,-0.50)",transmitted_strong_moderation,0,5,0.0,0.0,0.43448246478317476,2,0.0,0.0
>=100 MeV,bottom,"[-0.75,-0.50)",transmitted_energy_gain,0,5,0.0,0.0,0.43448246478317476,2,0.0,0.0
>=100 MeV,bottom,"[-0.75,-0.50)",reflected_to_outer_surface,0,5,0.0,0.0,0.43448246478317476,2,0.0,0.0
>=100 MeV,bottom,"[-0.75,-0.50)",relief_or_edge_exit,0,5,0.0,0.0,0.43448246478317476,2,0.0,0.0
>=100 MeV,bottom,"[-0.75,-0.50)",no_surviving_primary_exit,3,5,0.6,0.2307242812760128,0.882379225767352,2,0.11785113019775789,0.0833333333333333
>=100 MeV,bottom,"[-0.50,-0.25)",transmitted_unchanged,29,41,0.7073170731707317,0.5552053227700284,0.8239081237388657,8,0.1501280868469237,0.053078294128011336
>=100 MeV,bottom,"[-0.50,-0.25)",transmitted_mild_loss,0,41,0.0,-6.938893903907228e-18,0.08566757018443186,8,0.0,0.0
>=100 MeV,bottom,"[-0.50,-0.25)",transmitted_moderated_10_90pct,0,41,0.0,-6.938893903907228e-18,0.08566757018443186,8,0.0,0.0
>=100 MeV,bottom,"[-0.50,-0.25)",transmitted_strong_moderation,0,41,0.0,-6.938893903907228e-18,0.08566757018443186,8,0.0,0.0
>=100 MeV,bottom,"[-0.50,-0.25)",transmitted_energy_gain,0,41,0.0,-6.938893903907228e-18,0.08566757018443186,8,0.0,0.0
>=100 MeV,bottom,"[-0.50,-0.25)",reflected_to_outer_surface,2,41,0.04878048780487805,0.013480945365169042,0.16138978870370846,8,0.05939138709164986,0.020998026278290397
>=100 MeV,bottom,"[-0.50,-0.25)",relief_or_edge_exit,7,41,0.17073170731707318,0.08525251977594998,0.3126261240040417,8,0.19801671795792627,0.07000948202817683
>=100 MeV,bottom,"[-0.50,-0.25)",no_surviving_primary_exit,3,41,0.07317073170731707,0.02519783063390993,0.19427448537719041,8,0.11380659047380942,0.04023670593387549
>=100 MeV,bottom,"[-0.25,+0.00)",transmitted_unchanged,105,136,0.7720588235294118,0.6946557267234381,0.8345149543038775,8,0.09567090144589137,0.03382477158730983
>=100 MeV,bottom,"[-0.25,+0.00)",transmitted_mild_loss,2,136,0.014705882352941176,0.004042191463735811,0.0520317288659177,8,0.03024536878683353,0.010693352684328965
>=100 MeV,bottom,"[-0.25,+0.00)",transmitted_moderated_10_90pct,0,136,0.0,0.0,0.027470099733582408,8,0.0,0.0
>=100 MeV,bottom,"[-0.25,+0.00)",transmitted_strong_moderation,0,136,0.0,0.0,0.027470099733582408,8,0.0,0.0
>=100 MeV,bottom,"[-0.25,+0.00)",transmitted_energy_gain,0,136,0.0,0.0,0.027470099733582408,8,0.0,0.0
>=100 MeV,bottom,"[-0.25,+0.00)",reflected_to_outer_surface,7,136,0.051470588235294115,0.025153173635273883,0.10243029818455737,8,0.06141124695073482,0.021712154579993138
>=100 MeV,bottom,"[-0.25,+0.00)",relief_or_edge_exit,15,136,0.11029411764705882,0.06798782240247478,0.1740109318016409,8,0.06492205261384211,0.022953411825898787
>=100 MeV,bottom,"[-0.25,+0.00)",no_surviving_primary_exit,7,136,0.051470588235294115,0.025153173635273883,0.10243029818455737,8,0.06701994831411616,0.023695129963841727
>=100 MeV,bottom,"[+0.00,+0.25)",transmitted_unchanged,203,252,0.8055555555555556,0.7522548577331125,0.849680421677292,8,0.09666806799598894,0.03417732320208302
>=100 MeV,bottom,"[+0.00,+0.25)",transmitted_mild_loss,5,252,0.01984126984126984,0.008504055859054782,0.045597647924595384,8,0.024906986122176303,0.008805949392955047
>=100 MeV,bottom,"[+0.00,+0.25)",transmitted_moderated_10_90pct,1,252,0.003968253968253968,0.0007008380545265661,0.022131500564946744,8,0.012191496227354265,0.004310344827586206
>=100 MeV,bottom,"[+0.00,+0.25)",transmitted_strong_moderation,0,252,0.0,8.673617379884035e-19,0.015014997328429099,8,0.0,0.0
>=100 MeV,bottom,"[+0.00,+0.25)",transmitted_energy_gain,0,252,0.0,8.673617379884035e-19,0.015014997328429099,8,0.0,0.0
>=100 MeV,bottom,"[+0.00,+0.25)",reflected_to_outer_surface,16,252,0.06349206349206349,0.0394560155353457,0.10063644244979081,8,0.0582582064841024,0.020597386432337446
>=100 MeV,bottom,"[+0.00,+0.25)",relief_or_edge_exit,20,252,0.07936507936507936,0.05196178512707833,0.11940003802223503,8,0.05536490939075117,0.019574451434989457
>=100 MeV,bottom,"[+0.00,+0.25)",no_surviving_primary_exit,7,252,0.027777777777777776,0.013519385168063443,0.05621700119767516,8,0.03421148739385369,0.012095587365336015
>=100 MeV,bottom,"[+0.25,+0.50)",transmitted_unchanged,216,261,0.8275862068965517,0.7770938556337661,0.8685754469045963,8,0.05994899011108218,0.021195168716415743
>=100 MeV,bottom,"[+0.25,+0.50)",transmitted_mild_loss,3,261,0.011494252873563218,0.0039166391719119235,0.033243172832284514,8,0.0175761598208268,0.006214110898262582
>=100 MeV,bottom,"[+0.25,+0.50)",transmitted_moderated_10_90pct,2,261,0.007662835249042145,0.002103947309017997,0.02750417694619174,8,0.016089475048710954,0.005688488456337636
>=100 MeV,bottom,"[+0.25,+0.50)",transmitted_strong_moderation,1,261,0.0038314176245210726,0.000676659768028786,0.02137977673819426,8,0.009820927516479826,0.0034722222222222216
>=100 MeV,bottom,"[+0.25,+0.50)",transmitted_energy_gain,0,261,0.0,0.0,0.01450474875723635,8,0.0,0.0
>=100 MeV,bottom,"[+0.25,+0.50)",reflected_to_outer_surface,19,261,0.07279693486590039,0.04709621132728576,0.1108906046606978,8,0.04549657805693524,0.01608546943242099
>=100 MeV,bottom,"[+0.25,+0.50)",relief_or_edge_exit,13,261,0.04980842911877394,0.029336233477465546,0.08334045601659781,8,0.04712653825543313,0.016661747387132005
>=100 MeV,bottom,"[+0.25,+0.50)",no_surviving_primary_exit,7,261,0.02681992337164751,0.01305106036485321,0.05431550263529,8,0.034177130652694516,0.012083440423009453
>=100 MeV,bottom,"[+0.50,+0.75)",transmitted_unchanged,154,183,0.8415300546448088,0.78167705531984,0.8873393438721542,8,0.044878764331892196,0.015867039295176962
>=100 MeV,bottom,"[+0.50,+0.75)",transmitted_mild_loss,1,183,0.00546448087431694,0.0009652672143726834,0.030298986755620073,8,0.015371886547533643,0.005434782608695652
>=100 MeV,bottom,"[+0.50,+0.75)",transmitted_moderated_10_90pct,1,183,0.00546448087431694,0.0009652672143726834,0.030298986755620073,8,0.014142135623730952,0.005
>=100 MeV,bottom,"[+0.50,+0.75)",transmitted_strong_moderation,0,183,0.0,0.0,0.02055999158292086,8,0.0,0.0
>=100 MeV,bottom,"[+0.50,+0.75)",transmitted_energy_gain,0,183,0.0,0.0,0.02055999158292086,8,0.0,0.0
>=100 MeV,bottom,"[+0.50,+0.75)",reflected_to_outer_surface,8,183,0.04371584699453552,0.0223153521276963,0.08387873855179978,8,0.05063307106083087,0.01790149394970692
>=100 MeV,bottom,"[+0.50,+0.75)",relief_or_edge_exit,13,183,0.07103825136612021,0.041981931689040165,0.11773347092581546,8,0.04337061789773577,0.015333829009869803
>=100 MeV,bottom,"[+0.50,+0.75)",no_surviving_primary_exit,6,183,0.03278688524590164,0.01511147471989768,0.0696740911854546,8,0.027051650082432738,0.009564202607786907
>=100 MeV,bottom,"[+0.75,+1.00]",transmitted_unchanged,111,136,0.8161764705882353,0.7427080316999173,0.8722741111156114,8,0.09327695968004039,0.032978385359110365
>=100 MeV,bottom,"[+0.75,+1.00]",transmitted_mild_loss,3,136,0.022058823529411766,0.007529925310275402,0.06284590531741366,8,0.04099530207647551,0.014494028047533393
>=100 MeV,bottom,"[+0.75,+1.00]",transmitted_moderated_10_90pct,0,136,0.0,0.0,0.027470099733582408,8,0.0,0.0
>=100 MeV,bottom,"[+0.75,+1.00]",transmitted_strong_moderation,1,136,0.007352941176470588,0.001299156036095813,0.04047285399552214,8,0.01767766952966369,0.00625
>=100 MeV,bottom,"[+0.75,+1.00]",transmitted_energy_gain,0,136,0.0,0.0,0.027470099733582408,8,0.0,0.0
>=100 MeV,bottom,"[+0.75,+1.00]",reflected_to_outer_surface,8,136,0.058823529411764705,0.03010508522265045,0.11178029689521635,8,0.07221256350802159,0.025530996671693142
>=100 MeV,bottom,"[+0.75,+1.00]",relief_or_edge_exit,10,136,0.07352941176470588,0.04042734124573684,0.1300618614682011,8,0.06673005201784477,0.023592636145374546
>=100 MeV,bottom,"[+0.75,+1.00]",no_surviving_primary_exit,3,136,0.022058823529411766,0.007529925310275402,0.06284590531741366,8,0.03752719631146995,0.013267867495379598
>=100 MeV,side,"[-1.00,-0.75)",transmitted_unchanged,152,176,0.8636363636363636,0.8051156864385216,0.9066223123486148,8,0.07298240963978128,0.025803178381811898
>=100 MeV,side,"[-1.00,-0.75)",transmitted_mild_loss,3,176,0.017045454545454544,0.005813642625307883,0.04890932773552685,8,0.03787697996668839,0.013391534692656184
>=100 MeV,side,"[-1.00,-0.75)",transmitted_moderated_10_90pct,0,176,0.0,0.0,0.021360251667687728,8,0.0,0.0
>=100 MeV,side,"[-1.00,-0.75)",transmitted_strong_moderation,0,176,0.0,0.0,0.021360251667687728,8,0.0,0.0
>=100 MeV,side,"[-1.00,-0.75)",transmitted_energy_gain,0,176,0.0,0.0,0.021360251667687728,8,0.0,0.0
>=100 MeV,side,"[-1.00,-0.75)",reflected_to_outer_surface,12,176,0.06818181818181818,0.03942978702725185,0.11538133941302393,8,0.053068155707842825,0.018762426383039623
>=100 MeV,side,"[-1.00,-0.75)",relief_or_edge_exit,1,176,0.005681818181818182,0.0010036855324105573,0.03147747236632618,8,0.014142135623730952,0.005
>=100 MeV,side,"[-1.00,-0.75)",no_surviving_primary_exit,8,176,0.045454545454545456,0.02320977688004896,0.08711772463603079,8,0.030804366918174095,0.010890988368999726
>=100 MeV,side,"[-0.75,-0.50)",transmitted_unchanged,279,341,0.8181818181818182,0.773775121911161,0.8554995620033177,8,0.05015097478110849,0.017731047175418672
>=100 MeV,side,"[-0.75,-0.50)",transmitted_mild_loss,11,341,0.03225806451612903,0.018106125698011455,0.056831090114344826,8,0.0315645934385272,0.011159769032889493
>=100 MeV,side,"[-0.75,-0.50)",transmitted_moderated_10_90pct,1,341,0.002932551319648094,0.0005178550194774954,0.01642169407265033,8,0.007856742013183862,0.002777777777777778
>=100 MeV,side,"[-0.75,-0.50)",transmitted_strong_moderation,0,341,0.0,0.0,0.011139782420104985,8,0.0,0.0
>=100 MeV,side,"[-0.75,-0.50)",transmitted_energy_gain,0,341,0.0,0.0,0.011139782420104985,8,0.0,0.0
>=100 MeV,side,"[-0.75,-0.50)",reflected_to_outer_surface,29,341,0.08504398826979472,0.05986431070654253,0.11946870520222494,8,0.04742922138542899,0.016768762034017427
>=100 MeV,side,"[-0.75,-0.50)",relief_or_edge_exit,3,341,0.008797653958944282,0.002996418481237639,0.02554266395493588,8,0.017714852598639166,0.006263146200108943
>=100 MeV,side,"[-0.75,-0.50)",no_surviving_primary_exit,18,341,0.05278592375366569,0.03364719145618774,0.08188839106032847,8,0.026936601521392694,0.009523526798948323
>=100 MeV,side,"[-0.50,-0.25)",transmitted_unchanged,457,530,0.8622641509433963,0.8303075237311346,0.8890071597861255,8,0.03591490675951555,0.01269783705766801
>=100 MeV,side,"[-0.50,-0.25)",transmitted_mild_loss,6,530,0.011320754716981131,0.005198446647628981,0.024476016732733783,8,0.007313293433169025,0.0025856396897004324
>=100 MeV,side,"[-0.50,-0.25)",transmitted_moderated_10_90pct,2,530,0.0037735849056603774,0.0010354638026567114,0.013653277004429806,8,0.00767416374658162,0.0027132266125719125
>=100 MeV,side,"[-0.50,-0.25)",transmitted_strong_moderation,0,530,0.0,0.0,0.007195879520448391,8,0.0,0.0
>=100 MeV,side,"[-0.50,-0.25)",transmitted_energy_gain,0,530,0.0,0.0,0.007195879520448391,8,0.0,0.0
>=100 MeV,side,"[-0.50,-0.25)",reflected_to_outer_surface,39,530,0.07358490566037736,0.054293561284687986,0.09901311332520385,8,0.026464840774852765,0.009356734187460317
>=100 MeV,side,"[-0.50,-0.25)",relief_or_edge_exit,2,530,0.0037735849056603774,0.0010354638026567114,0.013653277004429806,8,0.007879817984046343,0.00278593636551744
>=100 MeV,side,"[-0.50,-0.25)",no_surviving_primary_exit,24,530,0.045283018867924525,0.030616261689589145,0.06649395327051674,8,0.0136924072227622,0.004840996998991406
>=100 MeV,side,"[-0.25,+0.00)",transmitted_unchanged,750,851,0.881316098707403,0.8578545531809048,0.901350552401287,8,0.024305798092834494,0.008593397326797161
>=100 MeV,side,"[-0.25,+0.00)",transmitted_mild_loss,10,851,0.011750881316098707,0.006395178315329792,0.021494740423034717,8,0.012476038707904282,0.004410945786352485
>=100 MeV,side,"[-0.25,+0.00)",transmitted_moderated_10_90pct,3,851,0.0035252643948296123,0.0011996167348323483,0.010312996182036491,8,0.004902232180862331,0.0017332008090193357
>=100 MeV,side,"[-0.25,+0.00)",transmitted_strong_moderation,2,851,0.0023501762632197414,0.0006447398706445262,0.00852825792886779,8,0.005656854249492381,0.002
>=100 MeV,side,"[-0.25,+0.00)",transmitted_energy_gain,0,851,0.0,0.0,0.004493767564799269,8,0.0,0.0
>=100 MeV,side,"[-0.25,+0.00)",reflected_to_outer_surface,57,851,0.06698002350176263,0.05205526988162488,0.08579655937249622,8,0.01506524333834751,0.005326367862385492
>=100 MeV,side,"[-0.25,+0.00)",relief_or_edge_exit,5,851,0.005875440658049354,0.0025121708919227295,0.013679672259659157,8,0.007332646379489339,0.002592481989489949
>=100 MeV,side,"[-0.25,+0.00)",no_surviving_primary_exit,24,851,0.0282021151586369,0.019023830489584136,0.0416206998917717,8,0.015520297247696395,0.005487253714938515
>=100 MeV,side,"[+0.00,+0.25)",transmitted_unchanged,1167,1367,0.8536942209217264,0.8339684514239497,0.8714377016930487,8,0.014429350339027385,0.005101545736421336
>=100 MeV,side,"[+0.00,+0.25)",transmitted_mild_loss,19,1367,0.013899049012435992,0.008915919693331283,0.0216065441200184,8,0.00610582842408453,0.002158736341715871
>=100 MeV,side,"[+0.00,+0.25)",transmitted_moderated_10_90pct,2,1367,0.001463057790782736,0.00040131495016568946,0.005318864265481879,8,0.002645776176168142,0.0009354231378351533
>=100 MeV,side,"[+0.00,+0.25)",transmitted_strong_moderation,2,1367,0.001463057790782736,0.00040131495016568946,0.005318864265481879,8,0.0026743183350569845,0.0009455143148851555
>=100 MeV,side,"[+0.00,+0.25)",transmitted_energy_gain,0,1367,0.0,2.168404344971009e-19,0.0028022633806237887,8,0.0,0.0
>=100 MeV,side,"[+0.00,+0.25)",reflected_to_outer_surface,118,1367,0.08632040965618142,0.07256803936139825,0.10239125828562842,8,0.013789675234390026,0.0048753864342986905
>=100 MeV,side,"[+0.00,+0.25)",relief_or_edge_exit,6,1367,0.0043891733723482075,0.002013103164060405,0.009542907721634717,8,0.004953289660172508,0.001751252353944595
>=100 MeV,side,"[+0.00,+0.25)",no_surviving_primary_exit,53,1367,0.038771031455742504,0.029762797261705255,0.05036423574704866,8,0.007105132396384527,0.002512043649355862
>=100 MeV,side,"[+0.25,+0.50)",transmitted_unchanged,758,897,0.8450390189520625,0.8198913761696022,0.8672439615071771,8,0.042343852496728666,0.01497081262099988
>=100 MeV,side,"[+0.25,+0.50)",transmitted_mild_loss,16,897,0.017837235228539576,0.011008837544454855,0.028777806897525814,8,0.017732438276715057,0.006269363676218556
>=100 MeV,side,"[+0.25,+0.50)",transmitted_moderated_10_90pct,6,897,0.006688963210702341,0.0030691117672401414,0.014516067806347014,8,0.009397321910531097,0.00332245502396473
>=100 MeV,side,"[+0.25,+0.50)",transmitted_strong_moderation,2,897,0.002229654403567447,0.000611664759770984,0.00809292886645877,8,0.004475821180636296,0.001582441754103152
>=100 MeV,side,"[+0.25,+0.50)",transmitted_energy_gain,0,897,0.0,0.0,0.00426430065255105,8,0.0,0.0
>=100 MeV,side,"[+0.25,+0.50)",reflected_to_outer_surface,74,897,0.08249721293199554,0.06622374370629654,0.1023313969723665,8,0.027094420445566647,0.009579324214689806
>=100 MeV,side,"[+0.25,+0.50)",relief_or_edge_exit,7,897,0.007803790412486065,0.003785205833725328,0.01602012022670118,8,0.008235912643676022,0.0029118348398016703
>=100 MeV,side,"[+0.25,+0.50)",no_surviving_primary_exit,34,897,0.0379041248606466,0.02724962974319666,0.05249965146189233,8,0.01797925363955727,0.006356626084601929
>=100 MeV,side,"[+0.50,+0.75)",transmitted_unchanged,409,483,0.8467908902691511,0.8119425198429612,0.8761665019554102,8,0.03720193808973015,0.013152871348265151
>=100 MeV,side,"[+0.50,+0.75)",transmitted_mild_loss,6,483,0.012422360248447204,0.005705377201408061,0.02683387871789647,8,0.019977125058694832,0.00706298029880741
>=100 MeV,side,"[+0.50,+0.75)",transmitted_moderated_10_90pct,1,483,0.002070393374741201,0.00036556880775304515,0.011633119296674726,8,0.005795957222840554,0.0020491803278688526
>=100 MeV,side,"[+0.50,+0.75)",transmitted_strong_moderation,1,483,0.002070393374741201,0.00036556880775304515,0.011633119296674726,8,0.0059924303490385385,0.00211864406779661
>=100 MeV,side,"[+0.50,+0.75)",transmitted_energy_gain,0,483,0.0,8.673617379884035e-19,0.007890574541452419,8,0.0,0.0
>=100 MeV,side,"[+0.50,+0.75)",reflected_to_outer_surface,48,483,0.09937888198757763,0.07577771411097284,0.12930231145329646,8,0.026830438133152366,0.009485992373079085
>=100 MeV,side,"[+0.50,+0.75)",relief_or_edge_exit,1,483,0.002070393374741201,0.00036556880775304515,0.011633119296674726,8,0.007215375318230077,0.002551020408163265
>=100 MeV,side,"[+0.50,+0.75)",no_surviving_primary_exit,17,483,0.035196687370600416,0.02208932417206726,0.05563918093996614,8,0.02233897687068863,0.007898021015016684
>=100 MeV,side,"[+0.75,+1.00]",transmitted_unchanged,211,257,0.8210116731517509,0.7695237167219671,0.8630444369219794,8,0.0614628771954268,0.021730408628061148
>=100 MeV,side,"[+0.75,+1.00]",transmitted_mild_loss,4,257,0.01556420233463035,0.006068827889100081,0.03932832206639876,8,0.028562239538012204,0.010098276631601476
>=100 MeV,side,"[+0.75,+1.00]",transmitted_moderated_10_90pct,1,257,0.0038910505836575876,0.000687196508130386,0.02170747513304312,8,0.008838834764831846,0.003125
>=100 MeV,side,"[+0.75,+1.00]",transmitted_strong_moderation,1,257,0.0038910505836575876,0.000687196508130386,0.02170747513304312,8,0.010398629135096286,0.0036764705882352936
>=100 MeV,side,"[+0.75,+1.00]",transmitted_energy_gain,0,257,0.0,0.0,0.014727178869731728,8,0.0,0.0
>=100 MeV,side,"[+0.75,+1.00]",reflected_to_outer_surface,31,257,0.12062256809338522,0.0862927019516722,0.16612675283275463,8,0.05377150185135584,0.019011096796839353
>=100 MeV,side,"[+0.75,+1.00]",relief_or_edge_exit,1,257,0.0038910505836575876,0.000687196508130386,0.02170747513304312,8,0.011404948083653992,0.004032258064516128
>=100 MeV,side,"[+0.75,+1.00]",no_surviving_primary_exit,8,257,0.0311284046692607,0.015855994046279496,0.06021112699498646,8,0.03495647920828514,0.012358981747292488
>=100 MeV,top,"[-1.00,-0.75)",transmitted_unchanged,72,88,0.8181818181818182,0.7248774097917624,0.8848690023305791,8,0.0838135400204874,0.02963256125186836
>=100 MeV,top,"[-1.00,-0.75)",transmitted_mild_loss,1,88,0.011363636363636364,0.0020087853177044694,0.061594938922985634,8,0.027196414661021063,0.009615384615384616
>=100 MeV,top,"[-1.00,-0.75)",transmitted_moderated_10_90pct,0,88,0.0,0.0,0.0418270666648922,8,0.0,0.0
>=100 MeV,top,"[-1.00,-0.75)",transmitted_strong_moderation,0,88,0.0,0.0,0.0418270666648922,8,0.0,0.0
>=100 MeV,top,"[-1.00,-0.75)",transmitted_energy_gain,0,88,0.0,0.0,0.0418270666648922,8,0.0,0.0
>=100 MeV,top,"[-1.00,-0.75)",reflected_to_outer_surface,8,88,0.09090909090909091,0.046786421476167094,0.16925390579510832,8,0.07776693531589823,0.027494763656983622
>=100 MeV,top,"[-1.00,-0.75)",relief_or_edge_exit,7,88,0.07954545454545454,0.03906485712225405,0.15519881257322346,8,0.07178689378017528,0.025380499696140164
>=100 MeV,top,"[-1.00,-0.75)",no_surviving_primary_exit,0,88,0.0,0.0,0.0418270666648922,8,0.0,0.0
>=100 MeV,top,"[-0.75,-0.50)",transmitted_unchanged,118,143,0.8251748251748252,0.754649303435526,0.8786868180311022,8,0.09052796590915795,0.03200646929069509
>=100 MeV,top,"[-0.75,-0.50)",transmitted_mild_loss,1,143,0.006993006993006993,0.0012355058901738283,0.03854521317655134,8,0.027196414661021063,0.009615384615384616
>=100 MeV,top,"[-0.75,-0.50)",transmitted_moderated_10_90pct,0,143,0.0,0.0,0.026160587422281553,8,0.0,0.0
>=100 MeV,top,"[-0.75,-0.50)",transmitted_strong_moderation,0,143,0.0,0.0,0.026160587422281553,8,0.0,0.0
>=100 MeV,top,"[-0.75,-0.50)",transmitted_energy_gain,0,143,0.0,0.0,0.026160587422281553,8,0.0,0.0
>=100 MeV,top,"[-0.75,-0.50)",reflected_to_outer_surface,7,143,0.04895104895104895,0.02391143972946798,0.09759006920391887,8,0.040941958332073786,0.014475168185833222
>=100 MeV,top,"[-0.75,-0.50)",relief_or_edge_exit,12,143,0.08391608391608392,0.04865396246081353,0.14094820469479138,8,0.05667539819437453,0.02003777919484502
>=100 MeV,top,"[-0.75,-0.50)",no_surviving_primary_exit,5,143,0.03496503496503497,0.015025721955368145,0.07923552368913148,8,0.05624321103822987,0.01988497796041921
>=100 MeV,top,"[-0.50,-0.25)",transmitted_unchanged,135,166,0.8132530120481928,0.7471319732559502,0.8652037940068321,8,0.07627803740175505,0.026968358751191048
>=100 MeV,top,"[-0.50,-0.25)",transmitted_mild_loss,4,166,0.024096385542168676,0.009409601294356727,0.06031105997949307,8,0.02449104407316398,0.008658891671236426
>=100 MeV,top,"[-0.50,-0.25)",transmitted_moderated_10_90pct,0,166,0.0,1.734723475976807e-18,0.02261790994594346,8,0.0,0.0
>=100 MeV,top,"[-0.50,-0.25)",transmitted_strong_moderation,1,166,0.006024096385542169,0.001064193619680201,0.03332940415823985,8,0.01767766952966369,0.00625
>=100 MeV,top,"[-0.50,-0.25)",transmitted_energy_gain,0,166,0.0,1.734723475976807e-18,0.02261790994594346,8,0.0,0.0
>=100 MeV,top,"[-0.50,-0.25)",reflected_to_outer_surface,16,166,0.0963855421686747,0.06020163030645203,0.15082728495111677,8,0.07814186766313537,0.027627322259592406
>=100 MeV,top,"[-0.50,-0.25)",relief_or_edge_exit,8,166,0.04819277108433735,0.024619468718975003,0.09220394388278114,8,0.03618024061926402,0.01279164674342128
>=100 MeV,top,"[-0.50,-0.25)",no_surviving_primary_exit,2,166,0.012048192771084338,0.0033102913258154093,0.04285899428408123,8,0.02260337803100896,0.007991500941724733
>=100 MeV,top,"[-0.25,+0.00)",transmitted_unchanged,146,175,0.8342857142857143,0.7721400071579935,0.8820707154088797,8,0.10355335572869605,0.03661164002519189
>=100 MeV,top,"[-0.25,+0.00)",transmitted_mild_loss,3,175,0.017142857142857144,0.005846959716983152,0.04918199657531113,8,0.02319204153349842,0.008199624918948394
>=100 MeV,top,"[-0.25,+0.00)",transmitted_moderated_10_90pct,0,175,0.0,0.0,0.02147968846835207,8,0.0,0.0
>=100 MeV,top,"[-0.25,+0.00)",transmitted_strong_moderation,0,175,0.0,0.0,0.02147968846835207,8,0.0,0.0
>=100 MeV,top,"[-0.25,+0.00)",transmitted_energy_gain,0,175,0.0,0.0,0.02147968846835207,8,0.0,0.0
>=100 MeV,top,"[-0.25,+0.00)",reflected_to_outer_surface,13,175,0.07428571428571429,0.043924003825929425,0.1229358452128389,8,0.08437831030653785,0.029832237701407832
>=100 MeV,top,"[-0.25,+0.00)",relief_or_edge_exit,8,175,0.045714285714285714,0.023343439021955972,0.08760096364357534,8,0.03141725988305405,0.011107678754803799
>=100 MeV,top,"[-0.25,+0.00)",no_surviving_primary_exit,5,175,0.02857142857142857,0.01226445119813369,0.0651306836434554,8,0.03437602673011758,0.01215376080555808
>=100 MeV,top,"[+0.00,+0.25)",transmitted_unchanged,115,165,0.696969696969697,0.6230235657608585,0.7619529705354109,8,0.0899237267444721,0.031792838485291165
>=100 MeV,top,"[+0.00,+0.25)",transmitted_mild_loss,4,165,0.024242424242424242,0.009466869080261897,0.06066672786567241,8,0.04034242937848353,0.014263202691532549
>=100 MeV,top,"[+0.00,+0.25)",transmitted_moderated_10_90pct,1,165,0.006060606060606061,0.001070648118628812,0.03352665316918832,8,0.016835875742536845,0.005952380952380951
>=100 MeV,top,"[+0.00,+0.25)",transmitted_strong_moderation,0,165,0.0,0.0,0.022751869401778084,8,0.0,0.0
>=100 MeV,top,"[+0.00,+0.25)",transmitted_energy_gain,0,165,0.0,0.0,0.022751869401778084,8,0.0,0.0
>=100 MeV,top,"[+0.00,+0.25)",reflected_to_outer_surface,15,165,0.09090909090909091,0.0558663538315333,0.1445669938608306,8,0.0662351891849229,0.023417675712916426
>=100 MeV,top,"[+0.00,+0.25)",relief_or_edge_exit,20,165,0.12121212121212122,0.07985230358350204,0.17980820353905713,8,0.06428632606162558,0.022728648547872463
>=100 MeV,top,"[+0.00,+0.25)",no_surviving_primary_exit,10,165,0.06060606060606061,0.0332497530900004,0.10795643517216823,8,0.05781764773068338,0.020441625391310607
>=100 MeV,top,"[+0.25,+0.50)",transmitted_unchanged,48,67,0.7164179104477612,0.5990676171551951,0.8102971881828981,8,0.0989177860377775,0.03497271864363623
>=100 MeV,top,"[+0.25,+0.50)",transmitted_mild_loss,0,67,0.0,0.0,0.05422613939130178,8,0.0,0.0
>=100 MeV,top,"[+0.25,+0.50)",transmitted_moderated_10_90pct,0,67,0.0,0.0,0.05422613939130178,8,0.0,0.0
>=100 MeV,top,"[+0.25,+0.50)",transmitted_strong_moderation,0,67,0.0,0.0,0.05422613939130178,8,0.0,0.0
>=100 MeV,top,"[+0.25,+0.50)",transmitted_energy_gain,0,67,0.0,0.0,0.05422613939130178,8,0.0,0.0
>=100 MeV,top,"[+0.25,+0.50)",reflected_to_outer_surface,5,67,0.07462686567164178,0.03229604916632263,0.16309036792776987,8,0.12935208375197024,0.045732867790814195
>=100 MeV,top,"[+0.25,+0.50)",relief_or_edge_exit,10,67,0.14925373134328357,0.08314273433779819,0.2534039604590851,8,0.12418524738701577,0.04390611527534391
>=100 MeV,top,"[+0.25,+0.50)",no_surviving_primary_exit,4,67,0.05970149253731343,0.023459351139819028,0.14369501041371535,8,0.06692228260466482,0.02366059992112051
>=100 MeV,top,"[+0.50,+0.75)",transmitted_unchanged,7,12,0.5833333333333334,0.31951131254954973,0.8067396863412435,6,0.38968173148333735,0.1590869007030706
>=100 MeV,top,"[+0.50,+0.75)",transmitted_mild_loss,0,12,0.0,2.7755575615628914e-17,0.24249400665524085,6,0.0,0.0
>=100 MeV,top,"[+0.50,+0.75)",transmitted_moderated_10_90pct,0,12,0.0,2.7755575615628914e-17,0.24249400665524085,6,0.0,0.0
>=100 MeV,top,"[+0.50,+0.75)",transmitted_strong_moderation,0,12,0.0,2.7755575615628914e-17,0.24249400665524085,6,0.0,0.0
>=100 MeV,top,"[+0.50,+0.75)",transmitted_energy_gain,0,12,0.0,2.7755575615628914e-17,0.24249400665524085,6,0.0,0.0
>=100 MeV,top,"[+0.50,+0.75)",reflected_to_outer_surface,1,12,0.08333333333333333,0.014865094404917095,0.35387991114111694,6,0.13608276348795434,0.05555555555555556
>=100 MeV,top,"[+0.50,+0.75)",relief_or_edge_exit,2,12,0.16666666666666666,0.04696514218385378,0.4480308622529734,6,0.4183300132670378,0.17078251276599332
>=100 MeV,top,"[+0.50,+0.75)",no_surviving_primary_exit,2,12,0.16666666666666666,0.04696514218385378,0.4480308622529734,6,0.4183300132670378,0.17078251276599332
