tag,files,division,is_gamma,gamma_div_mode,tt_count,tt_files,tt_line_count,tt_sum_s,tt_mean_s,tt_min_s,tt_max_s,tt_relative_spread,rp_raw_total,rp_scaled_total,warnings
alpha,1,1.0,False,,1,1,1,18.1616,18.1616,18.1616,18.1616,0.0,0.0,0.0,
eminus,1,1.0,False,,1,1,1,18.3642,18.3642,18.3642,18.3642,0.0,0.0,0.0,
eplus,1,1.0,False,,1,1,1,18.3432,18.3432,18.3432,18.3432,0.0,0.0,0.0,
gamma,12,12.0,True,auto,12,12,12,18.40767,1.5339725,1.52432,1.54606,0.014172353154962096,0.0,0.0,
muminus,1,1.0,False,,1,1,1,18.5947,18.5947,18.5947,18.5947,0.0,62.0,62.0,
muplus,1,1.0,False,,1,1,1,18.4413,18.4413,18.4413,18.4413,0.0,0.0,0.0,
n,1,1.0,False,,1,1,1,18.3858,18.3858,18.3858,18.3858,0.0,704.0,704.0,
p,1,1.0,False,,1,1,1,18.6394,18.6394,18.6394,18.6394,0.0,14.0,14.0,
