category,path,size_bytes,geometry
Mass_model_511 fullstat buildup detector transport,runs/Mass_model_511_nearfield_migration_20260701/step02_buildup_candidate_Mass_model_511_fullstat_v1/Background_alpha_fullsphere20_rep01_part01.inc1.id1.sim.gz,36000568,/home/ubuntu/TES_511_Balloon/outputs/geometry/DEMO2_DR_v3p5_Mass_model_511_stage_diam_300_300_300_350_350_400_20260701_megalib_proxy/DEMO2_DR_v3p5_minpatch_centerfinger_megalib_proxy.geo.setup
Mass_model_511 fullstat buildup detector transport,runs/Mass_model_511_nearfield_migration_20260701/step02_buildup_candidate_Mass_model_511_fullstat_v1/Background_alpha_fullsphere20_rep02_part01.inc1.id1.sim.gz,34326362,/home/ubuntu/TES_511_Balloon/outputs/geometry/DEMO2_DR_v3p5_Mass_model_511_stage_diam_300_300_300_350_350_400_20260701_megalib_proxy/DEMO2_DR_v3p5_minpatch_centerfinger_megalib_proxy.geo.setup
Mass_model_511 fullstat buildup detector transport,runs/Mass_model_511_nearfield_migration_20260701/step02_buildup_candidate_Mass_model_511_fullstat_v1/Background_alpha_fullsphere20_rep03_part01.inc1.id1.sim.gz,37531623,/home/ubuntu/TES_511_Balloon/outputs/geometry/DEMO2_DR_v3p5_Mass_model_511_stage_diam_300_300_300_350_350_400_20260701_megalib_proxy/DEMO2_DR_v3p5_minpatch_centerfinger_megalib_proxy.geo.setup
Mass_model_511 fullstat buildup detector transport,runs/Mass_model_511_nearfield_migration_20260701/step02_buildup_candidate_Mass_model_511_fullstat_v1/Background_alpha_fullsphere20_rep04_part01.inc1.id1.sim.gz,35800815,/home/ubuntu/TES_511_Balloon/outputs/geometry/DEMO2_DR_v3p5_Mass_model_511_stage_diam_300_300_300_350_350_400_20260701_megalib_proxy/DEMO2_DR_v3p5_minpatch_centerfinger_megalib_proxy.geo.setup
Mass_model_511 fullstat buildup detector transport,runs/Mass_model_511_nearfield_migration_20260701/step02_buildup_candidate_Mass_model_511_fullstat_v1/Background_alpha_fullsphere20_rep05_part01.inc1.id1.sim.gz,34218115,/home/ubuntu/TES_511_Balloon/outputs/geometry/DEMO2_DR_v3p5_Mass_model_511_stage_diam_300_300_300_350_350_400_20260701_megalib_proxy/DEMO2_DR_v3p5_minpatch_centerfinger_megalib_proxy.geo.setup
Mass_model_511 fullstat buildup detector transport,runs/Mass_model_511_nearfield_migration_20260701/step02_buildup_candidate_Mass_model_511_fullstat_v1/Background_alpha_fullsphere20_rep06_part01.inc1.id1.sim.gz,35007272,/home/ubuntu/TES_511_Balloon/outputs/geometry/DEMO2_DR_v3p5_Mass_model_511_stage_diam_300_300_300_350_350_400_20260701_megalib_proxy/DEMO2_DR_v3p5_minpatch_centerfinger_megalib_proxy.geo.setup
Mass_model_511 fullstat buildup detector transport,runs/Mass_model_511_nearfield_migration_20260701/step02_buildup_candidate_Mass_model_511_fullstat_v1/Background_alpha_fullsphere20_rep07_part01.inc1.id1.sim.gz,35710764,/home/ubuntu/TES_511_Balloon/outputs/geometry/DEMO2_DR_v3p5_Mass_model_511_stage_diam_300_300_300_350_350_400_20260701_megalib_proxy/DEMO2_DR_v3p5_minpatch_centerfinger_megalib_proxy.geo.setup
Mass_model_511 fullstat buildup detector transport,runs/Mass_model_511_nearfield_migration_20260701/step02_buildup_candidate_Mass_model_511_fullstat_v1/Background_alpha_fullsphere20_rep08_part01.inc1.id1.sim.gz,35860942,/home/ubuntu/TES_511_Balloon/outputs/geometry/DEMO2_DR_v3p5_Mass_model_511_stage_diam_300_300_300_350_350_400_20260701_megalib_proxy/DEMO2_DR_v3p5_minpatch_centerfinger_megalib_proxy.geo.setup
Mass_model_511 fullstat buildup detector transport,runs/Mass_model_511_nearfield_migration_20260701/step02_buildup_candidate_Mass_model_511_fullstat_v1/Background_eminus_fullsphere20_rep01_part01.inc1.id1.sim.gz,56104202,/home/ubuntu/TES_511_Balloon/outputs/geometry/DEMO2_DR_v3p5_Mass_model_511_stage_diam_300_300_300_350_350_400_20260701_megalib_proxy/DEMO2_DR_v3p5_minpatch_centerfinger_megalib_proxy.geo.setup
Mass_model_511 fullstat buildup detector transport,runs/Mass_model_511_nearfield_migration_20260701/step02_buildup_candidate_Mass_model_511_fullstat_v1/Background_eminus_fullsphere20_rep02_part01.inc1.id1.sim.gz,55962393,/home/ubuntu/TES_511_Balloon/outputs/geometry/DEMO2_DR_v3p5_Mass_model_511_stage_diam_300_300_300_350_350_400_20260701_megalib_proxy/DEMO2_DR_v3p5_minpatch_centerfinger_megalib_proxy.geo.setup
Mass_model_511 fullstat buildup detector transport,runs/Mass_model_511_nearfield_migration_20260701/step02_buildup_candidate_Mass_model_511_fullstat_v1/Background_eminus_fullsphere20_rep03_part01.inc1.id1.sim.gz,55855223,/home/ubuntu/TES_511_Balloon/outputs/geometry/DEMO2_DR_v3p5_Mass_model_511_stage_diam_300_300_300_350_350_400_20260701_megalib_proxy/DEMO2_DR_v3p5_minpatch_centerfinger_megalib_proxy.geo.setup
Mass_model_511 fullstat buildup detector transport,runs/Mass_model_511_nearfield_migration_20260701/step02_buildup_candidate_Mass_model_511_fullstat_v1/Background_eminus_fullsphere20_rep04_part01.inc1.id1.sim.gz,55895411,/home/ubuntu/TES_511_Balloon/outputs/geometry/DEMO2_DR_v3p5_Mass_model_511_stage_diam_300_300_300_350_350_400_20260701_megalib_proxy/DEMO2_DR_v3p5_minpatch_centerfinger_megalib_proxy.geo.setup
Mass_model_511 fullstat buildup detector transport,runs/Mass_model_511_nearfield_migration_20260701/step02_buildup_candidate_Mass_model_511_fullstat_v1/Background_eminus_fullsphere20_rep05_part01.inc1.id1.sim.gz,56016504,/home/ubuntu/TES_511_Balloon/outputs/geometry/DEMO2_DR_v3p5_Mass_model_511_stage_diam_300_300_300_350_350_400_20260701_megalib_proxy/DEMO2_DR_v3p5_minpatch_centerfinger_megalib_proxy.geo.setup
Mass_model_511 fullstat buildup detector transport,runs/Mass_model_511_nearfield_migration_20260701/step02_buildup_candidate_Mass_model_511_fullstat_v1/Background_eminus_fullsphere20_rep06_part01.inc1.id1.sim.gz,55901312,/home/ubuntu/TES_511_Balloon/outputs/geometry/DEMO2_DR_v3p5_Mass_model_511_stage_diam_300_300_300_350_350_400_20260701_megalib_proxy/DEMO2_DR_v3p5_minpatch_centerfinger_megalib_proxy.geo.setup
Mass_model_511 fullstat buildup detector transport,runs/Mass_model_511_nearfield_migration_20260701/step02_buildup_candidate_Mass_model_511_fullstat_v1/Background_eminus_fullsphere20_rep07_part01.inc1.id1.sim.gz,55858484,/home/ubuntu/TES_511_Balloon/outputs/geometry/DEMO2_DR_v3p5_Mass_model_511_stage_diam_300_300_300_350_350_400_20260701_megalib_proxy/DEMO2_DR_v3p5_minpatch_centerfinger_megalib_proxy.geo.setup
Mass_model_511 fullstat buildup detector transport,runs/Mass_model_511_nearfield_migration_20260701/step02_buildup_candidate_Mass_model_511_fullstat_v1/Background_eminus_fullsphere20_rep08_part01.inc1.id1.sim.gz,56011512,/home/ubuntu/TES_511_Balloon/outputs/geometry/DEMO2_DR_v3p5_Mass_model_511_stage_diam_300_300_300_350_350_400_20260701_megalib_proxy/DEMO2_DR_v3p5_minpatch_centerfinger_megalib_proxy.geo.setup
Mass_model_511 fullstat buildup detector transport,runs/Mass_model_511_nearfield_migration_20260701/step02_buildup_candidate_Mass_model_511_fullstat_v1/Background_eplus_fullsphere20_rep01_part01.inc1.id1.sim.gz,93971201,/home/ubuntu/TES_511_Balloon/outputs/geometry/DEMO2_DR_v3p5_Mass_model_511_stage_diam_300_300_300_350_350_400_20260701_megalib_proxy/DEMO2_DR_v3p5_minpatch_centerfinger_megalib_proxy.geo.setup
Mass_model_511 fullstat buildup detector transport,runs/Mass_model_511_nearfield_migration_20260701/step02_buildup_candidate_Mass_model_511_fullstat_v1/Background_eplus_fullsphere20_rep02_part01.inc1.id1.sim.gz,95277907,/home/ubuntu/TES_511_Balloon/outputs/geometry/DEMO2_DR_v3p5_Mass_model_511_stage_diam_300_300_300_350_350_400_20260701_megalib_proxy/DEMO2_DR_v3p5_minpatch_centerfinger_megalib_proxy.geo.setup
Mass_model_511 fullstat buildup detector transport,runs/Mass_model_511_nearfield_migration_20260701/step02_buildup_candidate_Mass_model_511_fullstat_v1/Background_eplus_fullsphere20_rep03_part01.inc1.id1.sim.gz,95173377,/home/ubuntu/TES_511_Balloon/outputs/geometry/DEMO2_DR_v3p5_Mass_model_511_stage_diam_300_300_300_350_350_400_20260701_megalib_proxy/DEMO2_DR_v3p5_minpatch_centerfinger_megalib_proxy.geo.setup
Mass_model_511 fullstat buildup detector transport,runs/Mass_model_511_nearfield_migration_20260701/step02_buildup_candidate_Mass_model_511_fullstat_v1/Background_eplus_fullsphere20_rep04_part01.inc1.id1.sim.gz,93728228,/home/ubuntu/TES_511_Balloon/outputs/geometry/DEMO2_DR_v3p5_Mass_model_511_stage_diam_300_300_300_350_350_400_20260701_megalib_proxy/DEMO2_DR_v3p5_minpatch_centerfinger_megalib_proxy.geo.setup
Mass_model_511 fullstat buildup detector transport,runs/Mass_model_511_nearfield_migration_20260701/step02_buildup_candidate_Mass_model_511_fullstat_v1/Background_eplus_fullsphere20_rep05_part01.inc1.id1.sim.gz,95022311,/home/ubuntu/TES_511_Balloon/outputs/geometry/DEMO2_DR_v3p5_Mass_model_511_stage_diam_300_300_300_350_350_400_20260701_megalib_proxy/DEMO2_DR_v3p5_minpatch_centerfinger_megalib_proxy.geo.setup
Mass_model_511 fullstat buildup detector transport,runs/Mass_model_511_nearfield_migration_20260701/step02_buildup_candidate_Mass_model_511_fullstat_v1/Background_eplus_fullsphere20_rep06_part01.inc1.id1.sim.gz,94730335,/home/ubuntu/TES_511_Balloon/outputs/geometry/DEMO2_DR_v3p5_Mass_model_511_stage_diam_300_300_300_350_350_400_20260701_megalib_proxy/DEMO2_DR_v3p5_minpatch_centerfinger_megalib_proxy.geo.setup
Mass_model_511 fullstat buildup detector transport,runs/Mass_model_511_nearfield_migration_20260701/step02_buildup_candidate_Mass_model_511_fullstat_v1/Background_eplus_fullsphere20_rep07_part01.inc1.id1.sim.gz,93902745,/home/ubuntu/TES_511_Balloon/outputs/geometry/DEMO2_DR_v3p5_Mass_model_511_stage_diam_300_300_300_350_350_400_20260701_megalib_proxy/DEMO2_DR_v3p5_minpatch_centerfinger_megalib_proxy.geo.setup
Mass_model_511 fullstat buildup detector transport,runs/Mass_model_511_nearfield_migration_20260701/step02_buildup_candidate_Mass_model_511_fullstat_v1/Background_eplus_fullsphere20_rep08_part01.inc1.id1.sim.gz,93699738,/home/ubuntu/TES_511_Balloon/outputs/geometry/DEMO2_DR_v3p5_Mass_model_511_stage_diam_300_300_300_350_350_400_20260701_megalib_proxy/DEMO2_DR_v3p5_minpatch_centerfinger_megalib_proxy.geo.setup
Mass_model_511 fullstat buildup detector transport,runs/Mass_model_511_nearfield_migration_20260701/step02_buildup_candidate_Mass_model_511_fullstat_v1/Background_gamma_fullsphere20_rep01_part01.inc1.id1.sim.gz,89588161,/home/ubuntu/TES_511_Balloon/outputs/geometry/DEMO2_DR_v3p5_Mass_model_511_stage_diam_300_300_300_350_350_400_20260701_megalib_proxy/DEMO2_DR_v3p5_minpatch_centerfinger_megalib_proxy.geo.setup
Mass_model_511 fullstat buildup detector transport,runs/Mass_model_511_nearfield_migration_20260701/step02_buildup_candidate_Mass_model_511_fullstat_v1/Background_gamma_fullsphere20_rep01_part02.inc1.id1.sim.gz,89232808,/home/ubuntu/TES_511_Balloon/outputs/geometry/DEMO2_DR_v3p5_Mass_model_511_stage_diam_300_300_300_350_350_400_20260701_megalib_proxy/DEMO2_DR_v3p5_minpatch_centerfinger_megalib_proxy.geo.setup
Mass_model_511 fullstat buildup detector transport,runs/Mass_model_511_nearfield_migration_20260701/step02_buildup_candidate_Mass_model_511_fullstat_v1/Background_gamma_fullsphere20_rep01_part03.inc1.id1.sim.gz,89591229,/home/ubuntu/TES_511_Balloon/outputs/geometry/DEMO2_DR_v3p5_Mass_model_511_stage_diam_300_300_300_350_350_400_20260701_megalib_proxy/DEMO2_DR_v3p5_minpatch_centerfinger_megalib_proxy.geo.setup
Mass_model_511 fullstat buildup detector transport,runs/Mass_model_511_nearfield_migration_20260701/step02_buildup_candidate_Mass_model_511_fullstat_v1/Background_gamma_fullsphere20_rep01_part04.inc1.id1.sim.gz,89200875,/home/ubuntu/TES_511_Balloon/outputs/geometry/DEMO2_DR_v3p5_Mass_model_511_stage_diam_300_300_300_350_350_400_20260701_megalib_proxy/DEMO2_DR_v3p5_minpatch_centerfinger_megalib_proxy.geo.setup
Mass_model_511 fullstat buildup detector transport,runs/Mass_model_511_nearfield_migration_20260701/step02_buildup_candidate_Mass_model_511_fullstat_v1/Background_gamma_fullsphere20_rep01_part05.inc1.id1.sim.gz,89389604,/home/ubuntu/TES_511_Balloon/outputs/geometry/DEMO2_DR_v3p5_Mass_model_511_stage_diam_300_300_300_350_350_400_20260701_megalib_proxy/DEMO2_DR_v3p5_minpatch_centerfinger_megalib_proxy.geo.setup
Mass_model_511 fullstat buildup detector transport,runs/Mass_model_511_nearfield_migration_20260701/step02_buildup_candidate_Mass_model_511_fullstat_v1/Background_gamma_fullsphere20_rep01_part06.inc1.id1.sim.gz,89274450,/home/ubuntu/TES_511_Balloon/outputs/geometry/DEMO2_DR_v3p5_Mass_model_511_stage_diam_300_300_300_350_350_400_20260701_megalib_proxy/DEMO2_DR_v3p5_minpatch_centerfinger_megalib_proxy.geo.setup
Mass_model_511 fullstat buildup detector transport,runs/Mass_model_511_nearfield_migration_20260701/step02_buildup_candidate_Mass_model_511_fullstat_v1/Background_gamma_fullsphere20_rep01_part07.inc1.id1.sim.gz,89202995,/home/ubuntu/TES_511_Balloon/outputs/geometry/DEMO2_DR_v3p5_Mass_model_511_stage_diam_300_300_300_350_350_400_20260701_megalib_proxy/DEMO2_DR_v3p5_minpatch_centerfinger_megalib_proxy.geo.setup
Mass_model_511 fullstat buildup detector transport,runs/Mass_model_511_nearfield_migration_20260701/step02_buildup_candidate_Mass_model_511_fullstat_v1/Background_gamma_fullsphere20_rep01_part08.inc1.id1.sim.gz,89696720,/home/ubuntu/TES_511_Balloon/outputs/geometry/DEMO2_DR_v3p5_Mass_model_511_stage_diam_300_300_300_350_350_400_20260701_megalib_proxy/DEMO2_DR_v3p5_minpatch_centerfinger_megalib_proxy.geo.setup
Mass_model_511 fullstat buildup detector transport,runs/Mass_model_511_nearfield_migration_20260701/step02_buildup_candidate_Mass_model_511_fullstat_v1/Background_gamma_fullsphere20_rep01_part09.inc1.id1.sim.gz,89254693,/home/ubuntu/TES_511_Balloon/outputs/geometry/DEMO2_DR_v3p5_Mass_model_511_stage_diam_300_300_300_350_350_400_20260701_megalib_proxy/DEMO2_DR_v3p5_minpatch_centerfinger_megalib_proxy.geo.setup
Mass_model_511 fullstat buildup detector transport,runs/Mass_model_511_nearfield_migration_20260701/step02_buildup_candidate_Mass_model_511_fullstat_v1/Background_gamma_fullsphere20_rep01_part10.inc1.id1.sim.gz,89412592,/home/ubuntu/TES_511_Balloon/outputs/geometry/DEMO2_DR_v3p5_Mass_model_511_stage_diam_300_300_300_350_350_400_20260701_megalib_proxy/DEMO2_DR_v3p5_minpatch_centerfinger_megalib_proxy.geo.setup
Mass_model_511 fullstat buildup detector transport,runs/Mass_model_511_nearfield_migration_20260701/step02_buildup_candidate_Mass_model_511_fullstat_v1/Background_gamma_fullsphere20_rep01_part11.inc1.id1.sim.gz,89334256,/home/ubuntu/TES_511_Balloon/outputs/geometry/DEMO2_DR_v3p5_Mass_model_511_stage_diam_300_300_300_350_350_400_20260701_megalib_proxy/DEMO2_DR_v3p5_minpatch_centerfinger_megalib_proxy.geo.setup
Mass_model_511 fullstat buildup detector transport,runs/Mass_model_511_nearfield_migration_20260701/step02_buildup_candidate_Mass_model_511_fullstat_v1/Background_gamma_fullsphere20_rep01_part12.inc1.id1.sim.gz,89621349,/home/ubuntu/TES_511_Balloon/outputs/geometry/DEMO2_DR_v3p5_Mass_model_511_stage_diam_300_300_300_350_350_400_20260701_megalib_proxy/DEMO2_DR_v3p5_minpatch_centerfinger_megalib_proxy.geo.setup
Mass_model_511 fullstat buildup detector transport,runs/Mass_model_511_nearfield_migration_20260701/step02_buildup_candidate_Mass_model_511_fullstat_v1/Background_muminus_fullsphere20_rep01_part01.inc1.id1.sim.gz,17828272,/home/ubuntu/TES_511_Balloon/outputs/geometry/DEMO2_DR_v3p5_Mass_model_511_stage_diam_300_300_300_350_350_400_20260701_megalib_proxy/DEMO2_DR_v3p5_minpatch_centerfinger_megalib_proxy.geo.setup
Mass_model_511 fullstat buildup detector transport,runs/Mass_model_511_nearfield_migration_20260701/step02_buildup_candidate_Mass_model_511_fullstat_v1/Background_muminus_fullsphere20_rep02_part01.inc1.id1.sim.gz,18793003,/home/ubuntu/TES_511_Balloon/outputs/geometry/DEMO2_DR_v3p5_Mass_model_511_stage_diam_300_300_300_350_350_400_20260701_megalib_proxy/DEMO2_DR_v3p5_minpatch_centerfinger_megalib_proxy.geo.setup
Mass_model_511 fullstat buildup detector transport,runs/Mass_model_511_nearfield_migration_20260701/step02_buildup_candidate_Mass_model_511_fullstat_v1/Background_muminus_fullsphere20_rep03_part01.inc1.id1.sim.gz,18311439,/home/ubuntu/TES_511_Balloon/outputs/geometry/DEMO2_DR_v3p5_Mass_model_511_stage_diam_300_300_300_350_350_400_20260701_megalib_proxy/DEMO2_DR_v3p5_minpatch_centerfinger_megalib_proxy.geo.setup
Mass_model_511 fullstat buildup detector transport,runs/Mass_model_511_nearfield_migration_20260701/step02_buildup_candidate_Mass_model_511_fullstat_v1/Background_muminus_fullsphere20_rep04_part01.inc1.id1.sim.gz,18922991,/home/ubuntu/TES_511_Balloon/outputs/geometry/DEMO2_DR_v3p5_Mass_model_511_stage_diam_300_300_300_350_350_400_20260701_megalib_proxy/DEMO2_DR_v3p5_minpatch_centerfinger_megalib_proxy.geo.setup
Mass_model_511 fullstat buildup detector transport,runs/Mass_model_511_nearfield_migration_20260701/step02_buildup_candidate_Mass_model_511_fullstat_v1/Background_muminus_fullsphere20_rep05_part01.inc1.id1.sim.gz,19238524,/home/ubuntu/TES_511_Balloon/outputs/geometry/DEMO2_DR_v3p5_Mass_model_511_stage_diam_300_300_300_350_350_400_20260701_megalib_proxy/DEMO2_DR_v3p5_minpatch_centerfinger_megalib_proxy.geo.setup
Mass_model_511 fullstat buildup detector transport,runs/Mass_model_511_nearfield_migration_20260701/step02_buildup_candidate_Mass_model_511_fullstat_v1/Background_muminus_fullsphere20_rep06_part01.inc1.id1.sim.gz,18916650,/home/ubuntu/TES_511_Balloon/outputs/geometry/DEMO2_DR_v3p5_Mass_model_511_stage_diam_300_300_300_350_350_400_20260701_megalib_proxy/DEMO2_DR_v3p5_minpatch_centerfinger_megalib_proxy.geo.setup
Mass_model_511 fullstat buildup detector transport,runs/Mass_model_511_nearfield_migration_20260701/step02_buildup_candidate_Mass_model_511_fullstat_v1/Background_muminus_fullsphere20_rep07_part01.inc1.id1.sim.gz,18386566,/home/ubuntu/TES_511_Balloon/outputs/geometry/DEMO2_DR_v3p5_Mass_model_511_stage_diam_300_300_300_350_350_400_20260701_megalib_proxy/DEMO2_DR_v3p5_minpatch_centerfinger_megalib_proxy.geo.setup
Mass_model_511 fullstat buildup detector transport,runs/Mass_model_511_nearfield_migration_20260701/step02_buildup_candidate_Mass_model_511_fullstat_v1/Background_muminus_fullsphere20_rep08_part01.inc1.id1.sim.gz,18175687,/home/ubuntu/TES_511_Balloon/outputs/geometry/DEMO2_DR_v3p5_Mass_model_511_stage_diam_300_300_300_350_350_400_20260701_megalib_proxy/DEMO2_DR_v3p5_minpatch_centerfinger_megalib_proxy.geo.setup
Mass_model_511 fullstat buildup detector transport,runs/Mass_model_511_nearfield_migration_20260701/step02_buildup_candidate_Mass_model_511_fullstat_v1/Background_muplus_fullsphere20_rep01_part01.inc1.id1.sim.gz,28585435,/home/ubuntu/TES_511_Balloon/outputs/geometry/DEMO2_DR_v3p5_Mass_model_511_stage_diam_300_300_300_350_350_400_20260701_megalib_proxy/DEMO2_DR_v3p5_minpatch_centerfinger_megalib_proxy.geo.setup
Mass_model_511 fullstat buildup detector transport,runs/Mass_model_511_nearfield_migration_20260701/step02_buildup_candidate_Mass_model_511_fullstat_v1/Background_muplus_fullsphere20_rep02_part01.inc1.id1.sim.gz,27522137,/home/ubuntu/TES_511_Balloon/outputs/geometry/DEMO2_DR_v3p5_Mass_model_511_stage_diam_300_300_300_350_350_400_20260701_megalib_proxy/DEMO2_DR_v3p5_minpatch_centerfinger_megalib_proxy.geo.setup
Mass_model_511 fullstat buildup detector transport,runs/Mass_model_511_nearfield_migration_20260701/step02_buildup_candidate_Mass_model_511_fullstat_v1/Background_muplus_fullsphere20_rep03_part01.inc1.id1.sim.gz,26739730,/home/ubuntu/TES_511_Balloon/outputs/geometry/DEMO2_DR_v3p5_Mass_model_511_stage_diam_300_300_300_350_350_400_20260701_megalib_proxy/DEMO2_DR_v3p5_minpatch_centerfinger_megalib_proxy.geo.setup
Mass_model_511 fullstat buildup detector transport,runs/Mass_model_511_nearfield_migration_20260701/step02_buildup_candidate_Mass_model_511_fullstat_v1/Background_muplus_fullsphere20_rep04_part01.inc1.id1.sim.gz,27047509,/home/ubuntu/TES_511_Balloon/outputs/geometry/DEMO2_DR_v3p5_Mass_model_511_stage_diam_300_300_300_350_350_400_20260701_megalib_proxy/DEMO2_DR_v3p5_minpatch_centerfinger_megalib_proxy.geo.setup
Mass_model_511 fullstat buildup detector transport,runs/Mass_model_511_nearfield_migration_20260701/step02_buildup_candidate_Mass_model_511_fullstat_v1/Background_muplus_fullsphere20_rep05_part01.inc1.id1.sim.gz,27901695,/home/ubuntu/TES_511_Balloon/outputs/geometry/DEMO2_DR_v3p5_Mass_model_511_stage_diam_300_300_300_350_350_400_20260701_megalib_proxy/DEMO2_DR_v3p5_minpatch_centerfinger_megalib_proxy.geo.setup
Mass_model_511 fullstat buildup detector transport,runs/Mass_model_511_nearfield_migration_20260701/step02_buildup_candidate_Mass_model_511_fullstat_v1/Background_muplus_fullsphere20_rep06_part01.inc1.id1.sim.gz,27639132,/home/ubuntu/TES_511_Balloon/outputs/geometry/DEMO2_DR_v3p5_Mass_model_511_stage_diam_300_300_300_350_350_400_20260701_megalib_proxy/DEMO2_DR_v3p5_minpatch_centerfinger_megalib_proxy.geo.setup
Mass_model_511 fullstat buildup detector transport,runs/Mass_model_511_nearfield_migration_20260701/step02_buildup_candidate_Mass_model_511_fullstat_v1/Background_muplus_fullsphere20_rep07_part01.inc1.id1.sim.gz,26744965,/home/ubuntu/TES_511_Balloon/outputs/geometry/DEMO2_DR_v3p5_Mass_model_511_stage_diam_300_300_300_350_350_400_20260701_megalib_proxy/DEMO2_DR_v3p5_minpatch_centerfinger_megalib_proxy.geo.setup
Mass_model_511 fullstat buildup detector transport,runs/Mass_model_511_nearfield_migration_20260701/step02_buildup_candidate_Mass_model_511_fullstat_v1/Background_muplus_fullsphere20_rep08_part01.inc1.id1.sim.gz,27902018,/home/ubuntu/TES_511_Balloon/outputs/geometry/DEMO2_DR_v3p5_Mass_model_511_stage_diam_300_300_300_350_350_400_20260701_megalib_proxy/DEMO2_DR_v3p5_minpatch_centerfinger_megalib_proxy.geo.setup
Mass_model_511 fullstat buildup detector transport,runs/Mass_model_511_nearfield_migration_20260701/step02_buildup_candidate_Mass_model_511_fullstat_v1/Background_n_fullsphere20_rep01_part01.inc1.id1.sim.gz,283461709,/home/ubuntu/TES_511_Balloon/outputs/geometry/DEMO2_DR_v3p5_Mass_model_511_stage_diam_300_300_300_350_350_400_20260701_megalib_proxy/DEMO2_DR_v3p5_minpatch_centerfinger_megalib_proxy.geo.setup
Mass_model_511 fullstat buildup detector transport,runs/Mass_model_511_nearfield_migration_20260701/step02_buildup_candidate_Mass_model_511_fullstat_v1/Background_n_fullsphere20_rep02_part01.inc1.id1.sim.gz,280322756,/home/ubuntu/TES_511_Balloon/outputs/geometry/DEMO2_DR_v3p5_Mass_model_511_stage_diam_300_300_300_350_350_400_20260701_megalib_proxy/DEMO2_DR_v3p5_minpatch_centerfinger_megalib_proxy.geo.setup
Mass_model_511 fullstat buildup detector transport,runs/Mass_model_511_nearfield_migration_20260701/step02_buildup_candidate_Mass_model_511_fullstat_v1/Background_n_fullsphere20_rep03_part01.inc1.id1.sim.gz,280268041,/home/ubuntu/TES_511_Balloon/outputs/geometry/DEMO2_DR_v3p5_Mass_model_511_stage_diam_300_300_300_350_350_400_20260701_megalib_proxy/DEMO2_DR_v3p5_minpatch_centerfinger_megalib_proxy.geo.setup
Mass_model_511 fullstat buildup detector transport,runs/Mass_model_511_nearfield_migration_20260701/step02_buildup_candidate_Mass_model_511_fullstat_v1/Background_n_fullsphere20_rep04_part01.inc1.id1.sim.gz,280233620,/home/ubuntu/TES_511_Balloon/outputs/geometry/DEMO2_DR_v3p5_Mass_model_511_stage_diam_300_300_300_350_350_400_20260701_megalib_proxy/DEMO2_DR_v3p5_minpatch_centerfinger_megalib_proxy.geo.setup
Mass_model_511 fullstat buildup detector transport,runs/Mass_model_511_nearfield_migration_20260701/step02_buildup_candidate_Mass_model_511_fullstat_v1/Background_n_fullsphere20_rep05_part01.inc1.id1.sim.gz,281991517,/home/ubuntu/TES_511_Balloon/outputs/geometry/DEMO2_DR_v3p5_Mass_model_511_stage_diam_300_300_300_350_350_400_20260701_megalib_proxy/DEMO2_DR_v3p5_minpatch_centerfinger_megalib_proxy.geo.setup
Mass_model_511 fullstat buildup detector transport,runs/Mass_model_511_nearfield_migration_20260701/step02_buildup_candidate_Mass_model_511_fullstat_v1/Background_n_fullsphere20_rep06_part01.inc1.id1.sim.gz,280306475,/home/ubuntu/TES_511_Balloon/outputs/geometry/DEMO2_DR_v3p5_Mass_model_511_stage_diam_300_300_300_350_350_400_20260701_megalib_proxy/DEMO2_DR_v3p5_minpatch_centerfinger_megalib_proxy.geo.setup
Mass_model_511 fullstat buildup detector transport,runs/Mass_model_511_nearfield_migration_20260701/step02_buildup_candidate_Mass_model_511_fullstat_v1/Background_n_fullsphere20_rep07_part01.inc1.id1.sim.gz,281404037,/home/ubuntu/TES_511_Balloon/outputs/geometry/DEMO2_DR_v3p5_Mass_model_511_stage_diam_300_300_300_350_350_400_20260701_megalib_proxy/DEMO2_DR_v3p5_minpatch_centerfinger_megalib_proxy.geo.setup
Mass_model_511 fullstat buildup detector transport,runs/Mass_model_511_nearfield_migration_20260701/step02_buildup_candidate_Mass_model_511_fullstat_v1/Background_n_fullsphere20_rep08_part01.inc1.id1.sim.gz,280814155,/home/ubuntu/TES_511_Balloon/outputs/geometry/DEMO2_DR_v3p5_Mass_model_511_stage_diam_300_300_300_350_350_400_20260701_megalib_proxy/DEMO2_DR_v3p5_minpatch_centerfinger_megalib_proxy.geo.setup
Mass_model_511 fullstat buildup detector transport,runs/Mass_model_511_nearfield_migration_20260701/step02_buildup_candidate_Mass_model_511_fullstat_v1/Background_p_fullsphere20_rep01_part01.inc1.id1.sim.gz,164157474,/home/ubuntu/TES_511_Balloon/outputs/geometry/DEMO2_DR_v3p5_Mass_model_511_stage_diam_300_300_300_350_350_400_20260701_megalib_proxy/DEMO2_DR_v3p5_minpatch_centerfinger_megalib_proxy.geo.setup
Mass_model_511 fullstat buildup detector transport,runs/Mass_model_511_nearfield_migration_20260701/step02_buildup_candidate_Mass_model_511_fullstat_v1/Background_p_fullsphere20_rep02_part01.inc1.id1.sim.gz,166138014,/home/ubuntu/TES_511_Balloon/outputs/geometry/DEMO2_DR_v3p5_Mass_model_511_stage_diam_300_300_300_350_350_400_20260701_megalib_proxy/DEMO2_DR_v3p5_minpatch_centerfinger_megalib_proxy.geo.setup
Mass_model_511 fullstat buildup detector transport,runs/Mass_model_511_nearfield_migration_20260701/step02_buildup_candidate_Mass_model_511_fullstat_v1/Background_p_fullsphere20_rep03_part01.inc1.id1.sim.gz,167182449,/home/ubuntu/TES_511_Balloon/outputs/geometry/DEMO2_DR_v3p5_Mass_model_511_stage_diam_300_300_300_350_350_400_20260701_megalib_proxy/DEMO2_DR_v3p5_minpatch_centerfinger_megalib_proxy.geo.setup
Mass_model_511 fullstat buildup detector transport,runs/Mass_model_511_nearfield_migration_20260701/step02_buildup_candidate_Mass_model_511_fullstat_v1/Background_p_fullsphere20_rep04_part01.inc1.id1.sim.gz,165577791,/home/ubuntu/TES_511_Balloon/outputs/geometry/DEMO2_DR_v3p5_Mass_model_511_stage_diam_300_300_300_350_350_400_20260701_megalib_proxy/DEMO2_DR_v3p5_minpatch_centerfinger_megalib_proxy.geo.setup
Mass_model_511 fullstat buildup detector transport,runs/Mass_model_511_nearfield_migration_20260701/step02_buildup_candidate_Mass_model_511_fullstat_v1/Background_p_fullsphere20_rep05_part01.inc1.id1.sim.gz,164572780,/home/ubuntu/TES_511_Balloon/outputs/geometry/DEMO2_DR_v3p5_Mass_model_511_stage_diam_300_300_300_350_350_400_20260701_megalib_proxy/DEMO2_DR_v3p5_minpatch_centerfinger_megalib_proxy.geo.setup
Mass_model_511 fullstat buildup detector transport,runs/Mass_model_511_nearfield_migration_20260701/step02_buildup_candidate_Mass_model_511_fullstat_v1/Background_p_fullsphere20_rep06_part01.inc1.id1.sim.gz,169366335,/home/ubuntu/TES_511_Balloon/outputs/geometry/DEMO2_DR_v3p5_Mass_model_511_stage_diam_300_300_300_350_350_400_20260701_megalib_proxy/DEMO2_DR_v3p5_minpatch_centerfinger_megalib_proxy.geo.setup
Mass_model_511 fullstat buildup detector transport,runs/Mass_model_511_nearfield_migration_20260701/step02_buildup_candidate_Mass_model_511_fullstat_v1/Background_p_fullsphere20_rep07_part01.inc1.id1.sim.gz,163412323,/home/ubuntu/TES_511_Balloon/outputs/geometry/DEMO2_DR_v3p5_Mass_model_511_stage_diam_300_300_300_350_350_400_20260701_megalib_proxy/DEMO2_DR_v3p5_minpatch_centerfinger_megalib_proxy.geo.setup
Mass_model_511 fullstat buildup detector transport,runs/Mass_model_511_nearfield_migration_20260701/step02_buildup_candidate_Mass_model_511_fullstat_v1/Background_p_fullsphere20_rep08_part01.inc1.id1.sim.gz,167823483,/home/ubuntu/TES_511_Balloon/outputs/geometry/DEMO2_DR_v3p5_Mass_model_511_stage_diam_300_300_300_350_350_400_20260701_megalib_proxy/DEMO2_DR_v3p5_minpatch_centerfinger_megalib_proxy.geo.setup
Mass_model_511 smoke buildup detector transport,runs/Mass_model_511_nearfield_migration_20260701/step02_buildup_candidate_Mass_model_511_smoke/Background_alpha_fullsphere20_rep01_part01.inc1.id1.sim.gz,3300547,/home/ubuntu/TES_511_Balloon/outputs/geometry/DEMO2_DR_v3p5_Mass_model_511_stage_diam_300_300_300_350_350_400_20260701_megalib_proxy/DEMO2_DR_v3p5_minpatch_centerfinger_megalib_proxy.geo.setup
Mass_model_511 smoke buildup detector transport,runs/Mass_model_511_nearfield_migration_20260701/step02_buildup_candidate_Mass_model_511_smoke/Background_alpha_fullsphere20_rep02_part01.inc1.id1.sim.gz,3521193,/home/ubuntu/TES_511_Balloon/outputs/geometry/DEMO2_DR_v3p5_Mass_model_511_stage_diam_300_300_300_350_350_400_20260701_megalib_proxy/DEMO2_DR_v3p5_minpatch_centerfinger_megalib_proxy.geo.setup
Mass_model_511 smoke buildup detector transport,runs/Mass_model_511_nearfield_migration_20260701/step02_buildup_candidate_Mass_model_511_smoke/Background_alpha_fullsphere20_rep03_part01.inc1.id1.sim.gz,3771481,/home/ubuntu/TES_511_Balloon/outputs/geometry/DEMO2_DR_v3p5_Mass_model_511_stage_diam_300_300_300_350_350_400_20260701_megalib_proxy/DEMO2_DR_v3p5_minpatch_centerfinger_megalib_proxy.geo.setup
Mass_model_511 smoke buildup detector transport,runs/Mass_model_511_nearfield_migration_20260701/step02_buildup_candidate_Mass_model_511_smoke/Background_alpha_fullsphere20_rep04_part01.inc1.id1.sim.gz,3802485,/home/ubuntu/TES_511_Balloon/outputs/geometry/DEMO2_DR_v3p5_Mass_model_511_stage_diam_300_300_300_350_350_400_20260701_megalib_proxy/DEMO2_DR_v3p5_minpatch_centerfinger_megalib_proxy.geo.setup
Mass_model_511 smoke buildup detector transport,runs/Mass_model_511_nearfield_migration_20260701/step02_buildup_candidate_Mass_model_511_smoke/Background_alpha_fullsphere20_rep05_part01.inc1.id1.sim.gz,3318621,/home/ubuntu/TES_511_Balloon/outputs/geometry/DEMO2_DR_v3p5_Mass_model_511_stage_diam_300_300_300_350_350_400_20260701_megalib_proxy/DEMO2_DR_v3p5_minpatch_centerfinger_megalib_proxy.geo.setup
Mass_model_511 smoke buildup detector transport,runs/Mass_model_511_nearfield_migration_20260701/step02_buildup_candidate_Mass_model_511_smoke/Background_alpha_fullsphere20_rep06_part01.inc1.id1.sim.gz,3803299,/home/ubuntu/TES_511_Balloon/outputs/geometry/DEMO2_DR_v3p5_Mass_model_511_stage_diam_300_300_300_350_350_400_20260701_megalib_proxy/DEMO2_DR_v3p5_minpatch_centerfinger_megalib_proxy.geo.setup
Mass_model_511 smoke buildup detector transport,runs/Mass_model_511_nearfield_migration_20260701/step02_buildup_candidate_Mass_model_511_smoke/Background_alpha_fullsphere20_rep07_part01.inc1.id1.sim.gz,4032873,/home/ubuntu/TES_511_Balloon/outputs/geometry/DEMO2_DR_v3p5_Mass_model_511_stage_diam_300_300_300_350_350_400_20260701_megalib_proxy/DEMO2_DR_v3p5_minpatch_centerfinger_megalib_proxy.geo.setup
Mass_model_511 smoke buildup detector transport,runs/Mass_model_511_nearfield_migration_20260701/step02_buildup_candidate_Mass_model_511_smoke/Background_alpha_fullsphere20_rep08_part01.inc1.id1.sim.gz,3654327,/home/ubuntu/TES_511_Balloon/outputs/geometry/DEMO2_DR_v3p5_Mass_model_511_stage_diam_300_300_300_350_350_400_20260701_megalib_proxy/DEMO2_DR_v3p5_minpatch_centerfinger_megalib_proxy.geo.setup
Mass_model_511 smoke buildup detector transport,runs/Mass_model_511_nearfield_migration_20260701/step02_buildup_candidate_Mass_model_511_smoke/Background_eminus_fullsphere20_rep01_part01.inc1.id1.sim.gz,5573075,/home/ubuntu/TES_511_Balloon/outputs/geometry/DEMO2_DR_v3p5_Mass_model_511_stage_diam_300_300_300_350_350_400_20260701_megalib_proxy/DEMO2_DR_v3p5_minpatch_centerfinger_megalib_proxy.geo.setup
Mass_model_511 smoke buildup detector transport,runs/Mass_model_511_nearfield_migration_20260701/step02_buildup_candidate_Mass_model_511_smoke/Background_eminus_fullsphere20_rep02_part01.inc1.id1.sim.gz,5593292,/home/ubuntu/TES_511_Balloon/outputs/geometry/DEMO2_DR_v3p5_Mass_model_511_stage_diam_300_300_300_350_350_400_20260701_megalib_proxy/DEMO2_DR_v3p5_minpatch_centerfinger_megalib_proxy.geo.setup
Mass_model_511 smoke buildup detector transport,runs/Mass_model_511_nearfield_migration_20260701/step02_buildup_candidate_Mass_model_511_smoke/Background_eminus_fullsphere20_rep03_part01.inc1.id1.sim.gz,5577551,/home/ubuntu/TES_511_Balloon/outputs/geometry/DEMO2_DR_v3p5_Mass_model_511_stage_diam_300_300_300_350_350_400_20260701_megalib_proxy/DEMO2_DR_v3p5_minpatch_centerfinger_megalib_proxy.geo.setup
Mass_model_511 smoke buildup detector transport,runs/Mass_model_511_nearfield_migration_20260701/step02_buildup_candidate_Mass_model_511_smoke/Background_eminus_fullsphere20_rep04_part01.inc1.id1.sim.gz,5574474,/home/ubuntu/TES_511_Balloon/outputs/geometry/DEMO2_DR_v3p5_Mass_model_511_stage_diam_300_300_300_350_350_400_20260701_megalib_proxy/DEMO2_DR_v3p5_minpatch_centerfinger_megalib_proxy.geo.setup
Mass_model_511 smoke buildup detector transport,runs/Mass_model_511_nearfield_migration_20260701/step02_buildup_candidate_Mass_model_511_smoke/Background_eminus_fullsphere20_rep05_part01.inc1.id1.sim.gz,5595408,/home/ubuntu/TES_511_Balloon/outputs/geometry/DEMO2_DR_v3p5_Mass_model_511_stage_diam_300_300_300_350_350_400_20260701_megalib_proxy/DEMO2_DR_v3p5_minpatch_centerfinger_megalib_proxy.geo.setup
Mass_model_511 smoke buildup detector transport,runs/Mass_model_511_nearfield_migration_20260701/step02_buildup_candidate_Mass_model_511_smoke/Background_eminus_fullsphere20_rep06_part01.inc1.id1.sim.gz,5585136,/home/ubuntu/TES_511_Balloon/outputs/geometry/DEMO2_DR_v3p5_Mass_model_511_stage_diam_300_300_300_350_350_400_20260701_megalib_proxy/DEMO2_DR_v3p5_minpatch_centerfinger_megalib_proxy.geo.setup
Mass_model_511 smoke buildup detector transport,runs/Mass_model_511_nearfield_migration_20260701/step02_buildup_candidate_Mass_model_511_smoke/Background_eminus_fullsphere20_rep07_part01.inc1.id1.sim.gz,5581832,/home/ubuntu/TES_511_Balloon/outputs/geometry/DEMO2_DR_v3p5_Mass_model_511_stage_diam_300_300_300_350_350_400_20260701_megalib_proxy/DEMO2_DR_v3p5_minpatch_centerfinger_megalib_proxy.geo.setup
Mass_model_511 smoke buildup detector transport,runs/Mass_model_511_nearfield_migration_20260701/step02_buildup_candidate_Mass_model_511_smoke/Background_eminus_fullsphere20_rep08_part01.inc1.id1.sim.gz,5525863,/home/ubuntu/TES_511_Balloon/outputs/geometry/DEMO2_DR_v3p5_Mass_model_511_stage_diam_300_300_300_350_350_400_20260701_megalib_proxy/DEMO2_DR_v3p5_minpatch_centerfinger_megalib_proxy.geo.setup
Mass_model_511 smoke buildup detector transport,runs/Mass_model_511_nearfield_migration_20260701/step02_buildup_candidate_Mass_model_511_smoke/Background_eplus_fullsphere20_rep01_part01.inc1.id1.sim.gz,9561037,/home/ubuntu/TES_511_Balloon/outputs/geometry/DEMO2_DR_v3p5_Mass_model_511_stage_diam_300_300_300_350_350_400_20260701_megalib_proxy/DEMO2_DR_v3p5_minpatch_centerfinger_megalib_proxy.geo.setup
Mass_model_511 smoke buildup detector transport,runs/Mass_model_511_nearfield_migration_20260701/step02_buildup_candidate_Mass_model_511_smoke/Background_eplus_fullsphere20_rep02_part01.inc1.id1.sim.gz,9517442,/home/ubuntu/TES_511_Balloon/outputs/geometry/DEMO2_DR_v3p5_Mass_model_511_stage_diam_300_300_300_350_350_400_20260701_megalib_proxy/DEMO2_DR_v3p5_minpatch_centerfinger_megalib_proxy.geo.setup
Mass_model_511 smoke buildup detector transport,runs/Mass_model_511_nearfield_migration_20260701/step02_buildup_candidate_Mass_model_511_smoke/Background_eplus_fullsphere20_rep03_part01.inc1.id1.sim.gz,9302012,/home/ubuntu/TES_511_Balloon/outputs/geometry/DEMO2_DR_v3p5_Mass_model_511_stage_diam_300_300_300_350_350_400_20260701_megalib_proxy/DEMO2_DR_v3p5_minpatch_centerfinger_megalib_proxy.geo.setup
Mass_model_511 smoke buildup detector transport,runs/Mass_model_511_nearfield_migration_20260701/step02_buildup_candidate_Mass_model_511_smoke/Background_eplus_fullsphere20_rep04_part01.inc1.id1.sim.gz,9492997,/home/ubuntu/TES_511_Balloon/outputs/geometry/DEMO2_DR_v3p5_Mass_model_511_stage_diam_300_300_300_350_350_400_20260701_megalib_proxy/DEMO2_DR_v3p5_minpatch_centerfinger_megalib_proxy.geo.setup
Mass_model_511 smoke buildup detector transport,runs/Mass_model_511_nearfield_migration_20260701/step02_buildup_candidate_Mass_model_511_smoke/Background_eplus_fullsphere20_rep05_part01.inc1.id1.sim.gz,9378278,/home/ubuntu/TES_511_Balloon/outputs/geometry/DEMO2_DR_v3p5_Mass_model_511_stage_diam_300_300_300_350_350_400_20260701_megalib_proxy/DEMO2_DR_v3p5_minpatch_centerfinger_megalib_proxy.geo.setup
Mass_model_511 smoke buildup detector transport,runs/Mass_model_511_nearfield_migration_20260701/step02_buildup_candidate_Mass_model_511_smoke/Background_eplus_fullsphere20_rep06_part01.inc1.id1.sim.gz,9289147,/home/ubuntu/TES_511_Balloon/outputs/geometry/DEMO2_DR_v3p5_Mass_model_511_stage_diam_300_300_300_350_350_400_20260701_megalib_proxy/DEMO2_DR_v3p5_minpatch_centerfinger_megalib_proxy.geo.setup
Mass_model_511 smoke buildup detector transport,runs/Mass_model_511_nearfield_migration_20260701/step02_buildup_candidate_Mass_model_511_smoke/Background_eplus_fullsphere20_rep07_part01.inc1.id1.sim.gz,9222889,/home/ubuntu/TES_511_Balloon/outputs/geometry/DEMO2_DR_v3p5_Mass_model_511_stage_diam_300_300_300_350_350_400_20260701_megalib_proxy/DEMO2_DR_v3p5_minpatch_centerfinger_megalib_proxy.geo.setup
Mass_model_511 smoke buildup detector transport,runs/Mass_model_511_nearfield_migration_20260701/step02_buildup_candidate_Mass_model_511_smoke/Background_eplus_fullsphere20_rep08_part01.inc1.id1.sim.gz,9497357,/home/ubuntu/TES_511_Balloon/outputs/geometry/DEMO2_DR_v3p5_Mass_model_511_stage_diam_300_300_300_350_350_400_20260701_megalib_proxy/DEMO2_DR_v3p5_minpatch_centerfinger_megalib_proxy.geo.setup
Mass_model_511 smoke buildup detector transport,runs/Mass_model_511_nearfield_migration_20260701/step02_buildup_candidate_Mass_model_511_smoke/Background_gamma_fullsphere20_rep01_part01.inc1.id1.sim.gz,8889875,/home/ubuntu/TES_511_Balloon/outputs/geometry/DEMO2_DR_v3p5_Mass_model_511_stage_diam_300_300_300_350_350_400_20260701_megalib_proxy/DEMO2_DR_v3p5_minpatch_centerfinger_megalib_proxy.geo.setup
Mass_model_511 smoke buildup detector transport,runs/Mass_model_511_nearfield_migration_20260701/step02_buildup_candidate_Mass_model_511_smoke/Background_gamma_fullsphere20_rep01_part02.inc1.id1.sim.gz,8929754,/home/ubuntu/TES_511_Balloon/outputs/geometry/DEMO2_DR_v3p5_Mass_model_511_stage_diam_300_300_300_350_350_400_20260701_megalib_proxy/DEMO2_DR_v3p5_minpatch_centerfinger_megalib_proxy.geo.setup
Mass_model_511 smoke buildup detector transport,runs/Mass_model_511_nearfield_migration_20260701/step02_buildup_candidate_Mass_model_511_smoke/Background_gamma_fullsphere20_rep01_part03.inc1.id1.sim.gz,8874142,/home/ubuntu/TES_511_Balloon/outputs/geometry/DEMO2_DR_v3p5_Mass_model_511_stage_diam_300_300_300_350_350_400_20260701_megalib_proxy/DEMO2_DR_v3p5_minpatch_centerfinger_megalib_proxy.geo.setup
Mass_model_511 smoke buildup detector transport,runs/Mass_model_511_nearfield_migration_20260701/step02_buildup_candidate_Mass_model_511_smoke/Background_gamma_fullsphere20_rep01_part04.inc1.id1.sim.gz,8989548,/home/ubuntu/TES_511_Balloon/outputs/geometry/DEMO2_DR_v3p5_Mass_model_511_stage_diam_300_300_300_350_350_400_20260701_megalib_proxy/DEMO2_DR_v3p5_minpatch_centerfinger_megalib_proxy.geo.setup
Mass_model_511 smoke buildup detector transport,runs/Mass_model_511_nearfield_migration_20260701/step02_buildup_candidate_Mass_model_511_smoke/Background_gamma_fullsphere20_rep01_part05.inc1.id1.sim.gz,8909013,/home/ubuntu/TES_511_Balloon/outputs/geometry/DEMO2_DR_v3p5_Mass_model_511_stage_diam_300_300_300_350_350_400_20260701_megalib_proxy/DEMO2_DR_v3p5_minpatch_centerfinger_megalib_proxy.geo.setup
Mass_model_511 smoke buildup detector transport,runs/Mass_model_511_nearfield_migration_20260701/step02_buildup_candidate_Mass_model_511_smoke/Background_gamma_fullsphere20_rep01_part06.inc1.id1.sim.gz,9061293,/home/ubuntu/TES_511_Balloon/outputs/geometry/DEMO2_DR_v3p5_Mass_model_511_stage_diam_300_300_300_350_350_400_20260701_megalib_proxy/DEMO2_DR_v3p5_minpatch_centerfinger_megalib_proxy.geo.setup
Mass_model_511 smoke buildup detector transport,runs/Mass_model_511_nearfield_migration_20260701/step02_buildup_candidate_Mass_model_511_smoke/Background_gamma_fullsphere20_rep01_part07.inc1.id1.sim.gz,8893795,/home/ubuntu/TES_511_Balloon/outputs/geometry/DEMO2_DR_v3p5_Mass_model_511_stage_diam_300_300_300_350_350_400_20260701_megalib_proxy/DEMO2_DR_v3p5_minpatch_centerfinger_megalib_proxy.geo.setup
Mass_model_511 smoke buildup detector transport,runs/Mass_model_511_nearfield_migration_20260701/step02_buildup_candidate_Mass_model_511_smoke/Background_gamma_fullsphere20_rep01_part08.inc1.id1.sim.gz,8915034,/home/ubuntu/TES_511_Balloon/outputs/geometry/DEMO2_DR_v3p5_Mass_model_511_stage_diam_300_300_300_350_350_400_20260701_megalib_proxy/DEMO2_DR_v3p5_minpatch_centerfinger_megalib_proxy.geo.setup
Mass_model_511 smoke buildup detector transport,runs/Mass_model_511_nearfield_migration_20260701/step02_buildup_candidate_Mass_model_511_smoke/Background_gamma_fullsphere20_rep01_part09.inc1.id1.sim.gz,8880467,/home/ubuntu/TES_511_Balloon/outputs/geometry/DEMO2_DR_v3p5_Mass_model_511_stage_diam_300_300_300_350_350_400_20260701_megalib_proxy/DEMO2_DR_v3p5_minpatch_centerfinger_megalib_proxy.geo.setup
Mass_model_511 smoke buildup detector transport,runs/Mass_model_511_nearfield_migration_20260701/step02_buildup_candidate_Mass_model_511_smoke/Background_gamma_fullsphere20_rep01_part10.inc1.id1.sim.gz,8938632,/home/ubuntu/TES_511_Balloon/outputs/geometry/DEMO2_DR_v3p5_Mass_model_511_stage_diam_300_300_300_350_350_400_20260701_megalib_proxy/DEMO2_DR_v3p5_minpatch_centerfinger_megalib_proxy.geo.setup
Mass_model_511 smoke buildup detector transport,runs/Mass_model_511_nearfield_migration_20260701/step02_buildup_candidate_Mass_model_511_smoke/Background_gamma_fullsphere20_rep01_part11.inc1.id1.sim.gz,8909582,/home/ubuntu/TES_511_Balloon/outputs/geometry/DEMO2_DR_v3p5_Mass_model_511_stage_diam_300_300_300_350_350_400_20260701_megalib_proxy/DEMO2_DR_v3p5_minpatch_centerfinger_megalib_proxy.geo.setup
Mass_model_511 smoke buildup detector transport,runs/Mass_model_511_nearfield_migration_20260701/step02_buildup_candidate_Mass_model_511_smoke/Background_gamma_fullsphere20_rep01_part12.inc1.id1.sim.gz,8942751,/home/ubuntu/TES_511_Balloon/outputs/geometry/DEMO2_DR_v3p5_Mass_model_511_stage_diam_300_300_300_350_350_400_20260701_megalib_proxy/DEMO2_DR_v3p5_minpatch_centerfinger_megalib_proxy.geo.setup
Mass_model_511 smoke buildup detector transport,runs/Mass_model_511_nearfield_migration_20260701/step02_buildup_candidate_Mass_model_511_smoke/Background_muminus_fullsphere20_rep01_part01.inc1.id1.sim.gz,1642339,/home/ubuntu/TES_511_Balloon/outputs/geometry/DEMO2_DR_v3p5_Mass_model_511_stage_diam_300_300_300_350_350_400_20260701_megalib_proxy/DEMO2_DR_v3p5_minpatch_centerfinger_megalib_proxy.geo.setup
Mass_model_511 smoke buildup detector transport,runs/Mass_model_511_nearfield_migration_20260701/step02_buildup_candidate_Mass_model_511_smoke/Background_muminus_fullsphere20_rep02_part01.inc1.id1.sim.gz,1988904,/home/ubuntu/TES_511_Balloon/outputs/geometry/DEMO2_DR_v3p5_Mass_model_511_stage_diam_300_300_300_350_350_400_20260701_megalib_proxy/DEMO2_DR_v3p5_minpatch_centerfinger_megalib_proxy.geo.setup
Mass_model_511 smoke buildup detector transport,runs/Mass_model_511_nearfield_migration_20260701/step02_buildup_candidate_Mass_model_511_smoke/Background_muminus_fullsphere20_rep03_part01.inc1.id1.sim.gz,1959244,/home/ubuntu/TES_511_Balloon/outputs/geometry/DEMO2_DR_v3p5_Mass_model_511_stage_diam_300_300_300_350_350_400_20260701_megalib_proxy/DEMO2_DR_v3p5_minpatch_centerfinger_megalib_proxy.geo.setup
Mass_model_511 smoke buildup detector transport,runs/Mass_model_511_nearfield_migration_20260701/step02_buildup_candidate_Mass_model_511_smoke/Background_muminus_fullsphere20_rep04_part01.inc1.id1.sim.gz,1866776,/home/ubuntu/TES_511_Balloon/outputs/geometry/DEMO2_DR_v3p5_Mass_model_511_stage_diam_300_300_300_350_350_400_20260701_megalib_proxy/DEMO2_DR_v3p5_minpatch_centerfinger_megalib_proxy.geo.setup
Mass_model_511 smoke buildup detector transport,runs/Mass_model_511_nearfield_migration_20260701/step02_buildup_candidate_Mass_model_511_smoke/Background_muminus_fullsphere20_rep05_part01.inc1.id1.sim.gz,1841656,/home/ubuntu/TES_511_Balloon/outputs/geometry/DEMO2_DR_v3p5_Mass_model_511_stage_diam_300_300_300_350_350_400_20260701_megalib_proxy/DEMO2_DR_v3p5_minpatch_centerfinger_megalib_proxy.geo.setup
Mass_model_511 smoke buildup detector transport,runs/Mass_model_511_nearfield_migration_20260701/step02_buildup_candidate_Mass_model_511_smoke/Background_muminus_fullsphere20_rep06_part01.inc1.id1.sim.gz,1907859,/home/ubuntu/TES_511_Balloon/outputs/geometry/DEMO2_DR_v3p5_Mass_model_511_stage_diam_300_300_300_350_350_400_20260701_megalib_proxy/DEMO2_DR_v3p5_minpatch_centerfinger_megalib_proxy.geo.setup
Mass_model_511 smoke buildup detector transport,runs/Mass_model_511_nearfield_migration_20260701/step02_buildup_candidate_Mass_model_511_smoke/Background_muminus_fullsphere20_rep07_part01.inc1.id1.sim.gz,1977056,/home/ubuntu/TES_511_Balloon/outputs/geometry/DEMO2_DR_v3p5_Mass_model_511_stage_diam_300_300_300_350_350_400_20260701_megalib_proxy/DEMO2_DR_v3p5_minpatch_centerfinger_megalib_proxy.geo.setup
Mass_model_511 smoke buildup detector transport,runs/Mass_model_511_nearfield_migration_20260701/step02_buildup_candidate_Mass_model_511_smoke/Background_muminus_fullsphere20_rep08_part01.inc1.id1.sim.gz,1837256,/home/ubuntu/TES_511_Balloon/outputs/geometry/DEMO2_DR_v3p5_Mass_model_511_stage_diam_300_300_300_350_350_400_20260701_megalib_proxy/DEMO2_DR_v3p5_minpatch_centerfinger_megalib_proxy.geo.setup
Mass_model_511 smoke buildup detector transport,runs/Mass_model_511_nearfield_migration_20260701/step02_buildup_candidate_Mass_model_511_smoke/Background_muplus_fullsphere20_rep01_part01.inc1.id1.sim.gz,2949265,/home/ubuntu/TES_511_Balloon/outputs/geometry/DEMO2_DR_v3p5_Mass_model_511_stage_diam_300_300_300_350_350_400_20260701_megalib_proxy/DEMO2_DR_v3p5_minpatch_centerfinger_megalib_proxy.geo.setup
Mass_model_511 smoke buildup detector transport,runs/Mass_model_511_nearfield_migration_20260701/step02_buildup_candidate_Mass_model_511_smoke/Background_muplus_fullsphere20_rep02_part01.inc1.id1.sim.gz,2834914,/home/ubuntu/TES_511_Balloon/outputs/geometry/DEMO2_DR_v3p5_Mass_model_511_stage_diam_300_300_300_350_350_400_20260701_megalib_proxy/DEMO2_DR_v3p5_minpatch_centerfinger_megalib_proxy.geo.setup
Mass_model_511 smoke buildup detector transport,runs/Mass_model_511_nearfield_migration_20260701/step02_buildup_candidate_Mass_model_511_smoke/Background_muplus_fullsphere20_rep03_part01.inc1.id1.sim.gz,2364681,/home/ubuntu/TES_511_Balloon/outputs/geometry/DEMO2_DR_v3p5_Mass_model_511_stage_diam_300_300_300_350_350_400_20260701_megalib_proxy/DEMO2_DR_v3p5_minpatch_centerfinger_megalib_proxy.geo.setup
Mass_model_511 smoke buildup detector transport,runs/Mass_model_511_nearfield_migration_20260701/step02_buildup_candidate_Mass_model_511_smoke/Background_muplus_fullsphere20_rep04_part01.inc1.id1.sim.gz,2712818,/home/ubuntu/TES_511_Balloon/outputs/geometry/DEMO2_DR_v3p5_Mass_model_511_stage_diam_300_300_300_350_350_400_20260701_megalib_proxy/DEMO2_DR_v3p5_minpatch_centerfinger_megalib_proxy.geo.setup
Mass_model_511 smoke buildup detector transport,runs/Mass_model_511_nearfield_migration_20260701/step02_buildup_candidate_Mass_model_511_smoke/Background_muplus_fullsphere20_rep05_part01.inc1.id1.sim.gz,2653419,/home/ubuntu/TES_511_Balloon/outputs/geometry/DEMO2_DR_v3p5_Mass_model_511_stage_diam_300_300_300_350_350_400_20260701_megalib_proxy/DEMO2_DR_v3p5_minpatch_centerfinger_megalib_proxy.geo.setup
Mass_model_511 smoke buildup detector transport,runs/Mass_model_511_nearfield_migration_20260701/step02_buildup_candidate_Mass_model_511_smoke/Background_muplus_fullsphere20_rep06_part01.inc1.id1.sim.gz,3013072,/home/ubuntu/TES_511_Balloon/outputs/geometry/DEMO2_DR_v3p5_Mass_model_511_stage_diam_300_300_300_350_350_400_20260701_megalib_proxy/DEMO2_DR_v3p5_minpatch_centerfinger_megalib_proxy.geo.setup
Mass_model_511 smoke buildup detector transport,runs/Mass_model_511_nearfield_migration_20260701/step02_buildup_candidate_Mass_model_511_smoke/Background_muplus_fullsphere20_rep07_part01.inc1.id1.sim.gz,3000491,/home/ubuntu/TES_511_Balloon/outputs/geometry/DEMO2_DR_v3p5_Mass_model_511_stage_diam_300_300_300_350_350_400_20260701_megalib_proxy/DEMO2_DR_v3p5_minpatch_centerfinger_megalib_proxy.geo.setup
Mass_model_511 smoke buildup detector transport,runs/Mass_model_511_nearfield_migration_20260701/step02_buildup_candidate_Mass_model_511_smoke/Background_muplus_fullsphere20_rep08_part01.inc1.id1.sim.gz,2499359,/home/ubuntu/TES_511_Balloon/outputs/geometry/DEMO2_DR_v3p5_Mass_model_511_stage_diam_300_300_300_350_350_400_20260701_megalib_proxy/DEMO2_DR_v3p5_minpatch_centerfinger_megalib_proxy.geo.setup
Mass_model_511 smoke buildup detector transport,runs/Mass_model_511_nearfield_migration_20260701/step02_buildup_candidate_Mass_model_511_smoke/Background_n_fullsphere20_rep01_part01.inc1.id1.sim.gz,28050582,/home/ubuntu/TES_511_Balloon/outputs/geometry/DEMO2_DR_v3p5_Mass_model_511_stage_diam_300_300_300_350_350_400_20260701_megalib_proxy/DEMO2_DR_v3p5_minpatch_centerfinger_megalib_proxy.geo.setup
Mass_model_511 smoke buildup detector transport,runs/Mass_model_511_nearfield_migration_20260701/step02_buildup_candidate_Mass_model_511_smoke/Background_n_fullsphere20_rep02_part01.inc1.id1.sim.gz,27968395,/home/ubuntu/TES_511_Balloon/outputs/geometry/DEMO2_DR_v3p5_Mass_model_511_stage_diam_300_300_300_350_350_400_20260701_megalib_proxy/DEMO2_DR_v3p5_minpatch_centerfinger_megalib_proxy.geo.setup
Mass_model_511 smoke buildup detector transport,runs/Mass_model_511_nearfield_migration_20260701/step02_buildup_candidate_Mass_model_511_smoke/Background_n_fullsphere20_rep03_part01.inc1.id1.sim.gz,28129950,/home/ubuntu/TES_511_Balloon/outputs/geometry/DEMO2_DR_v3p5_Mass_model_511_stage_diam_300_300_300_350_350_400_20260701_megalib_proxy/DEMO2_DR_v3p5_minpatch_centerfinger_megalib_proxy.geo.setup
Mass_model_511 smoke buildup detector transport,runs/Mass_model_511_nearfield_migration_20260701/step02_buildup_candidate_Mass_model_511_smoke/Background_n_fullsphere20_rep04_part01.inc1.id1.sim.gz,27624926,/home/ubuntu/TES_511_Balloon/outputs/geometry/DEMO2_DR_v3p5_Mass_model_511_stage_diam_300_300_300_350_350_400_20260701_megalib_proxy/DEMO2_DR_v3p5_minpatch_centerfinger_megalib_proxy.geo.setup
Mass_model_511 smoke buildup detector transport,runs/Mass_model_511_nearfield_migration_20260701/step02_buildup_candidate_Mass_model_511_smoke/Background_n_fullsphere20_rep05_part01.inc1.id1.sim.gz,28126545,/home/ubuntu/TES_511_Balloon/outputs/geometry/DEMO2_DR_v3p5_Mass_model_511_stage_diam_300_300_300_350_350_400_20260701_megalib_proxy/DEMO2_DR_v3p5_minpatch_centerfinger_megalib_proxy.geo.setup
Mass_model_511 smoke buildup detector transport,runs/Mass_model_511_nearfield_migration_20260701/step02_buildup_candidate_Mass_model_511_smoke/Background_n_fullsphere20_rep06_part01.inc1.id1.sim.gz,28256987,/home/ubuntu/TES_511_Balloon/outputs/geometry/DEMO2_DR_v3p5_Mass_model_511_stage_diam_300_300_300_350_350_400_20260701_megalib_proxy/DEMO2_DR_v3p5_minpatch_centerfinger_megalib_proxy.geo.setup
Mass_model_511 smoke buildup detector transport,runs/Mass_model_511_nearfield_migration_20260701/step02_buildup_candidate_Mass_model_511_smoke/Background_n_fullsphere20_rep07_part01.inc1.id1.sim.gz,28029964,/home/ubuntu/TES_511_Balloon/outputs/geometry/DEMO2_DR_v3p5_Mass_model_511_stage_diam_300_300_300_350_350_400_20260701_megalib_proxy/DEMO2_DR_v3p5_minpatch_centerfinger_megalib_proxy.geo.setup
Mass_model_511 smoke buildup detector transport,runs/Mass_model_511_nearfield_migration_20260701/step02_buildup_candidate_Mass_model_511_smoke/Background_n_fullsphere20_rep08_part01.inc1.id1.sim.gz,28111951,/home/ubuntu/TES_511_Balloon/outputs/geometry/DEMO2_DR_v3p5_Mass_model_511_stage_diam_300_300_300_350_350_400_20260701_megalib_proxy/DEMO2_DR_v3p5_minpatch_centerfinger_megalib_proxy.geo.setup
Mass_model_511 smoke buildup detector transport,runs/Mass_model_511_nearfield_migration_20260701/step02_buildup_candidate_Mass_model_511_smoke/Background_p_fullsphere20_rep01_part01.inc1.id1.sim.gz,16415345,/home/ubuntu/TES_511_Balloon/outputs/geometry/DEMO2_DR_v3p5_Mass_model_511_stage_diam_300_300_300_350_350_400_20260701_megalib_proxy/DEMO2_DR_v3p5_minpatch_centerfinger_megalib_proxy.geo.setup
Mass_model_511 smoke buildup detector transport,runs/Mass_model_511_nearfield_migration_20260701/step02_buildup_candidate_Mass_model_511_smoke/Background_p_fullsphere20_rep02_part01.inc1.id1.sim.gz,16901815,/home/ubuntu/TES_511_Balloon/outputs/geometry/DEMO2_DR_v3p5_Mass_model_511_stage_diam_300_300_300_350_350_400_20260701_megalib_proxy/DEMO2_DR_v3p5_minpatch_centerfinger_megalib_proxy.geo.setup
Mass_model_511 smoke buildup detector transport,runs/Mass_model_511_nearfield_migration_20260701/step02_buildup_candidate_Mass_model_511_smoke/Background_p_fullsphere20_rep03_part01.inc1.id1.sim.gz,16231789,/home/ubuntu/TES_511_Balloon/outputs/geometry/DEMO2_DR_v3p5_Mass_model_511_stage_diam_300_300_300_350_350_400_20260701_megalib_proxy/DEMO2_DR_v3p5_minpatch_centerfinger_megalib_proxy.geo.setup
Mass_model_511 smoke buildup detector transport,runs/Mass_model_511_nearfield_migration_20260701/step02_buildup_candidate_Mass_model_511_smoke/Background_p_fullsphere20_rep04_part01.inc1.id1.sim.gz,16793736,/home/ubuntu/TES_511_Balloon/outputs/geometry/DEMO2_DR_v3p5_Mass_model_511_stage_diam_300_300_300_350_350_400_20260701_megalib_proxy/DEMO2_DR_v3p5_minpatch_centerfinger_megalib_proxy.geo.setup
Mass_model_511 smoke buildup detector transport,runs/Mass_model_511_nearfield_migration_20260701/step02_buildup_candidate_Mass_model_511_smoke/Background_p_fullsphere20_rep05_part01.inc1.id1.sim.gz,16453092,/home/ubuntu/TES_511_Balloon/outputs/geometry/DEMO2_DR_v3p5_Mass_model_511_stage_diam_300_300_300_350_350_400_20260701_megalib_proxy/DEMO2_DR_v3p5_minpatch_centerfinger_megalib_proxy.geo.setup
Mass_model_511 smoke buildup detector transport,runs/Mass_model_511_nearfield_migration_20260701/step02_buildup_candidate_Mass_model_511_smoke/Background_p_fullsphere20_rep06_part01.inc1.id1.sim.gz,17187135,/home/ubuntu/TES_511_Balloon/outputs/geometry/DEMO2_DR_v3p5_Mass_model_511_stage_diam_300_300_300_350_350_400_20260701_megalib_proxy/DEMO2_DR_v3p5_minpatch_centerfinger_megalib_proxy.geo.setup
Mass_model_511 smoke buildup detector transport,runs/Mass_model_511_nearfield_migration_20260701/step02_buildup_candidate_Mass_model_511_smoke/Background_p_fullsphere20_rep07_part01.inc1.id1.sim.gz,16540431,/home/ubuntu/TES_511_Balloon/outputs/geometry/DEMO2_DR_v3p5_Mass_model_511_stage_diam_300_300_300_350_350_400_20260701_megalib_proxy/DEMO2_DR_v3p5_minpatch_centerfinger_megalib_proxy.geo.setup
Mass_model_511 smoke buildup detector transport,runs/Mass_model_511_nearfield_migration_20260701/step02_buildup_candidate_Mass_model_511_smoke/Background_p_fullsphere20_rep08_part01.inc1.id1.sim.gz,16710173,/home/ubuntu/TES_511_Balloon/outputs/geometry/DEMO2_DR_v3p5_Mass_model_511_stage_diam_300_300_300_350_350_400_20260701_megalib_proxy/DEMO2_DR_v3p5_minpatch_centerfinger_megalib_proxy.geo.setup
Mass_model_511 smoke delayed detector transport,runs/Mass_model_511_nearfield_migration_20260701/step02_delayed_transport_candidate_Mass_model_511_S0_smoke/DelayedDecayMassModel511CandidateS0.inc1.id1.sim.gz,79061426,/home/ubuntu/TES_511_Balloon/outputs/geometry/DEMO2_DR_v3p5_Mass_model_511_stage_diam_300_300_300_350_350_400_20260701_megalib_proxy/DEMO2_DR_v3p5_minpatch_centerfinger_megalib_proxy.geo.setup
Mass_model_511 smoke delayed detector transport,runs/Mass_model_511_nearfield_migration_20260701/step02_delayed_transport_candidate_Mass_model_511_S1_smoke/DelayedDecayMassModel511CandidateS1.inc1.id1.sim.gz,791877613,/home/ubuntu/TES_511_Balloon/outputs/geometry/DEMO2_DR_v3p5_Mass_model_511_stage_diam_300_300_300_350_350_400_20260701_megalib_proxy/DEMO2_DR_v3p5_minpatch_centerfinger_megalib_proxy.geo.setup
Mass_model_511 fullstat prompt/instant detector transport,runs/Mass_model_511_nearfield_migration_20260701/step02_instant_candidate_Mass_model_511_fullstat_v1/Background_alpha_fullsphere20_rep01_part01.inc1.id1.sim.gz,35828424,/home/ubuntu/TES_511_Balloon/outputs/geometry/DEMO2_DR_v3p5_Mass_model_511_stage_diam_300_300_300_350_350_400_20260701_megalib_proxy/DEMO2_DR_v3p5_minpatch_centerfinger_megalib_proxy.geo.setup
Mass_model_511 fullstat prompt/instant detector transport,runs/Mass_model_511_nearfield_migration_20260701/step02_instant_candidate_Mass_model_511_fullstat_v1/Background_alpha_fullsphere20_rep02_part01.inc1.id1.sim.gz,35012793,/home/ubuntu/TES_511_Balloon/outputs/geometry/DEMO2_DR_v3p5_Mass_model_511_stage_diam_300_300_300_350_350_400_20260701_megalib_proxy/DEMO2_DR_v3p5_minpatch_centerfinger_megalib_proxy.geo.setup
Mass_model_511 fullstat prompt/instant detector transport,runs/Mass_model_511_nearfield_migration_20260701/step02_instant_candidate_Mass_model_511_fullstat_v1/Background_alpha_fullsphere20_rep03_part01.inc1.id1.sim.gz,36391977,/home/ubuntu/TES_511_Balloon/outputs/geometry/DEMO2_DR_v3p5_Mass_model_511_stage_diam_300_300_300_350_350_400_20260701_megalib_proxy/DEMO2_DR_v3p5_minpatch_centerfinger_megalib_proxy.geo.setup
Mass_model_511 fullstat prompt/instant detector transport,runs/Mass_model_511_nearfield_migration_20260701/step02_instant_candidate_Mass_model_511_fullstat_v1/Background_alpha_fullsphere20_rep04_part01.inc1.id1.sim.gz,35941365,/home/ubuntu/TES_511_Balloon/outputs/geometry/DEMO2_DR_v3p5_Mass_model_511_stage_diam_300_300_300_350_350_400_20260701_megalib_proxy/DEMO2_DR_v3p5_minpatch_centerfinger_megalib_proxy.geo.setup
Mass_model_511 fullstat prompt/instant detector transport,runs/Mass_model_511_nearfield_migration_20260701/step02_instant_candidate_Mass_model_511_fullstat_v1/Background_alpha_fullsphere20_rep05_part01.inc1.id1.sim.gz,34062043,/home/ubuntu/TES_511_Balloon/outputs/geometry/DEMO2_DR_v3p5_Mass_model_511_stage_diam_300_300_300_350_350_400_20260701_megalib_proxy/DEMO2_DR_v3p5_minpatch_centerfinger_megalib_proxy.geo.setup
Mass_model_511 fullstat prompt/instant detector transport,runs/Mass_model_511_nearfield_migration_20260701/step02_instant_candidate_Mass_model_511_fullstat_v1/Background_alpha_fullsphere20_rep06_part01.inc1.id1.sim.gz,35932498,/home/ubuntu/TES_511_Balloon/outputs/geometry/DEMO2_DR_v3p5_Mass_model_511_stage_diam_300_300_300_350_350_400_20260701_megalib_proxy/DEMO2_DR_v3p5_minpatch_centerfinger_megalib_proxy.geo.setup
Mass_model_511 fullstat prompt/instant detector transport,runs/Mass_model_511_nearfield_migration_20260701/step02_instant_candidate_Mass_model_511_fullstat_v1/Background_alpha_fullsphere20_rep07_part01.inc1.id1.sim.gz,36105259,/home/ubuntu/TES_511_Balloon/outputs/geometry/DEMO2_DR_v3p5_Mass_model_511_stage_diam_300_300_300_350_350_400_20260701_megalib_proxy/DEMO2_DR_v3p5_minpatch_centerfinger_megalib_proxy.geo.setup
Mass_model_511 fullstat prompt/instant detector transport,runs/Mass_model_511_nearfield_migration_20260701/step02_instant_candidate_Mass_model_511_fullstat_v1/Background_alpha_fullsphere20_rep08_part01.inc1.id1.sim.gz,36726824,/home/ubuntu/TES_511_Balloon/outputs/geometry/DEMO2_DR_v3p5_Mass_model_511_stage_diam_300_300_300_350_350_400_20260701_megalib_proxy/DEMO2_DR_v3p5_minpatch_centerfinger_megalib_proxy.geo.setup
Mass_model_511 fullstat prompt/instant detector transport,runs/Mass_model_511_nearfield_migration_20260701/step02_instant_candidate_Mass_model_511_fullstat_v1/Background_eminus_fullsphere20_rep01_part01.inc1.id1.sim.gz,56104202,/home/ubuntu/TES_511_Balloon/outputs/geometry/DEMO2_DR_v3p5_Mass_model_511_stage_diam_300_300_300_350_350_400_20260701_megalib_proxy/DEMO2_DR_v3p5_minpatch_centerfinger_megalib_proxy.geo.setup
Mass_model_511 fullstat prompt/instant detector transport,runs/Mass_model_511_nearfield_migration_20260701/step02_instant_candidate_Mass_model_511_fullstat_v1/Background_eminus_fullsphere20_rep02_part01.inc1.id1.sim.gz,55962394,/home/ubuntu/TES_511_Balloon/outputs/geometry/DEMO2_DR_v3p5_Mass_model_511_stage_diam_300_300_300_350_350_400_20260701_megalib_proxy/DEMO2_DR_v3p5_minpatch_centerfinger_megalib_proxy.geo.setup
Mass_model_511 fullstat prompt/instant detector transport,runs/Mass_model_511_nearfield_migration_20260701/step02_instant_candidate_Mass_model_511_fullstat_v1/Background_eminus_fullsphere20_rep03_part01.inc1.id1.sim.gz,55855223,/home/ubuntu/TES_511_Balloon/outputs/geometry/DEMO2_DR_v3p5_Mass_model_511_stage_diam_300_300_300_350_350_400_20260701_megalib_proxy/DEMO2_DR_v3p5_minpatch_centerfinger_megalib_proxy.geo.setup
Mass_model_511 fullstat prompt/instant detector transport,runs/Mass_model_511_nearfield_migration_20260701/step02_instant_candidate_Mass_model_511_fullstat_v1/Background_eminus_fullsphere20_rep04_part01.inc1.id1.sim.gz,55895410,/home/ubuntu/TES_511_Balloon/outputs/geometry/DEMO2_DR_v3p5_Mass_model_511_stage_diam_300_300_300_350_350_400_20260701_megalib_proxy/DEMO2_DR_v3p5_minpatch_centerfinger_megalib_proxy.geo.setup
Mass_model_511 fullstat prompt/instant detector transport,runs/Mass_model_511_nearfield_migration_20260701/step02_instant_candidate_Mass_model_511_fullstat_v1/Background_eminus_fullsphere20_rep05_part01.inc1.id1.sim.gz,56016504,/home/ubuntu/TES_511_Balloon/outputs/geometry/DEMO2_DR_v3p5_Mass_model_511_stage_diam_300_300_300_350_350_400_20260701_megalib_proxy/DEMO2_DR_v3p5_minpatch_centerfinger_megalib_proxy.geo.setup
Mass_model_511 fullstat prompt/instant detector transport,runs/Mass_model_511_nearfield_migration_20260701/step02_instant_candidate_Mass_model_511_fullstat_v1/Background_eminus_fullsphere20_rep06_part01.inc1.id1.sim.gz,55901312,/home/ubuntu/TES_511_Balloon/outputs/geometry/DEMO2_DR_v3p5_Mass_model_511_stage_diam_300_300_300_350_350_400_20260701_megalib_proxy/DEMO2_DR_v3p5_minpatch_centerfinger_megalib_proxy.geo.setup
Mass_model_511 fullstat prompt/instant detector transport,runs/Mass_model_511_nearfield_migration_20260701/step02_instant_candidate_Mass_model_511_fullstat_v1/Background_eminus_fullsphere20_rep07_part01.inc1.id1.sim.gz,55858480,/home/ubuntu/TES_511_Balloon/outputs/geometry/DEMO2_DR_v3p5_Mass_model_511_stage_diam_300_300_300_350_350_400_20260701_megalib_proxy/DEMO2_DR_v3p5_minpatch_centerfinger_megalib_proxy.geo.setup
Mass_model_511 fullstat prompt/instant detector transport,runs/Mass_model_511_nearfield_migration_20260701/step02_instant_candidate_Mass_model_511_fullstat_v1/Background_eminus_fullsphere20_rep08_part01.inc1.id1.sim.gz,56011512,/home/ubuntu/TES_511_Balloon/outputs/geometry/DEMO2_DR_v3p5_Mass_model_511_stage_diam_300_300_300_350_350_400_20260701_megalib_proxy/DEMO2_DR_v3p5_minpatch_centerfinger_megalib_proxy.geo.setup
Mass_model_511 fullstat prompt/instant detector transport,runs/Mass_model_511_nearfield_migration_20260701/step02_instant_candidate_Mass_model_511_fullstat_v1/Background_eplus_fullsphere20_rep01_part01.inc1.id1.sim.gz,93971202,/home/ubuntu/TES_511_Balloon/outputs/geometry/DEMO2_DR_v3p5_Mass_model_511_stage_diam_300_300_300_350_350_400_20260701_megalib_proxy/DEMO2_DR_v3p5_minpatch_centerfinger_megalib_proxy.geo.setup
Mass_model_511 fullstat prompt/instant detector transport,runs/Mass_model_511_nearfield_migration_20260701/step02_instant_candidate_Mass_model_511_fullstat_v1/Background_eplus_fullsphere20_rep02_part01.inc1.id1.sim.gz,95277934,/home/ubuntu/TES_511_Balloon/outputs/geometry/DEMO2_DR_v3p5_Mass_model_511_stage_diam_300_300_300_350_350_400_20260701_megalib_proxy/DEMO2_DR_v3p5_minpatch_centerfinger_megalib_proxy.geo.setup
Mass_model_511 fullstat prompt/instant detector transport,runs/Mass_model_511_nearfield_migration_20260701/step02_instant_candidate_Mass_model_511_fullstat_v1/Background_eplus_fullsphere20_rep03_part01.inc1.id1.sim.gz,95173166,/home/ubuntu/TES_511_Balloon/outputs/geometry/DEMO2_DR_v3p5_Mass_model_511_stage_diam_300_300_300_350_350_400_20260701_megalib_proxy/DEMO2_DR_v3p5_minpatch_centerfinger_megalib_proxy.geo.setup
Mass_model_511 fullstat prompt/instant detector transport,runs/Mass_model_511_nearfield_migration_20260701/step02_instant_candidate_Mass_model_511_fullstat_v1/Background_eplus_fullsphere20_rep04_part01.inc1.id1.sim.gz,93728111,/home/ubuntu/TES_511_Balloon/outputs/geometry/DEMO2_DR_v3p5_Mass_model_511_stage_diam_300_300_300_350_350_400_20260701_megalib_proxy/DEMO2_DR_v3p5_minpatch_centerfinger_megalib_proxy.geo.setup
Mass_model_511 fullstat prompt/instant detector transport,runs/Mass_model_511_nearfield_migration_20260701/step02_instant_candidate_Mass_model_511_fullstat_v1/Background_eplus_fullsphere20_rep05_part01.inc1.id1.sim.gz,95022097,/home/ubuntu/TES_511_Balloon/outputs/geometry/DEMO2_DR_v3p5_Mass_model_511_stage_diam_300_300_300_350_350_400_20260701_megalib_proxy/DEMO2_DR_v3p5_minpatch_centerfinger_megalib_proxy.geo.setup
Mass_model_511 fullstat prompt/instant detector transport,runs/Mass_model_511_nearfield_migration_20260701/step02_instant_candidate_Mass_model_511_fullstat_v1/Background_eplus_fullsphere20_rep06_part01.inc1.id1.sim.gz,94730334,/home/ubuntu/TES_511_Balloon/outputs/geometry/DEMO2_DR_v3p5_Mass_model_511_stage_diam_300_300_300_350_350_400_20260701_megalib_proxy/DEMO2_DR_v3p5_minpatch_centerfinger_megalib_proxy.geo.setup
Mass_model_511 fullstat prompt/instant detector transport,runs/Mass_model_511_nearfield_migration_20260701/step02_instant_candidate_Mass_model_511_fullstat_v1/Background_eplus_fullsphere20_rep07_part01.inc1.id1.sim.gz,93902507,/home/ubuntu/TES_511_Balloon/outputs/geometry/DEMO2_DR_v3p5_Mass_model_511_stage_diam_300_300_300_350_350_400_20260701_megalib_proxy/DEMO2_DR_v3p5_minpatch_centerfinger_megalib_proxy.geo.setup
Mass_model_511 fullstat prompt/instant detector transport,runs/Mass_model_511_nearfield_migration_20260701/step02_instant_candidate_Mass_model_511_fullstat_v1/Background_eplus_fullsphere20_rep08_part01.inc1.id1.sim.gz,93699430,/home/ubuntu/TES_511_Balloon/outputs/geometry/DEMO2_DR_v3p5_Mass_model_511_stage_diam_300_300_300_350_350_400_20260701_megalib_proxy/DEMO2_DR_v3p5_minpatch_centerfinger_megalib_proxy.geo.setup
Mass_model_511 fullstat prompt/instant detector transport,runs/Mass_model_511_nearfield_migration_20260701/step02_instant_candidate_Mass_model_511_fullstat_v1/Background_gamma_fullsphere20_rep01_part01.inc1.id1.sim.gz,89588157,/home/ubuntu/TES_511_Balloon/outputs/geometry/DEMO2_DR_v3p5_Mass_model_511_stage_diam_300_300_300_350_350_400_20260701_megalib_proxy/DEMO2_DR_v3p5_minpatch_centerfinger_megalib_proxy.geo.setup
Mass_model_511 fullstat prompt/instant detector transport,runs/Mass_model_511_nearfield_migration_20260701/step02_instant_candidate_Mass_model_511_fullstat_v1/Background_gamma_fullsphere20_rep01_part02.inc1.id1.sim.gz,89232814,/home/ubuntu/TES_511_Balloon/outputs/geometry/DEMO2_DR_v3p5_Mass_model_511_stage_diam_300_300_300_350_350_400_20260701_megalib_proxy/DEMO2_DR_v3p5_minpatch_centerfinger_megalib_proxy.geo.setup
Mass_model_511 fullstat prompt/instant detector transport,runs/Mass_model_511_nearfield_migration_20260701/step02_instant_candidate_Mass_model_511_fullstat_v1/Background_gamma_fullsphere20_rep01_part03.inc1.id1.sim.gz,89591225,/home/ubuntu/TES_511_Balloon/outputs/geometry/DEMO2_DR_v3p5_Mass_model_511_stage_diam_300_300_300_350_350_400_20260701_megalib_proxy/DEMO2_DR_v3p5_minpatch_centerfinger_megalib_proxy.geo.setup
Mass_model_511 fullstat prompt/instant detector transport,runs/Mass_model_511_nearfield_migration_20260701/step02_instant_candidate_Mass_model_511_fullstat_v1/Background_gamma_fullsphere20_rep01_part04.inc1.id1.sim.gz,89200883,/home/ubuntu/TES_511_Balloon/outputs/geometry/DEMO2_DR_v3p5_Mass_model_511_stage_diam_300_300_300_350_350_400_20260701_megalib_proxy/DEMO2_DR_v3p5_minpatch_centerfinger_megalib_proxy.geo.setup
Mass_model_511 fullstat prompt/instant detector transport,runs/Mass_model_511_nearfield_migration_20260701/step02_instant_candidate_Mass_model_511_fullstat_v1/Background_gamma_fullsphere20_rep01_part05.inc1.id1.sim.gz,89389604,/home/ubuntu/TES_511_Balloon/outputs/geometry/DEMO2_DR_v3p5_Mass_model_511_stage_diam_300_300_300_350_350_400_20260701_megalib_proxy/DEMO2_DR_v3p5_minpatch_centerfinger_megalib_proxy.geo.setup
Mass_model_511 fullstat prompt/instant detector transport,runs/Mass_model_511_nearfield_migration_20260701/step02_instant_candidate_Mass_model_511_fullstat_v1/Background_gamma_fullsphere20_rep01_part06.inc1.id1.sim.gz,89274188,/home/ubuntu/TES_511_Balloon/outputs/geometry/DEMO2_DR_v3p5_Mass_model_511_stage_diam_300_300_300_350_350_400_20260701_megalib_proxy/DEMO2_DR_v3p5_minpatch_centerfinger_megalib_proxy.geo.setup
Mass_model_511 fullstat prompt/instant detector transport,runs/Mass_model_511_nearfield_migration_20260701/step02_instant_candidate_Mass_model_511_fullstat_v1/Background_gamma_fullsphere20_rep01_part07.inc1.id1.sim.gz,89202992,/home/ubuntu/TES_511_Balloon/outputs/geometry/DEMO2_DR_v3p5_Mass_model_511_stage_diam_300_300_300_350_350_400_20260701_megalib_proxy/DEMO2_DR_v3p5_minpatch_centerfinger_megalib_proxy.geo.setup
Mass_model_511 fullstat prompt/instant detector transport,runs/Mass_model_511_nearfield_migration_20260701/step02_instant_candidate_Mass_model_511_fullstat_v1/Background_gamma_fullsphere20_rep01_part08.inc1.id1.sim.gz,89696720,/home/ubuntu/TES_511_Balloon/outputs/geometry/DEMO2_DR_v3p5_Mass_model_511_stage_diam_300_300_300_350_350_400_20260701_megalib_proxy/DEMO2_DR_v3p5_minpatch_centerfinger_megalib_proxy.geo.setup
Mass_model_511 fullstat prompt/instant detector transport,runs/Mass_model_511_nearfield_migration_20260701/step02_instant_candidate_Mass_model_511_fullstat_v1/Background_gamma_fullsphere20_rep01_part09.inc1.id1.sim.gz,89254693,/home/ubuntu/TES_511_Balloon/outputs/geometry/DEMO2_DR_v3p5_Mass_model_511_stage_diam_300_300_300_350_350_400_20260701_megalib_proxy/DEMO2_DR_v3p5_minpatch_centerfinger_megalib_proxy.geo.setup
Mass_model_511 fullstat prompt/instant detector transport,runs/Mass_model_511_nearfield_migration_20260701/step02_instant_candidate_Mass_model_511_fullstat_v1/Background_gamma_fullsphere20_rep01_part10.inc1.id1.sim.gz,89412592,/home/ubuntu/TES_511_Balloon/outputs/geometry/DEMO2_DR_v3p5_Mass_model_511_stage_diam_300_300_300_350_350_400_20260701_megalib_proxy/DEMO2_DR_v3p5_minpatch_centerfinger_megalib_proxy.geo.setup
Mass_model_511 fullstat prompt/instant detector transport,runs/Mass_model_511_nearfield_migration_20260701/step02_instant_candidate_Mass_model_511_fullstat_v1/Background_gamma_fullsphere20_rep01_part11.inc1.id1.sim.gz,89334256,/home/ubuntu/TES_511_Balloon/outputs/geometry/DEMO2_DR_v3p5_Mass_model_511_stage_diam_300_300_300_350_350_400_20260701_megalib_proxy/DEMO2_DR_v3p5_minpatch_centerfinger_megalib_proxy.geo.setup
Mass_model_511 fullstat prompt/instant detector transport,runs/Mass_model_511_nearfield_migration_20260701/step02_instant_candidate_Mass_model_511_fullstat_v1/Background_gamma_fullsphere20_rep01_part12.inc1.id1.sim.gz,89621356,/home/ubuntu/TES_511_Balloon/outputs/geometry/DEMO2_DR_v3p5_Mass_model_511_stage_diam_300_300_300_350_350_400_20260701_megalib_proxy/DEMO2_DR_v3p5_minpatch_centerfinger_megalib_proxy.geo.setup
Mass_model_511 fullstat prompt/instant detector transport,runs/Mass_model_511_nearfield_migration_20260701/step02_instant_candidate_Mass_model_511_fullstat_v1/Background_muminus_fullsphere20_rep01_part01.inc1.id1.sim.gz,17830247,/home/ubuntu/TES_511_Balloon/outputs/geometry/DEMO2_DR_v3p5_Mass_model_511_stage_diam_300_300_300_350_350_400_20260701_megalib_proxy/DEMO2_DR_v3p5_minpatch_centerfinger_megalib_proxy.geo.setup
Mass_model_511 fullstat prompt/instant detector transport,runs/Mass_model_511_nearfield_migration_20260701/step02_instant_candidate_Mass_model_511_fullstat_v1/Background_muminus_fullsphere20_rep02_part01.inc1.id1.sim.gz,18157081,/home/ubuntu/TES_511_Balloon/outputs/geometry/DEMO2_DR_v3p5_Mass_model_511_stage_diam_300_300_300_350_350_400_20260701_megalib_proxy/DEMO2_DR_v3p5_minpatch_centerfinger_megalib_proxy.geo.setup
Mass_model_511 fullstat prompt/instant detector transport,runs/Mass_model_511_nearfield_migration_20260701/step02_instant_candidate_Mass_model_511_fullstat_v1/Background_muminus_fullsphere20_rep03_part01.inc1.id1.sim.gz,18790319,/home/ubuntu/TES_511_Balloon/outputs/geometry/DEMO2_DR_v3p5_Mass_model_511_stage_diam_300_300_300_350_350_400_20260701_megalib_proxy/DEMO2_DR_v3p5_minpatch_centerfinger_megalib_proxy.geo.setup
Mass_model_511 fullstat prompt/instant detector transport,runs/Mass_model_511_nearfield_migration_20260701/step02_instant_candidate_Mass_model_511_fullstat_v1/Background_muminus_fullsphere20_rep04_part01.inc1.id1.sim.gz,18438967,/home/ubuntu/TES_511_Balloon/outputs/geometry/DEMO2_DR_v3p5_Mass_model_511_stage_diam_300_300_300_350_350_400_20260701_megalib_proxy/DEMO2_DR_v3p5_minpatch_centerfinger_megalib_proxy.geo.setup
Mass_model_511 fullstat prompt/instant detector transport,runs/Mass_model_511_nearfield_migration_20260701/step02_instant_candidate_Mass_model_511_fullstat_v1/Background_muminus_fullsphere20_rep05_part01.inc1.id1.sim.gz,18850931,/home/ubuntu/TES_511_Balloon/outputs/geometry/DEMO2_DR_v3p5_Mass_model_511_stage_diam_300_300_300_350_350_400_20260701_megalib_proxy/DEMO2_DR_v3p5_minpatch_centerfinger_megalib_proxy.geo.setup
Mass_model_511 fullstat prompt/instant detector transport,runs/Mass_model_511_nearfield_migration_20260701/step02_instant_candidate_Mass_model_511_fullstat_v1/Background_muminus_fullsphere20_rep06_part01.inc1.id1.sim.gz,18588215,/home/ubuntu/TES_511_Balloon/outputs/geometry/DEMO2_DR_v3p5_Mass_model_511_stage_diam_300_300_300_350_350_400_20260701_megalib_proxy/DEMO2_DR_v3p5_minpatch_centerfinger_megalib_proxy.geo.setup
Mass_model_511 fullstat prompt/instant detector transport,runs/Mass_model_511_nearfield_migration_20260701/step02_instant_candidate_Mass_model_511_fullstat_v1/Background_muminus_fullsphere20_rep07_part01.inc1.id1.sim.gz,18689983,/home/ubuntu/TES_511_Balloon/outputs/geometry/DEMO2_DR_v3p5_Mass_model_511_stage_diam_300_300_300_350_350_400_20260701_megalib_proxy/DEMO2_DR_v3p5_minpatch_centerfinger_megalib_proxy.geo.setup
Mass_model_511 fullstat prompt/instant detector transport,runs/Mass_model_511_nearfield_migration_20260701/step02_instant_candidate_Mass_model_511_fullstat_v1/Background_muminus_fullsphere20_rep08_part01.inc1.id1.sim.gz,18270663,/home/ubuntu/TES_511_Balloon/outputs/geometry/DEMO2_DR_v3p5_Mass_model_511_stage_diam_300_300_300_350_350_400_20260701_megalib_proxy/DEMO2_DR_v3p5_minpatch_centerfinger_megalib_proxy.geo.setup
Mass_model_511 fullstat prompt/instant detector transport,runs/Mass_model_511_nearfield_migration_20260701/step02_instant_candidate_Mass_model_511_fullstat_v1/Background_muplus_fullsphere20_rep01_part01.inc1.id1.sim.gz,28585305,/home/ubuntu/TES_511_Balloon/outputs/geometry/DEMO2_DR_v3p5_Mass_model_511_stage_diam_300_300_300_350_350_400_20260701_megalib_proxy/DEMO2_DR_v3p5_minpatch_centerfinger_megalib_proxy.geo.setup
Mass_model_511 fullstat prompt/instant detector transport,runs/Mass_model_511_nearfield_migration_20260701/step02_instant_candidate_Mass_model_511_fullstat_v1/Background_muplus_fullsphere20_rep02_part01.inc1.id1.sim.gz,27522083,/home/ubuntu/TES_511_Balloon/outputs/geometry/DEMO2_DR_v3p5_Mass_model_511_stage_diam_300_300_300_350_350_400_20260701_megalib_proxy/DEMO2_DR_v3p5_minpatch_centerfinger_megalib_proxy.geo.setup
Mass_model_511 fullstat prompt/instant detector transport,runs/Mass_model_511_nearfield_migration_20260701/step02_instant_candidate_Mass_model_511_fullstat_v1/Background_muplus_fullsphere20_rep03_part01.inc1.id1.sim.gz,26739543,/home/ubuntu/TES_511_Balloon/outputs/geometry/DEMO2_DR_v3p5_Mass_model_511_stage_diam_300_300_300_350_350_400_20260701_megalib_proxy/DEMO2_DR_v3p5_minpatch_centerfinger_megalib_proxy.geo.setup
Mass_model_511 fullstat prompt/instant detector transport,runs/Mass_model_511_nearfield_migration_20260701/step02_instant_candidate_Mass_model_511_fullstat_v1/Background_muplus_fullsphere20_rep04_part01.inc1.id1.sim.gz,27047355,/home/ubuntu/TES_511_Balloon/outputs/geometry/DEMO2_DR_v3p5_Mass_model_511_stage_diam_300_300_300_350_350_400_20260701_megalib_proxy/DEMO2_DR_v3p5_minpatch_centerfinger_megalib_proxy.geo.setup
Mass_model_511 fullstat prompt/instant detector transport,runs/Mass_model_511_nearfield_migration_20260701/step02_instant_candidate_Mass_model_511_fullstat_v1/Background_muplus_fullsphere20_rep05_part01.inc1.id1.sim.gz,27901562,/home/ubuntu/TES_511_Balloon/outputs/geometry/DEMO2_DR_v3p5_Mass_model_511_stage_diam_300_300_300_350_350_400_20260701_megalib_proxy/DEMO2_DR_v3p5_minpatch_centerfinger_megalib_proxy.geo.setup
Mass_model_511 fullstat prompt/instant detector transport,runs/Mass_model_511_nearfield_migration_20260701/step02_instant_candidate_Mass_model_511_fullstat_v1/Background_muplus_fullsphere20_rep06_part01.inc1.id1.sim.gz,27639132,/home/ubuntu/TES_511_Balloon/outputs/geometry/DEMO2_DR_v3p5_Mass_model_511_stage_diam_300_300_300_350_350_400_20260701_megalib_proxy/DEMO2_DR_v3p5_minpatch_centerfinger_megalib_proxy.geo.setup
Mass_model_511 fullstat prompt/instant detector transport,runs/Mass_model_511_nearfield_migration_20260701/step02_instant_candidate_Mass_model_511_fullstat_v1/Background_muplus_fullsphere20_rep07_part01.inc1.id1.sim.gz,26744775,/home/ubuntu/TES_511_Balloon/outputs/geometry/DEMO2_DR_v3p5_Mass_model_511_stage_diam_300_300_300_350_350_400_20260701_megalib_proxy/DEMO2_DR_v3p5_minpatch_centerfinger_megalib_proxy.geo.setup
Mass_model_511 fullstat prompt/instant detector transport,runs/Mass_model_511_nearfield_migration_20260701/step02_instant_candidate_Mass_model_511_fullstat_v1/Background_muplus_fullsphere20_rep08_part01.inc1.id1.sim.gz,27901730,/home/ubuntu/TES_511_Balloon/outputs/geometry/DEMO2_DR_v3p5_Mass_model_511_stage_diam_300_300_300_350_350_400_20260701_megalib_proxy/DEMO2_DR_v3p5_minpatch_centerfinger_megalib_proxy.geo.setup
Mass_model_511 fullstat prompt/instant detector transport,runs/Mass_model_511_nearfield_migration_20260701/step02_instant_candidate_Mass_model_511_fullstat_v1/Background_n_fullsphere20_rep01_part01.inc1.id1.sim.gz,278037232,/home/ubuntu/TES_511_Balloon/outputs/geometry/DEMO2_DR_v3p5_Mass_model_511_stage_diam_300_300_300_350_350_400_20260701_megalib_proxy/DEMO2_DR_v3p5_minpatch_centerfinger_megalib_proxy.geo.setup
Mass_model_511 fullstat prompt/instant detector transport,runs/Mass_model_511_nearfield_migration_20260701/step02_instant_candidate_Mass_model_511_fullstat_v1/Background_n_fullsphere20_rep02_part01.inc1.id1.sim.gz,277998922,/home/ubuntu/TES_511_Balloon/outputs/geometry/DEMO2_DR_v3p5_Mass_model_511_stage_diam_300_300_300_350_350_400_20260701_megalib_proxy/DEMO2_DR_v3p5_minpatch_centerfinger_megalib_proxy.geo.setup
Mass_model_511 fullstat prompt/instant detector transport,runs/Mass_model_511_nearfield_migration_20260701/step02_instant_candidate_Mass_model_511_fullstat_v1/Background_n_fullsphere20_rep03_part01.inc1.id1.sim.gz,275470092,/home/ubuntu/TES_511_Balloon/outputs/geometry/DEMO2_DR_v3p5_Mass_model_511_stage_diam_300_300_300_350_350_400_20260701_megalib_proxy/DEMO2_DR_v3p5_minpatch_centerfinger_megalib_proxy.geo.setup
Mass_model_511 fullstat prompt/instant detector transport,runs/Mass_model_511_nearfield_migration_20260701/step02_instant_candidate_Mass_model_511_fullstat_v1/Background_n_fullsphere20_rep04_part01.inc1.id1.sim.gz,278785386,/home/ubuntu/TES_511_Balloon/outputs/geometry/DEMO2_DR_v3p5_Mass_model_511_stage_diam_300_300_300_350_350_400_20260701_megalib_proxy/DEMO2_DR_v3p5_minpatch_centerfinger_megalib_proxy.geo.setup
Mass_model_511 fullstat prompt/instant detector transport,runs/Mass_model_511_nearfield_migration_20260701/step02_instant_candidate_Mass_model_511_fullstat_v1/Background_n_fullsphere20_rep05_part01.inc1.id1.sim.gz,279263582,/home/ubuntu/TES_511_Balloon/outputs/geometry/DEMO2_DR_v3p5_Mass_model_511_stage_diam_300_300_300_350_350_400_20260701_megalib_proxy/DEMO2_DR_v3p5_minpatch_centerfinger_megalib_proxy.geo.setup
Mass_model_511 fullstat prompt/instant detector transport,runs/Mass_model_511_nearfield_migration_20260701/step02_instant_candidate_Mass_model_511_fullstat_v1/Background_n_fullsphere20_rep06_part01.inc1.id1.sim.gz,277099055,/home/ubuntu/TES_511_Balloon/outputs/geometry/DEMO2_DR_v3p5_Mass_model_511_stage_diam_300_300_300_350_350_400_20260701_megalib_proxy/DEMO2_DR_v3p5_minpatch_centerfinger_megalib_proxy.geo.setup
Mass_model_511 fullstat prompt/instant detector transport,runs/Mass_model_511_nearfield_migration_20260701/step02_instant_candidate_Mass_model_511_fullstat_v1/Background_n_fullsphere20_rep07_part01.inc1.id1.sim.gz,278812104,/home/ubuntu/TES_511_Balloon/outputs/geometry/DEMO2_DR_v3p5_Mass_model_511_stage_diam_300_300_300_350_350_400_20260701_megalib_proxy/DEMO2_DR_v3p5_minpatch_centerfinger_megalib_proxy.geo.setup
Mass_model_511 fullstat prompt/instant detector transport,runs/Mass_model_511_nearfield_migration_20260701/step02_instant_candidate_Mass_model_511_fullstat_v1/Background_n_fullsphere20_rep08_part01.inc1.id1.sim.gz,278146354,/home/ubuntu/TES_511_Balloon/outputs/geometry/DEMO2_DR_v3p5_Mass_model_511_stage_diam_300_300_300_350_350_400_20260701_megalib_proxy/DEMO2_DR_v3p5_minpatch_centerfinger_megalib_proxy.geo.setup
Mass_model_511 fullstat prompt/instant detector transport,runs/Mass_model_511_nearfield_migration_20260701/step02_instant_candidate_Mass_model_511_fullstat_v1/Background_p_fullsphere20_rep01_part01.inc1.id1.sim.gz,164106114,/home/ubuntu/TES_511_Balloon/outputs/geometry/DEMO2_DR_v3p5_Mass_model_511_stage_diam_300_300_300_350_350_400_20260701_megalib_proxy/DEMO2_DR_v3p5_minpatch_centerfinger_megalib_proxy.geo.setup
Mass_model_511 fullstat prompt/instant detector transport,runs/Mass_model_511_nearfield_migration_20260701/step02_instant_candidate_Mass_model_511_fullstat_v1/Background_p_fullsphere20_rep02_part01.inc1.id1.sim.gz,165692528,/home/ubuntu/TES_511_Balloon/outputs/geometry/DEMO2_DR_v3p5_Mass_model_511_stage_diam_300_300_300_350_350_400_20260701_megalib_proxy/DEMO2_DR_v3p5_minpatch_centerfinger_megalib_proxy.geo.setup
Mass_model_511 fullstat prompt/instant detector transport,runs/Mass_model_511_nearfield_migration_20260701/step02_instant_candidate_Mass_model_511_fullstat_v1/Background_p_fullsphere20_rep03_part01.inc1.id1.sim.gz,167090433,/home/ubuntu/TES_511_Balloon/outputs/geometry/DEMO2_DR_v3p5_Mass_model_511_stage_diam_300_300_300_350_350_400_20260701_megalib_proxy/DEMO2_DR_v3p5_minpatch_centerfinger_megalib_proxy.geo.setup
Mass_model_511 fullstat prompt/instant detector transport,runs/Mass_model_511_nearfield_migration_20260701/step02_instant_candidate_Mass_model_511_fullstat_v1/Background_p_fullsphere20_rep04_part01.inc1.id1.sim.gz,164656024,/home/ubuntu/TES_511_Balloon/outputs/geometry/DEMO2_DR_v3p5_Mass_model_511_stage_diam_300_300_300_350_350_400_20260701_megalib_proxy/DEMO2_DR_v3p5_minpatch_centerfinger_megalib_proxy.geo.setup
Mass_model_511 fullstat prompt/instant detector transport,runs/Mass_model_511_nearfield_migration_20260701/step02_instant_candidate_Mass_model_511_fullstat_v1/Background_p_fullsphere20_rep05_part01.inc1.id1.sim.gz,164525533,/home/ubuntu/TES_511_Balloon/outputs/geometry/DEMO2_DR_v3p5_Mass_model_511_stage_diam_300_300_300_350_350_400_20260701_megalib_proxy/DEMO2_DR_v3p5_minpatch_centerfinger_megalib_proxy.geo.setup
Mass_model_511 fullstat prompt/instant detector transport,runs/Mass_model_511_nearfield_migration_20260701/step02_instant_candidate_Mass_model_511_fullstat_v1/Background_p_fullsphere20_rep06_part01.inc1.id1.sim.gz,166508442,/home/ubuntu/TES_511_Balloon/outputs/geometry/DEMO2_DR_v3p5_Mass_model_511_stage_diam_300_300_300_350_350_400_20260701_megalib_proxy/DEMO2_DR_v3p5_minpatch_centerfinger_megalib_proxy.geo.setup
Mass_model_511 fullstat prompt/instant detector transport,runs/Mass_model_511_nearfield_migration_20260701/step02_instant_candidate_Mass_model_511_fullstat_v1/Background_p_fullsphere20_rep07_part01.inc1.id1.sim.gz,162384355,/home/ubuntu/TES_511_Balloon/outputs/geometry/DEMO2_DR_v3p5_Mass_model_511_stage_diam_300_300_300_350_350_400_20260701_megalib_proxy/DEMO2_DR_v3p5_minpatch_centerfinger_megalib_proxy.geo.setup
Mass_model_511 fullstat prompt/instant detector transport,runs/Mass_model_511_nearfield_migration_20260701/step02_instant_candidate_Mass_model_511_fullstat_v1/Background_p_fullsphere20_rep08_part01.inc1.id1.sim.gz,167346257,/home/ubuntu/TES_511_Balloon/outputs/geometry/DEMO2_DR_v3p5_Mass_model_511_stage_diam_300_300_300_350_350_400_20260701_megalib_proxy/DEMO2_DR_v3p5_minpatch_centerfinger_megalib_proxy.geo.setup
Mass_model_511 smoke prompt/instant detector transport,runs/Mass_model_511_nearfield_migration_20260701/step02_instant_candidate_Mass_model_511_smoke/Background_alpha_fullsphere20_rep01_part01.inc1.id1.sim.gz,3300323,/home/ubuntu/TES_511_Balloon/outputs/geometry/DEMO2_DR_v3p5_Mass_model_511_stage_diam_300_300_300_350_350_400_20260701_megalib_proxy/DEMO2_DR_v3p5_minpatch_centerfinger_megalib_proxy.geo.setup
Mass_model_511 smoke prompt/instant detector transport,runs/Mass_model_511_nearfield_migration_20260701/step02_instant_candidate_Mass_model_511_smoke/Background_alpha_fullsphere20_rep02_part01.inc1.id1.sim.gz,3520676,/home/ubuntu/TES_511_Balloon/outputs/geometry/DEMO2_DR_v3p5_Mass_model_511_stage_diam_300_300_300_350_350_400_20260701_megalib_proxy/DEMO2_DR_v3p5_minpatch_centerfinger_megalib_proxy.geo.setup
Mass_model_511 smoke prompt/instant detector transport,runs/Mass_model_511_nearfield_migration_20260701/step02_instant_candidate_Mass_model_511_smoke/Background_alpha_fullsphere20_rep03_part01.inc1.id1.sim.gz,3770373,/home/ubuntu/TES_511_Balloon/outputs/geometry/DEMO2_DR_v3p5_Mass_model_511_stage_diam_300_300_300_350_350_400_20260701_megalib_proxy/DEMO2_DR_v3p5_minpatch_centerfinger_megalib_proxy.geo.setup
Mass_model_511 smoke prompt/instant detector transport,runs/Mass_model_511_nearfield_migration_20260701/step02_instant_candidate_Mass_model_511_smoke/Background_alpha_fullsphere20_rep04_part01.inc1.id1.sim.gz,3801856,/home/ubuntu/TES_511_Balloon/outputs/geometry/DEMO2_DR_v3p5_Mass_model_511_stage_diam_300_300_300_350_350_400_20260701_megalib_proxy/DEMO2_DR_v3p5_minpatch_centerfinger_megalib_proxy.geo.setup
Mass_model_511 smoke prompt/instant detector transport,runs/Mass_model_511_nearfield_migration_20260701/step02_instant_candidate_Mass_model_511_smoke/Background_alpha_fullsphere20_rep05_part01.inc1.id1.sim.gz,3318272,/home/ubuntu/TES_511_Balloon/outputs/geometry/DEMO2_DR_v3p5_Mass_model_511_stage_diam_300_300_300_350_350_400_20260701_megalib_proxy/DEMO2_DR_v3p5_minpatch_centerfinger_megalib_proxy.geo.setup
Mass_model_511 smoke prompt/instant detector transport,runs/Mass_model_511_nearfield_migration_20260701/step02_instant_candidate_Mass_model_511_smoke/Background_alpha_fullsphere20_rep06_part01.inc1.id1.sim.gz,3802853,/home/ubuntu/TES_511_Balloon/outputs/geometry/DEMO2_DR_v3p5_Mass_model_511_stage_diam_300_300_300_350_350_400_20260701_megalib_proxy/DEMO2_DR_v3p5_minpatch_centerfinger_megalib_proxy.geo.setup
Mass_model_511 smoke prompt/instant detector transport,runs/Mass_model_511_nearfield_migration_20260701/step02_instant_candidate_Mass_model_511_smoke/Background_alpha_fullsphere20_rep07_part01.inc1.id1.sim.gz,3916734,/home/ubuntu/TES_511_Balloon/outputs/geometry/DEMO2_DR_v3p5_Mass_model_511_stage_diam_300_300_300_350_350_400_20260701_megalib_proxy/DEMO2_DR_v3p5_minpatch_centerfinger_megalib_proxy.geo.setup
Mass_model_511 smoke prompt/instant detector transport,runs/Mass_model_511_nearfield_migration_20260701/step02_instant_candidate_Mass_model_511_smoke/Background_alpha_fullsphere20_rep08_part01.inc1.id1.sim.gz,3653658,/home/ubuntu/TES_511_Balloon/outputs/geometry/DEMO2_DR_v3p5_Mass_model_511_stage_diam_300_300_300_350_350_400_20260701_megalib_proxy/DEMO2_DR_v3p5_minpatch_centerfinger_megalib_proxy.geo.setup
Mass_model_511 smoke prompt/instant detector transport,runs/Mass_model_511_nearfield_migration_20260701/step02_instant_candidate_Mass_model_511_smoke/Background_eminus_fullsphere20_rep01_part01.inc1.id1.sim.gz,5573078,/home/ubuntu/TES_511_Balloon/outputs/geometry/DEMO2_DR_v3p5_Mass_model_511_stage_diam_300_300_300_350_350_400_20260701_megalib_proxy/DEMO2_DR_v3p5_minpatch_centerfinger_megalib_proxy.geo.setup
Mass_model_511 smoke prompt/instant detector transport,runs/Mass_model_511_nearfield_migration_20260701/step02_instant_candidate_Mass_model_511_smoke/Background_eminus_fullsphere20_rep02_part01.inc1.id1.sim.gz,5593302,/home/ubuntu/TES_511_Balloon/outputs/geometry/DEMO2_DR_v3p5_Mass_model_511_stage_diam_300_300_300_350_350_400_20260701_megalib_proxy/DEMO2_DR_v3p5_minpatch_centerfinger_megalib_proxy.geo.setup
Mass_model_511 smoke prompt/instant detector transport,runs/Mass_model_511_nearfield_migration_20260701/step02_instant_candidate_Mass_model_511_smoke/Background_eminus_fullsphere20_rep03_part01.inc1.id1.sim.gz,5577555,/home/ubuntu/TES_511_Balloon/outputs/geometry/DEMO2_DR_v3p5_Mass_model_511_stage_diam_300_300_300_350_350_400_20260701_megalib_proxy/DEMO2_DR_v3p5_minpatch_centerfinger_megalib_proxy.geo.setup
Mass_model_511 smoke prompt/instant detector transport,runs/Mass_model_511_nearfield_migration_20260701/step02_instant_candidate_Mass_model_511_smoke/Background_eminus_fullsphere20_rep04_part01.inc1.id1.sim.gz,5574473,/home/ubuntu/TES_511_Balloon/outputs/geometry/DEMO2_DR_v3p5_Mass_model_511_stage_diam_300_300_300_350_350_400_20260701_megalib_proxy/DEMO2_DR_v3p5_minpatch_centerfinger_megalib_proxy.geo.setup
Mass_model_511 smoke prompt/instant detector transport,runs/Mass_model_511_nearfield_migration_20260701/step02_instant_candidate_Mass_model_511_smoke/Background_eminus_fullsphere20_rep05_part01.inc1.id1.sim.gz,5595411,/home/ubuntu/TES_511_Balloon/outputs/geometry/DEMO2_DR_v3p5_Mass_model_511_stage_diam_300_300_300_350_350_400_20260701_megalib_proxy/DEMO2_DR_v3p5_minpatch_centerfinger_megalib_proxy.geo.setup
Mass_model_511 smoke prompt/instant detector transport,runs/Mass_model_511_nearfield_migration_20260701/step02_instant_candidate_Mass_model_511_smoke/Background_eminus_fullsphere20_rep06_part01.inc1.id1.sim.gz,5585140,/home/ubuntu/TES_511_Balloon/outputs/geometry/DEMO2_DR_v3p5_Mass_model_511_stage_diam_300_300_300_350_350_400_20260701_megalib_proxy/DEMO2_DR_v3p5_minpatch_centerfinger_megalib_proxy.geo.setup
Mass_model_511 smoke prompt/instant detector transport,runs/Mass_model_511_nearfield_migration_20260701/step02_instant_candidate_Mass_model_511_smoke/Background_eminus_fullsphere20_rep07_part01.inc1.id1.sim.gz,5581829,/home/ubuntu/TES_511_Balloon/outputs/geometry/DEMO2_DR_v3p5_Mass_model_511_stage_diam_300_300_300_350_350_400_20260701_megalib_proxy/DEMO2_DR_v3p5_minpatch_centerfinger_megalib_proxy.geo.setup
Mass_model_511 smoke prompt/instant detector transport,runs/Mass_model_511_nearfield_migration_20260701/step02_instant_candidate_Mass_model_511_smoke/Background_eminus_fullsphere20_rep08_part01.inc1.id1.sim.gz,5525865,/home/ubuntu/TES_511_Balloon/outputs/geometry/DEMO2_DR_v3p5_Mass_model_511_stage_diam_300_300_300_350_350_400_20260701_megalib_proxy/DEMO2_DR_v3p5_minpatch_centerfinger_megalib_proxy.geo.setup
Mass_model_511 smoke prompt/instant detector transport,runs/Mass_model_511_nearfield_migration_20260701/step02_instant_candidate_Mass_model_511_smoke/Background_eplus_fullsphere20_rep01_part01.inc1.id1.sim.gz,9561035,/home/ubuntu/TES_511_Balloon/outputs/geometry/DEMO2_DR_v3p5_Mass_model_511_stage_diam_300_300_300_350_350_400_20260701_megalib_proxy/DEMO2_DR_v3p5_minpatch_centerfinger_megalib_proxy.geo.setup
Mass_model_511 smoke prompt/instant detector transport,runs/Mass_model_511_nearfield_migration_20260701/step02_instant_candidate_Mass_model_511_smoke/Background_eplus_fullsphere20_rep02_part01.inc1.id1.sim.gz,9517370,/home/ubuntu/TES_511_Balloon/outputs/geometry/DEMO2_DR_v3p5_Mass_model_511_stage_diam_300_300_300_350_350_400_20260701_megalib_proxy/DEMO2_DR_v3p5_minpatch_centerfinger_megalib_proxy.geo.setup
Mass_model_511 smoke prompt/instant detector transport,runs/Mass_model_511_nearfield_migration_20260701/step02_instant_candidate_Mass_model_511_smoke/Background_eplus_fullsphere20_rep03_part01.inc1.id1.sim.gz,9302015,/home/ubuntu/TES_511_Balloon/outputs/geometry/DEMO2_DR_v3p5_Mass_model_511_stage_diam_300_300_300_350_350_400_20260701_megalib_proxy/DEMO2_DR_v3p5_minpatch_centerfinger_megalib_proxy.geo.setup
Mass_model_511 smoke prompt/instant detector transport,runs/Mass_model_511_nearfield_migration_20260701/step02_instant_candidate_Mass_model_511_smoke/Background_eplus_fullsphere20_rep04_part01.inc1.id1.sim.gz,9492938,/home/ubuntu/TES_511_Balloon/outputs/geometry/DEMO2_DR_v3p5_Mass_model_511_stage_diam_300_300_300_350_350_400_20260701_megalib_proxy/DEMO2_DR_v3p5_minpatch_centerfinger_megalib_proxy.geo.setup
Mass_model_511 smoke prompt/instant detector transport,runs/Mass_model_511_nearfield_migration_20260701/step02_instant_candidate_Mass_model_511_smoke/Background_eplus_fullsphere20_rep05_part01.inc1.id1.sim.gz,9378284,/home/ubuntu/TES_511_Balloon/outputs/geometry/DEMO2_DR_v3p5_Mass_model_511_stage_diam_300_300_300_350_350_400_20260701_megalib_proxy/DEMO2_DR_v3p5_minpatch_centerfinger_megalib_proxy.geo.setup
Mass_model_511 smoke prompt/instant detector transport,runs/Mass_model_511_nearfield_migration_20260701/step02_instant_candidate_Mass_model_511_smoke/Background_eplus_fullsphere20_rep06_part01.inc1.id1.sim.gz,9289150,/home/ubuntu/TES_511_Balloon/outputs/geometry/DEMO2_DR_v3p5_Mass_model_511_stage_diam_300_300_300_350_350_400_20260701_megalib_proxy/DEMO2_DR_v3p5_minpatch_centerfinger_megalib_proxy.geo.setup
Mass_model_511 smoke prompt/instant detector transport,runs/Mass_model_511_nearfield_migration_20260701/step02_instant_candidate_Mass_model_511_smoke/Background_eplus_fullsphere20_rep07_part01.inc1.id1.sim.gz,9222896,/home/ubuntu/TES_511_Balloon/outputs/geometry/DEMO2_DR_v3p5_Mass_model_511_stage_diam_300_300_300_350_350_400_20260701_megalib_proxy/DEMO2_DR_v3p5_minpatch_centerfinger_megalib_proxy.geo.setup
Mass_model_511 smoke prompt/instant detector transport,runs/Mass_model_511_nearfield_migration_20260701/step02_instant_candidate_Mass_model_511_smoke/Background_eplus_fullsphere20_rep08_part01.inc1.id1.sim.gz,9497271,/home/ubuntu/TES_511_Balloon/outputs/geometry/DEMO2_DR_v3p5_Mass_model_511_stage_diam_300_300_300_350_350_400_20260701_megalib_proxy/DEMO2_DR_v3p5_minpatch_centerfinger_megalib_proxy.geo.setup
Mass_model_511 smoke prompt/instant detector transport,runs/Mass_model_511_nearfield_migration_20260701/step02_instant_candidate_Mass_model_511_smoke/Background_gamma_fullsphere20_rep01_part01.inc1.id1.sim.gz,8889875,/home/ubuntu/TES_511_Balloon/outputs/geometry/DEMO2_DR_v3p5_Mass_model_511_stage_diam_300_300_300_350_350_400_20260701_megalib_proxy/DEMO2_DR_v3p5_minpatch_centerfinger_megalib_proxy.geo.setup
Mass_model_511 smoke prompt/instant detector transport,runs/Mass_model_511_nearfield_migration_20260701/step02_instant_candidate_Mass_model_511_smoke/Background_gamma_fullsphere20_rep01_part02.inc1.id1.sim.gz,8929758,/home/ubuntu/TES_511_Balloon/outputs/geometry/DEMO2_DR_v3p5_Mass_model_511_stage_diam_300_300_300_350_350_400_20260701_megalib_proxy/DEMO2_DR_v3p5_minpatch_centerfinger_megalib_proxy.geo.setup
Mass_model_511 smoke prompt/instant detector transport,runs/Mass_model_511_nearfield_migration_20260701/step02_instant_candidate_Mass_model_511_smoke/Background_gamma_fullsphere20_rep01_part03.inc1.id1.sim.gz,8874142,/home/ubuntu/TES_511_Balloon/outputs/geometry/DEMO2_DR_v3p5_Mass_model_511_stage_diam_300_300_300_350_350_400_20260701_megalib_proxy/DEMO2_DR_v3p5_minpatch_centerfinger_megalib_proxy.geo.setup
Mass_model_511 smoke prompt/instant detector transport,runs/Mass_model_511_nearfield_migration_20260701/step02_instant_candidate_Mass_model_511_smoke/Background_gamma_fullsphere20_rep01_part04.inc1.id1.sim.gz,8989548,/home/ubuntu/TES_511_Balloon/outputs/geometry/DEMO2_DR_v3p5_Mass_model_511_stage_diam_300_300_300_350_350_400_20260701_megalib_proxy/DEMO2_DR_v3p5_minpatch_centerfinger_megalib_proxy.geo.setup
Mass_model_511 smoke prompt/instant detector transport,runs/Mass_model_511_nearfield_migration_20260701/step02_instant_candidate_Mass_model_511_smoke/Background_gamma_fullsphere20_rep01_part05.inc1.id1.sim.gz,8909013,/home/ubuntu/TES_511_Balloon/outputs/geometry/DEMO2_DR_v3p5_Mass_model_511_stage_diam_300_300_300_350_350_400_20260701_megalib_proxy/DEMO2_DR_v3p5_minpatch_centerfinger_megalib_proxy.geo.setup
Mass_model_511 smoke prompt/instant detector transport,runs/Mass_model_511_nearfield_migration_20260701/step02_instant_candidate_Mass_model_511_smoke/Background_gamma_fullsphere20_rep01_part06.inc1.id1.sim.gz,9061215,/home/ubuntu/TES_511_Balloon/outputs/geometry/DEMO2_DR_v3p5_Mass_model_511_stage_diam_300_300_300_350_350_400_20260701_megalib_proxy/DEMO2_DR_v3p5_minpatch_centerfinger_megalib_proxy.geo.setup
Mass_model_511 smoke prompt/instant detector transport,runs/Mass_model_511_nearfield_migration_20260701/step02_instant_candidate_Mass_model_511_smoke/Background_gamma_fullsphere20_rep01_part07.inc1.id1.sim.gz,8893794,/home/ubuntu/TES_511_Balloon/outputs/geometry/DEMO2_DR_v3p5_Mass_model_511_stage_diam_300_300_300_350_350_400_20260701_megalib_proxy/DEMO2_DR_v3p5_minpatch_centerfinger_megalib_proxy.geo.setup
Mass_model_511 smoke prompt/instant detector transport,runs/Mass_model_511_nearfield_migration_20260701/step02_instant_candidate_Mass_model_511_smoke/Background_gamma_fullsphere20_rep01_part08.inc1.id1.sim.gz,8915036,/home/ubuntu/TES_511_Balloon/outputs/geometry/DEMO2_DR_v3p5_Mass_model_511_stage_diam_300_300_300_350_350_400_20260701_megalib_proxy/DEMO2_DR_v3p5_minpatch_centerfinger_megalib_proxy.geo.setup
Mass_model_511 smoke prompt/instant detector transport,runs/Mass_model_511_nearfield_migration_20260701/step02_instant_candidate_Mass_model_511_smoke/Background_gamma_fullsphere20_rep01_part09.inc1.id1.sim.gz,8880464,/home/ubuntu/TES_511_Balloon/outputs/geometry/DEMO2_DR_v3p5_Mass_model_511_stage_diam_300_300_300_350_350_400_20260701_megalib_proxy/DEMO2_DR_v3p5_minpatch_centerfinger_megalib_proxy.geo.setup
Mass_model_511 smoke prompt/instant detector transport,runs/Mass_model_511_nearfield_migration_20260701/step02_instant_candidate_Mass_model_511_smoke/Background_gamma_fullsphere20_rep01_part10.inc1.id1.sim.gz,8938632,/home/ubuntu/TES_511_Balloon/outputs/geometry/DEMO2_DR_v3p5_Mass_model_511_stage_diam_300_300_300_350_350_400_20260701_megalib_proxy/DEMO2_DR_v3p5_minpatch_centerfinger_megalib_proxy.geo.setup
Mass_model_511 smoke prompt/instant detector transport,runs/Mass_model_511_nearfield_migration_20260701/step02_instant_candidate_Mass_model_511_smoke/Background_gamma_fullsphere20_rep01_part11.inc1.id1.sim.gz,8909581,/home/ubuntu/TES_511_Balloon/outputs/geometry/DEMO2_DR_v3p5_Mass_model_511_stage_diam_300_300_300_350_350_400_20260701_megalib_proxy/DEMO2_DR_v3p5_minpatch_centerfinger_megalib_proxy.geo.setup
Mass_model_511 smoke prompt/instant detector transport,runs/Mass_model_511_nearfield_migration_20260701/step02_instant_candidate_Mass_model_511_smoke/Background_gamma_fullsphere20_rep01_part12.inc1.id1.sim.gz,8942749,/home/ubuntu/TES_511_Balloon/outputs/geometry/DEMO2_DR_v3p5_Mass_model_511_stage_diam_300_300_300_350_350_400_20260701_megalib_proxy/DEMO2_DR_v3p5_minpatch_centerfinger_megalib_proxy.geo.setup
Mass_model_511 smoke prompt/instant detector transport,runs/Mass_model_511_nearfield_migration_20260701/step02_instant_candidate_Mass_model_511_smoke/Background_muminus_fullsphere20_rep01_part01.inc1.id1.sim.gz,1594626,/home/ubuntu/TES_511_Balloon/outputs/geometry/DEMO2_DR_v3p5_Mass_model_511_stage_diam_300_300_300_350_350_400_20260701_megalib_proxy/DEMO2_DR_v3p5_minpatch_centerfinger_megalib_proxy.geo.setup
Mass_model_511 smoke prompt/instant detector transport,runs/Mass_model_511_nearfield_migration_20260701/step02_instant_candidate_Mass_model_511_smoke/Background_muminus_fullsphere20_rep02_part01.inc1.id1.sim.gz,1630442,/home/ubuntu/TES_511_Balloon/outputs/geometry/DEMO2_DR_v3p5_Mass_model_511_stage_diam_300_300_300_350_350_400_20260701_megalib_proxy/DEMO2_DR_v3p5_minpatch_centerfinger_megalib_proxy.geo.setup
Mass_model_511 smoke prompt/instant detector transport,runs/Mass_model_511_nearfield_migration_20260701/step02_instant_candidate_Mass_model_511_smoke/Background_muminus_fullsphere20_rep03_part01.inc1.id1.sim.gz,1972882,/home/ubuntu/TES_511_Balloon/outputs/geometry/DEMO2_DR_v3p5_Mass_model_511_stage_diam_300_300_300_350_350_400_20260701_megalib_proxy/DEMO2_DR_v3p5_minpatch_centerfinger_megalib_proxy.geo.setup
Mass_model_511 smoke prompt/instant detector transport,runs/Mass_model_511_nearfield_migration_20260701/step02_instant_candidate_Mass_model_511_smoke/Background_muminus_fullsphere20_rep04_part01.inc1.id1.sim.gz,1855390,/home/ubuntu/TES_511_Balloon/outputs/geometry/DEMO2_DR_v3p5_Mass_model_511_stage_diam_300_300_300_350_350_400_20260701_megalib_proxy/DEMO2_DR_v3p5_minpatch_centerfinger_megalib_proxy.geo.setup
Mass_model_511 smoke prompt/instant detector transport,runs/Mass_model_511_nearfield_migration_20260701/step02_instant_candidate_Mass_model_511_smoke/Background_muminus_fullsphere20_rep05_part01.inc1.id1.sim.gz,1828649,/home/ubuntu/TES_511_Balloon/outputs/geometry/DEMO2_DR_v3p5_Mass_model_511_stage_diam_300_300_300_350_350_400_20260701_megalib_proxy/DEMO2_DR_v3p5_minpatch_centerfinger_megalib_proxy.geo.setup
Mass_model_511 smoke prompt/instant detector transport,runs/Mass_model_511_nearfield_migration_20260701/step02_instant_candidate_Mass_model_511_smoke/Background_muminus_fullsphere20_rep06_part01.inc1.id1.sim.gz,1896417,/home/ubuntu/TES_511_Balloon/outputs/geometry/DEMO2_DR_v3p5_Mass_model_511_stage_diam_300_300_300_350_350_400_20260701_megalib_proxy/DEMO2_DR_v3p5_minpatch_centerfinger_megalib_proxy.geo.setup
Mass_model_511 smoke prompt/instant detector transport,runs/Mass_model_511_nearfield_migration_20260701/step02_instant_candidate_Mass_model_511_smoke/Background_muminus_fullsphere20_rep07_part01.inc1.id1.sim.gz,1963205,/home/ubuntu/TES_511_Balloon/outputs/geometry/DEMO2_DR_v3p5_Mass_model_511_stage_diam_300_300_300_350_350_400_20260701_megalib_proxy/DEMO2_DR_v3p5_minpatch_centerfinger_megalib_proxy.geo.setup
Mass_model_511 smoke prompt/instant detector transport,runs/Mass_model_511_nearfield_migration_20260701/step02_instant_candidate_Mass_model_511_smoke/Background_muminus_fullsphere20_rep08_part01.inc1.id1.sim.gz,1789246,/home/ubuntu/TES_511_Balloon/outputs/geometry/DEMO2_DR_v3p5_Mass_model_511_stage_diam_300_300_300_350_350_400_20260701_megalib_proxy/DEMO2_DR_v3p5_minpatch_centerfinger_megalib_proxy.geo.setup
Mass_model_511 smoke prompt/instant detector transport,runs/Mass_model_511_nearfield_migration_20260701/step02_instant_candidate_Mass_model_511_smoke/Background_muplus_fullsphere20_rep01_part01.inc1.id1.sim.gz,2949185,/home/ubuntu/TES_511_Balloon/outputs/geometry/DEMO2_DR_v3p5_Mass_model_511_stage_diam_300_300_300_350_350_400_20260701_megalib_proxy/DEMO2_DR_v3p5_minpatch_centerfinger_megalib_proxy.geo.setup
Mass_model_511 smoke prompt/instant detector transport,runs/Mass_model_511_nearfield_migration_20260701/step02_instant_candidate_Mass_model_511_smoke/Background_muplus_fullsphere20_rep02_part01.inc1.id1.sim.gz,2834854,/home/ubuntu/TES_511_Balloon/outputs/geometry/DEMO2_DR_v3p5_Mass_model_511_stage_diam_300_300_300_350_350_400_20260701_megalib_proxy/DEMO2_DR_v3p5_minpatch_centerfinger_megalib_proxy.geo.setup
Mass_model_511 smoke prompt/instant detector transport,runs/Mass_model_511_nearfield_migration_20260701/step02_instant_candidate_Mass_model_511_smoke/Background_muplus_fullsphere20_rep03_part01.inc1.id1.sim.gz,2364681,/home/ubuntu/TES_511_Balloon/outputs/geometry/DEMO2_DR_v3p5_Mass_model_511_stage_diam_300_300_300_350_350_400_20260701_megalib_proxy/DEMO2_DR_v3p5_minpatch_centerfinger_megalib_proxy.geo.setup
Mass_model_511 smoke prompt/instant detector transport,runs/Mass_model_511_nearfield_migration_20260701/step02_instant_candidate_Mass_model_511_smoke/Background_muplus_fullsphere20_rep04_part01.inc1.id1.sim.gz,2712818,/home/ubuntu/TES_511_Balloon/outputs/geometry/DEMO2_DR_v3p5_Mass_model_511_stage_diam_300_300_300_350_350_400_20260701_megalib_proxy/DEMO2_DR_v3p5_minpatch_centerfinger_megalib_proxy.geo.setup
Mass_model_511 smoke prompt/instant detector transport,runs/Mass_model_511_nearfield_migration_20260701/step02_instant_candidate_Mass_model_511_smoke/Background_muplus_fullsphere20_rep05_part01.inc1.id1.sim.gz,2653323,/home/ubuntu/TES_511_Balloon/outputs/geometry/DEMO2_DR_v3p5_Mass_model_511_stage_diam_300_300_300_350_350_400_20260701_megalib_proxy/DEMO2_DR_v3p5_minpatch_centerfinger_megalib_proxy.geo.setup
Mass_model_511 smoke prompt/instant detector transport,runs/Mass_model_511_nearfield_migration_20260701/step02_instant_candidate_Mass_model_511_smoke/Background_muplus_fullsphere20_rep06_part01.inc1.id1.sim.gz,3013072,/home/ubuntu/TES_511_Balloon/outputs/geometry/DEMO2_DR_v3p5_Mass_model_511_stage_diam_300_300_300_350_350_400_20260701_megalib_proxy/DEMO2_DR_v3p5_minpatch_centerfinger_megalib_proxy.geo.setup
Mass_model_511 smoke prompt/instant detector transport,runs/Mass_model_511_nearfield_migration_20260701/step02_instant_candidate_Mass_model_511_smoke/Background_muplus_fullsphere20_rep07_part01.inc1.id1.sim.gz,3000491,/home/ubuntu/TES_511_Balloon/outputs/geometry/DEMO2_DR_v3p5_Mass_model_511_stage_diam_300_300_300_350_350_400_20260701_megalib_proxy/DEMO2_DR_v3p5_minpatch_centerfinger_megalib_proxy.geo.setup
Mass_model_511 smoke prompt/instant detector transport,runs/Mass_model_511_nearfield_migration_20260701/step02_instant_candidate_Mass_model_511_smoke/Background_muplus_fullsphere20_rep08_part01.inc1.id1.sim.gz,2499358,/home/ubuntu/TES_511_Balloon/outputs/geometry/DEMO2_DR_v3p5_Mass_model_511_stage_diam_300_300_300_350_350_400_20260701_megalib_proxy/DEMO2_DR_v3p5_minpatch_centerfinger_megalib_proxy.geo.setup
Mass_model_511 smoke prompt/instant detector transport,runs/Mass_model_511_nearfield_migration_20260701/step02_instant_candidate_Mass_model_511_smoke/Background_n_fullsphere20_rep01_part01.inc1.id1.sim.gz,27582813,/home/ubuntu/TES_511_Balloon/outputs/geometry/DEMO2_DR_v3p5_Mass_model_511_stage_diam_300_300_300_350_350_400_20260701_megalib_proxy/DEMO2_DR_v3p5_minpatch_centerfinger_megalib_proxy.geo.setup
Mass_model_511 smoke prompt/instant detector transport,runs/Mass_model_511_nearfield_migration_20260701/step02_instant_candidate_Mass_model_511_smoke/Background_n_fullsphere20_rep02_part01.inc1.id1.sim.gz,27699684,/home/ubuntu/TES_511_Balloon/outputs/geometry/DEMO2_DR_v3p5_Mass_model_511_stage_diam_300_300_300_350_350_400_20260701_megalib_proxy/DEMO2_DR_v3p5_minpatch_centerfinger_megalib_proxy.geo.setup
Mass_model_511 smoke prompt/instant detector transport,runs/Mass_model_511_nearfield_migration_20260701/step02_instant_candidate_Mass_model_511_smoke/Background_n_fullsphere20_rep03_part01.inc1.id1.sim.gz,27791196,/home/ubuntu/TES_511_Balloon/outputs/geometry/DEMO2_DR_v3p5_Mass_model_511_stage_diam_300_300_300_350_350_400_20260701_megalib_proxy/DEMO2_DR_v3p5_minpatch_centerfinger_megalib_proxy.geo.setup
Mass_model_511 smoke prompt/instant detector transport,runs/Mass_model_511_nearfield_migration_20260701/step02_instant_candidate_Mass_model_511_smoke/Background_n_fullsphere20_rep04_part01.inc1.id1.sim.gz,27357428,/home/ubuntu/TES_511_Balloon/outputs/geometry/DEMO2_DR_v3p5_Mass_model_511_stage_diam_300_300_300_350_350_400_20260701_megalib_proxy/DEMO2_DR_v3p5_minpatch_centerfinger_megalib_proxy.geo.setup
Mass_model_511 smoke prompt/instant detector transport,runs/Mass_model_511_nearfield_migration_20260701/step02_instant_candidate_Mass_model_511_smoke/Background_n_fullsphere20_rep05_part01.inc1.id1.sim.gz,27857313,/home/ubuntu/TES_511_Balloon/outputs/geometry/DEMO2_DR_v3p5_Mass_model_511_stage_diam_300_300_300_350_350_400_20260701_megalib_proxy/DEMO2_DR_v3p5_minpatch_centerfinger_megalib_proxy.geo.setup
Mass_model_511 smoke prompt/instant detector transport,runs/Mass_model_511_nearfield_migration_20260701/step02_instant_candidate_Mass_model_511_smoke/Background_n_fullsphere20_rep06_part01.inc1.id1.sim.gz,27980950,/home/ubuntu/TES_511_Balloon/outputs/geometry/DEMO2_DR_v3p5_Mass_model_511_stage_diam_300_300_300_350_350_400_20260701_megalib_proxy/DEMO2_DR_v3p5_minpatch_centerfinger_megalib_proxy.geo.setup
Mass_model_511 smoke prompt/instant detector transport,runs/Mass_model_511_nearfield_migration_20260701/step02_instant_candidate_Mass_model_511_smoke/Background_n_fullsphere20_rep07_part01.inc1.id1.sim.gz,27759299,/home/ubuntu/TES_511_Balloon/outputs/geometry/DEMO2_DR_v3p5_Mass_model_511_stage_diam_300_300_300_350_350_400_20260701_megalib_proxy/DEMO2_DR_v3p5_minpatch_centerfinger_megalib_proxy.geo.setup
Mass_model_511 smoke prompt/instant detector transport,runs/Mass_model_511_nearfield_migration_20260701/step02_instant_candidate_Mass_model_511_smoke/Background_n_fullsphere20_rep08_part01.inc1.id1.sim.gz,27843033,/home/ubuntu/TES_511_Balloon/outputs/geometry/DEMO2_DR_v3p5_Mass_model_511_stage_diam_300_300_300_350_350_400_20260701_megalib_proxy/DEMO2_DR_v3p5_minpatch_centerfinger_megalib_proxy.geo.setup
Mass_model_511 smoke prompt/instant detector transport,runs/Mass_model_511_nearfield_migration_20260701/step02_instant_candidate_Mass_model_511_smoke/Background_p_fullsphere20_rep01_part01.inc1.id1.sim.gz,16409331,/home/ubuntu/TES_511_Balloon/outputs/geometry/DEMO2_DR_v3p5_Mass_model_511_stage_diam_300_300_300_350_350_400_20260701_megalib_proxy/DEMO2_DR_v3p5_minpatch_centerfinger_megalib_proxy.geo.setup
Mass_model_511 smoke prompt/instant detector transport,runs/Mass_model_511_nearfield_migration_20260701/step02_instant_candidate_Mass_model_511_smoke/Background_p_fullsphere20_rep02_part01.inc1.id1.sim.gz,16896162,/home/ubuntu/TES_511_Balloon/outputs/geometry/DEMO2_DR_v3p5_Mass_model_511_stage_diam_300_300_300_350_350_400_20260701_megalib_proxy/DEMO2_DR_v3p5_minpatch_centerfinger_megalib_proxy.geo.setup
Mass_model_511 smoke prompt/instant detector transport,runs/Mass_model_511_nearfield_migration_20260701/step02_instant_candidate_Mass_model_511_smoke/Background_p_fullsphere20_rep03_part01.inc1.id1.sim.gz,16227330,/home/ubuntu/TES_511_Balloon/outputs/geometry/DEMO2_DR_v3p5_Mass_model_511_stage_diam_300_300_300_350_350_400_20260701_megalib_proxy/DEMO2_DR_v3p5_minpatch_centerfinger_megalib_proxy.geo.setup
Mass_model_511 smoke prompt/instant detector transport,runs/Mass_model_511_nearfield_migration_20260701/step02_instant_candidate_Mass_model_511_smoke/Background_p_fullsphere20_rep04_part01.inc1.id1.sim.gz,16274660,/home/ubuntu/TES_511_Balloon/outputs/geometry/DEMO2_DR_v3p5_Mass_model_511_stage_diam_300_300_300_350_350_400_20260701_megalib_proxy/DEMO2_DR_v3p5_minpatch_centerfinger_megalib_proxy.geo.setup
Mass_model_511 smoke prompt/instant detector transport,runs/Mass_model_511_nearfield_migration_20260701/step02_instant_candidate_Mass_model_511_smoke/Background_p_fullsphere20_rep05_part01.inc1.id1.sim.gz,16448445,/home/ubuntu/TES_511_Balloon/outputs/geometry/DEMO2_DR_v3p5_Mass_model_511_stage_diam_300_300_300_350_350_400_20260701_megalib_proxy/DEMO2_DR_v3p5_minpatch_centerfinger_megalib_proxy.geo.setup
Mass_model_511 smoke prompt/instant detector transport,runs/Mass_model_511_nearfield_migration_20260701/step02_instant_candidate_Mass_model_511_smoke/Background_p_fullsphere20_rep06_part01.inc1.id1.sim.gz,17183491,/home/ubuntu/TES_511_Balloon/outputs/geometry/DEMO2_DR_v3p5_Mass_model_511_stage_diam_300_300_300_350_350_400_20260701_megalib_proxy/DEMO2_DR_v3p5_minpatch_centerfinger_megalib_proxy.geo.setup
Mass_model_511 smoke prompt/instant detector transport,runs/Mass_model_511_nearfield_migration_20260701/step02_instant_candidate_Mass_model_511_smoke/Background_p_fullsphere20_rep07_part01.inc1.id1.sim.gz,16536172,/home/ubuntu/TES_511_Balloon/outputs/geometry/DEMO2_DR_v3p5_Mass_model_511_stage_diam_300_300_300_350_350_400_20260701_megalib_proxy/DEMO2_DR_v3p5_minpatch_centerfinger_megalib_proxy.geo.setup
Mass_model_511 smoke prompt/instant detector transport,runs/Mass_model_511_nearfield_migration_20260701/step02_instant_candidate_Mass_model_511_smoke/Background_p_fullsphere20_rep08_part01.inc1.id1.sim.gz,16705972,/home/ubuntu/TES_511_Balloon/outputs/geometry/DEMO2_DR_v3p5_Mass_model_511_stage_diam_300_300_300_350_350_400_20260701_megalib_proxy/DEMO2_DR_v3p5_minpatch_centerfinger_megalib_proxy.geo.setup
Mass_model_511 smoke signal/focus detector transport,runs/Mass_model_511_nearfield_migration_20260701/step09_focus_candidate_Mass_model_511_Mass_model_511_smoke/Opticsim_laue_f10m_a1_candidate_Mass_model_511_Mass_model_511_signal_smoke.inc1.id1.sim.gz,24003916,/home/ubuntu/TES_511_Balloon/outputs/geometry/DEMO2_DR_v3p5_Mass_model_511_stage_diam_300_300_300_350_350_400_20260701_megalib_proxy/DEMO2_DR_v3p5_minpatch_centerfinger_megalib_proxy.geo.setup
