geometry,dimension,bin_index,bin_label,bin_low,bin_high,bin_high_open_ended,selection,window,primary_count,selected_count,efficiency,efficiency_wilson95_low,efficiency_wilson95_high
mass_model_511,initial_energy,0,<100 keV,0,100,False,pre_veto,tes_positive,693396,0,0.0,0.0,5.540034177989151e-06
mass_model_511,initial_energy,0,<100 keV,0,100,False,pre_veto,broad_480_550,693396,0,0.0,0.0,5.540034177989151e-06
mass_model_511,initial_energy,0,<100 keV,0,100,False,pre_veto,w2_510p58_511p42,693396,0,0.0,0.0,5.540034177989151e-06
mass_model_511,initial_energy,0,<100 keV,0,100,False,veto50,tes_positive,693396,0,0.0,0.0,5.540034177989151e-06
mass_model_511,initial_energy,0,<100 keV,0,100,False,veto50,broad_480_550,693396,0,0.0,0.0,5.540034177989151e-06
mass_model_511,initial_energy,0,<100 keV,0,100,False,veto50,w2_510p58_511p42,693396,0,0.0,0.0,5.540034177989151e-06
mass_model_511,initial_energy,0,<100 keV,0,100,False,veto70,tes_positive,693396,0,0.0,0.0,5.540034177989151e-06
mass_model_511,initial_energy,0,<100 keV,0,100,False,veto70,broad_480_550,693396,0,0.0,0.0,5.540034177989151e-06
mass_model_511,initial_energy,0,<100 keV,0,100,False,veto70,w2_510p58_511p42,693396,0,0.0,0.0,5.540034177989151e-06
mass_model_511,initial_energy,0,<100 keV,0,100,False,veto80,tes_positive,693396,0,0.0,0.0,5.540034177989151e-06
mass_model_511,initial_energy,0,<100 keV,0,100,False,veto80,broad_480_550,693396,0,0.0,0.0,5.540034177989151e-06
mass_model_511,initial_energy,0,<100 keV,0,100,False,veto80,w2_510p58_511p42,693396,0,0.0,0.0,5.540034177989151e-06
mass_model_511,initial_energy,1,100-300 keV,100,300,False,pre_veto,tes_positive,495499,18,3.632701579619737e-05,2.2979701162365746e-05,5.7426414579364466e-05
mass_model_511,initial_energy,1,100-300 keV,100,300,False,pre_veto,broad_480_550,495499,0,0.0,8.470329472543003e-22,7.752647410425342e-06
mass_model_511,initial_energy,1,100-300 keV,100,300,False,pre_veto,w2_510p58_511p42,495499,0,0.0,8.470329472543003e-22,7.752647410425342e-06
mass_model_511,initial_energy,1,100-300 keV,100,300,False,veto50,tes_positive,495499,18,3.632701579619737e-05,2.2979701162365746e-05,5.7426414579364466e-05
mass_model_511,initial_energy,1,100-300 keV,100,300,False,veto50,broad_480_550,495499,0,0.0,8.470329472543003e-22,7.752647410425342e-06
mass_model_511,initial_energy,1,100-300 keV,100,300,False,veto50,w2_510p58_511p42,495499,0,0.0,8.470329472543003e-22,7.752647410425342e-06
mass_model_511,initial_energy,1,100-300 keV,100,300,False,veto70,tes_positive,495499,18,3.632701579619737e-05,2.2979701162365746e-05,5.7426414579364466e-05
mass_model_511,initial_energy,1,100-300 keV,100,300,False,veto70,broad_480_550,495499,0,0.0,8.470329472543003e-22,7.752647410425342e-06
mass_model_511,initial_energy,1,100-300 keV,100,300,False,veto70,w2_510p58_511p42,495499,0,0.0,8.470329472543003e-22,7.752647410425342e-06
mass_model_511,initial_energy,1,100-300 keV,100,300,False,veto80,tes_positive,495499,18,3.632701579619737e-05,2.2979701162365746e-05,5.7426414579364466e-05
mass_model_511,initial_energy,1,100-300 keV,100,300,False,veto80,broad_480_550,495499,0,0.0,8.470329472543003e-22,7.752647410425342e-06
mass_model_511,initial_energy,1,100-300 keV,100,300,False,veto80,w2_510p58_511p42,495499,0,0.0,8.470329472543003e-22,7.752647410425342e-06
mass_model_511,initial_energy,2,300-480 keV,300,480,False,pre_veto,tes_positive,125206,9,7.18815392233599e-05,3.781871290283153e-05,0.00013662012166655327
mass_model_511,initial_energy,2,300-480 keV,300,480,False,pre_veto,broad_480_550,125206,0,0.0,0.0,3.068016679789114e-05
mass_model_511,initial_energy,2,300-480 keV,300,480,False,pre_veto,w2_510p58_511p42,125206,0,0.0,0.0,3.068016679789114e-05
mass_model_511,initial_energy,2,300-480 keV,300,480,False,veto50,tes_positive,125206,8,6.389470153187547e-05,3.237737811801616e-05,0.0001260882711434249
mass_model_511,initial_energy,2,300-480 keV,300,480,False,veto50,broad_480_550,125206,0,0.0,0.0,3.068016679789114e-05
mass_model_511,initial_energy,2,300-480 keV,300,480,False,veto50,w2_510p58_511p42,125206,0,0.0,0.0,3.068016679789114e-05
mass_model_511,initial_energy,2,300-480 keV,300,480,False,veto70,tes_positive,125206,9,7.18815392233599e-05,3.781871290283153e-05,0.00013662012166655327
mass_model_511,initial_energy,2,300-480 keV,300,480,False,veto70,broad_480_550,125206,0,0.0,0.0,3.068016679789114e-05
mass_model_511,initial_energy,2,300-480 keV,300,480,False,veto70,w2_510p58_511p42,125206,0,0.0,0.0,3.068016679789114e-05
mass_model_511,initial_energy,2,300-480 keV,300,480,False,veto80,tes_positive,125206,9,7.18815392233599e-05,3.781871290283153e-05,0.00013662012166655327
mass_model_511,initial_energy,2,300-480 keV,300,480,False,veto80,broad_480_550,125206,0,0.0,0.0,3.068016679789114e-05
mass_model_511,initial_energy,2,300-480 keV,300,480,False,veto80,w2_510p58_511p42,125206,0,0.0,0.0,3.068016679789114e-05
mass_model_511,initial_energy,3,480-550 keV,480,550,False,pre_veto,tes_positive,52274,11,0.00021042965910395226,0.00011750854158662684,0.00037680143946049557
mass_model_511,initial_energy,3,480-550 keV,480,550,False,pre_veto,broad_480_550,52274,1,1.9129969009450204e-05,3.376917246926907e-06,0.00010836179762131126
mass_model_511,initial_energy,3,480-550 keV,480,550,False,pre_veto,w2_510p58_511p42,52274,0,0.0,6.776263578034403e-21,7.348158825034974e-05
mass_model_511,initial_energy,3,480-550 keV,480,550,False,veto50,tes_positive,52274,10,0.00019129969009450205,0.00010391692242661893,0.00035213593200261506
mass_model_511,initial_energy,3,480-550 keV,480,550,False,veto50,broad_480_550,52274,1,1.9129969009450204e-05,3.376917246926907e-06,0.00010836179762131126
mass_model_511,initial_energy,3,480-550 keV,480,550,False,veto50,w2_510p58_511p42,52274,0,0.0,6.776263578034403e-21,7.348158825034974e-05
mass_model_511,initial_energy,3,480-550 keV,480,550,False,veto70,tes_positive,52274,10,0.00019129969009450205,0.00010391692242661893,0.00035213593200261506
mass_model_511,initial_energy,3,480-550 keV,480,550,False,veto70,broad_480_550,52274,1,1.9129969009450204e-05,3.376917246926907e-06,0.00010836179762131126
mass_model_511,initial_energy,3,480-550 keV,480,550,False,veto70,w2_510p58_511p42,52274,0,0.0,6.776263578034403e-21,7.348158825034974e-05
mass_model_511,initial_energy,3,480-550 keV,480,550,False,veto80,tes_positive,52274,10,0.00019129969009450205,0.00010391692242661893,0.00035213593200261506
mass_model_511,initial_energy,3,480-550 keV,480,550,False,veto80,broad_480_550,52274,1,1.9129969009450204e-05,3.376917246926907e-06,0.00010836179762131126
mass_model_511,initial_energy,3,480-550 keV,480,550,False,veto80,w2_510p58_511p42,52274,0,0.0,6.776263578034403e-21,7.348158825034974e-05
mass_model_511,initial_energy,4,0.55-1 MeV,550,1000,False,pre_veto,tes_positive,162649,61,0.00037504073188276597,0.00029200682450296344,0.0004816744570045212
mass_model_511,initial_energy,4,0.55-1 MeV,550,1000,False,pre_veto,broad_480_550,162649,6,3.6889252316337635e-05,1.690678139622628e-05,8.048751358573231e-05
mass_model_511,initial_energy,4,0.55-1 MeV,550,1000,False,pre_veto,w2_510p58_511p42,162649,0,0.0,0.0,2.3617532815537555e-05
mass_model_511,initial_energy,4,0.55-1 MeV,550,1000,False,veto50,tes_positive,162649,47,0.00028896580981131146,0.00021732931178774562,0.00038420619133142325
mass_model_511,initial_energy,4,0.55-1 MeV,550,1000,False,veto50,broad_480_550,162649,5,3.074104359694803e-05,1.3130805565414852e-05,7.19673623888069e-05
mass_model_511,initial_energy,4,0.55-1 MeV,550,1000,False,veto50,w2_510p58_511p42,162649,0,0.0,0.0,2.3617532815537555e-05
mass_model_511,initial_energy,4,0.55-1 MeV,550,1000,False,veto70,tes_positive,162649,47,0.00028896580981131146,0.00021732931178774562,0.00038420619133142325
mass_model_511,initial_energy,4,0.55-1 MeV,550,1000,False,veto70,broad_480_550,162649,5,3.074104359694803e-05,1.3130805565414852e-05,7.19673623888069e-05
mass_model_511,initial_energy,4,0.55-1 MeV,550,1000,False,veto70,w2_510p58_511p42,162649,0,0.0,0.0,2.3617532815537555e-05
mass_model_511,initial_energy,4,0.55-1 MeV,550,1000,False,veto80,tes_positive,162649,47,0.00028896580981131146,0.00021732931178774562,0.00038420619133142325
mass_model_511,initial_energy,4,0.55-1 MeV,550,1000,False,veto80,broad_480_550,162649,5,3.074104359694803e-05,1.3130805565414852e-05,7.19673623888069e-05
mass_model_511,initial_energy,4,0.55-1 MeV,550,1000,False,veto80,w2_510p58_511p42,162649,0,0.0,0.0,2.3617532815537555e-05
mass_model_511,initial_energy,5,1-3 MeV,1000,3000,False,pre_veto,tes_positive,152910,92,0.0006016611078412138,0.0004906630794495066,0.0007377506274370564
mass_model_511,initial_energy,5,1-3 MeV,1000,3000,False,pre_veto,broad_480_550,152910,7,4.577856255313583e-05,2.2175724017218117e-05,9.450082174531041e-05
mass_model_511,initial_energy,5,1-3 MeV,1000,3000,False,pre_veto,w2_510p58_511p42,152910,1,6.539794650447976e-06,1.1544352728382835e-06,3.704654617505252e-05
mass_model_511,initial_energy,5,1-3 MeV,1000,3000,False,veto50,tes_positive,152910,57,0.00037276829507553464,0.0002877563231420675,0.0004828832585757754
mass_model_511,initial_energy,5,1-3 MeV,1000,3000,False,veto50,broad_480_550,152910,3,1.9619383951343927e-05,6.672382975003642e-06,5.768711991109973e-05
mass_model_511,initial_energy,5,1-3 MeV,1000,3000,False,veto50,w2_510p58_511p42,152910,0,0.0,1.6940658945086007e-21,2.512172072878452e-05
mass_model_511,initial_energy,5,1-3 MeV,1000,3000,False,veto70,tes_positive,152910,59,0.0003858478843764306,0.0002991672295305511,0.0004976308736255044
mass_model_511,initial_energy,5,1-3 MeV,1000,3000,False,veto70,broad_480_550,152910,3,1.9619383951343927e-05,6.672382975003642e-06,5.768711991109973e-05
mass_model_511,initial_energy,5,1-3 MeV,1000,3000,False,veto70,w2_510p58_511p42,152910,0,0.0,1.6940658945086007e-21,2.512172072878452e-05
mass_model_511,initial_energy,5,1-3 MeV,1000,3000,False,veto80,tes_positive,152910,59,0.0003858478843764306,0.0002991672295305511,0.0004976308736255044
mass_model_511,initial_energy,5,1-3 MeV,1000,3000,False,veto80,broad_480_550,152910,3,1.9619383951343927e-05,6.672382975003642e-06,5.768711991109973e-05
mass_model_511,initial_energy,5,1-3 MeV,1000,3000,False,veto80,w2_510p58_511p42,152910,0,0.0,1.6940658945086007e-21,2.512172072878452e-05
mass_model_511,initial_energy,6,3-10 MeV,3000,10000,False,pre_veto,tes_positive,121264,109,0.0008988652856577385,0.000745270260913625,0.0010840808362280316
mass_model_511,initial_energy,6,3-10 MeV,3000,10000,False,pre_veto,broad_480_550,121264,11,9.0711175616836e-05,5.065415235692852e-05,0.0001624399252635525
mass_model_511,initial_energy,6,3-10 MeV,3000,10000,False,pre_veto,w2_510p58_511p42,121264,6,4.947882306372873e-05,2.267677943260663e-05,0.00010795520535516136
mass_model_511,initial_energy,6,3-10 MeV,3000,10000,False,veto50,tes_positive,121264,52,0.0004288164665523156,0.00032704726282274324,0.0005622359760259848
mass_model_511,initial_energy,6,3-10 MeV,3000,10000,False,veto50,broad_480_550,121264,4,3.2985882042485813e-05,1.282763774545431e-05,8.481950990922846e-05
mass_model_511,initial_energy,6,3-10 MeV,3000,10000,False,veto50,w2_510p58_511p42,121264,2,1.6492941021242907e-05,4.522970965842778e-06,6.013933955575478e-05
mass_model_511,initial_energy,6,3-10 MeV,3000,10000,False,veto70,tes_positive,121264,53,0.00043706293706293706,0.00033418894246408585,0.0005715867149511849
mass_model_511,initial_energy,6,3-10 MeV,3000,10000,False,veto70,broad_480_550,121264,4,3.2985882042485813e-05,1.282763774545431e-05,8.481950990922846e-05
mass_model_511,initial_energy,6,3-10 MeV,3000,10000,False,veto70,w2_510p58_511p42,121264,2,1.6492941021242907e-05,4.522970965842778e-06,6.013933955575478e-05
mass_model_511,initial_energy,6,3-10 MeV,3000,10000,False,veto80,tes_positive,121264,53,0.00043706293706293706,0.00033418894246408585,0.0005715867149511849
mass_model_511,initial_energy,6,3-10 MeV,3000,10000,False,veto80,broad_480_550,121264,4,3.2985882042485813e-05,1.282763774545431e-05,8.481950990922846e-05
mass_model_511,initial_energy,6,3-10 MeV,3000,10000,False,veto80,w2_510p58_511p42,121264,2,1.6492941021242907e-05,4.522970965842778e-06,6.013933955575478e-05
mass_model_511,initial_energy,7,10-30 MeV,10000,30000,False,pre_veto,tes_positive,82908,131,0.0015800646499734645,0.0013318182500121228,0.001874496483121961
mass_model_511,initial_energy,7,10-30 MeV,10000,30000,False,pre_veto,broad_480_550,82908,9,0.00010855405992184108,5.711340447168482e-05,0.00020631650416859054
mass_model_511,initial_energy,7,10-30 MeV,10000,30000,False,pre_veto,w2_510p58_511p42,82908,8,9.649249770830318e-05,4.8895931971576733e-05,0.00019041196991055262
mass_model_511,initial_energy,7,10-30 MeV,10000,30000,False,veto50,tes_positive,82908,21,0.00025329280648429586,0.00016568297688859286,0.0003872110128494342
mass_model_511,initial_energy,7,10-30 MeV,10000,30000,False,veto50,broad_480_550,82908,1,1.2061562213537898e-05,2.1291650745548278e-06,6.832468950055271e-05
mass_model_511,initial_energy,7,10-30 MeV,10000,30000,False,veto50,w2_510p58_511p42,82908,1,1.2061562213537898e-05,2.1291650745548278e-06,6.832468950055271e-05
mass_model_511,initial_energy,7,10-30 MeV,10000,30000,False,veto70,tes_positive,82908,21,0.00025329280648429586,0.00016568297688859286,0.0003872110128494342
mass_model_511,initial_energy,7,10-30 MeV,10000,30000,False,veto70,broad_480_550,82908,1,1.2061562213537898e-05,2.1291650745548278e-06,6.832468950055271e-05
mass_model_511,initial_energy,7,10-30 MeV,10000,30000,False,veto70,w2_510p58_511p42,82908,1,1.2061562213537898e-05,2.1291650745548278e-06,6.832468950055271e-05
mass_model_511,initial_energy,7,10-30 MeV,10000,30000,False,veto80,tes_positive,82908,21,0.00025329280648429586,0.00016568297688859286,0.0003872110128494342
mass_model_511,initial_energy,7,10-30 MeV,10000,30000,False,veto80,broad_480_550,82908,1,1.2061562213537898e-05,2.1291650745548278e-06,6.832468950055271e-05
mass_model_511,initial_energy,7,10-30 MeV,10000,30000,False,veto80,w2_510p58_511p42,82908,1,1.2061562213537898e-05,2.1291650745548278e-06,6.832468950055271e-05
mass_model_511,initial_energy,8,30-100 MeV,30000,100000,False,pre_veto,tes_positive,62824,340,0.005411944479816631,0.004867707621693908,0.0060166621567729365
mass_model_511,initial_energy,8,30-100 MeV,30000,100000,False,pre_veto,broad_480_550,62824,36,0.0005730294155099962,0.0004139637197391764,0.000793167658002059
mass_model_511,initial_energy,8,30-100 MeV,30000,100000,False,pre_veto,w2_510p58_511p42,62824,18,0.0002865147077549981,0.00018124959503822407,0.0004528874037126792
mass_model_511,initial_energy,8,30-100 MeV,30000,100000,False,veto50,tes_positive,62824,9,0.00014325735387749904,7.537223012698269e-05,0.0002722675791287546
mass_model_511,initial_energy,8,30-100 MeV,30000,100000,False,veto50,broad_480_550,62824,0,0.0,0.0,6.114261976057122e-05
mass_model_511,initial_energy,8,30-100 MeV,30000,100000,False,veto50,w2_510p58_511p42,62824,0,0.0,0.0,6.114261976057122e-05
mass_model_511,initial_energy,8,30-100 MeV,30000,100000,False,veto70,tes_positive,62824,9,0.00014325735387749904,7.537223012698269e-05,0.0002722675791287546
mass_model_511,initial_energy,8,30-100 MeV,30000,100000,False,veto70,broad_480_550,62824,0,0.0,0.0,6.114261976057122e-05
mass_model_511,initial_energy,8,30-100 MeV,30000,100000,False,veto70,w2_510p58_511p42,62824,0,0.0,0.0,6.114261976057122e-05
mass_model_511,initial_energy,8,30-100 MeV,30000,100000,False,veto80,tes_positive,62824,9,0.00014325735387749904,7.537223012698269e-05,0.0002722675791287546
mass_model_511,initial_energy,8,30-100 MeV,30000,100000,False,veto80,broad_480_550,62824,0,0.0,0.0,6.114261976057122e-05
mass_model_511,initial_energy,8,30-100 MeV,30000,100000,False,veto80,w2_510p58_511p42,62824,0,0.0,0.0,6.114261976057122e-05
mass_model_511,initial_energy,9,100-300 MeV,100000,300000,False,pre_veto,tes_positive,31647,421,0.013302998704458559,0.012098505109529693,0.01462563301239593
mass_model_511,initial_energy,9,100-300 MeV,100000,300000,False,pre_veto,broad_480_550,31647,35,0.0011059500110595002,0.0007953579490872409,0.0015376434947058256
mass_model_511,initial_energy,9,100-300 MeV,100000,300000,False,pre_veto,w2_510p58_511p42,31647,24,0.0007583657218693715,0.0005096942441222032,0.0011282229938173447
mass_model_511,initial_energy,9,100-300 MeV,100000,300000,False,veto50,tes_positive,31647,1,3.1598571744557146e-05,5.5779455908049074e-06,0.00017898140738229536
mass_model_511,initial_energy,9,100-300 MeV,100000,300000,False,veto50,broad_480_550,31647,0,0.0,6.776263578034403e-21,0.00012136987971368953
mass_model_511,initial_energy,9,100-300 MeV,100000,300000,False,veto50,w2_510p58_511p42,31647,0,0.0,6.776263578034403e-21,0.00012136987971368953
mass_model_511,initial_energy,9,100-300 MeV,100000,300000,False,veto70,tes_positive,31647,1,3.1598571744557146e-05,5.5779455908049074e-06,0.00017898140738229536
mass_model_511,initial_energy,9,100-300 MeV,100000,300000,False,veto70,broad_480_550,31647,0,0.0,6.776263578034403e-21,0.00012136987971368953
mass_model_511,initial_energy,9,100-300 MeV,100000,300000,False,veto70,w2_510p58_511p42,31647,0,0.0,6.776263578034403e-21,0.00012136987971368953
mass_model_511,initial_energy,9,100-300 MeV,100000,300000,False,veto80,tes_positive,31647,1,3.1598571744557146e-05,5.5779455908049074e-06,0.00017898140738229536
mass_model_511,initial_energy,9,100-300 MeV,100000,300000,False,veto80,broad_480_550,31647,0,0.0,6.776263578034403e-21,0.00012136987971368953
mass_model_511,initial_energy,9,100-300 MeV,100000,300000,False,veto80,w2_510p58_511p42,31647,0,0.0,6.776263578034403e-21,0.00012136987971368953
mass_model_511,initial_energy,10,>=300 MeV,300000,,True,pre_veto,tes_positive,20423,703,0.03442197522401214,0.03200788916260784,0.03701117390021816
mass_model_511,initial_energy,10,>=300 MeV,300000,,True,pre_veto,broad_480_550,20423,57,0.0027909709641090927,0.0021549920676766656,0.003613959488453808
mass_model_511,initial_energy,10,>=300 MeV,300000,,True,pre_veto,w2_510p58_511p42,20423,37,0.0018116829065269549,0.0013147245170674502,0.002496019252478023
mass_model_511,initial_energy,10,>=300 MeV,300000,,True,veto50,tes_positive,20423,0,0.0,1.3552527156068805e-20,0.00018805936436322175
mass_model_511,initial_energy,10,>=300 MeV,300000,,True,veto50,broad_480_550,20423,0,0.0,1.3552527156068805e-20,0.00018805936436322175
mass_model_511,initial_energy,10,>=300 MeV,300000,,True,veto50,w2_510p58_511p42,20423,0,0.0,1.3552527156068805e-20,0.00018805936436322175
mass_model_511,initial_energy,10,>=300 MeV,300000,,True,veto70,tes_positive,20423,0,0.0,1.3552527156068805e-20,0.00018805936436322175
mass_model_511,initial_energy,10,>=300 MeV,300000,,True,veto70,broad_480_550,20423,0,0.0,1.3552527156068805e-20,0.00018805936436322175
mass_model_511,initial_energy,10,>=300 MeV,300000,,True,veto70,w2_510p58_511p42,20423,0,0.0,1.3552527156068805e-20,0.00018805936436322175
mass_model_511,initial_energy,10,>=300 MeV,300000,,True,veto80,tes_positive,20423,0,0.0,1.3552527156068805e-20,0.00018805936436322175
mass_model_511,initial_energy,10,>=300 MeV,300000,,True,veto80,broad_480_550,20423,0,0.0,1.3552527156068805e-20,0.00018805936436322175
mass_model_511,initial_energy,10,>=300 MeV,300000,,True,veto80,w2_510p58_511p42,20423,0,0.0,1.3552527156068805e-20,0.00018805936436322175
mass_model_511,theta,0,0-25.842 deg,0.0,25.842,False,pre_veto,tes_positive,18140,19,0.0010474090407938258,0.0006706716398365983,0.0016354253857385865
mass_model_511,theta,0,0-25.842 deg,0.0,25.842,False,pre_veto,broad_480_550,18140,3,0.000165380374862183,5.6245809713609355e-05,0.0004861673745632883
mass_model_511,theta,0,0-25.842 deg,0.0,25.842,False,pre_veto,w2_510p58_511p42,18140,2,0.00011025358324145535,3.0236029985154144e-05,0.0004019469142106006
mass_model_511,theta,0,0-25.842 deg,0.0,25.842,False,veto50,tes_positive,18140,0,0.0,0.0,0.00021172246403346884
mass_model_511,theta,0,0-25.842 deg,0.0,25.842,False,veto50,broad_480_550,18140,0,0.0,0.0,0.00021172246403346884
mass_model_511,theta,0,0-25.842 deg,0.0,25.842,False,veto50,w2_510p58_511p42,18140,0,0.0,0.0,0.00021172246403346884
mass_model_511,theta,0,0-25.842 deg,0.0,25.842,False,veto70,tes_positive,18140,0,0.0,0.0,0.00021172246403346884
mass_model_511,theta,0,0-25.842 deg,0.0,25.842,False,veto70,broad_480_550,18140,0,0.0,0.0,0.00021172246403346884
mass_model_511,theta,0,0-25.842 deg,0.0,25.842,False,veto70,w2_510p58_511p42,18140,0,0.0,0.0,0.00021172246403346884
mass_model_511,theta,0,0-25.842 deg,0.0,25.842,False,veto80,tes_positive,18140,0,0.0,0.0,0.00021172246403346884
mass_model_511,theta,0,0-25.842 deg,0.0,25.842,False,veto80,broad_480_550,18140,0,0.0,0.0,0.00021172246403346884
mass_model_511,theta,0,0-25.842 deg,0.0,25.842,False,veto80,w2_510p58_511p42,18140,0,0.0,0.0,0.00021172246403346884
mass_model_511,theta,1,25.842-36.87 deg,25.842,36.87,False,pre_veto,tes_positive,23670,35,0.001478664976763836,0.0010634472465010083,0.002055668801865589
mass_model_511,theta,1,25.842-36.87 deg,25.842,36.87,False,pre_veto,broad_480_550,23670,1,4.224757076468103e-05,7.457772554856249e-06,0.00023928962713754318
mass_model_511,theta,1,25.842-36.87 deg,25.842,36.87,False,pre_veto,w2_510p58_511p42,23670,1,4.224757076468103e-05,7.457772554856249e-06,0.00023928962713754318
mass_model_511,theta,1,25.842-36.87 deg,25.842,36.87,False,veto50,tes_positive,23670,2,8.449514152936207e-05,2.317192129642096e-05,0.00030805690923933716
mass_model_511,theta,1,25.842-36.87 deg,25.842,36.87,False,veto50,broad_480_550,23670,0,0.0,0.0,0.00016226596884904063
mass_model_511,theta,1,25.842-36.87 deg,25.842,36.87,False,veto50,w2_510p58_511p42,23670,0,0.0,0.0,0.00016226596884904063
mass_model_511,theta,1,25.842-36.87 deg,25.842,36.87,False,veto70,tes_positive,23670,2,8.449514152936207e-05,2.317192129642096e-05,0.00030805690923933716
mass_model_511,theta,1,25.842-36.87 deg,25.842,36.87,False,veto70,broad_480_550,23670,0,0.0,0.0,0.00016226596884904063
mass_model_511,theta,1,25.842-36.87 deg,25.842,36.87,False,veto70,w2_510p58_511p42,23670,0,0.0,0.0,0.00016226596884904063
mass_model_511,theta,1,25.842-36.87 deg,25.842,36.87,False,veto80,tes_positive,23670,2,8.449514152936207e-05,2.317192129642096e-05,0.00030805690923933716
mass_model_511,theta,1,25.842-36.87 deg,25.842,36.87,False,veto80,broad_480_550,23670,0,0.0,0.0,0.00016226596884904063
mass_model_511,theta,1,25.842-36.87 deg,25.842,36.87,False,veto80,w2_510p58_511p42,23670,0,0.0,0.0,0.00016226596884904063
mass_model_511,theta,2,36.87-45.573 deg,36.87,45.573,False,pre_veto,tes_positive,29743,57,0.0019164173082742157,0.0014795943025275168,0.002481883724772459
mass_model_511,theta,2,36.87-45.573 deg,36.87,45.573,False,pre_veto,broad_480_550,29743,4,0.00013448542514205022,5.2299959016879075e-05,0.00034577453360064997
mass_model_511,theta,2,36.87-45.573 deg,36.87,45.573,False,pre_veto,w2_510p58_511p42,29743,4,0.00013448542514205022,5.2299959016879075e-05,0.00034577453360064997
mass_model_511,theta,2,36.87-45.573 deg,36.87,45.573,False,veto50,tes_positive,29743,3,0.00010086406885653767,3.4303465131334964e-05,0.00029653699852992153
mass_model_511,theta,2,36.87-45.573 deg,36.87,45.573,False,veto50,broad_480_550,29743,0,0.0,0.0,0.00012913837679243877
mass_model_511,theta,2,36.87-45.573 deg,36.87,45.573,False,veto50,w2_510p58_511p42,29743,0,0.0,0.0,0.00012913837679243877
mass_model_511,theta,2,36.87-45.573 deg,36.87,45.573,False,veto70,tes_positive,29743,3,0.00010086406885653767,3.4303465131334964e-05,0.00029653699852992153
mass_model_511,theta,2,36.87-45.573 deg,36.87,45.573,False,veto70,broad_480_550,29743,0,0.0,0.0,0.00012913837679243877
mass_model_511,theta,2,36.87-45.573 deg,36.87,45.573,False,veto70,w2_510p58_511p42,29743,0,0.0,0.0,0.00012913837679243877
mass_model_511,theta,2,36.87-45.573 deg,36.87,45.573,False,veto80,tes_positive,29743,3,0.00010086406885653767,3.4303465131334964e-05,0.00029653699852992153
mass_model_511,theta,2,36.87-45.573 deg,36.87,45.573,False,veto80,broad_480_550,29743,0,0.0,0.0,0.00012913837679243877
mass_model_511,theta,2,36.87-45.573 deg,36.87,45.573,False,veto80,w2_510p58_511p42,29743,0,0.0,0.0,0.00012913837679243877
mass_model_511,theta,3,45.573-53.13 deg,45.573,53.13,False,pre_veto,tes_positive,35882,61,0.001700016721475949,0.0013238036306910364,0.0021829124920198736
mass_model_511,theta,3,45.573-53.13 deg,45.573,53.13,False,pre_veto,broad_480_550,35882,3,8.36073797447188e-05,2.84344522210445e-05,0.0002458090494114108
mass_model_511,theta,3,45.573-53.13 deg,45.573,53.13,False,pre_veto,w2_510p58_511p42,35882,2,5.573825316314587e-05,1.5285572526469905e-05,0.00020322564253566722
mass_model_511,theta,3,45.573-53.13 deg,45.573,53.13,False,veto50,tes_positive,35882,4,0.00011147650632629174,4.335186322590624e-05,0.00028662392497686725
mass_model_511,theta,3,45.573-53.13 deg,45.573,53.13,False,veto50,broad_480_550,35882,0,0.0,6.776263578034403e-21,0.00010704664192150075
mass_model_511,theta,3,45.573-53.13 deg,45.573,53.13,False,veto50,w2_510p58_511p42,35882,0,0.0,6.776263578034403e-21,0.00010704664192150075
mass_model_511,theta,3,45.573-53.13 deg,45.573,53.13,False,veto70,tes_positive,35882,4,0.00011147650632629174,4.335186322590624e-05,0.00028662392497686725
mass_model_511,theta,3,45.573-53.13 deg,45.573,53.13,False,veto70,broad_480_550,35882,0,0.0,6.776263578034403e-21,0.00010704664192150075
mass_model_511,theta,3,45.573-53.13 deg,45.573,53.13,False,veto70,w2_510p58_511p42,35882,0,0.0,6.776263578034403e-21,0.00010704664192150075
mass_model_511,theta,3,45.573-53.13 deg,45.573,53.13,False,veto80,tes_positive,35882,4,0.00011147650632629174,4.335186322590624e-05,0.00028662392497686725
mass_model_511,theta,3,45.573-53.13 deg,45.573,53.13,False,veto80,broad_480_550,35882,0,0.0,6.776263578034403e-21,0.00010704664192150075
mass_model_511,theta,3,45.573-53.13 deg,45.573,53.13,False,veto80,w2_510p58_511p42,35882,0,0.0,6.776263578034403e-21,0.00010704664192150075
mass_model_511,theta,4,53.13-60 deg,53.13,60.0,False,pre_veto,tes_positive,42807,75,0.001752049898381106,0.0013980897150507438,0.002195426636845134
mass_model_511,theta,4,53.13-60 deg,53.13,60.0,False,pre_veto,broad_480_550,42807,9,0.0002102459878057327,0.00011061828233845732,0.00039956694356286496
mass_model_511,theta,4,53.13-60 deg,53.13,60.0,False,pre_veto,w2_510p58_511p42,42807,6,0.00014016399187048847,6.423994760250054e-05,0.00030579386348088733
mass_model_511,theta,4,53.13-60 deg,53.13,60.0,False,veto50,tes_positive,42807,2,4.672133062349616e-05,1.2812767558966105e-05,0.00017035249043384268
mass_model_511,theta,4,53.13-60 deg,53.13,60.0,False,veto50,broad_480_550,42807,0,0.0,0.0,8.973098144751921e-05
mass_model_511,theta,4,53.13-60 deg,53.13,60.0,False,veto50,w2_510p58_511p42,42807,0,0.0,0.0,8.973098144751921e-05
mass_model_511,theta,4,53.13-60 deg,53.13,60.0,False,veto70,tes_positive,42807,2,4.672133062349616e-05,1.2812767558966105e-05,0.00017035249043384268
mass_model_511,theta,4,53.13-60 deg,53.13,60.0,False,veto70,broad_480_550,42807,0,0.0,0.0,8.973098144751921e-05
mass_model_511,theta,4,53.13-60 deg,53.13,60.0,False,veto70,w2_510p58_511p42,42807,0,0.0,0.0,8.973098144751921e-05
mass_model_511,theta,4,53.13-60 deg,53.13,60.0,False,veto80,tes_positive,42807,2,4.672133062349616e-05,1.2812767558966105e-05,0.00017035249043384268
mass_model_511,theta,4,53.13-60 deg,53.13,60.0,False,veto80,broad_480_550,42807,0,0.0,0.0,8.973098144751921e-05
mass_model_511,theta,4,53.13-60 deg,53.13,60.0,False,veto80,w2_510p58_511p42,42807,0,0.0,0.0,8.973098144751921e-05
mass_model_511,theta,5,60-66.422 deg,60.0,66.422,False,pre_veto,tes_positive,49397,85,0.0017207522724052068,0.0013919687296523803,0.0021270292000813472
mass_model_511,theta,5,60-66.422 deg,60.0,66.422,False,pre_veto,broad_480_550,49397,12,0.0002429297325748527,0.00013897644603353155,0.00042460623795581034
mass_model_511,theta,5,60-66.422 deg,60.0,66.422,False,pre_veto,w2_510p58_511p42,49397,6,0.00012146486628742636,5.5669588890878646e-05,0.0002650022529824864
mass_model_511,theta,5,60-66.422 deg,60.0,66.422,False,veto50,tes_positive,49397,6,0.00012146486628742636,5.5669588890878646e-05,0.0002650022529824864
mass_model_511,theta,5,60-66.422 deg,60.0,66.422,False,veto50,broad_480_550,49397,1,2.0244144381237727e-05,3.5735975153653054e-06,0.00011467254259468564
mass_model_511,theta,5,60-66.422 deg,60.0,66.422,False,veto50,w2_510p58_511p42,49397,0,0.0,0.0,7.776099975738812e-05
mass_model_511,theta,5,60-66.422 deg,60.0,66.422,False,veto70,tes_positive,49397,6,0.00012146486628742636,5.5669588890878646e-05,0.0002650022529824864
mass_model_511,theta,5,60-66.422 deg,60.0,66.422,False,veto70,broad_480_550,49397,1,2.0244144381237727e-05,3.5735975153653054e-06,0.00011467254259468564
mass_model_511,theta,5,60-66.422 deg,60.0,66.422,False,veto70,w2_510p58_511p42,49397,0,0.0,0.0,7.776099975738812e-05
mass_model_511,theta,5,60-66.422 deg,60.0,66.422,False,veto80,tes_positive,49397,6,0.00012146486628742636,5.5669588890878646e-05,0.0002650022529824864
mass_model_511,theta,5,60-66.422 deg,60.0,66.422,False,veto80,broad_480_550,49397,1,2.0244144381237727e-05,3.5735975153653054e-06,0.00011467254259468564
mass_model_511,theta,5,60-66.422 deg,60.0,66.422,False,veto80,w2_510p58_511p42,49397,0,0.0,0.0,7.776099975738812e-05
mass_model_511,theta,6,66.422-72.542 deg,66.422,72.542,False,pre_veto,tes_positive,57040,82,0.0014375876577840112,0.0011584345961121463,0.0017838893170110082
mass_model_511,theta,6,66.422-72.542 deg,66.422,72.542,False,pre_veto,broad_480_550,57040,7,0.0001227208976157083,5.944834957623496e-05,0.0002533191352989496
mass_model_511,theta,6,66.422-72.542 deg,66.422,72.542,False,pre_veto,w2_510p58_511p42,57040,5,8.76577840112202e-05,3.744272855936847e-05,0.00020520325156253685
mass_model_511,theta,6,66.422-72.542 deg,66.422,72.542,False,veto50,tes_positive,57040,4,7.012622720897616e-05,2.727104750112096e-05,0.0001803141802441448
mass_model_511,theta,6,66.422-72.542 deg,66.422,72.542,False,veto50,broad_480_550,57040,0,0.0,0.0,6.734221823870736e-05
mass_model_511,theta,6,66.422-72.542 deg,66.422,72.542,False,veto50,w2_510p58_511p42,57040,0,0.0,0.0,6.734221823870736e-05
mass_model_511,theta,6,66.422-72.542 deg,66.422,72.542,False,veto70,tes_positive,57040,4,7.012622720897616e-05,2.727104750112096e-05,0.0001803141802441448
mass_model_511,theta,6,66.422-72.542 deg,66.422,72.542,False,veto70,broad_480_550,57040,0,0.0,0.0,6.734221823870736e-05
mass_model_511,theta,6,66.422-72.542 deg,66.422,72.542,False,veto70,w2_510p58_511p42,57040,0,0.0,0.0,6.734221823870736e-05
mass_model_511,theta,6,66.422-72.542 deg,66.422,72.542,False,veto80,tes_positive,57040,4,7.012622720897616e-05,2.727104750112096e-05,0.0001803141802441448
mass_model_511,theta,6,66.422-72.542 deg,66.422,72.542,False,veto80,broad_480_550,57040,0,0.0,0.0,6.734221823870736e-05
mass_model_511,theta,6,66.422-72.542 deg,66.422,72.542,False,veto80,w2_510p58_511p42,57040,0,0.0,0.0,6.734221823870736e-05
mass_model_511,theta,7,72.542-78.463 deg,72.542,78.463,False,pre_veto,tes_positive,66968,121,0.0018068331143232589,0.0015125035155875723,0.0021583147487102055
mass_model_511,theta,7,72.542-78.463 deg,72.542,78.463,False,pre_veto,broad_480_550,66968,10,0.00014932505077051725,8.111510776195767e-05,0.00027487717647818285
mass_model_511,theta,7,72.542-78.463 deg,72.542,78.463,False,pre_veto,w2_510p58_511p42,66968,6,8.959503046231035e-05,4.1062832425613216e-05,0.00019547626334398183
mass_model_511,theta,7,72.542-78.463 deg,72.542,78.463,False,veto50,tes_positive,66968,8,0.00011946004061641381,6.053457434562465e-05,0.00023573111565924318
mass_model_511,theta,7,72.542-78.463 deg,72.542,78.463,False,veto50,broad_480_550,66968,0,0.0,0.0,5.735931306377684e-05
mass_model_511,theta,7,72.542-78.463 deg,72.542,78.463,False,veto50,w2_510p58_511p42,66968,0,0.0,0.0,5.735931306377684e-05
mass_model_511,theta,7,72.542-78.463 deg,72.542,78.463,False,veto70,tes_positive,66968,8,0.00011946004061641381,6.053457434562465e-05,0.00023573111565924318
mass_model_511,theta,7,72.542-78.463 deg,72.542,78.463,False,veto70,broad_480_550,66968,0,0.0,0.0,5.735931306377684e-05
mass_model_511,theta,7,72.542-78.463 deg,72.542,78.463,False,veto70,w2_510p58_511p42,66968,0,0.0,0.0,5.735931306377684e-05
mass_model_511,theta,7,72.542-78.463 deg,72.542,78.463,False,veto80,tes_positive,66968,8,0.00011946004061641381,6.053457434562465e-05,0.00023573111565924318
mass_model_511,theta,7,72.542-78.463 deg,72.542,78.463,False,veto80,broad_480_550,66968,0,0.0,0.0,5.735931306377684e-05
mass_model_511,theta,7,72.542-78.463 deg,72.542,78.463,False,veto80,w2_510p58_511p42,66968,0,0.0,0.0,5.735931306377684e-05
mass_model_511,theta,8,78.463-84.261 deg,78.463,84.261,False,pre_veto,tes_positive,77468,107,0.0013812154696132596,0.0011432523894034244,0.0016686268007470428
mass_model_511,theta,8,78.463-84.261 deg,78.463,84.261,False,pre_veto,broad_480_550,77468,5,6.454277895389064e-05,2.7569122377259022e-05,0.00015109526148215138
mass_model_511,theta,8,78.463-84.261 deg,78.463,84.261,False,pre_veto,w2_510p58_511p42,77468,3,3.872566737233438e-05,1.3170307035465755e-05,0.00011386241395549255
mass_model_511,theta,8,78.463-84.261 deg,78.463,84.261,False,veto50,tes_positive,77468,6,7.745133474466877e-05,3.549710947277434e-05,0.0001689831058208621
mass_model_511,theta,8,78.463-84.261 deg,78.463,84.261,False,veto50,broad_480_550,77468,0,0.0,0.0,4.958522668828017e-05
mass_model_511,theta,8,78.463-84.261 deg,78.463,84.261,False,veto50,w2_510p58_511p42,77468,0,0.0,0.0,4.958522668828017e-05
mass_model_511,theta,8,78.463-84.261 deg,78.463,84.261,False,veto70,tes_positive,77468,6,7.745133474466877e-05,3.549710947277434e-05,0.0001689831058208621
mass_model_511,theta,8,78.463-84.261 deg,78.463,84.261,False,veto70,broad_480_550,77468,0,0.0,0.0,4.958522668828017e-05
mass_model_511,theta,8,78.463-84.261 deg,78.463,84.261,False,veto70,w2_510p58_511p42,77468,0,0.0,0.0,4.958522668828017e-05
mass_model_511,theta,8,78.463-84.261 deg,78.463,84.261,False,veto80,tes_positive,77468,6,7.745133474466877e-05,3.549710947277434e-05,0.0001689831058208621
mass_model_511,theta,8,78.463-84.261 deg,78.463,84.261,False,veto80,broad_480_550,77468,0,0.0,0.0,4.958522668828017e-05
mass_model_511,theta,8,78.463-84.261 deg,78.463,84.261,False,veto80,w2_510p58_511p42,77468,0,0.0,0.0,4.958522668828017e-05
mass_model_511,theta,9,84.261-90 deg,84.261,90.0,False,pre_veto,tes_positive,94250,183,0.0019416445623342176,0.0016801759057958566,0.0022437114721236637
mass_model_511,theta,9,84.261-90 deg,84.261,90.0,False,pre_veto,broad_480_550,94250,13,0.00013793103448275863,8.061288720898084e-05,0.0002359944611899891
mass_model_511,theta,9,84.261-90 deg,84.261,90.0,False,pre_veto,w2_510p58_511p42,94250,9,9.549071618037135e-05,5.024029742082757e-05,0.000181489873812953
mass_model_511,theta,9,84.261-90 deg,84.261,90.0,False,veto50,tes_positive,94250,11,0.00011671087533156499,6.517294857625231e-05,0.00020899581124012294
mass_model_511,theta,9,84.261-90 deg,84.261,90.0,False,veto50,broad_480_550,94250,0,0.0,0.0,4.0756522612104363e-05
mass_model_511,theta,9,84.261-90 deg,84.261,90.0,False,veto50,w2_510p58_511p42,94250,0,0.0,0.0,4.0756522612104363e-05
mass_model_511,theta,9,84.261-90 deg,84.261,90.0,False,veto70,tes_positive,94250,11,0.00011671087533156499,6.517294857625231e-05,0.00020899581124012294
mass_model_511,theta,9,84.261-90 deg,84.261,90.0,False,veto70,broad_480_550,94250,0,0.0,0.0,4.0756522612104363e-05
mass_model_511,theta,9,84.261-90 deg,84.261,90.0,False,veto70,w2_510p58_511p42,94250,0,0.0,0.0,4.0756522612104363e-05
mass_model_511,theta,9,84.261-90 deg,84.261,90.0,False,veto80,tes_positive,94250,11,0.00011671087533156499,6.517294857625231e-05,0.00020899581124012294
mass_model_511,theta,9,84.261-90 deg,84.261,90.0,False,veto80,broad_480_550,94250,0,0.0,0.0,4.0756522612104363e-05
mass_model_511,theta,9,84.261-90 deg,84.261,90.0,False,veto80,w2_510p58_511p42,94250,0,0.0,0.0,4.0756522612104363e-05
mass_model_511,theta,10,90-95.739 deg,90.0,95.739,False,pre_veto,tes_positive,194139,257,0.0013237937766239652,0.0011716230591397865,0.0014956988721225237
mass_model_511,theta,10,90-95.739 deg,90.0,95.739,False,pre_veto,broad_480_550,194139,25,0.00012877371367937406,8.722997109495308e-05,0.00019009912544098252
mass_model_511,theta,10,90-95.739 deg,90.0,95.739,False,pre_veto,w2_510p58_511p42,194139,10,5.1509485471749624e-05,2.7980112681664326e-05,9.482358505730741e-05
mass_model_511,theta,10,90-95.739 deg,90.0,95.739,False,veto50,tes_positive,194139,36,0.00018543414769829863,0.0001339539337515725,0.0002566937885688032
mass_model_511,theta,10,90-95.739 deg,90.0,95.739,False,veto50,broad_480_550,194139,5,2.5754742735874812e-05,1.1000935249973217e-05,6.0294296223343884e-05
mass_model_511,theta,10,90-95.739 deg,90.0,95.739,False,veto50,w2_510p58_511p42,194139,1,5.150948547174962e-06,9.092694784591642e-07,2.9179188982334233e-05
mass_model_511,theta,10,90-95.739 deg,90.0,95.739,False,veto70,tes_positive,194139,36,0.00018543414769829863,0.0001339539337515725,0.0002566937885688032
mass_model_511,theta,10,90-95.739 deg,90.0,95.739,False,veto70,broad_480_550,194139,5,2.5754742735874812e-05,1.1000935249973217e-05,6.0294296223343884e-05
mass_model_511,theta,10,90-95.739 deg,90.0,95.739,False,veto70,w2_510p58_511p42,194139,1,5.150948547174962e-06,9.092694784591642e-07,2.9179188982334233e-05
mass_model_511,theta,10,90-95.739 deg,90.0,95.739,False,veto80,tes_positive,194139,36,0.00018543414769829863,0.0001339539337515725,0.0002566937885688032
mass_model_511,theta,10,90-95.739 deg,90.0,95.739,False,veto80,broad_480_550,194139,5,2.5754742735874812e-05,1.1000935249973217e-05,6.0294296223343884e-05
mass_model_511,theta,10,90-95.739 deg,90.0,95.739,False,veto80,w2_510p58_511p42,194139,1,5.150948547174962e-06,9.092694784591642e-07,2.9179188982334233e-05
mass_model_511,theta,11,95.739-101.537 deg,95.739,101.537,False,pre_veto,tes_positive,173900,197,0.0011328349626221967,0.0009853715648088634,0.0013023378698036
mass_model_511,theta,11,95.739-101.537 deg,95.739,101.537,False,pre_veto,broad_480_550,173900,16,9.200690051753882e-05,5.663685828397196e-05,0.00014946243498081284
mass_model_511,theta,11,95.739-101.537 deg,95.739,101.537,False,pre_veto,w2_510p58_511p42,173900,10,5.750431282346176e-05,3.123655165110316e-05,0.00010585909051928345
mass_model_511,theta,11,95.739-101.537 deg,95.739,101.537,False,veto50,tes_positive,173900,26,0.00014951121334100059,0.00010203724783538069,0.00021906813058673443
mass_model_511,theta,11,95.739-101.537 deg,95.739,101.537,False,veto50,broad_480_550,173900,0,0.0,0.0,2.208955701305631e-05
mass_model_511,theta,11,95.739-101.537 deg,95.739,101.537,False,veto50,w2_510p58_511p42,173900,0,0.0,0.0,2.208955701305631e-05
mass_model_511,theta,11,95.739-101.537 deg,95.739,101.537,False,veto70,tes_positive,173900,27,0.00015526164462334674,0.00010671239152215472,0.00022589359541569338
mass_model_511,theta,11,95.739-101.537 deg,95.739,101.537,False,veto70,broad_480_550,173900,0,0.0,0.0,2.208955701305631e-05
mass_model_511,theta,11,95.739-101.537 deg,95.739,101.537,False,veto70,w2_510p58_511p42,173900,0,0.0,0.0,2.208955701305631e-05
mass_model_511,theta,11,95.739-101.537 deg,95.739,101.537,False,veto80,tes_positive,173900,27,0.00015526164462334674,0.00010671239152215472,0.00022589359541569338
mass_model_511,theta,11,95.739-101.537 deg,95.739,101.537,False,veto80,broad_480_550,173900,0,0.0,0.0,2.208955701305631e-05
mass_model_511,theta,11,95.739-101.537 deg,95.739,101.537,False,veto80,w2_510p58_511p42,173900,0,0.0,0.0,2.208955701305631e-05
mass_model_511,theta,12,101.537-107.458 deg,101.537,107.458,False,pre_veto,tes_positive,161990,138,0.0008519044385455893,0.0007211765825936027,0.001006305501296794
mass_model_511,theta,12,101.537-107.458 deg,101.537,107.458,False,pre_veto,broad_480_550,161990,7,4.3212543984196554e-05,2.0932702607851588e-05,8.920394616857412e-05
mass_model_511,theta,12,101.537-107.458 deg,101.537,107.458,False,pre_veto,w2_510p58_511p42,161990,2,1.2346441138341873e-05,3.3858460150093525e-06,4.502006096317319e-05
mass_model_511,theta,12,101.537-107.458 deg,101.537,107.458,False,veto50,tes_positive,161990,21,0.00012963763195258967,8.479666573233592e-05,0.00019818606007917066
mass_model_511,theta,12,101.537-107.458 deg,101.537,107.458,False,veto50,broad_480_550,161990,0,0.0,0.0,2.3713610258885276e-05
mass_model_511,theta,12,101.537-107.458 deg,101.537,107.458,False,veto50,w2_510p58_511p42,161990,0,0.0,0.0,2.3713610258885276e-05
mass_model_511,theta,12,101.537-107.458 deg,101.537,107.458,False,veto70,tes_positive,161990,21,0.00012963763195258967,8.479666573233592e-05,0.00019818606007917066
mass_model_511,theta,12,101.537-107.458 deg,101.537,107.458,False,veto70,broad_480_550,161990,0,0.0,0.0,2.3713610258885276e-05
mass_model_511,theta,12,101.537-107.458 deg,101.537,107.458,False,veto70,w2_510p58_511p42,161990,0,0.0,0.0,2.3713610258885276e-05
mass_model_511,theta,12,101.537-107.458 deg,101.537,107.458,False,veto80,tes_positive,161990,21,0.00012963763195258967,8.479666573233592e-05,0.00019818606007917066
mass_model_511,theta,12,101.537-107.458 deg,101.537,107.458,False,veto80,broad_480_550,161990,0,0.0,0.0,2.3713610258885276e-05
mass_model_511,theta,12,101.537-107.458 deg,101.537,107.458,False,veto80,w2_510p58_511p42,161990,0,0.0,0.0,2.3713610258885276e-05
mass_model_511,theta,13,107.458-113.578 deg,107.458,113.578,False,pre_veto,tes_positive,153786,125,0.0008128178117643999,0.000682311141449601,0.0009682625012097788
mass_model_511,theta,13,107.458-113.578 deg,107.458,113.578,False,pre_veto,broad_480_550,153786,12,7.80305099293824e-05,4.463893465623081e-05,0.00013639681228645045
mass_model_511,theta,13,107.458-113.578 deg,107.458,113.578,False,pre_veto,w2_510p58_511p42,153786,8,5.2020339952921594e-05,2.6360227971490798e-05,0.00010265647841484711
mass_model_511,theta,13,107.458-113.578 deg,107.458,113.578,False,veto50,tes_positive,153786,20,0.00013005084988230398,8.419335590427888e-05,0.00020088047215108894
mass_model_511,theta,13,107.458-113.578 deg,107.458,113.578,False,veto50,broad_480_550,153786,2,1.3005084988230398e-05,3.5664706305990836e-06,4.742167492122387e-05
mass_model_511,theta,13,107.458-113.578 deg,107.458,113.578,False,veto50,w2_510p58_511p42,153786,1,6.502542494115199e-06,1.1478593419246367e-06,3.683552607081249e-05
mass_model_511,theta,13,107.458-113.578 deg,107.458,113.578,False,veto70,tes_positive,153786,21,0.00013655339237641918,8.932038597220544e-05,0.00020875820222224822
mass_model_511,theta,13,107.458-113.578 deg,107.458,113.578,False,veto70,broad_480_550,153786,2,1.3005084988230398e-05,3.5664706305990836e-06,4.742167492122387e-05
mass_model_511,theta,13,107.458-113.578 deg,107.458,113.578,False,veto70,w2_510p58_511p42,153786,1,6.502542494115199e-06,1.1478593419246367e-06,3.683552607081249e-05
mass_model_511,theta,13,107.458-113.578 deg,107.458,113.578,False,veto80,tes_positive,153786,21,0.00013655339237641918,8.932038597220544e-05,0.00020875820222224822
mass_model_511,theta,13,107.458-113.578 deg,107.458,113.578,False,veto80,broad_480_550,153786,2,1.3005084988230398e-05,3.5664706305990836e-06,4.742167492122387e-05
mass_model_511,theta,13,107.458-113.578 deg,107.458,113.578,False,veto80,w2_510p58_511p42,153786,1,6.502542494115199e-06,1.1478593419246367e-06,3.683552607081249e-05
mass_model_511,theta,14,113.578-120 deg,113.578,120.0,False,pre_veto,tes_positive,147942,90,0.0006083465141744738,0.0004950025140776238,0.0007476242269508805
mass_model_511,theta,14,113.578-120 deg,113.578,120.0,False,pre_veto,broad_480_550,147942,10,6.759405713049709e-05,3.6717396987570856e-05,0.00012443251155737578
mass_model_511,theta,14,113.578-120 deg,113.578,120.0,False,pre_veto,w2_510p58_511p42,147942,6,4.0556434278298255e-05,1.85875059421812e-05,8.848856097858754e-05
mass_model_511,theta,14,113.578-120 deg,113.578,120.0,False,veto50,tes_positive,147942,12,8.111286855659651e-05,4.640228265331556e-05,0.00014178454670372
mass_model_511,theta,14,113.578-120 deg,113.578,120.0,False,veto50,broad_480_550,147942,0,0.0,0.0,2.5965304484501912e-05
mass_model_511,theta,14,113.578-120 deg,113.578,120.0,False,veto50,w2_510p58_511p42,147942,0,0.0,0.0,2.5965304484501912e-05
mass_model_511,theta,14,113.578-120 deg,113.578,120.0,False,veto70,tes_positive,147942,12,8.111286855659651e-05,4.640228265331556e-05,0.00014178454670372
mass_model_511,theta,14,113.578-120 deg,113.578,120.0,False,veto70,broad_480_550,147942,0,0.0,0.0,2.5965304484501912e-05
mass_model_511,theta,14,113.578-120 deg,113.578,120.0,False,veto70,w2_510p58_511p42,147942,0,0.0,0.0,2.5965304484501912e-05
mass_model_511,theta,14,113.578-120 deg,113.578,120.0,False,veto80,tes_positive,147942,12,8.111286855659651e-05,4.640228265331556e-05,0.00014178454670372
mass_model_511,theta,14,113.578-120 deg,113.578,120.0,False,veto80,broad_480_550,147942,0,0.0,0.0,2.5965304484501912e-05
mass_model_511,theta,14,113.578-120 deg,113.578,120.0,False,veto80,w2_510p58_511p42,147942,0,0.0,0.0,2.5965304484501912e-05
mass_model_511,theta,15,120-126.87 deg,120.0,126.87,False,pre_veto,tes_positive,142224,93,0.0006538980762740466,0.0005338499726473451,0.0008009200475786809
mass_model_511,theta,15,120-126.87 deg,120.0,126.87,False,pre_veto,broad_480_550,142224,8,5.624929688378895e-05,2.8503184152464065e-05,0.00011100156131214903
mass_model_511,theta,15,120-126.87 deg,120.0,126.87,False,pre_veto,w2_510p58_511p42,142224,5,3.5155810552368095e-05,1.5016551433244227e-05,8.230236080449544e-05
mass_model_511,theta,15,120-126.87 deg,120.0,126.87,False,veto50,tes_positive,142224,22,0.00015468556643041963,0.00010215911874681808,0.00023421284844320418
mass_model_511,theta,15,120-126.87 deg,120.0,126.87,False,veto50,broad_480_550,142224,2,1.4062324220947238e-05,3.856404987702013e-06,5.127667402316427e-05
mass_model_511,theta,15,120-126.87 deg,120.0,126.87,False,veto50,w2_510p58_511p42,142224,1,7.031162110473619e-06,1.2411738404669176e-06,3.982996076144157e-05
mass_model_511,theta,15,120-126.87 deg,120.0,126.87,False,veto70,tes_positive,142224,22,0.00015468556643041963,0.00010215911874681808,0.00023421284844320418
mass_model_511,theta,15,120-126.87 deg,120.0,126.87,False,veto70,broad_480_550,142224,2,1.4062324220947238e-05,3.856404987702013e-06,5.127667402316427e-05
mass_model_511,theta,15,120-126.87 deg,120.0,126.87,False,veto70,w2_510p58_511p42,142224,1,7.031162110473619e-06,1.2411738404669176e-06,3.982996076144157e-05
mass_model_511,theta,15,120-126.87 deg,120.0,126.87,False,veto80,tes_positive,142224,22,0.00015468556643041963,0.00010215911874681808,0.00023421284844320418
mass_model_511,theta,15,120-126.87 deg,120.0,126.87,False,veto80,broad_480_550,142224,2,1.4062324220947238e-05,3.856404987702013e-06,5.127667402316427e-05
mass_model_511,theta,15,120-126.87 deg,120.0,126.87,False,veto80,w2_510p58_511p42,142224,1,7.031162110473619e-06,1.2411738404669176e-06,3.982996076144157e-05
mass_model_511,theta,16,126.87-134.427 deg,126.87,134.427,False,pre_veto,tes_positive,138347,62,0.0004481484961726673,0.0003496351986837233,0.0005744029746492909
mass_model_511,theta,16,126.87-134.427 deg,126.87,134.427,False,pre_veto,broad_480_550,138347,5,3.614100775586026e-05,1.5437373935173104e-05,8.460870221980245e-05
mass_model_511,theta,16,126.87-134.427 deg,126.87,134.427,False,pre_veto,w2_510p58_511p42,138347,4,2.891280620468821e-05,1.1243681318879556e-05,7.434639313121813e-05
mass_model_511,theta,16,126.87-134.427 deg,126.87,134.427,False,veto50,tes_positive,138347,17,0.0001228794263699249,7.6724865390387e-05,0.000196793231223123
mass_model_511,theta,16,126.87-134.427 deg,126.87,134.427,False,veto50,broad_480_550,138347,1,7.228201551172053e-06,1.2759562013202657e-06,4.09461131341438e-05
mass_model_511,theta,16,126.87-134.427 deg,126.87,134.427,False,veto50,w2_510p58_511p42,138347,0,0.0,0.0,2.77660676305862e-05
mass_model_511,theta,16,126.87-134.427 deg,126.87,134.427,False,veto70,tes_positive,138347,18,0.00013010762792109695,8.230443000138585e-05,0.000205669668317002
mass_model_511,theta,16,126.87-134.427 deg,126.87,134.427,False,veto70,broad_480_550,138347,1,7.228201551172053e-06,1.2759562013202657e-06,4.09461131341438e-05
mass_model_511,theta,16,126.87-134.427 deg,126.87,134.427,False,veto70,w2_510p58_511p42,138347,0,0.0,0.0,2.77660676305862e-05
mass_model_511,theta,16,126.87-134.427 deg,126.87,134.427,False,veto80,tes_positive,138347,18,0.00013010762792109695,8.230443000138585e-05,0.000205669668317002
mass_model_511,theta,16,126.87-134.427 deg,126.87,134.427,False,veto80,broad_480_550,138347,1,7.228201551172053e-06,1.2759562013202657e-06,4.09461131341438e-05
mass_model_511,theta,16,126.87-134.427 deg,126.87,134.427,False,veto80,w2_510p58_511p42,138347,0,0.0,0.0,2.77660676305862e-05
mass_model_511,theta,17,134.427-143.13 deg,134.427,143.13,False,pre_veto,tes_positive,134273,52,0.0003872707096735755,0.0002953601247169076,0.0005077676346872811
mass_model_511,theta,17,134.427-143.13 deg,134.427,143.13,False,pre_veto,broad_480_550,134273,5,3.72375682378438e-05,1.5905764921892738e-05,8.71757394560528e-05
mass_model_511,theta,17,134.427-143.13 deg,134.427,143.13,False,pre_veto,w2_510p58_511p42,134273,3,2.234254094270628e-05,7.598508605709903e-06,6.569379343069339e-05
mass_model_511,theta,17,134.427-143.13 deg,134.427,143.13,False,veto50,tes_positive,134273,7,5.2132595532981315e-05,2.5253726249818398e-05,0.0001076169804696694
mass_model_511,theta,17,134.427-143.13 deg,134.427,143.13,False,veto50,broad_480_550,134273,0,0.0,0.0,2.8608498524089903e-05
mass_model_511,theta,17,134.427-143.13 deg,134.427,143.13,False,veto50,w2_510p58_511p42,134273,0,0.0,0.0,2.8608498524089903e-05
mass_model_511,theta,17,134.427-143.13 deg,134.427,143.13,False,veto70,tes_positive,134273,7,5.2132595532981315e-05,2.5253726249818398e-05,0.0001076169804696694
mass_model_511,theta,17,134.427-143.13 deg,134.427,143.13,False,veto70,broad_480_550,134273,0,0.0,0.0,2.8608498524089903e-05
mass_model_511,theta,17,134.427-143.13 deg,134.427,143.13,False,veto70,w2_510p58_511p42,134273,0,0.0,0.0,2.8608498524089903e-05
mass_model_511,theta,17,134.427-143.13 deg,134.427,143.13,False,veto80,tes_positive,134273,7,5.2132595532981315e-05,2.5253726249818398e-05,0.0001076169804696694
mass_model_511,theta,17,134.427-143.13 deg,134.427,143.13,False,veto80,broad_480_550,134273,0,0.0,0.0,2.8608498524089903e-05
mass_model_511,theta,17,134.427-143.13 deg,134.427,143.13,False,veto80,w2_510p58_511p42,134273,0,0.0,0.0,2.8608498524089903e-05
mass_model_511,theta,18,143.13-154.158 deg,143.13,154.158,False,pre_veto,tes_positive,131377,34,0.000258797201945546,0.00018521309222404184,0.0003616052872518708
mass_model_511,theta,18,143.13-154.158 deg,143.13,154.158,False,pre_veto,broad_480_550,131377,5,3.8058412050815594e-05,1.6256384861438015e-05,8.909732323634823e-05
mass_model_511,theta,18,143.13-154.158 deg,143.13,154.158,False,pre_veto,w2_510p58_511p42,131377,1,7.611682410163118e-06,1.3436501133979743e-06,4.3118379173612196e-05
mass_model_511,theta,18,143.13-154.158 deg,143.13,154.158,False,veto50,tes_positive,131377,9,6.850514169146807e-05,3.6042284081216346e-05,0.00013020310282734594
mass_model_511,theta,18,143.13-154.158 deg,143.13,154.158,False,veto50,broad_480_550,131377,2,1.5223364820326236e-05,4.174805654241452e-06,5.551014333546274e-05
mass_model_511,theta,18,143.13-154.158 deg,143.13,154.158,False,veto50,w2_510p58_511p42,131377,0,0.0,0.0,2.9239109584316155e-05
mass_model_511,theta,18,143.13-154.158 deg,143.13,154.158,False,veto70,tes_positive,131377,10,7.611682410163119e-05,4.134705914659557e-05,0.00014012124746466076
mass_model_511,theta,18,143.13-154.158 deg,143.13,154.158,False,veto70,broad_480_550,131377,2,1.5223364820326236e-05,4.174805654241452e-06,5.551014333546274e-05
mass_model_511,theta,18,143.13-154.158 deg,143.13,154.158,False,veto70,w2_510p58_511p42,131377,0,0.0,0.0,2.9239109584316155e-05
mass_model_511,theta,18,143.13-154.158 deg,143.13,154.158,False,veto80,tes_positive,131377,10,7.611682410163119e-05,4.134705914659557e-05,0.00014012124746466076
mass_model_511,theta,18,143.13-154.158 deg,143.13,154.158,False,veto80,broad_480_550,131377,2,1.5223364820326236e-05,4.174805654241452e-06,5.551014333546274e-05
mass_model_511,theta,18,143.13-154.158 deg,143.13,154.158,False,veto80,w2_510p58_511p42,131377,0,0.0,0.0,2.9239109584316155e-05
mass_model_511,theta,19,154.158-180 deg,154.158,180.0,False,pre_veto,tes_positive,127657,22,0.00017233680879231064,0.00011381681496291524,0.00026093755978500815
mass_model_511,theta,19,154.158-180 deg,154.158,180.0,False,pre_veto,broad_480_550,127657,2,1.5666982617482785e-05,4.296462242117827e-06,5.712768889998105e-05
mass_model_511,theta,19,154.158-180 deg,154.158,180.0,False,pre_veto,w2_510p58_511p42,127657,1,7.833491308741393e-06,1.3828049052194832e-06,4.4374835056588174e-05
mass_model_511,theta,19,154.158-180 deg,154.158,180.0,False,veto50,tes_positive,127657,7,5.483443916118975e-05,2.6562547500519037e-05,0.00011319415954303596
mass_model_511,theta,19,154.158-180 deg,154.158,180.0,False,veto50,broad_480_550,127657,1,7.833491308741393e-06,1.3828049052194832e-06,4.4374835056588174e-05
mass_model_511,theta,19,154.158-180 deg,154.158,180.0,False,veto50,w2_510p58_511p42,127657,0,0.0,1.6940658945086007e-21,3.009112878151643e-05
mass_model_511,theta,19,154.158-180 deg,154.158,180.0,False,veto70,tes_positive,127657,7,5.483443916118975e-05,2.6562547500519037e-05,0.00011319415954303596
mass_model_511,theta,19,154.158-180 deg,154.158,180.0,False,veto70,broad_480_550,127657,1,7.833491308741393e-06,1.3828049052194832e-06,4.4374835056588174e-05
mass_model_511,theta,19,154.158-180 deg,154.158,180.0,False,veto70,w2_510p58_511p42,127657,0,0.0,1.6940658945086007e-21,3.009112878151643e-05
mass_model_511,theta,19,154.158-180 deg,154.158,180.0,False,veto80,tes_positive,127657,7,5.483443916118975e-05,2.6562547500519037e-05,0.00011319415954303596
mass_model_511,theta,19,154.158-180 deg,154.158,180.0,False,veto80,broad_480_550,127657,1,7.833491308741393e-06,1.3828049052194832e-06,4.4374835056588174e-05
mass_model_511,theta,19,154.158-180 deg,154.158,180.0,False,veto80,w2_510p58_511p42,127657,0,0.0,1.6940658945086007e-21,3.009112878151643e-05
s3d_o8,initial_energy,0,<100 keV,0,100,False,pre_veto,tes_positive,693516,1,1.4419277997912089e-06,2.545357084536143e-07,8.168379501018407e-06
s3d_o8,initial_energy,0,<100 keV,0,100,False,pre_veto,broad_480_550,693516,0,0.0,0.0,5.539075583783743e-06
s3d_o8,initial_energy,0,<100 keV,0,100,False,pre_veto,w2_510p58_511p42,693516,0,0.0,0.0,5.539075583783743e-06
s3d_o8,initial_energy,0,<100 keV,0,100,False,veto50,tes_positive,693516,1,1.4419277997912089e-06,2.545357084536143e-07,8.168379501018407e-06
s3d_o8,initial_energy,0,<100 keV,0,100,False,veto50,broad_480_550,693516,0,0.0,0.0,5.539075583783743e-06
s3d_o8,initial_energy,0,<100 keV,0,100,False,veto50,w2_510p58_511p42,693516,0,0.0,0.0,5.539075583783743e-06
s3d_o8,initial_energy,0,<100 keV,0,100,False,veto70,tes_positive,693516,1,1.4419277997912089e-06,2.545357084536143e-07,8.168379501018407e-06
s3d_o8,initial_energy,0,<100 keV,0,100,False,veto70,broad_480_550,693516,0,0.0,0.0,5.539075583783743e-06
s3d_o8,initial_energy,0,<100 keV,0,100,False,veto70,w2_510p58_511p42,693516,0,0.0,0.0,5.539075583783743e-06
s3d_o8,initial_energy,0,<100 keV,0,100,False,veto80,tes_positive,693516,1,1.4419277997912089e-06,2.545357084536143e-07,8.168379501018407e-06
s3d_o8,initial_energy,0,<100 keV,0,100,False,veto80,broad_480_550,693516,0,0.0,0.0,5.539075583783743e-06
s3d_o8,initial_energy,0,<100 keV,0,100,False,veto80,w2_510p58_511p42,693516,0,0.0,0.0,5.539075583783743e-06
s3d_o8,initial_energy,1,100-300 keV,100,300,False,pre_veto,tes_positive,495879,0,0.0,0.0,7.746706478879307e-06
s3d_o8,initial_energy,1,100-300 keV,100,300,False,pre_veto,broad_480_550,495879,0,0.0,0.0,7.746706478879307e-06
s3d_o8,initial_energy,1,100-300 keV,100,300,False,pre_veto,w2_510p58_511p42,495879,0,0.0,0.0,7.746706478879307e-06
s3d_o8,initial_energy,1,100-300 keV,100,300,False,veto50,tes_positive,495879,0,0.0,0.0,7.746706478879307e-06
s3d_o8,initial_energy,1,100-300 keV,100,300,False,veto50,broad_480_550,495879,0,0.0,0.0,7.746706478879307e-06
s3d_o8,initial_energy,1,100-300 keV,100,300,False,veto50,w2_510p58_511p42,495879,0,0.0,0.0,7.746706478879307e-06
s3d_o8,initial_energy,1,100-300 keV,100,300,False,veto70,tes_positive,495879,0,0.0,0.0,7.746706478879307e-06
s3d_o8,initial_energy,1,100-300 keV,100,300,False,veto70,broad_480_550,495879,0,0.0,0.0,7.746706478879307e-06
s3d_o8,initial_energy,1,100-300 keV,100,300,False,veto70,w2_510p58_511p42,495879,0,0.0,0.0,7.746706478879307e-06
s3d_o8,initial_energy,1,100-300 keV,100,300,False,veto80,tes_positive,495879,0,0.0,0.0,7.746706478879307e-06
s3d_o8,initial_energy,1,100-300 keV,100,300,False,veto80,broad_480_550,495879,0,0.0,0.0,7.746706478879307e-06
s3d_o8,initial_energy,1,100-300 keV,100,300,False,veto80,w2_510p58_511p42,495879,0,0.0,0.0,7.746706478879307e-06
s3d_o8,initial_energy,2,300-480 keV,300,480,False,pre_veto,tes_positive,124992,0,0.0,0.0,3.073269299090784e-05
s3d_o8,initial_energy,2,300-480 keV,300,480,False,pre_veto,broad_480_550,124992,0,0.0,0.0,3.073269299090784e-05
s3d_o8,initial_energy,2,300-480 keV,300,480,False,pre_veto,w2_510p58_511p42,124992,0,0.0,0.0,3.073269299090784e-05
s3d_o8,initial_energy,2,300-480 keV,300,480,False,veto50,tes_positive,124992,0,0.0,0.0,3.073269299090784e-05
s3d_o8,initial_energy,2,300-480 keV,300,480,False,veto50,broad_480_550,124992,0,0.0,0.0,3.073269299090784e-05
s3d_o8,initial_energy,2,300-480 keV,300,480,False,veto50,w2_510p58_511p42,124992,0,0.0,0.0,3.073269299090784e-05
s3d_o8,initial_energy,2,300-480 keV,300,480,False,veto70,tes_positive,124992,0,0.0,0.0,3.073269299090784e-05
s3d_o8,initial_energy,2,300-480 keV,300,480,False,veto70,broad_480_550,124992,0,0.0,0.0,3.073269299090784e-05
s3d_o8,initial_energy,2,300-480 keV,300,480,False,veto70,w2_510p58_511p42,124992,0,0.0,0.0,3.073269299090784e-05
s3d_o8,initial_energy,2,300-480 keV,300,480,False,veto80,tes_positive,124992,0,0.0,0.0,3.073269299090784e-05
s3d_o8,initial_energy,2,300-480 keV,300,480,False,veto80,broad_480_550,124992,0,0.0,0.0,3.073269299090784e-05
s3d_o8,initial_energy,2,300-480 keV,300,480,False,veto80,w2_510p58_511p42,124992,0,0.0,0.0,3.073269299090784e-05
s3d_o8,initial_energy,3,480-550 keV,480,550,False,pre_veto,tes_positive,51751,2,3.8646596201039597e-05,1.059835460419221e-05,0.00014091324507741956
s3d_o8,initial_energy,3,480-550 keV,480,550,False,pre_veto,broad_480_550,51751,1,1.9323298100519798e-05,3.411044740825233e-06,0.00010945682725028011
s3d_o8,initial_energy,3,480-550 keV,480,550,False,pre_veto,w2_510p58_511p42,51751,0,0.0,0.0,7.42241443005989e-05
s3d_o8,initial_energy,3,480-550 keV,480,550,False,veto50,tes_positive,51751,2,3.8646596201039597e-05,1.059835460419221e-05,0.00014091324507741956
s3d_o8,initial_energy,3,480-550 keV,480,550,False,veto50,broad_480_550,51751,1,1.9323298100519798e-05,3.411044740825233e-06,0.00010945682725028011
s3d_o8,initial_energy,3,480-550 keV,480,550,False,veto50,w2_510p58_511p42,51751,0,0.0,0.0,7.42241443005989e-05
s3d_o8,initial_energy,3,480-550 keV,480,550,False,veto70,tes_positive,51751,2,3.8646596201039597e-05,1.059835460419221e-05,0.00014091324507741956
s3d_o8,initial_energy,3,480-550 keV,480,550,False,veto70,broad_480_550,51751,1,1.9323298100519798e-05,3.411044740825233e-06,0.00010945682725028011
s3d_o8,initial_energy,3,480-550 keV,480,550,False,veto70,w2_510p58_511p42,51751,0,0.0,0.0,7.42241443005989e-05
s3d_o8,initial_energy,3,480-550 keV,480,550,False,veto80,tes_positive,51751,2,3.8646596201039597e-05,1.059835460419221e-05,0.00014091324507741956
s3d_o8,initial_energy,3,480-550 keV,480,550,False,veto80,broad_480_550,51751,1,1.9323298100519798e-05,3.411044740825233e-06,0.00010945682725028011
s3d_o8,initial_energy,3,480-550 keV,480,550,False,veto80,w2_510p58_511p42,51751,0,0.0,0.0,7.42241443005989e-05
s3d_o8,initial_energy,4,0.55-1 MeV,550,1000,False,pre_veto,tes_positive,161993,14,8.642348743464223e-05,5.148349552279592e-05,0.00014507255170599013
s3d_o8,initial_energy,4,0.55-1 MeV,550,1000,False,pre_veto,broad_480_550,161993,1,6.173106245331589e-06,1.089705663652897e-06,3.4969385168553326e-05
s3d_o8,initial_energy,4,0.55-1 MeV,550,1000,False,pre_veto,w2_510p58_511p42,161993,0,0.0,0.0,2.3713171109392387e-05
s3d_o8,initial_energy,4,0.55-1 MeV,550,1000,False,veto50,tes_positive,161993,4,2.4692424981326355e-05,9.602442426994272e-06,6.349440757365346e-05
s3d_o8,initial_energy,4,0.55-1 MeV,550,1000,False,veto50,broad_480_550,161993,1,6.173106245331589e-06,1.089705663652897e-06,3.4969385168553326e-05
s3d_o8,initial_energy,4,0.55-1 MeV,550,1000,False,veto50,w2_510p58_511p42,161993,0,0.0,0.0,2.3713171109392387e-05
s3d_o8,initial_energy,4,0.55-1 MeV,550,1000,False,veto70,tes_positive,161993,5,3.086553122665794e-05,1.3183979801564897e-05,7.225878992189666e-05
s3d_o8,initial_energy,4,0.55-1 MeV,550,1000,False,veto70,broad_480_550,161993,1,6.173106245331589e-06,1.089705663652897e-06,3.4969385168553326e-05
s3d_o8,initial_energy,4,0.55-1 MeV,550,1000,False,veto70,w2_510p58_511p42,161993,0,0.0,0.0,2.3713171109392387e-05
s3d_o8,initial_energy,4,0.55-1 MeV,550,1000,False,veto80,tes_positive,161993,5,3.086553122665794e-05,1.3183979801564897e-05,7.225878992189666e-05
s3d_o8,initial_energy,4,0.55-1 MeV,550,1000,False,veto80,broad_480_550,161993,1,6.173106245331589e-06,1.089705663652897e-06,3.4969385168553326e-05
s3d_o8,initial_energy,4,0.55-1 MeV,550,1000,False,veto80,w2_510p58_511p42,161993,0,0.0,0.0,2.3713171109392387e-05
s3d_o8,initial_energy,5,1-3 MeV,1000,3000,False,pre_veto,tes_positive,153088,51,0.00033314172240802675,0.0002534094906881987,0.0004379497470877988
s3d_o8,initial_energy,5,1-3 MeV,1000,3000,False,pre_veto,broad_480_550,153088,4,2.612876254180602e-05,1.0161010911295488e-05,6.718771458482633e-05
s3d_o8,initial_energy,5,1-3 MeV,1000,3000,False,pre_veto,w2_510p58_511p42,153088,0,0.0,0.0,2.5092511685068583e-05
s3d_o8,initial_energy,5,1-3 MeV,1000,3000,False,veto50,tes_positive,153088,20,0.0001306438127090301,8.457723985598426e-05,0.00020179634088435055
s3d_o8,initial_energy,5,1-3 MeV,1000,3000,False,veto50,broad_480_550,153088,2,1.306438127090301e-05,3.582731876288266e-06,4.763788671430694e-05
s3d_o8,initial_energy,5,1-3 MeV,1000,3000,False,veto50,w2_510p58_511p42,153088,0,0.0,0.0,2.5092511685068583e-05
s3d_o8,initial_energy,5,1-3 MeV,1000,3000,False,veto70,tes_positive,153088,20,0.0001306438127090301,8.457723985598426e-05,0.00020179634088435055
s3d_o8,initial_energy,5,1-3 MeV,1000,3000,False,veto70,broad_480_550,153088,2,1.306438127090301e-05,3.582731876288266e-06,4.763788671430694e-05
s3d_o8,initial_energy,5,1-3 MeV,1000,3000,False,veto70,w2_510p58_511p42,153088,0,0.0,0.0,2.5092511685068583e-05
s3d_o8,initial_energy,5,1-3 MeV,1000,3000,False,veto80,tes_positive,153088,20,0.0001306438127090301,8.457723985598426e-05,0.00020179634088435055
s3d_o8,initial_energy,5,1-3 MeV,1000,3000,False,veto80,broad_480_550,153088,2,1.306438127090301e-05,3.582731876288266e-06,4.763788671430694e-05
s3d_o8,initial_energy,5,1-3 MeV,1000,3000,False,veto80,w2_510p58_511p42,153088,0,0.0,0.0,2.5092511685068583e-05
s3d_o8,initial_energy,6,3-10 MeV,3000,10000,False,pre_veto,tes_positive,122138,70,0.0005731222060292457,0.00045369430197117136,0.0007239648613646733
s3d_o8,initial_energy,6,3-10 MeV,3000,10000,False,pre_veto,broad_480_550,122138,6,4.912476051679248e-05,2.2514506667545208e-05,0.00010718272592277041
s3d_o8,initial_energy,6,3-10 MeV,3000,10000,False,pre_veto,w2_510p58_511p42,122138,5,4.09373004306604e-05,1.7486090554613675e-05,9.58367368678031e-05
s3d_o8,initial_energy,6,3-10 MeV,3000,10000,False,veto50,tes_positive,122138,19,0.00015556174163650953,9.959602556502022e-05,0.00024296847420798097
s3d_o8,initial_energy,6,3-10 MeV,3000,10000,False,veto50,broad_480_550,122138,1,8.18746008613208e-06,1.4452892097935857e-06,4.6379917541027624e-05
s3d_o8,initial_energy,6,3-10 MeV,3000,10000,False,veto50,w2_510p58_511p42,122138,1,8.18746008613208e-06,1.4452892097935857e-06,4.6379917541027624e-05
s3d_o8,initial_energy,6,3-10 MeV,3000,10000,False,veto70,tes_positive,122138,19,0.00015556174163650953,9.959602556502022e-05,0.00024296847420798097
s3d_o8,initial_energy,6,3-10 MeV,3000,10000,False,veto70,broad_480_550,122138,1,8.18746008613208e-06,1.4452892097935857e-06,4.6379917541027624e-05
s3d_o8,initial_energy,6,3-10 MeV,3000,10000,False,veto70,w2_510p58_511p42,122138,1,8.18746008613208e-06,1.4452892097935857e-06,4.6379917541027624e-05
s3d_o8,initial_energy,6,3-10 MeV,3000,10000,False,veto80,tes_positive,122138,19,0.00015556174163650953,9.959602556502022e-05,0.00024296847420798097
s3d_o8,initial_energy,6,3-10 MeV,3000,10000,False,veto80,broad_480_550,122138,1,8.18746008613208e-06,1.4452892097935857e-06,4.6379917541027624e-05
s3d_o8,initial_energy,6,3-10 MeV,3000,10000,False,veto80,w2_510p58_511p42,122138,1,8.18746008613208e-06,1.4452892097935857e-06,4.6379917541027624e-05
s3d_o8,initial_energy,7,10-30 MeV,10000,30000,False,pre_veto,tes_positive,82812,96,0.0011592522822779308,0.0009494843558514127,0.0014152982192079042
s3d_o8,initial_energy,7,10-30 MeV,10000,30000,False,pre_veto,broad_480_550,82812,9,0.000108679901463556,5.71796144917657e-05,0.00020655566170602014
s3d_o8,initial_energy,7,10-30 MeV,10000,30000,False,pre_veto,w2_510p58_511p42,82812,2,2.4151089214123556e-05,6.62312475580758e-06,8.806236877495861e-05
s3d_o8,initial_energy,7,10-30 MeV,10000,30000,False,veto50,tes_positive,82812,5,6.037772303530889e-05,2.5790021338642755e-05,0.0001413453790494176
s3d_o8,initial_energy,7,10-30 MeV,10000,30000,False,veto50,broad_480_550,82812,0,0.0,0.0,4.638555562590341e-05
s3d_o8,initial_energy,7,10-30 MeV,10000,30000,False,veto50,w2_510p58_511p42,82812,0,0.0,0.0,4.638555562590341e-05
s3d_o8,initial_energy,7,10-30 MeV,10000,30000,False,veto70,tes_positive,82812,5,6.037772303530889e-05,2.5790021338642755e-05,0.0001413453790494176
s3d_o8,initial_energy,7,10-30 MeV,10000,30000,False,veto70,broad_480_550,82812,0,0.0,0.0,4.638555562590341e-05
s3d_o8,initial_energy,7,10-30 MeV,10000,30000,False,veto70,w2_510p58_511p42,82812,0,0.0,0.0,4.638555562590341e-05
s3d_o8,initial_energy,7,10-30 MeV,10000,30000,False,veto80,tes_positive,82812,5,6.037772303530889e-05,2.5790021338642755e-05,0.0001413453790494176
s3d_o8,initial_energy,7,10-30 MeV,10000,30000,False,veto80,broad_480_550,82812,0,0.0,0.0,4.638555562590341e-05
s3d_o8,initial_energy,7,10-30 MeV,10000,30000,False,veto80,w2_510p58_511p42,82812,0,0.0,0.0,4.638555562590341e-05
s3d_o8,initial_energy,8,30-100 MeV,30000,100000,False,pre_veto,tes_positive,62698,275,0.00438610481993046,0.0038983373963767075,0.004934600296281464
s3d_o8,initial_energy,8,30-100 MeV,30000,100000,False,pre_veto,broad_480_550,62698,27,0.0004306357459568088,0.0002959892808625177,0.0006264949313225643
s3d_o8,initial_energy,8,30-100 MeV,30000,100000,False,pre_veto,w2_510p58_511p42,62698,13,0.0002073431369421672,0.00012118162410435206,0.00035474473031208787
s3d_o8,initial_energy,8,30-100 MeV,30000,100000,False,veto50,tes_positive,62698,0,0.0,0.0,6.126548648841511e-05
s3d_o8,initial_energy,8,30-100 MeV,30000,100000,False,veto50,broad_480_550,62698,0,0.0,0.0,6.126548648841511e-05
s3d_o8,initial_energy,8,30-100 MeV,30000,100000,False,veto50,w2_510p58_511p42,62698,0,0.0,0.0,6.126548648841511e-05
s3d_o8,initial_energy,8,30-100 MeV,30000,100000,False,veto70,tes_positive,62698,0,0.0,0.0,6.126548648841511e-05
s3d_o8,initial_energy,8,30-100 MeV,30000,100000,False,veto70,broad_480_550,62698,0,0.0,0.0,6.126548648841511e-05
s3d_o8,initial_energy,8,30-100 MeV,30000,100000,False,veto70,w2_510p58_511p42,62698,0,0.0,0.0,6.126548648841511e-05
s3d_o8,initial_energy,8,30-100 MeV,30000,100000,False,veto80,tes_positive,62698,0,0.0,0.0,6.126548648841511e-05
s3d_o8,initial_energy,8,30-100 MeV,30000,100000,False,veto80,broad_480_550,62698,0,0.0,0.0,6.126548648841511e-05
s3d_o8,initial_energy,8,30-100 MeV,30000,100000,False,veto80,w2_510p58_511p42,62698,0,0.0,0.0,6.126548648841511e-05
s3d_o8,initial_energy,9,100-300 MeV,100000,300000,False,pre_veto,tes_positive,31875,412,0.01292549019607843,0.011742870498991621,0.014225496635367808
s3d_o8,initial_energy,9,100-300 MeV,100000,300000,False,pre_veto,broad_480_550,31875,33,0.0010352941176470587,0.0007373129824995448,0.0014535275758347792
s3d_o8,initial_energy,9,100-300 MeV,100000,300000,False,pre_veto,w2_510p58_511p42,31875,15,0.00047058823529411766,0.00028521493453204365,0.0007763499552839377
s3d_o8,initial_energy,9,100-300 MeV,100000,300000,False,veto50,tes_positive,31875,0,0.0,6.776263578034403e-21,0.00012050183271736231
s3d_o8,initial_energy,9,100-300 MeV,100000,300000,False,veto50,broad_480_550,31875,0,0.0,6.776263578034403e-21,0.00012050183271736231
s3d_o8,initial_energy,9,100-300 MeV,100000,300000,False,veto50,w2_510p58_511p42,31875,0,0.0,6.776263578034403e-21,0.00012050183271736231
s3d_o8,initial_energy,9,100-300 MeV,100000,300000,False,veto70,tes_positive,31875,0,0.0,6.776263578034403e-21,0.00012050183271736231
s3d_o8,initial_energy,9,100-300 MeV,100000,300000,False,veto70,broad_480_550,31875,0,0.0,6.776263578034403e-21,0.00012050183271736231
s3d_o8,initial_energy,9,100-300 MeV,100000,300000,False,veto70,w2_510p58_511p42,31875,0,0.0,6.776263578034403e-21,0.00012050183271736231
s3d_o8,initial_energy,9,100-300 MeV,100000,300000,False,veto80,tes_positive,31875,0,0.0,6.776263578034403e-21,0.00012050183271736231
s3d_o8,initial_energy,9,100-300 MeV,100000,300000,False,veto80,broad_480_550,31875,0,0.0,6.776263578034403e-21,0.00012050183271736231
s3d_o8,initial_energy,9,100-300 MeV,100000,300000,False,veto80,w2_510p58_511p42,31875,0,0.0,6.776263578034403e-21,0.00012050183271736231
s3d_o8,initial_energy,10,>=300 MeV,300000,,True,pre_veto,tes_positive,20258,984,0.04857340310000987,0.04569772624014635,0.051620252623136166
s3d_o8,initial_energy,10,>=300 MeV,300000,,True,pre_veto,broad_480_550,20258,81,0.003998420377134959,0.003218457887709835,0.004966457543483487
s3d_o8,initial_energy,10,>=300 MeV,300000,,True,pre_veto,w2_510p58_511p42,20258,39,0.001925165366768684,0.0014086881886858583,0.0026305033619451745
s3d_o8,initial_energy,10,>=300 MeV,300000,,True,veto50,tes_positive,20258,0,0.0,0.0,0.00018959080439462242
s3d_o8,initial_energy,10,>=300 MeV,300000,,True,veto50,broad_480_550,20258,0,0.0,0.0,0.00018959080439462242
s3d_o8,initial_energy,10,>=300 MeV,300000,,True,veto50,w2_510p58_511p42,20258,0,0.0,0.0,0.00018959080439462242
s3d_o8,initial_energy,10,>=300 MeV,300000,,True,veto70,tes_positive,20258,0,0.0,0.0,0.00018959080439462242
s3d_o8,initial_energy,10,>=300 MeV,300000,,True,veto70,broad_480_550,20258,0,0.0,0.0,0.00018959080439462242
s3d_o8,initial_energy,10,>=300 MeV,300000,,True,veto70,w2_510p58_511p42,20258,0,0.0,0.0,0.00018959080439462242
s3d_o8,initial_energy,10,>=300 MeV,300000,,True,veto80,tes_positive,20258,0,0.0,0.0,0.00018959080439462242
s3d_o8,initial_energy,10,>=300 MeV,300000,,True,veto80,broad_480_550,20258,0,0.0,0.0,0.00018959080439462242
s3d_o8,initial_energy,10,>=300 MeV,300000,,True,veto80,w2_510p58_511p42,20258,0,0.0,0.0,0.00018959080439462242
s3d_o8,theta,0,0-25.842 deg,0.0,25.842,False,pre_veto,tes_positive,18185,38,0.002089634313995051,0.0015228816462940623,0.0028667029790628725
s3d_o8,theta,0,0-25.842 deg,0.0,25.842,False,pre_veto,broad_480_550,18185,2,0.00010998075336816057,3.016120761924169e-05,0.00040095249681581477
s3d_o8,theta,0,0-25.842 deg,0.0,25.842,False,pre_veto,w2_510p58_511p42,18185,1,5.4990376684080284e-05,9.707217723593325e-06,0.0003114489611302998
s3d_o8,theta,0,0-25.842 deg,0.0,25.842,False,veto50,tes_positive,18185,0,0.0,1.3552527156068805e-20,0.00021119865327272986
s3d_o8,theta,0,0-25.842 deg,0.0,25.842,False,veto50,broad_480_550,18185,0,0.0,1.3552527156068805e-20,0.00021119865327272986
s3d_o8,theta,0,0-25.842 deg,0.0,25.842,False,veto50,w2_510p58_511p42,18185,0,0.0,1.3552527156068805e-20,0.00021119865327272986
s3d_o8,theta,0,0-25.842 deg,0.0,25.842,False,veto70,tes_positive,18185,0,0.0,1.3552527156068805e-20,0.00021119865327272986
s3d_o8,theta,0,0-25.842 deg,0.0,25.842,False,veto70,broad_480_550,18185,0,0.0,1.3552527156068805e-20,0.00021119865327272986
s3d_o8,theta,0,0-25.842 deg,0.0,25.842,False,veto70,w2_510p58_511p42,18185,0,0.0,1.3552527156068805e-20,0.00021119865327272986
s3d_o8,theta,0,0-25.842 deg,0.0,25.842,False,veto80,tes_positive,18185,0,0.0,1.3552527156068805e-20,0.00021119865327272986
s3d_o8,theta,0,0-25.842 deg,0.0,25.842,False,veto80,broad_480_550,18185,0,0.0,1.3552527156068805e-20,0.00021119865327272986
s3d_o8,theta,0,0-25.842 deg,0.0,25.842,False,veto80,w2_510p58_511p42,18185,0,0.0,1.3552527156068805e-20,0.00021119865327272986
s3d_o8,theta,1,25.842-36.87 deg,25.842,36.87,False,pre_veto,tes_positive,23829,29,0.0012170044903269126,0.0008475271030603353,0.0017472729726061014
s3d_o8,theta,1,25.842-36.87 deg,25.842,36.87,False,pre_veto,broad_480_550,23829,1,4.196567208023837e-05,7.408009997274202e-06,0.0002376932227192369
s3d_o8,theta,1,25.842-36.87 deg,25.842,36.87,False,pre_veto,w2_510p58_511p42,23829,0,0.0,0.0,0.00016118341689687094
s3d_o8,theta,1,25.842-36.87 deg,25.842,36.87,False,veto50,tes_positive,23829,0,0.0,0.0,0.00016118341689687094
s3d_o8,theta,1,25.842-36.87 deg,25.842,36.87,False,veto50,broad_480_550,23829,0,0.0,0.0,0.00016118341689687094
s3d_o8,theta,1,25.842-36.87 deg,25.842,36.87,False,veto50,w2_510p58_511p42,23829,0,0.0,0.0,0.00016118341689687094
s3d_o8,theta,1,25.842-36.87 deg,25.842,36.87,False,veto70,tes_positive,23829,0,0.0,0.0,0.00016118341689687094
s3d_o8,theta,1,25.842-36.87 deg,25.842,36.87,False,veto70,broad_480_550,23829,0,0.0,0.0,0.00016118341689687094
s3d_o8,theta,1,25.842-36.87 deg,25.842,36.87,False,veto70,w2_510p58_511p42,23829,0,0.0,0.0,0.00016118341689687094
s3d_o8,theta,1,25.842-36.87 deg,25.842,36.87,False,veto80,tes_positive,23829,0,0.0,0.0,0.00016118341689687094
s3d_o8,theta,1,25.842-36.87 deg,25.842,36.87,False,veto80,broad_480_550,23829,0,0.0,0.0,0.00016118341689687094
s3d_o8,theta,1,25.842-36.87 deg,25.842,36.87,False,veto80,w2_510p58_511p42,23829,0,0.0,0.0,0.00016118341689687094
s3d_o8,theta,2,36.87-45.573 deg,36.87,45.573,False,pre_veto,tes_positive,29693,42,0.0014144747920385276,0.0010466835757242878,0.0019112558718934
s3d_o8,theta,2,36.87-45.573 deg,36.87,45.573,False,pre_veto,broad_480_550,29693,7,0.00023574579867308794,0.0001142019449793603,0.0004865844667821091
s3d_o8,theta,2,36.87-45.573 deg,36.87,45.573,False,pre_veto,w2_510p58_511p42,29693,3,0.00010103391371703768,3.436122966437869e-05,0.0002970362637135229
s3d_o8,theta,2,36.87-45.573 deg,36.87,45.573,False,veto50,tes_positive,29693,1,3.3677971239012565e-05,5.945013621563741e-06,0.00019075802056455399
s3d_o8,theta,2,36.87-45.573 deg,36.87,45.573,False,veto50,broad_480_550,29693,0,0.0,0.0,0.00012935580459022582
s3d_o8,theta,2,36.87-45.573 deg,36.87,45.573,False,veto50,w2_510p58_511p42,29693,0,0.0,0.0,0.00012935580459022582
s3d_o8,theta,2,36.87-45.573 deg,36.87,45.573,False,veto70,tes_positive,29693,1,3.3677971239012565e-05,5.945013621563741e-06,0.00019075802056455399
s3d_o8,theta,2,36.87-45.573 deg,36.87,45.573,False,veto70,broad_480_550,29693,0,0.0,0.0,0.00012935580459022582
s3d_o8,theta,2,36.87-45.573 deg,36.87,45.573,False,veto70,w2_510p58_511p42,29693,0,0.0,0.0,0.00012935580459022582
s3d_o8,theta,2,36.87-45.573 deg,36.87,45.573,False,veto80,tes_positive,29693,1,3.3677971239012565e-05,5.945013621563741e-06,0.00019075802056455399
s3d_o8,theta,2,36.87-45.573 deg,36.87,45.573,False,veto80,broad_480_550,29693,0,0.0,0.0,0.00012935580459022582
s3d_o8,theta,2,36.87-45.573 deg,36.87,45.573,False,veto80,w2_510p58_511p42,29693,0,0.0,0.0,0.00012935580459022582
s3d_o8,theta,3,45.573-53.13 deg,45.573,53.13,False,pre_veto,tes_positive,35931,67,0.0018646850908686093,0.001468714470463,0.0023671577144373473
s3d_o8,theta,3,45.573-53.13 deg,45.573,53.13,False,pre_veto,broad_480_550,35931,4,0.0001113244830369319,4.3292742083579216e-05,0.00028623309801964676
s3d_o8,theta,3,45.573-53.13 deg,45.573,53.13,False,pre_veto,w2_510p58_511p42,35931,2,5.566224151846595e-05,1.526472702910304e-05,0.00020294853069961115
s3d_o8,theta,3,45.573-53.13 deg,45.573,53.13,False,veto50,tes_positive,35931,2,5.566224151846595e-05,1.526472702910304e-05,0.00020294853069961115
s3d_o8,theta,3,45.573-53.13 deg,45.573,53.13,False,veto50,broad_480_550,35931,1,2.7831120759232975e-05,4.912893099052879e-06,0.00015764407344240545
s3d_o8,theta,3,45.573-53.13 deg,45.573,53.13,False,veto50,w2_510p58_511p42,35931,0,0.0,6.776263578034403e-21,0.00010690067535420244
s3d_o8,theta,3,45.573-53.13 deg,45.573,53.13,False,veto70,tes_positive,35931,2,5.566224151846595e-05,1.526472702910304e-05,0.00020294853069961115
s3d_o8,theta,3,45.573-53.13 deg,45.573,53.13,False,veto70,broad_480_550,35931,1,2.7831120759232975e-05,4.912893099052879e-06,0.00015764407344240545
s3d_o8,theta,3,45.573-53.13 deg,45.573,53.13,False,veto70,w2_510p58_511p42,35931,0,0.0,6.776263578034403e-21,0.00010690067535420244
s3d_o8,theta,3,45.573-53.13 deg,45.573,53.13,False,veto80,tes_positive,35931,2,5.566224151846595e-05,1.526472702910304e-05,0.00020294853069961115
s3d_o8,theta,3,45.573-53.13 deg,45.573,53.13,False,veto80,broad_480_550,35931,1,2.7831120759232975e-05,4.912893099052879e-06,0.00015764407344240545
s3d_o8,theta,3,45.573-53.13 deg,45.573,53.13,False,veto80,w2_510p58_511p42,35931,0,0.0,6.776263578034403e-21,0.00010690067535420244
s3d_o8,theta,4,53.13-60 deg,53.13,60.0,False,pre_veto,tes_positive,42232,67,0.0015864747111195303,0.0012495501946782795,0.002014063221313147
s3d_o8,theta,4,53.13-60 deg,53.13,60.0,False,pre_veto,broad_480_550,42232,3,7.103618109490433e-05,2.4158999490067528e-05,0.00020885302254551564
s3d_o8,theta,4,53.13-60 deg,53.13,60.0,False,pre_veto,w2_510p58_511p42,42232,1,2.3678727031634778e-05,4.179888979359366e-06,0.00013412583949510372
s3d_o8,theta,4,53.13-60 deg,53.13,60.0,False,veto50,tes_positive,42232,0,0.0,6.776263578034403e-21,9.095258169390303e-05
s3d_o8,theta,4,53.13-60 deg,53.13,60.0,False,veto50,broad_480_550,42232,0,0.0,6.776263578034403e-21,9.095258169390303e-05
s3d_o8,theta,4,53.13-60 deg,53.13,60.0,False,veto50,w2_510p58_511p42,42232,0,0.0,6.776263578034403e-21,9.095258169390303e-05
s3d_o8,theta,4,53.13-60 deg,53.13,60.0,False,veto70,tes_positive,42232,0,0.0,6.776263578034403e-21,9.095258169390303e-05
s3d_o8,theta,4,53.13-60 deg,53.13,60.0,False,veto70,broad_480_550,42232,0,0.0,6.776263578034403e-21,9.095258169390303e-05
s3d_o8,theta,4,53.13-60 deg,53.13,60.0,False,veto70,w2_510p58_511p42,42232,0,0.0,6.776263578034403e-21,9.095258169390303e-05
s3d_o8,theta,4,53.13-60 deg,53.13,60.0,False,veto80,tes_positive,42232,0,0.0,6.776263578034403e-21,9.095258169390303e-05
s3d_o8,theta,4,53.13-60 deg,53.13,60.0,False,veto80,broad_480_550,42232,0,0.0,6.776263578034403e-21,9.095258169390303e-05
s3d_o8,theta,4,53.13-60 deg,53.13,60.0,False,veto80,w2_510p58_511p42,42232,0,0.0,6.776263578034403e-21,9.095258169390303e-05
s3d_o8,theta,5,60-66.422 deg,60.0,66.422,False,pre_veto,tes_positive,49829,81,0.0016255594131931205,0.0013081945019728283,0.0020197605968295756
s3d_o8,theta,5,60-66.422 deg,60.0,66.422,False,pre_veto,broad_480_550,49829,9,0.0001806177125770134,9.502927791961254e-05,0.0003432651917775006
s3d_o8,theta,5,60-66.422 deg,60.0,66.422,False,pre_veto,w2_510p58_511p42,49829,5,0.00010034317365389633,4.286134344405841e-05,0.0002348964246360941
s3d_o8,theta,5,60-66.422 deg,60.0,66.422,False,veto50,tes_positive,49829,0,0.0,0.0,7.708689105895176e-05
s3d_o8,theta,5,60-66.422 deg,60.0,66.422,False,veto50,broad_480_550,49829,0,0.0,0.0,7.708689105895176e-05
s3d_o8,theta,5,60-66.422 deg,60.0,66.422,False,veto50,w2_510p58_511p42,49829,0,0.0,0.0,7.708689105895176e-05
s3d_o8,theta,5,60-66.422 deg,60.0,66.422,False,veto70,tes_positive,49829,0,0.0,0.0,7.708689105895176e-05
s3d_o8,theta,5,60-66.422 deg,60.0,66.422,False,veto70,broad_480_550,49829,0,0.0,0.0,7.708689105895176e-05
s3d_o8,theta,5,60-66.422 deg,60.0,66.422,False,veto70,w2_510p58_511p42,49829,0,0.0,0.0,7.708689105895176e-05
s3d_o8,theta,5,60-66.422 deg,60.0,66.422,False,veto80,tes_positive,49829,0,0.0,0.0,7.708689105895176e-05
s3d_o8,theta,5,60-66.422 deg,60.0,66.422,False,veto80,broad_480_550,49829,0,0.0,0.0,7.708689105895176e-05
s3d_o8,theta,5,60-66.422 deg,60.0,66.422,False,veto80,w2_510p58_511p42,49829,0,0.0,0.0,7.708689105895176e-05
s3d_o8,theta,6,66.422-72.542 deg,66.422,72.542,False,pre_veto,tes_positive,57504,111,0.0019303005008347246,0.0016032934326200394,0.0023238485551802003
s3d_o8,theta,6,66.422-72.542 deg,66.422,72.542,False,pre_veto,broad_480_550,57504,10,0.00017390094602114635,9.446539378769937e-05,0.0003201121353961449
s3d_o8,theta,6,66.422-72.542 deg,66.422,72.542,False,pre_veto,w2_510p58_511p42,57504,4,6.956037840845854e-05,2.705099469334392e-05,0.00017885933892913036
s3d_o8,theta,6,66.422-72.542 deg,66.422,72.542,False,veto50,tes_positive,57504,0,0.0,0.0,6.679886991489424e-05
s3d_o8,theta,6,66.422-72.542 deg,66.422,72.542,False,veto50,broad_480_550,57504,0,0.0,0.0,6.679886991489424e-05
s3d_o8,theta,6,66.422-72.542 deg,66.422,72.542,False,veto50,w2_510p58_511p42,57504,0,0.0,0.0,6.679886991489424e-05
s3d_o8,theta,6,66.422-72.542 deg,66.422,72.542,False,veto70,tes_positive,57504,0,0.0,0.0,6.679886991489424e-05
s3d_o8,theta,6,66.422-72.542 deg,66.422,72.542,False,veto70,broad_480_550,57504,0,0.0,0.0,6.679886991489424e-05
s3d_o8,theta,6,66.422-72.542 deg,66.422,72.542,False,veto70,w2_510p58_511p42,57504,0,0.0,0.0,6.679886991489424e-05
s3d_o8,theta,6,66.422-72.542 deg,66.422,72.542,False,veto80,tes_positive,57504,0,0.0,0.0,6.679886991489424e-05
s3d_o8,theta,6,66.422-72.542 deg,66.422,72.542,False,veto80,broad_480_550,57504,0,0.0,0.0,6.679886991489424e-05
s3d_o8,theta,6,66.422-72.542 deg,66.422,72.542,False,veto80,w2_510p58_511p42,57504,0,0.0,0.0,6.679886991489424e-05
s3d_o8,theta,7,72.542-78.463 deg,72.542,78.463,False,pre_veto,tes_positive,66159,146,0.0022068048186943577,0.001876985480239799,0.0025944285687596524
s3d_o8,theta,7,72.542-78.463 deg,72.542,78.463,False,pre_veto,broad_480_550,66159,11,0.00016626611647697215,9.284600088857113e-05,0.0002977275937593806
s3d_o8,theta,7,72.542-78.463 deg,72.542,78.463,False,pre_veto,w2_510p58_511p42,66159,6,9.069060898743935e-05,4.156496130218942e-05,0.00019786639429570678
s3d_o8,theta,7,72.542-78.463 deg,72.542,78.463,False,veto50,tes_positive,66159,1,1.511510149790656e-05,2.668191547635069e-06,8.562092500020562e-05
s3d_o8,theta,7,72.542-78.463 deg,72.542,78.463,False,veto50,broad_480_550,66159,0,0.0,0.0,5.806066873782958e-05
s3d_o8,theta,7,72.542-78.463 deg,72.542,78.463,False,veto50,w2_510p58_511p42,66159,0,0.0,0.0,5.806066873782958e-05
s3d_o8,theta,7,72.542-78.463 deg,72.542,78.463,False,veto70,tes_positive,66159,1,1.511510149790656e-05,2.668191547635069e-06,8.562092500020562e-05
s3d_o8,theta,7,72.542-78.463 deg,72.542,78.463,False,veto70,broad_480_550,66159,0,0.0,0.0,5.806066873782958e-05
s3d_o8,theta,7,72.542-78.463 deg,72.542,78.463,False,veto70,w2_510p58_511p42,66159,0,0.0,0.0,5.806066873782958e-05
s3d_o8,theta,7,72.542-78.463 deg,72.542,78.463,False,veto80,tes_positive,66159,1,1.511510149790656e-05,2.668191547635069e-06,8.562092500020562e-05
s3d_o8,theta,7,72.542-78.463 deg,72.542,78.463,False,veto80,broad_480_550,66159,0,0.0,0.0,5.806066873782958e-05
s3d_o8,theta,7,72.542-78.463 deg,72.542,78.463,False,veto80,w2_510p58_511p42,66159,0,0.0,0.0,5.806066873782958e-05
s3d_o8,theta,8,78.463-84.261 deg,78.463,84.261,False,pre_veto,tes_positive,77358,167,0.0021587941777191757,0.0018555267371486025,0.0025115029566898685
s3d_o8,theta,8,78.463-84.261 deg,78.463,84.261,False,pre_veto,broad_480_550,77358,14,0.0001809767574135836,0.0001078115375332879,0.0003037797356351923
s3d_o8,theta,8,78.463-84.261 deg,78.463,84.261,False,pre_veto,w2_510p58_511p42,77358,7,9.04883787067918e-05,4.383406330135168e-05,0.00018678943898680207
s3d_o8,theta,8,78.463-84.261 deg,78.463,84.261,False,veto50,tes_positive,77358,2,2.58538224876548e-05,7.090079282712565e-06,9.427072951949378e-05
s3d_o8,theta,8,78.463-84.261 deg,78.463,84.261,False,veto50,broad_480_550,77358,0,0.0,0.0,4.965573140782738e-05
s3d_o8,theta,8,78.463-84.261 deg,78.463,84.261,False,veto50,w2_510p58_511p42,77358,0,0.0,0.0,4.965573140782738e-05
s3d_o8,theta,8,78.463-84.261 deg,78.463,84.261,False,veto70,tes_positive,77358,2,2.58538224876548e-05,7.090079282712565e-06,9.427072951949378e-05
s3d_o8,theta,8,78.463-84.261 deg,78.463,84.261,False,veto70,broad_480_550,77358,0,0.0,0.0,4.965573140782738e-05
s3d_o8,theta,8,78.463-84.261 deg,78.463,84.261,False,veto70,w2_510p58_511p42,77358,0,0.0,0.0,4.965573140782738e-05
s3d_o8,theta,8,78.463-84.261 deg,78.463,84.261,False,veto80,tes_positive,77358,2,2.58538224876548e-05,7.090079282712565e-06,9.427072951949378e-05
s3d_o8,theta,8,78.463-84.261 deg,78.463,84.261,False,veto80,broad_480_550,77358,0,0.0,0.0,4.965573140782738e-05
s3d_o8,theta,8,78.463-84.261 deg,78.463,84.261,False,veto80,w2_510p58_511p42,77358,0,0.0,0.0,4.965573140782738e-05
s3d_o8,theta,9,84.261-90 deg,84.261,90.0,False,pre_veto,tes_positive,93944,201,0.0021395725112833175,0.0018637662038112626,0.002456093119391846
s3d_o8,theta,9,84.261-90 deg,84.261,90.0,False,pre_veto,broad_480_550,93944,20,0.00021289278719236992,0.00013782581199850907,0.0003288316240843706
s3d_o8,theta,9,84.261-90 deg,84.261,90.0,False,pre_veto,w2_510p58_511p42,93944,11,0.00011709103295580346,6.538523772493823e-05,0.00020967652441273663
s3d_o8,theta,9,84.261-90 deg,84.261,90.0,False,veto50,tes_positive,93944,0,0.0,3.3881317890172014e-21,4.088927176020236e-05
s3d_o8,theta,9,84.261-90 deg,84.261,90.0,False,veto50,broad_480_550,93944,0,0.0,3.3881317890172014e-21,4.088927176020236e-05
s3d_o8,theta,9,84.261-90 deg,84.261,90.0,False,veto50,w2_510p58_511p42,93944,0,0.0,3.3881317890172014e-21,4.088927176020236e-05
s3d_o8,theta,9,84.261-90 deg,84.261,90.0,False,veto70,tes_positive,93944,0,0.0,3.3881317890172014e-21,4.088927176020236e-05
s3d_o8,theta,9,84.261-90 deg,84.261,90.0,False,veto70,broad_480_550,93944,0,0.0,3.3881317890172014e-21,4.088927176020236e-05
s3d_o8,theta,9,84.261-90 deg,84.261,90.0,False,veto70,w2_510p58_511p42,93944,0,0.0,3.3881317890172014e-21,4.088927176020236e-05
s3d_o8,theta,9,84.261-90 deg,84.261,90.0,False,veto80,tes_positive,93944,0,0.0,3.3881317890172014e-21,4.088927176020236e-05
s3d_o8,theta,9,84.261-90 deg,84.261,90.0,False,veto80,broad_480_550,93944,0,0.0,3.3881317890172014e-21,4.088927176020236e-05
s3d_o8,theta,9,84.261-90 deg,84.261,90.0,False,veto80,w2_510p58_511p42,93944,0,0.0,3.3881317890172014e-21,4.088927176020236e-05
s3d_o8,theta,10,90-95.739 deg,90.0,95.739,False,pre_veto,tes_positive,194478,220,0.0011312333528728186,0.0009913665636050173,0.001290807728305277
s3d_o8,theta,10,90-95.739 deg,90.0,95.739,False,pre_veto,broad_480_550,194478,16,8.227151657256861e-05,5.0643957721303186e-05,0.0001336481003538624
s3d_o8,theta,10,90-95.739 deg,90.0,95.739,False,pre_veto,w2_510p58_511p42,194478,8,4.113575828628431e-05,2.0844654401633606e-05,8.117751215058576e-05
s3d_o8,theta,10,90-95.739 deg,90.0,95.739,False,veto50,tes_positive,194478,10,5.141969785785539e-05,2.7931339367333254e-05,9.465830006562267e-05
s3d_o8,theta,10,90-95.739 deg,90.0,95.739,False,veto50,broad_480_550,194478,0,0.0,0.0,1.975227502927316e-05
s3d_o8,theta,10,90-95.739 deg,90.0,95.739,False,veto50,w2_510p58_511p42,194478,0,0.0,0.0,1.975227502927316e-05
s3d_o8,theta,10,90-95.739 deg,90.0,95.739,False,veto70,tes_positive,194478,10,5.141969785785539e-05,2.7931339367333254e-05,9.465830006562267e-05
s3d_o8,theta,10,90-95.739 deg,90.0,95.739,False,veto70,broad_480_550,194478,0,0.0,0.0,1.975227502927316e-05
s3d_o8,theta,10,90-95.739 deg,90.0,95.739,False,veto70,w2_510p58_511p42,194478,0,0.0,0.0,1.975227502927316e-05
s3d_o8,theta,10,90-95.739 deg,90.0,95.739,False,veto80,tes_positive,194478,10,5.141969785785539e-05,2.7931339367333254e-05,9.465830006562267e-05
s3d_o8,theta,10,90-95.739 deg,90.0,95.739,False,veto80,broad_480_550,194478,0,0.0,0.0,1.975227502927316e-05
s3d_o8,theta,10,90-95.739 deg,90.0,95.739,False,veto80,w2_510p58_511p42,194478,0,0.0,0.0,1.975227502927316e-05
s3d_o8,theta,11,95.739-101.537 deg,95.739,101.537,False,pre_veto,tes_positive,174591,176,0.0010080702899920384,0.0008697914354641186,0.001168306917542614
s3d_o8,theta,11,95.739-101.537 deg,95.739,101.537,False,pre_veto,broad_480_550,174591,17,9.737042573786736e-05,6.079703911236746e-05,0.0001559416600640299
s3d_o8,theta,11,95.739-101.537 deg,95.739,101.537,False,pre_veto,w2_510p58_511p42,174591,9,5.1549048920047426e-05,2.7121180580009198e-05,9.797678129674861e-05
s3d_o8,theta,11,95.739-101.537 deg,95.739,101.537,False,veto50,tes_positive,174591,5,2.863836051113746e-05,1.2232655889677959e-05,6.704493733726007e-05
s3d_o8,theta,11,95.739-101.537 deg,95.739,101.537,False,veto50,broad_480_550,174591,0,0.0,0.0,2.2002132414663338e-05
s3d_o8,theta,11,95.739-101.537 deg,95.739,101.537,False,veto50,w2_510p58_511p42,174591,0,0.0,0.0,2.2002132414663338e-05
s3d_o8,theta,11,95.739-101.537 deg,95.739,101.537,False,veto70,tes_positive,174591,5,2.863836051113746e-05,1.2232655889677959e-05,6.704493733726007e-05
s3d_o8,theta,11,95.739-101.537 deg,95.739,101.537,False,veto70,broad_480_550,174591,0,0.0,0.0,2.2002132414663338e-05
s3d_o8,theta,11,95.739-101.537 deg,95.739,101.537,False,veto70,w2_510p58_511p42,174591,0,0.0,0.0,2.2002132414663338e-05
s3d_o8,theta,11,95.739-101.537 deg,95.739,101.537,False,veto80,tes_positive,174591,5,2.863836051113746e-05,1.2232655889677959e-05,6.704493733726007e-05
s3d_o8,theta,11,95.739-101.537 deg,95.739,101.537,False,veto80,broad_480_550,174591,0,0.0,0.0,2.2002132414663338e-05
s3d_o8,theta,11,95.739-101.537 deg,95.739,101.537,False,veto80,w2_510p58_511p42,174591,0,0.0,0.0,2.2002132414663338e-05
s3d_o8,theta,12,101.537-107.458 deg,101.537,107.458,False,pre_veto,tes_positive,162425,139,0.0008557795905802678,0.0007248913453324409,0.001010277460215847
s3d_o8,theta,12,101.537-107.458 deg,101.537,107.458,False,pre_veto,broad_480_550,162425,20,0.00012313375404032631,7.971523484378765e-05,0.00019019655192352056
s3d_o8,theta,12,101.537-107.458 deg,101.537,107.458,False,pre_veto,w2_510p58_511p42,162425,6,3.694012621209789e-05,1.693009765203189e-05,8.059851043516107e-05
s3d_o8,theta,12,101.537-107.458 deg,101.537,107.458,False,veto50,tes_positive,162425,2,1.231337540403263e-05,3.3767781630822055e-06,4.489949315836355e-05
s3d_o8,theta,12,101.537-107.458 deg,101.537,107.458,False,veto50,broad_480_550,162425,0,0.0,0.0,2.3650102938572148e-05
s3d_o8,theta,12,101.537-107.458 deg,101.537,107.458,False,veto50,w2_510p58_511p42,162425,0,0.0,0.0,2.3650102938572148e-05
s3d_o8,theta,12,101.537-107.458 deg,101.537,107.458,False,veto70,tes_positive,162425,2,1.231337540403263e-05,3.3767781630822055e-06,4.489949315836355e-05
s3d_o8,theta,12,101.537-107.458 deg,101.537,107.458,False,veto70,broad_480_550,162425,0,0.0,0.0,2.3650102938572148e-05
s3d_o8,theta,12,101.537-107.458 deg,101.537,107.458,False,veto70,w2_510p58_511p42,162425,0,0.0,0.0,2.3650102938572148e-05
s3d_o8,theta,12,101.537-107.458 deg,101.537,107.458,False,veto80,tes_positive,162425,2,1.231337540403263e-05,3.3767781630822055e-06,4.489949315836355e-05
s3d_o8,theta,12,101.537-107.458 deg,101.537,107.458,False,veto80,broad_480_550,162425,0,0.0,0.0,2.3650102938572148e-05
s3d_o8,theta,12,101.537-107.458 deg,101.537,107.458,False,veto80,w2_510p58_511p42,162425,0,0.0,0.0,2.3650102938572148e-05
s3d_o8,theta,13,107.458-113.578 deg,107.458,113.578,False,pre_veto,tes_positive,153922,109,0.0007081508816153637,0.0005871358018556937,0.0008540871709616592
s3d_o8,theta,13,107.458-113.578 deg,107.458,113.578,False,pre_veto,broad_480_550,153922,6,3.89807824742402e-05,1.7865360809108284e-05,8.505081408756844e-05
s3d_o8,theta,13,107.458-113.578 deg,107.458,113.578,False,pre_veto,w2_510p58_511p42,153922,1,6.496797079040034e-06,1.146845133456638e-06,3.680298034959503e-05
s3d_o8,theta,13,107.458-113.578 deg,107.458,113.578,False,veto50,tes_positive,153922,4,2.5987188316160134e-05,1.0105954968785103e-05,6.68236801624416e-05
s3d_o8,theta,13,107.458-113.578 deg,107.458,113.578,False,veto50,broad_480_550,153922,1,6.496797079040034e-06,1.146845133456638e-06,3.680298034959503e-05
s3d_o8,theta,13,107.458-113.578 deg,107.458,113.578,False,veto50,w2_510p58_511p42,153922,0,0.0,0.0,2.4956555600326657e-05
s3d_o8,theta,13,107.458-113.578 deg,107.458,113.578,False,veto70,tes_positive,153922,4,2.5987188316160134e-05,1.0105954968785103e-05,6.68236801624416e-05
s3d_o8,theta,13,107.458-113.578 deg,107.458,113.578,False,veto70,broad_480_550,153922,1,6.496797079040034e-06,1.146845133456638e-06,3.680298034959503e-05
s3d_o8,theta,13,107.458-113.578 deg,107.458,113.578,False,veto70,w2_510p58_511p42,153922,0,0.0,0.0,2.4956555600326657e-05
s3d_o8,theta,13,107.458-113.578 deg,107.458,113.578,False,veto80,tes_positive,153922,4,2.5987188316160134e-05,1.0105954968785103e-05,6.68236801624416e-05
s3d_o8,theta,13,107.458-113.578 deg,107.458,113.578,False,veto80,broad_480_550,153922,1,6.496797079040034e-06,1.146845133456638e-06,3.680298034959503e-05
s3d_o8,theta,13,107.458-113.578 deg,107.458,113.578,False,veto80,w2_510p58_511p42,153922,0,0.0,0.0,2.4956555600326657e-05
s3d_o8,theta,14,113.578-120 deg,113.578,120.0,False,pre_veto,tes_positive,147112,90,0.0006117787807928653,0.0004977954412894233,0.0007518419668761231
s3d_o8,theta,14,113.578-120 deg,113.578,120.0,False,pre_veto,broad_480_550,147112,6,4.078525205285769e-05,1.869237663289794e-05,8.89877933855587e-05
s3d_o8,theta,14,113.578-120 deg,113.578,120.0,False,pre_veto,w2_510p58_511p42,147112,3,2.0392626026428844e-05,6.935356822229513e-06,5.9960626119545366e-05
s3d_o8,theta,14,113.578-120 deg,113.578,120.0,False,veto50,tes_positive,147112,5,3.398771004404807e-05,1.451760280124918e-05,7.956783819164687e-05
s3d_o8,theta,14,113.578-120 deg,113.578,120.0,False,veto50,broad_480_550,147112,0,0.0,0.0,2.611179586509309e-05
s3d_o8,theta,14,113.578-120 deg,113.578,120.0,False,veto50,w2_510p58_511p42,147112,0,0.0,0.0,2.611179586509309e-05
s3d_o8,theta,14,113.578-120 deg,113.578,120.0,False,veto70,tes_positive,147112,6,4.078525205285769e-05,1.869237663289794e-05,8.89877933855587e-05
s3d_o8,theta,14,113.578-120 deg,113.578,120.0,False,veto70,broad_480_550,147112,0,0.0,0.0,2.611179586509309e-05
s3d_o8,theta,14,113.578-120 deg,113.578,120.0,False,veto70,w2_510p58_511p42,147112,0,0.0,0.0,2.611179586509309e-05
s3d_o8,theta,14,113.578-120 deg,113.578,120.0,False,veto80,tes_positive,147112,6,4.078525205285769e-05,1.869237663289794e-05,8.89877933855587e-05
s3d_o8,theta,14,113.578-120 deg,113.578,120.0,False,veto80,broad_480_550,147112,0,0.0,0.0,2.611179586509309e-05
s3d_o8,theta,14,113.578-120 deg,113.578,120.0,False,veto80,w2_510p58_511p42,147112,0,0.0,0.0,2.611179586509309e-05
s3d_o8,theta,15,120-126.87 deg,120.0,126.87,False,pre_veto,tes_positive,142477,66,0.00046323266211388504,0.0003641622277002831,0.0005892393484684999
s3d_o8,theta,15,120-126.87 deg,120.0,126.87,False,pre_veto,broad_480_550,142477,3,2.1056030096085685e-05,7.160975639491748e-06,6.191117974596385e-05
s3d_o8,theta,15,120-126.87 deg,120.0,126.87,False,pre_veto,w2_510p58_511p42,142477,1,7.018676698695228e-06,1.238969854883643e-06,3.975923566443457e-05
s3d_o8,theta,15,120-126.87 deg,120.0,126.87,False,veto50,tes_positive,142477,4,2.807470679478091e-05,1.0917757647509595e-05,7.219137267101468e-05
s3d_o8,theta,15,120-126.87 deg,120.0,126.87,False,veto50,broad_480_550,142477,1,7.018676698695228e-06,1.238969854883643e-06,3.975923566443457e-05
s3d_o8,theta,15,120-126.87 deg,120.0,126.87,False,veto50,w2_510p58_511p42,142477,1,7.018676698695228e-06,1.238969854883643e-06,3.975923566443457e-05
s3d_o8,theta,15,120-126.87 deg,120.0,126.87,False,veto70,tes_positive,142477,4,2.807470679478091e-05,1.0917757647509595e-05,7.219137267101468e-05
s3d_o8,theta,15,120-126.87 deg,120.0,126.87,False,veto70,broad_480_550,142477,1,7.018676698695228e-06,1.238969854883643e-06,3.975923566443457e-05
s3d_o8,theta,15,120-126.87 deg,120.0,126.87,False,veto70,w2_510p58_511p42,142477,1,7.018676698695228e-06,1.238969854883643e-06,3.975923566443457e-05
s3d_o8,theta,15,120-126.87 deg,120.0,126.87,False,veto80,tes_positive,142477,4,2.807470679478091e-05,1.0917757647509595e-05,7.219137267101468e-05
s3d_o8,theta,15,120-126.87 deg,120.0,126.87,False,veto80,broad_480_550,142477,1,7.018676698695228e-06,1.238969854883643e-06,3.975923566443457e-05
s3d_o8,theta,15,120-126.87 deg,120.0,126.87,False,veto80,w2_510p58_511p42,142477,1,7.018676698695228e-06,1.238969854883643e-06,3.975923566443457e-05
s3d_o8,theta,16,126.87-134.427 deg,126.87,134.427,False,pre_veto,tes_positive,138090,54,0.0003910493156636976,0.00029974745479736215,0.0005101471620747813
s3d_o8,theta,16,126.87-134.427 deg,126.87,134.427,False,pre_veto,broad_480_550,138090,4,2.896661597508871e-05,1.1264607094979376e-05,7.448475504601967e-05
s3d_o8,theta,16,126.87-134.427 deg,126.87,134.427,False,pre_veto,w2_510p58_511p42,138090,1,7.241653993772177e-06,1.2783308920085194e-06,4.102231596512186e-05
s3d_o8,theta,16,126.87-134.427 deg,126.87,134.427,False,veto50,tes_positive,138090,6,4.3449923962633065e-05,1.9913637183594628e-05,9.480153514665021e-05
s3d_o8,theta,16,126.87-134.427 deg,126.87,134.427,False,veto50,broad_480_550,138090,1,7.241653993772177e-06,1.2783308920085194e-06,4.102231596512186e-05
s3d_o8,theta,16,126.87-134.427 deg,126.87,134.427,False,veto50,w2_510p58_511p42,138090,0,0.0,0.0,2.7817741762507494e-05
s3d_o8,theta,16,126.87-134.427 deg,126.87,134.427,False,veto70,tes_positive,138090,6,4.3449923962633065e-05,1.9913637183594628e-05,9.480153514665021e-05
s3d_o8,theta,16,126.87-134.427 deg,126.87,134.427,False,veto70,broad_480_550,138090,1,7.241653993772177e-06,1.2783308920085194e-06,4.102231596512186e-05
s3d_o8,theta,16,126.87-134.427 deg,126.87,134.427,False,veto70,w2_510p58_511p42,138090,0,0.0,0.0,2.7817741762507494e-05
s3d_o8,theta,16,126.87-134.427 deg,126.87,134.427,False,veto80,tes_positive,138090,6,4.3449923962633065e-05,1.9913637183594628e-05,9.480153514665021e-05
s3d_o8,theta,16,126.87-134.427 deg,126.87,134.427,False,veto80,broad_480_550,138090,1,7.241653993772177e-06,1.2783308920085194e-06,4.102231596512186e-05
s3d_o8,theta,16,126.87-134.427 deg,126.87,134.427,False,veto80,w2_510p58_511p42,138090,0,0.0,0.0,2.7817741762507494e-05
s3d_o8,theta,17,134.427-143.13 deg,134.427,143.13,False,pre_veto,tes_positive,133675,45,0.000336637366747709,0.00025161442652687073,0.0004503774354358294
s3d_o8,theta,17,134.427-143.13 deg,134.427,143.13,False,pre_veto,broad_480_550,133675,2,1.4961660744342622e-05,4.103036618792479e-06,5.455590098959231e-05
s3d_o8,theta,17,134.427-143.13 deg,134.427,143.13,False,pre_veto,w2_510p58_511p42,133675,2,1.4961660744342622e-05,4.103036618792479e-06,5.455590098959231e-05
s3d_o8,theta,17,134.427-143.13 deg,134.427,143.13,False,veto50,tes_positive,133675,2,1.4961660744342622e-05,4.103036618792479e-06,5.455590098959231e-05
s3d_o8,theta,17,134.427-143.13 deg,134.427,143.13,False,veto50,broad_480_550,133675,0,0.0,0.0,2.8736476010509662e-05
s3d_o8,theta,17,134.427-143.13 deg,134.427,143.13,False,veto50,w2_510p58_511p42,133675,0,0.0,0.0,2.8736476010509662e-05
s3d_o8,theta,17,134.427-143.13 deg,134.427,143.13,False,veto70,tes_positive,133675,2,1.4961660744342622e-05,4.103036618792479e-06,5.455590098959231e-05
s3d_o8,theta,17,134.427-143.13 deg,134.427,143.13,False,veto70,broad_480_550,133675,0,0.0,0.0,2.8736476010509662e-05
s3d_o8,theta,17,134.427-143.13 deg,134.427,143.13,False,veto70,w2_510p58_511p42,133675,0,0.0,0.0,2.8736476010509662e-05
s3d_o8,theta,17,134.427-143.13 deg,134.427,143.13,False,veto80,tes_positive,133675,2,1.4961660744342622e-05,4.103036618792479e-06,5.455590098959231e-05
s3d_o8,theta,17,134.427-143.13 deg,134.427,143.13,False,veto80,broad_480_550,133675,0,0.0,0.0,2.8736476010509662e-05
s3d_o8,theta,17,134.427-143.13 deg,134.427,143.13,False,veto80,w2_510p58_511p42,133675,0,0.0,0.0,2.8736476010509662e-05
s3d_o8,theta,18,143.13-154.158 deg,143.13,154.158,False,pre_veto,tes_positive,131080,36,0.000274641440341776,0.00019839756572203647,0.0003801745754103954
s3d_o8,theta,18,143.13-154.158 deg,143.13,154.158,False,pre_veto,broad_480_550,131080,4,3.0515715593530668e-05,1.1867027815634846e-05,7.846797220352509e-05
s3d_o8,theta,18,143.13-154.158 deg,143.13,154.158,False,pre_veto,w2_510p58_511p42,131080,2,1.5257857796765334e-05,4.184264917548777e-06,5.563591378203167e-05
s3d_o8,theta,18,143.13-154.158 deg,143.13,154.158,False,veto50,tes_positive,131080,2,1.5257857796765334e-05,4.184264917548777e-06,5.563591378203167e-05
s3d_o8,theta,18,143.13-154.158 deg,143.13,154.158,False,veto50,broad_480_550,131080,0,0.0,1.6940658945086007e-21,2.930535738000095e-05
s3d_o8,theta,18,143.13-154.158 deg,143.13,154.158,False,veto50,w2_510p58_511p42,131080,0,0.0,1.6940658945086007e-21,2.930535738000095e-05
s3d_o8,theta,18,143.13-154.158 deg,143.13,154.158,False,veto70,tes_positive,131080,2,1.5257857796765334e-05,4.184264917548777e-06,5.563591378203167e-05
s3d_o8,theta,18,143.13-154.158 deg,143.13,154.158,False,veto70,broad_480_550,131080,0,0.0,1.6940658945086007e-21,2.930535738000095e-05
s3d_o8,theta,18,143.13-154.158 deg,143.13,154.158,False,veto70,w2_510p58_511p42,131080,0,0.0,1.6940658945086007e-21,2.930535738000095e-05
s3d_o8,theta,18,143.13-154.158 deg,143.13,154.158,False,veto80,tes_positive,131080,2,1.5257857796765334e-05,4.184264917548777e-06,5.563591378203167e-05
s3d_o8,theta,18,143.13-154.158 deg,143.13,154.158,False,veto80,broad_480_550,131080,0,0.0,1.6940658945086007e-21,2.930535738000095e-05
s3d_o8,theta,18,143.13-154.158 deg,143.13,154.158,False,veto80,w2_510p58_511p42,131080,0,0.0,1.6940658945086007e-21,2.930535738000095e-05
s3d_o8,theta,19,154.158-180 deg,154.158,180.0,False,pre_veto,tes_positive,128486,21,0.0001634419314166524,0.00010690873249215707,0.00024986234217202726
s3d_o8,theta,19,154.158-180 deg,154.158,180.0,False,pre_veto,broad_480_550,128486,3,2.3348847345236058e-05,7.940746213304176e-06,6.865253702962194e-05
s3d_o8,theta,19,154.158-180 deg,154.158,180.0,False,pre_veto,w2_510p58_511p42,128486,1,7.782949115078686e-06,1.3738829497631102e-06,4.408853457968988e-05
s3d_o8,theta,19,154.158-180 deg,154.158,180.0,False,veto50,tes_positive,128486,5,3.891474557539343e-05,1.6622164185367407e-05,9.110198477103184e-05
s3d_o8,theta,19,154.158-180 deg,154.158,180.0,False,veto50,broad_480_550,128486,1,7.782949115078686e-06,1.3738829497631102e-06,4.408853457968988e-05
s3d_o8,theta,19,154.158-180 deg,154.158,180.0,False,veto50,w2_510p58_511p42,128486,0,0.0,0.0,2.989698467271642e-05
s3d_o8,theta,19,154.158-180 deg,154.158,180.0,False,veto70,tes_positive,128486,5,3.891474557539343e-05,1.6622164185367407e-05,9.110198477103184e-05
s3d_o8,theta,19,154.158-180 deg,154.158,180.0,False,veto70,broad_480_550,128486,1,7.782949115078686e-06,1.3738829497631102e-06,4.408853457968988e-05
s3d_o8,theta,19,154.158-180 deg,154.158,180.0,False,veto70,w2_510p58_511p42,128486,0,0.0,0.0,2.989698467271642e-05
s3d_o8,theta,19,154.158-180 deg,154.158,180.0,False,veto80,tes_positive,128486,5,3.891474557539343e-05,1.6622164185367407e-05,9.110198477103184e-05
s3d_o8,theta,19,154.158-180 deg,154.158,180.0,False,veto80,broad_480_550,128486,1,7.782949115078686e-06,1.3738829497631102e-06,4.408853457968988e-05
s3d_o8,theta,19,154.158-180 deg,154.158,180.0,False,veto80,w2_510p58_511p42,128486,0,0.0,0.0,2.989698467271642e-05
