group	bytes	sha256	snapshot_path	original_path
evidence	3339	2d26f30391583c79d29b373d8514cc5df9f766a545f319d5424f8efcd1e4ca4c	snapshot/external/worktree_8633/tool/execute/README.md	/home/ubuntu/.codex/worktrees/8633/TES_511_Balloon/tool/execute/README.md
transport_executor	4863	03a2a0f373778046434d03e74813faae91ea3b9af28a281cb7672683789d5950	snapshot/external/worktree_8633/tool/execute/chain_after_complete.py	/home/ubuntu/.codex/worktrees/8633/TES_511_Balloon/tool/execute/chain_after_complete.py
transport_executor	12720	1f9331d6ed7239f7772d331bc31e1b9c37883102b3a29f5bcc2db3ff76134222	snapshot/external/worktree_8633/tool/execute/common.py	/home/ubuntu/.codex/worktrees/8633/TES_511_Balloon/tool/execute/common.py
executor_config	3744	f7030ac1b028a7c2908648eb9820dd5c141da5dda582ac19d931de8049b2716e	snapshot/external/worktree_8633/tool/execute/config.json	/home/ubuntu/.codex/worktrees/8633/TES_511_Balloon/tool/execute/config.json
transport_executor	22388	716de249d34f98e2cdcb147b1a2ad12a9c5a5e220a7e6637d3f5695450f835c0	snapshot/external/worktree_8633/tool/execute/prepare.py	/home/ubuntu/.codex/worktrees/8633/TES_511_Balloon/tool/execute/prepare.py
transport_executor	8963	b67de882b0fd95d8cad5366bb03b4c6d857b19d5d7d866ca62561bbc48ecf629	snapshot/external/worktree_8633/tool/execute/progress.py	/home/ubuntu/.codex/worktrees/8633/TES_511_Balloon/tool/execute/progress.py
transport_executor	30710	20f38976a46f29d1fa668e2ba55961b08585594259df47aae16ac5dcd1ba0f4f	snapshot/external/worktree_8633/tool/execute/run.py	/home/ubuntu/.codex/worktrees/8633/TES_511_Balloon/tool/execute/run.py
environment	51971	9f2edca70ca764f600be3a6827db736a999fa767c2155e0e63dd33d132e94796	snapshot/project/engineering/geometry_optimization_20260815/64_sh3_l2_environment_projection_20260820/code/build_sh3_environment_projection.py	/home/ubuntu/TES_511_Balloon/engineering/geometry_optimization_20260815/64_sh3_l2_environment_projection_20260820/code/build_sh3_environment_projection.py
environment	12364	aa6418637c4f90fada349ac4897ad3428ff66aaca381f09eb033e282124f1d2a	snapshot/project/engineering/geometry_optimization_20260815/64_sh3_l2_environment_projection_20260820/code/scan_sh3_activation_primary_energy.py	/home/ubuntu/TES_511_Balloon/engineering/geometry_optimization_20260815/64_sh3_l2_environment_projection_20260820/code/scan_sh3_activation_primary_energy.py
environment	5805	d9dd327196a9b3586435c27fa1758167ed46916d66871da177adc0ea47d5a114	snapshot/project/engineering/geometry_optimization_20260815/64_sh3_l2_environment_projection_20260820/code/validate_sh3_environment_projection.py	/home/ubuntu/TES_511_Balloon/engineering/geometry_optimization_20260815/64_sh3_l2_environment_projection_20260820/code/validate_sh3_environment_projection.py
environment	43237	ed290f9b843410a1ded705c3d123ccc0ac96f840d9edb98ec8b0f3b3b7d9102a	snapshot/project/engineering/geometry_optimization_20260815/65_sh3_complete_l2_solar_activity_20260820/code/build_complete_l2_solar.py	/home/ubuntu/TES_511_Balloon/engineering/geometry_optimization_20260815/65_sh3_complete_l2_solar_activity_20260820/code/build_complete_l2_solar.py
environment	7301	b1b0390295a5faa087b85c1e274e2a047b0929262fc099863d949b1de5889826	snapshot/project/engineering/geometry_optimization_20260815/65_sh3_complete_l2_solar_activity_20260820/code/build_ppt0821_complete_l2_solar.py	/home/ubuntu/TES_511_Balloon/engineering/geometry_optimization_20260815/65_sh3_complete_l2_solar_activity_20260820/code/build_ppt0821_complete_l2_solar.py
environment	3675	257764992549bc63ce1bddd4a5b0dfb13c5cd4ab558e0e22819f8ad3b0fd8809	snapshot/project/engineering/geometry_optimization_20260815/65_sh3_complete_l2_solar_activity_20260820/code/render_pptx_preview.py	/home/ubuntu/TES_511_Balloon/engineering/geometry_optimization_20260815/65_sh3_complete_l2_solar_activity_20260820/code/render_pptx_preview.py
environment	7558	6b6723355d7b9566d13014ef2f228bba0d925f7dcc3b4d918c1e2a5c7688d6be	snapshot/project/engineering/geometry_optimization_20260815/65_sh3_complete_l2_solar_activity_20260820/code/validate_complete_l2_solar.py	/home/ubuntu/TES_511_Balloon/engineering/geometry_optimization_20260815/65_sh3_complete_l2_solar_activity_20260820/code/validate_complete_l2_solar.py
transport_support	2110	3a0cd2ea2ab175a905bb969f4994e76e3193ac8c6a63ac26df4665fae40721a0	snapshot/project/engineering/geometry_optimization_20260815/68_sg3_minimal_sd_prompt_supplement_20260823/code/build_fixedseed_pilot.py	/home/ubuntu/TES_511_Balloon/engineering/geometry_optimization_20260815/68_sg3_minimal_sd_prompt_supplement_20260823/code/build_fixedseed_pilot.py
transport_support	6668	6eea8ebed8f47bf1d9a748dded573f8df0647ff6b7a60b7b69126f5bdd3cf96b	snapshot/project/engineering/geometry_optimization_20260815/68_sg3_minimal_sd_prompt_supplement_20260823/code/build_minimal_alpha_pilot.py	/home/ubuntu/TES_511_Balloon/engineering/geometry_optimization_20260815/68_sg3_minimal_sd_prompt_supplement_20260823/code/build_minimal_alpha_pilot.py
transport_support	11906	76ab1016ae14cbad4888d4c8d939ba9d8b2ef528b1a7d5b0e6af800695f31d08	snapshot/project/engineering/geometry_optimization_20260815/68_sg3_minimal_sd_prompt_supplement_20260823/code/prepare_remaining_production.py	/home/ubuntu/TES_511_Balloon/engineering/geometry_optimization_20260815/68_sg3_minimal_sd_prompt_supplement_20260823/code/prepare_remaining_production.py
transport_support	26753	a16bb07fe109c3a8ea4faf09c35dc6bfb7edcd04bc6973f95003768d49d06b9d	snapshot/project/engineering/geometry_optimization_20260815/68_sg3_minimal_sd_prompt_supplement_20260823/code/run_adaptive_guarded_remaining.py	/home/ubuntu/TES_511_Balloon/engineering/geometry_optimization_20260815/68_sg3_minimal_sd_prompt_supplement_20260823/code/run_adaptive_guarded_remaining.py
transport_support	6126	eb74dd1504863e09ad0366805213607ed6eaf00170fac6e95a277844ec837a52	snapshot/project/engineering/geometry_optimization_20260815/68_sg3_minimal_sd_prompt_supplement_20260823/code/run_combined_remaining.py	/home/ubuntu/TES_511_Balloon/engineering/geometry_optimization_20260815/68_sg3_minimal_sd_prompt_supplement_20260823/code/run_combined_remaining.py
transport_support	7314	1efbb9f605d1dcc3a1d6dc7566233157eddf05e698c584ba73b79bd606c0c71a	snapshot/project/engineering/geometry_optimization_20260815/68_sg3_minimal_sd_prompt_supplement_20260823/code/run_paired_pilot.py	/home/ubuntu/TES_511_Balloon/engineering/geometry_optimization_20260815/68_sg3_minimal_sd_prompt_supplement_20260823/code/run_paired_pilot.py
transport_support	1675	3d8f603cb0065c9c8836c0f76c3cfe6dadcd7fb6b5ff889cb7e2bfe23b1aecac	snapshot/project/engineering/geometry_optimization_20260815/68_sg3_minimal_sd_prompt_supplement_20260823/code/summarize_receipts.py	/home/ubuntu/TES_511_Balloon/engineering/geometry_optimization_20260815/68_sg3_minimal_sd_prompt_supplement_20260823/code/summarize_receipts.py
transport_support	7609	c3012f9e4545d8c816d73dd62c8cbf8b6c6b9b8cad624c6b429e6be4015d2991	snapshot/project/engineering/geometry_optimization_20260815/68_sg3_minimal_sd_prompt_supplement_20260823/code/validate_htsim_bridge.py	/home/ubuntu/TES_511_Balloon/engineering/geometry_optimization_20260815/68_sg3_minimal_sd_prompt_supplement_20260823/code/validate_htsim_bridge.py
transport_support	7693	204fe4049947ef7171dbefb23b8df79fcada8da831deb624e9bdcbc7435cc91a	snapshot/project/engineering/geometry_optimization_20260815/68_sg3_minimal_sd_prompt_supplement_20260823/code/validate_paired_pilot.py	/home/ubuntu/TES_511_Balloon/engineering/geometry_optimization_20260815/68_sg3_minimal_sd_prompt_supplement_20260823/code/validate_paired_pilot.py
catalog_sh3	82462	f8598ec28623985c31cc948509e35e7d838c6b5a6d21cda96576d30d36adf56e	snapshot/project/engineering/geometry_optimization_20260815/70_m05_sg3_sh3_prompt_statistics_integration_20260828/code/build_integrated_fluxclosed_catalog.py	/home/ubuntu/TES_511_Balloon/engineering/geometry_optimization_20260815/70_m05_sg3_sh3_prompt_statistics_integration_20260828/code/build_integrated_fluxclosed_catalog.py
catalog_sh3	54873	85207916c0c468746996440ed294e916502100ad7b1d92095aa9044b0aee2af4	snapshot/project/engineering/geometry_optimization_20260815/70_m05_sg3_sh3_prompt_statistics_integration_20260828/code/build_section4_uncertainty_products.py	/home/ubuntu/TES_511_Balloon/engineering/geometry_optimization_20260815/70_m05_sg3_sh3_prompt_statistics_integration_20260828/code/build_section4_uncertainty_products.py
catalog_sh3	83306	4b8ba97d3f1574b7988a78bccd12b2788b65f87e1f53e7f63d357f25622f8f0d	snapshot/project/engineering/geometry_optimization_20260815/70_m05_sg3_sh3_prompt_statistics_integration_20260828/code/build_sg3_minimal_compacts.py	/home/ubuntu/TES_511_Balloon/engineering/geometry_optimization_20260815/70_m05_sg3_sh3_prompt_statistics_integration_20260828/code/build_sg3_minimal_compacts.py
catalog_sh3	43689	99469efb872aa9e40dd6669402bae8449afc90c291fca7fb0fc561aea074b5bb	snapshot/project/engineering/geometry_optimization_20260815/70_m05_sg3_sh3_prompt_statistics_integration_20260828/code/build_supplement_compacts.py	/home/ubuntu/TES_511_Balloon/engineering/geometry_optimization_20260815/70_m05_sg3_sh3_prompt_statistics_integration_20260828/code/build_supplement_compacts.py
catalog_sh3	19615	9a50306da18c7ec2678135627067a575931390c1ab4005d7106cdc403f2ad8d8	snapshot/project/engineering/geometry_optimization_20260815/70_m05_sg3_sh3_prompt_statistics_integration_20260828/code/run_section4_common_axis.py	/home/ubuntu/TES_511_Balloon/engineering/geometry_optimization_20260815/70_m05_sg3_sh3_prompt_statistics_integration_20260828/code/run_section4_common_axis.py
environment	23407	289c4fc837d81e718fdbcce6ee3368ed00b56388b943fba264121c0c7bfa2c91	snapshot/project/engineering/geometry_optimization_20260815/71_m05_sh3_environment_screening_20260830/code/build_environment_screening.py	/home/ubuntu/TES_511_Balloon/engineering/geometry_optimization_20260815/71_m05_sh3_environment_screening_20260830/code/build_environment_screening.py
environment	36441	8227930ec75b93bb4c2c98f79c4aa8140105284b7cbff51a63bf1df9a6964be0	snapshot/project/engineering/lunar_surface_source_comparison_20260813/code/build_lunar_comparison.py	/home/ubuntu/TES_511_Balloon/engineering/lunar_surface_source_comparison_20260813/code/build_lunar_comparison.py
environment	9124	7e57e6de50b8b428c228528c7cea59031459074d0b3ca37fd7bbb960fa8ba126	snapshot/project/engineering/lunar_surface_source_comparison_20260813/code/validate_lunar_comparison.py	/home/ubuntu/TES_511_Balloon/engineering/lunar_surface_source_comparison_20260813/code/validate_lunar_comparison.py
geometry_aa	8731	acd1752d98c9dbbbcb7796591e1e115e39ada9dda1e236126f562af544799ed0	snapshot/project/engineering/mass_model_AA_20260921/code/build_aa.py	/home/ubuntu/TES_511_Balloon/engineering/mass_model_AA_20260921/code/build_aa.py
geometry_aa	1779	0b2840b54b6e8aeef365106baae283f1554a0100b6f3f6a66da1b28041e87e69	snapshot/project/engineering/mass_model_AA_20260921/code/preview_wrl.py	/home/ubuntu/TES_511_Balloon/engineering/mass_model_AA_20260921/code/preview_wrl.py
geometry_aa	11627	b520b2986fc43ddf62970dbc2ffb0678e940df05b1f076c8c0965cfc6ea63903	snapshot/project/engineering/mass_model_AA_20260921/code/refine_aa.py	/home/ubuntu/TES_511_Balloon/engineering/mass_model_AA_20260921/code/refine_aa.py
geometry_aa	17568	b21bc879492718c922ae9dfcf22941d8d665f482eef0a59a9cb65dd1f830fb5c	snapshot/project/engineering/mass_model_AA_20260921/code/render_aa.py	/home/ubuntu/TES_511_Balloon/engineering/mass_model_AA_20260921/code/render_aa.py
geometry_aa	2662	ca5ee0172fa47731f024b45c260454aeef3f22b70db685571ca2425f8af29cac	snapshot/project/engineering/mass_model_AA_20260921/code/validate_export_aa.py	/home/ubuntu/TES_511_Balloon/engineering/mass_model_AA_20260921/code/validate_export_aa.py
evidence	74782	92d19ded4a2bacec761726870d3728e43486c9ced567a5213f9faeb77bdc6ca7	snapshot/project/engineering/mass_model_AA_20260921/data/manifest.json	/home/ubuntu/TES_511_Balloon/engineering/mass_model_AA_20260921/data/manifest.json
geometry_aa	454	dd36170a139c39abb0b49255124ee243a6aec2e27077bdbfea3ac2feb15ac708	snapshot/project/engineering/mass_model_AA_20260921/geometry/Intro_Mass_model_AA.geo	/home/ubuntu/TES_511_Balloon/engineering/mass_model_AA_20260921/geometry/Intro_Mass_model_AA.geo
geometry_aa	52003	30b26e27f379e94ff6f78f3496b9e4d6925db5b41a5b9f9759c7c2e5dd67b324	snapshot/project/engineering/mass_model_AA_20260921/geometry/Mass_model_AA.det	/home/ubuntu/TES_511_Balloon/engineering/mass_model_AA_20260921/geometry/Mass_model_AA.det
geometry_aa	524173	36fcec485cae0a99a6b27c420514b9b6df1316e9b3a32a23ffd8be40e85040a1	snapshot/project/engineering/mass_model_AA_20260921/geometry/Mass_model_AA.geo	/home/ubuntu/TES_511_Balloon/engineering/mass_model_AA_20260921/geometry/Mass_model_AA.geo
geometry_aa	111	8825b4709943cce285e3d0f2cb129bcaa5b51fdb70689f3c499b12a68198e3a9	snapshot/project/engineering/mass_model_AA_20260921/geometry/Mass_model_AA.geo.setup	/home/ubuntu/TES_511_Balloon/engineering/mass_model_AA_20260921/geometry/Mass_model_AA.geo.setup
geometry_aa	2065	56f6c2b58f072f4350a1fed8707490ed4f0b196769a9a4e22e0acb2ebe58ae0a	snapshot/project/engineering/mass_model_AA_20260921/geometry/Materials_Mass_model_AA.geo	/home/ubuntu/TES_511_Balloon/engineering/mass_model_AA_20260921/geometry/Materials_Mass_model_AA.geo
corrected_source	49537	fbd77e6e99955b8e9064a965a4086c0fc13b0c91cf9e4d2c2cd5f07b22b707b7	snapshot/project/engineering/particle_source_unit_repair_20260811/code/build_corrected_source_package.py	/home/ubuntu/TES_511_Balloon/engineering/particle_source_unit_repair_20260811/code/build_corrected_source_package.py
corrected_source	83941	75d959ba0c13540dc305e29476d3a3ed1dd2aa424c81e8c2692e5f7c95a88b9f	snapshot/project/engineering/particle_source_unit_repair_20260811/code/run_mergeable_gamma_instant_batch0003.py	/home/ubuntu/TES_511_Balloon/engineering/particle_source_unit_repair_20260811/code/run_mergeable_gamma_instant_batch0003.py
corrected_source	26020	b165b56b50ffd3a34ea1509629c21aeb52a4e5abcdaa8cc1aeeddf9613f1243d	snapshot/project/engineering/particle_source_unit_repair_20260811/code/run_mergeable_muminus_instant_pair_batch0002.py	/home/ubuntu/TES_511_Balloon/engineering/particle_source_unit_repair_20260811/code/run_mergeable_muminus_instant_pair_batch0002.py
corrected_source	113040	f53a9506979900e7b56e7e28df5f4216c8c32824de4ed038ae33e1b53be97163	snapshot/project/engineering/particle_source_unit_repair_20260811/code/run_mergeable_seven_family_1m_screening_batch0004.py	/home/ubuntu/TES_511_Balloon/engineering/particle_source_unit_repair_20260811/code/run_mergeable_seven_family_1m_screening_batch0004.py
corrected_source	29252	a63eba057098460f175fdac143364145ea1413dbdc308a7f58c4c5e1e5711adb	snapshot/project/engineering/particle_source_unit_repair_20260811/code/run_mergeable_two_geometry_seven_family_batch0001.py	/home/ubuntu/TES_511_Balloon/engineering/particle_source_unit_repair_20260811/code/run_mergeable_two_geometry_seven_family_batch0001.py
corrected_source	30606	0f5ab7df033aa81d11449ac0f515ffec0bda08df9685cdd63a56b9c8c11cfcc8	snapshot/project/engineering/particle_source_unit_repair_20260811/code/run_mergeable_two_geometry_smoke.py	/home/ubuntu/TES_511_Balloon/engineering/particle_source_unit_repair_20260811/code/run_mergeable_two_geometry_smoke.py
corrected_source	73207	21deaa8ed72f2c848a6d1359f88f16a7b07498f949610a45ca7936ab088b7fdc	snapshot/project/engineering/particle_source_unit_repair_20260811/code/validate_corrected_source_package.py	/home/ubuntu/TES_511_Balloon/engineering/particle_source_unit_repair_20260811/code/validate_corrected_source_package.py
corrected_source	52733	640da7e52f23c3413b154fd3f4c6c0a8f4c3741fafc4ab7cb66e69b0b22a25a7	snapshot/project/engineering/particle_source_unit_repair_20260811/code/validate_mergeable_gamma_instant_batch0003.py	/home/ubuntu/TES_511_Balloon/engineering/particle_source_unit_repair_20260811/code/validate_mergeable_gamma_instant_batch0003.py
corrected_source	20791	a0427ea46fb33b10fb2e8e79da23a06cbd660f91ff4637865f3b988347bca71a	snapshot/project/engineering/particle_source_unit_repair_20260811/code/validate_mergeable_muminus_instant_pair_batch0002.py	/home/ubuntu/TES_511_Balloon/engineering/particle_source_unit_repair_20260811/code/validate_mergeable_muminus_instant_pair_batch0002.py
corrected_source	77951	33351eed53d1b52f2e566d58ece377a376d51347b7981756badaae70ea3fe109	snapshot/project/engineering/particle_source_unit_repair_20260811/code/validate_mergeable_seven_family_1m_screening_batch0004.py	/home/ubuntu/TES_511_Balloon/engineering/particle_source_unit_repair_20260811/code/validate_mergeable_seven_family_1m_screening_batch0004.py
corrected_source	33002	b6e2256755831a25a30517f0e8b38589d02e6f908b0f8b5b0dbbb356f9767cf6	snapshot/project/engineering/particle_source_unit_repair_20260811/code/validate_mergeable_two_geometry_seven_family_batch0001.py	/home/ubuntu/TES_511_Balloon/engineering/particle_source_unit_repair_20260811/code/validate_mergeable_two_geometry_seven_family_batch0001.py
corrected_source	57998	cb435e9044082eb34c36e2e50855238de8a968bd24c8f977ac261fc8ca93c64a	snapshot/project/engineering/particle_source_unit_repair_20260811/code/validate_mergeable_two_geometry_smoke.py	/home/ubuntu/TES_511_Balloon/engineering/particle_source_unit_repair_20260811/code/validate_mergeable_two_geometry_smoke.py
response_rng	96348	f33e6615cae9ed03af5464cd731a3b7a63c8cdd791ea2dc3e063789deb03bec0	snapshot/project/engineering/particle_source_unit_repair_20260811/seven_family_tes_activation_postprocess_20260812/code/analyze_seven_family_tes_activation.py	/home/ubuntu/TES_511_Balloon/engineering/particle_source_unit_repair_20260811/seven_family_tes_activation_postprocess_20260812/code/analyze_seven_family_tes_activation.py
environment	55233	3c7cf5acf5f6ea2eef8d81f472fe3761beb28d07deb744fb3bd794d004700212	snapshot/project/engineering/satellite_leo530_source_comparison_20260813/code/build_comparison.py	/home/ubuntu/TES_511_Balloon/engineering/satellite_leo530_source_comparison_20260813/code/build_comparison.py
environment	33343	52e9a2450b973a331572cee0750f488a5fc1ca6280bdc123c1356b39954ab503	snapshot/project/engineering/satellite_leo530_source_comparison_20260813/code/build_simple_comparison_figures.py	/home/ubuntu/TES_511_Balloon/engineering/satellite_leo530_source_comparison_20260813/code/build_simple_comparison_figures.py
environment	14786	ffd4c9a559f986e5902c5c911c55b73b9582fbf126ab988cd1684f66141dcfda	snapshot/project/engineering/satellite_leo530_source_comparison_20260813/code/validate_comparison.py	/home/ubuntu/TES_511_Balloon/engineering/satellite_leo530_source_comparison_20260813/code/validate_comparison.py
environment	15571	2c28d3b51150769b95f09762305d338d7b9baf8031a3f80db361c1b9c24c5e98	snapshot/project/engineering/satellite_leo530_source_comparison_20260813/code/validate_simple_comparison_figures.py	/home/ubuntu/TES_511_Balloon/engineering/satellite_leo530_source_comparison_20260813/code/validate_simple_comparison_figures.py
transport_aa	9014	c6168ae1940ed379a2cb35ab53d4c8b3b3ea9925c81ea377674457ab06352688	snapshot/project/paper_review_workspace_20260920/outputs/00_parent/AA_run_20260921_v1/code/aa_common.py	/home/ubuntu/TES_511_Balloon/paper_review_workspace_20260920/outputs/00_parent/AA_run_20260921_v1/code/aa_common.py
transport_aa	1510	e7eb73144f407eda7617ace53e2ddca27dfc85466a9d769b508cef0fd0fe382a	snapshot/project/paper_review_workspace_20260920/outputs/00_parent/AA_run_20260921_v1/code/analyze_aa_signal.py	/home/ubuntu/TES_511_Balloon/paper_review_workspace_20260920/outputs/00_parent/AA_run_20260921_v1/code/analyze_aa_signal.py
transport_aa	9347	d91725bf8dccc3e244e2a1504367f6b21c49813819fb3aecaff3878cad91c2d2	snapshot/project/paper_review_workspace_20260920/outputs/00_parent/AA_run_20260921_v1/code/audit_continuation.py	/home/ubuntu/TES_511_Balloon/paper_review_workspace_20260920/outputs/00_parent/AA_run_20260921_v1/code/audit_continuation.py
transport_aa	4109	0e18cb7220fb643bc92eae9ca6f1ceed472d173ed6110be738cbb107a5524264	snapshot/project/paper_review_workspace_20260920/outputs/00_parent/AA_run_20260921_v1/code/audit_deadline.py	/home/ubuntu/TES_511_Balloon/paper_review_workspace_20260920/outputs/00_parent/AA_run_20260921_v1/code/audit_deadline.py
transport_aa	6585	b9311a939e9e8ce1192004f378dc4e08d6dea46348f448a33b45af33bfe18dd6	snapshot/project/paper_review_workspace_20260920/outputs/00_parent/AA_run_20260921_v1/code/campaign.py	/home/ubuntu/TES_511_Balloon/paper_review_workspace_20260920/outputs/00_parent/AA_run_20260921_v1/code/campaign.py
transport_aa	8083	9eaa91544582edce8d8f4980754355704b14aecf66e8110b83cbf46ac756f369	snapshot/project/paper_review_workspace_20260920/outputs/00_parent/AA_run_20260921_v1/code/compact_aa.py	/home/ubuntu/TES_511_Balloon/paper_review_workspace_20260920/outputs/00_parent/AA_run_20260921_v1/code/compact_aa.py
transport_aa	2597	2be454cf00195a441506dc73011f42caf7f9aceb520022e191eb6d7b700efbc6	snapshot/project/paper_review_workspace_20260920/outputs/00_parent/AA_run_20260921_v1/code/continuation_risk.py	/home/ubuntu/TES_511_Balloon/paper_review_workspace_20260920/outputs/00_parent/AA_run_20260921_v1/code/continuation_risk.py
transport_aa	1899	94201239c1213f5e956d7c7bacf6015913815a66e513c5f51e4a5670b75e31e3	snapshot/project/paper_review_workspace_20260920/outputs/00_parent/AA_run_20260921_v1/code/deadline_watch.py	/home/ubuntu/TES_511_Balloon/paper_review_workspace_20260920/outputs/00_parent/AA_run_20260921_v1/code/deadline_watch.py
transport_aa	1784	8a164127321cf563112886bcd4c7432fa3bce6f6602e0f8958ac4eb138071ed1	snapshot/project/paper_review_workspace_20260920/outputs/00_parent/AA_run_20260921_v1/code/detached_continuation.py	/home/ubuntu/TES_511_Balloon/paper_review_workspace_20260920/outputs/00_parent/AA_run_20260921_v1/code/detached_continuation.py
transport_aa	1905	d306ae05001ca8d1aa6e31a4f8c8d7c208322c83380b2c57b2a8c8414830f37a	snapshot/project/paper_review_workspace_20260920/outputs/00_parent/AA_run_20260921_v1/code/finalize_analysis.py	/home/ubuntu/TES_511_Balloon/paper_review_workspace_20260920/outputs/00_parent/AA_run_20260921_v1/code/finalize_analysis.py
transport_aa	10270	2d041835709fbed80f0534a298eba5a3677ab268a17752bf8eed9ee8f9eebce7	snapshot/project/paper_review_workspace_20260920/outputs/00_parent/AA_run_20260921_v1/code/governor.py	/home/ubuntu/TES_511_Balloon/paper_review_workspace_20260920/outputs/00_parent/AA_run_20260921_v1/code/governor.py
transport_aa	8381	d9ab2373f206dfd508b5c7092dc8231ae17d32ddfc0f9636e91c045447a90e90	snapshot/project/paper_review_workspace_20260920/outputs/00_parent/AA_run_20260921_v1/code/merge_aa.py	/home/ubuntu/TES_511_Balloon/paper_review_workspace_20260920/outputs/00_parent/AA_run_20260921_v1/code/merge_aa.py
transport_aa	5647	5044ecc2c139a8e2d57c620ede78e7eeaee19abdc92bbdeb1528d5519d59d606	snapshot/project/paper_review_workspace_20260920/outputs/00_parent/AA_run_20260921_v1/code/prepare_aa.py	/home/ubuntu/TES_511_Balloon/paper_review_workspace_20260920/outputs/00_parent/AA_run_20260921_v1/code/prepare_aa.py
transport_aa	3945	bdba6bba532f503fcda4d69f2d65240bd5f11a645a00cfc316185bac15a60bb4	snapshot/project/paper_review_workspace_20260920/outputs/00_parent/AA_run_20260921_v1/code/prepare_delayed.py	/home/ubuntu/TES_511_Balloon/paper_review_workspace_20260920/outputs/00_parent/AA_run_20260921_v1/code/prepare_delayed.py
transport_aa	6282	76356d1983e56efc47720c8c075ebbf59b689e89b6b94926f9b84edca26f2690	snapshot/project/paper_review_workspace_20260920/outputs/00_parent/AA_run_20260921_v1/code/proportional_topup.py	/home/ubuntu/TES_511_Balloon/paper_review_workspace_20260920/outputs/00_parent/AA_run_20260921_v1/code/proportional_topup.py
transport_aa	3162	2188586c6384273efe943ce731ff79c070539f888641bc46445073682687f26d	snapshot/project/paper_review_workspace_20260920/outputs/00_parent/AA_run_20260921_v1/code/recover_environment_interruption.py	/home/ubuntu/TES_511_Balloon/paper_review_workspace_20260920/outputs/00_parent/AA_run_20260921_v1/code/recover_environment_interruption.py
transport_aa	8009	6e6206304e319114aa4bc8b73707875f0d8e5b226ecf2401952eab67189fffd8	snapshot/project/paper_review_workspace_20260920/outputs/00_parent/AA_run_20260921_v1/code/replay_aa.py	/home/ubuntu/TES_511_Balloon/paper_review_workspace_20260920/outputs/00_parent/AA_run_20260921_v1/code/replay_aa.py
transport_aa	586	2cdedc850fe0f75fa39e4e8b0a9a355564392677988de4ce4d271432f4d91de8	snapshot/project/paper_review_workspace_20260920/outputs/00_parent/AA_run_20260921_v1/code/resume_aux.py	/home/ubuntu/TES_511_Balloon/paper_review_workspace_20260920/outputs/00_parent/AA_run_20260921_v1/code/resume_aux.py
transport_aa	8562	e251b74ba4fee84c6634422d6d8b3b86337c9dc7645e7dd692376d4fbf700ee1	snapshot/project/paper_review_workspace_20260920/outputs/00_parent/AA_run_20260921_v1/code/resume_campaign.py	/home/ubuntu/TES_511_Balloon/paper_review_workspace_20260920/outputs/00_parent/AA_run_20260921_v1/code/resume_campaign.py
transport_aa	6815	ac249aa3726cdceaf11d5ac96d9d887df6f90d391009b99eecae866e217625ad	snapshot/project/paper_review_workspace_20260920/outputs/00_parent/AA_run_20260921_v1/code/validate_bridge.py	/home/ubuntu/TES_511_Balloon/paper_review_workspace_20260920/outputs/00_parent/AA_run_20260921_v1/code/validate_bridge.py
transport_aa	2536	8efd8606800d464f1cfa9d45112772fb17b0ad66eb8f89ef23b62bcbb0360ae8	snapshot/project/paper_review_workspace_20260920/outputs/00_parent/AA_run_20260921_v1/code/validate_replay_fixture.py	/home/ubuntu/TES_511_Balloon/paper_review_workspace_20260920/outputs/00_parent/AA_run_20260921_v1/code/validate_replay_fixture.py
geometry_aa	454	dd36170a139c39abb0b49255124ee243a6aec2e27077bdbfea3ac2feb15ac708	snapshot/project/paper_review_workspace_20260920/outputs/00_parent/AA_run_20260921_v1/geometry/Intro_Mass_model_AA.geo	/home/ubuntu/TES_511_Balloon/paper_review_workspace_20260920/outputs/00_parent/AA_run_20260921_v1/geometry/Intro_Mass_model_AA.geo
geometry_aa	524173	36fcec485cae0a99a6b27c420514b9b6df1316e9b3a32a23ffd8be40e85040a1	snapshot/project/paper_review_workspace_20260920/outputs/00_parent/AA_run_20260921_v1/geometry/Mass_model_AA.geo	/home/ubuntu/TES_511_Balloon/paper_review_workspace_20260920/outputs/00_parent/AA_run_20260921_v1/geometry/Mass_model_AA.geo
geometry_aa	3309	a3ddaa2aeac026d2d9be21105cbfbd8c7845409b74e728f621ca0889c53f3f2c	snapshot/project/paper_review_workspace_20260920/outputs/00_parent/AA_run_20260921_v1/geometry/Mass_model_AA_MINIMAL.det	/home/ubuntu/TES_511_Balloon/paper_review_workspace_20260920/outputs/00_parent/AA_run_20260921_v1/geometry/Mass_model_AA_MINIMAL.det
geometry_aa	127	87b4f0015a280d36eb9c134bc3c564e69ce8f1ba86d47584c5fff0adc0c3ed50	snapshot/project/paper_review_workspace_20260920/outputs/00_parent/AA_run_20260921_v1/geometry/Mass_model_AA_MINIMAL.geo.setup	/home/ubuntu/TES_511_Balloon/paper_review_workspace_20260920/outputs/00_parent/AA_run_20260921_v1/geometry/Mass_model_AA_MINIMAL.geo.setup
geometry_aa	2065	56f6c2b58f072f4350a1fed8707490ed4f0b196769a9a4e22e0acb2ebe58ae0a	snapshot/project/paper_review_workspace_20260920/outputs/00_parent/AA_run_20260921_v1/geometry/Materials_Mass_model_AA.geo	/home/ubuntu/TES_511_Balloon/paper_review_workspace_20260920/outputs/00_parent/AA_run_20260921_v1/geometry/Materials_Mass_model_AA.geo
evidence	1411	30291d3007fb6be75006c380eda9952c235b449f8a8248506c95de3321873d16	snapshot/project/paper_review_workspace_20260920/outputs/00_parent/LATEST_MANUSCRIPT_ZH.md	/home/ubuntu/TES_511_Balloon/paper_review_workspace_20260920/outputs/00_parent/LATEST_MANUSCRIPT_ZH.md
activation	7424	85a4134b78adb5c119499c6d550c7ed89d2d8a5095b089ef5f798107673e8724	snapshot/project/paper_review_workspace_20260920/outputs/00_parent/activation_correction_20260924/code/analyze.py	/home/ubuntu/TES_511_Balloon/paper_review_workspace_20260920/outputs/00_parent/activation_correction_20260924/code/analyze.py
activation	2671	a1ae6c34f8578780c14faf05bdbfd801c3c92d8fff70a707b8a15edcc8479a59	snapshot/project/paper_review_workspace_20260920/outputs/00_parent/activation_correction_20260924/code/assess_W176_feed.py	/home/ubuntu/TES_511_Balloon/paper_review_workspace_20260920/outputs/00_parent/activation_correction_20260924/code/assess_W176_feed.py
activation	3279	563771ede2a66c6034a76b20f6141df8bbb0881820bb890dbb4e5c213e3146bb	snapshot/project/paper_review_workspace_20260920/outputs/00_parent/activation_correction_20260924/code/assess_blocked_EC_activity.py	/home/ubuntu/TES_511_Balloon/paper_review_workspace_20260920/outputs/00_parent/activation_correction_20260924/code/assess_blocked_EC_activity.py
activation	4751	83bde93d6adf678201d43a48ac49e075d01f87358333028977d32340d7b7d1e1	snapshot/project/paper_review_workspace_20260920/outputs/00_parent/activation_correction_20260924/code/audit_aa_missing_response.py	/home/ubuntu/TES_511_Balloon/paper_review_workspace_20260920/outputs/00_parent/activation_correction_20260924/code/audit_aa_missing_response.py
activation	3462	e53d5727c12d9d3c47edbc8afd31ade64a9cbc2e17b281aa4f58bb4a477e0595	snapshot/project/paper_review_workspace_20260920/outputs/00_parent/activation_correction_20260924/code/audit_lineage_support.py	/home/ubuntu/TES_511_Balloon/paper_review_workspace_20260920/outputs/00_parent/activation_correction_20260924/code/audit_lineage_support.py
activation	4800	882a3a52cd42ab5cc25ab757dcedc00b241296fb8ee77072ad9a865c9cbf3618	snapshot/project/paper_review_workspace_20260920/outputs/00_parent/activation_correction_20260924/code/audit_missing_source_materials.py	/home/ubuntu/TES_511_Balloon/paper_review_workspace_20260920/outputs/00_parent/activation_correction_20260924/code/audit_missing_source_materials.py
activation	3879	a46441684d58eab0f7b9ab69102954b3b9ed7f8c68c609ab8ce66234e1029460	snapshot/project/paper_review_workspace_20260920/outputs/00_parent/activation_correction_20260924/code/audit_runtime.py	/home/ubuntu/TES_511_Balloon/paper_review_workspace_20260920/outputs/00_parent/activation_correction_20260924/code/audit_runtime.py
activation	2292	0c8ca2c07f67d308a604875b812d094b913f09a4c1d29a7adb8dce3a3b653cfd	snapshot/project/paper_review_workspace_20260920/outputs/00_parent/activation_correction_20260924/code/audit_selected_aa.py	/home/ubuntu/TES_511_Balloon/paper_review_workspace_20260920/outputs/00_parent/activation_correction_20260924/code/audit_selected_aa.py
activation	3577	08c08bfcb3e763f85e858ad66b8a04aa0bd0ebb988ca70c578061254af355259	snapshot/project/paper_review_workspace_20260920/outputs/00_parent/activation_correction_20260924/code/audit_state_support.py	/home/ubuntu/TES_511_Balloon/paper_review_workspace_20260920/outputs/00_parent/activation_correction_20260924/code/audit_state_support.py
activation	2913	af37356e9d942c3c55958c2bf9e227ecd6003ddae9253a52580048fa22088fd0	snapshot/project/paper_review_workspace_20260920/outputs/00_parent/activation_correction_20260924/code/build_lineage_weights.py	/home/ubuntu/TES_511_Balloon/paper_review_workspace_20260920/outputs/00_parent/activation_correction_20260924/code/build_lineage_weights.py
activation	6045	ef5b5caded0287312d69aa12a0a8ae62bdf2df363b25079f404c752cc4637ea9	snapshot/project/paper_review_workspace_20260920/outputs/00_parent/activation_correction_20260924/code/combine_targeted.py	/home/ubuntu/TES_511_Balloon/paper_review_workspace_20260920/outputs/00_parent/activation_correction_20260924/code/combine_targeted.py
activation	1529	3ad203f30fcbb6a05107e6e9342a054d697d0100f362d07d7c21f2a6f801fd3a	snapshot/project/paper_review_workspace_20260920/outputs/00_parent/activation_correction_20260924/code/common.py	/home/ubuntu/TES_511_Balloon/paper_review_workspace_20260920/outputs/00_parent/activation_correction_20260924/code/common.py
activation	7029	20aca1d66bfbe69496aff7eb4ba88c046d191fc474df354cc40f56f36367bd31	snapshot/project/paper_review_workspace_20260920/outputs/00_parent/activation_correction_20260924/code/compact_targeted.py	/home/ubuntu/TES_511_Balloon/paper_review_workspace_20260920/outputs/00_parent/activation_correction_20260924/code/compact_targeted.py
activation	1719	45ef0e442063a0fd40d5b97f0d725eacf1da1a13ec59aa613114f24867b1f6ff	snapshot/project/paper_review_workspace_20260920/outputs/00_parent/activation_correction_20260924/code/complete_environment_keys.py	/home/ubuntu/TES_511_Balloon/paper_review_workspace_20260920/outputs/00_parent/activation_correction_20260924/code/complete_environment_keys.py
activation	3343	1526eb1a5e4a464078c9e783bed33208104665d15bf1bba759c6da9419e5cf64	snapshot/project/paper_review_workspace_20260920/outputs/00_parent/activation_correction_20260924/code/continuous_disk.py	/home/ubuntu/TES_511_Balloon/paper_review_workspace_20260920/outputs/00_parent/activation_correction_20260924/code/continuous_disk.py
activation	12319	ace48d80f367ae539c8f537254b97d13cc3fffac8c032bf6805efa81258e473d	snapshot/project/paper_review_workspace_20260920/outputs/00_parent/activation_correction_20260924/code/correct_response.py	/home/ubuntu/TES_511_Balloon/paper_review_workspace_20260920/outputs/00_parent/activation_correction_20260924/code/correct_response.py
activation	7738	078de14ffcc5354393e8463cc9ab91356d00fe81a04ea44225889dfa33e8dcde	snapshot/project/paper_review_workspace_20260920/outputs/00_parent/activation_correction_20260924/code/decay_kernel.py	/home/ubuntu/TES_511_Balloon/paper_review_workspace_20260920/outputs/00_parent/activation_correction_20260924/code/decay_kernel.py
activation	262	84824d3c915dc4fab881d1cf3e0ba574c0d3369e02f68564c1372764a8fe9592	snapshot/project/paper_review_workspace_20260920/outputs/00_parent/activation_correction_20260924/code/export_binding_energies.cpp	/home/ubuntu/TES_511_Balloon/paper_review_workspace_20260920/outputs/00_parent/activation_correction_20260924/code/export_binding_energies.cpp
activation	8480	8970f7d97b862fd865a19cd9e1076c1586d3d99e8df5747b2c7632f0956f251d	snapshot/project/paper_review_workspace_20260920/outputs/00_parent/activation_correction_20260924/code/export_nuclear_tables.cpp	/home/ubuntu/TES_511_Balloon/paper_review_workspace_20260920/outputs/00_parent/activation_correction_20260924/code/export_nuclear_tables.cpp
activation	3221	0d70ac45371a378caa4036f122929a399bc2b9bfc496dfda0b1813be2dc96d37	snapshot/project/paper_review_workspace_20260920/outputs/00_parent/activation_correction_20260924/code/extract_decay_metadata.cpp	/home/ubuntu/TES_511_Balloon/paper_review_workspace_20260920/outputs/00_parent/activation_correction_20260924/code/extract_decay_metadata.cpp
activation	1676	8b89b71adf4b2dec845d46030acb5436dc1836b09ff4eef8ae0598715561c8e8	snapshot/project/paper_review_workspace_20260920/outputs/00_parent/activation_correction_20260924/code/extract_registered.py	/home/ubuntu/TES_511_Balloon/paper_review_workspace_20260920/outputs/00_parent/activation_correction_20260924/code/extract_registered.py
activation	1302	189440f2a5444c9fb78a8e47d7f7f0df365470b04cb64f05ee96a7a1a72beecc	snapshot/project/paper_review_workspace_20260920/outputs/00_parent/activation_correction_20260924/code/extract_targeted_primary.cpp	/home/ubuntu/TES_511_Balloon/paper_review_workspace_20260920/outputs/00_parent/activation_correction_20260924/code/extract_targeted_primary.cpp
activation	5160	e7b04743912aea494e0346907cd51e107a9155f3cf8dd8b2a380c88bce07cbef	snapshot/project/paper_review_workspace_20260920/outputs/00_parent/activation_correction_20260924/code/final_audit.py	/home/ubuntu/TES_511_Balloon/paper_review_workspace_20260920/outputs/00_parent/activation_correction_20260924/code/final_audit.py
activation	5623	c49424fc92d1a8bf73ed0e495e13dd97ab9acdd5bb7061515b08160cf3d67937	snapshot/project/paper_review_workspace_20260920/outputs/00_parent/activation_correction_20260924/code/integrate_corrected.py	/home/ubuntu/TES_511_Balloon/paper_review_workspace_20260920/outputs/00_parent/activation_correction_20260924/code/integrate_corrected.py
activation	3907	959c99fb5ca55ee14ef5013b09ca5713734affaf17fb66f987d31912ec88e909	snapshot/project/paper_review_workspace_20260920/outputs/00_parent/activation_correction_20260924/code/map_decay_sources.py	/home/ubuntu/TES_511_Balloon/paper_review_workspace_20260920/outputs/00_parent/activation_correction_20260924/code/map_decay_sources.py
activation	3180	07bf098b8e565fdbf92a1e13c4594844c31e4951dcfa18fcbe435d35a5cab0e5	snapshot/project/paper_review_workspace_20260920/outputs/00_parent/activation_correction_20260924/code/map_response_identity.py	/home/ubuntu/TES_511_Balloon/paper_review_workspace_20260920/outputs/00_parent/activation_correction_20260924/code/map_response_identity.py
activation	5522	d374d879d6035fafa76dccd3711f7c02807436ab6bebfd175b6cb39bfda98292	snapshot/project/paper_review_workspace_20260920/outputs/00_parent/activation_correction_20260924/code/prepare_timelines.py	/home/ubuntu/TES_511_Balloon/paper_review_workspace_20260920/outputs/00_parent/activation_correction_20260924/code/prepare_timelines.py
activation	2689	0ba77a0ce6616bbd5fb4f08d60abbb7708bbda21d0eacb74490899443311a6b6	snapshot/project/paper_review_workspace_20260920/outputs/00_parent/activation_correction_20260924/code/probe_native_decay.cpp	/home/ubuntu/TES_511_Balloon/paper_review_workspace_20260920/outputs/00_parent/activation_correction_20260924/code/probe_native_decay.cpp
activation	1316	3b6c3202007fb6b2d09557e0d691eb98139f77ad076eb24e739abbfc4cf7ce4e	snapshot/project/paper_review_workspace_20260920/outputs/00_parent/activation_correction_20260924/code/run_corrected_timelines.py	/home/ubuntu/TES_511_Balloon/paper_review_workspace_20260920/outputs/00_parent/activation_correction_20260924/code/run_corrected_timelines.py
activation	1980	e34f337e9bea072411b750154acb605ee655e4b78bc2afa582adffdc83020554	snapshot/project/paper_review_workspace_20260920/outputs/00_parent/activation_correction_20260924/code/run_targeted.py	/home/ubuntu/TES_511_Balloon/paper_review_workspace_20260920/outputs/00_parent/activation_correction_20260924/code/run_targeted.py
activation	2377	0f61050b1537feaf0b6861a9955a62c4d30f3c0198a8c390a4e948ec381d0994	snapshot/project/paper_review_workspace_20260920/outputs/00_parent/activation_correction_20260924/code/screen_zero_sample_energy.py	/home/ubuntu/TES_511_Balloon/paper_review_workspace_20260920/outputs/00_parent/activation_correction_20260924/code/screen_zero_sample_energy.py
activation	7013	46cf8a23266ed60b95662117221aa9b0b88b832d8befb8ff3af73eedd72b9601	snapshot/project/paper_review_workspace_20260920/outputs/00_parent/activation_correction_20260924/code/summarize_two_model_correction.py	/home/ubuntu/TES_511_Balloon/paper_review_workspace_20260920/outputs/00_parent/activation_correction_20260924/code/summarize_two_model_correction.py
activation	7228	ef0ef491bb5edf00f7ea9be61c6fe56e6900d8c06bf477d55127d7c84c0d828b	snapshot/project/paper_review_workspace_20260920/outputs/00_parent/activation_correction_20260924/code/targeted_environment.py	/home/ubuntu/TES_511_Balloon/paper_review_workspace_20260920/outputs/00_parent/activation_correction_20260924/code/targeted_environment.py
activation	5217	7d389fd20efb0e039ec6edada88264c28b3a671351992563848e95f281bdb543	snapshot/project/paper_review_workspace_20260920/outputs/00_parent/activation_correction_20260924/code/targeted_environments.py	/home/ubuntu/TES_511_Balloon/paper_review_workspace_20260920/outputs/00_parent/activation_correction_20260924/code/targeted_environments.py
activation	1785	0924dcebd115550f0bc0dedf1e22400cd32ad34ac834674c01a4e55475d526c7	snapshot/project/paper_review_workspace_20260920/outputs/00_parent/activation_correction_20260924/code/targeted_ht_mapping.py	/home/ubuntu/TES_511_Balloon/paper_review_workspace_20260920/outputs/00_parent/activation_correction_20260924/code/targeted_ht_mapping.py
activation	4151	efc477e9bf9889de4fbd9ba71d807c3587c6fb735883bd2e8b74b20c9b4e59a1	snapshot/project/paper_review_workspace_20260920/outputs/00_parent/activation_correction_20260924/code/targeted_inventory.py	/home/ubuntu/TES_511_Balloon/paper_review_workspace_20260920/outputs/00_parent/activation_correction_20260924/code/targeted_inventory.py
activation	5443	ed9a0bc4cc624e0c591599b598b2f431a4115ed2657f6ed3aaca188f8597dc00	snapshot/project/paper_review_workspace_20260920/outputs/00_parent/activation_correction_20260924/code/targeted_plan.py	/home/ubuntu/TES_511_Balloon/paper_review_workspace_20260920/outputs/00_parent/activation_correction_20260924/code/targeted_plan.py
activation	1327	df83bc4e212de507e5ded7ab787bb33c1381481495c48aca6bf136c90d13bf2c	snapshot/project/paper_review_workspace_20260920/outputs/00_parent/activation_correction_20260924/code/targeted_smoke.py	/home/ubuntu/TES_511_Balloon/paper_review_workspace_20260920/outputs/00_parent/activation_correction_20260924/code/targeted_smoke.py
activation	3817	df798552de63a6983941710bc9ef0f1edc061f7ce3e2c30112c1564e372c178b	snapshot/project/paper_review_workspace_20260920/outputs/00_parent/activation_correction_20260924/code/targeted_uncertainty.py	/home/ubuntu/TES_511_Balloon/paper_review_workspace_20260920/outputs/00_parent/activation_correction_20260924/code/targeted_uncertainty.py
activation	4770	00c598749fbc6187feef10d9cafa9b9ac5666ad87faf913161eb8ea958c416a0	snapshot/project/paper_review_workspace_20260920/outputs/00_parent/activation_correction_20260924/code/timeline_deferred.cpp	/home/ubuntu/TES_511_Balloon/paper_review_workspace_20260920/outputs/00_parent/activation_correction_20260924/code/timeline_deferred.cpp
activation	1819	a8fa97665d117b4c3d5efeea5bc2dff69d2cbf527e8f543be6f23835f2486f9b	snapshot/project/paper_review_workspace_20260920/outputs/00_parent/activation_correction_20260924/code/validate_kernel_precision.py	/home/ubuntu/TES_511_Balloon/paper_review_workspace_20260920/outputs/00_parent/activation_correction_20260924/code/validate_kernel_precision.py
activation	2821	5f1102a02645dc675e05b6a19a1b5a131f9d211446be57ad65e17f72bad4ad24	snapshot/project/paper_review_workspace_20260920/outputs/00_parent/activation_correction_20260924/code/validate_response_invariants.py	/home/ubuntu/TES_511_Balloon/paper_review_workspace_20260920/outputs/00_parent/activation_correction_20260924/code/validate_response_invariants.py
activation	2011	8fdea439601753b54aff0f31368df71ff64b6e17348262ea3ea982a5eedb7130	snapshot/project/paper_review_workspace_20260920/outputs/00_parent/activation_correction_20260924/code/validate_runtime_kernel.py	/home/ubuntu/TES_511_Balloon/paper_review_workspace_20260920/outputs/00_parent/activation_correction_20260924/code/validate_runtime_kernel.py
activation	2419	5476b1e7361f194c6ac26aad5f838b3875c1ba5ff42cb38a21339488337477e8	snapshot/project/paper_review_workspace_20260920/outputs/00_parent/activation_correction_20260924/code/validate_targeted_ht.py	/home/ubuntu/TES_511_Balloon/paper_review_workspace_20260920/outputs/00_parent/activation_correction_20260924/code/validate_targeted_ht.py
activation	2004	bb0e68a6ceb766220fd664e6bc2f2ff88ba9d3957fb77512680df4d1597e53f0	snapshot/project/paper_review_workspace_20260920/outputs/00_parent/activation_correction_20260924/code/validate_targeted_smoke.py	/home/ubuntu/TES_511_Balloon/paper_review_workspace_20260920/outputs/00_parent/activation_correction_20260924/code/validate_targeted_smoke.py
activation	12875	25abfc6046405af7359bb4dfa47ac89df56e1a0c084c2166f8ff483336e0b81d	snapshot/project/paper_review_workspace_20260920/outputs/00_parent/activation_correction_20260924/code/write_final_review.py	/home/ubuntu/TES_511_Balloon/paper_review_workspace_20260920/outputs/00_parent/activation_correction_20260924/code/write_final_review.py
activation	26876	14d04084ac568593129bbb116bf605e53bd81ad82f6e381e4fff4a55bea58033	snapshot/project/paper_review_workspace_20260920/outputs/00_parent/activation_correction_20260924/code/write_final_wording.py	/home/ubuntu/TES_511_Balloon/paper_review_workspace_20260920/outputs/00_parent/activation_correction_20260924/code/write_final_wording.py
activation	7722	8921bff5237b99a66c87624706c24f804e74dff88a4e00b65acf7a97ec099e9d	snapshot/project/paper_review_workspace_20260920/outputs/00_parent/activation_correction_20260924/code/write_two_model_review.py	/home/ubuntu/TES_511_Balloon/paper_review_workspace_20260920/outputs/00_parent/activation_correction_20260924/code/write_two_model_review.py
evidence	9362	f192b51cdcbc69fb5ec2fede4e293b33667169290313e0169b0ca24adef7368a	snapshot/project/paper_review_workspace_20260920/outputs/00_parent/activation_correction_20260924/production_repair_20260925/MACHINE_HANDOFF.json	/home/ubuntu/TES_511_Balloon/paper_review_workspace_20260920/outputs/00_parent/activation_correction_20260924/production_repair_20260925/MACHINE_HANDOFF.json
evidence	1992	a018a534ee825c50f3fb16d658148cae44103a0998298f82a5fdbef4a156caa2	snapshot/project/paper_review_workspace_20260920/outputs/00_parent/activation_correction_20260924/production_repair_20260925/README_ZH.md	/home/ubuntu/TES_511_Balloon/paper_review_workspace_20260920/outputs/00_parent/activation_correction_20260924/production_repair_20260925/README_ZH.md
evidence	8515	b54ce4123458fdbf799df50d85cd294e326e71089c77eabfad08a9605f4e7f00	snapshot/project/paper_review_workspace_20260920/outputs/00_parent/activation_correction_20260924/production_repair_20260925/REPAIR_REVIEW_ZH.md	/home/ubuntu/TES_511_Balloon/paper_review_workspace_20260920/outputs/00_parent/activation_correction_20260924/production_repair_20260925/REPAIR_REVIEW_ZH.md
production_repair	6954	5431bc3cd151cd4a57e06d50d51fef0e3707d0bbb2bcb2b1031ccf6cd6816b86	snapshot/project/paper_review_workspace_20260920/outputs/00_parent/activation_correction_20260924/production_repair_20260925/code/analyze_production.py	/home/ubuntu/TES_511_Balloon/paper_review_workspace_20260920/outputs/00_parent/activation_correction_20260924/production_repair_20260925/code/analyze_production.py
production_repair	2387	03a75f22da0607d21a8d271296d9423686f71b24529806dcdbec5b698409cf0d	snapshot/project/paper_review_workspace_20260920/outputs/00_parent/activation_correction_20260924/production_repair_20260925/code/audit_prompt_modes.py	/home/ubuntu/TES_511_Balloon/paper_review_workspace_20260920/outputs/00_parent/activation_correction_20260924/production_repair_20260925/code/audit_prompt_modes.py
production_repair	5045	f488124440a4042821eb010d53c3294720e7342e647df51954d7d2622a82a8ee	snapshot/project/paper_review_workspace_20260920/outputs/00_parent/activation_correction_20260924/production_repair_20260925/code/build_ledger.py	/home/ubuntu/TES_511_Balloon/paper_review_workspace_20260920/outputs/00_parent/activation_correction_20260924/production_repair_20260925/code/build_ledger.py
production_repair	2812	d525c911f4dad8d5ce1c1dcdddaf08a05d9d14782a8dd3c2cae805a5d138d1cf	snapshot/project/paper_review_workspace_20260920/outputs/00_parent/activation_correction_20260924/production_repair_20260925/code/build_production_runtime.py	/home/ubuntu/TES_511_Balloon/paper_review_workspace_20260920/outputs/00_parent/activation_correction_20260924/production_repair_20260925/code/build_production_runtime.py
production_repair	3697	ba24c180cf93df6f0cab347a096247aa113ad8d4b2b995c8c09313a7a2f4c0e4	snapshot/project/paper_review_workspace_20260920/outputs/00_parent/activation_correction_20260924/production_repair_20260925/code/build_runtime.py	/home/ubuntu/TES_511_Balloon/paper_review_workspace_20260920/outputs/00_parent/activation_correction_20260924/production_repair_20260925/code/build_runtime.py
production_repair	7458	9ec4dde4c62dcf571dde81f7879d33c2bfdc136cc6d3ec848cb10c44cdfbe469	snapshot/project/paper_review_workspace_20260920/outputs/00_parent/activation_correction_20260924/production_repair_20260925/code/combine_repaired.py	/home/ubuntu/TES_511_Balloon/paper_review_workspace_20260920/outputs/00_parent/activation_correction_20260924/production_repair_20260925/code/combine_repaired.py
production_repair	3182	6022c11f731ca4ea3d57282075c528b48124ccf10d5ec74ff99aa42ae69072cd	snapshot/project/paper_review_workspace_20260920/outputs/00_parent/activation_correction_20260924/production_repair_20260925/code/compact_repair.py	/home/ubuntu/TES_511_Balloon/paper_review_workspace_20260920/outputs/00_parent/activation_correction_20260924/production_repair_20260925/code/compact_repair.py
production_repair	2173	194d558f8578293f98753d09d653db667f3c8c139233239b3173a3d8c53194d1	snapshot/project/paper_review_workspace_20260920/outputs/00_parent/activation_correction_20260924/production_repair_20260925/code/extract_all.py	/home/ubuntu/TES_511_Balloon/paper_review_workspace_20260920/outputs/00_parent/activation_correction_20260924/production_repair_20260925/code/extract_all.py
production_repair	2066	8ff54a44857057dbc20e5e6c984fddae4e15c7e0c227fb9e32a05099b72cf63a	snapshot/project/paper_review_workspace_20260920/outputs/00_parent/activation_correction_20260924/production_repair_20260925/code/extract_production.cpp	/home/ubuntu/TES_511_Balloon/paper_review_workspace_20260920/outputs/00_parent/activation_correction_20260924/production_repair_20260925/code/extract_production.cpp
production_repair	3563	584421220478017040e56335c0307cf855f5139cdafedab0be5ea30aeae1c689	snapshot/project/paper_review_workspace_20260920/outputs/00_parent/activation_correction_20260924/production_repair_20260925/code/finish_w_bounds.py	/home/ubuntu/TES_511_Balloon/paper_review_workspace_20260920/outputs/00_parent/activation_correction_20260924/production_repair_20260925/code/finish_w_bounds.py
production_repair	6465	e4deced59d9d9c16bfa27918386b8a388ac2a08c26e2e73b0dbc1a8e91def04b	snapshot/project/paper_review_workspace_20260920/outputs/00_parent/activation_correction_20260924/production_repair_20260925/code/prepare_repair.py	/home/ubuntu/TES_511_Balloon/paper_review_workspace_20260920/outputs/00_parent/activation_correction_20260924/production_repair_20260925/code/prepare_repair.py
production_repair	4698	6a9c596b17407de2f89ea6088c6d59d77bde5bd7674bede01d7237a318933920	snapshot/project/paper_review_workspace_20260920/outputs/00_parent/activation_correction_20260924/production_repair_20260925/code/repair_transport.py	/home/ubuntu/TES_511_Balloon/paper_review_workspace_20260920/outputs/00_parent/activation_correction_20260924/production_repair_20260925/code/repair_transport.py
production_repair	2230	2f44d2f3d66c194f41d538a25bd4d7a13a52c133ad460cc4584b529fcd5ed4cb	snapshot/project/paper_review_workspace_20260920/outputs/00_parent/activation_correction_20260924/production_repair_20260925/code/repair_uncertainty.py	/home/ubuntu/TES_511_Balloon/paper_review_workspace_20260920/outputs/00_parent/activation_correction_20260924/production_repair_20260925/code/repair_uncertainty.py
production_repair	898	0ff7063df6df47cb602b1495d22ed3e630887778348123249e0a2cd045d6e5ec	snapshot/project/paper_review_workspace_20260920/outputs/00_parent/activation_correction_20260924/production_repair_20260925/code/run_repaired_cosima.py	/home/ubuntu/TES_511_Balloon/paper_review_workspace_20260920/outputs/00_parent/activation_correction_20260924/production_repair_20260925/code/run_repaired_cosima.py
production_repair	3810	5fc8a11d9ab18e009fbfd81b6a726e38f64f60074cb5c724ca73ca5ef7d6c648	snapshot/project/paper_review_workspace_20260920/outputs/00_parent/activation_correction_20260924/production_repair_20260925/code/validate_repair.py	/home/ubuntu/TES_511_Balloon/paper_review_workspace_20260920/outputs/00_parent/activation_correction_20260924/production_repair_20260925/code/validate_repair.py
production_repair	2663	c435dca144fb150650785471101b11d11f0feb00ea4e38b3fdcec0d87fa0695b	snapshot/project/paper_review_workspace_20260920/outputs/00_parent/activation_correction_20260924/production_repair_20260925/code/w_bounds.py	/home/ubuntu/TES_511_Balloon/paper_review_workspace_20260920/outputs/00_parent/activation_correction_20260924/production_repair_20260925/code/w_bounds.py
production_repair	3831	3947f5447571e1345a2f4c05347479dfb8b506da868f16b245af0db533a016fb	snapshot/project/paper_review_workspace_20260920/outputs/00_parent/activation_correction_20260924/production_repair_20260925/code/write_corrected_inventory.py	/home/ubuntu/TES_511_Balloon/paper_review_workspace_20260920/outputs/00_parent/activation_correction_20260924/production_repair_20260925/code/write_corrected_inventory.py
evidence	3193	bdd8466f21d0a63150290d0c0d078d56638934b7129582cbe3533ee4c475530c	snapshot/project/paper_review_workspace_20260920/outputs/00_parent/activation_correction_20260924/production_repair_20260925/data/final_validation.json	/home/ubuntu/TES_511_Balloon/paper_review_workspace_20260920/outputs/00_parent/activation_correction_20260924/production_repair_20260925/data/final_validation.json
production_repair	7424	85a4134b78adb5c119499c6d550c7ed89d2d8a5095b089ef5f798107673e8724	snapshot/project/paper_review_workspace_20260920/outputs/00_parent/activation_correction_20260924/production_repair_20260925/final/code/analyze.py	/home/ubuntu/TES_511_Balloon/paper_review_workspace_20260920/outputs/00_parent/activation_correction_20260924/production_repair_20260925/final/code/analyze.py
production_repair	845	1941cfb43f21cb6c4fc33dde772eba7ade43713ce05db3053452a33852ad1138	snapshot/project/paper_review_workspace_20260920/outputs/00_parent/activation_correction_20260924/production_repair_20260925/final/code/common.py	/home/ubuntu/TES_511_Balloon/paper_review_workspace_20260920/outputs/00_parent/activation_correction_20260924/production_repair_20260925/final/code/common.py
production_repair	3343	1526eb1a5e4a464078c9e783bed33208104665d15bf1bba759c6da9419e5cf64	snapshot/project/paper_review_workspace_20260920/outputs/00_parent/activation_correction_20260924/production_repair_20260925/final/code/continuous_disk.py	/home/ubuntu/TES_511_Balloon/paper_review_workspace_20260920/outputs/00_parent/activation_correction_20260924/production_repair_20260925/final/code/continuous_disk.py
production_repair	5657	1ef67d5694e866c0a0a8254de72bb3a522bd8638703c203aea9932e17f2ec3dd	snapshot/project/paper_review_workspace_20260920/outputs/00_parent/activation_correction_20260924/production_repair_20260925/final/code/integrate_corrected.py	/home/ubuntu/TES_511_Balloon/paper_review_workspace_20260920/outputs/00_parent/activation_correction_20260924/production_repair_20260925/final/code/integrate_corrected.py
production_repair	5522	d374d879d6035fafa76dccd3711f7c02807436ab6bebfd175b6cb39bfda98292	snapshot/project/paper_review_workspace_20260920/outputs/00_parent/activation_correction_20260924/production_repair_20260925/final/code/prepare_timelines.py	/home/ubuntu/TES_511_Balloon/paper_review_workspace_20260920/outputs/00_parent/activation_correction_20260924/production_repair_20260925/final/code/prepare_timelines.py
production_repair	1316	3b6c3202007fb6b2d09557e0d691eb98139f77ad076eb24e739abbfc4cf7ce4e	snapshot/project/paper_review_workspace_20260920/outputs/00_parent/activation_correction_20260924/production_repair_20260925/final/code/run_corrected_timelines.py	/home/ubuntu/TES_511_Balloon/paper_review_workspace_20260920/outputs/00_parent/activation_correction_20260924/production_repair_20260925/final/code/run_corrected_timelines.py
production_repair	7127	e85158afb6a42b4e824e6f48a455bbc681576a656453165e970e57f50a5ecc11	snapshot/project/paper_review_workspace_20260920/outputs/00_parent/activation_correction_20260924/production_repair_20260925/final/code/summarize_two_model_correction.py	/home/ubuntu/TES_511_Balloon/paper_review_workspace_20260920/outputs/00_parent/activation_correction_20260924/production_repair_20260925/final/code/summarize_two_model_correction.py
production_repair	5209	0fae0da086ea1aa4104a93c8d26628fadb6ee126655d07686d14894ff4f607ff	snapshot/project/paper_review_workspace_20260920/outputs/00_parent/activation_correction_20260924/production_repair_20260925/final/code/targeted_environments.py	/home/ubuntu/TES_511_Balloon/paper_review_workspace_20260920/outputs/00_parent/activation_correction_20260924/production_repair_20260925/final/code/targeted_environments.py
evidence	57827	bab6ce490a73b246abdef6def3cbab32d00c7c0a91b127dcc9f2015fa6625be2	snapshot/project/paper_review_workspace_20260920/outputs/00_parent/activation_correction_20260924/production_repair_20260925/final/data/NUMERIC_COMPARISON_TWO_MODELS.csv	/home/ubuntu/TES_511_Balloon/paper_review_workspace_20260920/outputs/00_parent/activation_correction_20260924/production_repair_20260925/final/data/NUMERIC_COMPARISON_TWO_MODELS.csv
evidence	6303	9f2925edc8e26b31f81f43da247ed7f2314b69cf58dfac5ee4dc0f079c86931c	snapshot/project/paper_review_workspace_20260920/outputs/00_parent/activation_correction_20260924/production_repair_20260925/final/data/RESULTS.json	/home/ubuntu/TES_511_Balloon/paper_review_workspace_20260920/outputs/00_parent/activation_correction_20260924/production_repair_20260925/final/data/RESULTS.json
evidence	1117	b5cee1911096a5ce8d4e91ef5856436d6a4651ba9cf0f572bde5c7a1a9d6d052	snapshot/project/paper_review_workspace_20260920/outputs/00_parent/activation_correction_20260924/production_repair_20260925/final/data/table3_delayed_replacement.csv	/home/ubuntu/TES_511_Balloon/paper_review_workspace_20260920/outputs/00_parent/activation_correction_20260924/production_repair_20260925/final/data/table3_delayed_replacement.csv
runtime_patch	92043	6c3774beb8bfb7dfbb305d0681687600b905d699332f3eea447c0ff17a46bbea	snapshot/project/paper_review_workspace_20260920/outputs/00_parent/activation_correction_20260924/production_repair_20260925/runtime/MCSteppingAction.cc	/home/ubuntu/TES_511_Balloon/paper_review_workspace_20260920/outputs/00_parent/activation_correction_20260924/production_repair_20260925/runtime/MCSteppingAction.cc
evidence	654	7ab7c11cd9575159225599a4a187b31451a412826393f8c51864d50baff7c638	snapshot/project/paper_review_workspace_20260920/outputs/00_parent/activation_correction_20260924/production_repair_20260925/runtime/manifest.json	/home/ubuntu/TES_511_Balloon/paper_review_workspace_20260920/outputs/00_parent/activation_correction_20260924/production_repair_20260925/runtime/manifest.json
runtime_patch	91034	8b6b5382cfc267caf61c9254c94c5e3bf6beb11d2729e640781dbf3ce7ab283a	snapshot/project/paper_review_workspace_20260920/outputs/00_parent/activation_correction_20260924/production_repair_20260925/runtime/production/MCSteppingAction.cc	/home/ubuntu/TES_511_Balloon/paper_review_workspace_20260920/outputs/00_parent/activation_correction_20260924/production_repair_20260925/runtime/production/MCSteppingAction.cc
evidence	672	4d034d5ebbebcbcac7ee55249d81459801f4ae053f81e69ef02fc82313aca9eb	snapshot/project/paper_review_workspace_20260920/outputs/00_parent/activation_correction_20260924/production_repair_20260925/runtime/production/manifest.json	/home/ubuntu/TES_511_Balloon/paper_review_workspace_20260920/outputs/00_parent/activation_correction_20260924/production_repair_20260925/runtime/production/manifest.json
runtime_patch	814	138dc9ab51a8e1d44b5edc71aadbac2bee43b7c6bbc31dc36e4ba3395ef55c5b	snapshot/project/paper_review_workspace_20260920/outputs/00_parent/activation_correction_20260924/production_repair_20260925/runtime/production_timing_fix.patch	/home/ubuntu/TES_511_Balloon/paper_review_workspace_20260920/outputs/00_parent/activation_correction_20260924/production_repair_20260925/runtime/production_timing_fix.patch
runtime_patch	133517	850e9dd6c491199308a4b50962dc5c8be338b18490ec6cd7cc1e563a1e0d3652	snapshot/project/paper_review_workspace_20260920/outputs/00_parent/activation_correction_20260924/targeted_response/MCSource.cc	/home/ubuntu/TES_511_Balloon/paper_review_workspace_20260920/outputs/00_parent/activation_correction_20260924/targeted_response/MCSource.cc
runtime_patch	90980	5c27171d2c4f5675e5114dd00bb3122f8206364f67e25c7e5d8604b5d8668659	snapshot/project/paper_review_workspace_20260920/outputs/00_parent/activation_correction_20260924/targeted_response/MCSteppingAction.cc	/home/ubuntu/TES_511_Balloon/paper_review_workspace_20260920/outputs/00_parent/activation_correction_20260924/targeted_response/MCSteppingAction.cc
runtime_patch	739	b449e2d57f9d84f550cc95a8ebe4fe83f76574904edc03c80402b2546e69ee03	snapshot/project/paper_review_workspace_20260920/outputs/00_parent/activation_correction_20260924/targeted_response/batch01/a_ec_alpha/run.source	/home/ubuntu/TES_511_Balloon/paper_review_workspace_20260920/outputs/00_parent/activation_correction_20260924/targeted_response/batch01/a_ec_alpha/run.source
runtime_patch	731	b5807d91762a266195f7ade5e04b6c9739f730ab0506f7eef1cc49eacd2fc273	snapshot/project/paper_review_workspace_20260920/outputs/00_parent/activation_correction_20260924/targeted_response/batch01/a_ec_n/run.source	/home/ubuntu/TES_511_Balloon/paper_review_workspace_20260920/outputs/00_parent/activation_correction_20260924/targeted_response/batch01/a_ec_n/run.source
runtime_patch	731	d4a2e16e3ccf52afa9e216e776e202c95b118bc16da35ff352361df6018b3c9f	snapshot/project/paper_review_workspace_20260920/outputs/00_parent/activation_correction_20260924/targeted_response/batch01/a_ec_p/run.source	/home/ubuntu/TES_511_Balloon/paper_review_workspace_20260920/outputs/00_parent/activation_correction_20260924/targeted_response/batch01/a_ec_p/run.source
runtime_patch	757	4e51c07c81726328dfae0d1fccd4b183e35c713576abdde6e1dedb6e4ff06672	snapshot/project/paper_review_workspace_20260920/outputs/00_parent/activation_correction_20260924/targeted_response/batch01/a_missing_bgo_alpha/run.source	/home/ubuntu/TES_511_Balloon/paper_review_workspace_20260920/outputs/00_parent/activation_correction_20260924/targeted_response/batch01/a_missing_bgo_alpha/run.source
runtime_patch	755	f0a50fb302c0c43910929d8520804f7d8a51c7978f59350769077f20ae401e86	snapshot/project/paper_review_workspace_20260920/outputs/00_parent/activation_correction_20260924/targeted_response/batch01/a_missing_bgo_eminus/run.source	/home/ubuntu/TES_511_Balloon/paper_review_workspace_20260920/outputs/00_parent/activation_correction_20260924/targeted_response/batch01/a_missing_bgo_eminus/run.source
runtime_patch	755	f7441937c9b79c04f1a8baa1f68bf48359413e15537cfc87dd35e64a6629998b	snapshot/project/paper_review_workspace_20260920/outputs/00_parent/activation_correction_20260924/targeted_response/batch01/a_missing_bgo_eplus/run.source	/home/ubuntu/TES_511_Balloon/paper_review_workspace_20260920/outputs/00_parent/activation_correction_20260924/targeted_response/batch01/a_missing_bgo_eplus/run.source
runtime_patch	755	af5935922e24ba4c86382df34de7a37acaea9d7c04fc7e0960e7b75472c270f7	snapshot/project/paper_review_workspace_20260920/outputs/00_parent/activation_correction_20260924/targeted_response/batch01/a_missing_bgo_gamma/run.source	/home/ubuntu/TES_511_Balloon/paper_review_workspace_20260920/outputs/00_parent/activation_correction_20260924/targeted_response/batch01/a_missing_bgo_gamma/run.source
runtime_patch	757	c1fb6f0ebf4ac2f31f9684ee7758d9bf137f8d4a1ba9e74eb6e881582d48e0c9	snapshot/project/paper_review_workspace_20260920/outputs/00_parent/activation_correction_20260924/targeted_response/batch01/a_missing_bgo_muminus/run.source	/home/ubuntu/TES_511_Balloon/paper_review_workspace_20260920/outputs/00_parent/activation_correction_20260924/targeted_response/batch01/a_missing_bgo_muminus/run.source
runtime_patch	749	6cea39dd89984153830fc3e8fb76fcfcbe879c3b56eb2a0ca2f8a535ed91019a	snapshot/project/paper_review_workspace_20260920/outputs/00_parent/activation_correction_20260924/targeted_response/batch01/a_missing_bgo_n/run.source	/home/ubuntu/TES_511_Balloon/paper_review_workspace_20260920/outputs/00_parent/activation_correction_20260924/targeted_response/batch01/a_missing_bgo_n/run.source
runtime_patch	749	e013ced15f8f65795621aac05c3a58f3a294f06f960251d0702709f4c6d96ddb	snapshot/project/paper_review_workspace_20260920/outputs/00_parent/activation_correction_20260924/targeted_response/batch01/a_missing_bgo_p/run.source	/home/ubuntu/TES_511_Balloon/paper_review_workspace_20260920/outputs/00_parent/activation_correction_20260924/targeted_response/batch01/a_missing_bgo_p/run.source
runtime_patch	760	85d94edc8ccd4a8cfb2bd0d7550bcaf7ee975a24f16595f0157203cee9a511e1	snapshot/project/paper_review_workspace_20260920/outputs/00_parent/activation_correction_20260924/targeted_response/batch01/a_missing_other_alpha/run.source	/home/ubuntu/TES_511_Balloon/paper_review_workspace_20260920/outputs/00_parent/activation_correction_20260924/targeted_response/batch01/a_missing_other_alpha/run.source
runtime_patch	760	3d254aeb9a78cee73767b905ca0d9804db7aaf68e388ad24d2134981caeb253d	snapshot/project/paper_review_workspace_20260920/outputs/00_parent/activation_correction_20260924/targeted_response/batch01/a_missing_other_eminus/run.source	/home/ubuntu/TES_511_Balloon/paper_review_workspace_20260920/outputs/00_parent/activation_correction_20260924/targeted_response/batch01/a_missing_other_eminus/run.source
runtime_patch	758	cee934af6e2e40e22ca693890f2adf149d9e5903c6365808d4e41ee69eeff22e	snapshot/project/paper_review_workspace_20260920/outputs/00_parent/activation_correction_20260924/targeted_response/batch01/a_missing_other_gamma/run.source	/home/ubuntu/TES_511_Balloon/paper_review_workspace_20260920/outputs/00_parent/activation_correction_20260924/targeted_response/batch01/a_missing_other_gamma/run.source
runtime_patch	761	8a941d3fb5dbd41013071488d4e3752554a1a2fc4d2f5d576fb30ac837d72f0e	snapshot/project/paper_review_workspace_20260920/outputs/00_parent/activation_correction_20260924/targeted_response/batch01/a_missing_other_muminus/run.source	/home/ubuntu/TES_511_Balloon/paper_review_workspace_20260920/outputs/00_parent/activation_correction_20260924/targeted_response/batch01/a_missing_other_muminus/run.source
runtime_patch	753	9ab24e9962a1c8be10ccee40e75cd0223822c59ad2571e32d5ae7d3a2a63a8ea	snapshot/project/paper_review_workspace_20260920/outputs/00_parent/activation_correction_20260924/targeted_response/batch01/a_missing_other_n/run.source	/home/ubuntu/TES_511_Balloon/paper_review_workspace_20260920/outputs/00_parent/activation_correction_20260924/targeted_response/batch01/a_missing_other_n/run.source
runtime_patch	753	166642095ead5b352934fd4ee9c4c6b3e33e1b646b670e3c6cd75ecdeca7486c	snapshot/project/paper_review_workspace_20260920/outputs/00_parent/activation_correction_20260924/targeted_response/batch01/a_missing_other_p/run.source	/home/ubuntu/TES_511_Balloon/paper_review_workspace_20260920/outputs/00_parent/activation_correction_20260924/targeted_response/batch01/a_missing_other_p/run.source
runtime_patch	742	8454736e5d97e029ca2e2f9d76f9d8954c998e389147ddf30628c54c7089e15d	snapshot/project/paper_review_workspace_20260920/outputs/00_parent/activation_correction_20260924/targeted_response/batch01/a_rare_alpha/run.source	/home/ubuntu/TES_511_Balloon/paper_review_workspace_20260920/outputs/00_parent/activation_correction_20260924/targeted_response/batch01/a_rare_alpha/run.source
runtime_patch	734	b982df583dbc37a9860a1e8ff6b17067b11dd60f45be99e881ef6daae91fcd0e	snapshot/project/paper_review_workspace_20260920/outputs/00_parent/activation_correction_20260924/targeted_response/batch01/a_rare_n/run.source	/home/ubuntu/TES_511_Balloon/paper_review_workspace_20260920/outputs/00_parent/activation_correction_20260924/targeted_response/batch01/a_rare_n/run.source
runtime_patch	735	000dfeeb5d45c7630b7e8860b7a0159f1afa57707b21b4eba209f3fd6302046b	snapshot/project/paper_review_workspace_20260920/outputs/00_parent/activation_correction_20260924/targeted_response/batch01/a_rare_p/run.source	/home/ubuntu/TES_511_Balloon/paper_review_workspace_20260920/outputs/00_parent/activation_correction_20260924/targeted_response/batch01/a_rare_p/run.source
runtime_patch	798	4ded8916ee6b74e5e648f7c1f51d28e275309947a28adba9ad01fb1d28da62d5	snapshot/project/paper_review_workspace_20260920/outputs/00_parent/activation_correction_20260924/targeted_response/batch01/b_ec_alpha/run.source	/home/ubuntu/TES_511_Balloon/paper_review_workspace_20260920/outputs/00_parent/activation_correction_20260924/targeted_response/batch01/b_ec_alpha/run.source
runtime_patch	797	500c038a5f40ae7ee4d9d7f77087ea5a588d483ebd02f147189f8cb9461dfd2a	snapshot/project/paper_review_workspace_20260920/outputs/00_parent/activation_correction_20260924/targeted_response/batch01/b_ec_eplus/run.source	/home/ubuntu/TES_511_Balloon/paper_review_workspace_20260920/outputs/00_parent/activation_correction_20260924/targeted_response/batch01/b_ec_eplus/run.source
runtime_patch	795	138c2181544129f4e50982bcd7212c4f76bbf8fecd92ae4df53a751ebfab714d	snapshot/project/paper_review_workspace_20260920/outputs/00_parent/activation_correction_20260924/targeted_response/batch01/b_ec_gamma/run.source	/home/ubuntu/TES_511_Balloon/paper_review_workspace_20260920/outputs/00_parent/activation_correction_20260924/targeted_response/batch01/b_ec_gamma/run.source
runtime_patch	791	51ac9d5702ff20798cddb4a2c2bfab61724789720d1008f6ef54593aced3f470	snapshot/project/paper_review_workspace_20260920/outputs/00_parent/activation_correction_20260924/targeted_response/batch01/b_ec_n/run.source	/home/ubuntu/TES_511_Balloon/paper_review_workspace_20260920/outputs/00_parent/activation_correction_20260924/targeted_response/batch01/b_ec_n/run.source
runtime_patch	791	b39257dedda27efd89325a6b5f49b70d5770f0fb78394b57bdea41d9b008033e	snapshot/project/paper_review_workspace_20260920/outputs/00_parent/activation_correction_20260924/targeted_response/batch01/b_ec_p/run.source	/home/ubuntu/TES_511_Balloon/paper_review_workspace_20260920/outputs/00_parent/activation_correction_20260924/targeted_response/batch01/b_ec_p/run.source
runtime_patch	817	ebd831dce0776e27e36da0db0cdd91a4f3c77c08e611581c8ff007109f3f26c2	snapshot/project/paper_review_workspace_20260920/outputs/00_parent/activation_correction_20260924/targeted_response/batch01/b_missing_bgo_alpha/run.source	/home/ubuntu/TES_511_Balloon/paper_review_workspace_20260920/outputs/00_parent/activation_correction_20260924/targeted_response/batch01/b_missing_bgo_alpha/run.source
runtime_patch	815	e319dea2ea139f70f7697b8a348cc935b6296d61b912b039c0b28223b9b84a40	snapshot/project/paper_review_workspace_20260920/outputs/00_parent/activation_correction_20260924/targeted_response/batch01/b_missing_bgo_eminus/run.source	/home/ubuntu/TES_511_Balloon/paper_review_workspace_20260920/outputs/00_parent/activation_correction_20260924/targeted_response/batch01/b_missing_bgo_eminus/run.source
runtime_patch	813	8c7ac26f80e248a36eb47275fc001f825631be414444358af3004da7d789fb94	snapshot/project/paper_review_workspace_20260920/outputs/00_parent/activation_correction_20260924/targeted_response/batch01/b_missing_bgo_eplus/run.source	/home/ubuntu/TES_511_Balloon/paper_review_workspace_20260920/outputs/00_parent/activation_correction_20260924/targeted_response/batch01/b_missing_bgo_eplus/run.source
runtime_patch	814	e8faa131ce0a8deb64cabccc51ebe7c0876c07444897bdf647ffd5ab327b7715	snapshot/project/paper_review_workspace_20260920/outputs/00_parent/activation_correction_20260924/targeted_response/batch01/b_missing_bgo_gamma/run.source	/home/ubuntu/TES_511_Balloon/paper_review_workspace_20260920/outputs/00_parent/activation_correction_20260924/targeted_response/batch01/b_missing_bgo_gamma/run.source
runtime_patch	817	855fb0ccad1f72e4d8015151d1d7f3450a9057091697d110f4872d6135f87cf7	snapshot/project/paper_review_workspace_20260920/outputs/00_parent/activation_correction_20260924/targeted_response/batch01/b_missing_bgo_muminus/run.source	/home/ubuntu/TES_511_Balloon/paper_review_workspace_20260920/outputs/00_parent/activation_correction_20260924/targeted_response/batch01/b_missing_bgo_muminus/run.source
runtime_patch	809	103e699bf2dada320e49fda393e0b0676196f4809c4c4654e4366dff9ace7225	snapshot/project/paper_review_workspace_20260920/outputs/00_parent/activation_correction_20260924/targeted_response/batch01/b_missing_bgo_n/run.source	/home/ubuntu/TES_511_Balloon/paper_review_workspace_20260920/outputs/00_parent/activation_correction_20260924/targeted_response/batch01/b_missing_bgo_n/run.source
runtime_patch	809	0a70fa24bb80b56f3c599c44de97b27cd38b9bf366e472b4deccd0a8dc20549e	snapshot/project/paper_review_workspace_20260920/outputs/00_parent/activation_correction_20260924/targeted_response/batch01/b_missing_bgo_p/run.source	/home/ubuntu/TES_511_Balloon/paper_review_workspace_20260920/outputs/00_parent/activation_correction_20260924/targeted_response/batch01/b_missing_bgo_p/run.source
runtime_patch	820	7da26eb3b618fd8cbe9eea590ed042b4c3d38b33d1a71a76ad239ae4bad98f64	snapshot/project/paper_review_workspace_20260920/outputs/00_parent/activation_correction_20260924/targeted_response/batch01/b_missing_other_alpha/run.source	/home/ubuntu/TES_511_Balloon/paper_review_workspace_20260920/outputs/00_parent/activation_correction_20260924/targeted_response/batch01/b_missing_other_alpha/run.source
runtime_patch	820	3450526f686a99b18098b9f50aa86f5a9d4ee47603944d117556cb264ae6b82a	snapshot/project/paper_review_workspace_20260920/outputs/00_parent/activation_correction_20260924/targeted_response/batch01/b_missing_other_eminus/run.source	/home/ubuntu/TES_511_Balloon/paper_review_workspace_20260920/outputs/00_parent/activation_correction_20260924/targeted_response/batch01/b_missing_other_eminus/run.source
runtime_patch	818	d55ba303fb263ebcd9cd39b3ae63517c261181d6ce606c6b299764cf30a414de	snapshot/project/paper_review_workspace_20260920/outputs/00_parent/activation_correction_20260924/targeted_response/batch01/b_missing_other_eplus/run.source	/home/ubuntu/TES_511_Balloon/paper_review_workspace_20260920/outputs/00_parent/activation_correction_20260924/targeted_response/batch01/b_missing_other_eplus/run.source
runtime_patch	818	f760a2c29608021b56fd322cf7e7897c5431a284ede682d6513a253b4b0518ff	snapshot/project/paper_review_workspace_20260920/outputs/00_parent/activation_correction_20260924/targeted_response/batch01/b_missing_other_gamma/run.source	/home/ubuntu/TES_511_Balloon/paper_review_workspace_20260920/outputs/00_parent/activation_correction_20260924/targeted_response/batch01/b_missing_other_gamma/run.source
runtime_patch	822	f9bef542267565d6f52b62bb3965ab7971abb45a8cc5fc5399722eabf0946a38	snapshot/project/paper_review_workspace_20260920/outputs/00_parent/activation_correction_20260924/targeted_response/batch01/b_missing_other_muminus/run.source	/home/ubuntu/TES_511_Balloon/paper_review_workspace_20260920/outputs/00_parent/activation_correction_20260924/targeted_response/batch01/b_missing_other_muminus/run.source
runtime_patch	813	710854408b9699005d1010373272e0100f0e6667716d56835269a12c0afc7a68	snapshot/project/paper_review_workspace_20260920/outputs/00_parent/activation_correction_20260924/targeted_response/batch01/b_missing_other_n/run.source	/home/ubuntu/TES_511_Balloon/paper_review_workspace_20260920/outputs/00_parent/activation_correction_20260924/targeted_response/batch01/b_missing_other_n/run.source
runtime_patch	813	8929d2509ecc414dbef9af01d09ac957b7f3b4f78f1c1bd0c81a546458bc6ce0	snapshot/project/paper_review_workspace_20260920/outputs/00_parent/activation_correction_20260924/targeted_response/batch01/b_missing_other_p/run.source	/home/ubuntu/TES_511_Balloon/paper_review_workspace_20260920/outputs/00_parent/activation_correction_20260924/targeted_response/batch01/b_missing_other_p/run.source
runtime_patch	803	7dac12fa7d3b5c83e5e278123682d3859e717102b06588598581160bce66cce4	snapshot/project/paper_review_workspace_20260920/outputs/00_parent/activation_correction_20260924/targeted_response/batch01/b_rare_alpha/run.source	/home/ubuntu/TES_511_Balloon/paper_review_workspace_20260920/outputs/00_parent/activation_correction_20260924/targeted_response/batch01/b_rare_alpha/run.source
runtime_patch	794	00f85109b9e08217db59af787e883c0f13d23a986c8714f88090f6020b6a98f0	snapshot/project/paper_review_workspace_20260920/outputs/00_parent/activation_correction_20260924/targeted_response/batch01/b_rare_n/run.source	/home/ubuntu/TES_511_Balloon/paper_review_workspace_20260920/outputs/00_parent/activation_correction_20260924/targeted_response/batch01/b_rare_n/run.source
runtime_patch	795	9d17e2eb3fa622f36518bb39464c277a15027257851e11c3bd066c27d1de29c6	snapshot/project/paper_review_workspace_20260920/outputs/00_parent/activation_correction_20260924/targeted_response/batch01/b_rare_p/run.source	/home/ubuntu/TES_511_Balloon/paper_review_workspace_20260920/outputs/00_parent/activation_correction_20260924/targeted_response/batch01/b_rare_p/run.source
runtime_patch	739	ee1d4d8b60f789372807248457f31835598512deec92e0482548dd574dc8ef1a	snapshot/project/paper_review_workspace_20260920/outputs/00_parent/activation_correction_20260924/targeted_response/batch02/a_ec_alpha/run.source	/home/ubuntu/TES_511_Balloon/paper_review_workspace_20260920/outputs/00_parent/activation_correction_20260924/targeted_response/batch02/a_ec_alpha/run.source
runtime_patch	731	39811021fbbacc773e85c122d315220d88f4ffc36b9736775624f2ddb67b9f6e	snapshot/project/paper_review_workspace_20260920/outputs/00_parent/activation_correction_20260924/targeted_response/batch02/a_ec_n/run.source	/home/ubuntu/TES_511_Balloon/paper_review_workspace_20260920/outputs/00_parent/activation_correction_20260924/targeted_response/batch02/a_ec_n/run.source
runtime_patch	731	0ca3115456976ab0dbe0b646d491e13eeefab7ed0fa622790b97eeef91abb8dd	snapshot/project/paper_review_workspace_20260920/outputs/00_parent/activation_correction_20260924/targeted_response/batch02/a_ec_p/run.source	/home/ubuntu/TES_511_Balloon/paper_review_workspace_20260920/outputs/00_parent/activation_correction_20260924/targeted_response/batch02/a_ec_p/run.source
runtime_patch	758	032cb4ffa590d83c7a49d1095318517d3b85335dfa67e874bdff9a5ef18b4da2	snapshot/project/paper_review_workspace_20260920/outputs/00_parent/activation_correction_20260924/targeted_response/batch02/a_missing_bgo_alpha/run.source	/home/ubuntu/TES_511_Balloon/paper_review_workspace_20260920/outputs/00_parent/activation_correction_20260924/targeted_response/batch02/a_missing_bgo_alpha/run.source
runtime_patch	750	1e0fa1ff782354e1588e9d9edb0f63336360c7303a668b61831f1ea8632a533f	snapshot/project/paper_review_workspace_20260920/outputs/00_parent/activation_correction_20260924/targeted_response/batch02/a_missing_bgo_n/run.source	/home/ubuntu/TES_511_Balloon/paper_review_workspace_20260920/outputs/00_parent/activation_correction_20260924/targeted_response/batch02/a_missing_bgo_n/run.source
runtime_patch	750	bd1e77980dc635e6bcf55382bc548ed44fef42c92613fea27567119c146a2e1b	snapshot/project/paper_review_workspace_20260920/outputs/00_parent/activation_correction_20260924/targeted_response/batch02/a_missing_bgo_p/run.source	/home/ubuntu/TES_511_Balloon/paper_review_workspace_20260920/outputs/00_parent/activation_correction_20260924/targeted_response/batch02/a_missing_bgo_p/run.source
runtime_patch	760	542c4609bb67147ecd33e6d00d2c52a0df3787a4968bf64d8a1863eca8827447	snapshot/project/paper_review_workspace_20260920/outputs/00_parent/activation_correction_20260924/targeted_response/batch02/a_missing_other_alpha/run.source	/home/ubuntu/TES_511_Balloon/paper_review_workspace_20260920/outputs/00_parent/activation_correction_20260924/targeted_response/batch02/a_missing_other_alpha/run.source
runtime_patch	753	8bb7ee8c3d6d033161980c605d9c34ae1131d065d520ee523bbefd18347fb944	snapshot/project/paper_review_workspace_20260920/outputs/00_parent/activation_correction_20260924/targeted_response/batch02/a_missing_other_n/run.source	/home/ubuntu/TES_511_Balloon/paper_review_workspace_20260920/outputs/00_parent/activation_correction_20260924/targeted_response/batch02/a_missing_other_n/run.source
runtime_patch	753	b093c450684b4d79e75522cf3c42ef6db86ee3332f7e6c8f16de6b45e72e4c3b	snapshot/project/paper_review_workspace_20260920/outputs/00_parent/activation_correction_20260924/targeted_response/batch02/a_missing_other_p/run.source	/home/ubuntu/TES_511_Balloon/paper_review_workspace_20260920/outputs/00_parent/activation_correction_20260924/targeted_response/batch02/a_missing_other_p/run.source
runtime_patch	742	aa8d97fe90bdc3bd4a45d98c51c7d7f97455ac591449b111e3d45ff10c2cfb03	snapshot/project/paper_review_workspace_20260920/outputs/00_parent/activation_correction_20260924/targeted_response/batch02/a_rare_alpha/run.source	/home/ubuntu/TES_511_Balloon/paper_review_workspace_20260920/outputs/00_parent/activation_correction_20260924/targeted_response/batch02/a_rare_alpha/run.source
runtime_patch	735	0f46948f57c5861947b44b74df1dd150fa64d54685dcb293f9c9617ffec13772	snapshot/project/paper_review_workspace_20260920/outputs/00_parent/activation_correction_20260924/targeted_response/batch02/a_rare_p/run.source	/home/ubuntu/TES_511_Balloon/paper_review_workspace_20260920/outputs/00_parent/activation_correction_20260924/targeted_response/batch02/a_rare_p/run.source
runtime_patch	816	2caf28920520e08847d62e7a19fc85715bc88d8de295bf738e9181dad41dabf7	snapshot/project/paper_review_workspace_20260920/outputs/00_parent/activation_correction_20260924/targeted_response/batch02/b_missing_bgo_alpha/run.source	/home/ubuntu/TES_511_Balloon/paper_review_workspace_20260920/outputs/00_parent/activation_correction_20260924/targeted_response/batch02/b_missing_bgo_alpha/run.source
runtime_patch	809	01d2f9b908a83214b5a22b912ba06987cfd6077b841001368f7a4023c2b49a44	snapshot/project/paper_review_workspace_20260920/outputs/00_parent/activation_correction_20260924/targeted_response/batch02/b_missing_bgo_n/run.source	/home/ubuntu/TES_511_Balloon/paper_review_workspace_20260920/outputs/00_parent/activation_correction_20260924/targeted_response/batch02/b_missing_bgo_n/run.source
runtime_patch	810	7bc59bb10ce181349e4dce2daf6d774a4e40959deebf50d286546e5c4a2c2328	snapshot/project/paper_review_workspace_20260920/outputs/00_parent/activation_correction_20260924/targeted_response/batch02/b_missing_bgo_p/run.source	/home/ubuntu/TES_511_Balloon/paper_review_workspace_20260920/outputs/00_parent/activation_correction_20260924/targeted_response/batch02/b_missing_bgo_p/run.source
runtime_patch	812	b2f8cabf653b0b632c89ac413b7b60fd45488d436e558963c269d2d7db8f458d	snapshot/project/paper_review_workspace_20260920/outputs/00_parent/activation_correction_20260924/targeted_response/batch02/b_missing_other_n/run.source	/home/ubuntu/TES_511_Balloon/paper_review_workspace_20260920/outputs/00_parent/activation_correction_20260924/targeted_response/batch02/b_missing_other_n/run.source
runtime_patch	813	47392b2e504ab3f22421217d8b391367659bccd2865fff07d2aecbe4878edfe9	snapshot/project/paper_review_workspace_20260920/outputs/00_parent/activation_correction_20260924/targeted_response/batch02/b_missing_other_p/run.source	/home/ubuntu/TES_511_Balloon/paper_review_workspace_20260920/outputs/00_parent/activation_correction_20260924/targeted_response/batch02/b_missing_other_p/run.source
runtime_patch	802	ca11660295783e6085a6269554bd358acd02fbfccb34cf1548635f0944f6ca6d	snapshot/project/paper_review_workspace_20260920/outputs/00_parent/activation_correction_20260924/targeted_response/batch02/b_rare_alpha/run.source	/home/ubuntu/TES_511_Balloon/paper_review_workspace_20260920/outputs/00_parent/activation_correction_20260924/targeted_response/batch02/b_rare_alpha/run.source
runtime_patch	793	d7e5d66352cc4ef23f98006cf7733ea2e7fa39d5ce2fdd5fd777e48b0b66b156	snapshot/project/paper_review_workspace_20260920/outputs/00_parent/activation_correction_20260924/targeted_response/batch02/b_rare_n/run.source	/home/ubuntu/TES_511_Balloon/paper_review_workspace_20260920/outputs/00_parent/activation_correction_20260924/targeted_response/batch02/b_rare_n/run.source
runtime_patch	795	a84fd3560b63e7ec8705e8ec94e70b551efe5bc90c9772a3e7bb248b6438c15c	snapshot/project/paper_review_workspace_20260920/outputs/00_parent/activation_correction_20260924/targeted_response/batch02/b_rare_p/run.source	/home/ubuntu/TES_511_Balloon/paper_review_workspace_20260920/outputs/00_parent/activation_correction_20260924/targeted_response/batch02/b_rare_p/run.source
activation	7424	85a4134b78adb5c119499c6d550c7ed89d2d8a5095b089ef5f798107673e8724	snapshot/project/paper_review_workspace_20260920/outputs/00_parent/activation_correction_20260924/targeted_response/final/code/analyze.py	/home/ubuntu/TES_511_Balloon/paper_review_workspace_20260920/outputs/00_parent/activation_correction_20260924/targeted_response/final/code/analyze.py
activation	2671	a1ae6c34f8578780c14faf05bdbfd801c3c92d8fff70a707b8a15edcc8479a59	snapshot/project/paper_review_workspace_20260920/outputs/00_parent/activation_correction_20260924/targeted_response/final/code/assess_W176_feed.py	/home/ubuntu/TES_511_Balloon/paper_review_workspace_20260920/outputs/00_parent/activation_correction_20260924/targeted_response/final/code/assess_W176_feed.py
activation	3279	563771ede2a66c6034a76b20f6141df8bbb0881820bb890dbb4e5c213e3146bb	snapshot/project/paper_review_workspace_20260920/outputs/00_parent/activation_correction_20260924/targeted_response/final/code/assess_blocked_EC_activity.py	/home/ubuntu/TES_511_Balloon/paper_review_workspace_20260920/outputs/00_parent/activation_correction_20260924/targeted_response/final/code/assess_blocked_EC_activity.py
activation	4751	83bde93d6adf678201d43a48ac49e075d01f87358333028977d32340d7b7d1e1	snapshot/project/paper_review_workspace_20260920/outputs/00_parent/activation_correction_20260924/targeted_response/final/code/audit_aa_missing_response.py	/home/ubuntu/TES_511_Balloon/paper_review_workspace_20260920/outputs/00_parent/activation_correction_20260924/targeted_response/final/code/audit_aa_missing_response.py
activation	3462	e53d5727c12d9d3c47edbc8afd31ade64a9cbc2e17b281aa4f58bb4a477e0595	snapshot/project/paper_review_workspace_20260920/outputs/00_parent/activation_correction_20260924/targeted_response/final/code/audit_lineage_support.py	/home/ubuntu/TES_511_Balloon/paper_review_workspace_20260920/outputs/00_parent/activation_correction_20260924/targeted_response/final/code/audit_lineage_support.py
activation	4800	882a3a52cd42ab5cc25ab757dcedc00b241296fb8ee77072ad9a865c9cbf3618	snapshot/project/paper_review_workspace_20260920/outputs/00_parent/activation_correction_20260924/targeted_response/final/code/audit_missing_source_materials.py	/home/ubuntu/TES_511_Balloon/paper_review_workspace_20260920/outputs/00_parent/activation_correction_20260924/targeted_response/final/code/audit_missing_source_materials.py
activation	3879	a46441684d58eab0f7b9ab69102954b3b9ed7f8c68c609ab8ce66234e1029460	snapshot/project/paper_review_workspace_20260920/outputs/00_parent/activation_correction_20260924/targeted_response/final/code/audit_runtime.py	/home/ubuntu/TES_511_Balloon/paper_review_workspace_20260920/outputs/00_parent/activation_correction_20260924/targeted_response/final/code/audit_runtime.py
activation	2292	0c8ca2c07f67d308a604875b812d094b913f09a4c1d29a7adb8dce3a3b653cfd	snapshot/project/paper_review_workspace_20260920/outputs/00_parent/activation_correction_20260924/targeted_response/final/code/audit_selected_aa.py	/home/ubuntu/TES_511_Balloon/paper_review_workspace_20260920/outputs/00_parent/activation_correction_20260924/targeted_response/final/code/audit_selected_aa.py
activation	3577	08c08bfcb3e763f85e858ad66b8a04aa0bd0ebb988ca70c578061254af355259	snapshot/project/paper_review_workspace_20260920/outputs/00_parent/activation_correction_20260924/targeted_response/final/code/audit_state_support.py	/home/ubuntu/TES_511_Balloon/paper_review_workspace_20260920/outputs/00_parent/activation_correction_20260924/targeted_response/final/code/audit_state_support.py
activation	2913	af37356e9d942c3c55958c2bf9e227ecd6003ddae9253a52580048fa22088fd0	snapshot/project/paper_review_workspace_20260920/outputs/00_parent/activation_correction_20260924/targeted_response/final/code/build_lineage_weights.py	/home/ubuntu/TES_511_Balloon/paper_review_workspace_20260920/outputs/00_parent/activation_correction_20260924/targeted_response/final/code/build_lineage_weights.py
activation	6045	ef5b5caded0287312d69aa12a0a8ae62bdf2df363b25079f404c752cc4637ea9	snapshot/project/paper_review_workspace_20260920/outputs/00_parent/activation_correction_20260924/targeted_response/final/code/combine_targeted.py	/home/ubuntu/TES_511_Balloon/paper_review_workspace_20260920/outputs/00_parent/activation_correction_20260924/targeted_response/final/code/combine_targeted.py
activation	1529	3ad203f30fcbb6a05107e6e9342a054d697d0100f362d07d7c21f2a6f801fd3a	snapshot/project/paper_review_workspace_20260920/outputs/00_parent/activation_correction_20260924/targeted_response/final/code/common.py	/home/ubuntu/TES_511_Balloon/paper_review_workspace_20260920/outputs/00_parent/activation_correction_20260924/targeted_response/final/code/common.py
activation	7029	20aca1d66bfbe69496aff7eb4ba88c046d191fc474df354cc40f56f36367bd31	snapshot/project/paper_review_workspace_20260920/outputs/00_parent/activation_correction_20260924/targeted_response/final/code/compact_targeted.py	/home/ubuntu/TES_511_Balloon/paper_review_workspace_20260920/outputs/00_parent/activation_correction_20260924/targeted_response/final/code/compact_targeted.py
activation	1719	45ef0e442063a0fd40d5b97f0d725eacf1da1a13ec59aa613114f24867b1f6ff	snapshot/project/paper_review_workspace_20260920/outputs/00_parent/activation_correction_20260924/targeted_response/final/code/complete_environment_keys.py	/home/ubuntu/TES_511_Balloon/paper_review_workspace_20260920/outputs/00_parent/activation_correction_20260924/targeted_response/final/code/complete_environment_keys.py
activation	3343	1526eb1a5e4a464078c9e783bed33208104665d15bf1bba759c6da9419e5cf64	snapshot/project/paper_review_workspace_20260920/outputs/00_parent/activation_correction_20260924/targeted_response/final/code/continuous_disk.py	/home/ubuntu/TES_511_Balloon/paper_review_workspace_20260920/outputs/00_parent/activation_correction_20260924/targeted_response/final/code/continuous_disk.py
activation	12319	ace48d80f367ae539c8f537254b97d13cc3fffac8c032bf6805efa81258e473d	snapshot/project/paper_review_workspace_20260920/outputs/00_parent/activation_correction_20260924/targeted_response/final/code/correct_response.py	/home/ubuntu/TES_511_Balloon/paper_review_workspace_20260920/outputs/00_parent/activation_correction_20260924/targeted_response/final/code/correct_response.py
activation	7738	078de14ffcc5354393e8463cc9ab91356d00fe81a04ea44225889dfa33e8dcde	snapshot/project/paper_review_workspace_20260920/outputs/00_parent/activation_correction_20260924/targeted_response/final/code/decay_kernel.py	/home/ubuntu/TES_511_Balloon/paper_review_workspace_20260920/outputs/00_parent/activation_correction_20260924/targeted_response/final/code/decay_kernel.py
activation	262	84824d3c915dc4fab881d1cf3e0ba574c0d3369e02f68564c1372764a8fe9592	snapshot/project/paper_review_workspace_20260920/outputs/00_parent/activation_correction_20260924/targeted_response/final/code/export_binding_energies.cpp	/home/ubuntu/TES_511_Balloon/paper_review_workspace_20260920/outputs/00_parent/activation_correction_20260924/targeted_response/final/code/export_binding_energies.cpp
activation	8480	8970f7d97b862fd865a19cd9e1076c1586d3d99e8df5747b2c7632f0956f251d	snapshot/project/paper_review_workspace_20260920/outputs/00_parent/activation_correction_20260924/targeted_response/final/code/export_nuclear_tables.cpp	/home/ubuntu/TES_511_Balloon/paper_review_workspace_20260920/outputs/00_parent/activation_correction_20260924/targeted_response/final/code/export_nuclear_tables.cpp
activation	3221	0d70ac45371a378caa4036f122929a399bc2b9bfc496dfda0b1813be2dc96d37	snapshot/project/paper_review_workspace_20260920/outputs/00_parent/activation_correction_20260924/targeted_response/final/code/extract_decay_metadata.cpp	/home/ubuntu/TES_511_Balloon/paper_review_workspace_20260920/outputs/00_parent/activation_correction_20260924/targeted_response/final/code/extract_decay_metadata.cpp
activation	1676	8b89b71adf4b2dec845d46030acb5436dc1836b09ff4eef8ae0598715561c8e8	snapshot/project/paper_review_workspace_20260920/outputs/00_parent/activation_correction_20260924/targeted_response/final/code/extract_registered.py	/home/ubuntu/TES_511_Balloon/paper_review_workspace_20260920/outputs/00_parent/activation_correction_20260924/targeted_response/final/code/extract_registered.py
activation	1302	189440f2a5444c9fb78a8e47d7f7f0df365470b04cb64f05ee96a7a1a72beecc	snapshot/project/paper_review_workspace_20260920/outputs/00_parent/activation_correction_20260924/targeted_response/final/code/extract_targeted_primary.cpp	/home/ubuntu/TES_511_Balloon/paper_review_workspace_20260920/outputs/00_parent/activation_correction_20260924/targeted_response/final/code/extract_targeted_primary.cpp
activation	5160	e7b04743912aea494e0346907cd51e107a9155f3cf8dd8b2a380c88bce07cbef	snapshot/project/paper_review_workspace_20260920/outputs/00_parent/activation_correction_20260924/targeted_response/final/code/final_audit.py	/home/ubuntu/TES_511_Balloon/paper_review_workspace_20260920/outputs/00_parent/activation_correction_20260924/targeted_response/final/code/final_audit.py
activation	5623	c49424fc92d1a8bf73ed0e495e13dd97ab9acdd5bb7061515b08160cf3d67937	snapshot/project/paper_review_workspace_20260920/outputs/00_parent/activation_correction_20260924/targeted_response/final/code/integrate_corrected.py	/home/ubuntu/TES_511_Balloon/paper_review_workspace_20260920/outputs/00_parent/activation_correction_20260924/targeted_response/final/code/integrate_corrected.py
activation	3907	959c99fb5ca55ee14ef5013b09ca5713734affaf17fb66f987d31912ec88e909	snapshot/project/paper_review_workspace_20260920/outputs/00_parent/activation_correction_20260924/targeted_response/final/code/map_decay_sources.py	/home/ubuntu/TES_511_Balloon/paper_review_workspace_20260920/outputs/00_parent/activation_correction_20260924/targeted_response/final/code/map_decay_sources.py
activation	3180	07bf098b8e565fdbf92a1e13c4594844c31e4951dcfa18fcbe435d35a5cab0e5	snapshot/project/paper_review_workspace_20260920/outputs/00_parent/activation_correction_20260924/targeted_response/final/code/map_response_identity.py	/home/ubuntu/TES_511_Balloon/paper_review_workspace_20260920/outputs/00_parent/activation_correction_20260924/targeted_response/final/code/map_response_identity.py
activation	5522	d374d879d6035fafa76dccd3711f7c02807436ab6bebfd175b6cb39bfda98292	snapshot/project/paper_review_workspace_20260920/outputs/00_parent/activation_correction_20260924/targeted_response/final/code/prepare_timelines.py	/home/ubuntu/TES_511_Balloon/paper_review_workspace_20260920/outputs/00_parent/activation_correction_20260924/targeted_response/final/code/prepare_timelines.py
activation	2689	0ba77a0ce6616bbd5fb4f08d60abbb7708bbda21d0eacb74490899443311a6b6	snapshot/project/paper_review_workspace_20260920/outputs/00_parent/activation_correction_20260924/targeted_response/final/code/probe_native_decay.cpp	/home/ubuntu/TES_511_Balloon/paper_review_workspace_20260920/outputs/00_parent/activation_correction_20260924/targeted_response/final/code/probe_native_decay.cpp
activation	1316	3b6c3202007fb6b2d09557e0d691eb98139f77ad076eb24e739abbfc4cf7ce4e	snapshot/project/paper_review_workspace_20260920/outputs/00_parent/activation_correction_20260924/targeted_response/final/code/run_corrected_timelines.py	/home/ubuntu/TES_511_Balloon/paper_review_workspace_20260920/outputs/00_parent/activation_correction_20260924/targeted_response/final/code/run_corrected_timelines.py
activation	1980	e34f337e9bea072411b750154acb605ee655e4b78bc2afa582adffdc83020554	snapshot/project/paper_review_workspace_20260920/outputs/00_parent/activation_correction_20260924/targeted_response/final/code/run_targeted.py	/home/ubuntu/TES_511_Balloon/paper_review_workspace_20260920/outputs/00_parent/activation_correction_20260924/targeted_response/final/code/run_targeted.py
activation	2377	0f61050b1537feaf0b6861a9955a62c4d30f3c0198a8c390a4e948ec381d0994	snapshot/project/paper_review_workspace_20260920/outputs/00_parent/activation_correction_20260924/targeted_response/final/code/screen_zero_sample_energy.py	/home/ubuntu/TES_511_Balloon/paper_review_workspace_20260920/outputs/00_parent/activation_correction_20260924/targeted_response/final/code/screen_zero_sample_energy.py
activation	7013	46cf8a23266ed60b95662117221aa9b0b88b832d8befb8ff3af73eedd72b9601	snapshot/project/paper_review_workspace_20260920/outputs/00_parent/activation_correction_20260924/targeted_response/final/code/summarize_two_model_correction.py	/home/ubuntu/TES_511_Balloon/paper_review_workspace_20260920/outputs/00_parent/activation_correction_20260924/targeted_response/final/code/summarize_two_model_correction.py
activation	7228	ef0ef491bb5edf00f7ea9be61c6fe56e6900d8c06bf477d55127d7c84c0d828b	snapshot/project/paper_review_workspace_20260920/outputs/00_parent/activation_correction_20260924/targeted_response/final/code/targeted_environment.py	/home/ubuntu/TES_511_Balloon/paper_review_workspace_20260920/outputs/00_parent/activation_correction_20260924/targeted_response/final/code/targeted_environment.py
activation	5217	7d389fd20efb0e039ec6edada88264c28b3a671351992563848e95f281bdb543	snapshot/project/paper_review_workspace_20260920/outputs/00_parent/activation_correction_20260924/targeted_response/final/code/targeted_environments.py	/home/ubuntu/TES_511_Balloon/paper_review_workspace_20260920/outputs/00_parent/activation_correction_20260924/targeted_response/final/code/targeted_environments.py
activation	1785	0924dcebd115550f0bc0dedf1e22400cd32ad34ac834674c01a4e55475d526c7	snapshot/project/paper_review_workspace_20260920/outputs/00_parent/activation_correction_20260924/targeted_response/final/code/targeted_ht_mapping.py	/home/ubuntu/TES_511_Balloon/paper_review_workspace_20260920/outputs/00_parent/activation_correction_20260924/targeted_response/final/code/targeted_ht_mapping.py
activation	4151	efc477e9bf9889de4fbd9ba71d807c3587c6fb735883bd2e8b74b20c9b4e59a1	snapshot/project/paper_review_workspace_20260920/outputs/00_parent/activation_correction_20260924/targeted_response/final/code/targeted_inventory.py	/home/ubuntu/TES_511_Balloon/paper_review_workspace_20260920/outputs/00_parent/activation_correction_20260924/targeted_response/final/code/targeted_inventory.py
activation	5443	ed9a0bc4cc624e0c591599b598b2f431a4115ed2657f6ed3aaca188f8597dc00	snapshot/project/paper_review_workspace_20260920/outputs/00_parent/activation_correction_20260924/targeted_response/final/code/targeted_plan.py	/home/ubuntu/TES_511_Balloon/paper_review_workspace_20260920/outputs/00_parent/activation_correction_20260924/targeted_response/final/code/targeted_plan.py
activation	1327	df83bc4e212de507e5ded7ab787bb33c1381481495c48aca6bf136c90d13bf2c	snapshot/project/paper_review_workspace_20260920/outputs/00_parent/activation_correction_20260924/targeted_response/final/code/targeted_smoke.py	/home/ubuntu/TES_511_Balloon/paper_review_workspace_20260920/outputs/00_parent/activation_correction_20260924/targeted_response/final/code/targeted_smoke.py
activation	3817	df798552de63a6983941710bc9ef0f1edc061f7ce3e2c30112c1564e372c178b	snapshot/project/paper_review_workspace_20260920/outputs/00_parent/activation_correction_20260924/targeted_response/final/code/targeted_uncertainty.py	/home/ubuntu/TES_511_Balloon/paper_review_workspace_20260920/outputs/00_parent/activation_correction_20260924/targeted_response/final/code/targeted_uncertainty.py
activation	4770	00c598749fbc6187feef10d9cafa9b9ac5666ad87faf913161eb8ea958c416a0	snapshot/project/paper_review_workspace_20260920/outputs/00_parent/activation_correction_20260924/targeted_response/final/code/timeline_deferred.cpp	/home/ubuntu/TES_511_Balloon/paper_review_workspace_20260920/outputs/00_parent/activation_correction_20260924/targeted_response/final/code/timeline_deferred.cpp
activation	1819	a8fa97665d117b4c3d5efeea5bc2dff69d2cbf527e8f543be6f23835f2486f9b	snapshot/project/paper_review_workspace_20260920/outputs/00_parent/activation_correction_20260924/targeted_response/final/code/validate_kernel_precision.py	/home/ubuntu/TES_511_Balloon/paper_review_workspace_20260920/outputs/00_parent/activation_correction_20260924/targeted_response/final/code/validate_kernel_precision.py
activation	2821	5f1102a02645dc675e05b6a19a1b5a131f9d211446be57ad65e17f72bad4ad24	snapshot/project/paper_review_workspace_20260920/outputs/00_parent/activation_correction_20260924/targeted_response/final/code/validate_response_invariants.py	/home/ubuntu/TES_511_Balloon/paper_review_workspace_20260920/outputs/00_parent/activation_correction_20260924/targeted_response/final/code/validate_response_invariants.py
activation	2011	8fdea439601753b54aff0f31368df71ff64b6e17348262ea3ea982a5eedb7130	snapshot/project/paper_review_workspace_20260920/outputs/00_parent/activation_correction_20260924/targeted_response/final/code/validate_runtime_kernel.py	/home/ubuntu/TES_511_Balloon/paper_review_workspace_20260920/outputs/00_parent/activation_correction_20260924/targeted_response/final/code/validate_runtime_kernel.py
activation	2419	5476b1e7361f194c6ac26aad5f838b3875c1ba5ff42cb38a21339488337477e8	snapshot/project/paper_review_workspace_20260920/outputs/00_parent/activation_correction_20260924/targeted_response/final/code/validate_targeted_ht.py	/home/ubuntu/TES_511_Balloon/paper_review_workspace_20260920/outputs/00_parent/activation_correction_20260924/targeted_response/final/code/validate_targeted_ht.py
activation	2004	bb0e68a6ceb766220fd664e6bc2f2ff88ba9d3957fb77512680df4d1597e53f0	snapshot/project/paper_review_workspace_20260920/outputs/00_parent/activation_correction_20260924/targeted_response/final/code/validate_targeted_smoke.py	/home/ubuntu/TES_511_Balloon/paper_review_workspace_20260920/outputs/00_parent/activation_correction_20260924/targeted_response/final/code/validate_targeted_smoke.py
activation	12875	25abfc6046405af7359bb4dfa47ac89df56e1a0c084c2166f8ff483336e0b81d	snapshot/project/paper_review_workspace_20260920/outputs/00_parent/activation_correction_20260924/targeted_response/final/code/write_final_review.py	/home/ubuntu/TES_511_Balloon/paper_review_workspace_20260920/outputs/00_parent/activation_correction_20260924/targeted_response/final/code/write_final_review.py
activation	26876	14d04084ac568593129bbb116bf605e53bd81ad82f6e381e4fff4a55bea58033	snapshot/project/paper_review_workspace_20260920/outputs/00_parent/activation_correction_20260924/targeted_response/final/code/write_final_wording.py	/home/ubuntu/TES_511_Balloon/paper_review_workspace_20260920/outputs/00_parent/activation_correction_20260924/targeted_response/final/code/write_final_wording.py
activation	7722	8921bff5237b99a66c87624706c24f804e74dff88a4e00b65acf7a97ec099e9d	snapshot/project/paper_review_workspace_20260920/outputs/00_parent/activation_correction_20260924/targeted_response/final/code/write_two_model_review.py	/home/ubuntu/TES_511_Balloon/paper_review_workspace_20260920/outputs/00_parent/activation_correction_20260924/targeted_response/final/code/write_two_model_review.py
runtime_patch	690	6e97b6dd4235aef18baa222043a24ca33c40547cdf464bbdbb2796c014eb9c40	snapshot/project/paper_review_workspace_20260920/outputs/00_parent/activation_correction_20260924/targeted_response/smoke/smoke.source	/home/ubuntu/TES_511_Balloon/paper_review_workspace_20260920/outputs/00_parent/activation_correction_20260924/targeted_response/smoke/smoke.source
runtime_patch	708	54051ac89fbf40abd5804f704347545f433ef79d6b606abfc9cccdd90d07c217	snapshot/project/paper_review_workspace_20260920/outputs/00_parent/activation_correction_20260924/targeted_response/smoke_verified/smoke.source	/home/ubuntu/TES_511_Balloon/paper_review_workspace_20260920/outputs/00_parent/activation_correction_20260924/targeted_response/smoke_verified/smoke.source
figure_input	117183	fd71855ea296f74c399d73f59a201711261160e344770018c48ec68cc63d4219	snapshot/project/paper_review_workspace_20260920/outputs/00_parent/activation_manuscript_proposal_20260926/FIG10_NEW_POSITIONS_a.csv	/home/ubuntu/TES_511_Balloon/paper_review_workspace_20260920/outputs/00_parent/activation_manuscript_proposal_20260926/FIG10_NEW_POSITIONS_a.csv
figure_input	36631	08195218b3f0e4fb7c297078cff9d56067693cdb84b15570da93ca6e14302866	snapshot/project/paper_review_workspace_20260920/outputs/00_parent/activation_manuscript_proposal_20260926/FIG10_NEW_POSITIONS_b.csv	/home/ubuntu/TES_511_Balloon/paper_review_workspace_20260920/outputs/00_parent/activation_manuscript_proposal_20260926/FIG10_NEW_POSITIONS_b.csv
environment	3058	d3865b9ed697cd79e8b764b9ef820889dc49704f592a4f4273f171aaed84ac44	snapshot/project/paper_review_workspace_20260920/outputs/00_parent/antarctic_environment_20260924/code/build_native_spectra.py	/home/ubuntu/TES_511_Balloon/paper_review_workspace_20260920/outputs/00_parent/antarctic_environment_20260924/code/build_native_spectra.py
environment	5743	57da3dc0ac9f326f004fecd527613528f941a8dcb779cf43308af76553a11c76	snapshot/project/paper_review_workspace_20260920/outputs/00_parent/antarctic_environment_20260924/code/calculate_reweighting.py	/home/ubuntu/TES_511_Balloon/paper_review_workspace_20260920/outputs/00_parent/antarctic_environment_20260924/code/calculate_reweighting.py
environment	2128	1bcfb2b20376bcfa843765a588f17311acc344f5367cff2f4ea9db6cfef5eaf1	snapshot/project/paper_review_workspace_20260920/outputs/00_parent/antarctic_environment_20260924/code/generate_spectra.py	/home/ubuntu/TES_511_Balloon/paper_review_workspace_20260920/outputs/00_parent/antarctic_environment_20260924/code/generate_spectra.py
environment	1462	8203f1d12e9db8f838ca253508591ce8969755fc9c0f397d719d8dd209c721a5	snapshot/project/paper_review_workspace_20260920/outputs/00_parent/antarctic_environment_20260924/code/parma_point.cpp	/home/ubuntu/TES_511_Balloon/paper_review_workspace_20260920/outputs/00_parent/antarctic_environment_20260924/code/parma_point.cpp
figure_input	59719	029f727373a2f444a18e9a324d5bf471e8ab219388b3945093ee2900eb5a0fb5	snapshot/project/paper_review_workspace_20260920/outputs/00_parent/antarctic_environment_20260924/data/antarctic_native.csv	/home/ubuntu/TES_511_Balloon/paper_review_workspace_20260920/outputs/00_parent/antarctic_environment_20260924/data/antarctic_native.csv
evidence	4823	ca64491e279f5b0f311321138f8d731658ed4fbd3aae951c39131e5288893e45	snapshot/project/paper_review_workspace_20260920/outputs/00_parent/final_manuscript_20260926_activation/MACHINE_HANDOFF.json	/home/ubuntu/TES_511_Balloon/paper_review_workspace_20260920/outputs/00_parent/final_manuscript_20260926_activation/MACHINE_HANDOFF.json
evidence	4496	0aeade12c5d53419c0dbe799180b7a9dbe62e96b92ab327cb14a6813414b9edf	snapshot/project/paper_review_workspace_20260920/outputs/00_parent/final_manuscript_20260926_activation/README_ZH.md	/home/ubuntu/TES_511_Balloon/paper_review_workspace_20260920/outputs/00_parent/final_manuscript_20260926_activation/README_ZH.md
publication	4299	4c60e9fc75c6f73201dbea319c26e085848432a416ba6ce36c129f242c1d5526	snapshot/project/paper_review_workspace_20260920/outputs/00_parent/final_manuscript_20260926_activation/code/build_environment_figure.py	/home/ubuntu/TES_511_Balloon/paper_review_workspace_20260920/outputs/00_parent/final_manuscript_20260926_activation/code/build_environment_figure.py
publication	12698	5d6b7d88276a09af21e67bf0489be44e87389e03993869ee8f218190f91a2a8c	snapshot/project/paper_review_workspace_20260920/outputs/00_parent/final_manuscript_20260926_activation/code/build_manuscript.py	/home/ubuntu/TES_511_Balloon/paper_review_workspace_20260920/outputs/00_parent/final_manuscript_20260926_activation/code/build_manuscript.py
publication	2441	bba06085be1d642566c2547570010898dc472447adce583933ae295f8fe0ac00	snapshot/project/paper_review_workspace_20260920/outputs/00_parent/final_manuscript_20260926_activation/code/make_marked.py	/home/ubuntu/TES_511_Balloon/paper_review_workspace_20260920/outputs/00_parent/final_manuscript_20260926_activation/code/make_marked.py
publication	7184	a3f6b3f1fa94797e016d0291c3840d010322e0b0a79fc143a0c2de6cf020b894	snapshot/project/paper_review_workspace_20260920/outputs/00_parent/final_manuscript_20260926_activation/code/update_figures.py	/home/ubuntu/TES_511_Balloon/paper_review_workspace_20260920/outputs/00_parent/final_manuscript_20260926_activation/code/update_figures.py
publication	5952	2fb139685dee721456cd39d3012fcb2fe2f3e9c3ce734ef613d5808cd1b14dd4	snapshot/project/paper_review_workspace_20260920/outputs/00_parent/final_manuscript_20260926_activation/code/validate_package.py	/home/ubuntu/TES_511_Balloon/paper_review_workspace_20260920/outputs/00_parent/final_manuscript_20260926_activation/code/validate_package.py
paper_numeric_input	1379	0348b13716c966f61d806efc9afde2fded070bd28bf523888ba0a39302eba423	snapshot/project/paper_review_workspace_20260920/outputs/00_parent/final_manuscript_20260926_activation/data/ANCHORS.csv	/home/ubuntu/TES_511_Balloon/paper_review_workspace_20260920/outputs/00_parent/final_manuscript_20260926_activation/data/ANCHORS.csv
paper_numeric_input	6303	9f2925edc8e26b31f81f43da247ed7f2314b69cf58dfac5ee4dc0f079c86931c	snapshot/project/paper_review_workspace_20260920/outputs/00_parent/final_manuscript_20260926_activation/data/RESULTS.json	/home/ubuntu/TES_511_Balloon/paper_review_workspace_20260920/outputs/00_parent/final_manuscript_20260926_activation/data/RESULTS.json
paper_numeric_input	760	a113479dba9b7c525c70fb662a31a5811e8fb8cdcc9eb7f52b1bb2449975b736	snapshot/project/paper_review_workspace_20260920/outputs/00_parent/final_manuscript_20260926_activation/data/TEXT_BUILD_MANIFEST.json	/home/ubuntu/TES_511_Balloon/paper_review_workspace_20260920/outputs/00_parent/final_manuscript_20260926_activation/data/TEXT_BUILD_MANIFEST.json
paper_numeric_input	2563	c218c0b6f6290d750f1ee055b9ea574dde1b9f85e38da7db8030a3d720f1fd02	snapshot/project/paper_review_workspace_20260920/outputs/00_parent/final_manuscript_20260926_activation/data/a/anchor_000_results.json	/home/ubuntu/TES_511_Balloon/paper_review_workspace_20260920/outputs/00_parent/final_manuscript_20260926_activation/data/a/anchor_000_results.json
paper_numeric_input	2590	4c90600cdeb080f8b8a4831be58601a7429e7bf3b65ee918a0246b4d74e1e330	snapshot/project/paper_review_workspace_20260920/outputs/00_parent/final_manuscript_20260926_activation/data/a/anchor_020_results.json	/home/ubuntu/TES_511_Balloon/paper_review_workspace_20260920/outputs/00_parent/final_manuscript_20260926_activation/data/a/anchor_020_results.json
paper_numeric_input	2598	45a41b25f100dabb5631196d5775cb64f116ae75be68a72c9e2ce27d297152e0	snapshot/project/paper_review_workspace_20260920/outputs/00_parent/final_manuscript_20260926_activation/data/a/anchor_040_results.json	/home/ubuntu/TES_511_Balloon/paper_review_workspace_20260920/outputs/00_parent/final_manuscript_20260926_activation/data/a/anchor_040_results.json
paper_numeric_input	2600	708b7d6a36751973831f1686eb7df0b5c23cce343ce985f2c72b012981dac5ba	snapshot/project/paper_review_workspace_20260920/outputs/00_parent/final_manuscript_20260926_activation/data/a/anchor_060_results.json	/home/ubuntu/TES_511_Balloon/paper_review_workspace_20260920/outputs/00_parent/final_manuscript_20260926_activation/data/a/anchor_060_results.json
paper_numeric_input	2599	60051be6e936e53b6fe62170a08cf018959fa262d0d5ea42ab0c8930c817d2a6	snapshot/project/paper_review_workspace_20260920/outputs/00_parent/final_manuscript_20260926_activation/data/a/anchor_080_results.json	/home/ubuntu/TES_511_Balloon/paper_review_workspace_20260920/outputs/00_parent/final_manuscript_20260926_activation/data/a/anchor_080_results.json
paper_numeric_input	10896	946e240bc620ff0116991a39e6b15f475a1e5f82a6419dc147d3aa4ab15690b7	snapshot/project/paper_review_workspace_20260920/outputs/00_parent/final_manuscript_20260926_activation/data/a/direct_81nodes.csv	/home/ubuntu/TES_511_Balloon/paper_review_workspace_20260920/outputs/00_parent/final_manuscript_20260926_activation/data/a/direct_81nodes.csv
paper_numeric_input	55394	8e2774548c1be9a62d10c3bf1818629f250995a1a6d4bc9bb18cd257efa39d47	snapshot/project/paper_review_workspace_20260920/outputs/00_parent/final_manuscript_20260926_activation/data/a/direct_spectra.csv	/home/ubuntu/TES_511_Balloon/paper_review_workspace_20260920/outputs/00_parent/final_manuscript_20260926_activation/data/a/direct_spectra.csv
paper_numeric_input	19892	f7af6a66c428d18c32fc9cfaa6e8f5d3e14dbbd2ae583ddf23ef75e1cd5da9f9	snapshot/project/paper_review_workspace_20260920/outputs/00_parent/final_manuscript_20260926_activation/data/a/mission_81nodes.csv	/home/ubuntu/TES_511_Balloon/paper_review_workspace_20260920/outputs/00_parent/final_manuscript_20260926_activation/data/a/mission_81nodes.csv
paper_numeric_input	97013	14060d7b94b331f832f336f29cb88157632092d5a2f5e65930a232eb27c884ae	snapshot/project/paper_review_workspace_20260920/outputs/00_parent/final_manuscript_20260926_activation/data/a/selected_delayed_origins_enriched.csv	/home/ubuntu/TES_511_Balloon/paper_review_workspace_20260920/outputs/00_parent/final_manuscript_20260926_activation/data/a/selected_delayed_origins_enriched.csv
paper_numeric_input	2556	ad921c280d93a8fe6791a926c945752b30164d314c8a87c9bf9b84ed92a5d2c5	snapshot/project/paper_review_workspace_20260920/outputs/00_parent/final_manuscript_20260926_activation/data/b/anchor_000_results.json	/home/ubuntu/TES_511_Balloon/paper_review_workspace_20260920/outputs/00_parent/final_manuscript_20260926_activation/data/b/anchor_000_results.json
paper_numeric_input	2583	a0743c3e61986452e6bf1d588e50568dd6562b145156b1ad4e6630184ebd3ebd	snapshot/project/paper_review_workspace_20260920/outputs/00_parent/final_manuscript_20260926_activation/data/b/anchor_020_results.json	/home/ubuntu/TES_511_Balloon/paper_review_workspace_20260920/outputs/00_parent/final_manuscript_20260926_activation/data/b/anchor_020_results.json
paper_numeric_input	2451	043e8b98007099f7a5f9d16434bf9cec4ae38b9ffc7218b455ec4e31dfc58c49	snapshot/project/paper_review_workspace_20260920/outputs/00_parent/final_manuscript_20260926_activation/data/b/anchor_040_results.json	/home/ubuntu/TES_511_Balloon/paper_review_workspace_20260920/outputs/00_parent/final_manuscript_20260926_activation/data/b/anchor_040_results.json
paper_numeric_input	2584	5ea1377660a65075f45277cf875386c7c4c9154d5d3adc4db4ad6204c0401108	snapshot/project/paper_review_workspace_20260920/outputs/00_parent/final_manuscript_20260926_activation/data/b/anchor_060_results.json	/home/ubuntu/TES_511_Balloon/paper_review_workspace_20260920/outputs/00_parent/final_manuscript_20260926_activation/data/b/anchor_060_results.json
paper_numeric_input	2584	cd5820caeea6df55b34c5e60e1d5a5bfdbe05d62060b4ebd5a49747dc90d4e64	snapshot/project/paper_review_workspace_20260920/outputs/00_parent/final_manuscript_20260926_activation/data/b/anchor_080_results.json	/home/ubuntu/TES_511_Balloon/paper_review_workspace_20260920/outputs/00_parent/final_manuscript_20260926_activation/data/b/anchor_080_results.json
paper_numeric_input	11062	2a035d19191bd35f46c36b462c83f561267c0bc511acc070b10a721f456c44a8	snapshot/project/paper_review_workspace_20260920/outputs/00_parent/final_manuscript_20260926_activation/data/b/direct_81nodes.csv	/home/ubuntu/TES_511_Balloon/paper_review_workspace_20260920/outputs/00_parent/final_manuscript_20260926_activation/data/b/direct_81nodes.csv
paper_numeric_input	63523	9a6b33cde724da394948780b3a07900e54f2d8ee026a2a1a53432b96b09f2447	snapshot/project/paper_review_workspace_20260920/outputs/00_parent/final_manuscript_20260926_activation/data/b/direct_spectra.csv	/home/ubuntu/TES_511_Balloon/paper_review_workspace_20260920/outputs/00_parent/final_manuscript_20260926_activation/data/b/direct_spectra.csv
paper_numeric_input	20088	24ecbb7a3debb59f4d9072c64e3501a2144b1c6aba06963873e07b90be7e1467	snapshot/project/paper_review_workspace_20260920/outputs/00_parent/final_manuscript_20260926_activation/data/b/mission_81nodes.csv	/home/ubuntu/TES_511_Balloon/paper_review_workspace_20260920/outputs/00_parent/final_manuscript_20260926_activation/data/b/mission_81nodes.csv
paper_numeric_input	30140	5155223a01391642c8a2e0cffb26e3eef0ca6c4ef73982d02b5aa2fc756d4e63	snapshot/project/paper_review_workspace_20260920/outputs/00_parent/final_manuscript_20260926_activation/data/b/selected_delayed_origins_enriched.csv	/home/ubuntu/TES_511_Balloon/paper_review_workspace_20260920/outputs/00_parent/final_manuscript_20260926_activation/data/b/selected_delayed_origins_enriched.csv
paper_numeric_input	4914	f0ad5446655a654bdca9a64ca6a1137c8362c22135a15fbe1be161b689184389	snapshot/project/paper_review_workspace_20260920/outputs/00_parent/final_manuscript_20260926_activation/data/environment_results.json	/home/ubuntu/TES_511_Balloon/paper_review_workspace_20260920/outputs/00_parent/final_manuscript_20260926_activation/data/environment_results.json
paper_numeric_input	711	06d170202b6866bae3221673bfeca2b7216d13de0193d10ac463012f1cd7ea1e	snapshot/project/paper_review_workspace_20260920/outputs/00_parent/final_manuscript_20260926_activation/data/figure17_values.json	/home/ubuntu/TES_511_Balloon/paper_review_workspace_20260920/outputs/00_parent/final_manuscript_20260926_activation/data/figure17_values.json
paper_numeric_input	44331	5e91c55526e4a68cb03993107cb91e4a42a24fd754c5df329db70fd588d1ce41	snapshot/project/paper_review_workspace_20260920/outputs/00_parent/final_manuscript_20260926_activation/data/paper_values_corrected_current_sample.json	/home/ubuntu/TES_511_Balloon/paper_review_workspace_20260920/outputs/00_parent/final_manuscript_20260926_activation/data/paper_values_corrected_current_sample.json
paper_numeric_input	3678	08105818ac4a7ba1c701fb80c03790a26ca1627669adcc138b98cdb7388daf2d	snapshot/project/paper_review_workspace_20260920/outputs/00_parent/final_manuscript_20260926_activation/data/parent_nuclide_figure_data.json	/home/ubuntu/TES_511_Balloon/paper_review_workspace_20260920/outputs/00_parent/final_manuscript_20260926_activation/data/parent_nuclide_figure_data.json
paper_numeric_input	6126	70370c8cbc7fdf79992128b1c4962ff6b418cc22df65e93733d987eb01245033	snapshot/project/paper_review_workspace_20260920/outputs/00_parent/final_manuscript_20260926_activation/data/table3_delayed_replacement.json	/home/ubuntu/TES_511_Balloon/paper_review_workspace_20260920/outputs/00_parent/final_manuscript_20260926_activation/data/table3_delayed_replacement.json
paper_numeric_input	55394	8e2774548c1be9a62d10c3bf1818629f250995a1a6d4bc9bb18cd257efa39d47	snapshot/project/paper_review_workspace_20260920/outputs/00_parent/final_manuscript_20260926_activation/data/timeline_a_500/direct_measured_energy_day15_0p25keV.csv	/home/ubuntu/TES_511_Balloon/paper_review_workspace_20260920/outputs/00_parent/final_manuscript_20260926_activation/data/timeline_a_500/direct_measured_energy_day15_0p25keV.csv
paper_numeric_input	63523	9a6b33cde724da394948780b3a07900e54f2d8ee026a2a1a53432b96b09f2447	snapshot/project/paper_review_workspace_20260920/outputs/00_parent/final_manuscript_20260926_activation/data/timeline_b_500/direct_measured_energy_day15_0p25keV.csv	/home/ubuntu/TES_511_Balloon/paper_review_workspace_20260920/outputs/00_parent/final_manuscript_20260926_activation/data/timeline_b_500/direct_measured_energy_day15_0p25keV.csv
figure_support	2773	9cf8b6fcec82b8349ece5da3f274dd574a463a1e843a567275f9f1de72b53b96	snapshot/project/paper_review_workspace_20260920/outputs/00_parent/revision_20260921_3d_structure/code/build_manuscript.py	/home/ubuntu/TES_511_Balloon/paper_review_workspace_20260920/outputs/00_parent/revision_20260921_3d_structure/code/build_manuscript.py
figure_support	6865	a7d4806092440db86fb8c27b5aa5263b31ebf2ba7fd50f38c75d9a204eec944d	snapshot/project/paper_review_workspace_20260920/outputs/00_parent/revision_20260921_3d_structure/code/build_marked.py	/home/ubuntu/TES_511_Balloon/paper_review_workspace_20260920/outputs/00_parent/revision_20260921_3d_structure/code/build_marked.py
figure_support	12645	3e0e26de347d5761b85c135a42bdef0f0a70b4616d054885287ee120d2815fe0	snapshot/project/paper_review_workspace_20260920/outputs/00_parent/revision_20260921_3d_structure/code/draw_structure.py	/home/ubuntu/TES_511_Balloon/paper_review_workspace_20260920/outputs/00_parent/revision_20260921_3d_structure/code/draw_structure.py
figure_support	3207	dfe3808e771ad3d021b13eb38d1c9b99821c7022c2f5200017036cff02443ac9	snapshot/project/paper_review_workspace_20260920/outputs/00_parent/revision_20260921_3d_structure/code/validate_delivery.py	/home/ubuntu/TES_511_Balloon/paper_review_workspace_20260920/outputs/00_parent/revision_20260921_3d_structure/code/validate_delivery.py
figure_support	7424	85a4134b78adb5c119499c6d550c7ed89d2d8a5095b089ef5f798107673e8724	snapshot/project/paper_review_workspace_20260920/outputs/00_parent/revision_20260921_AA_continuous/code/analyze.py	/home/ubuntu/TES_511_Balloon/paper_review_workspace_20260920/outputs/00_parent/revision_20260921_AA_continuous/code/analyze.py
figure_support	1513	a5a200b16492265e6bd2f1fea88796881b6d0938000a71474b18b5d76084a759	snapshot/project/paper_review_workspace_20260920/outputs/00_parent/revision_20260921_AA_continuous/code/auxiliary_data.py	/home/ubuntu/TES_511_Balloon/paper_review_workspace_20260920/outputs/00_parent/revision_20260921_AA_continuous/code/auxiliary_data.py
figure_support	7501	7400c9e7943193e12c1bd26ad88f387fd34bdd56a75e78c0685dd0c1874be281	snapshot/project/paper_review_workspace_20260920/outputs/00_parent/revision_20260921_AA_continuous/code/build_marked.py	/home/ubuntu/TES_511_Balloon/paper_review_workspace_20260920/outputs/00_parent/revision_20260921_AA_continuous/code/build_marked.py
figure_support	3940	4e5b35addf8c1d2d27d85fd0857985d8134cc473c38101538153bbd321f0f01b	snapshot/project/paper_review_workspace_20260920/outputs/00_parent/revision_20260921_AA_continuous/code/common.py	/home/ubuntu/TES_511_Balloon/paper_review_workspace_20260920/outputs/00_parent/revision_20260921_AA_continuous/code/common.py
figure_support	3343	1526eb1a5e4a464078c9e783bed33208104665d15bf1bba759c6da9419e5cf64	snapshot/project/paper_review_workspace_20260920/outputs/00_parent/revision_20260921_AA_continuous/code/continuous_disk.py	/home/ubuntu/TES_511_Balloon/paper_review_workspace_20260920/outputs/00_parent/revision_20260921_AA_continuous/code/continuous_disk.py
figure_support	1912	625a2bfea54b9aef0f1478f6fa84ba644953a942155ae2ee779d3833867a59cd	snapshot/project/paper_review_workspace_20260920/outputs/00_parent/revision_20260921_AA_continuous/code/finish_setup.py	/home/ubuntu/TES_511_Balloon/paper_review_workspace_20260920/outputs/00_parent/revision_20260921_AA_continuous/code/finish_setup.py
figure_support	9729	c6d98aedbd08500d15d9e65062df76c20de9b13464378c7a09d3860ea2dc5622	snapshot/project/paper_review_workspace_20260920/outputs/00_parent/revision_20260921_AA_continuous/code/legacy_side_compton.py	/home/ubuntu/TES_511_Balloon/paper_review_workspace_20260920/outputs/00_parent/revision_20260921_AA_continuous/code/legacy_side_compton.py
figure_support	8369	a96911196b271e633ceef177fc9131bf40dad3482146eeb558a8c8e0b98271d5	snapshot/project/paper_review_workspace_20260920/outputs/00_parent/revision_20260921_AA_continuous/code/original_analyze.py	/home/ubuntu/TES_511_Balloon/paper_review_workspace_20260920/outputs/00_parent/revision_20260921_AA_continuous/code/original_analyze.py
figure_support	825	6b00f843565f9a846a6a8c36dae2083455a393cfdc276e0902f22907ecefa7e1	snapshot/project/paper_review_workspace_20260920/outputs/00_parent/revision_20260921_AA_continuous/code/original_run_timelines.py	/home/ubuntu/TES_511_Balloon/paper_review_workspace_20260920/outputs/00_parent/revision_20260921_AA_continuous/code/original_run_timelines.py
figure_support	3876	1ebf10deaa1602d2725ff6a912bf1d1ad6ea2d7f611a3dcd8e168b0f93764d7b	snapshot/project/paper_review_workspace_20260920/outputs/00_parent/revision_20260921_AA_continuous/code/origins.py	/home/ubuntu/TES_511_Balloon/paper_review_workspace_20260920/outputs/00_parent/revision_20260921_AA_continuous/code/origins.py
figure_support	5688	5f3b7d66b04031f238f681486993ec5ab3552b2b22a5972057850162c9621cbd	snapshot/project/paper_review_workspace_20260920/outputs/00_parent/revision_20260921_AA_continuous/code/pixel_geometry_compton.py	/home/ubuntu/TES_511_Balloon/paper_review_workspace_20260920/outputs/00_parent/revision_20260921_AA_continuous/code/pixel_geometry_compton.py
figure_support	7821	e578f3249f3496b40e79c5dee793fb0baf6c4d9f3c169034b7004fe6d665f2db	snapshot/project/paper_review_workspace_20260920/outputs/00_parent/revision_20260921_AA_continuous/code/prepare_response.py	/home/ubuntu/TES_511_Balloon/paper_review_workspace_20260920/outputs/00_parent/revision_20260921_AA_continuous/code/prepare_response.py
figure_support	5522	d374d879d6035fafa76dccd3711f7c02807436ab6bebfd175b6cb39bfda98292	snapshot/project/paper_review_workspace_20260920/outputs/00_parent/revision_20260921_AA_continuous/code/prepare_timelines.py	/home/ubuntu/TES_511_Balloon/paper_review_workspace_20260920/outputs/00_parent/revision_20260921_AA_continuous/code/prepare_timelines.py
figure_support	22248	1c710820ef4d10feecb4207cc7200e72f36ed6bbae9f1eeecc43b8b9acfe84c3	snapshot/project/paper_review_workspace_20260920/outputs/00_parent/revision_20260921_AA_continuous/code/retained_figure_styles.py	/home/ubuntu/TES_511_Balloon/paper_review_workspace_20260920/outputs/00_parent/revision_20260921_AA_continuous/code/retained_figure_styles.py
figure_support	1033	c599fb21d7ab319c498d8a4d59c423f48609cd3d5805d808de34ca38a498c359	snapshot/project/paper_review_workspace_20260920/outputs/00_parent/revision_20260921_AA_continuous/code/run_timelines.py	/home/ubuntu/TES_511_Balloon/paper_review_workspace_20260920/outputs/00_parent/revision_20260921_AA_continuous/code/run_timelines.py
figure_support	5224	1626bd58b81cd55d6fb1c7668cf4598ccfe9b65e86e16150135e13ad59ab9da4	snapshot/project/paper_review_workspace_20260920/outputs/00_parent/revision_20260921_AA_continuous/code/summarize.py	/home/ubuntu/TES_511_Balloon/paper_review_workspace_20260920/outputs/00_parent/revision_20260921_AA_continuous/code/summarize.py
figure_support	3644	b0edca5e679ce965cccfb27681f769d9e6aad53de875f8128ec31f3892323f66	snapshot/project/paper_review_workspace_20260920/outputs/00_parent/revision_20260921_AA_continuous/code/sync_figures.py	/home/ubuntu/TES_511_Balloon/paper_review_workspace_20260920/outputs/00_parent/revision_20260921_AA_continuous/code/sync_figures.py
figure_support	13379	88e3428af6b8494498a7fcfcfbef16d576db060d0ab9a1d31eb55728739bd8e6	snapshot/project/paper_review_workspace_20260920/outputs/00_parent/revision_20260921_AA_continuous/code/sync_paper.py	/home/ubuntu/TES_511_Balloon/paper_review_workspace_20260920/outputs/00_parent/revision_20260921_AA_continuous/code/sync_paper.py
figure_support	4770	00c598749fbc6187feef10d9cafa9b9ac5666ad87faf913161eb8ea958c416a0	snapshot/project/paper_review_workspace_20260920/outputs/00_parent/revision_20260921_AA_continuous/code/timeline_deferred.cpp	/home/ubuntu/TES_511_Balloon/paper_review_workspace_20260920/outputs/00_parent/revision_20260921_AA_continuous/code/timeline_deferred.cpp
figure_support	3998	3103d0cf663700e2323b1c42cf0ffa307994bd5035d35e9d3e623499401a2453	snapshot/project/paper_review_workspace_20260920/outputs/00_parent/revision_20260921_AA_continuous/code/timeline_direct.cpp	/home/ubuntu/TES_511_Balloon/paper_review_workspace_20260920/outputs/00_parent/revision_20260921_AA_continuous/code/timeline_direct.cpp
figure_support	2391	4294f20c981cb06ab498f7abedcc6d2db17a66c0bdc290b8c2aa2d6f1d5dddea	snapshot/project/paper_review_workspace_20260920/outputs/00_parent/revision_20260921_AA_continuous/code/validate_continuous.py	/home/ubuntu/TES_511_Balloon/paper_review_workspace_20260920/outputs/00_parent/revision_20260921_AA_continuous/code/validate_continuous.py
figure_support	2481	b2b3064227256ecabf90417dcbd40c88fbd5d1b9007f6f2bba865fbbb28cd3cc	snapshot/project/paper_review_workspace_20260920/outputs/00_parent/revision_20260921_AA_continuous/code/validate_delivery.py	/home/ubuntu/TES_511_Balloon/paper_review_workspace_20260920/outputs/00_parent/revision_20260921_AA_continuous/code/validate_delivery.py
figure_support	17820	2598abea3b7289a74ed0bbf81943ca29c035ed5511bc70dd33be17dd4f555891	snapshot/project/paper_review_workspace_20260920/outputs/00_parent/revision_20260921_AA_continuous/code/write_reports.py	/home/ubuntu/TES_511_Balloon/paper_review_workspace_20260920/outputs/00_parent/revision_20260921_AA_continuous/code/write_reports.py
figure_support	3842	3f5f50da5d8fb3f14c938c24dd92261c4807488ce019b8ace60a931f4d22b556	snapshot/project/paper_review_workspace_20260920/outputs/00_parent/revision_20260921_pro_figures_markers/code/aa_section.py	/home/ubuntu/TES_511_Balloon/paper_review_workspace_20260920/outputs/00_parent/revision_20260921_pro_figures_markers/code/aa_section.py
figure_support	8521	87450087f3fc8f82467f29ade41c22bf7bb873eef509f3875af976d1f5ba9813	snapshot/project/paper_review_workspace_20260920/outputs/00_parent/revision_20260921_pro_figures_markers/code/build_revision.py	/home/ubuntu/TES_511_Balloon/paper_review_workspace_20260920/outputs/00_parent/revision_20260921_pro_figures_markers/code/build_revision.py
figure_support	14605	72dcb36e6919bc84013127e2843384fc5590b3a206cc651593951a4eb087028d	snapshot/project/paper_review_workspace_20260920/outputs/00_parent/revision_20260921_pro_figures_markers/code/draw_figures.py	/home/ubuntu/TES_511_Balloon/paper_review_workspace_20260920/outputs/00_parent/revision_20260921_pro_figures_markers/code/draw_figures.py
figure_support	5384	193ffc6cfd0fd1b34b4db007fb3e66629d31ab2e31775b65abd1c6499e9277d4	snapshot/project/paper_review_workspace_20260920/outputs/00_parent/revision_20260921_pro_figures_markers/code/validate_delivery.py	/home/ubuntu/TES_511_Balloon/paper_review_workspace_20260920/outputs/00_parent/revision_20260921_pro_figures_markers/code/validate_delivery.py
editorial	9671	05ffce31f663c5124c686b05837566eab924bf8d2c1120778d9cdc48c5e1c330	snapshot/project/paper_review_workspace_20260920/outputs/00_parent/revision_20260927_ea_references/code/package_revision.py	/home/ubuntu/TES_511_Balloon/paper_review_workspace_20260920/outputs/00_parent/revision_20260927_ea_references/code/package_revision.py
editorial	4668	7d60fad44faad291105b8c1fb26d4a9faddad7e2ee136f1af0170a2fdea1a531	snapshot/project/paper_review_workspace_20260920/outputs/00_parent/revision_20260927_ea_references/code/prepare_revision.py	/home/ubuntu/TES_511_Balloon/paper_review_workspace_20260920/outputs/00_parent/revision_20260927_ea_references/code/prepare_revision.py
evidence	1246	d76e37b5282715c0551d420724e1c072f6e7a31b21eeaf9671745226a40b3858	snapshot/project/paper_review_workspace_20260920/outputs/00_parent/revision_20260927_pairs_blue/README_ZH.md	/home/ubuntu/TES_511_Balloon/paper_review_workspace_20260920/outputs/00_parent/revision_20260927_pairs_blue/README_ZH.md
editorial	6503	934a9894d93cc781182beeee6fc30feb7fdbf61f291c8bc7ce27b992878aab40	snapshot/project/paper_review_workspace_20260920/outputs/00_parent/revision_20260927_pairs_blue/code/build.py	/home/ubuntu/TES_511_Balloon/paper_review_workspace_20260920/outputs/00_parent/revision_20260927_pairs_blue/code/build.py
evidence	7211	d733ac73f6c99eab78a31401ceba73bdf9dd604435616088ceffbbaf5c07d8d4	snapshot/project/paper_review_workspace_20260920/outputs/00_parent/three_stream_poisson_20260921/SOURCE_MANIFEST.json	/home/ubuntu/TES_511_Balloon/paper_review_workspace_20260920/outputs/00_parent/three_stream_poisson_20260921/SOURCE_MANIFEST.json
timeline	8369	a96911196b271e633ceef177fc9131bf40dad3482146eeb558a8c8e0b98271d5	snapshot/project/paper_review_workspace_20260920/outputs/00_parent/three_stream_poisson_20260921/code/analyze.py	/home/ubuntu/TES_511_Balloon/paper_review_workspace_20260920/outputs/00_parent/three_stream_poisson_20260921/code/analyze.py
timeline	2205	48cb841dcf95c473482aec6a2d4cd16fb577cadcb3c1b65fc89e795431aeed68	snapshot/project/paper_review_workspace_20260920/outputs/00_parent/three_stream_poisson_20260921/code/compact_marks.py	/home/ubuntu/TES_511_Balloon/paper_review_workspace_20260920/outputs/00_parent/three_stream_poisson_20260921/code/compact_marks.py
timeline	4240	26538ac8a6807f7e523abe9f84aee9b718a478b9c54a3f81d12a2079249a7baf	snapshot/project/paper_review_workspace_20260920/outputs/00_parent/three_stream_poisson_20260921/code/prepare.py	/home/ubuntu/TES_511_Balloon/paper_review_workspace_20260920/outputs/00_parent/three_stream_poisson_20260921/code/prepare.py
timeline	5569	59d8a64fd53dae3b83cb210fa8c1a9ab33483f701d5ea039d69ed4f79fc2cf18	snapshot/project/paper_review_workspace_20260920/outputs/00_parent/three_stream_poisson_20260921/code/propose_methods.py	/home/ubuntu/TES_511_Balloon/paper_review_workspace_20260920/outputs/00_parent/three_stream_poisson_20260921/code/propose_methods.py
timeline	825	6b00f843565f9a846a6a8c36dae2083455a393cfdc276e0902f22907ecefa7e1	snapshot/project/paper_review_workspace_20260920/outputs/00_parent/three_stream_poisson_20260921/code/run_timelines.py	/home/ubuntu/TES_511_Balloon/paper_review_workspace_20260920/outputs/00_parent/three_stream_poisson_20260921/code/run_timelines.py
timeline	9901	9fcad04b5f30df6e31ebebeb3d9e33780177c941a7fcc94969264967670bb5e0	snapshot/project/paper_review_workspace_20260920/outputs/00_parent/three_stream_poisson_20260921/code/summarize.py	/home/ubuntu/TES_511_Balloon/paper_review_workspace_20260920/outputs/00_parent/three_stream_poisson_20260921/code/summarize.py
timeline	4680	0ade71ed62a586bc709f4d50a66c2bd22c1d8c762bfba52ad542f1c38e459305	snapshot/project/paper_review_workspace_20260920/outputs/00_parent/three_stream_poisson_20260921/code/timeline_deferred.cpp	/home/ubuntu/TES_511_Balloon/paper_review_workspace_20260920/outputs/00_parent/three_stream_poisson_20260921/code/timeline_deferred.cpp
timeline	3998	3103d0cf663700e2323b1c42cf0ffa307994bd5035d35e9d3e623499401a2453	snapshot/project/paper_review_workspace_20260920/outputs/00_parent/three_stream_poisson_20260921/code/timeline_direct.cpp	/home/ubuntu/TES_511_Balloon/paper_review_workspace_20260920/outputs/00_parent/three_stream_poisson_20260921/code/timeline_direct.cpp
timeline	1785	177d8ab20b43ec2dc1735fbfa56f9c5464d69d665a83f41eb14a000a63387410	snapshot/project/paper_review_workspace_20260920/outputs/00_parent/three_stream_poisson_20260921/code/validate_deferred.py	/home/ubuntu/TES_511_Balloon/paper_review_workspace_20260920/outputs/00_parent/three_stream_poisson_20260921/code/validate_deferred.py
timeline	1309	464e31a4f09ea8a7a1b295627647bcc78224cf09d5de8ca6a915c7a5d5be3d05	snapshot/project/paper_review_workspace_20260920/outputs/00_parent/three_stream_poisson_20260921/code/validate_response.py	/home/ubuntu/TES_511_Balloon/paper_review_workspace_20260920/outputs/00_parent/three_stream_poisson_20260921/code/validate_response.py
timeline	1678	6c5cdf965dd984126f084a0dff662d9b312c40fdc5e365a590f29aa23729fc8e	snapshot/project/paper_review_workspace_20260920/outputs/00_parent/three_stream_poisson_20260921/code/validate_timeline.py	/home/ubuntu/TES_511_Balloon/paper_review_workspace_20260920/outputs/00_parent/three_stream_poisson_20260921/code/validate_timeline.py
timeline	14141	7c8a265b9442cfcbaa0d7ffa4902f3ffda6a420811d2e8217694aa5f6cdde33c	snapshot/project/paper_review_workspace_20260920/outputs/00_parent/three_stream_poisson_20260921/code/write_report.py	/home/ubuntu/TES_511_Balloon/paper_review_workspace_20260920/outputs/00_parent/three_stream_poisson_20260921/code/write_report.py
optics	580	5b2c59d85f6c922f7a5b09ecb7f5d80a12f020d600d5551c5f730424019b7010	snapshot/project/paper_review_workspace_20260920/outputs/01_intro_geometry_optics/c_repair_20260920/CMakeLists.txt	/home/ubuntu/TES_511_Balloon/paper_review_workspace_20260920/outputs/01_intro_geometry_optics/c_repair_20260920/CMakeLists.txt
evidence	5605	be6cdb5270388830f8d05f6148d83eda620db7721e05389500a1051cbcf61798	snapshot/project/paper_review_workspace_20260920/outputs/01_intro_geometry_optics/c_repair_20260920/README_ZH.md	/home/ubuntu/TES_511_Balloon/paper_review_workspace_20260920/outputs/01_intro_geometry_optics/c_repair_20260920/README_ZH.md
optics	12010	5f4b870b38deadcdc154e19634c5873518c154b06a989624527133d3addc3958	snapshot/project/paper_review_workspace_20260920/outputs/01_intro_geometry_optics/c_repair_20260920/code/analyze_suite.py	/home/ubuntu/TES_511_Balloon/paper_review_workspace_20260920/outputs/01_intro_geometry_optics/c_repair_20260920/code/analyze_suite.py
optics	5806	10b8170583ac5cad7e2bbb7bcffcfa8f18a443578ce7802fd32c4a0975058ef3	snapshot/project/paper_review_workspace_20260920/outputs/01_intro_geometry_optics/c_repair_20260920/code/build_reference.py	/home/ubuntu/TES_511_Balloon/paper_review_workspace_20260920/outputs/01_intro_geometry_optics/c_repair_20260920/code/build_reference.py
optics	2323	cce6a086d3a5a1690ce5c3a911eab8fc40b25b226b83b82f111ae6867b2763f7	snapshot/project/paper_review_workspace_20260920/outputs/01_intro_geometry_optics/c_repair_20260920/code/export_focus.py	/home/ubuntu/TES_511_Balloon/paper_review_workspace_20260920/outputs/01_intro_geometry_optics/c_repair_20260920/code/export_focus.py
optics	7099	9b6a2060f644b8b7721d06227c4c09494829691b67da29ca5963a8f0bbdf6c8c	snapshot/project/paper_review_workspace_20260920/outputs/01_intro_geometry_optics/c_repair_20260920/code/finalize_release.py	/home/ubuntu/TES_511_Balloon/paper_review_workspace_20260920/outputs/01_intro_geometry_optics/c_repair_20260920/code/finalize_release.py
optics	4103	193b7acdc2cf64bcd9ac09b23399d41f561e64e0e26c60b09dece3f557bab591	snapshot/project/paper_review_workspace_20260920/outputs/01_intro_geometry_optics/c_repair_20260920/code/geometry_report.py	/home/ubuntu/TES_511_Balloon/paper_review_workspace_20260920/outputs/01_intro_geometry_optics/c_repair_20260920/code/geometry_report.py
optics	3122	1d0c23acf07dd79d898a5c88a1fcecf80b63fb80a0b40c0ec910deb6fc889aaa	snapshot/project/paper_review_workspace_20260920/outputs/01_intro_geometry_optics/c_repair_20260920/code/reference_audit.py	/home/ubuntu/TES_511_Balloon/paper_review_workspace_20260920/outputs/01_intro_geometry_optics/c_repair_20260920/code/reference_audit.py
optics	2452	08cdfd24b20e184d787c7448e59e8ce00dbc19b8081925107da423cd5a8b2bf1	snapshot/project/paper_review_workspace_20260920/outputs/01_intro_geometry_optics/c_repair_20260920/code/release_checks.py	/home/ubuntu/TES_511_Balloon/paper_review_workspace_20260920/outputs/01_intro_geometry_optics/c_repair_20260920/code/release_checks.py
optics	4240	4fa77ac6a57dc01b3479559420be2b359949c889a391fa8a637a85f18b8a6f29	snapshot/project/paper_review_workspace_20260920/outputs/01_intro_geometry_optics/c_repair_20260920/code/run_suite.py	/home/ubuntu/TES_511_Balloon/paper_review_workspace_20260920/outputs/01_intro_geometry_optics/c_repair_20260920/code/run_suite.py
evidence	6995	93a62865b6924eb3c151e373a15b36f5cc749fd7c4e6df34172dedcec5f74e29	snapshot/project/paper_review_workspace_20260920/outputs/01_intro_geometry_optics/c_repair_20260920/paper_ready/focus_export_manifest.json	/home/ubuntu/TES_511_Balloon/paper_review_workspace_20260920/outputs/01_intro_geometry_optics/c_repair_20260920/paper_ready/focus_export_manifest.json
evidence	24092	2ef0143aaa6c5a13c5d85e24eb1e0efade75c89cfb8eeec64d486eeada252650	snapshot/project/paper_review_workspace_20260920/outputs/01_intro_geometry_optics/c_repair_20260920/reports/release_manifest.json	/home/ubuntu/TES_511_Balloon/paper_review_workspace_20260920/outputs/01_intro_geometry_optics/c_repair_20260920/reports/release_manifest.json
optics	5636	a55d55450facd8ed71b59fe1252f5fb05a233e06d35b0d2353252c2dd831df05	snapshot/project/paper_review_workspace_20260920/outputs/01_intro_geometry_optics/c_repair_20260920/src/CrystalKernel.hh	/home/ubuntu/TES_511_Balloon/paper_review_workspace_20260920/outputs/01_intro_geometry_optics/c_repair_20260920/src/CrystalKernel.hh
optics	1385	eefd0b09891aa3accc69c886f1c1291d4b6a93c55b5a30f1dfc742e2fe78eef2	snapshot/project/paper_review_workspace_20260920/outputs/01_intro_geometry_optics/c_repair_20260920/src/kernel_check.cc	/home/ubuntu/TES_511_Balloon/paper_review_workspace_20260920/outputs/01_intro_geometry_optics/c_repair_20260920/src/kernel_check.cc
optics	21363	fef7c4a37d0d85d1a85c69d1637838a5df745790d6db6dae815f2a9bb94e99c4	snapshot/project/paper_review_workspace_20260920/outputs/01_intro_geometry_optics/c_repair_20260920/src/laue511.cc	/home/ubuntu/TES_511_Balloon/paper_review_workspace_20260920/outputs/01_intro_geometry_optics/c_repair_20260920/src/laue511.cc
evidence	1817	c8a044e7124e74df10087b4843f6c592cb2e93b97c3a7adcc1f84e3bb1752e88	snapshot/project/paper_review_workspace_20260920/outputs/02_sources_response_compton/corrected_optics_signal_20260920/README_ZH.md	/home/ubuntu/TES_511_Balloon/paper_review_workspace_20260920/outputs/02_sources_response_compton/corrected_optics_signal_20260920/README_ZH.md
signal_response	10843	63118c9102ae2fbf08b0e300debf833aa0d9dccb5a98ff4c8e0e73bb43ad01c0	snapshot/project/paper_review_workspace_20260920/outputs/02_sources_response_compton/corrected_optics_signal_20260920/code/analyze_signal.py	/home/ubuntu/TES_511_Balloon/paper_review_workspace_20260920/outputs/02_sources_response_compton/corrected_optics_signal_20260920/code/analyze_signal.py
signal_response	9338	9a5575551efd0e26b2093ca1a5a5f79de13ae76bd836638df34e45fadd54afd1	snapshot/project/paper_review_workspace_20260920/outputs/02_sources_response_compton/corrected_optics_signal_20260920/code/build_inputs.py	/home/ubuntu/TES_511_Balloon/paper_review_workspace_20260920/outputs/02_sources_response_compton/corrected_optics_signal_20260920/code/build_inputs.py
signal_response	2738	b670e0add5f0dbbf4aa351065ac0d67aa99588370a086c2de8712d2b70303598	snapshot/project/paper_review_workspace_20260920/outputs/02_sources_response_compton/corrected_optics_signal_20260920/code/build_internal_diagnostic.py	/home/ubuntu/TES_511_Balloon/paper_review_workspace_20260920/outputs/02_sources_response_compton/corrected_optics_signal_20260920/code/build_internal_diagnostic.py
signal_response	10679	d8a7253c5097d6316e15d640af9af3c7e29301b5016dbfbce3a52af5b964db39	snapshot/project/paper_review_workspace_20260920/outputs/02_sources_response_compton/corrected_optics_signal_20260920/code/finalize_numeric.py	/home/ubuntu/TES_511_Balloon/paper_review_workspace_20260920/outputs/02_sources_response_compton/corrected_optics_signal_20260920/code/finalize_numeric.py
signal_response	9729	c6d98aedbd08500d15d9e65062df76c20de9b13464378c7a09d3860ea2dc5622	snapshot/project/paper_review_workspace_20260920/outputs/02_sources_response_compton/corrected_optics_signal_20260920/code/legacy_side_compton.py	/home/ubuntu/TES_511_Balloon/paper_review_workspace_20260920/outputs/02_sources_response_compton/corrected_optics_signal_20260920/code/legacy_side_compton.py
signal_response	5688	5f3b7d66b04031f238f681486993ec5ab3552b2b22a5972057850162c9621cbd	snapshot/project/paper_review_workspace_20260920/outputs/02_sources_response_compton/corrected_optics_signal_20260920/code/pixel_geometry_compton.py	/home/ubuntu/TES_511_Balloon/paper_review_workspace_20260920/outputs/02_sources_response_compton/corrected_optics_signal_20260920/code/pixel_geometry_compton.py
signal_response	1798	9f8ff672f3ecaa34361fa3ebc5f8c91efa58505415bc1628e4aea1275c1b7b3c	snapshot/project/paper_review_workspace_20260920/outputs/02_sources_response_compton/corrected_optics_signal_20260920/code/run_transport.py	/home/ubuntu/TES_511_Balloon/paper_review_workspace_20260920/outputs/02_sources_response_compton/corrected_optics_signal_20260920/code/run_transport.py
signal_response	3396	199c28d2fe5c5799272b243d9166292cdf59abd2c06c9c314b8dcdb52251e62d	snapshot/project/paper_review_workspace_20260920/outputs/02_sources_response_compton/corrected_optics_signal_20260920/code/sync_manuscript_numbers.py	/home/ubuntu/TES_511_Balloon/paper_review_workspace_20260920/outputs/02_sources_response_compton/corrected_optics_signal_20260920/code/sync_manuscript_numbers.py
signal_response	9473	bd78296cdefa77e9498575ef9e862b738d8c0a4382283019c3bc14d95f12d81f	snapshot/project/paper_review_workspace_20260920/outputs/02_sources_response_compton/corrected_optics_signal_20260920/code/validate_source_closure.py	/home/ubuntu/TES_511_Balloon/paper_review_workspace_20260920/outputs/02_sources_response_compton/corrected_optics_signal_20260920/code/validate_source_closure.py
signal_response	990	a64f8f787ccbd0918a621eb0effe45803e4711724baa92a4ca7a7b67eb828b08	snapshot/project/paper_review_workspace_20260920/outputs/02_sources_response_compton/corrected_optics_signal_20260920/configs/a_internal_diagnostic.source	/home/ubuntu/TES_511_Balloon/paper_review_workspace_20260920/outputs/02_sources_response_compton/corrected_optics_signal_20260920/configs/a_internal_diagnostic.source
signal_response	982	99ac38244072b93f44b322ac0bfe00f90a3b57f98762870bf9eefbe6eda13c67	snapshot/project/paper_review_workspace_20260920/outputs/02_sources_response_compton/corrected_optics_signal_20260920/configs/signal_a.source	/home/ubuntu/TES_511_Balloon/paper_review_workspace_20260920/outputs/02_sources_response_compton/corrected_optics_signal_20260920/configs/signal_a.source
signal_response	987	8b1d10ffd7f61d829714a959e997ddb04385d9dbcbf686f43999a5d517701ce3	snapshot/project/paper_review_workspace_20260920/outputs/02_sources_response_compton/corrected_optics_signal_20260920/configs/signal_b.source	/home/ubuntu/TES_511_Balloon/paper_review_workspace_20260920/outputs/02_sources_response_compton/corrected_optics_signal_20260920/configs/signal_b.source
signal_response	56850	0a4e6cb6b17949d5593f46faae87d80b383f5c9c08cb5b3240b91131e8515e21	snapshot/project/paper_review_workspace_20260920/outputs/02_sources_response_compton/corrected_optics_signal_20260920/geometry/a/DEMO2_DR_v3p5_SG3B.det	/home/ubuntu/TES_511_Balloon/paper_review_workspace_20260920/outputs/02_sources_response_compton/corrected_optics_signal_20260920/geometry/a/DEMO2_DR_v3p5_SG3B.det
signal_response	698532	5f0482e307bf8701204f1d6df1b74396b7105d853dccb885e4df401146f552d9	snapshot/project/paper_review_workspace_20260920/outputs/02_sources_response_compton/corrected_optics_signal_20260920/geometry/a/DEMO2_DR_v3p5_SG3B.geo	/home/ubuntu/TES_511_Balloon/paper_review_workspace_20260920/outputs/02_sources_response_compton/corrected_optics_signal_20260920/geometry/a/DEMO2_DR_v3p5_SG3B.geo
signal_response	126	49324ca4baebd8e6323b4a478b168dff8798e2bd7f0d0775e2f179769aad0469	snapshot/project/paper_review_workspace_20260920/outputs/02_sources_response_compton/corrected_optics_signal_20260920/geometry/a/DEMO2_DR_v3p5_SG3B.geo.setup	/home/ubuntu/TES_511_Balloon/paper_review_workspace_20260920/outputs/02_sources_response_compton/corrected_optics_signal_20260920/geometry/a/DEMO2_DR_v3p5_SG3B.geo.setup
signal_response	500	f4ea834bf385f68a85690e018fd52d692e94e19dd93959e35e6f91efd3dbfd52	snapshot/project/paper_review_workspace_20260920/outputs/02_sources_response_compton/corrected_optics_signal_20260920/geometry/a/Intro_DEMO2_DR_v3p5_minpatch_centerfinger_megalib_proxy.geo	/home/ubuntu/TES_511_Balloon/paper_review_workspace_20260920/outputs/02_sources_response_compton/corrected_optics_signal_20260920/geometry/a/Intro_DEMO2_DR_v3p5_minpatch_centerfinger_megalib_proxy.geo
signal_response	2065	56f6c2b58f072f4350a1fed8707490ed4f0b196769a9a4e22e0acb2ebe58ae0a	snapshot/project/paper_review_workspace_20260920/outputs/02_sources_response_compton/corrected_optics_signal_20260920/geometry/a/Materials_DEMO2_DR_v3p5.geo	/home/ubuntu/TES_511_Balloon/paper_review_workspace_20260920/outputs/02_sources_response_compton/corrected_optics_signal_20260920/geometry/a/Materials_DEMO2_DR_v3p5.geo
signal_response	2065	56f6c2b58f072f4350a1fed8707490ed4f0b196769a9a4e22e0acb2ebe58ae0a	snapshot/project/paper_review_workspace_20260920/outputs/02_sources_response_compton/corrected_optics_signal_20260920/geometry/b/Materials_SH3_Assembly_OptV3.geo	/home/ubuntu/TES_511_Balloon/paper_review_workspace_20260920/outputs/02_sources_response_compton/corrected_optics_signal_20260920/geometry/b/Materials_SH3_Assembly_OptV3.geo
signal_response	3103	12d3a6831f3d00da6668f48487e5d83f7a0354419fdec75cfec211b28373cae9	snapshot/project/paper_review_workspace_20260920/outputs/02_sources_response_compton/corrected_optics_signal_20260920/geometry/b/SH3_Assembly_OptV3.det	/home/ubuntu/TES_511_Balloon/paper_review_workspace_20260920/outputs/02_sources_response_compton/corrected_optics_signal_20260920/geometry/b/SH3_Assembly_OptV3.det
signal_response	424261	a270ab2caf340a34858b448374b3dad955878ebbb9df9169f97d80df46026934	snapshot/project/paper_review_workspace_20260920/outputs/02_sources_response_compton/corrected_optics_signal_20260920/geometry/b/SH3_Assembly_OptV3.geo	/home/ubuntu/TES_511_Balloon/paper_review_workspace_20260920/outputs/02_sources_response_compton/corrected_optics_signal_20260920/geometry/b/SH3_Assembly_OptV3.geo
signal_response	142	36e44e7bc1af3f3ae296e5f3e82ac0388d7ff28182e2897a30abfca6616b5768	snapshot/project/paper_review_workspace_20260920/outputs/02_sources_response_compton/corrected_optics_signal_20260920/geometry/b/SH3_Assembly_OptV3_60cm.geo.setup	/home/ubuntu/TES_511_Balloon/paper_review_workspace_20260920/outputs/02_sources_response_compton/corrected_optics_signal_20260920/geometry/b/SH3_Assembly_OptV3_60cm.geo.setup
evidence	25206	36659d01dbd0142139d616e58cf0a3ac0ddf92c7d2686bb7ec9b316aee3b91bd	snapshot/project/paper_review_workspace_20260920/outputs/02_sources_response_compton/corrected_optics_signal_20260920/inputs_manifest.json	/home/ubuntu/TES_511_Balloon/paper_review_workspace_20260920/outputs/02_sources_response_compton/corrected_optics_signal_20260920/inputs_manifest.json
figure_input	2592	b3c011a7821ee9ddcd1d8fd81a16beb89f661ba70f526cadd048a2ee98ae357a	snapshot/project/paper_review_workspace_20260920/outputs/04_results_environments_conclusions/numeric_sync_20260920/data/parent_nuclide_figure_data.json	/home/ubuntu/TES_511_Balloon/paper_review_workspace_20260920/outputs/04_results_environments_conclusions/numeric_sync_20260920/data/parent_nuclide_figure_data.json
