geometry,signal_scope,time_bin_id,day_mid,elapsed_day,trajectory_quadrature_weight_s,integration_interval_from_previous_s,altitude_km,prompt_occupancy_cps,delayed_occupancy_cps,accidental_live_factor,T_atm_511_vertical,T_atm_511_slant45,prompt_final_cps_noacc,delayed_final_cps_noacc,background_final_cps_noacc,background_mc_counting_sigma_cps,signal_final_cps_noacc_at_reference_flux,prompt_componentwise_upper95_proxy_cps_noacc,delayed_componentwise_upper95_proxy_cps_noacc,delayed_zero_A15_upper95_proxy_cps_noacc,background_componentwise_upper95_proxy_cps_noacc,signal_lower95_cps_noacc_at_reference_flux,cumulative_source_counts,cumulative_background_counts,cumulative_source_lower95_counts,cumulative_background_upper95_proxy_counts,counting_Z,counting_Z_componentwise_proxy,prompt_p_cps,delayed_p_cps,delayed_p_zero_A15_upper95_proxy_cps,prompt_n_cps,delayed_n_cps,delayed_n_zero_A15_upper95_proxy_cps,prompt_alpha_cps,delayed_alpha_cps,delayed_alpha_zero_A15_upper95_proxy_cps,prompt_gamma_cps,delayed_gamma_cps,delayed_gamma_zero_A15_upper95_proxy_cps,prompt_eminus_cps,delayed_eminus_cps,delayed_eminus_zero_A15_upper95_proxy_cps,prompt_eplus_cps,delayed_eplus_cps,delayed_eplus_zero_A15_upper95_proxy_cps,prompt_muminus_cps,delayed_muminus_cps,delayed_muminus_zero_A15_upper95_proxy_cps,prompt_muplus_cps,delayed_muplus_cps,delayed_muplus_zero_A15_upper95_proxy_cps
S3d_O8,FULL_ENVELOPE_SIGNAL_UNAVAILABLE_BY_USER_SCOPE,0,0.0,0.0,10800.0,0.0,38.75,20113.6551067598,0.0,0.9800872750525049,0.7390423888027,0.6520342542373311,0.03220615446855874,0.0,0.03220615446855874,0.022773190220659316,0.0,0.6308480533276806,0.0,0.0,0.6308480533276806,0.0,0.0,0.0,0.0,0.0,0.0,0.0,0.0,0.0,0.0,0.0,0.0,0.0,0.0,0.0,0.0,0.03220615446855874,0.0,0.0,0.0,0.0,0.0,0.0,0.0,0.0,0.0,0.0,0.0,0.0,0.0,0.0
S3d_O8,FULL_ENVELOPE_SIGNAL_UNAVAILABLE_BY_USER_SCOPE,1,0.25,0.25,21600.0,21600.0,39.52254248593737,19336.313830298597,756.0044558789344,0.9801081872219465,0.7634373037471879,0.6826789626589138,0.03086350417692471,0.03878809430437302,0.06965159848129773,0.023230257128097304,0.0,0.6139935202180785,0.07100154397147872,0.0,0.6849950641895572,0.0,0.0,1078.1741962543542,0.0,13928.278537910646,0.0,0.0,0.0,0.016645962914196698,0.0,0.0,0.015435010396166208,0.0,0.0,0.002931863523038195,0.0,0.03086350417692471,0.0005318138133570616,0.0,0.0,0.00030371326157452435,0.0,0.0,0.002938039267760676,0.0,0.0,1.691128279657886e-06,0.0,0.0,0.0,0.0
S3d_O8,FULL_ENVELOPE_SIGNAL_UNAVAILABLE_BY_USER_SCOPE,2,0.5,0.5,21600.0,21600.0,40.219463130731185,18702.91207507549,829.0746641602886,0.9806575266503956,0.7837771116149006,0.7085421765182374,0.029793156131904003,0.04260214535307447,0.07239530148497847,0.02267461629142186,0.0,0.5966924720243921,0.07809134942200056,0.0,0.6747838214463927,0.0,0.0,2582.194067830185,0.0,28325.770460917644,0.0,0.0,0.0,0.017914223396554976,0.0,0.0,0.017228215019835336,0.0,0.0,0.003450912487715057,0.0,0.029793156131904003,0.0005691467264816441,0.0,0.0,0.00029897134821149337,0.0,0.0,0.0031391396833054586,0.0,0.0,1.536690970506904e-06,0.0,0.0,0.0,0.0
S3d_O8,FULL_ENVELOPE_SIGNAL_UNAVAILABLE_BY_USER_SCOPE,3,0.75,0.75,21600.0,21600.0,40.77254248593737,18244.91346834878,866.2132907224642,0.9810703330183568,0.7988362482971733,0.7278710495576816,0.029046654232039504,0.0441650348319831,0.0732116890640226,0.022225997341859732,0.0,0.5801024161551394,0.08103459048359697,0.0,0.6611370066387363,0.0,0.0,4124.658853265639,0.0,42477.59081659882,0.0,0.0,0.0,0.018115843700601268,0.0,0.0,0.018146475302685493,0.0,0.0,0.0038361764222662213,0.0,0.029046654232039504,0.0005877357124756378,0.0,0.0,0.0002941464125246017,0.0,0.0,0.003183281032929277,0.0,0.0,1.3762485006058143e-06,0.0,0.0,0.0,0.0
S3d_O8,FULL_ENVELOPE_SIGNAL_UNAVAILABLE_BY_USER_SCOPE,4,1.0,1.0,21600.0,21600.0,41.127641290737884,17980.04025324345,893.6185353038641,0.9813033334632564,0.808017462949973,0.7397298852634182,0.02860746927041413,0.04514037516932376,0.07374784443973789,0.02196761168585262,0.0,0.5715851861612865,0.08289279125002949,0.0,0.654477977411316,0.0,0.0,5681.962928223111,0.0,56418.914717805885,0.0,0.0,0.0,0.018171315459287147,0.0,0.0,0.018754193530988228,0.0,0.0,0.004125633043864993,0.0,0.02860746927041413,0.0006003493874666636,0.0,0.0,0.00029180081369180343,0.0,0.0,0.0031957967226592834,0.0,0.0,1.2862113656488566e-06,0.0,0.0,0.0,0.0
S3d_O8,FULL_ENVELOPE_SIGNAL_UNAVAILABLE_BY_USER_SCOPE,5,1.25,1.25,21600.0,21600.0,41.25,17913.080938426578,918.2138703950167,0.9813449062583682,0.8110949791979928,0.7437174703023954,0.028487901193994938,0.046010179924800367,0.0744980811187953,0.02192992032606595,0.0,0.5701841711979666,0.08453984295712356,0.0,0.6547240141550902,0.0,0.0,7253.117962800198,0.0,70294.23088765383,0.0,0.0,0.0,0.018300642267103283,0.0,0.0,0.019249514495804254,0.0,0.0,0.004339763367881347,0.0,0.028487901193994938,0.0006121924947669524,0.0,0.0,0.000292267860846439,0.0,0.0,0.0032145417770064995,0.0,0.0,1.2576613915853915e-06,0.0,0.0,0.0,0.0
S3d_O8,FULL_ENVELOPE_SIGNAL_UNAVAILABLE_BY_USER_SCOPE,6,1.5,1.5,21600.0,21600.0,41.127641290737884,18043.53126858992,942.9721383905927,0.9811926049107026,0.808017462949973,0.7397298852634182,0.028689208828467098,0.04696048371234523,0.07564969254081233,0.022119476649263753,0.0,0.5754694641378779,0.08630968655888047,0.0,0.6617791506967584,0.0,0.0,8844.33846102127,0.0,84246.13404612767,0.0,0.0,0.0,0.018567560617697744,0.0,0.0,0.019725795110842412,0.0,0.0,0.004492229706751377,0.0,0.028689208828467098,0.000625770718371607,0.0,0.0,0.0002956361051048575,0.0,0.0,0.0032522052046422495,0.0,0.0,1.2862489349710484e-06,0.0,0.0,0.0,0.0
S3d_O8,FULL_ENVELOPE_SIGNAL_UNAVAILABLE_BY_USER_SCOPE,7,1.75,1.75,21600.0,21600.0,40.77254248593737,18375.331673434997,970.545376037089,0.9808400535029261,0.7988362482971733,0.7278710495576816,0.029215165837057803,0.048124128399638644,0.07733929423669644,0.022545034861973193,0.0,0.5880208208795916,0.08844748162393642,0.0,0.6764683025035281,0.0,0.0,10465.249941944854,0.0,98424.80620562573,0.0,0.0,0.0,0.019021680868432263,0.0,0.0,0.020244926105950623,0.0,0.0,0.004596423231287086,0.0,0.029215165837057803,0.0006426306570738194,0.0,0.0,0.00030207244779801364,0.0,0.0,0.003315018711251769,0.0,0.0,1.3763778450660146e-06,0.0,0.0,0.0,0.0
S3d_O8,FULL_ENVELOPE_SIGNAL_UNAVAILABLE_BY_USER_SCOPE,8,2.0,2.0,21600.0,21600.0,40.21946313073118,18898.0088844175,1002.6973028059919,0.9802960058024838,0.7837771116149004,0.708542176518237,0.030046735046808614,0.049580422173588205,0.07962715722039682,0.023199244567696967,0.0,0.6083999713697351,0.09110406666124272,0.0,0.6995040380309778,0.0,0.0,12127.539088019315,0.0,112996.4709875125,0.0,0.0,0.0,0.019699886408358153,0.0,0.0,0.02083772727639112,0.0,0.0,0.004660799187418306,0.0,0.030046735046808614,0.0006635170877078954,0.0,0.0,0.0003114777081811467,0.0,0.0,0.003405474165976643,0.0,0.0,1.5403395549505275e-06,0.0,0.0,0.0,0.0
S3d_O8,FULL_ENVELOPE_SIGNAL_UNAVAILABLE_BY_USER_SCOPE,9,2.25,2.25,21600.0,21600.0,39.522542485937365,19590.290572594295,1032.993122245508,0.9795879218114761,0.7634373037471877,0.6826789626589136,0.0311956636625812,0.05105118170524819,0.08224684536782939,0.024057625861215393,0.0,0.6289841278380254,0.09372160544534981,0.0,0.7227057332833752,0.0,0.0,13840.702053483934,0.0,128048.15906373848,0.0,0.0,0.0,0.020353990752263657,0.0,0.0,0.021488985127357325,0.0,0.0,0.004681598532947433,0.0,0.0311956636625812,0.0006892998080995612,0.0,0.0,0.00032178238518167454,0.0,0.0,0.003513823063004819,0.0,0.0,1.7020363937236736e-06,0.0,0.0,0.0,0.0
S3d_O8,FULL_ENVELOPE_SIGNAL_UNAVAILABLE_BY_USER_SCOPE,10,2.5,2.5,21600.0,21600.0,38.75,20417.45951831515,1059.5132048273988,0.9787520152032841,0.7390423888027,0.6520342542373311,0.03260598414779605,0.05244038099317554,0.08504636514097158,0.025074203157212115,0.0,0.6484141826114332,0.09611616762897554,0.0,0.7445303502404088,0.0,0.0,15609.821083530045,0.0,143564.13445442045,0.0,0.0,0.0,0.020901683570839404,0.0,0.0,0.022186883504807485,0.0,0.0,0.0046636496326480075,0.0,0.03260598414779605,0.000719711880767379,0.0,0.0,0.00033240133769241485,0.0,0.0,0.0036342051026073824,0.0,0.0,1.8459638134687899e-06,0.0,0.0,0.0,0.0
S3d_O8,FULL_ENVELOPE_SIGNAL_UNAVAILABLE_BY_USER_SCOPE,11,2.75,2.75,21600.0,21600.0,37.97745751406263,21317.946442707045,1086.1725605732076,0.9778449894509605,0.7126370627291281,0.6193334023908916,0.034141211866242104,0.05388365876757709,0.0880248706338192,0.026177650896956572,0.0,0.6705106081879237,0.09858086870617133,0.0,0.7690914768940951,0.0,0.0,17438.412067138972,0.0,159556.37299453234,0.0,0.0,0.0,0.02147443779806687,0.0,0.0,0.02292302013204267,0.0,0.0,0.004622321519825803,0.0,0.034141211866242104,0.0007529579523683233,0.0,0.0,0.0003436715870976928,0.0,0.0,0.003765230733963344,0.0,0.0,2.019044212394637e-06,0.0,0.0,0.0,0.0
S3d_O8,FULL_ENVELOPE_SIGNAL_UNAVAILABLE_BY_USER_SCOPE,12,3.0,3.0,21600.0,21600.0,37.280536869268815,22195.468258719575,1112.7688136960728,0.9769613016664273,0.6870515445807625,0.58812289446444,0.03563611441242526,0.05532562391754355,0.09096173832996882,0.027257372074571556,0.0,0.6931915408786731,0.10103917171572431,0.0,0.7942307125943974,0.0,0.0,19327.772458490967,0.0,176058.6101079604,0.0,0.0,0.0,0.022063841543352593,0.0,0.0,0.023653269488581326,0.0,0.0,0.004568611399912204,0.0,0.03563611441242526,0.0007863838205679341,0.0,0.0,0.0003545512624586362,0.0,0.0,0.003896756629458592,0.0,0.0,2.20977321227249e-06,0.0,0.0,0.0,0.0
S3d_O8,FULL_ENVELOPE_SIGNAL_UNAVAILABLE_BY_USER_SCOPE,13,3.25,3.25,21600.0,21600.0,36.727457514062635,22933.46405705972,1137.4299282051838,0.9762164994265145,0.6655438918795834,0.5622559937833749,0.03689275215537277,0.05662779480253568,0.09352054695790846,0.028173049024791636,0.0,0.7132178647290572,0.10325772426465114,0.0,0.8164755889937084,0.0,0.0,21273.526370459975,0.0,193046.89791922702,0.0,0.0,0.0,0.022607428679793064,0.0,0.0,0.024311339629096932,0.0,0.0,0.004512233217088091,0.0,0.03689275215537277,0.0008165164512246739,0.0,0.0,0.0003637409122797644,0.0,0.0,0.004014145041060959,0.0,0.0,2.390871992201326e-06,0.0,0.0,0.0,0.0
S3d_O8,FULL_ENVELOPE_SIGNAL_UNAVAILABLE_BY_USER_SCOPE,14,3.5,3.5,21600.0,21600.0,36.372358709262116,23418.660110562665,1157.4261052437616,0.9757234469892944,0.6511747745022454,0.5451657636924687,0.037721034012827045,0.05761184903243907,0.09533288304526612,0.02878552896563028,0.0,0.7267369822656693,0.10492560248485135,0.0,0.8316625847505207,0.0,0.0,23264.126536966185,0.0,210419.01787224502,0.0,0.0,0.0,0.023014442225530223,0.0,0.0,0.024822323021963494,0.0,0.0,0.004461447429482371,0.0,0.037721034012827045,0.0008396938475462828,0.0,0.0,0.00036998438687189245,0.0,0.0,0.0041014339796866224,0.0,0.0,2.5241413581823293e-06,0.0,0.0,0.0,0.0
S3d_O8,FULL_ENVELOPE_SIGNAL_UNAVAILABLE_BY_USER_SCOPE,15,3.75,3.75,21600.0,21600.0,36.25,23568.98969391774,1170.0797976241872,0.9755644333443265,0.6461225723909806,0.539193661275189,0.03798478476143431,0.05811274435171853,0.09609752911315284,0.028991984139461517,0.0,0.7305099712203361,0.10575138911466957,0.0,0.8362613603350056,0.0,0.0,25281.219433513492,0.0,227993.85273196106,0.0,0.0,0.0,0.023196431242218745,0.0,0.0,0.0251202562710677,0.0,0.0,0.004423031914989758,0.0,0.03798478476143431,0.0008528947117288812,0.0,0.0,0.00037236477360591704,0.0,0.0,0.004145191750926785,0.0,0.0,2.573687180741445e-06,0.0,0.0,0.0,0.0
S3d_O8,FULL_ENVELOPE_SIGNAL_UNAVAILABLE_BY_USER_SCOPE,16,4.0,4.0,21600.0,21600.0,36.372358709262116,23356.39287204171,1173.9012568787027,0.9757681284251759,0.6511747745022454,0.5451657636924687,0.03763743548401782,0.05804126852469889,0.09567870400871671,0.02875494133249247,0.0,0.7233329295399177,0.10557859899056898,0.0,0.8289115285304867,0.0,0.0,27302.002697452073,0.0,245540.09747419105,0.0,0.0,0.0,0.02310631079712081,0.0,0.0,0.025167220755279267,0.0,0.0,0.004401634800357769,0.0,0.03763743548401782,0.0008544809456440796,0.0,0.0,0.0003705397625995452,0.0,0.0,0.0041385572753553,0.0,0.0,2.5241883421153673e-06,0.0,0.0,0.0,0.0
S3d_O8,FULL_ENVELOPE_SIGNAL_UNAVAILABLE_BY_USER_SCOPE,17,4.25,4.25,21600.0,21600.0,36.727457514062635,22814.556559575198,1169.2886211020107,0.9763014816045532,0.6655438918795834,0.5622559937833749,0.036733685369778314,0.05742110083384323,0.09415478620362155,0.028113009562802084,0.0,0.706656920360598,0.10445426843400372,0.0,0.8111111887946018,0.0,0.0,29303.06651933614,0.0,262827.8141410478,0.0,0.0,0.0,0.022761539549445625,0.0,0.0,0.024964898942303422,0.0,0.0,0.004399446715189069,0.0,0.036733685369778314,0.0008445886471417359,0.0,0.0,0.00036483082255083795,0.0,0.0,0.004083406099951772,0.0,0.0,2.390057260771828e-06,0.0,0.0,0.0,0.0
S3d_O8,FULL_ENVELOPE_SIGNAL_UNAVAILABLE_BY_USER_SCOPE,18,4.5,4.5,21600.0,21600.0,37.280536869268815,22029.654410395335,1158.341926540491,0.9770787792745304,0.6870515445807625,0.58812289446444,0.035415468460306465,0.0563784621622071,0.09179393062251356,0.027170341643003082,0.0,0.6839114671164648,0.10260888405855642,0.0,0.7865203511750212,0.0,0.0,31264.490795976828,0.0,279679.93326068996,0.0,0.0,0.0,0.022235728487203975,0.0,0.0,0.02455343405489727,0.0,0.0,0.004416211591598057,0.0,0.035415468460306465,0.0008250739664382392,0.0,0.0,0.00035614248061522876,0.0,0.0,0.003989664673697772,0.0,0.0,2.2069077565527197e-06,0.0,0.0,0.0,0.0
S3d_O8,FULL_ENVELOPE_SIGNAL_UNAVAILABLE_BY_USER_SCOPE,19,4.75,4.75,21600.0,21600.0,37.977457514062635,21114.069776278357,1143.7380474873328,0.9779880695716049,0.7126370627291283,0.6193334023908919,0.03387156148496265,0.05508246510684471,0.08895402659180736,0.02606456125846045,0.0,0.6588994291683605,0.10034457472689591,0.0,0.7592440038952565,0.0,0.0,33172.698282962505,0.0,295998.99162157316,0.0,0.0,0.0,0.021620216646545544,0.0,0.0,0.02399518818959919,0.0,0.0,0.0044487114040026735,0.0,0.03387156148496265,0.0007989628519530884,0.0,0.0,0.0003456798061831537,0.0,0.0,0.003871693138884337,0.0,0.0,2.0130696767195824e-06,0.0,0.0,0.0,0.0
S3d_O8,FULL_ENVELOPE_SIGNAL_UNAVAILABLE_BY_USER_SCOPE,20,5.0,5.0,21600.0,21600.0,38.75,20188.790497775877,1128.4834456021747,0.9789083331873676,0.7390423888027,0.6520342542373311,0.03230537628267205,0.05372411092957728,0.08602948721224933,0.024943471183945454,0.0,0.6351449729361927,0.09799862156261799,0.0,0.7331435944988106,0.0,0.0,35021.776636696246,0.0,311769.28070080973,0.0,0.0,0.0,0.021008778562119485,0.0,0.0,0.02336902757235953,0.0,0.0,0.004493843960597319,0.0,0.03230537628267205,0.0007698958855583309,0.0,0.0,0.0003348497566110907,0.0,0.0,0.003745878288101358,0.0,0.0,1.8369042301682112e-06,0.0,0.0,0.0,0.0
S3d_O8,FULL_ENVELOPE_SIGNAL_UNAVAILABLE_BY_USER_SCOPE,21,5.25,5.25,21600.0,21600.0,39.52254248593737,19349.567518824042,1114.655563690784,0.9797437480587262,0.7634373037471879,0.6826789626589138,0.030880902759464156,0.05244945653770582,0.08333035929716998,0.02392434806623712,0.0,0.614766489484641,0.09582088091652187,0.0,0.7105873704011628,0.0,0.0,36813.03634584565,0.0,327039.1189037306,0.0,0.0,0.0,0.020463841235292445,0.0,0.0,0.022745667655815843,0.0,0.0,0.004546084450289992,0.0,0.030880902759464156,0.0007412021627525923,0.0,0.0,0.00032480241207944106,0.0,0.0,0.003626166108704527,0.0,0.0,1.6925127709828408e-06,0.0,0.0,0.0,0.0
S3d_O8,FULL_ENVELOPE_SIGNAL_UNAVAILABLE_BY_USER_SCOPE,22,5.5,5.5,21600.0,21600.0,40.219463130731185,18658.396254214153,1098.8420537052762,0.9804366568807412,0.7837771116149006,0.7085421765182374,0.02973507188960863,0.051159452006065656,0.08089452389567428,0.023080574276456746,0.0,0.5940538722080874,0.09357792554939567,0.0,0.6876317977574831,0.0,0.0,38551.34338106739,0.0,341839.1468129599,0.0,0.0,0.0,0.019855617310834982,0.0,0.0,0.02216239765039887,0.0,0.0,0.004591974814484886,0.0,0.02973507188960863,0.0007158711957128193,0.0,0.0,0.0003152406104777307,0.0,0.0,0.003516817184293761,0.0,0.0,1.5332398626047292e-06,0.0,0.0,0.0,0.0
S3d_O8,FULL_ENVELOPE_SIGNAL_UNAVAILABLE_BY_USER_SCOPE,23,5.75,5.75,21600.0,21600.0,40.77254248593737,18148.811204420348,1081.2150139916823,0.9809536912206464,0.7988362482971733,0.7278710495576816,0.028922010415139664,0.04989335667070889,0.07881536708584855,0.0224479273902713,0.0,0.5743372949156546,0.09132429988461874,0.0,0.6656615948002733,0.0,0.0,40242.90614489627,0.0,356172.50310335896,0.0,0.0,0.0,0.019187515695572272,0.0,0.0,0.02165401478257785,0.0,0.0,0.0046244730794495845,0.0,0.028922010415139664,0.0006956474419809791,0.0,0.0,0.0003066635967472957,0.0,0.0,0.0034236729350262075,0.0,0.0,1.3691393547113164e-06,0.0,0.0,0.0,0.0
S3d_O8,FULL_ENVELOPE_SIGNAL_UNAVAILABLE_BY_USER_SCOPE,24,6.0,6.0,21600.0,21600.0,41.127641290737884,17838.708773946873,1069.1398071419019,0.9812697834794017,0.808017462949973,0.7397298852634182,0.02842487853476169,0.04898368449112134,0.07740856302588303,0.022049767823401345,0.0,0.5630340147929475,0.08970999252521719,0.0,0.6527440073181646,0.0,0.0,41898.253563690705,0.0,370142.3157312776,0.0,0.0,0.0,0.018717386644978858,0.0,0.0,0.021273853497151655,0.0,0.0,0.00464966449157701,0.0,0.02842487853476169,0.0006809851465145549,0.0,0.0,0.0003012295271938027,0.0,0.0,0.003359289027569945,0.0,0.0,1.2761561355080607e-06,0.0,0.0,0.0,0.0
S3d_O8,FULL_ENVELOPE_SIGNAL_UNAVAILABLE_BY_USER_SCOPE,25,6.25,6.25,21600.0,21600.0,41.25,17736.40667698873,1064.0203919075364,0.9813751986252377,0.8110949791979928,0.7437174703023954,0.028260040706796836,0.04850160387986149,0.07676164458665832,0.021903079148618807,0.0,0.5594493896022082,0.08886544016134623,0.0,0.6483148297635545,0.0,0.0,43532.19267098593,0.0,383931.3028393198,0.0,0.0,0.0,0.01848577199144737,0.0,0.0,0.02104849659334585,0.0,0.0,0.00466722896815689,0.0,0.028260040706796836,0.0006725361534141952,0.0,0.0,0.00029919383552408206,0.0,0.0,0.003327131111070034,0.0,0.0,1.2452269030695779e-06,0.0,0.0,0.0,0.0
S3d_O8,FULL_ENVELOPE_SIGNAL_UNAVAILABLE_BY_USER_SCOPE,26,6.5,6.5,21600.0,21600.0,41.127641290737884,17838.708773946873,1065.8730087866888,0.9812729890951525,0.808017462949973,0.7397298852634182,0.02842487853476169,0.04845188863451343,0.07687676716927512,0.022006464558944974,0.0,0.5630340147929475,0.08879439669960601,0.0,0.6518284114925534,0.0,0.0,45160.49861959008,0.0,397710.6092916959,0.0,0.0,0.0,0.018490932706361582,0.0,0.0,0.02098652933603928,0.0,0.0,0.004674252957450969,0.0,0.02842487853476169,0.0006706211099688547,0.0,0.0,0.000300520649282166,0.0,0.0,0.0033277603182615047,0.0,0.0,1.2715571490687178e-06,0.0,0.0,0.0,0.0
S3d_O8,FULL_ENVELOPE_SIGNAL_UNAVAILABLE_BY_USER_SCOPE,27,6.75,6.75,21600.0,21600.0,40.772542485937365,18144.859982874106,1075.2539818214177,0.9809634147307087,0.7988362482971731,0.7278710495576813,0.028916877196746557,0.04885542766813954,0.0777723048648861,0.022360520083037964,0.0,0.5741015180881169,0.08953568182436836,0.0,0.6636371999124853,0.0,0.0,46799.17053292023,0.0,411649.3639085978,0.0,0.0,0.0,0.018745677163299664,0.0,0.0,0.021095178061347173,0.0,0.0,0.004670601060322895,0.0,0.028916877196746557,0.000675452945582642,0.0,0.0,0.0003052329851560823,0.0,0.0,0.003361926458014084,0.0,0.0,1.3589944169953087e-06,0.0,0.0,0.0,0.0
S3d_O8,FULL_ENVELOPE_SIGNAL_UNAVAILABLE_BY_USER_SCOPE,28,7.0,7.0,21600.0,21600.0,40.219463130731185,18650.051126694754,1093.244738841691,0.9804503266576348,0.7837771116149006,0.7085421765182374,0.029724173937195213,0.04975039577137913,0.07947456970857435,0.02296206162432077,0.0,0.5935605674152715,0.09116638713344581,0.0,0.6847269545487173,0.0,0.0,48464.66719162185,0.0,425930.68537289,0.0,0.0,0.0,0.019281304336757288,0.0,0.0,0.021378532316047992,0.0,0.0,0.00465828349125663,0.0,0.029724173937195213,0.0006870380072349509,0.0,0.0,0.0003133096552958192,0.0,0.0,0.0034304079559466295,0.0,0.0,1.5200088398152203e-06,0.0,0.0,0.0,0.0
S3d_O8,FULL_ENVELOPE_SIGNAL_UNAVAILABLE_BY_USER_SCOPE,29,7.25,7.25,21600.0,21600.0,39.522542485937365,19336.3138302986,1112.986619848123,0.9797583685235811,0.7634373037471877,0.6826789626589136,0.03086350417692471,0.0508330782300014,0.08169658240692611,0.023790095713786676,0.0,0.6139935202180783,0.09308287638833986,0.0,0.7070763966064182,0.0,0.0,50170.67599536871,0.0,440663.0170294975,0.0,0.0,0.0,0.019849197783659366,0.0,0.0,0.02180276446410017,0.0,0.0,0.004628229250340813,0.0,0.03086350417692471,0.0007057364693309434,0.0,0.0,0.0003226506520694124,0.0,0.0,0.0035228199862992462,0.0,0.0,1.6796242014427884e-06,0.0,0.0,0.0,0.0
S3d_O8,FULL_ENVELOPE_SIGNAL_UNAVAILABLE_BY_USER_SCOPE,30,7.5,7.5,21600.0,21600.0,38.75,20170.133125198125,1132.1367931594627,0.9789230208626784,0.7390423888027,0.6520342542373311,0.0322807584689897,0.05198461400390751,0.08426537247289721,0.02479880858887655,0.0,0.634075104322985,0.09505901898657566,0.0,0.7291341233095606,0.0,0.0,51926.0240066658,0.0,455853.5431394383,0.0,0.0,0.0,0.02036374362952911,0.0,0.0,0.022342186956132867,0.0,0.0,0.0045806209640652665,0.0,0.0322807584689897,0.0007308812656661539,0.0,0.0,0.00033266011293635024,0.0,0.0,0.0036326982258937535,0.0,0.0,1.8228496840071375e-06,0.0,0.0,0.0,0.0
S3d_O8,FULL_ENVELOPE_SIGNAL_UNAVAILABLE_BY_USER_SCOPE,31,7.75,7.75,21600.0,21600.0,37.97745751406263,21089.543452138885,1154.1159391241656,0.9780019066676819,0.7126370627291281,0.6193334023908916,0.03383901621943056,0.05331649553110711,0.08715551175053766,0.025914216663925488,0.0,0.6575172616686432,0.09734192157819557,0.0,0.7548591832468388,0.0,0.0,53737.48175882004,0.0,471535.3580495593,0.0,0.0,0.0,0.020948609300275,0.0,0.0,0.022977484961660202,0.0,0.0,0.004526492392965304,0.0,0.03383901621943056,0.0007603452960776602,0.0,0.0,0.00034368058376040104,0.0,0.0,0.003757886642420634,0.0,0.0,1.9963539479121545e-06,0.0,0.0,0.0,0.0
S3d_O8,FULL_ENVELOPE_SIGNAL_UNAVAILABLE_BY_USER_SCOPE,32,8.0,8.0,21600.0,21600.0,37.280536869268815,21999.070988061216,1178.356873815326,0.9770891055618065,0.6870515445807625,0.58812289446444,0.03537466149055785,0.05475602847233166,0.0901306899628895,0.027025205704766644,0.0,0.6822146697296992,0.09982171912890672,0.0,0.7820363888586059,0.0,0.0,55609.164655427856,0.0,487760.985976386,0.0,0.0,0.0,0.02159016268745332,0.0,0.0,0.023656707114645098,0.0,0.0,0.0044732402552065155,0.0,0.03537466149055785,0.0007912456974212894,0.0,0.0,0.00035466066282066914,0.0,0.0,0.003887823011200093,0.0,0.0,2.189043584673479e-06,0.0,0.0,0.0,0.0
S3d_O8,FULL_ENVELOPE_SIGNAL_UNAVAILABLE_BY_USER_SCOPE,33,8.25,8.25,21600.0,21600.0,36.72745751406263,22784.11321731129,1202.8130623114541,0.9762984735277218,0.6655438918795831,0.5622559937833744,0.036692879388609254,0.05615629531921376,0.09284917470782302,0.027992748596366395,0.0,0.7049878808780843,0.10224865166542194,0.0,0.8072365325435062,0.0,0.0,57539.278261398555,0.0,504524.9947025965,0.0,0.0,0.0,0.0222245005366025,0.0,0.0,0.024309179513049933,0.0,0.0,0.0044281840674214755,0.0,0.036692879388609254,0.0008199669670591572,0.0,0.0,0.00036431362075193483,0.0,0.0,0.004007776395416662,0.0,0.0,2.3742189121017715e-06,0.0,0.0,0.0,0.0
S3d_O8,FULL_ENVELOPE_SIGNAL_UNAVAILABLE_BY_USER_SCOPE,34,8.5,8.5,21600.0,21600.0,36.372358709262116,23327.447397711396,1224.2881499370112,0.9757472067964484,0.6511747745022454,0.5451657636924687,0.0375985279771989,0.05731663062440961,0.09491515860160851,0.02867265672260637,0.0,0.721756565208,0.10426929688141544,0.0,0.8260258620894154,0.0,0.0,59518.504712374706,0.0,521741.23390206933,0.0,0.0,0.0,0.022751715925346326,0.0,0.0,0.0248509919016367,0.0,0.0,0.004396499577731791,0.0,0.0375985279771989,0.0008426331550172469,0.0,0.0,0.00037129129312324594,0.0,0.0,0.004100985275683491,0.0,0.0,2.5134958708127097e-06,0.0,0.0,0.0,0.0
S3d_O8,FULL_ENVELOPE_SIGNAL_UNAVAILABLE_BY_USER_SCOPE,35,8.75,8.75,21600.0,21600.0,36.25,23542.530564872584,1239.6560105849296,0.9755223707576035,0.6461225723909806,0.539193661275189,0.037949203563375764,0.05804929546729478,0.09599849903067054,0.02895640701012069,0.0,0.7290697100788495,0.10554975914243193,0.0,0.8346194692212814,0.0,0.0,61530.13306229342,0.0,539239.2037245515,0.0,0.0,0.0,0.02307368103960307,0.0,0.0,0.025206733877806694,0.0,0.0,0.004382664502631228,0.0,0.037949203563375764,0.0008560039767970027,0.0,0.0,0.0003745845484177428,0.0,0.0,0.004153057175169065,0.0,0.0,2.5703468699617283e-06,0.0,0.0,0.0,0.0
S3d_O8,FULL_ENVELOPE_SIGNAL_UNAVAILABLE_BY_USER_SCOPE,36,9.0,9.0,21600.0,21600.0,36.372358709262116,23395.176389483666,1246.9415054505594,0.9756590204588448,0.6511747745022454,0.5451657636924687,0.03768952121034202,0.05823975384074168,0.0959292750510837,0.028798994517392665,0.0,0.7254510693283133,0.10588661919005696,0.0,0.8313376885183702,0.0,0.0,63552.356877940394,0.0,556792.3581685234,0.0,0.0,0.0,0.02313198029737208,0.0,0.0,0.025327937353255385,0.0,0.0,0.0043894341813804005,0.0,0.03768952121034202,0.0008581971411775174,0.0,0.0,0.0003737398088398028,0.0,0.0,0.004155936733430794,0.0,0.0,2.528325285693029e-06,0.0,0.0,0.0,0.0
S3d_O8,FULL_ENVELOPE_SIGNAL_UNAVAILABLE_BY_USER_SCOPE,37,9.25,9.25,21600.0,21600.0,36.727457514062635,22912.96594147035,1246.0555287863756,0.9761304717123712,0.6655438918795834,0.5622559937833749,0.03686536706025021,0.0578862355091278,0.09475160256937801,0.02823152241227376,0.0,0.7120820342450874,0.10527992723477064,0.0,0.8173619614798581,0.0,0.0,65562.06611958554,0.0,574169.0617127133,0.0,0.0,0.0,0.022932506189333547,0.0,0.0,0.025205621795326247,0.0,0.0,0.004417358800394864,0.0,0.03686536706025021,0.0008491096115260824,0.0,0.0,0.0003689678439175595,0.0,0.0,0.004110270590866691,0.0,0.0,2.400677762807535e-06,0.0,0.0,0.0,0.0
S3d_O8,FULL_ENVELOPE_SIGNAL_UNAVAILABLE_BY_USER_SCOPE,38,9.5,9.5,21600.0,21600.0,37.28053686926882,22177.66060220236,1238.6687042234446,0.9768557054439573,0.6870515445807628,0.5881228944644403,0.03561246652443436,0.05709308562526066,0.09270555214969502,0.027352629147349112,0.0,0.6921882911984936,0.10391970921410794,0.0,0.7961080004126015,0.0,0.0,67539.00475938291,0.0,591184.8349539278,0.0,0.0,0.0,0.022539059352277506,0.0,0.0,0.02487066936618844,0.0,0.0,0.0044646632426820305,0.0,0.03561246652443436,0.0008304045614904159,0.0,0.0,0.00036108446186072476,0.0,0.0,0.0040249823452068265,0.0,0.0,2.2222955547175784e-06,0.0,0.0,0.0,0.0
S3d_O8,FULL_ENVELOPE_SIGNAL_UNAVAILABLE_BY_USER_SCOPE,39,9.75,9.75,21600.0,21600.0,37.977457514062635,21302.47216481041,1227.3504769191065,0.9777220785032857,0.7126370627291283,0.6193334023908919,0.03412080097532641,0.05602369376675833,0.09014449474208475,0.026300502283815346,0.0,0.6696215657527702,0.10209785766634334,0.0,0.7717194234191136,0.0,0.0,69468.92383071603,0.0,607732.7003731525,0.0,0.0,0.0,0.022041359456000383,0.0,0.0,0.024382063247446007,0.0,0.0,0.0045276770973540735,0.0,0.03412080097532641,0.0008050404966085385,0.0,0.0,0.00035129600681066734,0.0,0.0,0.003914225806410724,0.0,0.0,2.031656127938257e-06,0.0,0.0,0.0,0.0
S3d_O8,FULL_ENVELOPE_SIGNAL_UNAVAILABLE_BY_USER_SCOPE,40,10.0,10.0,21600.0,21600.0,38.75,20404.110762585875,1214.60313844266,0.9786132955711652,0.7390423888027,0.6520342542373311,0.03258849280251309,0.05484700019913985,0.08743549300165293,0.025217769779046044,0.0,0.647631482602604,0.10010945936191591,0.0,0.7477409419645199,0.0,0.0,71344.90325690387,0.0,623784.4849114221,0.0,0.0,0.0,0.021522762106152324,0.0,0.0,0.023810642510363803,0.0,0.0,0.0046006876108881985,0.0,0.03258849280251309,0.0007765240062529408,0.0,0.0,0.0003409093774974903,0.0,0.0,0.003793617590260501,0.0,0.0,1.8569977245924104e-06,0.0,0.0,0.0,0.0
S3d_O8,FULL_ENVELOPE_SIGNAL_UNAVAILABLE_BY_USER_SCOPE,41,10.25,10.25,21600.0,21600.0,39.52254248593737,19579.13797944058,1202.2524573141632,0.979433054599837,0.7634373037471879,0.6826789626589138,0.03118113335141569,0.053699848516821136,0.08488098186823682,0.02422184563759055,0.0,0.6283178358577183,0.09818603476007676,0.0,0.7265038706177951,0.0,0.0,73166.87163019655,0.0,639372.2451437956,0.0,0.0,0.0,0.021041692981621955,0.0,0.0,0.023223994328634368,0.0,0.0,0.004676270724484499,0.0,0.03118113335141569,0.0007481503511415584,0.0,0.0,0.0003310675385439379,0.0,0.0,0.0036769597546004486,0.0,0.0,1.7128377943785704e-06,0.0,0.0,0.0,0.0
S3d_O8,FULL_ENVELOPE_SIGNAL_UNAVAILABLE_BY_USER_SCOPE,42,10.5,10.5,21600.0,21600.0,40.219463130731185,18889.492048798846,1186.631675438267,0.9801240597732169,0.7837771116149006,0.7085421765182374,0.03003569882408225,0.052474535834961825,0.08251023465904407,0.023384612359601806,0.0,0.6078839364179609,0.09607633638083993,0.0,0.7039602727988008,0.0,0.0,74938.13108976399,0.0,654508.7724450576,0.0,0.0,0.0,0.020463563735699037,0.0,0.0,0.022657714828329113,0.0,0.0,0.004739034005700311,0.0,0.03003569882408225,0.0007228752518249132,0.0,0.0,0.0003214941259756781,0.0,0.0,0.0035683015432946305,0.0,0.0,1.552344138141033e-06,0.0,0.0,0.0,0.0
S3d_O8,FULL_ENVELOPE_SIGNAL_UNAVAILABLE_BY_USER_SCOPE,43,10.75,10.75,21600.0,21600.0,40.77254248593737,18375.331673434997,1168.2897311407546,0.9806461170946333,0.7988362482971733,0.7278710495576816,0.029215165837057803,0.05122939569349001,0.08044456153054781,0.02274886992143505,0.0,0.5880208208795916,0.09387073547822639,0.0,0.6818915563578181,0.0,0.0,76663.51655095429,0.0,669182.3296862362,0.0,0.0,0.0,0.019802346125594728,0.0,0.0,0.022153090057884597,0.0,0.0,0.00478287160339953,0.0,0.029215165837057803,0.0007025491394916987,0.0,0.0,0.000312811132808229,0.0,0.0,0.0034743412309581737,0.0,0.0,1.3864033530503296e-06,0.0,0.0,0.0,0.0
S3d_O8,FULL_ENVELOPE_SIGNAL_UNAVAILABLE_BY_USER_SCOPE,44,11.0,11.0,21600.0,21600.0,41.127641290737884,18052.484917530168,1154.3939962523862,0.9809763979173628,0.808017462949973,0.7397298852634182,0.02870072156197386,0.0502903601488037,0.07899108171077755,0.02233677176058852,0.0,0.5760193959980345,0.09220598818164057,0.0,0.6682253841796751,0.0,0.0,78352.3777150282,0.0,683483.7721700637,0.0,0.0,0.0,0.019314034015819322,0.0,0.0,0.02176079681360643,0.0,0.0,0.004811910517787317,0.0,0.02870072156197386,0.0006876025931775702,0.0,0.0,0.0003070695474560707,0.0,0.0,0.0034076550051022124,0.0,0.0,1.2916558547699057e-06,0.0,0.0,0.0,0.0
S3d_O8,FULL_ENVELOPE_SIGNAL_UNAVAILABLE_BY_USER_SCOPE,45,11.25,11.25,21600.0,21600.0,41.25,17926.54622281265,1146.0280862364948,0.9811081564124262,0.8110949791979928,0.7437174703023954,0.02850521088391259,0.049715973447548883,0.07822118433146147,0.022162011790186148,0.0,0.5710108340712744,0.09118785542268204,0.0,0.6621986894939564,0.0,0.0,80018.08146559377,0.0,697579.9523206785,0.0,0.0,0.0,0.01903338373134479,0.0,0.0,0.02150322627717043,0.0,0.0,0.0048237160953313075,0.0,0.02850521088391259,0.0006786242636453761,0.0,0.0,0.0003044585253774591,0.0,0.0,0.0033713057637423083,0.0,0.0,1.2587909372173073e-06,0.0,0.0,0.0,0.0
S3d_O8,FULL_ENVELOPE_SIGNAL_UNAVAILABLE_BY_USER_SCOPE,46,11.5,11.5,21600.0,21600.0,41.127641290737884,17998.813812743196,1143.5382399090468,0.9810396992874607,0.808017462949973,0.7397298852634182,0.028631657281348703,0.04952567911110151,0.07815733639245022,0.022228142953909583,0.0,0.5727309352951895,0.09084846029613351,0.0,0.663579395591323,0.0,0.0,81675.00549642244,0.0,711627.3639949085,0.0,0.0,0.0,0.01896672278644608,0.0,0.0,0.02139332980845562,0.0,0.0,0.004816912097221984,0.0,0.028631657281348703,0.0006760013367952295,0.0,0.0,0.00030503809156561033,0.0,0.0,0.003366391828558132,0.0,0.0,1.283162058849039e-06,0.0,0.0,0.0,0.0
S3d_O8,FULL_ENVELOPE_SIGNAL_UNAVAILABLE_BY_USER_SCOPE,47,11.75,11.75,21600.0,21600.0,40.772542485937365,18266.366453573144,1147.4246479504395,0.9807734429424004,0.7988362482971731,0.7278710495576813,0.02907442409993565,0.04973743396424388,0.07881185806417954,0.022533606945259393,0.0,0.5813974050076153,0.09122144170698987,0.0,0.6726188467146051,0.0,0.0,83337.90338985683,0.0,725782.7558689811,0.0,0.0,0.0,0.019125597612546945,0.0,0.0,0.02143700423213384,0.0,0.0,0.004791328447415847,0.0,0.02907442409993565,0.0006799061771665881,0.0,0.0,0.0003088049141664488,0.0,0.0,0.003393424322109612,0.0,0.0,1.3682587046002893e-06,0.0,0.0,0.0,0.0
S3d_O8,FULL_ENVELOPE_SIGNAL_UNAVAILABLE_BY_USER_SCOPE,48,12.0,12.0,21600.0,21600.0,40.219463130731185,18726.447585454007,1159.0374056074193,0.9803109271938454,0.7837771116149006,0.7085421765182374,0.02982383170259557,0.050400069607908084,0.08022390131050365,0.023077682109610653,0.0,0.5980923709771833,0.09240534912294074,0.0,0.690497720100124,0.0,0.0,85022.06558997191,0.0,740217.9188217868,0.0,0.0,0.0,0.019547029604625437,0.0,0.0,0.021641015421031584,0.0,0.0,0.004750945589280003,0.0,0.02982383170259557,0.0006903682869618753,0.0,0.0,0.0003158006528283682,0.0,0.0,0.003453383684464079,0.0,0.0,1.5263687167305245e-06,0.0,0.0,0.0,0.0
S3d_O8,FULL_ENVELOPE_SIGNAL_UNAVAILABLE_BY_USER_SCOPE,49,12.25,12.25,21600.0,21600.0,39.522542485937365,19361.234336055866,1171.7031706709872,0.9796764278441644,0.7634373037471877,0.6826789626589136,0.03089621231017617,0.05121664285820406,0.08211285516838024,0.02383959376998011,0.0,0.6154477492047514,0.09381054106206911,0.0,0.7092582902668205,0.0,0.0,86740.22026362103,0.0,755032.7765769825,0.0,0.0,0.0,0.019985450155376703,0.0,0.0,0.021973375681267802,0.0,0.0,0.004688538512202392,0.0,0.03089621231017617,0.0007077432088145893,0.0,0.0,0.0003239658482889197,0.0,0.0,0.0035358874875865394,0.0,0.0,1.6819646671165788e-06,0.0,0.0,0.0,0.0
S3d_O8,FULL_ENVELOPE_SIGNAL_UNAVAILABLE_BY_USER_SCOPE,50,12.5,12.5,21600.0,21600.0,38.75,20139.346244307973,1183.3920666804397,0.9789029840869929,0.7390423888027,0.6520342542373311,0.0322401063502563,0.05208100673590259,0.08432111308615889,0.024776751348598858,0.0,0.6323138462106247,0.09523636084337708,0.0,0.7275502070540018,0.0,0.0,88500.47141643366,0.0,770228.8593044283,0.0,0.0,0.0,0.02036207457439048,0.0,0.0,0.02241156333505252,0.0,0.0,0.004606558732624439,0.0,0.0322401063502563,0.0007314017210948657,0.0,0.0,0.000332735850508506,0.0,0.0,0.00363485232352791,0.0,0.0,1.8201987038792022e-06,0.0,0.0,0.0,0.0
S3d_O8,FULL_ENVELOPE_SIGNAL_UNAVAILABLE_BY_USER_SCOPE,51,12.75,12.75,21600.0,21600.0,37.97745751406263,21001.16673137358,1197.8453987835803,0.9780455727489492,0.7126370627291281,0.6193334023908916,0.033721556248643196,0.05311839372924644,0.08683994997788963,0.0258185128126562,0.0,0.6525624647880877,0.09695695479634106,0.0,0.7495194195844287,0.0,0.0,90309.20808905375,0.0,785837.723667168,0.0,0.0,0.0,0.0208075696609363,0.0,0.0,0.02294027619253673,0.0,0.0,0.004518199321179826,0.0,0.033721556248643196,0.0007592679548154782,0.0,0.0,0.0003424973032575426,0.0,0.0,0.003748595381652311,0.0,0.0,1.9879148682623314e-06,0.0,0.0,0.0,0.0
S3d_O8,FULL_ENVELOPE_SIGNAL_UNAVAILABLE_BY_USER_SCOPE,52,13.0,13.0,21600.0,21600.0,37.280536869268815,21854.105796555978,1214.788944100859,0.9771951578471316,0.6870515445807625,0.58812289446444,0.035180773504999846,0.05426979596617189,0.08945056947117173,0.026857257414971077,0.0,0.674233521955396,0.09888867298377356,0.0,0.7731221949391696,0.0,0.0,92170.52428230288,0.0,801914.1221527602,0.0,0.0,0.0,0.021314598177466865,0.0,0.0,0.02351250932933042,0.0,0.0,0.0044326273065995805,0.0,0.035180773504999846,0.0007885282177953732,0.0,0.0,0.0003522615372442635,0.0,0.0,0.003867097165671734,0.0,0.0,2.1742320636474837e-06,0.0,0.0,0.0,0.0
S3d_O8,FULL_ENVELOPE_SIGNAL_UNAVAILABLE_BY_USER_SCOPE,53,13.25,13.25,21600.0,21600.0,36.72745751406263,22585.652730521157,1232.3262567504578,0.9764634304454708,0.6655438918795831,0.5622559937833744,0.03642606243902562,0.05539666402713873,0.09182272646616435,0.02775636418263559,0.0,0.6942122692969165,0.10079711919756114,0.0,0.7950093884944777,0.0,0.0,94082.90401888745,0.0,818457.4418412395,0.0,0.0,0.0,0.021822522140781793,0.0,0.0,0.024061429093425443,0.0,0.0,0.004357884861436758,0.0,0.03642606243902562,0.0008156312426290492,0.0,0.0,0.00036078128166937724,0.0,0.0,0.003976062598157463,0.0,0.0,2.3528090388439177e-06,0.0,0.0,0.0,0.0
S3d_O8,FULL_ENVELOPE_SIGNAL_UNAVAILABLE_BY_USER_SCOPE,54,13.5,13.5,21600.0,21600.0,36.372358709262116,23085.723426383618,1247.7021335042705,0.9759602454106041,0.6511747745022454,0.5451657636924687,0.0372724784146373,0.05632083683963569,0.093593315254273,0.028379791269325466,0.0,0.7087388043546025,0.10237067376068218,0.0,0.8111094781152847,0.0,0.0,96037.75682443293,0.0,835390.8504016923,0.0,0.0,0.0,0.022242047983964765,0.0,0.0,0.024512031306374894,0.0,0.0,0.004300705545906492,0.0,0.0372724784146373,0.0008368730471797025,0.0,0.0,0.00036683284732799817,0.0,0.0,0.004059859697052352,0.0,0.0,2.4864118294976086e-06,0.0,0.0,0.0,0.0
S3d_O8,FULL_ENVELOPE_SIGNAL_UNAVAILABLE_BY_USER_SCOPE,55,13.75,13.75,21600.0,21600.0,36.25,23272.940614032024,1258.1414907039248,0.9757673595437921,0.6461225723909806,0.539193661275189,0.03758529647119281,0.05687328143875519,0.094458577909948,0.028625252641144266,0.0,0.714572363308264,0.10330976128024666,0.0,0.8178821245885106,0.0,0.0,98019.6967068732,0.0,852559.3218952882,0.0,0.0,0.0,0.02248380440093485,0.0,0.0,0.024796723107742055,0.0,0.0,0.004266466713799052,0.0,0.03758529647119281,0.0008491705915962986,0.0,0.0,0.00036949225297734547,0.0,0.0,0.004105084736725785,0.0,0.0,2.5396349797986125e-06,0.0,0.0,0.0,0.0
S3d_O8,FULL_ENVELOPE_SIGNAL_UNAVAILABLE_BY_USER_SCOPE,56,14.0,14.0,21600.0,21600.0,36.372358709262116,23116.316855803132,1261.933245096901,0.9759164994210118,0.6511747745022454,0.5451657636924687,0.03731385572002052,0.056953408962030286,0.09426726468205081,0.028451753620672607,0.0,0.7103720938870465,0.10343654569167741,0.0,0.8138086395787238,0.0,0.0,100008.69572888229,0.0,869755.8590618199,0.0,0.0,0.0,0.02249587946579877,0.0,0.0,0.02487295796041547,0.0,0.0,0.004258577144754833,0.0,0.03731385572002052,0.0008507576247146051,0.0,0.0,0.00036835966152946235,0.0,0.0,0.0041043803443098215,0.0,0.0,2.4967605073218018e-06,0.0,0.0,0.0,0.0
S3d_O8,FULL_ENVELOPE_SIGNAL_UNAVAILABLE_BY_USER_SCOPE,57,14.25,14.25,21600.0,21600.0,36.72745751406263,22643.499783936822,1259.1255954584983,0.9763807798371301,0.6655438918795831,0.5622559937833744,0.03650397718115401,0.056565913431285766,0.09306989061243978,0.02789077058417084,0.0,0.6973345115559563,0.10276312722723743,0.0,0.8000976387831937,0.0,0.0,101983.67694728983,0.0,886770.2788023818,0.0,0.0,0.0,0.022287005349555546,0.0,0.0,0.02473459436230264,0.0,0.0,0.00427811230855577,0.0,0.03650397718115401,0.0008415698188801858,0.0,0.0,0.00036365536778745164,0.0,0.0,0.004058605222395753,0.0,0.0,2.3710018084133187e-06,0.0,0.0,0.0,0.0
S3d_O8,FULL_ENVELOPE_SIGNAL_UNAVAILABLE_BY_USER_SCOPE,58,14.5,14.5,21600.0,21600.0,37.280536869268815,21933.44486016568,1251.388291032641,0.9770818699610776,0.6870515445807625,0.58812289446444,0.035286982500585685,0.05581348540833698,0.09110046790892266,0.027037961548224517,0.0,0.6785890243180718,0.10147694487184093,0.0,0.7800659691899127,0.0,0.0,103926.42704076438,0.0,903438.8721439785,0.0,0.0,0.0,0.02191990487241594,0.0,0.0,0.02441189101975163,0.0,0.0,0.004323715753949179,0.0,0.035286982500585685,0.0008232279816452034,0.0,0.0,0.0003561610840330969,0.0,0.0,0.003976388159343476,0.0,0.0,2.1965371984533618e-06,0.0,0.0,0.0,0.0
S3d_O8,FULL_ENVELOPE_SIGNAL_UNAVAILABLE_BY_USER_SCOPE,59,14.75,14.75,21600.0,21600.0,37.97745751406263,21095.09928400983,1241.1798279066923,0.9779113285990103,0.7126370627291281,0.6193334023908916,0.033846390536176295,0.054851650554563626,0.08869804109073992,0.026026868579211323,0.0,0.6578300857049838,0.09985606002569183,0.0,0.7576861457306756,0.0,0.0,105824.54253602069,0.0,919672.764502036,0.0,0.0,0.0,0.021480357450590303,0.0,0.0,0.02396044673408921,0.0,0.0,0.0043919661918546,0.0,0.033846390536176295,0.0007985969964077556,0.0,0.0,0.00034701996824557677,0.0,0.0,0.00387125232869782,0.0,0.0,2.010884678367215e-06,0.0,0.0,0.0,0.0
S3d_O8,FULL_ENVELOPE_SIGNAL_UNAVAILABLE_BY_USER_SCOPE,60,15.0,15.0,21600.0,21600.0,38.75,20240.90487556157,1230.8298648976456,0.9787571419028178,0.7390423888027,0.6520342542373311,0.032374067208008096,0.05383834945354089,0.086212416661549,0.02499551340033686,0.0,0.638143469088271,0.09817596622899868,0.0,0.7363194353172697,0.0,0.0,107672.63678356266,0.0,935458.3444339248,0.0,0.0,0.0,0.021046520202540192,0.0,0.0,0.023446192043750626,0.0,0.0,0.004477172969960137,0.0,0.032374067208008096,0.0007710761938940531,0.0,0.0,0.00033746560345497133,0.0,0.0,0.0037580809533635517,0.0,0.0,1.8414865773632632e-06,0.0,0.0,0.0,0.0
S3d_O8,FULL_ENVELOPE_SIGNAL_UNAVAILABLE_BY_USER_SCOPE,61,15.25,15.25,21600.0,21600.0,39.52254248593737,19470.09867348414,1222.4722519218992,0.9795200512285872,0.7634373037471879,0.6826789626589138,0.03103880083555753,0.052921304433865266,0.0839601052694228,0.024064744865729435,0.0,0.6218427144548052,0.09669041627892284,0.0,0.718533130733728,0.0,0.0,109472.1503351055,0.0,950842.89599662,0.0,0.0,0.0,0.020683137500429244,0.0,0.0,0.022938837429577648,0.0,0.0,0.004574042104595499,0.0,0.03103880083555753,0.0007439866034869478,0.0,0.0,0.0003286942702103243,0.0,0.0,0.003650903617031401,0.0,0.0,1.7029085341961492e-06,0.0,0.0,0.0,0.0
S3d_O8,FULL_ENVELOPE_SIGNAL_UNAVAILABLE_BY_USER_SCOPE,62,15.5,15.5,21600.0,21600.0,40.219463130731185,18836.930530683534,1211.9246887840661,0.980150786655215,0.7837771116149006,0.7085421765182374,0.029967520801517527,0.05196799422005439,0.08193551502157191,0.023298340840175746,0.0,0.6047093442752645,0.0951014226122762,0.0,0.6998107668875406,0.0,0.0,111227.68780918051,0.0,965852.0629697838,0.0,0.0,0.0,0.020243290595103124,0.0,0.0,0.022464868944437468,0.0,0.0,0.004665179193422223,0.0,0.029967520801517527,0.0007201327690813563,0.0,0.0,0.00032026953761380724,0.0,0.0,0.0035527054150911157,0.0,0.0,1.54776530529348e-06,0.0,0.0,0.0,0.0
S3d_O8,FULL_ENVELOPE_SIGNAL_UNAVAILABLE_BY_USER_SCOPE,63,15.75,15.75,21600.0,21600.0,40.77254248593737,18373.274378591566,1198.8384673153234,0.9806181774713434,0.7988362482971733,0.7278710495576816,0.02921251338345721,0.05099671778780612,0.08020923117126333,0.02272848605904464,0.0,0.5878950527869666,0.09342229064258291,0.0,0.6813173434295495,0.0,0.0,112944.49673676262,0.0,980475.6112186795,0.0,0.0,0.0,0.019719590870283184,0.0,0.0,0.022052878606295637,0.0,0.0,0.0047403609927053935,0.0,0.02921251338345721,0.000701171708430401,0.0,0.0,0.00031265692774723724,0.0,0.0,0.0034686726001153445,0.0,0.0,1.3860822289229467e-06,0.0,0.0,0.0,0.0
S3d_O8,FULL_ENVELOPE_SIGNAL_UNAVAILABLE_BY_USER_SCOPE,64,16.0,16.0,21600.0,21600.0,41.127641290737884,18098.421570358354,1190.3510662563974,0.9808960653975363,0.808017462949973,0.7397298852634182,0.0287597315570494,0.05033254810421046,0.07909227966125985,0.022379945124397876,0.0,0.5788493074938673,0.09228761430077088,0.0,0.6711369217946382,0.0,0.0,114631.84484567703,0.0,994801.0307839481,0.0,0.0,0.0,0.019367603342200466,0.0,0.0,0.0217534539158393,0.0,0.0,0.004803180101878392,0.0,0.0287597315570494,0.0006875575524385323,0.0,0.0,0.0003079695750229673,0.0,0.0,0.003411488741800885,0.0,0.0,1.2948750299193215e-06,0.0,0.0,0.0,0.0
S3d_O8,FULL_ENVELOPE_SIGNAL_UNAVAILABLE_BY_USER_SCOPE,65,16.25,16.25,21600.0,21600.0,41.25,18017.014332110273,1187.2960106700316,0.9809789176281285,0.8110949791979928,0.7437174703023954,0.0286212981224935,0.0500243872977644,0.0786456854202579,0.02226499011237438,0.0,0.5765967085911938,0.09178368453801292,0.0,0.6683803931292067,0.0,0.0,116302.9403507306,0.0,1008992.0433018571,0.0,0.0,0.0,0.019217261690118052,0.0,0.0,0.021586313469117047,0.0,0.0,0.004849231419589217,0.0,0.0286212981224935,0.0006798577378533171,0.0,0.0,0.0003063550413060849,0.0,0.0,0.003384102771151345,0.0,0.0,1.2651686293351866e-06,0.0,0.0,0.0,0.0
S3d_O8,FULL_ENVELOPE_SIGNAL_UNAVAILABLE_BY_USER_SCOPE,66,16.5,16.5,21600.0,21600.0,41.127641290737884,18129.468360909905,1189.7314652023058,0.9808662199411361,0.808017462949973,0.7397298852634182,0.028799560868045956,0.0500808457689394,0.07888040663698535,0.022385681172391286,0.0,0.5807700484479152,0.0919207496900047,0.0,0.67269079813792,0.0,0.0,117971.76591569796,0.0,1023199.3002555815,0.0,0.0,0.0,0.019269459254804593,0.0,0.0,0.021561418804245704,0.0,0.0,0.0048749307655913164,0.0,0.028799560868045956,0.0006784367062738266,0.0,0.0,0.00030783057644949484,0.0,0.0,0.003387477083515924,0.0,0.0,1.2925780585389892e-06,0.0,0.0,0.0,0.0
S3d_O8,FULL_ENVELOPE_SIGNAL_UNAVAILABLE_BY_USER_SCOPE,67,16.75,16.75,21600.0,21600.0,40.77254248593737,18434.561561809336,1198.118291394671,0.980558786161628,0.7988362482971733,0.7278710495576816,0.02929145101092389,0.0505196919729638,0.0798111429838877,0.022742034489779205,0.0,0.5916537053194242,0.09273121729009785,0.0,0.684384922609522,0.0,0.0,119652.57686843441,0.0,1037573.0130124539,0.0,0.0,0.0,0.019535951948911064,0.0,0.0,0.021684945225904622,0.0,0.0,0.0048791596450644716,0.0,0.02929145101092389,0.0006834942771389717,0.0,0.0,0.0003124068882561299,0.0,0.0,0.003422352987133492,0.0,0.0,1.381000555055586e-06,0.0,0.0,0.0,0.0
S3d_O8,FULL_ENVELOPE_SIGNAL_UNAVAILABLE_BY_USER_SCOPE,68,17.0,17.0,21600.0,21600.0,40.219463130731185,18926.85010015635,1213.4793331539645,0.9800611322331548,0.7837771116149006,0.7085421765182374,0.030084084928408618,0.05137652080938941,0.08146060573779804,0.023330170992495323,0.0,0.6101508829550142,0.09428752321780895,0.0,0.7044384061728232,0.0,0.0,121360.01249099938,0.0,1052276.9144024285,0.0,0.0,0.0,0.02004735197055551,0.0,0.0,0.021959540384087234,0.0,0.0,0.004863639920864687,0.0,0.030084084928408618,0.0006950117426546105,0.0,0.0,0.0003200557499482006,0.0,0.0,0.0034893782081458304,0.0,0.0,1.5428331333381551e-06,0.0,0.0,0.0,0.0
S3d_O8,FULL_ENVELOPE_SIGNAL_UNAVAILABLE_BY_USER_SCOPE,69,17.25,17.25,21600.0,21600.0,39.52254248593737,19585.097176930587,1228.7613625039126,0.9794012547830949,0.7634373037471879,0.6826789626589138,0.031188898012292986,0.05233790804482208,0.08352680605711507,0.02412411092724171,0.0,0.6286737639183129,0.0959680086519324,0.0,0.7246417725702453,0.0,0.0,123105.75291824256,0.0,1067398.0782456992,0.0,0.0,0.0,0.02054897917594496,0.0,0.0,0.022348557078301017,0.0,0.0,0.004819268333966381,0.0,0.031188898012292986,0.00071325873180633,0.0,0.0,0.00032869738792317245,0.0,0.0,0.003577445654378397,0.0,0.0,1.701682501819389e-06,0.0,0.0,0.0,0.0
S3d_O8,FULL_ENVELOPE_SIGNAL_UNAVAILABLE_BY_USER_SCOPE,70,17.5,17.5,21600.0,21600.0,38.75,20375.774098262566,1241.7040128851265,0.9786145049323204,0.7390423888027,0.6520342542373311,0.0325513387791357,0.053286836737460264,0.08583817551659596,0.025078304812745734,0.0,0.645973353239578,0.09755146944184276,0.0,0.7435248226814208,0.0,0.0,124896.48733505912,0.0,1082921.3420115288,0.0,0.0,0.0,0.02095677769831796,0.0,0.0,0.022825537765543275,0.0,0.0,0.004747463350351233,0.0,0.0325513387791357,0.0007375377705103663,0.0,0.0,0.00033773628844615915,0.0,0.0,0.00367994170068855,0.0,0.0,1.8421636027211022e-06,0.0,0.0,0.0,0.0
S3d_O8,FULL_ENVELOPE_SIGNAL_UNAVAILABLE_BY_USER_SCOPE,71,17.75,17.75,21600.0,21600.0,37.977457514062635,21238.59436296976,1256.0355790123824,0.9777564877883052,0.7126370627291283,0.6193334023908919,0.0340364478490305,0.05434640732276839,0.08838285517179889,0.02612212558618354,0.0,0.6659652194517487,0.09930911512236998,0.0,0.7652743345741186,0.0,0.0,126737.01678692136,0.0,1098860.8041271956,0.0,0.0,0.0,0.02140225330307325,0.0,0.0,0.023372463315169074,0.0,0.0,0.0046614094223979925,0.0,0.0340364478490305,0.0007657368826610358,0.0,0.0,0.0003475155673192279,0.0,0.0,0.0037950175560837927,0.0,0.0,2.0112760640118505e-06,0.0,0.0,0.0,0.0
S3d_O8,FULL_ENVELOPE_SIGNAL_UNAVAILABLE_BY_USER_SCOPE,72,18.0,18.0,21600.0,21600.0,37.280536869268815,22079.137371360703,1271.4699072068754,0.976919908491598,0.6870515445807625,0.58812289446444,0.035481420351123685,0.055455047675927564,0.09093646802705124,0.027146311670122436,0.0,0.6866665470734605,0.10115381056877945,0.0,0.78782035764224,0.0,0.0,128629.76599255315,0.0,1115254.0089696404,0.0,0.0,0.0,0.02187821961753454,0.0,0.0,0.023939627609063624,0.0,0.0,0.004570671948406086,0.0,0.035481420351123685,0.0007949816578954611,0.0,0.0,0.0003570172217997426,0.0,0.0,0.0039123319467102265,0.0,0.0,2.1976745178843646e-06,0.0,0.0,0.0,0.0
S3d_O8,FULL_ENVELOPE_SIGNAL_UNAVAILABLE_BY_USER_SCOPE,73,18.25,18.25,21600.0,21600.0,36.727457514062635,22783.63735474251,1286.139364147299,0.9762175901209934,0.6655438918795834,0.5622559937833749,0.03669224128591486,0.05647368229759534,0.0931659235835102,0.02801301887881927,0.0,0.7049618263176685,0.1028514995883955,0.0,0.8078133259060639,0.0,0.0,130571.47487434992,0.0,1132082.989845417,0.0,0.0,0.0,0.022324806361261565,0.0,0.0,0.024458502447594302,0.0,0.0,0.004484020375054194,0.0,0.03669224128591486,0.0008216666132601975,0.0,0.0,0.00036498169738223747,0.0,0.0,0.004017330309416559,0.0,0.0,2.3744936262876247e-06,0.0,0.0,0.0,0.0
S3d_O8,FULL_ENVELOPE_SIGNAL_UNAVAILABLE_BY_USER_SCOPE,74,18.5,18.5,21600.0,21600.0,36.372358709262116,23242.320168017806,1297.3844041747022,0.9757589460577618,0.6511747745022454,0.5451657636924687,0.03748393432041695,0.05722757859413584,0.09471151291455279,0.02858656715208326,0.0,0.7171424880854572,0.10409795753852177,0.0,0.821240445623979,0.0,0.0,132551.82572411973,0.0,1149254.2801770465,0.0,0.0,0.0,0.022654969192636737,0.0,0.0,0.02485437716128016,0.0,0.0,0.004409094492968606,0.0,0.03748393432041695,0.0008420686244855061,0.0,0.0,0.0003702023067435866,0.0,0.0,0.004094362609622931,0.0,0.0,2.5042063983075867e-06,0.0,0.0,0.0,0.0
S3d_O8,FULL_ENVELOPE_SIGNAL_UNAVAILABLE_BY_USER_SCOPE,75,18.75,18.75,21600.0,21600.0,36.25,23377.55065199305,1302.6972107505815,0.9756218193210453,0.6461225723909806,0.539193661275189,0.03772680063416774,0.05756042754697545,0.09528722818114319,0.028768899921172614,0.0,0.7201599013474379,0.10461795965297138,0.0,0.8247778610004093,0.0,0.0,134553.92869744136,0.0,1166599.12325789,0.0,0.0,0.0,0.022785868472594468,0.0,0.0,0.025063876851064964,0.0,0.0,0.004352585269035267,0.0,0.03772680063416774,0.0008531686885460331,0.0,0.0,0.00037182848208141644,0.0,0.0,0.0041305480162720405,0.0,0.0,2.551767381257814e-06,0.0,0.0,0.0,0.0
S3d_O8,FULL_ENVELOPE_SIGNAL_UNAVAILABLE_BY_USER_SCOPE,76,19.0,19.0,21600.0,21600.0,36.372358709262116,23161.6161031904,1300.5479481147008,0.9758346098481666,0.6511747745022454,0.5451657636924687,0.037375063403140014,0.057381830769809745,0.09475689417294976,0.02852283770739053,0.0,0.7127980312386735,0.10425244275317211,0.0,0.8170504739918456,0.0,0.0,136556.58733977712,0.0,1183900.4792621196,0.0,0.0,0.0,0.022670413230593045,0.0,0.0,0.025048563931018716,0.0,0.0,0.004318462010320309,0.0,0.037375063403140014,0.0008532811384284875,0.0,0.0,0.00036951452161779365,0.0,0.0,0.004119093818180978,0.0,0.0,2.502119650414241e-06,0.0,0.0,0.0,0.0
S3d_O8,FULL_ENVELOPE_SIGNAL_UNAVAILABLE_BY_USER_SCOPE,77,19.25,19.25,21600.0,21600.0,36.72745751406263,22628.217525991517,1291.3109358487973,0.9763642761317929,0.6655438918795831,0.5622559937833744,0.036483404787168064,0.05671416517449741,0.09319756996166548,0.02788680308058345,0.0,0.696508185569426,0.10304603919831161,0.0,0.7995542247677375,0.0,0.0,138537.97515549345,0.0,1200942.4722361213,0.0,0.0,0.0,0.022325735283438043,0.0,0.0,0.024809431662153027,0.0,0.0,0.004308716209958272,0.0,0.036483404787168064,0.0008424906914309604,0.0,0.0,0.00036358092569446716,0.0,0.0,0.004061840801071117,0.0,0.0,2.3696007515265873e-06,0.0,0.0,0.0,0.0
S3d_O8,FULL_ENVELOPE_SIGNAL_UNAVAILABLE_BY_USER_SCOPE,78,19.5,19.5,21600.0,21600.0,37.280536869268815,21861.81644337212,1277.0128895565492,0.9771268204917979,0.6870515445807625,0.58812289446444,0.0351911055462966,0.0556791198292804,0.090870225375577,0.02696285707015707,0.0,0.6746554905813361,0.10122113618551422,0.0,0.7758766267668503,0.0,0.0,140479.66948867336,0.0,1217561.361503762,0.0,0.0,0.0,0.021823344445371422,0.0,0.0,0.024384606729731122,0.0,0.0,0.0043230630494073535,0.0,0.0351911055462966,0.0008225716507404654,0.0,0.0,0.000354908084317858,0.0,0.0,0.003968436534813869,0.0,0.0,2.189334898312614e-06,0.0,0.0,0.0,0.0
S3d_O8,FULL_ENVELOPE_SIGNAL_UNAVAILABLE_BY_USER_SCOPE,79,19.75,19.75,21600.0,21600.0,37.97745751406263,20979.63621883398,1260.7893184365455,0.9780050693881664,0.7126370627291281,0.6193334023908916,0.0336928958747002,0.05446475268301675,0.08815764855771696,0.02589416393093114,0.0,0.6513614135095563,0.09911696695085369,0.0,0.75047838046041,0.0,0.0,142369.78139388206,0.0,1233676.0579409634,0.0,0.0,0.0,0.021264489562835446,0.0,0.0,0.023842027912362937,0.0,0.0,0.004360957478580637,0.0,0.0336928958747002,0.0007965983048577679,0.0,0.0,0.0003448061528272805,0.0,0.0,0.00385387354937264,0.0,0.0,1.999722180047791e-06,0.0,0.0,0.0,0.0
S3d_O8,FULL_ENVELOPE_SIGNAL_UNAVAILABLE_BY_USER_SCOPE,80,20.0,20.0,10800.0,21600.0,38.75,20090.77879421268,1244.9599386478533,0.9788902580179503,0.7390423888027,0.6520342542373311,0.03217590080063816,0.053228777166733,0.08540467796737117,0.024815461013956545,0.0,0.6295458746510801,0.09700843979607783,0.0,0.726554314447158,0.0,0.0,144203.8420859011,0.0,1249284.0948305726,0.0,0.0,0.0,0.02072616048188415,0.0,0.0,0.023248463942408815,0.0,0.0,0.004416969360191136,0.0,0.03217590080063816,0.0007679548269329134,0.0,0.0,0.0003344641203508875,0.0,0.0,0.0037329367393620807,0.0,0.0,1.8276956030234845e-06,0.0,0.0,0.0,0.0
SE3,FULL_ENVELOPE_SE3_ONLY,0,0.0,0.0,10800.0,0.0,38.75,20122.180650423856,0.0,0.9800789193112656,0.7390423888027,0.6520342542373311,0.0,0.0,0.0,0.0,0.0007625397155769655,1.7140677637734156,0.0,0.0,1.7140677637734156,0.000755950060311888,0.0,0.0,0.0,0.0,0.0,0.0,0.0,0.0,0.0,0.0,0.0,0.0,0.0,0.0,0.0,0.0,0.0,0.0,0.0,0.0,0.0,0.0,0.0,0.0,0.0,0.0,0.0,0.0,0.0,0.0
SE3,FULL_ENVELOPE_SE3_ONLY,1,0.25,0.25,21600.0,21600.0,39.52254248593737,19344.348932190376,747.0509475006841,0.9801090873600765,0.7634373037471879,0.6826789626589138,0.0,0.04442200864511361,0.04442200864511361,0.016162946713182528,0.0007983780278924212,1.6713207173736748,0.2825754842036746,0.16492122045302396,1.9538962015773493,0.0007914786679409952,16.522343935134167,470.2148750001283,16.379562453095293,38825.49352827192,0.7619447421270856,0.08312732470923172,0.0,0.027325828389606528,0.0,0.0,0.01009968340700542,0.0,0.0,0.005240718361753569,0.0,0.0,0.0011736384748308934,0.0,0.0,6.317892795900106e-05,0.0,0.0,0.0005189610839581959,0.0,0.0,0.0,0.0,0.0,0.0,0.16492122045302396
SE3,FULL_ENVELOPE_SE3_ONLY,2,0.5,0.5,21600.0,21600.0,40.219463130731185,18710.72200108826,816.5430922150234,0.980662156978949,0.7837771116149006,0.7085421765182374,0.0,0.047518011272028135,0.047518011272028135,0.016391562985613155,0.0008286244875101952,1.625909273982354,0.2913154393067381,0.16492122045302396,1.917224713289092,0.0008214637461017792,33.74940490049384,1443.7001966375294,33.45775196864949,79813.44990152653,0.8882344466533298,0.11842917818527289,0.0,0.028361885638326714,0.0,0.0,0.01146804134285072,0.0,0.0,0.005975902528214049,0.0,0.0,0.0011462782843078268,0.0,0.0,6.145653855572552e-05,0.0,0.0,0.0005044469397731041,0.0,0.0,0.0,0.0,0.0,0.0,0.16492122045302396
SE3,FULL_ENVELOPE_SE3_ONLY,3,0.75,0.75,21600.0,21600.0,40.77254248593737,18252.761338335233,851.0527150402937,0.9810775073232006,0.7988362482971733,0.7278710495576816,0.0,0.0491140546989884,0.0491140546989884,0.01652094099875021,0.0008512291792946183,1.5809586290654971,0.29572682671975853,0.16492122045302396,1.8766854557852557,0.000843873094452687,51.544807669702834,2467.3653423478863,51.099371836906805,120003.744908307,1.0376913424492116,0.1475088787484795,0.0,0.02878752079114912,0.0,0.0,0.012401640109420376,0.0,0.0,0.006251453685075661,0.0,0.0,0.0011207613496114247,0.0,0.0,5.9936883473250866e-05,0.0,0.0,0.000492741880258565,0.0,0.0,0.0,0.0,0.0,0.0,0.16492122045302396
SE3,FULL_ENVELOPE_SE3_ONLY,4,1.0,1.0,21600.0,21600.0,41.127641290737884,17987.86725812294,876.5543295986671,0.9813123980010838,0.808017462949973,0.7397298852634182,0.0,0.050296649249081817,0.050296649249081817,0.016729433700168352,0.0008650978267580918,1.558204130862097,0.2989155434725487,0.16492122045302396,1.8571196743346459,0.0008576218929379233,69.73258033176103,3520.812676670158,69.12997084697773,159570.50016817552,1.1752067471783156,0.1730573585379395,0.0,0.02919355585195239,0.0,0.0,0.013070593415002284,0.0,0.0,0.006383333268727368,0.0,0.0,0.001104090499025524,0.0,0.0,5.9060924675167876e-05,0.0,0.0,0.00048601528969907545,0.0,0.0,0.0,0.0,0.0,0.0,0.16492122045302396
SE3,FULL_ENVELOPE_SE3_ONLY,5,1.25,1.25,21600.0,21600.0,41.25,17920.87780596661,899.7794999929893,0.9813553453731402,0.8110949791979928,0.7437174703023954,0.0,0.0513677037836272,0.0513677037836272,0.017005955195802818,0.0008697612197343049,1.5547761565292524,0.30174217075268783,0.16492122045302396,1.85651832728194,0.0008622449861743967,88.11932161847417,4598.292995345497,87.35781905041594,198929.1426169582,1.299489650306797,0.1958630790938491,0.0,0.02968253199801807,0.0,0.0,0.013586033000446618,0.0,0.0,0.006457151545569138,0.0,0.0,0.0010988382404014503,0.0,0.0,5.885057622217108e-05,0.0,0.0,0.00048429842296974514,0.0,0.0,0.0,0.0,0.0,0.0,0.16492122045302396
SE3,FULL_ENVELOPE_SE3_ONLY,6,1.5,1.5,21600.0,21600.0,41.127641290737884,18051.306322180957,923.5632575767365,0.9812040200023409,0.808017462949973,0.7397298852634182,0.0,0.052493896285503966,0.052493896285503966,0.017358101241898304,0.0008650978267580918,1.5693988860292738,0.3046544407131778,0.16492122045302396,1.8740533267424517,0.0008576218929379233,106.50505032341856,5698.998677029611,105.58466342253426,238465.0573122839,1.4108177785557674,0.21621631670709057,0.0,0.030322071153046352,0.0,0.0,0.014025909095997543,0.0,0.0,0.006493399442659678,0.0,0.0,0.0011056986991950465,0.0,0.0,5.929732051086133e-05,0.0,0.0,0.0004875205740944947,0.0,0.0,0.0,0.0,0.0,0.0,0.16492122045302396
SE3,FULL_ENVELOPE_SE3_ONLY,7,1.75,1.75,21600.0,21600.0,40.77254248593737,18383.074597429862,950.4470263468518,0.9808521722741923,0.7988362482971733,0.7278710495576816,0.0,0.05384154877864963,0.05384154877864963,0.017824744781950848,0.0008512291792946183,1.6037666612599106,0.3080882606828631,0.16492122045302396,1.9118549219427736,0.000843873094452687,124.68973883660459,6825.631156131543,123.61220493608626,278577.0749928025,1.5092434760956865,0.2342009574496442,0.0,0.031207603586347627,0.0,0.0,0.014450644892237116,0.0,0.0,0.0065020336606304435,0.0,0.0,0.0011249923177189523,0.0,0.0,6.041809505479777e-05,0.0,0.0,0.0004958562266606905,0.0,0.0,0.0,0.0,0.0,0.0,0.16492122045302396
SE3,FULL_ENVELOPE_SE3_ONLY,8,2.0,2.0,21600.0,21600.0,40.21946313073118,18905.665754436966,982.1153634563153,0.9803086762782061,0.7837771116149004,0.708542176518237,0.0,0.055523582130947255,0.055523582130947255,0.018440371507662374,0.0008286244875101949,1.659599322202392,0.3123362755726681,0.16492122045302396,1.97193559777506,0.0008214637461017789,142.4799066888536,7983.8323294264555,141.248635126074,319707.2833840738,1.5945858950507812,0.24980895051568308,0.0,0.03241436427100619,0.0,0.0,0.01489606116474104,0.0,0.0,0.006485667222537243,0.0,0.0,0.0011560966901109472,0.0,0.0,6.217840102263555e-05,0.0,0.0,0.0005092143815291969,0.0,0.0,0.0,0.0,0.0,0.0,0.16492122045302396
SE3,FULL_ENVELOPE_SE3_ONLY,9,2.25,2.25,21600.0,21600.0,39.522542485937365,19598.135768813998,1012.153592296666,0.9796006509865526,0.7634373037471877,0.6826789626589136,0.0,0.05709192941029373,0.05709192941029373,0.01900660788424211,0.000798378027892421,1.7144082929027755,0.31623558472733393,0.16492122045302396,2.0306438776301095,0.000791478667940995,159.69942032052128,9175.69376701454,158.31934252988623,362068.4002961716,1.667185345936683,0.26311079453100494,0.0,0.03351173404605019,0.0,0.0,0.01536326913293673,0.0,0.0,0.006428061552233964,0.0,0.0,0.0011994064505563313,0.0,0.0,6.413400697776672e-05,0.0,0.0,0.0005253242215387461,0.0,0.0,0.0,0.0,0.0,0.0,0.16492122045302396
SE3,FULL_ENVELOPE_SE3_ONLY,10,2.5,2.5,21600.0,21600.0,38.75,20425.773339315816,1038.60870527929,0.9787643384328639,0.7390423888027,0.6520342542373311,0.0,0.058462000089943254,0.058462000089943254,0.01948682611226234,0.0007625397155769655,1.7644908889145428,0.32235226081526547,0.16770086228539924,2.086843149729808,0.000755950060311888,176.20655413442557,10397.690137239832,174.68382630337152,405611.27566468465,1.728039330458145,0.2742822392779253,0.0,0.03441677429210342,0.0,0.0,0.01585340879845947,0.0,0.0,0.006329508123267502,0.0,0.0,0.0012529379859526598,0.0,0.0,6.616051764573285e-05,0.0,0.0,0.0005432103725144569,0.0,0.0,0.0,0.0,0.0,0.0,0.16770086228539924
SE3,FULL_ENVELOPE_SE3_ONLY,11,2.75,2.75,21600.0,21600.0,37.97745751406263,21326.727725345372,1065.3102349494898,0.9778568029096705,0.7126370627291281,0.6193334023908916,0.0,0.059905640931894225,0.059905640931894225,0.019999953340384423,0.0007242967887612952,1.8217627963139789,0.34164849267227165,0.18349747399983385,2.1634112889862505,0.0007180376181895326,191.91629053700797,11648.326458321482,190.25780355127182,450518.04395856516,1.778197821621376,0.2834564761296633,0.0,0.03538430295567392,0.0,0.0,0.016366081171590885,0.0,0.0,0.006212511664069156,0.0,0.0,0.0013116639698204618,0.0,0.0,6.83280147969169e-05,0.0,0.0,0.0005627531559428739,0.0,0.0,0.0,0.0,0.0,0.0,0.18349747399983385
SE3,FULL_ENVELOPE_SE3_ONLY,12,3.0,3.0,21600.0,21600.0,37.280536869268815,22204.65471588855,1092.0056128411045,0.9769726117624746,0.6870515445807625,0.58812289446444,0.0,0.06136225907568493,0.06136225907568493,0.020523497878471592,0.0006877967863724843,1.8809270569330774,0.36249943812567187,0.20081568680926845,2.243426495058749,0.0006818530386278919,206.82263591857622,12928.433016653413,205.03533245899598,497036.588995461,1.8189682728927028,0.2908268682617318,0.0,0.036372448797673,0.0,0.0,0.016874073214451904,0.0,0.0,0.006094028258779225,0.0,0.0,0.001369324448257186,0.0,0.0,7.041587157791989e-05,0.0,0.0,0.0005819684849457016,0.0,0.0,0.0,0.0,0.0,0.0,0.20081568680926845
SE3,FULL_ENVELOPE_SE3_ONLY,13,3.25,3.25,21600.0,21600.0,36.727457514062635,22942.949777313617,1116.7695233942648,0.976227408398907,0.6655438918795834,0.5622559937833749,0.0,0.06268377942220456,0.06268377942220456,0.02100107754073287,0.0006575460150977937,1.933452879035316,0.38203405955775815,0.21714003693742662,2.3154869385930743,0.0006518636860703261,221.01246502021021,14236.776013158908,219.10253702037323,545120.4359939853,1.8522983601702072,0.2967571383933512,0.0,0.03727266612575457,0.0,0.0,0.01733481548084783,0.0,0.0,0.005987442636636725,0.0,0.0,0.0014183940979757494,0.0,0.0,7.215307693534035e-05,0.0,0.0,0.0005983080040543525,0.0,0.0,0.0,0.0,0.0,0.0,0.21714003693742662
SE3,FULL_ENVELOPE_SE3_ONLY,14,3.5,3.5,21600.0,21600.0,36.372358709262116,23428.325941395626,1136.833562487063,0.9757341084965644,0.6511747745022454,0.5451657636924687,0.0,0.06367433725518676,0.06367433725518676,0.021357436537842014,0.000637559366991541,1.9689762011239398,0.39629109091489334,0.22899064753531867,2.3652672920388333,0.0006320497569952716,234.6636959383106,15568.662752440603,232.63579781330293,594458.2248806019,1.8807031456649423,0.30172818078991337,0.0,0.03793854748044106,0.0,0.0,0.01769870636527724,0.0,0.0,0.0059030713738405585,0.0,0.0,0.001451540410764151,0.0,0.0,7.328084528716862e-05,0.0,0.0,0.0006091907795765831,0.0,0.0,0.0,0.0,0.0,0.0,0.22899064753531867
SE3,FULL_ENVELOPE_SE3_ONLY,15,3.75,3.75,21600.0,21600.0,36.25,23578.7257868578,1149.496970429221,0.9755750150898721,0.6461225723909806,0.539193661275189,0.0,0.06415122970893437,0.06415122970893437,0.021522485684726367,0.0006305751246007855,1.9786731058399358,0.4015997262763001,0.2331496534161874,2.380272832116236,0.000625125870476745,248.02612291674922,16915.56919598157,245.88275042956218,644462.2969885666,1.9070150326210793,0.30628752256436265,0.0,0.03823226457511643,0.0,0.0,0.017920770793633887,0.0,0.0,0.005848561649657365,0.0,0.0,0.0014633730456226667,0.0,0.0,7.361370855870574e-05,0.0,0.0,0.0006126459363453147,0.0,0.0,0.0,0.0,0.0,0.0,0.2331496534161874
SE3,FULL_ENVELOPE_SE3_ONLY,16,4.0,4.0,21600.0,21600.0,36.372358709262116,23366.096509591694,1153.262220797802,0.9757787988968769,0.6511747745022454,0.5451657636924687,0.0,0.06402116628776024,0.06402116628776024,0.021462147501630845,0.000637559366991541,1.959247326004489,0.4012606112015876,0.2331496534161874,2.3605079372060764,0.0006320497569952716,261.3888576172478,18266.161399245786,259.1300081086333,694417.3546702903,1.9340309748548399,0.310962074992026,0.0,0.03808661676303941,0.0,0.0,0.01797359311259293,0.0,0.0,0.005828075800557657,0.0,0.0,0.0014518417910125015,0.0,0.0,7.308739993326135e-05,0.0,0.0,0.0006079514206244589,0.0,0.0,0.0,0.0,0.0,0.0,0.2331496534161874
SE3,FULL_ENVELOPE_SE3_ONLY,17,4.25,4.25,21600.0,21600.0,36.727457514062635,22824.11646287575,1148.5323086090666,0.9763124127366309,0.6655438918795834,0.5622559937833749,0.0,0.06332200505503979,0.06332200505503979,0.02119418186573169,0.0006575460150977937,1.9146874015120523,0.3995275304749172,0.2331496534161874,2.3142149319869696,0.0006518636860703261,275.0409999154544,19608.521007057418,272.66417240577687,743694.8425970927,1.9641516644074395,0.3161773035057379,0.0,0.03753833581636351,0.0,0.0,0.017855396816109745,0.0,0.0,0.00584186221800655,0.0,0.0,0.001418751645948236,0.0,0.0,7.177584489104434e-05,0.0,0.0,0.0005958827137207129,0.0,0.0,0.0,0.0,0.0,0.0,0.2331496534161874
SE3,FULL_ENVELOPE_SE3_ONLY,18,4.5,4.5,21600.0,21600.0,37.280536869268815,22038.948670947044,1137.4205273119528,0.9770901399710412,0.6870515445807625,0.58812289446444,0.0,0.062203676165113186,0.062203676165113186,0.02077847620561362,0.0006877967863724843,1.8543548243468,0.3967740045938718,0.2331496534161874,2.2511288289406717,0.0006818530386278919,289.2323056987955,20932.608115460716,286.7328408877903,791851.5300982324,1.9991028034880756,0.3222222734481045,0.0,0.036709659267090716,0.0,0.0,0.017589941549679876,0.0,0.0,0.005886446174326359,0.0,0.0,0.0013692985956584654,0.0,0.0,6.987274180152808e-05,0.0,0.0,0.0005784578365562467,0.0,0.0,0.0,0.0,0.0,0.0,0.2331496534161874
SE3,FULL_ENVELOPE_SE3_ONLY,19,4.75,4.75,21600.0,21600.0,37.977457514062635,21122.990260575716,1122.6242863370542,0.977999994523598,0.7126370627291283,0.6193334023908919,0.0,0.06085048497013428,0.06085048497013428,0.020285319600642133,0.0007242967887612955,1.7884723528760522,0.393454617507593,0.2331496534161874,2.1819269703836452,0.0007180376181895328,304.1406442068671,22231.744139739796,301.51234569797515,838653.1178528371,2.039800499032577,0.3292410033225743,0.0,0.03574368413303799,0.0,0.0,0.017216436314798973,0.0,0.0,0.005953926330567365,0.0,0.0,0.0013105934449351752,0.0,0.0,6.763143166917923e-05,0.0,0.0,0.0005582133151256006,0.0,0.0,0.0,0.0,0.0,0.0,0.2331496534161874
SE3,FULL_ENVELOPE_SE3_ONLY,20,5.0,5.0,21600.0,21600.0,38.75,20197.26860751285,1107.1654855466375,0.9789209023045339,0.7390423888027,0.6520342542373311,0.0,0.059464138340039524,0.059464138340039524,0.019787934592496982,0.0007625397155769655,1.7263960282113089,0.3900686835390745,0.2331496534161874,2.116464711750383,0.000755950060311888,319.85279008292974,23503.14672854214,317.0887115973588,884075.4998452488,2.086349862221599,0.33723768837829526,0.0,0.034786466696650635,0.0,0.0,0.01678671638148821,0.0,0.0,0.006037352724779723,0.0,0.0,0.0012504111137090247,0.0,0.0,6.534433879188436e-05,0.0,0.0,0.0005378470846200481,0.0,0.0,0.0,0.0,0.0,0.0,0.2331496534161874
SE3,FULL_ENVELOPE_SE3_ONLY,21,5.25,5.25,21600.0,21600.0,39.52254248593737,19357.593689104346,1093.1417745560777,0.9797569625580909,0.7634373037471879,0.6826789626589138,0.0,0.058183689750510324,0.058183689750510324,0.019334559975247807,0.0007983780278924212,1.6735413484402548,0.3869536912493152,0.2331496534161874,2.0604950396895703,0.0007914786679409952,336.3625610612935,24747.485610011074,333.4558097456648,928254.3676384151,2.1381694019912536,0.34610254099678,0.0,0.03393069835949622,0.0,0.0,0.01634843803952154,0.0,0.0,0.006126707810298592,0.0,0.0,0.0011951647815383452,0.0,0.0,6.324699068409064e-05,0.0,0.0,0.000519433768971534,0.0,0.0,0.0,0.0,0.0,0.0,0.2331496534161874
SE3,FULL_ENVELOPE_SE3_ONLY,22,5.5,5.5,21600.0,21600.0,40.219463130731185,18666.237619603,1077.2126773466991,0.9804501752453169,0.7837771116149006,0.7085421765182374,0.0,0.05677941655582268,0.05677941655582268,0.018823894358904678,0.0008286244875101952,1.6183201052356537,0.3834916463687909,0.2331496534161874,2.0018117516044445,0.0008214637461017792,353.58468878148113,25964.37846178202,350.529108647774,971254.1469149217,2.1943428563763985,0.35567852590682053,0.0,0.03293752444469443,0.0,0.0,0.015928321744415896,0.0,0.0,0.006198913946925545,0.0,0.0,0.0011502153476950503,0.0,0.0,6.12698655045855e-05,0.0,0.0,0.0005031712065871665,0.0,0.0,0.0,0.0,0.0,0.0,0.2331496534161874
SE3,FULL_ENVELOPE_SE3_ONLY,23,5.75,5.75,21600.0,21600.0,40.77254248593737,18156.72888812124,1059.5714536050807,0.9809671557624525,0.7988362482971733,0.7278710495576816,0.0,0.05530657813913858,0.05530657813913858,0.01827575669166171,0.0008512291792946183,1.564360702657836,0.3798086618982509,0.2331496534161874,1.9441693645560871,0.000843873094452687,371.3771800032722,27151.55037787957,368.1678421293931,1013048.4510399299,2.2538130931983757,0.3657890862583518,0.0,0.03184386023685589,0.0,0.0,0.015553208663160172,0.0,0.0,0.006242200436100917,0.0,0.0,0.0011178805295489248,0.0,0.0,5.95136240487672e-05,0.0,0.0,0.0004899146494239055,0.0,0.0,0.0,0.0,0.0,0.0,0.2331496534161874
SE3,FULL_ENVELOPE_SE3_ONLY,24,6.0,6.0,21600.0,21600.0,41.127641290737884,17846.641084395516,1047.5262857815721,0.9812832085301061,0.808017462949973,0.7397298852634182,0.0,0.054277041149551994,0.054277041149551994,0.01789604730410885,0.0008650978267580918,1.5335695438597965,0.37722765461747293,0.2331496534161874,1.9107971984772694,0.0008576218929379233,389.5636654541933,28312.71330388083,386.1971650520461,1053896.2056144548,2.315195650473067,0.37619252429089983,0.0,0.03110739270315036,0.0,0.0,0.015262156130398299,0.0,0.0,0.006269500194260182,0.0,0.0,0.001097731018937344,0.0,0.0,5.842611857306345e-05,0.0,0.0,0.0004818349842327499,0.0,0.0,0.0,0.0,0.0,0.0,0.2331496534161874
SE3,FULL_ENVELOPE_SE3_ONLY,25,6.25,6.25,21600.0,21600.0,41.25,17744.337822973805,1042.4789151127832,0.9813885555572354,0.8110949791979928,0.7437174703023954,0.0,0.05373391057684607,0.05373391057684607,0.017698401216250922,0.0008697612197343049,1.523842848747914,0.3758616229477203,0.2331496534161874,1.8997044716956344,0.0008622449861743967,407.9504459792755,29457.45923880225,404.4250521547663,1094281.525093394,2.376893754724178,0.38661038583098795,0.0,0.030747603960411832,0.0,0.0,0.015074895082254895,0.0,0.0,0.006283958904301291,0.0,0.0,0.001090344738548807,0.0,0.0,5.8050591734291735e-05,0.0,0.0,0.0004790572995949531,0.0,0.0,0.0,0.0,0.0,0.0,0.2331496534161874
SE3,FULL_ENVELOPE_SE3_ONLY,26,6.5,6.5,21600.0,21600.0,41.127641290737884,17846.641084395516,1044.4361600539305,0.9812862408232799,0.808017462949973,0.7397298852634182,0.0,0.053674046605066035,0.053674046605066035,0.017682164948068763,0.0008650978267580918,1.5335695438597965,0.37569887481368913,0.2331496534161874,1.9092684186734856,0.0008576218929379233,426.33725483524427,30595.816480532012,422.65296734354547,1134650.7053062478,2.4373744867261418,0.3967827916631621,0.0,0.03075672676984166,0.0,0.0,0.014999920699698417,0.0,0.0,0.006281928584185893,0.0,0.0,0.0010956690138719644,0.0,0.0,5.837151360184804e-05,0.0,0.0,0.00048143002386624983,0.0,0.0,0.0,0.0,0.0,0.0,0.2331496534161874
SE3,FULL_ENVELOPE_SE3_ONLY,27,6.75,6.75,21600.0,21600.0,40.772542485937365,18152.780403984012,1053.9384564962618,0.9809765549258873,0.7988362482971731,0.7278710495576813,0.0,0.05413420093202998,0.05413420093202998,0.017863341648399606,0.0008512291792946181,1.5636820394547986,0.3768338316346741,0.2331496534161874,1.9405158710894725,0.0008438730944526867,444.52385502614743,31738.175522385747,440.68240401462964,1175443.8108617049,2.4951927117111152,0.40646651426761404,0.0,0.031163873040007815,0.0,0.0,0.0150447121795538,0.0,0.0,0.006263629538950589,0.0,0.0,0.001113612802833772,0.0,0.0,5.938764776797712e-05,0.0,0.0,0.0004889857229160307,0.0,0.0,0.0,0.0,0.0,0.0,0.2331496534161874
SE3,FULL_ENVELOPE_SE3_ONLY,28,7.0,7.0,21600.0,21600.0,40.219463130731185,18657.898245724562,1072.0443956970726,0.9804634189179917,0.7837771116149006,0.7085421765182374,0.0,0.05518046762190507,0.05518046762190507,0.01827120894420789,0.0008286244875101952,1.6169014153993306,0.37944056331590115,0.2331496534161874,1.9963419787152317,0.0008214637461017792,462.316551176574,32896.00909064693,458.3213406539482,1217141.9721041396,2.548988259814788,0.41543153482641354,0.0,0.032026882033661885,0.0,0.0,0.01521371287871627,0.0,0.0,0.006233250206473624,0.0,0.0,0.001143745120922265,0.0,0.0,6.108953583085236e-05,0.0,0.0,0.0005017878463001739,0.0,0.0,0.0,0.0,0.0,0.0,0.2331496534161874
SE3,FULL_ENVELOPE_SE3_ONLY,29,7.25,7.25,21600.0,21600.0,39.522542485937365,19344.348932190373,1091.9587161996456,0.9797710984125311,0.7634373037471877,0.6826789626589136,0.0,0.05633147970847058,0.05633147970847058,0.018704954852021224,0.000798378027892421,1.671320717373674,0.3822719959672495,0.2331496534161874,2.0535927133409233,0.000791478667940995,479.53891930246203,34076.3884561123,475.3948778842389,1260011.3956625443,2.5977483642223422,0.4235135030460252,0.0,0.03290333281495753,0.0,0.0,0.015484911819380479,0.0,0.0,0.00617586148214838,0.0,0.0,0.0011866396158364166,0.0,0.0,6.303262513029126e-05,0.0,0.0,0.0005177013510174756,0.0,0.0,0.0,0.0,0.0,0.0,0.2331496534161874
SE3,FULL_ENVELOPE_SE3_ONLY,30,7.5,7.5,21600.0,21600.0,38.75,20178.62330801248,1111.3391459335885,0.9789350689970601,0.7390423888027,0.6520342542373311,0.0,0.05747052366453293,0.05747052366453293,0.01911622988690879,0.0007625397155769655,1.7233261088488585,0.3850316341401988,0.2331496534161874,2.108357742989057,0.000755950060311888,496.0489288357756,35280.068617530786,491.76221252596946,1304032.1537698356,2.6409477294778623,0.43063666558244285,0.0,0.033695448750613644,0.0,0.0,0.0158425854346042,0.0,0.0,0.006091215186161505,0.0,0.0,0.0012403878431131471,0.0,0.0,6.509499572401997e-05,0.0,0.0,0.0005357914543164215,0.0,0.0,0.0,0.0,0.0,0.0,0.2331496534161874
SE3,FULL_ENVELOPE_SE3_ONLY,31,7.75,7.75,21600.0,21600.0,37.97745751406263,21098.479172707503,1133.5495310259935,0.9780132815684106,0.7126370627291281,0.6193334023908916,0.0,0.058835002731841717,0.058835002731841717,0.01961019023596109,0.0007242967887612952,1.7845114303613716,0.388353810174654,0.2331496534161874,2.1728652405360256,0.0007180376181895326,511.7612953172777,36509.12292906106,507.3387971243819,1349273.746856421,2.678346349849001,0.4367652118774528,0.0,0.03463850907718728,0.0,0.0,0.01627372121178202,0.0,0.0,0.005999563392534305,0.0,0.0,0.0012999514601639561,0.0,0.0,6.735156292693007e-05,0.0,0.0,0.0005559060272472292,0.0,0.0,0.0,0.0,0.0,0.0,0.2331496534161874
SE3,FULL_ENVELOPE_SE3_ONLY,32,8.0,8.0,21600.0,21600.0,37.280536869268815,22008.38361973292,1157.994978118265,0.9770999017369549,0.6870515445807625,0.58812289446444,0.0,0.06034089102761286,0.06034089102761286,0.02015743007739612,0.0006877967863724843,1.8494982666957023,0.3920463806465305,0.2331496534161874,2.241544647342233,0.0006818530386278919,526.6698102744004,37767.32825115694,522.1184768587946,1395879.0313411853,2.7100686543299712,0.441921540386334,0.0,0.035678522730271195,0.0,0.0,0.016742188315703843,0.0,0.0,0.005915390748140051,0.0,0.0,0.0013591281621414038,0.0,0.0,6.958255877834666e-05,0.0,0.0,0.0005760785125780126,0.0,0.0,0.0,0.0,0.0,0.0,0.2331496534161874
SE3,FULL_ENVELOPE_SE3_ONLY,33,8.25,8.25,21600.0,21600.0,36.72745751406263,22793.691032846087,1182.5915012627015,0.976308865055522,0.6655438918795831,0.5622559937833744,0.0,0.0618288101374641,0.0618288101374641,0.020698420923032854,0.0006575460150977932,1.9099151312739686,0.39572333328449105,0.2331496534161874,2.3056384645584598,0.0006518636860703256,540.8611633762962,39056.01766794283,536.1871922504489,1443844.2972751453,2.736792170321719,0.44622742149833267,0.0,0.03670223856467847,0.0,0.0,0.01719991824041126,0.0,0.0,0.005850809349370954,0.0,0.0,0.0014105086138521438,0.0,0.0,7.152194037332902e-05,0.0,0.0,0.0005938134287779538,0.0,0.0,0.0,0.0,0.0,0.0,0.2331496534161874
SE3,FULL_ENVELOPE_SE3_ONLY,34,8.5,8.5,21600.0,21600.0,36.372358709262116,23337.16800630649,1204.1203980541964,0.9757574006205786,0.6511747745022454,0.5451657636924687,0.0,0.06307335991949307,0.06307335991949307,0.02114753760647157,0.000637559366991541,1.954742884847005,0.39882475625926456,0.2331496534161874,2.3535676411062694,0.0006320497569952716,554.513133139804,40372.62745024894,549.7211855038904,1492957.5814904508,2.7597410232874524,0.4499028456790869,0.0,0.0375449670336874,0.0,0.0,0.017589373762664187,0.0,0.0,0.005813122630353046,0.0,0.0,0.0014465864435300971,0.0,0.0,7.289342566878234e-05,0.0,0.0,0.0006064166235895709,0.0,0.0,0.0,0.0,0.0,0.0,0.2331496534161874
SE3,FULL_ENVELOPE_SE3_ONLY,35,8.75,8.75,21600.0,21600.0,36.25,23552.28241395327,1219.4440585049233,0.9755325748754478,0.6461225723909806,0.539193661275189,0.0,0.06386473099051297,0.06386473099051297,0.021425033857367607,0.0006305751246007855,1.9745581218379606,0.4008262649355264,0.2331496534161874,2.375384386773487,0.000625125870476745,567.8754314726208,41710.16882070476,562.9680105862473,1542786.3611112921,2.780558944168279,0.4532427044766115,0.0,0.03805188314963094,0.0,0.0,0.01785811647827965,0.0,0.0,0.005807713762458388,0.0,0.0,0.0014617369608265957,0.0,0.0,7.349395979938551e-05,0.0,0.0,0.0006117866795180175,0.0,0.0,0.0,0.0,0.0,0.0,0.2331496534161874
SE3,FULL_ENVELOPE_SE3_ONLY,36,9.0,9.0,21600.0,21600.0,36.372358709262116,23404.856688382344,1226.5893281778544,0.9756694326288042,0.6511747745022454,0.5451657636924687,0.0,0.06407996771373789,0.06407996771373789,0.02148622768062797,0.000637559366991541,1.9653007321823126,0.40141855956984457,0.2331496534161874,2.3667192917521573,0.0006320497569952716,581.2371240894123,43058.25712576237,576.2142351870076,1592751.4866811065,2.8010774794350857,0.4565727353231467,0.0,0.038136359168709555,0.0,0.0,0.017970792635225875,0.0,0.0,0.005836972938325546,0.0,0.0,0.0014535780567160044,0.0,0.0,7.32376142763326e-05,0.0,0.0,0.0006090273004845819,0.0,0.0,0.0,0.0,0.0,0.0,0.2331496534161874
SE3,FULL_ENVELOPE_SE3_ONLY,37,9.25,9.25,21600.0,21600.0,36.727457514062635,22922.46493475561,1225.4805016826886,0.9761412834263624,0.6655438918795834,0.5622559937833749,0.0,0.06372768319186044,0.06372768319186044,0.021338725491044624,0.0006575460150977937,1.9302035371252695,0.4006203877292672,0.2331496534161874,2.3308239248545366,0.0006518636860703261,594.8872980564644,44405.32047835289,589.7464481627648,1642262.457242164,2.8230410393346426,0.46019728433847207,0.0,0.03781579147374242,0.0,0.0,0.01791780225837582,0.0,0.0,0.005899597595960452,0.0,0.0,0.0014235761818932277,0.0,0.0,7.217676343670683e-05,0.0,0.0,0.0005987389184517989,0.0,0.0,0.0,0.0,0.0,0.0,0.2331496534161874
SE3,FULL_ENVELOPE_SE3_ONLY,38,9.5,9.5,21600.0,21600.0,37.28053686926882,22186.859311531534,1217.8096718037095,0.976867095963504,0.6870515445807628,0.5881228944644403,0.0,0.0629329714381549,0.0629329714381549,0.02103423676261696,0.0006877967863724848,1.8780535038820951,0.39874040578312486,0.2331496534161874,2.27679390966522,0.0006818530386278923,609.075731748851,45741.11169065912,603.8122693736317,1690855.3131727409,2.847855424307765,0.46435348608199956,0.0,0.03719631346921054,0.0,0.0,0.017716109967528156,0.0,0.0,0.005990568830307552,0.0,0.0,0.0013766814337293249,0.0,0.0,7.04881477916756e-05,0.0,0.0,0.0005828095895876538,0.0,0.0,0.0,0.0,0.0,0.0,0.2331496534161874
SE3,FULL_ENVELOPE_SE3_ONLY,39,9.75,9.75,21600.0,21600.0,37.977457514062635,21311.26481449824,1206.1713626886194,0.9777341890981472,0.7126370627291283,0.6193334023908919,0.0,0.06187558030452124,0.06187558030452124,0.02064224506370187,0.0007242967887612955,1.8192128226232915,0.39622160975854076,0.2331496534161874,2.2154344323818322,0.0007180376181895328,623.9803342024715,47058.44189999728,618.5880704153046,1738269.8084359206,2.876418879191036,0.46918373344540015,0.0,0.03641907940092968,0.0,0.0,0.01740214619075406,0.0,0.0,0.006102102772362918,0.0,0.0,0.0013200306990590962,0.0,0.0,6.842694528604794e-05,0.0,0.0,0.0005637942961294446,0.0,0.0,0.0,0.0,0.0,0.0,0.2331496534161874
SE3,FULL_ENVELOPE_SE3_ONLY,40,10.0,10.0,21600.0,21600.0,38.75,20412.435022722424,1193.0958572683023,0.9786261967358666,0.7390423888027,0.6520342542373311,0.0,0.06072801281812999,0.06072801281812999,0.02022622619714658,0.0007625397155769655,1.7622428169083382,0.3934849896163221,0.2331496534161874,2.15572780652466,0.000755950060311888,639.6879738139949,48353.66316117564,634.1599689920287,1784447.9915175335,2.909065471634473,0.4747302177994374,0.0,0.03561100957330357,0.0,0.0,0.017021669801401035,0.0,0.0,0.006223592474255676,0.0,0.0,0.0012612092277341504,0.0,0.0,6.626583255991022e-05,0.0,0.0,0.0005442659088756486,0.0,0.0,0.0,0.0,0.0,0.0,0.2331496534161874
SE3,FULL_ENVELOPE_SE3_ONLY,41,10.25,10.25,21600.0,21600.0,39.52254248593737,19586.992365177564,1180.4388653153928,0.9794467268032921,0.7634373037471879,0.6826789626589138,0.0,0.05961836720654715,0.05961836720654715,0.01983107088299424,0.0007983780278924212,1.7124922090147565,0.3908369704156375,0.2331496534161874,2.103329179430394,0.0007914786679409952,656.192642763164,49626.15198061894,650.5220092014515,1829481.297832077,2.945615497926418,0.48094787210451173,0.0,0.03485896060227567,0.0,0.0,0.016619970938307846,0.0,0.0,0.006342207351513099,0.0,0.0,0.0012066752450192867,0.0,0.0,6.42401821964596e-05,0.0,0.0,0.000526312887234791,0.0,0.0,0.0,0.0,0.0,0.0,0.2331496534161874
SE3,FULL_ENVELOPE_SE3_ONLY,42,10.5,10.5,21600.0,21600.0,40.219463130731185,18897.15613219503,1164.616247165329,0.980138125972555,0.7837771116149006,0.7085421765182374,0.0,0.05830421268380045,0.05830421268380045,0.01935032067854642,0.0008286244875101952,1.6581137870419258,0.38762420208579934,0.2331496534161874,2.045737989127725,0.0008214637461017792,673.4093029069004,50873.9753014583,667.5898877763782,1873385.5083661135,2.9855976093341137,0.48774875716335664,0.0,0.03391561402363857,0.0,0.0,0.016222227512718138,0.0,0.0,0.006432180967403011,0.0,0.0,0.001161793487777922,0.0,0.0,6.228592102883464e-05,0.0,0.0,0.0005101107712339804,0.0,0.0,0.0,0.0,0.0,0.0,0.2331496534161874
SE3,FULL_ENVELOPE_SE3_ONLY,43,10.75,10.75,21600.0,21600.0,40.77254248593737,18383.074597429862,1146.1970288682742,0.9806601892499484,0.7988362482971733,0.7278710495576816,0.0,0.05686672382823954,0.05686672382823954,0.018813199780364,0.0008512291792946183,1.6037666612599106,0.3840410949676911,0.2331496534161874,1.9878077562276018,0.000843873094452687,691.1961795270622,52093.43693166072,685.2230551761872,1916093.7814426527,3.028376191783302,0.4950209578876363,0.0,0.032836821840770275,0.0,0.0,0.015859427442833557,0.0,0.0,0.006484042143533637,0.0,0.0,0.001129199643925764,0.0,0.0,6.053029297177413e-05,0.0,0.0,0.0004967024642045306,0.0,0.0,0.0,0.0,0.0,0.0,0.2331496534161874
SE3,FULL_ENVELOPE_SE3_ONLY,44,11.0,11.0,21600.0,21600.0,41.127641290737884,18060.252407666718,1132.299973714202,0.9809904520081858,0.808017462949973,0.7397298852634182,0.0,0.055806909309427555,0.055806909309427555,0.01842263339066151,0.0008650978267580918,1.5709840629687837,0.3813802522918291,0.2331496534161874,1.9523643152606127,0.0008576218929379233,709.3771077096427,53286.97708693338,703.2468688548606,1957831.6200139425,3.0730287780162153,0.5025972847642156,0.0,0.03207421060058045,0.0,0.0,0.015568386803898406,0.0,0.0,0.006508259682509473,0.0,0.0,0.0011084137541055577,0.0,0.0,5.9399014567846487e-05,0.0,0.0,0.0004882394537658089,0.0,0.0,0.0,0.0,0.0,0.0,0.2331496534161874
SE3,FULL_ENVELOPE_SE3_ONLY,45,11.25,11.25,21600.0,21600.0,41.25,17934.331929876673,1124.0147690681529,0.9811221153360467,0.8110949791979928,0.7437174703023954,0.0,0.055151426265458346,0.055151426265458346,0.018186134696562693,0.0008697612197343049,1.5571592026169607,0.3797092522800409,0.2331496534161874,1.9368684548970017,0.0008622449861743967,727.7586502087763,54462.625442185396,721.4695631971897,1999039.6164731928,3.1184450056067643,0.5102785510463556,0.0,0.031637051967465274,0.0,0.0,0.015366152142027698,0.0,0.0,0.006504648042561822,0.0,0.0,0.0010998850417946848,0.0,0.0,5.892213860527078e-05,0.0,0.0,0.00048476693300359623,0.0,0.0,0.0,0.0,0.0,0.0,0.2331496534161874
SE3,FULL_ENVELOPE_SE3_ONLY,46,11.5,11.5,21600.0,21600.0,41.127641290737884,18006.625761439187,1121.6731961268988,0.9810534860285111,0.808017462949973,0.7397298852634182,0.0,0.05491892414695269,0.05491892414695269,0.01811027354717377,0.0008650978267580918,1.5615059540724963,0.37907506059270923,0.2331496534161874,1.9405810146652054,0.0008576218929379233,746.140781638325,55628.90325081983,739.6928413805617,2040124.0935186988,3.1635195954863056,0.5178728261387147,0.0,0.03153287478776066,0.0,0.0,0.015264359593648705,0.0,0.0,0.006472572428578132,0.0,0.0,0.0011037555923847399,0.0,0.0,5.9105020070706745e-05,0.0,0.0,0.0004862567245097489,0.0,0.0,0.0,0.0,0.0,0.0,0.2331496534161874
SE3,FULL_ENVELOPE_SE3_ONLY,47,11.75,11.75,21600.0,21600.0,40.772542485937365,18274.19787854166,1125.7602546429382,0.9807870100442209,0.7988362482971731,0.7278710495576813,0.0,0.05514151718419588,0.05514151718419588,0.018208960115696508,0.0008512291792946181,1.5846878505845623,0.37956111983615937,0.2331496534161874,1.9642489704207216,0.0008438730944526867,764.3234646497755,56794.87649693811,757.718394723364,2081491.5888743247,3.2071746670926258,0.5251949002766678,0.0,0.03178673024537428,0.0,0.0,0.01526937193200565,0.0,0.0,0.006412960908149655,0.0,0.0,0.0011198342717727097,0.0,0.0,5.994120939888142e-05,0.0,0.0,0.0004926786174947025,0.0,0.0,0.0,0.0,0.0,0.0,0.2331496534161874
SE3,FULL_ENVELOPE_SE3_ONLY,48,12.0,12.0,21600.0,21600.0,40.219463130731185,18734.240376190388,1137.5953222967823,0.9803243078358224,0.7837771116149006,0.7085421765182374,0.0,0.055901347578182665,0.055901347578182665,0.01851686866829192,0.0008286244875101952,1.6299362531821349,0.38138629700469034,0.2331496534161874,2.0113225501868253,0.0008214637461017792,782.1131733367831,57970.81866025077,775.3543697160882,2123592.7780988254,3.2483654612446045,0.5320649113012563,0.0,0.032466748748835844,0.0,0.0,0.015387618412495207,0.0,0.0,0.0063336385905381105,0.0,0.0,0.00114776255745081,0.0,0.0,6.143483409343188e-05,0.0,0.0,0.0005041444347692577,0.0,0.0,0.0,0.0,0.0,0.0,0.2331496534161874
SE3,FULL_ENVELOPE_SE3_ONLY,49,12.25,12.25,21600.0,21600.0,39.522542485937365,19369.252557131138,1150.5614111884324,0.9796892847497558,0.7634373037471877,0.6826789626589136,0.0,0.05672591688683599,0.05672591688683599,0.018836550892555586,0.000798378027892421,1.6754986138100263,0.38332981397559335,0.2331496534161874,2.0588284277856195,0.000791478667940995,799.3335911006081,59162.87106663452,792.4259734388,2166671.3918950367,3.286271522518745,0.5383468515574813,0.0,0.0331347486524528,0.0,0.0,0.01559831864100306,0.0,0.0,0.006223081275559953,0.0,0.0,0.001188104154126598,0.0,0.0,6.314999741871755e-05,0.0,0.0,0.000518514166274857,0.0,0.0,0.0,0.0,0.0,0.0,0.2331496534161874
SE3,FULL_ENVELOPE_SE3_ONLY,50,12.5,12.5,21600.0,21600.0,38.75,20147.855922564275,1162.619704560426,0.9789149881384208,0.7390423888027,0.6520342542373311,0.0,0.05751625687533841,0.05751625687533841,0.019126358000338236,0.0007625397155769655,1.7182728191188623,0.38514442687725436,0.2331496534161874,2.1034172459961167,0.000755950060311888,815.8427298225456,60371.14589430661,808.7924447944632,2210693.043132182,3.3204101914199557,0.5439673877859913,0.0,0.03370449901844501,0.0,0.0,0.015887993993223055,0.0,0.0,0.006084818618872799,0.0,0.0,0.0012390452983465135,0.0,0.0,6.497137787029536e-05,0.0,0.0,0.0005349285685807331,0.0,0.0,0.0,0.0,0.0,0.0,0.2331496534161874
SE3,FULL_ENVELOPE_SE3_ONLY,51,12.75,12.75,21600.0,21600.0,37.97745751406263,21010.1547491689,1177.4457733965617,0.9780567338849154,0.7126370627291281,0.6193334023908916,0.0,0.058527305251497415,0.058527305251497415,0.019497279461144632,0.0007242967887612952,1.7703156844481698,0.38751272604471165,0.2331496534161874,2.1578284104928813,0.0007180376181895326,831.5552708311953,61597.44864439654,824.3692024118085,2255724.132111526,3.3505010518903875,0.54888171811242,0.0,0.03442244304860246,0.0,0.0,0.016246433088227895,0.0,0.0,0.0059424701816915525,0.0,0.0,0.0012956601484323917,0.0,0.0,6.698313299239835e-05,0.0,0.0,0.000553315651550712,0.0,0.0,0.0,0.0,0.0,0.0,0.2331496534161874
SE3,FULL_ENVELOPE_SE3_ONLY,52,13.0,13.0,21600.0,21600.0,37.280536869268815,21863.49930751455,1194.7303729847301,0.9772055797478507,0.6870515445807625,0.58812289446444,0.0,0.05969119377432313,0.05969119377432313,0.01992557320906164,0.0006877967863724843,1.8266631076377005,0.390286325843604,0.2331496534161874,2.2169494334813047,0.0006818530386278919,846.4649106879098,62845.643444859335,839.1499973247446,2301914.586921295,3.376535895756829,0.5530889666988554,0.0,0.03524456166065831,0.0,0.0,0.01664096596208004,0.0,0.0,0.005812999227117942,0.0,0.0,0.001351891316985495,0.0,0.0,6.897854952832516e-05,0.0,0.0,0.0005717970579530135,0.0,0.0,0.0,0.0,0.0,0.0,0.2331496534161874
SE3,FULL_ENVELOPE_SE3_ONLY,53,13.25,13.25,21600.0,21600.0,36.72745751406263,22595.336866015594,1212.5362912077437,0.9764732984688094,0.6655438918795831,0.5622559937833744,0.0,0.06085685354098202,0.06085685354098202,0.020354619393879052,0.0006575460150977932,1.8791192086019857,0.3931008746575526,0.2331496534161874,2.2722200832595383,0.0006518636860703256,860.6582165111504,64117.404574259825,853.2206485628714,2349274.5049577095,3.3989341609496706,0.5566657154795142,0.0,0.03606246517790782,0.0,0.0,0.017026249134408065,0.0,0.0,0.005709048290669885,0.0,0.0,0.0014004511882026516,0.0,0.0,7.069962490493514e-05,0.0,0.0,0.0005879401248886567,0.0,0.0,0.0,0.0,0.0,0.0,0.2331496534161874
SE3,FULL_ENVELOPE_SE3_ONLY,54,13.5,13.5,21600.0,21600.0,36.372358709262116,23095.571244917894,1228.0797501398433,0.9759697850439173,0.6511747745022454,0.5451657636924687,0.0,0.06182620157923703,0.06182620157923703,0.02070873053674287,0.000637559366991541,1.9175656488847475,0.395467850410393,0.2331496534161874,2.3130334992951402,0.0006320497569952716,874.3128164009712,65410.873023771055,866.7572492138087,2397617.6058615725,3.4185494928678946,0.5597672980359696,0.0,0.03673001098109774,0.0,0.0,0.01735102302384895,0.0,0.0,0.005639810047442586,0.0,0.0,0.0014342080260772538,0.0,0.0,7.189592171104087e-05,0.0,0.0,0.0005992535790594599,0.0,0.0,0.0,0.0,0.0,0.0,0.2331496534161874
SE3,FULL_ENVELOPE_SE3_ONLY,55,13.75,13.75,21600.0,21600.0,36.25,23282.835434367076,1238.570391312058,0.9757768013867385,0.6461225723909806,0.539193661275189,0.0,0.06241001212297059,0.06241001212297059,0.020915422041949273,0.0006305751246007855,1.9331629295960404,0.39691618150637586,0.2331496534161874,2.330079111102416,0.000625125870476745,887.6782403708738,66720.25148779874,880.0071729223687,2446553.3557120254,3.436582204340646,0.5626118384539697,0.0,0.03710614245502344,0.0,0.0,0.01756821892888785,0.0,0.0,0.00561164660676562,0.0,0.0,0.0014478373823454112,0.0,0.0,7.238168285419192e-05,0.0,0.0,0.0006037850670940843,0.0,0.0,0.0,0.0,0.0,0.0,0.2331496534161874
SE3,FULL_ENVELOPE_SE3_ONLY,56,14.0,14.0,21600.0,21600.0,36.372358709262116,23126.149974365264,1242.2954192624607,0.9759260680435194,0.6511747745022454,0.5451657636924687,0.0,0.06250062833317238,0.06250062833317238,0.020935157196132058,0.000637559366991541,1.9222280677234653,0.39717603632471854,0.2331496534161874,2.319404104048184,0.0006320497569952716,901.043363321199,68036.7092200024,893.2567982126784,2495555.1596623803,3.4544112740774513,0.5654480924798938,0.0,0.03711445616944212,0.0,0.0,0.01764673255252141,0.0,0.0,0.005627480290620424,0.0,0.0,0.0014391472608765144,0.0,0.0,7.208161022871373e-05,0.0,0.0,0.0006007304494831929,0.0,0.0,0.0,0.0,0.0,0.0,0.2331496534161874
SE3,FULL_ENVELOPE_SE3_ONLY,57,14.25,14.25,21600.0,21600.0,36.72745751406263,22653.154769028428,1239.3127427539555,0.9763906978342043,0.6655438918795831,0.5622559937833744,0.0,0.06211361652498244,0.06211361652498244,0.020777488164771846,0.0006575460150977932,1.8880397054064577,0.3962843491351108,0.2331496534161874,2.2843240545415684,0.0006518636860703256,914.6970756032864,69350.45523830979,906.7925189263406,2544089.9242621195,3.4733826649145,0.5685147011552634,0.0,0.036776650479837636,0.0,0.0,0.017579218032820577,0.0,0.0,0.005686387672238374,0.0,0.0,0.0014096153259731718,0.0,0.0,7.104945256425601e-05,0.0,0.0,0.0005906955615484302,0.0,0.0,0.0,0.0,0.0,0.0,0.2331496534161874
SE3,FULL_ENVELOPE_SE3_ONLY,58,14.5,14.5,21600.0,21600.0,37.280536869268815,21942.795362112345,1231.309997409263,0.9770923519480538,0.6870515445807625,0.58812289446444,0.0,0.061372225780201684,0.061372225780201684,0.02049295660765806,0.0006877967863724843,1.8391230665692286,0.394545575838688,0.2331496534161874,2.233668642407917,0.0006818530386278919,928.8889537590295,70653.08092831932,920.8617548344736,2591749.171955863,3.4946062235787037,0.5720025330595768,0.0,0.03619700187674722,0.0,0.0,0.017382600870311328,0.0,0.0,0.005783641113542441,0.0,0.0,0.0013640353306880444,0.0,0.0,6.945430522426615e-05,0.0,0.0,0.0005754922836883813,0.0,0.0,0.0,0.0,0.0,0.0,0.2331496534161874
SE3,FULL_ENVELOPE_SE3_ONLY,59,14.75,14.75,21600.0,21600.0,37.97745751406263,21104.03158095998,1220.7678794133649,0.9779225547447388,0.7126370627291281,0.6193334023908916,0.0,0.06044780189996191,0.06044780189996191,0.02014784938636446,0.0007242967887612952,1.7854078647104599,0.39238162729120674,0.2331496534161874,2.1777894920016667,0.0007180376181895326,943.7967029327824,71939.14062230078,935.6406754032023,2638321.0400746358,3.518810126356269,0.5760302267894226,0.0,0.0355104781118696,0.0,0.0,0.017091387227789828,0.0,0.0,0.005911541528192973,0.0,0.0,0.0013093025315478396,0.0,0.0,6.753780924210647e-05,0.0,0.0,0.0005575546913195676,0.0,0.0,0.0,0.0,0.0,0.0,0.2331496534161874
SE3,FULL_ENVELOPE_SE3_ONLY,60,15.0,15.0,21600.0,21600.0,38.75,20249.348217382572,1210.0424158353678,0.978769223860511,0.7390423888027,0.6520342542373311,0.0,0.05950120205784165,0.05950120205784165,0.019801697590492114,0.0007625397155769655,1.7350012989079209,0.39018376266800625,0.2331496534161874,2.125185061575927,0.000755950060311888,959.5069939064614,73206.53373587284,951.2152024297505,2683786.6122021615,3.546281632937458,0.5806371130675796,0.0,0.034836023400645025,0.0,0.0,0.01674828791585468,0.0,0.0,0.006059240647196939,0.0,0.0,0.0012527617447704194,0.0,0.0,6.555720836072194e-05,0.0,0.0,0.0005393311410138567,0.0,0.0,0.0,0.0,0.0,0.0,0.2331496534161874
SE3,FULL_ENVELOPE_SE3_ONLY,61,15.25,15.25,21600.0,21600.0,39.52254248593737,19478.03873529332,1201.2885625763406,0.9795330237132113,0.7634373037471879,0.6826789626589138,0.0,0.05867823110379084,0.05867823110379084,0.0195060699078986,0.0007983780278924212,1.6938760409372262,0.38830720072163516,0.2331496534161874,2.0821832416588615,0.0007914786679409952,976.0135848389633,74456.25800923137,967.579148013263,2728278.648385143,3.5768873240321875,0.5857902492033891,0.0,0.03427295521006367,0.0,0.0,0.016400213378039263,0.0,0.0,0.0062173496231969425,0.0,0.0,0.0012009698424987972,0.0,0.0,6.375919587346028e-05,0.0,0.0,0.000522983854118713,0.0,0.0,0.0,0.0,0.0,0.0,0.2331496534161874
SE3,FULL_ENVELOPE_SE3_ONLY,62,15.5,15.5,21600.0,21600.0,40.219463130731185,18844.63804239583,1190.4136088447178,0.9801643163268501,0.7837771116149006,0.7085421765182374,0.0,0.05770290460826264,0.05770290460826264,0.019142671936146688,0.0008286244875101952,1.6489760794934647,0.38600959555901726,0.2331496534161874,2.034985675052482,0.0008214637461017792,993.2312234575768,75687.84241562581,984.6479966073601,2771847.874352281,3.6102502027803838,0.5914204070904328,0.0,0.03355089278799692,0.0,0.0,0.016065898654738876,0.0,0.0,0.006356657909470133,0.0,0.0,0.0011589358685429622,0.0,0.0,6.204601776664694e-05,0.0,0.0,0.000508473369747107,0.0,0.0,0.0,0.0,0.0,0.0,0.2331496534161874
SE3,FULL_ENVELOPE_SE3_ONLY,63,15.75,15.75,21600.0,21600.0,40.77254248593737,18381.019051512318,1177.104518609263,0.980631895705422,0.7988362482971733,0.7278710495576816,0.0,0.05660442315622134,0.05660442315622134,0.018722433767711728,0.0008512291792946183,1.6034043055969422,0.38334490522567033,0.2331496534161874,1.9867492108226126,0.000843873094452687,1011.0180743486633,76898.15986859443,1002.2811385004375,2814431.086220769,3.6458680432130244,0.5974399337464803,0.0,0.032690446883913565,0.0,0.0,0.015767903435508136,0.0,0.0,0.00646008885490067,0.0,0.0,0.0011288887700506543,0.0,0.0,6.0512520123968125e-05,0.0,0.0,0.0004965826917243378,0.0,0.0,0.0,0.0,0.0,0.0,0.2331496534161874
SE3,FULL_ENVELOPE_SE3_ONLY,64,16.0,16.0,21600.0,21600.0,41.127641290737884,18106.1493230218,1168.4540206377992,0.9809099640997127,0.808017462949973,0.7397298852634182,0.0,0.05588638305647228,0.05588638305647228,0.018450298424776225,0.0008650978267580918,1.579142193357801,0.3816108751604284,0.2331496534161874,1.9607530685182293,0.0008576218929379233,1029.1979904178256,78089.69808664634,1020.3039488120942,2856244.2783838166,3.683002873339302,0.6037148988261936,0.0,0.03214674754517556,0.0,0.0,0.015543090274720096,0.0,0.0,0.006536906763267227,0.0,0.0,0.0011104928871973321,0.0,0.0,5.9598193063846805e-05,0.0,0.0,0.0004895473930482202,0.0,0.0,0.0,0.0,0.0,0.0,0.2331496534161874
SE3,FULL_ENVELOPE_SE3_ONLY,65,16.25,16.25,21600.0,21600.0,41.25,18024.72154916328,1165.3119140493943,0.9809929230459704,0.8110949791979928,0.7437174703023954,0.0,0.055561323539065705,0.055561323539065705,0.018328898040933846,0.0008697612197343049,1.5732652087589987,0.3808360635597886,0.2331496534161874,1.9541012723187872,0.0008622449861743967,1047.5775673562873,79270.4056586387,1038.5246945795777,2897719.321187788,3.7207513638259644,0.6100826433000274,0.0,0.03192013077539893,0.0,0.0,0.01540612865247203,0.0,0.0,0.006584162120183002,0.0,0.0,0.0011041789909474087,0.0,0.0,5.932466792632859e-05,0.0,0.0,0.00048739833213800763,0.0,0.0,0.0,0.0,0.0,0.0,0.2331496534161874
SE3,FULL_ENVELOPE_SE3_ONLY,66,16.5,16.5,21600.0,21600.0,41.127641290737884,18137.16836447487,1167.7320502351984,0.9808802458510264,0.808017462949973,0.7397298852634182,0.0,0.05563299284801012,0.05563299284801012,0.01835949275282112,0.0008650978267580918,1.5846802218916698,0.3810258686262705,0.2331496534161874,1.9657060905179402,0.0008576218929379233,1065.9568666354717,80448.41100264071,1056.7451650872379,2939246.204545686,3.758208723866312,0.6163853193709533,0.0,0.03200887091433019,0.0,0.0,0.015366348056141564,0.0,0.0,0.006597931831786634,0.0,0.0,0.0011100634656940477,0.0,0.0,5.9688713019190404e-05,0.0,0.0,0.000490089867038495,0.0,0.0,0.0,0.0,0.0,0.0,0.2331496534161874
SE3,FULL_ENVELOPE_SE3_ONLY,67,16.75,16.75,21600.0,21600.0,40.77254248593737,18442.252824793046,1176.1654563029524,0.9805727705711825,0.7988362482971733,0.7278710495576816,0.0,0.05613352089900622,0.05613352089900622,0.018555914382438705,0.0008512291792946183,1.6142348356744727,0.3822625202494558,0.2331496534161874,1.9964973559239285,0.000843873094452687,1084.13596149173,81632.22390541073,1074.7671612826832,2981213.2032900904,3.7944858393413208,0.6224692045501643,0.0,0.032438957566293135,0.0,0.0,0.015430103995264203,0.0,0.0,0.0065780797448201506,0.0,0.0,0.0011280457516356394,0.0,0.0,6.068724939889773e-05,0.0,0.0,0.0004976465915941943,0.0,0.0,0.0,0.0,0.0,0.0,0.2331496534161874
SE3,FULL_ENVELOPE_SE3_ONLY,68,17.0,17.0,21600.0,21600.0,40.219463130731185,18934.482174371384,1191.6142134121317,0.9800750815871396,0.7837771116149006,0.7085421765182374,0.0,0.057126752104737104,0.057126752104737104,0.018946250301180093,0.0008286244875101952,1.6646401452485204,0.3847149147083432,0.2331496534161874,2.0493550599568637,0.0008214637461017792,1101.921470254613,82831.36419547963,1092.3989726458542,3024048.517220396,3.82871674843373,0.6281840507805774,0.0,0.033266632342895695,0.0,0.0,0.015600742494186482,0.0,0.0,0.006529299813330539,0.0,0.0,0.00115765790183938,0.0,0.0,6.23100252594615e-05,0.0,0.0,0.0005101095272255408,0.0,0.0,0.0,0.0,0.0,0.0,0.2331496534161874
SE3,FULL_ENVELOPE_SE3_ONLY,69,17.25,17.25,21600.0,21600.0,39.52254248593737,19592.946662360057,1207.089954261839,0.9794147920851967,0.7634373037471879,0.6826789626589138,0.0,0.05811876377213139,0.05811876377213139,0.019324040659065494,0.0007983780278924212,1.71351575532494,0.38710489126387465,0.2331496534161874,2.1006206465888146,0.0007914786679409952,1119.1372908484823,84050.80173367231,1109.4660189260692,3067960.2454436985,3.8602233815302167,0.6334161630645377,0.0,0.03403847590934704,0.0,0.0,0.015854285989935768,0.0,0.0,0.006437395068802478,0.0,0.0,0.001199281000218935,0.0,0.0,6.411733308922036e-05,0.0,0.0,0.0005252084707379566,0.0,0.0,0.0,0.0,0.0,0.0,0.2331496534161874
SE3,FULL_ENVELOPE_SE3_ONLY,70,17.5,17.5,21600.0,21600.0,38.75,20384.120163644384,1220.328462413284,0.9786272558584901,0.7390423888027,0.6520342542373311,0.0,0.05899867047053363,0.05899867047053363,0.019643591768348227,0.0007625397155769655,1.757480748362006,0.38915370408211036,0.2331496534161874,2.1466344524441165,0.000755950060311888,1135.6416931634262,85289.1306399868,1125.8277948054454,3112868.091751136,3.888610859961583,0.6381042064863598,0.0,0.03466039690858864,0.0,0.0,0.0161745163059024,0.0,0.0,0.006304781872165631,0.0,0.0,0.0012509784045705943,0.0,0.0,6.598777487626097e-05,0.0,0.0,0.0005420092044300984,0.0,0.0,0.0,0.0,0.0,0.0,0.2331496534161874
SE3,FULL_ENVELOPE_SE3_ONLY,71,17.75,17.75,21600.0,21600.0,37.977457514062635,21247.43252625488,1234.9928952092914,0.9777684209102407,0.7126370627291283,0.6193334023908919,0.0,0.060022193712357175,0.060022193712357175,0.02001725325906238,0.0007242967887612955,1.8087273336238752,0.3915467788418389,0.2331496534161874,2.200274112465714,0.0007180376181895328,1151.3496092723876,86546.52617550065,1141.3999674901938,3158790.917853989,3.9136537279872394,0.6422105201188549,0.0,0.03538092239975204,0.0,0.0,0.016549245550112526,0.0,0.0,0.006155816372845115,0.0,0.0,0.0013077798133386141,0.0,0.0,6.799678468551056e-05,0.0,0.0,0.0005604327916233683,0.0,0.0,0.0,0.0,0.0,0.0,0.2331496534161874
SE3,FULL_ENVELOPE_SE3_ONLY,72,18.0,18.0,21600.0,21600.0,37.280536869268815,22088.400921093573,1250.7610381503341,0.9769310897158906,0.6870515445807625,0.58812289446444,0.0,0.0611202539579959,0.0611202539579959,0.02042098424142105,0.0006877967863724843,1.862241705223231,0.39413424562318644,0.2331496534161874,2.2563759508464174,0.0006818530386278919,1166.2549548598472,87825.2254596815,1156.1765052437509,3205832.2873526206,3.9353545464245205,0.6457341285944905,0.0,0.03615561191574197,0.0,0.0,0.01694378972555481,0.0,0.0,0.006008854612682482,0.0,0.0,0.0013635160204037457,0.0,0.0,6.993194821752123e-05,0.0,0.0,0.0005785497353953691,0.0,0.0,0.0,0.0,0.0,0.0,0.2331496534161874
SE3,FULL_ENVELOPE_SE3_ONLY,73,18.25,18.25,21600.0,21600.0,36.727457514062635,22793.21544681554,1265.721900264958,0.9762281717637686,0.6655438918795834,0.5622559937833749,0.0,0.06214299753099578,0.06214299753099578,0.02079871527343105,0.0006575460150977937,1.9098406384798765,0.39655680578438035,0.2331496534161874,2.306397444264257,0.0006518636860703261,1180.4444809482281,89125.28648832292,1170.243409410431,3253955.9423025344,3.954076765567464,0.6487395417981653,0.0,0.036876979457839944,0.0,0.0,0.017311509282734894,0.0,0.0,0.005878274574523253,0.0,0.0,0.0014108086196530467,0.0,0.0,7.153312422574752e-05,0.0,0.0,0.0005938924720189018,0.0,0.0,0.0,0.0,0.0,0.0,0.2331496534161874
SE3,FULL_ENVELOPE_SE3_ONLY,74,18.5,18.5,21600.0,21600.0,36.372358709262116,23252.08850146862,1277.1842679384172,0.9757691250357458,0.6511747745022454,0.5451657636924687,0.0,0.0628977475421788,0.0628977475421788,0.021076859707750473,0.000637559366991541,1.9415613285934357,0.3983416814356975,0.2331496534161874,2.339903010029133,0.0006320497569952716,1194.0959583986853,90443.31227782131,1183.7769146052538,3302931.5152524393,3.9705530131182187,0.6513584954731797,0.0,0.037402416077112095,0.0,0.0,0.017601195938058808,0.0,0.0,0.005775082575593952,0.0,0.0,0.001442518510375321,0.0,0.0,7.255382177994523e-05,0.0,0.0,0.0006039806192586843,0.0,0.0,0.0,0.0,0.0,0.0,0.2331496534161874
SE3,FULL_ENVELOPE_SE3_ONLY,75,18.75,18.75,21600.0,21600.0,36.25,23387.393726000173,1282.6206756062586,0.9756318033601035,0.6461225723909806,0.539193661275189,0.0,0.06321151632275385,0.06321151632275385,0.02118897687052733,0.0006305751246007855,1.9491118776450234,0.39906153446882675,0.2331496534161874,2.3481734121138502,0.000625125870476745,1207.4590132285698,91772.19661191101,1197.024489647242,3352332.4192054565,3.9858122194688654,0.653776788021635,0.0,0.03760177708035909,0.0,0.0,0.017768494039181005,0.0,0.0,0.005707949804145225,0.0,0.0,0.00145350085613779,0.0,0.0,7.282393571758289e-05,0.0,0.0,0.0006069706072131417,0.0,0.0,0.0,0.0,0.0,0.0,0.2331496534161874
SE3,FULL_ENVELOPE_SE3_ONLY,76,19.0,19.0,21600.0,21600.0,36.372358709262116,23171.426722810756,1280.4979602521435,0.975844601829236,0.6511747745022454,0.5451657636924687,0.0,0.06298752653447297,0.06298752653447297,0.021099505318447176,0.000637559366991541,1.9291543026198794,0.3984750452388573,0.2331496534161874,2.327629347858737,0.0006320497569952716,1220.8225877645705,93102.07840878585,1210.2725799041914,3401605.876909622,4.00103976680058,0.6562075115085525,0.0,0.03740577411278394,0.0,0.0,0.017784895888083296,0.0,0.0,0.005680673049900772,0.0,0.0,0.0014417503180463138,0.0,0.0,7.227951713020257e-05,0.0,0.0,0.0006021536485284458,0.0,0.0,0.0,0.0,0.0,0.0,0.2331496534161874
SE3,FULL_ENVELOPE_SE3_ONLY,77,19.25,19.25,21600.0,21600.0,36.72745751406263,22637.880356924787,1271.1969710551487,0.9763744802988618,0.6655438918795831,0.5622559937833744,0.0,0.06226191504018651,0.06226191504018651,0.020825296773543837,0.0006575460150977932,1.8856786130020715,0.3966726862252534,0.2331496534161874,2.282351299227325,0.0006518636860703256,1234.4756239307615,94422.45382184882,1223.807630344762,3450204.0851659672,4.017398170491849,0.6588563927018207,0.0,0.03685004614960988,0.0,0.0,0.017647888115188106,0.0,0.0,0.005693602329597434,0.0,0.0,0.0014090751906489318,0.0,0.0,7.099521028967716e-05,0.0,0.0,0.000590308044852484,0.0,0.0,0.0,0.0,0.0,0.0,0.2331496534161874
SE3,FULL_ENVELOPE_SE3_ONLY,78,19.5,19.5,21600.0,21600.0,37.280536869268815,21871.205905770003,1256.7583754098873,0.9771374370829425,0.6870515445807625,0.58812289446444,0.0,0.06117935096362201,0.06117935096362201,0.020424075268224727,0.0006877967863724843,1.8278700659576121,0.3940149647531782,0.2331496534161874,2.2218850307107902,0.0006818530386278919,1248.6677218193643,95724.62687659069,1237.8770840868847,3497718.8645328446,4.035850257623677,0.6618888628351505,0.0,0.03605290016671887,0.0,0.0,0.017379730254279982,0.0,0.0,0.005743575418886192,0.0,0.0,0.0013605769202833663,0.0,0.0,6.916044433002231e-05,0.0,0.0,0.0005734077591235832,0.0,0.0,0.0,0.0,0.0,0.0,0.2331496534161874
SE3,FULL_ENVELOPE_SE3_ONLY,79,19.75,19.75,21600.0,21600.0,37.97745751406263,20988.63636865929,1240.3286600068086,0.9780162778879068,0.7126370627291281,0.6193334023908916,0.0,0.0599509537607836,0.0599509537607836,0.019975447898829598,0.0007242967887612952,1.7668754165215566,0.3910298977773745,0.2331496534161874,2.1579053142989313,0.0007180376181895326,1263.5765390351683,97003.49421943487,1252.6570634679435,3543959.6430664547,4.057026686656699,0.6654076779927124,0.0,0.03517520444311,0.0,0.0,0.017023441356483655,0.0,0.0,0.005827549280931158,0.0,0.0,0.0013035743236934018,0.0,0.0,6.705135543816915e-05,0.0,0.0,0.000554133001127213,0.0,0.0,0.0,0.0,0.0,0.0,0.2331496534161874
SE3,FULL_ENVELOPE_SE3_ONLY,80,20.0,20.0,10800.0,21600.0,38.75,20099.318159033133,1224.2512820328016,0.978902170491618,0.7390423888027,0.6520342542373311,0.0,0.058733438274495266,0.058733438274495266,0.019536670195699032,0.0007625397155769655,1.7103324714497412,0.38809859470177804,0.2331496534161874,2.098431066151519,0.000755950060311888,1279.2886580217926,98257.66904712601,1268.2334027102597,3588937.5957535803,4.081175970468982,0.669447052864328,0.0,0.03433114887719455,0.0,0.0,0.016622346868441277,0.0,0.0,0.005934908596877364,0.0,0.0,0.0012452703055028025,0.0,0.0,6.491495641527124e-05,0.0,0.0,0.0005348486700639979,0.0,0.0,0.0,0.0,0.0,0.0,0.2331496534161874
